Date,Employee_ID,Store_ID,Sales_Amount,Target_Amount
2023-06-28,9,4,3455.23,4412.62
2020-08-02,216,1,709.22,4620.04
2020-04-28,67,85,1726.79,3261.64
2021-07-01,268,32,1436.3,1250.71
2020-12-23,32,88,4781.64,4082.88
2022-12-13,380,18,2251.03,1170.87
2019-01-02,393,4,556.74,4112.8
2019-08-17,143,3,4742.71,4592.06
2023-08-23,270,58,3560.48,4495.8
2020-05-05,132,96,3735.62,1176.47
2022-02-04,345,8,2218.75,2468.06
2020-11-07,99,22,1862.77,5979.47
2019-05-21,159,64,1285.31,1929.47
2020-06-19,92,12,522.9,4167.96
2019-05-23,311,8,4325.81,1849.51
2022-05-22,206,32,4009.84,5934.76
2022-07-03,106,34,643.6,2359.74
2023-03-30,119,35,4252.02,5313.63
2019-07-12,390,7,2961.56,1733.42
2019-12-14,380,87,2444.18,2957.81
2021-03-13,133,85,3335.35,2842.92
2021-05-23,336,64,2692.98,2828.88
2019-04-21,346,75,1599.03,5672.78
2022-10-23,342,54,2961.22,2555.43
2022-04-14,100,50,2110.84,5016.65
2020-11-17,107,74,1533.5,3167.47
2022-11-09,352,48,4950.96,4288.23
2019-11-11,365,52,3988.31,5681.84
2019-12-29,1,26,3891.18,5163.24
2020-03-21,124,3,1534.35,1605.58
2023-12-25,194,22,4560.55,4737.39
2019-01-15,77,94,1858.74,2024.84
2021-07-10,238,32,4636.97,3131.6
2021-10-01,357,35,994.58,4468.47
2023-09-09,53,95,4634.56,1188.48
2022-06-05,385,11,1760.8,4979.78
2023-01-02,139,41,1491.29,3064.18
2022-07-03,298,82,4268.38,5560.83
2021-04-25,195,95,3835.27,5430.39
2022-03-18,116,82,2028.45,2141.63
2023-03-21,185,41,1079.9,3211.51
2021-01-23,60,90,1783.45,1722.76
2023-08-10,216,1,1407.96,2597.54
2020-01-02,145,96,1624.02,4447.84
2021-11-25,235,35,2633.18,5369.47
2020-06-15,397,38,3972.76,3639.34
2021-05-11,115,41,1210.24,2975.99
2020-08-31,151,9,3273.99,5012.88
2021-06-17,256,87,1847.57,3071.05
2019-01-01,120,78,881.0,4832.18
2020-05-23,267,100,2676.82,5209.17
2022-03-31,29,88,1004.45,2424.25
2022-08-15,175,14,1572.12,4861.35
2019-02-14,72,4,4970.2,2707.64
2022-06-10,284,90,4401.59,2767.45
2019-03-19,262,23,4839.19,4046.17
2023-01-19,175,98,4709.23,1971.4
2019-12-04,319,41,4199.02,2870.82
2020-01-30,41,20,1282.1,1526.37
2019-07-11,321,38,3228.6,4558.16
2022-10-01,165,31,3662.89,5705.56
2021-06-24,103,24,1756.51,3283.66
2020-12-12,237,40,4585.85,5872.82
2021-01-26,210,55,1464.23,3250.41
2022-03-08,173,87,2172.52,5253.65
2020-09-19,27,22,2868.24,1060.26
2020-01-21,278,37,3325.84,5801.45
2022-06-22,377,95,1693.9,3663.01
2023-05-02,143,26,4964.64,3560.68
2019-11-12,204,73,1680.34,4122.18
2021-06-02,95,84,1601.42,2445.38
2021-09-11,289,73,609.78,4444.67
2019-12-21,389,84,1633.98,2057.35
2021-02-07,66,10,800.01,3151.88
2022-06-16,243,7,3892.69,5126.14
2022-09-23,132,81,2008.17,4229.49
2022-08-04,60,3,4336.49,3168.27
2019-09-19,271,2,4168.3,2968.23
2019-03-21,326,13,1329.47,3092.91
2021-10-15,68,86,1246.09,4924.05
2019-03-10,223,55,4976.63,2465.9
2022-08-15,336,75,2711.43,2520.52
2020-07-29,106,44,4841.87,1010.3
2022-04-14,158,70,605.49,2463.01
2019-02-15,179,63,1203.56,1787.04
2022-05-23,161,95,4262.27,2361.57
2022-03-31,213,83,3799.06,5268.69
2022-04-28,336,24,4256.49,4206.65
2023-08-18,226,85,3222.37,5895.55
2023-09-17,44,87,4681.88,5905.71
2022-10-27,257,81,3540.41,5254.96
2019-05-09,213,53,3408.08,5794.59
2022-08-21,206,55,3114.73,5433.15
2019-01-13,94,66,1460.74,5634.77
2023-05-23,127,55,2032.11,4920.41
2021-09-25,358,59,3681.14,3007.87
2019-08-31,261,55,3298.62,4930.21
2021-03-29,200,51,2229.82,3666.45
2022-12-31,208,97,3570.25,4669.27
2022-12-13,84,52,4352.68,1491.24
2021-10-14,74,14,3144.92,3587.41
2021-01-20,394,74,2374.16,5324.24
2022-10-18,199,49,2636.59,4807.29
2020-11-06,382,32,1430.82,1647.15
2021-10-26,6,51,3974.2,1767.92
2021-03-10,207,20,570.31,3272.34
2022-04-28,395,2,2972.8,1947.0
2019-01-11,148,70,3566.36,2398.63
2019-09-22,242,71,2466.51,5478.55
2023-07-08,32,4,4379.39,2797.05
2023-07-22,239,17,2475.61,4393.5
2022-06-26,189,34,2331.22,4788.14
2020-01-25,254,91,1029.62,2952.72
2020-10-01,390,94,2432.29,3516.33
2020-08-17,131,24,3432.47,2854.63
2023-01-04,271,47,623.13,4815.1
2020-11-13,8,82,2775.37,1292.94
2020-12-20,208,24,4783.26,4800.0
2022-10-28,385,84,4904.93,4304.86
2023-07-12,196,22,881.79,3764.57
2022-08-23,191,6,3399.05,2975.31
2023-11-09,116,37,1728.5,4999.91
2019-01-08,362,64,994.83,3037.12
2020-06-11,71,93,3273.66,1431.67
2023-08-22,322,77,1343.14,1434.95
2022-12-09,151,83,4610.24,5804.61
2019-03-26,95,29,2565.49,3096.61
2020-08-13,377,75,2790.12,4271.96
2023-08-17,197,62,687.26,2759.38
2022-07-05,226,94,1644.8,5457.93
2019-02-21,118,71,3399.89,1971.49
2022-09-13,181,28,2510.9,4771.44
2020-03-22,129,98,3473.99,3503.88
2022-06-23,121,97,829.45,5886.83
2023-01-17,239,86,4192.94,1954.26
2020-01-29,22,10,1720.47,2413.05
2021-07-17,361,93,4001.8,5858.4
2019-10-24,284,12,956.79,4726.24
2022-04-29,291,27,1122.38,3571.29
2019-06-02,394,62,1988.56,2690.19
2022-08-14,140,33,4525.2,2080.8
2020-12-02,235,40,3100.25,3794.03
2019-01-23,354,86,3717.43,2422.75
2023-08-15,4,7,1601.34,5527.1
2021-09-11,238,7,1444.98,5874.48
2019-02-07,380,36,3745.75,2564.44
2021-08-06,17,75,2481.15,3336.21
2019-03-15,258,73,3386.13,1678.14
2023-09-11,228,80,4983.42,5535.48
2019-07-31,391,51,3026.04,4625.18
2019-11-10,236,80,4625.13,1254.95
2022-05-29,365,68,1970.2,5719.15
2022-04-24,169,17,584.39,4689.73
2023-11-01,236,64,2594.79,4140.33
2021-05-31,159,34,2929.06,1462.21
2021-05-13,226,11,3633.0,1574.06
2023-06-25,251,11,3272.77,4852.87
2019-11-27,366,53,3782.16,1430.9
2023-04-02,99,10,1423.95,3040.2
2022-10-17,22,46,1796.76,5140.53
2023-04-11,396,85,3354.16,1907.33
2019-11-18,294,3,1593.85,1679.2
2019-12-19,194,38,1271.97,1348.57
2019-07-05,76,53,1194.36,3454.44
2023-09-23,109,3,2804.77,1965.21
2023-07-22,269,13,3487.27,1382.56
2020-01-06,188,61,3653.7,5126.29
2019-12-26,365,80,3047.54,3465.31
2019-10-08,46,87,697.99,4920.15
2021-11-26,78,35,2004.82,1666.35
2022-10-31,356,25,3948.75,3543.48
2022-06-26,145,56,4442.71,4806.1
2021-08-26,65,35,4121.37,2171.85
2023-04-03,361,52,3800.36,4898.57
2021-06-23,229,1,3168.56,5218.61
2023-03-08,345,58,4084.44,5784.75
2019-03-19,144,53,605.03,3274.41
2022-04-15,117,98,4435.99,1406.65
2023-05-06,222,1,1782.35,3671.01
2022-11-15,113,52,2029.88,1443.48
2021-02-04,358,42,758.64,4754.57
2022-04-22,399,84,4979.82,5173.94
2020-07-01,150,98,3806.07,1737.42
2019-06-18,86,82,3828.52,2972.88
2023-01-27,241,95,4645.99,1390.35
2022-02-03,341,71,4977.53,4130.47
2019-06-27,94,99,3566.18,2292.06
2023-06-12,77,15,3299.78,1617.15
2021-12-07,335,15,4197.76,2355.85
2023-09-03,223,66,3622.0,5348.55
2019-08-19,381,80,1025.96,1028.2
2019-10-17,244,30,3917.01,1556.88
2020-12-04,201,28,3610.36,3441.36
2021-03-02,352,86,3004.48,4525.81
2021-02-23,302,53,1193.81,4713.49
2020-06-10,251,99,1947.21,4275.71
2021-04-12,133,23,2868.64,2463.22
2019-11-28,354,20,2543.59,5486.8
2019-09-27,296,34,676.36,5786.18
2022-09-27,221,55,2653.13,4320.17
2019-12-30,258,48,3768.52,4185.21
2022-11-21,393,52,1878.31,1508.91
2021-10-30,359,20,2120.68,4817.7
2020-08-13,219,63,4487.48,4948.03
2020-09-09,328,75,631.71,5468.72
2019-06-12,344,65,2256.78,5892.49
2020-10-01,117,86,3243.58,5403.32
2020-08-29,43,60,2853.44,3233.42
2019-02-22,386,68,2818.01,4839.47
2019-01-23,141,33,1955.46,3808.34
2019-09-07,116,83,3907.86,1255.27
2022-09-27,379,67,1643.83,3155.37
2023-04-22,259,30,2618.76,5121.55
2022-06-30,383,83,3999.58,1727.2
2020-07-28,226,59,4680.79,2280.53
2021-06-20,311,60,1795.74,3110.13
2019-11-07,52,17,3876.01,2803.53
2020-05-14,7,69,2706.91,2611.69
2022-01-24,327,52,3472.68,2983.12
2021-07-01,263,90,4647.29,4062.91
2019-06-22,201,88,934.7,3607.14
2020-12-16,159,70,3851.93,2246.97
2023-09-13,293,34,3058.23,1192.07
2021-12-08,159,54,1085.62,2723.86
2023-08-31,31,3,871.42,1151.39
2022-10-06,373,70,1550.11,2129.03
2022-08-13,153,5,1222.83,5266.16
2022-01-26,3,55,3094.31,1185.18
2022-08-11,184,6,3708.22,1700.84
2020-08-28,387,80,1842.19,2349.61
2020-06-18,259,63,2188.26,4945.61
2022-08-19,288,94,1818.54,2135.92
2022-09-18,341,75,4859.73,2722.6
2021-05-10,75,87,924.6,2696.85
2020-02-12,109,76,1212.21,4863.76
2022-08-02,207,89,2206.1,3687.94
2019-12-16,121,99,1424.39,2031.74
2021-08-11,170,41,2845.74,4472.74
2020-09-12,146,91,2341.3,4953.07
2022-07-30,10,11,2228.41,3860.55
2023-06-29,302,27,2043.42,4791.18
2022-04-02,66,39,1887.37,3296.89
2023-08-27,270,48,2197.83,2462.61
2023-01-07,102,3,3029.51,2238.54
2021-11-25,4,20,4102.53,3131.99
2020-09-16,81,32,3186.93,1964.0
2022-03-25,317,63,1766.22,1460.78
2019-10-17,259,92,4727.21,5482.16
2021-02-03,45,81,2019.99,4293.2
2022-07-26,340,67,2481.89,5753.71
2021-01-15,389,76,3492.75,1224.73
2021-01-05,210,40,860.27,5423.04
2020-04-01,58,32,2080.05,2377.18
2021-01-02,308,37,2211.75,3696.31
2023-06-27,299,67,664.35,4663.09
2020-08-04,400,85,3896.84,3939.24
2020-10-10,181,99,2007.22,4610.22
2019-06-26,217,53,2512.48,5125.88
2022-01-29,26,23,551.38,3162.92
2019-03-15,74,84,1483.41,5695.3
2020-09-13,107,8,2860.61,4233.3
2023-11-21,361,9,2521.33,4218.14
2023-10-20,295,68,838.6,5508.87
2023-07-05,208,74,1950.0,5594.35
2020-03-23,66,73,4203.39,1328.55
2023-04-18,49,19,1718.83,3097.35
2019-05-19,235,59,4290.86,2646.95
2019-07-27,121,92,1317.82,1637.23
2019-09-29,140,62,2381.56,2993.31
2021-02-25,25,11,535.85,4266.72
2023-01-27,293,14,4693.88,1126.47
2022-10-19,263,87,4577.22,4403.75
2023-03-22,227,58,4026.55,1466.53
2023-04-29,163,73,3542.42,1391.17
2019-02-22,295,42,3436.58,2726.81
2023-01-09,104,62,3887.14,4847.28
2022-08-06,335,43,2385.34,4903.88
2020-02-24,104,58,2637.18,4960.2
2020-12-20,344,92,2292.46,3284.58
2019-04-03,381,38,4793.35,2656.63
2020-07-31,5,42,2005.28,1343.55
2020-12-11,283,54,4994.39,2094.84
2020-08-18,124,1,3829.28,1250.28
2020-07-04,189,83,2968.03,5523.66
2020-12-18,97,64,3209.72,1912.06
2023-05-18,189,53,3433.47,2711.95
2022-04-26,282,77,3668.06,1218.98
2021-04-04,390,64,637.06,1077.95
2022-05-13,359,43,4513.79,1766.21
2020-09-11,210,73,1324.99,1196.45
2023-12-02,308,5,4900.72,5431.75
2021-11-27,136,32,2880.02,4705.16
2019-09-27,242,41,4233.04,4545.47
2022-01-12,145,12,1334.29,1029.9
2022-11-12,14,31,1845.36,4641.36
2023-07-30,144,34,3822.85,5743.0
2021-12-08,115,99,3605.04,5289.24
2022-07-01,268,91,4052.84,3931.23
2021-09-06,399,47,2641.55,1883.72
2023-06-30,269,32,1152.24,5524.82
2020-04-01,366,57,3318.89,1188.52
2019-09-04,367,38,1047.89,1264.5
2023-08-28,386,66,1846.44,2229.92
2019-09-19,125,27,4388.35,2072.12
2019-05-17,127,66,4582.35,1282.98
2021-12-24,252,60,4981.64,2993.92
2019-03-24,400,64,4788.5,4407.18
2022-08-29,261,40,3332.13,2586.38
2023-09-04,379,29,3458.02,4954.18
2020-02-27,187,50,1914.0,2534.11
2023-04-11,59,74,4009.35,1662.48
2021-02-19,258,83,3588.73,2162.32
2021-09-04,207,30,3610.05,2386.78
2023-07-07,238,63,1174.52,4852.73
2023-08-15,173,1,2197.09,1212.76
2019-03-27,398,70,911.83,5083.14
2019-01-08,144,87,1570.04,5935.45
2021-12-15,241,43,3268.85,2549.41
2020-12-18,64,37,983.36,2992.59
2019-01-23,304,100,2004.97,5159.14
2021-01-25,94,68,2965.74,5159.99
2022-11-16,389,16,790.06,3067.72
2023-04-19,202,28,4544.02,4126.18
2023-09-18,204,7,4982.33,5316.79
2022-02-26,253,49,3346.76,3900.69
2023-05-27,161,30,3888.05,1809.15
2020-01-03,84,27,1993.76,4057.61
2023-09-10,216,55,667.42,1077.34
2019-02-03,40,23,3025.2,1072.4
2022-08-25,299,85,3971.29,3128.07
2022-03-23,332,84,1174.98,2495.97
2019-07-23,109,91,4674.33,1309.53
2021-10-15,188,87,2163.04,1715.57
2020-12-29,69,44,2704.61,2651.72
2019-08-22,330,18,3808.84,2471.04
2023-05-01,247,75,1458.93,3669.74
2023-04-12,358,71,4361.98,4592.35
2019-03-01,365,98,1894.29,2120.94
2020-08-03,145,90,4190.66,5687.69
2019-07-07,92,68,1587.83,4348.31
2019-11-25,166,56,3214.48,3478.32
2022-04-27,224,80,966.65,1167.49
2020-05-20,346,20,2457.82,4659.74
2019-08-06,213,86,4151.0,5814.89
2020-05-07,330,86,2837.83,1992.87
2020-11-23,206,17,1762.77,5472.38
2019-02-01,25,90,4979.45,5987.62
2021-03-26,400,61,2674.61,5280.52
2021-08-08,299,34,2210.35,3358.92
2019-11-29,120,40,922.48,3733.25
2022-09-06,392,24,1081.66,3936.94
2019-07-12,155,59,2010.43,3662.51
2021-09-06,388,29,4417.8,1394.79
2021-03-28,363,89,3493.81,1239.85
2022-02-08,55,34,1689.34,4223.36
2021-11-27,154,64,4625.26,3243.16
2023-03-21,102,44,4277.65,2080.22
2023-06-02,210,72,599.39,1002.51
2023-09-06,352,71,2770.62,5577.05
2022-07-22,67,76,2958.7,1885.49
2020-01-22,77,51,2992.95,4993.65
2023-11-17,368,1,2274.03,5262.65
2019-03-18,250,68,3036.1,2737.24
2019-12-15,330,24,3580.72,5747.98
2019-09-22,383,23,567.8,5988.58
2021-12-16,87,17,1691.21,1296.9
2019-08-08,353,22,1102.82,3952.58
2019-08-03,279,65,3890.51,1306.35
2020-01-29,320,12,3728.32,3573.79
2020-12-30,338,12,2647.66,2009.56
2022-02-03,246,76,4060.56,3946.94
2019-01-20,136,31,1233.93,4765.33
2021-02-17,300,62,958.04,4255.28
2021-04-13,158,11,4290.67,4904.57
2022-11-19,325,35,4289.46,4796.05
2020-03-27,16,98,3566.8,3936.22
2020-07-24,192,16,1712.3,4710.68
2022-08-25,234,31,825.4,5651.04
2019-07-07,178,27,1302.95,1402.53
2020-07-10,169,28,3801.35,2469.39
2023-11-13,240,52,4270.94,2053.21
2019-08-22,257,21,3543.5,4831.46
2019-12-16,19,28,4362.78,2481.9
2023-05-09,34,94,3353.22,2270.74
2019-04-05,385,45,4089.63,3068.83
2019-11-17,329,27,2319.09,5582.71
2020-12-28,214,19,3318.13,2127.72
2023-06-19,363,5,3239.81,3554.63
2022-08-16,41,56,3354.44,2176.77
2019-12-28,321,13,4340.56,1134.91
2023-10-16,254,28,3416.48,2293.65
2023-06-27,263,71,1367.78,2814.8
2022-07-03,285,92,3454.09,3040.88
2021-09-19,384,52,4597.36,1759.69
2019-12-21,265,1,2054.36,1878.69
2021-06-23,307,49,3789.54,4280.53
2022-05-07,244,10,3126.72,3341.57
2020-11-13,140,77,2187.02,4135.25
2019-12-19,146,83,3567.46,1698.16
2022-12-02,17,40,1756.7,5230.72
2021-12-07,164,60,1712.93,5221.91
2019-12-10,155,49,1504.02,3257.26
2020-12-24,12,66,1684.98,3045.94
2021-02-02,379,68,3885.81,4308.64
2019-06-26,183,79,3809.97,2005.58
2021-04-26,341,23,694.2,1611.01
2020-11-25,52,97,2299.83,5189.51
2021-07-02,187,62,4453.19,5133.58
2023-02-24,222,85,3154.51,2188.18
2022-12-10,358,41,3030.93,2781.68
2020-05-14,148,20,4424.37,2085.86
2019-07-22,160,70,2799.42,3418.34
2022-01-31,209,75,4208.44,3004.42
2021-12-16,115,4,626.46,2981.32
2022-08-03,354,88,575.97,1581.92
2022-11-01,94,11,3689.94,5869.96
2021-02-25,331,32,1577.85,3231.81
2021-05-28,14,62,1133.76,3390.64
2019-11-16,51,4,3272.2,3725.69
2023-05-20,266,84,1398.13,2343.88
2021-07-09,281,11,2896.08,5033.45
2019-02-21,112,90,4467.31,5889.11
2019-03-22,352,82,974.32,4081.0
2020-09-13,335,76,2709.14,2096.11
2022-02-26,63,48,1950.77,1638.93
2023-12-25,166,65,4617.82,4056.71
2020-08-04,304,34,3940.07,4153.96
2019-04-29,95,80,762.57,5832.41
2019-02-21,46,88,1863.28,1037.86
2021-11-21,191,2,2649.33,4134.76
2021-09-07,322,84,905.42,2023.05
2019-08-03,45,61,663.94,5806.55
2021-01-03,392,7,3370.11,4979.19
2023-02-05,327,13,3643.6,2958.62
2020-01-06,353,65,1118.84,5532.91
2022-05-28,24,39,791.28,4072.76
2021-05-07,256,43,592.93,1869.78
2019-06-21,56,3,1030.3,3823.37
2022-01-16,354,84,2850.33,1733.3
2022-11-04,235,92,983.31,2012.83
2019-06-13,327,32,2710.92,4129.19
2020-12-28,197,93,1941.08,1923.11
2023-03-04,64,8,4396.14,4891.91
2023-05-31,54,66,1364.71,4314.23
2019-05-31,224,61,619.14,1471.07
2021-08-12,235,16,4347.58,4899.33
2023-12-24,263,45,622.86,1359.33
2023-08-11,175,100,2149.94,4886.72
2020-05-10,173,73,4512.71,4659.06
2020-05-29,17,37,708.67,4428.81
2019-03-17,36,48,3733.38,3698.88
2021-11-26,346,52,2158.03,3388.42
2019-08-15,265,49,665.7,4738.2
2021-11-25,363,43,2108.66,1969.84
2022-07-22,126,58,814.94,2704.71
2023-05-20,199,87,1006.66,4868.47
2020-06-20,400,26,2750.6,4004.55
2019-08-19,53,82,2159.14,2158.45
2020-10-15,319,86,936.44,3842.24
2022-03-26,393,79,2659.42,4371.69
2019-02-23,330,24,2589.0,3029.77
2021-05-26,38,42,1061.22,3836.81
2023-01-03,87,83,2376.68,5193.62
2022-08-25,14,98,2768.99,3210.04
2020-11-07,86,30,3021.42,3316.58
2022-05-07,170,53,1047.43,5099.12
2022-10-12,42,29,3443.8,1250.7
2021-11-25,398,93,1449.29,1573.02
2022-12-10,299,26,2906.79,1483.75
2020-09-21,58,52,870.78,5406.65
2019-03-28,229,74,2303.09,4616.54
2021-09-11,377,18,4483.45,2558.6
2019-12-02,82,89,4696.15,2860.65
2019-09-18,328,49,2086.36,5676.01
2021-05-28,73,83,3063.76,5866.03
2023-06-26,100,4,3143.72,5071.48
2022-01-12,225,33,3280.5,4639.05
2021-08-14,188,29,1267.56,3500.72
2023-12-28,52,43,3053.12,5250.86
2023-06-18,35,1,3642.09,5044.54
2023-09-24,113,51,2226.65,3544.34
2019-08-01,114,95,3740.39,2685.43
2020-09-18,21,89,2859.38,3997.23
2019-05-05,126,84,3180.65,1236.22
2021-09-17,234,75,2071.75,5255.5
2021-11-17,21,37,2462.81,5424.33
2021-05-08,357,17,1242.34,3842.33
2019-05-19,188,17,755.66,4934.11
2020-11-25,32,63,3392.36,3173.84
2019-08-30,38,33,4205.25,3975.33
2020-11-30,232,37,775.12,2582.24
2021-08-09,66,23,4138.42,1069.86
2021-05-22,124,46,4025.12,3953.8
2022-10-13,308,5,1502.6,1544.75
2019-03-29,122,17,3364.43,4645.72
2021-10-25,283,25,4059.54,5711.53
2020-03-04,2,31,2687.22,4758.97
2020-05-29,334,47,4397.55,3010.14
2020-02-08,131,46,1775.99,2623.69
2019-06-09,386,13,3933.06,4191.98
2023-05-29,209,63,2387.53,4320.31
2021-04-11,198,44,2937.63,5072.95
2019-11-10,352,56,989.57,3070.79
2020-05-25,63,86,2460.43,5120.4
2021-08-19,322,78,1259.24,1971.49
2021-03-12,102,82,4778.51,4331.92
2019-08-22,297,19,2625.68,1694.61
2023-06-12,152,75,3613.59,1931.62
2020-11-09,333,64,1909.7,5599.68
2020-07-12,224,64,2573.81,1138.63
2021-08-04,345,72,791.93,2846.0
2019-12-07,340,60,2508.63,5630.02
2022-09-26,117,74,969.61,5052.56
2020-03-20,34,31,1935.78,5179.6
2022-04-29,157,69,807.8,2357.89
2019-10-16,193,8,4837.52,4535.56
2019-11-27,180,41,2990.97,2951.07
2020-11-15,14,2,4902.1,4544.97
2023-06-23,140,98,1242.32,3833.97
2022-11-05,78,2,4503.49,5777.88
2019-08-16,378,69,1884.02,1046.22
2023-09-28,338,38,2885.26,2321.5
2019-02-28,171,24,3607.73,2438.91
2021-03-05,184,8,3182.66,4984.18
2021-12-09,227,91,3880.8,2528.02
2020-06-09,258,14,4765.32,4964.1
2022-11-08,362,6,3229.11,3653.0
2019-09-09,72,9,2697.72,1893.46
2019-12-08,159,84,1384.5,3595.37
2023-08-27,72,62,2958.71,4302.08
2020-06-04,238,57,4050.6,4223.31
2019-04-17,60,53,687.18,3119.78
2022-07-08,50,47,2747.42,2032.61
2020-09-21,33,10,1111.44,1392.68
2019-07-05,338,53,2400.03,5118.94
2021-06-09,51,85,4801.4,4697.85
2022-08-19,317,43,2777.88,1721.78
2022-09-26,166,77,844.02,2750.09
2023-10-04,11,97,2665.92,1784.53
2022-09-06,389,80,1188.71,5624.99
2022-06-27,225,49,2378.35,4719.87
2020-07-21,328,51,4126.71,5742.65
2021-11-10,14,58,4492.32,2958.93
2020-03-16,291,51,1912.31,4334.88
2019-10-28,57,44,4980.19,2962.97
2023-03-04,230,15,4066.32,3948.63
2020-01-22,242,17,3874.9,2934.49
2023-11-04,294,70,3921.87,2447.43
2023-09-29,264,52,3480.09,2658.82
2020-10-01,165,89,2990.51,1677.92
2021-08-10,304,73,2145.84,4578.63
2019-07-02,59,69,3453.19,3221.66
2022-06-11,321,62,3409.8,1289.68
2019-07-01,200,64,3721.33,4344.95
2021-08-17,328,40,4114.49,3309.5
2019-02-24,9,54,3958.92,2154.66
2020-10-22,340,96,735.35,2781.41
2023-02-21,48,82,1792.86,2088.74
2022-12-31,369,32,2532.61,5524.18
2022-06-15,195,60,3057.42,3351.61
2021-05-09,168,78,1869.44,2212.52
2023-06-14,167,60,4597.21,2148.88
2022-03-12,367,45,3081.28,5643.57
2022-06-14,400,52,1978.59,1087.06
2022-09-14,64,31,4105.07,3152.2
2022-02-23,235,14,1172.62,4065.37
2020-09-09,267,41,2595.57,5829.03
2020-06-01,49,98,1274.84,5857.79
2021-06-06,94,89,3211.26,4999.14
2022-03-03,237,74,731.05,4253.9
2020-05-27,200,35,825.24,2090.43
2020-03-02,96,82,4158.15,4160.86
2019-09-21,216,99,1639.74,1016.92
2021-08-27,82,45,3595.66,5882.03
2021-03-10,254,85,3191.93,5753.25
2019-12-25,321,42,3650.36,4835.06
2022-05-02,233,32,4564.89,3626.34
2019-01-21,36,32,1288.85,4069.17
2019-08-22,366,5,2144.33,5185.39
2021-12-10,51,62,2125.62,4001.6
2020-06-15,315,86,1577.45,2486.31
2019-11-12,257,16,3179.75,1050.77
2021-05-31,147,86,3437.99,3273.82
2019-11-27,301,13,3476.0,1407.83
2021-02-12,280,45,963.11,3178.5
2019-03-30,16,49,4727.65,1482.43
2021-06-27,187,96,2320.76,5858.42
2021-04-27,45,68,4912.92,2490.16
2019-09-06,19,5,2580.87,2748.24
2019-06-20,100,73,2836.84,3448.93
2020-06-14,184,95,2498.53,5208.33
2021-02-21,121,64,3110.82,3046.04
2019-09-06,296,5,920.36,2191.99
2023-11-20,165,52,4030.18,4322.5
2023-04-25,248,11,1896.4,1343.66
2022-04-16,293,64,1233.98,1648.37
2023-03-31,195,23,4801.73,5913.48
2019-05-04,320,29,3196.78,4417.66
2020-06-27,163,88,3449.45,1796.44
2023-06-21,197,83,1171.16,2296.19
2020-01-23,205,21,3878.09,2001.77
2020-04-08,65,32,1953.08,2600.02
2019-06-09,311,16,2303.43,5747.94
2021-10-11,322,38,4494.93,3385.04
2019-12-28,252,9,1743.17,4181.17
2022-07-07,280,3,4004.66,2079.63
2021-11-05,334,5,3647.09,1252.17
2019-12-07,149,46,1738.31,3393.6
2023-02-07,370,45,3606.84,3910.1
2019-12-26,90,87,3725.9,1871.2
2023-03-22,142,41,3355.41,1945.57
2019-04-02,250,50,4002.08,4941.84
2020-05-26,327,67,705.02,1298.4
2019-10-07,79,18,3800.31,1161.39
2022-05-11,317,60,3028.17,3436.7
2022-03-27,121,6,4918.98,4634.16
2019-03-17,13,27,921.03,5187.88
2023-05-12,156,46,1889.53,3909.51
2019-04-12,92,50,1764.83,3296.61
2022-11-12,91,20,1782.74,2408.44
2021-02-17,15,57,4451.33,5473.21
2020-07-15,362,18,4179.51,1358.98
2022-05-05,328,97,762.98,5228.26
2022-06-05,42,9,3171.09,1532.79
2019-10-09,234,42,3317.06,3191.67
2021-01-28,262,67,2252.44,3047.81
2022-09-05,121,71,2989.27,1318.54
2023-05-28,384,66,2635.93,2528.91
2020-06-26,240,69,2593.98,1990.49
2020-05-09,394,18,2424.46,1473.82
2020-07-23,280,47,1037.83,1391.32
2021-11-03,106,43,1009.39,1758.05
2019-05-21,259,64,595.18,3983.66
2022-04-20,312,95,1677.68,2008.66
2021-02-16,369,43,3700.05,5533.96
2019-11-29,184,33,1363.19,3479.16
2023-01-12,109,60,507.43,1520.33
2023-02-22,280,51,2483.4,1304.95
2019-07-28,386,36,3301.24,3609.44
2022-08-31,44,73,2460.46,5369.0
2020-09-14,211,86,1278.64,3064.15
2021-01-21,42,45,1404.46,2255.55
2021-02-28,79,61,4764.94,3148.47
2021-02-08,93,19,3329.91,2198.07
2020-06-25,127,95,4926.34,2362.28
2023-10-31,138,82,2566.59,2786.66
2019-03-05,76,39,2839.91,5138.81
2020-01-20,127,84,4987.36,4906.44
2022-02-06,144,37,2581.88,4913.77
2023-12-11,311,36,4744.96,2114.38
2023-01-01,232,43,3734.88,1479.53
2019-09-10,313,41,1602.5,2627.83
2019-03-21,159,15,1942.27,1208.15
2022-09-12,20,59,3766.47,1474.96
2021-02-18,386,96,2804.18,2723.79
2020-08-14,240,82,4190.18,5453.85
2023-11-21,329,18,2809.0,1907.15
2023-04-27,344,22,781.8,2415.2
2020-11-17,347,76,3793.11,3897.29
2022-05-02,371,62,4823.31,2163.28
2020-11-29,179,97,2272.76,4851.51
2023-04-19,84,43,3897.94,4805.72
2021-03-05,276,49,2281.12,5883.15
2019-10-20,308,35,4121.61,2113.27
2021-11-13,244,15,4996.58,5793.87
2020-10-20,285,36,4884.78,3552.03
2021-11-12,162,93,3787.64,1602.88
2022-01-05,85,74,1093.7,5014.45
2021-08-13,211,65,3654.33,5701.92
2021-10-15,296,21,1865.77,2270.87
2019-11-09,16,39,2320.74,2825.5
2022-03-23,397,90,4641.03,3023.04
2022-03-28,20,24,2055.71,3641.84
2023-09-25,8,33,3861.49,1274.86
2019-11-17,19,68,3584.35,1504.8
2021-06-10,217,53,1986.85,4838.91
2022-08-27,354,22,1315.19,2351.95
2021-07-27,53,72,2573.37,5792.38
2021-07-31,136,8,4119.38,2136.17
2021-05-04,172,97,1519.18,1345.39
2022-02-13,353,79,2049.38,5378.42
2022-07-06,82,91,4225.76,1521.43
2021-04-01,321,85,2844.7,5975.5
2019-01-06,352,11,3905.02,2690.99
2021-02-19,272,85,1126.16,4946.51
2021-09-28,34,18,1431.17,2419.32
2020-09-11,325,35,753.47,1175.07
2022-11-22,55,86,4803.66,3191.0
2022-03-31,250,51,626.77,5553.67
2023-10-29,279,70,1321.21,5500.54
2020-06-19,235,85,1232.13,3605.36
2023-02-27,17,7,2416.77,3397.62
2020-08-09,93,63,3306.0,5109.28
2019-05-06,174,12,3662.94,2734.7
2022-09-21,26,56,2289.4,3974.51
2019-05-15,355,39,3523.49,5770.72
2023-09-05,237,39,1230.01,1814.45
2023-03-22,178,84,1328.55,5556.04
2022-09-05,183,69,4294.21,4673.63
2020-07-17,270,21,2875.48,4821.88
2020-09-17,274,20,3348.74,4124.2
2020-03-26,184,14,2319.58,5209.04
2023-01-28,365,80,2372.78,3343.66
2023-11-27,219,56,553.31,5330.57
2022-07-20,255,20,2130.0,3598.17
2020-01-29,203,42,1545.18,4879.26
2019-07-24,132,32,4861.16,5790.13
2021-06-28,171,85,2931.37,4113.44
2019-10-18,39,86,4898.84,2988.34
2020-11-19,348,91,3475.06,4671.14
2020-09-21,63,22,1673.77,5614.4
2019-10-04,196,19,647.29,2769.11
2021-12-30,2,72,3965.85,5929.93
2019-09-22,10,28,2983.06,4743.93
2022-02-04,41,68,1881.31,5807.7
2023-05-13,246,79,3577.36,3080.04
2023-04-04,18,86,2373.04,1388.08
2023-10-15,87,66,3435.04,3908.36
2019-02-15,124,54,1119.43,1240.93
2019-08-25,391,19,3861.95,5643.92
2022-02-24,120,65,1197.56,4599.03
2021-11-22,36,49,893.64,2722.98
2021-03-23,3,14,4167.62,5268.59
2021-03-12,389,12,2137.1,1803.74
2021-05-02,157,14,3268.73,3600.87
2021-08-26,30,78,2490.1,1413.59
2023-06-11,29,15,2533.7,4743.28
2022-05-12,246,45,4359.45,4109.12
2023-09-18,319,85,977.56,5577.88
2022-09-07,305,77,1881.99,3864.99
2021-05-25,337,18,4781.07,4618.66
2019-04-08,153,69,757.94,2235.21
2021-12-27,204,6,2613.58,1074.4
2023-07-14,308,73,2938.43,4089.95
2020-06-21,291,23,2860.97,4708.24
2022-03-07,110,46,4284.83,2981.17
2021-02-14,26,6,2831.82,2470.12
2022-03-09,341,53,650.74,1163.78
2022-02-25,187,69,1406.29,3573.02
2020-09-04,47,89,1833.65,4359.04
2023-05-13,384,35,1747.56,4268.92
2021-02-11,115,64,1136.38,4867.05
2023-03-06,41,72,719.26,3663.1
2019-03-05,43,22,3264.48,3201.38
2019-05-10,145,64,1620.71,1420.86
2021-01-16,338,70,636.7,3682.51
2023-12-27,180,70,3449.76,5862.2
2021-12-27,167,8,1209.77,5627.61
2022-11-10,262,39,911.21,3621.72
2023-02-03,90,62,3101.48,1047.13
2020-01-08,10,60,4913.81,4017.84
2022-11-19,359,8,3469.37,3579.1
2022-08-11,382,45,3315.18,3387.97
2022-08-04,374,46,3571.69,1809.54
2021-03-07,36,76,3381.01,1708.04
2020-12-02,393,20,3120.12,4192.1
2022-07-16,221,40,3062.56,1746.05
2022-09-21,159,42,1809.51,2017.31
2022-09-05,391,35,760.01,2770.54
2023-03-04,174,92,1562.91,1417.57
2021-12-27,224,92,4024.19,2520.35
2019-01-12,109,18,2392.54,5143.3
2019-11-29,148,50,2451.55,5702.93
2022-05-29,210,54,4356.19,5293.56
2020-12-22,65,48,4714.66,1428.18
2020-10-28,336,52,4748.89,1815.72
2019-07-04,275,51,3399.96,2410.8
2021-11-10,318,86,3711.38,5625.03
2020-04-01,15,49,2359.49,3635.52
2022-08-23,55,12,4067.48,1140.54
2020-08-07,318,43,1057.41,1861.88
2022-03-19,67,72,4821.01,4778.53
2023-06-02,258,52,1406.54,5692.46
2023-10-19,186,65,840.12,3923.0
2023-09-25,107,37,1700.77,2219.05
2023-04-06,5,72,3519.91,5396.21
2023-09-27,105,3,3956.44,3317.85
2020-09-25,11,9,1907.81,2216.12
2019-09-25,235,32,617.27,5147.43
2019-12-30,245,72,1617.48,2464.09
2020-04-16,148,44,1721.65,5026.26
2021-09-12,115,33,2584.25,5189.85
2021-09-24,306,30,1261.55,1139.55
2020-09-21,220,14,4801.04,5370.46
2019-04-21,231,90,4030.66,3717.17
2023-01-17,250,15,3692.26,5490.21
2019-05-09,57,30,2408.42,2115.27
2023-04-10,169,47,2462.69,1426.19
2019-03-17,67,15,3482.39,1223.52
2021-05-24,212,52,546.53,5559.22
2021-05-18,174,12,4777.39,1900.66
2020-07-11,280,78,2227.09,3325.14
2019-01-21,113,89,2302.2,5914.99
2019-07-08,226,58,4560.47,5240.84
2023-06-17,170,3,3382.09,3069.87
2021-04-25,388,30,3841.43,4177.12
2021-06-07,326,91,1946.67,4118.89
2023-03-04,186,24,4497.56,1469.37
2019-06-16,323,34,3820.43,4627.71
2019-06-02,27,67,2466.83,2175.58
2020-05-13,319,75,4108.26,5564.81
2020-10-09,133,41,4675.25,5934.1
2022-01-09,15,36,2354.77,4573.65
2019-11-14,270,15,1971.29,3148.65
2023-08-05,399,16,2334.45,4418.56
2020-02-02,69,80,2716.14,4401.46
2022-06-07,380,29,1594.28,5321.09
2023-06-24,248,62,1669.83,2357.99
2020-04-14,159,73,591.2,1749.57
2022-01-26,24,93,2206.56,2444.36
2019-03-13,115,13,3759.24,4433.84
2019-11-09,305,36,1310.7,4613.92
2021-12-17,363,1,1271.9,4617.53
2019-09-18,133,13,1147.64,3592.45
2019-11-03,248,65,4398.07,5888.65
2020-06-07,2,11,643.74,1403.33
2019-08-28,305,65,3816.18,1516.67
2022-01-22,342,30,2752.44,4293.19
2022-10-24,81,86,4094.35,1344.95
2019-04-04,399,32,710.61,4353.02
2021-07-05,79,56,1817.22,2994.06
2021-08-20,149,9,3245.63,4562.52
2023-06-18,33,9,4504.03,3087.31
2023-04-06,29,34,3337.23,3988.77
2019-04-18,58,11,1949.75,2752.79
2023-12-11,147,26,3586.86,5246.15
2021-06-19,88,36,4447.9,5471.68
2022-08-11,223,31,588.7,2546.15
2023-02-02,221,50,1783.82,3046.03
2019-01-04,327,75,1402.77,2508.38
2021-08-31,180,72,3011.03,3439.34
2020-03-04,306,51,2281.5,5266.57
2021-02-24,202,27,1142.17,1231.15
2023-01-02,289,97,792.24,3953.01
2019-09-29,296,56,1178.04,1777.11
2021-09-06,159,39,3762.06,5432.48
2020-08-12,181,76,4697.97,3810.27
2022-11-07,128,99,778.53,1689.04
2020-12-02,285,89,3015.88,3216.57
2019-12-07,123,84,4912.65,1494.0
2019-04-04,390,88,4227.55,3596.92
2022-06-25,93,90,983.62,5471.28
2021-09-23,174,3,2769.85,4836.57
2023-08-02,60,46,2392.61,2749.52
2022-09-29,179,50,3697.91,2687.92
2019-07-15,193,2,1119.24,2419.6
2019-09-03,355,53,4086.4,2532.37
2021-10-15,340,62,1744.02,1550.89
2020-01-02,284,64,956.63,4798.76
2019-07-13,385,88,2140.12,4528.89
2022-10-03,393,72,3240.25,5363.45
2019-06-30,185,5,4016.01,1095.49
2022-08-17,350,95,4720.49,2357.86
2019-09-22,47,71,2654.31,3837.44
2020-07-12,4,74,1045.07,2547.66
2019-01-10,296,1,1321.73,3225.91
2022-07-07,209,58,2462.15,3201.71
2020-06-26,70,79,2579.96,1294.4
2022-01-06,265,85,3235.75,1444.72
2021-10-14,264,81,2453.97,4036.05
2019-03-15,286,65,3291.58,3921.73
2022-10-26,296,14,3439.14,1542.75
2023-07-23,294,81,4912.1,5251.36
2020-11-09,57,71,1044.45,1776.29
2022-10-27,183,30,4280.92,4345.32
2020-05-19,139,1,4402.79,5435.89
2022-10-10,191,65,3554.22,4686.91
2023-09-15,223,62,3484.01,4863.41
2020-07-19,101,1,2470.5,3916.77
2023-08-20,175,20,3509.29,1097.51
2022-12-29,262,10,1523.48,5301.99
2023-01-08,91,35,4712.66,2375.33
2023-03-20,117,47,1157.23,2283.64
2020-07-12,96,41,1445.45,5325.07
2020-11-17,301,59,3486.35,2510.66
2023-07-07,12,29,2419.64,1921.54
2022-10-17,264,96,3481.61,3951.44
2023-07-15,400,44,2534.33,4014.61
2021-03-02,354,67,4880.38,4163.77
2020-08-21,45,13,3989.64,1828.98
2022-05-19,288,40,3224.73,1507.38
2019-01-20,20,89,3574.29,1907.64
2020-11-20,325,33,1718.59,4841.9
2021-12-24,295,48,3685.92,4911.98
2021-02-12,367,41,1597.1,1859.96
2019-11-12,98,80,1033.52,2137.28
2022-10-12,196,99,645.99,5928.03
2021-08-16,158,82,2762.52,2423.85
2020-06-22,258,15,2561.87,3479.64
2021-03-29,10,15,773.33,2853.29
2023-10-15,208,73,4445.08,5675.53
2020-01-05,100,61,840.79,2272.73
2023-02-19,74,40,2315.83,4433.65
2022-07-11,231,37,2033.77,2419.74
2022-10-18,289,46,4108.4,1603.02
2020-10-06,367,64,3460.33,5595.65
2022-08-25,227,60,822.1,2595.9
2022-01-21,311,51,1854.65,1619.55
2021-01-01,20,41,1100.51,3427.18
2023-01-24,296,47,2001.38,2769.34
2019-08-16,358,96,1494.02,1991.27
2022-09-06,389,44,4438.88,3648.56
2019-02-25,70,3,3884.23,2013.83
2022-05-18,53,87,4794.86,4214.59
2023-10-24,205,9,3023.94,4746.86
2023-01-22,113,77,3950.51,1770.79
2022-12-26,5,30,3084.82,5496.89
2023-07-02,9,24,4104.05,1380.31
2023-10-12,325,55,3409.26,3837.39
2019-07-24,270,18,3910.15,2279.34
2022-04-02,308,32,2361.3,3107.06
2022-09-10,12,55,2114.31,5724.55
2023-09-24,342,23,2278.55,5924.69
2020-11-11,221,60,3403.64,4554.69
2022-10-01,141,12,4591.66,5041.15
2019-06-18,335,8,1878.52,3167.6
2019-11-30,151,12,4080.32,1723.34
2021-11-27,258,55,3892.1,3986.08
2021-01-25,108,79,1762.14,1924.14
2023-10-11,242,70,1480.32,3613.25
2020-11-14,334,34,2951.73,2001.6
2022-10-08,395,87,1434.95,1667.23
2020-07-26,363,80,2315.81,4840.23
2019-04-01,163,36,1208.86,3305.36
2020-05-12,236,50,1834.59,1166.43
2020-06-18,62,41,798.81,4849.07
2019-08-26,362,42,2249.97,5509.11
2023-08-29,94,22,2881.45,2072.39
2019-01-19,15,48,4895.12,5668.61
2020-11-30,135,51,2622.19,4579.85
2023-07-01,172,71,935.83,1144.78
2022-01-04,106,68,1886.78,2937.21
2023-01-07,134,76,4537.04,4725.77
2021-10-07,42,67,1739.61,5043.25
2020-04-17,103,8,4823.61,2469.35
2021-07-12,86,23,1365.07,4983.96
2021-07-29,211,80,1341.7,5945.35
2021-02-15,217,61,1966.89,2782.98
2021-06-28,348,40,4840.86,5835.2
2021-10-20,361,1,1401.99,4279.08
2021-10-18,81,93,1477.04,2943.88
2022-05-14,83,16,1229.38,3736.95
2020-08-29,185,52,1538.45,2648.12
2021-05-28,126,53,2664.56,4948.79
2019-02-19,5,33,4782.07,3328.7
2020-06-27,267,44,1660.64,4101.3
2021-07-05,375,62,2433.53,4091.29
2019-02-08,395,39,2071.99,3747.46
2023-10-16,60,75,774.44,4576.12
2019-03-31,221,79,1960.07,3889.59
2019-03-27,304,98,4815.38,5922.32
2021-09-01,91,42,4784.58,3072.14
2022-07-02,142,57,3055.08,4379.33
2019-12-22,48,3,4140.38,4522.31
2023-06-26,135,29,1755.08,3288.95
2020-02-02,316,79,2348.99,2138.92
2022-01-30,115,16,4439.64,2921.52
2021-04-04,384,13,4126.06,2921.02
2020-05-28,306,71,1383.8,1290.12
2019-09-18,32,66,3867.96,1668.2
2020-09-16,400,5,1327.4,3594.74
2021-10-26,307,8,2156.88,3451.97
2022-04-26,197,99,1658.32,5880.5
2019-01-16,210,88,4816.47,2277.72
2023-08-02,158,42,3082.67,3933.54
2019-12-08,337,91,633.2,1170.58
2020-08-14,289,56,4569.79,3161.49
2020-12-12,27,61,2970.01,3229.42
2019-03-25,367,72,2610.04,1839.62
2021-06-05,59,40,1039.16,1251.78
2022-04-08,353,77,3358.87,1590.96
2023-10-14,187,98,2991.38,1966.73
2020-06-02,366,57,1037.78,5354.87
2020-03-15,80,52,1559.52,2480.86
2019-10-03,399,23,1426.74,3562.36
2022-06-14,400,61,3088.61,5929.24
2021-07-21,321,43,4736.73,2244.94
2020-08-10,177,79,4189.99,5121.32
2021-03-08,185,10,4341.95,1886.96
2019-09-23,37,35,2805.27,2960.82
2019-06-30,64,67,2973.21,1765.2
2021-08-11,201,81,788.59,4753.78
2019-06-28,79,86,3030.7,2106.02
2019-06-23,125,10,2278.66,5391.24
2023-08-12,111,75,1077.12,1021.38
2020-09-06,134,42,1435.94,3653.38
2020-02-02,340,83,3406.07,2401.16
2019-10-25,315,56,603.45,1969.11
2019-06-14,340,28,1304.79,3524.98
2022-02-21,227,99,2643.88,1442.42
2020-09-18,273,43,858.17,5712.2
2023-05-08,391,98,802.1,5184.67
2019-07-03,281,74,3002.59,1888.2
2020-12-09,120,9,4474.79,5266.8
2019-07-31,181,31,2787.38,5581.15
2019-10-30,88,70,761.73,2594.34
2020-11-24,28,62,2533.17,3669.38
2020-03-11,51,66,2044.96,2196.59
2021-07-01,356,59,2999.81,5794.87
2020-01-29,375,63,1736.13,5481.25
2019-04-28,356,99,1413.59,5362.92
2021-04-28,20,9,4164.24,5976.46
2022-05-28,311,68,1456.68,5556.29
2023-04-10,279,43,4451.49,5435.51
2022-02-02,55,29,4118.09,1018.46
2020-07-08,186,56,2200.69,4030.82
2023-06-24,312,13,3696.64,1359.38
2019-02-20,177,6,625.22,1568.44
2019-04-07,171,4,4258.04,5888.57
2021-09-01,176,12,3601.61,4967.97
2023-08-20,313,98,2331.93,1179.06
2019-02-12,156,95,4987.55,3599.98
2022-10-26,231,47,3153.46,5187.52
2022-11-28,383,26,815.82,3610.85
2022-09-05,272,31,2648.35,1611.35
2021-09-02,61,5,4455.76,1658.87
2023-01-09,284,83,1925.95,2132.78
2021-12-09,20,62,4761.74,4219.41
2020-07-01,256,100,805.23,1186.15
2020-04-18,233,93,4442.42,5649.92
2023-06-17,310,94,2530.23,3938.12
2020-07-02,147,69,845.13,4963.54
2022-05-22,151,42,1361.51,5970.29
2022-10-09,360,24,1357.33,4709.58
2023-02-04,231,11,3340.8,2473.5
2023-04-05,286,79,4690.67,3267.58
2022-10-26,100,60,4457.19,2585.91
2019-09-28,123,16,4377.45,2147.67
2020-08-14,286,44,3076.7,3417.24
2021-07-26,362,23,3069.69,2598.82
2021-06-10,386,45,2036.13,2770.55
2020-03-07,257,33,3957.28,3957.56
2021-11-27,63,83,1438.81,1035.71
2022-09-23,157,84,2743.78,2489.4
2019-10-13,211,43,739.03,5260.34
2023-06-17,276,65,3953.09,2332.16
2023-02-03,134,16,1945.06,3459.5
2020-09-10,154,42,3399.61,3172.14
2021-05-12,328,7,3668.28,5655.67
2019-11-22,13,40,3728.86,5479.02
2023-08-06,224,72,1704.19,2728.34
2019-02-21,298,34,2652.13,5986.33
2022-10-18,374,73,2105.45,1533.95
2021-06-21,316,41,2514.5,1735.98
2020-08-15,30,19,3960.63,4515.61
2022-01-28,24,58,2692.34,5773.97
2021-11-16,302,11,727.06,5411.99
2023-11-29,201,59,3110.25,3370.08
2022-09-09,310,25,759.95,2077.01
2020-10-19,162,58,4922.9,4406.72
2022-08-17,4,18,2136.72,1449.93
2020-08-23,43,96,1008.41,5062.97
2022-08-13,264,96,4409.33,2524.73
2019-12-11,334,91,3755.21,2982.63
2021-12-02,287,49,4865.06,5385.42
2023-09-25,145,64,1390.07,2867.78
2022-03-05,287,54,4813.55,3907.43
2023-06-16,130,79,2989.75,4075.68
2022-01-01,87,49,1888.98,5250.2
2023-01-12,34,13,1087.51,5844.24
2022-06-27,19,44,3141.35,3916.62
2019-02-21,33,18,3501.56,3887.14
2020-02-22,390,8,3786.25,3845.18
2023-09-01,172,97,4766.86,3278.78
2023-03-01,302,6,4723.4,1811.09
2020-12-22,176,41,4326.39,1978.5
2022-12-23,272,69,2849.72,5744.86
2020-03-10,25,89,1636.75,1308.75
2022-04-08,111,69,1276.27,5010.94
2020-12-28,243,63,2752.24,3944.82
2020-09-03,218,82,846.75,2714.7
2022-12-09,396,29,4607.73,2506.44
2022-04-19,367,68,4463.84,5466.14
2019-02-21,39,67,1888.53,1701.9
2021-12-23,133,41,3481.23,2395.38
2019-11-19,202,96,3971.99,3706.89
2020-08-16,120,100,3016.19,1719.15
2019-05-12,287,28,3375.93,5167.3
2019-04-17,195,38,2835.1,1485.4
2019-12-30,301,11,1309.47,3386.62
2020-08-28,331,8,1690.68,3073.23
2022-12-26,209,38,4150.51,3152.21
2023-09-15,130,87,3781.21,1814.6
2023-11-25,345,65,2458.49,3450.2
2019-06-26,253,62,4439.46,4016.92
2023-04-18,362,50,2888.57,2348.72
2022-10-29,231,19,2462.97,5536.22
2019-09-21,344,10,1732.14,1260.23
2021-08-25,342,53,2372.17,1969.17
2021-08-18,279,55,3831.85,4983.01
2019-08-08,337,6,2041.99,3771.09
2023-02-15,204,36,1663.75,4146.7
2022-05-27,272,58,3754.32,3164.67
2022-03-30,126,57,4005.2,5936.52
2023-03-16,234,50,1717.45,5655.09
2020-09-01,350,46,4282.57,2041.63
2020-12-22,362,46,4902.9,3864.03
2023-04-22,382,61,4648.22,2793.72
2023-09-27,378,91,4306.19,5537.57
2019-09-03,192,86,1434.52,3561.74
2019-02-07,327,99,4414.37,5434.12
2021-12-14,10,66,2953.01,2375.16
2023-07-09,329,3,593.8,2211.33
2022-10-08,64,24,2721.86,3681.82
2023-11-11,65,92,3636.29,2830.32
2020-12-06,96,95,2603.59,3410.38
2021-07-03,371,42,4874.59,1532.18
2021-07-09,357,87,4572.69,5131.58
2022-08-12,211,93,625.75,4380.05
2023-11-21,40,38,653.3,1055.48
2019-05-15,108,39,1799.03,3110.43
2022-04-04,77,98,3634.03,4402.73
2023-05-27,33,31,3668.69,2107.18
2023-03-10,142,62,4859.63,2850.16
2019-08-02,318,74,2856.83,5954.41
2023-07-03,262,93,1898.76,3799.38
2021-05-01,381,14,4098.92,1760.9
2019-02-10,89,65,3683.79,4053.54
2019-10-16,352,92,3648.79,5966.18
2023-07-13,221,76,4953.99,1586.23
2020-07-13,242,82,2924.84,4500.54
2022-09-18,102,17,2986.03,4009.17
2022-01-15,29,19,2250.76,4908.46
2023-09-09,143,51,2935.9,1464.82
2022-04-07,349,38,2768.21,5141.24
2019-04-17,265,3,1106.55,2557.32
2019-09-26,186,94,4600.74,5432.23
2020-01-23,332,80,4556.62,5381.88
2023-03-07,279,3,662.39,3813.09
2022-08-15,70,55,2046.17,4171.06
2021-03-19,99,100,3675.27,5167.8
2021-10-24,395,20,2326.06,5314.43
2021-07-03,106,47,4434.1,5683.5
2020-12-22,96,83,2610.58,1156.39
2020-02-02,107,57,3195.11,5739.55
2020-06-24,73,90,2338.36,5431.47
2021-01-21,61,94,2888.43,3900.81
2021-04-23,338,62,2111.18,3061.18
2020-01-01,329,74,1548.49,3602.35
2021-12-26,340,99,1850.25,2668.45
2022-10-30,316,90,1772.8,4969.29
2020-04-14,203,45,4957.27,4711.59
2020-07-17,86,23,3414.0,4219.22
2019-11-20,167,65,920.81,4966.26
2022-04-26,158,6,4391.37,1082.79
2022-07-28,131,79,3119.06,5654.96
2019-10-18,162,33,1172.83,4671.21
2021-07-06,355,55,1013.15,2232.44
2021-10-20,297,69,2515.92,5999.26
2021-10-18,232,10,3399.1,3994.17
2023-03-06,168,7,905.88,4243.72
2019-03-17,60,76,4842.64,3877.81
2021-06-08,33,14,1036.23,3433.87
2021-05-10,300,46,2347.05,3588.77
2021-02-10,82,56,1234.39,1467.95
2022-08-18,249,27,3863.02,3779.69
2023-03-03,314,42,558.48,4457.12
2021-01-09,123,19,3556.15,4981.61
2021-10-10,45,90,3992.01,5229.45
2019-09-27,175,100,2380.76,1749.79
2019-09-02,356,3,3182.16,3214.29
2022-11-24,137,5,4639.32,3272.7
2020-04-08,126,7,2068.55,1310.67
2023-12-01,146,98,2059.88,3863.49
2020-04-19,294,32,3326.91,3947.94
2019-01-31,32,50,1653.73,3727.1
2021-04-10,332,74,1459.34,5585.37
2020-05-06,126,51,4718.81,2059.23
2023-06-27,386,54,4114.12,1886.98
2019-07-10,216,65,3063.23,2162.71
2022-07-02,40,100,3012.17,1350.54
2023-11-15,245,65,3442.88,3289.6
2021-11-26,296,59,1974.89,2439.59
2021-12-09,343,22,4209.22,1432.17
2021-01-27,359,32,1979.63,4862.41
2019-10-20,357,37,2489.75,5273.4
2022-03-26,383,7,2211.07,3906.48
2022-12-26,196,99,1653.04,3384.85
2019-04-13,125,9,1096.62,2116.63
2023-08-18,150,39,536.74,3166.15
2023-03-01,250,66,2311.34,1949.8
2019-11-16,65,98,1943.49,5907.21
2021-10-10,249,80,2033.51,5344.39
2022-04-27,288,91,1272.3,4029.87
2022-10-02,392,96,4584.27,2847.13
2021-07-23,220,60,4315.87,2831.67
2021-02-20,277,10,3744.81,2097.19
2019-11-05,114,29,4216.52,2590.02
2021-03-27,314,87,2361.01,2925.89
2021-06-01,101,3,4157.41,5194.88
2022-04-16,245,28,2941.18,2123.19
2022-06-23,211,61,3960.85,3706.24
2020-01-11,301,41,2533.75,2243.87
2019-12-01,289,98,2709.92,3829.92
2022-04-19,397,3,4786.23,1341.22
2020-09-09,79,99,593.56,1523.73
2022-09-23,304,88,3987.29,1361.77
2023-03-04,133,51,3758.08,4123.82
2022-05-01,184,80,3186.01,3508.98
2020-12-11,127,24,3318.8,3701.47
2021-08-30,184,12,3867.43,3508.33
2022-12-09,203,26,2089.1,2349.07
2019-05-25,6,30,2426.2,1072.16
2023-09-10,122,69,2967.87,2954.3
2021-02-18,60,76,4514.63,2473.43
2021-04-07,92,87,3709.91,4897.4
2020-01-08,397,33,4393.58,1297.07
2020-04-20,56,2,2319.83,1070.39
2020-12-09,71,40,3885.59,5612.87
2020-01-29,194,47,2582.71,5431.32
2022-06-08,52,8,3127.74,3081.17
2020-02-04,352,74,3047.59,1362.68
2021-12-01,23,30,2781.97,4816.76
2022-11-24,262,17,3279.12,4743.62
2022-06-29,85,87,3500.61,1696.9
2021-11-18,45,79,4366.01,5609.8
2022-04-10,2,21,3237.68,2251.68
2022-05-15,19,54,4473.66,5832.7
2021-05-07,214,45,1584.27,5300.02
2023-06-02,167,29,1592.49,4871.56
2019-06-12,92,25,2020.44,1097.43
2020-07-27,298,57,3729.62,1375.99
2021-03-18,183,82,4617.54,4341.71
2021-09-21,391,100,4046.16,5433.68
2020-06-09,181,30,4085.42,3464.15
2021-10-14,293,99,4016.25,3496.39
2020-11-06,99,14,4601.48,4811.63
2023-03-26,63,15,602.38,2274.58
2023-12-23,76,93,1511.02,2817.8
2019-03-24,43,24,4905.77,3198.59
2019-01-20,345,55,4576.46,2010.98
2019-12-14,332,25,569.56,5236.51
2022-08-15,332,43,4483.41,2132.72
2021-07-14,128,89,1299.67,5184.29
2022-10-28,278,71,2773.6,5466.36
2023-10-29,300,30,2726.94,3533.53
2021-05-17,89,93,2207.79,1555.21
2020-07-21,309,17,2326.68,4119.79
2019-11-30,322,29,1494.85,2837.98
2021-02-25,371,38,1714.51,2892.28
2020-10-18,366,58,1891.51,3684.83
2019-01-28,105,11,4738.68,4450.74
2023-09-23,380,91,705.67,5169.34
2019-03-24,324,48,2199.57,1845.71
2022-03-06,67,10,2328.42,3265.38
2020-03-21,151,6,3554.22,2647.74
2021-05-16,141,87,887.04,1782.54
2022-08-05,162,25,4444.16,3592.68
2020-05-18,30,1,1483.75,4366.26
2023-06-03,247,33,4853.59,4489.92
2019-03-30,31,95,4659.5,1055.7
2020-06-30,241,51,2032.1,3335.83
2022-01-28,374,97,799.79,4864.18
2019-12-14,5,23,1001.52,2703.89
2022-11-19,200,84,1554.09,2375.25
2023-07-06,118,98,3416.95,2861.24
2020-01-14,130,63,2513.05,1214.34
2021-02-16,125,8,4145.68,2003.74
2023-06-30,226,18,4945.38,5046.28
2020-02-05,362,21,3193.4,5861.96
2022-10-23,284,31,1811.68,3655.7
2023-06-15,93,76,2114.64,5515.41
2020-06-30,306,9,4718.26,4364.63
2023-08-03,400,60,1554.37,4577.53
2021-05-08,362,33,4440.26,1747.4
2023-11-21,383,56,517.73,3616.34
2023-04-19,78,9,1731.86,4947.19
2022-10-22,115,59,1358.5,4112.12
2023-06-15,183,67,3341.11,1019.53
2019-01-19,170,39,1105.3,4200.69
2022-04-17,284,63,3449.33,4466.99
2022-11-05,167,28,2632.47,1729.26
2023-03-14,4,34,1358.37,2230.93
2022-04-03,239,84,3407.08,2877.74
2023-12-29,106,65,3808.81,1373.72
2019-09-15,266,77,3205.06,5848.0
2022-07-29,170,30,3054.97,5748.4
2021-06-06,50,61,4569.74,4028.71
2020-12-07,5,43,4914.49,3242.77
2019-01-21,74,57,4620.19,4823.07
2022-07-14,81,13,3419.34,4851.08
2023-12-29,158,14,4616.05,3901.31
2019-04-20,6,92,4688.56,4647.1
2023-08-06,358,89,2614.74,4052.17
2020-08-26,290,100,2248.34,4526.37
2021-10-01,254,86,1800.13,3006.23
2019-03-29,214,13,4572.46,3701.91
2022-07-27,388,15,3225.3,2329.22
2021-03-22,364,22,511.05,3548.55
2020-09-09,352,99,1793.07,3829.86
2021-11-13,150,61,3742.85,1255.68
2020-05-16,50,92,1850.19,2015.83
2020-02-24,35,17,4681.46,4287.29
2023-03-06,272,96,4463.64,1536.43
2022-02-26,395,39,2124.35,1172.2
2023-02-03,103,68,2793.09,3365.22
2020-08-21,294,74,1502.17,1759.51
2021-06-25,178,41,4718.68,3567.01
2020-08-22,249,30,3828.86,1331.11
2023-06-15,341,4,2955.94,5584.84
2022-04-09,229,18,3798.25,5728.72
2023-04-02,384,17,1744.68,4653.97
2020-07-04,145,66,3769.73,4305.24
2021-10-28,158,65,2133.46,3033.18
2021-12-22,42,54,3774.5,1343.28
2022-06-23,14,86,4821.51,2746.68
2021-11-13,104,28,2094.02,5642.61
2021-09-16,293,70,863.24,3818.67
2019-08-19,394,62,4645.31,5991.81
2023-12-08,250,48,796.56,5124.2
2020-07-13,137,25,614.52,4630.39
2019-09-20,92,10,1200.91,2998.62
2021-06-12,255,91,2985.31,2629.86
2020-07-02,356,2,3454.39,5876.27
2021-09-02,341,100,4283.96,1763.95
2019-04-23,177,87,1597.51,5415.8
2023-10-01,74,4,1922.45,1995.37
2021-05-11,196,73,869.59,2625.2
2019-04-05,134,7,1093.38,1290.31
2023-11-21,81,54,4565.54,2613.29
2019-02-08,41,70,4188.72,5258.27
2023-04-14,162,23,675.24,5358.74
2019-01-05,228,75,1133.9,3501.89
2020-02-13,325,91,4380.72,1189.85
2021-06-01,223,4,4773.2,1550.79
2021-03-06,120,77,3735.5,4776.47
2021-05-29,264,36,1554.1,1570.39
2019-08-28,346,42,2529.86,5424.47
2022-02-19,74,43,664.75,3770.33
2021-03-19,18,74,882.42,3563.58
2022-07-02,189,29,1167.35,5921.92
2019-11-01,299,11,1282.27,1654.17
2023-12-07,86,32,1098.79,2577.32
2019-12-01,300,88,574.82,1109.58
2023-09-19,334,63,2240.16,2917.29
2019-07-16,64,13,1471.97,4017.05
2020-09-28,27,44,1157.47,4885.18
2021-01-30,80,48,1832.13,3736.43
2023-07-22,67,5,2098.25,1198.0
2022-08-10,56,69,2669.73,4591.41
2020-04-01,257,34,3080.63,5875.25
2020-05-15,96,35,1604.14,2010.51
2019-06-25,81,44,2725.94,1791.4
2019-11-09,177,53,3799.02,4976.54
2022-04-01,295,36,1256.67,3221.87
2019-03-06,362,63,878.0,5626.69
2021-05-09,215,60,2379.1,4154.48
2022-05-26,38,45,684.36,5076.95
2020-10-10,15,14,3461.32,2014.16
2023-10-04,202,92,2918.2,5876.09
2023-07-03,88,51,2763.6,3268.68
2020-06-27,335,97,3030.51,3025.47
2021-04-01,93,95,1395.24,5233.01
2021-10-21,98,83,2336.36,4756.38
2023-04-20,377,36,2317.28,5657.38
2023-04-16,233,10,4720.91,4530.35
2023-09-19,319,47,3386.63,2605.64
2019-02-13,361,24,3588.4,2037.32
2021-07-14,239,73,745.48,4855.44
2023-08-03,352,3,1696.77,3377.96
2019-10-10,65,40,788.25,5699.25
2022-09-26,276,52,654.69,1422.89
2023-11-19,22,66,1266.39,4480.32
2022-12-17,173,92,1612.52,3170.58
2022-11-26,345,83,2661.15,2414.26
2021-05-29,43,91,4871.33,5688.92
2022-07-28,282,32,987.33,2158.13
2019-09-29,394,50,1405.77,2192.73
2020-04-20,1,97,4456.05,2970.18
2022-02-15,259,10,2029.1,4184.26
2019-09-12,268,9,2774.84,3335.38
2021-05-23,355,32,941.87,3100.69
2019-01-05,210,87,4806.2,2415.28
2019-10-30,144,59,1704.07,2737.69
2023-11-23,287,75,4598.98,4624.59
2019-05-23,37,80,1015.19,1345.97
2020-08-28,114,54,4810.06,3605.65
2022-01-27,343,16,1746.39,5515.31
2021-05-02,176,65,4992.72,5475.29
2021-02-18,202,62,1162.63,1427.12
2020-11-24,313,45,1782.26,3550.75
2021-05-02,204,70,3234.19,5892.78
2021-05-09,298,76,1375.61,4818.84
2020-11-10,13,21,4221.72,5986.61
2019-07-25,350,9,4928.04,3551.69
2023-11-03,207,12,2361.91,3920.16
2019-05-24,282,74,2962.88,2080.03
2019-07-30,271,37,1548.99,5169.83
2023-10-30,357,60,3149.26,2089.58
2023-02-24,145,68,2610.43,1589.13
2021-05-15,67,93,3129.13,3622.87
2021-08-31,72,81,4151.84,4390.7
2020-09-12,81,59,4399.31,5113.06
2023-03-11,244,34,3942.24,3088.97
2022-09-12,258,66,1458.0,4953.02
2022-09-15,55,100,2243.64,1122.09
2021-03-24,353,50,2275.16,3323.43
2022-12-30,320,37,1385.03,3376.92
2023-04-10,35,58,593.39,3266.58
2020-10-20,190,21,2818.23,4071.93
2019-06-11,68,47,956.06,1321.82
2021-01-06,347,8,1516.38,4186.64
2022-08-03,325,52,4238.13,4380.08
2021-10-23,218,32,3037.18,3258.79
2021-05-18,81,13,4067.79,1521.39
2019-09-21,53,83,4867.36,5615.14
2019-01-26,341,9,4148.72,4387.43
2020-04-15,37,60,1253.54,5749.17
2020-12-27,97,54,4142.55,5460.25
2021-02-20,278,88,3993.92,5424.81
2020-06-15,124,70,3184.45,1995.64
2022-06-03,261,33,2209.17,5926.37
2021-10-06,213,58,2452.29,1766.75
2020-02-27,324,78,1073.03,3243.67
2020-09-04,61,15,3035.08,2865.34
2022-06-25,209,3,910.85,5972.53
2022-01-17,148,5,4510.43,1962.66
2021-10-14,33,15,4694.57,5557.25
2022-10-23,7,1,3534.87,1785.72
2021-03-25,50,34,2857.52,3655.83
2021-12-28,364,26,2514.24,3177.38
2022-03-23,168,100,4500.04,2343.08
2023-12-04,83,29,2457.72,1636.81
2023-09-01,172,7,4292.71,3818.99
2020-03-14,256,7,1173.72,1496.67
2019-02-05,316,13,762.59,2565.55
2019-08-13,275,68,1038.45,3852.9
2023-02-06,157,76,4976.78,3110.43
2023-11-23,354,58,1157.28,5481.11
2023-02-05,35,29,3905.74,1465.92
2023-07-10,384,16,2831.29,1710.45
2019-02-11,60,44,2596.37,2703.13
2020-09-28,288,40,3693.14,3905.46
2023-10-16,350,66,4227.6,2603.19
2023-05-23,344,65,4663.83,3593.58
2020-05-24,10,79,1983.89,5679.09
2020-10-07,183,87,3555.75,1228.36
2019-04-12,257,32,2456.31,1516.91
2019-08-22,185,68,3633.36,1692.37
2023-07-14,164,79,1569.0,1435.75
2022-07-30,279,12,1613.75,5734.99
2020-09-15,221,38,1620.24,1022.44
2020-06-11,79,43,2899.5,2122.99
2019-08-27,126,38,2188.39,4630.17
2021-09-09,161,33,856.69,5086.09
2019-10-12,370,12,1782.3,5139.04
2023-05-22,194,37,4161.7,2637.54
2023-10-10,113,22,1371.22,3065.86
2021-03-03,109,69,4284.16,4484.83
2022-11-04,122,42,711.18,3177.93
2021-09-27,58,11,1826.27,1339.74
2019-12-13,385,8,4519.49,1130.61
2020-01-14,151,10,3553.41,1262.8
2020-02-15,306,37,4475.34,2933.11
2021-07-21,319,68,4818.15,2697.35
2023-03-20,70,99,4628.62,4824.2
2022-07-29,246,85,3435.42,4409.16
2019-01-30,366,74,3002.85,4364.29
2023-07-06,222,56,1559.05,3227.66
2020-01-24,112,55,1826.08,2975.19
2020-08-14,358,17,1509.97,3470.26
2020-05-27,43,22,1258.86,1796.41
2019-12-03,314,48,796.38,1724.29
2020-02-15,350,76,2565.66,3492.95
2021-01-06,69,49,4811.33,2478.25
2023-07-13,14,4,3176.01,4388.36
2019-05-06,161,29,4619.67,2535.39
2021-04-27,121,32,2089.82,1633.36
2023-04-20,157,25,877.7,5664.83
2021-12-25,142,7,4302.56,3628.95
2020-10-24,219,87,4811.4,3894.65
2019-07-22,326,57,2812.91,5998.26
2022-10-25,75,27,3438.87,3753.76
2020-07-17,393,47,4985.78,5775.44
2023-08-30,176,34,1806.62,4076.32
2023-09-02,254,55,918.04,1908.01
2021-03-07,377,61,869.02,2961.56
2022-01-09,303,70,1845.24,2637.4
2019-03-15,165,94,4609.15,1340.06
2021-09-13,253,78,1212.0,2100.24
2022-06-11,325,18,2067.98,2676.56
2019-01-14,374,52,2096.33,3232.11
2020-02-07,337,33,4245.14,3183.78
2019-11-07,49,31,1122.89,3942.12
2019-07-24,165,30,2617.36,2219.67
2022-07-28,380,66,3132.78,1382.79
2023-09-09,161,39,1421.63,4701.01
2020-03-15,298,87,4830.89,2008.31
2021-09-27,45,75,2792.81,3966.36
2022-12-27,138,11,3027.31,2486.49
2022-02-17,175,47,4458.61,1883.52
2019-11-11,39,22,1703.9,4736.6
2020-03-25,222,93,1214.23,2797.17
2022-02-21,48,10,1305.32,3573.74
2020-10-07,172,34,4109.26,3726.41
2019-02-19,388,83,3147.56,4410.7
2021-12-03,106,38,2299.47,1002.58
2023-09-20,134,81,1829.64,1191.68
2020-02-02,329,75,1145.33,1063.64
2020-01-08,244,38,2645.77,3567.96
2022-09-13,219,86,3528.88,5864.94
2020-08-05,177,63,2848.37,4947.91
2023-10-03,365,60,4093.23,3391.13
2019-08-08,170,40,2451.28,3659.76
2020-04-13,357,35,1369.92,4896.34
2019-11-22,31,84,649.49,5019.43
2022-04-27,288,96,3018.02,3702.83
2019-01-03,25,2,3968.32,5634.77
2021-07-19,389,52,4773.5,4103.13
2019-12-02,261,15,1295.84,3924.11
2019-11-20,258,60,731.62,5772.71
2022-02-16,135,33,732.28,4485.17
2021-09-01,271,22,2437.32,1031.46
2021-10-09,221,59,1151.5,3468.57
2021-05-19,316,41,1090.46,5705.07
2022-11-17,33,13,3067.96,2476.59
2022-01-15,29,61,2919.89,1844.33
2019-04-05,71,18,3150.1,2173.41
2020-02-10,8,86,2986.64,4792.75
2022-02-13,235,21,2392.76,2232.94
2022-03-31,183,59,807.24,3165.03
2023-09-15,14,63,1517.3,5326.89
2022-04-08,215,85,3615.04,5589.65
2022-01-22,359,17,864.92,4660.23
2022-10-08,366,74,3273.35,2568.15
2023-06-21,232,72,3499.29,4419.22
2022-05-02,234,1,3286.8,5043.49
2019-08-23,235,3,4413.64,1725.66
2020-06-16,19,93,3895.53,4231.9
2020-04-13,294,55,3324.83,3575.41
2021-08-18,346,66,3552.68,2529.79
2021-05-11,202,11,4621.84,2141.25
2020-11-25,104,28,2163.78,2531.55
2019-03-24,32,84,732.02,2901.1
2023-12-23,84,61,2356.2,4983.59
2021-06-04,308,54,3356.3,5327.08
2023-09-08,216,58,795.28,5159.45
2019-03-07,82,77,1141.49,2534.34
2020-12-27,2,89,3731.77,1844.24
2020-10-16,11,3,4358.81,5409.62
2019-11-26,105,32,3319.93,5074.67
2019-10-06,4,97,4625.64,5986.89
2021-04-03,340,99,2178.19,1247.71
2022-01-31,135,23,3215.8,2176.2
2023-04-08,222,26,4313.31,1403.76
2020-09-07,29,48,3318.99,2653.64
2022-09-19,281,90,1895.99,4617.71
2023-10-07,263,37,672.34,5764.58
2020-01-19,350,72,2888.79,4931.5
2021-08-02,74,55,2401.35,2087.33
2021-11-02,79,46,1411.52,2364.11
2021-11-05,73,20,4401.59,5026.47
2023-09-09,179,86,4631.72,1140.11
2019-09-08,209,75,613.02,3345.7
2022-04-05,224,49,805.28,5133.3
2021-06-12,372,78,4678.05,4939.15
2023-09-12,191,24,2986.51,4954.73
2022-08-26,211,24,2836.44,4079.69
2020-02-10,339,82,3612.08,2017.09
2021-07-03,95,64,2371.93,3511.01
2021-09-26,248,88,1843.95,1692.86
2019-04-10,191,2,4809.82,3671.87
2021-02-06,299,18,1801.45,3855.38
2019-10-18,216,5,2939.58,4156.31
2022-07-28,168,31,3496.0,5051.84
2022-05-24,363,81,3261.86,3538.94
2020-09-30,144,88,3222.15,1388.32
2023-09-21,322,8,2620.51,5597.6
2021-11-22,200,75,4835.38,3427.53
2020-05-07,140,42,874.09,5651.58
2021-05-26,197,19,819.93,4643.94
2019-05-23,119,94,4051.47,1050.82
2021-06-24,222,5,889.16,5959.47
2019-09-28,316,11,2605.56,2189.43
2022-01-07,149,83,3375.96,1635.23
2022-03-06,52,65,1806.31,1232.62
2022-12-22,343,95,3339.56,4894.89
2021-01-26,235,88,4300.25,3139.16
2022-04-15,395,88,4304.21,3377.77
2022-04-01,303,27,1018.62,3868.27
2021-03-05,64,76,3893.03,5994.83
2020-03-22,377,71,4592.04,4170.09
2020-10-03,81,4,730.24,2920.3
2022-07-30,222,96,888.98,1951.78
2023-06-04,75,56,3532.06,3654.8
2021-03-02,58,23,4765.71,2291.05
2020-06-10,258,68,2933.94,4040.51
2019-05-27,341,22,2591.9,3393.04
2021-09-23,282,69,1302.16,2038.25
2023-01-25,381,44,3583.6,5212.18
2019-12-22,262,73,3110.1,4913.06
2023-02-28,124,60,1520.12,2095.06
2022-09-25,108,63,2569.41,5742.61
2022-05-25,55,18,4195.32,3454.39
2019-06-03,365,63,4703.28,3309.09
2019-07-18,46,54,3978.6,4667.26
2019-03-16,305,27,2249.73,1812.82
2022-09-03,5,18,1678.98,4439.53
2023-10-05,69,48,3495.67,1475.14
2020-09-08,172,88,2351.2,5777.78
2022-01-24,268,64,3366.42,4076.0
2022-10-13,42,68,1409.35,5646.81
2021-09-26,322,69,3976.0,5648.37
2019-11-15,302,24,3990.78,5934.74
2022-12-31,112,42,3675.23,3176.75
2020-05-22,9,29,4982.34,1431.42
2023-01-01,282,6,3865.28,1607.2
2023-06-25,367,32,905.45,4834.42
2019-04-12,324,84,986.8,1833.26
2023-06-26,116,58,4554.85,4582.75
2022-01-20,117,73,3183.71,5085.96
2019-01-20,134,26,3557.93,1662.28
2020-01-23,9,68,2125.6,1837.18
2021-06-27,101,43,4468.39,5368.01
2021-08-12,267,28,1256.82,2822.43
2022-11-25,200,8,4653.64,5823.38
2019-08-20,362,14,796.86,2814.62
2023-02-19,389,53,1902.04,3412.28
2023-10-11,323,27,4871.73,2503.88
2021-07-18,112,39,1409.2,1448.04
2019-01-31,243,96,1900.56,5198.04
2020-12-26,82,49,1526.58,4651.58
2023-10-17,158,80,2593.72,3974.23
2023-04-03,385,73,4603.65,3759.74
2019-04-11,280,48,1247.55,5479.34
2019-09-23,79,3,2652.9,2101.91
2021-06-26,193,33,1639.44,5817.15
2022-12-28,393,47,2432.73,5267.87
2021-10-18,321,68,689.71,1203.94
2022-07-28,132,46,3718.76,4869.02
2019-01-02,324,40,591.85,3611.04
2023-06-20,89,48,4366.67,1193.5
2023-07-05,159,1,631.04,4985.25
2021-08-08,267,25,3522.19,1916.18
2022-11-28,316,75,2148.75,3772.24
2022-01-14,189,40,2260.43,4834.25
2022-01-04,92,20,1693.92,1381.4
2020-06-05,350,83,3454.04,5843.13
2023-09-18,256,62,1213.78,5004.18
2022-10-24,351,84,1169.03,3563.25
2020-04-13,126,40,2336.59,2063.81
2019-05-01,174,81,2322.85,3036.29
2022-07-19,360,82,4851.19,2201.35
2022-05-05,181,24,2399.14,4031.36
2023-03-06,370,100,4123.18,4322.33
2021-03-22,110,46,1065.41,4788.02
2023-09-14,111,37,650.52,3091.33
2022-06-28,3,2,4397.71,5684.5
2020-10-04,19,33,4628.85,5653.6
2022-07-11,149,58,931.02,1448.28
2022-09-01,64,54,3612.17,3352.82
2022-09-23,311,97,2414.49,4887.09
2020-11-12,216,79,2138.48,1034.75
2021-02-14,156,59,3969.36,1643.65
2021-07-18,97,79,4567.02,2221.38
2020-06-13,57,50,2197.68,1674.36
2022-05-12,174,75,4056.45,4446.7
2022-11-11,33,41,3275.82,4927.32
2021-04-04,110,92,1072.34,3358.84
2022-06-28,165,44,2684.0,5190.77
2020-06-27,73,65,3707.04,1278.16
2020-07-10,267,95,1928.67,2583.96
2023-08-09,308,45,1098.76,2690.97
2019-05-19,247,33,3670.86,4424.58
2019-04-19,157,36,1680.32,1300.78
2022-04-07,19,42,2810.09,5006.64
2020-09-22,300,60,2208.95,3204.01
2022-07-01,108,87,2271.41,3711.18
2021-05-21,159,27,2769.6,5531.56
2020-03-23,88,99,4370.05,5626.97
2023-05-09,203,85,2100.73,3077.75
2021-09-25,396,93,2761.99,5690.55
2021-11-11,243,85,1070.55,4909.52
2019-04-20,315,73,1510.59,5961.22
2021-07-12,301,27,3667.54,3083.02
2020-02-19,105,22,1854.98,2616.45
2023-10-26,166,78,1054.92,5249.56
2020-05-31,214,87,931.56,4386.69
2023-08-15,85,38,3223.47,3780.31
2023-03-25,206,35,4781.38,2752.53
2020-11-20,38,10,3934.57,5196.43
2023-10-31,97,99,2455.18,4760.49
2022-08-16,15,7,1189.6,3277.18
2023-09-05,178,82,2902.66,3281.61
2021-01-17,14,52,4384.66,1715.07
2020-03-13,21,76,1552.95,3915.63
2021-07-10,15,46,3212.22,2113.55
2020-04-05,330,48,1519.58,1850.8
2022-12-25,290,97,2883.4,2862.54
2021-02-14,188,90,571.51,1733.28
2023-08-12,232,86,3375.11,4049.71
2022-03-07,370,4,635.75,4136.59
2019-10-19,295,7,3245.56,4186.72
2023-09-17,366,31,943.57,5476.3
2019-02-20,129,75,4448.36,5839.12
2022-02-28,145,27,4442.57,2855.8
2019-01-28,132,26,4063.6,1347.73
2020-06-29,98,43,3445.75,4486.24
2023-09-27,24,45,1333.0,4112.97
2022-02-01,180,33,4677.73,1102.49
2022-01-04,312,98,3194.59,2323.77
2020-09-29,290,43,1702.16,5551.67
2020-10-02,250,65,3898.08,2361.7
2021-10-08,65,84,2235.53,3181.32
2023-08-14,123,8,1827.21,3115.49
2019-11-21,99,56,3158.88,2491.75
2021-12-04,253,44,1837.48,1817.99
2022-04-02,375,88,3077.33,5775.14
2021-08-04,289,80,827.61,1123.16
2019-04-26,298,12,1274.5,1411.15
2019-01-28,324,8,862.68,5217.34
2022-12-22,204,2,4177.49,2374.47
2023-07-14,275,54,2170.68,2433.89
2019-01-06,251,75,671.02,1285.01
2020-10-17,15,12,2646.46,2802.62
2022-05-14,270,78,3754.17,1215.77
2020-03-25,210,41,1151.65,3612.19
2019-09-20,397,25,1718.73,2065.88
2019-10-14,312,97,3251.54,5626.76
2019-09-18,57,22,1625.04,2574.32
2021-02-05,115,59,3615.47,4435.01
2022-03-11,105,94,4966.7,2273.2
2021-08-28,30,23,2517.83,2259.16
2023-11-24,375,77,3471.2,5742.89
2020-03-06,345,54,4270.27,5096.99
2019-09-17,263,26,4901.95,3275.17
2023-09-05,292,31,4473.96,5072.14
2019-03-03,194,70,923.7,3408.99
2023-12-26,357,56,2655.03,2112.46
2020-10-23,283,41,3139.07,2706.12
2022-08-02,322,84,4161.46,2430.76
2019-03-21,21,78,1474.63,5173.54
2021-06-10,277,25,4289.93,4251.21
2019-03-12,379,86,4416.88,5979.26
2021-11-19,206,82,1425.03,1008.45
2021-06-05,136,84,1281.29,3784.87
2020-01-13,174,22,3392.02,5873.2
2019-01-22,297,51,4917.1,1691.02
2020-08-22,144,7,4796.31,5738.68
2019-05-10,288,32,3961.66,2706.82
2023-05-08,97,96,2013.98,4444.19
2020-02-20,349,78,4191.42,1235.3
2021-07-06,32,40,1597.75,2995.03
2023-12-22,214,85,1559.45,4318.32
2020-10-28,219,17,2802.97,1568.02
2021-06-10,61,3,4053.74,1641.58
2023-08-21,67,28,3266.44,5597.96
2022-01-03,61,66,4884.2,5527.43
2020-06-24,225,34,3026.89,3291.65
2022-02-19,243,31,3385.42,4335.97
2021-11-15,291,45,2412.59,5819.78
2020-03-04,280,54,904.14,2934.47
2021-03-20,35,40,3249.48,1799.08
2020-01-15,321,66,1822.48,4062.31
2019-04-07,45,26,4920.53,2834.83
2022-11-30,83,11,1753.28,3389.82
2022-12-19,221,67,2742.67,1463.58
2023-07-29,375,16,3879.14,4527.08
2020-06-23,216,82,1034.06,4265.02
2019-11-24,44,41,4830.61,5396.63
2021-02-16,25,22,785.71,2953.95
2022-03-12,298,92,1484.23,5899.52
2022-08-20,92,51,4177.17,1787.02
2023-09-09,274,35,1157.99,1670.37
2022-01-23,3,24,3722.11,2326.36
2020-05-23,292,75,3396.55,4982.43
2023-05-31,398,97,3185.46,3394.44
2021-03-28,390,2,2084.09,5622.75
2019-03-13,339,4,4992.32,1301.09
2023-04-11,396,91,2104.57,1363.92
2020-03-22,382,57,3017.38,5408.96
2020-05-26,282,62,4918.27,5169.57
2023-01-22,283,45,2291.74,2412.74
2023-08-31,51,71,4139.17,4359.96
2021-08-07,43,36,2688.22,4803.47
2020-08-26,381,45,1691.18,3418.47
2022-08-13,161,63,1318.62,2897.81
2021-04-07,310,10,4030.55,4455.93
2022-01-05,110,6,4347.65,2863.4
2021-04-07,27,53,2948.68,1533.24
2023-11-23,213,16,1999.89,2425.22
2021-09-03,85,46,3954.02,1744.41
2021-08-06,351,12,2410.74,5889.1
2023-08-16,232,91,2008.37,3354.13
2020-03-07,31,86,543.31,1627.89
2022-08-02,247,32,1593.46,2911.54
2021-05-12,331,86,3917.14,2741.18
2023-01-26,363,71,2085.14,2622.46
2019-11-01,80,88,2353.49,5263.04
2022-02-12,204,55,2413.08,3805.01
2023-10-01,36,14,1305.52,5378.01
2019-02-07,45,89,1481.05,5292.64
2019-10-24,86,17,3684.79,3162.1
2019-05-11,290,73,1896.61,1735.53
2019-10-22,392,10,850.03,5555.48
2019-02-14,81,11,1104.49,2509.92
2021-09-04,224,50,2480.22,5189.05
2023-07-14,252,64,3181.21,1600.15
2022-10-03,84,49,3372.03,4888.77
2023-09-20,129,35,2511.8,1828.49
2022-06-06,340,63,2956.11,1228.61
2023-01-18,331,6,1704.44,5997.81
2023-02-22,94,90,2557.63,1927.67
2023-09-23,357,89,3469.55,3323.3
2022-03-19,95,29,3834.87,2545.06
2020-07-20,12,68,1554.83,4045.82
2021-10-13,382,13,1558.68,4038.13
2022-09-27,378,83,1152.38,3162.71
2022-10-16,364,91,1517.9,1972.11
2019-10-03,326,13,806.65,5051.55
2019-06-05,151,41,1255.83,1016.36
2023-05-05,127,97,1345.44,4347.45
2022-09-12,11,85,634.89,3643.84
2022-02-15,226,96,4743.16,3367.66
2019-03-30,124,69,776.27,4326.2
2020-06-15,380,49,2243.46,2545.81
2022-10-26,309,52,1421.15,3859.43
2020-02-11,374,39,681.79,4410.49
2022-06-28,167,93,2636.59,5464.05
2022-09-13,185,45,1721.49,3565.87
2023-03-24,258,71,1181.23,3011.55
2023-08-03,141,75,1091.46,2546.25
2022-06-06,271,7,2137.15,5508.89
2019-10-29,232,90,2676.13,4198.85
2020-10-09,321,61,4277.05,4763.95
2022-11-14,136,88,2854.29,4765.17
2020-05-30,183,77,1943.98,5652.24
2019-08-20,95,46,3463.22,5584.13
2019-06-20,188,74,969.23,3560.51
2022-05-21,210,73,2183.78,3849.62
2022-08-29,219,52,2173.82,2197.07
2019-05-10,34,14,1078.14,1353.18
2020-05-13,179,98,2619.13,3386.83
2021-01-03,350,28,2964.98,3921.43
2021-03-11,34,75,613.16,1542.87
2023-06-23,141,77,4460.4,2126.02
2022-08-22,178,16,2903.6,5098.29
2022-03-04,165,29,505.14,2479.03
2022-05-21,94,23,1685.39,2661.89
2022-08-05,237,41,1383.91,4629.93
2022-08-12,307,61,2514.26,5463.91
2022-10-12,153,11,1248.28,1460.62
2020-02-05,353,78,4789.18,1096.78
2019-06-08,359,69,3903.58,1378.31
2020-03-13,118,78,2151.26,4039.83
2022-03-02,24,23,3258.61,3306.3
2021-07-21,88,48,4016.6,2285.06
2022-07-01,304,1,4325.86,4995.54
2020-01-19,341,63,4075.05,5852.08
2023-08-25,299,76,4517.3,5881.24
2023-01-11,80,81,3429.69,4934.17
2019-08-26,74,30,1438.25,5875.86
2021-01-15,131,94,2664.83,3372.91
2020-04-12,244,21,3573.03,5169.61
2022-05-04,134,63,603.36,3122.25
2019-07-04,66,78,3048.85,3848.67
2023-07-18,53,3,4713.35,3836.12
2023-04-25,310,12,521.47,2201.35
2019-06-29,293,43,4445.79,1324.4
2023-02-26,395,72,4330.94,4246.5
2019-04-07,22,86,4635.04,2182.37
2021-06-24,386,37,4798.35,5825.02
2020-12-26,13,2,1142.5,1383.32
2019-06-25,388,64,3289.57,1795.61
2019-05-18,341,33,1209.04,4829.33
2023-12-21,284,53,4831.33,3410.33
2023-05-13,319,100,3780.89,1245.62
2021-08-23,36,38,1511.18,1455.0
2019-08-16,136,25,3106.78,2908.11
2021-04-26,358,60,3821.48,3571.7
2021-12-21,310,13,1279.4,4779.65
2022-08-17,305,98,4577.71,5088.63
2019-08-22,275,58,2797.74,4617.9
2022-08-07,93,1,2186.37,2013.86
2022-06-13,48,47,3073.03,5632.08
2023-03-16,322,76,3519.47,1978.35
2020-08-08,145,16,1880.94,1426.36
2019-07-02,91,32,3092.69,4894.3
2023-08-07,188,30,2108.19,2602.01
2019-01-03,59,84,2538.46,2350.91
2019-05-23,146,74,1250.12,3227.53
2021-08-31,299,72,2807.59,5464.13
2021-04-24,366,70,4918.75,2018.05
2021-10-19,254,53,3206.24,3301.85
2020-01-25,220,57,2239.52,4687.57
2023-07-05,114,15,2452.14,5908.51
2019-12-14,138,37,4596.28,1980.14
2022-08-02,329,6,3075.43,5361.0
2020-09-28,148,25,780.97,5063.82
2021-03-22,130,52,4217.65,1789.64
2019-02-26,289,93,1507.4,3454.91
2019-08-14,312,40,957.81,2889.19
2021-02-21,52,99,1269.25,2517.67
2023-08-01,384,98,1414.72,1289.86
2021-04-19,340,82,1106.11,2190.43
2020-06-25,332,10,3686.88,2333.67
2019-12-12,368,57,681.36,3113.52
2019-04-17,246,73,1367.18,2780.81
2022-09-25,39,87,1950.29,1905.83
2020-08-11,234,29,3528.2,5432.11
2019-07-22,382,9,2307.46,1448.73
2022-06-02,184,47,4017.18,3174.13
2023-08-04,317,96,1900.35,3067.02
2019-09-14,246,56,2101.95,4353.78
2019-06-21,204,47,2589.79,2983.79
2019-07-23,67,18,3723.93,4987.91
2019-02-20,159,29,2216.08,2612.52
2022-05-24,164,17,2810.53,3736.0
2019-09-07,227,42,2210.55,5958.66
2019-05-10,325,97,2979.84,3836.71
2022-05-02,126,39,831.68,5132.53
2022-05-11,255,21,2052.88,1826.34
2023-08-04,299,61,1373.74,3881.69
2020-10-05,326,19,2641.47,3965.89
2019-06-25,165,23,501.27,4543.53
2021-03-23,396,97,4003.23,2150.85
2019-03-30,63,86,4649.97,2115.48
2021-05-24,288,27,3533.65,3574.94
2019-02-06,66,20,1437.98,1887.52
2019-03-24,149,48,1333.14,4970.29
2021-08-15,105,21,2309.73,5953.02
2022-10-22,78,24,2678.76,5461.3
2022-02-20,7,66,1216.09,3300.5
2022-02-24,150,50,3802.52,1939.53
2019-11-30,167,21,2745.77,3069.68
2019-05-13,12,31,607.67,2589.91
2019-04-03,324,62,1563.97,1214.31
2020-11-13,43,70,4842.35,5999.3
2022-12-23,255,86,1770.4,4883.19
2020-08-18,7,87,3211.91,3022.03
2023-02-07,93,48,3515.7,3186.0
2019-09-05,63,72,1201.95,3066.15
2020-11-21,36,55,2585.81,4069.43
2019-10-23,139,20,2583.62,4506.68
2022-06-02,31,17,728.31,4080.13
2020-10-11,163,47,4043.84,2168.4
2020-07-31,92,80,3197.65,1104.93
2020-12-03,351,78,4126.95,3124.42
2023-09-14,263,45,673.0,4806.21
2019-12-02,287,47,2204.04,4646.62
2022-04-27,355,29,3220.12,3775.42
2019-07-24,15,98,2823.7,2162.19
2023-12-06,334,44,2857.83,5268.72
2020-04-22,225,34,4638.1,4989.38
2022-09-02,314,8,1338.02,1240.39
2021-12-29,117,30,1625.16,4393.79
2021-02-25,154,65,2818.14,1933.09
2022-01-27,175,13,3998.86,4472.75
2019-12-06,19,86,1319.73,2091.19
2019-02-11,318,13,3091.98,2832.19
2020-03-25,67,10,2997.37,1085.98
2023-03-30,185,100,3756.6,1521.39
2019-01-21,88,45,3273.09,5471.71
2022-05-05,265,24,1870.74,4971.66
2022-01-10,112,70,2007.12,3674.14
2019-01-18,251,27,3003.0,5567.28
2022-05-30,248,77,2880.31,2913.05
2019-03-16,50,83,4409.4,1958.17
2022-11-11,190,41,1521.06,5109.38
2020-04-25,340,43,730.43,3516.31
2020-08-29,44,61,1155.01,2759.79
2019-04-08,11,54,3694.37,1318.54
2022-03-11,67,40,777.03,4911.91
2021-02-12,55,36,655.52,1022.54
2021-11-11,60,93,2420.04,2673.75
2022-12-18,326,73,2596.13,3386.64
2020-11-22,258,47,1532.75,1688.56
2020-03-25,354,35,3370.83,2724.88
2020-09-25,266,42,2042.71,5059.13
2023-06-07,58,8,1299.99,5652.08
2022-08-05,235,17,618.11,2251.82
2022-02-16,299,6,576.84,4886.56
2022-10-02,156,8,3395.34,2303.94
2023-01-26,161,43,2673.94,2086.93
2021-02-10,42,32,2704.57,3773.93
2023-10-26,379,59,2480.0,3030.46
2020-02-16,121,6,783.11,4093.69
2021-09-10,339,98,3407.51,2457.77
2022-09-07,86,53,4951.42,5619.68
2019-02-26,13,90,4328.98,4844.0
2020-12-04,388,26,617.91,1962.85
2023-07-21,299,77,1186.56,4063.94
2021-03-18,275,19,4705.52,2944.62
2023-12-24,205,80,3182.35,1881.3
2019-05-19,117,34,1034.87,2093.03
2022-04-24,210,43,4430.68,4182.85
2022-10-02,322,69,2900.6,4863.04
2020-12-23,25,79,3460.67,5240.19
2021-05-16,122,34,2311.62,1643.67
2019-08-11,301,73,2069.73,3627.62
2022-02-16,108,65,3574.99,2607.01
2021-09-05,118,82,4902.07,4801.09
2023-11-02,357,44,3146.18,5321.09
2019-11-27,379,66,4748.66,3528.18
2020-10-03,245,77,1198.86,1454.52
2022-07-21,228,46,1974.18,4542.22
2022-09-21,249,95,2558.74,5119.5
2020-06-15,139,70,3709.7,3503.33
2019-12-18,112,56,2831.49,1196.33
2020-04-14,52,31,2032.68,1093.92
2019-07-01,20,77,4556.02,3535.08
2022-12-27,238,51,535.01,5562.23
2021-11-29,245,61,4407.49,2471.25
2022-06-01,205,92,2882.9,5175.58
2023-07-25,208,57,1066.91,1495.54
2021-01-06,400,73,2626.53,1788.58
2021-10-21,108,74,2414.21,2179.15
2023-12-04,345,67,699.84,4437.81
2021-05-18,171,22,752.03,3204.04
2019-04-02,212,78,4831.02,3829.55
2023-12-18,43,84,3773.98,1176.5
2019-03-22,201,14,4965.39,2688.64
2021-08-08,392,76,4770.99,3308.96
2022-12-28,167,98,4434.75,2935.45
2023-09-11,66,27,1904.34,5216.44
2019-06-10,60,33,1159.94,1339.14
2023-07-21,51,9,4356.06,3396.0
2020-11-12,255,51,4766.73,2784.01
2020-11-27,261,30,899.36,5078.67
2020-04-11,243,11,2309.73,1323.66
2023-02-13,333,50,1949.66,5370.22
2020-07-21,87,39,1667.0,5124.77
2023-08-26,305,8,3794.87,5176.99
2019-04-05,203,96,714.9,5011.37
2019-01-08,289,74,2659.31,3530.54
2023-11-22,160,100,3947.76,3809.87
2020-03-20,3,20,4123.33,4913.43
2021-02-01,23,40,3695.29,1113.32
2022-01-16,134,13,4389.17,5824.71
2023-12-05,150,90,842.86,1878.93
2021-06-08,260,50,3544.85,1490.23
2022-03-28,260,26,4047.54,4222.57
2019-09-11,44,65,4561.83,2514.54
2022-02-10,18,31,3483.23,4974.54
2023-03-31,239,27,1471.51,4006.29
2022-10-19,45,82,3202.44,4430.98
2022-03-30,189,9,3562.72,4396.81
2019-02-16,162,62,1348.6,3075.42
2020-12-19,161,40,2525.83,2616.89
2020-05-21,395,75,2469.98,2744.49
2023-12-24,21,89,2978.96,4256.07
2023-10-05,58,38,4081.95,2490.83
2022-07-28,226,29,2986.84,4475.57
2020-05-03,60,10,782.65,5025.88
2022-02-13,295,5,4868.46,5892.35
2023-07-09,323,30,960.84,5934.14
2019-12-11,263,45,4874.88,2615.09
2023-03-17,268,91,4383.21,4509.62
2021-08-10,128,44,4574.18,1925.42
2020-03-02,4,39,2230.78,2303.15
2022-07-29,334,85,2218.27,2477.81
2020-01-18,395,29,728.07,3176.82
2022-10-08,120,76,3153.14,1251.2
2021-11-06,58,79,2960.91,3844.09
2019-07-13,20,89,4810.3,2347.78
2019-12-22,6,15,968.45,2428.96
2021-10-22,324,21,3262.1,5065.98
2023-09-13,149,99,1093.16,2715.97
2021-09-18,133,11,2282.24,2845.35
2020-04-20,74,11,1837.51,4695.2
2019-07-08,31,45,2359.52,1848.14
2023-01-20,235,57,1519.12,2134.92
2019-04-20,393,23,3845.14,5326.92
2019-12-21,356,99,1733.94,4697.77
2023-05-26,326,46,757.64,2407.85
2020-08-01,129,53,3963.18,2837.9
2023-04-07,128,80,953.01,5607.2
2022-06-23,254,70,4662.16,4309.48
2021-11-13,132,21,4005.69,3620.89
2020-10-24,137,98,4513.18,5560.71
2019-06-27,176,10,2139.91,5409.81
2019-11-24,193,24,3236.82,5367.04
2019-11-12,235,79,2469.94,2852.63
2023-07-11,120,26,2857.35,2796.17
2021-08-26,209,63,553.59,2270.16
2020-05-16,381,17,1860.05,4968.11
2019-06-11,342,78,724.51,2026.17
2021-04-25,44,93,1751.77,1496.82
2021-11-30,385,96,2593.67,3189.81
2023-09-03,18,66,878.25,2889.35
2021-08-19,126,67,2836.52,2878.19
2019-05-13,86,75,4194.84,5052.48
2022-10-30,195,94,4994.71,1211.5
2022-10-20,44,71,3829.66,1190.03
2022-07-12,79,21,2415.01,5357.69
2022-01-22,232,43,689.48,1565.68
2022-11-15,364,56,1134.61,4722.08
2023-06-01,312,83,1571.03,1417.03
2022-05-02,136,87,2450.97,4800.88
2023-08-03,47,4,3599.28,2871.46
2020-03-03,337,22,3996.78,1638.66
2021-08-23,44,99,893.42,1276.95
2023-06-05,109,28,2479.78,3810.67
2023-08-08,151,2,849.78,2805.44
2021-09-23,126,17,3512.89,1781.78
2019-01-05,301,22,713.89,1712.34
2023-06-13,6,42,2518.39,1899.17
2023-05-29,199,22,4002.75,3507.89
2020-12-17,288,8,951.49,4642.48
2019-10-29,361,22,3513.16,3046.3
2023-11-16,121,33,2651.27,4095.44
2022-02-28,355,88,1635.79,2409.31
2022-07-31,71,33,2504.96,3094.28
2022-12-29,174,12,3554.27,4520.12
2022-08-29,324,75,3286.22,5820.88
2019-05-13,96,14,2580.94,3092.65
2021-07-15,162,91,3191.51,3293.09
2022-02-23,150,76,732.7,1744.55
2023-11-22,282,52,3651.71,3171.07
2019-05-26,224,77,760.78,4334.34
2023-04-18,381,91,1958.49,3329.22
2021-09-11,247,93,669.53,2318.28
2019-02-24,269,52,4302.31,5633.1
2019-10-22,394,79,4929.01,5293.13
2020-06-25,86,89,1759.83,1270.1
2023-08-17,397,72,1070.67,2344.17
2022-11-08,315,56,2016.37,2560.56
2021-05-13,351,3,2864.0,2424.75
2020-07-18,317,13,1631.23,5194.98
2019-10-29,269,44,4981.38,2239.42
2019-04-07,325,89,4535.05,1325.46
2023-11-21,90,96,2525.92,3474.57
2023-02-04,36,72,4862.16,4388.5
2020-10-07,229,38,3194.26,3385.72
2023-07-12,70,43,1140.51,2361.41
2023-03-02,281,78,4419.66,1592.51
2019-12-31,270,7,4203.01,5095.17
2020-03-02,102,2,1122.01,5586.03
2021-05-12,384,95,2450.78,4085.04
2022-06-04,18,90,4003.75,2687.84
2020-07-16,282,64,4524.91,2155.37
2019-12-28,93,10,4154.45,3870.97
2022-01-25,12,26,1250.1,1382.3
2021-04-17,53,66,2563.49,2792.98
2022-12-06,47,99,4926.13,2988.69
2021-01-01,246,72,4735.56,1011.56
2019-06-03,71,29,4803.38,1067.04
2019-05-12,318,90,991.93,2621.9
2019-11-26,152,83,1853.43,4409.14
2021-04-12,268,54,1590.14,1773.47
2021-10-25,136,58,4707.46,5288.95
2022-12-02,165,59,3351.82,5477.93
2020-12-20,48,84,3506.25,2727.73
2019-01-29,146,20,4381.94,5026.49
2019-04-29,76,16,1995.54,4480.9
2021-08-31,212,79,4212.04,3971.59
2023-12-18,76,45,3273.69,2010.74
2021-04-22,336,77,2638.31,3773.27
2021-11-22,227,72,3421.35,4074.94
2023-08-10,8,38,3905.89,2782.16
2019-05-20,233,6,2067.61,3327.7
2021-02-05,265,45,4989.21,1360.88
2019-05-20,249,84,4316.74,4026.5
2023-03-16,73,14,1761.58,4935.53
2019-02-12,68,15,3736.62,2468.26
2019-01-20,184,46,1048.16,2579.32
2023-12-22,336,63,3388.86,1019.19
2022-06-15,253,4,907.03,4217.07
2020-09-17,108,69,3991.3,2591.31
2022-08-22,253,94,734.32,3803.92
2019-03-04,295,1,2666.83,5979.82
2023-02-24,303,83,1533.23,5174.23
2020-02-13,392,99,913.94,2884.39
2019-05-06,255,11,1541.63,2736.97
2020-09-06,216,54,3552.28,5222.51
2023-10-20,28,45,3693.39,4390.81
2019-03-02,142,61,3887.23,4185.87
2022-07-20,339,44,2970.93,3217.03
2021-12-21,227,74,3701.83,1101.75
2023-01-07,248,71,2077.55,1417.71
2020-12-14,129,3,3623.5,2545.33
2022-10-12,241,83,4239.67,4621.66
2022-05-31,33,78,3282.35,5576.66
2020-10-19,197,98,1344.95,1589.26
2022-07-22,338,82,2413.62,1810.1
2022-03-06,293,70,2772.06,5069.45
2021-12-20,48,86,2071.66,5610.7
2020-05-23,217,20,3226.05,3285.62
2020-07-01,132,71,4725.4,1556.16
2021-04-23,178,74,1736.06,1605.83
2020-11-30,177,7,4368.84,4336.87
2023-01-13,345,34,1913.77,3649.26
2021-12-10,272,17,3055.5,3010.28
2019-01-06,218,8,2240.52,4787.66
2019-06-30,225,48,2770.41,1185.14
2021-09-30,123,32,555.87,3152.79
2023-04-29,337,9,4417.69,1628.6
2022-03-06,298,16,941.76,1379.23
2019-09-28,381,46,4376.57,2471.46
2020-02-25,94,71,4666.62,2484.92
2020-03-07,395,39,988.26,3238.76
2021-07-26,60,89,1696.68,2104.94
2022-12-19,264,47,2089.24,5692.02
2023-12-23,75,87,2467.33,3422.97
2019-11-05,345,99,3789.68,5160.17
2021-10-04,104,16,4804.97,4057.17
2022-04-02,180,89,3555.56,1699.22
2020-07-30,163,87,2710.44,3847.23
2020-10-29,274,100,2163.43,3703.84
2019-02-13,252,31,1641.28,3357.42
2022-02-17,19,80,2913.59,3890.34
2021-03-28,87,51,1376.15,2984.88
2022-05-05,252,69,3708.37,1768.08
2020-03-24,134,31,3999.28,4484.22
2022-08-05,157,35,4948.19,3192.57
2023-12-25,394,25,2707.21,1667.19
2019-02-24,151,100,653.27,1207.42
2021-05-08,288,79,4032.33,4150.55
2021-10-12,38,91,933.63,5684.13
2019-01-22,215,46,1110.94,2571.96
2020-04-03,337,39,4939.17,5484.29
2023-10-17,86,41,4935.33,2452.5
2019-06-26,76,38,2756.36,3490.32
2023-03-02,190,80,4386.73,5126.08
2023-08-09,400,90,4900.47,5038.87
2021-04-22,26,29,1960.42,1434.72
2019-04-12,386,99,2602.58,2431.55
2022-12-17,123,19,3053.9,2661.59
2023-07-01,10,28,872.8,3334.65
2023-05-18,260,81,3079.0,2821.93
2022-04-27,320,98,4932.35,5139.36
2021-06-14,258,52,2150.6,5691.04
2019-12-05,272,84,2533.04,1824.46
2021-03-20,188,46,3461.87,5926.58
2019-01-12,158,42,4833.68,3574.74
2021-04-03,75,50,1298.8,5095.34
2020-06-27,58,54,4239.08,2896.79
2020-07-31,131,91,4364.76,3368.26
2023-01-07,364,37,3053.6,5097.28
2021-01-16,30,36,3150.11,2476.38
2022-11-26,293,43,3323.73,4472.74
2022-10-23,340,15,2123.77,4680.4
2022-06-21,183,96,4952.2,2357.44
2021-04-26,12,21,1572.64,1317.49
2020-12-05,399,94,1263.38,2436.67
2019-02-18,209,58,4796.38,1032.83
2022-09-25,270,75,1136.65,4763.86
2021-09-17,143,67,4988.8,2657.47
2023-11-19,238,39,2234.57,5620.71
2019-07-28,279,63,4222.04,4621.03
2023-06-06,68,3,2439.41,1439.46
2020-01-26,105,67,4603.67,5681.58
2022-05-01,219,91,3153.28,3875.42
2023-11-03,123,38,1057.15,2970.17
2021-12-09,98,36,1749.11,2163.15
2019-09-02,53,58,1128.55,2903.72
2020-08-19,221,87,1060.22,2019.38
2021-12-05,276,78,736.72,2372.62
2020-07-28,279,99,4544.5,4956.49
2020-07-15,104,50,4153.08,5136.39
2020-06-13,14,18,2483.78,5929.99
2021-04-21,187,19,4038.84,5196.11
2021-09-04,8,49,3103.32,2966.3
2023-06-19,234,69,1261.31,3075.02
2021-04-22,196,56,3144.13,2237.78
2023-01-06,354,84,4062.61,4727.43
2023-09-23,35,27,2569.62,3881.66
2023-12-29,54,33,3282.95,2239.86
2021-06-24,381,56,559.13,4236.9
2019-01-01,138,66,4726.47,5819.05
2020-03-24,181,20,2653.96,5929.94
2022-02-23,333,44,1208.09,3446.45
2022-02-09,77,8,1721.47,2295.39
2021-05-25,138,26,2514.65,4852.79
2020-01-21,92,8,4243.58,2818.58
2019-01-06,365,45,995.78,1823.76
2023-06-18,204,17,4220.49,5640.51
2019-09-13,74,94,3426.17,2026.08
2023-09-26,129,100,4800.93,3527.05
2020-01-15,314,4,2690.59,3822.51
2019-02-03,257,97,2274.59,2343.75
2023-09-26,340,41,4928.65,5142.33
2020-12-26,293,92,4723.66,3178.86
2021-04-17,345,65,3994.05,3088.92
2020-11-23,300,99,3255.31,5004.53
2019-12-24,337,25,4499.88,2784.91
2020-07-29,257,18,3831.82,5640.41
2023-07-06,271,92,4875.2,1313.02
2019-11-05,338,55,2788.92,3068.85
2023-04-04,191,15,3102.2,5808.45
2020-12-17,377,84,4539.02,2181.79
2023-09-17,125,100,3810.28,2789.59
2019-06-13,347,35,4973.21,3378.84
2022-04-29,369,16,1016.27,2002.09
2019-12-11,155,68,4925.85,1704.54
2020-06-01,51,59,3567.8,4227.54
2023-11-29,45,29,665.64,3708.1
2023-10-23,245,17,2268.2,4542.1
2019-05-08,160,91,4087.64,2397.23
2021-11-23,170,70,3649.34,1339.56
2021-01-29,213,88,3093.85,2799.02
2022-02-28,235,39,510.15,4072.32
2021-03-14,21,39,1751.03,1567.38
2019-12-22,333,69,1066.03,2716.37
2023-03-20,388,100,4954.52,4985.07
2019-07-31,321,50,4271.82,3562.28
2022-01-21,104,55,2273.05,2342.93
2022-10-08,388,72,642.54,4931.63
2023-02-26,189,7,3610.18,4772.7
2020-05-14,339,44,4712.57,1068.51
2023-04-27,102,42,3109.57,4960.85
2022-07-23,117,98,1423.24,4710.55
2019-11-18,74,68,4644.17,2512.0
2021-02-03,54,84,1023.24,4311.98
2022-08-31,135,75,735.02,4752.07
2019-03-24,39,87,956.69,4254.71
2022-10-03,4,73,2063.88,3790.19
2023-06-28,306,54,3777.95,2240.52
2019-08-03,62,70,2734.16,3026.63
2021-01-27,45,76,3420.71,3095.89
2023-02-07,204,36,1287.75,1501.25
2023-07-19,181,93,4739.45,5770.94
2020-07-03,265,94,3262.59,4989.85
2021-12-27,355,18,756.96,2769.76
2020-12-06,287,14,1585.47,4953.87
2020-07-01,398,86,1357.38,2798.67
2021-02-22,107,67,4205.81,4311.41
2023-04-16,386,34,4712.9,1398.13
2021-08-06,268,100,1998.3,1559.45
2020-01-28,381,70,1636.99,2129.0
2021-06-16,73,63,4306.63,1973.79
2020-09-21,28,42,2949.83,3692.95
2022-12-28,224,37,2092.26,4016.16
2021-06-14,356,5,3402.42,2812.24
2022-11-16,284,45,2568.33,1876.81
2021-10-23,47,1,3123.34,1124.8
2021-10-13,355,59,4024.35,5554.57
2019-05-05,119,71,3827.06,1245.36
2019-03-14,125,93,4528.82,4832.44
2023-08-11,367,66,2812.04,5327.06
2020-03-04,195,29,1247.97,1127.1
2020-03-11,47,14,2790.69,2616.11
2020-01-10,95,72,3231.22,2379.27
2022-01-14,238,6,695.03,2180.7
2021-08-28,215,82,964.86,3559.82
2022-06-19,28,28,3880.01,5459.6
2023-12-29,55,47,2807.36,2678.21
2023-03-03,240,9,4895.98,1344.4
2022-03-12,125,65,4863.05,4239.59
2019-07-07,81,66,1334.58,4041.84
2023-01-12,57,64,4936.07,4148.12
2022-08-23,311,76,4957.83,1840.43
2021-05-02,299,53,4308.38,4163.28
2019-10-07,214,68,2341.54,3773.13
2022-08-01,238,7,3670.7,2582.46
2022-07-25,213,72,3046.97,5378.36
2019-09-14,179,59,1466.43,1687.49
2020-11-03,229,53,728.17,4695.1
2021-07-15,235,27,1109.91,1932.75
2020-12-08,146,62,1627.34,3515.68
2023-10-08,174,80,1137.13,2919.13
2022-10-07,387,34,3095.13,4746.88
2022-03-17,2,29,1196.72,2592.48
2023-12-14,182,31,2962.93,2602.17
2023-08-27,108,39,3938.6,1060.87
2021-12-12,147,46,2321.66,1336.55
2023-04-12,365,28,4644.47,2809.5
2022-10-01,36,83,3285.44,3564.87
2021-12-23,96,57,2043.21,3673.4
2022-01-06,174,63,1026.94,5431.25
2020-01-20,395,70,4774.97,3292.76
2022-10-11,396,11,1124.29,5092.03
2019-12-26,220,51,1365.46,2881.69
2019-10-24,192,34,3717.94,5922.5
2022-02-15,254,72,2745.31,3033.66
2023-04-23,362,35,1054.59,4462.09
2020-08-11,200,33,2171.28,3917.51
2022-08-18,282,84,1605.17,3264.21
2023-06-19,2,42,709.0,3803.34
2023-04-24,347,16,3415.4,4571.34
2021-12-05,72,100,1023.0,1516.9
2023-02-19,266,85,1900.52,1390.73
2020-06-14,160,74,3976.05,1605.22
2022-05-17,111,91,2267.14,2722.27
2021-05-05,53,46,2933.4,2049.34
2023-04-10,141,19,1374.2,1929.72
2021-10-29,30,18,4122.55,1640.46
2022-10-22,63,8,4641.14,5427.36
2020-10-17,11,89,4456.8,3784.49
2021-06-27,96,40,3939.08,5837.13
2023-07-09,257,17,527.38,2775.8
2023-04-21,111,81,740.01,2842.08
2022-04-21,385,56,1983.84,3499.33
2019-12-24,39,89,2030.83,3682.51
2022-05-02,151,82,2352.84,1740.47
2019-03-04,390,37,1090.05,1829.07
2019-07-27,204,83,2370.06,4467.84
2023-01-29,156,78,4399.59,5202.63
2023-01-27,201,19,1730.49,1893.63
2022-08-30,369,91,1591.34,4717.78
2020-09-29,209,91,3461.97,4034.59
2023-06-04,311,100,564.16,5535.62
2023-03-14,29,94,1248.5,3322.41
2020-11-10,25,68,2815.25,3639.28
2019-09-02,367,98,966.07,1844.25
2022-10-19,258,6,3264.26,2716.21
2022-11-02,261,34,1656.05,1586.76
2020-07-27,146,31,4161.64,3591.01
2022-08-25,236,9,2897.67,2193.59
2022-01-30,389,14,3034.33,4059.99
2021-05-20,379,50,3600.24,4410.04
2020-04-08,196,24,1649.82,5507.36
2020-08-21,235,37,4711.78,4568.19
2020-05-27,273,95,1774.55,2122.8
2022-05-28,174,65,1829.1,5503.57
2019-07-28,107,8,3644.09,2426.73
2022-04-24,254,90,1749.52,4437.86
2022-12-03,133,97,1400.94,2455.12
2021-06-06,178,32,4544.37,3805.59
2019-07-23,5,89,2192.25,2766.61
2022-08-29,212,96,4430.01,3662.48
2020-06-05,148,30,974.89,1979.08
2021-10-28,294,48,3958.45,3254.59
2020-01-29,205,7,4596.09,5132.45
2023-04-18,246,62,4651.83,4431.88
2023-02-26,224,99,3266.01,5784.03
2020-12-24,156,95,4066.99,2919.09
2023-05-13,152,95,2175.08,1154.72
2020-06-03,352,30,4927.26,3757.95
2021-08-20,167,12,1014.05,5289.67
2021-02-26,120,22,2974.21,1586.44
2020-04-20,22,3,1778.22,5517.16
2021-08-14,112,61,946.68,3741.22
2023-10-15,198,11,2659.28,5122.13
2022-12-16,210,43,1195.11,2693.52
2020-07-05,334,37,3872.68,3458.19
2023-09-11,260,96,4015.66,4439.75
2023-01-06,184,73,4676.61,5556.22
2022-05-17,196,49,1609.42,4698.05
2021-04-08,132,94,4173.24,2775.93
2022-09-21,197,14,1158.03,1035.99
2020-04-27,198,16,4663.5,4909.24
2023-07-05,21,13,3090.7,1192.3
2023-12-31,346,37,3733.69,2176.43
2019-03-27,225,96,4456.48,5607.41
2022-11-03,207,12,3172.87,3239.72
2019-03-27,361,22,519.19,3907.84
2022-11-18,43,79,1516.2,1407.99
2021-04-19,184,17,3768.33,5795.23
2021-03-10,314,75,2212.46,3471.57
2020-01-17,217,69,4770.11,3993.47
2022-09-05,105,88,2959.55,1752.79
2021-07-12,272,13,4856.16,4440.54
2023-02-08,73,21,887.14,3108.22
2023-07-20,251,1,1021.01,3476.24
2021-01-03,388,33,2837.11,1719.69
2019-10-29,289,79,1294.98,3689.22
2021-01-28,326,58,3434.53,5022.22
2022-03-28,383,99,1887.41,5349.81
2021-08-05,181,69,4586.11,1616.15
2019-09-30,365,95,1171.98,5086.3
2022-07-24,18,62,4673.84,1131.41
2021-05-18,214,75,1742.17,2316.83
2020-08-17,178,39,584.75,3004.4
2020-03-18,236,2,2301.12,3178.93
2023-11-07,188,75,702.91,4672.67
2022-12-04,328,21,4446.39,2486.5
2019-09-16,296,96,1071.38,4053.94
2019-12-22,70,99,1951.32,5461.59
2020-07-09,115,99,2820.06,5134.05
2021-12-01,392,51,523.91,1597.42
2022-12-04,265,63,1371.79,3781.26
2023-02-01,334,81,4611.67,3435.04
2020-12-13,48,74,1531.75,5158.57
2019-01-01,149,26,3355.73,5091.32
2023-05-10,173,56,521.62,3615.36
2022-11-28,367,2,1227.34,4473.05
2021-09-02,269,91,4336.34,5583.99
2021-09-16,211,30,3400.85,2307.79
2020-08-20,333,81,3169.61,3894.95
2023-03-31,167,70,2190.64,5621.93
2019-02-13,367,75,3243.69,3940.15
2020-05-18,319,3,1309.24,3278.65
2021-01-04,79,94,4973.65,4769.06
2020-02-13,19,57,3621.97,5755.8
2020-08-15,393,47,2105.41,4890.41
2020-02-28,224,56,4816.84,2527.84
2023-10-03,181,30,2241.98,5404.4
2023-08-25,286,99,1567.34,1848.27
2019-04-29,316,93,758.3,4570.01
2019-04-10,276,36,3495.24,2528.58
2020-07-22,227,93,1707.91,2754.28
2022-06-12,309,63,4272.47,4573.66
2022-03-14,13,7,1981.08,3466.38
2020-01-02,104,73,543.25,1001.57
2019-01-14,299,87,2864.64,5483.67
2022-09-12,147,66,1147.59,3755.47
2021-01-03,325,6,816.5,1913.8
2019-05-01,231,41,2300.02,2127.38
2022-05-10,62,16,2827.06,4670.41
2022-04-24,226,89,3064.63,5751.14
2020-06-10,88,74,3652.21,4713.75
2023-11-19,21,37,3229.92,5336.37
2021-12-13,109,82,2335.03,3895.7
2019-04-26,158,38,870.06,4577.06
2023-10-08,281,38,1726.62,3493.54
2023-06-13,247,70,642.48,1678.13
2023-08-25,318,57,2022.24,1600.69
2021-01-20,133,49,683.25,1694.31
2023-01-08,167,84,3274.14,3201.49
2019-10-28,303,24,2052.44,4405.18
2020-09-18,25,100,2110.13,1477.06
2020-01-21,139,33,2456.54,1397.29
2020-06-02,34,76,2021.47,5194.2
2019-03-14,230,71,2842.22,4726.44
2022-05-05,279,93,3394.01,1514.13
2023-06-17,264,74,4457.32,4124.0
2022-06-30,267,9,3134.35,2328.3
2021-07-03,363,40,4751.68,3038.3
2023-03-16,47,36,1322.05,5555.54
2021-08-14,268,58,4298.89,5415.15
2022-03-11,300,17,4051.27,2098.75
2021-10-27,325,76,2363.56,5602.74
2020-09-09,2,69,4985.73,1170.52
2022-03-21,49,19,3237.92,1366.21
2019-05-14,140,26,4210.09,2672.4
2019-05-17,207,28,3439.78,3704.5
2023-02-21,333,36,1888.88,2024.55
2022-04-20,96,57,1170.28,4089.06
2022-01-02,219,15,4707.18,5691.15
2020-05-21,103,89,3758.2,3935.0
2019-08-31,285,34,2257.06,3246.55
2023-05-05,8,44,4116.08,5700.91
2023-12-08,28,95,3581.8,3334.28
2019-12-15,136,92,2931.87,2500.35
2023-11-05,230,79,1935.0,3802.89
2019-02-08,348,94,593.74,4847.61
2021-10-16,232,92,2489.22,3569.53
2022-05-03,111,38,4615.74,4274.93
2020-06-16,172,74,4379.63,5788.95
2023-03-31,136,92,826.92,2282.88
2021-09-20,263,84,1781.9,5011.21
2019-09-25,274,45,1449.26,3214.43
2019-01-29,166,47,4713.96,4210.56
2019-11-30,232,56,3843.14,4412.88
2021-07-25,156,82,2593.2,1279.91
2022-03-31,193,88,3694.06,4546.47
2022-03-29,127,29,2953.92,1228.31
2019-05-15,350,17,1985.38,5083.91
2020-10-05,54,94,509.7,4096.96
2021-04-12,252,60,4422.28,5446.7
2022-09-30,235,24,4516.98,4587.75
2022-02-22,320,60,1079.57,2319.22
2019-02-18,26,59,4170.37,3192.4
2020-04-22,285,83,3325.97,2824.06
2019-09-08,56,57,4696.67,2523.35
2023-02-15,400,54,4259.39,4609.76
2022-05-19,101,70,2454.72,3578.43
2021-10-06,201,76,3542.26,2012.76
2019-04-16,140,33,1777.1,2558.23
2023-08-10,267,99,798.84,3452.65
2021-12-19,177,47,4703.1,1436.18
2019-05-29,125,22,1887.2,4950.23
2019-04-07,181,60,2706.59,4672.25
2022-10-27,14,20,1051.07,5266.64
2021-08-15,366,61,2423.99,3289.18
2022-08-15,335,12,654.23,1602.98
2022-09-05,119,48,4949.72,5761.1
2019-05-09,328,56,2031.0,5502.42
2023-12-03,297,26,2028.79,1613.92
2020-12-17,80,36,1242.35,2221.48
2022-03-17,110,67,2922.75,2933.42
2020-01-08,291,40,4594.4,1467.32
2019-11-23,51,57,906.89,1859.08
2019-05-20,17,42,3735.85,4258.09
2020-12-25,281,99,904.86,1404.98
2023-11-07,356,13,2084.53,5187.42
2021-04-03,140,41,2616.35,3896.51
2020-04-22,205,17,586.53,2626.38
2019-03-04,184,37,530.54,3303.23
2023-12-10,198,33,3848.68,5309.6
2023-05-06,90,6,2747.91,1471.93
2020-09-11,340,77,3157.11,3447.75
2019-02-12,306,53,3065.73,3385.73
2020-07-26,265,94,2017.83,1504.43
2021-05-05,184,13,2637.94,4150.48
2022-02-15,247,51,1735.19,2269.56
2020-09-28,314,52,1851.39,1411.12
2020-10-23,385,24,3693.35,5091.73
2020-04-27,223,60,2369.16,1476.68
2022-05-12,280,91,2556.79,5282.28
2021-05-01,300,87,3108.24,5290.61
2020-07-21,16,75,2072.77,1908.92
2021-01-08,311,22,1578.4,2361.23
2022-12-09,241,5,4049.5,3887.15
2021-04-08,34,95,3135.58,3153.97
2021-09-25,300,75,2090.32,1228.75
2020-06-14,174,14,3890.45,3612.35
2019-09-21,121,46,2388.43,1231.95
2020-03-23,306,59,4138.25,1477.71
2022-08-04,241,29,4928.82,5883.11
2019-09-07,88,12,828.18,4750.18
2022-05-14,60,70,4284.38,3173.17
2019-02-14,6,40,2800.86,3522.31
2019-04-22,74,95,670.49,2331.54
2021-08-20,338,34,3053.82,5181.88
2019-07-13,119,87,867.27,3345.01
2022-06-28,98,62,3223.87,1733.55
2020-04-13,182,49,4194.07,1886.37
2022-03-21,178,2,2635.89,5837.62
2019-04-27,216,91,2673.98,2113.64
2022-07-05,388,87,1434.87,1489.68
2021-02-03,280,77,4757.42,1710.96
2019-09-24,25,46,2774.9,2691.54
2022-04-17,346,86,951.31,3160.6
2023-12-29,17,62,4804.74,1405.06
2022-08-11,95,8,2914.33,4861.78
2021-01-30,265,28,3280.97,5172.96
2020-05-02,134,25,4491.89,1571.5
2022-10-07,122,73,4676.32,3815.46
2023-08-16,20,6,1946.45,3113.14
2020-03-17,266,91,2408.59,2322.52
2021-02-15,257,34,2770.88,3620.7
2022-08-28,11,58,2924.73,1483.22
2021-09-11,323,47,1451.24,3424.09
2019-09-20,322,85,1199.26,4461.8
2019-08-09,81,85,674.25,2286.8
2022-07-27,208,10,2198.86,5804.74
2021-07-30,174,98,3028.68,1186.01
2022-02-01,54,81,1206.24,1909.64
2019-07-13,207,79,1676.51,2025.41
2020-04-16,46,53,726.91,4532.98
2021-03-29,148,90,1114.15,4008.97
2020-08-24,115,22,1134.15,3090.85
2022-12-28,322,73,4014.33,1175.82
2021-11-27,216,53,1914.3,3510.32
2020-02-24,83,47,3263.48,1377.74
2023-06-07,211,61,1573.6,2048.29
2023-03-16,155,38,3570.45,4820.41
2021-10-01,268,95,1223.8,4385.32
2020-06-04,329,26,4164.37,2293.01
2023-08-26,194,16,1532.06,3547.0
2021-07-22,33,98,2504.09,1259.19
2023-03-24,230,15,1899.64,1261.19
2022-07-18,174,20,2994.01,5755.68
2022-09-26,85,87,836.86,5642.88
2023-08-10,324,5,1571.36,5036.48
2020-03-30,356,100,2517.39,4671.32
2021-09-06,194,42,1046.89,4812.06
2019-02-02,292,17,919.17,1284.14
2022-09-06,12,86,4834.01,4507.42
2019-07-06,114,70,4724.05,1614.03
2019-01-01,89,82,2325.83,2031.85
2020-04-24,295,51,1081.56,4995.58
2021-12-12,122,12,1991.86,1029.43
2020-12-30,178,89,4143.99,4348.97
2022-08-17,340,62,2256.33,5560.99
2019-08-21,264,84,2962.78,5408.34
2022-10-31,190,9,1753.01,4056.21
2021-03-27,379,33,4742.09,4356.05
2020-08-10,16,1,4620.7,5953.53
2020-05-18,16,73,668.54,1727.81
2020-05-21,367,10,2475.7,4175.34
2020-05-13,211,51,1608.55,2106.06
2021-01-17,285,91,4918.08,2661.1
2022-10-30,318,80,4385.42,5235.63
2019-04-28,157,86,2837.99,3998.56
2021-11-01,264,100,883.47,1365.89
2021-05-31,276,97,3518.27,4588.95
2019-09-01,239,44,2641.11,3316.89
2022-02-13,84,96,2600.78,2083.23
2020-01-06,306,37,1478.67,4924.01
2020-04-07,363,52,4884.84,2478.56
2021-04-25,388,14,2664.44,1083.0
2021-07-02,21,50,1756.41,4107.05
2022-06-21,188,88,3011.67,4391.29
2020-07-27,162,55,4904.91,4546.86
2021-03-15,44,49,817.98,5099.18
2021-12-01,101,36,3676.61,1230.07
2022-11-10,342,1,4342.77,4332.43
2020-05-21,120,83,2927.06,1091.93
2020-05-20,245,54,549.32,3649.33
2023-06-25,78,51,2968.98,4006.4
2023-08-19,268,64,892.29,1887.83
2019-09-11,331,96,1590.24,3015.97
2020-03-24,162,9,3473.58,2033.9
2022-10-05,65,65,2276.29,1407.41
2022-02-11,122,19,3406.99,1799.01
2020-07-02,334,97,3773.55,5445.2
2019-08-16,3,21,1061.58,3513.17
2021-02-27,83,73,2415.36,1482.7
2023-06-16,119,57,4789.21,2174.79
2023-01-20,71,56,3768.19,5313.66
2019-12-29,357,84,3613.13,5108.11
2021-02-04,233,33,3626.26,1781.27
2021-11-19,221,71,4656.79,2463.79
2021-11-19,220,9,2638.34,4012.84
2022-10-06,342,8,4129.92,4164.41
2021-09-18,113,78,1663.74,4655.94
2021-02-15,111,7,3053.18,5023.16
2021-11-03,319,1,4699.78,4679.24
2019-01-17,329,92,1754.44,1220.69
2021-04-09,84,55,2526.33,1949.48
2019-08-04,329,100,2551.65,3386.56
2023-03-14,142,3,1846.01,5471.25
2023-05-04,263,27,2387.48,2455.89
2021-03-04,151,50,1980.55,5560.94
2019-07-25,287,11,3914.9,2969.5
2022-02-12,366,36,3724.16,2584.59
2021-09-24,17,95,1169.45,5917.72
2019-04-12,155,91,3464.78,5169.15
2019-03-08,292,6,2700.71,3536.79
2020-11-10,269,53,2929.82,1539.0
2021-08-23,57,70,1969.02,2526.3
2022-05-27,167,35,1581.69,1395.99
2021-04-03,87,51,4010.7,3427.97
2021-12-30,133,70,1709.65,1771.84
2023-02-22,141,29,2504.64,1923.3
2021-02-05,218,83,2451.33,4417.77
2023-01-20,81,13,1490.43,2040.27
2020-05-02,22,14,3127.67,1399.47
2022-02-02,239,38,4857.65,5930.33
2020-08-22,313,93,4077.43,1739.45
2022-02-02,394,49,3080.89,5122.69
2021-06-23,295,72,699.17,1372.87
2020-01-31,34,52,2689.27,3842.07
2021-06-23,278,28,1665.04,4423.14
2023-05-23,123,34,3301.56,2831.16
2023-01-26,100,35,4917.37,1172.14
2021-03-29,255,17,1281.85,2757.62
2019-08-12,93,6,4879.28,4085.36
2019-08-04,219,6,3212.94,1385.54
2022-09-09,198,24,3439.23,2114.98
2020-04-21,389,57,4278.27,3739.44
2022-11-16,192,68,2895.83,2070.76
2019-11-12,265,10,4253.32,5805.95
2023-06-06,357,16,4307.97,4154.95
2019-07-31,130,76,949.96,3631.62
2021-07-15,220,19,841.99,2089.55
2023-05-02,230,9,2981.33,2545.39
2022-03-09,257,71,969.16,4107.42
2021-09-26,218,92,4619.86,3165.24
2019-02-26,169,77,810.05,1472.16
2022-04-13,207,37,4290.95,3444.41
2022-09-30,12,1,4562.51,2607.3
2019-03-20,130,17,2839.09,4918.64
2023-10-06,145,91,4311.33,3581.03
2021-12-02,393,90,799.36,5277.22
2021-07-15,317,84,4610.11,2121.55
2023-01-31,233,25,1493.35,1668.38
2022-04-07,316,18,3442.63,4290.58
2021-11-13,95,69,3847.22,2471.81
2023-04-03,276,80,2694.66,4468.81
2023-05-01,194,30,1407.64,5035.03
2023-07-15,216,45,2395.63,3482.27
2021-11-07,237,69,4589.45,3622.34
2020-05-10,335,7,3582.48,2356.34
2023-11-20,21,18,4243.14,1779.94
2022-01-07,346,50,1908.38,4395.8
2020-12-08,48,84,3049.32,5079.65
2021-03-13,245,35,3160.3,2123.85
2022-10-08,327,4,4845.46,3807.12
2022-02-19,312,17,4027.95,3698.76
2020-03-30,154,8,2548.01,1519.73
2023-12-28,21,41,2947.05,5695.4
2019-03-09,327,97,4120.43,4705.13
2020-02-26,319,84,4485.52,5038.16
2022-01-04,47,50,500.25,2829.58
2023-09-13,10,54,4510.08,1788.22
2022-08-13,296,67,4343.18,5633.33
2020-06-03,61,52,3097.95,2387.17
2023-01-03,243,14,4541.13,4563.85
2022-12-11,226,43,1310.08,1414.16
2021-06-17,241,29,4626.11,4898.34
2020-11-12,300,43,4660.21,3478.7
2022-02-10,399,99,1830.34,3198.87
2022-05-23,109,36,4669.61,5765.74
2019-04-25,44,26,2514.15,4328.77
2023-06-27,157,66,4215.73,2983.73
2021-06-30,28,41,4010.44,3219.17
2023-10-13,92,63,3319.0,4437.91
2020-12-09,243,46,1930.35,2216.79
2022-08-21,379,86,4852.89,3815.99
2020-05-07,341,68,733.89,5716.28
2020-12-04,232,66,2831.19,5032.94
2023-03-14,338,60,3880.4,4323.5
2023-11-10,165,4,2837.35,5568.02
2022-08-24,320,69,2380.86,4070.09
2020-02-21,285,77,3644.83,1836.18
2020-11-06,274,7,4204.83,1965.96
2021-04-08,386,96,2845.83,1495.43
2023-12-05,178,56,2099.5,1294.83
2021-07-20,396,38,2053.04,2401.02
2020-03-17,119,92,773.91,4081.8
2021-02-23,298,44,980.11,2954.24
2021-08-11,29,87,4373.95,5779.9
2022-10-28,2,85,4590.88,1920.63
2023-08-03,101,41,2022.24,5219.17
2022-12-12,272,16,1511.63,5743.99
2022-03-11,340,51,682.93,3741.92
2020-09-22,358,73,902.65,3143.72
2020-05-21,133,91,693.81,1134.21
2023-12-01,345,82,3566.52,3043.88
2022-05-25,11,91,1373.19,2778.65
2021-08-28,346,96,3512.64,4032.9
2022-09-05,380,53,2225.47,3853.38
2021-10-16,91,84,2909.8,1189.88
2020-12-23,373,7,3607.33,5860.73
2021-09-06,250,59,3639.41,2022.64
2021-08-03,192,56,509.78,1135.63
2021-05-12,202,7,4374.03,3869.57
2022-07-01,105,20,2705.91,1560.71
2023-02-03,117,52,3009.8,4156.76
2021-10-13,56,16,4645.66,1059.86
2022-01-16,126,46,855.53,5187.48
2019-05-30,348,11,2187.9,2687.68
2022-03-20,260,14,3310.51,4200.53
2020-02-26,159,97,3708.22,2677.16
2019-01-15,358,21,4321.04,1743.23
2021-09-06,174,71,4391.22,1612.47
2022-05-09,225,52,3959.34,3447.32
2021-06-08,323,4,2006.86,1180.98
2021-12-18,264,61,1178.91,5732.84
2020-10-17,34,55,1685.19,2632.22
2022-03-21,76,30,2323.8,4726.21
2021-09-05,87,12,1858.27,2493.32
2020-04-26,326,38,2454.41,4844.34
2021-08-11,309,41,924.36,2027.28
2020-03-29,11,85,3419.37,1472.45
2021-05-21,326,21,2046.99,4717.41
2020-12-10,331,5,676.79,3040.64
2019-04-19,110,12,2164.61,1994.15
2020-07-06,193,54,1678.46,3152.3
2021-01-12,210,37,646.31,1480.16
2019-10-26,284,4,3158.54,5794.59
2020-02-17,265,53,1119.33,1676.47
2019-04-18,382,24,645.21,5789.99
2023-08-09,261,42,827.87,3121.4
2023-11-15,188,55,3111.85,5766.86
2023-09-20,134,37,4361.66,2374.85
2021-11-17,277,17,560.08,5641.05
2020-07-22,223,2,975.08,1620.67
2021-11-25,254,18,1318.35,5422.89
2020-10-02,170,24,3811.39,3687.25
2023-11-13,48,36,2267.92,2205.5
2022-12-09,82,10,3922.35,4923.09
2022-12-31,177,100,1440.62,5817.93
2023-09-02,393,9,565.49,5726.67
2022-10-20,266,49,3764.9,5387.06
2020-02-12,208,61,2417.67,1151.58
2020-01-18,395,1,1130.94,3532.93
2019-08-10,391,99,3513.06,2728.62
2019-01-26,77,84,4074.76,3466.41
2020-02-14,128,20,661.95,4344.25
2021-09-18,239,82,1089.37,4096.08
2020-12-18,37,82,4927.84,2173.96
2022-08-21,139,24,1676.24,4270.44
2020-09-10,59,60,1685.98,3093.79
2019-02-23,268,13,4388.87,1565.4
2022-12-22,372,39,3428.62,5842.19
2023-07-02,110,1,848.85,3179.59
2020-11-08,249,7,2408.65,5929.99
2023-02-25,35,81,4669.23,5300.6
2022-12-26,24,84,3450.81,3431.14
2021-09-18,240,8,4286.72,4193.26
2023-12-23,284,60,3056.43,5341.72
2021-05-24,126,27,3882.26,5921.08
2023-12-01,64,57,870.08,4680.33
2022-10-26,396,40,4615.64,5380.8
2023-05-13,305,15,3046.16,1031.38
2020-09-30,303,56,2117.8,3460.47
2021-06-16,309,16,646.91,3329.77
2021-06-03,243,50,2873.38,5076.92
2019-12-16,163,32,673.7,3697.96
2022-10-27,83,38,3953.77,2509.47
2023-11-23,145,59,1062.9,3949.93
2020-10-22,326,29,4171.4,5439.02
2021-04-29,388,86,2659.49,4811.98
2022-05-12,144,13,3844.6,3407.78
2021-06-06,191,2,2346.19,2813.62
2020-09-26,23,46,2726.17,3364.87
2019-01-09,67,64,4366.82,4326.72
2019-07-28,258,52,1637.27,2961.36
2023-06-13,156,46,2983.35,1924.7
2022-08-17,227,17,2838.19,5093.9
2023-08-15,264,26,4233.78,5022.01
2023-08-23,44,24,2110.04,5401.68
2023-04-13,152,21,1054.11,3026.06
2022-12-08,134,70,4501.54,4893.14
2021-06-07,41,62,2719.76,2378.36
2021-12-23,201,67,2743.21,4996.03
2023-03-18,164,25,3425.31,5302.65
2019-12-15,60,73,3810.84,2269.28
2022-01-26,43,32,3595.6,5957.65
2023-02-06,379,63,642.25,5850.14
2020-03-27,78,64,2138.84,5168.12
2021-05-28,170,21,2236.42,5835.69
2022-05-30,227,1,1340.73,1303.2
2022-01-22,187,53,2207.44,1704.34
2023-06-07,375,67,2590.7,4539.87
2023-06-08,86,51,1499.58,2365.52
2019-10-19,288,22,4588.53,5829.24
2020-03-17,266,11,1194.96,2710.43
2023-06-15,232,13,2946.3,3485.67
2021-07-11,38,76,3941.18,4062.99
2019-06-08,84,47,4946.26,3326.83
2019-01-30,180,59,3367.72,5091.41
2023-05-02,124,30,3819.57,3160.74
2023-10-27,343,80,1516.12,1854.45
2022-09-09,216,1,652.41,3374.7
2019-08-23,103,11,2489.21,5914.38
2020-08-09,149,52,1448.41,5743.69
2020-04-05,385,5,1692.2,1155.32
2022-08-25,137,49,1180.4,1988.84
2023-08-23,129,58,3705.4,5673.27
2020-11-22,104,41,1082.19,3380.01
2023-09-06,316,76,648.77,3595.03
2019-05-20,60,50,4762.48,2846.53
2020-08-09,92,65,892.61,3397.11
2022-04-19,164,92,4162.58,2153.84
2020-01-04,44,46,2125.38,5736.95
2023-07-07,263,19,1989.54,4938.14
2019-07-13,113,72,785.43,3620.17
2020-04-11,19,97,4589.96,4519.64
2022-09-19,385,62,2885.42,2835.39
2021-11-22,172,99,3055.2,5622.25
2022-09-09,37,93,2041.07,4504.21
2021-04-11,120,50,4905.33,1859.73
2022-11-24,144,71,4093.56,3265.54
2022-12-15,221,89,1378.89,5429.95
2020-02-29,224,4,875.18,2389.63
2020-06-04,353,12,3956.22,4758.19
2022-01-18,360,43,4639.4,3528.76
2020-07-04,220,100,3748.61,5018.56
2021-04-16,360,7,3637.59,5114.03
2019-11-03,322,14,2817.59,2828.14
2022-08-15,348,43,3069.89,4405.54
2021-10-09,384,89,768.22,2954.63
2019-01-18,266,51,4975.42,5122.88
2020-06-22,267,40,3361.9,4432.14
2021-08-27,187,67,3264.07,3489.88
2022-11-07,22,86,4381.91,4300.82
2022-06-11,53,2,1733.1,2306.49
2023-03-24,337,33,627.67,5173.54
2019-06-25,215,4,2852.54,3358.21
2023-10-14,234,19,4010.99,3566.07
2022-10-28,166,27,1067.54,4971.24
2020-08-30,24,85,1926.61,4582.94
2019-09-04,219,55,4882.24,2238.94
2019-04-03,355,29,1539.71,2316.81
2021-06-29,65,67,4390.81,1178.94
2021-09-04,27,66,2727.49,2283.44
2019-11-25,20,19,3940.87,2061.37
2023-08-31,254,93,3314.88,2058.14
2023-08-27,356,31,2403.91,4217.76
2021-12-24,344,99,4670.84,5453.62
2021-02-16,116,86,4022.24,3966.49
2021-11-03,161,18,4348.94,3284.07
2023-02-12,305,89,3817.74,4500.01
2023-11-03,209,48,1119.2,1704.47
2019-04-22,279,43,4041.63,4669.46
2022-03-23,260,41,1774.06,1191.16
2020-03-23,339,40,522.9,1768.3
2019-10-26,96,1,2457.36,4356.78
2019-05-24,380,52,2561.46,3287.54
2021-03-02,359,24,3238.66,1460.05
2023-04-14,172,60,861.75,5410.46
2022-08-20,112,83,3980.67,2365.35
2022-09-17,286,23,1928.31,3340.36
2022-11-25,352,95,4805.09,4251.84
2019-11-01,180,8,4316.73,1268.59
2021-05-18,75,3,4029.95,5835.57
2021-01-21,256,20,2825.39,2106.71
2019-04-18,328,13,2598.13,4916.82
2022-02-20,187,2,3473.81,5723.35
2020-09-07,153,97,539.61,4347.0
2019-09-19,206,27,612.71,2854.14
2019-03-12,284,50,647.62,1740.01
2022-10-19,17,78,4858.83,2775.09
2023-09-21,179,14,946.53,3607.68
2022-02-28,2,3,4701.08,2642.8
2022-09-15,157,53,4901.17,4168.83
2023-12-31,189,59,543.37,1280.15
2021-11-20,205,96,1855.94,1364.75
2021-07-20,319,75,3162.01,3576.91
2021-04-24,162,40,1716.17,3325.02
2022-02-28,30,5,3449.02,5609.11
2021-01-04,174,68,3052.28,5528.03
2020-04-09,55,40,776.57,5809.73
2020-09-22,361,35,3462.78,1237.21
2020-01-10,39,66,2088.5,5674.98
2020-03-20,367,72,3963.84,1950.13
2019-11-23,188,80,2781.76,4952.85
2023-08-10,140,31,2916.8,1102.6
2022-11-08,146,73,2724.31,3892.92
2019-12-26,304,67,2989.51,4869.52
2020-02-29,48,7,4419.83,4088.79
2022-05-31,15,29,1127.77,3015.6
2022-01-18,224,76,2755.1,3738.54
2019-07-31,194,37,2798.54,1768.36
2019-06-02,23,29,926.33,5774.14
2020-12-06,390,43,831.69,5155.18
2020-05-13,90,50,1987.9,1810.39
2020-12-30,114,50,1826.49,1863.52
2020-06-28,375,54,868.32,2383.27
2021-12-13,199,11,2648.01,2538.79
2020-03-06,198,42,4802.7,5929.21
2023-06-20,2,85,870.37,1456.04
2022-03-06,363,81,2125.42,1800.39
2019-10-16,389,24,1866.51,3376.08
2020-08-10,303,87,1057.46,3093.53
2021-10-05,285,64,2141.34,1320.72
2022-09-10,138,20,3202.34,1270.62
2019-06-23,273,55,4640.65,4059.4
2023-10-26,236,16,4746.68,2909.7
2020-09-13,213,13,608.18,3054.84
2019-04-05,320,28,3943.54,2008.06
2023-09-10,107,24,1837.82,5986.38
2021-10-13,8,93,4173.06,2005.47
2021-04-07,224,91,3578.8,2699.42
2021-10-14,129,65,1717.81,4091.34
2021-05-20,306,87,3952.22,5118.24
2020-09-22,338,60,1874.83,5555.16
2023-06-19,159,82,1187.18,5534.72
2022-04-04,270,84,553.95,5034.83
2021-03-28,390,78,4327.07,4153.76
2023-04-11,309,15,1832.26,2298.04
2019-01-04,319,69,3742.78,1512.37
2020-05-08,311,51,2940.0,4938.15
2019-07-05,307,12,2127.27,4684.32
2020-01-18,357,77,3839.11,4004.64
2020-07-03,115,91,836.04,5805.07
2022-04-10,137,89,4224.95,3805.5
2019-12-22,67,11,3399.45,5408.03
2020-03-12,66,50,3671.08,1577.27
2019-05-09,59,46,3775.91,5337.7
2020-07-28,4,16,2724.88,5752.0
2021-03-15,370,36,3045.61,1661.35
2019-08-22,348,85,4821.15,2980.03
2021-08-23,328,99,2935.13,2116.26
2021-01-13,376,83,4332.15,5835.29
2019-01-27,194,60,1328.27,5409.46
2020-11-04,284,99,2173.08,4915.56
2023-02-17,11,50,4722.5,5988.29
2023-04-16,383,20,2849.56,5254.67
2023-01-06,201,78,1270.75,1375.92
2019-05-07,66,74,4727.0,5768.29
2019-03-07,82,86,3824.78,3209.53
2021-09-18,212,14,2424.92,4936.94
2023-05-20,234,44,4507.62,4995.67
2020-08-18,349,16,2713.76,4752.42
2020-12-22,253,24,4797.05,5563.18
2021-09-26,14,53,3373.13,5282.16
2023-12-19,382,4,2429.32,2802.6
2022-01-06,42,49,2356.91,2791.2
2022-07-02,202,84,3358.11,4249.96
2022-09-05,329,14,592.78,3881.31
2023-01-08,186,13,4803.21,5864.62
2022-02-16,381,84,3202.73,5704.47
2021-12-03,194,94,2685.27,2807.21
2020-05-24,300,67,2325.43,2783.05
2022-08-01,142,33,3835.03,4137.35
2023-07-25,113,11,1801.14,3040.41
2022-01-15,172,34,3347.96,3863.61
2022-05-26,178,68,2375.02,5466.18
2023-10-30,9,20,4602.78,4761.88
2020-11-16,134,96,3108.92,3921.18
2019-04-01,391,78,3112.49,1717.57
2020-03-22,224,40,1871.1,2921.87
2023-06-11,18,85,1951.5,5011.79
2019-06-27,69,21,2907.36,3098.7
2020-11-03,163,81,3985.79,5868.74
2020-09-23,336,93,1299.62,4131.9
2021-10-20,145,50,2462.86,5741.7
2021-08-30,333,2,883.9,5870.86
2021-09-27,59,85,3003.48,4373.83
2019-05-16,331,79,3137.72,1791.04
2019-10-28,257,82,4388.47,4856.33
2019-07-17,9,12,2321.09,5130.95
2021-03-25,167,49,2024.22,3751.89
2023-01-14,31,47,1502.11,5981.8
2020-11-15,61,70,919.88,1618.34
2019-05-02,70,10,3607.73,4894.59
2022-06-18,364,94,3782.78,4851.65
2023-06-23,383,32,2791.85,5766.36
2020-05-08,169,41,3899.8,2747.77
2023-03-18,368,13,4978.39,4050.22
2019-12-07,236,71,3857.08,4614.26
2023-01-03,188,55,2062.07,2734.68
2020-07-18,378,64,2750.34,2837.87
2023-03-13,238,83,3485.11,3871.41
2020-03-09,133,17,2912.51,1223.99
2021-07-23,256,12,3607.34,1419.6
2022-12-16,20,96,3704.67,4676.74
2020-06-29,247,60,3473.78,2777.82
2019-03-31,335,73,2579.14,2960.11
2020-08-31,154,6,1490.38,4006.03
2020-08-07,263,100,4579.79,2385.46
2023-01-14,91,53,2909.85,4749.04
2021-02-04,323,3,3953.27,4481.91
2020-06-20,391,14,4416.29,1384.18
2019-12-06,310,6,609.95,1636.9
2019-08-03,296,43,1503.1,3665.61
2020-09-26,6,89,1192.64,1223.15
2019-01-12,329,28,644.16,3428.98
2023-07-15,62,62,2729.54,2599.71
2020-11-03,330,43,1602.77,4971.29
2020-01-17,261,17,4716.23,2121.47
2023-06-19,53,73,612.91,5168.65
2019-12-24,195,47,1666.94,3359.82
2019-11-21,52,27,2833.66,2640.52
2023-08-28,313,55,2897.46,4089.83
2020-12-09,207,80,1405.96,4353.37
2022-11-22,363,23,1808.31,4134.64
2019-01-09,194,89,668.01,4800.62
2022-10-18,293,47,1168.07,3520.41
2023-02-11,253,51,820.21,4913.16
2021-03-18,349,74,3002.5,3917.85
2019-01-27,163,10,4342.75,4520.55
2022-12-24,397,28,890.39,2298.51
2020-02-16,205,69,4093.36,3543.27
2021-05-06,391,93,606.92,4834.47
2019-06-25,395,9,2522.35,5910.73
2019-07-23,236,33,3586.77,4889.96
2022-09-09,191,62,2990.02,5960.37
2023-02-21,236,32,2916.35,2178.63
2020-05-14,96,66,2695.11,2809.38
2021-11-06,55,29,4255.27,4664.74
2023-11-04,89,25,1841.47,4991.78
2022-04-29,44,30,1789.07,5593.97
2023-10-09,172,100,652.61,2622.65
2021-01-19,292,68,1268.41,5651.15
2023-05-14,15,94,4942.06,1047.64
2019-07-19,159,25,3833.11,4486.85
2022-10-16,171,3,2241.2,1409.76
2020-05-20,322,76,581.83,2119.97
2022-09-30,192,1,3242.93,3372.58
2020-03-12,109,95,956.08,5474.64
2022-07-19,182,23,2557.67,3573.87
2021-06-02,204,14,3848.17,1991.13
2022-05-05,263,93,4106.11,4038.68
2021-04-23,302,97,1028.61,3530.4
2021-12-23,234,22,2149.43,5927.97
2019-02-15,327,73,1752.74,5981.89
2021-03-16,145,81,3829.12,5533.6
2022-01-30,237,72,2880.62,4138.96
2022-01-28,305,82,900.52,4235.27
2020-07-15,326,99,1521.47,5347.79
2023-07-11,94,81,2710.89,3468.27
2020-07-15,218,41,841.1,5401.96
2022-05-17,209,8,1588.59,2318.78
2023-10-21,294,74,2692.37,5837.35
2022-05-31,218,98,2832.24,3376.93
2019-10-11,146,12,1648.26,3315.13
2022-11-21,346,65,3216.86,2067.27
2021-04-25,176,62,1227.63,4816.04
2020-07-30,94,37,4865.91,2602.03
2021-03-23,373,53,3447.83,2411.03
2022-03-01,208,1,571.63,1950.93
2020-01-24,6,28,2070.33,1111.48
2022-11-09,78,45,4047.8,5968.72
2022-05-11,29,42,4586.66,1511.06
2022-03-21,57,90,1355.92,5073.98
2023-08-24,322,65,4952.09,3150.61
2020-01-18,321,82,4779.86,4596.35
2020-11-24,41,99,4804.33,4518.23
2023-11-07,324,38,4420.5,4345.83
2019-04-18,195,100,1273.48,1456.11
2023-07-15,317,24,1897.62,1748.84
2021-03-31,77,27,1871.81,2402.76
2021-01-06,220,64,4663.56,1952.87
2021-03-08,207,53,2657.96,1810.42
2021-09-17,177,71,1685.95,1767.03
2020-08-28,8,31,2475.99,2116.33
2023-12-13,296,48,2968.29,4516.49
2021-01-05,384,55,2343.01,3879.94
2019-07-31,28,85,1114.91,4377.23
2021-06-28,155,98,3020.94,5144.93
2020-07-14,4,76,3907.35,2674.02
2019-12-01,196,41,3689.82,1592.24
2019-05-23,5,28,3256.1,4140.82
2022-07-27,258,50,3012.9,4598.37
2022-07-01,58,16,2299.09,4632.12
2021-05-26,6,50,3794.26,3653.41
2021-09-17,79,85,600.1,3483.91
2023-09-08,390,86,1543.69,2094.09
2022-10-13,170,76,1102.47,3770.05
2022-03-25,89,53,3359.62,5326.51
2020-11-16,3,14,2587.2,5552.01
2022-03-28,373,100,997.83,2848.42
2022-03-29,276,4,3362.99,4621.26
2020-02-15,379,10,4913.45,1878.52
2023-01-06,149,17,1546.08,4135.89
2019-03-09,52,20,2734.45,4031.01
2023-05-19,216,82,1323.88,3189.47
2021-02-11,18,73,4914.65,1656.53
2021-01-05,103,86,2777.36,3832.94
2020-08-28,373,96,1216.06,4858.52
2023-07-14,157,39,2271.63,4836.84
2021-10-07,140,27,2083.57,5270.44
2020-03-09,120,79,1867.89,4261.07
2021-08-29,289,55,3200.74,1598.62
2019-07-31,66,88,4252.98,3739.54
2021-05-09,49,70,2682.97,5280.13
2019-09-08,289,36,4375.41,4589.61
2021-01-24,377,48,1451.22,5395.66
2020-05-07,361,51,4249.97,1579.12
2023-02-25,13,28,526.92,1380.59
2020-06-21,80,12,1080.48,5904.72
2023-01-19,168,47,802.6,3227.76
2019-02-08,127,25,4393.6,1250.36
2020-06-30,100,97,4586.19,3141.5
2019-12-07,202,58,3741.73,3802.47
2021-12-29,346,13,3951.78,4719.79
2022-05-25,369,81,1156.2,3221.36
2021-07-01,95,48,4305.08,5100.74
2020-06-01,157,11,2345.14,1220.89
2019-06-15,256,75,836.23,5647.78
2023-03-06,42,3,2613.72,4123.71
2021-10-30,382,9,4641.84,1601.69
2023-07-25,19,91,4364.23,4029.19
2019-07-08,103,32,2003.7,4035.22
2022-06-23,348,70,2882.98,5338.43
2023-05-20,190,61,1012.26,1472.5
2023-10-09,60,52,4239.46,5883.02
2019-02-23,63,6,3754.02,2197.22
2020-04-26,353,62,3038.28,4566.53
2020-03-18,281,44,2469.9,4493.75
2021-05-08,1,94,3345.24,1770.97
2023-06-13,123,75,4880.81,2743.3
2022-12-03,350,44,2914.77,5849.4
2022-02-17,89,53,620.28,2006.72
2020-05-13,271,91,4587.61,3719.29
2020-04-27,217,38,698.66,2239.3
2021-11-03,163,59,3535.87,4281.75
2021-07-24,35,52,2303.37,3567.86
2019-02-24,111,36,4127.53,5208.78
2021-03-19,190,49,2770.13,5351.78
2020-11-06,183,20,2686.54,1625.51
2020-07-04,308,18,4054.13,4142.2
2019-05-24,163,54,1003.54,4747.83
2022-08-30,177,25,4076.52,2569.88
2021-11-21,267,58,764.48,1713.07
2021-10-07,285,75,1529.55,5100.09
2019-11-02,141,77,1650.37,1611.41
2021-08-30,59,97,3090.39,2245.54
2021-01-04,207,85,1705.7,1587.38
2021-08-29,333,1,4598.17,1095.98
2020-08-28,296,56,3637.61,4609.64
2021-01-09,124,6,2426.37,1334.78
2023-05-12,290,15,1260.02,4860.98
2021-12-02,397,67,3443.36,4538.11
2023-10-26,376,43,2466.71,3997.65
2019-03-02,399,65,1054.17,3537.01
2021-11-12,19,57,2594.17,4723.73
2021-07-17,4,19,4024.29,5660.74
2021-07-15,189,62,1766.38,2534.8
2019-08-03,118,85,1048.68,3994.93
2023-10-13,41,78,2987.55,5647.37
2022-11-22,157,33,2136.52,2128.48
2019-08-18,397,15,615.33,2200.23
2019-08-02,206,92,961.99,5290.66
2023-11-24,121,45,1326.79,1334.11
2022-10-30,341,95,4514.44,3276.38
2022-11-13,323,65,1680.24,1649.18
2023-01-22,142,32,1152.7,4494.06
2019-01-04,372,39,4540.53,1002.13
2023-10-21,180,69,837.47,1907.96
2021-06-17,302,50,1464.72,2566.98
2019-07-28,103,16,3578.18,2255.84
2023-12-13,302,91,4118.86,5028.01
2023-04-22,274,58,4879.1,3238.88
2020-10-24,207,31,2415.5,3483.56
2023-06-23,317,70,3466.02,2881.89
2022-12-02,179,3,1911.07,2740.06
2021-05-17,19,65,1235.15,2777.75
2023-03-08,152,69,688.83,4220.59
2020-10-20,67,99,3141.67,2715.25
2023-07-01,214,50,4538.48,2503.57
2023-06-29,46,52,4709.73,2788.2
2022-08-07,206,86,3265.1,4445.55
2022-04-25,14,17,1889.02,5075.19
2020-02-12,116,14,2779.03,5221.73
2019-04-26,377,21,3635.09,5736.32
2021-10-28,116,63,3706.1,1760.57
2022-06-09,112,60,1877.66,1807.95
2021-01-20,210,54,4864.39,3942.34
2022-10-07,173,4,4399.91,4912.33
2022-04-13,385,25,909.64,3500.14
2019-05-19,188,43,1247.62,1236.35
2022-08-03,395,87,886.73,2700.93
2021-05-31,292,26,756.4,3938.88
2020-03-07,181,3,3110.8,2311.69
2019-06-26,361,87,744.15,4309.76
2021-08-28,354,66,2691.9,3194.24
2021-05-01,68,75,3647.41,5162.82
2022-07-19,236,43,4107.33,3061.34
2022-01-30,288,62,2276.31,2147.25
2021-02-15,8,12,2054.92,1180.62
2022-01-14,241,43,2420.43,3620.41
2022-03-01,229,27,1020.96,1639.83
2019-01-09,149,85,4601.9,3629.03
2023-05-19,77,63,4141.49,3969.6
2022-08-24,67,59,2962.25,2751.3
2022-11-23,169,69,4355.38,5654.08
2019-11-16,30,44,4960.98,5879.91
2020-07-07,43,44,3769.72,3370.4
2023-05-06,338,50,2696.75,4716.86
2019-08-05,302,26,4596.16,1693.63
2021-11-19,397,60,4620.18,3114.07
2023-01-27,178,9,1128.44,4172.5
2019-08-03,233,76,3592.35,1151.08
2023-06-13,98,98,994.34,5473.34
2019-09-03,32,41,4519.44,2538.99
2022-06-02,16,50,1134.81,1058.74
2022-06-19,370,98,2231.01,1342.12
2019-09-02,221,61,2219.72,2062.58
2021-07-04,243,92,3112.3,1557.2
2022-02-05,122,66,924.62,2180.74
2019-07-24,394,20,4243.16,4829.92
2023-04-11,134,50,1161.63,2952.49
2019-07-18,166,20,1326.71,1699.38
2022-11-08,186,94,826.12,5513.73
2019-09-26,11,17,2608.64,1900.44
2023-07-11,194,21,1870.39,1044.12
2021-09-20,212,40,2152.84,4505.4
2020-12-15,251,47,2245.49,4982.28
2021-11-17,135,24,1350.11,4975.8
2022-12-11,86,96,558.93,1249.91
2022-07-17,63,50,1668.99,5973.73
2022-10-20,8,15,4822.06,4218.46
2023-03-10,200,86,4549.29,5023.03
2023-12-29,115,13,3928.94,1162.04
2019-11-04,244,8,2039.58,2948.95
2019-03-31,165,81,4854.3,2143.63
2022-05-21,204,76,806.49,1684.63
2021-12-24,308,90,2283.03,5485.51
2023-05-30,25,34,2711.36,5076.81
2020-06-21,59,33,2883.59,5427.63
2021-08-10,116,58,4305.52,5285.54
2020-12-20,179,45,2052.74,2805.67
2022-08-11,307,54,3634.1,2060.38
2020-06-29,129,89,4542.79,3277.62
2021-02-16,242,63,875.35,5473.25
2020-04-07,37,28,2350.87,5816.45
2019-09-14,32,55,1495.01,1086.95
2019-06-05,314,50,1686.48,1954.09
2021-05-25,133,73,4903.45,4190.84
2023-01-05,201,39,3932.84,2956.81
2023-08-22,198,50,3449.29,3087.39
2022-12-01,193,57,4528.12,5519.36
2022-06-18,273,14,4576.75,1078.92
2022-08-25,41,69,2538.59,1762.89
2020-08-24,117,12,3136.84,2839.27
2022-03-24,275,2,4311.81,3036.19
2020-05-02,272,43,1819.16,3377.12
2023-01-28,316,86,1148.86,2722.6
2021-09-22,200,89,807.46,1165.16
2020-04-01,49,67,978.62,2757.74
2019-05-11,309,27,3139.42,1057.28
2019-07-30,346,39,3816.94,1228.66
2022-07-02,388,6,3070.9,3195.69
2021-04-25,62,6,3888.89,2369.78
2021-11-12,70,81,1984.41,5148.49
2021-12-10,394,35,1278.04,3962.05
2020-01-06,213,96,3073.08,2769.49
2019-11-13,164,55,3697.05,1079.23
2022-07-27,191,35,730.22,1730.34
2020-02-02,255,92,3937.58,1342.63
2021-12-09,384,40,4804.85,5024.03
2022-10-20,7,86,1425.11,4584.12
2021-02-25,337,9,3538.5,2310.84
2022-08-11,23,11,2952.93,5063.52
2020-09-22,308,56,1282.95,1195.46
2023-02-26,176,48,708.84,4336.49
2023-08-21,75,28,2681.79,3903.52
2020-12-08,84,43,2079.94,3809.2
2021-01-03,366,100,1833.19,3723.15
2022-01-09,164,47,2410.07,4049.16
2021-09-28,4,91,1887.47,3934.94
2020-07-25,340,84,3665.21,2824.89
2021-11-30,345,16,1902.01,4849.78
2019-11-21,288,12,859.81,4870.1
2021-02-03,397,96,524.18,4012.99
2020-03-03,238,47,4621.53,3167.39
2020-09-19,132,57,3909.99,4589.64
2019-09-25,373,87,2274.33,3228.37
2020-02-26,215,67,1423.25,3581.13
2020-12-01,199,18,3077.66,4206.09
2023-03-26,100,16,4614.6,1431.58
2019-03-07,388,31,1851.35,2420.41
2022-01-23,357,39,4955.75,2481.81
2019-02-10,279,24,1154.53,2403.79
2021-01-09,376,66,793.75,2159.74
2022-09-25,377,10,2603.18,2209.89
2020-03-26,192,59,4813.31,4795.56
2019-04-29,332,19,4643.46,3795.69
2021-04-03,67,48,3375.65,1366.1
2023-04-27,248,31,3570.63,5462.86
2023-11-05,300,17,3374.09,4650.51
2019-03-15,107,89,2474.72,3224.76
2022-02-17,203,23,4814.8,1358.59
2021-03-22,252,40,1242.67,4048.7
2022-06-12,116,8,4375.18,3393.83
2021-03-20,176,14,4352.37,3172.57
2020-04-10,248,15,4026.49,1973.67
2022-05-16,355,68,4653.66,1456.44
2023-01-02,178,54,3716.63,3496.39
2022-10-18,159,35,3483.31,3939.1
2020-10-23,45,80,3381.78,5115.45
2022-03-29,107,26,2070.88,5698.67
2019-10-02,329,16,3250.02,5185.65
2023-06-01,133,22,2212.45,3760.13
2021-01-31,381,92,3706.52,3029.49
2019-05-20,43,15,781.23,2865.79
2021-07-15,350,6,3230.02,1366.3
2020-07-02,227,79,4811.24,1021.02
2020-05-04,270,65,2549.62,1265.07
2021-07-30,99,46,1138.21,2386.62
2022-04-19,4,79,2074.92,4906.92
2019-08-06,64,85,3012.77,1049.96
2021-01-13,206,39,682.96,5596.15
2019-01-27,158,60,2769.2,1259.12
2022-12-21,198,17,4556.8,2904.17
2022-08-14,367,12,1820.39,3414.05
2022-08-10,54,82,955.75,3033.16
2023-03-24,162,65,4258.55,1639.22
2022-08-28,2,8,4925.61,4989.73
2023-01-24,298,48,4657.15,5979.19
2022-12-10,157,93,666.62,5903.11
2022-08-18,256,51,4992.4,1558.32
2019-07-08,6,3,2454.27,2703.18
2023-12-30,64,91,2669.31,3079.49
2021-04-20,284,16,525.82,1963.52
2021-10-17,350,99,2011.66,2153.26
2019-11-29,225,81,4235.63,4503.07
2022-09-29,380,47,873.98,1003.14
2022-10-22,382,60,4868.46,3932.99
2019-05-12,115,24,1191.36,2893.67
2019-06-28,164,31,2795.28,4610.95
2020-08-28,370,71,4747.71,3721.19
2022-01-13,54,47,3583.29,3952.28
2023-12-03,377,43,1359.52,2576.08
2021-11-03,28,100,1784.95,2491.29
2019-01-28,330,76,2147.64,1080.94
2022-07-26,68,98,4764.57,2087.36
2022-08-20,126,83,3721.86,3335.86
2023-08-07,389,41,4166.84,5581.05
2019-05-24,102,60,3321.52,2494.46
2020-10-30,85,20,3405.6,5188.69
2021-03-26,92,7,1173.5,3198.94
2020-04-13,274,57,2236.13,1426.32
2023-12-13,34,42,2622.46,2892.49
2019-09-23,262,89,1485.63,5178.33
2021-09-22,7,20,3986.78,3870.57
2022-04-26,205,52,4668.26,3033.32
2021-10-13,231,80,2326.99,3102.35
2019-04-10,3,55,4798.15,5776.53
2019-10-10,372,45,3324.3,2794.55
2019-05-25,286,74,4042.25,3146.62
2023-07-14,323,44,2148.06,5551.83
2020-07-27,382,27,1896.4,2437.01
2022-12-17,248,41,4651.08,3604.98
2023-05-30,181,48,771.52,4174.08
2019-10-14,362,61,4483.7,4745.64
2023-10-05,126,70,3364.05,5769.99
2021-03-29,161,32,4020.04,1165.92
2023-03-26,205,91,1946.32,1543.31
2019-12-29,1,3,3861.19,5107.24
2020-04-24,41,18,2025.42,4867.08
2023-08-09,16,55,2315.78,1092.42
2020-02-07,205,29,3299.25,3064.83
2022-02-17,234,78,3915.36,3783.48
2020-01-14,252,69,3686.38,1297.09
2022-03-22,263,37,1292.45,1172.25
2021-12-18,99,30,4400.49,1586.98
2019-09-06,285,58,2712.23,3373.82
2020-12-15,336,31,2447.02,1182.03
2021-04-26,114,91,4689.48,3833.83
2019-10-04,130,51,3962.06,1737.24
2020-04-12,131,9,877.59,5215.4
2020-01-08,83,54,1412.19,1981.34
2022-05-20,139,71,3211.72,4547.84
2020-01-15,291,78,2600.48,4050.35
2022-01-20,359,91,643.65,2920.42
2022-09-13,147,30,1044.48,3837.13
2023-01-31,226,69,3142.27,3177.7
2022-01-13,125,21,831.99,5811.88
2022-06-16,91,86,3477.67,4161.1
2019-09-16,295,27,1195.95,5582.4
2022-05-06,70,68,2371.51,3696.43
2022-09-08,163,32,2084.7,5800.57
2020-06-06,75,86,4082.67,4376.21
2023-10-01,396,63,2339.85,3024.61
2019-06-03,1,28,3133.76,5379.83
2020-10-23,127,45,2079.41,1246.59
2021-04-07,122,33,1661.14,4634.44
2020-11-21,70,66,2922.88,3625.15
2021-05-24,316,65,2904.67,5431.25
2020-05-17,308,33,3175.2,4811.28
2021-03-20,194,54,3901.11,3852.99
2021-07-17,98,63,2115.43,3083.35
2023-09-18,218,19,3013.76,1286.35
2020-09-23,93,59,768.24,1011.14
2023-04-14,92,17,3612.06,5271.97
2023-09-21,313,48,4243.59,4788.05
2023-12-21,318,32,2269.41,3118.44
2019-02-01,331,25,2535.81,3232.58
2023-04-24,375,40,4650.83,1825.02
2022-12-14,365,77,4975.81,3734.1
2020-08-13,47,45,3335.96,3503.51
2022-03-30,160,77,3663.02,2780.26
2019-07-01,366,73,3085.47,1455.32
2022-10-17,199,60,4679.06,1369.44
2019-12-15,342,42,4823.58,5670.49
2022-09-26,71,25,4141.64,5010.59
2019-05-30,384,88,2849.08,4992.08
2020-05-27,239,43,4096.14,4553.18
2022-05-07,158,22,4988.29,1237.52
2022-12-12,271,76,556.7,1771.41
2022-07-24,285,84,1957.65,5702.98
2023-05-05,213,11,4046.97,4400.21
2020-01-16,71,41,3946.49,5793.86
2019-10-31,244,86,1340.43,1476.87
2020-05-04,229,43,1453.59,4408.56
2020-06-03,32,39,1756.18,1149.22
2021-01-24,110,78,1855.83,5336.03
2020-02-20,311,80,1351.52,4564.61
2019-01-27,208,86,2598.29,2767.05
2021-01-13,377,88,4946.9,5767.47
2020-02-07,251,33,2512.63,1029.85
2022-09-22,16,53,4937.05,2202.42
2021-08-01,59,59,4993.55,4921.2
2019-08-23,358,33,739.49,4980.27
2023-08-29,215,95,2872.07,5903.95
2020-03-08,1,92,3556.49,3891.18
2021-05-26,60,30,1540.87,5609.5
2019-05-06,358,56,1612.83,2480.0
2023-01-25,31,74,3932.45,4460.64
2020-12-02,271,52,2025.76,4535.77
2022-12-11,327,52,4627.13,2421.56
2021-02-10,384,97,3107.89,3749.92
2023-07-24,204,99,2242.36,1308.38
2023-12-09,104,45,2553.98,2413.86
2021-02-16,33,20,755.17,3378.84
2022-06-27,58,47,2937.66,2765.04
2019-03-14,65,85,4279.51,4250.23
2020-12-18,83,65,2192.52,4258.93
2020-11-08,360,19,866.16,5907.25
2020-01-23,31,54,2831.8,4629.21
2021-10-23,359,8,3571.09,4914.69
2023-07-24,247,71,555.56,5742.46
2022-09-08,47,22,3645.35,4639.49
2020-05-13,203,8,1403.14,3178.53
2021-12-22,361,5,2906.31,2618.23
2020-09-15,337,22,3423.45,5924.35
2022-11-24,340,24,1527.14,5443.14
2019-05-27,400,60,1568.58,3600.9
2020-12-26,98,83,1900.11,3430.45
2021-12-10,366,83,924.62,2185.38
2019-05-17,205,30,2101.98,1611.1
2022-11-08,348,58,3518.57,1215.64
2019-07-05,397,72,4690.83,3934.14
2022-04-10,300,19,3893.01,3164.03
2021-03-02,66,61,738.11,5024.66
2021-07-27,137,12,1916.36,5306.9
2023-03-02,58,4,3661.97,2153.13
2023-01-02,55,97,3580.24,1906.98
2022-04-10,239,78,2511.31,1162.87
2022-11-11,205,41,2912.5,1353.34
2020-04-01,182,97,2826.55,4631.02
2021-01-26,319,81,1365.95,2849.54
2019-07-23,387,88,2093.43,3969.94
2020-07-23,72,13,3533.25,1452.91
2020-05-08,232,85,1344.38,3277.44
2019-06-03,49,68,537.49,1969.76
2023-01-06,278,52,2524.91,5624.88
2020-10-17,137,52,1251.97,2398.71
2022-09-25,172,55,838.05,2761.07
2021-12-02,327,97,768.13,2031.39
2023-06-11,355,43,1204.51,2272.34
2021-10-10,10,64,3546.41,1162.73
2019-11-27,201,57,673.57,3685.7
2023-05-09,155,20,3777.7,3666.57
2019-03-14,246,8,1794.69,5889.48
2020-07-15,27,19,3701.8,1361.29
2019-12-19,227,14,3009.44,2987.26
2020-06-27,158,76,1174.19,5218.12
2020-09-13,292,65,1952.88,5439.48
2020-02-13,94,62,3081.89,1656.03
2022-03-11,362,85,4324.26,2815.33
2019-12-15,20,32,2303.32,1589.46
2022-05-23,151,40,1701.74,5949.87
2019-09-29,307,57,1213.46,1902.3
2019-10-08,142,18,4612.8,1857.8
2022-06-04,201,99,2456.94,3238.52
2022-04-26,135,74,719.75,1786.52
2023-11-12,78,95,1584.28,3624.32
2023-05-23,228,25,3904.65,3208.13
2020-06-14,131,31,3238.65,5798.18
2019-04-23,283,28,563.1,1787.53
2021-03-24,69,80,4377.24,1698.31
2023-06-29,350,13,1831.08,4644.87
2020-01-15,254,82,3529.47,3219.34
2021-04-07,233,22,4343.75,5136.14
2021-07-29,23,87,4215.2,3680.33
2022-05-16,383,27,4956.19,4545.74
2022-05-27,42,91,3912.02,5233.8
2023-09-14,233,5,840.54,4000.36
2021-08-06,263,68,4499.68,5814.07
2019-09-09,167,31,4592.49,1930.04
2020-12-16,383,87,4005.23,2969.44
2021-09-26,391,89,557.39,4683.74
2019-11-11,335,2,2357.4,4201.83
2020-03-30,233,39,3098.07,5430.04
2021-05-13,373,23,1817.98,2277.05
2021-04-06,366,56,3442.58,3805.35
2021-03-15,183,38,2942.89,2997.07
2020-03-06,33,88,4765.04,1922.11
2022-06-04,243,58,1708.32,4989.63
2022-12-14,247,77,3182.74,3927.72
2022-08-21,269,1,4381.74,3787.64
2023-10-15,197,86,3099.83,4846.43
2021-07-13,153,80,4549.59,3949.96
2022-09-29,9,27,1747.56,2238.0
2022-09-05,300,17,2800.04,2894.58
2019-06-09,320,56,1582.75,1357.48
2019-07-19,2,2,4998.53,5109.51
2021-06-19,133,10,4778.3,2511.57
2023-09-29,101,41,3685.45,2106.04
2021-10-08,13,5,3980.77,5824.45
2022-04-05,332,95,4569.31,3114.65
2021-08-18,201,16,4855.66,5632.76
2021-01-11,97,45,3348.96,2036.31
2022-03-05,75,87,2602.23,5720.2
2020-10-03,290,80,2173.61,4431.26
2021-04-12,254,54,1410.08,2517.22
2020-09-10,137,5,3435.27,3161.96
2020-09-08,75,79,774.27,5354.21
2022-02-06,194,21,2738.21,1195.76
2019-06-10,390,98,3660.43,1345.9
2021-11-22,54,72,1939.89,5787.66
2020-10-18,327,43,786.43,5730.09
2020-01-04,80,47,3361.86,4278.42
2019-04-20,264,54,2647.69,1618.93
2019-02-02,175,36,3757.99,4024.09
2022-10-01,23,47,1481.37,5466.42
2021-10-05,133,44,2220.75,1631.01
2019-04-25,347,16,4485.56,3841.34
2021-11-30,370,59,3506.42,3272.69
2020-12-13,299,23,1719.26,2531.52
2021-06-09,202,42,1251.36,2265.14
2020-10-18,59,20,1976.27,5721.43
2022-05-25,20,46,1405.97,4331.09
2021-10-09,16,80,3457.53,2537.18
2019-03-13,376,7,2184.24,4320.54
2023-07-08,167,34,2633.84,1132.12
2020-06-30,251,77,2782.14,3387.07
2021-02-25,338,59,4260.52,5808.58
2021-11-18,283,21,2493.01,4776.72
2021-01-07,41,79,4577.34,1809.66
2020-04-03,7,47,2064.12,2202.9
2021-02-15,22,80,1482.71,4160.3
2022-04-01,68,89,1517.14,5435.71
2020-03-24,181,18,1621.95,4531.7
2023-02-06,2,49,1043.8,4773.75
2021-01-03,351,78,3252.9,2837.49
2021-11-11,127,71,3759.89,4322.07
2022-10-26,162,11,1235.24,3072.4
2021-05-07,393,69,4735.81,4056.24
2019-07-12,255,7,1280.48,1203.29
2023-02-23,171,81,4956.77,5938.42
2020-01-31,39,96,1505.64,5337.26
2020-08-25,278,7,4393.63,5168.86
2022-03-29,94,38,4719.62,2364.8
2020-10-21,119,47,3332.16,3602.53
2019-09-27,2,9,1574.61,3398.55
2019-12-10,332,84,1769.05,2586.02
2020-11-02,233,25,4348.22,1932.43
2022-07-30,56,80,3252.86,5705.41
2021-07-10,155,80,1716.88,2548.54
2019-05-24,56,81,4046.88,1217.23
2020-02-16,203,54,4738.86,4775.21
2023-10-06,30,37,3900.31,4233.89
2022-03-03,371,60,1272.26,5585.01
2021-01-30,281,76,3372.33,2137.1
2021-07-23,127,9,2884.33,2285.6
2020-09-18,212,27,2727.3,3743.39
2019-10-18,75,96,1365.15,4351.53
2023-11-22,256,89,2970.04,3752.44
2019-12-02,116,99,504.6,3929.06
2021-03-12,135,39,4382.52,2813.46
2020-11-08,181,90,3698.1,4788.51
2022-08-05,47,19,2668.89,1259.4
2022-05-19,352,84,4696.74,4766.45
2021-05-22,291,12,2314.84,4241.23
2020-05-15,342,40,4484.82,4615.21
2021-07-07,277,35,2710.2,2929.57
2023-12-08,85,97,2386.9,5479.65
2020-06-15,392,80,4718.4,4858.4
2022-03-29,101,15,1789.36,3615.61
2019-11-02,239,78,2030.61,2195.36
2021-01-22,355,2,2361.38,1823.75
2023-08-01,311,73,4145.54,4339.44
2021-06-29,140,38,3574.66,5143.76
2021-10-27,260,94,654.25,2118.85
2019-04-04,355,31,696.89,1061.03
2019-05-30,162,17,4306.16,1149.2
2020-08-24,281,52,3263.2,1493.88
2021-04-21,141,89,4979.44,5977.8
2020-02-26,40,4,4402.05,3917.95
2021-09-13,89,76,614.01,5956.86
2023-06-30,301,51,4815.76,2880.87
2021-01-01,331,50,1163.98,3901.47
2019-04-09,351,1,2409.29,1193.64
2020-07-03,172,61,2736.5,5748.4
2021-11-17,130,78,3932.32,1742.14
2019-07-13,269,7,3942.95,3917.02
2020-09-29,219,72,3380.63,4549.0
2021-07-05,327,79,702.19,3462.84
2020-12-14,211,69,3527.21,5121.52
2023-12-28,153,49,3034.89,1211.4
2023-09-05,74,71,2787.86,1604.48
2019-02-20,127,30,2180.07,3123.13
2020-10-31,35,38,1798.16,3648.48
2020-10-17,321,6,2410.7,1738.42
2020-11-05,2,3,1695.16,1391.54
2020-02-23,158,18,3086.11,1967.8
2021-03-20,281,58,555.31,3606.61
2023-12-06,378,20,2375.6,1261.44
2019-06-20,20,61,3629.23,5298.29
2019-05-23,177,71,1119.83,1494.93
2023-06-17,315,49,1195.89,3027.23
2022-01-24,94,37,3303.02,1934.63
2023-03-30,7,59,740.13,1492.63
2020-12-14,114,27,1964.14,4766.21
2023-07-06,162,2,4917.91,5467.0
2021-08-08,62,76,3556.85,3918.22
2022-09-22,18,44,4288.59,1598.74
2020-06-04,371,76,4214.73,3052.14
2022-07-02,110,31,2981.99,4496.66
2022-12-12,299,37,4706.33,2963.56
2023-12-20,353,57,1267.25,1248.25
2019-05-21,343,11,626.11,4586.23
2022-10-19,345,8,3865.21,3025.04
2019-07-15,142,77,3905.61,5092.8
2020-11-24,20,35,1656.8,1416.42
2021-03-12,203,50,1771.75,4885.54
2021-01-23,346,95,4919.23,3112.04
2021-01-25,284,25,3701.49,5580.61
2019-09-02,276,28,4580.55,5337.94
2019-01-20,335,81,807.55,3926.21
2020-06-01,389,63,2235.09,4362.93
2020-02-09,205,75,3255.85,3557.75
2020-11-07,230,53,4760.53,5816.56
2021-08-26,172,61,3620.85,1255.19
2023-07-05,201,39,4317.31,1617.42
2022-01-25,94,79,3861.16,2418.07
2022-03-08,28,14,3011.86,5234.16
2022-02-02,59,53,629.44,4127.88
2022-01-28,134,94,4415.02,5562.54
2019-09-12,395,10,3438.27,5664.86
2021-09-28,267,88,3704.01,4783.63
2023-01-14,172,75,4178.7,4957.97
2019-07-31,355,56,912.88,5718.71
2022-07-27,28,23,1505.46,3048.65
2019-05-16,230,68,3330.74,3728.13
2022-03-26,304,53,758.54,3064.21
2019-11-20,48,29,1282.25,5008.39
2023-04-16,396,28,1247.41,2190.77
2020-09-19,206,97,3383.48,1123.84
2021-07-06,186,58,1175.37,1437.77
2022-01-12,256,90,620.02,5370.8
2023-02-19,346,15,1385.41,2459.13
2023-06-01,395,42,2388.13,2410.03
2019-04-15,25,85,2077.68,2776.33
2019-06-11,131,47,1693.82,2553.85
2021-08-17,111,25,2222.86,3641.83
2022-05-28,49,17,4790.68,5665.81
2019-08-30,39,40,2323.26,5063.53
2021-11-19,328,15,4601.02,4517.2
2019-02-01,387,67,3434.8,2451.57
2019-11-04,158,30,3259.26,4038.02
2020-07-31,172,1,2008.66,5869.48
2020-02-01,321,17,2531.13,4353.81
2020-04-03,326,49,2820.36,3404.3
2021-01-07,338,52,1232.97,1520.92
2020-12-28,17,74,4747.33,3243.91
2022-04-07,17,5,3801.12,2457.18
2019-11-10,233,34,4439.59,2767.46
2019-10-25,183,6,3280.45,4808.21
2020-12-14,124,79,3271.62,2047.0
2022-11-20,33,79,4647.17,2496.97
2023-04-29,164,33,4022.51,2567.87
2023-04-17,311,15,3417.08,1831.53
2022-01-17,334,35,2424.56,4052.68
2021-09-06,8,62,2622.57,1583.12
2020-01-03,104,77,2839.26,2623.79
2021-04-04,266,59,2366.52,1540.88
2022-12-31,127,4,2781.45,2176.38
2020-02-09,280,54,4996.42,3090.76
2021-04-28,96,94,1374.65,2261.52
2023-06-09,318,81,4004.39,3942.74
2021-04-01,1,18,2501.58,5245.02
2022-04-04,306,90,1034.78,5778.48
2021-03-29,332,18,4323.17,1111.07
2021-04-02,63,82,4593.32,2097.52
2022-08-10,175,56,2513.76,2760.43
2021-01-29,90,6,3365.27,4076.46
2019-05-13,256,27,3362.3,4854.56
2021-06-05,269,10,1788.49,4481.12
2020-02-04,222,7,1214.03,3740.25
2020-11-15,155,80,2464.32,4594.92
2019-02-13,192,25,2016.18,5545.08
2021-12-06,144,62,1948.64,1759.86
2020-01-14,41,3,4385.84,3794.15
2023-04-24,82,1,4450.05,5728.15
2019-07-19,85,97,1800.03,2543.92
2019-11-08,173,2,3060.78,5182.21
2019-10-30,355,6,2543.44,4724.16
2019-01-25,292,2,1912.7,4855.46
2019-09-26,257,91,1573.21,4624.09
2023-06-05,147,79,2293.55,2681.53
2022-01-24,107,30,1114.88,3632.83
2020-10-17,311,87,1675.52,5575.42
2020-04-01,400,37,3195.08,3413.98
2022-04-06,265,52,4430.7,5916.54
2020-07-10,62,87,3587.98,1336.24
2023-03-28,375,1,3379.84,2148.38
2023-11-23,52,16,2388.74,4830.79
2022-11-17,201,13,673.07,2725.13
2021-01-13,298,69,1693.71,3452.21
2020-10-29,281,81,3929.8,5346.32
2022-05-07,350,53,910.48,2178.0
2019-11-30,211,2,568.64,1117.36
2020-07-10,69,9,3095.03,3492.63
2021-08-25,335,45,3148.48,5986.88
2019-01-24,211,4,3829.48,5902.99
2021-01-03,120,92,1857.34,2661.71
2019-10-07,12,85,2872.75,2900.59
2020-02-18,305,56,3426.04,3747.61
2020-11-12,203,57,1103.45,1946.73
2019-06-26,331,89,806.93,1917.95
2020-05-05,244,94,2070.65,2099.68
2022-04-19,9,89,3040.57,5235.0
2020-08-02,118,57,4776.69,2749.84
2019-01-18,315,6,1345.55,2736.8
2019-07-26,97,88,2736.35,4154.03
2021-08-24,335,94,3746.31,1468.89
2023-04-30,306,28,3361.84,4028.35
2021-05-02,33,30,1099.6,4881.5
2023-02-05,297,25,2347.54,5375.12
2021-06-10,158,65,2324.1,3817.57
2021-04-02,93,3,783.67,1081.8
2020-12-04,207,76,762.3,3838.38
2021-10-06,212,89,4582.55,2751.13
2021-07-18,28,97,3634.77,3062.83
2021-01-12,26,36,2620.47,3690.63
2020-09-24,57,64,1257.5,5161.52
2020-03-03,30,27,4989.01,4445.98
2021-04-13,37,18,2940.06,4839.02
2023-03-24,268,39,849.47,1051.07
2020-11-23,65,30,527.42,4046.49
2020-11-29,221,66,4929.57,2551.79
2019-03-30,160,42,4294.04,1269.86
2020-05-24,89,67,1467.64,2185.91
2023-12-01,124,93,1496.2,4729.22
2022-06-30,147,6,2918.33,2143.45
2023-06-04,72,58,4277.2,4459.16
2023-08-30,14,20,4567.42,5958.42
2020-12-28,49,99,3727.68,3351.61
2022-10-06,219,23,503.19,1072.41
2022-12-22,208,94,1298.67,3171.86
2021-12-09,317,51,1055.64,2733.07
2019-08-05,78,34,1969.63,2483.15
2022-06-12,25,70,801.19,2755.66
2022-07-29,116,56,2168.34,3373.34
2020-06-29,45,64,2934.14,1167.49
2022-01-30,327,69,1591.39,2495.0
2019-04-23,236,99,1032.29,2783.43
2022-09-12,105,68,3551.12,4901.13
2023-12-25,271,47,2215.36,4761.61
2022-02-15,85,12,1460.94,3244.19
2022-09-16,109,21,1443.99,5255.49
2023-06-17,251,60,3611.25,4157.76
2022-02-09,252,83,4292.28,5912.49
2022-11-02,151,52,4372.41,2227.56
2021-12-27,139,48,2111.65,1322.2
2020-10-30,281,5,654.28,2711.22
2019-04-28,320,57,1466.03,1839.51
2022-12-31,394,82,2583.93,3000.61
2022-09-18,261,98,2312.41,4379.96
2022-11-28,354,17,3658.48,2989.27
2022-11-25,162,47,4462.08,1998.54
2020-12-08,189,82,4296.43,3533.48
2021-10-05,55,4,4950.43,2676.43
2021-09-21,361,5,714.28,5859.56
2019-03-22,75,84,2837.2,3114.32
2021-09-25,104,82,1133.47,3135.75
2020-05-26,152,83,4581.47,1308.35
2022-01-20,155,96,575.92,5857.14
2021-06-10,26,35,2275.15,2510.82
2023-12-09,144,71,553.22,2972.23
2020-06-24,149,11,868.77,4317.08
2019-01-16,249,75,3646.56,3875.64
2019-04-11,222,45,2118.23,1861.17
2020-02-02,240,94,4389.6,2329.46
2023-02-17,298,41,4242.9,2689.79
2019-11-24,55,27,3654.36,5941.49
2023-06-30,334,56,1099.44,2333.5
2019-07-11,15,90,2867.9,3745.11
2020-02-10,22,50,618.23,1639.1
2021-04-15,221,30,2726.55,3933.22
2021-04-06,323,39,2696.75,1606.22
2023-03-08,329,5,3268.03,4353.62
2019-06-08,290,79,4566.99,4873.16
2020-10-24,237,66,1261.05,4763.03
2020-01-29,281,32,2758.54,1003.04
2021-08-26,368,51,4263.07,3247.29
2019-05-02,35,66,1638.47,2990.78
2022-09-02,399,16,1361.76,1917.65
2019-10-10,55,50,4824.66,5071.22
2020-02-02,35,52,3091.31,4120.63
2020-03-26,152,8,2026.32,1283.35
2021-08-07,134,54,1328.74,4823.78
2020-05-09,102,99,3123.94,2509.26
2023-05-14,277,22,2995.65,1805.64
2019-12-12,293,25,2484.56,5922.13
2020-08-04,36,96,2079.22,3097.5
2020-06-20,377,6,1338.79,3086.51
2021-05-20,46,7,699.0,2489.56
2022-10-16,86,11,4326.77,4928.67
2021-12-31,334,100,1706.37,4619.45
2022-01-05,313,25,807.53,3627.31
2019-06-13,132,72,3436.43,2532.93
2020-05-11,296,100,1698.34,2451.44
2021-03-21,124,10,2418.88,3600.96
2022-12-31,37,25,3497.85,1637.68
2021-07-29,18,70,4641.78,2290.6
2023-12-22,41,74,1459.26,3623.38
2022-08-30,119,10,3669.16,4039.42
2019-12-12,180,17,1523.87,4371.05
2023-07-25,147,87,4508.05,5130.49
2022-04-23,229,14,4519.91,4860.14
2022-03-05,368,49,4734.28,3219.61
2023-05-27,77,97,1981.06,4896.76
2019-01-30,362,51,4842.25,3030.29
2021-09-20,51,52,1314.46,5812.63
2020-02-13,213,92,3477.69,4585.39
2021-03-10,356,59,534.8,2716.47
2020-06-06,117,66,2778.48,4407.92
2020-10-08,39,76,967.32,3661.73
2023-01-20,220,12,3252.88,3870.37
2020-08-29,279,35,2807.49,1605.72
2023-09-24,215,96,3331.04,1091.23
2021-01-22,74,79,2045.19,1562.19
2023-03-04,79,63,3071.13,1151.74
2019-07-30,293,75,2941.47,2741.34
2020-12-15,29,65,1861.48,5406.67
2022-02-13,296,67,2802.76,2854.0
2019-03-07,183,97,539.31,2062.76
2022-04-27,134,12,3513.49,1481.97
2022-12-22,103,53,2120.84,4994.27
2021-02-09,91,4,527.26,3259.68
2021-10-06,53,20,2234.37,5664.01
2022-05-18,174,10,4225.73,1359.31
2020-03-26,193,20,1444.52,3965.19
2021-09-12,311,38,4683.97,3259.72
2020-12-23,291,25,3073.02,4355.72
2021-10-29,143,13,3570.37,5312.2
2021-05-07,287,84,3065.51,4073.6
2019-12-26,143,68,4163.83,1513.44
2020-11-10,152,50,2435.43,2330.22
2019-08-25,224,43,2325.34,1061.09
2020-12-04,69,82,550.42,5964.24
2020-03-14,192,39,3427.54,2161.38
2019-04-26,241,55,2913.85,4199.59
2023-03-26,82,38,1768.12,5564.14
2023-06-28,117,43,4154.9,1256.12
2019-05-07,102,99,1182.1,2564.76
2020-09-24,218,35,1145.0,2538.21
2019-06-24,139,80,2299.89,2421.82
2020-05-27,315,73,4974.96,3467.4
2022-10-19,312,82,2363.08,5476.21
2023-05-25,332,11,1528.16,5964.39
2022-09-18,140,87,1668.53,4210.09
2022-02-23,75,38,4906.17,5524.94
2022-08-12,220,48,3351.5,5708.23
2022-03-17,391,23,3221.41,3401.61
2023-10-08,381,41,4644.6,4277.96
2020-01-14,73,68,4100.91,1810.41
2023-07-25,6,50,1468.79,2540.73
2021-04-14,104,80,2115.06,2385.84
2021-09-06,119,72,3308.51,2584.73
2019-06-22,93,97,3074.68,2762.15
2022-03-12,13,37,1054.32,2286.62
2020-10-01,229,12,4667.86,2876.04
2023-01-13,199,19,4251.23,5997.26
2023-10-03,107,61,2344.15,2701.9
2019-06-21,78,97,4808.15,3831.13
2023-12-09,248,58,3682.74,2958.85
2022-03-06,127,58,1505.32,2766.43
2022-03-11,392,57,2767.52,2929.3
2020-11-15,276,15,4152.37,3133.99
2023-07-16,200,26,3726.42,4841.51
2020-04-18,219,22,3871.32,2829.26
2023-08-11,234,34,2266.53,1240.97
2019-10-12,92,44,4734.62,1571.26
2020-02-23,4,11,4946.07,4672.0
2022-04-30,98,36,2944.27,3863.94
2022-01-23,309,27,2742.51,2929.28
2021-08-13,70,26,2043.48,3063.95
2020-09-21,354,72,2479.36,2644.05
2023-04-13,30,68,4946.55,4962.81
2022-10-10,284,67,714.21,2651.34
2022-07-13,161,79,4065.76,2972.92
2021-04-25,273,79,2126.77,4379.64
2020-02-20,146,30,1128.86,5242.92
2019-01-30,7,75,1312.0,1141.03
2020-02-14,128,71,655.93,4590.32
2023-05-19,370,54,2415.06,5748.83
2023-11-16,279,58,2084.04,2608.11
2022-03-24,297,35,3981.96,4462.57
2022-03-10,37,41,3863.75,5857.04
2020-02-15,167,45,1044.92,5686.39
2020-09-25,396,35,2236.44,4978.99
2020-02-17,147,55,3089.16,4555.98
2023-06-20,34,72,822.51,3123.18
2019-12-20,341,98,3028.93,3496.41
2019-01-17,304,40,3596.83,1320.67
2021-09-07,115,85,4025.88,1579.09
2021-03-16,77,90,1608.81,3962.46
2021-09-15,109,24,4589.82,4417.84
2020-04-24,271,61,3714.97,5523.49
2020-02-08,388,28,2980.11,2194.12
2019-07-26,146,70,3288.65,4555.96
2019-09-07,329,28,1917.46,2582.53
2022-08-26,321,91,3076.69,1455.73
2019-05-07,164,34,1153.18,3400.96
2019-09-07,310,23,4487.73,2351.33
2020-08-22,260,62,542.99,1207.0
2020-03-04,218,11,950.54,2447.05
2019-06-12,92,92,1531.06,5113.27
2023-06-02,271,85,1498.53,5757.15
2021-02-19,367,5,3456.84,1607.82
2022-11-23,366,89,2712.15,2009.48
2019-02-08,95,81,4519.75,4009.21
2020-03-25,352,26,3168.79,2826.21
2022-03-02,339,76,3604.16,4072.75
2019-02-27,103,75,2018.56,3382.33
2019-01-02,156,61,1093.56,4899.1
2022-06-19,225,37,2968.85,2176.53
2022-02-07,384,25,3934.57,5539.21
2022-12-23,34,16,1557.06,4995.72
2022-12-31,28,35,2513.37,5024.49
2023-02-15,33,38,1386.52,5073.06
2023-01-29,252,55,4078.61,4581.23
2021-08-25,195,69,4151.38,5086.85
2020-03-10,123,9,1201.41,5679.06
2019-07-12,317,20,1358.63,2443.43
2019-09-22,122,23,3703.89,5399.91
2020-01-29,288,21,3167.35,2506.89
2022-10-15,10,50,1242.27,4771.24
2022-03-30,83,27,3645.48,1794.96
2021-05-31,192,53,2587.92,1675.4
2021-05-30,3,39,1234.94,2538.53
2019-09-14,234,23,4853.93,4189.39
2023-12-05,243,24,4456.73,1939.27
2022-04-20,190,23,1451.43,4710.87
2023-07-28,20,88,2976.06,3037.0
2022-01-14,169,17,2648.24,2813.76
2021-05-20,258,13,1217.14,2529.81
2023-09-06,58,98,1225.29,1824.21
2021-10-05,52,29,3519.0,4807.19
2019-08-24,186,99,4168.66,3360.98
2021-10-13,95,88,720.87,4520.62
2021-12-04,369,97,4635.72,5851.28
2019-07-26,236,15,1358.44,2669.46
2023-02-16,5,100,4919.1,1942.0
2021-01-01,271,53,1936.46,5324.04
2022-03-10,129,98,2268.47,4266.91
2023-02-22,237,86,1439.06,1644.03
2022-11-01,177,89,1101.72,1369.52
2023-08-14,177,6,689.13,2460.63
2023-03-31,289,13,3473.52,1016.73
2022-06-11,13,29,1738.28,2576.13
2021-03-21,214,84,3069.68,4158.32
2021-08-22,266,79,1514.31,2974.68
2023-04-12,60,16,2100.67,2456.91
2021-01-05,358,59,2858.31,5758.61
2019-08-06,346,73,2712.0,2173.13
2021-12-24,213,23,3500.7,3588.71
2019-04-02,2,76,2710.02,3608.61
2020-06-14,263,34,1080.47,4606.73
2021-02-06,176,86,1336.82,3711.59
2022-07-30,277,22,3677.29,1174.3
2023-10-15,59,89,2667.1,3642.69
2019-07-23,270,23,2652.39,5963.94
2023-07-18,100,30,1098.33,1032.96
2023-06-07,286,27,657.35,5423.35
2023-04-18,106,34,2627.24,4409.94
2020-03-01,363,13,2177.73,1756.63
2021-09-13,131,43,1080.21,3108.23
2023-06-12,345,46,3209.66,5185.87
2022-12-13,35,6,2128.32,2103.97
2021-11-21,220,1,2512.97,2270.59
2021-10-14,379,16,4259.72,3299.44
2019-01-19,145,20,3378.74,4858.62
2021-04-16,5,96,4230.79,1251.71
2019-04-12,192,20,4926.87,4713.94
2019-11-24,40,82,1679.39,3551.81
2019-09-12,302,37,1846.13,5302.66
2019-02-23,6,58,2929.31,5003.12
2019-08-09,75,96,1321.39,2464.77
2021-03-18,194,3,572.38,3253.98
2021-01-30,94,37,2955.32,5512.88
2023-06-29,197,27,1405.94,3941.21
2020-04-07,169,9,1009.18,2352.46
2020-06-26,112,4,1897.5,1368.61
2023-08-28,166,51,2261.0,5241.96
2020-11-07,362,50,2357.86,3101.23
2023-07-20,130,25,4713.1,1733.62
2019-10-31,192,48,2961.49,3875.73
2019-02-25,26,52,687.97,1763.82
2019-11-02,98,19,3962.32,3755.49
2022-04-21,72,15,1569.11,3765.54
2020-02-26,8,4,2482.77,2128.59
2021-03-30,320,57,1098.34,4568.3
2020-05-29,320,57,4347.71,2967.85
2021-08-19,7,29,4830.72,5675.06
2022-03-25,323,50,3751.79,4938.07
2022-12-02,281,4,724.66,2737.97
2022-08-10,42,65,786.45,3212.26
2023-07-27,110,73,4592.84,3560.81
2023-04-17,258,50,4215.26,2530.0
2019-07-02,289,88,1411.09,4161.5
2020-02-16,322,98,3743.12,3910.91
2020-03-29,343,52,3459.45,2510.56
2019-05-06,201,27,1812.36,4241.85
2020-01-21,121,2,2959.44,3197.95
2022-06-29,354,6,4158.63,5094.98
2020-12-13,273,100,4759.47,2439.72
2022-08-04,174,17,4713.2,3874.97
2023-03-29,188,69,2944.21,3553.11
2019-03-19,317,7,2516.27,5858.88
2022-08-22,357,55,4712.8,5612.6
2020-06-11,129,49,2952.99,1168.21
2023-12-29,395,59,3074.29,1850.82
2022-01-19,352,70,2683.3,3476.37
2020-12-03,92,72,1617.86,3363.67
2022-04-15,399,82,4783.55,4599.92
2019-02-02,139,92,1619.81,2170.92
2023-10-27,336,43,1159.17,4145.61
2021-09-11,381,64,944.66,2897.6
2019-09-15,135,42,3968.56,1792.46
2019-07-25,330,37,4557.58,1225.24
2022-01-16,192,67,2504.25,4489.35
2022-11-05,18,32,1674.34,4627.46
2020-03-24,98,19,600.47,5617.62
2022-03-28,2,13,692.26,5973.23
2022-04-04,394,87,801.32,5279.77
2021-12-24,29,48,1344.83,1323.78
2021-04-23,129,64,4543.1,4347.24
2021-08-18,245,37,3315.54,5672.11
2022-05-02,290,6,3851.35,5361.7
2020-04-04,110,55,3269.38,2147.98
2022-07-12,381,6,2550.75,2548.96
2020-03-03,205,61,4009.78,3601.67
2019-07-13,224,100,2788.17,1744.89
2019-10-09,256,50,4359.65,5889.49
2022-10-15,209,23,3542.69,4110.52
2020-03-22,103,88,1545.5,1334.16
2022-10-07,55,31,1571.55,2391.17
2020-12-30,320,36,3302.29,1008.93
2021-03-07,333,75,4541.2,1112.15
2021-01-25,356,40,3702.36,1032.54
2021-07-15,151,53,1979.38,1768.74
2021-05-14,234,29,4792.57,3532.34
2022-09-05,382,41,4033.48,3583.32
2020-01-18,51,56,2800.41,3780.73
2022-08-07,391,66,1114.8,5256.13
2021-08-04,237,6,1425.48,5268.12
2023-06-01,324,59,2989.48,4233.14
2019-07-21,218,41,3496.65,2810.99
2022-06-25,307,3,1209.19,1770.81
2022-12-05,191,59,897.44,4100.89
2020-08-22,201,62,2164.49,4595.66
2023-08-30,258,1,2274.73,2789.19
2020-02-21,212,83,3525.67,3641.47
2023-10-19,388,100,624.63,1218.53
2019-02-02,137,20,4779.26,4981.79
2023-05-01,99,77,1814.89,1638.91
2023-11-13,229,11,2992.23,2670.0
2023-10-05,180,73,526.3,4767.97
2023-06-11,149,15,1495.23,4541.79
2023-05-28,248,56,3078.23,5540.88
2020-06-12,242,76,1735.11,4522.85
2019-11-11,276,43,2092.5,4493.61
2019-01-12,42,52,2187.36,5783.69
2023-06-23,79,47,551.71,5242.31
2021-03-25,314,89,1239.94,2825.71
2020-05-05,267,11,979.42,2617.97
2023-07-30,330,70,1469.91,3435.25
2021-08-25,27,62,3536.72,5297.9
2023-04-14,98,97,690.99,1897.19
2019-01-18,382,100,4084.21,4009.4
2021-04-21,192,5,2513.89,4719.27
2022-10-08,67,46,3650.11,5168.1
2020-03-05,9,47,4930.36,5472.41
2021-10-03,308,64,2971.68,3776.97
2021-12-16,242,53,1371.52,2060.68
2020-02-06,40,17,517.91,3544.26
2023-12-14,251,57,1001.71,3503.03
2020-12-30,383,4,3847.23,2675.21
2019-03-01,358,66,4733.01,4852.61
2021-01-02,360,73,3738.33,2783.39
2023-06-27,216,82,2535.52,2122.22
2021-07-02,12,88,1801.39,5494.12
2021-02-09,281,87,1293.06,3299.95
2020-03-14,349,10,3437.62,5987.47
2023-02-13,185,19,4715.78,5957.36
2021-11-24,3,78,4042.07,4846.47
2021-12-16,9,85,3461.92,2755.45
2019-08-20,241,29,1192.18,4299.06
2021-03-25,351,56,4719.62,4032.99
2023-12-17,323,85,1566.65,1658.24
2021-06-30,163,62,2875.61,3126.12
2023-06-23,162,23,2502.88,1932.36
2021-10-07,216,98,4231.28,4784.84
2022-08-11,230,96,3863.45,5317.28
2023-02-27,159,97,4287.61,1889.35
2020-04-24,247,44,1897.16,4011.59
2021-04-14,252,76,976.34,5201.96
2023-11-29,21,40,2306.6,4963.09
2021-06-11,181,65,4331.11,4691.42
2020-01-17,8,41,2168.33,3575.9
2020-11-07,135,42,821.62,4599.16
2021-02-14,166,28,3912.91,3953.62
2021-02-24,302,5,2291.83,3781.16
2023-04-02,97,42,2511.26,4260.41
2021-11-29,148,16,1802.5,1105.26
2020-10-26,43,78,2162.54,2768.08
2019-01-26,117,93,3121.72,4497.27
2019-01-18,355,71,4823.13,4935.62
2021-02-18,41,18,2632.91,5259.89
2023-09-11,201,98,3193.82,5425.69
2020-06-21,212,95,4828.26,2359.06
2023-08-07,363,99,536.17,4624.14
2021-01-21,51,47,4687.08,5926.16
2019-11-13,230,68,1427.49,3011.84
2019-02-28,285,77,4128.67,1084.35
2023-06-04,101,32,4736.18,1808.02
2023-06-20,241,6,4768.44,4776.76
2019-11-26,134,54,3521.05,5107.59
2023-01-04,158,97,1573.56,3526.46
2022-05-08,100,83,4332.13,1692.93
2022-05-16,133,15,556.84,2832.03
2020-03-23,334,60,4139.34,4518.67
2019-09-28,11,13,911.79,4311.56
2020-07-18,90,10,2302.47,4600.67
2022-05-15,19,43,4090.55,3232.34
2023-02-22,393,13,947.56,4936.57
2021-11-04,190,85,962.86,4519.71
2021-09-07,141,65,2678.16,3497.46
2020-11-10,32,36,2926.0,1497.69
2019-02-16,93,51,1425.72,2045.59
2021-02-20,86,69,4999.56,5497.26
2022-03-30,177,93,677.8,5574.49
2019-12-02,238,43,1854.65,5303.56
2023-02-26,147,64,996.13,2689.86
2019-01-03,67,21,2489.35,4956.65
2019-05-21,111,40,2950.22,4166.56
2023-02-13,130,78,643.46,4990.17
2021-06-07,234,93,522.73,2212.58
2021-09-05,298,66,3195.14,3546.24
2022-08-07,184,83,1847.3,5236.07
2023-07-13,7,87,1731.9,3120.19
2021-09-05,8,81,3555.09,5249.33
2023-02-08,28,29,4214.21,4369.28
2022-04-25,59,68,1914.3,5299.6
2022-11-14,2,17,4850.45,2593.69
2019-12-12,95,15,693.35,1484.86
2019-01-19,313,86,2571.78,1842.27
2021-06-09,244,12,1406.74,1735.73
2020-08-12,60,44,1091.45,3682.2
2021-04-09,100,48,2449.54,2251.41
2020-01-08,140,69,3788.35,5886.64
2020-06-04,59,66,2113.03,2790.44
2022-11-27,39,56,549.53,3170.78
2020-03-18,344,83,1704.76,5372.81
2019-07-02,395,19,745.78,1057.52
2021-11-24,265,71,4998.56,1524.55
2022-01-25,206,29,3126.62,2376.54
2023-03-05,397,68,987.39,3629.99
2020-09-11,218,28,4904.75,1834.87
2019-11-23,272,47,1101.21,5027.56
2020-02-13,333,93,2611.22,2376.87
2022-05-11,165,24,2277.2,4602.43
2022-11-13,73,35,2619.93,1044.55
2022-01-23,53,80,1334.08,5186.89
2022-04-15,190,48,4741.7,4031.39
2022-03-02,309,21,4078.02,2001.18
2021-08-06,200,4,4403.6,1697.95
2023-07-27,115,41,4195.19,2445.81
2021-01-25,137,45,680.74,3368.74
2021-03-24,362,24,1148.71,4566.32
2023-05-10,381,65,4957.15,3677.5
2020-07-22,52,61,1983.89,2879.18
2021-10-01,257,69,897.53,3234.11
2022-04-03,110,18,2708.89,1519.15
2021-12-08,324,37,1277.78,3049.34
2019-07-10,88,82,2622.43,5484.95
2021-08-04,12,43,4872.76,1817.92
2022-06-11,111,54,931.85,4813.2
2020-05-10,307,33,4371.57,1402.19
2020-06-14,90,100,3727.92,3153.3
2020-07-14,162,54,2109.16,4560.07
2021-12-08,143,51,2808.85,5863.08
2022-09-18,357,91,3290.67,5393.31
2020-09-14,167,85,518.83,4590.49
2019-09-24,377,17,3210.11,1381.08
2020-04-24,129,7,3530.42,3463.88
2019-11-22,385,66,4210.92,5685.51
2022-08-19,6,100,2176.6,1095.4
2022-12-31,23,13,3571.15,5356.84
2023-08-06,142,53,3475.64,5296.57
2019-06-04,221,23,4449.48,2049.99
2022-08-19,62,30,4975.64,2341.41
2020-11-30,109,18,3374.61,5006.0
2023-06-15,266,75,2967.17,2218.2
2023-07-22,250,62,816.11,4513.05
2021-09-23,137,100,962.5,1891.55
2021-04-12,115,71,3253.67,3762.09
2020-02-29,128,33,1757.28,5923.02
2022-02-24,2,93,1330.54,2119.11
2022-01-26,224,15,2980.24,2658.35
2019-05-30,237,28,2434.05,2351.83
2019-06-08,213,21,4475.85,5426.65
2023-07-28,188,4,2611.98,4737.28
2021-03-08,184,25,2061.43,3182.87
2022-03-26,388,91,4721.69,2488.97
2020-09-21,108,17,1396.52,3882.88
2020-09-23,125,50,2148.39,1384.91
2022-07-22,246,53,3589.93,4534.63
2021-03-23,349,33,872.05,1549.92
2023-10-07,44,94,1688.3,3523.2
2020-01-22,274,55,3042.9,1411.4
2022-02-01,186,14,1597.79,3603.42
2019-12-07,221,6,3948.2,5818.4
2022-07-24,306,13,3032.77,2461.04
2019-12-04,218,55,4153.49,1366.96
2021-11-09,372,61,2887.51,1859.28
2023-12-21,242,37,4104.32,1131.95
2021-09-22,60,85,4426.65,2876.93
2019-05-01,384,95,1884.45,5014.37
2019-01-21,91,10,2369.29,3968.49
2023-08-31,265,35,3234.43,5086.09
2021-05-02,105,57,4658.74,5609.75
2022-03-25,368,57,4394.43,1291.9
2021-05-10,346,91,631.81,2965.08
2019-06-29,233,12,696.04,4123.12
2021-06-09,320,100,2250.89,1455.02
2019-06-25,247,69,981.38,3917.83
2020-05-10,15,78,3584.0,3774.09
2020-01-26,304,26,2386.34,2854.06
2020-04-01,255,11,4054.54,5668.93
2023-05-28,27,19,4489.53,4721.6
2022-07-22,42,53,4154.29,2964.74
2020-10-13,276,19,4651.63,4046.04
2022-12-26,33,50,2218.07,3575.31
2021-12-13,38,86,2636.84,2622.54
2022-09-24,370,34,1270.74,5756.32
2022-01-24,171,70,3812.94,5077.92
2022-06-19,326,19,2741.15,1457.21
2023-12-07,188,98,4205.8,3048.47
2019-12-31,347,13,2148.67,2872.0
2020-06-09,105,71,4149.56,4585.53
2022-04-20,35,62,4685.85,4112.94
2020-01-15,2,75,4923.55,3503.61
2022-02-15,60,37,751.13,4169.16
2022-02-20,30,13,2142.94,1556.54
2022-03-31,202,89,3020.47,1777.36
2023-01-01,193,60,604.73,2565.06
2019-03-12,165,34,3213.38,3673.98
2019-09-20,185,34,3167.19,2802.94
2020-02-05,261,7,3317.82,5120.99
2023-08-20,235,29,4416.29,1153.14
2019-03-22,277,79,4672.39,4616.87
2019-12-31,295,60,1004.08,5763.88
2020-06-21,349,74,4620.26,3969.58
2023-09-04,203,55,1943.98,5239.0
2020-02-07,398,24,2949.17,1228.4
2023-12-09,228,85,3143.52,5197.28
2019-08-31,113,28,4883.95,3474.19
2020-09-09,88,11,800.14,2366.74
2022-11-03,331,81,1859.66,1315.63
2023-02-23,64,4,2095.3,1117.94
2022-10-11,265,77,2051.68,1768.54
2021-08-19,289,67,3546.58,5996.31
2023-10-24,252,26,1320.7,3417.26
2021-10-19,287,57,2032.31,3009.21
2020-01-28,83,67,647.6,2447.74
2023-08-02,343,95,1328.78,5969.63
2023-11-02,380,3,2866.12,4831.69
2021-10-11,72,57,4516.86,1509.96
2022-03-08,295,80,2869.98,4425.12
2020-09-02,246,16,3157.97,4815.41
2019-05-31,236,87,4569.46,2180.58
2023-03-20,321,49,4335.38,1034.39
2019-06-21,85,87,2686.89,5550.63
2021-03-09,234,36,1705.7,5833.28
2020-10-11,220,39,4872.78,2083.09
2021-08-07,243,64,3110.91,4057.39
2019-12-21,12,4,2703.06,5645.4
2019-11-23,305,14,4035.73,2188.97
2021-11-01,16,56,1253.17,1264.05
2020-05-24,347,100,1481.91,4881.89
2023-07-10,207,15,4202.59,3209.32
2019-10-08,375,41,1977.65,5560.82
2021-09-16,385,43,1658.17,2033.5
2021-01-10,93,69,4086.57,2643.12
2023-02-01,222,19,1572.87,3050.98
2019-06-25,225,92,3089.03,4647.99
2023-09-14,303,42,3595.85,5511.91
2019-08-25,343,80,3200.59,3003.21
2023-03-04,383,1,3073.38,1337.67
2022-11-19,356,17,4746.16,5389.76
2020-02-18,372,6,2665.45,5479.37
2020-08-04,168,41,4500.14,4618.19
2020-05-02,328,57,4692.73,5482.59
2022-08-30,131,17,2531.04,5883.07
2022-07-27,253,26,4271.62,4504.81
2020-12-07,222,42,1181.16,3642.61
2020-05-14,304,21,4967.11,2890.81
2022-11-17,143,8,2559.25,5192.1
2023-11-23,112,84,2783.58,1173.29
2023-10-08,11,70,691.12,2252.87
2022-03-18,359,77,2874.2,3754.35
2023-04-10,344,11,2077.54,2695.43
2019-09-03,269,31,2397.82,3319.23
2020-01-14,151,95,2298.61,5240.7
2023-07-25,396,86,4266.52,1910.02
2023-11-13,23,99,1665.65,1969.3
2020-07-03,267,31,1602.15,2658.62
2019-03-10,282,43,1193.19,1814.94
2019-03-01,304,87,1716.43,1246.48
2019-12-19,200,60,4423.67,5643.14
2019-05-04,275,13,4652.31,4202.76
2022-01-06,324,10,4729.64,5898.77
2021-05-21,112,89,1391.01,5865.69
2020-12-30,349,40,2392.55,4679.44
2023-07-21,90,99,2906.85,4774.79
2019-08-17,256,51,1196.61,2107.01
2020-08-10,50,82,982.74,4765.4
2019-12-21,265,12,3151.02,4834.36
2019-06-04,290,78,2770.07,5688.47
2021-10-04,27,98,2827.96,2122.79
2020-09-07,381,52,2658.53,4168.27
2022-10-11,383,81,1828.42,3376.2
2020-12-07,377,91,4711.76,2160.62
2020-08-26,5,3,3927.35,1177.03
2021-01-27,15,71,2127.68,5331.33
2019-07-26,176,59,3213.9,5804.6
2023-10-08,57,45,2804.17,3447.05
2022-10-21,256,95,2352.43,2594.9
2020-06-18,72,81,4386.62,2249.62
2020-11-25,241,7,2932.16,2600.71
2023-01-13,286,82,4370.64,3939.81
2021-09-23,363,81,1721.17,5525.79
2022-11-27,241,32,2100.42,1902.93
2023-12-22,336,58,2443.79,1981.83
2022-02-17,288,84,731.17,4022.15
2019-07-03,130,48,2523.57,1505.47
2020-05-04,134,81,3095.61,4924.3
2023-12-19,55,32,4177.54,3384.94
2019-07-11,67,11,2806.37,3517.97
2022-08-26,285,51,595.47,4417.18
2023-02-22,79,12,2737.42,4531.77
2021-09-02,282,87,3259.44,4523.08
2020-01-05,35,84,4275.48,4996.4
2022-06-02,13,97,4345.32,2212.94
2021-02-04,375,95,3024.97,2480.59
2019-07-21,306,17,4781.14,5000.6
2022-06-28,305,57,4947.59,2398.44
2021-03-18,104,10,3556.6,1325.66
2020-01-24,282,82,1319.24,4708.67
2020-11-09,97,12,2316.47,3499.82
2020-04-17,376,25,4050.94,5911.45
2019-07-21,258,3,1320.46,1349.49
2020-08-29,394,40,2932.54,5352.96
2019-06-16,320,29,3803.19,1046.04
2021-10-15,223,91,1453.56,1889.2
2023-09-17,41,22,1637.18,2674.36
2022-02-04,146,75,3113.9,2806.7
2020-01-24,335,9,1277.67,3849.42
2022-03-28,367,46,4638.32,4260.93
2023-03-15,375,25,3091.1,5657.02
2021-03-10,350,79,3195.75,3796.83
2020-09-06,353,65,1950.13,1179.78
2020-04-27,47,9,1032.76,2561.62
2021-09-02,229,97,1808.8,1136.93
2020-10-31,255,13,1442.31,2096.65
2019-06-22,204,83,1878.51,2376.61
2019-07-09,251,75,2940.73,1836.0
2019-07-28,36,6,4887.74,5131.28
2019-06-14,75,56,2649.43,4915.89
2023-06-15,312,88,3716.9,1789.66
2022-03-14,41,20,1375.33,4392.42
2021-12-29,19,53,4935.33,5491.66
2019-11-29,353,15,1926.02,3533.49
2022-09-18,134,96,1049.72,3796.74
2021-11-18,133,47,884.84,3460.89
2023-09-30,28,64,1000.92,4114.27
2022-02-01,110,94,3140.29,5211.29
2023-09-09,244,52,2617.75,2924.81
2022-08-10,175,41,4083.25,2263.14
2022-04-18,331,11,4130.41,2970.99
2020-10-14,360,51,4004.69,3720.85
2019-04-20,193,95,688.32,2646.62
2019-11-22,313,79,2722.68,3817.88
2020-11-01,166,51,4059.1,2131.54
2021-06-08,259,95,1801.18,1021.51
2019-04-25,5,57,1343.85,3065.11
2021-11-11,74,4,3202.5,1044.41
2020-03-04,126,77,738.73,5209.24
2020-06-03,63,36,2005.63,5023.65
2020-10-18,128,10,4392.75,3224.75
2020-11-02,328,5,1431.28,5379.9
2020-12-08,118,26,2667.16,5541.7
2023-04-26,289,9,4227.17,5171.41
2022-01-16,13,78,3030.01,3271.87
2022-05-24,180,49,4438.13,5490.11
2022-08-18,397,18,3089.72,2993.99
2022-08-09,6,74,3519.26,5279.3
2019-01-28,101,13,1857.2,4734.4
2022-03-23,382,78,4455.99,3411.55
2021-03-12,400,39,903.02,1208.87
2021-12-20,236,22,2975.45,3644.68
2020-05-21,42,28,872.53,4254.44
2023-08-13,224,16,914.01,5358.14
2019-01-13,226,19,1905.76,3170.5
2022-07-09,197,41,4176.33,1795.78
2021-11-18,142,31,1985.65,4253.48
2022-01-03,326,16,4218.31,5358.99
2022-03-06,97,81,2851.46,2413.25
2023-02-24,85,21,3469.22,1314.22
2023-06-03,59,33,988.67,5482.12
2022-07-06,206,1,4336.14,5555.13
2022-08-01,276,7,4538.27,2356.4
2023-03-17,87,45,4461.37,5715.26
2023-11-02,296,17,525.05,5750.1
2019-03-25,202,40,1918.13,4670.36
2022-12-10,203,54,4410.29,5393.57
2022-09-01,260,9,775.96,5940.34
2020-02-15,217,83,2257.96,1988.83
2019-12-18,127,61,2860.5,1687.85
2020-09-02,372,10,4448.78,5925.73
2022-03-15,218,10,2934.28,2964.75
2023-04-23,260,6,1588.42,4337.77
2021-10-25,79,89,4615.26,3866.03
2020-06-28,71,71,1385.1,5313.62
2019-01-10,376,24,3295.02,1667.95
2023-07-30,295,68,1894.02,5732.6
2023-10-17,173,80,2911.57,1626.33
2020-09-03,226,65,3937.84,3173.66
2020-04-06,243,62,3343.77,2134.71
2020-02-25,188,94,844.73,4766.89
2023-08-03,138,80,2312.49,2896.5
2020-11-20,369,57,2066.02,3892.97
2022-02-05,171,90,3766.37,4870.1
2023-02-12,231,77,571.14,3040.67
2020-03-11,155,22,4735.63,4693.16
2022-09-04,243,38,4319.18,2440.98
2023-03-16,92,47,4320.86,1312.2
2022-02-28,243,30,2858.23,1255.77
2021-09-24,6,64,1900.95,2339.87
2021-09-30,192,97,4564.56,1143.08
2019-12-20,138,32,4243.37,4324.59
2022-03-04,324,26,2746.18,5712.42
2020-10-29,282,95,4489.79,5333.17
2022-02-10,304,88,2466.78,3476.05
2019-10-20,147,87,3610.65,3566.02
2020-06-04,248,22,4169.94,4950.76
2023-01-19,22,60,1786.42,3549.48
2022-11-15,202,95,3488.96,5472.58
2019-11-03,365,22,735.54,5670.18
2020-05-28,382,24,4337.34,5910.95
2021-05-07,293,43,2229.99,2997.36
2019-11-19,192,88,3916.61,5362.42
2020-02-23,10,47,3006.48,4744.26
2022-02-16,126,31,4648.48,5279.78
2019-02-09,302,85,2015.7,4116.68
2019-03-23,157,68,3821.05,1453.81
2021-03-10,381,15,4699.79,2964.53
2022-03-02,327,21,694.01,4854.54
2019-09-14,129,52,2199.33,1039.17
2023-06-28,36,76,4831.57,5590.62
2022-09-21,283,56,3402.06,1230.78
2019-07-31,38,81,4439.05,5780.1
2021-08-04,59,84,3197.69,5611.86
2022-05-10,187,61,1264.0,1306.33
2019-06-04,66,1,4897.03,2160.41
2019-03-29,28,68,4715.66,2050.0
2021-04-08,285,60,583.2,3408.14
2023-09-19,190,87,4024.11,3464.06
2023-04-28,149,31,4807.27,3226.32
2019-08-15,277,76,2034.07,4115.9
2021-01-28,101,33,2964.13,5808.44
2020-01-21,249,58,3667.79,2243.44
2022-08-27,313,61,1466.86,1798.93
2023-06-20,44,25,1546.43,3281.33
2019-06-29,312,24,1980.71,4639.43
2019-06-14,22,94,636.07,4300.35
2019-07-10,180,50,860.2,3382.13
2019-12-23,120,71,1997.8,1344.21
2023-06-29,269,7,2441.1,1087.96
2021-07-18,28,85,1107.71,1190.49
2022-03-19,164,79,2923.04,1906.78
2023-09-09,239,60,1416.71,3867.24
2022-10-24,381,29,4589.59,1848.07
2020-04-21,74,67,2926.83,5970.15
2022-07-07,218,23,683.51,5456.96
2019-03-13,324,74,4125.74,4242.63
2019-11-05,378,22,3653.63,1901.53
2023-10-31,342,80,1071.82,4590.28
2021-01-16,197,35,4641.38,1621.47
2021-03-21,82,89,4708.9,1490.55
2023-01-25,67,47,2593.06,5593.41
2022-10-11,80,16,4224.74,2936.31
2023-04-21,100,33,1314.81,1262.86
2023-03-06,303,93,3034.38,3342.31
2023-05-25,314,27,3624.06,2310.77
2021-05-15,80,30,903.7,1425.51
2020-08-11,216,32,2834.08,3011.91
2023-07-09,12,64,1207.35,3189.86
2023-05-20,211,70,3621.88,1903.24
2020-08-17,165,86,2820.4,4297.49
2020-04-28,14,85,4252.72,5368.76
2023-12-05,373,81,4277.01,2535.36
2020-07-23,219,69,1975.02,3364.85
2019-06-27,60,65,4937.14,5266.39
2023-07-13,314,46,2597.26,4913.68
2023-01-27,39,99,4460.52,1125.07
2021-07-06,264,34,3300.49,3798.64
2023-03-12,189,11,2710.18,1249.34
2019-09-19,39,52,2072.87,4700.68
2023-03-07,326,19,1485.43,4566.57
2023-02-03,181,37,4387.45,2466.04
2020-07-09,70,1,2705.93,3419.46
2019-01-24,143,95,2775.01,3825.32
2023-09-16,291,24,3506.66,1164.15
2021-07-04,96,60,554.18,2694.79
2021-01-17,178,27,3114.66,3605.26
2020-08-24,142,46,2752.21,5310.31
2019-05-09,60,45,2828.5,1097.14
2020-12-05,225,32,2548.48,2616.95
2023-03-21,6,29,3241.89,4507.13
2020-06-21,301,54,1824.57,4201.65
2022-07-20,239,15,2739.93,3294.99
2022-02-11,364,9,2873.31,3905.88
2023-02-19,167,28,877.16,5509.39
2023-01-02,233,33,3539.12,5338.56
2023-02-14,53,43,3514.81,3515.13
2020-09-25,52,45,4855.51,1449.41
2023-12-20,388,91,3191.93,4894.04
2023-10-18,378,42,2746.66,2190.49
2023-03-10,166,18,4858.95,2397.14
2021-12-11,209,34,876.69,1255.85
2020-09-01,176,82,979.36,4241.3
2020-05-21,24,72,869.58,3862.26
2021-07-19,384,72,3593.45,2023.56
2021-09-12,394,16,1958.91,2031.46
2021-01-11,13,64,1811.99,3874.96
2022-04-05,242,2,2702.29,2059.97
2019-01-05,365,94,3646.6,3324.57
2023-04-22,187,91,3718.99,5019.71
2021-04-25,270,69,3073.96,5504.66
2022-10-01,162,14,743.02,1645.77
2023-02-22,307,44,1946.04,1713.35
2020-06-29,294,69,1226.8,4828.17
2021-10-16,347,49,4109.3,3207.81
2021-11-22,48,44,4732.1,3871.33
2021-08-25,239,32,3323.41,4942.27
2023-04-06,252,5,1982.47,3991.77
2019-10-06,303,82,2091.67,3303.96
2021-11-05,149,12,3938.43,2823.93
2022-02-15,63,22,3980.04,5227.84
2019-10-29,166,71,2057.52,5454.64
2022-07-16,360,40,2886.18,2960.1
2020-02-20,354,36,4828.71,3622.68
2021-07-27,347,80,725.47,5947.89
2023-12-16,384,88,4807.01,2964.75
2022-05-29,243,11,3311.74,4226.54
2023-07-16,10,86,4747.23,1121.82
2022-06-03,228,57,1074.78,5645.66
2020-04-12,244,25,4001.24,3956.92
2019-06-16,151,68,3956.56,1793.31
2021-09-05,83,73,3115.37,3833.62
2021-06-25,175,94,565.79,4556.67
2023-04-12,225,74,4153.29,4803.79
2022-03-31,223,36,4657.59,3425.17
2022-06-08,128,54,3538.75,4253.59
2021-09-10,292,9,3231.32,5512.47
2021-06-16,58,23,1533.77,5184.25
2020-11-09,71,71,4227.26,5727.29
2020-01-24,377,55,571.85,5744.75
2022-03-13,314,70,3481.53,5608.49
2019-12-09,214,78,1390.73,3758.72
2020-08-03,157,85,4323.79,3674.21
2022-03-11,168,53,3399.15,2748.39
2019-08-01,216,44,4718.97,5938.51
2019-07-27,324,43,2430.26,2394.53
2021-11-19,326,46,4558.9,3467.22
2019-08-29,80,9,2059.69,1544.48
2022-11-15,333,47,1082.95,4686.31
2023-06-14,36,8,4670.26,2464.84
2022-05-22,384,1,3496.58,1857.07
2022-07-25,1,5,2502.06,1136.52
2023-06-18,87,19,4557.23,5585.97
2020-10-10,148,49,2966.54,5319.06
2022-06-18,45,50,4260.22,1344.93
2019-03-06,268,7,4737.9,3631.85
2020-12-21,157,93,512.96,5256.65
2021-02-24,371,68,2804.88,4001.68
2022-07-13,150,30,697.24,5448.12
2020-07-29,85,41,4898.74,4485.45
2022-05-18,370,24,3072.95,3657.9
2023-03-26,383,20,524.63,4399.22
2019-03-15,93,64,2198.91,4081.49
2023-04-20,373,97,1960.25,4744.47
2021-07-25,341,77,2890.92,5108.76
2019-07-17,94,65,4913.56,2754.42
2021-03-04,48,90,1232.9,1004.84
2023-12-12,88,94,4685.48,3540.75
2021-06-13,22,30,2463.73,1787.7
2019-01-03,16,87,4061.25,2337.09
2022-10-13,110,75,4691.83,3717.5
2020-11-18,264,63,1943.51,1721.86
2021-07-19,104,81,3708.94,4180.33
2019-08-01,111,1,4514.06,2036.14
2020-01-05,97,5,2782.41,2783.04
2019-02-05,246,21,3478.81,3878.79
2023-02-11,336,53,1236.32,1100.45
2022-06-02,68,89,3062.71,5307.64
2021-06-01,321,94,735.88,2933.81
2019-09-21,94,4,4762.84,1570.31
2020-08-14,138,6,3341.15,2952.45
2022-10-16,200,98,4909.88,5927.87
2023-11-05,364,56,4397.76,3945.59
2019-03-12,15,52,4973.75,3513.79
2022-03-14,157,18,2771.91,3501.83
2023-01-18,301,15,644.13,5277.75
2022-08-27,125,48,2051.28,4346.99
2019-06-02,118,82,813.61,1289.51
2019-02-13,374,1,3037.26,1417.89
2022-05-07,323,32,4778.06,4017.2
2022-05-22,390,92,3364.66,5754.98
2023-01-17,272,54,4325.69,4603.9
2023-07-01,333,92,1305.07,3652.83
2020-10-23,71,80,4366.35,3720.86
2021-09-19,397,17,1959.32,5904.03
2023-03-31,72,82,4839.7,1404.44
2020-11-22,131,59,2519.66,5222.07
2019-04-14,357,39,4298.95,4457.7
2022-12-29,158,72,1026.24,2635.95
2023-12-05,248,82,3367.7,3067.18
2021-08-10,251,15,4193.65,5233.73
2021-02-18,26,48,2837.39,4806.33
2019-08-22,237,27,4106.55,3723.12
2022-09-28,122,4,4300.62,5376.8
2020-08-06,32,42,3801.86,4075.42
2023-04-04,169,93,4137.16,3281.52
2023-08-09,15,43,2101.66,5069.84
2020-08-07,374,79,1906.41,1764.18
2022-10-01,163,16,1322.88,2262.01
2023-05-16,378,36,4685.25,2107.91
2020-04-17,343,94,940.24,2573.63
2021-07-31,225,6,1841.82,1706.04
2022-11-26,307,47,789.32,2686.33
2020-10-06,277,72,3406.32,5165.9
2019-11-05,214,7,2265.26,2256.14
2020-07-09,291,5,2262.75,1643.79
2021-10-20,175,20,4632.54,4523.04
2022-09-29,266,8,1136.1,2212.96
2022-03-29,229,7,3325.46,4738.91
2020-10-26,86,59,3938.73,4467.55
2022-02-10,186,75,1070.99,1495.0
2023-01-13,237,55,1168.04,3827.8
2020-04-05,253,47,3437.14,1526.32
2022-11-03,117,34,4482.42,3229.29
2021-04-13,47,64,4009.2,3223.55
2022-12-15,27,50,1254.34,2818.13
2022-02-05,290,46,3164.09,5699.63
2022-02-17,196,36,758.71,1999.77
2023-11-30,150,35,3970.22,2693.43
2021-04-20,80,33,4645.13,2861.08
2022-05-27,271,60,1946.71,3494.02
2021-10-29,228,23,4838.84,3453.53
2023-03-27,322,9,845.51,5330.52
2021-11-30,73,2,895.44,3757.71
2023-10-31,153,4,3435.09,3202.94
2021-06-02,98,91,2800.72,2380.07
2020-11-30,203,62,4024.24,2715.74
2023-12-30,148,58,2898.49,3026.35
2020-02-20,312,99,3387.33,1750.52
2021-03-01,132,46,1331.51,3747.7
2019-05-01,219,73,4845.04,3930.67
2023-10-06,311,98,3643.06,5133.37
2022-01-01,365,11,2859.43,4112.61
2022-01-17,236,99,2163.07,1500.13
2021-08-21,226,55,3119.17,4486.89
2020-06-23,313,81,3157.34,3696.0
2021-04-01,221,1,3637.6,5072.41
2022-10-06,103,58,1507.9,3024.06
2019-04-12,301,57,1950.99,3323.01
2021-12-22,339,55,3431.04,1487.61
2019-06-13,136,7,750.1,4375.93
2023-04-08,141,64,3568.69,2405.5
2022-11-07,15,63,696.39,5654.33
2019-04-13,336,82,1708.39,5027.84
2019-12-10,146,70,3543.75,4501.22
2019-06-22,199,15,2099.7,5443.75
2019-07-07,380,10,4351.0,1964.93
2019-12-28,198,23,1956.59,2462.5
2022-09-13,121,44,582.98,4397.49
2023-09-23,127,3,1373.17,1902.98
2020-11-10,120,43,3685.07,4669.61
2021-05-22,20,34,4380.01,1174.83
2021-03-21,303,28,1254.75,2853.47
2021-07-18,46,82,1944.99,1772.88
2023-04-22,211,63,3839.67,5544.2
2020-03-06,371,92,1184.9,2394.35
2023-10-22,326,46,2389.6,4389.36
2020-11-12,261,19,2006.26,1959.64
2022-01-29,161,96,3579.32,3589.55
2021-06-03,282,69,2693.7,2184.76
2023-03-30,378,54,3212.29,3977.0
2022-06-02,195,50,1030.68,4499.54
2023-08-22,78,73,2380.13,5063.38
2023-06-27,86,81,4475.56,2116.27
2019-03-09,23,64,1960.99,1943.8
2023-10-22,250,100,1591.98,4033.53
2022-08-06,179,85,4545.57,4269.0
2019-02-27,396,8,2072.27,5732.2
2020-07-30,373,33,1957.66,3262.19
2021-06-28,8,34,4884.16,4841.3
2021-01-15,22,55,1528.26,3820.13
2023-05-23,108,97,2809.77,1735.24
2023-07-18,94,55,1012.33,4831.26
2020-07-05,259,57,3868.93,2283.27
2022-05-25,365,91,4639.76,3214.77
2023-01-02,148,37,1240.3,3221.07
2020-01-08,122,71,3623.58,1834.67
2020-06-18,380,60,1741.9,3999.26
2019-12-29,8,69,1315.4,2654.76
2021-01-11,92,64,4021.22,5352.92
2021-10-01,35,78,2693.63,1066.7
2019-09-18,370,46,4484.6,1229.72
2023-12-24,276,32,1819.08,4780.58
2023-04-21,309,43,3731.15,5757.81
2023-03-21,355,70,1556.58,4942.7
2023-03-08,121,75,1771.03,3907.54
2023-04-26,36,74,3664.59,5549.4
2021-01-15,385,26,3350.72,1909.73
2020-11-25,187,3,4614.19,3877.66
2021-11-24,33,70,4993.6,5210.26
2023-05-14,218,75,4429.34,1971.78
2021-06-11,288,70,1699.71,3067.48
2021-02-15,342,55,1864.05,3612.66
2019-10-26,365,20,949.29,5436.23
2019-08-19,137,72,4168.22,5264.24
2020-04-16,209,86,1681.83,1868.79
2023-01-29,202,74,4094.82,4916.52
2023-04-11,319,99,1884.4,4193.18
2022-09-20,110,37,4386.11,1270.39
2021-12-03,65,98,2795.78,4740.83
2020-06-11,120,58,2294.8,3345.06
2020-01-09,207,75,1190.89,5019.74
2023-10-13,174,40,2782.61,5078.65
2021-08-03,347,20,4976.11,2619.21
2021-09-23,219,52,2622.36,5755.26
2023-07-01,94,99,2795.22,2754.39
2020-06-12,130,26,4843.42,1825.69
2021-12-23,34,23,3814.6,4900.11
2019-06-06,351,65,1464.94,1679.68
2020-10-03,134,62,3891.52,1314.74
2021-05-02,303,99,822.38,1018.91
2019-02-15,189,21,724.74,5417.69
2023-03-25,320,49,520.04,2427.04
2020-09-23,289,100,3011.09,5462.84
2020-11-15,167,25,1645.11,3042.05
2023-03-28,399,7,1827.91,1840.93
2023-08-25,121,92,4409.23,4307.36
2021-08-04,169,8,3130.42,2833.18
2020-01-27,30,41,2157.84,3183.79
2021-06-20,201,97,2619.13,1540.45
2022-10-25,369,79,920.69,1653.77
2020-03-04,30,34,3850.33,2520.19
2021-04-27,69,22,4620.92,4147.5
2021-09-20,345,24,1812.37,2761.95
2021-10-06,114,21,4629.89,5771.21
2021-11-12,130,78,907.27,2192.45
2019-09-10,292,97,3231.47,3714.99
2019-02-28,282,70,2877.08,2892.2
2023-03-06,129,32,2617.29,2106.06
2020-11-23,201,41,1539.59,5755.14
2021-10-27,254,29,4582.77,1220.83
2022-02-08,96,90,2758.29,3111.2
2021-03-10,235,17,1005.97,3226.94
2019-11-23,366,94,4072.13,5705.92
2023-03-02,97,4,620.22,1871.79
2019-08-31,149,38,3519.08,5340.62
2020-04-27,185,99,2009.45,4960.15
2020-10-08,226,30,2574.09,3588.29
2023-03-30,355,72,2872.72,4025.87
2019-11-09,126,32,4234.79,3056.64
2022-10-15,34,95,3117.18,2234.37
2020-02-08,255,94,1487.13,4740.3
2020-01-10,399,41,611.75,1547.73
2020-12-09,57,35,1039.25,1455.41
2022-06-16,233,3,3614.04,3498.89
2021-05-02,279,21,965.2,4663.78
2022-02-01,77,33,3885.08,5262.13
2019-12-28,375,54,2821.55,4471.84
2019-09-12,136,28,4829.36,3712.19
2020-05-13,274,18,4845.38,5996.6
2023-07-19,326,35,4416.99,2358.45
2021-01-30,377,84,2959.15,4477.4
2021-06-25,228,60,1548.32,3795.23
2022-03-25,53,34,3104.16,4941.91
2022-08-13,81,55,1449.2,4973.82
2023-03-19,85,7,1355.62,5885.8
2023-07-20,368,82,4262.33,4780.14
2023-07-22,253,95,1820.85,1980.69
2020-03-31,316,90,2874.16,3432.09
2021-09-05,87,44,2579.45,2476.98
2019-11-09,306,9,4952.8,1491.12
2020-09-04,131,25,2545.85,2820.88
2019-10-31,180,99,2674.98,1879.3
2023-11-08,57,86,3481.6,2192.28
2020-12-01,203,60,2258.68,2370.48
2021-06-29,395,84,2825.32,1794.2
2019-10-01,171,34,4711.54,4825.52
2019-07-17,381,5,2898.43,5391.54
2019-06-27,387,53,3555.27,1423.48
2021-02-27,39,46,747.75,1172.7
2019-10-08,107,61,4245.13,4466.74
2021-11-18,231,49,3949.6,1103.24
2022-09-14,269,64,1848.4,4368.77
2020-12-12,61,15,3012.82,1361.17
2019-09-22,325,87,3237.27,1296.56
2019-04-08,276,93,2196.26,4866.02
2019-05-03,329,57,4342.91,4603.14
2019-05-04,188,82,1245.03,3516.5
2021-12-14,386,92,1512.02,3310.01
2021-06-21,218,12,1033.65,1148.53
2022-09-04,343,81,3336.11,5014.61
2021-06-25,155,53,2637.91,2565.81
2019-03-22,286,71,2803.08,4199.43
2021-10-01,265,7,1154.32,2640.04
2019-06-13,46,15,1025.91,2946.14
2020-04-12,26,13,539.51,2010.49
2020-07-18,134,20,1366.08,3815.52
2023-07-10,50,83,1030.19,3383.24
2021-05-17,128,39,1009.23,5571.2
2020-03-20,218,100,4453.36,2841.07
2020-03-28,25,29,1344.37,4382.04
2023-11-23,137,6,1367.5,2539.25
2021-09-06,378,55,2180.82,3975.4
2021-02-19,142,82,2248.95,1098.24
2023-03-29,53,43,3477.71,4810.68
2023-12-27,146,100,2307.3,2652.66
2023-10-31,386,32,4116.04,5172.73
2019-08-06,112,84,1051.21,2099.17
2022-01-19,346,19,1107.0,5625.97
2019-04-01,234,78,1327.87,4353.01
2022-12-15,292,9,4751.57,4897.39
2019-02-11,19,38,2999.26,3311.46
2021-04-03,127,76,3626.29,3097.31
2019-07-31,82,15,4179.54,5291.26
2022-05-29,143,46,4444.81,5452.07
2019-12-13,173,43,3480.3,3775.36
2020-10-03,324,87,712.01,1722.43
2020-09-11,53,44,3357.91,5743.3
2020-08-08,174,36,1776.05,5680.79
2020-08-20,292,44,2321.18,1246.86
2023-09-01,142,87,4330.92,5183.49
2022-02-07,178,49,2229.05,2866.81
2021-10-08,25,85,2318.13,1532.05
2021-06-08,158,79,1411.35,1683.66
2020-09-23,119,4,2835.82,2169.54
2021-06-13,131,11,2173.66,1735.8
2021-02-10,301,44,2704.11,4174.8
2022-01-21,260,38,3116.5,4945.64
2019-10-24,78,76,4586.39,5963.49
2023-11-05,97,57,3215.37,5036.33
2019-05-07,169,3,4877.36,3860.88
2021-06-02,215,38,2343.07,5438.45
2023-03-28,118,81,506.49,1939.44
2021-09-23,61,55,4419.56,1387.54
2022-04-13,21,82,2730.47,4329.0
2020-12-05,400,99,686.3,5452.24
2023-04-27,310,13,1115.84,2688.53
2020-04-13,76,6,1612.9,4599.43
2019-05-18,138,84,2827.17,5329.07
2022-01-23,43,93,2368.37,4396.88
2019-12-22,12,38,3462.73,5584.57
2023-05-03,372,21,4009.34,1353.37
2022-02-28,322,97,518.82,5442.22
2022-01-20,129,61,1062.93,1149.48
2019-05-22,32,60,2046.54,5382.25
2020-07-21,144,9,2638.29,1054.86
2019-03-24,342,51,3645.69,1790.76
2021-05-31,288,33,3944.38,5913.74
2020-10-17,330,76,2382.49,5217.53
2022-03-31,33,81,4427.46,3610.9
2019-08-24,245,63,3158.58,1288.68
2022-02-08,201,19,4740.82,2708.91
2022-07-06,35,48,2018.27,5869.46
2022-02-05,344,16,1490.02,5289.62
2019-07-17,232,89,2366.94,5952.99
2019-08-30,324,83,1296.25,4457.26
2019-11-30,62,47,4957.6,5867.61
2021-05-16,153,32,815.13,1830.08
2021-09-24,9,49,3054.59,4634.82
2022-10-14,139,20,4228.58,4245.98
2021-09-21,50,60,917.09,1228.68
2022-02-23,319,37,2331.92,1747.89
2019-11-21,276,97,3163.49,5616.94
2023-07-08,342,60,2672.42,2666.64
2019-02-28,43,35,4524.73,4481.86
2021-08-05,159,26,1059.36,3027.33
2021-10-11,67,84,4602.19,3419.33
2022-08-04,155,37,2681.63,3299.06
2019-08-26,391,36,1256.64,1773.07
2021-06-29,16,34,1358.83,4571.97
2023-08-04,135,93,3295.81,4890.42
2020-08-04,338,56,4258.13,4916.17
2020-11-12,281,17,1152.02,2624.88
2022-09-09,314,41,712.63,2582.09
2022-12-24,3,90,538.03,1291.0
2023-04-29,220,64,3325.73,3070.01
2020-10-14,227,57,643.13,2797.63
2023-08-11,184,47,936.47,4699.99
2021-08-10,11,78,871.17,2105.68
2019-07-31,102,31,1203.81,5254.84
2023-03-26,96,53,3576.11,1780.08
2022-12-17,143,89,4673.18,1709.26
2022-01-31,207,63,3364.96,4312.62
2019-07-11,333,82,1143.74,3789.24
2023-06-08,284,76,3006.88,5364.2
2023-10-21,314,72,708.27,3528.27
2019-03-19,242,86,3748.26,1778.39
2021-03-09,82,14,3415.82,2726.03
2022-10-25,310,39,4507.84,1387.27
2023-07-11,73,37,3258.76,4525.31
2022-01-25,21,70,690.28,3308.13
2020-04-15,341,44,2155.08,1028.49
2022-01-24,172,15,3858.3,5569.94
2020-09-20,363,74,3912.82,3270.35
2023-03-06,157,10,1347.73,5473.66
2021-12-01,154,30,3037.5,2912.93
2021-01-12,291,25,4554.55,1221.56
2023-04-25,47,2,2635.12,5388.74
2020-05-13,361,77,1175.19,1176.15
2021-08-13,243,35,4684.78,4066.8
2022-10-26,266,69,3650.49,1458.68
2020-06-20,252,3,4561.62,1123.04
2021-07-06,280,47,2121.02,3067.01
2022-06-23,350,25,3104.21,2628.87
2021-10-22,284,11,2888.37,4556.22
2021-05-16,110,36,3696.38,3116.63
2023-10-29,218,60,1769.23,1348.48
2022-12-02,233,62,3933.94,2295.31
2019-11-22,31,57,3932.82,2616.69
2022-01-11,381,76,4723.65,3507.03
2021-09-21,259,12,4834.67,1552.12
2020-05-26,361,53,4093.49,4371.06
2023-10-12,291,71,4495.35,1252.84
2023-01-04,345,35,2318.48,1760.75
2021-02-16,209,48,3823.31,1589.66
2021-04-14,373,73,4716.81,2599.79
2020-07-14,115,96,2638.22,5959.19
2021-06-28,182,47,3093.93,2648.41
2022-03-11,289,37,2258.26,3405.29
2023-07-31,103,56,1086.05,3669.91
2021-05-08,248,68,3676.66,4673.79
2022-03-25,11,78,3931.26,5771.23
2020-12-14,337,46,3537.38,4292.53
2023-12-15,249,61,4259.66,4064.92
2019-12-06,339,38,3337.07,5889.27
2019-05-04,80,97,4461.01,4499.13
2019-11-22,359,91,1515.86,1238.91
2021-08-23,247,74,1580.12,2533.82
2020-03-04,104,1,3691.15,3902.93
2023-09-24,22,14,2826.39,3402.05
2020-07-09,256,97,1459.18,3464.76
2020-10-20,284,83,2587.83,5234.21
2021-05-14,3,48,680.39,1191.9
2021-11-29,138,93,777.72,3292.51
2023-02-13,260,85,873.77,3822.59
2019-01-09,14,74,1615.29,1693.19
2023-03-28,201,42,1327.17,2736.97
2019-05-17,321,42,4967.32,2313.08
2022-01-14,67,2,949.54,5921.97
2023-04-21,309,12,3250.1,1126.3
2021-08-15,386,48,1582.33,3070.3
2020-12-22,327,96,973.26,5706.88
2019-01-28,156,10,502.98,5319.22
2021-02-19,304,65,634.92,4376.3
2021-01-07,300,65,1117.51,3776.41
2020-12-12,219,1,2051.51,1827.34
2022-07-21,275,58,3591.96,1008.91
2021-08-08,295,25,560.17,1001.29
2022-01-11,195,66,4327.51,3446.96
2020-02-17,337,42,2962.05,3426.46
2019-11-17,362,4,2467.76,5355.61
2023-03-09,365,51,2431.48,1746.89
2020-09-28,105,59,1979.84,1687.07
2020-09-05,181,78,1022.96,5837.65
2022-11-28,264,24,588.56,1125.64
2020-05-30,7,33,1279.22,1402.05
2022-03-04,144,47,2746.11,5413.02
2021-04-16,196,22,522.73,5244.15
2022-11-24,158,6,2786.92,2147.77
2021-11-13,363,71,2536.58,4395.52
2019-05-25,386,46,4773.17,5895.69
2019-08-03,185,67,1608.03,1940.43
2021-03-03,322,16,4002.42,4818.25
2019-08-27,90,40,2033.9,5242.52
2019-03-15,354,70,612.88,5664.1
2020-08-24,86,86,2874.98,1349.5
2023-09-07,63,14,4429.61,1178.83
2023-06-30,86,59,990.29,4271.47
2021-08-27,346,62,1435.19,1990.05
2020-07-07,186,57,4956.22,5195.22
2022-03-05,323,1,4964.03,1547.45
2021-06-29,185,47,727.45,3975.63
2019-06-19,73,39,833.89,1861.19
2021-08-09,314,88,4323.99,2771.3
2020-09-03,356,60,4283.4,4184.27
2023-03-27,64,65,3064.11,1133.72
2022-05-26,314,35,3008.21,5556.33
2023-10-12,139,69,1694.13,4192.26
2019-03-12,11,14,4064.85,3292.23
2020-04-29,225,85,752.67,2580.22
2019-05-16,326,23,4345.76,1887.37
2022-04-23,363,63,2607.61,5012.86
2019-06-16,181,86,1414.5,4782.64
2021-09-03,362,2,587.06,3982.02
2021-10-29,281,9,750.31,1130.93
2020-11-27,351,71,863.7,3114.35
2022-02-14,8,95,2303.02,2048.05
2020-01-18,49,32,4696.16,5378.69
2021-07-14,148,55,1868.15,3061.21
2020-11-04,234,21,3045.56,3584.39
2019-12-08,284,83,685.34,3241.45
2020-11-18,68,29,2539.04,3870.67
2019-08-18,23,69,3993.08,5320.69
2023-11-05,7,59,4510.77,1086.05
2021-06-30,177,48,3218.99,4706.19
2023-06-06,355,64,3144.52,1470.09
2019-11-28,373,60,1460.69,1368.8
2020-10-12,57,12,2201.04,3263.52
2021-09-12,139,77,1738.14,5229.09
2022-04-13,269,22,4658.54,5126.17
2019-05-02,125,46,1186.51,2574.41
2021-09-13,181,3,1246.89,5138.25
2020-05-12,378,58,4957.07,1164.79
2021-11-20,38,99,1988.61,2710.17
2022-06-08,149,21,3684.2,4957.45
2023-11-15,6,99,3686.28,1604.68
2019-08-10,242,90,2343.65,1153.48
2022-12-24,293,52,3886.85,2032.89
2020-02-29,89,20,1578.88,3862.8
2023-04-06,76,35,2670.42,3076.22
2022-11-30,372,39,1469.8,3606.16
2020-11-11,329,13,1068.91,4174.29
2019-02-13,291,35,2073.61,1905.31
2021-03-05,206,39,2806.61,4165.37
2021-01-05,219,93,820.04,1216.66
2019-03-09,227,60,2806.2,4037.15
2021-08-21,150,84,3988.49,4868.87
2019-10-11,389,63,3708.83,1141.2
2019-04-02,382,5,3157.07,2103.94
2019-07-10,189,72,730.61,4350.08
2019-04-03,342,72,3382.45,4526.38
2023-09-22,261,80,3741.6,5383.66
2022-03-20,139,87,3631.65,5881.8
2021-08-04,102,5,2966.87,4696.09
2023-03-09,23,72,1981.33,1832.28
2020-07-03,196,33,856.29,2792.74
2020-04-28,204,41,2022.59,3166.47
2022-02-16,344,68,4844.66,4466.95
2022-09-30,223,91,1566.83,2195.89
2021-02-01,99,9,4482.47,2621.8
2019-02-02,387,77,3155.65,1804.61
2019-01-18,62,93,4747.01,1081.82
2021-09-08,262,84,3273.36,5491.77
2019-08-09,169,56,709.23,5588.77
2022-07-07,56,58,2005.57,4186.94
2022-11-17,303,24,1944.84,1264.24
2020-04-15,210,63,2983.83,2876.65
2020-07-31,361,100,3607.75,1946.75
2020-10-21,179,77,4684.88,3358.59
2019-08-01,252,3,2950.19,4138.92
2023-09-01,363,54,3823.28,3760.93
2021-05-04,170,17,4848.26,4322.0
2023-02-10,271,14,2195.22,3862.77
2019-01-17,347,41,2076.01,5783.14
2022-09-15,323,51,2831.36,1308.94
2019-06-25,52,83,2297.94,5592.73
2021-02-24,381,31,3178.72,4194.33
2020-01-09,400,33,3792.65,5120.4
2020-09-14,173,25,2799.54,2006.01
2021-06-03,379,63,4358.81,3820.25
2020-09-01,175,15,2903.74,3097.83
2021-07-16,341,40,4657.13,2093.01
2019-03-20,346,85,2739.43,2389.97
2023-07-30,94,1,4995.25,5614.4
2023-02-17,161,43,3276.84,2918.7
2020-02-19,209,49,1097.3,2141.6
2023-05-04,104,76,3551.49,1984.97
2023-11-16,285,83,4518.8,3530.77
2019-09-03,336,60,1652.53,4407.32
2020-04-23,257,83,684.49,5596.86
2021-03-07,322,28,2194.56,5240.4
2022-11-03,85,96,3218.93,3245.87
2023-06-14,94,94,2261.41,1325.26
2021-04-23,321,71,1875.09,2649.8
2021-04-06,316,62,946.16,2825.53
2019-03-12,251,84,2305.95,2484.21
2019-08-25,36,51,1664.94,1282.48
2023-01-25,8,25,4318.06,4370.24
2019-11-04,179,85,1649.63,3495.11
2023-01-19,16,70,3246.69,5049.78
2022-02-05,158,78,3261.05,5479.57
2023-05-17,334,32,2959.66,3349.25
2021-10-02,223,93,3542.92,5586.49
2023-04-22,289,95,3821.39,4607.42
2020-09-24,83,12,2853.01,1695.54
2020-04-20,96,39,3444.02,5756.34
2020-11-08,40,17,4556.74,1739.68
2021-12-29,23,58,3767.64,4519.19
2020-03-12,76,98,1488.76,3714.23
2023-12-18,137,18,2736.87,4948.08
2022-12-21,237,83,1853.96,3322.75
2019-08-01,208,37,1749.43,5941.77
2021-02-01,196,78,3071.43,4872.09
2022-02-27,340,60,2804.22,1622.33
2021-12-21,336,45,2926.61,3499.44
2023-12-24,246,27,2064.79,3573.07
2019-10-10,75,6,1192.44,3843.69
2022-06-28,161,21,3661.85,3979.61
2021-05-17,110,20,4358.81,5023.14
2023-10-29,86,22,2201.26,4810.65
2020-04-11,153,33,4540.91,2900.54
2022-12-20,348,54,4011.34,1547.61
2020-04-21,237,12,1347.28,3109.6
2023-05-18,317,8,4226.91,5406.24
2023-02-14,105,1,3444.66,5140.42
2021-12-07,33,46,4746.7,2477.8
2019-04-09,96,4,4960.82,4767.04
2020-12-23,51,89,1600.43,1462.81
2022-10-12,228,36,4856.75,3001.34
2021-07-24,3,19,2964.85,5846.38
2021-04-12,170,35,2657.14,4557.3
2023-10-22,220,41,2408.22,4866.88
2019-09-29,293,8,3883.91,3344.35
2023-03-18,113,72,3080.68,2530.1
2021-09-19,35,44,2733.99,1039.1
2021-06-28,375,63,780.91,4074.64
2021-08-13,296,25,4195.28,2939.37
2023-01-12,27,43,2758.16,1867.52
2022-08-04,168,86,865.85,1235.05
2019-12-10,119,84,4083.75,5722.47
2019-02-21,341,42,4251.87,3597.49
2022-04-08,237,58,1257.78,1850.85
2020-09-28,16,92,731.35,5408.43
2021-01-27,252,26,651.75,1125.4
2022-06-08,235,79,4571.55,4017.65
2019-03-12,330,98,640.72,3625.23
2023-04-13,342,16,3890.92,3361.41
2023-12-18,220,58,3410.03,2416.9
2022-10-01,245,95,3281.54,5033.88
2019-11-02,275,33,2027.8,3028.96
2022-03-05,299,86,2625.33,3720.74
2021-06-30,373,12,1225.87,5903.93
2019-08-21,218,46,1206.62,1799.96
2023-11-22,279,61,1708.03,3651.56
2022-11-24,110,25,2613.69,2445.57
2022-04-02,198,75,2358.15,4429.52
2020-03-31,13,74,3784.46,3816.65
2022-06-16,376,50,1243.78,1229.24
2023-05-05,6,63,3034.32,2998.51
2019-12-08,159,26,2989.05,1730.21
2021-05-31,232,48,4086.6,2462.86
2019-09-26,226,80,3181.89,2103.05
2020-12-26,80,92,2734.33,3067.52
2019-04-14,298,49,4410.7,4639.32
2021-02-01,152,92,4274.49,1395.61
2023-08-01,389,82,937.1,2639.66
2020-01-02,273,99,3262.58,2933.49
2021-07-15,232,74,548.12,1546.26
2019-05-09,94,95,1463.09,5824.54
2023-11-13,280,6,2708.58,2067.55
2022-11-14,193,95,2115.86,5275.29
2021-08-03,303,72,3174.54,1998.42
2019-06-23,186,25,4182.3,5623.89
2021-11-10,367,83,3958.17,5437.43
2019-06-19,318,33,3056.93,1109.67
2021-06-13,300,69,4692.2,1853.76
2022-08-13,87,61,3086.58,1428.33
2021-03-22,8,14,1982.26,4236.38
2020-04-02,134,11,1165.95,2315.62
2023-10-08,396,8,687.84,3284.72
2022-07-26,215,36,2169.94,3553.11
2022-02-02,368,11,3187.48,4438.89
2023-07-24,376,84,1400.51,5245.09
2022-01-09,26,75,2715.73,2148.1
2021-05-13,380,65,2894.92,2446.41
2022-05-28,299,100,3442.18,3279.57
2019-03-16,328,19,2396.28,5133.89
2021-02-02,359,91,1841.83,3039.07
2019-05-20,276,3,1313.96,3964.25
2021-01-29,136,91,4671.01,3601.42
2020-04-21,199,74,2526.43,4009.87
2019-12-19,31,97,1133.5,3090.34
2020-06-26,88,99,3634.34,4269.26
2021-08-18,257,40,4627.76,4097.47
2022-10-20,249,46,4076.59,2667.33
2020-11-21,111,62,4495.3,3516.18
2023-10-07,330,45,1265.2,2768.03
2023-11-02,126,73,4939.49,5085.88
2019-08-16,87,44,814.6,2843.86
2023-11-22,365,77,3462.14,3879.16
2023-11-30,282,2,1104.82,3721.74
2021-11-18,223,77,4748.91,1418.56
2022-03-20,215,16,2020.53,1782.94
2021-09-09,99,23,747.21,5751.76
2021-02-23,361,100,4465.03,5854.68
2019-09-21,183,37,4413.87,4412.74
2019-09-10,56,8,2931.71,2336.33
2021-12-12,54,23,4419.12,3036.6
2019-11-13,116,73,3159.14,3230.52
2020-06-25,82,17,2829.32,5720.14
2020-09-27,301,77,2937.08,4396.54
2023-12-15,377,22,3892.95,2768.04
2022-05-17,359,44,2624.96,1422.38
2020-04-10,238,66,4036.5,4798.73
2021-11-16,341,36,2468.49,5790.13
2021-06-18,360,100,4355.12,5634.23
2020-03-06,370,68,1739.16,1784.0
2022-09-15,318,46,4710.12,1578.75
2023-03-25,266,92,913.25,1367.35
2023-05-29,319,36,601.16,1754.21
2022-10-17,190,1,2839.57,5380.38
2020-10-02,213,83,1834.17,3834.86
2019-06-04,131,85,3046.11,1408.29
2023-08-09,385,30,987.73,5139.48
2020-05-08,176,47,1145.92,3623.02
2022-10-18,276,98,2023.07,3059.34
2019-07-06,195,64,2716.3,4366.76
2023-02-11,380,74,4481.62,4466.74
2020-04-30,400,79,1566.45,2688.09
2020-10-09,182,66,4054.1,4692.65
2019-04-30,117,88,1096.6,3216.93
2021-01-18,178,98,1757.98,2266.71
2021-07-31,324,49,2590.58,3602.34
2021-04-07,20,79,4015.68,2530.57
2023-12-18,34,94,2161.42,1034.77
2019-02-02,391,36,2320.97,3919.5
2019-10-29,393,49,2698.3,1558.51
2020-11-20,89,34,1898.05,2957.16
2022-06-14,143,48,4719.54,3113.85
2019-10-26,372,94,2101.56,5678.71
2019-12-07,214,24,768.99,3427.56
2021-03-02,147,26,4007.66,2546.23
2022-07-05,91,81,3865.59,5125.39
2020-06-16,135,9,1423.26,4306.88
2021-04-30,56,99,2761.77,2168.57
2020-09-01,295,12,3098.66,2627.96
2019-11-01,124,100,968.26,4015.94
2020-10-28,300,3,4480.58,3645.32
2022-10-07,315,54,871.95,1136.53
2022-12-19,98,11,856.29,4952.62
2020-10-19,150,32,2738.95,1719.94
2021-11-06,260,47,4024.45,4488.31
2019-02-20,168,85,4347.22,3533.58
2023-02-11,91,44,1848.83,4341.33
2021-06-15,399,57,4650.25,1735.28
2020-11-21,174,90,2302.66,3693.95
2021-02-05,75,88,3328.54,5890.78
2022-06-27,266,3,4071.53,2090.31
2022-03-09,125,88,3954.63,1246.97
2021-12-17,120,8,1716.68,5861.66
2023-04-30,2,66,4776.89,5602.85
2020-04-23,398,26,3033.29,5504.92
2020-09-22,325,35,3163.03,5903.43
2020-11-17,154,31,1533.23,4766.14
2023-05-19,275,34,3590.91,4120.64
2019-05-26,263,73,2327.33,2708.86
2023-06-06,37,11,1965.42,3767.07
2023-02-14,243,70,1891.83,2394.37
2021-10-25,248,24,1109.68,2116.52
2021-10-11,12,36,2776.69,4618.93
2022-02-08,167,30,3487.6,1123.06
2021-09-17,281,4,577.13,1490.91
2019-12-05,308,32,3490.95,1979.79
2023-01-21,53,34,561.58,4165.8
2021-05-21,265,4,4175.51,5398.97
2020-10-27,230,82,1984.6,4382.02
2023-08-17,271,52,4952.52,1280.11
2019-01-29,34,44,4976.64,1855.18
2023-06-25,245,53,1024.8,2329.43
2023-12-04,92,7,2375.52,1426.43
2023-07-12,297,70,4307.65,4963.5
2021-01-29,338,62,579.59,3937.24
2023-02-03,337,64,2797.63,5358.32
2023-07-23,345,93,3567.66,4993.0
2023-02-09,276,39,4184.53,4461.82
2023-04-17,77,5,4748.21,1095.72
2020-02-26,228,91,2547.91,3329.44
2019-03-09,400,54,1379.41,1655.86
2020-04-25,187,19,2328.37,5346.69
2023-07-23,385,2,3308.41,5675.46
2021-05-30,146,37,2022.47,3412.59
2023-01-09,329,78,2073.45,3582.95
2021-06-09,108,67,4414.71,3041.68
2020-06-02,383,78,4920.79,2107.08
2022-04-03,306,36,2451.71,2243.63
2021-01-15,58,25,3075.84,2310.75
2023-06-03,160,52,2527.62,1665.38
2019-10-29,266,50,3467.38,4397.09
2021-10-19,226,84,3636.93,2164.38
2020-01-08,324,97,4842.19,2313.29
2019-10-25,249,24,2953.41,4244.26
2020-02-08,4,6,1981.4,3671.69
2019-08-14,286,96,3032.82,4389.74
2022-05-24,224,85,3046.61,4982.88
2021-12-13,218,30,1365.07,2285.58
2023-03-18,230,16,629.41,1290.78
2021-11-09,398,37,1227.9,4300.24
2021-02-18,338,87,2669.67,2237.36
2023-04-15,37,84,3425.46,4082.54
2021-09-14,23,26,1223.05,3504.54
2019-10-27,387,42,1131.14,2268.73
2020-06-19,117,17,1989.98,3830.13
2022-01-24,152,75,2022.78,3320.79
2020-03-23,166,69,807.22,5703.82
2019-02-28,287,47,2783.69,2049.23
2020-05-01,117,6,1248.35,4673.15
2019-09-30,138,87,983.33,3941.85
2023-08-14,220,88,1455.16,4359.91
2023-07-14,291,32,4667.69,1269.72
2019-11-08,327,44,1310.19,3934.17
2021-06-19,231,42,2707.96,4368.2
2020-10-30,213,91,4510.77,5693.15
2019-06-02,186,62,1177.37,5233.82
2020-06-24,120,87,4246.98,4503.68
2023-05-30,111,6,4099.03,4201.88
2022-09-01,97,72,2353.37,3905.33
2023-04-02,264,84,1933.52,4074.0
2021-02-03,313,24,3933.21,1292.18
2021-10-22,295,28,3993.8,3090.06
2020-09-04,191,5,2866.19,5873.51
2019-01-31,380,58,1957.02,2586.77
2020-10-28,136,98,4393.87,1257.67
2023-02-07,57,87,1230.81,5989.55
2023-02-19,375,10,2933.07,3890.21
2021-08-31,264,27,2168.19,2438.15
2019-07-15,346,3,3828.54,4193.39
2020-07-19,334,78,4259.88,2114.47
2021-09-21,211,89,3152.82,5068.98
2023-03-01,100,96,3956.95,1063.52
2019-03-26,68,85,1845.28,1867.38
2022-03-28,262,22,855.27,5502.91
2023-09-05,21,52,2267.37,3192.76
2023-12-19,168,21,1476.98,4464.09
2023-01-01,77,87,2328.32,3538.12
2022-03-31,30,10,1038.19,2039.75
2021-08-07,289,96,4077.27,4179.82
2020-07-11,379,43,1776.94,4580.27
2023-12-16,3,55,4147.54,3296.03
2019-09-09,91,66,2729.68,5084.2
2021-07-30,13,39,1392.43,5898.69
2022-09-13,109,83,3419.87,4702.53
2021-08-26,85,68,4149.88,1856.95
2019-05-08,333,44,3873.98,2760.92
2021-05-29,46,73,2793.36,5422.46
2020-09-07,265,6,1591.59,2434.91
2019-08-23,83,12,1616.39,1593.34
2019-08-06,342,89,2780.89,4967.01
2023-11-04,260,32,3569.0,2336.3
2019-03-13,72,36,631.61,2088.92
2021-05-11,208,74,3969.73,3021.37
2023-10-04,203,81,2515.22,1119.47
2021-10-09,297,10,2500.28,4882.58
2023-12-03,20,62,3509.85,2771.38
2020-12-30,310,24,1070.05,3574.66
2020-12-23,58,62,712.36,3530.52
2023-07-17,322,8,2802.44,2931.09
2023-11-12,132,79,4485.88,1118.36
2023-01-30,242,97,2103.66,3350.59
2022-12-23,60,87,1609.03,2253.59
2022-05-11,238,18,628.01,5756.04
2020-09-08,202,99,2121.4,1352.07
2019-01-08,216,47,2418.4,5146.16
2023-01-25,190,26,2308.27,4575.38
2019-03-21,354,33,3665.08,4748.0
2019-01-19,125,93,3337.31,4739.92
2023-04-06,288,44,3448.75,1385.16
2019-12-04,347,79,2957.94,1031.39
2022-09-12,189,3,883.74,1892.55
2020-05-03,174,52,4402.37,4781.38
2020-01-22,342,11,885.48,5191.25
2021-05-30,193,57,3255.94,4661.82
2021-03-26,333,77,4049.83,5006.33
2020-03-06,373,90,3386.36,1466.74
2020-03-26,188,70,3810.26,2092.02
2021-03-13,69,5,4897.06,2900.5
2021-05-16,94,3,4891.23,1270.06
2023-10-05,245,71,657.2,3465.18
2023-09-07,302,33,3347.94,1117.76
2019-04-02,230,75,3614.03,3068.3
2023-02-13,172,44,538.29,2136.48
2020-03-23,172,61,3449.39,4083.69
2023-08-29,206,81,1746.51,5776.79
2019-05-27,256,28,2814.87,2855.05
2021-02-11,373,88,548.88,1030.67
2023-02-22,393,9,4777.84,4871.02
2020-04-26,85,56,4129.77,5548.57
2021-07-27,363,91,2383.92,2187.14
2022-05-17,350,89,922.43,1599.39
2019-01-22,128,12,588.15,2695.73
2019-03-29,337,41,2819.96,2052.43
2019-08-10,323,83,952.24,2111.54
2021-03-15,289,33,1169.29,1748.97
2022-11-06,349,28,3659.78,4638.45
2020-12-16,11,86,2279.85,1496.51
2020-11-26,149,41,2749.63,5099.28
2023-05-04,301,94,4526.4,4249.12
2020-11-15,320,96,2806.73,3075.69
2020-08-02,223,85,821.11,2225.42
2023-04-25,63,14,2166.33,1957.94
2023-02-20,300,50,1609.71,3840.43
2022-12-04,137,87,2121.61,4200.72
2019-10-26,7,2,2272.65,3147.0
2019-04-06,145,94,3581.31,2415.32
2019-03-30,157,17,1025.29,1068.83
2019-08-08,275,95,1578.15,1873.29
2023-04-17,93,43,2825.45,1058.65
2020-03-26,128,94,3663.18,2516.57
2023-03-09,304,42,3624.19,3056.99
2022-02-27,308,38,518.99,4612.76
2020-06-07,107,43,947.33,4961.65
2019-12-29,1,94,3841.72,2639.73
2020-07-12,344,74,865.24,5387.9
2021-08-11,146,29,2795.88,4963.26
2019-10-11,231,68,2984.26,3834.19
2023-01-09,245,30,3848.26,5786.59
2023-03-10,389,77,2921.47,3104.14
2023-05-18,277,27,3006.21,4123.31
2023-09-16,174,22,1847.14,3551.96
2021-10-02,128,4,4516.5,4310.95
2023-09-16,29,58,678.17,1947.72
2023-12-06,123,88,1536.48,3755.1
2019-04-06,297,75,1609.03,5730.25
2021-11-15,343,94,4398.07,1989.94
2020-11-17,290,93,2404.85,5430.65
2023-02-13,108,85,4430.85,1084.73
2019-10-08,297,99,4123.25,2338.38
2021-02-22,97,86,4939.58,3357.81
2020-12-06,192,66,2915.19,5564.05
2022-04-21,321,32,740.43,1734.3
2019-11-20,87,18,1745.7,5691.7
2022-06-21,94,26,3912.83,4554.07
2020-05-02,298,39,2773.3,3130.05
2023-05-19,327,27,4756.97,2330.37
2023-08-01,84,5,1285.78,1913.59
2021-07-26,276,37,1388.01,3218.39
2019-04-07,69,54,586.77,1266.59
2023-10-12,283,16,4099.55,4502.97
2021-07-26,92,100,2782.54,3541.0
2022-01-14,379,26,4759.58,3353.92
2021-12-19,394,60,2953.52,1625.6
2021-02-17,183,54,2353.64,3424.18
2019-11-05,126,2,1273.77,5864.24
2021-11-21,226,11,1949.42,5802.9
2023-12-13,97,70,3552.06,2079.12
2021-03-06,183,16,3818.65,4127.29
2021-11-25,55,90,4037.69,5328.01
2023-12-20,150,52,2595.8,2419.74
2022-04-28,223,89,1235.85,2086.66
2021-03-02,18,12,4249.52,1673.08
2023-07-22,319,21,3163.64,4017.61
2022-10-11,127,31,3404.04,2872.67
2022-01-09,170,39,1166.83,4791.48
2023-12-18,28,31,3564.82,1877.85
2020-04-10,226,69,3323.86,5372.09
2020-05-22,3,12,3758.55,3518.07
2021-01-03,130,39,2496.98,1586.02
2023-10-11,167,23,1746.1,2684.2
2023-09-10,47,64,2877.67,3411.71
2023-05-09,151,10,3818.18,2911.05
2023-11-15,153,33,3066.8,1745.07
2022-07-31,176,92,2164.1,4954.06
2022-01-18,246,23,1913.43,4857.07
2021-01-12,197,62,695.08,4494.96
2021-02-27,399,73,2008.9,5634.93
2022-05-10,366,69,3461.58,4105.54
2023-10-06,185,54,873.0,1547.81
2021-08-30,141,22,4199.19,2047.06
2021-09-03,269,21,3460.93,3411.47
2020-07-23,49,80,3787.37,2491.07
2021-06-26,185,26,4202.02,1716.35
2020-06-19,389,21,3431.8,3017.51
2022-05-27,104,55,1982.66,2378.21
2020-10-04,315,49,3673.03,2451.27
2021-06-07,36,30,3211.5,3206.35
2019-01-23,185,90,1965.97,2510.72
2023-12-06,150,89,4818.27,3591.37
2021-10-06,205,69,4825.77,3553.0
2020-09-18,309,53,4119.43,3390.07
2019-09-06,322,73,3844.92,3798.88
2020-02-26,44,25,889.55,1993.45
2023-10-12,123,11,2227.78,5325.57
2023-06-13,140,64,770.25,5152.14
2021-08-02,144,80,3589.24,4327.04
2019-03-01,190,50,3865.74,2699.53
2021-05-12,51,3,4773.62,4181.22
2023-03-18,304,83,2572.32,5926.39
2019-12-07,251,13,2334.72,3656.45
2023-09-28,216,14,3884.4,4721.74
2019-09-03,50,61,1383.1,3490.52
2023-05-06,174,79,1711.47,2068.68
2023-04-11,136,69,3994.21,5422.52
2022-08-11,76,60,4079.19,2739.32
2020-02-22,369,84,2658.24,1140.98
2023-08-31,282,64,557.05,5495.74
2021-09-22,156,46,4281.73,2309.92
2020-07-25,229,26,3697.18,5875.17
2021-08-11,163,32,1842.68,1269.5
2021-11-09,352,92,567.74,3859.73
2019-11-17,110,4,2536.54,4156.13
2020-03-26,215,100,2532.89,1100.18
2023-05-25,38,46,2640.8,3153.64
2022-07-20,380,26,556.79,4375.28
2023-12-11,255,36,3860.73,4311.73
2019-06-24,45,42,3250.51,5815.55
2022-02-07,83,13,3557.32,1548.27
2020-07-23,126,32,4989.91,5712.87
2020-05-03,243,35,4946.8,3172.88
2019-12-13,33,24,2360.82,2953.78
2020-01-17,205,21,3682.87,2828.07
2023-12-19,26,47,1389.2,1449.42
2019-08-29,35,67,2177.57,4567.76
2020-01-07,314,93,3438.68,4644.91
2023-02-24,309,6,3005.06,5180.23
2021-04-13,265,29,2210.98,5518.56
2019-04-22,82,75,3452.83,3175.53
2019-02-22,344,30,2317.79,5910.91
2021-10-11,358,87,2524.16,2330.39
2019-06-02,179,83,4216.33,4397.12
2021-09-15,255,77,4425.21,3639.9
2022-02-14,336,78,4691.02,4819.77
2019-10-07,179,16,1504.66,3155.37
2023-11-06,150,79,3168.69,1110.0
2022-06-23,298,45,1589.75,4207.85
2021-06-30,6,45,816.72,2223.28
2023-01-28,225,12,3507.16,3800.8
2023-09-29,14,79,4223.59,3092.73
2021-12-31,164,62,2962.78,2312.76
2022-08-19,261,12,3315.22,4911.33
2023-11-16,288,47,4457.49,3007.59
2022-10-30,174,69,652.16,5741.52
2023-03-17,265,25,3042.54,3442.42
2023-03-25,183,99,618.5,4187.54
2019-09-30,380,59,1578.36,5963.96
2021-12-21,316,68,834.37,3915.14
2020-11-26,184,92,3911.52,1394.99
2023-01-24,25,97,3617.91,3697.64
2020-07-09,202,8,4719.49,4937.45
2023-09-07,179,40,3299.8,4630.99
2019-11-11,300,52,2718.7,2525.91
2022-07-25,112,44,3131.78,2140.82
2019-05-29,277,98,558.75,2480.68
2021-03-28,154,61,570.3,2372.53
2021-10-24,350,71,4340.14,4765.71
2019-07-16,53,94,4461.23,2543.42
2023-01-27,348,57,770.84,3450.43
2022-07-06,164,17,3480.87,2127.76
2022-04-18,359,16,1418.29,1939.68
2021-07-26,127,46,4176.03,3623.28
2020-10-18,35,99,3724.0,3425.02
2019-10-26,260,72,3715.38,2107.99
2021-02-15,209,84,1776.96,2738.92
2022-09-20,333,30,1925.7,4509.82
2021-02-21,201,93,2969.79,4398.04
2021-05-27,133,54,771.05,4573.56
2023-10-31,53,7,3026.12,3152.55
2019-06-06,103,41,1260.97,2562.56
2020-02-08,391,80,4187.97,5776.12
2020-06-06,14,19,3017.65,2204.86
2019-05-23,270,99,3142.77,3593.47
2023-12-17,233,77,4127.6,2471.44
2022-08-13,75,48,523.44,1373.42
2022-09-16,351,36,4638.26,1408.91
2023-09-14,189,23,2521.61,4685.74
2023-11-25,59,2,2258.31,1611.3
2020-01-18,228,91,3743.84,4781.2
2019-04-07,146,32,1005.37,4125.16
2023-08-18,139,83,743.42,5569.78
2023-02-22,122,27,3372.02,1293.74
2023-09-03,210,1,1349.13,4828.87
2023-11-27,140,24,1258.79,2974.52
2022-06-22,237,67,3529.87,1986.9
2023-01-03,82,87,4535.31,2042.76
2021-07-28,86,13,753.0,1589.74
2022-08-14,90,78,4712.64,3900.32
2021-05-12,281,19,1399.91,4154.79
2020-04-04,344,86,3961.83,3458.11
2019-05-17,159,28,4247.18,1575.6
2022-09-05,74,47,3646.71,5980.68
2019-12-21,150,70,1238.54,5534.21
2019-09-27,339,2,3550.22,2239.07
2020-03-11,197,90,2580.58,4982.52
2020-11-05,8,10,1020.2,2357.85
2023-10-14,129,4,1056.69,2172.02
2021-02-16,228,30,4965.37,2303.01
2019-04-10,374,14,1161.99,1845.38
2021-12-01,190,37,3547.57,1361.93
2020-11-02,45,40,4050.37,3740.41
2020-12-13,104,73,539.02,1379.53
2020-03-26,89,13,1541.72,5125.73
2021-10-14,145,27,992.1,1235.69
2021-11-26,319,11,1471.82,1409.28
2023-09-02,127,69,3385.03,3059.04
2020-12-23,241,2,951.64,2919.24
2020-06-29,313,26,1244.98,2142.87
2020-09-07,45,81,2849.23,4320.96
2021-02-13,60,49,1007.84,1886.1
2023-01-06,191,34,760.54,5638.12
2019-01-14,79,54,1668.33,4215.82
2022-06-19,330,48,4660.17,3544.8
2020-03-06,235,86,4456.16,2671.19
2022-04-02,320,74,1769.91,1844.04
2020-03-31,255,6,3257.94,5360.96
2019-03-01,306,35,1373.17,3780.99
2022-09-05,248,60,4230.19,5469.1
2021-05-09,37,9,4646.62,2066.55
2022-07-13,3,63,3884.07,2359.11
2019-12-06,90,49,2827.42,2221.98
2022-09-13,127,15,2298.24,5677.17
2020-10-11,217,73,688.86,3041.23
2022-03-25,118,99,1705.22,1827.34
2020-01-03,233,37,2238.14,1095.22
2020-10-24,345,24,559.98,3782.22
2023-09-19,358,25,3577.18,2044.8
2019-03-31,130,24,4004.69,5050.62
2023-04-29,226,33,2980.79,4450.46
2021-05-21,358,59,2957.85,3961.87
2021-07-18,300,71,3940.73,3055.63
2022-12-20,272,55,4802.73,3994.54
2019-01-25,10,1,1539.6,3124.39
2022-05-01,148,38,4142.86,5812.51
2022-09-10,386,9,1799.84,5746.93
2020-05-24,83,23,4579.31,1426.95
2022-10-22,380,87,553.7,3730.08
2022-06-06,8,16,4049.32,1904.75
2020-01-16,177,30,4549.27,3785.36
2023-06-25,188,33,2822.78,4239.97
2019-10-28,31,7,3001.54,1134.53
2019-12-31,318,14,4773.34,5940.71
2019-09-01,341,11,2100.28,5054.55
2021-04-18,358,11,4434.84,2285.88
2021-10-31,334,60,4909.47,1350.64
2019-02-07,300,76,1744.61,4926.96
2020-06-06,3,52,882.47,4654.26
2021-02-12,17,55,3964.25,2397.44
2019-09-14,66,98,1121.99,1485.3
2020-07-15,224,25,3052.21,2788.9
2023-03-22,366,89,4853.92,5537.79
2019-03-20,361,73,1098.66,1538.84
2020-01-09,257,55,3623.08,3381.73
2022-08-24,114,45,4953.47,4746.2
2022-12-01,268,75,1218.71,4504.53
2023-10-24,13,39,3099.62,3897.46
2021-07-02,394,2,2340.54,4521.56
2019-12-12,356,82,2206.88,4643.46
2020-04-30,17,43,4489.01,3241.95
2023-09-03,262,31,2810.11,4514.62
2019-08-07,318,44,3268.84,3414.19
2020-12-19,33,21,3322.75,3773.68
2022-02-05,342,63,2791.08,4902.66
2022-02-24,170,67,936.85,4014.2
2020-05-28,399,17,1445.51,1439.74
2021-04-30,309,60,2826.8,2351.97
2022-12-12,260,64,1801.79,1045.53
2022-05-01,209,5,3513.06,2610.02
2019-11-10,263,11,1447.65,4944.2
2022-10-09,239,88,4195.61,4671.76
2020-06-29,272,78,1437.36,1464.45
2020-02-23,65,97,765.35,4369.58
2022-02-27,284,4,2732.63,1608.93
2020-01-03,277,76,3916.92,3275.32
2019-03-19,224,43,3959.6,5504.12
2020-09-03,393,50,1071.88,2277.14
2019-09-14,123,35,1305.45,1516.9
2023-12-04,24,92,2437.72,2268.04
2023-01-25,289,75,2031.84,5869.9
2021-07-27,262,31,4091.71,4464.51
2019-08-18,51,15,1133.38,4141.92
2022-06-26,367,80,3294.12,4963.12
2019-08-20,369,16,4040.02,1370.24
2022-10-04,28,54,1871.55,1058.11
2023-10-07,169,5,542.18,2790.64
2023-04-17,375,16,3600.44,1824.53
2020-07-26,334,32,4009.34,5630.24
2019-03-22,148,4,3044.15,3870.58
2022-06-07,18,74,4627.1,1427.84
2023-01-19,330,64,2820.97,4152.06
2021-09-10,175,82,1179.38,1100.3
2022-05-16,228,75,1364.96,3837.34
2023-08-13,311,38,2749.83,3182.92
2021-03-18,264,43,2059.07,4633.57
2021-01-07,322,32,1369.82,2056.94
2022-10-14,337,30,4769.4,1087.23
2022-03-18,262,1,4182.26,2491.3
2019-03-06,375,44,4571.2,4842.35
2023-03-28,202,13,2339.74,1847.78
2020-02-02,183,5,4360.21,2180.21
2020-02-26,241,52,1691.75,2999.07
2019-04-06,259,74,3116.88,2488.75
2023-11-14,5,37,4250.43,4453.1
2021-03-29,71,4,862.65,5933.07
2020-12-29,213,80,2513.32,5003.95
2023-11-05,354,97,2258.1,2862.23
2020-11-06,258,21,2593.79,2767.85
2023-03-14,281,37,3896.58,4014.24
2023-12-23,368,62,933.03,4943.12
2021-04-25,59,90,3740.81,5836.82
2023-12-16,275,29,2353.95,2177.4
2020-08-10,123,95,1434.79,4154.04
2023-10-09,194,58,4142.3,4747.22
2021-11-04,12,87,3382.75,4693.63
2022-10-08,354,21,2719.17,5393.88
2021-03-07,155,78,4404.44,5365.72
2019-05-16,387,98,1695.73,2423.49
2022-09-26,210,46,4503.42,1488.51
2019-06-26,234,31,627.11,4802.91
2023-01-04,287,40,2667.69,4431.16
2020-06-06,146,27,3706.74,3444.2
2019-11-23,222,82,3620.71,5023.26
2022-02-27,159,10,1539.38,4895.38
2020-10-24,373,82,1061.46,3765.45
2019-03-06,161,56,1525.76,4121.07
2019-10-08,326,15,2540.3,2519.06
2022-03-19,160,14,2439.45,3970.62
2023-07-29,64,6,3709.35,4732.4
2023-10-12,257,47,1008.76,5255.25
2022-06-17,270,34,2349.1,2864.95
2021-01-13,125,95,3443.5,1686.81
2022-08-22,284,21,4639.4,4556.53
2019-08-20,174,47,2881.25,5293.46
2020-08-11,388,39,2679.05,3938.1
2019-09-20,2,18,4683.17,4590.12
2022-09-10,211,75,4819.04,5353.33
2020-03-08,245,32,2708.36,2898.0
2020-03-21,154,66,2722.03,2134.27
2020-02-02,207,30,2264.08,2792.42
2021-11-11,238,44,1919.23,1550.27
2020-05-28,263,84,3442.2,2722.61
2020-08-15,362,49,3114.17,1068.9
2020-09-30,62,5,2265.74,1903.11
2022-06-26,37,28,4974.23,3572.29
2023-08-08,76,11,3220.75,3962.15
2022-10-27,125,36,1205.43,5714.68
2019-12-12,67,7,516.25,4920.03
2021-06-17,152,2,2808.94,3155.59
2019-09-23,153,72,595.44,3895.85
2022-04-22,54,94,3553.46,2170.13
2021-05-03,377,11,985.9,1077.98
2022-04-05,249,19,742.95,2095.87
2021-07-25,147,70,4520.68,5333.18
2019-10-22,249,60,4085.18,4584.18
2021-05-07,79,44,4030.31,5581.03
2022-11-08,230,86,4636.74,4038.75
2021-04-08,152,40,987.13,2426.06
2023-10-05,37,68,4398.84,5620.94
2020-03-15,300,100,3450.73,4386.36
2023-10-10,218,69,4082.33,2901.35
2022-06-01,115,68,3768.41,2029.48
2020-12-14,89,96,3276.73,4205.61
2020-01-12,48,28,1151.87,4474.43
2020-05-17,294,84,1238.23,1005.56
2022-05-08,188,69,2351.83,1736.07
2022-08-01,230,79,1572.06,3397.64
2021-09-15,82,52,3630.93,5512.8
2021-11-10,234,1,3516.72,1508.45
2020-06-07,149,18,4411.8,1442.38
2023-07-29,245,87,3479.27,3296.19
2019-09-23,294,95,4710.81,1163.39
2020-04-09,33,2,848.4,3757.55
2019-01-22,182,87,1209.87,4951.27
2019-04-12,5,4,3200.37,5059.65
2021-02-09,23,92,831.22,2732.82
2019-06-23,372,75,4472.23,4653.52
2021-03-08,296,75,1664.2,5477.38
2020-09-30,84,64,3446.18,3128.17
2022-04-21,90,69,2954.33,2105.43
2020-05-19,40,7,1411.08,2934.62
2020-08-15,192,18,1098.99,2354.26
2022-06-13,256,66,4423.93,3090.87
2019-07-31,286,73,2916.44,2150.09
2020-05-08,279,65,3502.46,2503.56
2019-11-19,183,63,2528.25,1933.12
2021-07-02,2,55,4099.29,5305.1
2020-12-19,71,5,4623.79,5256.26
2022-02-07,96,56,4941.71,3310.82
2020-07-31,81,21,1359.65,3076.16
2022-02-16,229,36,4294.43,4951.54
2021-02-11,279,10,4307.46,5909.87
2020-07-07,323,53,4333.02,3022.85
2023-10-29,207,82,2178.85,3762.12
2019-01-10,297,98,554.27,2716.06
2021-10-21,16,30,4675.27,1634.16
2021-11-25,100,45,4235.15,5890.63
2019-07-23,350,64,1455.88,2247.68
2019-07-24,179,84,840.67,3152.55
2019-08-22,105,73,3235.48,3961.09
2021-09-07,121,14,3029.5,1727.38
2023-02-09,120,53,4414.88,3520.91
2020-05-06,341,94,861.83,1188.22
2022-06-17,236,62,4869.39,4900.46
2021-01-21,186,11,1986.17,2040.79
2023-09-28,352,34,3396.82,2272.68
2021-05-08,177,90,3115.06,5253.19
2021-09-03,364,11,4489.62,4234.07
2023-05-06,282,73,3450.99,2571.04
2020-02-28,320,47,3780.01,4530.63
2022-02-02,355,99,1247.56,2590.34
2022-08-29,128,52,1438.44,3162.74
2022-04-12,223,24,4633.03,4422.74
2019-03-31,199,34,3032.26,5251.0
2023-01-30,205,24,3939.72,3830.12
2023-08-22,381,12,4058.05,4167.47
2021-12-20,379,81,2938.71,4688.15
2020-07-15,347,27,876.39,1422.45
2022-07-23,269,17,4786.32,2978.1
2020-09-07,20,59,4295.83,1247.9
2022-04-19,281,5,3326.09,5361.91
2020-10-17,76,15,4187.42,3910.22
2019-09-09,93,86,4110.36,5474.09
2021-07-16,324,14,2921.94,2936.4
2021-04-14,308,27,2539.65,3766.75
2023-01-07,182,5,2385.15,1651.13
2020-09-02,206,93,4394.74,1896.6
2020-09-02,85,57,629.18,5749.72
2023-01-23,80,45,1463.76,5740.97
2019-03-20,315,70,4107.08,5918.3
2023-04-28,332,48,2215.88,2747.95
2020-07-26,81,7,4654.85,4891.38
2023-04-29,121,8,4219.96,5581.62
2022-07-11,55,2,2315.9,4147.32
2019-01-15,316,21,4625.9,5492.61
2020-07-29,123,68,2449.23,1479.8
2022-01-12,227,35,3474.74,2776.8
2021-12-11,303,86,3153.88,3889.73
2022-03-03,389,46,3309.59,5578.65
2021-08-01,110,98,3441.45,2060.38
2022-02-20,347,14,4410.68,2330.76
2019-07-31,11,40,893.9,5762.12
2020-05-01,347,92,1226.0,5045.82
2022-05-20,381,38,3268.91,3933.27
2021-03-20,332,32,3108.18,4290.6
2019-08-21,372,52,2021.2,3063.59
2019-04-30,83,23,4843.21,4144.11
2021-08-09,280,34,1643.6,1376.04
2020-04-03,106,19,4700.47,5201.11
2021-03-06,70,12,754.79,3679.47
2020-05-08,227,17,2696.92,1303.38
2023-03-14,47,96,1991.67,4753.36
2021-05-15,397,55,1845.16,5695.47
2023-05-31,98,67,1314.33,1685.67
2020-02-20,199,14,1177.43,1384.04
2019-10-28,159,85,1646.13,3928.22
2023-09-01,263,36,1948.67,5798.56
2019-05-11,131,96,3882.33,3267.91
2021-10-13,322,53,4569.77,5280.91
2022-09-07,116,52,1700.18,5022.55
2022-12-23,29,30,1569.74,4408.32
2022-01-04,145,42,748.26,5620.88
2021-09-13,128,15,2154.46,5254.46
2021-04-29,230,12,4304.54,4524.51
2019-03-04,172,60,3609.07,3486.46
2023-02-25,181,92,2518.29,4478.54
2021-10-02,390,77,1632.1,2620.09
2021-02-06,91,1,2888.98,5663.11
2020-02-18,172,51,1864.79,5265.21
2019-11-02,392,11,1041.02,3179.69
2020-10-27,248,59,4736.45,2959.15
2021-01-16,200,54,3508.92,1258.02
2020-08-21,370,58,913.46,5173.33
2021-05-14,188,89,1997.0,2662.32
2020-10-16,241,4,2225.52,2994.68
2020-01-07,227,42,3575.64,2144.57
2019-05-10,116,21,1771.61,4474.9
2021-07-12,212,92,2730.93,4440.1
2021-10-13,78,87,889.07,2303.25
2022-09-12,119,37,3525.15,4785.57
2021-11-17,94,32,4539.6,5550.7
2023-08-30,18,65,2785.94,2126.84
2020-01-09,30,40,2424.46,2593.18
2020-07-09,372,38,2892.95,4751.63
2021-04-02,257,1,2722.04,3166.36
2021-07-16,158,10,3746.14,3630.28
2021-07-18,132,37,1146.92,3352.75
2021-01-03,174,32,995.85,1412.85
2020-06-23,145,31,2249.87,3209.07
2019-04-10,311,59,2281.87,2130.33
2021-01-30,346,80,2802.42,4356.85
2023-04-07,148,1,4164.82,4277.0
2022-04-21,72,24,2392.8,2614.53
2022-01-01,174,74,4222.35,2928.41
2021-01-22,176,68,3901.07,5998.09
2020-07-22,366,28,3129.2,3637.84
2022-01-05,272,95,1050.18,3720.87
2019-09-28,110,93,4908.63,5280.94
2023-10-24,318,51,1780.86,5259.14
2021-06-30,120,37,4464.39,3451.69
2022-10-29,188,20,500.29,5588.68
2022-04-27,305,69,2404.26,1263.36
2020-08-15,344,47,4845.11,3103.42
2022-09-17,381,86,991.66,4970.12
2023-12-29,9,27,3857.71,5842.24
2021-02-25,323,74,1736.33,2681.97
2022-05-29,347,89,4955.61,2706.9
2023-01-25,248,77,1995.42,3033.0
2021-11-19,199,19,1154.85,1867.77
2023-10-14,324,82,1890.16,2418.72
2019-10-13,344,17,4439.66,2581.81
2020-10-04,298,34,4342.75,1208.45
2019-12-22,244,76,3890.57,5603.35
2023-02-21,25,64,1694.36,4774.97
2019-06-22,102,4,2524.86,5379.81
2021-11-10,38,22,1591.25,3705.02
2021-06-04,195,85,1429.58,3200.92
2019-06-24,183,81,3130.92,4852.5
2021-07-11,246,99,3124.21,3344.89
2022-09-13,51,29,1229.62,1003.49
2020-11-08,189,95,4641.54,5395.49
2023-01-26,194,99,1308.93,4276.79
2021-10-28,352,37,621.06,2244.42
2021-02-28,334,30,2479.98,5659.07
2022-01-10,387,22,4658.74,4224.39
2020-09-17,242,74,3936.99,3513.38
2021-12-30,342,55,896.14,3496.65
2020-04-28,184,35,4468.02,2595.98
2020-11-15,210,100,819.11,2806.34
2020-04-20,227,17,3964.92,3135.65
2021-04-06,195,73,3100.98,1634.18
2022-07-22,13,23,3732.91,1959.68
2022-06-04,98,75,4059.72,1796.01
2023-09-26,67,66,2975.69,5114.28
2022-10-05,118,34,3912.83,1233.8
2020-06-24,179,11,4706.8,4271.24
2020-02-20,46,12,1301.48,5253.81
2021-01-10,373,81,3816.23,2223.07
2022-11-06,392,14,4081.75,4246.5
2021-10-20,94,70,542.43,5057.8
2023-08-31,285,24,2696.99,4752.16
2019-06-22,222,68,1887.39,1239.96
2020-03-24,148,71,3403.27,4242.53
2020-09-05,389,25,4075.49,5204.76
2022-08-10,55,100,2750.89,2291.13
2022-12-09,152,94,3229.4,1992.16
2020-07-14,299,48,1704.41,4318.8
2021-11-16,201,27,4205.9,5692.28
2023-03-13,201,73,3964.55,1199.89
2020-04-29,6,97,3521.51,4115.51
2021-06-10,171,16,4030.93,5666.27
2022-12-19,93,57,1685.1,5866.61
2022-07-01,308,90,2749.77,4014.9
2020-03-23,256,55,4881.28,5218.62
2023-09-07,251,96,1649.32,2768.9
2021-08-29,54,70,3430.84,4520.52
2023-08-04,348,12,3906.73,4045.11
2022-08-20,313,52,737.26,1628.75
2021-01-16,246,38,2617.02,2346.24
2022-11-09,224,68,2414.98,5673.63
2021-12-31,314,33,564.21,3131.39
2021-04-27,280,32,4769.43,3869.05
2019-12-11,400,29,3312.08,2383.62
2023-11-22,156,33,4530.05,3242.38
2021-04-22,263,47,3090.31,3459.08
2021-06-12,13,57,1891.7,5005.82
2020-01-16,65,37,986.5,3693.99
2019-03-23,326,47,4125.62,4932.75
2022-11-14,384,56,1737.69,1372.56
2019-10-21,333,49,932.1,3473.94
2023-12-26,20,29,4650.33,5607.77
2020-06-04,16,95,538.13,1973.93
2020-09-28,63,80,4649.46,4546.99
2021-08-26,316,91,3739.54,2603.03
2021-05-09,81,43,4671.95,1500.52
2022-07-16,225,44,3003.31,1286.01
2021-07-25,398,15,2746.3,3445.48
2020-04-01,148,48,894.5,5047.76
2020-12-05,19,73,1997.23,1049.47
2021-12-18,182,77,4466.67,4438.77
2020-03-25,44,10,4508.63,3246.79
2021-07-26,200,47,3006.34,1156.82
2021-06-11,342,82,3183.07,2435.89
2023-07-01,241,28,2911.49,3259.51
2020-03-05,337,83,2947.66,5518.92
2020-02-09,27,54,4750.46,5517.58
2021-12-21,205,6,2068.89,3073.99
2019-04-10,320,75,2041.49,1924.14
2020-06-16,365,58,1193.06,3309.24
2022-10-26,310,71,4459.28,2385.31
2020-12-26,271,19,2654.5,4358.59
2022-06-05,153,90,1437.27,4513.51
2020-10-15,375,25,898.07,4412.1
2019-02-08,381,82,4628.48,5997.02
2019-06-30,92,85,3502.89,4116.77
2023-06-22,387,8,937.18,2787.11
2023-09-24,328,19,4057.01,5022.39
2022-11-07,254,72,1289.94,1420.09
2022-01-28,363,44,1557.33,2464.32
2021-04-13,392,11,2448.19,2138.43
2023-08-11,53,50,4645.7,1383.4
2019-11-14,200,10,1506.66,5762.4
2023-02-28,303,41,3723.76,4640.27
2022-11-16,242,32,4349.58,5302.91
2021-12-03,26,92,879.14,1278.75
2022-06-27,47,98,917.26,1407.62
2023-08-24,369,63,4586.71,4065.22
2020-07-20,356,54,4230.89,4565.52
2020-06-04,59,5,3415.55,4348.97
2020-10-13,246,79,616.56,2167.14
2021-06-29,26,1,3386.85,1460.82
2021-06-03,33,75,3682.48,2160.75
2021-11-27,259,68,2378.79,1083.28
2023-03-26,375,69,3047.71,3631.72
2020-08-28,280,41,1149.05,4729.5
2023-04-01,389,46,4160.76,4332.59
2021-02-24,397,24,3021.22,3849.15
2021-08-03,218,44,2545.16,2978.85
2019-08-04,5,8,2235.66,1306.19
2023-11-05,6,90,2826.59,2076.74
2021-09-15,257,100,3997.32,4571.41
2021-10-20,34,84,3632.63,3011.17
2019-01-19,302,80,675.13,2935.16
2022-07-19,221,58,3674.4,1320.26
2022-04-04,118,34,2924.05,3785.02
2020-03-10,1,75,3267.87,3072.34
2022-05-01,80,4,1711.56,1648.86
2021-01-06,318,94,1194.01,1853.39
2021-10-11,126,44,4268.99,4889.34
2021-01-01,213,67,2424.57,4980.92
2022-04-29,159,32,2758.64,2122.34
2020-01-29,101,47,1570.52,4959.85
2023-06-03,306,13,2331.3,3632.29
2022-11-19,380,29,3628.66,5109.28
2023-09-17,36,38,1554.78,1459.58
2022-10-21,133,21,3658.12,5147.16
2023-02-25,325,40,1748.82,5592.46
2022-02-04,375,33,535.72,2363.24
2023-02-01,53,43,4178.77,5724.1
2023-08-07,49,85,1435.31,5133.11
2021-11-05,3,5,2220.26,4588.79
2023-12-27,41,68,4284.7,4946.73
2022-06-25,90,85,4019.21,1046.08
2023-05-31,150,77,3897.4,3964.43
2019-12-08,224,27,2011.42,5594.34
2022-03-30,312,81,2705.11,5195.72
2021-03-05,10,65,1052.17,4175.12
2023-04-29,33,5,1884.08,2580.54
2021-05-15,63,69,3528.73,2279.89
2022-02-01,29,7,618.49,4225.31
2021-12-19,350,55,2542.37,4691.18
2023-06-28,117,96,1044.75,5309.65
2020-10-06,212,80,1217.36,5473.19
2023-09-08,104,95,701.67,3319.41
2022-10-06,242,60,2859.22,5597.15
2020-03-08,169,80,2972.29,1121.76
2019-09-13,99,83,4885.84,2635.33
2023-11-06,300,23,2700.21,4975.8
2021-04-17,56,94,3105.19,1835.77
2020-01-23,237,79,4488.92,4421.1
2022-05-20,237,22,2429.12,4366.95
2020-10-21,385,89,1398.68,4571.33
2019-08-20,312,50,4871.41,4375.52
2022-04-16,393,83,3790.69,3430.68
2020-05-13,141,100,1835.15,5200.33
2021-03-05,74,78,4043.34,1098.44
2023-07-01,107,84,1730.14,1409.26
2022-12-05,8,23,4590.4,5924.35
2020-06-09,231,48,2568.69,4746.81
2020-09-20,31,48,2578.01,4366.2
2023-12-30,376,23,2072.74,1659.42
2022-09-19,395,54,4830.45,3097.46
2023-02-27,100,67,559.03,2816.12
2022-02-13,37,54,2300.8,1623.22
2023-11-22,210,56,2680.81,1958.83
2022-05-08,234,67,4798.16,4691.91
2019-04-25,32,75,4433.66,5624.73
2020-08-09,265,72,4992.82,3292.94
2023-03-03,74,50,1319.01,4207.04
2023-02-28,341,17,653.23,2395.87
2019-03-11,247,98,4929.57,1788.25
2019-02-06,246,11,1029.86,5900.42
2023-03-01,206,99,2663.47,4537.49
2022-09-10,275,59,3339.13,5204.34
2019-07-27,146,52,827.25,4933.81
2022-09-16,266,25,4374.8,3062.37
2021-05-13,322,48,1651.69,4375.01
2021-04-01,329,2,2962.59,5536.52
2020-10-10,94,82,638.31,2179.05
2020-04-28,202,2,667.74,1998.9
2019-11-18,399,57,2110.43,4895.11
2022-02-05,355,12,2448.28,4641.08
2019-05-26,235,47,3711.07,3558.32
2023-06-29,313,48,1718.8,5573.02
2020-05-11,44,9,4492.84,2496.94
2021-07-06,36,1,4536.15,4557.72
2023-11-11,372,83,3423.18,1138.07
2023-04-21,236,77,1415.01,4082.1
2020-03-10,97,58,2821.81,4309.66
2021-11-20,73,20,4331.3,1917.5
2019-07-14,260,19,1336.24,3900.96
2020-01-01,72,67,1823.99,1150.83
2023-10-04,296,47,4048.9,2597.23
2020-01-19,135,1,721.92,1587.38
2019-02-06,272,28,4349.69,3935.82
2023-03-27,366,60,4116.94,4002.34
2019-11-12,318,42,1066.87,3921.5
2023-03-22,295,77,4838.19,2275.91
2023-01-03,96,5,1805.97,4017.71
2021-01-12,233,62,3735.8,1426.83
2020-11-23,373,34,1464.8,4792.75
2023-08-24,211,2,4550.89,4039.51
2022-03-07,75,6,757.24,3113.17
2020-06-07,98,85,2913.57,5899.02
2022-01-24,155,50,2669.16,1400.52
2020-03-26,130,5,1545.32,4774.75
2021-10-11,55,97,3302.78,2902.12
2020-05-19,305,73,1219.18,5508.93
2023-09-16,15,96,1934.83,2183.77
2023-02-08,309,67,2037.78,4872.74
2020-07-11,188,74,4882.1,1507.07
2022-03-01,88,62,1791.93,2284.03
2019-08-07,352,92,1732.77,1251.84
2023-09-04,248,78,4959.71,4975.92
2020-11-10,189,19,3028.28,1463.61
2019-08-26,210,18,3858.85,2375.84
2019-12-14,167,79,1116.61,5887.27
2020-10-19,266,39,3591.01,2727.05
2022-10-13,71,73,4109.19,4286.36
2022-04-07,263,47,2921.7,5537.89
2022-10-18,267,48,1768.5,2363.6
2019-07-04,84,38,3550.26,3504.53
2019-04-11,124,8,3254.12,2711.25
2019-01-24,367,24,3732.01,3097.78
2021-09-23,6,95,4269.63,2844.84
2020-07-02,65,11,3586.6,1102.46
2019-02-02,173,80,3621.42,4233.04
2020-09-01,254,46,2068.83,2717.91
2019-08-26,163,70,3273.17,2122.28
2023-04-26,264,24,4783.27,2436.53
2021-10-12,117,12,4772.05,5696.13
2023-07-11,155,26,1314.08,1076.23
2022-07-28,221,54,3873.07,5160.33
2019-02-04,332,100,2132.85,5691.57
2022-04-07,255,13,3790.07,1846.1
2021-01-11,35,19,4184.12,5675.13
2019-10-13,60,99,1640.48,3799.26
2020-03-16,132,17,4031.36,4755.87
2023-08-23,395,96,1208.46,5404.22
2022-08-11,351,74,4160.13,5718.26
2020-04-24,343,17,2463.53,5890.49
2020-07-31,386,9,4650.67,4439.98
2022-01-31,287,8,3933.52,3706.07
2022-05-16,354,23,3349.5,2186.68
2019-12-22,74,48,2420.18,3560.56
2022-10-07,108,90,2678.59,4138.87
2021-07-17,278,79,4237.2,4942.55
2020-03-01,130,9,3012.99,3652.64
2021-12-08,367,29,582.8,3594.79
2023-12-28,341,11,3621.42,3514.21
2020-06-04,247,49,1843.16,4834.69
2023-03-20,75,98,902.25,4928.44
2021-12-26,334,76,2717.06,3223.31
2020-09-02,148,93,3804.37,1130.28
2019-04-08,400,62,3536.93,2004.34
2022-06-24,272,61,1764.19,5036.27
2019-11-08,12,96,3384.55,3416.99
2020-03-24,125,18,3626.73,4023.69
2023-09-11,249,95,2337.0,1757.29
2019-02-14,357,98,1011.72,2581.3
2020-10-11,384,38,2583.05,5580.3
2020-04-20,43,45,3051.53,5986.5
2020-07-09,30,42,2086.5,4882.28
2021-12-29,17,19,4731.05,4973.22
2021-03-03,135,40,4366.38,5346.9
2021-03-05,237,28,560.57,2571.75
2022-10-16,29,10,4233.93,5799.03
2020-05-14,11,30,3675.41,4910.91
2022-11-03,91,93,893.54,2010.69
2023-07-11,81,78,1257.25,3523.02
2021-10-02,49,56,4140.45,3788.55
2019-06-12,93,64,4602.79,1860.8
2019-03-20,78,87,826.66,3540.64
2019-07-31,376,28,2343.62,5138.44
2019-01-26,22,22,1653.04,3774.69
2019-04-29,265,54,626.86,4250.42
2023-08-25,302,78,3156.09,2573.32
2022-04-17,235,28,2044.17,4211.45
2020-10-03,159,72,2719.19,1163.11
2021-12-16,18,39,4911.12,5562.38
2023-03-12,174,63,3582.4,2312.42
2022-11-14,262,71,1151.51,3748.18
2023-09-22,229,1,4213.36,3516.3
2022-02-17,215,3,3771.68,3885.48
2021-06-03,251,86,804.92,3151.83
2022-04-08,114,88,2670.68,5952.5
2019-03-29,155,4,2922.88,1308.37
2020-10-31,12,89,3808.44,3036.94
2021-08-30,136,88,2409.13,5561.28
2020-06-28,313,77,3420.25,4701.58
2021-03-18,384,39,3202.11,4755.58
2019-01-12,390,29,992.51,4098.8
2022-07-04,226,82,596.88,5597.57
2020-01-25,235,83,521.75,5615.01
2019-06-11,360,47,1180.28,2229.02
2022-03-23,18,17,2558.51,4262.87
2019-07-18,19,41,1429.41,4580.77
2020-07-21,206,59,3948.87,1653.42
2023-02-13,180,96,4064.5,5126.97
2023-10-05,19,19,821.02,3088.68
2020-05-18,159,23,3232.25,2348.68
2021-05-04,13,47,4445.84,4809.99
2023-03-13,50,33,4747.07,3991.43
2020-01-30,316,59,4670.43,5173.67
2021-10-17,92,20,2560.95,5600.9
2020-01-11,397,45,1407.28,4903.9
2023-02-27,321,91,4070.15,5736.05
2021-07-07,242,49,1648.57,2624.98
2021-11-19,204,46,2710.34,5732.0
2020-11-13,130,3,4011.86,5637.72
2022-05-18,226,83,694.73,3000.75
2023-05-28,75,88,1938.77,3054.84
2023-12-06,301,41,1555.0,2167.36
2022-03-08,260,90,2711.06,3448.05
2023-10-13,204,10,3126.25,2520.95
2019-10-26,85,42,1320.6,4405.0
2021-01-23,347,41,2140.13,1823.93
2022-03-29,362,65,1266.79,2183.89
2022-10-12,396,23,2291.05,1412.54
2022-02-28,26,24,1437.53,4027.03
2023-08-11,244,52,1710.97,2134.43
2019-04-17,198,74,1830.69,2183.87
2022-10-31,46,89,2863.48,4409.98
2023-06-02,123,77,2459.03,1888.88
2020-06-24,29,80,3977.5,2386.62
2020-12-30,42,4,4874.78,2608.01
2023-12-13,44,23,1489.19,2029.56
2021-04-19,36,52,3689.24,3449.22
2019-10-26,197,79,3538.73,1787.61
2021-11-22,346,17,3702.58,2269.84
2021-09-24,185,76,3216.61,2149.92
2019-05-21,380,24,4324.98,4291.92
2021-08-03,51,88,4519.93,3172.18
2023-05-07,9,56,771.13,1101.16
2023-08-03,190,44,2197.96,1807.67
2021-07-13,383,15,1329.57,3976.06
2020-12-10,312,2,2627.41,1678.61
2023-12-24,163,16,560.48,1748.16
2020-07-16,247,69,4506.29,5543.89
2021-09-10,245,6,4032.78,4756.85
2019-07-23,385,46,4693.7,2102.06
2019-09-24,331,72,1650.91,5268.91
2023-10-26,174,52,2045.5,2125.8
2020-01-27,138,21,3212.57,3580.29
2023-04-04,79,87,1637.78,4255.77
2023-08-15,18,72,1322.32,2338.07
2019-05-10,170,75,2397.28,2551.39
2022-08-14,306,80,3802.66,5616.97
2022-11-14,340,11,2142.4,5084.09
2019-12-09,66,91,4514.46,4867.36
2020-09-19,177,86,3610.69,2193.24
2023-06-07,354,38,3705.75,2642.01
2022-12-31,21,26,2903.94,3291.3
2023-05-22,299,50,3682.09,1179.7
2019-02-24,249,18,2572.63,3721.38
2023-03-26,280,79,2099.8,3261.7
2023-06-19,384,98,1799.01,1108.68
2021-09-27,211,76,1095.43,4438.84
2019-10-03,339,64,4871.18,5162.94
2021-07-12,132,17,3173.81,4083.57
2023-10-20,7,82,2343.08,3783.44
2019-05-18,328,80,2746.12,4753.56
2019-05-06,259,11,2144.31,2812.66
2023-03-24,259,43,740.02,1591.26
2023-08-27,266,29,1302.06,2164.85
2023-06-02,91,98,3146.15,2754.73
2020-07-28,257,100,2288.6,3526.82
2020-02-26,119,37,993.6,5703.6
2022-05-05,121,37,4978.42,5709.67
2020-02-18,150,43,944.47,2602.11
2021-02-07,31,14,1599.71,5689.1
2023-11-12,187,1,2759.7,2142.62
2022-02-02,83,68,1954.69,3900.88
2023-05-18,20,77,1347.73,1802.24
2021-04-02,99,22,1974.07,2990.14
2020-07-25,262,39,2012.39,4042.24
2023-10-10,265,90,3356.9,4128.97
2021-11-25,266,98,4759.38,5388.94
2021-10-22,287,56,2626.42,3488.27
2023-05-30,81,59,2339.22,3600.41
2021-05-31,374,20,3588.85,1686.48
2020-04-02,178,64,897.58,2657.91
2023-03-12,90,50,4797.56,3625.55
2020-10-04,300,100,844.35,5690.04
2019-03-14,212,67,746.26,1380.15
2019-08-15,398,74,3030.99,2029.74
2021-07-17,344,83,1691.93,2338.49
2021-05-22,297,52,3418.86,5137.15
2020-09-13,253,84,4727.17,4487.45
2023-03-08,119,45,1217.41,4538.67
2023-10-23,73,61,4440.78,2221.55
2021-07-23,196,12,3162.23,1613.91
2020-03-18,333,84,1214.0,2473.5
2022-12-22,56,33,1799.11,1575.48
2019-06-06,126,58,4404.97,3609.74
2023-01-26,227,37,1310.58,1944.23
2021-02-06,68,31,1042.42,2142.93
2021-11-03,385,95,4126.91,5872.28
2023-09-06,185,46,1424.05,4377.55
2022-02-17,319,8,2119.89,4882.51
2023-03-31,231,30,3666.48,4514.47
2023-11-10,181,92,2368.61,5195.74
2023-07-18,146,38,2852.06,5387.22
2020-01-23,2,75,976.07,3477.87
2020-07-04,80,70,809.21,5670.79
2019-03-06,236,32,3431.65,1733.43
2020-02-17,220,67,1228.8,1715.11
2022-07-14,68,3,4718.36,2727.2
2021-06-21,181,15,4346.17,4710.74
2019-04-17,18,67,3009.98,1028.09
2019-12-25,374,50,3035.16,2264.04
2020-10-10,2,67,3787.77,4488.07
2020-06-04,315,45,4138.28,3567.38
2023-05-06,335,64,4680.54,2844.99
2019-06-10,286,13,3245.92,5247.62
2022-08-11,341,30,698.79,2308.69
2020-08-25,97,55,4169.43,2822.28
2020-01-03,147,70,3438.48,4660.04
2021-02-27,65,14,4259.18,3331.24
2020-03-14,375,61,3952.17,1029.93
2022-10-14,294,66,893.09,2351.3
2021-09-28,24,39,2809.24,3398.17
2020-09-21,91,25,567.11,4437.98
2023-01-03,73,21,1583.08,5574.25
2023-06-07,393,31,4507.63,5390.75
2022-08-18,151,18,1859.35,1755.52
2021-06-02,137,51,3057.89,5323.17
2019-01-24,223,53,3318.41,4770.0
2021-08-13,176,35,1941.74,1685.99
2023-03-14,17,2,985.88,4312.75
2019-10-25,224,64,4294.52,4089.68
2023-12-22,176,76,2319.81,1996.8
2019-11-25,141,39,632.11,1170.0
2022-01-23,269,25,2270.3,4660.33
2019-09-09,126,96,1583.14,3315.19
2020-03-05,321,65,2093.38,3205.63
2021-09-02,307,20,3247.98,2470.99
2021-09-11,185,43,3811.78,3258.82
2023-04-18,235,25,4480.86,4975.05
2019-07-03,48,91,3727.07,3198.49
2021-10-15,313,52,1245.45,1366.65
2021-01-10,358,13,3836.0,3360.39
2021-04-11,390,3,4514.46,5137.92
2019-03-06,287,6,1596.21,2079.96
2023-09-23,67,98,618.16,4093.16
2021-09-20,24,92,3836.03,3852.52
2021-11-19,356,42,1200.0,3044.79
2023-02-11,327,2,562.54,4113.86
2020-02-19,257,9,920.18,5660.62
2020-09-04,399,31,4207.8,2118.57
2019-07-11,388,1,3935.22,5144.11
2022-02-18,309,41,1507.74,1124.48
2020-11-02,336,86,1794.78,2327.33
2019-08-15,329,7,2848.3,5628.78
2019-02-11,67,71,755.71,4018.32
2023-08-03,384,17,4189.13,2682.16
2023-04-26,280,72,2893.89,1555.82
2021-10-23,17,5,2765.09,3931.45
2019-12-25,240,3,501.32,2350.77
2022-03-07,221,3,3238.9,3264.7
2023-02-23,250,2,1779.51,1478.99
2021-12-05,154,98,1309.31,3530.85
2020-08-31,395,73,2784.32,2026.0
2023-05-07,386,72,2168.35,2787.99
2020-01-16,94,13,4947.44,3711.75
2021-09-01,8,95,2208.83,4646.58
2023-08-13,109,72,531.63,1532.28
2020-09-01,369,16,1139.96,2468.81
2020-06-29,211,67,3694.78,3614.1
2022-09-04,50,92,1454.0,5678.58
2019-06-03,67,18,2779.78,2341.6
2019-07-19,373,22,4679.06,5810.21
2019-07-21,342,2,3583.54,2186.34
2023-11-15,181,61,2560.62,2856.67
2020-07-25,219,13,4420.95,4181.61
2021-02-21,287,85,3858.22,3184.27
2020-07-16,231,77,2182.22,2697.13
2021-03-20,222,28,805.74,3781.2
2020-11-15,276,81,3169.65,5935.63
2021-01-19,35,48,3922.13,5471.2
2022-05-02,70,75,1588.56,2710.82
2022-04-17,207,98,3036.63,2178.92
2020-11-24,367,95,529.23,5183.61
2021-07-27,146,83,3748.67,5038.2
2019-12-22,110,83,4247.84,5490.35
2022-11-15,95,50,1007.61,4496.64
2023-12-29,40,60,4409.26,4679.34
2022-01-05,290,57,1271.02,1728.85
2019-01-27,220,63,1660.87,2158.25
2020-03-25,300,40,1279.86,3568.02
2023-12-31,42,47,1588.14,2174.2
2019-09-29,181,88,4227.83,4135.24
2023-04-25,156,68,1161.08,3815.75
2019-06-05,329,85,4989.34,2369.67
2020-05-13,125,64,1882.65,3743.98
2019-08-07,216,33,4171.84,2623.8
2023-01-01,368,23,3316.94,4817.4
2022-09-17,363,21,4104.12,2435.95
2023-04-01,190,16,1852.66,4603.97
2019-06-08,360,40,3920.44,1537.22
2022-10-19,168,100,1229.19,5587.03
2020-06-22,397,4,557.19,4733.82
2023-08-18,294,60,1771.23,5694.18
2023-09-14,180,58,1081.29,3728.9
2020-09-15,235,22,2883.72,2860.56
2021-08-08,80,76,2300.39,3604.74
2021-02-25,379,12,1903.08,4460.1
2021-08-08,29,62,2670.33,2042.43
2022-09-12,31,62,2344.72,1202.72
2022-07-12,168,92,4035.44,4422.02
2021-05-15,88,86,4737.75,5417.55
2022-11-12,363,35,2021.62,3249.02
2019-03-10,19,97,887.17,5084.64
2023-10-26,346,87,2653.28,3394.26
2023-10-28,347,77,4401.95,3296.15
2020-04-30,70,12,2143.53,2165.09
2021-10-24,52,72,922.83,1210.65
2022-09-14,193,17,3165.81,5678.32
2022-06-28,99,65,4253.6,4278.1
2021-07-17,389,36,3740.57,2642.17
2019-10-05,31,34,2132.22,5906.97
2019-09-28,50,2,1429.99,1791.06
2021-07-04,275,18,4995.04,1626.72
2021-06-10,67,68,2450.24,1896.66
2020-07-19,389,98,727.95,4032.1
2023-12-07,372,81,1944.07,5465.31
2022-08-21,121,66,2001.07,3972.68
2023-09-29,350,75,4330.59,3169.85
2023-01-30,378,32,1570.16,3836.93
2023-01-15,235,61,2560.03,3494.96
2021-04-10,249,12,2821.84,3043.9
2019-05-18,131,100,3888.39,4020.1
2019-12-23,228,11,1764.86,5947.89
2022-12-26,394,23,4154.25,1621.31
2020-04-19,90,91,3842.5,5691.54
2021-05-13,252,46,3717.35,5343.66
2021-01-27,68,30,4127.37,3662.15
2020-10-05,207,76,4707.77,2755.52
2021-01-25,251,7,4453.79,5766.86
2020-10-26,357,73,4195.59,5839.36
2022-12-26,316,20,2475.18,3173.85
2020-08-06,325,78,2107.0,1239.41
2021-01-31,351,33,1214.16,1176.8
2020-07-18,77,34,1353.56,4022.55
2021-04-10,22,35,4646.98,2834.8
2022-07-17,33,15,3321.53,4872.18
2023-05-08,385,47,3501.28,3060.81
2021-02-25,262,43,2625.5,5246.75
2021-10-19,254,100,1012.44,3873.66
2019-08-12,266,73,3640.68,5911.85
2020-12-16,5,66,2311.32,4314.1
2022-10-01,56,83,2771.88,3121.14
2020-05-11,29,79,3804.07,4415.51
2021-07-24,358,26,2051.57,4975.64
2022-08-09,25,83,1650.25,5189.69
2019-03-05,291,99,1321.92,1287.88
2019-08-24,246,93,4183.88,3966.86
2023-11-11,171,66,3354.02,5588.79
2020-01-14,338,20,4461.72,2060.01
2019-04-14,81,75,1244.7,1023.74
2023-09-17,355,34,1968.92,5012.59
2023-05-19,250,68,1458.49,1238.41
2022-11-21,23,51,1918.23,3959.68
2021-11-22,67,81,4861.23,4735.45
2022-03-18,236,93,1964.78,2611.62
2020-01-08,279,26,1885.46,4559.93
2022-05-19,361,65,3085.13,3472.75
2023-05-03,292,83,639.86,4815.69
2019-04-19,240,54,2348.92,3482.0
2023-07-08,314,15,3812.48,1334.62
2021-06-26,144,58,4442.86,5903.58
2020-04-09,39,3,4803.14,4840.31
2020-06-13,162,30,4540.16,3293.12
2023-07-03,235,45,2116.87,3408.73
2021-07-31,61,88,4108.35,1644.61
2021-07-26,9,75,2024.36,2673.99
2021-08-13,293,60,4307.76,5341.91
2019-11-27,326,41,3461.65,5360.6
2023-08-01,144,54,781.5,5593.85
2023-10-03,205,38,4067.05,2409.6
2019-02-10,93,80,4730.58,3218.46
2023-09-25,334,56,4361.82,1785.48
2023-12-12,108,78,2170.82,2003.16
2021-06-23,126,71,637.12,5299.15
2019-08-30,150,3,2829.67,4093.3
2020-02-22,203,21,715.6,5202.37
2022-04-24,105,89,3237.13,3201.31
2023-08-02,351,11,1581.07,4918.07
2022-02-02,159,60,3510.01,3267.75
2019-09-12,225,1,2886.07,3674.59
2023-08-30,275,72,810.31,4899.69
2021-02-24,41,34,4035.94,3075.48
2022-04-15,208,68,1151.81,5751.74
2023-08-21,186,76,3527.96,4967.2
2019-04-03,376,55,2998.25,2968.13
2021-09-18,125,40,4362.44,1824.16
2020-01-05,361,3,1404.22,2279.4
2019-02-05,375,39,4617.07,3833.12
2021-03-10,351,55,2082.6,2082.95
2020-08-28,23,75,3873.87,5205.88
2019-12-19,84,61,4416.2,3472.24
2019-08-18,99,89,4320.61,2349.83
2023-05-16,17,33,1245.77,1667.04
2023-06-11,270,47,2182.98,5636.19
2021-02-23,320,41,4129.75,1204.11
2022-10-04,218,69,3340.44,2646.79
2022-03-24,135,59,2930.27,4032.28
2022-04-08,11,73,1937.76,5859.0
2023-06-18,146,78,2844.22,2638.39
2021-06-09,61,71,1085.96,1558.62
2020-12-02,265,24,1975.05,1681.54
2023-04-26,216,43,899.03,4113.08
2022-05-10,312,97,3990.43,3182.4
2023-06-01,113,95,1377.68,4364.95
2022-05-18,389,29,850.75,1271.49
2021-02-15,352,16,1009.49,5186.69
2022-09-22,215,69,4144.33,1160.54
2021-05-02,368,20,2924.21,4550.78
2021-01-31,283,72,4299.21,1435.95
2019-12-27,96,80,3960.22,5468.4
2021-06-12,143,27,3903.18,3683.38
2019-05-07,112,75,2484.81,2675.53
2023-02-25,329,82,4316.1,5282.86
2019-06-03,189,46,1630.67,5040.76
2021-09-11,240,12,1329.77,3721.18
2023-05-19,127,30,562.74,1926.92
2022-06-02,294,58,4895.06,2057.64
2021-10-31,172,57,3181.31,3133.42
2019-10-19,101,2,3972.55,1535.06
2022-12-15,262,4,2525.35,5542.1
2021-12-17,181,99,872.33,5611.12
2019-09-14,382,60,924.82,5642.47
2023-12-27,108,74,1187.72,1103.59
2023-02-04,144,71,3220.46,3506.03
2022-06-30,341,67,2095.6,4996.58
2019-09-15,380,32,3452.91,4233.65
2021-07-20,243,27,2315.52,3118.45
2022-01-30,155,98,4614.94,2082.01
2021-02-12,58,18,4777.03,4888.3
2019-01-22,63,68,650.6,1074.37
2019-04-16,169,25,3975.41,2244.99
2020-09-18,89,79,4862.81,1945.52
2023-04-14,353,1,3262.68,1428.83
2022-10-12,71,50,2110.05,1630.02
2019-12-16,69,48,2473.06,4607.74
2022-05-03,233,28,3367.1,2670.44
2020-12-16,131,88,3717.39,2803.03
2020-11-06,386,4,1684.25,4209.06
2019-09-07,55,87,4316.52,4572.42
2021-02-09,101,99,3978.9,5627.99
2021-09-11,25,23,3331.95,5885.47
2022-09-22,209,40,2917.22,3153.72
2021-01-03,80,30,858.21,3002.24
2021-07-29,358,27,4713.26,5631.1
2022-12-30,106,51,3223.05,3453.42
2023-01-28,392,66,4982.72,3169.43
2019-09-20,64,97,1440.03,5113.97
2022-06-02,377,41,3931.12,1996.76
2019-04-24,372,14,677.47,2266.12
2021-09-04,192,34,4797.98,3621.14
2020-03-27,242,65,4945.52,4349.08
2023-06-24,90,56,2311.16,4211.35
2023-06-28,50,19,2313.58,2021.1
2023-02-12,110,56,3491.67,4475.87
2023-11-15,153,14,1284.99,3378.75
2020-12-14,172,85,1343.5,3712.58
2021-02-07,271,19,1332.76,4000.98
2020-05-29,252,73,2019.79,3474.63
2020-04-07,278,68,978.27,4150.96
2022-08-29,282,59,1527.95,3474.16
2022-08-05,276,87,668.72,2261.19
2023-10-02,371,57,2245.51,1368.77
2019-11-08,12,51,989.78,2741.62
2021-10-23,244,5,1269.52,5243.6
2023-03-19,164,40,4086.29,3148.95
2019-11-20,341,54,2816.11,4971.68
2023-02-10,277,81,3499.72,3277.98
2020-04-21,146,39,2871.03,5694.22
2020-06-06,320,87,2702.98,1896.66
2023-03-19,166,29,2724.32,5156.96
2022-02-18,9,40,1738.37,5466.43
2023-05-18,136,48,4002.36,2508.84
2021-08-29,213,68,1496.0,4212.42
2020-08-23,242,34,3921.86,1744.58
2019-07-13,230,40,3090.24,1030.41
2023-12-28,156,25,560.06,2678.57
2020-08-06,259,27,4002.18,1308.15
2022-09-27,93,23,2466.3,4685.16
2023-11-29,373,36,1829.54,2125.84
2023-08-19,11,39,2397.85,5293.15
2021-11-17,318,55,3070.33,4928.67
2022-10-01,151,3,1971.8,1396.7
2020-11-11,198,14,2065.78,4560.89
2021-07-23,164,62,2241.65,5795.0
2020-09-06,129,83,2333.98,2738.09
2020-11-19,73,16,2654.29,4001.35
2020-05-12,343,88,2544.23,4796.55
2021-11-14,246,94,1823.72,1803.12
2021-09-22,352,53,4557.67,1746.32
2022-10-14,102,12,1034.79,5450.21
2020-07-12,382,41,2054.52,5712.31
2023-02-16,130,95,4603.98,2147.6
2022-02-23,117,31,3765.1,2742.69
2020-01-11,172,52,3990.46,5151.71
2020-11-01,234,87,559.13,2902.05
2019-12-29,189,94,2438.59,2819.87
2021-10-07,237,88,4378.51,2274.16
2019-11-16,379,31,2318.01,1511.31
2022-10-20,96,90,3130.19,1075.94
2019-05-16,74,85,4885.64,1803.61
2019-12-23,233,70,4788.91,1806.28
2023-10-28,397,38,1410.63,5380.85
2022-08-25,278,26,2236.35,4421.24
2019-12-22,212,57,3110.51,2681.76
2020-05-31,385,50,1710.23,2149.34
2023-07-15,191,22,4915.11,4572.62
2021-08-13,75,44,3274.31,4665.28
2020-10-08,260,19,2793.51,2998.25
2020-03-16,292,23,894.42,3315.55
2019-07-17,135,11,4569.68,1989.78
2019-11-13,183,99,2189.09,5511.52
2022-08-30,305,84,975.79,2937.72
2023-02-23,267,12,1157.21,1240.33
2023-06-17,104,38,4770.65,4736.45
2021-06-09,67,96,792.87,2973.27
2019-10-09,99,43,936.1,4950.93
2023-04-29,225,37,1923.73,2123.98
2023-01-15,83,84,777.78,2744.14
2023-02-09,282,96,1906.93,4440.15
2022-12-05,130,6,4905.37,1009.49
2023-06-12,321,46,504.51,5523.24
2023-05-12,141,44,4028.29,5317.09
2021-01-17,75,42,802.1,3760.88
2019-12-20,139,6,3665.1,2251.95
2023-05-10,341,25,2554.16,2902.46
2022-02-03,299,77,2517.7,1529.63
2022-11-30,35,22,649.27,2045.06
2022-05-04,119,36,2481.9,4880.22
2020-08-20,127,78,3185.85,1465.68
2020-12-23,59,13,4318.72,5541.73
2022-12-22,31,53,3115.97,2390.46
2020-12-25,178,4,3666.6,3473.99
2019-02-03,335,44,3107.34,2618.54
2022-01-28,399,22,4503.0,1127.21
2023-10-25,178,44,4024.93,4803.23
2021-02-12,96,73,4582.57,4293.96
2023-11-17,71,89,4195.27,3335.71
2019-04-06,290,2,1393.73,4613.13
2022-01-17,138,52,951.51,2012.97
2022-03-06,104,32,3352.98,3372.85
2020-04-12,251,50,1117.84,5241.23
2020-10-11,342,59,3531.98,5970.87
2020-11-06,160,38,4548.74,1964.29
2019-11-21,326,29,3633.02,3673.51
2022-05-03,130,72,3216.9,2410.15
2019-04-08,105,18,4812.49,5374.96
2021-06-07,129,57,1960.18,5679.13
2022-01-09,345,20,1161.25,1622.51
2021-10-11,338,41,4710.13,4347.19
2023-11-07,297,38,2545.0,1746.03
2022-08-07,280,9,1796.55,2531.8
2019-12-29,392,83,1436.87,2940.32
2022-04-10,320,100,981.11,3654.76
2021-07-16,28,36,2792.91,4939.49
2021-10-24,77,61,1068.73,5823.9
2022-10-16,230,15,2815.69,4247.51
2023-11-14,142,36,3201.4,2824.49
2020-04-28,314,35,3009.88,4642.39
2022-03-17,35,77,1711.9,5066.77
2022-05-02,207,81,4514.9,2096.66
2021-10-25,242,29,1756.77,4514.41
2021-12-21,393,35,2294.11,5278.24
2020-03-31,30,11,2328.66,3129.69
2023-06-16,209,78,4352.08,5143.66
2020-09-19,85,53,4623.77,3094.04
2021-02-01,168,34,4271.03,2435.74
2022-01-28,371,15,3748.48,5820.98
2019-06-07,277,92,1153.44,5188.95
2020-06-12,64,91,4167.17,1771.65
2023-01-02,149,9,2922.72,1787.5
2022-01-12,27,1,4547.48,4341.13
2023-11-15,177,99,2976.76,1308.78
2019-08-23,234,22,1344.13,2056.76
2022-04-28,285,100,3003.29,2605.87
2021-10-07,207,90,3719.72,1549.64
2023-09-22,121,72,4621.54,2074.22
2021-08-24,358,51,534.48,2482.41
2019-11-02,96,54,925.39,2632.36
2023-10-17,3,91,2478.86,1256.55
2021-07-18,180,18,3837.27,1456.19
2021-10-07,282,8,3929.84,1189.34
2020-01-09,97,59,3645.25,3233.87
2019-01-27,278,6,2613.43,5045.13
2019-12-09,41,22,2579.02,2051.33
2019-10-31,137,74,2246.56,2725.01
2021-03-15,34,29,1642.86,1441.32
2022-06-09,339,73,1367.44,2268.23
2022-06-01,340,69,925.38,1197.08
2023-08-11,160,74,1325.69,1039.29
2020-04-27,212,6,3637.38,5351.6
2019-05-23,274,65,2169.72,1294.11
2022-01-02,361,92,3715.9,4896.06
2020-09-15,267,97,4895.57,5090.05
2021-11-08,272,39,4828.85,3981.23
2020-08-18,72,84,4984.71,5072.87
2019-04-14,3,70,1758.51,3002.02
2020-12-10,310,96,546.07,4720.05
2019-01-09,48,94,2113.81,1159.32
2021-06-12,27,83,1517.99,1336.4
2021-08-18,160,38,1709.35,4610.92
2023-05-14,318,69,1058.82,1907.42
2021-07-06,303,76,2278.6,1975.21
2019-08-14,326,10,576.18,2618.16
2023-07-16,248,42,2961.15,3229.0
2019-12-30,155,23,3143.02,4087.42
2023-10-19,72,55,2395.21,2271.01
2020-10-20,383,25,4712.4,5438.84
2022-03-21,152,44,3813.32,2902.31
2021-07-21,144,61,3441.84,3413.23
2023-03-15,333,17,661.78,2597.13
2021-12-22,112,4,1615.75,5357.34
2019-11-27,23,96,747.32,5367.55
2022-08-15,217,55,4073.18,1079.04
2023-06-25,102,24,4683.07,2877.58
2022-04-16,158,91,4930.52,3537.35
2022-02-15,337,41,4807.95,4315.13
2021-07-24,22,90,656.32,4634.39
2022-06-08,136,57,4809.16,4634.66
2021-09-10,218,52,2089.14,3626.35
2023-04-25,56,55,4816.99,2922.86
2019-12-22,61,11,4810.43,2419.47
2020-06-07,109,78,2260.81,4714.36
2020-04-01,188,71,3135.85,2811.98
2023-05-16,354,93,4091.55,2337.09
2019-11-03,101,30,4783.3,1173.38
2023-12-02,180,61,1628.83,3547.32
2023-06-04,376,25,506.96,4559.65
2019-12-14,208,60,3788.26,4424.79
2023-11-19,277,17,4245.12,2150.01
2023-07-25,68,79,4506.69,5219.87
2021-07-12,86,50,2990.27,5231.75
2022-01-29,167,25,4497.97,5659.93
2023-08-15,41,82,3906.04,4269.55
2020-03-05,292,56,2753.13,4717.81
2019-07-07,289,46,2207.95,1207.22
2021-09-22,207,73,3445.9,2241.28
2023-07-22,389,23,4652.07,5545.93
2021-12-30,258,39,3484.65,2046.69
2021-07-20,346,53,3905.55,3365.62
2022-11-26,198,58,3743.78,1996.34
2020-04-15,275,58,4345.96,1773.4
2023-03-19,269,61,1752.91,4766.42
2022-03-31,228,53,2694.95,2734.81
2019-10-25,27,32,4173.87,2450.57
2022-09-09,279,81,2543.68,2518.3
2020-05-02,194,23,4978.36,2822.36
2022-03-02,97,50,3731.72,3711.6
2021-03-02,22,72,2935.58,1421.39
2020-06-20,379,19,2477.15,3700.44
2021-11-15,15,53,785.25,4565.02
2020-12-12,364,86,4914.77,5063.48
2020-04-24,56,55,788.71,3653.71
2019-01-06,267,86,3698.16,3329.75
2021-06-28,137,9,2841.44,2640.59
2022-12-06,205,100,4870.78,4433.8
2021-06-01,281,99,1703.84,3122.16
2022-09-03,274,57,2375.23,5403.3
2023-03-21,294,14,2644.39,3544.3
2023-05-22,289,67,3652.64,1698.16
2021-05-03,186,78,3659.21,3929.23
2022-04-13,378,86,2845.55,2387.71
2021-09-30,380,84,1410.77,5025.58
2022-04-08,76,22,4909.49,3130.38
2023-09-06,231,12,2099.11,2783.52
2022-05-22,264,43,3898.71,4671.28
2021-02-05,121,58,924.61,2024.75
2019-03-15,344,27,4688.09,1873.65
2022-08-21,347,56,2185.09,3903.1
2023-11-09,63,85,787.72,4392.07
2022-04-19,369,96,2339.77,3700.47
2022-08-24,25,81,1114.12,1509.67
2021-03-09,348,13,2262.3,2833.91
2020-02-08,329,34,1828.25,2586.99
2021-10-23,121,54,3394.26,1576.84
2021-02-01,152,26,2613.83,3456.66
2022-11-24,218,78,969.26,5654.07
2022-08-23,383,64,1599.15,2927.84
2019-11-15,313,58,2237.97,1585.64
2020-08-23,339,81,4428.65,2466.64
2022-09-29,334,52,1983.25,4737.88
2023-04-15,354,69,4886.7,2293.1
2019-07-15,174,98,4549.02,4509.03
2020-09-21,54,37,1454.77,4798.42
2022-01-26,58,14,4371.2,4960.01
2021-04-14,361,65,630.09,2622.8
2023-12-26,42,70,4820.21,3526.45
2021-09-09,117,21,3924.45,5691.19
2022-05-22,151,70,1735.24,3803.3
2020-03-24,167,84,3203.81,5685.65
2022-05-24,105,9,2010.29,1365.87
2020-12-14,382,28,4249.71,5220.37
2022-08-17,144,55,1109.66,2012.44
2022-03-18,348,59,4383.13,5981.43
2021-01-05,344,1,3578.11,2137.47
2021-09-08,278,11,748.91,4138.5
2022-05-29,42,43,1824.04,1571.47
2019-09-21,287,84,630.64,3616.16
2020-06-05,292,88,793.98,1747.03
2021-02-27,399,1,2500.15,1142.75
2020-01-17,60,22,1191.45,5825.89
2021-08-12,399,3,1714.65,1806.96
2022-11-27,78,3,1492.39,3051.39
2019-03-01,145,33,645.94,1497.9
2021-07-31,222,22,3147.01,1720.1
2023-12-18,267,60,736.48,5840.59
2019-08-26,67,75,1679.68,2060.55
2021-05-02,216,34,1846.58,2457.31
2021-03-11,240,54,3933.11,3092.17
2022-05-01,149,98,4482.12,3023.41
2023-11-02,27,69,3304.56,1499.73
2021-06-21,132,44,2021.77,3965.34
2023-07-01,106,25,929.81,1386.14
2021-03-13,319,85,3277.42,2040.79
2023-07-03,277,32,2920.49,5754.22
2021-04-07,271,29,3479.01,5357.53
2022-05-18,309,53,2416.01,3814.14
2019-11-27,20,21,4552.83,3286.72
2020-11-19,176,39,4621.77,5450.02
2023-04-13,313,14,2895.12,2890.99
2021-08-15,21,13,1073.61,1077.08
2023-08-28,228,5,3370.86,2112.03
2023-01-18,131,12,4883.41,5639.52
2021-06-26,360,99,2902.46,3286.21
2023-10-29,181,97,4802.19,4736.95
2020-01-27,50,90,4052.04,3881.58
2023-10-08,257,85,977.27,2947.09
2020-12-19,56,60,2708.38,5245.1
2020-09-25,344,71,3937.8,4304.17
2020-08-01,195,17,4832.15,3471.85
2019-11-02,385,66,4453.98,2164.34
2022-07-19,208,15,1116.77,2131.76
2019-03-26,103,50,3557.75,4693.37
2020-12-11,334,90,2035.97,5865.33
2019-01-31,66,17,1303.38,1731.19
2022-04-14,51,52,4603.37,2719.54
2022-09-05,213,56,3745.77,3724.79
2020-06-11,311,44,2350.16,5898.52
2019-05-13,205,1,1634.89,3263.1
2019-09-09,297,45,2640.87,1939.67
2019-06-30,161,61,1486.85,1665.03
2023-05-26,152,7,564.05,1963.04
2022-02-12,382,2,3696.13,5961.24
2023-12-05,121,82,931.9,1569.78
2020-11-17,2,7,4569.33,2653.13
2019-02-03,165,74,4139.02,1620.0
2021-10-03,256,94,4568.87,2430.97
2021-01-19,330,69,4809.41,5554.31
2023-01-24,294,16,4515.85,2887.52
2019-09-11,185,83,4715.38,2637.63
2023-02-23,252,79,3393.59,5929.42
2020-01-30,376,31,2788.01,4671.11
2019-11-12,178,84,1209.06,2836.09
2020-08-31,22,66,4787.19,5715.13
2019-12-08,360,73,4134.91,3209.05
2023-05-15,163,59,933.47,4830.6
2023-02-12,80,10,1339.89,5340.62
2021-01-28,368,7,2576.94,5710.81
2023-12-15,267,26,2405.74,2028.44
2020-07-04,90,2,2002.57,1146.07
2019-05-17,14,33,4946.18,5720.99
2023-04-14,385,60,1314.53,5619.46
2022-07-25,77,60,1714.93,2402.77
2021-01-25,184,5,1148.53,5696.29
2022-11-21,355,56,3060.78,3833.07
2021-08-22,59,32,2770.69,4046.6
2020-12-16,301,27,4972.34,2346.09
2023-02-25,282,45,4570.63,3545.1
2022-07-18,81,23,2498.81,2800.39
2019-01-14,128,69,2304.4,4431.77
2020-05-25,105,55,4766.25,3078.31
2020-09-21,73,57,3038.5,5207.72
2020-05-29,14,38,1939.45,3600.85
2020-07-21,278,25,2863.62,1224.34
2021-01-16,115,100,1357.97,2867.21
2019-04-05,162,81,4824.9,1253.36
2022-08-07,359,28,4215.52,4234.63
2019-07-05,345,44,4032.07,3582.18
2021-10-16,354,85,2110.56,1885.04
2023-02-04,350,90,4381.57,3861.0
2020-11-07,257,73,3107.94,2481.31
2021-10-16,340,16,2544.79,1477.19
2022-09-01,131,26,2887.18,4521.42
2020-06-20,392,94,682.67,1422.79
2022-06-17,381,90,943.26,4717.45
2020-02-27,111,100,1734.48,4994.76
2022-12-09,82,55,2325.88,5079.53
2023-06-24,180,23,3048.74,2294.02
2022-04-13,250,78,3722.68,5075.84
2020-09-01,94,13,4379.1,4902.59
2023-05-29,79,23,1586.77,3675.5
2023-02-25,147,76,2535.64,3899.78
2021-10-16,270,51,2010.82,1893.6
2022-11-13,208,80,1382.84,2266.73
2021-11-10,299,84,728.35,4734.26
2019-01-01,347,3,3870.35,5537.04
2021-07-27,365,94,1595.87,3239.1
2019-07-22,375,79,3489.61,5060.69
2020-08-23,374,25,2220.51,4215.41
2019-08-19,322,77,4108.73,1823.98
2020-01-20,157,10,1875.14,1079.95
2019-08-08,255,88,4056.41,3201.36
2019-03-22,400,35,2646.74,3689.78
2023-06-25,9,5,2815.43,1968.8
2023-06-20,321,33,1029.2,2997.97
2019-07-17,26,94,3688.75,4898.92
2019-02-24,20,57,4534.26,2751.35
2019-04-26,170,6,2968.79,2301.04
2021-05-11,334,61,3490.69,3874.61
2022-05-26,61,58,1623.5,3277.86
2021-01-31,126,36,4279.82,4223.89
2021-11-29,88,55,3252.88,4297.22
2020-01-28,298,90,1224.68,3664.73
2021-09-17,234,91,1798.45,1530.63
2019-02-10,85,75,3142.09,4504.81
2020-09-26,272,64,4487.11,3480.27
2023-01-04,368,1,3206.58,1960.88
2019-12-31,317,31,2403.27,2559.55
2020-02-10,351,45,3492.26,1114.89
2023-07-20,315,67,4384.04,4770.12
2020-10-31,265,74,3555.57,2390.44
2020-01-22,96,20,1544.3,3315.95
2021-07-24,19,42,3090.24,5673.03
2021-03-23,90,68,2614.3,5126.39
2020-07-16,197,30,990.17,3169.29
2019-12-16,189,45,4459.56,1878.4
2019-08-16,399,27,4369.41,4399.66
2021-04-01,281,45,1415.39,5377.06
2019-05-06,313,96,3958.11,5136.84
2020-03-27,250,5,940.59,1785.52
2022-01-28,140,4,3334.05,3245.6
2020-04-25,48,57,1782.21,2383.0
2022-05-08,80,98,4105.77,3344.1
2023-11-07,319,62,3893.61,1215.56
2020-02-13,254,87,2075.77,3809.86
2022-12-11,280,18,4935.72,3862.95
2020-06-07,85,21,1907.48,4799.5
2020-01-08,46,2,1997.63,5154.54
2021-03-02,52,71,884.43,1291.48
2022-11-09,322,35,1841.79,2039.17
2023-08-31,178,37,1415.63,3683.1
2021-02-11,122,78,4627.02,5191.94
2019-12-30,230,57,722.21,4743.39
2022-09-07,235,41,706.7,3189.41
2020-02-19,238,97,4407.03,4559.73
2019-10-01,342,22,2129.24,5964.22
2022-01-09,251,40,2365.67,3011.34
2019-03-18,268,58,3163.43,1086.11
2020-08-04,149,73,1711.11,4557.79
2022-11-02,11,59,3402.86,3571.39
2021-07-22,299,13,2350.95,4271.18
2023-10-29,74,36,2050.09,4993.07
2023-10-21,337,63,1874.22,1711.74
2019-01-22,62,87,4314.19,3297.25
2021-02-25,364,16,1154.66,3979.84
2020-04-10,112,27,2344.1,5661.39
2020-12-05,225,5,2064.8,1768.31
2022-06-11,293,2,629.09,4297.35
2022-05-29,249,75,4269.82,5145.28
2022-01-15,220,37,1482.91,3630.59
2022-11-09,313,64,4724.79,3356.25
2020-02-15,1,92,991.11,4445.74
2021-09-16,337,72,4849.29,4241.83
2023-10-17,279,20,1431.42,4178.79
2021-05-09,180,30,1327.74,4556.09
2019-02-15,67,25,3496.74,5069.69
2021-05-13,347,29,3725.57,2095.87
2020-11-17,177,18,4055.23,4731.54
2020-05-06,294,35,2405.98,3156.17
2020-01-20,228,30,967.07,4393.74
2020-12-27,161,84,2624.45,3658.18
2019-09-21,154,94,1800.21,1367.54
2019-01-30,104,62,2282.8,2631.08
2020-04-15,244,1,1459.77,4007.66
2021-12-02,21,64,1291.14,4351.03
2019-11-14,236,11,3618.27,5389.22
2023-07-05,268,54,733.6,4712.89
2021-11-06,209,75,1612.61,1807.12
2021-01-31,238,63,1569.55,4119.75
2023-12-24,283,65,1886.55,1037.48
2021-07-04,94,65,1128.3,1470.0
2019-08-12,51,5,3646.57,4849.97
2019-02-18,58,32,3257.56,5706.63
2019-11-16,384,65,1737.58,5214.02
2022-01-30,86,89,3091.92,3274.49
2023-07-21,392,80,3720.27,4859.68
2019-08-12,74,2,3096.02,1864.21
2022-09-03,194,16,3035.68,5156.99
2020-12-30,268,33,1817.95,2584.05
2022-01-04,316,97,1600.55,3005.68
2019-11-21,265,69,2258.74,4511.13
2021-04-23,203,65,4492.47,5901.15
2019-01-20,144,42,3056.75,2319.64
2021-09-05,49,53,3564.06,2052.91
2022-11-11,68,82,1357.68,3537.12
2023-10-29,69,99,1582.27,2608.48
2020-10-08,241,94,3903.37,2601.16
2022-07-21,258,56,3474.25,1048.24
2020-07-22,246,61,3974.74,2812.05
2023-12-31,236,18,4005.2,1098.51
2019-01-08,131,19,700.67,1574.8
2020-06-13,307,38,1420.02,4564.47
2020-10-12,64,69,3548.4,1406.49
2023-07-27,64,26,1258.15,2230.78
2019-07-03,293,23,3798.02,3399.47
2021-02-12,17,13,1875.91,4136.51
2019-12-06,103,88,1550.64,3432.91
2019-09-14,122,92,4834.68,1336.77
2020-09-28,141,1,1866.95,1327.08
2021-07-15,107,31,898.93,2885.81
2021-10-25,180,98,769.35,3449.65
2019-01-24,356,56,3908.36,2085.59
2019-08-23,89,95,3193.74,5116.31
2019-08-06,283,13,4993.22,4103.37
2022-06-28,38,66,511.58,1919.56
2023-12-31,266,44,4142.39,2834.96
2022-05-09,208,64,2698.4,3348.18
2022-03-04,24,3,3789.54,2797.8
2020-06-21,175,44,1806.19,2791.53
2020-01-23,366,30,4033.36,3826.26
2023-09-01,129,81,2835.41,1624.52
2022-04-03,249,72,2392.24,1695.5
2019-06-19,170,60,2947.02,4756.31
2022-04-22,66,68,1390.74,5097.88
2023-03-10,374,14,3460.01,3004.79
2019-09-25,391,64,782.62,3578.59
2019-05-09,355,81,1197.04,1696.18
2021-04-22,86,81,3500.8,1297.74
2022-02-27,62,11,600.42,5784.99
2020-12-09,367,3,4787.31,5845.63
2022-07-26,274,83,2281.88,3438.88
2021-09-10,399,33,1468.04,3966.47
2022-05-11,107,57,2767.8,5104.95
2023-07-21,344,55,4696.46,2784.54
2021-12-16,300,75,4261.84,4086.05
2019-02-03,119,7,4429.51,1576.3
2021-05-11,390,66,2617.01,2145.02
2019-02-25,65,77,3509.25,4829.5
2019-09-30,325,36,4904.09,3879.7
2021-10-01,234,34,2342.79,4668.11
2019-07-15,381,89,1762.63,2306.4
2019-10-03,276,72,3280.87,2651.61
2020-10-20,78,4,4593.7,3089.32
2019-02-28,307,31,3929.16,2688.02
2019-06-10,394,24,677.66,4944.84
2023-07-06,373,49,2645.92,5786.65
2023-02-02,75,53,727.36,1030.06
2023-10-16,151,72,3336.88,1719.66
2022-08-13,193,57,577.52,4295.12
2019-02-15,25,6,3107.92,4743.53
2019-01-30,332,91,4376.19,4377.96
2023-05-13,65,72,4635.04,4937.33
2019-08-08,315,77,4474.4,1918.18
2020-09-05,166,49,4664.74,1364.34
2022-10-23,301,55,4037.15,1588.38
2019-10-13,378,83,1433.65,2290.31
2020-02-17,208,18,4621.32,2395.75
2019-10-23,285,19,3260.68,4099.81
2021-07-22,343,37,1274.79,5105.2
2023-11-21,334,68,1710.59,5471.07
2023-10-24,15,86,2777.63,4296.82
2021-04-20,97,67,3539.79,4762.52
2021-05-30,375,16,4474.3,2509.27
2019-09-13,180,61,3182.85,2176.38
2022-10-31,351,51,2578.81,3954.75
2022-11-23,228,64,4385.54,4734.9
2020-08-31,278,90,4222.65,4703.17
2023-03-26,385,97,1025.15,2916.73
2020-02-28,280,49,2087.78,1873.13
2020-08-12,98,20,3454.68,2754.14
2023-06-17,106,33,3596.03,5420.38
2020-07-29,345,75,2184.22,1688.04
2021-03-26,247,14,2176.46,3068.18
2022-06-10,340,26,3004.0,5609.91
2019-03-27,180,71,4980.12,4313.41
2021-01-28,200,21,1567.17,4971.82
2019-10-08,35,84,2237.07,3783.49
2019-03-02,329,79,894.12,5485.72
2022-09-23,67,24,2624.07,2489.24
2022-04-24,235,89,2171.88,4110.21
2021-07-21,346,35,4796.43,4151.04
2023-03-08,379,49,1969.88,3161.16
2019-11-28,362,19,1306.27,4878.59
2023-12-30,338,17,2271.96,2429.91
2023-09-28,386,24,1335.56,1611.81
2020-06-08,312,9,2774.25,1224.03
2023-10-18,162,52,1113.89,3205.56
2023-01-01,58,10,3090.86,3613.31
2022-05-04,67,5,4435.03,1890.01
2019-03-21,282,14,2810.77,2224.19
2022-05-08,40,34,2275.53,3747.43
2020-04-29,158,87,1781.12,1401.28
2019-06-21,102,19,3691.4,1794.27
2021-09-25,150,49,4310.5,1445.55
2021-12-20,256,82,920.65,5386.45
2023-01-06,361,61,2976.58,2372.53
2022-01-14,31,99,3422.47,5363.12
2022-07-15,228,3,4217.14,3553.64
2021-05-29,42,51,3791.06,5466.3
2022-11-17,141,49,3263.9,3067.55
2020-11-18,134,76,4821.27,3390.65
2020-01-02,329,83,696.54,1773.99
2023-10-27,265,70,4064.5,2223.18
2021-08-09,395,10,1843.33,3988.89
2023-06-15,216,76,3308.66,5196.46
2022-10-26,256,10,3640.59,1389.41
2021-10-03,205,59,4418.46,1940.25
2020-06-11,272,71,3699.52,2013.35
2020-10-10,59,14,2575.61,2333.46
2023-11-13,127,75,2965.14,3282.53
2019-08-28,187,31,4747.35,3142.74
2020-10-03,16,84,3085.55,1236.41
2019-05-31,267,38,4425.37,5845.46
2019-08-19,287,100,4493.32,1476.15
2020-07-23,120,69,3164.32,3968.34
2021-04-23,82,17,2174.49,3928.27
2021-06-11,8,60,1310.32,2835.17
2019-12-10,159,23,927.89,3379.15
2020-10-28,177,19,1327.32,3998.06
2020-02-16,71,5,1174.63,5077.14
2020-06-24,56,49,1320.03,3420.03
2022-05-27,324,8,3503.22,1023.35
2019-10-15,342,72,4148.92,3783.31
2021-11-06,157,25,1267.83,4109.92
2019-10-27,213,33,2781.02,2820.54
2019-11-03,117,85,2495.79,5037.98
2019-02-04,71,13,1856.66,2878.84
2019-11-25,203,77,1524.52,1290.33
2019-05-03,20,24,4597.55,1077.05
2020-04-03,159,5,3022.97,2394.4
2020-01-28,159,38,4690.38,1764.13
2022-11-30,275,99,3333.35,2128.54
2022-08-18,280,52,3241.7,3574.98
2022-02-24,10,9,659.55,2835.31
2022-05-30,184,17,1226.3,5588.15
2021-09-09,197,31,4187.31,4026.91
2021-05-22,214,36,2870.13,1861.44
2023-08-14,168,83,4647.8,3080.17
2019-09-03,13,75,2134.77,4565.41
2022-04-15,289,6,3385.61,2440.21
2022-07-04,74,41,4416.21,3895.89
2019-02-09,335,78,1078.85,5388.25
2019-11-25,232,88,4513.62,2523.11
2023-10-13,304,80,3692.42,4567.15
2019-01-26,13,75,1175.88,2443.0
2021-09-09,322,31,4887.5,1301.03
2021-06-16,384,40,3313.92,2286.98
2020-12-17,121,31,4571.62,1138.75
2020-09-11,211,71,3827.47,2923.79
2019-07-09,192,70,1488.11,2769.94
2021-06-08,148,44,2482.7,2066.66
2019-04-14,129,36,4980.01,2477.25
2019-11-01,56,7,1170.05,5679.36
2022-01-23,325,63,1038.85,1791.78
2021-03-17,74,5,3459.85,4024.17
2023-01-03,360,85,1987.63,1392.94
2021-09-25,331,63,3434.45,4053.88
2021-03-19,8,14,948.41,4302.43
2020-07-20,106,7,1175.95,2707.86
2022-11-24,372,17,1028.94,2989.11
2022-02-07,155,14,4997.87,5990.64
2021-09-12,242,44,2591.16,1230.5
2022-02-07,223,71,3919.59,1412.87
2023-01-04,204,66,3482.39,5031.94
2022-03-24,112,59,3710.5,4887.43
2023-04-21,171,63,2855.4,2876.2
2020-07-08,243,22,1396.56,5256.77
2020-07-31,251,85,3321.95,3161.37
2019-12-03,337,65,761.67,2826.53
2021-03-21,89,16,1864.32,5488.28
2019-03-05,49,76,2092.64,4926.08
2022-05-22,117,67,2157.52,5893.37
2019-05-14,88,26,628.68,5226.26
2021-03-20,291,10,2321.74,5706.35
2019-02-20,399,83,3005.04,4830.3
2022-01-22,355,63,2505.67,1761.52
2019-11-02,222,34,3711.99,2041.77
2020-07-02,364,46,2409.33,3367.76
2019-05-25,75,12,4038.81,2421.0
2021-10-12,144,31,4814.02,3497.78
2023-02-14,234,21,2633.79,2450.31
2019-05-17,88,80,1147.39,5098.56
2023-06-02,115,100,4256.26,3844.86
2023-04-07,247,25,4138.28,5374.45
2019-09-03,24,16,1331.26,3748.22
2020-07-11,282,36,3966.0,2574.04
2020-06-08,343,86,2784.03,3758.43
2023-01-24,132,1,3067.4,3412.96
2021-03-07,88,25,1903.0,4635.72
2022-05-07,106,15,2439.63,5093.33
2020-11-04,14,20,579.37,1169.48
2021-07-05,270,7,1135.29,3637.6
2023-09-03,383,31,2348.49,3529.66
2020-05-12,380,76,3354.25,3947.17
2020-09-28,62,89,4927.5,3825.84
2020-09-28,140,57,4502.58,5416.25
2021-06-19,181,88,2662.98,5532.47
2022-06-18,27,10,1930.73,5174.47
2022-03-31,275,27,4351.04,4591.28
2021-11-15,102,11,1844.32,5697.73
2022-06-01,94,2,3681.07,3719.5
2022-10-10,219,52,4862.96,4025.56
2020-02-15,378,36,2962.49,1442.49
2021-08-29,222,77,1041.7,4334.47
2022-12-26,272,59,4082.03,2611.41
2022-06-02,276,3,4658.53,2857.01
2021-01-29,156,63,3953.45,5217.77
2020-08-17,358,1,4191.56,1598.45
2020-02-05,245,62,2961.67,3958.91
2021-05-20,330,41,1322.65,1119.23
2019-07-03,146,22,2270.43,2859.31
2021-08-22,8,67,4239.37,5847.52
2022-07-22,219,57,4685.13,2047.76
2023-04-02,387,1,3529.67,3882.68
2019-06-19,346,79,2918.67,4130.16
2019-07-10,227,68,3824.74,1395.51
2019-02-16,387,49,2026.68,5990.64
2019-11-26,83,47,2984.36,4445.21
2022-09-09,152,79,3930.38,2790.48
2019-07-11,315,8,790.12,4524.22
2022-02-28,381,22,2564.99,3275.57
2022-09-15,263,35,4101.66,1471.1
2021-12-26,55,52,1573.57,3958.15
2023-10-14,21,89,1449.93,3413.41
2022-12-24,189,21,1204.08,2442.3
2023-09-27,334,21,3527.96,4203.44
2023-02-18,168,53,4068.7,1075.0
2022-02-20,285,64,4838.61,3252.52
2019-03-20,6,15,4690.78,1198.3
2023-07-09,276,71,1713.24,4045.23
2022-05-12,112,43,597.78,4971.85
2020-02-23,373,28,2893.96,4359.78
2021-01-07,122,11,937.75,4294.9
2023-07-02,234,71,2050.43,5391.13
2023-12-14,14,35,2923.08,5059.11
2022-10-17,87,85,2992.13,4753.39
2021-11-18,309,52,2162.79,4705.77
2019-01-20,211,41,2204.3,3787.43
2019-01-04,323,32,1882.08,4550.56
2021-06-05,99,99,3226.64,2468.66
2019-08-03,330,10,4249.15,2395.14
2023-12-02,171,42,3941.31,2333.98
2019-08-30,373,38,4009.4,3459.27
2021-06-01,129,68,4847.67,2095.55
2023-02-09,385,94,1115.01,3244.51
2020-08-22,231,40,4644.09,2614.75
2020-03-28,341,87,2387.86,4224.61
2022-03-29,314,83,3298.94,4285.39
2023-10-17,77,81,4984.56,5070.04
2022-06-06,250,70,1238.71,4408.68
2020-07-18,207,22,2221.52,2671.9
2019-11-08,248,52,644.91,4752.57
2019-04-15,45,79,2911.03,1273.34
2019-06-03,145,17,2707.3,3921.33
2023-01-26,190,88,3283.26,5478.37
2020-07-19,272,34,882.7,2653.04
2020-10-10,181,94,4550.32,2004.44
2022-01-04,367,58,719.24,2488.58
2022-08-03,400,56,4265.56,3605.76
2023-06-14,356,40,3480.24,2872.8
2019-07-01,252,9,2092.59,4773.91
2019-09-18,166,13,1419.71,3785.46
2020-07-29,378,17,4639.84,1767.13
2021-07-06,198,97,953.94,4450.97
2022-04-06,227,12,3883.62,5646.59
2020-11-17,111,40,1067.59,4417.75
2023-02-20,130,5,4483.32,3833.16
2021-08-11,265,56,4170.42,3608.24
2021-07-17,310,82,783.82,4425.63
2020-08-24,392,41,4743.44,5492.21
2019-06-26,88,28,2790.81,3459.11
2023-10-09,295,57,3517.49,2202.68
2020-01-27,139,76,4848.18,5640.55
2020-08-06,42,9,2180.61,4999.68
2021-10-13,81,91,771.96,1488.56
2022-08-20,334,48,564.85,3299.65
2022-11-01,18,15,3362.82,1956.55
2022-05-21,89,79,1694.55,2751.92
2019-10-05,313,59,4389.52,3033.75
2023-12-17,68,21,512.48,5591.82
2022-01-21,347,41,4856.67,4342.14
2020-02-24,217,92,799.56,3010.11
2020-08-16,127,33,746.59,1622.89
2021-04-04,207,45,4746.86,2195.75
2020-03-08,372,60,3887.87,3865.72
2020-12-12,168,28,4139.55,2847.83
2021-04-25,184,3,1753.31,3353.71
2020-07-16,220,10,2509.9,1643.41
2022-12-13,251,91,2515.17,5912.73
2019-06-06,393,84,947.0,5041.19
2019-09-20,34,50,2303.06,4926.44
2021-04-02,145,27,1792.5,2311.93
2022-08-16,162,67,2872.6,5896.01
2022-08-09,262,60,4599.7,3514.45
2022-02-20,308,56,2453.04,2259.71
2023-11-05,364,100,3584.55,5335.31
2019-06-23,43,49,2627.91,3208.06
2022-11-08,322,30,2798.45,4933.91
2021-06-14,104,43,3027.54,4394.28
2023-10-21,353,31,4338.73,2948.24
2021-04-28,185,15,3069.05,3961.01
2023-10-29,189,7,1055.33,2474.92
2022-03-27,239,59,2104.1,3118.74
2021-01-01,177,47,3414.39,5120.34
2023-04-30,205,5,666.24,5611.79
2020-07-03,213,72,4751.49,2128.35
2022-06-26,122,66,2638.89,2343.68
2019-07-11,280,43,3112.39,1595.44
2022-07-19,388,47,3631.57,4425.62
2023-10-14,194,99,3080.55,1904.26
2023-05-31,124,25,2762.83,5642.94
2019-09-13,148,83,3415.08,3145.36
2020-01-02,303,57,3894.4,4437.37
2023-02-25,126,67,4310.68,1052.29
2022-01-06,335,3,1033.75,1480.02
2022-04-16,310,3,3650.75,5650.61
2022-09-17,25,93,4706.91,3780.9
2019-07-07,341,36,711.7,5106.14
2020-02-02,243,69,2291.79,3355.16
2022-05-23,368,64,2240.82,1160.82
2022-03-18,109,28,4183.86,1608.78
2021-03-17,160,14,1436.17,1198.23
2020-12-05,378,91,2548.9,1567.73
2022-05-07,239,84,1368.85,3704.91
2019-06-07,371,38,1085.79,3307.97
2023-12-29,78,49,929.08,4187.92
2022-02-28,300,30,1343.12,3640.1
2021-10-09,146,75,2455.62,4010.18
2021-05-23,10,54,2902.31,2370.45
2023-07-05,102,13,1787.39,3232.81
2019-07-11,140,89,3337.47,3581.51
2021-02-26,352,92,2264.68,3467.68
2021-08-03,350,2,4326.44,4767.13
2020-06-30,221,4,1920.6,5972.92
2021-06-21,161,11,4343.95,4625.31
2019-02-04,308,94,2985.67,4102.99
2022-02-21,345,25,3548.77,2922.93
2020-06-05,81,42,1827.7,4468.48
2021-09-05,107,77,2820.57,3057.94
2022-04-25,328,75,2831.52,4374.57
2019-09-27,155,80,2688.37,2730.27
2022-05-16,84,92,2074.35,3404.19
2023-12-19,10,65,1825.07,5671.78
2020-03-18,67,59,4312.69,3301.35
2020-08-29,73,76,2481.67,1301.2
2021-01-28,371,40,3672.51,1344.37
2022-03-02,397,94,2355.94,2291.27
2022-02-12,244,25,1735.97,2061.95
2022-02-07,106,95,2228.16,4615.74
2021-07-28,345,30,3042.54,1303.43
2019-04-13,40,25,3164.68,4015.43
2021-01-21,201,7,3549.93,2622.78
2020-09-05,371,41,1957.21,5826.23
2022-04-01,109,32,3635.7,4542.41
2019-05-29,249,24,663.36,1497.17
2022-07-23,334,48,3650.12,3207.78
2023-10-19,10,63,4724.36,2381.34
2022-11-16,118,15,2228.89,1541.88
2019-02-22,220,3,3770.0,5460.19
2021-01-26,214,95,1524.54,4797.35
2023-03-28,384,62,1243.29,3985.95
2020-03-14,150,41,1247.44,3497.4
2022-08-11,201,10,847.77,4863.94
2022-08-13,38,2,3675.9,2285.48
2022-10-11,160,7,4412.27,1270.78
2023-12-06,203,97,3386.22,1787.82
2020-10-02,268,96,4241.41,5798.22
2020-12-06,177,53,1575.26,4390.44
2022-11-06,95,39,4276.81,5114.13
2022-08-27,269,62,1680.77,4504.35
2020-08-27,18,79,2273.76,4755.99
2023-09-11,206,64,848.88,3356.98
2020-01-31,68,58,571.51,3533.21
2023-07-09,228,100,4590.02,5061.07
2020-03-23,218,63,1573.21,2460.9
2021-05-05,357,90,3672.3,4733.57
2019-12-23,135,10,2165.8,4281.75
2023-06-17,135,91,973.77,3189.26
2022-01-02,390,29,1184.66,5994.12
2019-02-01,255,7,2789.04,1252.27
2019-12-26,58,55,1935.14,3027.58
2020-06-02,272,36,1415.01,3651.45
2021-12-06,239,31,1004.02,4516.18
2022-06-16,20,23,3156.44,4261.86
2019-06-24,145,33,1393.25,4580.28
2021-10-08,396,40,3010.67,4018.09
2019-12-20,277,34,1551.16,2641.24
2022-02-06,359,39,3563.44,4153.3
2019-03-30,340,41,4943.7,1861.57
2023-06-05,223,80,4058.9,3752.22
2022-09-08,123,31,942.99,1316.11
2019-07-24,162,97,2061.47,3624.78
2023-04-30,31,39,2385.66,1203.31
2023-07-15,347,63,4807.95,4063.18
2020-08-31,116,9,4511.91,5341.34
2022-03-20,61,4,4863.28,3333.52
2022-11-03,232,3,4222.89,5834.53
2022-07-21,31,56,3236.18,2293.5
2021-01-28,8,25,4027.98,2588.09
2020-06-23,352,21,953.03,1571.17
2022-05-19,325,4,2157.05,2471.89
2019-01-29,247,95,4713.74,4677.88
2022-06-27,165,55,3087.63,5932.33
2022-09-26,54,12,3140.31,1905.01
2021-06-11,297,19,4629.76,4850.88
2019-05-25,347,89,1935.97,4370.38
2020-06-19,345,25,1446.67,1390.55
2022-05-01,219,40,2802.4,5777.37
2021-12-09,294,2,2064.46,4017.86
2021-06-28,388,26,2568.54,2084.19
2021-07-02,363,32,2422.48,5226.13
2023-12-22,27,19,1867.52,5237.29
2022-08-18,2,80,2480.28,3042.86
2021-04-20,316,97,1370.23,1504.33
2019-09-30,280,41,4089.94,3308.97
2021-05-19,267,46,2821.52,1417.72
2023-02-09,370,61,4321.04,5928.78
2022-08-16,100,85,4768.34,1230.8
2023-10-31,296,38,1861.42,5178.48
2021-12-09,80,65,4757.86,2556.58
2020-08-21,329,15,1215.73,1413.76
2019-04-30,191,34,4347.52,1140.51
2020-01-19,400,74,4094.47,2191.71
2019-07-15,290,8,4109.83,1181.16
2023-07-31,239,68,4852.89,4186.3
2021-03-24,4,4,1579.39,3957.52
2020-02-08,110,92,3396.81,4714.92
2019-05-20,238,42,917.09,1334.25
2019-11-14,143,62,1846.09,2892.86
2023-07-06,16,34,2947.29,3491.28
2019-04-01,280,15,511.42,1322.58
2021-09-01,11,53,1495.76,3604.2
2021-09-26,170,52,4338.63,2416.93
2021-04-27,380,98,2591.51,3227.94
2021-02-18,186,95,4233.76,3686.46
2021-01-30,153,97,2880.98,1212.53
2021-03-07,150,16,694.29,4452.24
2020-11-06,167,94,1598.77,3591.65
2019-06-26,294,50,688.69,3014.24
2023-05-03,299,33,2784.23,1386.57
2023-08-04,223,36,4407.39,1565.61
2020-12-31,217,59,2141.63,4205.35
2021-01-04,35,91,2590.95,4725.61
2021-12-05,109,34,4747.86,5655.9
2021-02-05,64,89,3718.32,1416.61
2022-02-01,203,23,2113.11,2827.75
2021-03-10,288,25,4961.84,1905.05
2020-07-27,171,88,2413.35,2567.12
2020-12-24,29,34,3370.83,3651.76
2022-09-06,195,6,2079.48,1809.37
2021-10-15,103,12,3829.28,4442.69
2020-06-16,54,10,2228.67,4289.41
2023-10-17,71,1,4891.8,4578.35
2020-11-07,49,56,3823.99,3861.82
2021-11-07,340,20,2110.19,1622.14
2022-11-23,216,78,2840.39,4211.66
2022-07-21,210,70,2783.18,1866.35
2023-09-26,208,69,2267.53,2470.8
2022-11-14,319,37,2137.36,5057.98
2021-09-08,197,85,2770.68,5141.29
2019-05-08,187,88,2921.8,5572.27
2021-03-26,80,66,2960.8,1038.23
2021-03-25,211,15,1576.23,3960.7
2021-06-13,385,53,1969.96,4891.45
2019-01-31,344,92,4923.51,5039.03
2020-05-25,189,37,762.38,1535.81
2019-10-11,397,84,4599.76,5620.97
2019-04-07,255,40,3781.12,4109.27
2022-01-07,326,24,3932.23,4184.15
2021-04-04,36,60,4422.83,2669.88
2022-10-25,210,56,3677.51,4938.37
2022-12-18,118,6,4572.12,1788.72
2021-05-28,133,30,3246.35,5456.11
2023-09-20,233,46,1676.16,4132.38
2019-06-17,206,28,1549.52,3988.41
2019-02-26,113,24,3717.93,4290.28
2022-08-10,170,80,1884.13,4622.18
2020-04-23,255,18,1430.34,5487.64
2021-10-12,167,22,3577.68,1358.93
2022-04-28,332,10,776.1,5911.21
2021-08-27,371,13,4326.29,3024.94
2021-11-24,201,44,1291.21,5821.43
2021-06-19,236,39,1377.44,3505.66
2019-08-02,204,36,1380.33,4570.73
2023-03-15,291,89,1143.14,5172.11
2020-03-06,26,79,950.68,5511.81
2019-01-04,1,47,2373.59,4031.41
2020-01-13,93,88,3854.99,4719.4
2020-07-31,20,29,4094.74,5320.89
2019-02-04,364,13,2945.16,2358.02
2022-04-13,214,85,4281.22,4728.55
2023-12-16,337,61,2293.1,2901.1
2019-10-12,305,85,1249.41,5593.29
2023-05-25,236,78,3748.78,5798.68
2020-06-29,94,69,1966.32,5526.75
2019-05-30,240,88,1634.88,2354.1
2023-05-01,102,18,2909.69,1282.55
2020-10-21,191,38,2188.06,3005.9
2019-10-22,377,59,917.81,5134.4
2023-03-24,388,89,1017.39,5196.23
2022-09-29,165,14,1436.26,1702.72
2019-11-19,77,87,2176.05,2859.88
2022-06-14,376,97,3702.93,4512.07
2020-09-20,235,94,1818.88,1062.51
2022-01-16,122,46,3915.39,4295.53
2023-04-30,248,33,1121.65,3070.11
2020-11-02,282,59,3347.37,4546.14
2023-04-15,4,43,2246.43,2523.7
2019-04-23,11,14,794.91,4464.48
2021-01-11,194,23,986.79,2111.15
2020-01-13,90,82,4827.93,3180.03
2021-05-26,215,7,4327.57,4652.88
2022-11-22,330,45,4314.92,2144.08
2019-01-30,238,62,2900.24,3205.91
2021-07-13,28,19,3071.13,5339.51
2021-03-27,16,59,3771.12,1858.91
2019-06-11,214,68,2200.7,5611.98
2023-12-14,294,14,3630.12,5800.24
2020-12-12,120,97,3123.77,3410.63
2020-02-14,264,33,3298.3,5483.07
2020-08-28,374,22,4363.43,1478.69
2021-03-01,185,58,4766.67,1912.71
2020-05-11,241,97,605.6,2908.52
2019-09-26,108,13,1640.32,1625.86
2023-09-24,377,88,3740.93,5330.2
2020-08-28,111,80,4946.76,3199.7
2019-10-21,112,5,2152.61,2591.41
2021-02-03,228,76,2952.1,3394.15
2022-02-16,85,75,1750.12,1262.39
2019-10-06,171,76,4428.62,1247.97
2020-05-08,88,28,4524.05,5120.62
2022-06-17,59,71,1598.81,3850.33
2023-05-24,261,67,778.26,3390.09
2022-02-14,396,61,2462.95,4931.55
2021-09-08,73,20,3450.5,1670.82
2019-02-22,353,13,797.8,2564.84
2023-11-15,299,62,4059.21,1538.16
2020-04-28,321,48,2427.48,4984.48
2022-04-29,9,82,4307.49,2557.63
2020-08-10,23,1,4551.63,1496.52
2020-07-06,377,2,781.61,2447.58
2019-04-01,156,74,3531.11,2263.28
2021-08-14,5,73,3099.09,1953.19
2023-07-29,365,22,519.16,4239.01
2021-10-26,323,62,1735.78,1756.84
2022-07-26,338,70,4285.98,5501.02
2021-09-13,44,63,4018.82,5984.56
2019-04-25,238,99,4101.45,5090.08
2022-11-14,320,55,611.3,1878.85
2019-08-13,293,10,4541.14,4628.08
2023-05-11,133,86,2261.21,5885.54
2023-11-14,220,90,2314.65,4114.28
2023-01-24,11,9,3305.95,3678.16
2021-09-30,255,86,4227.7,2630.73
2023-04-12,279,54,1641.62,4154.64
2020-12-14,107,61,3793.93,1174.21
2022-04-07,16,83,1599.75,2158.14
2021-01-07,289,76,889.32,4400.8
2020-10-19,193,34,3238.15,3404.49
2023-10-10,233,28,2033.34,5223.06
2020-04-19,71,37,3504.38,5850.5
2021-07-08,122,95,3849.03,1234.24
2023-09-25,330,91,4738.16,2640.6
2019-02-02,397,79,3989.09,3429.28
2020-09-06,127,50,4844.04,4650.91
2021-12-07,351,62,4694.0,5716.09
2020-05-19,390,70,1485.64,3789.87
2022-08-28,318,76,3958.62,2778.43
2020-07-06,226,31,3128.75,1052.84
2022-10-25,243,68,3753.6,4583.19
2023-02-09,87,79,3641.11,2920.36
2021-03-10,61,17,2233.14,3899.03
2020-10-11,117,66,520.1,5003.06
2022-08-31,395,11,3887.12,4083.27
2023-10-13,143,14,2323.46,4586.16
2022-05-15,289,71,1193.83,1462.38
2019-12-18,342,85,1506.14,3406.2
2022-10-07,319,1,4426.02,1343.24
2020-04-18,253,22,518.08,4455.41
2019-03-06,321,56,4694.37,1713.93
2021-11-01,240,90,4982.36,2329.31
2021-05-14,265,44,733.79,5572.34
2019-10-19,128,17,2180.61,3504.96
2020-10-21,261,97,3833.1,1484.96
2021-08-13,40,61,2396.79,1855.34
2023-07-23,186,43,3147.8,3736.13
2020-01-10,10,69,601.53,1164.76
2019-10-04,279,57,3431.25,3995.06
2021-01-13,121,82,1035.1,3401.36
2023-08-07,159,78,1639.7,5562.81
2021-04-04,289,44,1482.64,5230.94
2022-07-28,349,16,3933.83,4906.88
2019-02-15,208,5,4373.92,2297.83
2020-08-20,53,96,2127.25,1711.18
2023-02-07,131,22,1499.87,4882.04
2019-03-02,368,89,523.04,3009.34
2020-03-10,254,61,3220.64,2547.33
2019-11-08,325,99,2682.27,2838.74
2022-04-18,308,98,2918.8,4378.7
2022-10-06,271,31,4779.74,3502.55
2021-12-04,66,44,3071.16,1413.79
2019-06-18,206,76,4503.68,4251.34
2021-07-22,26,2,3314.4,5990.4
2022-11-09,229,36,1997.16,5689.85
2019-05-17,182,44,4604.94,3805.71
2019-02-10,181,48,618.44,4583.28
2022-06-21,163,82,678.51,5088.9
2019-03-08,90,77,760.79,5249.23
2019-08-03,389,29,4001.85,2265.24
2022-04-25,68,42,1306.63,2202.34
2022-08-17,330,14,1568.63,4211.38
2020-12-13,327,81,4292.1,1706.36
2023-08-30,361,67,2013.36,5918.58
2022-09-26,17,54,2386.49,1525.15
2019-02-24,171,61,3359.73,5321.02
2021-10-31,329,84,3458.16,4697.51
2021-10-02,335,37,2787.17,3930.3
2022-07-31,99,53,4261.12,1563.0
2021-09-12,398,9,1411.36,3548.96
2019-11-27,189,13,2745.8,2552.98
2022-03-27,66,76,4814.02,1612.32
2022-03-17,314,59,678.92,4681.9
2021-02-20,317,74,3490.05,5593.18
2022-08-08,279,48,4581.42,2134.12
2020-03-12,347,81,1552.19,3275.52
2021-08-13,357,45,2159.95,5330.28
2019-10-11,123,75,4935.71,5988.12
2019-07-15,342,48,1177.58,2080.5
2021-10-17,317,51,1619.92,1727.7
2021-04-27,59,29,1837.1,4629.94
2020-03-29,196,98,3686.64,3920.71
2022-10-14,113,85,855.4,5687.19
2023-03-08,79,80,1112.84,1877.19
2019-06-22,366,38,999.13,3290.25
2019-07-13,24,39,2412.2,4553.13
2022-11-27,76,81,3067.59,1814.08
2020-04-19,377,50,4449.98,3130.26
2021-11-14,5,69,1222.34,3910.98
2019-12-08,288,86,4974.27,5288.93
2021-11-21,314,93,4435.89,3490.91
2022-12-05,360,15,1101.46,2675.41
2019-11-30,237,31,537.65,3356.13
2020-12-02,156,30,518.95,4092.75
2021-03-30,393,34,939.14,2018.95
2021-11-29,278,32,4178.43,4028.17
2021-09-18,82,2,3985.76,1567.2
2022-09-16,90,48,2147.43,5995.1
2019-10-08,270,17,2067.36,1613.13
2022-03-17,258,67,829.08,5919.91
2022-03-05,230,8,4847.31,1393.07
2023-02-05,38,97,2682.87,5619.51
2020-02-08,4,5,3449.36,3349.63
2022-08-20,186,53,3642.9,2829.19
2021-04-26,193,69,4013.09,3149.38
2022-05-28,399,40,4021.36,2500.1
2022-01-13,284,58,4364.74,2905.27
2020-12-20,82,91,2843.67,1455.91
2023-11-20,184,45,2362.71,4385.2
2022-04-17,124,30,3779.17,2698.54
2023-03-18,316,8,3755.92,3685.28
2021-08-07,165,31,4029.96,2882.01
2020-03-03,326,96,3076.85,4431.12
2021-08-18,149,56,4944.14,4535.76
2019-08-31,286,16,2470.89,5173.03
2021-10-03,183,68,4948.3,1004.8
2021-09-15,43,23,1329.28,1547.75
2021-08-10,180,81,2190.98,4562.14
2023-03-21,216,31,3934.06,5703.24
2020-01-01,116,7,2864.98,4749.49
2020-11-15,146,92,3116.31,2154.96
2023-05-18,174,57,568.0,1444.51
2022-12-08,133,69,2946.25,5240.5
2019-04-04,399,85,1361.16,5828.35
2023-04-12,396,22,1961.84,3056.81
2019-09-26,163,45,4325.81,1281.77
2019-10-06,307,75,1264.26,4548.76
2020-07-18,121,34,4583.16,5746.16
2023-01-23,66,64,3176.67,2557.06
2023-09-30,192,24,1824.23,5184.37
2023-02-04,46,24,744.93,3901.88
2019-09-28,364,28,3182.33,4249.65
2022-10-25,31,6,1721.3,5061.93
2022-07-04,297,73,4318.14,3129.16
2022-02-02,42,60,3503.45,4411.01
2022-03-15,213,72,906.12,1405.13
2019-06-29,389,95,3771.5,1687.36
2023-05-04,93,18,2118.71,4547.21
2023-10-13,148,14,1534.61,4550.81
2021-04-24,158,89,2626.75,5323.34
2020-03-15,98,88,2988.43,3155.16
2019-09-09,172,46,4642.3,5647.5
2022-04-16,132,94,4068.53,2978.73
2023-05-08,361,16,2096.74,3241.15
2019-02-16,232,30,1052.23,2576.88
2019-03-21,229,19,2275.29,5904.83
2022-02-13,227,40,2005.85,2059.2
2022-05-23,78,87,4323.91,2619.28
2023-12-17,110,82,4341.41,4493.77
2022-09-16,210,64,3619.77,3463.4
2019-03-29,349,6,2323.03,4090.53
2022-01-16,201,28,3350.32,2221.16
2020-10-27,356,67,3639.26,2573.64
2021-02-25,73,56,1796.56,4312.54
2019-06-30,238,31,4472.08,1173.93
2023-06-27,118,21,4982.02,4566.58
2020-03-08,119,52,1783.85,3684.68
2023-07-20,185,37,2131.47,3322.12
2019-05-27,168,52,876.62,3157.77
2019-02-03,144,31,4062.22,3370.94
2023-06-18,354,59,2780.58,2093.28
2020-02-02,85,19,4518.24,1232.92
2021-07-25,46,1,3033.16,3525.01
2021-06-26,266,44,2891.6,4898.13
2019-03-08,336,51,2902.38,3938.03
2021-06-14,218,71,3138.97,3159.36
2020-05-20,36,17,706.36,2014.58
2021-05-24,129,68,3418.01,1938.31
2023-12-13,5,58,3975.25,3910.86
2021-11-14,97,8,3091.1,3969.26
2022-11-30,205,12,4922.55,4663.04
2023-11-29,6,10,3300.69,3041.53
2020-10-29,359,49,573.91,1911.76
2023-11-12,254,5,1600.82,2098.18
2019-07-11,115,47,2418.96,3388.37
2020-05-15,46,14,4663.52,4057.99
2019-07-24,80,22,2955.57,5842.69
2023-07-08,336,52,2231.2,4224.47
2020-09-20,179,74,2526.22,4623.29
2021-09-19,158,10,4452.85,1396.18
2022-07-04,378,37,1132.28,1887.89
2021-12-13,104,13,1155.46,5289.01
2022-07-25,319,13,1475.23,5625.9
2021-07-18,246,16,730.79,4144.36
2020-02-16,209,66,948.14,2651.69
2021-04-05,219,35,2076.33,3366.91
2019-10-09,252,38,3440.57,1153.21
2020-11-06,119,19,2532.02,2053.83
2021-02-01,252,5,1953.94,3227.04
2020-04-19,296,64,1977.21,1778.26
2023-04-15,107,78,684.5,2439.35
2020-02-10,163,27,3311.29,4852.77
2021-05-18,325,81,2183.12,1456.03
2019-06-10,76,77,3216.87,4506.37
2023-03-05,298,30,2385.8,2097.58
2022-09-15,324,34,4375.47,5697.58
2023-08-22,360,91,1325.51,4689.11
2022-02-27,277,76,2612.16,2788.49
2023-07-03,242,40,2498.53,2560.8
2020-08-27,234,8,2309.1,5342.56
2020-01-08,330,17,3620.46,5148.75
2021-04-12,166,89,967.58,2343.81
2020-09-09,79,30,3746.27,5754.07
2022-03-11,355,45,4360.57,4538.83
2022-09-03,13,69,2506.54,3564.42
2020-08-29,327,63,4472.14,1290.94
2022-05-21,192,22,4882.29,1985.47
2020-06-22,311,81,3736.18,4465.15
2021-09-27,77,66,1638.11,4262.38
2021-03-17,215,35,3313.78,2968.75
2022-07-05,139,29,4155.49,2136.46
2019-05-28,265,98,2450.13,5426.58
2019-08-18,31,6,2278.73,1174.96
2022-06-20,384,15,3019.27,4066.41
2020-09-24,16,36,2742.92,2080.63
2023-05-06,288,81,1970.13,4417.31
2021-12-24,135,23,4797.71,1433.68
2021-07-24,125,31,3976.19,4206.5
2023-08-08,166,95,3029.37,5810.51
2021-04-12,364,91,4643.78,5092.03
2021-07-13,386,78,4695.72,2478.75
2023-07-09,230,92,1325.61,5973.98
2020-12-09,107,5,2277.18,1411.44
2022-05-04,342,31,1827.63,3673.57
2020-06-02,224,20,617.03,2894.47
2020-03-18,290,53,4380.17,4675.78
2021-07-10,34,73,4255.63,5110.11
2023-05-30,346,73,2014.19,4971.98
2021-02-01,217,72,4486.25,4074.62
2019-04-25,297,11,818.38,2244.43
2021-03-07,96,100,1412.28,3435.4
2023-04-17,71,80,765.9,1970.2
2020-12-11,384,87,3482.82,1562.81
2023-06-10,240,73,3369.55,4904.8
2019-05-26,254,42,2365.98,3792.93
2019-08-09,18,18,2290.51,1408.51
2021-04-06,301,31,4733.3,4605.76
2019-07-20,322,45,4220.02,4181.45
2023-05-11,369,89,2306.77,2907.4
2023-07-26,144,52,1579.8,1665.73
2022-11-05,313,17,2924.87,2831.1
2022-10-03,258,23,3810.9,1802.16
2022-08-18,116,75,3130.17,5786.84
2021-06-21,10,37,1806.68,2722.55
2021-04-24,319,66,829.96,5509.98
2021-04-09,148,94,3682.57,5705.09
2023-09-04,190,22,4957.61,4791.14
2019-03-05,9,52,4084.28,3389.91
2023-04-04,199,30,2470.94,2406.95
2022-12-12,160,98,3895.46,2957.86
2020-04-19,170,83,3085.95,2713.16
2020-08-27,367,96,1522.95,1670.54
2020-07-22,253,92,2374.47,2788.11
2019-10-23,52,22,4462.27,5337.11
2023-06-15,1,64,660.91,4939.24
2021-07-14,321,46,3511.15,2652.8
2019-08-12,246,21,3892.74,2365.23
2021-08-12,203,82,3363.55,2026.54
2023-01-06,396,71,1299.9,2885.05
2019-04-21,316,87,791.4,1802.15
2021-04-05,104,15,4056.52,5084.94
2022-07-06,76,31,3139.34,1949.46
2019-01-25,221,5,2084.99,3239.65
2020-11-09,284,91,2298.5,2335.83
2022-07-03,348,3,3849.84,3703.2
2020-08-17,101,97,2534.37,5516.97
2019-12-01,114,60,1461.65,3482.02
2021-02-27,321,66,1680.99,4442.48
2022-06-01,189,11,2131.16,1571.28
2019-11-24,252,94,3043.03,1827.63
2019-03-08,135,99,1239.95,1376.66
2023-08-07,135,15,975.89,3812.14
2019-06-19,352,90,4771.07,4674.99
2022-11-22,293,8,2404.81,5566.36
2019-01-25,135,83,533.88,1917.67
2023-08-29,128,72,1195.26,5474.79
2023-12-08,4,87,1863.56,3394.49
2020-11-21,324,95,1234.77,5398.5
2023-05-08,30,44,4122.72,4806.59
2019-07-12,377,13,1592.14,5095.47
2021-11-26,280,77,2697.41,2809.53
2023-03-03,244,12,876.55,1961.09
2022-09-22,124,96,3866.99,3022.97
2021-11-14,184,50,992.04,3238.28
2021-02-12,331,48,935.04,4439.49
2022-07-03,92,5,751.96,1996.54
2021-11-27,237,59,2554.87,1193.72
2021-09-11,17,21,1246.86,5411.52
2020-08-14,23,21,1161.12,1939.31
2020-11-17,283,22,710.23,4592.48
2022-01-08,177,80,828.84,2647.6
2021-07-25,132,34,4468.64,1789.84
2020-06-17,250,33,1889.78,3309.98
2019-10-16,332,54,4747.16,5302.44
2022-11-16,44,65,2731.59,1310.28
2023-05-02,384,2,649.85,1073.99
2023-10-11,17,51,962.54,4545.4
2019-03-04,85,14,2369.08,3029.13
2023-08-17,109,73,3713.5,5092.64
2022-10-16,210,26,3420.26,1442.86
2019-08-19,292,82,4111.39,4332.56
2021-07-13,197,88,4265.16,5227.22
2021-10-09,57,99,2766.61,5519.21
2020-07-31,274,12,622.72,5926.22
2019-07-13,160,75,4207.43,1692.18
2023-01-19,244,7,1222.37,2476.77
2019-10-15,40,72,1135.91,1252.31
2023-01-31,250,82,721.36,3156.1
2022-09-17,101,20,2196.47,4649.04
2022-08-30,262,28,1912.25,1771.66
2022-01-06,72,64,4090.99,1098.16
2023-10-13,45,100,3974.36,1004.94
2023-08-09,364,53,3827.17,5604.55
2023-07-01,29,14,1738.86,4485.84
2021-10-08,138,41,1729.5,4419.55
2020-06-10,182,42,4975.75,5097.78
2021-07-05,116,99,3160.64,1898.64
2021-11-16,175,66,2918.44,4043.84
2021-06-27,89,76,2949.76,1109.59
2020-09-07,223,67,4042.1,2189.87
2022-04-26,43,31,2667.78,3424.87
2020-01-11,261,15,4068.19,1365.98
2021-07-16,276,20,2578.15,1362.62
2022-05-19,351,52,3475.58,2636.71
2023-11-22,252,73,2986.07,3714.47
2023-03-30,335,11,1369.06,5525.83
2019-03-21,34,93,2766.75,4651.12
2021-05-26,271,53,1015.89,5953.39
2020-09-19,326,71,2877.3,3204.88
2022-10-14,271,54,1488.21,5421.2
2019-10-24,223,92,1998.33,3748.58
2020-08-30,46,2,2462.81,3105.38
2020-12-10,282,6,4523.45,1258.98
2019-04-22,3,26,4897.25,2330.63
2023-06-16,339,62,4804.04,3981.61
2022-02-22,284,16,4177.51,5480.77
2022-03-02,36,13,4592.55,5252.76
2019-11-04,110,96,2353.65,5051.22
2021-01-14,79,5,1501.64,3735.93
2022-08-17,300,71,3291.96,4644.35
2020-09-07,288,79,4571.18,5756.53
2021-05-16,71,53,1187.3,1521.76
2023-12-06,286,98,4799.02,4310.32
2020-10-15,227,9,2517.79,5926.04
2019-11-25,64,53,2689.04,5816.68
2019-06-02,361,48,1396.93,4025.01
2021-09-10,32,66,1358.91,2507.48
2021-10-09,381,78,2252.53,5995.75
2021-10-14,71,51,2713.44,5234.76
2023-02-06,77,94,1530.62,2484.69
2020-07-18,149,9,4195.86,5630.98
2020-05-10,258,54,4236.12,1633.92
2019-10-26,94,71,2423.21,3514.67
2022-02-14,368,15,4508.2,4703.13
2021-09-25,210,91,4258.16,1328.78
2019-06-16,107,28,2994.75,4711.92
2023-07-13,176,41,2169.86,5282.97
2019-06-02,142,96,1268.64,3079.78
2023-06-01,152,70,1824.31,5511.94
2023-10-15,134,91,2764.8,5230.95
2021-09-02,247,65,1011.29,4949.16
2021-09-23,206,68,3679.28,5677.11
2023-10-01,111,74,3004.5,4703.25
2020-09-19,241,97,3987.14,4891.5
2023-06-18,74,100,4299.94,3100.39
2022-11-29,169,77,3444.56,5660.02
2021-07-23,377,94,4209.59,4776.27
2022-04-05,397,3,4760.48,3317.36
2023-11-13,311,63,2991.34,3576.05
2021-08-25,27,83,948.01,5158.49
2021-11-27,108,92,1001.54,5571.88
2022-07-09,337,100,1551.07,4060.09
2023-01-29,357,84,3001.1,4966.29
2023-10-11,37,4,2552.55,1292.84
2023-09-04,258,99,1564.42,2812.94
2021-12-31,61,83,1727.4,1482.69
2023-05-16,373,13,1555.12,3440.9
2023-08-04,79,27,2918.76,5214.65
2019-05-10,239,39,1786.77,4939.73
2022-04-30,330,35,1525.99,3281.19
2022-03-15,187,56,522.09,4836.64
2021-03-09,86,41,2111.37,1135.89
2023-12-13,307,50,3831.83,3448.54
2020-01-15,76,79,1962.49,1247.03
2019-05-15,398,8,4884.26,1966.09
2019-04-08,145,23,1335.82,5875.63
2021-10-07,39,66,1766.34,5860.13
2022-07-10,326,11,4771.2,1590.97
2020-05-14,9,15,3477.53,3537.94
2019-11-28,165,46,4645.95,4672.49
2019-03-23,146,68,2211.68,5115.25
2020-12-09,296,20,2717.54,1605.06
2020-05-13,200,52,1137.12,3755.88
2023-03-23,212,89,680.89,2263.97
2022-02-08,109,75,1471.91,4288.37
2023-07-03,321,92,2620.13,2008.39
2023-02-24,274,44,2161.28,1143.46
2023-01-14,155,70,1831.91,3620.95
2019-05-05,114,23,4657.8,3133.55
2023-09-14,110,88,4744.16,1757.63
2019-08-02,27,8,3367.17,4830.94
2023-09-29,225,6,1961.26,1512.83
2021-04-22,133,18,4887.01,3467.17
2021-04-17,209,83,1004.96,1440.23
2023-04-01,152,53,3368.01,1375.15
2023-03-14,43,55,2799.9,5318.48
2020-09-13,240,10,2124.05,3984.75
2023-10-05,127,42,1754.22,1939.79
2023-03-03,107,86,4269.26,2426.47
2020-03-16,207,20,1134.29,4584.04
2021-09-20,374,52,4636.96,4012.64
2023-06-10,289,93,1864.34,3576.48
2022-07-16,39,42,1725.89,4722.29
2020-01-17,375,71,4440.34,1868.72
2019-10-10,233,35,3119.52,2295.58
2021-12-07,348,67,4361.39,5358.59
2023-08-15,61,37,3023.97,4078.16
2021-02-25,381,12,1271.13,2839.15
2020-11-21,71,100,546.56,5260.11
2019-08-24,116,49,4911.28,3582.62
2022-12-03,355,26,1567.68,1790.81
2021-04-06,196,21,3610.6,4979.85
2019-07-12,362,33,2968.17,3961.33
2023-05-02,128,80,3875.49,4916.43
2020-05-02,396,18,975.66,2449.25
2019-12-26,249,60,4336.37,3550.83
2020-11-24,178,45,2834.0,1075.52
2022-11-02,370,88,4228.09,4623.94
2020-09-17,6,9,1638.3,1189.89
2022-05-26,354,48,2951.39,5494.62
2023-07-03,346,11,3557.17,5747.78
2021-08-16,276,99,1189.24,4574.55
2019-05-24,360,38,2031.61,2193.74
2021-01-17,77,9,3219.87,3741.7
2021-02-19,57,94,1608.04,2316.84
2019-10-17,352,36,1429.83,4839.38
2019-03-15,256,99,1398.13,4351.34
2021-04-24,58,75,1579.77,4485.65
2020-01-21,102,6,1226.54,4070.99
2019-11-26,290,72,2999.73,1482.17
2020-04-11,158,82,4931.22,4336.78
2020-05-11,198,31,2425.37,4329.75
2022-05-10,81,76,4326.68,3040.53
2021-09-11,222,66,4858.53,1003.61
2020-05-09,362,68,4606.72,3600.79
2022-10-18,1,17,2329.01,4042.13
2020-11-04,374,28,3575.36,2077.57
2021-02-24,341,57,2839.46,5867.55
2023-12-27,130,25,1464.05,3543.53
2023-09-20,257,10,4763.11,3997.08
2021-10-02,334,46,2424.99,4029.24
2020-06-08,201,68,1139.54,5487.5
2020-04-30,175,65,3722.81,3648.85
2021-10-29,161,48,4364.22,3481.25
2020-06-06,3,20,1190.14,5341.4
2022-09-04,391,70,2685.01,2932.42
2021-06-19,263,27,1709.97,3931.08
2021-06-21,253,86,3110.57,4028.44
2022-01-14,336,26,4780.32,1520.78
2021-05-31,231,14,1215.51,2825.19
2023-03-13,39,72,1600.46,2997.8
2021-05-09,128,95,3747.22,1899.46
2022-05-13,238,91,3459.34,1097.05
2022-11-13,310,33,4164.89,2306.76
2021-07-28,373,47,614.89,5202.68
2022-08-04,320,56,1148.79,3222.83
2023-11-20,67,45,4623.36,4126.88
2023-09-18,51,6,2733.15,3971.57
2019-12-12,377,51,875.25,2568.16
2023-01-05,111,82,4946.13,4088.28
2020-11-01,48,23,4090.29,3835.73
2023-09-16,50,62,3821.22,2454.61
2023-06-20,146,81,4855.65,3768.22
2023-03-14,70,62,3983.5,3724.97
2022-12-17,290,15,3177.27,3504.91
2020-04-08,74,68,3732.4,3820.37
2023-04-12,311,86,727.51,3394.82
2022-01-24,159,11,4866.39,3820.65
2019-10-08,127,62,2396.48,4613.76
2023-01-31,216,92,3288.87,2931.44
2020-10-20,164,52,3262.72,4248.73
2023-02-16,291,86,4647.1,4703.89
2023-06-15,172,94,1725.28,2271.01
2020-07-28,324,26,3486.24,5307.02
2021-10-11,239,79,2773.57,1500.45
2020-04-26,256,83,2930.68,1713.4
2020-01-03,152,70,1890.55,3448.82
2021-11-10,243,42,787.76,5330.56
2020-08-14,106,21,4065.73,2277.85
2023-03-10,323,67,4941.73,3472.84
2019-12-04,64,11,698.13,5208.94
2022-05-31,271,100,4972.44,4284.5
2023-01-07,295,20,1261.18,4348.59
2020-10-23,311,11,1669.89,5067.84
2020-10-24,65,24,2073.85,2755.14
2022-08-29,379,49,4151.94,3339.7
2022-10-27,50,12,2214.48,5836.05
2022-10-17,192,33,2157.85,4777.88
2019-01-04,387,97,1056.05,1626.87
2019-07-06,129,77,884.74,4238.88
2022-05-12,275,66,3685.56,5906.34
2019-07-08,185,24,2898.82,1905.7
2021-02-23,156,8,3978.35,4230.22
2023-11-14,304,20,1264.21,5769.64
2020-03-20,382,70,3157.72,2101.3
2023-12-07,72,68,4972.23,5493.36
2023-08-18,377,26,4000.08,1572.08
2020-09-17,281,81,701.65,5519.97
2020-01-06,328,46,4386.16,5686.09
2023-07-05,198,90,1655.2,5968.99
2019-05-05,303,27,3715.41,5071.03
2019-02-17,237,88,4487.9,3838.32
2022-03-23,203,64,3545.23,4234.38
2019-10-21,345,97,3799.61,1431.44
2021-04-20,123,58,2378.28,4421.08
2020-03-29,335,1,1808.21,5238.18
2023-11-19,186,59,2289.95,1960.76
2020-01-11,277,66,736.34,5945.62
2021-08-12,229,27,960.05,2290.18
2022-08-22,273,20,1087.24,1989.8
2019-08-23,381,57,3782.15,4193.65
2022-09-13,381,28,2362.06,3488.71
2019-05-19,251,43,2871.28,2181.24
2020-08-09,3,55,2955.68,5164.56
2021-03-29,297,31,4613.7,5784.6
2019-11-17,147,77,4331.91,1379.91
2021-11-01,371,14,4221.14,4278.46
2020-02-16,5,89,3966.37,3590.28
2019-03-12,30,19,1657.81,1175.8
2019-10-20,89,76,3166.61,5721.17
2021-12-30,389,32,4450.06,1038.94
2023-10-17,235,12,1987.22,3255.77
2021-06-19,321,9,3714.89,3859.62
2021-01-27,267,53,3821.59,2944.83
2023-11-01,224,61,4673.81,3593.15
2020-12-11,352,97,2698.81,4942.35
2020-08-14,277,41,1238.27,3017.1
2022-09-06,193,76,759.9,1528.83
2021-09-01,314,28,929.27,5869.57
2021-11-21,331,98,3019.05,2455.63
2022-12-14,82,29,797.69,4027.08
2023-03-05,394,60,4093.84,4570.47
2020-09-10,189,84,1857.68,2743.45
2019-10-27,145,96,3410.65,4554.68
2020-10-18,290,21,3301.54,3298.31
2021-12-05,233,38,2208.56,4186.45
2023-09-05,105,74,1018.66,1859.16
2019-12-11,215,93,695.03,1052.47
2023-02-08,10,80,1650.58,2433.44
2021-09-17,80,99,668.9,5204.72
2023-11-12,130,84,4984.63,2169.6
2022-04-22,231,25,716.78,4822.5
2022-06-28,151,1,4381.91,3458.78
2021-06-28,163,84,4145.37,1921.75
2022-05-14,385,62,2836.13,1576.78
2021-09-26,190,69,3762.26,3575.14
2019-10-30,147,34,2627.53,4554.24
2019-08-30,219,92,4536.89,3851.06
2023-12-16,265,8,3520.33,2143.57
2019-01-27,305,88,2146.88,4348.52
2019-05-17,86,32,3980.94,3239.42
2023-07-31,129,33,3489.8,2394.53
2023-12-08,311,78,1468.71,1970.39
2022-07-17,369,75,2947.13,5522.17
2022-09-30,343,51,2167.59,3450.43
2021-10-28,28,9,1910.34,2645.08
2019-06-25,224,22,4188.51,3070.65
2023-08-17,224,62,4588.44,3480.69
2019-06-01,179,44,1919.3,5410.49
2023-08-02,218,66,1358.16,3416.25
2021-10-06,235,63,2300.09,1819.78
2020-09-21,336,4,3599.01,1607.22
2019-05-12,61,19,769.7,5833.42
2023-10-07,396,99,4078.22,3413.25
2021-12-05,286,46,2995.54,4855.74
2023-11-01,241,67,3690.19,3761.19
2023-05-27,238,76,3367.48,1039.56
2020-05-23,95,11,906.99,5424.59
2019-11-11,240,43,4966.13,3847.58
2021-08-18,393,76,1643.01,4101.6
2021-04-12,223,91,3449.88,3114.71
2023-08-19,124,43,3665.78,3425.48
2022-07-11,144,83,3672.8,2081.62
2020-02-28,397,5,4900.97,1462.16
2022-10-14,261,69,1798.83,5157.65
2023-09-23,38,61,2555.25,2662.0
2019-11-28,193,37,4378.42,3581.99
2019-01-08,302,30,4430.65,4852.01
2021-02-17,26,84,3720.88,1258.18
2021-03-04,70,3,4055.69,3802.97
2023-10-22,276,84,1487.47,4450.85
2021-04-26,337,27,836.46,1643.12
2019-03-29,257,9,517.95,3233.05
2022-12-05,4,2,3867.6,2512.96
2021-01-24,107,39,4993.57,4055.93
2020-02-13,365,59,4096.95,2770.8
2021-03-12,204,4,4988.69,3955.39
2019-04-15,5,94,3422.03,1343.12
2019-05-06,199,5,4125.21,4079.35
2020-10-16,24,58,4756.45,2047.11
2019-02-03,219,5,2544.53,3729.01
2019-07-20,107,46,3402.47,5954.7
2022-04-17,132,20,3977.6,2239.77
2021-05-10,307,31,3802.75,3143.44
2020-11-03,350,53,4042.73,2493.41
2019-09-03,332,95,1683.85,3186.38
2023-01-23,101,23,557.53,2610.23
2019-07-25,44,54,1888.93,5251.79
2023-02-19,172,25,938.57,1282.87
2019-11-11,29,59,3107.36,2001.26
2023-07-10,8,38,4356.42,3509.69
2022-12-02,357,75,2978.47,3656.38
2022-11-04,344,48,4285.62,5167.35
2022-06-16,15,68,4405.92,3929.73
2022-10-20,183,61,827.28,4394.18
2023-04-27,42,91,969.64,2551.27
2023-07-19,222,43,3764.38,5756.52
2020-06-08,146,100,539.67,4085.58
2021-06-14,107,94,3063.82,4320.62
2023-05-30,265,16,3201.2,2416.56
2023-07-26,348,66,2828.5,2038.48
2019-11-19,68,35,4207.06,4572.19
2022-10-12,155,48,3744.9,3700.24
2023-04-18,25,90,871.58,3338.89
2023-05-30,16,24,3609.13,5238.1
2023-10-05,87,81,4087.48,2518.03
2022-07-30,76,92,962.1,5637.84
2021-04-18,218,32,3828.97,5264.98
2019-10-25,151,48,3445.43,1000.72
2021-05-03,315,91,1238.98,2483.32
2019-06-22,389,79,1149.79,3075.95
2022-12-08,253,7,4055.11,5325.58
2022-03-26,153,29,3815.88,1412.03
2022-10-24,288,94,2565.29,4184.7
2020-06-23,222,69,2831.58,2350.51
2020-11-02,237,44,3365.06,4103.05
2022-04-28,237,34,3420.92,4232.5
2023-05-20,321,89,4193.66,4526.7
2019-05-27,323,61,1699.64,4081.24
2021-09-13,58,69,2149.09,3068.37
2021-12-03,80,89,2712.92,4033.59
2022-02-17,378,8,2070.4,4549.43
2023-02-10,151,6,2702.02,2424.19
2020-02-22,214,2,3612.49,5774.22
2019-08-28,325,75,1921.56,5296.67
2019-11-14,159,19,2374.46,3001.98
2023-07-17,363,16,666.23,3344.66
2022-04-26,89,69,3826.5,5636.21
2020-08-11,250,38,3655.97,4431.64
2021-05-30,343,36,1412.74,5880.68
2020-12-07,260,97,3599.31,3973.46
2021-06-11,6,68,3700.43,3493.96
2023-04-07,363,39,1215.63,1136.75
2022-11-16,348,63,2494.59,2252.56
2023-11-27,144,44,2738.82,3025.86
2023-08-30,275,47,1671.32,5811.07
2023-01-09,186,34,1295.38,3459.63
2020-02-05,341,35,2907.29,2529.37
2022-05-08,186,82,2603.26,3681.23
2019-06-14,154,48,2834.04,3150.65
2021-07-26,16,91,4156.35,2500.06
2021-06-24,324,1,2167.63,4560.63
2020-04-22,107,85,976.38,2525.15
2023-08-19,362,68,3373.23,5870.61
2021-05-12,106,79,2309.05,2868.18
2019-05-20,139,73,4948.83,2725.04
2021-04-26,332,11,4234.01,4453.74
2019-11-07,170,30,3046.75,4670.48
2020-06-06,172,54,3365.88,3376.84
2022-01-04,110,31,4933.91,2497.6
2021-02-16,153,7,2578.05,4395.27
2021-08-27,400,31,2404.7,4371.58
2020-03-10,158,7,1730.32,4737.53
2020-12-19,206,13,1776.7,3903.62
2020-01-01,274,79,4246.24,5722.56
2020-11-05,117,53,987.17,2777.16
2022-10-20,46,99,722.84,3764.71
2020-06-09,15,14,996.98,3276.66
2023-05-02,4,38,3676.88,2662.67
2020-03-23,233,7,3203.25,5027.74
2021-09-25,391,6,3600.4,5009.81
2020-04-03,138,93,1551.72,3415.5
2022-03-03,315,87,4869.16,2859.07
2019-03-08,216,85,3075.41,2218.09
2021-09-04,375,82,1853.97,3387.09
2023-12-30,292,16,4898.77,5150.7
2023-09-09,245,57,1848.48,3378.68
2023-09-02,329,22,4748.88,2989.95
2022-01-10,36,44,3942.72,4667.31
2023-07-02,377,16,724.42,3984.9
2023-07-17,14,49,4482.78,2808.16
2022-01-26,337,98,958.35,5548.28
2022-10-21,232,72,4361.14,4550.34
2020-07-07,358,88,4717.46,5306.94
2022-02-09,393,81,2173.91,3151.75
2019-02-23,208,50,1318.3,3146.35
2023-06-23,360,33,1146.24,5530.2
2022-04-24,78,42,4166.14,1832.1
2023-11-03,258,11,545.75,4241.96
2022-07-06,145,31,954.47,4770.08
2019-12-21,51,25,1792.26,5773.0
2020-03-15,308,82,2411.08,2118.26
2019-10-14,353,64,3162.09,3771.81
2020-03-06,40,10,1039.67,3359.0
2022-02-28,312,57,2881.94,4680.98
2023-11-19,369,42,3845.08,1149.79
2020-04-29,165,27,4495.22,4194.94
2019-10-12,350,58,4180.29,4636.9
2020-10-05,175,9,2367.46,3622.39
2023-01-24,150,40,3913.54,1103.37
2023-06-12,151,83,2840.92,1425.42
2023-08-06,90,56,2956.12,3647.67
2020-08-07,308,78,4384.45,2948.42
2019-04-02,64,84,1314.22,2415.33
2019-08-21,398,36,3365.95,1255.92
2022-04-23,259,67,4743.91,5700.97
2020-04-03,217,100,2937.77,4105.02
2020-08-20,125,5,1163.38,3503.59
2022-03-26,310,29,2498.57,3277.12
2020-08-12,11,19,4901.17,2358.33
2020-08-14,20,70,1190.81,3991.32
2019-07-20,186,77,3550.42,3290.09
2022-07-07,356,76,2542.69,1084.71
2019-10-06,378,14,1938.41,4234.08
2021-01-02,369,23,3471.44,5833.61
2020-11-07,113,4,2588.18,5594.03
2019-05-13,139,17,3366.84,2965.06
2022-03-29,365,84,4969.31,3906.85
2020-07-15,376,10,2875.4,2794.34
2019-09-21,119,53,1196.94,1370.27
2021-08-31,43,71,2238.35,2313.27
2019-07-07,264,23,773.99,4860.9
2021-10-12,165,41,895.92,4099.65
2023-12-24,92,94,1922.18,1576.72
2022-11-25,97,42,2149.87,3767.01
2023-08-31,187,5,4124.75,3101.56
2022-10-03,6,79,3274.42,2363.44
2020-04-24,10,49,4697.49,5400.03
2019-03-23,293,52,2225.31,2806.97
2022-07-21,197,66,3565.35,3752.2
2022-02-19,210,54,1827.87,4436.75
2019-01-19,160,80,1458.95,2968.36
2022-12-09,91,80,1756.36,2101.17
2023-03-16,67,17,3803.22,1435.53
2019-04-10,394,44,4118.87,2427.17
2023-07-21,51,88,2529.27,5514.27
2020-01-06,311,72,744.63,3892.52
2019-12-10,344,12,3778.25,2376.07
2021-11-24,380,55,1897.8,1244.59
2019-12-24,400,74,4872.73,3509.13
2023-11-09,28,10,4921.31,2337.9
2020-04-19,286,39,1592.15,5792.1
2022-09-25,196,80,1830.63,1574.63
2020-10-31,102,97,2006.31,1518.6
2021-12-20,176,22,3901.04,4540.78
2023-10-16,64,97,4984.94,2943.12
2020-01-25,245,99,1869.83,4012.14
2021-04-12,228,64,4300.23,2050.85
2020-05-25,376,80,4529.27,1039.05
2020-08-16,208,35,3966.96,2584.45
2020-10-22,51,83,1833.16,4770.18
2022-08-20,218,43,950.64,2153.44
2020-12-08,28,53,2348.46,2859.66
2019-05-29,148,97,1987.59,1422.1
2020-05-26,180,77,3149.99,5098.96
2021-10-25,235,57,1165.41,5789.12
2021-02-06,314,45,2815.21,3653.81
2021-11-24,338,89,4984.23,4169.79
2021-01-10,98,16,4750.86,1704.4
2021-09-05,94,43,1411.87,4351.84
2023-09-10,275,24,4058.02,4745.91
2023-05-06,144,95,4790.56,5440.09
2021-06-06,110,34,3893.31,2431.32
2022-08-26,117,61,2064.28,5380.31
2023-09-22,227,76,3045.62,5048.43
2023-09-25,248,28,4968.82,1648.98
2020-05-24,181,54,4576.03,4713.84
2020-08-29,52,18,1664.6,5155.01
2023-08-07,353,39,2093.45,3513.29
2023-03-01,342,17,3232.78,2857.93
2022-07-02,14,58,3167.11,1610.77
2023-07-17,178,70,2731.6,1202.63
2021-05-05,320,84,1050.93,4205.79
2021-09-16,347,96,1936.41,2493.91
2022-04-06,350,70,2989.67,4355.45
2023-02-08,378,92,4336.21,5974.11
2019-08-16,154,83,2579.64,3745.71
2022-03-20,35,55,3560.27,1194.84
2022-10-06,189,23,3908.46,4222.46
2023-01-30,100,62,941.77,2943.29
2021-12-06,339,60,3661.73,4490.51
2020-11-24,7,67,4061.56,3873.84
2019-10-08,245,34,3580.91,5873.2
2023-11-01,361,90,3213.13,5281.54
2020-06-22,192,33,1164.64,4683.99
2023-08-13,40,9,3659.64,1876.13
2023-09-21,315,78,3751.05,5442.71
2019-09-24,140,65,1054.34,3309.24
2022-11-01,119,58,4356.83,2680.41
2023-09-22,79,57,2927.82,3479.77
2021-04-11,190,2,1815.17,2493.98
2020-10-04,113,37,4830.32,2768.69
2021-08-24,365,22,1197.03,1422.95
2020-01-02,279,18,1114.65,1130.78
2022-06-21,45,22,3537.36,5093.0
2020-03-06,120,96,3508.37,3318.17
2019-06-17,391,81,3354.48,1487.39
2022-11-28,392,93,2074.29,4017.6
2022-05-11,365,9,4605.38,5682.2
2021-07-01,368,40,3491.84,2849.68
2023-06-04,186,96,1256.78,2822.35
2020-07-09,110,59,630.84,4993.57
2020-11-06,315,23,4152.96,5114.15
2020-10-31,94,3,3833.31,1288.18
2019-07-21,223,77,4891.53,1072.19
2021-06-22,400,75,1659.4,2702.79
2022-09-08,298,97,4254.78,2057.86
2023-04-26,86,78,4298.49,2569.14
2019-11-18,372,7,2072.45,5018.78
2019-07-22,399,11,3759.0,4037.1
2020-06-12,70,21,2069.45,3996.98
2020-09-02,346,79,4972.85,2847.0
2023-10-02,236,5,3511.44,4217.46
2019-03-07,150,86,2812.85,1082.97
2020-11-17,286,84,2950.13,1837.58
2019-08-14,104,92,4206.03,5586.67
2020-06-06,1,82,2365.19,3210.23
2020-03-03,235,33,750.56,2338.41
2020-05-28,111,78,941.04,2844.32
2020-07-15,135,20,4952.77,2428.53
2019-10-22,103,29,4559.28,2228.57
2023-07-22,168,21,4644.95,2051.15
2022-11-23,273,45,2889.5,2184.93
2022-03-24,313,90,3604.76,4071.09
2019-07-11,25,18,3859.04,2723.93
2019-01-19,46,80,4250.14,1005.68
2022-10-10,147,77,667.36,3133.48
2021-08-18,186,37,4440.62,5059.72
2020-09-13,297,70,3243.79,1940.83
2023-08-11,188,57,4977.31,5764.74
2022-03-25,321,8,1653.91,5922.57
2019-12-07,37,32,3233.76,3832.62
2021-02-16,350,16,2647.35,4187.84
2023-10-14,218,80,4125.61,2115.71
2019-11-26,183,71,3887.35,3151.07
2021-01-19,66,53,4122.35,5745.31
2020-10-14,234,35,1825.39,4719.09
2019-04-29,162,46,4110.25,1980.75
2020-05-15,175,1,4842.09,1380.73
2022-10-28,5,73,2587.94,3221.1
2021-08-12,23,51,2515.7,4266.67
2021-11-13,123,87,2563.16,5919.3
2020-10-20,186,43,4105.43,4923.75
2020-05-17,230,37,4425.77,1543.11
2020-01-03,9,46,1987.51,2649.45
2022-10-05,231,99,1400.76,3804.41
2023-09-11,288,80,1015.54,4149.83
2020-03-23,332,51,1122.54,2303.34
2019-03-15,346,94,731.59,2382.59
2021-07-23,160,43,630.56,1625.67
2023-04-21,333,53,3335.88,5282.56
2023-07-31,398,52,4577.72,4759.48
2023-08-20,51,42,2696.28,3746.02
2019-06-05,4,26,4238.34,5903.84
2022-09-26,398,40,1685.99,3937.76
2019-07-15,163,56,2979.04,4639.6
2022-07-02,97,24,1073.65,3890.57
2022-08-13,205,44,4115.41,4379.88
2020-07-04,171,66,2904.25,2047.61
2023-04-06,7,7,2076.62,4425.46
2021-07-27,110,10,2573.91,2830.68
2023-11-21,329,88,3976.25,4252.05
2022-06-18,353,33,2968.16,1409.74
2019-09-13,341,2,4863.1,3926.29
2023-07-21,70,52,1984.69,4010.96
2021-07-13,233,70,4212.59,1683.62
2020-01-09,388,50,602.63,3134.62
2020-09-03,20,16,2148.46,4252.01
2022-12-23,274,6,1636.34,3544.83
2019-08-30,215,80,3330.97,2764.02
2023-04-02,145,26,1948.67,4845.09
2022-02-16,358,79,4451.98,1073.99
2023-12-19,316,45,1250.67,1008.44
2021-09-22,311,61,4386.4,1935.96
2020-12-04,236,25,4395.49,3777.61
2021-01-02,337,74,3721.37,3544.3
2021-05-23,136,86,2445.07,4648.88
2019-01-07,64,47,2948.52,4017.81
2019-07-05,29,75,3056.68,5797.23
2022-10-21,293,31,4841.38,2974.35
2021-01-01,34,62,1079.87,2471.7
2021-08-24,354,94,2016.3,1702.03
2022-03-17,325,95,1279.64,3688.13
2019-05-21,266,55,2085.2,2146.2
2020-03-30,92,32,555.9,3340.48
2019-03-26,88,87,1610.62,1112.25
2022-01-01,398,35,3116.75,5727.09
2021-03-19,264,34,2128.85,3001.86
2019-04-06,203,61,1711.91,4219.33
2023-02-20,286,35,4471.71,3830.82
2021-05-26,41,76,3345.52,5636.81
2022-04-04,15,72,576.51,2028.08
2020-09-02,77,79,3332.12,4690.74
2019-05-17,158,32,4840.11,4972.2
2020-04-13,67,13,4272.38,3177.65
2019-04-07,296,62,4107.27,2853.6
2020-04-02,115,73,549.71,3274.62
2023-06-05,14,27,3611.34,2926.47
2022-06-08,194,16,4565.53,3820.58
2023-01-11,261,38,2175.74,3021.0
2021-07-19,329,26,1557.28,3976.18
2022-06-30,207,95,1543.48,4913.94
2022-08-23,82,82,3217.34,1694.83
2023-05-20,370,17,981.14,1582.2
2022-05-16,171,21,3895.49,4871.99
2021-06-20,91,31,4310.63,2358.04
2020-02-21,79,89,2495.65,2471.68
2019-09-10,31,91,842.78,4228.24
2020-01-13,82,13,913.91,1046.63
2023-10-28,12,48,560.72,1552.65
2022-08-20,76,51,4011.78,3406.91
2022-10-27,134,15,667.13,5459.52
2023-10-21,388,84,4846.32,5796.69
2019-09-12,312,70,3130.91,5237.91
2021-11-11,178,50,1814.35,1684.68
2022-05-17,90,39,3866.87,4487.21
2021-02-10,317,26,726.14,2125.73
2021-04-24,119,31,1639.42,4736.37
2020-05-05,15,29,2959.82,5043.42
2019-10-14,94,97,2918.89,4482.96
2021-04-22,69,98,559.93,4683.44
2019-09-07,283,64,1581.97,3828.39
2022-03-30,109,81,3724.68,5869.28
2021-07-13,52,36,1329.6,3466.88
2023-12-28,211,32,2042.39,5456.13
2023-10-14,351,50,3318.37,3691.64
2023-12-20,83,29,3500.06,4834.72
2022-06-15,236,55,765.78,2701.13
2023-11-09,318,41,2510.09,3312.23
2020-10-22,335,50,3704.27,3805.81
2019-07-22,142,42,3405.18,3825.63
2019-08-06,315,85,524.35,2906.82
2022-10-22,360,62,1387.73,3591.51
2021-08-01,247,55,2277.63,2677.05
2021-12-31,219,49,4018.87,5809.84
2022-02-13,252,25,1808.87,3471.06
2020-12-18,381,66,3762.91,1571.09
2023-12-09,335,67,3581.93,2841.33
2022-09-23,368,39,4982.07,3349.44
2020-02-27,281,32,2254.52,3355.3
2023-11-29,365,26,3493.32,4998.11
2019-12-19,8,46,4119.07,4572.88
2022-08-06,349,87,1614.85,1842.78
2020-04-08,146,24,1969.03,2421.88
2022-05-30,188,75,3348.54,2060.44
2022-11-19,291,82,2887.46,2761.81
2019-02-05,223,84,4731.15,3963.03
2021-07-15,100,85,2485.63,3776.07
2021-11-09,132,6,3422.77,5152.78
2023-05-25,170,59,1728.06,1622.3
2023-05-26,384,24,4775.71,2502.28
2020-11-17,151,96,1727.18,1554.46
2020-06-29,216,82,3210.98,2851.12
2023-11-25,52,67,3661.49,3560.66
2023-03-09,170,16,4313.76,5892.35
2022-08-03,21,6,2191.0,1145.1
2020-11-08,317,23,575.58,2884.85
2021-09-26,150,40,3870.21,4095.97
2023-02-26,317,37,2298.72,3726.45
2020-04-11,42,16,3857.34,3759.71
2021-09-10,160,55,2548.71,5731.4
2019-08-05,114,33,2379.44,4116.89
2019-01-17,90,14,3872.65,3263.26
2023-01-12,161,55,1008.58,1374.73
2019-02-10,2,77,3258.91,1622.08
2019-01-26,19,90,2965.25,5300.0
2023-02-22,85,10,3474.38,3450.21
2019-10-08,125,61,2912.77,4675.68
2022-06-17,249,30,4172.97,3181.89
2023-08-07,273,40,3857.36,2846.14
2023-03-08,67,24,3139.14,4823.3
2022-01-01,366,2,4649.35,4517.88
2023-06-19,392,82,3678.84,4929.41
2019-08-28,268,46,3696.56,2937.16
2021-01-20,330,53,1239.24,1781.39
2020-05-08,321,99,783.13,2503.38
2021-07-15,106,68,1125.37,2533.99
2023-11-08,167,51,3559.75,2706.01
2022-07-28,252,22,4028.06,5553.12
2022-05-19,230,36,3883.4,2689.58
2020-12-30,264,10,2534.03,1434.77
2022-04-16,377,12,1279.92,5809.2
2023-06-22,377,21,4248.38,4896.03
2023-05-19,197,52,1415.34,5976.38
2020-05-31,34,73,2115.24,1095.25
2019-09-30,249,23,2542.41,5181.8
2021-01-10,160,32,3519.06,5323.13
2020-12-03,187,42,3793.4,5913.32
2022-09-25,96,5,3253.76,3520.78
2021-05-07,276,68,3085.2,3365.12
2023-02-07,63,6,4486.4,1938.24
2023-01-08,163,71,4433.19,3880.34
2020-09-05,297,10,4913.14,1548.88
2021-01-15,295,17,1119.72,2147.91
2023-01-20,326,68,2903.16,2421.35
2019-08-29,347,14,4824.23,5891.11
2019-03-06,238,39,1684.65,3480.62
2022-02-03,150,90,1678.61,1335.64
2022-11-27,116,19,1183.04,3095.94
2019-04-26,291,26,4437.74,3039.12
2019-02-21,65,48,4763.6,3775.39
2022-06-15,284,71,3654.02,1629.19
2019-06-16,124,20,2653.46,5308.82
2023-09-24,340,34,3630.94,1802.47
2021-07-23,341,71,4962.77,4170.11
2020-05-26,42,32,2335.12,2593.12
2022-03-29,132,85,3720.47,2099.4
2021-05-07,318,69,517.76,3387.44
2021-03-19,120,54,2445.26,1232.61
2023-07-07,107,44,3935.8,1936.02
2019-01-18,298,29,4839.99,2754.3
2021-04-14,371,40,1774.65,4713.81
2021-11-11,184,51,2847.73,5159.53
2022-11-13,10,35,4414.12,5327.24
2023-09-22,217,93,2049.98,2162.9
2023-03-16,45,93,3119.87,5525.9
2019-01-31,17,37,1759.85,5746.87
2022-10-01,176,96,4806.62,1170.09
2021-08-15,51,60,2375.27,3176.5
2020-11-24,51,81,4593.13,1430.63
2019-10-19,152,25,4670.68,1950.03
2023-01-11,328,44,2985.29,1044.06
2021-02-23,2,47,4253.89,2178.47
2021-01-30,249,29,1947.1,4949.16
2023-07-18,135,48,1036.43,3030.51
2023-03-02,210,79,4202.2,1508.18
2021-05-26,197,79,1592.64,1340.83
2020-06-15,367,20,1732.46,5285.86
2020-04-18,350,86,3137.84,4137.48
2020-08-11,117,91,2778.82,4208.32
2022-02-25,342,77,2763.44,3764.28
2022-12-20,252,15,4776.28,1882.56
2023-12-01,382,36,1271.06,4277.04
2020-07-13,172,86,2567.87,4403.97
2021-03-26,300,97,3574.73,5297.78
2020-12-31,41,74,4915.91,5078.89
2022-01-23,264,37,3454.11,3246.16
2021-09-12,398,24,2509.56,1309.44
2023-08-30,255,10,3791.39,3662.51
2022-03-31,127,37,1547.8,3580.15
2023-09-07,310,81,1588.67,4213.64
2021-12-11,192,12,2476.53,2669.1
2021-12-30,285,56,3096.55,3541.36
2020-12-07,48,97,3663.2,1562.63
2022-04-04,25,92,4172.49,2315.62
2020-01-04,364,45,3212.99,2959.05
2022-10-03,138,3,1627.4,3646.4
2020-10-31,363,58,2217.89,4657.38
2020-10-23,289,64,1332.43,5986.31
2019-04-04,319,22,2208.82,4477.26
2019-11-27,156,35,3613.27,1684.98
2019-03-27,246,81,3299.65,2393.89
2022-08-29,222,42,3637.39,4882.46
2021-10-11,230,14,1541.2,2896.96
2020-06-30,200,37,2658.6,1737.04
2020-12-25,232,61,1377.55,4173.19
2022-06-20,167,84,1714.1,2318.24
2019-08-08,297,15,1008.5,2482.69
2020-04-05,45,6,1930.95,3978.24
2020-03-14,292,8,2840.36,5414.83
2021-09-22,91,85,1010.56,3077.67
2021-04-24,87,89,3749.6,5833.97
2019-10-20,284,5,3247.41,5823.02
2020-06-21,354,74,3999.14,1030.54
2022-07-09,51,95,4938.29,1398.58
2023-01-26,352,92,1867.0,3073.94
2019-02-02,317,59,1349.22,4045.66
2023-09-20,148,73,3581.1,3225.11
2019-06-14,241,80,1516.9,4798.82
2019-08-19,149,21,3232.86,1361.19
2020-01-27,12,21,3219.45,1743.73
2022-12-10,381,57,1024.28,5747.71
2019-10-20,167,84,1665.08,2098.07
2023-07-11,313,94,2839.6,3097.75
2019-11-25,300,74,2193.24,3891.09
2023-11-28,190,67,1940.17,5417.0
2019-01-05,69,73,1510.06,3920.43
2023-02-14,194,87,3737.53,2460.16
2019-02-13,281,28,2583.81,3613.12
2023-12-19,150,100,2181.1,2078.7
2021-01-01,236,71,3949.25,5322.53
2020-06-30,371,63,2564.66,5136.11
2019-04-27,236,30,2574.33,1977.04
2020-04-20,149,62,3232.92,2409.64
2022-01-17,145,61,4007.59,4856.37
2022-02-27,116,91,1551.61,5174.83
2020-03-16,168,92,2211.87,1266.36
2019-03-09,316,66,1291.37,2651.31
2023-12-20,342,6,596.15,5744.86
2023-12-05,69,48,1200.5,5136.77
2023-09-13,327,34,3399.59,1491.02
2019-03-01,310,53,2618.04,2895.72
2019-02-09,280,90,3491.31,2477.47
2022-02-18,317,3,2947.97,3675.72
2022-09-24,395,54,3520.76,1733.99
2019-11-24,257,27,525.11,2459.76
2022-09-15,142,7,2521.45,2951.74
2019-10-15,293,35,2469.82,2447.98
2019-07-26,167,14,3387.18,5806.54
2019-12-26,188,5,1233.28,3542.86
2021-10-08,26,61,2570.09,3693.38
2022-10-26,138,55,4459.8,5032.35
2020-08-18,241,67,580.71,1111.69
2021-08-29,288,45,2343.72,5516.74
2023-04-26,33,83,1401.89,4976.72
2021-02-13,285,19,4572.11,2547.2
2023-09-25,108,34,4254.96,5998.11
2019-05-07,124,50,663.67,4557.43
2019-06-22,214,97,4041.79,3639.43
2022-12-18,20,95,3991.03,1774.92
2023-05-17,254,13,3758.71,5488.8
2021-09-04,375,25,3983.43,4565.32
2021-05-05,361,2,827.07,2712.09
2021-05-04,13,27,2074.88,1946.83
2020-08-12,357,99,2833.07,3224.53
2023-09-07,351,58,3681.3,5072.34
2019-10-23,20,44,2899.19,4364.21
2022-04-09,58,34,3002.08,4048.61
2022-05-24,368,43,2742.72,5399.2
2019-07-07,308,18,1964.66,2594.36
2019-12-18,177,8,2347.14,2318.98
2022-08-25,310,44,1739.01,4211.92
2020-10-07,357,10,4521.5,3901.2
2022-12-30,78,47,3642.82,2599.01
2019-06-25,139,12,3685.69,5311.02
2019-04-20,323,76,2101.94,5255.59
2019-04-25,224,73,2512.04,3189.28
2022-10-09,60,10,4486.71,1459.61
2022-01-21,286,62,882.59,1433.95
2021-05-29,287,94,4976.74,5946.21
2020-02-01,18,49,4004.96,2154.6
2023-10-04,353,17,3254.47,3514.21
2020-10-08,400,34,3577.47,2104.3
2019-05-25,209,12,1048.1,4571.51
2019-09-29,162,28,970.67,3269.89
2020-09-07,264,95,1144.86,1062.38
2020-01-09,267,45,1400.81,2989.48
2021-11-10,89,28,4433.62,5466.61
2022-01-05,376,29,1546.95,2148.48
2021-09-09,212,86,1796.37,1873.66
2023-06-14,64,34,2508.88,2832.47
2020-07-27,80,75,3608.32,4048.37
2023-09-19,377,39,2576.12,2460.44
2023-03-05,163,7,1187.46,3485.92
2019-12-29,145,82,1668.13,2765.01
2023-07-18,48,60,548.88,4231.55
2019-08-15,362,92,1003.24,3844.67
2022-07-07,154,30,3115.96,4491.74
2019-02-20,358,33,4695.78,5770.45
2022-12-13,204,31,3119.63,2510.35
2021-03-16,252,88,3969.56,4423.7
2023-08-22,339,90,1165.09,5696.31
2022-07-16,148,83,4713.04,5931.92
2021-11-19,323,76,1007.96,5472.44
2022-09-06,229,66,3460.94,2019.07
2021-03-12,392,31,2339.78,3649.09
2020-06-25,77,50,4254.57,3658.29
2021-09-29,178,95,1408.5,2841.17
2023-12-22,92,90,2636.72,5991.16
2019-11-18,291,62,3387.29,1173.73
2023-07-03,390,52,2332.25,5767.76
2021-07-06,350,59,2516.61,5839.98
2021-04-20,273,44,2990.95,3860.91
2019-12-22,191,60,2946.33,2731.67
2021-02-27,141,87,1530.39,1414.2
2019-12-14,11,90,4253.88,3912.62
2023-11-20,155,17,3982.03,3540.83
2022-05-05,141,70,2631.68,4819.42
2022-12-07,61,77,3013.48,5554.77
2023-10-06,272,64,3970.5,3164.97
2022-02-07,187,23,3323.91,5403.14
2023-05-02,374,35,2045.89,4106.39
2021-11-03,52,23,1638.12,2000.72
2022-01-21,19,78,2918.08,2348.35
2021-01-23,276,31,1308.3,2849.24
2019-08-09,241,58,1712.2,4879.86
2022-11-15,208,29,4742.73,5730.6
2020-06-11,2,68,2815.27,1265.81
2019-06-01,329,26,3809.96,4583.91
2022-10-10,138,37,4440.7,3169.5
2023-09-03,6,85,1250.67,5970.53
2020-03-15,29,99,3998.21,5696.38
2021-12-06,391,97,2759.14,2465.88
2023-09-08,39,83,1587.69,5941.94
2019-11-25,290,16,4493.95,2342.71
2022-09-28,145,39,737.4,1852.51
2021-12-17,293,54,4924.98,2585.45
2019-12-07,364,87,617.41,1372.62
2022-01-28,147,27,3667.1,4824.35
2022-06-26,187,53,4180.33,4028.7
2020-10-12,38,78,3461.96,5090.96
2019-01-20,246,74,1358.47,3007.71
2019-09-25,320,64,3638.3,4574.16
2021-02-01,367,67,1049.63,5537.04
2022-08-02,138,90,3845.34,1600.84
2021-04-03,190,48,4684.83,4047.24
2023-02-19,215,46,4656.05,2123.54
2020-02-17,216,20,1480.46,3226.86
2022-07-21,300,39,4593.14,5256.54
2023-08-17,106,25,4443.79,3981.06
2019-02-20,194,56,3384.47,4993.2
2021-11-16,330,84,3015.18,3344.74
2021-01-17,303,25,3191.98,5011.11
2022-10-08,246,38,1769.04,2788.59
2021-07-31,1,64,1117.58,4741.94
2020-09-02,19,84,3449.26,2901.45
2022-03-19,299,41,4359.63,4807.12
2021-09-07,12,33,4794.46,2026.38
2022-12-03,122,17,1612.94,1830.28
2020-07-05,242,24,3978.88,1484.61
2022-11-22,242,38,2608.0,2487.68
2022-05-21,34,45,3315.93,1713.47
2021-09-17,172,7,4931.87,2319.02
2022-06-25,118,50,843.44,5576.88
2022-08-11,238,14,3001.35,3241.97
2023-07-16,85,71,3854.03,1514.03
2020-11-26,104,94,1010.9,5808.45
2021-08-24,326,20,946.04,5083.22
2019-08-19,75,95,4040.75,5837.15
2023-01-07,230,68,1731.8,4915.73
2022-04-23,326,54,2452.6,5658.74
2022-07-06,279,72,4282.32,5804.69
2022-07-28,179,11,1972.65,4557.33
2023-09-07,393,47,3312.76,5270.48
2021-01-05,324,70,3332.77,5067.38
2022-09-26,393,37,1375.93,3323.9
2021-06-11,319,29,1508.24,2987.05
2019-12-22,84,84,3976.34,3762.13
2021-02-14,386,60,1833.5,5853.59
2019-07-15,96,21,1403.36,3972.12
2020-12-18,260,43,4724.38,5369.0
2023-09-27,270,81,3872.81,3454.58
2019-12-31,12,35,4190.92,4561.24
2022-04-03,346,25,2073.72,1807.87
2020-09-27,391,1,4997.25,4842.34
2020-05-27,316,30,1343.37,1666.33
2020-08-13,301,48,1012.8,1301.6
2021-10-30,339,50,4796.85,2365.55
2021-09-19,35,40,3346.66,2676.65
2022-05-30,330,34,2454.49,1617.24
2020-04-06,331,52,4881.24,2194.0
2021-07-03,33,51,3049.49,2925.44
2023-11-14,168,61,868.64,4064.5
2020-02-04,166,16,1186.73,2409.33
2022-01-07,24,8,2352.42,3210.13
2022-08-03,392,12,2921.29,4945.41
2019-01-09,43,32,3244.69,2831.89
2020-01-17,323,94,1612.44,4739.53
2021-05-23,337,33,4570.24,4612.95
2020-08-08,147,64,2026.06,4785.52
2020-11-15,24,94,2669.44,3018.14
2023-02-25,176,66,2865.54,4131.24
2022-05-04,178,92,2582.76,2790.82
2023-02-05,16,55,3906.77,3532.99
2021-07-26,135,30,4349.84,4299.71
2021-06-03,353,1,1005.01,4438.04
2019-10-07,38,84,1697.17,5287.78
2023-08-07,300,22,4272.99,2342.72
2023-08-17,124,32,3585.49,3469.91
2023-06-29,241,22,3545.19,1913.32
2023-05-14,294,29,4316.99,5601.01
2022-07-10,180,86,2548.41,1870.47
2020-05-29,352,75,2841.2,5749.57
2019-02-17,169,96,3629.69,4963.63
2023-02-14,55,47,1155.49,5767.48
2021-06-02,76,11,3368.81,3077.06
2020-04-06,347,90,762.26,3192.12
2023-05-13,169,49,3996.23,5699.54
2023-07-23,202,31,2699.58,4560.65
2023-10-12,35,15,3952.89,2650.45
2019-01-14,360,28,916.51,5501.3
2020-05-14,350,70,698.36,4568.93
2020-05-14,258,50,958.84,1505.81
2019-04-15,330,87,2577.0,1931.32
2019-12-12,165,22,4744.17,1433.14
2020-01-14,270,31,1946.55,1498.35
2022-06-29,320,83,2763.88,1569.59
2022-08-16,146,92,1460.94,5289.64
2021-08-08,372,90,2035.98,2393.79
2023-10-31,1,81,4570.44,3328.75
2023-11-11,11,78,1030.7,2212.57
2023-10-16,275,75,3060.64,4467.59
2022-06-15,178,24,4024.69,3021.35
2022-04-30,283,92,3244.0,2142.58
2020-06-12,353,24,1152.61,3288.8
2022-04-17,291,88,1478.05,3171.52
2021-07-23,357,8,2940.22,4336.63
2019-12-11,136,100,4744.64,3008.02
2021-04-14,388,73,1130.8,5776.68
2022-01-08,167,81,2863.37,1634.14
2022-06-22,69,100,677.67,3605.16
2023-05-16,67,57,547.29,2316.85
2023-06-24,337,40,4598.64,2988.72
2022-07-02,393,64,2253.25,3359.92
2020-10-18,86,41,4955.92,1982.7
2021-11-06,298,87,1489.14,1140.41
2020-06-28,209,62,1087.2,2227.5
2022-04-16,370,58,2448.3,5237.46
2019-09-13,54,27,937.91,3164.04
2020-07-25,258,3,1076.52,4433.83
2020-03-10,301,22,967.56,5650.86
2021-03-04,284,62,4369.96,2811.97
2021-03-04,92,67,579.17,3660.02
2021-01-24,44,54,645.97,5000.64
2020-12-24,292,65,1421.85,2190.75
2019-06-13,246,94,1676.17,4273.25
2022-05-06,325,7,4794.4,5878.79
2021-11-16,305,9,948.29,1266.12
2020-08-04,396,72,2232.08,4830.47
2019-05-27,397,33,1282.51,1877.34
2022-06-27,100,44,2732.26,5968.12
2020-09-10,199,81,1181.67,3923.05
2023-10-26,67,14,941.64,3503.61
2021-05-06,139,21,4174.61,3551.4
2021-01-19,44,62,2101.72,3097.8
2022-01-11,58,47,1564.07,4444.84
2022-12-30,59,85,3855.7,1012.2
2021-12-08,333,38,547.99,2070.53
2021-01-28,368,7,2178.9,5982.12
2020-10-24,129,28,4822.97,2643.82
2019-01-10,148,68,4518.27,3821.36
2021-09-10,197,32,4055.84,1951.11
2022-03-06,271,42,1282.17,4255.29
2023-12-06,80,55,3931.3,1770.11
2022-01-29,34,32,3088.59,1055.67
2019-07-14,241,84,4457.04,3711.21
2020-05-24,226,26,1387.08,3715.52
2022-07-11,319,28,2634.51,3490.81
2019-08-26,259,42,1250.31,4047.83
2022-02-28,279,56,519.08,4730.72
2021-04-23,284,90,546.44,5754.55
2021-11-29,220,13,2737.7,2827.31
2022-06-12,393,83,3137.86,4009.24
2022-04-30,310,35,4089.27,4859.66
2023-03-27,326,72,4076.88,5973.23
2021-01-15,51,82,893.25,3062.45
2020-09-15,69,89,3262.74,2686.76
2021-06-02,224,65,863.3,1986.78
2019-07-06,45,5,4997.84,2964.9
2021-07-04,215,69,2498.25,5541.9
2019-05-25,103,30,2915.89,3501.84
2022-09-05,306,78,2199.89,5082.42
2020-01-21,99,71,2561.35,2887.26
2021-08-28,254,38,574.64,4256.95
2022-05-22,169,68,4446.82,3723.48
2021-01-26,353,83,3002.01,3262.38
2019-08-13,67,2,1800.81,2754.77
2020-07-02,67,89,2931.62,2493.32
2020-05-06,32,56,2625.41,2335.67
2020-09-14,148,96,3073.62,3743.82
2022-02-03,240,94,4843.44,4101.93
2019-04-12,165,63,1864.43,2813.53
2022-10-07,310,54,4340.67,3402.57
2022-03-29,177,52,4465.39,5109.49
2020-03-02,38,62,1823.56,2090.32
2020-04-04,197,59,3742.75,5453.56
2019-05-07,183,83,771.83,4742.53
2022-04-30,339,63,683.91,4017.41
2020-05-12,156,81,3408.5,1126.96
2020-12-04,37,12,1802.21,3151.21
2019-11-09,33,99,4929.12,4088.41
2019-07-23,132,83,2030.77,1436.18
2021-10-13,12,85,4546.7,1176.67
2019-05-30,382,53,3366.27,1598.49
2021-02-11,340,57,4484.6,5645.39
2019-04-02,118,78,4808.43,2261.7
2019-03-07,43,78,3512.14,4329.08
2020-04-07,349,22,4081.31,1181.08
2023-03-05,16,60,3494.31,5176.66
2022-05-24,357,41,3129.18,4631.51
2022-05-10,88,14,3172.79,2692.21
2020-07-31,361,14,3930.48,3094.26
2022-01-20,66,16,2218.9,1460.5
2022-05-18,291,18,983.51,3203.21
2022-12-14,197,35,2244.06,1274.05
2019-02-10,321,4,1932.29,1964.23
2021-02-08,93,59,3407.16,2270.51
2021-10-25,172,45,3814.84,2514.06
2023-06-14,73,37,3084.19,5417.51
2020-12-31,339,76,805.2,5631.44
2022-04-24,320,28,3477.04,5713.0
2020-02-04,25,67,3286.61,3727.9
2023-01-21,33,8,3921.68,4544.91
2019-11-08,76,32,2752.06,1798.82
2021-01-02,40,60,2529.3,2144.19
2019-08-24,223,55,4480.87,1765.95
2022-02-01,353,93,1900.9,3234.19
2020-05-03,353,92,3824.44,4270.61
2021-10-25,235,82,706.4,4406.79
2019-10-04,368,5,4068.6,1024.62
2019-03-29,270,20,3643.25,1726.67
2020-08-21,396,90,4260.06,2566.61
2020-09-29,334,61,2203.0,2720.37
2020-07-07,280,38,4509.29,2558.14
2023-08-06,297,72,3968.3,4031.27
2022-03-25,275,90,1855.21,4660.14
2020-01-09,345,80,4891.29,2299.68
2023-02-06,87,13,3200.33,4523.7
2022-03-22,99,22,708.78,1535.97
2021-10-29,207,11,1458.69,1891.29
2022-10-01,153,71,2780.78,5022.61
2019-08-19,183,56,2511.57,3832.81
2021-08-05,200,75,3966.43,2705.85
2023-05-23,15,67,549.09,4660.95
2023-04-07,161,94,4055.68,1485.2
2023-06-07,1,73,1578.84,1853.7
2020-04-11,192,29,2406.56,3118.34
2022-12-01,102,40,2560.79,4350.78
2019-03-18,24,96,2809.12,4806.88
2020-11-09,390,16,4929.83,2185.7
2023-03-18,235,28,2188.67,3881.44
2023-08-25,319,28,4398.91,4731.23
2021-02-09,176,24,1226.12,2512.62
2021-08-24,214,58,1634.26,5572.46
2022-10-25,171,51,4728.96,3914.17
2022-12-22,318,77,3948.95,1073.4
2021-07-31,178,47,663.86,4863.0
2021-07-11,78,37,3691.07,4857.35
2020-10-17,90,59,3485.84,3643.18
2020-03-01,193,94,4429.3,5728.37
2023-09-19,61,96,4184.53,2507.15
2022-05-04,187,82,854.95,2524.92
2021-03-26,132,28,4525.2,4946.38
2022-07-31,389,53,723.87,3439.05
2022-07-06,220,3,4907.4,1706.19
2022-03-30,375,75,967.82,4693.99
2020-07-04,288,8,1730.8,1186.54
2022-04-19,290,53,4214.2,5876.9
2021-06-13,13,51,541.78,3710.56
2019-02-28,234,44,2379.76,1783.82
2023-12-16,251,68,3623.2,4208.59
2021-06-15,295,13,2397.85,5455.76
2023-06-04,117,25,3441.71,4207.62
2023-02-05,100,58,3690.8,1570.15
2019-02-21,217,54,2283.34,1346.7
2021-05-13,351,25,1856.03,1464.68
2023-08-10,121,74,4532.73,5998.29
2020-07-29,392,30,1700.53,3871.8
2022-01-28,165,71,4374.5,5196.68
2022-06-13,254,57,4919.32,3552.88
2021-12-11,225,39,500.74,4830.81
2019-11-25,311,29,1825.67,2041.22
2020-01-21,253,63,4080.76,1686.52
2022-04-17,355,33,2666.94,2685.57
2020-04-08,339,88,1378.61,1542.49
2021-11-07,229,25,3752.56,5069.29
2020-03-22,309,4,1495.29,1194.53
2021-04-24,365,60,4157.53,4960.33
2019-03-20,262,67,1474.21,3266.93
2022-07-16,215,88,2252.01,1319.08
2022-02-07,196,44,4662.34,4650.93
2023-10-01,330,22,2040.82,2669.32
2022-02-07,369,7,4163.37,4257.96
2020-10-18,35,30,2029.53,5579.35
2019-06-14,130,24,590.45,4037.12
2022-03-31,214,87,580.48,3641.72
2020-06-23,71,85,902.98,4898.93
2021-08-23,210,14,3147.36,2044.9
2020-05-19,248,12,2159.84,3438.11
2022-03-11,228,97,2161.19,2673.06
2023-05-02,74,92,2584.41,2829.27
2021-12-06,225,14,906.48,2601.03
2023-06-29,390,2,4724.99,3102.04
2021-10-23,206,5,4270.96,5398.39
2020-07-16,279,86,1412.19,4778.57
2022-02-04,9,45,2758.54,5184.41
2023-04-11,341,96,1438.48,5580.06
2023-06-24,395,65,4434.46,4172.62
2019-01-06,93,71,3990.66,4914.78
2019-08-31,150,10,1032.54,3563.63
2023-09-09,72,75,849.95,1784.05
2022-09-06,37,85,977.35,4487.12
2019-03-26,48,11,2836.03,3721.55
2023-05-01,366,23,1035.38,3580.5
2020-06-14,149,29,4592.81,2062.18
2019-02-26,187,67,826.88,5364.73
2022-11-04,91,58,2878.74,1915.05
2022-08-18,334,58,1873.91,2767.8
2023-12-06,33,65,1785.82,5202.8
2023-09-20,296,4,1808.48,1531.38
2020-10-18,30,9,1033.05,2663.31
2020-08-31,105,29,3526.35,1358.29
2023-09-21,341,91,4082.71,5959.61
2023-07-01,83,78,1247.05,1266.86
2023-10-30,209,60,2171.77,1838.78
2023-01-27,241,44,4784.2,3324.94
2019-04-01,22,58,808.9,1365.65
2019-06-18,229,13,3414.82,3685.15
2021-06-18,385,21,1247.01,1070.15
2021-03-12,304,98,3805.2,5656.17
2021-05-09,375,48,738.66,4645.6
2021-08-26,246,92,3082.74,3641.52
2021-01-17,356,6,838.73,5627.82
2020-06-01,283,93,4382.89,3912.02
2020-11-09,273,18,4611.29,2792.32
2019-12-27,368,30,2971.02,4178.87
2019-11-15,128,81,2886.66,5031.89
2019-04-02,40,21,4722.84,2937.53
2023-12-07,132,70,769.4,3154.17
2020-11-21,14,39,669.67,1856.43
2023-08-25,258,26,799.44,4893.11
2019-01-05,211,68,3421.62,1081.99
2019-07-20,359,17,2832.5,2432.28
2022-08-27,228,87,4768.75,3526.66
2019-04-19,21,7,3967.34,4570.47
2021-05-30,372,85,3567.86,5658.85
2021-01-07,34,23,1143.01,1160.84
2020-10-04,48,33,4839.91,3567.96
2020-12-11,236,25,959.97,4713.12
2023-03-30,31,16,2649.76,1207.12
2019-05-12,173,35,3292.57,3439.7
2023-05-30,119,83,1192.27,1370.87
2020-05-19,131,83,4413.4,5932.07
2023-03-28,110,38,764.23,1340.96
2023-06-20,148,55,4402.81,4553.48
2022-08-09,66,66,3470.83,1462.06
2020-01-31,142,90,1475.64,2063.32
2021-06-05,206,52,3544.88,2031.84
2019-12-22,263,44,4764.42,3121.04
2022-07-18,375,90,1621.51,5535.96
2021-02-24,341,19,4773.69,4950.75
2023-06-16,27,3,833.13,4374.32
2022-12-21,154,61,2527.82,5378.63
2023-04-21,292,13,4807.81,1878.02
2019-05-17,54,33,2363.65,5042.52
2022-01-12,106,30,4144.01,1366.35
2020-04-04,358,72,1808.55,4788.76
2023-04-23,310,42,854.04,3530.2
2023-05-17,332,30,4976.59,3907.05
2019-06-28,122,75,4832.31,2827.52
2022-10-19,214,93,4910.32,4271.13
2019-02-11,85,8,3905.23,2456.46
2023-10-04,7,40,927.57,5406.69
2022-04-26,174,49,3878.29,2432.56
2020-01-28,102,97,1460.1,1451.84
2023-10-01,345,44,4631.26,1980.1
2023-04-13,380,90,2664.53,1285.74
2021-02-11,159,54,2880.29,2414.44
2023-03-02,248,47,3806.92,3272.43
2019-08-26,331,81,2486.71,3892.17
2022-11-30,8,87,1926.2,2679.5
2019-05-17,97,9,1390.55,2386.37
2020-10-13,223,28,4945.26,5440.39
2019-09-20,122,55,3379.95,4961.24
2023-03-02,172,63,3377.23,3910.48
2023-12-27,281,85,2086.33,3780.93
2019-02-22,87,99,4937.0,4591.26
2022-10-23,27,44,1366.95,3886.19
2019-04-24,56,99,1210.86,5781.63
2021-06-10,36,24,813.91,5616.26
2019-09-21,27,69,645.32,1386.77
2022-05-11,30,99,2486.27,2565.76
2019-03-19,211,47,3148.34,2427.32
2021-10-16,323,88,2094.81,2283.36
2020-08-17,351,40,993.04,1073.51
2019-02-28,330,49,4442.11,4428.77
2023-02-01,67,98,4100.39,2339.34
2020-06-08,322,21,3400.97,3235.78
2022-06-12,6,96,4533.72,4334.27
2020-02-11,256,2,1476.48,3433.38
2019-03-12,97,95,510.36,3606.59
2023-12-10,219,62,2623.57,1287.31
2020-09-30,371,78,4439.93,5064.47
2021-03-08,71,73,1473.85,2858.84
2021-02-12,159,48,4942.57,5683.32
2020-01-12,156,6,3422.9,2860.32
2020-08-06,211,23,1462.52,3309.07
2023-04-28,244,62,4904.8,2023.0
2019-10-04,397,11,1014.28,2587.5
2020-10-14,150,98,1919.01,2502.92
2020-05-13,284,92,4149.34,3450.36
2021-04-28,331,86,2843.82,2290.0
2021-10-14,227,4,1572.12,3783.82
2019-01-19,183,57,4216.04,5059.39
2023-12-21,199,43,2452.47,3987.89
2019-08-24,259,64,2044.63,3583.25
2019-02-04,304,23,2323.7,2909.56
2021-02-28,63,41,1171.66,1190.67
2021-04-27,11,58,3422.22,2755.2
2022-02-16,293,71,3740.78,5177.66
2020-10-05,96,79,1720.12,3745.83
2023-05-18,388,74,3474.99,1242.23
2021-05-07,70,88,1727.98,5795.3
2023-02-07,372,22,3338.69,4552.23
2019-09-04,95,41,744.8,2892.6
2022-04-29,142,5,3904.47,5772.4
2023-01-18,210,96,1206.69,4391.43
2019-09-02,333,55,3009.03,5445.08
2020-04-26,212,5,3166.81,1634.55
2021-02-23,281,66,1453.78,4327.13
2020-03-26,247,99,3223.9,3106.81
2019-09-01,376,33,1805.12,1990.26
2022-05-17,20,20,1199.65,4193.27
2020-08-01,27,14,4133.53,1015.15
2023-02-20,40,84,2352.78,1536.07
2020-12-22,183,46,3606.59,3483.37
2020-05-10,275,45,2487.22,2506.02
2020-10-14,264,51,4362.0,3569.8
2022-09-07,53,20,1798.52,2813.35
2020-01-17,17,15,2764.56,5501.47
2022-03-12,343,72,2763.51,1659.76
2022-02-15,281,58,4023.01,2958.69
2023-12-16,171,29,1750.21,4883.8
2022-02-23,69,10,3023.12,3181.64
2023-02-18,257,4,3120.36,1405.43
2020-05-07,394,96,2679.33,4577.44
2019-03-20,358,76,2293.74,1545.85
2022-03-04,140,79,3972.16,3556.52
2022-08-19,287,10,1636.4,3535.86
2020-08-29,182,31,702.97,4534.18
2020-12-04,143,1,4780.7,2222.11
2023-01-28,87,57,996.79,1967.9
2019-08-23,373,53,2039.76,5519.98
2020-06-28,38,52,2129.04,1448.65
2020-07-11,272,38,2160.36,2546.58
2019-03-27,220,15,735.93,2172.56
2021-07-11,103,100,3575.71,5660.74
2021-05-19,289,91,3915.97,2663.84
2023-08-29,231,32,1588.46,4843.67
2022-03-05,121,35,3126.49,3141.2
2020-02-16,255,18,4457.24,4965.81
2021-01-31,105,40,2015.39,5600.73
2023-06-23,294,28,1856.39,5795.75
2023-05-10,156,68,1311.67,5247.83
2022-07-29,355,51,2159.14,2519.03
2023-11-18,286,71,4775.91,3778.0
2019-05-07,49,69,4830.24,5564.44
2022-01-11,294,58,3781.28,2637.63
2022-04-27,167,13,2521.04,3460.76
2020-12-28,370,54,2497.99,4607.26
2023-03-03,379,55,4599.7,1930.26
2022-09-16,100,69,2252.06,2985.49
2022-05-23,260,66,4076.08,5730.67
2020-06-16,84,15,4090.9,3162.79
2020-07-18,154,72,3382.3,5834.36
2019-07-12,238,17,1162.77,3869.05
2022-02-09,170,79,3604.25,1117.92
2021-08-13,148,62,4159.8,2893.99
2020-03-01,90,15,1008.64,3600.88
2020-05-08,45,25,2580.67,1930.3
2020-12-17,138,64,4470.37,1984.34
2022-11-30,216,32,4539.18,4009.57
2023-07-05,282,62,1013.66,3918.52
2021-08-01,55,71,3604.64,4318.72
2020-03-10,369,15,2452.31,1660.78
2023-10-20,152,35,2196.78,5984.38
2023-12-19,374,13,3956.07,4026.08
2023-06-29,266,94,4236.67,5308.45
2019-12-23,77,23,3416.89,5616.52
2019-12-08,160,11,4871.53,2433.29
2019-05-25,293,51,4628.58,4606.69
2019-01-28,240,60,4804.57,3749.99
2021-04-16,320,70,2169.75,1211.39
2021-01-26,258,41,4216.4,1532.98
2019-07-20,269,16,4168.43,4802.99
2021-05-27,185,99,724.41,3517.39
2020-09-07,14,33,3465.36,2268.31
2022-02-11,61,84,4710.77,4259.65
2023-01-17,289,71,4124.19,1694.26
2022-06-28,295,71,2834.24,5504.74
2023-03-26,227,81,3606.63,2827.69
2020-02-22,4,17,900.03,4654.04
2022-01-27,294,55,4935.7,3428.18
2019-04-04,303,94,2952.89,5366.47
2019-08-25,13,98,2994.4,5313.52
2021-05-19,394,73,2850.07,3178.79
2020-01-30,330,7,3324.58,2913.43
2022-09-25,284,62,3671.72,1942.9
2023-10-22,399,67,1092.64,2199.37
2022-11-06,265,81,4685.38,2604.25
2019-04-12,100,2,4148.6,2069.31
2019-11-12,398,94,3597.01,3896.22
2021-09-16,312,51,2094.12,1192.07
2021-12-06,381,80,2883.21,2233.05
2023-10-03,345,51,3993.38,1084.25
2022-08-08,264,97,2937.09,3381.28
2022-03-19,25,8,2782.14,5463.1
2020-02-13,323,72,2905.51,3057.03
2019-02-05,159,30,798.3,5808.09
2023-05-19,226,11,807.84,3782.51
2019-05-25,146,57,1915.69,4579.18
2020-08-05,184,69,3830.51,1051.21
2020-10-30,238,92,1522.31,5843.56
2020-02-01,259,57,3781.71,2334.59
2019-05-23,90,16,1445.86,1984.89
2023-12-15,391,35,1886.95,4027.99
2023-01-10,297,74,1907.67,2333.51
2019-06-11,226,31,3111.08,2713.51
2021-08-06,72,90,1925.55,2464.13
2021-08-17,114,5,2866.5,2461.38
2019-08-10,38,12,977.82,5785.55
2021-11-07,374,59,4350.5,5733.58
2020-06-01,253,30,576.69,4829.47
2022-04-15,396,65,1688.97,5287.77
2021-09-19,216,19,1403.28,4390.21
2021-01-19,233,33,3672.65,4077.94
2022-08-09,226,73,3480.15,1440.89
2021-09-18,199,26,2567.39,2817.16
2023-05-25,225,80,2146.16,4692.47
2021-10-22,278,92,4637.49,4828.22
2023-03-16,276,23,755.94,2560.89
2023-08-29,303,88,1795.16,3526.89
2023-05-29,145,2,957.24,3989.06
2019-01-06,205,51,944.8,5402.01
2020-08-15,351,31,538.27,3151.82
2022-04-20,248,29,2596.34,2903.98
2019-02-14,164,28,2754.81,4705.94
2023-11-18,76,2,1425.66,5727.23
2023-01-05,342,77,3871.98,3883.17
2022-02-13,256,24,3707.78,5029.16
2022-01-31,169,74,641.24,2479.86
2022-02-07,94,61,4824.28,1836.13
2023-04-22,233,21,3292.71,4102.41
2021-10-18,299,66,2537.72,2111.19
2020-08-30,360,68,695.24,4905.49
2023-03-15,79,24,572.22,4510.69
2023-11-28,375,38,2325.88,4325.36
2023-11-27,130,44,1539.42,3425.93
2020-04-01,146,80,4455.43,4934.08
2021-07-14,216,44,3657.13,1781.37
2022-10-23,245,88,3266.28,2849.17
2020-05-24,272,74,4266.79,2609.94
2020-05-12,262,44,3977.71,2181.11
2019-01-28,380,37,1127.33,5843.82
2021-04-08,208,86,2282.57,2726.9
2021-01-23,268,91,832.52,2037.15
2020-10-08,348,96,1910.93,1857.22
2022-11-12,200,16,1914.41,3965.56
2019-06-18,104,70,1883.99,5864.13
2022-10-04,286,53,1296.42,4487.71
2020-04-26,281,36,979.22,2638.59
2020-08-15,106,98,3189.05,3780.64
2020-03-16,117,90,820.69,1172.48
2022-05-17,17,24,4727.61,4561.87
2019-08-11,162,85,1473.71,4172.19
2020-08-15,177,57,1581.93,4076.12
2020-01-04,129,76,513.09,2777.44
2020-05-26,212,13,1806.5,1514.74
2020-12-15,275,81,1694.77,1586.46
2022-05-08,155,36,2457.85,5267.5
2023-03-15,332,93,3587.72,1301.33
2022-10-29,277,52,4061.3,4600.49
2019-09-27,121,52,2372.15,3900.65
2021-07-23,168,47,4763.95,1869.96
2023-08-20,400,92,3328.09,4622.15
2020-11-14,272,68,2537.39,1703.72
2021-03-05,333,83,3892.86,2771.42
2023-04-15,203,15,946.46,2191.81
2020-06-21,271,9,3332.0,3042.1
2020-10-12,220,48,978.69,3749.44
2020-09-22,43,69,1370.73,4449.8
2022-05-25,248,37,4566.13,5550.03
2022-01-17,249,68,2070.41,2066.87
2019-08-16,289,4,1366.0,1086.28
2022-07-14,43,45,3931.01,2592.04
2019-08-08,229,75,4009.49,1507.56
2023-10-07,322,35,1141.21,5196.27
2020-05-17,235,80,2538.73,1044.84
2019-02-13,49,25,2302.43,1354.41
2019-11-05,72,46,2746.39,2682.42
2022-03-17,335,26,4096.56,5343.34
2020-01-30,180,65,3598.85,3796.54
2020-10-19,14,89,4981.04,4716.57
2022-12-09,149,24,3803.9,1101.79
2023-08-22,260,60,2989.55,4588.11
2022-12-07,161,69,4092.11,4616.18
2020-10-10,99,79,2828.01,4889.36
2021-07-31,11,88,4336.14,1416.84
2022-07-24,81,28,4065.83,4445.2
2019-11-30,88,98,3800.63,4525.35
2022-09-19,378,14,4668.6,5683.14
2021-01-15,83,27,669.82,1843.23
2022-01-11,3,40,3189.35,2640.0
2021-01-01,390,81,4858.65,2869.58
2023-06-20,294,21,2253.43,3139.46
2023-11-06,211,28,3720.77,5298.23
2020-11-12,288,61,2411.93,4593.48
2019-11-12,385,22,3135.5,5266.15
2023-06-09,33,24,1953.12,5935.92
2021-12-31,46,2,4288.57,1440.03
2022-07-21,185,18,976.98,2308.48
2023-07-28,67,48,2098.54,2843.89
2022-06-01,320,53,3462.3,3321.61
2022-03-13,247,93,3437.11,2926.77
2022-04-28,222,84,624.17,3758.64
2022-04-01,250,46,1945.3,1361.64
2019-08-21,91,93,1334.67,4722.07
2019-08-04,196,33,834.62,4256.76
2019-04-13,56,16,4210.44,3025.1
2021-03-01,238,79,3115.45,4502.99
2020-12-08,26,37,1282.33,4309.15
2022-03-06,315,62,1791.81,2779.13
2023-08-09,84,2,1892.37,3030.5
2023-01-22,44,75,4175.18,5225.07
2022-05-02,268,47,867.26,2604.74
2023-07-24,12,19,2350.75,4369.92
2023-09-02,312,75,921.1,4287.58
2021-06-17,23,45,1875.84,4852.68
2023-03-30,309,6,2106.7,4436.57
2022-11-26,75,9,4402.81,1986.99
2022-07-28,35,11,1715.7,1245.71
2020-12-26,109,2,1297.95,1539.77
2022-12-28,274,44,2360.74,2615.42
2022-08-24,37,96,2000.92,1975.78
2021-09-26,89,87,2841.57,4680.46
2019-12-16,202,68,3057.27,3746.21
2020-11-18,103,28,973.3,5048.81
2020-09-27,110,88,647.86,5504.8
2021-06-15,8,61,3066.47,5627.8
2020-05-20,316,38,3654.08,2635.91
2022-04-09,169,45,4247.77,2915.79
2019-08-23,42,45,3154.37,3835.21
2021-02-28,383,34,4327.45,4665.5
2020-07-08,177,90,4866.7,4958.2
2022-11-03,1,21,1178.37,2587.42
2020-08-20,104,48,956.22,2776.91
2020-07-19,48,78,3291.65,1202.7
2022-10-28,148,18,1876.24,5601.77
2019-08-26,262,1,2797.25,2215.95
2023-09-03,255,3,2288.0,2874.38
2023-02-23,198,87,581.03,4650.92
2021-10-22,237,76,1361.52,2095.82
2022-05-16,390,54,1195.37,2733.67
2020-10-10,212,34,2793.72,2397.33
2019-03-08,248,69,2055.25,2408.69
2022-08-01,42,64,1589.51,4806.59
2022-10-20,101,1,3587.74,5014.06
2020-02-27,13,42,1267.22,2722.07
2023-07-26,321,70,2557.71,4370.3
2023-02-07,66,20,3144.45,3590.3
2023-02-28,91,98,2916.71,1030.8
2021-01-04,122,52,1769.36,5501.75
2019-12-28,189,62,4718.29,3687.63
2020-05-30,283,82,1464.42,3290.41
2021-10-24,371,56,3224.92,1494.25
2022-04-11,211,82,1679.39,1474.26
2020-11-26,202,74,2906.22,2539.53
2023-07-17,59,71,642.36,2784.79
2019-01-17,311,23,1874.6,1389.08
2023-01-16,312,35,2653.51,2564.84
2021-12-10,248,65,748.76,2438.86
2021-08-16,325,50,1346.2,5606.11
2021-05-19,191,90,2405.59,3706.09
2021-06-25,376,4,3734.71,5911.07
2021-06-23,205,95,3561.11,5816.93
2019-02-16,134,72,3847.5,1584.49
2021-10-26,303,48,2913.64,1627.33
2022-07-15,106,52,4867.24,2695.81
2019-03-14,110,15,2773.03,1976.65
2019-09-23,110,31,4510.09,4016.09
2019-05-13,212,75,3293.59,1940.45
2021-03-13,75,45,660.61,3222.34
2022-03-17,69,86,1884.81,2043.41
2022-09-05,389,12,3108.97,1189.98
2019-09-24,272,83,2581.35,2806.2
2023-11-20,160,99,3236.07,3887.17
2022-11-11,320,28,1073.74,1906.41
2019-01-27,216,36,3840.01,5754.9
2021-07-20,162,61,807.06,4783.01
2023-10-28,77,25,3461.41,3762.31
2023-07-10,395,64,3503.32,4584.42
2022-08-17,198,48,4218.29,5601.04
2022-08-05,360,99,3839.3,1597.24
2023-05-29,179,85,2727.67,2411.89
2019-03-12,107,43,1054.45,4624.56
2019-01-28,181,88,1355.97,2174.31
2019-09-04,400,9,3254.79,1186.29
2021-08-13,295,89,2973.23,3877.54
2022-05-20,171,93,850.09,3866.61
2019-09-16,134,36,3788.26,5868.03
2021-07-22,202,33,3730.79,3202.65
2020-10-28,210,50,1497.78,2811.43
2020-07-08,109,49,2978.34,4145.05
2020-10-29,97,13,1578.26,5140.94
2020-02-26,155,93,2569.74,2981.8
2019-11-20,370,92,4760.53,3067.67
2020-11-21,260,55,1213.4,3081.24
2021-10-26,207,34,817.4,2251.04
2023-01-10,245,55,4353.63,4678.66
2023-02-19,116,14,1420.88,4962.21
2021-07-25,20,56,3751.11,2731.43
2019-08-31,291,100,1974.44,2585.03
2019-01-10,34,89,900.48,1045.28
2021-11-24,241,83,1727.16,5307.55
2019-07-20,218,48,2036.38,5251.47
2021-02-08,374,41,2743.7,1089.41
2023-03-07,317,64,1869.28,4697.57
2021-07-19,275,49,2147.57,2433.72
2022-06-28,173,22,1183.05,4754.1
2022-07-27,336,73,2736.0,5236.33
2022-10-26,258,15,3851.24,5767.03
2019-06-14,353,42,4257.33,5137.24
2019-04-11,251,33,684.88,4069.61
2019-05-29,114,58,507.63,2922.29
2023-11-01,210,81,821.0,5745.31
2023-05-27,136,21,3619.91,3276.98
2020-05-03,210,1,3648.46,3921.81
2020-08-26,134,70,3169.27,5738.3
2020-02-06,63,80,1928.86,4225.15
2023-10-05,184,12,4951.24,1318.5
2021-06-19,362,36,3157.42,3041.89
2023-11-29,47,12,3076.49,4534.09
2021-03-09,12,36,2903.75,1516.44
2021-11-03,98,80,2447.71,4815.06
2019-04-02,133,70,2520.37,5169.56
2020-07-11,142,56,4204.51,3417.92
2020-04-20,132,48,646.85,1694.98
2023-06-26,303,2,2386.28,1123.49
2023-11-06,172,43,2540.87,4874.57
2023-01-11,101,23,1167.45,4509.25
2022-04-09,247,93,2906.65,3093.62
2020-12-10,285,47,4627.5,5052.84
2023-11-24,150,44,2604.56,2122.89
2021-02-16,358,38,4916.82,4525.6
2020-03-30,357,41,986.75,5144.84
2019-07-06,237,3,4503.7,4895.76
2019-02-08,195,76,1326.76,2555.87
2021-11-18,7,80,4816.17,4122.63
2022-05-26,16,18,3017.82,5064.28
2019-04-19,29,74,3324.0,5061.34
2020-07-14,291,56,2889.87,5462.03
2021-01-02,337,25,3239.03,2623.32
2019-01-25,157,77,1179.88,5520.88
2019-03-01,279,46,2337.44,1403.84
2021-03-06,300,74,3029.27,2639.74
2023-08-01,238,35,4668.55,4454.38
2022-11-08,294,93,2732.87,5965.57
2019-11-17,264,70,4227.26,2867.47
2022-04-28,235,25,4227.82,4815.13
2021-03-10,174,64,3044.64,4019.38
2020-04-02,220,13,587.52,4216.12
2019-07-03,168,36,1141.36,5565.57
2023-05-20,375,93,1577.49,3256.55
2022-11-07,343,24,4923.2,2062.01
2023-12-13,284,83,2449.44,2720.39
2023-01-10,25,50,3866.17,5386.04
2023-08-05,400,18,4788.59,2815.09
2023-05-07,32,75,2433.85,2845.54
2019-05-04,344,30,1337.53,1472.58
2019-05-10,206,69,2629.22,5894.91
2019-11-26,50,80,964.83,4191.95
2021-11-27,126,64,2366.67,2389.23
2023-06-15,109,57,3880.13,1882.31
2020-06-05,75,23,2892.61,2906.63
2023-06-29,19,41,3394.96,3196.84
2023-03-10,81,95,2551.79,1177.09
2023-12-20,203,43,4071.47,4702.64
2022-03-28,192,57,898.0,4852.25
2019-03-02,80,80,4549.13,5281.25
2022-02-17,383,11,1521.28,1814.64
2021-07-26,244,15,1840.03,3539.4
2019-07-25,143,92,2054.1,4955.42
2021-03-24,147,32,1607.39,2092.38
2020-05-11,203,16,1996.52,5473.67
2023-12-08,100,21,3865.27,2659.37
2023-05-05,89,16,3547.47,5963.84
2019-03-27,388,72,614.2,5056.1
2022-04-04,107,69,4391.5,3958.76
2019-11-30,396,46,1233.41,5338.94
2021-07-01,158,40,1189.28,1880.43
2021-03-15,64,6,729.77,3726.43
2023-07-14,263,41,3090.23,3028.67
2022-10-28,309,74,2555.13,2657.64
2019-04-22,390,21,2817.42,1784.55
2019-08-01,94,55,782.95,5623.68
2020-08-13,95,27,3342.08,2041.26
2021-07-10,290,76,3774.58,1438.81
2019-07-18,252,65,4922.51,3810.9
2019-09-01,87,15,1303.91,4241.74
2019-12-22,63,86,3572.47,2622.26
2020-09-29,55,32,4611.58,5605.62
2019-05-28,166,73,1487.47,2585.59
2021-08-27,383,6,1370.38,2451.85
2021-05-01,148,12,700.66,1627.5
2019-02-02,249,22,2932.51,2368.77
2022-11-19,313,30,3216.65,5259.17
2021-09-24,300,69,4814.55,2293.22
2019-04-07,313,61,923.86,1775.96
2019-10-13,375,17,4068.11,5154.72
2020-05-24,351,91,4537.48,4377.94
2022-06-10,172,27,3620.16,5532.55
2022-11-17,112,5,4465.75,3423.51
2021-03-08,46,96,2836.51,1638.87
2022-06-20,178,58,3972.31,5430.58
2021-09-05,126,72,1162.65,3890.73
2022-03-21,210,77,3016.22,2134.29
2021-04-01,271,64,1661.15,5574.51
2021-10-14,282,20,1203.94,1890.21
2023-09-18,343,32,2709.26,1058.51
2020-02-04,15,58,3995.92,1936.33
2023-08-27,36,43,2273.64,4752.02
2021-06-04,248,12,4526.46,5871.62
2021-11-18,135,44,4922.95,3110.77
2020-11-03,25,29,4726.54,3646.63
2022-03-18,205,64,4685.38,5620.65
2020-08-16,216,82,663.03,1110.71
2019-10-26,247,69,3501.64,1851.76
2021-03-29,80,22,500.54,4099.18
2021-03-13,34,82,768.31,3640.23
2019-10-23,316,76,1766.68,1976.23
2021-09-26,395,80,2175.71,5897.22
2022-04-28,111,44,3852.7,4663.85
2022-01-05,69,60,2289.86,4244.42
2020-12-27,196,24,2347.24,1485.33
2019-09-08,144,52,758.64,1811.47
2020-04-02,334,45,1018.12,5282.79
2019-04-15,2,96,4063.8,2438.28
2022-05-15,14,62,1665.2,3355.39
2020-12-12,37,80,1631.46,4329.55
2020-06-14,384,93,2422.72,2086.54
2019-03-15,84,3,2637.63,3795.99
2023-04-24,366,11,1761.13,4282.14
2020-10-06,83,51,3737.2,2348.83
2023-02-27,199,57,2032.85,5159.15
2022-05-18,93,78,4782.72,4495.35
2023-06-02,315,41,3684.93,1805.42
2023-09-17,334,27,2303.61,4110.99
2020-06-06,368,31,4392.22,1676.23
2023-06-15,249,34,1665.38,4866.83
2023-10-23,147,95,3306.0,3464.45
2023-09-12,33,69,2090.87,3173.25
2019-09-08,78,89,4153.98,2575.32
2022-01-15,209,58,4621.37,5274.48
2019-07-18,176,49,1524.48,5560.13
2022-08-02,255,26,4769.86,5560.02
2022-03-20,313,13,2578.05,3000.7
2021-01-08,241,61,1900.18,5750.17
2021-10-20,120,92,3567.2,2527.27
2020-12-24,282,23,2792.09,2602.33
2019-01-05,128,51,3052.14,3784.49
2023-02-01,325,25,1631.15,4504.36
2023-04-12,352,50,3313.64,5758.44
2021-01-03,185,91,880.99,3284.43
2023-04-07,339,72,3803.82,3636.45
2023-12-16,303,68,3733.67,3120.11
2019-08-24,87,70,2685.02,3886.09
2022-12-16,269,11,3483.47,4013.33
2023-11-05,43,94,4484.1,1643.84
2019-01-28,118,54,3913.09,1433.16
2020-02-01,142,20,3449.46,4972.41
2022-01-14,45,53,2792.15,2066.87
2020-05-07,304,53,4105.57,5820.29
2020-05-03,107,93,1899.32,1930.44
2023-08-16,316,61,1759.5,1469.74
2020-03-24,313,82,4056.14,5212.2
2022-04-01,350,50,4432.82,4800.85
2022-03-21,80,51,1438.17,5691.58
2019-10-10,59,18,1181.45,5682.0
2021-04-25,354,14,1906.16,5423.3
2021-05-23,242,86,1935.43,4145.83
2019-11-09,186,51,3550.15,4719.21
2021-06-11,325,79,2199.34,2985.27
2023-06-27,357,26,3089.9,5728.75
2021-12-19,40,43,1582.3,5230.14
2019-04-11,262,66,3897.99,5860.48
2023-12-11,387,54,4427.24,3537.18
2021-12-09,373,1,2873.16,1631.69
2022-06-20,352,35,4733.97,4824.72
2020-10-30,275,39,4403.9,3061.07
2023-04-04,150,22,2804.55,5132.15
2019-09-07,389,59,1413.93,1477.62
2019-08-16,369,14,910.44,4301.65
2021-05-09,377,57,2273.36,5624.6
2020-12-28,53,15,1577.02,3459.97
2023-12-08,174,96,3547.37,1600.18
2022-12-03,306,14,874.27,1097.04
2023-05-11,317,12,2703.24,1982.72
2019-02-21,102,42,4876.04,1099.36
2020-09-19,155,17,709.0,2232.55
2019-07-25,69,38,3867.81,2857.96
2023-11-06,206,57,1367.07,4525.92
2020-07-13,168,70,818.64,5268.67
2022-07-04,202,2,2907.15,1613.76
2022-10-13,22,70,1336.51,5072.37
2021-02-07,138,71,3640.68,2802.18
2019-01-08,350,36,1449.39,4652.76
2023-06-05,383,35,3888.2,2933.69
2019-03-02,358,17,3205.36,2796.34
2023-08-03,183,91,1032.55,2994.74
2022-04-16,103,31,2053.68,1898.21
2021-07-23,398,54,3983.51,5910.68
2019-01-27,151,71,1917.26,5516.47
2022-07-05,312,48,1842.95,1067.68
2022-05-15,91,80,3190.44,1011.19
2022-06-29,203,52,3694.47,5122.66
2023-08-02,41,46,3723.51,1008.14
2019-11-17,101,88,3593.13,3372.9
2020-04-25,22,78,1980.17,4154.86
2022-05-19,269,51,3520.38,1861.03
2020-04-22,27,47,1150.25,3055.83
2020-09-26,262,80,1937.04,1614.75
2019-10-02,236,79,4971.91,1863.34
2023-09-30,101,72,3441.69,4455.32
2019-10-09,237,10,807.99,2706.64
2020-08-23,321,61,4444.85,1107.81
2021-12-11,222,20,2081.37,4486.36
2019-01-03,308,44,880.55,2745.41
2021-05-31,159,16,4057.42,3131.75
2019-02-12,265,69,2380.92,5748.96
2019-03-22,129,57,1368.98,4313.29
2020-08-20,354,70,4536.81,3741.17
2023-12-31,45,72,3556.74,2889.62
2021-03-04,280,27,4251.21,3210.03
2021-05-04,84,4,3478.96,4748.73
2019-10-06,252,41,1605.72,3977.58
2019-06-26,164,61,2596.99,3437.51
2022-12-30,187,78,872.78,5623.16
2023-08-22,219,45,1912.91,4798.98
2020-01-13,159,91,2483.09,1871.65
2022-12-31,353,21,3458.74,5548.94
2022-02-22,187,24,700.8,5680.46
2019-04-25,195,46,1483.56,5863.95
2023-02-27,42,77,1246.9,2895.55
2019-05-12,250,68,4710.86,1876.56
2021-05-25,152,73,4235.85,1056.1
2021-09-04,273,9,1987.28,3596.31
2023-03-01,250,55,750.11,2736.4
2020-06-18,166,31,3856.53,4017.95
2022-02-19,299,95,4124.87,3075.14
2022-04-25,329,7,1794.8,3171.33
2022-09-07,177,78,1349.92,3531.72
2023-02-12,399,97,3263.84,4745.03
2020-02-18,189,35,3909.86,3549.94
2019-04-01,273,6,3279.75,5634.58
2019-03-21,12,91,1641.1,3511.74
2023-12-27,361,93,2258.17,3942.04
2021-06-20,201,7,3894.05,5032.84
2020-07-06,387,70,1089.93,5375.78
2022-05-14,199,69,1816.13,2709.44
2022-08-23,140,49,1550.4,2900.6
2022-06-18,285,32,3130.87,3142.25
2021-10-20,69,62,2523.86,1484.72
2020-10-09,381,71,2920.34,5210.64
2020-01-04,265,33,4473.19,2729.97
2023-05-06,227,46,2692.48,5067.17
2019-03-07,78,65,1327.15,1356.34
2019-09-10,383,26,4735.58,5853.45
2019-07-05,271,9,2525.87,5896.07
2022-11-06,246,80,1879.34,3075.89
2020-07-04,181,65,973.57,4893.78
2022-02-08,305,47,2519.78,5547.09
2023-08-28,161,6,4936.65,5335.62
2022-11-20,223,15,3868.67,4974.38
2023-08-10,382,78,4652.69,3666.34
2021-07-02,246,62,1512.2,1625.8
2020-08-29,125,63,4631.37,2341.04
2021-05-16,127,75,2161.48,3516.63
2023-02-24,229,64,4058.72,4598.9
2023-06-18,354,23,887.37,5696.97
2023-11-29,26,45,4322.92,2906.01
2019-03-02,91,11,3267.14,5720.23
2021-12-14,153,50,3003.97,5338.85
2023-02-17,164,88,1638.84,4746.03
2022-10-08,344,14,1301.24,1276.69
2020-04-19,220,35,679.41,2728.24
2021-12-23,18,78,2706.42,4053.01
2020-09-17,102,54,928.27,1876.11
2019-09-02,344,90,997.92,5598.59
2021-03-02,154,53,4528.41,4442.5
2021-03-26,150,17,4860.52,3067.47
2020-04-25,144,31,1522.38,4583.38
2021-06-01,260,76,927.69,1931.21
2019-07-26,314,62,565.72,3516.62
2021-07-27,164,86,3061.38,5949.08
2023-11-07,391,18,1693.42,1197.57
2023-02-20,275,7,2306.52,4613.82
2021-08-18,194,74,3370.67,3684.53
2019-10-13,182,6,4533.53,4292.69
2020-11-20,32,61,4226.62,4981.47
2020-09-12,16,91,3140.23,2249.6
2020-02-21,338,27,2760.77,4282.24
2022-07-09,24,43,1942.38,1922.67
2021-10-25,400,50,2691.74,2052.15
2020-07-31,222,27,2549.59,1189.87
2019-02-20,219,53,1535.56,2809.27
2021-01-28,114,32,3638.81,1819.36
2023-01-13,62,55,3387.62,1168.05
2023-08-15,369,26,1783.0,1179.75
2019-01-30,385,36,2931.94,2653.75
2021-04-24,82,77,3793.47,1507.37
2022-05-01,266,83,3100.84,4505.25
2021-01-28,98,68,4816.89,2523.33
2021-07-24,369,5,1788.55,2958.59
2023-05-06,63,24,2431.69,1414.02
2019-12-09,213,43,743.05,2643.06
2020-05-12,344,46,3705.02,1416.47
2022-10-29,276,2,3185.0,3132.93
2021-07-01,130,73,4586.99,5227.03
2019-09-03,71,80,2055.48,5038.9
2021-04-22,12,34,2475.11,3937.75
2019-02-01,25,47,3241.22,4666.9
2019-07-06,241,6,4655.65,3829.59
2023-02-05,118,70,4853.8,1142.55
2019-02-05,366,98,3484.47,2003.6
2019-01-27,144,80,2450.86,1295.71
2019-10-14,3,43,3158.56,2257.09
2022-03-16,327,60,2361.7,2027.94
2022-03-04,214,29,950.13,1258.82
2022-09-13,107,63,3508.17,4818.76
2022-10-13,122,31,3411.28,3655.42
2019-11-01,376,65,1833.09,3392.32
2023-06-19,77,57,797.59,3582.92
2022-01-20,88,47,1209.46,2779.13
2021-12-02,107,6,563.21,2679.05
2021-09-13,196,44,4879.38,1262.3
2019-09-16,48,53,3540.5,5962.99
2021-09-22,102,75,3335.86,2509.79
2021-04-21,262,49,2105.55,3095.67
2023-12-06,388,34,2966.16,3223.08
2022-06-07,236,53,1575.36,1733.33
2023-10-17,230,18,4123.22,2181.12
2021-08-20,165,77,1413.66,1411.75
2020-08-31,310,6,3863.64,5590.78
2019-02-27,150,53,3056.06,4599.08
2020-02-14,52,17,1054.35,1852.9
2020-03-12,313,39,3150.8,3840.38
2022-08-20,240,91,4302.75,1340.43
2019-01-27,122,52,1294.25,2254.55
2019-12-20,164,75,1742.94,4029.26
2019-06-23,231,29,3025.43,2156.88
2020-08-13,301,7,4075.9,1475.2
2022-03-08,4,31,2807.55,5569.96
2021-02-20,256,98,2992.51,5801.74
2020-06-26,186,32,2237.68,4883.62
2019-05-27,46,4,2450.91,2331.34
2022-04-24,170,55,2531.56,4159.47
2021-12-21,131,26,3174.38,4676.11
2021-04-17,280,92,1137.4,4758.06
2021-04-16,55,11,990.34,1279.15
2022-12-26,114,76,4543.36,1946.85
2019-11-09,74,11,1166.82,1812.98
2020-02-26,137,58,1741.77,1557.73
2023-10-12,125,39,960.92,1774.24
2019-01-25,20,28,2505.03,5758.95
2022-06-28,82,55,2966.87,1855.27
2021-12-24,353,36,4568.37,5673.45
2019-05-26,21,50,4020.38,2306.63
2022-01-05,268,98,3529.23,1394.53
2023-03-30,315,81,3612.84,2909.38
2019-12-08,244,79,976.33,5100.53
2020-02-28,59,55,4496.27,5157.17
2021-09-26,350,24,4609.9,3786.45
2019-06-22,196,39,1420.92,3839.08
2022-06-09,257,49,865.07,2383.39
2019-08-05,361,64,979.82,1137.66
2023-01-24,169,37,3440.65,5916.13
2020-07-27,151,4,1427.35,2807.17
2021-05-07,273,88,972.55,4217.26
2021-10-08,114,9,2346.25,3077.16
2020-10-16,113,39,1689.93,4863.76
2019-02-06,174,49,4209.55,2537.66
2020-03-12,112,95,1699.61,2301.18
2022-09-02,317,52,3057.88,1714.92
2023-02-12,274,81,1988.29,4680.83
2021-08-18,253,5,3456.05,5474.81
2019-06-28,290,70,2969.52,5691.17
2022-02-26,47,76,525.35,1085.35
2020-10-14,3,99,3926.31,3458.66
2023-12-06,252,22,3527.6,4777.53
2019-11-17,383,6,1238.95,4421.46
2019-03-01,274,13,3746.8,4574.38
2021-11-12,5,4,2808.37,2103.84
2020-12-30,233,53,3429.79,2970.09
2021-10-24,113,89,1762.45,5756.31
2021-10-18,276,61,3404.62,3027.78
2022-08-04,150,60,4966.92,5858.24
2022-03-07,212,55,1371.72,1209.57
2022-06-29,180,3,2369.96,3288.53
2022-05-02,55,76,2175.41,5926.93
2020-06-13,278,90,2927.54,5558.99
2020-12-09,400,25,2746.83,4866.67
2022-03-20,166,97,1057.26,3226.03
2022-10-24,227,95,2869.82,1331.57
2023-07-08,44,91,3418.61,1834.08
2019-07-05,171,62,1309.12,1345.36
2020-10-31,40,62,1999.31,1400.38
2022-10-19,55,10,1615.4,1020.98
2023-05-20,28,41,1507.13,1860.21
2023-01-21,269,15,3028.75,4459.88
2019-11-09,323,43,2703.5,2060.81
2022-06-22,286,58,3905.3,1946.72
2019-11-22,203,68,3296.45,4812.79
2022-10-24,62,44,4723.08,1750.93
2020-07-19,24,37,3634.99,1316.76
2021-01-09,100,79,2264.33,1832.16
2019-10-01,56,97,3322.68,5636.11
2023-04-05,293,96,2277.24,1099.84
2021-06-12,365,10,3016.68,3510.83
2020-05-17,359,68,2758.59,1670.1
2020-05-14,249,11,3457.81,5153.4
2023-07-28,313,10,3263.39,5100.88
2020-11-18,382,23,4664.49,4720.98
2023-02-08,299,14,4544.54,4544.83
2022-04-30,81,51,4916.31,5127.05
2021-04-27,97,6,1061.35,1296.45
2021-01-17,83,55,1007.86,1875.46
2019-08-20,383,14,3252.95,3312.48
2019-07-22,266,4,3900.97,4976.57
2022-02-07,274,1,4058.5,2595.37
2023-07-21,288,60,599.45,2178.36
2022-07-23,393,36,3413.77,5156.52
