Ticket_ID,Date,Customer_ID,Department_ID,Resolution_Time_Hrs,Satisfaction_Score
1,2022-05-10,4175,1,7.1,5
2,2022-11-19,2877,2,38.0,2
3,2023-03-24,2992,2,38.9,1
4,2021-05-11,1944,2,60.6,4
5,2020-06-27,456,2,57.1,4
6,2021-09-25,3919,2,27.8,1
7,2023-01-06,3842,3,4.9,3
8,2021-11-14,4115,1,59.3,5
9,2019-09-26,2103,2,45.1,4
10,2022-05-07,4184,2,70.2,2
11,2023-03-07,4175,3,2.2,5
12,2023-12-03,4676,4,48.1,4
13,2019-07-31,2108,2,11.7,5
14,2022-07-31,665,3,34.6,4
15,2023-09-18,2416,3,13.1,4
16,2019-07-29,210,1,28.9,4
17,2020-07-26,427,4,22.6,2
18,2019-01-12,3792,3,33.9,1
19,2022-08-28,2794,2,6.1,1
20,2023-07-25,3478,4,2.9,4
21,2019-04-29,1637,1,64.4,1
22,2020-11-07,1409,3,55.6,4
23,2020-06-01,1453,1,22.0,4
24,2019-09-09,2369,3,1.8,5
25,2021-12-26,4772,4,30.6,5
26,2022-10-09,1584,4,19.1,3
27,2023-09-15,292,2,38.3,5
28,2022-07-30,4677,4,7.0,1
29,2023-09-01,1331,4,37.2,4
30,2020-01-16,2824,4,33.1,3
31,2023-06-07,1443,1,48.7,3
32,2022-04-08,1259,4,11.1,4
33,2021-12-05,728,2,19.8,1
34,2019-08-03,113,4,18.1,5
35,2020-06-05,4235,1,65.4,1
36,2022-09-23,2181,1,55.6,2
37,2022-12-08,987,1,35.8,4
38,2019-11-08,4695,1,7.4,2
39,2020-08-08,4691,1,65.4,4
40,2021-07-06,957,3,22.1,1
41,2019-12-06,4471,4,27.7,3
42,2023-07-06,817,4,71.8,2
43,2019-09-21,527,2,30.6,1
44,2019-10-03,2689,3,71.8,3
45,2020-03-22,874,4,30.8,3
46,2021-06-24,939,1,1.1,2
47,2023-01-17,3558,4,34.5,1
48,2023-04-02,4652,4,26.9,2
49,2020-11-27,3083,4,38.2,2
50,2021-05-24,4818,4,20.9,5
51,2019-03-27,1692,3,5.2,1
52,2019-10-13,2775,4,1.1,4
53,2019-08-23,84,2,34.3,2
54,2023-09-13,3370,3,60.9,3
55,2022-10-11,4196,3,17.1,5
56,2019-05-27,2963,3,28.5,5
57,2022-04-06,2912,4,9.6,4
58,2021-06-23,2683,4,23.3,1
59,2019-05-14,4560,4,54.4,2
60,2019-03-27,4823,2,29.8,4
61,2022-08-20,4058,4,41.1,4
62,2022-12-07,4767,1,47.3,5
63,2019-11-06,2753,1,5.1,4
64,2022-04-13,3273,4,24.6,2
65,2019-08-17,857,2,69.6,1
66,2021-02-20,78,4,7.3,4
67,2022-03-21,1974,2,34.2,1
68,2019-05-28,3331,3,70.1,2
69,2021-12-11,174,3,42.2,4
70,2020-12-18,1944,1,56.5,3
71,2022-02-12,542,2,30.8,3
72,2021-04-30,2246,4,32.7,3
73,2022-06-03,153,2,20.6,2
74,2020-01-31,4913,4,44.8,4
75,2020-01-22,4446,3,14.7,5
76,2021-08-07,1044,2,35.3,4
77,2020-04-01,1723,1,70.6,2
78,2023-11-16,2833,4,36.8,4
79,2019-01-08,71,1,70.9,2
80,2021-01-09,4097,3,68.0,2
81,2021-01-02,2254,3,50.1,5
82,2020-02-22,2406,3,45.7,4
83,2023-06-25,933,2,59.3,1
84,2022-11-16,4374,1,70.7,4
85,2021-08-27,692,1,12.5,1
86,2021-04-14,1901,3,53.5,3
87,2023-03-04,3699,1,41.5,3
88,2022-11-05,1511,1,32.4,1
89,2022-04-29,4849,3,50.3,2
90,2023-08-09,1473,3,40.7,1
91,2022-09-09,4823,3,56.4,2
92,2023-11-21,441,2,35.0,1
93,2021-10-01,1420,3,26.3,2
94,2021-04-14,2192,4,51.4,4
95,2021-04-19,3712,4,53.1,5
96,2023-03-31,4463,3,68.7,3
97,2021-01-26,1199,4,10.7,3
98,2020-03-20,107,3,50.5,2
99,2021-07-09,1497,4,56.4,3
100,2021-08-21,608,2,37.6,2
101,2019-03-20,2233,4,61.3,5
102,2023-06-27,2619,1,58.5,4
103,2021-05-16,2189,3,51.2,5
104,2022-03-02,4035,1,71.1,4
105,2020-12-08,1702,1,63.6,2
106,2022-09-28,2070,4,22.6,2
107,2023-10-14,2824,3,36.5,1
108,2023-12-14,105,4,10.3,2
109,2021-02-24,3130,1,66.9,1
110,2022-02-04,640,1,26.3,4
111,2023-12-13,4508,4,27.1,4
112,2020-07-14,1120,4,61.5,1
113,2023-07-14,1834,1,59.4,3
114,2020-09-01,4455,2,2.3,1
115,2023-05-19,4860,2,66.8,4
116,2019-10-25,1036,3,23.3,5
117,2019-06-20,4950,4,10.1,2
118,2022-12-09,315,3,18.1,2
119,2020-06-25,4112,1,18.9,3
120,2022-09-10,291,4,44.8,1
121,2022-04-27,2998,3,34.7,3
122,2019-09-22,1445,1,6.6,5
123,2022-12-02,2452,2,31.3,4
124,2019-06-09,615,3,0.7,2
125,2020-02-25,2761,4,5.4,4
126,2019-07-24,1113,3,44.2,1
127,2022-10-02,1072,2,4.8,4
128,2022-11-22,3537,4,40.3,4
129,2019-08-08,4808,1,11.7,5
130,2019-10-10,4394,2,44.7,1
131,2021-09-10,243,1,16.1,1
132,2019-04-02,3698,1,6.3,1
133,2022-02-04,1194,2,50.2,3
134,2020-05-20,4068,3,49.4,5
135,2022-11-25,4475,3,7.5,4
136,2020-07-30,3048,3,19.5,2
137,2022-09-19,4537,2,50.1,4
138,2020-07-04,110,2,4.4,5
139,2021-10-17,4826,4,3.4,3
140,2019-10-01,3445,1,5.6,2
141,2022-01-08,449,2,7.7,1
142,2020-09-22,3677,3,46.0,5
143,2023-01-07,3560,2,19.2,5
144,2023-09-17,1531,4,42.3,1
145,2022-10-24,835,2,39.3,1
146,2021-06-29,2228,3,8.5,4
147,2019-07-07,3709,1,7.7,1
148,2019-05-01,4708,4,62.8,4
149,2019-04-11,2941,1,15.4,4
150,2021-04-02,980,2,10.2,3
151,2019-11-29,3151,1,55.0,1
152,2022-08-11,1864,2,49.6,3
153,2022-04-18,2963,1,15.0,1
154,2021-04-09,647,1,33.8,1
155,2022-12-18,3439,3,60.8,5
156,2022-09-10,2796,4,14.8,4
157,2019-05-19,3102,2,61.3,2
158,2022-08-29,2048,2,36.7,5
159,2019-05-30,4299,4,35.3,3
160,2020-06-11,3004,3,55.3,3
161,2023-05-11,798,2,65.1,2
162,2021-10-02,2517,4,25.6,4
163,2020-08-20,4725,1,33.4,2
164,2019-07-16,260,3,31.0,4
165,2023-05-31,1306,2,27.3,3
166,2020-11-17,3074,1,62.9,2
167,2021-05-22,3252,2,10.5,4
168,2021-02-23,4888,4,44.3,2
169,2022-11-07,4535,4,12.6,1
170,2019-09-17,154,2,22.2,5
171,2021-12-19,2190,3,43.9,4
172,2023-08-21,4736,4,39.9,1
173,2023-08-24,1575,4,30.6,1
174,2023-04-14,3183,3,5.4,3
175,2021-11-23,4176,3,45.2,2
176,2023-08-24,3516,1,7.2,1
177,2021-07-09,1985,3,3.7,5
178,2022-06-09,1986,2,58.5,1
179,2019-03-26,2351,4,55.4,1
180,2021-05-03,41,2,71.3,4
181,2023-11-22,3062,3,38.6,2
182,2021-01-30,4599,3,58.8,4
183,2020-06-27,3059,1,57.2,3
184,2021-05-13,1683,4,38.9,4
185,2021-04-17,1944,1,30.6,5
186,2020-05-26,4369,1,67.8,2
187,2020-12-02,242,3,17.0,4
188,2023-03-02,696,1,18.4,2
189,2020-04-11,1691,4,64.7,1
190,2020-08-15,2012,4,58.7,2
191,2022-11-10,202,2,40.0,4
192,2019-01-27,4554,1,37.4,2
193,2020-01-19,2851,1,63.6,1
194,2020-11-06,3544,4,44.8,4
195,2020-07-15,3663,4,35.6,2
196,2023-05-25,1219,2,16.9,5
197,2019-09-01,493,3,27.1,3
198,2022-03-21,1772,1,19.7,4
199,2022-08-30,900,2,69.0,1
200,2019-12-08,4972,3,11.1,2
201,2020-11-22,2704,2,38.6,1
202,2020-06-08,4698,2,44.4,4
203,2019-02-07,910,2,35.0,5
204,2020-09-04,3973,4,57.6,3
205,2023-06-18,3406,1,13.6,4
206,2019-05-14,3391,2,35.1,4
207,2023-03-02,1150,4,38.0,3
208,2021-09-13,2579,4,34.5,5
209,2020-09-20,2442,3,27.2,1
210,2021-07-05,2218,3,36.2,5
211,2023-10-09,641,1,33.5,3
212,2023-12-09,1425,4,48.2,4
213,2023-02-09,1772,1,59.5,2
214,2021-07-23,2291,4,39.8,5
215,2020-01-14,2879,2,32.3,4
216,2020-01-29,3387,1,28.9,5
217,2019-05-08,4746,4,53.0,3
218,2022-11-25,4585,4,44.9,5
219,2021-04-04,581,3,42.0,2
220,2023-05-29,2562,3,48.2,3
221,2022-04-27,4875,3,35.5,2
222,2020-12-21,999,3,21.9,2
223,2022-05-04,1997,2,57.1,1
224,2020-12-12,1251,3,16.6,5
225,2023-07-14,3672,3,32.9,2
226,2023-01-08,3739,3,58.2,2
227,2023-11-30,3769,1,61.0,3
228,2019-12-02,3190,4,6.0,1
229,2022-09-06,1513,3,8.5,3
230,2020-05-30,2790,1,3.9,3
231,2022-10-31,103,1,33.8,3
232,2020-07-11,4370,4,50.8,4
233,2019-07-17,1098,3,3.6,5
234,2019-04-18,294,4,25.5,4
235,2021-04-01,3809,4,29.4,5
236,2022-11-24,2085,2,39.3,5
237,2022-04-26,2038,2,11.7,1
238,2019-08-31,356,1,1.3,3
239,2019-09-06,2828,2,63.8,1
240,2020-10-01,4237,2,52.2,5
241,2023-05-30,3249,1,55.8,2
242,2023-01-03,1821,1,44.3,5
243,2021-03-30,517,2,12.4,1
244,2019-05-14,1019,2,1.0,4
245,2022-12-18,3132,2,27.5,1
246,2022-06-05,1105,2,33.0,1
247,2022-09-07,2197,2,65.7,1
248,2020-06-01,4913,1,8.6,5
249,2022-06-19,58,3,20.2,2
250,2023-03-18,4443,1,4.5,4
251,2021-11-20,1476,1,53.4,3
252,2020-05-31,3382,2,37.3,4
253,2019-07-31,2768,1,32.6,3
254,2021-01-02,1147,4,60.3,1
255,2023-05-01,3665,1,45.4,4
256,2023-09-28,2079,4,25.3,5
257,2019-05-17,1510,4,2.3,2
258,2023-02-09,1323,4,10.9,1
259,2021-01-14,1807,3,61.9,4
260,2023-11-29,354,3,17.7,1
261,2019-08-28,3001,3,59.9,4
262,2021-04-30,4751,3,6.7,3
263,2022-02-28,3168,2,18.7,1
264,2019-04-27,3576,4,21.5,3
265,2022-04-04,2133,3,31.2,5
266,2023-04-23,342,3,71.6,5
267,2019-06-06,4420,1,39.7,2
268,2022-09-05,966,1,14.5,1
269,2019-01-14,4311,1,25.2,4
270,2023-12-19,386,2,66.9,4
271,2019-09-03,4499,2,11.0,2
272,2020-01-19,1931,3,21.5,3
273,2022-04-13,50,4,32.0,5
274,2022-04-02,2715,2,39.6,3
275,2023-04-26,2307,4,69.4,4
276,2020-07-23,3291,4,19.1,2
277,2022-03-17,2006,4,10.9,3
278,2023-01-22,4661,4,32.0,4
279,2021-04-07,1955,3,32.6,5
280,2019-04-21,1041,3,23.0,3
281,2019-04-04,166,1,56.0,3
282,2019-06-04,4468,3,30.4,4
283,2019-04-05,2191,1,48.4,2
284,2023-12-19,4637,2,19.0,2
285,2022-10-28,4303,4,55.7,3
286,2020-08-05,2234,4,13.5,1
287,2023-01-10,3886,1,33.0,1
288,2020-11-24,986,2,1.5,2
289,2021-02-05,582,1,59.3,2
290,2022-01-11,1208,1,25.4,2
291,2021-07-04,2982,4,3.9,4
292,2020-03-21,4465,2,40.3,3
293,2022-05-03,2108,1,20.1,3
294,2019-05-23,677,3,64.9,3
295,2021-02-17,3202,3,42.5,3
296,2021-11-07,3308,1,7.2,1
297,2022-09-10,3113,4,62.8,4
298,2019-02-01,1016,4,33.5,4
299,2023-06-28,2048,4,18.2,3
300,2023-10-02,1914,1,58.2,3
301,2022-10-05,470,4,33.2,5
302,2022-09-02,3578,4,1.0,2
303,2021-03-08,3843,2,38.2,1
304,2019-09-15,3777,3,4.7,4
305,2020-10-19,3339,3,53.3,5
306,2020-12-07,628,1,44.5,4
307,2023-04-12,2409,4,19.4,4
308,2019-06-19,1505,2,52.7,3
309,2022-01-21,3778,2,1.4,3
310,2020-05-12,2524,3,42.7,5
311,2023-12-07,666,2,4.7,1
312,2019-02-16,171,1,40.1,3
313,2019-04-16,4982,3,12.9,3
314,2020-09-19,4176,2,48.9,2
315,2022-03-24,196,1,36.3,4
316,2019-12-18,3202,4,42.7,3
317,2021-02-12,1615,2,39.4,5
318,2022-06-17,1961,4,46.1,5
319,2021-06-16,521,4,56.6,3
320,2020-03-12,3703,4,51.8,5
321,2020-10-16,836,4,22.3,2
322,2021-08-23,100,3,26.0,3
323,2020-11-18,4827,2,6.5,3
324,2021-05-15,1299,1,29.1,4
325,2023-08-04,3003,4,53.8,5
326,2021-05-23,690,2,5.4,3
327,2019-01-10,2494,1,65.0,3
328,2023-04-03,2150,4,42.7,4
329,2022-11-30,4805,1,7.9,3
330,2019-08-16,3861,2,43.1,2
331,2022-12-16,1951,1,11.8,5
332,2022-08-17,3161,3,25.0,1
333,2022-05-28,1913,2,69.8,2
334,2020-04-22,3368,3,9.2,1
335,2019-03-12,101,2,15.0,2
336,2021-06-16,1093,4,44.8,2
337,2022-02-13,1870,3,1.1,2
338,2022-06-02,2602,3,33.0,3
339,2023-07-22,4314,2,36.3,2
340,2020-01-29,3027,4,53.6,4
341,2021-06-17,3026,2,47.6,5
342,2021-10-30,2234,1,10.1,2
343,2019-11-11,1856,3,14.4,5
344,2022-09-06,4131,1,51.7,3
345,2019-07-15,2138,3,26.7,5
346,2019-11-03,1655,2,43.0,3
347,2021-05-19,2991,3,1.8,5
348,2023-01-09,2277,4,62.7,1
349,2022-03-30,1374,1,20.2,2
350,2022-10-26,81,2,65.0,5
351,2023-11-01,605,1,13.8,3
352,2020-01-23,2994,4,6.4,3
353,2020-06-13,1992,1,67.2,5
354,2020-11-23,2608,4,48.9,3
355,2020-04-16,1212,1,13.7,1
356,2021-11-25,1144,4,4.3,5
357,2021-11-08,2754,2,51.1,1
358,2019-04-12,4893,4,51.0,2
359,2021-09-03,1800,1,21.0,4
360,2021-11-10,2854,4,3.9,5
361,2019-12-28,191,3,50.9,3
362,2023-04-20,985,1,65.4,5
363,2022-06-29,3412,4,14.5,3
364,2022-10-03,1521,2,18.6,3
365,2023-02-04,4071,3,24.8,4
366,2019-12-22,2898,2,0.9,4
367,2021-07-27,1698,3,9.7,3
368,2023-09-20,4064,1,16.3,2
369,2023-09-12,1477,1,54.3,4
370,2023-08-30,3144,2,56.0,1
371,2022-03-11,2766,4,11.7,3
372,2023-12-05,541,3,44.0,3
373,2021-06-18,771,1,8.0,1
374,2023-02-27,2134,1,26.9,2
375,2020-12-11,1770,2,64.7,3
376,2021-07-09,1037,3,39.2,1
377,2022-05-12,4927,2,7.4,3
378,2020-03-04,419,3,36.6,3
379,2023-07-22,28,1,26.2,5
380,2020-06-28,4791,3,58.9,4
381,2019-06-02,3605,4,58.4,4
382,2022-08-30,1805,3,12.7,1
383,2019-12-28,717,3,37.0,2
384,2021-05-19,2028,3,25.1,2
385,2022-06-01,1394,1,58.4,5
386,2020-03-03,774,3,13.1,3
387,2022-01-18,2239,4,71.2,3
388,2019-02-12,3566,4,34.6,3
389,2022-09-09,208,4,49.1,5
390,2020-11-24,1772,1,52.0,2
391,2019-11-27,2094,3,55.8,1
392,2020-08-31,3834,2,20.5,5
393,2020-11-16,995,3,43.7,4
394,2020-05-18,2823,1,22.8,2
395,2019-02-07,4348,3,17.9,3
396,2023-10-28,4119,1,9.7,2
397,2019-03-08,1686,1,14.9,5
398,2021-08-09,3133,4,3.1,2
399,2023-08-05,2460,1,15.6,1
400,2021-04-13,1799,3,58.4,5
401,2020-01-11,3803,3,22.5,2
402,2019-06-04,4139,2,10.1,4
403,2020-11-19,2613,4,70.4,2
404,2022-09-22,2275,1,38.0,5
405,2021-12-05,1156,1,50.9,4
406,2020-07-08,3890,4,4.1,4
407,2021-08-03,585,4,47.0,1
408,2023-04-23,573,1,71.9,2
409,2021-07-05,1365,3,37.2,5
410,2023-09-27,4728,2,60.8,5
411,2019-04-12,2600,3,68.5,1
412,2020-08-04,1924,1,10.1,2
413,2019-05-19,4690,1,30.8,2
414,2019-08-23,1605,2,56.2,5
415,2021-09-18,4690,2,18.1,2
416,2019-09-28,2388,4,33.4,5
417,2020-12-11,3783,1,6.0,2
418,2021-02-26,4566,1,15.3,4
419,2021-06-24,895,4,65.9,1
420,2020-12-05,2955,1,3.2,5
421,2020-06-30,42,4,39.4,1
422,2019-01-05,1026,1,31.8,3
423,2023-12-19,2044,1,17.5,1
424,2022-04-10,1128,4,40.1,4
425,2022-02-01,3864,1,41.1,4
426,2021-12-17,3109,1,31.9,5
427,2023-03-26,4975,4,60.7,5
428,2019-03-30,2947,1,10.9,4
429,2023-01-23,1902,2,1.0,5
430,2021-04-12,944,1,1.5,5
431,2021-03-20,589,2,19.4,3
432,2023-08-30,4256,2,1.3,5
433,2023-02-02,3633,2,28.8,5
434,2023-07-24,739,4,18.2,4
435,2020-09-30,4366,2,56.0,3
436,2021-11-18,2718,2,37.7,3
437,2022-02-01,3743,3,59.9,4
438,2021-08-02,2066,4,63.8,3
439,2022-04-06,4873,3,16.0,2
440,2019-08-27,2488,2,67.6,1
441,2019-03-23,148,4,19.3,3
442,2021-02-28,2478,3,23.3,4
443,2021-03-13,505,3,47.9,2
444,2020-10-02,84,4,16.3,4
445,2019-08-19,1121,1,3.1,1
446,2022-11-18,2966,2,41.5,4
447,2023-03-22,4528,2,21.2,3
448,2022-04-16,1967,2,7.1,1
449,2021-08-23,3339,4,36.5,1
450,2021-07-21,2085,1,3.6,4
451,2019-12-02,2342,2,45.0,3
452,2022-01-02,1562,3,48.1,3
453,2023-08-23,2807,3,58.1,3
454,2021-04-21,2818,2,70.2,5
455,2021-03-20,3708,2,11.2,2
456,2019-04-10,1545,1,32.7,3
457,2022-06-17,1772,2,24.8,4
458,2019-07-21,4297,3,52.6,5
459,2023-07-31,1460,3,54.4,2
460,2019-06-16,3949,3,26.3,3
461,2022-07-23,2864,2,48.9,5
462,2023-11-02,2639,2,19.6,3
463,2021-11-19,2192,3,46.7,5
464,2019-03-11,4789,1,51.8,5
465,2023-09-08,455,4,18.5,1
466,2019-04-04,2363,1,38.1,3
467,2019-09-10,4915,1,27.3,2
468,2021-04-07,4972,1,13.5,4
469,2019-07-21,250,1,33.5,5
470,2019-02-05,785,4,1.1,5
471,2022-06-25,519,2,7.5,2
472,2021-12-31,3811,1,23.0,1
473,2023-03-23,379,3,66.4,1
474,2021-12-07,4973,3,39.0,1
475,2021-09-24,987,2,27.6,3
476,2019-01-30,3157,3,70.0,3
477,2021-12-19,4139,2,59.3,3
478,2021-07-26,3559,2,46.6,1
479,2023-09-19,3820,1,24.2,3
480,2022-12-17,1989,1,62.4,5
481,2021-04-06,307,3,7.0,5
482,2019-01-05,1919,4,71.1,4
483,2021-05-05,2857,4,47.1,3
484,2023-07-04,1892,1,6.0,5
485,2021-08-24,2094,3,18.0,2
486,2023-11-28,2317,1,69.5,4
487,2023-03-18,3429,1,69.9,3
488,2021-03-14,4098,4,1.4,3
489,2022-02-25,3000,4,63.3,4
490,2021-01-03,1306,2,11.1,4
491,2023-10-03,1883,3,10.3,4
492,2020-11-13,4078,4,11.2,2
493,2022-09-19,329,2,5.4,3
494,2023-06-15,2120,1,19.5,2
495,2019-12-31,2959,2,49.1,1
496,2020-10-16,1083,1,45.1,5
497,2020-07-25,4524,4,7.0,5
498,2020-11-06,3593,4,48.3,2
499,2021-12-16,2013,1,12.5,5
500,2020-07-17,1655,4,63.7,2
501,2022-11-02,1766,2,9.4,4
502,2020-10-17,2274,1,26.5,5
503,2022-10-20,1918,2,39.9,1
504,2021-11-06,1119,3,67.9,1
505,2021-07-25,2713,3,46.1,4
506,2023-07-21,3347,1,9.6,2
507,2023-01-12,1478,4,34.0,2
508,2021-03-09,845,4,37.8,1
509,2019-12-20,4644,2,17.0,2
510,2020-07-03,3729,4,44.9,4
511,2021-04-09,3544,2,52.1,3
512,2019-10-25,3714,4,51.5,3
513,2023-12-17,559,2,43.7,3
514,2019-03-08,2011,3,23.2,1
515,2023-12-26,2127,2,59.9,3
516,2022-04-07,3011,3,59.5,5
517,2020-10-03,3208,1,17.3,1
518,2022-11-21,2065,1,8.5,3
519,2023-07-29,2160,1,26.1,3
520,2023-09-23,3691,3,24.4,5
521,2021-03-18,4851,3,11.4,4
522,2020-02-26,2216,3,64.0,5
523,2021-07-14,4756,4,11.8,2
524,2021-01-13,573,3,68.1,1
525,2020-04-01,828,3,7.7,1
526,2023-05-26,3863,2,68.2,3
527,2022-02-12,2946,1,13.6,2
528,2020-01-11,138,1,49.5,2
529,2023-06-12,1733,1,46.5,5
530,2019-03-16,1012,1,57.9,3
531,2020-07-01,4716,2,34.5,4
532,2020-06-12,4785,3,19.3,2
533,2019-04-21,1129,1,71.9,4
534,2022-09-13,3655,4,63.0,3
535,2022-12-02,256,1,0.6,4
536,2023-06-02,1772,4,64.1,5
537,2023-03-07,1702,3,55.7,5
538,2023-01-21,232,1,60.7,3
539,2019-08-01,4293,4,62.6,3
540,2021-01-15,4728,4,20.4,2
541,2021-01-28,2653,4,45.4,3
542,2022-02-08,270,2,62.4,1
543,2021-05-24,2975,3,31.1,5
544,2022-07-12,785,2,40.3,4
545,2021-07-29,3278,4,71.1,5
546,2021-07-31,950,1,55.3,4
547,2019-04-13,4138,1,26.1,1
548,2023-06-02,2587,3,71.3,4
549,2023-09-11,4253,1,6.5,5
550,2021-09-10,2477,1,28.7,5
551,2023-08-05,15,2,29.7,5
552,2021-11-16,892,1,63.5,1
553,2020-08-26,1509,4,64.4,5
554,2023-02-25,2482,1,14.8,1
555,2022-01-15,2159,1,70.1,4
556,2023-04-11,266,2,1.5,2
557,2020-01-12,1954,3,51.9,1
558,2019-06-03,560,1,42.9,2
559,2022-01-18,3036,2,10.6,4
560,2020-01-15,2854,3,1.8,1
561,2022-05-04,2365,1,20.6,3
562,2019-02-14,2778,3,13.0,2
563,2022-12-15,3428,4,56.5,3
564,2020-05-15,3605,4,15.6,4
565,2020-04-23,1389,1,9.1,3
566,2022-01-02,675,2,42.3,4
567,2023-05-28,3644,3,25.0,1
568,2023-03-31,2874,4,23.8,4
569,2020-06-25,4618,1,64.9,1
570,2023-08-19,101,3,38.4,1
571,2019-11-21,2608,2,58.9,4
572,2022-11-29,4413,2,57.6,3
573,2023-08-28,2793,2,3.5,5
574,2020-09-01,2200,3,61.9,3
575,2019-01-26,3592,1,57.8,2
576,2022-04-01,4191,1,20.1,2
577,2022-08-25,119,2,10.9,4
578,2019-02-24,1463,2,49.0,3
579,2020-05-21,2920,4,37.6,3
580,2022-02-10,3021,2,16.1,2
581,2019-01-09,1811,3,19.7,3
582,2022-07-11,2364,2,62.6,4
583,2021-11-30,3147,1,50.2,2
584,2023-07-26,2480,1,26.9,4
585,2022-03-10,2505,1,58.0,1
586,2023-01-06,1724,4,30.4,2
587,2021-03-17,4243,4,39.5,3
588,2022-03-13,3512,3,19.6,5
589,2022-07-29,2590,2,16.2,4
590,2022-02-27,3847,2,20.3,3
591,2019-02-06,273,2,41.3,2
592,2023-12-03,3185,2,1.5,2
593,2023-10-10,318,3,39.2,3
594,2019-03-24,270,4,30.9,4
595,2021-07-10,2390,3,4.1,3
596,2019-12-25,3803,2,9.9,1
597,2020-05-16,33,1,62.3,5
598,2019-08-04,3783,2,18.5,2
599,2023-08-23,4255,3,61.7,1
600,2023-06-07,530,2,65.4,1
601,2020-06-23,163,4,4.4,5
602,2019-06-06,928,4,29.8,2
603,2019-08-11,2528,2,55.5,3
604,2020-10-14,3644,2,12.0,1
605,2019-11-03,2747,4,39.5,4
606,2019-08-12,769,3,52.1,4
607,2023-07-20,1356,3,40.8,3
608,2020-08-15,1780,1,4.3,1
609,2021-05-24,3595,4,58.7,2
610,2022-04-06,1666,4,33.9,5
611,2021-05-22,1854,3,17.7,3
612,2019-12-07,2358,3,44.9,4
613,2020-07-21,3554,3,22.5,4
614,2021-09-15,3648,3,37.4,5
615,2022-08-29,3080,2,45.8,2
616,2020-09-18,3038,2,53.7,4
617,2021-06-12,4775,2,1.4,5
618,2023-09-10,1978,3,50.7,5
619,2022-11-13,3735,3,69.0,4
620,2023-12-26,46,4,27.5,5
621,2021-11-11,2275,2,54.8,1
622,2022-06-19,804,1,53.4,4
623,2020-07-07,3957,1,45.2,2
624,2023-03-20,2456,1,13.9,5
625,2022-06-27,2187,4,51.4,4
626,2022-01-16,3205,4,24.3,2
627,2019-03-27,1798,1,31.5,1
628,2020-05-24,3758,1,9.9,1
629,2020-03-28,779,1,42.3,4
630,2023-08-13,1675,1,54.6,2
631,2022-12-05,3516,2,27.9,4
632,2022-07-08,316,4,12.6,4
633,2020-06-10,4080,1,10.6,2
634,2020-02-18,3426,1,15.6,2
635,2019-09-16,3561,4,43.6,3
636,2019-04-19,1545,4,37.5,5
637,2019-11-24,157,4,39.0,2
638,2019-08-24,1362,3,49.1,2
639,2020-12-19,3812,4,18.3,1
640,2019-07-13,80,4,10.0,3
641,2019-02-26,4569,1,55.1,1
642,2023-06-26,4091,3,54.6,4
643,2021-08-12,4465,2,46.4,3
644,2023-05-25,4734,3,18.0,5
645,2021-02-03,514,3,69.6,4
646,2019-07-13,2087,4,49.4,4
647,2019-02-05,1316,1,68.1,4
648,2021-12-15,4059,3,32.8,2
649,2023-08-15,460,1,31.8,2
650,2020-01-08,3776,1,12.4,4
651,2022-01-08,3961,1,46.2,5
652,2023-05-02,1092,3,47.2,1
653,2019-05-11,3577,3,45.3,5
654,2019-01-06,41,3,17.8,4
655,2021-02-27,1259,1,60.8,3
656,2019-11-04,1116,4,22.0,1
657,2022-09-30,4670,1,49.5,5
658,2019-01-09,1120,3,3.9,4
659,2022-02-11,946,1,40.3,1
660,2023-11-21,22,4,23.2,1
661,2020-05-17,4809,4,40.9,3
662,2021-08-13,1054,3,65.6,4
663,2023-01-20,240,4,67.4,1
664,2022-10-11,2266,1,50.8,2
665,2022-11-16,4570,2,40.6,1
666,2022-08-28,427,2,48.3,5
667,2020-01-11,1122,3,70.9,4
668,2021-04-13,3019,2,45.0,3
669,2021-07-28,1267,4,70.0,5
670,2020-10-22,1292,3,43.1,4
671,2021-03-01,1886,1,37.1,4
672,2020-07-31,1794,4,56.3,2
673,2020-12-01,1197,3,8.3,1
674,2019-07-18,1146,1,24.3,3
675,2020-03-02,400,2,33.0,1
676,2019-11-27,4416,3,29.7,5
677,2019-10-18,2329,1,63.7,3
678,2019-06-10,1474,4,5.5,4
679,2022-03-02,2839,1,47.3,1
680,2019-06-27,1192,2,50.9,3
681,2023-01-08,1860,4,4.4,5
682,2022-08-21,1819,2,14.5,5
683,2022-05-24,3855,3,14.3,3
684,2021-06-08,3220,4,55.9,1
685,2021-12-31,3717,2,69.6,3
686,2021-01-20,1745,1,8.5,2
687,2022-10-23,3280,2,21.6,4
688,2022-05-29,2557,3,35.5,5
689,2023-09-17,3903,1,12.0,3
690,2019-08-11,1280,4,0.8,3
691,2022-03-30,4197,3,36.8,3
692,2022-04-19,3677,3,47.7,3
693,2022-08-16,360,4,46.6,1
694,2019-02-18,4406,4,45.6,3
695,2022-03-20,2011,3,57.4,4
696,2020-11-02,3890,2,1.0,1
697,2020-04-01,142,4,69.7,5
698,2019-04-30,2543,4,3.2,3
699,2020-03-17,2423,2,41.3,5
700,2021-01-30,1851,3,58.1,5
701,2022-10-17,4562,4,38.4,3
702,2023-05-03,1102,3,34.1,2
703,2020-05-30,4144,4,6.7,2
704,2019-06-21,4041,1,62.1,1
705,2020-10-10,3687,1,48.0,4
706,2023-11-10,312,4,70.3,1
707,2023-10-03,3187,4,1.2,2
708,2023-06-05,4681,1,63.6,3
709,2023-07-24,1344,2,3.6,1
710,2023-10-17,2767,3,11.7,5
711,2020-12-26,3887,3,66.9,2
712,2019-01-12,3856,1,29.1,2
713,2020-06-13,2807,4,12.3,2
714,2022-05-31,1014,3,4.7,4
715,2021-05-20,4068,2,63.7,5
716,2022-02-08,2567,1,18.9,3
717,2020-07-19,944,3,25.7,4
718,2022-04-02,2146,2,62.0,1
719,2020-07-31,3216,1,29.5,3
720,2023-05-07,3190,2,67.0,3
721,2023-01-14,517,2,55.1,4
722,2023-03-14,3846,1,36.8,5
723,2021-03-28,2497,3,35.6,5
724,2023-02-26,4010,3,40.6,1
725,2021-09-02,2277,1,2.4,1
726,2020-10-07,4795,1,12.6,4
727,2022-11-24,4626,2,2.3,3
728,2020-10-04,1017,4,8.4,4
729,2022-06-25,3058,4,34.6,4
730,2021-07-12,4369,4,65.9,4
731,2019-12-01,4805,2,21.1,4
732,2019-06-09,3846,4,37.4,1
733,2022-11-29,3840,4,49.0,2
734,2023-03-18,1317,1,57.0,5
735,2022-09-03,502,4,48.7,5
736,2020-01-28,3987,1,19.4,3
737,2019-12-11,2691,2,18.1,2
738,2020-01-06,3868,3,63.3,1
739,2020-08-05,4557,3,22.8,5
740,2023-02-08,1314,3,38.2,4
741,2022-01-05,239,3,67.4,3
742,2020-12-17,3690,3,35.2,1
743,2021-01-05,613,4,40.7,4
744,2022-02-09,4539,1,54.5,5
745,2019-07-13,1469,4,38.9,3
746,2022-12-31,996,3,21.8,2
747,2021-02-13,3378,4,27.2,4
748,2023-12-15,1975,1,20.8,4
749,2021-09-30,1344,4,26.8,5
750,2022-04-14,473,4,23.0,1
751,2019-04-30,2439,4,20.8,3
752,2022-03-02,1588,3,42.8,5
753,2021-05-05,1905,3,18.5,4
754,2023-08-19,345,2,1.5,4
755,2023-08-21,4127,1,16.5,3
756,2022-05-08,2003,2,20.4,4
757,2022-08-13,3521,2,67.7,2
758,2022-12-21,3196,3,35.9,1
759,2019-01-14,3580,4,36.2,5
760,2022-01-19,84,3,60.2,4
761,2020-11-29,1572,3,20.9,2
762,2022-11-05,4895,4,44.9,3
763,2019-06-30,4528,3,18.4,1
764,2021-01-11,2330,2,26.2,2
765,2021-11-29,3129,3,30.8,2
766,2020-03-20,1932,4,39.1,5
767,2021-04-24,3149,3,5.5,5
768,2020-04-17,3464,3,23.7,3
769,2022-04-03,982,4,20.8,4
770,2019-12-31,3573,2,29.6,5
771,2020-03-13,877,4,70.0,3
772,2023-11-13,3145,1,51.4,2
773,2020-01-22,2028,1,9.6,1
774,2019-11-02,1978,3,18.2,1
775,2020-11-13,4784,4,20.2,5
776,2023-04-07,4033,2,49.1,3
777,2021-09-17,3496,2,4.5,1
778,2021-09-05,4005,3,41.7,5
779,2023-01-26,1259,1,27.0,4
780,2020-03-07,3858,3,5.1,2
781,2023-06-21,3237,1,12.0,2
782,2021-03-31,2849,4,14.2,4
783,2021-11-16,2436,4,34.9,1
784,2020-02-09,3950,3,0.7,3
785,2023-05-11,4966,2,6.2,1
786,2021-03-14,1589,1,26.2,4
787,2021-10-04,90,1,11.3,4
788,2020-05-22,2681,2,47.2,4
789,2019-06-03,4318,1,54.3,3
790,2020-05-18,129,4,42.9,3
791,2022-12-30,4008,1,21.3,1
792,2023-09-14,4525,2,58.7,2
793,2021-07-14,4771,2,71.9,2
794,2023-06-17,2377,4,41.3,1
795,2019-12-21,3461,3,1.5,5
796,2020-04-17,1794,1,18.4,5
797,2019-02-02,3951,1,46.5,2
798,2020-02-16,3791,3,13.5,3
799,2022-11-04,1525,4,38.3,1
800,2023-04-22,4242,2,6.3,3
801,2020-08-29,3593,1,35.4,4
802,2023-01-01,2789,1,22.7,2
803,2020-09-01,3183,3,32.7,4
804,2023-01-23,171,4,37.6,2
805,2022-11-22,3253,1,51.2,4
806,2023-01-25,434,3,58.4,1
807,2023-12-06,2053,4,70.8,5
808,2023-11-16,2531,2,1.0,5
809,2023-01-11,2507,1,2.8,5
810,2023-10-28,994,1,41.4,3
811,2020-05-08,3251,2,36.3,4
812,2019-07-09,1642,2,2.1,2
813,2023-01-26,3829,3,59.7,4
814,2021-06-03,2527,2,8.0,1
815,2021-09-08,2064,3,16.3,5
816,2021-05-22,4456,4,40.0,5
817,2020-06-03,868,3,33.4,3
818,2023-08-13,667,2,68.5,1
819,2022-05-14,2109,4,7.4,1
820,2019-01-08,3516,4,43.8,1
821,2021-12-24,4226,2,31.4,4
822,2022-02-24,975,4,31.5,5
823,2022-08-19,661,3,71.1,1
824,2020-08-10,2880,3,9.1,2
825,2021-08-19,2730,2,2.4,3
826,2021-11-14,2238,2,57.6,3
827,2022-09-15,4534,3,53.8,4
828,2023-07-20,557,3,33.4,5
829,2022-06-21,2650,3,64.3,1
830,2020-04-02,3660,1,28.7,1
831,2021-11-03,1537,1,1.1,3
832,2023-10-02,3162,3,8.5,5
833,2022-02-05,2503,3,69.6,1
834,2019-07-24,2135,1,34.8,5
835,2020-05-23,3040,4,27.8,1
836,2022-09-15,2364,1,37.6,4
837,2022-09-25,1025,2,51.8,1
838,2023-01-28,2334,1,37.4,3
839,2019-10-28,3834,1,56.3,2
840,2020-06-12,3815,1,36.4,4
841,2022-10-16,3743,3,22.3,4
842,2019-07-08,1226,1,49.2,1
843,2023-02-25,2882,1,53.7,3
844,2022-08-13,538,3,30.2,4
845,2023-03-10,1375,4,53.5,1
846,2020-10-05,2455,2,1.2,5
847,2021-02-20,2857,1,48.0,1
848,2023-04-23,3414,2,17.1,3
849,2023-10-22,3165,2,23.9,3
850,2020-02-12,1457,1,59.0,3
851,2023-06-13,2197,2,71.9,4
852,2020-01-23,3423,2,2.9,4
853,2023-10-23,3491,4,21.3,5
854,2023-03-19,4219,2,41.0,1
855,2020-02-03,3483,4,29.9,2
856,2020-07-28,173,4,69.0,4
857,2023-12-08,3331,1,44.8,5
858,2022-06-14,1867,2,17.0,1
859,2023-07-08,1120,2,24.2,2
860,2019-08-29,588,2,45.0,3
861,2022-07-12,1649,4,5.1,5
862,2020-06-22,3304,4,60.4,1
863,2019-10-27,1157,4,50.8,5
864,2020-08-11,970,4,40.8,2
865,2021-07-17,672,1,6.2,5
866,2021-07-28,608,1,8.4,3
867,2020-12-30,51,1,12.9,4
868,2023-10-10,1818,2,38.1,5
869,2023-04-04,3620,2,62.2,4
870,2020-10-24,2826,2,7.8,2
871,2022-08-06,3646,4,12.7,2
872,2020-01-14,1785,2,18.8,4
873,2021-09-12,4285,2,7.0,1
874,2022-06-17,3779,2,37.2,1
875,2019-12-01,993,1,6.6,4
876,2019-08-17,3677,2,21.6,1
877,2019-01-20,672,2,27.4,4
878,2020-01-22,152,4,19.4,2
879,2019-06-02,670,3,24.6,4
880,2019-05-14,4268,3,26.3,3
881,2023-05-31,3207,2,35.3,2
882,2020-06-07,824,3,23.3,2
883,2019-09-20,3140,1,45.1,4
884,2022-09-01,1786,3,40.3,3
885,2022-09-28,4149,3,23.0,2
886,2020-12-09,4254,3,61.0,1
887,2020-01-28,2425,4,23.1,5
888,2021-02-09,3386,2,68.1,3
889,2019-02-28,1099,3,50.8,2
890,2019-10-17,4095,4,22.5,4
891,2020-04-01,158,3,25.5,3
892,2019-01-13,4486,1,55.3,2
893,2020-12-07,1458,4,39.8,1
894,2021-02-10,3114,4,31.3,4
895,2023-10-25,4864,2,25.6,2
896,2022-05-10,778,4,2.5,5
897,2021-12-15,367,3,38.4,3
898,2019-08-30,4313,3,48.2,3
899,2022-10-20,4013,4,43.3,1
900,2020-11-07,3101,1,30.9,1
901,2021-03-24,97,3,69.1,1
902,2023-02-28,1156,2,44.9,3
903,2022-08-07,2646,4,34.7,4
904,2020-04-14,4930,1,41.3,3
905,2023-07-09,716,2,4.4,5
906,2020-06-02,3657,3,29.2,3
907,2022-04-11,3294,1,12.4,4
908,2021-12-09,4259,3,17.6,5
909,2022-03-16,3296,2,32.0,5
910,2019-12-21,1224,4,3.0,4
911,2022-02-17,3577,2,6.9,1
912,2021-10-21,1666,3,33.4,5
913,2021-07-25,3694,4,57.4,3
914,2019-12-18,4281,1,41.3,1
915,2021-10-29,2922,3,66.6,5
916,2019-10-05,4301,1,66.6,3
917,2021-05-27,1795,1,4.9,2
918,2020-06-22,1489,1,54.3,4
919,2019-06-17,1706,1,25.5,5
920,2019-06-07,1125,4,60.3,4
921,2019-08-09,1930,1,15.0,4
922,2020-06-01,1054,1,24.0,3
923,2023-05-21,3593,4,61.1,2
924,2021-08-30,4481,2,8.1,1
925,2021-11-28,1558,2,18.7,2
926,2019-01-21,3736,3,11.7,4
927,2019-08-24,3750,3,22.6,5
928,2022-11-16,3738,4,13.1,4
929,2019-12-05,4417,1,55.7,3
930,2019-11-04,3806,2,53.4,5
931,2019-12-16,2193,3,44.1,5
932,2023-05-21,236,4,2.9,4
933,2022-08-31,979,2,10.2,5
934,2019-01-29,2464,1,41.7,4
935,2022-10-10,4039,2,25.2,4
936,2023-06-08,2725,3,37.7,2
937,2019-10-03,3818,3,3.2,3
938,2021-10-11,3790,2,33.0,4
939,2020-05-18,1279,4,5.7,5
940,2022-06-23,2635,3,48.6,2
941,2021-04-13,3804,2,34.6,2
942,2023-11-10,1984,1,9.2,1
943,2023-02-04,4160,4,32.7,2
944,2023-05-11,2014,1,16.9,5
945,2021-08-23,351,3,27.6,4
946,2022-11-29,1408,2,32.1,4
947,2022-07-14,2392,2,45.5,2
948,2021-03-28,1838,3,66.1,1
949,2022-11-11,3659,4,37.5,3
950,2020-06-10,215,3,4.9,3
951,2021-10-15,810,3,5.4,4
952,2023-03-10,3443,2,39.6,1
953,2023-10-06,1092,1,66.9,2
954,2021-04-28,962,2,64.8,1
955,2022-09-16,3901,3,43.1,5
956,2019-01-25,126,2,27.6,3
957,2020-10-28,4467,2,32.8,4
958,2019-09-11,1457,2,31.8,5
959,2023-03-13,4181,4,18.0,4
960,2020-03-03,1051,1,44.4,4
961,2022-10-26,4419,1,15.0,1
962,2019-03-16,1715,3,7.0,3
963,2023-12-02,2332,4,38.9,3
964,2020-09-05,3218,3,25.6,4
965,2019-12-26,1225,4,59.8,5
966,2019-04-23,65,3,26.7,3
967,2022-11-17,580,1,8.4,4
968,2023-05-23,3872,1,6.7,5
969,2021-06-09,3678,2,25.1,3
970,2022-05-28,4946,2,19.9,4
971,2023-09-05,3024,3,48.3,4
972,2020-07-02,2702,3,38.0,1
973,2022-12-12,1059,1,69.9,4
974,2022-06-07,2073,2,16.5,4
975,2020-11-25,828,4,33.3,5
976,2022-07-01,2134,1,25.1,1
977,2023-04-28,118,2,55.1,1
978,2021-08-14,3488,1,23.9,3
979,2021-08-16,1949,3,20.2,4
980,2020-01-01,4574,2,43.0,4
981,2023-02-05,1030,1,20.4,5
982,2020-05-15,191,4,52.1,4
983,2023-02-21,360,2,21.9,5
984,2019-07-23,3010,4,60.2,1
985,2023-11-21,3824,3,37.7,1
986,2021-07-29,4518,1,29.3,3
987,2022-06-20,2379,3,70.3,2
988,2019-08-09,4319,2,14.3,2
989,2021-01-04,2057,1,63.9,3
990,2021-08-07,4641,1,39.6,2
991,2020-06-18,510,2,60.4,3
992,2019-04-10,3285,4,31.3,5
993,2019-07-10,2984,1,13.1,5
994,2019-11-02,4898,2,59.5,3
995,2019-11-18,1483,1,15.3,3
996,2023-12-29,2013,3,66.1,4
997,2021-09-07,2482,1,13.6,5
998,2019-07-17,4406,3,58.9,1
999,2022-10-03,4784,2,28.0,4
1000,2021-05-31,3389,4,17.7,4
1001,2021-08-08,343,1,42.7,5
1002,2019-05-03,3603,2,60.2,3
1003,2021-02-13,4250,2,8.1,4
1004,2023-02-02,2448,1,10.2,2
1005,2022-08-11,3993,4,37.3,4
1006,2023-07-31,2471,2,62.3,3
1007,2023-09-14,528,2,16.5,3
1008,2023-09-18,889,2,55.2,4
1009,2021-08-24,796,1,57.8,1
1010,2020-04-26,2967,3,52.4,1
1011,2020-01-28,1616,4,3.6,2
1012,2019-06-29,1829,4,23.5,5
1013,2022-09-19,3023,2,5.0,1
1014,2023-06-14,2762,4,42.4,2
1015,2022-05-27,207,3,39.5,1
1016,2023-05-26,4360,1,12.0,3
1017,2023-06-05,3076,1,43.3,5
1018,2021-03-18,3087,4,46.8,3
1019,2022-01-26,3616,4,32.9,1
1020,2023-04-13,4236,1,50.0,5
1021,2019-08-27,964,2,13.9,2
1022,2019-04-23,3965,2,29.4,1
1023,2023-07-23,4077,2,1.4,5
1024,2022-09-28,4649,4,55.0,3
1025,2020-06-30,2500,1,48.7,1
1026,2022-05-17,965,2,21.0,4
1027,2021-11-27,1577,2,26.6,2
1028,2020-03-17,1014,2,52.4,4
1029,2019-03-02,4005,2,6.3,4
1030,2020-01-18,601,1,8.8,5
1031,2022-10-02,1938,3,38.0,1
1032,2023-06-22,2578,3,56.9,1
1033,2021-07-01,3335,2,48.1,1
1034,2023-06-04,4551,4,22.3,1
1035,2020-06-14,4188,4,70.8,3
1036,2022-02-28,3091,3,63.8,5
1037,2023-06-07,2712,1,47.6,1
1038,2020-11-02,3039,4,28.9,5
1039,2021-02-10,2045,4,55.7,4
1040,2020-03-07,4968,2,42.6,2
1041,2020-03-01,2434,1,4.5,4
1042,2023-08-26,1852,4,47.7,4
1043,2023-04-29,1357,3,58.5,1
1044,2019-07-09,4146,4,30.7,2
1045,2023-12-16,1609,3,7.0,4
1046,2020-09-18,3817,1,12.3,2
1047,2022-02-21,3711,3,18.7,2
1048,2019-09-06,4800,4,14.0,5
1049,2019-05-23,116,2,17.5,5
1050,2022-03-17,1834,4,6.6,1
1051,2022-06-05,3177,2,54.9,2
1052,2021-07-22,627,2,28.4,3
1053,2023-02-21,4317,3,31.4,1
1054,2022-09-01,237,2,62.7,4
1055,2020-06-06,3199,4,20.4,2
1056,2020-05-30,1866,2,20.4,3
1057,2023-12-04,1699,3,61.9,2
1058,2023-01-15,826,1,45.8,5
1059,2022-01-20,627,2,42.5,1
1060,2019-01-03,2043,3,45.2,5
1061,2022-01-14,362,4,15.2,2
1062,2022-04-23,758,3,35.2,3
1063,2020-02-08,2183,1,44.7,4
1064,2020-07-18,2890,3,22.8,5
1065,2020-07-16,3708,2,49.6,5
1066,2019-04-30,3504,4,69.3,5
1067,2023-11-30,325,3,70.3,5
1068,2023-02-03,2918,1,33.1,5
1069,2023-12-25,4003,4,14.1,4
1070,2020-09-04,2598,3,38.9,2
1071,2022-04-06,3743,3,4.3,4
1072,2023-07-11,1179,2,15.5,1
1073,2022-04-17,2651,1,68.1,3
1074,2021-11-26,4130,4,51.1,5
1075,2019-06-23,838,4,13.5,2
1076,2019-03-10,4503,1,39.0,5
1077,2023-01-03,4740,2,31.5,1
1078,2023-06-28,4636,4,23.6,1
1079,2022-05-16,2314,3,44.3,4
1080,2020-02-05,2007,3,35.0,1
1081,2020-06-27,2596,2,58.8,4
1082,2019-10-08,634,2,44.6,2
1083,2020-12-22,457,2,48.6,4
1084,2021-02-27,957,3,64.8,2
1085,2021-11-26,3021,2,43.5,4
1086,2019-02-23,683,4,24.8,1
1087,2019-05-13,4398,1,46.2,5
1088,2021-11-04,496,4,69.0,3
1089,2020-11-04,425,2,24.8,3
1090,2021-02-11,1584,2,1.1,2
1091,2022-06-02,3201,3,29.1,2
1092,2021-06-02,2113,4,12.3,1
1093,2021-12-31,1249,2,54.7,3
1094,2022-08-10,4687,3,42.9,3
1095,2019-09-07,2184,3,4.0,3
1096,2021-06-18,2732,2,12.5,4
1097,2020-01-04,245,1,49.1,2
1098,2021-02-27,1953,1,48.3,3
1099,2023-02-08,4319,3,3.6,4
1100,2022-03-12,3010,3,8.1,4
1101,2023-02-11,2204,4,38.4,4
1102,2023-11-29,4986,2,5.9,1
1103,2022-03-11,3349,1,60.0,2
1104,2021-08-28,2614,4,35.2,5
1105,2023-11-24,3111,3,36.6,3
1106,2022-06-14,2728,4,70.2,4
1107,2022-08-15,4318,1,11.0,2
1108,2022-10-02,4418,3,2.7,1
1109,2021-09-13,4494,4,24.1,4
1110,2021-10-05,2167,3,2.2,1
1111,2019-09-26,2885,4,41.3,3
1112,2023-03-31,1550,3,51.4,5
1113,2021-06-15,1380,4,18.2,4
1114,2020-12-09,4453,3,33.0,4
1115,2019-09-26,742,2,38.8,3
1116,2022-04-14,4025,2,32.5,3
1117,2021-08-28,3731,1,9.7,5
1118,2019-06-05,585,3,65.3,3
1119,2022-03-29,140,1,22.8,3
1120,2019-08-19,1674,3,12.5,1
1121,2021-07-04,1775,3,60.0,3
1122,2020-09-18,4455,1,54.8,2
1123,2019-02-14,4166,3,47.4,2
1124,2022-02-26,3967,4,41.3,4
1125,2021-12-10,288,2,26.8,1
1126,2020-06-05,2846,2,43.7,4
1127,2021-05-09,1520,1,47.9,5
1128,2022-08-02,2076,4,65.9,1
1129,2021-02-22,1677,3,36.7,4
1130,2023-07-02,577,3,29.6,3
1131,2021-08-16,1566,4,59.4,4
1132,2022-07-17,446,1,29.8,1
1133,2019-06-26,261,3,30.5,2
1134,2019-06-10,2020,4,59.2,1
1135,2022-08-20,4161,3,25.7,4
1136,2019-12-12,1634,4,43.1,3
1137,2019-08-16,1173,3,40.1,5
1138,2019-06-01,433,3,15.6,4
1139,2023-10-08,2833,1,39.6,1
1140,2021-11-28,544,1,5.6,1
1141,2022-12-01,1784,3,39.3,5
1142,2022-02-18,667,4,3.0,2
1143,2019-09-24,2457,1,31.4,3
1144,2022-10-03,1266,4,34.9,1
1145,2022-08-05,3066,4,39.1,3
1146,2021-07-27,4809,2,58.7,4
1147,2023-03-18,3206,2,53.4,1
1148,2021-06-01,3432,1,33.6,5
1149,2022-10-15,2048,2,33.5,1
1150,2019-06-11,2226,2,9.6,2
1151,2022-05-02,3693,2,61.7,3
1152,2023-05-03,3597,1,5.0,3
1153,2019-04-25,2905,1,64.1,2
1154,2021-12-11,77,3,61.5,3
1155,2021-09-16,2456,3,4.9,4
1156,2023-08-17,3698,1,26.5,1
1157,2020-08-16,1222,3,55.8,1
1158,2019-01-30,2412,4,17.8,1
1159,2023-12-06,2224,4,9.0,4
1160,2020-07-09,1278,4,26.3,5
1161,2020-01-13,1820,2,36.1,1
1162,2019-03-04,3886,2,35.6,3
1163,2019-02-03,2187,2,4.7,1
1164,2019-02-05,3720,2,5.3,3
1165,2020-01-26,374,4,17.1,2
1166,2019-11-22,1177,4,52.7,5
1167,2021-07-01,3408,1,52.2,4
1168,2023-06-07,342,4,48.7,1
1169,2022-12-11,2312,2,24.0,5
1170,2021-08-28,2924,2,65.3,4
1171,2021-07-27,1972,3,58.3,3
1172,2022-10-26,602,4,21.4,3
1173,2023-10-13,2595,3,65.4,2
1174,2023-07-11,3434,1,32.8,2
1175,2019-11-01,2506,4,13.5,1
1176,2021-08-08,4958,3,54.0,5
1177,2021-06-20,1666,1,58.1,1
1178,2022-06-18,4595,1,28.5,2
1179,2022-11-03,4663,3,26.5,2
1180,2023-09-21,3771,2,69.8,5
1181,2021-03-24,4726,4,5.6,5
1182,2021-10-15,436,4,61.2,4
1183,2019-02-11,4368,3,66.5,2
1184,2023-07-15,229,2,4.6,2
1185,2022-07-09,3801,3,56.5,1
1186,2019-03-09,1030,1,50.5,2
1187,2022-01-25,581,4,31.5,1
1188,2022-05-22,1786,3,61.8,1
1189,2019-02-09,4417,4,46.9,1
1190,2021-08-07,4592,2,3.1,5
1191,2023-09-21,2029,2,10.7,1
1192,2023-04-14,2104,1,13.7,3
1193,2021-11-05,3536,2,29.9,2
1194,2022-07-10,2818,4,33.2,5
1195,2020-03-16,839,4,50.5,4
1196,2022-05-19,2518,3,10.2,4
1197,2022-04-23,3109,2,1.7,5
1198,2021-08-12,2893,2,12.4,3
1199,2019-05-11,230,1,36.8,3
1200,2019-04-11,3744,2,57.8,3
1201,2021-02-11,4273,1,43.2,1
1202,2019-12-15,540,1,30.2,3
1203,2022-10-09,1141,3,30.5,4
1204,2019-11-06,1439,4,42.6,3
1205,2020-11-01,471,3,4.2,5
1206,2022-03-25,4594,4,12.3,5
1207,2022-06-16,4603,2,11.9,1
1208,2020-12-18,639,4,49.4,4
1209,2021-12-02,367,3,20.0,2
1210,2019-08-21,1465,3,46.6,1
1211,2020-06-22,734,1,53.9,5
1212,2022-03-29,635,4,7.8,2
1213,2023-02-03,3348,4,17.4,5
1214,2022-12-29,4555,2,60.5,5
1215,2019-09-10,2078,1,48.2,2
1216,2023-08-14,1951,1,48.2,3
1217,2019-01-06,1549,3,16.7,3
1218,2022-11-21,1972,2,3.5,1
1219,2022-01-07,2599,3,62.1,2
1220,2022-09-29,1236,3,7.5,1
1221,2019-11-01,888,3,0.5,5
1222,2020-03-19,1954,1,28.1,4
1223,2020-08-07,2885,2,71.4,2
1224,2019-02-27,195,1,25.0,1
1225,2019-08-03,836,3,16.8,2
1226,2022-11-11,4274,4,55.5,2
1227,2019-08-29,2785,3,21.6,4
1228,2021-05-15,857,1,33.0,1
1229,2019-10-28,434,3,3.6,2
1230,2021-02-19,2740,4,66.8,3
1231,2019-05-02,1095,3,26.3,3
1232,2020-09-06,4643,3,29.3,5
1233,2021-02-04,4590,1,29.6,5
1234,2023-11-10,4644,4,44.6,4
1235,2020-07-13,952,2,44.3,3
1236,2020-08-21,2935,2,60.0,3
1237,2020-01-28,3734,3,25.6,3
1238,2021-10-10,1180,3,22.2,4
1239,2023-03-27,47,2,54.4,5
1240,2021-02-11,4056,4,21.2,3
1241,2021-11-18,4146,4,24.4,3
1242,2021-02-03,3507,1,45.4,4
1243,2022-08-18,4496,4,59.3,3
1244,2020-04-29,838,3,35.8,4
1245,2020-07-30,2828,1,68.8,2
1246,2019-02-24,2281,3,68.9,4
1247,2021-09-25,2135,2,54.4,3
1248,2020-12-28,1634,1,19.8,1
1249,2021-07-27,2799,1,52.6,5
1250,2022-01-03,418,2,47.0,4
1251,2020-09-06,455,2,25.9,1
1252,2023-07-26,3254,2,30.0,5
1253,2023-06-16,1387,3,25.8,3
1254,2023-10-20,4662,1,32.4,4
1255,2022-03-04,2723,1,58.1,4
1256,2022-10-22,201,1,41.3,2
1257,2021-06-24,4258,4,60.6,5
1258,2020-03-23,848,2,24.7,5
1259,2023-02-12,107,3,7.6,4
1260,2022-02-13,4813,1,15.0,2
1261,2019-09-05,4510,1,50.4,1
1262,2022-02-21,2370,4,36.6,1
1263,2019-09-16,552,1,46.7,2
1264,2019-04-10,1888,2,7.1,2
1265,2022-02-13,3885,2,40.5,4
1266,2020-04-02,3234,2,43.4,1
1267,2022-09-25,3774,3,6.3,1
1268,2019-12-04,4335,2,34.8,3
1269,2019-03-04,319,3,9.6,1
1270,2023-04-17,4885,2,67.6,2
1271,2021-09-08,4144,4,59.4,2
1272,2023-05-07,3580,4,47.0,4
1273,2022-11-16,612,1,55.4,2
1274,2021-11-06,4987,3,13.4,1
1275,2020-06-21,1575,2,62.8,5
1276,2022-07-11,4061,2,68.2,1
1277,2021-11-06,3452,1,56.6,4
1278,2022-04-22,2036,3,23.4,4
1279,2019-05-13,2486,2,2.9,2
1280,2023-10-04,2088,4,38.7,2
1281,2023-10-18,4715,2,56.6,2
1282,2020-11-27,4099,4,10.1,1
1283,2020-06-02,1427,3,31.3,5
1284,2023-07-12,1632,3,50.8,2
1285,2023-06-09,1265,2,29.3,4
1286,2020-10-09,4676,1,68.7,1
1287,2021-10-18,139,4,16.1,3
1288,2019-01-13,4329,4,32.2,4
1289,2023-02-20,609,2,45.6,5
1290,2023-04-13,3661,2,58.2,2
1291,2023-04-07,1460,1,4.8,3
1292,2023-11-23,3422,3,6.7,5
1293,2021-07-01,2480,1,54.6,3
1294,2021-06-01,2647,1,23.0,5
1295,2022-01-28,795,4,11.7,4
1296,2021-12-27,3332,2,47.7,2
1297,2022-05-31,1443,4,54.8,5
1298,2020-02-06,3311,2,32.6,1
1299,2020-05-13,1405,4,49.5,2
1300,2020-07-07,2423,1,12.3,2
1301,2019-01-29,4627,1,36.9,3
1302,2023-09-04,3352,1,70.2,1
1303,2020-02-24,4386,3,37.2,3
1304,2022-08-25,85,3,63.8,1
1305,2019-06-05,4859,2,15.3,2
1306,2022-11-09,1291,4,13.9,4
1307,2023-03-11,4969,3,57.2,5
1308,2023-03-19,4738,3,42.2,2
1309,2019-12-05,4033,1,45.8,1
1310,2021-09-29,4443,4,13.5,4
1311,2021-03-29,4943,2,51.6,5
1312,2021-06-02,4650,1,7.2,2
1313,2022-02-05,2713,1,39.4,2
1314,2023-08-16,1872,3,17.0,1
1315,2019-12-25,4366,4,69.1,2
1316,2020-03-20,1377,1,13.9,5
1317,2019-12-18,110,4,16.1,2
1318,2022-04-03,744,2,44.3,1
1319,2022-11-05,4586,4,58.8,1
1320,2022-04-16,2015,4,44.3,5
1321,2019-11-22,2047,2,69.5,1
1322,2020-11-24,70,4,32.8,3
1323,2019-04-08,3063,3,4.7,3
1324,2021-11-11,3516,1,58.9,4
1325,2020-05-30,1332,1,60.2,4
1326,2020-09-20,2718,4,35.8,1
1327,2019-03-22,127,4,3.7,3
1328,2020-09-19,4686,1,15.3,2
1329,2023-01-16,330,2,41.2,5
1330,2023-03-12,2718,2,68.6,3
1331,2019-06-18,4112,1,39.7,4
1332,2021-03-28,4143,4,36.3,5
1333,2022-06-02,2635,1,16.1,2
1334,2022-07-25,1246,2,50.5,3
1335,2021-07-17,4310,1,39.8,5
1336,2019-03-21,967,1,21.1,1
1337,2021-02-18,2399,2,48.3,3
1338,2019-07-19,1648,2,23.9,5
1339,2021-01-04,488,4,63.1,1
1340,2019-01-05,678,4,35.4,2
1341,2019-06-22,198,3,33.7,3
1342,2021-11-22,2813,3,26.7,3
1343,2021-03-23,1682,4,4.1,1
1344,2020-09-05,3792,1,58.2,1
1345,2021-06-08,2512,1,32.7,2
1346,2020-06-12,333,4,36.8,4
1347,2023-05-31,339,4,11.3,5
1348,2019-07-04,3155,1,33.4,2
1349,2022-12-09,1184,2,71.3,2
1350,2019-09-19,1425,3,19.5,5
1351,2022-05-27,2299,1,61.8,1
1352,2023-01-29,378,1,26.5,3
1353,2020-04-16,2705,1,7.8,5
1354,2021-06-16,3468,4,15.1,4
1355,2023-03-26,3544,1,42.8,2
1356,2019-09-12,3676,4,52.6,1
1357,2022-04-18,1644,2,54.7,3
1358,2020-08-23,2477,1,12.1,3
1359,2020-04-12,1611,2,52.4,2
1360,2020-01-28,2207,4,46.5,2
1361,2019-02-12,4519,2,18.8,1
1362,2022-07-03,1429,3,12.2,5
1363,2019-05-21,679,4,56.0,2
1364,2023-09-03,2552,1,4.9,1
1365,2023-08-25,4277,3,24.6,1
1366,2020-12-08,3028,2,34.7,4
1367,2022-04-04,4422,4,10.9,4
1368,2022-05-27,3303,4,17.8,4
1369,2023-07-20,2918,2,7.1,2
1370,2023-08-20,4222,2,29.1,3
1371,2019-11-29,4236,1,66.7,1
1372,2023-11-29,2550,1,30.3,2
1373,2019-05-22,2027,4,16.1,2
1374,2023-09-23,99,4,66.7,2
1375,2021-10-17,2896,4,38.4,1
1376,2019-02-22,4076,2,24.0,1
1377,2023-08-16,347,2,3.6,2
1378,2020-03-11,1804,4,3.7,3
1379,2023-10-25,1784,3,36.1,4
1380,2021-11-15,3342,4,16.6,2
1381,2023-11-13,2590,4,17.5,2
1382,2019-04-22,3574,1,14.2,5
1383,2023-05-28,3355,2,2.8,3
1384,2020-10-16,1571,4,68.4,2
1385,2022-10-10,626,4,4.0,5
1386,2020-12-17,4980,1,55.7,2
1387,2022-02-20,3980,2,7.0,3
1388,2023-09-23,2733,3,40.1,1
1389,2019-07-14,2266,1,10.4,3
1390,2022-04-13,1055,3,12.8,2
1391,2021-03-02,3311,3,34.2,3
1392,2021-05-09,2676,2,28.4,4
1393,2020-06-17,4710,3,0.6,4
1394,2020-02-20,3048,1,38.9,5
1395,2023-01-13,1753,1,45.1,1
1396,2023-01-06,2263,4,34.8,4
1397,2022-01-24,2203,3,9.4,2
1398,2021-01-15,226,3,21.4,1
1399,2020-10-18,309,2,41.5,1
1400,2019-09-03,1143,2,44.8,1
1401,2019-01-16,1502,1,1.1,5
1402,2023-09-30,555,1,71.8,3
1403,2020-05-29,2783,1,32.9,5
1404,2022-01-29,331,4,6.6,2
1405,2020-05-10,4122,3,30.3,5
1406,2019-08-07,195,4,58.8,2
1407,2023-11-25,757,1,67.9,2
1408,2019-01-10,69,3,12.4,1
1409,2020-12-24,323,1,43.0,5
1410,2020-12-06,3609,4,1.8,2
1411,2020-05-03,412,2,8.7,1
1412,2019-12-10,2271,3,25.6,5
1413,2019-06-09,85,4,24.4,3
1414,2023-09-12,2973,2,9.4,4
1415,2023-05-27,3903,2,3.5,2
1416,2023-06-14,315,1,59.2,1
1417,2022-07-02,2279,4,68.7,5
1418,2023-04-05,123,2,26.9,4
1419,2020-11-03,4741,3,46.2,5
1420,2020-12-09,3382,1,6.0,2
1421,2022-04-22,260,2,19.4,4
1422,2023-09-10,3205,2,8.3,2
1423,2022-10-12,4408,2,52.0,5
1424,2023-02-01,3729,4,24.5,1
1425,2023-05-30,2740,1,1.9,2
1426,2022-11-29,3127,4,2.6,1
1427,2020-10-31,279,2,53.7,2
1428,2022-10-21,3217,3,66.7,3
1429,2022-01-01,1291,1,43.5,2
1430,2023-03-17,49,3,5.2,2
1431,2020-10-14,1959,1,28.3,1
1432,2019-07-11,2832,1,62.9,3
1433,2020-10-05,2526,4,26.3,4
1434,2021-08-15,2687,3,1.1,2
1435,2023-11-18,4952,2,7.0,2
1436,2019-12-16,912,4,39.5,4
1437,2022-12-13,4636,1,48.8,5
1438,2022-12-12,809,4,49.5,5
1439,2023-09-16,2850,1,35.4,2
1440,2020-06-09,2832,1,26.9,5
1441,2023-01-18,3711,2,69.1,5
1442,2021-09-08,1974,2,1.4,4
1443,2020-08-11,164,2,61.6,3
1444,2020-10-10,4871,2,17.8,3
1445,2019-02-23,2022,1,24.6,1
1446,2021-10-20,3119,2,31.6,1
1447,2020-11-11,1128,1,39.8,4
1448,2023-08-04,2158,3,49.8,5
1449,2021-11-21,4813,2,34.9,3
1450,2021-11-22,3527,1,43.1,3
1451,2020-10-02,2729,2,41.7,2
1452,2022-09-09,2779,4,54.3,3
1453,2022-09-24,4701,2,63.2,2
1454,2023-01-30,1733,1,15.1,4
1455,2019-10-19,464,3,48.0,3
1456,2020-10-15,4976,1,54.9,3
1457,2019-09-24,1542,2,13.2,1
1458,2023-11-09,4355,4,17.9,1
1459,2021-04-06,2620,1,60.0,5
1460,2019-07-04,2180,2,23.1,3
1461,2020-12-31,3892,3,22.9,4
1462,2021-04-30,4135,3,53.6,4
1463,2021-07-03,342,3,45.3,3
1464,2020-01-20,4629,4,47.2,1
1465,2021-01-20,1509,4,9.5,4
1466,2019-10-20,4335,4,48.2,5
1467,2023-06-05,743,1,39.6,1
1468,2020-06-16,2326,3,3.9,5
1469,2023-05-23,1088,1,3.8,1
1470,2021-06-27,382,1,36.6,2
1471,2020-10-17,3322,3,40.9,4
1472,2020-09-22,4550,1,5.2,5
1473,2019-04-03,2861,4,26.5,1
1474,2020-04-13,2973,1,36.0,5
1475,2019-09-29,3628,4,62.8,3
1476,2022-01-26,792,3,3.3,3
1477,2022-05-26,4087,2,35.3,4
1478,2021-04-09,2788,3,29.1,5
1479,2019-02-16,1286,1,14.8,1
1480,2020-06-07,68,3,15.2,3
1481,2021-01-14,4011,3,43.5,1
1482,2019-10-05,3779,2,34.4,5
1483,2019-12-03,2041,3,25.3,2
1484,2020-02-20,4072,2,61.7,5
1485,2019-06-27,4631,1,56.4,2
1486,2020-06-11,4883,4,24.4,2
1487,2019-06-12,1400,1,44.5,5
1488,2021-12-13,2783,1,18.0,1
1489,2022-08-27,4079,1,34.7,4
1490,2020-10-15,4586,4,33.8,2
1491,2020-05-18,2277,3,12.9,3
1492,2021-03-09,3977,1,15.2,2
1493,2022-03-07,1343,2,70.2,2
1494,2022-04-25,4137,3,37.2,2
1495,2022-09-15,2569,4,25.9,1
1496,2023-05-07,400,1,52.8,1
1497,2020-12-02,4364,3,31.7,5
1498,2021-04-02,2521,1,3.9,5
1499,2019-12-21,4727,1,46.8,1
1500,2022-06-18,4999,1,39.5,1
1501,2022-09-08,362,3,27.3,1
1502,2019-04-21,2011,4,48.1,1
1503,2020-02-27,2147,3,57.7,4
1504,2020-12-17,3647,1,55.7,4
1505,2020-08-29,3323,4,64.2,2
1506,2021-02-07,1182,2,26.0,1
1507,2023-09-29,4357,2,8.1,2
1508,2020-04-20,3125,4,29.0,3
1509,2023-04-06,654,4,22.7,3
1510,2019-04-05,4899,3,10.2,2
1511,2021-05-15,2718,1,20.8,5
1512,2019-01-10,2886,2,17.8,3
1513,2019-12-22,3807,3,32.1,5
1514,2020-03-22,4923,2,55.9,5
1515,2019-05-20,2122,3,37.6,4
1516,2020-01-12,657,3,50.8,1
1517,2020-01-18,3635,3,63.0,1
1518,2022-07-29,4261,4,23.4,2
1519,2020-03-23,2964,2,49.3,1
1520,2023-07-12,114,3,52.7,5
1521,2019-10-20,3232,1,61.0,3
1522,2023-12-28,1970,3,41.9,2
1523,2022-03-13,4716,3,61.1,4
1524,2019-01-12,2105,2,38.8,1
1525,2020-11-09,2986,1,4.4,5
1526,2020-09-03,4430,2,14.4,5
1527,2019-02-10,3686,1,13.9,3
1528,2020-10-27,4740,4,53.1,4
1529,2020-08-03,1075,2,55.3,2
1530,2019-01-22,3253,3,53.7,2
1531,2020-10-03,3922,3,22.2,1
1532,2021-01-03,4449,1,46.5,4
1533,2019-03-17,4112,2,61.5,4
1534,2021-03-11,4705,4,44.4,4
1535,2020-01-24,1956,4,5.9,5
1536,2023-03-11,811,1,61.7,3
1537,2022-06-22,235,1,59.7,2
1538,2022-08-16,2970,4,37.9,4
1539,2021-11-08,1740,3,5.9,5
1540,2022-09-26,744,3,70.1,1
1541,2019-09-05,1142,1,49.5,5
1542,2023-02-24,2976,1,15.9,1
1543,2023-08-23,3131,2,44.1,1
1544,2022-05-14,237,1,23.2,4
1545,2022-04-29,1796,3,9.2,2
1546,2021-12-28,4894,4,53.9,2
1547,2023-12-20,726,2,5.1,4
1548,2020-01-06,4916,1,4.1,2
1549,2021-10-27,3763,4,40.2,3
1550,2022-11-11,4939,2,43.2,4
1551,2021-09-02,2177,3,19.0,3
1552,2022-12-18,3666,1,17.7,3
1553,2023-12-15,2110,4,3.5,5
1554,2020-07-09,3145,3,68.0,4
1555,2021-07-30,1712,2,11.7,4
1556,2023-04-21,4430,4,59.4,5
1557,2023-03-21,1557,4,48.7,4
1558,2022-07-16,2405,1,15.3,1
1559,2023-12-19,3160,4,5.4,4
1560,2019-07-08,930,1,20.1,2
1561,2023-06-15,4783,2,66.9,2
1562,2023-01-29,3288,2,50.7,2
1563,2021-05-30,4047,1,38.7,2
1564,2023-07-24,4731,3,59.9,2
1565,2023-02-21,2091,3,63.3,5
1566,2019-07-30,3473,1,15.6,2
1567,2019-05-06,1894,1,43.4,5
1568,2020-11-30,4760,1,14.5,3
1569,2021-10-10,2868,4,51.4,1
1570,2023-12-15,1977,4,29.2,5
1571,2020-06-02,1860,2,34.2,2
1572,2021-02-11,4654,4,44.7,2
1573,2020-06-12,3575,2,36.7,4
1574,2021-12-07,4650,2,33.8,2
1575,2019-08-20,2241,3,23.0,5
1576,2023-04-05,1933,4,51.9,3
1577,2020-05-01,2300,4,20.8,5
1578,2022-04-14,3017,2,43.0,5
1579,2020-03-15,4614,4,53.2,5
1580,2019-03-09,2129,4,57.6,4
1581,2020-12-31,4249,1,36.9,3
1582,2023-08-24,2523,3,2.5,2
1583,2019-02-13,692,4,42.5,2
1584,2021-06-14,4526,3,24.1,5
1585,2023-06-20,3337,1,7.5,3
1586,2022-11-25,4048,1,70.2,4
1587,2020-07-04,3763,1,51.1,3
1588,2021-05-22,3569,1,22.5,4
1589,2022-09-20,2115,3,49.2,5
1590,2021-03-31,4003,1,23.1,5
1591,2023-10-21,4941,4,4.9,1
1592,2023-09-23,493,3,39.1,3
1593,2023-04-23,2861,4,54.7,4
1594,2020-12-21,1827,4,26.4,5
1595,2021-02-03,2657,2,34.5,2
1596,2022-07-10,1256,2,21.6,5
1597,2023-01-08,1271,4,21.9,3
1598,2019-05-06,421,2,52.0,1
1599,2020-02-02,1770,1,4.5,1
1600,2022-05-17,3697,4,48.0,4
1601,2020-05-31,4374,4,38.4,4
1602,2019-02-19,3240,2,63.6,5
1603,2020-11-29,4128,3,44.4,1
1604,2019-11-24,2986,2,68.3,1
1605,2022-09-05,3787,1,42.2,1
1606,2023-09-30,4960,2,16.6,4
1607,2019-03-31,3286,3,57.9,1
1608,2020-08-08,2150,4,21.4,3
1609,2023-06-27,4773,4,5.5,2
1610,2019-09-15,4350,3,19.9,3
1611,2019-08-11,3021,2,5.0,4
1612,2021-06-15,1558,3,7.7,5
1613,2022-11-11,4141,3,40.2,4
1614,2023-06-16,2323,1,7.2,4
1615,2022-08-25,4118,4,67.0,1
1616,2023-04-07,2165,4,34.7,1
1617,2020-08-05,1716,2,13.0,1
1618,2019-09-11,2426,3,30.8,5
1619,2021-04-04,1775,3,5.7,5
1620,2023-09-15,4988,1,57.6,2
1621,2023-12-29,1598,3,61.5,2
1622,2023-01-19,1190,1,10.9,3
1623,2021-11-23,1094,2,31.7,2
1624,2021-03-02,2295,1,38.6,2
1625,2019-10-27,2030,1,18.5,3
1626,2019-07-04,1597,4,71.4,3
1627,2019-04-27,1364,3,49.9,4
1628,2020-06-15,3180,1,18.7,2
1629,2021-01-28,2522,2,13.4,5
1630,2019-01-07,987,3,4.7,2
1631,2023-08-26,570,4,55.2,4
1632,2022-09-10,1775,1,45.3,4
1633,2023-02-23,1629,4,45.2,3
1634,2020-06-20,2254,1,29.7,1
1635,2021-12-06,528,3,31.5,3
1636,2021-11-19,2596,4,6.7,3
1637,2021-07-15,3814,4,27.7,5
1638,2020-12-28,4146,1,68.8,3
1639,2023-12-20,909,1,15.4,5
1640,2023-01-07,2593,1,44.2,3
1641,2020-05-03,684,1,39.2,1
1642,2020-03-07,3977,3,9.4,5
1643,2021-01-03,4690,3,40.6,1
1644,2023-09-15,3204,4,49.4,1
1645,2019-07-13,2656,1,37.8,2
1646,2023-06-25,3798,3,16.5,1
1647,2022-06-15,3867,2,20.1,1
1648,2022-07-08,3988,2,40.5,4
1649,2020-10-19,2570,3,54.0,4
1650,2021-03-12,2566,1,26.0,1
1651,2021-07-11,1882,3,63.0,5
1652,2019-01-06,1072,2,16.2,5
1653,2019-04-05,2285,2,29.6,4
1654,2019-05-30,3740,4,53.2,2
1655,2019-02-14,3482,3,13.5,4
1656,2019-07-31,2231,1,14.6,1
1657,2021-11-06,624,1,38.7,2
1658,2019-06-08,2863,4,1.0,3
1659,2021-09-16,2309,2,65.7,2
1660,2023-07-14,2557,2,13.4,4
1661,2023-10-15,2180,1,43.4,3
1662,2020-02-01,3275,1,28.8,2
1663,2021-08-03,514,4,5.7,1
1664,2020-08-02,3660,2,10.0,1
1665,2019-12-01,521,4,54.1,3
1666,2019-04-29,618,3,6.2,3
1667,2019-03-04,4727,1,28.3,3
1668,2020-03-31,4624,4,55.9,3
1669,2021-12-09,2583,4,8.7,3
1670,2020-03-24,183,1,52.0,1
1671,2020-01-21,4781,4,1.5,3
1672,2022-12-02,2101,3,32.3,4
1673,2021-05-09,4444,2,16.7,3
1674,2022-02-18,71,3,38.6,4
1675,2020-04-03,3530,3,58.9,5
1676,2019-10-14,2175,1,10.0,1
1677,2020-02-07,3897,4,67.5,2
1678,2022-11-14,1399,3,9.9,5
1679,2020-06-21,379,3,31.4,5
1680,2023-07-25,3190,3,4.7,2
1681,2021-09-04,1863,1,68.6,4
1682,2022-09-03,546,1,11.2,1
1683,2020-08-06,2995,3,58.3,5
1684,2023-02-14,584,3,32.7,2
1685,2022-04-11,642,1,24.3,1
1686,2021-01-04,1891,3,46.3,4
1687,2019-08-04,1733,3,50.5,3
1688,2022-06-04,2824,1,69.1,1
1689,2021-07-18,3800,2,6.7,2
1690,2019-09-10,4722,2,39.7,1
1691,2019-12-10,4375,3,53.9,3
1692,2020-02-19,2098,2,37.6,2
1693,2019-07-09,4946,3,1.5,3
1694,2020-04-15,2106,2,25.4,1
1695,2021-02-26,4153,3,4.1,5
1696,2023-05-25,2950,1,10.0,3
1697,2020-09-23,3741,1,18.0,2
1698,2021-03-28,1969,1,19.1,3
1699,2019-05-25,4561,1,40.1,3
1700,2020-04-02,4800,1,51.0,2
1701,2021-03-02,4296,1,44.3,5
1702,2021-03-07,4626,4,39.7,3
1703,2023-09-13,4568,1,33.4,1
1704,2020-09-14,356,4,4.4,4
1705,2023-09-11,4064,2,36.3,2
1706,2021-05-01,4519,3,4.7,3
1707,2020-01-22,2072,1,55.3,3
1708,2019-06-01,4475,2,64.7,2
1709,2019-08-21,3805,4,63.2,3
1710,2021-04-04,4890,4,42.6,4
1711,2021-08-22,4894,4,39.7,5
1712,2023-11-18,420,2,35.1,5
1713,2020-08-11,1479,3,23.0,4
1714,2023-07-31,4939,1,15.4,1
1715,2019-04-01,2577,3,58.3,4
1716,2023-01-11,3905,1,32.6,2
1717,2021-05-18,2123,1,38.2,5
1718,2022-02-11,3709,1,49.2,1
1719,2022-12-19,4200,4,49.8,3
1720,2020-01-14,4284,1,6.8,1
1721,2022-05-18,2690,1,6.4,5
1722,2020-08-09,4951,2,37.7,4
1723,2023-02-10,141,1,57.8,5
1724,2019-06-04,4179,4,52.3,4
1725,2022-01-25,784,1,55.0,5
1726,2020-08-28,2552,1,29.1,4
1727,2019-12-05,4208,4,0.9,5
1728,2021-03-10,4528,2,22.9,5
1729,2022-02-20,608,3,60.7,1
1730,2019-08-13,2836,1,65.2,2
1731,2021-06-19,2100,1,41.7,1
1732,2019-02-08,3266,1,24.5,3
1733,2022-05-27,3307,2,50.6,3
1734,2019-07-09,3271,3,47.2,2
1735,2020-12-29,2815,3,53.5,3
1736,2019-01-17,1228,1,62.6,5
1737,2019-09-24,4548,4,39.5,1
1738,2019-04-08,1490,4,24.4,3
1739,2021-11-10,814,4,1.2,5
1740,2022-04-03,4029,3,7.9,1
1741,2023-01-19,182,1,51.1,1
1742,2023-12-04,2765,4,66.7,3
1743,2020-11-17,1036,2,70.5,1
1744,2023-04-15,3395,2,22.7,2
1745,2022-08-20,68,3,32.2,2
1746,2019-07-27,1115,4,11.5,3
1747,2021-08-01,2013,4,10.9,4
1748,2023-07-08,2127,4,12.1,4
1749,2019-08-20,3287,3,71.1,5
1750,2021-12-05,4798,2,36.0,4
1751,2020-12-17,3894,3,50.7,5
1752,2020-05-31,2247,2,62.9,1
1753,2022-05-21,1406,1,49.8,4
1754,2019-10-05,4425,3,32.5,2
1755,2023-02-17,819,1,32.6,3
1756,2019-05-08,2195,3,36.5,1
1757,2021-02-19,184,3,71.0,1
1758,2021-02-21,1045,1,2.3,1
1759,2022-10-13,3690,4,34.3,2
1760,2022-03-08,2625,1,27.9,3
1761,2022-09-07,2175,1,71.6,5
1762,2022-04-19,4689,1,67.0,5
1763,2021-05-17,3998,1,69.0,1
1764,2023-03-03,1273,2,35.3,4
1765,2020-05-28,1619,4,42.9,5
1766,2020-05-18,700,2,36.4,3
1767,2023-08-20,3711,2,57.6,4
1768,2022-08-11,4890,1,57.5,5
1769,2023-03-29,1011,2,18.5,2
1770,2019-01-01,1768,1,24.4,1
1771,2023-03-04,285,2,8.8,4
1772,2019-06-11,3158,4,64.2,4
1773,2023-09-25,4628,4,58.1,4
1774,2022-07-01,2594,2,41.6,1
1775,2023-01-22,2795,3,15.6,2
1776,2019-11-23,1612,1,14.4,2
1777,2021-04-15,2793,1,1.4,5
1778,2020-07-10,1356,1,2.1,5
1779,2021-01-25,3434,3,27.2,4
1780,2021-06-30,2189,4,3.9,2
1781,2022-08-24,1255,3,10.4,1
1782,2021-04-22,952,2,46.4,2
1783,2023-01-20,4372,3,1.9,5
1784,2020-08-11,4093,3,40.1,4
1785,2022-09-10,873,1,33.4,1
1786,2021-09-07,1753,3,56.4,5
1787,2021-08-31,3666,2,55.5,1
1788,2022-03-11,3231,2,60.8,1
1789,2023-08-09,2161,4,29.1,1
1790,2019-06-07,3851,4,46.3,1
1791,2020-01-29,2494,2,38.5,5
1792,2019-03-03,2073,2,66.3,5
1793,2021-09-30,4580,1,13.3,1
1794,2023-01-07,4487,2,6.6,3
1795,2021-06-02,3408,1,15.7,3
1796,2020-04-04,1469,1,65.2,4
1797,2019-06-06,658,4,40.9,5
1798,2021-12-26,4284,1,7.4,5
1799,2023-08-03,829,4,5.1,1
1800,2019-10-09,2177,1,26.9,2
1801,2020-12-30,498,4,25.8,1
1802,2019-10-20,1488,1,19.2,5
1803,2020-07-24,3599,2,57.6,3
1804,2020-01-27,610,4,8.7,3
1805,2020-10-11,287,3,38.4,2
1806,2020-09-21,4958,3,57.5,2
1807,2022-04-14,3418,1,42.7,1
1808,2020-02-07,4556,1,22.9,1
1809,2019-01-29,470,3,4.7,4
1810,2019-08-29,90,2,6.5,5
1811,2022-10-30,4422,3,60.5,4
1812,2021-11-30,1748,4,5.1,2
1813,2019-06-08,3716,1,5.4,5
1814,2023-09-11,3029,4,42.9,4
1815,2023-04-26,3026,2,3.3,2
1816,2019-11-23,3912,2,12.6,4
1817,2020-06-13,751,4,17.0,5
1818,2021-07-04,1344,2,62.4,2
1819,2021-08-28,4487,2,20.3,3
1820,2022-01-10,1887,4,12.3,4
1821,2022-03-29,4551,4,17.0,3
1822,2020-05-05,1101,3,46.3,3
1823,2022-11-09,3204,3,68.6,3
1824,2023-07-18,4569,1,69.9,3
1825,2021-06-16,3509,4,14.9,1
1826,2020-11-16,4033,2,4.5,2
1827,2023-03-23,3438,4,5.0,4
1828,2019-11-01,4356,4,40.9,3
1829,2022-08-30,1896,4,67.8,2
1830,2022-02-11,3420,3,61.0,1
1831,2020-06-24,127,2,40.6,3
1832,2023-06-11,3587,4,44.1,2
1833,2022-06-25,3775,4,12.5,4
1834,2020-05-24,3875,2,32.0,2
1835,2019-08-29,770,2,13.6,2
1836,2021-03-19,4508,3,27.3,5
1837,2019-11-23,1852,1,57.1,1
1838,2019-09-20,4207,1,60.8,1
1839,2023-04-09,1218,1,16.2,4
1840,2019-01-18,1282,1,8.9,3
1841,2021-03-11,2837,1,24.8,3
1842,2019-12-17,1970,1,26.1,4
1843,2020-01-30,4761,1,14.6,5
1844,2020-03-25,4020,1,47.6,1
1845,2020-10-22,268,2,47.7,2
1846,2019-06-04,4513,4,66.0,2
1847,2022-10-28,4396,4,46.1,5
1848,2019-05-25,1859,3,33.5,3
1849,2019-01-23,2405,2,9.3,5
1850,2021-10-14,711,3,8.1,3
1851,2020-01-24,363,1,19.4,1
1852,2022-06-22,892,3,32.1,5
1853,2022-07-27,3424,4,46.7,5
1854,2020-08-14,3849,2,46.4,1
1855,2019-05-12,3231,1,56.5,2
1856,2019-11-08,2468,4,2.9,1
1857,2021-02-12,4917,2,43.5,3
1858,2023-05-06,321,3,31.0,5
1859,2023-01-23,1746,4,64.6,4
1860,2023-01-22,49,1,60.0,1
1861,2021-04-21,534,2,28.3,1
1862,2021-04-08,2424,3,48.0,4
1863,2022-06-10,899,1,27.8,4
1864,2022-04-28,2738,4,51.2,5
1865,2023-08-18,4787,2,27.2,1
1866,2020-01-22,635,4,60.6,2
1867,2021-02-11,2866,1,6.1,1
1868,2023-07-17,2686,4,58.2,4
1869,2022-08-27,3395,1,28.5,3
1870,2022-07-01,4840,3,1.0,5
1871,2021-03-03,447,1,3.1,3
1872,2020-08-31,4879,2,20.7,3
1873,2020-12-20,1038,2,65.4,2
1874,2022-02-21,4841,2,36.9,1
1875,2022-05-23,1129,2,66.4,4
1876,2020-11-16,244,1,63.3,1
1877,2021-04-12,4732,2,57.8,4
1878,2019-02-28,2013,1,52.8,2
1879,2021-06-07,2441,3,49.8,4
1880,2021-10-12,4730,1,14.1,5
1881,2020-10-14,2820,1,10.6,4
1882,2020-04-27,2301,2,0.9,2
1883,2022-06-24,3863,1,27.7,2
1884,2022-02-18,4362,4,27.7,5
1885,2021-03-13,2449,4,32.4,2
1886,2022-02-05,4720,4,62.6,3
1887,2022-04-29,4597,1,40.1,1
1888,2019-08-18,901,3,7.5,5
1889,2021-05-02,2850,3,26.2,4
1890,2021-09-25,3770,2,44.8,4
1891,2023-02-05,1174,3,5.5,1
1892,2023-10-19,907,3,64.7,1
1893,2022-12-14,1460,2,51.2,1
1894,2020-07-31,4331,2,18.0,5
1895,2020-04-01,518,2,7.5,3
1896,2023-04-29,4564,4,50.2,5
1897,2022-03-27,4846,2,68.1,4
1898,2020-03-29,2948,3,33.8,5
1899,2022-10-15,2580,1,32.4,1
1900,2020-11-20,4774,4,29.7,2
1901,2022-07-15,3846,1,17.1,5
1902,2022-11-03,2406,4,17.1,1
1903,2023-08-30,1681,4,44.0,1
1904,2021-04-17,893,1,2.5,4
1905,2022-04-13,4772,4,30.8,5
1906,2021-08-23,524,2,38.0,2
1907,2023-04-01,1922,3,66.2,5
1908,2020-12-30,1832,2,33.7,3
1909,2021-06-11,602,4,20.0,5
1910,2022-08-04,3489,3,63.3,3
1911,2023-01-25,2948,4,56.3,5
1912,2023-08-03,2176,4,4.7,4
1913,2022-11-24,3477,3,26.8,4
1914,2019-01-30,1228,3,20.5,4
1915,2022-01-20,776,2,45.2,4
1916,2021-12-26,2017,2,32.7,2
1917,2023-04-18,720,1,40.4,4
1918,2023-07-29,501,3,63.6,2
1919,2019-09-29,4679,3,35.6,4
1920,2019-01-12,443,2,29.4,3
1921,2020-07-03,4538,4,21.4,3
1922,2019-11-18,1454,1,53.9,5
1923,2022-07-14,1506,2,51.2,2
1924,2023-03-21,1392,2,20.8,2
1925,2021-07-24,2248,2,69.5,3
1926,2023-06-16,2870,3,23.2,5
1927,2023-04-11,3384,2,45.9,1
1928,2020-09-09,4659,3,6.5,4
1929,2020-11-25,2996,2,63.0,3
1930,2020-11-13,3293,1,42.1,4
1931,2023-01-31,2217,2,33.5,2
1932,2019-02-03,1330,2,1.5,4
1933,2021-03-29,4353,1,49.8,4
1934,2023-05-09,447,4,30.2,5
1935,2023-10-05,2981,2,44.9,3
1936,2020-10-22,1406,2,21.0,2
1937,2019-12-23,333,2,57.8,1
1938,2021-06-18,356,1,43.6,1
1939,2021-01-17,1484,2,5.8,1
1940,2021-05-22,3414,3,21.8,2
1941,2023-11-12,2595,2,62.3,2
1942,2020-02-15,2586,1,28.1,4
1943,2021-07-04,3372,3,49.2,4
1944,2019-04-02,105,4,13.0,5
1945,2019-04-08,1492,4,69.5,2
1946,2019-04-02,4762,1,46.7,1
1947,2022-12-24,3832,4,8.0,1
1948,2022-06-12,1843,1,14.2,1
1949,2019-08-08,790,4,40.5,2
1950,2022-11-28,4657,2,30.9,4
1951,2021-08-15,4412,1,62.9,4
1952,2020-02-01,1878,1,17.6,4
1953,2022-02-01,3850,2,35.8,3
1954,2023-07-03,3555,4,37.8,2
1955,2021-06-08,2568,1,9.5,3
1956,2020-09-22,2050,2,10.6,1
1957,2023-07-22,3436,4,7.6,5
1958,2022-06-19,1179,2,8.6,3
1959,2023-07-12,4990,1,30.1,3
1960,2019-12-04,3522,4,38.6,2
1961,2020-10-23,2392,4,67.1,4
1962,2023-10-12,3590,2,4.2,2
1963,2019-04-27,3511,4,49.9,5
1964,2021-06-04,4857,3,47.3,4
1965,2022-11-20,853,2,31.0,3
1966,2019-10-28,1435,3,35.8,1
1967,2020-07-06,2185,2,14.5,3
1968,2020-12-24,3448,4,27.3,2
1969,2022-09-02,4825,1,34.4,1
1970,2022-10-27,4023,1,51.7,3
1971,2023-12-26,3653,4,12.6,1
1972,2023-12-12,3375,1,44.7,4
1973,2023-03-03,2171,3,39.9,5
1974,2022-01-06,833,4,26.7,2
1975,2021-10-23,2045,4,29.8,5
1976,2020-01-21,799,3,53.2,2
1977,2021-05-13,4405,4,32.8,3
1978,2020-10-20,2596,3,67.6,2
1979,2023-08-16,1737,1,53.2,3
1980,2019-03-21,3588,2,15.2,1
1981,2021-07-23,2571,4,26.3,2
1982,2023-12-01,3475,4,33.4,1
1983,2022-07-01,1502,1,39.1,4
1984,2023-03-23,2,1,70.0,5
1985,2020-12-17,4474,2,21.5,2
1986,2019-08-31,1096,2,47.6,5
1987,2020-08-31,3506,4,58.0,5
1988,2022-06-20,2126,4,38.2,3
1989,2019-03-31,322,3,59.4,1
1990,2021-10-29,2393,1,3.4,2
1991,2019-09-14,2004,4,27.4,5
1992,2020-10-12,3994,1,47.3,5
1993,2019-06-26,2467,3,32.0,1
1994,2021-06-26,3168,3,68.6,1
1995,2019-01-14,974,2,69.7,1
1996,2023-07-16,390,4,50.6,2
1997,2023-08-03,4500,2,66.6,4
1998,2020-12-06,939,3,63.8,2
1999,2022-11-25,1538,4,47.8,1
2000,2022-04-23,4317,1,8.3,4
2001,2022-12-03,4334,3,27.4,3
2002,2021-03-07,4159,1,69.5,1
2003,2021-04-23,560,1,16.0,3
2004,2020-01-03,1573,2,43.3,5
2005,2020-09-15,2630,1,31.8,5
2006,2019-05-15,4731,3,25.6,5
2007,2023-05-12,4484,1,26.9,5
2008,2020-04-23,4034,3,2.6,5
2009,2021-04-03,1027,2,64.8,3
2010,2023-02-09,1491,1,30.4,1
2011,2020-02-08,3220,4,65.3,1
2012,2021-11-04,2290,3,49.4,3
2013,2022-12-18,3756,4,33.8,2
2014,2022-08-21,565,3,12.6,2
2015,2019-03-19,1837,4,63.5,5
2016,2020-04-04,4061,3,24.6,5
2017,2022-01-18,2492,3,24.4,5
2018,2021-12-12,1852,2,11.4,1
2019,2019-07-15,3457,3,23.9,1
2020,2019-10-28,1095,1,14.5,3
2021,2020-02-15,1591,3,60.0,2
2022,2023-07-23,1153,2,28.4,2
2023,2019-03-02,1545,1,50.3,4
2024,2020-12-19,2078,1,68.6,5
2025,2021-05-26,612,4,42.1,4
2026,2023-12-02,4917,1,42.0,3
2027,2019-03-23,81,1,51.7,3
2028,2022-08-20,2339,1,11.9,3
2029,2023-08-28,2190,2,30.9,3
2030,2022-10-20,3111,4,65.4,1
2031,2022-06-10,651,2,1.1,5
2032,2022-09-10,1318,4,29.7,4
2033,2022-07-29,2647,2,44.8,3
2034,2019-02-10,363,1,39.5,3
2035,2021-08-17,381,4,21.0,5
2036,2023-07-11,4993,2,5.6,4
2037,2022-03-05,4895,4,0.9,4
2038,2021-06-19,4780,4,3.8,5
2039,2019-05-31,3952,4,63.8,1
2040,2022-12-26,1418,4,1.5,1
2041,2019-11-05,4631,1,26.4,1
2042,2021-07-16,3616,2,30.8,3
2043,2022-03-05,1244,1,63.7,1
2044,2020-08-04,3536,4,71.7,3
2045,2023-05-02,3752,4,49.5,3
2046,2023-11-27,2350,3,26.8,4
2047,2022-11-06,1235,2,66.2,1
2048,2022-12-28,2592,3,39.0,4
2049,2021-07-12,4937,1,60.2,4
2050,2023-01-08,502,3,21.9,4
2051,2021-05-15,1344,3,19.1,4
2052,2021-07-24,4095,3,5.3,1
2053,2020-01-19,1062,4,57.6,1
2054,2021-01-19,2073,1,54.5,2
2055,2021-11-18,3406,3,21.0,1
2056,2019-02-20,456,1,53.1,3
2057,2022-10-08,4895,1,44.8,5
2058,2022-11-11,4051,2,1.8,1
2059,2022-10-09,1972,3,69.2,1
2060,2020-08-01,4277,4,41.7,4
2061,2021-05-19,3643,1,48.6,1
2062,2023-05-08,496,2,46.1,3
2063,2021-03-15,2928,3,25.5,1
2064,2019-06-20,2930,4,44.9,5
2065,2023-06-29,1916,4,64.8,4
2066,2022-05-04,4060,3,5.0,2
2067,2019-02-08,1882,4,5.7,5
2068,2020-07-21,4575,1,30.1,4
2069,2021-04-15,141,4,22.0,4
2070,2021-07-28,139,3,55.9,2
2071,2022-12-29,2369,2,7.1,5
2072,2023-08-06,2676,4,54.2,5
2073,2022-06-23,3630,1,15.7,5
2074,2021-06-23,623,4,5.6,2
2075,2023-11-24,4474,4,61.6,3
2076,2022-03-09,3015,4,19.6,1
2077,2019-05-20,2761,2,1.7,4
2078,2020-12-14,815,2,19.3,4
2079,2019-11-21,927,1,46.9,4
2080,2021-04-07,3046,4,52.5,1
2081,2019-12-28,1345,2,45.0,3
2082,2019-01-25,585,1,69.1,1
2083,2021-12-14,4508,2,58.3,2
2084,2020-09-01,1012,2,17.9,1
2085,2022-11-19,571,4,44.6,2
2086,2023-11-10,21,4,67.3,5
2087,2021-10-04,4021,3,42.8,5
2088,2020-12-21,2078,2,26.0,2
2089,2022-01-29,2679,1,55.2,3
2090,2019-04-17,4402,1,54.3,2
2091,2019-09-15,151,4,50.7,4
2092,2019-06-20,3484,3,64.4,3
2093,2022-02-27,4704,4,10.8,2
2094,2020-09-19,3765,1,47.9,2
2095,2020-03-19,1644,1,17.3,1
2096,2019-06-06,3965,1,57.4,3
2097,2022-05-02,3082,1,47.8,1
2098,2019-06-02,1987,2,55.1,3
2099,2020-11-10,497,3,33.7,4
2100,2023-06-23,2039,2,20.8,1
2101,2022-02-07,2837,2,24.2,2
2102,2021-08-08,2849,3,4.6,4
2103,2022-02-25,2092,2,51.7,5
2104,2023-09-12,3986,3,29.4,4
2105,2020-12-20,1706,3,30.0,2
2106,2021-12-30,2777,2,46.9,2
2107,2023-07-08,3797,4,55.4,4
2108,2022-12-23,4120,1,18.9,4
2109,2019-03-02,3657,3,58.0,4
2110,2021-06-28,326,2,22.5,5
2111,2020-01-17,3610,2,25.0,5
2112,2022-07-31,4875,4,3.8,3
2113,2021-10-19,3060,3,29.2,1
2114,2019-08-24,3720,4,63.2,1
2115,2020-06-09,330,2,25.7,3
2116,2023-03-20,1858,1,53.8,3
2117,2021-08-30,2988,4,43.2,5
2118,2023-02-09,2643,1,45.4,5
2119,2020-02-27,4129,3,38.2,2
2120,2022-06-02,3637,1,50.0,2
2121,2019-06-01,3942,3,58.6,4
2122,2022-10-16,1819,1,27.1,5
2123,2023-06-18,174,4,28.9,3
2124,2021-06-16,3096,2,21.8,3
2125,2020-09-28,4521,1,16.7,4
2126,2019-05-01,574,2,63.5,4
2127,2019-11-03,3250,4,42.8,3
2128,2023-10-21,3067,2,64.0,2
2129,2022-12-30,2790,1,35.0,2
2130,2023-01-26,4403,2,23.8,1
2131,2020-07-08,4569,3,27.9,3
2132,2019-01-10,4575,3,45.8,4
2133,2023-07-25,1711,4,29.9,1
2134,2021-09-30,4730,1,27.4,3
2135,2022-04-09,2093,2,17.7,4
2136,2020-10-06,1569,2,58.0,3
2137,2021-05-25,3056,1,17.1,3
2138,2020-03-07,1509,4,30.5,5
2139,2020-06-29,603,4,26.0,2
2140,2019-08-25,1582,2,4.6,2
2141,2021-06-05,2720,4,38.9,1
2142,2023-12-01,842,4,40.1,2
2143,2023-08-13,3257,1,53.7,4
2144,2023-12-31,3835,3,56.1,3
2145,2023-02-07,850,2,13.7,4
2146,2022-09-19,704,4,68.7,4
2147,2020-02-29,3912,3,42.4,5
2148,2019-10-31,3606,1,30.9,3
2149,2020-01-24,1516,1,1.4,4
2150,2021-12-18,3487,4,69.4,3
2151,2020-10-29,2914,4,59.3,4
2152,2019-10-25,1470,1,60.2,1
2153,2020-04-24,501,4,58.8,5
2154,2021-12-17,14,3,8.7,5
2155,2019-05-17,4989,3,36.2,1
2156,2022-06-03,1715,4,27.0,5
2157,2020-09-25,1867,2,5.4,5
2158,2019-04-07,4873,3,24.5,4
2159,2022-03-28,4407,1,34.2,2
2160,2019-04-10,3559,2,44.8,2
2161,2023-10-13,3632,3,50.9,4
2162,2020-12-24,1092,2,36.4,2
2163,2019-08-08,4443,3,68.5,5
2164,2021-01-21,1442,4,42.3,2
2165,2022-10-06,573,3,61.7,4
2166,2022-07-25,1714,1,21.3,5
2167,2021-09-06,3968,1,6.4,1
2168,2023-08-09,73,3,64.6,2
2169,2023-04-13,834,4,55.1,1
2170,2020-05-26,1559,2,10.1,5
2171,2023-03-03,2747,4,22.2,2
2172,2019-08-10,4078,2,39.6,3
2173,2020-08-06,2492,2,3.4,3
2174,2019-07-18,4109,3,46.2,2
2175,2019-02-06,4117,3,62.1,2
2176,2020-08-08,392,3,50.9,3
2177,2019-01-23,4276,3,10.1,1
2178,2019-03-20,357,3,16.1,1
2179,2020-03-09,1756,2,11.5,1
2180,2020-11-16,2222,2,19.0,1
2181,2022-05-02,4651,2,53.4,1
2182,2019-05-16,2307,2,21.6,5
2183,2019-06-18,3993,4,40.1,1
2184,2019-06-04,258,2,9.5,1
2185,2022-06-16,3940,2,18.0,2
2186,2021-09-06,56,4,25.8,2
2187,2022-07-06,1766,2,39.1,1
2188,2023-04-03,260,2,62.6,4
2189,2020-06-28,2394,4,4.4,1
2190,2023-10-07,741,1,70.8,5
2191,2023-04-01,4441,3,54.4,1
2192,2022-11-08,1136,4,54.2,5
2193,2023-07-13,3052,1,11.2,1
2194,2023-09-01,888,4,55.2,1
2195,2021-04-15,2962,4,3.3,5
2196,2021-01-17,553,3,4.7,3
2197,2022-02-15,3605,1,41.2,1
2198,2019-04-28,2271,4,30.9,2
2199,2023-02-24,3327,1,52.1,2
2200,2023-10-06,2632,2,63.8,5
2201,2023-08-14,728,2,61.9,3
2202,2023-01-29,4934,1,39.3,4
2203,2020-03-09,4460,4,61.7,5
2204,2020-01-15,2546,3,57.5,1
2205,2020-01-31,3379,1,19.6,2
2206,2019-12-13,3456,2,28.0,4
2207,2023-12-22,1477,1,54.0,5
2208,2020-05-18,2942,1,64.7,5
2209,2019-03-30,2808,3,24.7,1
2210,2019-03-21,2635,1,57.8,2
2211,2021-11-28,1199,2,49.5,5
2212,2019-11-21,357,3,64.0,5
2213,2023-08-07,2998,3,33.1,1
2214,2022-04-12,4481,4,10.2,5
2215,2022-07-25,381,2,51.4,5
2216,2019-07-15,4228,4,5.0,3
2217,2021-11-21,277,2,21.1,1
2218,2021-08-19,3270,1,58.6,1
2219,2023-06-13,2454,1,71.0,4
2220,2021-08-03,290,4,62.6,2
2221,2022-08-16,1526,2,28.5,2
2222,2020-12-08,277,2,6.7,2
2223,2019-06-21,615,2,18.7,2
2224,2021-04-13,2868,1,3.4,2
2225,2022-08-26,2565,4,33.9,4
2226,2023-04-11,283,1,67.5,2
2227,2023-01-02,3607,4,10.1,4
2228,2020-11-16,652,3,65.4,5
2229,2022-05-19,1363,2,57.7,5
2230,2021-08-07,3882,1,10.7,2
2231,2022-12-08,4411,1,63.4,3
2232,2022-09-25,3887,2,20.8,4
2233,2022-01-08,1277,2,17.9,2
2234,2023-04-06,4255,4,58.7,3
2235,2019-01-16,1727,3,10.9,3
2236,2021-03-15,3235,1,2.6,3
2237,2021-11-12,3027,2,42.4,4
2238,2023-02-18,3428,3,69.9,2
2239,2023-02-17,2047,3,23.2,1
2240,2023-04-14,4044,4,16.7,2
2241,2020-05-20,1767,1,40.6,2
2242,2023-11-01,2032,4,19.8,3
2243,2023-12-30,3552,3,36.2,2
2244,2023-07-25,1628,1,20.4,2
2245,2019-11-04,1307,3,67.4,1
2246,2019-11-17,718,4,23.3,4
2247,2022-08-26,2711,1,11.3,3
2248,2021-11-19,4656,2,34.4,4
2249,2023-01-16,4657,3,68.3,4
2250,2019-08-26,2117,2,68.4,5
2251,2020-07-26,1850,3,16.8,3
2252,2020-02-24,4146,2,34.1,4
2253,2021-10-09,4887,3,38.8,3
2254,2023-12-24,2516,3,35.2,4
2255,2019-08-14,1112,1,2.0,5
2256,2020-10-02,3827,4,39.1,5
2257,2021-06-29,2570,3,32.5,3
2258,2023-11-01,861,3,5.2,3
2259,2019-06-20,3929,2,33.6,1
2260,2021-08-05,549,3,44.4,5
2261,2022-05-15,4388,1,20.7,3
2262,2022-08-23,2497,1,63.7,2
2263,2019-06-23,1225,1,26.5,2
2264,2021-06-30,2091,4,5.4,2
2265,2021-01-22,2275,2,5.6,4
2266,2021-01-23,1851,4,61.5,1
2267,2023-03-23,1777,4,7.3,4
2268,2022-04-30,4879,4,13.4,4
2269,2023-07-01,769,3,40.9,1
2270,2021-01-05,2538,1,40.7,1
2271,2020-06-19,1470,4,71.9,5
2272,2023-05-07,3913,3,57.9,5
2273,2022-03-25,114,3,58.9,2
2274,2023-09-25,2530,1,53.5,1
2275,2020-06-14,2679,3,11.3,3
2276,2022-04-17,4656,1,3.1,5
2277,2023-02-08,1758,2,66.6,4
2278,2019-05-09,3132,2,64.7,5
2279,2019-10-22,1352,4,39.3,2
2280,2019-02-19,739,4,48.0,5
2281,2021-05-13,2375,1,4.8,5
2282,2021-09-26,2862,4,53.9,3
2283,2020-12-27,2146,4,71.3,5
2284,2020-04-26,4501,3,15.2,1
2285,2019-07-10,3311,4,44.8,4
2286,2020-12-31,1997,1,9.6,1
2287,2020-01-10,2540,3,40.0,3
2288,2021-06-17,163,1,16.0,4
2289,2019-07-17,733,2,64.7,5
2290,2022-03-06,1566,4,64.5,1
2291,2021-02-02,2870,4,58.3,5
2292,2021-08-03,3855,4,45.2,3
2293,2022-10-31,2796,4,64.8,4
2294,2023-12-15,1162,3,39.2,5
2295,2021-07-30,2481,4,58.1,5
2296,2023-10-04,4266,4,8.5,4
2297,2021-07-05,4656,4,21.2,4
2298,2020-04-01,63,3,19.0,2
2299,2023-07-10,275,4,33.7,2
2300,2023-12-02,3433,1,69.9,2
2301,2023-02-15,2494,4,37.3,5
2302,2019-07-11,4796,2,46.9,4
2303,2019-12-31,2950,4,11.1,2
2304,2022-01-09,2173,4,38.2,1
2305,2019-02-25,3060,1,9.2,5
2306,2023-11-23,1479,1,69.0,5
2307,2020-03-24,1351,3,15.5,4
2308,2020-02-06,4152,3,54.3,4
2309,2019-04-06,302,2,33.8,4
2310,2019-02-26,1685,3,67.9,3
2311,2020-07-12,2968,1,28.0,1
2312,2019-11-26,4723,4,25.1,1
2313,2022-09-10,2271,3,32.8,2
2314,2022-03-10,4279,2,26.7,5
2315,2020-08-16,2764,2,8.3,4
2316,2020-03-29,1124,4,31.3,4
2317,2021-09-30,4615,1,63.2,3
2318,2021-05-27,615,3,21.8,5
2319,2022-06-05,3101,1,54.2,4
2320,2022-01-30,653,2,15.0,1
2321,2022-10-09,3623,4,52.0,4
2322,2023-05-22,3157,2,22.6,2
2323,2020-07-03,4491,4,17.4,4
2324,2019-12-31,2453,1,39.9,5
2325,2019-06-25,3824,1,24.6,2
2326,2022-08-13,3867,2,68.0,2
2327,2021-08-17,3960,1,4.9,1
2328,2023-02-17,4875,4,35.4,1
2329,2021-01-10,4502,1,62.2,3
2330,2021-06-29,4366,1,56.5,4
2331,2019-12-05,1931,2,57.6,2
2332,2019-06-23,883,2,35.1,3
2333,2020-09-18,1967,3,28.0,5
2334,2022-03-30,1260,4,21.9,3
2335,2019-01-30,995,2,52.7,1
2336,2023-09-17,280,1,37.5,3
2337,2020-03-10,4971,4,62.6,3
2338,2021-12-25,4038,2,35.6,3
2339,2023-05-17,2562,2,70.4,3
2340,2019-07-20,4401,1,53.9,5
2341,2020-03-01,1265,3,57.5,4
2342,2019-01-10,1061,2,1.2,3
2343,2019-01-22,3122,2,10.8,4
2344,2023-09-27,2721,4,48.5,1
2345,2022-07-25,4820,1,29.9,1
2346,2023-11-15,118,1,2.2,1
2347,2023-11-24,1373,3,37.0,1
2348,2022-08-31,1624,1,56.0,1
2349,2019-09-12,3144,2,37.7,2
2350,2020-09-21,4458,3,13.5,1
2351,2019-10-16,4488,4,14.1,4
2352,2021-07-29,1111,4,44.3,2
2353,2019-12-10,2535,1,5.8,1
2354,2020-11-30,1316,2,13.5,4
2355,2022-05-10,2904,4,4.8,5
2356,2021-07-07,2431,2,36.6,1
2357,2019-11-26,126,3,64.3,3
2358,2023-01-24,4678,3,60.1,4
2359,2023-03-07,754,4,41.5,4
2360,2022-03-05,1041,2,40.9,4
2361,2021-10-28,2591,2,7.0,2
2362,2022-08-14,1247,3,4.8,3
2363,2021-06-23,4700,1,2.5,1
2364,2022-05-18,1768,4,4.4,5
2365,2021-05-17,1019,4,7.7,1
2366,2022-01-14,401,3,71.2,3
2367,2021-11-11,3843,3,8.5,2
2368,2022-05-08,393,4,56.2,1
2369,2023-02-08,3445,4,22.3,2
2370,2019-08-06,295,2,19.4,4
2371,2022-10-21,2544,4,53.2,3
2372,2021-02-25,3342,3,16.5,3
2373,2020-11-10,1321,3,40.6,2
2374,2021-11-06,1706,4,58.9,3
2375,2022-05-27,2004,3,22.7,5
2376,2023-07-28,3297,1,54.4,2
2377,2021-11-10,2094,1,54.6,1
2378,2019-04-29,3381,1,63.8,4
2379,2020-02-05,4040,4,20.1,2
2380,2023-06-04,1354,1,56.6,2
2381,2022-12-22,4765,3,41.0,2
2382,2022-04-18,3992,3,3.7,4
2383,2023-02-17,2196,4,15.8,2
2384,2021-10-10,248,1,55.4,4
2385,2021-07-30,2952,1,19.6,1
2386,2020-08-31,1233,3,56.3,2
2387,2019-09-20,3496,4,48.3,1
2388,2023-04-15,4101,2,45.4,2
2389,2020-01-11,2648,3,34.8,2
2390,2023-04-16,4106,4,59.7,5
2391,2023-05-08,1556,4,17.2,1
2392,2019-02-11,579,2,20.5,3
2393,2019-03-07,1953,3,40.1,4
2394,2021-08-17,4001,4,66.2,3
2395,2020-04-17,1100,1,47.4,4
2396,2023-08-11,117,2,56.1,4
2397,2021-07-05,2787,3,7.7,3
2398,2020-04-05,276,2,16.4,4
2399,2021-04-18,4278,3,38.6,3
2400,2022-12-08,4273,3,22.1,4
2401,2020-08-22,2651,4,41.6,3
2402,2022-10-17,20,1,69.6,3
2403,2019-07-11,1171,2,32.5,3
2404,2023-01-14,1450,4,14.1,1
2405,2021-10-13,225,1,45.0,3
2406,2019-12-07,230,2,48.5,2
2407,2023-09-30,1842,3,0.6,2
2408,2019-09-09,4270,2,30.4,3
2409,2019-06-17,810,2,18.8,5
2410,2020-11-11,4814,3,2.1,1
2411,2020-12-09,1085,2,40.8,3
2412,2022-01-07,3650,2,28.5,5
2413,2020-04-01,1331,3,46.6,2
2414,2020-08-01,2159,4,64.3,1
2415,2022-02-25,1148,3,64.1,1
2416,2022-10-03,3964,3,17.3,3
2417,2020-01-15,1158,2,6.5,5
2418,2020-08-11,3220,4,3.4,3
2419,2023-11-13,3596,3,31.5,1
2420,2023-01-22,744,3,60.2,5
2421,2019-12-31,1910,3,11.1,3
2422,2020-12-11,1153,2,11.4,2
2423,2022-10-27,905,3,19.6,1
2424,2022-06-03,1310,1,36.6,1
2425,2023-03-24,3373,3,52.8,2
2426,2021-05-12,1259,4,39.0,4
2427,2019-01-10,4262,2,21.1,3
2428,2019-01-13,3267,2,39.5,4
2429,2020-04-07,1553,1,1.3,1
2430,2021-06-17,4938,4,66.2,3
2431,2023-05-19,4319,2,38.4,5
2432,2023-08-04,321,3,46.3,3
2433,2022-03-23,3712,1,16.5,2
2434,2023-03-12,3157,2,62.1,3
2435,2019-12-05,1586,2,42.4,1
2436,2021-09-12,4924,2,1.9,4
2437,2022-02-27,4404,4,48.1,3
2438,2021-10-21,3005,1,22.5,2
2439,2019-12-28,3396,2,23.3,5
2440,2020-10-17,548,4,8.0,2
2441,2019-10-25,4521,4,41.7,3
2442,2020-06-11,4346,4,45.2,4
2443,2019-11-20,3530,2,13.0,4
2444,2023-08-30,4229,4,32.6,3
2445,2022-08-21,981,2,24.4,1
2446,2019-07-30,3844,2,30.4,3
2447,2019-04-24,218,4,63.0,3
2448,2019-09-22,283,2,16.0,4
2449,2022-11-29,56,2,4.4,2
2450,2022-03-10,3651,4,49.6,2
2451,2021-06-14,4878,3,55.6,5
2452,2020-06-23,99,1,9.7,3
2453,2020-11-28,1367,2,39.8,4
2454,2019-02-07,2440,3,64.6,2
2455,2023-09-01,810,1,26.1,4
2456,2019-09-19,2799,4,64.4,5
2457,2019-02-21,3976,1,67.8,2
2458,2022-11-11,3989,3,14.4,5
2459,2022-06-15,651,1,68.3,4
2460,2020-04-18,3167,3,17.4,1
2461,2020-11-11,4544,4,60.6,2
2462,2023-07-16,4037,1,52.9,1
2463,2019-01-30,1877,3,46.6,1
2464,2020-12-27,3515,3,25.0,3
2465,2022-02-22,1550,1,12.2,4
2466,2020-07-08,2690,3,64.4,1
2467,2021-01-01,846,2,58.1,2
2468,2019-09-12,1308,3,42.8,1
2469,2020-06-27,2899,2,69.8,2
2470,2022-08-10,1392,4,67.3,4
2471,2022-05-06,2817,4,33.1,2
2472,2020-12-04,4574,4,39.5,4
2473,2020-09-22,3344,4,67.4,2
2474,2023-05-16,2163,3,65.4,2
2475,2020-11-15,4097,2,27.3,4
2476,2020-12-05,4398,4,40.6,5
2477,2019-12-09,1717,2,49.7,3
2478,2019-05-01,1724,3,65.2,1
2479,2020-03-05,667,3,32.8,4
2480,2023-12-15,3822,1,19.9,5
2481,2021-07-23,582,1,19.0,2
2482,2023-11-17,3876,2,18.0,4
2483,2023-03-10,2808,1,1.7,5
2484,2020-05-23,2950,4,38.3,2
2485,2020-04-23,4545,2,31.2,5
2486,2021-11-29,1332,2,8.3,2
2487,2019-04-21,1480,4,32.0,2
2488,2019-11-14,1981,3,64.7,5
2489,2020-12-09,4312,2,28.0,3
2490,2022-12-23,3331,1,45.4,3
2491,2023-02-19,2747,3,53.3,4
2492,2020-12-09,3736,3,17.4,4
2493,2021-01-21,2856,2,12.7,2
2494,2022-11-28,640,1,15.0,2
2495,2023-04-23,252,3,12.7,4
2496,2023-01-31,2314,2,34.5,4
2497,2023-06-17,3954,3,1.3,3
2498,2022-11-17,2964,3,64.7,3
2499,2021-01-31,431,3,19.0,2
2500,2019-08-02,4277,1,32.7,2
2501,2020-08-04,3345,4,44.9,5
2502,2021-01-08,4595,1,33.5,3
2503,2023-02-07,935,2,41.4,5
2504,2021-06-01,1291,1,64.2,3
2505,2022-09-02,2603,1,36.2,4
2506,2023-08-29,972,1,45.5,2
2507,2023-03-12,2792,1,2.1,4
2508,2023-04-02,2360,1,67.6,3
2509,2020-09-12,3995,4,16.6,2
2510,2021-11-01,4624,4,36.0,2
2511,2022-02-13,410,2,58.1,4
2512,2023-10-28,4186,1,35.7,1
2513,2021-08-30,599,1,0.8,4
2514,2021-06-23,4342,2,3.7,1
2515,2020-10-27,215,4,42.1,5
2516,2023-07-16,8,4,21.0,1
2517,2023-02-11,1702,4,30.3,1
2518,2021-12-14,2498,3,62.5,2
2519,2022-01-16,3619,3,51.0,1
2520,2021-02-14,676,2,22.6,2
2521,2022-02-08,320,4,34.9,2
2522,2019-12-30,4231,1,70.8,2
2523,2020-11-29,90,4,28.3,3
2524,2022-11-19,3395,1,61.4,2
2525,2023-03-14,451,1,1.9,5
2526,2021-03-11,1572,3,29.7,3
2527,2022-12-19,1391,3,62.8,5
2528,2022-01-29,3264,3,49.4,3
2529,2020-11-12,1857,4,3.6,3
2530,2022-06-11,3250,2,44.4,5
2531,2023-12-05,239,1,59.2,3
2532,2020-03-17,4382,3,61.1,5
2533,2020-12-12,420,4,53.1,5
2534,2019-04-02,3,3,58.9,5
2535,2019-01-08,4731,1,24.2,2
2536,2019-06-17,4794,1,15.3,5
2537,2020-11-16,2751,4,24.7,5
2538,2021-02-24,212,2,6.2,2
2539,2019-06-16,2598,1,64.3,3
2540,2021-09-05,1869,1,63.9,4
2541,2023-08-20,4826,1,4.2,2
2542,2023-05-26,1522,1,62.6,4
2543,2021-06-28,2859,3,66.0,5
2544,2022-11-29,1669,4,48.2,3
2545,2021-01-26,3366,1,70.8,3
2546,2020-06-12,4174,2,16.3,1
2547,2020-06-14,1554,1,35.8,2
2548,2023-12-02,3485,2,32.1,5
2549,2023-01-15,3499,2,16.9,3
2550,2022-03-25,1142,2,25.8,4
2551,2020-08-12,3278,4,51.9,3
2552,2023-10-29,2272,1,8.8,2
2553,2021-06-27,119,3,16.8,5
2554,2019-10-17,3491,2,60.7,5
2555,2021-09-09,1387,2,58.7,1
2556,2022-04-21,2463,2,2.4,2
2557,2022-07-24,2037,3,29.8,3
2558,2020-11-06,3881,1,60.2,4
2559,2019-12-31,4473,4,12.1,5
2560,2019-11-19,2802,3,61.4,5
2561,2020-09-09,2230,3,6.6,3
2562,2022-01-03,3167,2,35.9,1
2563,2021-10-11,4841,3,11.4,4
2564,2022-04-09,509,1,22.9,3
2565,2023-08-24,954,1,58.5,1
2566,2021-09-29,4436,1,8.8,5
2567,2023-03-11,3605,2,22.0,3
2568,2023-11-02,4815,1,44.7,3
2569,2021-04-28,4331,1,5.5,5
2570,2023-12-09,4041,1,32.6,5
2571,2021-08-15,1093,4,37.6,3
2572,2023-06-15,1473,2,33.6,3
2573,2023-02-04,2174,3,43.4,1
2574,2021-11-05,3325,1,52.8,1
2575,2019-06-03,4120,1,16.3,4
2576,2019-10-30,562,1,57.8,1
2577,2020-12-05,1670,3,4.7,2
2578,2023-12-17,770,3,36.7,4
2579,2023-02-11,3454,3,26.8,2
2580,2019-02-24,3193,4,10.7,3
2581,2022-10-31,1385,4,14.9,4
2582,2022-07-29,2477,3,53.6,4
2583,2019-11-27,4642,2,55.5,4
2584,2023-06-26,2014,2,38.4,5
2585,2023-10-21,4053,4,6.0,5
2586,2020-01-01,2962,1,54.3,5
2587,2019-12-05,3657,3,25.7,4
2588,2019-03-10,1193,4,9.8,2
2589,2020-03-11,1607,4,1.4,1
2590,2021-08-14,4194,1,54.2,2
2591,2020-12-30,1851,1,3.2,2
2592,2021-04-15,3224,4,12.9,4
2593,2020-04-11,3850,3,10.1,5
2594,2022-11-15,920,2,67.7,1
2595,2023-02-04,3444,1,48.6,1
2596,2021-06-02,1488,3,14.4,3
2597,2023-12-12,3294,2,38.5,3
2598,2023-08-22,846,3,10.9,1
2599,2020-09-09,2941,4,61.3,4
2600,2020-02-06,4273,2,69.3,5
2601,2022-05-31,1280,4,28.4,4
2602,2020-04-21,540,3,10.0,3
2603,2021-06-11,2919,1,61.7,3
2604,2019-12-25,4893,2,1.9,2
2605,2022-08-23,4267,2,14.1,4
2606,2019-01-15,2779,4,43.1,1
2607,2023-08-31,1459,2,41.4,5
2608,2021-05-17,2479,3,3.6,3
2609,2019-12-10,3605,3,44.8,3
2610,2020-04-16,2617,2,68.2,5
2611,2023-08-23,3662,4,2.3,3
2612,2023-12-07,4344,3,54.8,4
2613,2019-06-15,3959,2,12.8,2
2614,2022-08-12,2595,3,4.3,5
2615,2023-07-04,2487,4,46.6,3
2616,2021-07-31,4056,2,69.1,4
2617,2020-03-21,527,4,71.8,5
2618,2019-02-01,1638,1,39.6,1
2619,2020-11-07,2629,4,40.1,1
2620,2023-12-19,2812,3,25.0,5
2621,2019-11-28,775,4,9.1,5
2622,2023-04-17,3507,1,28.7,1
2623,2023-10-25,508,2,59.7,5
2624,2023-02-05,971,3,40.7,5
2625,2021-05-23,8,2,7.7,5
2626,2019-02-23,4742,3,8.5,2
2627,2023-01-25,2767,1,39.3,5
2628,2023-08-13,3559,4,9.0,4
2629,2023-11-26,4158,4,5.5,4
2630,2020-09-12,1930,4,32.9,1
2631,2021-07-19,742,1,48.2,5
2632,2021-01-07,1863,4,15.4,1
2633,2020-08-20,1145,4,19.7,5
2634,2021-03-09,3892,2,50.6,3
2635,2023-10-10,757,1,1.0,4
2636,2019-12-08,111,3,35.6,2
2637,2023-05-04,2041,1,55.1,3
2638,2019-01-12,1052,1,33.7,3
2639,2020-07-25,4624,4,57.0,5
2640,2021-07-03,2950,1,14.7,3
2641,2022-09-07,1705,1,11.2,4
2642,2022-06-26,725,1,53.9,3
2643,2020-03-11,4532,2,53.2,3
2644,2023-01-21,3302,3,3.2,2
2645,2023-01-27,1521,3,53.8,4
2646,2023-06-08,2220,3,25.8,5
2647,2020-09-04,604,1,35.6,5
2648,2023-03-05,2412,3,20.1,3
2649,2020-10-12,2457,1,43.4,3
2650,2021-05-07,128,3,8.6,4
2651,2022-11-17,221,2,10.9,1
2652,2020-10-30,3806,2,12.7,3
2653,2023-11-24,4026,2,43.3,4
2654,2022-12-27,3043,3,1.7,2
2655,2023-10-31,894,3,65.8,4
2656,2020-07-25,74,2,31.9,5
2657,2021-05-05,1017,1,35.1,4
2658,2019-04-28,4300,4,65.4,4
2659,2023-09-30,15,3,15.3,1
2660,2019-05-30,444,1,17.0,5
2661,2023-02-07,437,4,31.9,2
2662,2020-06-22,4212,1,32.8,4
2663,2023-12-06,296,3,45.7,1
2664,2019-07-18,1309,2,46.9,3
2665,2019-05-16,1492,2,36.5,2
2666,2023-12-16,3640,1,6.0,1
2667,2019-07-28,1076,4,55.6,4
2668,2023-04-02,4670,4,54.5,2
2669,2019-10-15,3608,1,39.5,1
2670,2021-07-30,2222,1,16.2,1
2671,2023-09-22,3670,1,20.7,4
2672,2022-08-04,4057,2,47.5,5
2673,2023-10-01,1459,4,35.0,1
2674,2021-04-22,1960,2,43.5,2
2675,2020-07-07,307,2,15.7,2
2676,2021-10-08,2556,2,63.7,1
2677,2020-10-29,1958,1,68.7,4
2678,2019-02-14,4174,1,42.2,4
2679,2023-01-05,4884,3,65.7,3
2680,2019-03-03,4279,3,35.5,3
2681,2023-04-03,729,4,38.6,3
2682,2019-10-08,4750,1,2.2,2
2683,2019-08-25,782,1,60.0,4
2684,2023-10-05,2450,3,60.9,3
2685,2019-01-30,2966,1,15.4,4
2686,2023-08-06,2342,1,34.7,4
2687,2019-10-29,1318,2,1.6,3
2688,2019-12-02,4330,3,55.3,1
2689,2020-04-20,686,3,38.5,1
2690,2020-10-02,2641,4,22.4,1
2691,2019-07-29,1882,3,6.6,3
2692,2022-12-11,911,1,70.6,3
2693,2021-01-29,382,1,36.9,3
2694,2021-08-05,4505,3,3.7,1
2695,2022-08-07,485,4,47.1,3
2696,2023-03-19,4314,2,59.6,4
2697,2022-01-29,62,4,43.1,1
2698,2022-12-30,385,2,7.7,2
2699,2022-03-07,1639,1,57.0,4
2700,2020-04-09,4575,1,34.7,2
2701,2022-06-23,1698,3,49.3,5
2702,2020-07-03,3382,3,25.8,1
2703,2022-01-01,3116,1,32.8,3
2704,2019-09-30,4278,1,12.7,2
2705,2023-05-13,4363,1,40.2,4
2706,2020-05-31,720,3,52.8,3
2707,2021-12-16,4499,1,23.1,2
2708,2019-11-08,4091,2,46.5,4
2709,2021-12-29,4728,3,71.3,5
2710,2021-04-15,2299,1,68.3,2
2711,2021-04-29,75,1,17.0,1
2712,2021-10-10,4024,4,56.8,4
2713,2021-04-13,1556,2,28.4,3
2714,2023-01-24,4407,4,54.4,2
2715,2019-11-06,4503,1,49.7,2
2716,2019-05-27,1111,2,27.3,1
2717,2020-02-18,3555,2,42.0,4
2718,2021-02-25,3775,1,36.3,2
2719,2021-07-21,1262,4,61.0,1
2720,2021-07-14,3006,4,52.7,5
2721,2019-03-30,2234,2,41.6,4
2722,2021-01-06,1320,2,13.9,2
2723,2023-03-10,507,3,64.5,4
2724,2019-03-02,4734,2,4.2,1
2725,2020-07-17,3224,4,34.0,2
2726,2023-06-25,1128,1,29.0,4
2727,2022-11-22,992,1,67.4,2
2728,2020-04-12,457,4,44.2,3
2729,2020-01-10,4151,2,33.3,4
2730,2019-03-23,2239,4,3.8,4
2731,2022-12-14,123,1,35.7,1
2732,2022-10-23,535,1,14.0,1
2733,2020-07-01,4346,2,12.3,2
2734,2021-12-10,351,2,7.3,5
2735,2022-12-13,3083,4,70.1,3
2736,2023-01-02,2567,1,15.2,1
2737,2021-03-05,1117,3,66.6,2
2738,2021-03-18,4477,1,23.7,2
2739,2022-09-26,2856,3,31.1,4
2740,2021-02-14,4016,2,40.6,2
2741,2019-03-23,2783,4,9.5,4
2742,2023-10-11,4155,3,20.5,4
2743,2019-02-17,1530,3,45.1,3
2744,2021-08-17,4794,2,24.7,5
2745,2021-08-21,1134,4,24.0,4
2746,2021-12-27,3151,3,16.3,3
2747,2022-06-19,3142,4,52.2,1
2748,2021-03-27,1109,1,2.0,2
2749,2019-05-26,4065,2,38.5,2
2750,2023-07-20,791,2,36.8,2
2751,2019-05-08,4180,3,21.0,1
2752,2019-03-14,4677,2,29.8,4
2753,2023-09-23,4942,3,65.2,3
2754,2020-08-25,4154,3,34.3,3
2755,2021-08-04,3549,4,58.1,1
2756,2021-03-25,4063,4,57.8,1
2757,2021-07-27,259,3,16.8,2
2758,2020-04-25,346,3,69.4,4
2759,2023-01-22,2280,4,37.4,1
2760,2019-07-25,1109,2,24.8,2
2761,2023-10-31,2801,1,52.1,4
2762,2019-07-30,1175,1,63.9,1
2763,2019-02-04,100,3,64.8,5
2764,2021-03-31,2858,3,13.1,5
2765,2019-02-20,1817,3,40.3,4
2766,2022-10-24,1127,2,19.4,1
2767,2021-07-16,982,4,31.4,5
2768,2022-02-18,3483,3,5.5,2
2769,2020-03-22,3951,4,43.7,2
2770,2021-11-18,2661,2,22.0,1
2771,2022-01-19,244,3,19.9,2
2772,2020-08-28,763,2,28.0,2
2773,2019-03-30,931,1,1.2,4
2774,2019-03-15,41,1,60.7,3
2775,2020-09-18,2014,2,58.5,2
2776,2021-02-17,4473,1,58.2,5
2777,2022-09-03,4239,4,42.2,4
2778,2019-01-31,1569,3,18.1,3
2779,2021-09-18,4993,4,49.9,5
2780,2020-05-13,3343,1,25.6,3
2781,2023-10-05,1200,1,1.6,1
2782,2022-10-23,1027,2,50.7,5
2783,2019-03-28,1924,3,39.1,1
2784,2019-04-17,2187,4,17.9,2
2785,2022-02-20,3235,4,24.1,1
2786,2023-05-15,1938,2,61.1,5
2787,2019-02-10,4095,2,31.6,2
2788,2020-02-19,3013,4,8.2,1
2789,2022-07-11,522,4,66.4,5
2790,2022-08-16,3132,2,64.3,2
2791,2022-08-22,4983,2,23.6,4
2792,2020-09-07,546,4,2.0,2
2793,2022-11-29,3333,2,24.6,2
2794,2021-10-13,4024,4,15.6,4
2795,2023-07-08,3294,4,60.3,2
2796,2021-01-28,197,3,63.8,1
2797,2020-05-30,4928,1,70.8,2
2798,2022-03-27,4554,2,40.8,4
2799,2020-01-11,2,1,42.0,3
2800,2021-10-08,681,2,50.1,1
2801,2021-05-18,329,2,28.2,1
2802,2023-02-22,1792,1,8.2,5
2803,2022-06-15,4103,3,23.1,3
2804,2020-07-21,2049,3,57.4,2
2805,2022-06-17,3445,1,53.0,4
2806,2020-06-01,3645,3,45.5,1
2807,2020-03-15,2285,2,43.1,3
2808,2020-10-11,4430,3,10.1,4
2809,2023-11-05,4524,3,58.7,3
2810,2020-05-04,950,3,21.8,4
2811,2020-01-04,3734,1,46.5,3
2812,2019-08-22,4666,2,43.6,5
2813,2020-08-02,3518,3,11.6,4
2814,2020-08-02,1400,1,12.1,5
2815,2019-03-07,4323,2,29.7,4
2816,2022-01-18,1315,1,55.0,5
2817,2021-05-05,2528,1,45.5,2
2818,2019-09-04,551,1,70.3,1
2819,2019-11-15,3516,4,4.9,1
2820,2020-01-06,4339,1,4.2,1
2821,2021-10-01,3206,2,65.5,2
2822,2021-09-17,707,1,12.2,2
2823,2020-09-23,3627,1,61.0,5
2824,2021-03-21,4654,1,24.4,1
2825,2022-11-30,3921,3,40.4,5
2826,2021-10-29,2286,3,22.4,2
2827,2021-06-17,1102,2,61.3,2
2828,2023-07-11,1152,4,66.2,1
2829,2020-03-28,4519,4,19.8,5
2830,2020-06-11,2535,1,10.2,3
2831,2019-10-08,1771,1,47.1,2
2832,2019-07-25,85,2,13.6,1
2833,2022-01-24,4173,3,64.8,5
2834,2023-05-14,3759,2,21.5,3
2835,2021-12-08,770,4,16.3,3
2836,2021-04-23,3352,1,52.1,1
2837,2022-04-03,1657,4,51.8,4
2838,2019-01-25,1370,3,58.9,3
2839,2020-04-18,469,2,34.2,4
2840,2019-06-17,3863,3,46.9,2
2841,2019-10-02,2849,1,21.2,4
2842,2022-05-03,3327,1,1.1,3
2843,2020-02-18,4371,4,55.4,3
2844,2022-06-04,731,2,8.2,1
2845,2021-12-18,2869,2,54.5,5
2846,2021-04-22,4874,4,44.8,3
2847,2019-07-01,4681,4,4.9,2
2848,2020-07-21,4608,4,71.3,5
2849,2021-10-20,19,4,61.2,4
2850,2021-04-07,1900,2,41.5,4
2851,2022-03-10,4226,2,7.6,5
2852,2019-03-12,1771,2,16.1,1
2853,2022-04-07,3310,2,54.9,3
2854,2020-07-04,577,4,37.6,2
2855,2022-03-13,1320,1,42.9,2
2856,2022-03-28,2734,3,30.7,5
2857,2019-12-01,4583,4,20.2,5
2858,2021-08-15,90,4,54.2,2
2859,2021-08-23,4875,2,32.6,2
2860,2019-06-06,4686,2,39.1,3
2861,2019-04-14,2918,4,54.5,2
2862,2019-07-13,22,4,29.3,2
2863,2020-05-30,2354,4,46.4,1
2864,2020-07-12,155,2,61.9,1
2865,2022-04-28,4319,3,38.2,2
2866,2022-12-18,980,4,66.4,3
2867,2020-11-27,2591,1,41.6,5
2868,2022-01-26,332,1,57.5,4
2869,2020-06-21,243,1,7.5,5
2870,2022-08-16,2478,3,22.5,2
2871,2019-11-19,4397,4,13.4,1
2872,2021-04-07,2766,2,45.8,4
2873,2021-12-12,603,3,54.6,3
2874,2021-03-24,975,3,63.4,4
2875,2022-03-01,229,3,18.5,1
2876,2023-06-04,1163,2,23.6,5
2877,2021-06-14,2196,2,55.0,2
2878,2019-03-29,4729,1,14.9,4
2879,2023-02-07,1840,2,32.6,1
2880,2019-10-07,680,3,10.3,2
2881,2021-10-19,3226,4,51.5,4
2882,2020-07-12,110,2,5.0,1
2883,2022-06-26,443,4,8.7,5
2884,2019-05-22,745,3,67.6,3
2885,2022-06-29,2499,3,4.8,5
2886,2020-12-14,3380,3,23.2,2
2887,2020-12-24,2532,3,24.7,1
2888,2022-06-29,2263,3,42.8,2
2889,2021-09-27,489,3,41.2,1
2890,2021-04-22,950,2,10.1,1
2891,2019-11-05,4887,4,17.0,3
2892,2020-05-10,4754,2,28.9,3
2893,2020-11-04,795,1,57.3,3
2894,2021-02-24,4078,4,29.8,5
2895,2023-03-02,695,1,53.9,3
2896,2020-10-14,3214,2,50.7,4
2897,2022-12-15,1011,1,11.6,2
2898,2021-02-21,371,2,31.4,4
2899,2020-09-27,598,3,24.5,4
2900,2021-06-16,3421,1,52.8,3
2901,2020-07-03,398,3,5.0,5
2902,2022-10-02,1721,1,51.3,4
2903,2020-09-17,4283,4,15.7,2
2904,2022-01-29,1317,3,25.0,2
2905,2022-12-04,935,2,59.2,3
2906,2019-12-23,1747,1,25.9,3
2907,2022-08-21,2130,4,7.9,3
2908,2020-07-10,277,1,59.4,5
2909,2020-05-27,3647,2,42.5,4
2910,2020-12-19,752,1,19.6,4
2911,2021-12-31,4627,4,15.2,4
2912,2023-09-23,3109,3,2.8,2
2913,2023-09-12,3759,3,66.6,3
2914,2020-01-27,4904,1,61.8,4
2915,2019-12-16,3400,1,14.3,3
2916,2023-06-13,4531,2,40.7,4
2917,2021-08-09,3824,1,67.4,3
2918,2020-01-04,348,4,8.8,1
2919,2020-10-08,2179,2,54.8,2
2920,2023-07-20,3221,2,13.9,4
2921,2020-04-03,593,2,3.6,3
2922,2019-07-25,3965,4,59.5,4
2923,2020-09-30,432,4,23.6,2
2924,2023-04-19,4449,1,44.0,1
2925,2021-08-05,4923,4,62.7,2
2926,2019-06-22,3567,1,18.0,2
2927,2023-09-17,650,4,66.2,1
2928,2022-05-05,2250,3,10.6,1
2929,2021-01-20,3574,1,68.2,1
2930,2020-05-26,11,1,53.2,5
2931,2023-06-27,549,3,50.7,1
2932,2020-05-28,2609,4,21.8,2
2933,2019-07-29,2783,4,32.8,4
2934,2019-10-14,4726,3,45.1,2
2935,2023-01-03,4897,2,61.5,3
2936,2022-10-24,456,1,22.2,5
2937,2023-01-07,4313,2,65.6,1
2938,2023-07-09,2745,1,59.7,3
2939,2023-03-10,4297,3,55.0,1
2940,2019-04-03,3468,2,31.1,4
2941,2021-04-25,234,3,35.1,5
2942,2020-05-05,3539,3,25.9,2
2943,2022-05-27,2707,3,63.1,5
2944,2020-06-05,4488,3,54.0,4
2945,2023-06-29,1178,2,33.9,2
2946,2023-12-22,4775,2,52.1,4
2947,2019-05-19,3233,2,50.0,4
2948,2023-01-11,3895,2,34.0,4
2949,2021-11-16,1649,4,67.9,5
2950,2019-09-16,1181,2,0.9,4
2951,2021-09-27,172,1,68.0,4
2952,2019-02-21,4668,4,7.5,1
2953,2023-02-12,648,1,69.4,5
2954,2019-03-25,3596,4,26.2,4
2955,2019-12-18,4394,1,55.8,5
2956,2022-09-25,924,4,57.7,2
2957,2023-05-16,1087,3,28.3,2
2958,2019-01-15,4894,1,28.0,3
2959,2019-07-07,1483,3,33.4,3
2960,2020-06-17,4781,1,58.4,2
2961,2019-12-11,1046,2,36.3,5
2962,2023-09-01,2535,2,71.2,3
2963,2019-05-12,3902,2,34.3,5
2964,2021-10-07,4946,4,16.3,5
2965,2023-10-27,2130,4,22.4,3
2966,2021-01-14,4142,1,32.7,2
2967,2021-05-12,1131,4,8.3,2
2968,2023-11-26,1745,3,65.0,2
2969,2020-08-22,3524,2,8.9,5
2970,2020-06-17,4368,1,55.1,2
2971,2019-01-13,1936,3,21.6,2
2972,2022-03-12,689,4,34.9,5
2973,2020-02-26,4150,1,34.5,1
2974,2021-08-20,3909,4,61.1,2
2975,2019-10-11,2306,4,7.9,4
2976,2019-09-29,1625,1,21.1,2
2977,2019-05-17,3233,1,50.3,3
2978,2022-04-20,1365,3,65.8,4
2979,2022-04-07,3344,1,34.7,1
2980,2023-04-30,3933,3,67.8,2
2981,2019-02-15,1026,4,15.1,4
2982,2019-12-28,4945,1,47.0,5
2983,2023-07-07,2191,3,58.5,2
2984,2022-06-17,3687,2,11.7,4
2985,2022-12-02,2592,3,7.2,4
2986,2022-08-12,451,4,25.7,2
2987,2021-07-10,2022,3,13.6,5
2988,2022-11-15,2298,3,38.7,3
2989,2022-03-04,4519,4,63.8,5
2990,2021-11-07,203,4,66.7,1
2991,2019-01-28,113,3,30.3,2
2992,2021-09-26,3863,4,24.3,2
2993,2019-07-01,4596,4,65.5,3
2994,2021-04-08,398,2,55.9,2
2995,2019-05-22,812,1,44.6,5
2996,2019-07-03,4829,2,25.8,5
2997,2020-01-30,3768,4,24.4,5
2998,2019-05-24,609,3,50.2,3
2999,2019-04-01,4935,4,41.7,1
3000,2022-04-06,3914,2,35.8,2
3001,2020-06-06,1032,4,18.8,4
3002,2021-10-07,348,1,18.4,4
3003,2023-03-29,3624,4,14.9,1
3004,2021-12-23,4068,3,44.8,5
3005,2019-01-07,4498,2,69.3,2
3006,2023-01-27,1614,2,61.2,1
3007,2021-12-21,3805,4,38.9,1
3008,2019-02-27,1280,1,65.8,5
3009,2023-12-17,2604,1,65.2,4
3010,2019-09-28,378,1,5.9,2
3011,2019-08-19,4387,1,42.8,1
3012,2021-01-24,2941,3,23.0,2
3013,2019-05-12,4168,3,60.0,5
3014,2022-01-04,1536,4,11.9,4
3015,2023-12-01,3027,3,68.9,3
3016,2022-11-13,3240,4,47.1,2
3017,2020-01-03,1497,4,5.8,4
3018,2021-09-21,3826,4,56.8,4
3019,2023-10-22,4674,3,31.5,4
3020,2022-07-04,834,4,35.5,2
3021,2022-04-01,4268,3,19.7,2
3022,2019-12-05,3774,1,1.8,5
3023,2022-05-21,712,4,25.9,1
3024,2020-12-15,4836,4,50.4,5
3025,2019-01-19,3422,2,37.1,3
3026,2022-02-03,79,2,5.8,2
3027,2020-04-05,1103,3,56.5,5
3028,2020-07-03,920,1,48.9,5
3029,2022-09-07,1736,1,55.4,2
3030,2021-12-03,1701,1,37.6,2
3031,2022-06-29,795,4,34.6,4
3032,2019-09-15,2541,1,30.7,3
3033,2022-02-28,1338,1,33.2,3
3034,2021-12-09,514,1,34.9,3
3035,2021-04-11,3244,2,46.9,5
3036,2023-01-19,4184,3,6.4,4
3037,2019-06-19,917,3,60.4,1
3038,2020-08-11,2344,4,32.7,2
3039,2022-07-07,3508,3,48.7,1
3040,2020-01-15,4642,2,40.8,3
3041,2019-08-15,2735,1,60.1,3
3042,2020-07-26,970,1,42.3,4
3043,2019-03-21,728,3,3.0,2
3044,2022-11-04,2656,2,58.8,3
3045,2021-01-28,1397,1,14.6,3
3046,2019-06-15,3544,3,55.4,2
3047,2019-05-09,818,4,11.6,5
3048,2022-07-07,3978,2,54.1,5
3049,2021-12-21,757,4,25.2,1
3050,2022-02-05,162,3,32.1,5
3051,2020-06-24,740,4,2.9,2
3052,2019-01-05,4080,3,20.9,3
3053,2022-03-13,2403,3,60.8,5
3054,2019-07-20,2292,1,34.5,1
3055,2022-11-15,3587,4,55.0,4
3056,2019-08-09,1881,1,52.0,3
3057,2021-04-05,1674,3,39.4,5
3058,2021-12-10,3624,4,0.7,2
3059,2020-09-05,3333,1,57.9,1
3060,2021-10-30,3930,3,67.5,5
3061,2022-06-11,172,4,59.4,5
3062,2020-05-09,3975,4,50.1,1
3063,2019-10-16,3169,4,68.7,4
3064,2019-04-17,2526,4,42.2,1
3065,2021-08-28,2162,1,6.8,1
3066,2020-04-22,130,2,20.6,5
3067,2022-12-17,3878,4,55.0,5
3068,2021-05-08,3753,2,25.1,1
3069,2019-09-28,2648,1,27.0,3
3070,2021-04-17,792,1,17.1,2
3071,2019-04-09,4304,3,10.9,4
3072,2023-04-30,1779,2,29.0,1
3073,2021-03-11,1994,4,46.3,2
3074,2019-10-07,1968,1,49.5,1
3075,2020-09-25,3761,2,16.4,1
3076,2021-12-07,3280,3,7.9,5
3077,2021-03-26,845,3,16.6,2
3078,2019-08-26,3515,1,42.3,4
3079,2023-10-05,116,3,43.7,1
3080,2022-08-15,3869,1,21.4,2
3081,2021-04-30,4617,2,4.4,4
3082,2020-08-13,753,3,40.7,2
3083,2023-05-14,3434,1,18.6,5
3084,2020-04-21,4040,4,18.0,4
3085,2020-10-27,2271,4,37.6,2
3086,2021-09-01,2061,3,36.3,3
3087,2022-11-26,332,2,55.4,3
3088,2019-06-14,598,1,25.5,3
3089,2020-01-04,932,4,54.6,3
3090,2020-04-20,4807,3,37.9,3
3091,2019-06-04,4988,2,64.1,5
3092,2019-06-16,2427,3,22.8,4
3093,2022-08-18,77,1,3.1,5
3094,2023-09-14,374,3,4.1,2
3095,2023-07-14,472,1,46.1,4
3096,2022-08-28,584,1,65.0,1
3097,2021-11-17,4815,2,62.0,1
3098,2021-05-25,4829,4,42.2,4
3099,2021-04-03,2826,4,21.8,4
3100,2020-03-05,3695,1,25.0,3
3101,2019-09-06,3065,2,29.5,5
3102,2021-06-26,94,4,41.0,4
3103,2021-08-02,1876,1,14.9,1
3104,2022-09-23,2012,3,45.4,4
3105,2019-09-19,2028,3,36.9,5
3106,2020-03-11,1392,1,47.1,4
3107,2021-04-20,3756,4,17.7,3
3108,2020-04-15,827,1,17.4,5
3109,2019-06-14,4425,4,61.6,1
3110,2020-05-28,1132,1,20.8,2
3111,2019-10-20,3021,1,55.7,1
3112,2019-04-14,4067,4,33.0,5
3113,2021-07-16,4799,4,65.6,1
3114,2023-05-04,537,2,68.4,4
3115,2019-05-31,4653,2,15.0,1
3116,2022-02-13,1679,3,59.1,4
3117,2023-07-16,1560,2,56.3,5
3118,2021-01-18,3867,4,44.3,2
3119,2023-04-30,104,3,24.4,4
3120,2020-04-27,1000,1,15.0,1
3121,2019-05-10,4848,2,4.1,4
3122,2022-01-30,1230,2,36.8,4
3123,2021-05-30,1199,3,40.4,2
3124,2019-11-20,851,3,23.4,4
3125,2019-01-02,1649,4,33.7,4
3126,2019-10-14,707,4,23.8,4
3127,2023-03-05,4490,1,54.7,4
3128,2020-12-07,2048,4,31.2,1
3129,2022-06-07,893,2,32.9,3
3130,2019-04-29,4671,3,20.2,2
3131,2022-03-30,2196,2,5.8,1
3132,2021-07-12,3968,2,11.8,4
3133,2020-04-09,3255,1,61.3,4
3134,2019-04-05,650,3,35.3,4
3135,2019-06-15,3275,2,13.0,4
3136,2022-03-15,3681,4,13.2,2
3137,2022-01-20,4449,4,39.8,4
3138,2021-01-31,3681,4,69.6,4
3139,2019-09-13,333,1,57.5,5
3140,2021-01-22,4120,3,17.7,1
3141,2022-07-14,3805,2,47.9,1
3142,2020-07-18,2020,1,6.3,5
3143,2019-03-21,1364,1,55.5,1
3144,2023-08-07,2642,2,41.6,1
3145,2021-12-27,3732,4,61.1,3
3146,2019-07-13,276,3,16.0,1
3147,2023-12-10,644,4,56.1,1
3148,2019-03-08,1498,3,10.3,3
3149,2022-05-24,1646,4,42.9,2
3150,2022-05-08,4544,3,54.3,1
3151,2022-11-10,2061,1,46.6,1
3152,2019-06-15,1876,2,10.0,4
3153,2023-09-02,100,3,47.7,3
3154,2023-02-27,2583,2,43.4,1
3155,2020-10-16,228,1,35.7,3
3156,2023-02-05,1201,1,7.8,2
3157,2020-08-18,792,4,28.3,4
3158,2019-02-05,3693,2,56.4,5
3159,2021-06-03,772,3,14.1,1
3160,2020-01-29,2473,1,7.4,2
3161,2019-10-29,1209,4,61.1,1
3162,2020-04-16,1914,2,27.3,5
3163,2023-09-27,4747,4,25.6,3
3164,2023-11-03,456,2,49.6,3
3165,2019-08-31,661,1,10.3,4
3166,2022-02-03,922,1,62.2,4
3167,2022-02-15,4583,1,18.6,2
3168,2021-05-31,1396,3,12.7,5
3169,2022-04-04,4363,4,39.7,4
3170,2019-02-12,394,2,46.9,5
3171,2019-01-25,3316,4,5.7,4
3172,2023-10-29,3996,2,9.0,1
3173,2020-09-21,629,4,32.5,5
3174,2022-02-14,1215,3,4.6,4
3175,2023-06-22,1794,3,38.2,4
3176,2022-11-30,4818,2,17.9,2
3177,2023-10-22,4161,3,33.9,1
3178,2022-09-07,1123,3,52.0,5
3179,2020-12-09,1292,1,43.7,5
3180,2019-01-14,4203,4,10.1,5
3181,2021-08-14,491,4,4.9,2
3182,2021-02-07,2061,4,11.9,5
3183,2023-03-10,1726,4,16.3,4
3184,2021-01-27,2327,2,13.2,3
3185,2021-12-31,2735,2,60.3,2
3186,2021-06-03,3223,2,3.6,1
3187,2022-02-04,279,3,33.0,3
3188,2020-05-17,3645,1,33.1,5
3189,2021-06-18,2404,3,15.5,5
3190,2020-11-20,1366,2,55.6,2
3191,2020-10-23,3286,2,5.8,2
3192,2019-02-06,552,1,54.5,5
3193,2023-03-31,3222,1,32.0,1
3194,2019-05-04,4290,2,13.1,1
3195,2023-09-14,2926,1,44.7,1
3196,2023-09-04,3271,4,28.2,2
3197,2020-12-07,4965,1,53.0,1
3198,2023-10-30,3233,3,71.8,1
3199,2021-09-05,52,4,29.3,4
3200,2019-01-19,2388,3,9.7,3
3201,2023-10-11,926,1,4.9,1
3202,2019-12-19,3050,1,27.0,5
3203,2019-08-24,3936,2,50.9,1
3204,2020-07-29,74,3,61.4,3
3205,2021-06-16,1518,2,3.1,3
3206,2022-11-19,4669,4,16.2,3
3207,2021-05-31,4322,1,30.7,1
3208,2020-04-29,3732,1,22.3,5
3209,2021-01-29,4759,2,67.9,4
3210,2022-11-15,735,3,10.9,5
3211,2023-12-28,1725,4,71.7,4
3212,2022-03-19,4647,4,71.6,5
3213,2022-04-26,3652,2,11.1,5
3214,2022-04-15,2689,3,12.8,1
3215,2022-05-05,4222,4,30.4,3
3216,2022-10-23,4342,2,53.3,3
3217,2023-02-14,1058,2,37.1,3
3218,2021-06-29,1713,1,32.9,1
3219,2023-11-18,2875,4,16.1,1
3220,2022-02-27,3569,4,7.1,5
3221,2022-11-04,1936,1,33.8,4
3222,2023-10-14,1758,4,9.0,2
3223,2023-12-09,476,4,13.3,1
3224,2020-03-25,3924,2,47.9,3
3225,2021-06-05,4878,4,69.8,2
3226,2019-11-25,244,2,66.4,1
3227,2020-02-18,2312,2,68.0,1
3228,2023-10-12,2752,4,18.4,4
3229,2023-10-19,502,2,49.4,5
3230,2021-10-12,1329,4,16.0,5
3231,2020-01-31,3796,3,69.4,1
3232,2020-06-25,1747,1,32.4,2
3233,2022-03-20,3875,3,41.8,5
3234,2023-01-08,3886,3,60.3,3
3235,2020-12-02,3277,3,25.3,4
3236,2023-06-14,2378,3,38.4,2
3237,2019-02-26,2365,2,9.1,4
3238,2020-01-01,2110,4,49.5,5
3239,2023-02-17,2200,2,9.0,3
3240,2022-11-21,1221,1,66.9,3
3241,2023-09-07,4065,4,34.4,4
3242,2021-07-27,954,1,5.2,2
3243,2020-03-20,3953,3,58.9,4
3244,2022-04-04,4038,1,12.8,3
3245,2021-08-14,2771,1,64.6,1
3246,2023-08-02,4510,4,6.8,5
3247,2021-03-28,4979,2,28.3,4
3248,2023-08-06,3366,3,50.1,5
3249,2021-07-11,2138,1,19.2,4
3250,2022-05-04,4070,1,45.8,3
3251,2019-05-14,4260,2,20.8,1
3252,2022-03-28,2316,2,68.9,3
3253,2021-04-27,2121,4,67.6,4
3254,2021-02-04,871,4,50.0,5
3255,2021-10-26,2866,3,59.8,4
3256,2019-08-06,3238,2,10.8,5
3257,2023-07-09,3188,2,21.2,4
3258,2021-04-07,4288,2,22.3,3
3259,2020-01-26,2164,1,68.6,5
3260,2022-03-02,2218,3,2.0,2
3261,2022-05-14,3262,2,41.5,1
3262,2022-07-11,4867,4,30.6,1
3263,2021-06-07,3710,4,67.5,2
3264,2022-05-03,1814,1,58.9,4
3265,2022-02-02,4618,1,28.1,1
3266,2022-03-11,4166,4,23.1,5
3267,2019-02-04,2217,3,30.8,5
3268,2020-11-30,1680,4,16.1,2
3269,2021-09-25,2054,4,21.7,2
3270,2021-08-01,3756,1,6.6,1
3271,2019-01-31,1704,1,5.3,2
3272,2020-06-17,3687,4,5.5,1
3273,2019-01-18,2628,4,21.3,4
3274,2020-04-05,3965,2,0.9,5
3275,2023-07-10,452,1,21.4,2
3276,2023-04-01,3212,1,45.5,4
3277,2023-10-26,1928,4,65.0,2
3278,2022-11-20,3534,1,50.7,2
3279,2020-07-21,2553,1,35.3,4
3280,2020-08-07,3782,4,24.7,4
3281,2020-01-07,2586,1,4.2,1
3282,2023-08-16,633,2,42.2,1
3283,2020-05-28,3339,4,0.7,1
3284,2019-07-24,2330,3,71.4,1
3285,2023-05-27,2358,4,43.3,4
3286,2019-04-01,3139,3,11.1,2
3287,2023-08-09,2412,2,58.5,2
3288,2021-11-01,2398,4,49.2,3
3289,2020-11-03,3714,3,44.3,2
3290,2020-03-05,798,4,7.8,4
3291,2020-01-26,250,2,47.5,5
3292,2022-09-22,1288,1,50.5,5
3293,2020-05-12,2023,3,36.1,4
3294,2022-03-28,3646,2,25.5,5
3295,2022-07-09,511,1,71.8,2
3296,2023-12-20,1103,2,66.4,5
3297,2021-01-27,1684,4,68.0,2
3298,2021-04-09,4026,1,9.9,4
3299,2020-08-04,2392,3,29.2,5
3300,2021-08-21,1004,4,54.8,1
3301,2020-05-16,3610,4,43.2,2
3302,2019-05-21,4705,4,54.9,5
3303,2022-05-11,1611,1,45.2,5
3304,2020-06-27,4347,3,23.9,1
3305,2021-09-20,1151,3,11.3,5
3306,2020-05-08,2793,3,70.5,5
3307,2022-05-21,2294,1,16.4,1
3308,2021-09-04,534,1,24.2,1
3309,2021-03-15,4383,4,53.6,2
3310,2022-03-07,4726,3,70.1,3
3311,2020-04-15,2011,1,61.9,1
3312,2020-08-26,3074,1,58.6,4
3313,2021-11-14,2039,2,51.3,1
3314,2021-05-24,4090,4,58.5,4
3315,2020-11-16,4477,3,32.9,3
3316,2022-01-01,1895,1,8.9,2
3317,2020-02-01,828,3,48.0,3
3318,2022-01-18,3069,1,49.8,3
3319,2023-01-28,2612,4,46.5,3
3320,2019-04-18,170,2,70.5,5
3321,2023-05-30,1382,3,59.3,3
3322,2023-10-27,2018,3,40.9,2
3323,2020-06-30,3373,3,16.6,4
3324,2023-12-20,1400,3,41.8,1
3325,2021-11-27,3571,3,50.7,3
3326,2023-03-31,301,3,54.9,3
3327,2021-04-28,838,4,10.0,5
3328,2019-10-10,49,2,18.6,2
3329,2023-01-08,1429,3,37.8,2
3330,2022-08-20,4048,4,42.7,1
3331,2021-11-23,1861,2,23.5,1
3332,2023-09-28,3018,3,16.3,5
3333,2019-12-10,4274,1,45.9,4
3334,2019-10-01,1105,2,11.5,5
3335,2021-12-30,373,4,55.8,2
3336,2023-04-19,4234,3,20.1,3
3337,2023-11-01,4878,2,20.7,5
3338,2022-11-22,2242,1,59.0,4
3339,2022-01-12,549,2,4.6,5
3340,2021-10-19,4395,2,48.2,2
3341,2021-07-07,4594,2,29.5,5
3342,2021-03-27,1615,4,44.4,5
3343,2023-07-07,4743,4,60.1,1
3344,2021-11-08,3406,4,40.2,4
3345,2020-03-18,874,1,3.3,1
3346,2023-09-06,3571,4,52.4,2
3347,2020-11-12,4894,3,14.6,5
3348,2021-06-05,4347,2,33.0,1
3349,2022-07-31,1116,3,56.1,5
3350,2022-06-06,1488,2,16.9,5
3351,2021-02-08,1947,1,24.7,2
3352,2019-11-22,2555,1,25.8,2
3353,2019-07-28,4313,1,53.9,4
3354,2020-07-25,2137,2,8.6,4
3355,2019-08-31,3106,1,42.1,5
3356,2023-11-27,4963,2,44.4,2
3357,2022-01-28,1500,3,5.0,3
3358,2019-12-25,2294,4,48.8,1
3359,2021-02-01,1738,2,35.9,5
3360,2021-12-11,3449,4,51.6,3
3361,2021-04-02,1263,4,71.0,2
3362,2023-05-04,639,3,26.1,5
3363,2023-12-23,3073,2,48.2,5
3364,2020-12-01,3137,3,7.1,1
3365,2019-05-20,4531,1,22.4,5
3366,2022-02-26,1128,2,56.3,2
3367,2023-08-10,59,1,4.0,5
3368,2023-08-23,4745,2,50.7,5
3369,2020-01-07,259,4,33.6,2
3370,2021-04-27,3069,2,32.5,5
3371,2023-10-19,3187,3,27.4,4
3372,2022-07-07,215,3,71.4,3
3373,2021-03-30,1412,2,61.3,3
3374,2021-04-28,3414,3,16.8,4
3375,2019-12-01,1219,1,61.5,5
3376,2020-01-08,1881,2,41.8,3
3377,2022-12-25,2065,2,45.0,1
3378,2023-05-17,2852,2,5.2,3
3379,2023-08-07,3623,2,59.5,5
3380,2022-10-01,3427,3,65.5,2
3381,2019-10-11,2056,1,53.1,1
3382,2021-10-15,56,2,14.3,1
3383,2022-12-15,624,2,44.8,2
3384,2019-05-29,3903,2,21.7,2
3385,2022-06-20,1489,2,34.3,2
3386,2019-04-14,4213,1,17.2,5
3387,2022-01-03,4999,1,12.9,3
3388,2020-02-23,632,1,37.4,1
3389,2019-01-05,160,4,31.3,3
3390,2019-11-11,4967,4,7.1,5
3391,2022-08-01,1791,3,50.9,2
3392,2023-04-21,3009,2,16.6,2
3393,2022-04-18,1814,2,46.3,5
3394,2023-07-22,1199,4,19.3,2
3395,2019-11-24,1231,4,16.1,5
3396,2022-02-06,441,1,23.9,5
3397,2019-01-04,3537,1,43.6,4
3398,2020-10-22,4402,1,66.2,1
3399,2023-12-29,2781,3,25.7,2
3400,2021-03-21,4764,3,70.2,2
3401,2022-01-16,1690,4,47.5,4
3402,2022-03-01,2520,2,42.9,1
3403,2021-03-25,72,3,4.9,4
3404,2021-12-27,3641,2,46.3,4
3405,2019-09-30,2364,4,15.7,1
3406,2019-01-09,4953,3,35.8,5
3407,2021-04-18,1169,1,63.6,5
3408,2019-11-07,698,3,65.0,1
3409,2019-08-05,2268,2,18.7,1
3410,2023-02-18,3071,4,18.4,4
3411,2021-04-13,2905,4,4.2,5
3412,2020-10-09,2414,3,59.7,3
3413,2022-02-21,2669,1,26.3,3
3414,2021-08-05,2050,1,13.5,4
3415,2023-11-11,1973,4,40.9,1
3416,2021-03-08,2948,2,14.4,4
3417,2022-08-31,4978,1,46.9,1
3418,2023-05-29,1822,1,48.5,5
3419,2023-11-20,1396,1,7.1,1
3420,2020-04-07,4765,3,70.8,2
3421,2023-03-06,709,2,15.1,3
3422,2020-09-24,3838,1,10.3,3
3423,2019-01-31,3779,3,17.4,1
3424,2021-10-18,3107,1,38.9,4
3425,2023-10-25,4268,2,21.1,5
3426,2022-09-20,1901,4,28.7,4
3427,2019-02-27,2409,4,35.9,3
3428,2019-03-09,4016,3,45.9,2
3429,2020-12-06,1830,1,28.9,2
3430,2019-05-03,1031,1,12.8,2
3431,2023-07-16,1812,4,8.7,1
3432,2020-03-17,1968,3,8.5,5
3433,2021-07-15,3101,2,10.7,3
3434,2023-12-21,2793,1,18.8,5
3435,2020-11-27,1371,4,21.3,3
3436,2019-12-14,1137,2,50.5,2
3437,2022-06-11,1418,2,66.2,5
3438,2023-11-19,1015,2,51.6,1
3439,2022-10-27,1836,2,43.1,3
3440,2022-02-10,366,1,56.9,1
3441,2021-05-30,992,4,64.0,2
3442,2021-05-19,3871,4,54.9,3
3443,2023-08-09,1856,1,8.5,1
3444,2020-11-07,3579,3,32.9,3
3445,2019-02-11,1310,4,0.6,3
3446,2021-05-03,4452,3,4.5,4
3447,2019-05-23,4704,4,46.1,4
3448,2019-08-16,2160,2,66.8,5
3449,2020-04-02,3878,2,71.3,5
3450,2023-03-26,4584,3,46.2,5
3451,2023-02-09,2093,3,3.3,4
3452,2020-09-29,3008,3,32.1,3
3453,2020-08-11,2373,2,71.4,3
3454,2023-11-12,1912,4,39.9,4
3455,2019-11-24,2437,2,45.2,5
3456,2021-04-05,2449,3,71.5,1
3457,2019-09-22,4542,2,64.6,2
3458,2021-01-27,4433,3,37.9,2
3459,2020-01-18,2979,2,0.7,5
3460,2021-12-24,1057,3,64.0,4
3461,2022-02-18,1337,2,34.1,3
3462,2019-08-06,2496,3,65.0,4
3463,2019-10-01,1521,4,29.0,2
3464,2019-08-08,2908,1,35.6,1
3465,2020-04-06,1962,1,32.5,1
3466,2020-06-14,4779,1,60.7,4
3467,2022-01-10,3516,1,0.5,2
3468,2023-11-13,291,3,10.7,2
3469,2022-09-29,4483,3,55.8,2
3470,2019-08-09,3064,3,57.1,5
3471,2019-08-20,817,4,15.1,1
3472,2019-11-05,2774,4,39.4,3
3473,2021-10-09,1340,2,37.3,4
3474,2023-01-31,1045,3,63.7,1
3475,2020-10-13,375,2,71.7,3
3476,2019-06-24,3047,3,63.2,5
3477,2020-04-26,2576,4,66.7,5
3478,2023-04-27,2629,2,58.8,1
3479,2022-07-23,3880,4,5.0,5
3480,2020-04-17,1560,3,38.6,5
3481,2021-08-11,89,1,49.3,3
3482,2019-12-27,2202,1,61.4,3
3483,2019-01-17,1837,2,28.9,4
3484,2021-05-28,3670,1,61.2,4
3485,2021-05-17,3215,1,39.9,4
3486,2021-09-22,517,2,56.8,5
3487,2021-01-09,3392,2,60.5,1
3488,2020-08-17,2627,4,19.3,5
3489,2022-11-24,1740,2,44.6,4
3490,2023-01-16,1801,4,58.4,4
3491,2023-03-01,1287,3,13.1,1
3492,2019-11-01,4537,1,51.5,5
3493,2021-03-08,1154,1,3.8,4
3494,2023-06-10,2323,1,31.2,5
3495,2022-06-30,2936,4,11.9,2
3496,2022-11-03,3153,1,34.9,5
3497,2023-02-27,1110,4,9.0,5
3498,2022-07-18,2742,2,49.6,4
3499,2023-01-07,1735,3,66.7,3
3500,2023-09-12,4729,4,21.7,5
3501,2020-07-09,2694,3,22.1,3
3502,2019-08-12,1864,2,3.6,3
3503,2020-12-24,728,4,23.8,5
3504,2019-08-29,4062,1,1.5,3
3505,2023-06-28,1818,4,2.3,1
3506,2021-11-05,2292,4,46.9,4
3507,2021-09-23,27,2,33.0,5
3508,2019-09-06,4316,1,37.8,4
3509,2019-08-06,1579,2,32.3,1
3510,2019-09-09,2659,2,48.3,2
3511,2020-01-10,2772,1,5.4,4
3512,2023-09-14,1245,4,17.3,4
3513,2020-11-05,1292,2,58.7,2
3514,2022-07-05,2240,4,26.7,1
3515,2022-12-09,272,1,48.3,2
3516,2019-04-24,4969,4,31.5,2
3517,2021-11-27,2242,4,50.6,2
3518,2019-04-06,2888,4,60.2,4
3519,2023-08-11,3207,1,28.2,5
3520,2021-07-25,4955,4,50.3,1
3521,2020-09-13,3865,2,8.1,5
3522,2023-06-03,337,2,17.4,1
3523,2020-08-04,1610,2,18.6,4
3524,2021-12-03,1232,4,7.7,5
3525,2021-01-19,2889,3,35.4,4
3526,2023-11-01,4559,3,31.7,4
3527,2019-03-03,3851,2,15.5,2
3528,2022-08-16,4706,2,10.8,3
3529,2022-05-29,4811,1,7.3,3
3530,2023-11-03,2294,4,15.6,2
3531,2020-09-11,4667,3,38.7,2
3532,2022-02-04,2765,2,67.5,4
3533,2020-11-12,3561,3,23.4,1
3534,2023-10-28,4502,2,66.5,4
3535,2022-04-09,1629,4,24.1,4
3536,2023-04-17,1199,1,9.9,5
3537,2023-10-07,3390,4,64.8,3
3538,2019-02-23,2002,3,45.6,1
3539,2023-06-23,2999,4,16.6,1
3540,2019-03-15,2735,4,22.1,5
3541,2021-03-17,4052,3,32.8,5
3542,2020-12-23,939,2,59.8,4
3543,2021-10-16,2405,2,27.9,4
3544,2023-09-24,1967,4,7.2,2
3545,2020-09-17,1883,3,55.2,4
3546,2023-08-24,3235,2,13.0,1
3547,2023-01-02,858,2,37.4,2
3548,2023-07-24,703,2,65.6,4
3549,2023-05-05,4154,3,15.1,5
3550,2021-02-16,4364,2,51.9,5
3551,2022-08-10,2652,1,53.4,4
3552,2021-02-14,4184,4,9.3,5
3553,2019-09-12,1959,3,2.2,3
3554,2021-12-21,3374,1,20.9,3
3555,2023-06-05,465,2,42.3,4
3556,2023-04-04,3218,2,32.2,2
3557,2020-12-28,4101,2,29.7,4
3558,2023-10-25,431,2,18.5,4
3559,2022-07-07,3929,3,67.3,1
3560,2022-01-24,1105,2,31.0,3
3561,2022-08-13,2497,2,6.7,5
3562,2019-01-20,4387,4,6.3,1
3563,2021-12-14,4273,3,9.0,2
3564,2019-10-10,3045,1,26.3,1
3565,2021-12-22,3400,4,43.8,2
3566,2021-02-09,4537,1,21.6,3
3567,2023-06-19,1312,1,23.0,5
3568,2023-01-10,2234,1,71.4,4
3569,2019-11-15,2431,3,11.9,3
3570,2021-01-27,1441,3,42.1,4
3571,2023-11-02,4641,3,64.8,4
3572,2021-12-16,248,1,15.8,2
3573,2022-09-11,1016,1,68.6,4
3574,2019-10-13,4705,3,25.6,2
3575,2020-03-07,3868,1,54.4,5
3576,2019-05-14,3032,3,36.4,1
3577,2019-05-26,2635,3,29.3,5
3578,2019-04-17,2671,2,48.3,1
3579,2021-05-22,2427,1,20.7,4
3580,2021-09-01,4154,3,44.7,4
3581,2023-05-05,717,3,32.8,5
3582,2019-03-24,4125,2,2.1,5
3583,2019-10-17,4142,2,46.5,4
3584,2020-10-06,4118,3,46.7,2
3585,2022-06-17,3794,4,23.4,4
3586,2021-12-30,4611,1,44.6,3
3587,2023-11-10,3502,2,28.5,1
3588,2021-04-16,1621,3,15.2,1
3589,2021-10-19,2604,2,48.0,3
3590,2020-08-29,519,3,49.4,3
3591,2021-12-06,2117,4,15.4,1
3592,2023-08-11,2282,4,15.3,1
3593,2020-02-12,2383,2,46.8,3
3594,2021-07-24,1208,3,68.6,2
3595,2022-07-07,2427,2,5.0,4
3596,2019-01-17,2787,4,24.2,5
3597,2019-11-22,1182,4,14.2,1
3598,2023-11-01,413,2,20.5,5
3599,2023-01-12,4040,4,12.5,4
3600,2019-01-16,1785,4,23.1,1
3601,2021-03-15,4878,3,32.3,4
3602,2022-04-26,118,2,69.8,1
3603,2021-04-18,4306,4,66.3,3
3604,2020-05-02,1766,1,64.9,3
3605,2023-10-02,2498,4,67.4,3
3606,2022-07-16,2299,3,62.3,2
3607,2019-08-24,3673,1,40.4,4
3608,2021-07-28,298,4,16.2,5
3609,2022-01-01,605,4,69.1,5
3610,2023-05-24,13,3,9.6,1
3611,2023-06-22,664,1,13.3,5
3612,2020-05-29,3826,3,42.1,3
3613,2022-12-16,2366,1,52.2,3
3614,2020-11-05,2137,3,2.9,5
3615,2021-05-31,990,2,9.7,2
3616,2022-10-30,3533,4,69.9,3
3617,2022-09-26,4190,1,60.2,4
3618,2022-10-18,1173,4,51.2,1
3619,2019-07-01,633,4,15.3,2
3620,2020-06-25,3001,3,71.0,5
3621,2019-06-27,169,4,28.8,5
3622,2023-01-12,1636,2,52.7,4
3623,2023-03-11,3753,1,48.7,5
3624,2022-09-23,952,1,23.9,4
3625,2021-06-23,2878,1,6.9,4
3626,2022-03-17,3105,4,11.3,5
3627,2022-06-28,691,3,45.4,4
3628,2021-04-07,4188,1,47.9,4
3629,2023-04-17,497,2,35.3,5
3630,2022-03-11,1590,4,67.6,4
3631,2019-07-19,3091,1,69.0,4
3632,2021-01-16,283,3,23.0,2
3633,2019-05-22,257,4,4.0,2
3634,2023-09-04,3737,4,58.2,3
3635,2022-10-22,3390,4,2.3,4
3636,2023-10-10,857,3,24.6,4
3637,2023-09-10,2241,1,27.4,1
3638,2020-09-15,4108,1,10.3,1
3639,2019-09-12,2577,1,51.1,2
3640,2021-03-06,351,3,63.2,4
3641,2022-06-15,807,2,44.3,5
3642,2020-01-26,2680,3,71.7,1
3643,2020-07-13,1677,1,49.3,3
3644,2020-10-30,196,3,60.0,3
3645,2023-02-15,562,4,0.6,2
3646,2021-05-24,3707,2,33.3,1
3647,2019-05-08,3300,3,63.7,5
3648,2022-04-25,2255,3,69.0,5
3649,2023-09-01,4864,2,32.5,5
3650,2022-01-10,3839,1,45.4,2
3651,2023-05-25,1114,4,12.8,3
3652,2020-09-29,2835,2,40.7,5
3653,2020-03-28,4630,1,63.3,2
3654,2020-02-19,1512,3,26.2,1
3655,2022-06-27,1976,4,37.1,5
3656,2022-05-22,3925,1,18.3,3
3657,2021-01-23,4784,4,28.0,5
3658,2019-02-12,315,1,42.5,5
3659,2019-10-08,350,2,21.1,3
3660,2019-10-19,4852,4,11.2,3
3661,2020-03-18,2512,1,10.0,2
3662,2019-09-28,4285,4,39.2,2
3663,2021-08-10,2195,2,57.2,5
3664,2023-09-08,1987,4,31.1,2
3665,2023-11-25,2205,2,21.7,5
3666,2019-09-08,1923,4,32.4,5
3667,2022-01-10,639,1,12.9,4
3668,2019-01-20,65,2,35.1,5
3669,2019-10-11,2956,2,30.7,1
3670,2019-11-18,940,2,41.6,1
3671,2019-04-18,3726,2,18.3,4
3672,2021-10-22,2647,4,1.5,4
3673,2021-08-16,4906,4,44.4,5
3674,2021-05-09,4294,4,58.1,5
3675,2019-07-25,4470,2,25.1,5
3676,2021-09-29,2154,4,0.8,3
3677,2022-02-28,3911,2,2.4,3
3678,2021-01-08,4486,2,32.0,3
3679,2020-05-18,3085,2,59.2,2
3680,2022-03-30,2527,1,27.7,2
3681,2019-04-17,1565,2,71.2,4
3682,2022-08-31,3259,3,4.2,1
3683,2021-07-26,2258,4,60.2,2
3684,2019-12-17,2563,3,21.2,5
3685,2019-10-09,3101,4,56.5,1
3686,2022-03-19,603,2,52.2,4
3687,2023-04-18,190,2,17.5,5
3688,2020-11-30,1721,2,70.0,5
3689,2023-10-14,2989,2,65.1,3
3690,2020-03-24,675,2,55.3,3
3691,2023-01-25,46,2,24.3,3
3692,2023-01-03,2741,1,1.7,4
3693,2019-08-19,1594,1,64.8,2
3694,2019-12-15,1531,2,20.3,5
3695,2020-02-25,1279,2,71.5,4
3696,2022-09-27,2101,2,0.6,5
3697,2021-06-07,3482,3,51.6,2
3698,2020-05-16,1915,2,26.4,5
3699,2019-11-22,4450,2,8.5,4
3700,2019-08-30,137,4,66.1,4
3701,2019-01-25,1929,3,37.8,2
3702,2021-08-15,1357,3,59.9,3
3703,2022-09-24,1588,2,20.7,1
3704,2020-07-25,3289,2,47.9,2
3705,2023-10-26,3244,1,11.2,3
3706,2019-03-28,3514,4,54.7,4
3707,2022-02-10,4549,3,16.1,2
3708,2023-10-16,1995,1,69.5,5
3709,2019-09-12,3341,2,41.5,1
3710,2019-02-28,701,2,15.0,4
3711,2022-12-29,201,4,26.1,1
3712,2020-01-26,4911,2,19.9,3
3713,2019-06-29,690,4,54.6,4
3714,2023-08-21,3430,4,20.9,3
3715,2022-04-28,2244,2,24.5,2
3716,2020-07-09,2996,1,33.5,4
3717,2020-03-04,992,4,14.1,3
3718,2019-06-15,4663,1,55.0,4
3719,2021-09-12,4701,2,56.0,2
3720,2022-03-14,1708,1,22.5,1
3721,2023-02-11,1322,1,24.0,3
3722,2022-03-03,944,3,36.4,1
3723,2020-03-08,3044,3,35.8,4
3724,2022-04-07,2937,1,41.4,2
3725,2019-08-09,1164,3,43.6,4
3726,2022-08-06,2571,4,18.5,3
3727,2021-09-30,4935,2,70.7,5
3728,2022-10-01,2374,3,41.4,5
3729,2023-07-15,4013,4,15.8,4
3730,2023-02-17,4937,2,40.3,3
3731,2022-07-13,3346,4,55.7,4
3732,2023-01-24,1915,2,33.2,3
3733,2021-05-25,1338,1,52.8,1
3734,2021-10-11,1985,4,7.3,2
3735,2019-05-25,1031,2,19.0,5
3736,2022-04-16,4281,1,56.6,4
3737,2019-04-13,3258,4,32.8,5
3738,2023-07-24,4656,2,35.7,4
3739,2021-11-09,2758,4,50.7,4
3740,2023-09-24,4974,4,23.2,3
3741,2022-12-02,4338,3,37.7,1
3742,2021-10-28,3958,3,57.9,1
3743,2023-12-22,2010,3,71.7,2
3744,2022-05-11,4918,4,65.6,3
3745,2023-07-05,3806,3,11.8,4
3746,2019-12-20,4445,4,31.2,3
3747,2022-07-04,3647,3,11.5,2
3748,2023-06-30,1392,1,5.0,5
3749,2021-08-17,3903,4,28.4,3
3750,2020-05-15,132,3,13.9,2
3751,2021-05-16,88,4,26.4,4
3752,2019-08-31,3184,2,36.3,2
3753,2020-03-23,673,2,3.3,1
3754,2022-05-14,2731,1,9.2,4
3755,2020-03-09,924,1,60.1,2
3756,2023-01-09,4941,3,51.1,4
3757,2019-02-04,1561,3,21.8,4
3758,2020-10-14,1259,4,62.8,2
3759,2021-03-13,171,1,17.3,3
3760,2022-07-09,1308,4,2.2,5
3761,2020-04-11,2696,3,58.6,3
3762,2019-10-11,2930,3,36.1,2
3763,2019-05-15,3838,1,20.5,2
3764,2021-08-28,4095,4,42.8,4
3765,2023-06-14,573,2,2.9,3
3766,2020-11-22,4290,1,49.1,5
3767,2021-06-27,185,3,57.7,4
3768,2019-10-18,574,1,9.6,2
3769,2021-12-27,3557,2,7.8,4
3770,2023-02-18,4186,1,14.3,5
3771,2020-03-13,328,3,65.7,3
3772,2023-11-14,985,3,53.0,1
3773,2020-05-17,264,2,35.7,3
3774,2022-01-06,1799,4,3.6,5
3775,2023-03-14,2583,3,71.3,3
3776,2019-10-04,1377,1,41.0,3
3777,2020-09-03,3782,1,62.0,5
3778,2023-10-10,4803,2,20.2,1
3779,2023-04-03,3681,4,21.8,2
3780,2022-01-02,4838,4,70.3,1
3781,2019-07-17,2742,4,58.3,2
3782,2020-05-01,3214,3,63.1,2
3783,2022-07-10,4625,3,64.1,3
3784,2020-12-18,771,1,23.3,2
3785,2023-11-21,4708,4,15.5,5
3786,2022-01-02,3577,3,64.0,2
3787,2022-01-22,804,4,61.0,3
3788,2020-03-18,1855,2,67.3,2
3789,2019-06-07,3729,1,18.6,5
3790,2021-08-15,1337,2,30.0,4
3791,2021-09-06,1208,4,46.0,4
3792,2022-10-04,1343,4,41.9,2
3793,2023-01-17,1409,3,28.4,2
3794,2019-12-21,3068,2,0.9,5
3795,2022-12-20,3915,4,17.6,1
3796,2020-09-18,3410,2,63.9,4
3797,2023-09-28,4850,2,13.9,3
3798,2019-09-04,708,4,29.0,5
3799,2019-12-26,4830,2,41.8,5
3800,2021-01-04,3449,3,56.1,4
3801,2020-07-04,2661,2,44.5,4
3802,2019-03-28,1325,1,41.7,2
3803,2022-11-10,4122,2,4.1,1
3804,2022-06-14,3670,4,31.2,5
3805,2019-03-23,1061,1,2.9,4
3806,2022-05-11,908,2,44.8,4
3807,2023-09-10,1257,4,51.8,3
3808,2021-12-28,1479,4,42.6,1
3809,2021-02-04,1085,1,37.7,1
3810,2019-05-29,4691,1,22.4,3
3811,2021-04-08,4461,1,47.6,1
3812,2021-12-08,4662,3,44.4,4
3813,2020-09-02,1987,2,25.9,5
3814,2021-02-27,258,2,38.9,2
3815,2020-04-15,4700,1,68.8,5
3816,2019-02-26,3526,2,0.5,1
3817,2019-02-05,2545,1,25.4,5
3818,2022-05-10,137,4,69.9,1
3819,2021-04-24,4871,3,41.1,5
3820,2023-11-08,3377,2,9.3,4
3821,2021-02-11,4933,3,35.9,4
3822,2020-09-03,1302,4,10.3,4
3823,2022-05-01,2629,4,27.3,3
3824,2023-05-21,1834,3,28.2,5
3825,2019-10-26,1052,1,45.2,1
3826,2021-08-09,553,2,48.6,3
3827,2022-06-25,2445,2,2.6,3
3828,2023-04-28,3473,3,10.2,1
3829,2023-02-16,842,3,55.9,1
3830,2023-12-14,1661,3,70.4,4
3831,2023-05-04,2408,4,38.4,3
3832,2019-03-13,3648,3,43.0,1
3833,2023-03-14,3348,1,44.3,2
3834,2019-02-22,717,3,42.2,4
3835,2019-04-01,2213,1,5.8,2
3836,2022-06-26,4155,4,33.1,5
3837,2019-10-29,3980,2,24.5,1
3838,2019-06-08,2871,2,19.9,4
3839,2023-01-20,4360,4,46.9,3
3840,2020-02-11,3504,4,35.6,2
3841,2020-02-11,1722,1,51.0,2
3842,2019-01-02,1466,2,35.5,1
3843,2020-09-16,4961,3,2.3,2
3844,2023-07-13,683,4,69.8,2
3845,2019-07-12,1970,3,69.8,3
3846,2023-07-14,664,3,7.8,2
3847,2022-05-26,4175,3,36.1,2
3848,2022-01-21,4031,4,23.5,2
3849,2023-02-04,3930,3,22.6,2
3850,2019-04-27,4314,4,0.8,4
3851,2023-06-12,3702,1,7.0,5
3852,2023-05-17,4607,2,4.8,3
3853,2019-10-24,1099,4,18.2,2
3854,2020-05-11,1529,2,61.1,5
3855,2019-07-27,2366,4,62.1,4
3856,2020-08-02,4101,3,45.8,5
3857,2019-12-17,4999,1,17.1,2
3858,2023-10-07,2002,2,43.0,3
3859,2022-05-05,4704,4,42.4,2
3860,2021-09-20,3605,1,19.2,4
3861,2019-12-31,3892,2,19.7,3
3862,2022-10-15,1145,2,70.7,4
3863,2023-03-28,3375,1,29.0,3
3864,2023-11-20,179,1,35.2,4
3865,2022-08-29,3824,1,57.5,3
3866,2019-08-01,4405,4,53.5,3
3867,2021-04-05,3928,4,68.5,3
3868,2021-04-15,1030,1,6.1,5
3869,2020-03-26,794,3,50.0,4
3870,2020-07-15,3562,3,1.1,1
3871,2022-09-02,4443,3,31.5,5
3872,2019-12-30,4053,1,60.8,4
3873,2019-01-06,206,4,19.6,5
3874,2023-08-10,3569,4,38.1,3
3875,2020-06-18,4477,2,47.7,3
3876,2021-11-10,12,1,27.1,5
3877,2020-11-09,4272,3,37.5,3
3878,2023-10-22,996,1,31.2,2
3879,2022-09-30,1962,2,43.7,5
3880,2023-08-24,1691,2,4.8,2
3881,2019-01-28,4277,3,68.8,2
3882,2020-06-20,3913,4,1.4,4
3883,2022-01-10,3165,2,13.6,4
3884,2020-10-14,2161,3,57.3,3
3885,2022-10-15,2066,3,23.5,4
3886,2022-01-04,1460,3,39.8,2
3887,2022-01-20,385,2,34.4,4
3888,2019-05-24,4185,1,68.8,4
3889,2020-11-26,4626,2,29.0,3
3890,2021-09-06,946,4,53.3,3
3891,2019-07-08,2634,4,7.5,5
3892,2023-07-13,3683,4,20.7,4
3893,2019-04-04,3961,3,48.1,3
3894,2022-07-05,1573,4,33.8,1
3895,2023-09-17,4730,3,67.4,5
3896,2020-07-06,4538,1,42.6,5
3897,2020-03-05,3969,4,34.8,2
3898,2019-10-18,803,4,25.5,1
3899,2019-12-23,139,2,34.0,2
3900,2020-11-07,3604,3,23.8,3
3901,2023-02-15,4407,3,42.8,5
3902,2021-03-23,3091,1,57.9,5
3903,2021-01-02,3054,1,52.6,1
3904,2021-05-28,1421,3,0.6,3
3905,2023-05-12,4863,3,70.4,4
3906,2020-11-04,822,1,49.0,5
3907,2019-07-10,4753,2,1.3,3
3908,2022-12-10,1621,1,45.5,3
3909,2023-09-20,3866,3,1.3,4
3910,2020-07-08,4137,3,57.9,4
3911,2022-05-12,1619,3,17.5,1
3912,2019-05-10,3927,4,61.7,4
3913,2019-08-10,1765,2,61.9,4
3914,2019-01-29,3019,4,39.9,1
3915,2019-04-18,3780,2,15.8,5
3916,2022-10-16,2347,1,30.5,5
3917,2023-10-01,1450,1,67.2,4
3918,2019-08-21,713,1,53.3,3
3919,2022-04-03,2261,2,10.2,4
3920,2021-07-19,3166,4,52.7,5
3921,2022-07-05,2498,1,34.3,1
3922,2022-08-25,1081,3,13.5,2
3923,2021-07-04,1657,3,29.0,1
3924,2021-12-07,3843,3,31.1,5
3925,2020-05-16,2908,1,15.7,2
3926,2022-12-31,2530,4,12.7,1
3927,2019-06-21,627,1,62.6,3
3928,2022-05-05,3679,1,62.8,4
3929,2022-06-19,4807,1,5.2,1
3930,2020-09-09,3468,4,3.2,3
3931,2022-11-05,3743,2,38.8,3
3932,2022-03-26,4201,3,11.5,5
3933,2021-05-07,4662,2,18.1,1
3934,2023-11-28,837,2,71.2,4
3935,2021-10-24,2154,3,26.1,3
3936,2023-04-28,4137,2,71.3,3
3937,2022-08-22,4278,2,42.2,2
3938,2021-07-09,669,2,50.7,5
3939,2019-08-04,4071,2,44.4,3
3940,2023-09-01,48,1,49.8,5
3941,2021-07-14,1447,3,44.8,4
3942,2023-02-07,1702,3,36.1,2
3943,2023-11-11,2075,2,68.9,2
3944,2023-06-12,754,1,51.0,3
3945,2021-12-20,2911,4,39.4,4
3946,2023-03-28,4335,1,3.2,5
3947,2022-10-26,3275,2,70.3,3
3948,2022-09-16,48,4,63.2,1
3949,2022-02-10,909,4,9.2,3
3950,2021-12-16,3948,1,2.4,1
3951,2019-05-10,2361,3,45.4,2
3952,2023-02-04,2600,4,66.5,2
3953,2021-12-21,2141,3,40.9,3
3954,2020-10-31,2882,4,67.1,1
3955,2020-01-02,2188,3,36.4,4
3956,2022-11-01,2121,4,33.8,5
3957,2023-08-16,4185,3,36.0,5
3958,2020-01-04,879,3,30.3,5
3959,2020-01-03,4801,3,16.4,1
3960,2023-08-08,1178,3,51.2,5
3961,2020-11-24,2921,2,7.8,3
3962,2019-01-29,1116,1,1.0,5
3963,2022-09-04,4972,4,36.8,5
3964,2023-11-01,1623,4,68.8,3
3965,2020-08-30,1402,2,64.3,4
3966,2022-02-25,1515,1,67.5,3
3967,2021-01-05,2285,2,68.7,2
3968,2022-03-30,1776,2,65.4,2
3969,2021-10-13,1074,4,68.1,5
3970,2023-02-03,856,1,23.9,5
3971,2023-03-09,1077,2,19.4,4
3972,2022-05-11,1889,4,54.7,4
3973,2019-03-20,2888,2,5.3,1
3974,2020-10-23,1401,3,68.9,2
3975,2020-05-20,2451,4,10.3,1
3976,2022-11-18,177,3,29.0,3
3977,2023-09-29,2575,1,36.1,5
3978,2023-10-03,2307,3,70.1,4
3979,2022-06-22,1698,1,16.8,4
3980,2023-07-13,88,4,14.8,1
3981,2022-12-29,774,4,67.6,3
3982,2023-08-10,2168,3,13.2,3
3983,2021-05-18,1543,1,24.4,3
3984,2019-12-27,4003,4,17.3,2
3985,2020-12-02,1570,1,20.9,4
3986,2019-02-10,2282,4,32.2,1
3987,2020-10-04,709,4,66.1,5
3988,2022-12-27,1123,2,8.2,5
3989,2022-06-23,4942,2,64.8,2
3990,2019-09-08,395,1,20.4,4
3991,2022-02-07,2069,2,8.1,2
3992,2021-08-12,4586,2,32.1,4
3993,2020-04-19,873,3,50.6,1
3994,2022-01-16,507,3,29.9,5
3995,2021-09-14,2965,2,33.2,3
3996,2021-02-23,4971,4,70.2,3
3997,2020-10-14,301,4,39.8,4
3998,2022-05-02,3845,1,1.9,4
3999,2021-03-20,4134,4,16.3,1
4000,2021-06-03,3778,1,24.8,4
4001,2023-11-21,1947,1,61.4,3
4002,2022-09-16,862,1,16.1,5
4003,2023-06-27,696,3,58.3,2
4004,2020-04-12,2491,1,64.8,4
4005,2022-12-15,212,1,32.6,1
4006,2019-06-26,1896,2,40.4,2
4007,2020-08-12,347,4,29.7,4
4008,2023-06-29,1905,2,48.0,4
4009,2020-12-19,398,1,59.6,5
4010,2023-12-20,2937,4,22.7,1
4011,2019-08-30,4392,1,35.4,4
4012,2021-04-12,2380,4,28.8,2
4013,2022-09-05,2529,2,24.4,4
4014,2019-06-27,2767,2,18.9,5
4015,2022-10-31,2870,2,62.9,2
4016,2019-05-22,2035,1,21.3,4
4017,2019-11-03,1856,4,60.0,3
4018,2023-04-18,4212,3,54.7,3
4019,2020-06-10,3078,2,21.1,3
4020,2022-08-28,1046,2,48.1,2
4021,2023-01-20,2436,1,44.0,2
4022,2021-01-02,3483,2,24.4,3
4023,2020-11-04,685,1,22.2,2
4024,2021-09-02,1434,2,49.0,3
4025,2021-05-16,4710,4,37.2,5
4026,2020-07-03,2934,2,1.3,5
4027,2021-04-14,3730,3,66.7,3
4028,2021-01-23,3384,4,31.3,1
4029,2021-11-21,1945,1,49.6,1
4030,2021-07-11,4716,4,70.4,4
4031,2022-09-09,1035,2,65.8,4
4032,2020-04-27,367,2,18.2,3
4033,2022-11-18,2496,3,69.8,4
4034,2023-05-20,3977,2,59.7,4
4035,2022-05-09,788,3,20.2,4
4036,2022-05-10,2166,2,23.6,2
4037,2023-08-16,4291,1,12.3,4
4038,2021-06-25,514,2,22.4,2
4039,2020-06-20,4193,4,67.0,3
4040,2020-06-15,1751,2,14.7,4
4041,2020-03-12,2641,3,28.0,5
4042,2021-10-21,2332,2,67.9,4
4043,2019-06-03,2604,1,52.1,3
4044,2023-04-27,4421,2,67.6,3
4045,2022-03-10,3832,3,31.1,1
4046,2021-11-02,1828,1,9.4,2
4047,2020-03-29,4088,3,42.4,4
4048,2019-09-16,752,3,9.9,4
4049,2022-11-19,1032,1,58.4,4
4050,2023-11-13,1270,4,39.8,3
4051,2019-07-29,4333,3,6.8,2
4052,2019-09-27,3668,1,1.9,3
4053,2019-12-13,3523,4,65.1,2
4054,2021-05-28,4571,4,43.2,4
4055,2021-03-15,1050,2,53.5,1
4056,2020-10-29,585,4,66.1,2
4057,2022-02-11,3080,4,70.6,1
4058,2022-08-12,1525,4,63.5,3
4059,2023-02-06,1200,4,51.8,4
4060,2021-03-23,2462,4,35.6,4
4061,2019-11-22,2032,4,40.6,2
4062,2023-09-03,1575,4,59.2,5
4063,2023-11-05,1041,2,3.5,3
4064,2020-02-26,1609,3,44.9,3
4065,2022-12-27,632,4,59.9,4
4066,2019-06-06,247,3,42.0,1
4067,2022-08-14,1072,1,68.3,1
4068,2023-02-03,4004,4,34.1,5
4069,2023-05-02,4453,1,3.0,5
4070,2020-11-12,1268,2,31.9,3
4071,2020-04-03,1814,1,59.1,2
4072,2020-11-28,3330,1,58.6,2
4073,2023-03-01,1430,4,70.1,3
4074,2021-11-02,1844,4,53.0,5
4075,2019-02-03,3440,1,48.3,2
4076,2019-02-13,1201,3,36.0,5
4077,2019-04-18,4526,1,25.5,5
4078,2020-04-20,2775,3,43.6,5
4079,2023-04-21,4910,2,12.9,2
4080,2022-02-25,814,3,1.4,1
4081,2021-12-23,4068,3,62.4,1
4082,2023-10-06,1210,4,65.9,2
4083,2019-05-04,1167,4,6.6,5
4084,2023-08-04,1801,4,21.2,2
4085,2023-02-21,3008,3,1.0,2
4086,2019-12-09,286,3,17.3,2
4087,2020-04-24,2235,1,72.0,2
4088,2020-10-29,2391,4,1.8,2
4089,2020-06-01,1166,3,64.9,2
4090,2022-08-10,2644,4,38.4,3
4091,2021-02-10,6,4,10.7,1
4092,2021-01-25,492,4,56.3,3
4093,2022-01-11,3037,4,55.1,1
4094,2021-12-04,3079,3,62.0,4
4095,2019-07-27,4992,4,66.1,4
4096,2022-10-13,4862,3,18.7,1
4097,2023-09-01,4138,4,67.4,3
4098,2021-06-04,2230,3,16.0,5
4099,2021-02-04,4426,3,18.5,3
4100,2022-02-05,3324,3,47.6,5
4101,2022-03-09,4011,1,41.0,5
4102,2022-04-26,1947,3,68.0,4
4103,2021-12-30,3788,4,58.7,1
4104,2019-11-26,193,3,50.6,4
4105,2021-04-14,4083,4,49.7,5
4106,2020-07-14,4199,3,39.5,1
4107,2023-09-28,3983,3,23.5,4
4108,2020-05-06,4182,1,1.1,5
4109,2021-04-22,3737,2,22.6,3
4110,2022-03-16,3745,2,69.3,3
4111,2022-09-14,1775,1,7.5,3
4112,2019-10-04,2411,2,21.3,3
4113,2021-02-04,3001,1,2.9,5
4114,2021-06-29,2436,3,66.2,3
4115,2020-06-08,4719,3,59.7,5
4116,2021-05-18,435,3,49.4,5
4117,2022-10-27,1899,4,56.3,3
4118,2020-02-23,1819,1,65.6,2
4119,2023-03-07,779,2,11.4,3
4120,2022-09-23,4576,3,58.2,4
4121,2023-06-16,1373,2,9.4,4
4122,2020-02-01,4875,1,51.6,4
4123,2021-06-21,1308,3,61.8,1
4124,2023-09-19,3037,4,38.4,1
4125,2020-09-16,1210,1,38.8,4
4126,2021-03-18,1729,2,20.8,2
4127,2020-10-23,3455,4,8.5,4
4128,2022-03-30,1173,3,46.5,3
4129,2019-08-10,5000,1,52.8,5
4130,2020-05-28,4379,2,5.9,1
4131,2022-12-17,4940,3,70.5,1
4132,2021-10-23,4870,2,24.5,3
4133,2023-12-23,4873,4,59.0,2
4134,2022-10-16,955,4,8.9,2
4135,2020-07-22,764,1,60.8,5
4136,2023-04-10,4038,1,21.9,1
4137,2019-05-12,4355,2,53.7,5
4138,2019-02-19,3348,2,47.4,1
4139,2020-02-11,3164,2,19.3,5
4140,2019-09-03,2007,1,5.2,4
4141,2021-07-12,374,2,65.8,3
4142,2022-11-09,2419,4,25.4,5
4143,2019-05-31,2836,3,16.2,5
4144,2020-01-27,2576,4,38.9,1
4145,2020-07-10,3222,1,60.8,3
4146,2019-01-17,1791,1,53.6,3
4147,2021-01-13,3005,2,1.0,4
4148,2020-12-08,263,2,54.5,2
4149,2019-01-29,3554,1,51.7,2
4150,2020-04-04,1651,2,34.6,5
4151,2022-06-03,3489,2,23.2,2
4152,2022-11-29,626,3,7.2,2
4153,2023-08-22,240,1,3.5,1
4154,2019-03-27,1999,4,70.8,3
4155,2021-04-26,4430,4,26.6,1
4156,2022-08-29,4546,2,41.7,1
4157,2019-04-30,2528,4,28.4,4
4158,2023-04-04,2547,4,26.8,5
4159,2023-05-25,2784,1,2.6,2
4160,2021-02-17,6,4,27.1,2
4161,2021-06-06,724,1,70.8,3
4162,2020-09-18,3641,4,51.8,4
4163,2021-05-20,82,2,41.8,2
4164,2021-08-21,2911,2,51.4,5
4165,2020-05-05,630,1,66.6,4
4166,2021-03-29,2681,3,51.4,2
4167,2022-07-19,4835,2,64.1,1
4168,2022-03-01,2949,1,51.1,1
4169,2020-05-20,3800,1,38.8,1
4170,2019-11-04,830,2,72.0,3
4171,2019-05-11,1979,4,5.5,3
4172,2022-05-17,4843,4,8.1,4
4173,2020-04-06,4701,3,33.2,2
4174,2022-03-05,1274,3,19.7,5
4175,2019-06-14,2401,3,68.6,5
4176,2023-03-25,1171,2,33.7,3
4177,2020-12-20,2998,1,3.2,2
4178,2022-07-08,1617,4,39.5,2
4179,2022-10-17,3260,4,26.1,5
4180,2021-10-31,2568,4,35.3,3
4181,2021-05-04,1167,3,68.9,5
4182,2023-02-13,2222,1,68.9,4
4183,2019-09-04,2124,4,63.9,1
4184,2022-05-29,1899,2,26.7,2
4185,2023-10-21,379,3,52.2,2
4186,2019-11-16,2125,4,51.3,3
4187,2022-05-04,1762,3,28.8,5
4188,2021-12-09,1002,2,45.9,3
4189,2021-06-25,2762,2,43.2,3
4190,2019-01-07,3051,2,36.2,4
4191,2019-08-15,3405,1,23.0,4
4192,2021-10-04,539,3,7.9,2
4193,2022-02-15,4577,3,55.0,2
4194,2022-05-13,267,4,19.4,4
4195,2023-12-28,4396,3,60.4,3
4196,2021-11-11,2330,1,7.7,3
4197,2022-07-03,4432,4,29.3,4
4198,2021-12-07,588,2,2.8,1
4199,2019-04-05,2236,1,54.3,5
4200,2023-09-16,3237,3,13.3,4
4201,2022-01-17,2463,1,18.0,1
4202,2020-03-10,4349,4,47.5,2
4203,2021-03-27,1252,2,71.5,1
4204,2020-01-15,1317,2,17.1,5
4205,2023-10-03,3679,4,55.0,4
4206,2019-08-03,3527,4,49.7,1
4207,2020-05-10,2475,1,11.1,3
4208,2019-11-09,4629,4,45.2,2
4209,2020-10-07,3128,1,0.6,5
4210,2022-06-06,708,4,18.0,4
4211,2020-03-14,515,2,31.9,1
4212,2023-02-09,3885,1,15.0,4
4213,2019-03-23,1253,4,51.9,5
4214,2019-12-14,2584,1,19.5,5
4215,2019-12-30,4025,1,52.6,4
4216,2021-01-28,1292,2,18.8,3
4217,2019-10-13,4896,1,10.8,4
4218,2022-04-23,3121,2,13.5,2
4219,2021-09-16,1077,1,13.1,3
4220,2020-10-27,562,4,39.3,5
4221,2020-10-06,135,2,11.6,5
4222,2022-03-16,914,4,10.3,4
4223,2020-07-20,2818,3,29.1,3
4224,2019-05-14,1915,4,36.8,3
4225,2019-01-18,713,4,11.4,1
4226,2021-08-24,3609,3,32.5,1
4227,2020-06-07,4672,3,21.6,3
4228,2022-10-13,2312,4,26.8,5
4229,2019-12-02,4017,1,17.6,5
4230,2020-10-02,3971,3,35.7,2
4231,2020-08-04,193,1,70.0,5
4232,2019-09-13,1465,3,27.1,4
4233,2019-05-14,356,1,16.3,4
4234,2019-12-19,1559,2,46.6,2
4235,2023-05-26,1916,1,24.1,5
4236,2019-10-28,717,3,44.2,4
4237,2019-10-02,3600,4,71.3,5
4238,2020-09-14,227,1,37.1,1
4239,2022-05-13,4002,2,6.0,4
4240,2020-08-21,1614,2,50.1,5
4241,2019-09-16,3982,3,40.7,1
4242,2019-05-20,424,4,56.3,3
4243,2023-10-26,4555,1,8.7,1
4244,2021-01-20,3256,2,3.4,2
4245,2023-11-04,1088,1,43.8,1
4246,2023-08-14,3244,4,52.4,4
4247,2020-11-06,2085,1,59.1,1
4248,2021-11-09,134,3,51.0,1
4249,2019-01-04,3884,4,55.7,4
4250,2023-03-30,3179,2,20.0,5
4251,2022-09-28,2144,1,17.1,5
4252,2022-04-05,962,4,1.3,4
4253,2021-08-12,452,3,7.7,5
4254,2023-01-25,2023,1,42.3,3
4255,2019-09-14,1301,2,3.5,3
4256,2021-08-12,4234,1,8.0,5
4257,2019-02-13,4975,3,29.7,1
4258,2021-07-04,93,4,59.3,2
4259,2020-07-04,2638,2,37.3,5
4260,2021-05-23,805,4,25.8,1
4261,2021-07-08,2801,4,20.5,5
4262,2021-03-05,926,4,32.7,4
4263,2023-07-28,4676,1,45.8,4
4264,2023-06-21,1399,2,58.9,3
4265,2020-02-04,3940,1,65.8,4
4266,2023-11-07,1401,3,16.6,5
4267,2023-12-05,4273,1,15.8,3
4268,2020-05-21,203,1,52.8,1
4269,2021-04-30,3864,2,28.5,2
4270,2022-10-06,3679,1,65.7,2
4271,2019-05-02,2882,3,14.5,3
4272,2022-07-12,2757,3,30.6,3
4273,2022-12-16,4332,1,36.2,4
4274,2021-07-18,4516,2,10.9,1
4275,2022-09-09,477,3,37.8,5
4276,2022-10-15,2824,1,65.4,3
4277,2020-03-22,1473,2,39.4,4
4278,2019-07-18,1262,1,2.2,5
4279,2021-11-05,2908,4,63.5,5
4280,2020-05-17,564,1,23.8,3
4281,2023-03-07,41,2,32.8,4
4282,2020-03-06,461,4,48.7,5
4283,2022-12-10,3456,1,62.6,1
4284,2021-11-14,1787,1,62.6,4
4285,2023-10-22,2094,1,58.6,1
4286,2020-09-09,1002,4,21.9,5
4287,2019-11-07,379,1,6.5,1
4288,2022-01-01,1313,4,1.7,4
4289,2021-02-11,1910,3,10.1,1
4290,2023-11-20,842,3,21.2,4
4291,2019-03-28,836,4,15.5,2
4292,2023-07-01,2125,2,28.4,3
4293,2019-02-19,286,3,68.2,3
4294,2020-03-11,2909,2,51.4,2
4295,2021-04-08,2054,3,32.0,1
4296,2020-05-19,3620,2,23.6,4
4297,2022-10-27,2923,1,6.7,4
4298,2023-02-09,2922,2,4.5,2
4299,2021-10-17,1043,4,21.4,5
4300,2020-08-07,498,2,60.7,5
4301,2020-12-11,2615,2,57.4,3
4302,2019-10-17,1636,3,57.0,1
4303,2019-03-25,4764,2,64.1,5
4304,2022-10-21,4433,1,34.1,4
4305,2020-05-05,813,1,21.7,3
4306,2021-04-15,1258,2,70.3,3
4307,2022-05-22,2597,2,10.9,5
4308,2022-10-27,4629,3,48.7,2
4309,2021-08-08,59,4,39.6,4
4310,2021-02-25,900,1,39.3,5
4311,2022-01-30,1370,2,48.6,4
4312,2022-10-13,4491,1,12.7,2
4313,2023-07-30,3107,4,6.6,2
4314,2023-11-21,1525,4,48.9,4
4315,2023-04-12,1319,1,60.9,1
4316,2022-01-18,2933,2,26.7,4
4317,2020-04-30,1009,3,40.6,4
4318,2022-02-22,1473,3,35.2,3
4319,2021-09-26,624,4,69.7,4
4320,2021-11-08,4750,4,34.0,5
4321,2019-01-08,2650,4,50.7,5
4322,2023-04-22,1551,4,54.9,4
4323,2020-10-14,3961,4,24.7,4
4324,2022-06-16,3890,2,24.0,3
4325,2023-01-23,214,3,23.7,3
4326,2023-06-12,3564,4,10.5,4
4327,2022-03-22,1949,3,36.3,4
4328,2019-09-20,3288,3,44.3,1
4329,2020-06-25,291,3,2.8,1
4330,2021-05-11,4567,2,44.4,2
4331,2023-04-09,3365,2,25.6,5
4332,2019-01-13,2846,1,53.4,1
4333,2021-07-25,1921,3,11.1,2
4334,2019-07-10,4297,3,61.1,5
4335,2022-11-24,3976,2,30.7,1
4336,2020-01-15,2371,2,9.4,2
4337,2020-09-27,1959,2,8.0,4
4338,2019-06-01,2419,2,46.2,4
4339,2023-04-10,4998,1,14.5,4
4340,2022-09-05,293,1,63.8,4
4341,2019-06-23,1451,4,11.1,1
4342,2023-06-02,2602,4,58.9,4
4343,2023-03-17,1064,3,65.9,3
4344,2022-09-24,2625,4,15.3,5
4345,2022-03-23,4119,4,46.4,1
4346,2019-01-28,2017,2,31.5,5
4347,2019-06-30,1930,3,30.2,4
4348,2021-07-20,1049,3,64.3,3
4349,2020-04-16,2684,4,27.7,3
4350,2019-09-30,4030,4,23.3,4
4351,2022-05-23,3704,3,44.5,1
4352,2021-01-13,2104,2,66.2,5
4353,2020-03-27,2533,2,40.0,1
4354,2022-12-29,4480,1,55.9,1
4355,2022-02-16,20,2,44.9,4
4356,2020-08-23,3685,2,53.9,2
4357,2021-12-25,2301,2,2.2,1
4358,2023-01-21,2037,2,34.3,5
4359,2019-01-31,1413,3,57.2,2
4360,2023-10-27,873,3,3.4,5
4361,2022-07-16,1181,1,61.8,2
4362,2021-12-13,677,4,53.5,3
4363,2021-06-11,2971,4,58.6,4
4364,2021-02-28,3171,4,2.6,2
4365,2020-11-27,1751,4,29.8,4
4366,2021-04-07,2963,3,43.8,4
4367,2021-06-11,3390,4,40.8,4
4368,2023-03-17,3880,3,70.9,2
4369,2022-05-03,977,3,33.9,5
4370,2019-07-26,4028,4,21.7,4
4371,2021-02-24,1680,1,26.6,4
4372,2022-12-12,2811,1,26.1,5
4373,2019-07-13,1276,4,68.5,5
4374,2019-11-15,2426,1,11.0,1
4375,2019-10-09,3586,2,58.1,1
4376,2022-11-24,3855,3,61.0,2
4377,2021-04-04,4127,3,67.4,2
4378,2021-11-16,4898,4,44.3,3
4379,2020-08-07,2871,1,3.3,1
4380,2023-09-01,2960,1,55.8,2
4381,2021-10-24,280,4,21.2,5
4382,2023-07-29,2291,4,47.8,1
4383,2020-08-10,3741,3,1.4,1
4384,2023-10-28,4377,4,33.3,3
4385,2019-02-23,4233,2,70.8,1
4386,2021-10-16,4125,3,28.8,4
4387,2019-10-31,2984,3,53.8,4
4388,2022-11-11,4292,2,53.0,1
4389,2022-10-12,2334,3,64.2,4
4390,2021-07-24,4684,3,62.5,5
4391,2020-06-26,3015,3,41.2,3
4392,2023-06-07,3086,1,45.3,1
4393,2020-12-11,3078,1,9.7,4
4394,2020-04-18,837,4,47.4,2
4395,2019-04-16,1976,3,22.1,5
4396,2019-01-24,2146,3,45.0,4
4397,2021-01-22,2942,1,56.9,2
4398,2021-02-13,409,4,30.0,2
4399,2019-08-29,1631,2,62.4,3
4400,2022-05-26,4432,4,26.7,4
4401,2020-04-20,2814,1,8.3,2
4402,2022-12-03,3609,4,28.5,3
4403,2019-09-04,1086,1,43.0,4
4404,2021-09-26,1614,1,27.1,3
4405,2020-11-17,1955,2,25.1,3
4406,2022-04-22,932,4,25.5,3
4407,2023-08-11,2660,2,71.9,2
4408,2022-09-17,3804,3,21.2,1
4409,2022-06-17,3299,2,16.9,2
4410,2019-04-16,4101,1,57.9,4
4411,2019-11-18,2028,4,10.4,1
4412,2023-05-24,3223,4,51.6,3
4413,2020-02-11,2387,4,18.7,1
4414,2019-05-05,1440,3,69.3,5
4415,2020-10-18,1244,2,34.8,4
4416,2019-02-08,3445,1,64.6,3
4417,2019-12-18,296,1,28.6,4
4418,2019-03-15,680,1,36.3,1
4419,2023-12-04,4583,1,65.9,5
4420,2021-07-16,1217,3,12.3,1
4421,2020-08-05,2241,4,13.5,2
4422,2021-02-19,4048,2,51.0,5
4423,2022-09-09,381,1,3.7,5
4424,2021-07-13,3400,1,69.4,2
4425,2022-02-02,1527,3,25.2,2
4426,2020-07-24,4643,1,9.3,4
4427,2023-10-07,1333,2,38.3,5
4428,2022-01-06,2756,3,37.8,4
4429,2023-09-03,4463,1,29.0,5
4430,2020-12-24,1968,4,37.5,5
4431,2021-08-10,189,1,68.9,1
4432,2019-08-02,15,3,9.1,4
4433,2022-02-14,1642,1,16.2,3
4434,2019-01-03,896,1,28.9,1
4435,2023-04-19,2584,2,65.9,5
4436,2021-05-18,749,4,29.8,1
4437,2019-06-24,692,3,9.5,5
4438,2019-03-14,1462,4,69.5,5
4439,2022-08-02,1026,3,22.1,3
4440,2023-07-28,451,2,14.7,3
4441,2020-12-12,604,4,7.0,5
4442,2022-02-18,4591,3,41.4,5
4443,2019-06-16,586,4,12.8,5
4444,2019-10-26,1049,1,63.2,1
4445,2022-10-30,3668,4,27.7,3
4446,2023-07-28,397,3,68.8,3
4447,2020-06-18,4949,2,16.3,4
4448,2021-02-09,4485,3,3.0,1
4449,2020-05-24,3815,1,10.0,2
4450,2020-04-08,465,4,11.9,1
4451,2023-12-04,2896,3,63.2,3
4452,2022-11-07,4410,4,55.2,2
4453,2022-02-27,342,2,62.3,4
4454,2022-07-17,326,2,71.6,2
4455,2022-06-28,1078,4,23.3,5
4456,2022-12-22,4433,3,30.2,3
4457,2021-07-23,1735,2,67.4,4
4458,2020-03-01,361,3,11.8,2
4459,2020-05-26,427,2,5.9,5
4460,2022-05-04,4904,2,3.4,2
4461,2021-02-19,305,4,24.1,5
4462,2019-08-31,1832,3,13.4,1
4463,2020-10-13,2028,1,37.8,1
4464,2021-02-25,2974,2,42.0,1
4465,2023-09-15,3274,1,5.4,4
4466,2022-07-18,3949,1,16.6,1
4467,2021-02-20,3693,1,20.3,4
4468,2020-03-30,3594,4,18.8,2
4469,2020-01-29,1006,3,63.2,3
4470,2020-11-19,4114,2,17.0,3
4471,2021-12-20,1975,2,4.4,2
4472,2023-12-25,4878,2,11.1,3
4473,2021-07-13,2847,3,16.7,5
4474,2022-02-18,1825,2,46.7,2
4475,2020-02-20,3482,4,34.6,1
4476,2019-12-04,2507,1,66.8,2
4477,2021-02-09,4993,3,53.2,2
4478,2021-01-19,3642,4,15.2,5
4479,2022-10-08,3165,4,61.8,4
4480,2023-04-07,44,3,42.4,1
4481,2023-05-21,327,3,69.3,3
4482,2021-09-18,3251,3,62.2,4
4483,2020-08-15,4989,3,3.6,3
4484,2020-05-08,2215,3,66.9,5
4485,2020-01-20,2752,3,8.4,1
4486,2020-06-17,4736,1,70.3,4
4487,2023-11-03,4731,4,3.7,3
4488,2020-09-08,717,3,37.9,1
4489,2021-06-02,331,2,66.0,5
4490,2020-01-31,4299,2,42.4,1
4491,2021-03-23,4836,3,29.3,2
4492,2019-12-22,4300,3,0.6,5
4493,2022-11-12,3996,3,4.6,2
4494,2020-01-06,1489,3,5.7,3
4495,2021-11-12,3392,3,4.8,3
4496,2020-03-17,4663,2,33.0,1
4497,2019-12-16,4440,2,22.9,3
4498,2020-11-10,47,3,5.7,2
4499,2019-10-29,1369,4,36.7,5
4500,2023-04-04,3116,2,54.4,3
4501,2020-06-10,2029,2,52.8,4
4502,2021-09-12,3421,1,7.2,2
4503,2019-10-05,4516,1,17.9,1
4504,2020-11-24,968,3,66.2,1
4505,2023-01-24,4247,2,62.1,3
4506,2019-08-08,4650,4,51.1,4
4507,2019-10-31,3695,1,7.2,2
4508,2019-05-27,2888,3,51.8,4
4509,2022-08-19,2751,3,30.3,2
4510,2022-08-24,4336,1,24.0,2
4511,2023-01-31,3190,4,60.7,3
4512,2023-04-28,2342,1,21.0,4
4513,2022-03-05,257,2,67.1,3
4514,2019-04-26,1116,3,53.4,2
4515,2021-06-14,1965,3,60.1,1
4516,2019-03-10,4659,1,36.4,1
4517,2021-02-15,3978,4,12.5,1
4518,2019-11-30,1270,1,46.2,1
4519,2021-01-04,3390,4,63.8,4
4520,2020-04-29,3780,3,66.2,5
4521,2023-02-17,4469,2,8.4,3
4522,2022-11-05,899,2,58.5,5
4523,2022-04-25,3311,2,44.5,2
4524,2019-04-19,3598,4,67.9,3
4525,2023-07-09,452,4,52.4,2
4526,2022-12-28,1236,2,9.2,3
4527,2020-06-23,2199,1,33.7,2
4528,2022-04-27,959,2,67.1,2
4529,2022-04-07,167,3,35.8,3
4530,2019-04-12,4259,1,29.5,2
4531,2022-07-05,3666,3,64.7,2
4532,2019-12-12,2707,3,37.6,3
4533,2020-08-10,3704,3,44.0,1
4534,2022-03-07,1457,2,65.3,2
4535,2021-10-22,2169,2,68.2,1
4536,2022-09-13,951,4,25.4,2
4537,2019-08-07,115,4,70.1,3
4538,2019-05-20,1842,2,49.1,1
4539,2023-11-21,3443,2,23.8,2
4540,2023-04-12,3345,4,64.5,5
4541,2022-07-21,1097,4,9.2,5
4542,2019-12-29,908,2,19.6,5
4543,2022-07-30,2449,1,69.9,2
4544,2019-01-11,1409,1,14.6,5
4545,2022-07-14,4795,1,69.7,1
4546,2020-10-02,3969,1,60.0,5
4547,2019-10-21,431,4,33.0,4
4548,2019-03-27,777,1,10.8,5
4549,2020-08-03,4548,3,55.4,3
4550,2019-08-28,2435,2,36.9,3
4551,2019-11-07,2744,3,1.2,1
4552,2023-09-08,4994,2,65.4,4
4553,2022-11-16,1642,1,56.5,5
4554,2021-10-18,674,2,48.3,2
4555,2023-04-03,2894,4,43.4,2
4556,2021-03-10,3828,2,40.1,5
4557,2021-02-24,4634,3,27.6,3
4558,2022-05-30,599,3,67.9,3
4559,2021-01-16,3805,3,30.2,1
4560,2021-03-07,857,2,22.8,2
4561,2021-04-15,3302,1,0.8,4
4562,2023-05-09,1797,2,55.4,2
4563,2019-06-03,2006,3,27.9,1
4564,2021-12-19,743,3,61.9,4
4565,2020-12-25,2697,3,15.7,2
4566,2023-06-10,1890,4,70.3,2
4567,2022-07-14,1497,1,62.4,4
4568,2023-12-10,1079,1,39.3,1
4569,2020-03-15,1717,2,20.3,4
4570,2022-02-27,4044,4,40.5,3
4571,2021-07-05,622,1,54.8,2
4572,2022-01-23,3318,1,28.0,4
4573,2019-09-28,2822,2,9.3,5
4574,2021-09-27,45,3,2.4,5
4575,2022-02-27,4917,3,68.5,5
4576,2023-11-13,1796,4,47.6,1
4577,2021-07-27,2119,4,51.2,1
4578,2019-09-02,4401,2,46.8,4
4579,2021-12-29,1098,2,50.4,5
4580,2021-06-21,1939,2,59.8,5
4581,2022-01-06,872,1,64.2,2
4582,2022-01-15,2869,2,25.7,5
4583,2020-05-14,3280,4,63.9,1
4584,2023-09-02,1104,1,26.9,3
4585,2020-08-20,1702,4,59.2,1
4586,2020-05-09,2696,3,54.6,1
4587,2019-02-14,3003,3,1.0,2
4588,2019-08-29,1021,1,54.4,1
4589,2019-03-11,1361,4,8.3,3
4590,2019-11-11,4755,4,48.3,3
4591,2021-05-13,4929,4,19.2,2
4592,2023-04-15,4745,3,67.6,4
4593,2023-05-11,1976,4,21.3,3
4594,2021-12-05,4667,2,29.1,1
4595,2022-01-02,710,4,3.3,4
4596,2020-12-09,312,1,53.1,4
4597,2020-04-29,2784,3,4.9,2
4598,2023-08-30,4757,3,46.4,1
4599,2021-05-24,1149,4,42.7,2
4600,2021-06-07,2743,4,48.1,5
4601,2022-04-21,2815,4,43.0,2
4602,2020-07-08,1277,2,12.1,5
4603,2020-01-28,1664,3,19.7,5
4604,2022-02-10,2972,4,50.6,3
4605,2019-08-03,4501,4,31.5,1
4606,2023-06-09,1091,3,30.8,1
4607,2022-07-13,2210,1,68.0,1
4608,2021-04-04,4104,2,53.3,3
4609,2023-02-21,1169,3,28.8,3
4610,2020-05-24,3226,4,14.7,1
4611,2019-01-13,3360,2,7.0,3
4612,2022-06-16,587,3,51.8,2
4613,2021-04-10,4287,1,14.8,1
4614,2023-11-18,1456,2,25.9,2
4615,2022-12-14,1862,1,38.6,4
4616,2022-11-15,3603,2,16.4,4
4617,2019-04-07,2713,3,68.4,5
4618,2021-05-17,2848,1,27.9,5
4619,2020-09-13,4587,1,51.9,3
4620,2022-11-03,3607,4,59.2,2
4621,2022-01-28,2831,3,32.9,1
4622,2022-10-16,1731,2,57.4,3
4623,2021-08-18,4712,1,63.8,2
4624,2021-12-12,791,4,27.3,4
4625,2023-04-01,1132,3,8.6,2
4626,2020-06-17,1870,1,55.5,3
4627,2020-06-10,3033,2,3.0,2
4628,2019-02-23,2132,4,46.8,2
4629,2020-05-19,872,3,54.1,4
4630,2020-06-01,2969,4,66.8,1
4631,2019-03-10,997,2,5.1,1
4632,2020-12-21,2174,4,59.0,4
4633,2019-11-27,4610,3,39.5,1
4634,2023-08-07,1250,3,15.9,5
4635,2022-02-08,1525,2,31.5,1
4636,2023-06-01,4879,4,19.8,3
4637,2019-11-10,4241,4,34.2,4
4638,2020-09-10,2795,4,36.2,3
4639,2023-06-29,4264,3,28.0,5
4640,2020-04-23,1417,2,39.8,5
4641,2022-03-04,272,1,34.5,2
4642,2021-03-02,1832,3,58.9,4
4643,2021-04-11,218,3,67.9,3
4644,2020-09-10,4104,1,19.2,1
4645,2022-02-22,2691,4,34.0,5
4646,2019-09-22,3529,3,58.8,1
4647,2019-02-11,3275,3,65.0,5
4648,2020-06-27,4066,1,33.6,2
4649,2020-12-28,46,2,3.3,1
4650,2022-06-27,786,3,4.2,3
4651,2022-11-19,4381,4,26.0,2
4652,2020-03-01,3828,3,63.7,3
4653,2023-07-30,3009,4,7.1,5
4654,2022-11-30,1017,1,61.2,5
4655,2022-08-24,2980,3,9.9,4
4656,2019-02-14,634,3,68.8,2
4657,2019-01-04,4448,2,30.3,2
4658,2020-04-24,2963,3,16.2,3
4659,2022-02-20,1069,2,21.9,5
4660,2023-04-09,2211,3,71.4,1
4661,2019-05-05,3507,1,21.9,2
4662,2022-12-05,2847,2,70.9,4
4663,2023-10-10,623,2,46.2,3
4664,2023-07-23,4258,1,67.4,1
4665,2022-06-03,556,3,43.8,5
4666,2021-11-06,1748,1,69.9,2
4667,2020-12-28,3658,2,45.6,5
4668,2023-12-18,3887,1,66.8,1
4669,2022-05-15,3114,4,50.8,4
4670,2023-10-04,3662,4,12.4,5
4671,2019-11-16,4767,1,14.1,3
4672,2020-06-03,313,1,58.0,4
4673,2020-03-25,278,1,11.9,4
4674,2021-12-26,2795,3,24.6,4
4675,2019-01-02,4691,4,55.1,2
4676,2019-07-25,4448,4,37.1,5
4677,2019-10-24,778,4,22.5,2
4678,2023-09-07,4290,1,26.9,3
4679,2022-11-27,4853,3,17.4,4
4680,2022-11-07,4092,1,47.3,3
4681,2022-10-09,935,3,69.6,2
4682,2020-08-04,3449,2,30.8,5
4683,2021-12-15,4111,1,42.5,2
4684,2022-03-01,3021,4,48.2,1
4685,2023-07-09,4083,3,15.3,1
4686,2020-03-06,1345,2,6.2,5
4687,2020-11-29,3031,3,19.7,4
4688,2023-09-25,611,3,31.1,5
4689,2019-10-14,150,4,25.9,2
4690,2019-08-26,548,4,8.1,3
4691,2020-01-21,2534,2,33.0,4
4692,2020-06-25,3264,4,37.0,3
4693,2021-09-08,82,2,70.6,3
4694,2022-07-14,3776,1,39.6,3
4695,2023-07-06,190,4,70.9,4
4696,2019-07-08,3970,4,26.6,3
4697,2021-07-15,4366,4,25.2,3
4698,2021-03-04,931,2,19.8,2
4699,2022-08-30,2481,1,71.3,5
4700,2019-01-23,2191,1,70.3,2
4701,2023-09-21,3316,2,28.3,1
4702,2023-11-14,3753,3,30.8,1
4703,2019-10-12,1353,2,14.4,3
4704,2019-04-04,619,3,64.3,2
4705,2022-08-17,2178,1,52.3,4
4706,2020-11-23,1051,3,31.5,3
4707,2022-03-31,3258,1,28.5,4
4708,2020-12-31,2141,4,35.6,5
4709,2021-09-12,1639,1,17.2,2
4710,2020-01-26,551,3,14.5,5
4711,2019-04-04,1465,1,61.4,1
4712,2020-10-31,1284,4,16.2,5
4713,2023-06-17,3585,4,59.5,1
4714,2023-03-10,733,3,59.6,2
4715,2019-06-13,2468,4,23.0,4
4716,2020-09-14,3577,4,18.0,3
4717,2022-05-16,1302,3,68.8,5
4718,2020-04-22,1637,3,36.5,2
4719,2022-10-08,3740,2,26.2,2
4720,2019-01-29,1105,3,53.7,5
4721,2022-10-18,188,4,31.8,2
4722,2022-10-26,75,1,4.1,2
4723,2020-02-08,758,1,11.3,3
4724,2019-12-13,3882,2,17.2,1
4725,2021-05-12,742,1,56.6,1
4726,2021-03-15,4007,1,4.2,5
4727,2022-02-01,3690,3,69.5,2
4728,2019-06-22,2510,3,67.0,1
4729,2023-02-13,374,1,18.0,5
4730,2020-12-20,1773,4,19.9,1
4731,2023-07-25,4219,3,54.7,3
4732,2021-09-10,3421,1,16.4,3
4733,2021-12-05,1881,1,25.7,4
4734,2021-05-07,2957,3,28.9,5
4735,2023-03-17,4275,1,39.1,2
4736,2019-12-25,920,1,0.6,2
4737,2020-12-24,2734,2,18.1,3
4738,2021-06-09,1958,3,64.3,1
4739,2019-06-05,2129,4,15.1,2
4740,2020-05-06,103,2,71.9,4
4741,2019-03-25,1212,2,35.0,4
4742,2023-09-22,3241,2,55.8,1
4743,2022-06-20,2340,3,46.1,4
4744,2023-01-06,3312,3,12.9,2
4745,2022-02-09,2930,1,11.0,2
4746,2022-05-27,2019,1,4.8,2
4747,2020-03-10,2859,2,33.6,2
4748,2021-10-24,1539,2,36.7,2
4749,2023-09-12,2893,3,28.9,2
4750,2020-07-25,1591,2,56.5,1
4751,2020-11-13,1067,1,29.5,5
4752,2023-05-22,3038,1,3.6,2
4753,2022-09-23,2585,4,35.2,1
4754,2023-11-18,1968,3,34.5,2
4755,2021-05-06,1289,3,18.6,1
4756,2023-06-13,2431,1,69.5,5
4757,2023-06-16,1234,4,18.1,5
4758,2020-09-25,779,3,58.3,2
4759,2020-07-20,559,1,2.5,2
4760,2022-03-04,468,2,5.8,4
4761,2023-09-18,1768,3,47.8,2
4762,2021-08-06,3926,4,69.7,4
4763,2023-03-18,4502,2,32.8,2
4764,2021-06-21,2098,4,34.5,3
4765,2022-10-20,4623,4,50.3,5
4766,2020-01-23,4446,1,16.0,4
4767,2019-12-21,3472,4,70.6,5
4768,2023-05-14,4460,2,28.4,4
4769,2019-04-01,656,1,49.4,5
4770,2023-08-17,1654,2,2.5,5
4771,2020-03-30,3012,2,17.3,1
4772,2020-10-10,3186,3,71.9,4
4773,2019-05-26,4157,3,48.6,3
4774,2023-12-08,3254,3,61.6,3
4775,2020-08-06,2188,3,69.1,4
4776,2023-11-15,2488,3,61.4,1
4777,2019-06-01,97,3,69.6,5
4778,2019-09-08,3839,3,32.7,1
4779,2023-08-18,972,2,20.6,1
4780,2023-01-19,3376,1,57.1,1
4781,2023-01-16,4323,2,67.5,1
4782,2022-11-14,4588,4,65.2,3
4783,2021-05-24,681,2,47.7,2
4784,2020-03-02,1525,1,2.6,4
4785,2020-11-03,3063,1,31.9,2
4786,2020-07-03,1630,1,43.4,1
4787,2019-07-23,3842,3,6.7,2
4788,2020-06-16,4997,3,65.6,1
4789,2021-07-25,3373,4,14.4,1
4790,2023-07-07,1975,3,11.9,5
4791,2021-05-13,3183,2,24.6,5
4792,2022-10-17,2967,2,29.3,1
4793,2019-01-11,1425,2,53.6,4
4794,2022-04-15,383,2,30.3,2
4795,2020-01-26,4140,4,5.2,5
4796,2020-07-09,4291,4,71.8,1
4797,2023-11-29,912,3,17.6,4
4798,2020-06-21,57,1,48.8,3
4799,2020-06-11,4854,1,18.5,2
4800,2019-07-28,3175,4,55.3,3
4801,2023-05-31,4281,3,56.1,1
4802,2020-02-03,2460,3,69.4,1
4803,2021-07-01,1722,3,28.5,1
4804,2020-12-08,4583,2,71.7,3
4805,2022-10-14,4495,1,0.9,4
4806,2021-02-23,575,1,28.8,2
4807,2023-12-14,3011,1,44.4,2
4808,2021-02-28,4739,2,49.6,2
4809,2022-11-15,3194,3,57.0,3
4810,2023-02-23,583,3,64.0,4
4811,2020-07-19,4477,3,57.5,4
4812,2023-03-30,2839,2,13.1,3
4813,2022-04-10,2063,4,55.9,3
4814,2020-10-17,284,1,28.6,3
4815,2023-01-15,2507,1,66.1,1
4816,2021-04-06,1098,2,71.8,5
4817,2021-10-25,1735,3,20.1,3
4818,2021-04-21,3023,4,49.4,5
4819,2022-05-25,768,1,68.6,5
4820,2022-06-24,1508,3,41.8,3
4821,2020-09-05,1304,4,70.1,2
4822,2023-03-21,3135,3,12.4,3
4823,2023-01-02,4238,1,55.5,4
4824,2020-06-24,3186,3,38.2,1
4825,2020-08-01,3480,3,30.5,3
4826,2022-02-01,2616,3,16.1,4
4827,2021-01-01,3451,3,48.4,1
4828,2020-07-16,578,4,29.8,2
4829,2023-03-15,2829,4,1.7,5
4830,2023-04-22,3032,3,65.0,4
4831,2022-03-17,4863,1,26.3,3
4832,2022-01-09,4920,3,14.7,4
4833,2019-07-02,4646,4,16.8,4
4834,2022-06-13,1748,1,45.1,5
4835,2019-04-18,2159,3,40.5,4
4836,2021-02-28,1893,1,68.3,5
4837,2019-02-15,542,2,39.1,5
4838,2023-02-23,3110,3,10.6,4
4839,2021-12-26,3784,3,51.8,4
4840,2019-12-25,3181,1,33.7,2
4841,2023-10-27,4421,1,29.0,1
4842,2022-08-03,271,4,12.2,5
4843,2021-01-31,3009,1,18.9,5
4844,2022-01-18,3001,2,2.0,4
4845,2019-03-20,1757,2,20.1,4
4846,2021-07-10,4924,3,69.6,5
4847,2023-02-10,3915,1,43.1,3
4848,2020-03-30,601,1,58.9,3
4849,2019-05-05,2591,2,12.9,5
4850,2022-03-15,1126,3,5.8,1
4851,2021-02-27,1108,3,40.7,1
4852,2023-01-11,1735,4,20.9,1
4853,2021-01-18,564,4,15.9,2
4854,2023-11-15,1162,1,6.4,2
4855,2020-11-11,1036,1,31.4,1
4856,2019-02-15,1819,3,39.1,1
4857,2020-01-09,2549,1,49.4,3
4858,2019-05-16,4653,4,20.3,1
4859,2020-12-08,173,3,21.6,2
4860,2023-03-25,4626,3,40.5,5
4861,2023-03-01,1431,2,52.3,4
4862,2023-10-04,1851,1,52.9,2
4863,2022-11-15,3640,1,2.8,2
4864,2019-10-05,2029,4,12.8,4
4865,2022-10-20,981,2,56.2,4
4866,2020-03-20,585,2,47.0,4
4867,2020-01-01,1882,4,46.4,4
4868,2021-10-09,4111,2,49.8,1
4869,2023-04-02,4848,4,17.1,2
4870,2022-07-11,3289,3,26.0,3
4871,2022-09-28,1379,1,47.0,2
4872,2022-06-15,2229,3,19.9,3
4873,2023-07-16,3497,4,1.4,4
4874,2023-10-02,1091,2,68.0,4
4875,2022-10-05,4938,1,57.0,3
4876,2022-11-09,4316,2,8.2,3
4877,2023-12-15,2444,4,33.0,4
4878,2022-01-14,3382,3,69.2,4
4879,2021-09-11,651,2,23.9,4
4880,2020-04-02,2730,2,14.4,4
4881,2022-07-07,464,1,25.0,1
4882,2021-05-10,973,1,25.0,3
4883,2019-09-11,2764,1,53.3,4
4884,2020-03-27,854,3,58.7,2
4885,2022-01-08,1106,4,18.0,4
4886,2019-09-04,1017,2,70.7,2
4887,2020-09-03,948,2,45.4,3
4888,2021-06-04,1981,3,7.4,4
4889,2019-02-12,2643,3,52.0,3
4890,2023-08-01,4155,4,61.6,2
4891,2023-02-10,1026,2,4.5,2
4892,2023-06-17,469,3,18.9,5
4893,2023-11-03,1201,2,57.4,2
4894,2023-02-20,924,2,66.7,1
4895,2021-09-27,2133,2,29.8,3
4896,2022-05-04,3129,1,20.8,4
4897,2019-03-26,3559,1,19.6,3
4898,2022-03-31,1387,4,61.2,2
4899,2021-12-24,1119,3,61.0,3
4900,2020-12-27,4550,2,65.9,1
4901,2019-10-12,3369,2,43.8,5
4902,2019-09-09,879,4,37.8,2
4903,2019-03-04,3530,2,28.5,3
4904,2019-11-12,4919,4,37.8,2
4905,2020-10-26,2185,4,70.9,4
4906,2019-10-30,4130,3,61.3,3
4907,2020-10-03,1859,3,3.4,1
4908,2023-12-28,875,4,65.3,3
4909,2020-11-13,2480,4,68.1,1
4910,2021-11-30,262,1,36.1,1
4911,2021-02-03,4106,2,27.6,5
4912,2023-10-02,4291,4,27.4,4
4913,2020-07-01,1002,3,41.4,4
4914,2022-08-28,2332,2,67.9,5
4915,2022-07-29,721,1,38.9,2
4916,2020-05-09,3601,4,67.2,5
4917,2022-02-12,2684,2,35.8,4
4918,2023-03-21,4229,1,59.3,3
4919,2022-09-06,10,4,71.6,5
4920,2020-10-25,3787,1,66.4,2
4921,2021-01-18,1687,1,34.3,3
4922,2021-11-19,1709,3,17.6,1
4923,2022-07-20,2652,2,18.0,3
4924,2022-02-28,3735,2,29.3,5
4925,2021-12-15,1229,4,47.9,2
4926,2023-07-23,1790,1,26.9,5
4927,2021-01-15,955,3,33.7,2
4928,2020-09-29,4989,2,1.2,5
4929,2019-05-05,4538,3,2.7,2
4930,2023-09-12,3574,3,18.8,3
4931,2021-12-28,1033,1,54.3,4
4932,2020-05-09,2110,3,33.9,1
4933,2022-03-08,585,1,32.3,1
4934,2020-07-28,3647,4,68.6,5
4935,2021-10-27,2839,2,12.3,4
4936,2020-08-07,987,3,15.9,5
4937,2020-01-26,4829,2,28.8,2
4938,2019-12-11,1772,3,46.6,5
4939,2019-08-11,50,4,30.5,4
4940,2021-03-27,4733,4,36.3,4
4941,2019-06-02,2300,3,48.1,4
4942,2019-10-16,3764,4,26.6,5
4943,2022-07-01,2934,1,9.3,1
4944,2022-05-21,3228,2,62.2,5
4945,2023-09-30,1145,3,19.4,1
4946,2022-08-31,4610,3,16.4,5
4947,2021-09-16,1926,1,10.3,2
4948,2022-06-16,2281,4,25.3,4
4949,2023-09-06,2811,3,42.3,5
4950,2019-03-31,3619,1,47.5,4
4951,2022-07-28,4661,1,12.1,5
4952,2019-10-29,1314,3,57.6,4
4953,2019-02-16,4699,2,2.8,3
4954,2020-03-12,1958,2,56.4,1
4955,2019-03-05,1617,4,54.6,5
4956,2020-04-02,4156,3,7.6,4
4957,2020-03-27,3863,4,64.6,5
4958,2022-12-18,4447,3,7.1,5
4959,2019-03-17,3308,4,6.7,4
4960,2022-04-17,62,4,19.4,3
4961,2019-07-02,4347,1,51.9,1
4962,2021-02-10,393,1,1.3,1
4963,2021-11-11,4679,1,67.4,1
4964,2021-11-14,2808,3,70.1,2
4965,2022-05-01,439,1,47.4,1
4966,2022-01-11,380,3,40.9,4
4967,2020-03-27,3399,2,45.9,4
4968,2019-06-06,4043,2,42.2,2
4969,2023-09-27,4109,4,61.6,1
4970,2023-10-20,3146,2,21.5,3
4971,2020-08-03,464,2,5.3,4
4972,2023-05-12,1227,2,34.1,2
4973,2021-05-13,784,2,34.6,5
4974,2022-06-04,1235,3,63.3,4
4975,2019-12-03,806,2,5.7,2
4976,2022-06-12,2724,4,17.1,2
4977,2021-02-05,4866,3,69.2,1
4978,2021-10-01,2886,2,28.3,1
4979,2020-05-15,2267,2,62.9,2
4980,2021-08-04,3001,3,61.6,3
4981,2021-09-27,13,3,64.8,1
4982,2023-10-29,2247,2,54.2,4
4983,2019-08-14,2169,3,67.9,1
4984,2021-08-05,1264,1,24.7,1
4985,2020-01-31,2751,3,48.9,1
4986,2023-04-15,2766,4,6.4,3
4987,2020-11-19,4025,2,31.3,3
4988,2023-03-20,4438,4,39.3,2
4989,2022-05-07,1202,2,1.7,4
4990,2021-07-24,1619,3,34.7,1
4991,2023-12-26,2723,4,3.3,2
4992,2021-08-30,1534,2,48.6,5
4993,2019-03-23,4530,2,13.1,5
4994,2020-06-10,3221,4,55.3,5
4995,2022-10-03,4865,3,40.2,2
4996,2023-10-12,4366,2,54.7,3
4997,2022-06-14,3513,3,57.6,3
4998,2021-01-07,3841,2,1.1,4
4999,2023-06-09,4638,4,60.8,4
5000,2020-05-16,3909,3,58.0,3
5001,2019-12-10,3317,4,56.6,2
5002,2023-04-25,1320,3,2.0,3
5003,2023-10-13,2225,1,14.0,2
5004,2019-06-08,2248,2,25.6,5
5005,2022-02-04,4300,2,26.6,3
5006,2021-03-20,1000,2,7.0,1
5007,2023-01-01,246,2,9.6,2
5008,2023-08-16,4105,3,49.1,2
5009,2021-07-05,787,2,37.9,5
5010,2019-12-20,4108,1,48.9,2
5011,2021-09-17,1933,1,48.4,4
5012,2021-08-31,3515,3,44.3,3
5013,2019-07-23,3401,1,65.0,2
5014,2020-09-14,1342,3,28.8,4
5015,2021-08-14,3007,2,65.5,1
5016,2019-10-28,1457,2,10.8,2
5017,2022-01-04,158,2,46.2,5
5018,2019-02-05,3506,1,31.3,5
5019,2022-06-04,2790,2,52.6,4
5020,2022-08-09,3951,1,5.5,4
5021,2019-01-25,1352,3,55.4,1
5022,2023-02-08,4827,3,15.1,4
5023,2019-02-25,1420,3,51.6,3
5024,2023-11-01,1727,4,69.9,4
5025,2022-11-27,228,2,48.2,2
5026,2023-10-26,558,4,14.7,3
5027,2019-07-11,80,1,3.2,4
5028,2021-05-20,217,4,4.9,3
5029,2020-04-11,3949,4,54.6,2
5030,2023-01-27,1443,3,33.8,1
5031,2022-10-14,1620,1,5.5,2
5032,2019-03-11,833,1,56.7,5
5033,2020-11-24,4722,1,8.5,4
5034,2021-11-14,4821,3,56.4,3
5035,2020-05-28,1147,3,57.3,3
5036,2019-12-04,1951,4,43.5,1
5037,2019-03-02,1155,1,8.2,1
5038,2023-03-12,1471,1,11.6,4
5039,2019-06-30,4994,2,27.3,3
5040,2021-03-26,624,1,12.3,1
5041,2019-12-13,96,3,1.5,4
5042,2022-05-24,4585,4,13.4,2
5043,2023-08-19,3532,2,30.2,3
5044,2021-01-01,3470,2,10.4,5
5045,2019-09-09,3298,1,37.5,1
5046,2019-08-12,94,2,43.1,3
5047,2019-11-05,4649,2,2.5,5
5048,2022-02-06,3148,3,27.7,2
5049,2020-08-29,4241,2,41.4,2
5050,2020-07-06,3853,4,39.5,5
5051,2019-03-31,3763,2,40.7,4
5052,2022-03-25,1911,3,64.6,3
5053,2022-09-12,3415,3,36.7,5
5054,2019-05-09,9,2,24.8,1
5055,2023-08-02,2764,1,2.7,5
5056,2019-07-02,3807,2,36.9,4
5057,2023-10-22,4647,1,10.0,5
5058,2019-04-30,3606,2,64.8,1
5059,2023-01-22,3406,4,3.9,3
5060,2020-01-23,1069,1,47.4,1
5061,2022-11-07,2465,1,39.2,2
5062,2022-04-28,2836,1,17.4,4
5063,2020-03-26,1634,3,14.1,3
5064,2022-10-21,2971,3,18.4,4
5065,2019-01-16,2893,2,14.8,3
5066,2020-09-06,1870,1,4.4,3
5067,2021-11-18,3014,1,46.3,5
5068,2022-01-21,522,4,53.1,4
5069,2023-10-12,3540,2,41.4,5
5070,2019-08-19,4886,3,13.0,5
5071,2022-05-08,1915,4,51.6,5
5072,2022-07-26,2050,3,11.0,4
5073,2021-03-17,4177,2,16.1,1
5074,2020-08-04,1836,3,40.9,1
5075,2019-04-08,2589,1,7.1,5
5076,2020-04-20,4032,3,13.4,2
5077,2020-02-20,2083,1,10.3,3
5078,2023-08-28,504,2,57.0,3
5079,2021-06-20,1673,2,42.6,5
5080,2023-06-07,2016,4,59.0,5
5081,2023-11-17,3017,3,45.8,1
5082,2023-06-02,2779,3,2.4,4
5083,2023-12-05,3361,2,28.7,1
5084,2019-04-25,1018,2,13.3,2
5085,2023-02-22,2958,3,47.0,2
5086,2022-12-04,3542,3,26.9,2
5087,2022-06-26,1276,4,62.2,2
5088,2021-06-19,2272,2,31.4,2
5089,2022-02-10,3304,4,54.9,5
5090,2021-04-22,3451,3,22.2,2
5091,2022-06-22,1100,3,15.1,4
5092,2020-01-19,4904,1,19.6,5
5093,2022-04-14,2009,4,39.0,4
5094,2021-09-01,4961,1,10.6,2
5095,2019-02-04,1110,2,34.7,3
5096,2019-10-19,2274,1,28.1,4
5097,2022-07-02,4735,2,45.8,4
5098,2021-10-16,4800,2,45.9,3
5099,2021-06-02,4792,2,56.0,4
5100,2022-03-25,2353,2,47.0,1
5101,2019-05-21,2799,4,28.6,4
5102,2019-01-21,2458,4,11.1,1
5103,2023-10-10,1337,4,48.2,2
5104,2019-07-05,2937,2,45.4,4
5105,2023-03-15,4496,1,30.3,2
5106,2023-08-16,1674,2,3.0,4
5107,2022-01-04,3329,4,13.5,3
5108,2020-11-27,4784,3,0.6,3
5109,2020-04-06,4079,1,29.7,3
5110,2019-02-22,4826,1,41.0,3
5111,2020-05-06,2784,1,65.7,4
5112,2019-08-23,697,1,69.5,1
5113,2023-12-23,3399,1,32.6,1
5114,2019-05-08,959,1,71.7,3
5115,2023-01-29,1081,3,4.5,3
5116,2019-04-13,1688,3,22.0,5
5117,2022-12-24,2664,4,40.5,3
5118,2020-05-17,4108,1,64.3,3
5119,2019-02-20,4673,1,40.9,3
5120,2019-07-03,4410,4,66.5,3
5121,2023-02-16,1683,4,68.4,4
5122,2019-03-08,4821,3,15.1,4
5123,2020-09-06,1971,1,36.3,4
5124,2019-09-25,4732,1,71.3,5
5125,2022-03-13,481,4,54.0,1
5126,2020-07-11,3624,4,13.3,1
5127,2022-12-30,1957,3,33.6,5
5128,2023-01-27,1136,2,13.7,3
5129,2020-01-21,847,4,51.8,5
5130,2021-01-29,72,1,57.0,3
5131,2022-08-29,2309,2,29.6,4
5132,2023-11-12,3395,4,70.4,4
5133,2021-08-07,1288,1,8.2,5
5134,2021-02-09,3264,4,45.6,4
5135,2023-06-21,4739,3,3.5,4
5136,2022-10-16,1682,3,54.0,1
5137,2019-08-29,2476,3,0.8,5
5138,2020-12-18,4632,1,10.8,1
5139,2023-07-10,552,1,53.6,1
5140,2020-03-30,4168,4,16.8,5
5141,2020-10-30,4475,3,20.8,2
5142,2021-11-11,4249,2,42.0,5
5143,2023-10-01,753,4,0.8,1
5144,2023-03-20,4874,2,15.4,1
5145,2023-01-08,2435,3,43.6,2
5146,2022-12-14,2087,4,65.2,3
5147,2022-07-21,3601,1,45.1,3
5148,2021-02-16,2914,4,34.7,5
5149,2021-12-28,1381,3,7.0,3
5150,2020-06-06,3335,4,33.1,2
5151,2021-11-03,2980,1,35.3,4
5152,2019-08-28,645,3,47.8,4
5153,2020-09-17,4957,3,47.2,4
5154,2021-10-31,1557,4,24.3,5
5155,2022-04-14,2867,4,25.1,2
5156,2023-05-05,2708,4,39.9,4
5157,2022-10-18,1714,2,26.4,2
5158,2020-04-29,4372,2,38.0,5
5159,2021-03-31,3453,2,62.3,5
5160,2019-01-10,3267,1,19.5,4
5161,2023-02-25,1757,3,18.9,2
5162,2020-08-29,1943,3,7.6,2
5163,2022-05-06,4418,2,38.6,2
5164,2019-08-15,1611,4,32.6,1
5165,2020-04-29,4303,2,63.8,4
5166,2023-03-13,3340,1,2.0,3
5167,2020-01-09,876,4,4.0,4
5168,2021-03-07,4103,4,9.9,2
5169,2022-05-14,3643,4,9.7,2
5170,2023-09-06,2928,2,20.9,4
5171,2020-01-26,2619,1,49.8,3
5172,2023-07-21,3360,2,63.9,1
5173,2019-12-16,1033,3,41.7,5
5174,2019-02-20,2331,3,70.6,2
5175,2022-03-30,3173,4,43.0,2
5176,2023-02-14,2509,4,61.1,3
5177,2021-02-12,3671,1,11.0,2
5178,2020-09-16,4285,3,4.4,4
5179,2023-09-28,4028,4,43.8,1
5180,2019-02-14,988,1,63.9,5
5181,2020-02-27,889,2,47.7,2
5182,2019-12-08,396,1,64.5,4
5183,2020-10-06,846,2,69.9,1
5184,2023-06-11,2300,2,24.8,1
5185,2021-08-12,3937,2,56.8,3
5186,2020-02-23,3328,1,35.0,2
5187,2021-02-26,1112,1,58.0,4
5188,2019-08-22,1483,1,52.8,5
5189,2023-12-19,908,2,19.0,4
5190,2020-06-12,3339,4,26.5,1
5191,2020-04-30,3347,1,18.5,4
5192,2023-06-15,480,1,71.5,4
5193,2019-11-20,43,3,12.1,2
5194,2021-06-08,285,2,60.4,2
5195,2020-07-09,1708,3,46.4,3
5196,2022-12-02,794,2,58.8,3
5197,2022-12-20,1555,1,19.0,2
5198,2019-08-22,108,4,22.4,4
5199,2019-03-17,3534,1,2.5,2
5200,2020-11-12,2838,1,34.6,1
5201,2023-01-25,4989,4,53.1,3
5202,2021-11-15,222,3,62.6,2
5203,2022-07-08,1966,4,26.5,3
5204,2021-01-02,208,2,29.4,5
5205,2020-07-17,736,1,53.9,1
5206,2021-01-15,3304,3,70.8,4
5207,2019-07-01,4091,4,59.9,5
5208,2022-04-30,3468,4,40.1,3
5209,2019-06-02,4843,1,43.5,1
5210,2019-11-16,2233,2,51.9,3
5211,2019-04-19,4389,4,23.1,5
5212,2020-08-25,4167,4,10.0,4
5213,2019-02-18,4360,2,62.4,5
5214,2023-06-04,2961,3,25.8,4
5215,2019-10-16,1136,3,61.6,1
5216,2023-04-22,1654,1,9.9,2
5217,2020-11-24,3878,4,53.9,1
5218,2019-08-13,422,3,41.3,4
5219,2023-09-23,3498,4,70.8,4
5220,2023-11-28,1958,4,50.6,1
5221,2023-10-08,4895,1,59.3,2
5222,2022-06-08,4078,1,2.6,5
5223,2023-04-20,310,2,5.0,4
5224,2020-01-15,3252,2,54.7,3
5225,2021-07-30,4667,2,8.9,4
5226,2019-05-23,4406,2,3.0,5
5227,2022-12-30,1734,4,50.7,1
5228,2020-02-08,2896,2,51.7,4
5229,2019-12-07,2263,4,47.3,4
5230,2020-05-05,3333,2,28.9,5
5231,2020-03-19,59,2,1.8,2
5232,2023-04-13,3474,2,3.9,1
5233,2021-03-08,2257,1,55.8,5
5234,2020-05-02,25,2,11.9,4
5235,2019-05-31,4894,1,21.7,4
5236,2021-04-03,3751,3,42.8,4
5237,2019-09-12,4431,1,49.0,4
5238,2021-09-20,852,4,9.4,5
5239,2023-07-31,4062,3,60.9,4
5240,2022-06-01,2528,3,53.0,3
5241,2023-05-09,4768,2,3.8,2
5242,2023-01-07,555,3,62.8,3
5243,2021-11-20,1776,3,58.0,4
5244,2019-09-21,677,2,54.8,2
5245,2021-09-21,4324,2,12.1,5
5246,2023-09-06,1636,1,4.1,2
5247,2019-12-10,3811,2,2.1,1
5248,2021-05-26,1908,2,30.5,5
5249,2021-06-21,3505,4,5.0,4
5250,2021-07-27,2428,2,14.6,2
5251,2019-07-26,3052,1,10.4,3
5252,2021-09-09,1804,1,68.0,3
5253,2021-04-01,951,3,48.2,3
5254,2020-05-09,4909,3,67.2,3
5255,2020-09-04,2005,1,68.6,5
5256,2021-08-09,1248,3,31.1,3
5257,2019-07-13,4225,4,68.2,2
5258,2019-09-04,1623,1,15.0,5
5259,2022-04-08,2123,3,47.7,5
5260,2020-04-04,1121,3,30.8,1
5261,2021-06-16,3588,3,32.0,5
5262,2019-12-07,4962,2,48.6,5
5263,2023-10-20,4015,2,3.4,5
5264,2021-06-14,337,4,49.5,1
5265,2019-08-20,4968,4,68.2,3
5266,2021-10-20,1782,4,42.0,5
5267,2022-03-01,346,1,63.8,2
5268,2021-03-10,2998,4,28.3,1
5269,2023-12-27,4264,3,7.7,2
5270,2020-06-07,1505,4,27.7,3
5271,2019-04-27,3901,1,2.0,1
5272,2021-05-05,2697,4,1.6,2
5273,2020-08-06,623,2,28.5,4
5274,2021-10-24,3937,2,10.6,5
5275,2020-10-31,4307,3,4.8,1
5276,2022-07-18,4443,1,26.8,5
5277,2023-01-02,2934,2,25.0,3
5278,2020-05-20,3053,3,42.3,1
5279,2019-11-23,452,1,46.9,2
5280,2023-12-22,3833,3,19.9,3
5281,2021-04-03,2965,3,36.1,4
5282,2023-09-29,771,4,61.7,2
5283,2023-01-13,4399,4,8.9,1
5284,2019-08-05,3657,3,38.4,1
5285,2020-12-31,1731,3,38.6,5
5286,2021-12-01,4582,3,13.6,2
5287,2023-09-03,4984,4,20.2,1
5288,2022-08-08,1331,3,6.7,2
5289,2021-05-14,1518,4,4.3,4
5290,2019-09-12,1247,4,58.7,4
5291,2021-05-03,1475,2,34.2,5
5292,2022-06-27,3318,1,6.6,2
5293,2020-10-27,1343,3,39.3,3
5294,2022-08-29,4994,3,4.0,4
5295,2020-10-14,1419,2,29.6,2
5296,2019-07-09,2018,4,30.1,3
5297,2021-11-10,2641,2,35.5,1
5298,2021-07-02,2749,1,29.4,2
5299,2019-02-13,498,1,10.8,1
5300,2023-06-25,2730,4,3.6,2
5301,2021-02-01,865,3,51.1,5
5302,2023-07-15,1075,3,7.8,2
5303,2023-12-30,471,2,9.0,2
5304,2023-11-30,1295,3,9.6,4
5305,2019-05-05,2343,2,63.9,3
5306,2019-07-02,3760,3,5.8,5
5307,2022-03-31,4815,3,30.4,4
5308,2020-01-10,3166,3,60.2,3
5309,2020-08-04,141,2,67.5,1
5310,2023-02-19,3439,3,57.7,3
5311,2021-02-18,3947,1,48.1,5
5312,2019-07-10,802,3,49.7,1
5313,2020-01-06,4918,3,1.2,3
5314,2020-05-31,3794,3,12.4,2
5315,2022-02-25,4456,2,21.3,1
5316,2019-11-08,1947,3,37.8,3
5317,2023-12-20,2462,1,61.5,5
5318,2019-09-05,1238,2,24.8,1
5319,2022-01-28,4755,2,35.1,3
5320,2022-12-25,2879,1,33.0,2
5321,2022-07-23,3464,1,57.2,2
5322,2019-02-07,3097,4,68.4,4
5323,2022-02-01,1358,4,2.7,3
5324,2023-11-23,4858,2,65.5,1
5325,2023-01-17,4695,4,9.7,3
5326,2020-06-11,812,3,68.8,1
5327,2023-12-23,3491,2,31.9,2
5328,2021-09-20,3571,3,20.5,5
5329,2019-01-14,1744,4,21.1,2
5330,2021-09-23,471,2,45.4,4
5331,2023-09-10,1248,2,28.7,2
5332,2019-07-09,1778,1,65.4,4
5333,2021-12-23,2953,2,7.0,5
5334,2020-11-29,2092,3,8.9,2
5335,2019-04-15,4946,3,15.6,2
5336,2021-05-20,4977,3,17.2,4
5337,2022-10-08,3888,2,14.0,3
5338,2021-03-15,1538,2,17.2,4
5339,2023-07-02,3115,3,61.8,3
5340,2022-07-25,4178,1,21.2,1
5341,2022-05-23,1936,4,23.4,3
5342,2021-01-27,894,2,56.8,5
5343,2022-09-08,1670,1,22.0,1
5344,2020-12-13,515,3,31.6,5
5345,2021-06-17,3202,2,47.5,1
5346,2021-05-08,2202,4,71.1,2
5347,2022-09-01,3058,4,45.4,1
5348,2022-12-30,161,3,38.4,5
5349,2020-11-08,1077,1,4.0,1
5350,2023-07-28,4760,2,13.5,1
5351,2020-03-10,2036,1,9.0,5
5352,2021-07-06,1995,2,36.2,1
5353,2020-12-20,1789,3,16.5,4
5354,2022-05-02,1888,4,42.0,5
5355,2021-08-25,2339,3,35.5,1
5356,2021-05-01,4553,1,42.9,5
5357,2019-10-07,1511,4,49.9,1
5358,2019-09-26,4946,1,21.1,3
5359,2020-05-09,3886,3,3.4,4
5360,2020-04-19,2675,3,46.3,5
5361,2022-05-21,3293,3,66.3,1
5362,2023-08-11,573,2,71.3,3
5363,2022-03-18,4239,3,7.8,3
5364,2023-09-21,2471,3,53.2,2
5365,2021-11-29,2193,1,24.2,4
5366,2023-12-10,454,1,52.2,5
5367,2022-02-22,638,3,15.2,3
5368,2021-11-04,3074,1,44.6,3
5369,2020-10-17,1290,3,44.1,4
5370,2021-01-20,536,3,60.9,2
5371,2020-02-25,3267,1,28.3,5
5372,2019-10-31,2522,3,4.6,4
5373,2022-12-31,2988,2,48.2,3
5374,2021-08-16,143,1,11.9,5
5375,2022-11-30,2588,2,33.5,3
5376,2020-02-17,3455,1,17.6,4
5377,2021-10-29,4363,1,29.9,5
5378,2020-06-06,976,1,68.9,2
5379,2021-08-28,1771,3,62.5,1
5380,2021-03-21,882,3,63.5,1
5381,2019-12-10,2502,3,40.8,1
5382,2020-05-20,592,2,6.4,2
5383,2023-05-06,4328,2,71.2,2
5384,2023-01-06,417,1,61.4,5
5385,2022-01-22,3436,2,54.5,4
5386,2023-03-22,1589,2,60.8,1
5387,2023-08-16,4686,3,46.9,3
5388,2022-09-23,2468,4,17.5,2
5389,2023-06-28,2947,3,17.9,2
5390,2020-09-16,4340,3,27.2,2
5391,2022-11-27,1687,1,31.3,1
5392,2021-04-14,3663,4,35.6,1
5393,2023-05-29,3533,1,50.3,4
5394,2023-04-07,572,3,50.3,2
5395,2019-08-10,3459,3,10.0,2
5396,2020-10-08,2940,2,22.4,3
5397,2020-07-12,3304,3,33.2,5
5398,2023-04-26,2269,2,63.3,5
5399,2023-09-16,4093,1,25.6,2
5400,2023-06-23,1878,1,68.1,1
5401,2020-09-06,517,2,40.3,5
5402,2019-04-26,3170,2,51.6,2
5403,2021-10-27,4073,3,38.3,3
5404,2020-04-15,314,1,46.0,2
5405,2021-06-15,143,2,2.9,1
5406,2022-06-14,4281,4,46.1,3
5407,2020-04-16,3758,2,40.8,5
5408,2023-05-26,506,2,9.8,5
5409,2020-07-24,4273,1,8.8,1
5410,2022-06-03,901,3,26.9,2
5411,2022-02-16,3050,2,10.0,1
5412,2022-05-30,736,3,70.6,2
5413,2020-12-03,1343,4,33.5,2
5414,2020-06-27,3239,4,47.2,5
5415,2019-11-04,3537,3,14.2,3
5416,2021-02-10,2507,4,17.5,5
5417,2023-12-05,1476,4,29.4,4
5418,2019-09-07,3095,1,65.1,4
5419,2019-01-11,2078,4,44.0,4
5420,2022-11-08,3854,2,39.6,5
5421,2021-03-18,1334,2,11.7,2
5422,2021-08-29,3060,1,24.6,3
5423,2022-09-09,39,4,34.7,5
5424,2022-02-04,551,3,30.7,3
5425,2020-05-11,1563,1,38.0,2
5426,2021-08-15,1821,4,53.0,2
5427,2020-01-20,3739,3,10.4,5
5428,2019-02-01,3212,4,0.5,4
5429,2019-10-26,2051,2,31.8,3
5430,2023-04-28,3709,4,31.4,3
5431,2021-01-15,1503,2,42.5,2
5432,2023-09-25,620,1,62.2,3
5433,2020-10-24,3737,2,8.2,4
5434,2022-01-21,1775,3,71.7,2
5435,2022-10-10,1243,2,60.5,2
5436,2020-11-05,1891,3,28.7,1
5437,2020-07-19,3119,4,8.2,5
5438,2021-03-14,2595,3,64.7,4
5439,2019-12-28,2894,3,30.2,1
5440,2019-05-26,3709,3,59.9,5
5441,2021-09-09,3008,1,18.1,1
5442,2023-09-20,1240,2,20.8,1
5443,2020-11-15,3457,3,19.4,4
5444,2023-09-05,2575,4,63.1,2
5445,2020-07-24,1489,4,29.1,2
5446,2021-08-08,3205,3,57.1,5
5447,2020-03-15,1612,4,43.0,4
5448,2020-07-02,4320,4,68.8,1
5449,2020-04-04,1242,3,45.0,1
5450,2022-04-12,1175,2,56.5,2
5451,2021-05-18,497,1,46.3,3
5452,2021-04-28,1406,4,64.7,2
5453,2023-04-21,1492,1,14.2,3
5454,2022-04-14,4742,3,45.3,3
5455,2020-02-10,416,3,61.8,4
5456,2019-04-28,3174,2,55.9,3
5457,2023-04-22,553,2,43.2,4
5458,2020-01-24,4003,4,30.7,4
5459,2022-04-05,3979,3,55.9,3
5460,2020-03-11,3995,4,48.5,3
5461,2019-12-08,4428,2,61.6,4
5462,2022-01-11,1824,1,71.7,5
5463,2019-06-04,3221,1,19.4,3
5464,2019-12-07,3026,4,51.1,2
5465,2021-01-05,194,1,59.3,5
5466,2019-06-22,4806,2,69.7,3
5467,2023-12-17,502,2,54.2,4
5468,2022-08-10,4658,3,18.9,3
5469,2022-06-03,3275,1,1.7,3
5470,2021-04-23,1644,2,71.8,2
5471,2023-12-03,3808,1,58.2,5
5472,2019-05-24,1046,1,26.4,5
5473,2023-06-06,4018,1,64.7,3
5474,2019-02-17,2179,1,26.8,3
5475,2023-05-02,433,1,32.9,5
5476,2023-10-18,3421,4,68.3,1
5477,2020-10-02,3566,2,22.6,3
5478,2020-04-17,2704,1,0.8,5
5479,2020-04-24,3624,3,39.3,1
5480,2022-05-16,1248,1,20.5,1
5481,2020-01-13,12,1,12.9,1
5482,2020-02-26,528,1,36.9,2
5483,2019-12-22,1708,1,17.6,1
5484,2023-08-22,702,3,58.0,2
5485,2019-05-19,1542,1,64.6,5
5486,2019-12-20,1934,1,24.3,5
5487,2019-08-30,2175,3,64.7,1
5488,2019-01-06,2777,3,57.8,5
5489,2021-05-07,217,3,54.1,1
5490,2022-03-01,3498,4,5.8,5
5491,2022-02-14,504,2,7.2,4
5492,2023-09-29,1476,1,58.9,4
5493,2019-01-04,3011,3,70.0,1
5494,2020-07-08,2556,4,40.7,2
5495,2022-09-29,503,2,48.0,3
5496,2022-09-24,3014,3,17.4,3
5497,2019-07-27,4293,3,15.7,3
5498,2022-12-07,3081,1,31.5,2
5499,2022-12-30,97,3,63.3,3
5500,2023-04-18,1185,3,3.2,4
5501,2020-07-22,4904,4,2.7,1
5502,2020-05-11,1496,3,55.2,4
5503,2023-03-26,3814,4,53.8,2
5504,2021-06-26,56,2,22.5,3
5505,2021-09-12,4407,2,58.1,2
5506,2020-03-18,4748,4,55.6,5
5507,2019-05-02,3847,2,56.2,3
5508,2021-10-03,3756,4,30.6,2
5509,2021-11-30,1433,4,39.0,4
5510,2019-08-13,3843,4,67.2,3
5511,2023-10-19,4944,1,7.4,2
5512,2022-05-25,2920,2,24.8,4
5513,2020-04-29,2020,3,57.6,4
5514,2019-12-24,338,2,10.9,5
5515,2019-10-13,170,2,42.1,1
5516,2023-11-17,4146,1,70.5,1
5517,2023-12-02,146,4,65.5,3
5518,2021-05-20,3643,1,3.0,2
5519,2020-12-24,3324,4,42.6,4
5520,2019-05-05,2805,4,55.2,2
5521,2019-04-08,4153,2,51.4,5
5522,2022-09-12,3396,2,24.0,3
5523,2022-09-26,4150,2,35.7,3
5524,2023-07-18,1302,3,61.9,4
5525,2021-07-11,3110,3,19.4,3
5526,2020-06-10,4609,2,24.3,1
5527,2019-12-06,4127,1,29.8,1
5528,2019-04-02,2381,4,14.6,2
5529,2022-10-12,1056,3,33.2,1
5530,2019-12-04,1125,4,14.4,2
5531,2021-04-20,1581,2,27.9,5
5532,2019-05-17,2801,3,16.7,3
5533,2020-06-27,2877,1,38.2,1
5534,2020-05-03,3668,1,71.9,4
5535,2022-02-21,4921,3,41.5,3
5536,2021-12-12,277,4,14.4,1
5537,2021-11-30,1806,1,66.0,5
5538,2022-02-23,3917,4,69.3,2
5539,2021-04-11,2130,2,2.6,1
5540,2023-01-01,1449,1,59.5,4
5541,2023-10-12,1778,3,28.8,4
5542,2020-11-22,2566,4,42.2,3
5543,2021-02-18,3323,1,57.9,3
5544,2021-01-15,3092,1,4.0,4
5545,2023-04-18,4172,4,67.2,2
5546,2022-07-28,3328,2,12.8,2
5547,2022-06-06,1912,4,9.7,4
5548,2021-02-11,3914,3,10.7,3
5549,2023-01-19,3673,2,30.8,4
5550,2020-04-09,2017,3,53.3,5
5551,2022-07-01,1323,1,36.4,1
5552,2022-10-02,4359,4,48.2,3
5553,2023-12-16,221,1,34.4,4
5554,2019-06-16,1170,4,26.4,2
5555,2021-06-21,4308,4,2.4,5
5556,2022-07-04,3682,3,56.3,5
5557,2020-08-25,257,1,35.5,4
5558,2020-05-16,4848,1,42.0,1
5559,2022-12-17,931,2,11.1,3
5560,2023-04-05,2108,1,10.2,5
5561,2020-06-05,4353,4,38.8,3
5562,2022-03-14,1967,2,42.2,4
5563,2022-08-31,3923,1,47.2,2
5564,2023-11-20,3840,1,27.4,5
5565,2022-03-30,495,2,25.6,5
5566,2021-04-04,775,3,35.8,4
5567,2021-11-05,3247,2,37.7,1
5568,2019-05-05,588,2,45.2,4
5569,2020-08-07,989,1,65.1,1
5570,2019-07-16,1026,1,52.7,4
5571,2020-05-09,2136,4,9.7,5
5572,2019-09-25,200,1,31.1,2
5573,2019-06-25,3765,3,2.6,5
5574,2020-08-26,282,2,24.8,1
5575,2020-01-21,440,1,33.9,4
5576,2022-02-19,4929,1,55.3,5
5577,2019-09-17,3935,1,19.4,1
5578,2021-12-13,1057,1,39.0,5
5579,2023-07-16,1781,4,49.4,1
5580,2022-06-30,3794,2,21.0,3
5581,2023-07-27,4019,4,12.2,2
5582,2022-12-22,1597,2,41.5,2
5583,2020-02-08,1438,4,43.5,1
5584,2023-06-30,2828,2,14.6,1
5585,2021-04-02,2226,1,11.7,1
5586,2019-01-15,1961,4,40.4,3
5587,2021-03-10,2107,2,54.6,2
5588,2019-06-07,4148,3,33.7,2
5589,2022-06-11,4530,1,22.4,3
5590,2021-04-03,2291,1,50.2,4
5591,2019-07-01,442,1,43.3,5
5592,2019-10-11,629,4,57.2,4
5593,2022-06-03,307,4,20.8,3
5594,2020-02-25,4438,1,26.0,4
5595,2022-10-17,2194,1,15.3,4
5596,2021-04-27,2845,2,11.6,2
5597,2023-12-20,2282,2,54.0,2
5598,2020-11-12,132,4,6.3,1
5599,2022-01-02,3635,3,5.3,3
5600,2023-05-13,4076,1,67.8,2
5601,2019-06-27,1524,2,56.2,3
5602,2019-01-28,3291,2,37.7,1
5603,2023-05-05,4514,1,58.0,1
5604,2020-06-19,3538,2,13.5,3
5605,2020-12-22,2988,1,24.8,2
5606,2023-08-19,1556,1,8.2,5
5607,2023-06-25,2504,3,19.6,4
5608,2022-03-22,2333,3,45.0,5
5609,2020-05-30,2329,4,25.6,5
5610,2020-04-03,2259,4,60.6,1
5611,2023-09-21,3772,2,61.4,5
5612,2019-08-30,1202,1,33.1,4
5613,2020-12-06,2982,3,21.3,5
5614,2020-09-01,2309,1,49.3,5
5615,2019-10-23,2842,2,43.7,5
5616,2021-09-22,1255,4,15.5,5
5617,2021-05-29,2340,2,50.4,2
5618,2020-09-09,1685,4,21.1,4
5619,2021-06-07,2704,4,38.6,2
5620,2021-10-19,3600,3,63.1,1
5621,2023-07-07,4871,1,28.0,5
5622,2023-12-19,4570,4,59.4,5
5623,2020-05-25,4536,3,37.5,3
5624,2022-02-10,622,4,31.8,2
5625,2022-02-16,1099,1,33.9,4
5626,2022-04-27,1319,4,71.1,1
5627,2023-03-26,1816,4,42.1,3
5628,2019-01-10,3652,3,57.6,2
5629,2023-01-27,2900,3,62.3,3
5630,2022-07-12,3237,3,59.9,5
5631,2021-05-09,2602,1,43.7,3
5632,2019-08-04,2325,2,26.3,3
5633,2023-06-23,816,4,59.8,5
5634,2023-06-09,683,3,4.5,3
5635,2020-06-06,2772,4,15.0,1
5636,2022-06-18,2523,1,45.6,4
5637,2022-10-18,3040,4,13.8,4
5638,2020-08-18,251,4,68.4,1
5639,2022-09-01,3349,4,71.3,1
5640,2020-06-05,495,1,45.5,5
5641,2021-02-14,1736,2,6.8,1
5642,2021-06-15,1487,2,20.3,2
5643,2022-02-14,3298,2,52.2,4
5644,2023-10-27,2559,2,66.5,3
5645,2019-12-09,3263,2,20.1,2
5646,2019-08-02,3986,4,8.1,1
5647,2020-10-05,4512,4,51.5,1
5648,2021-12-18,2403,3,68.2,1
5649,2022-02-09,4724,1,63.3,3
5650,2023-11-05,204,2,10.2,2
5651,2019-11-16,2536,4,53.3,3
5652,2023-08-01,579,3,20.2,3
5653,2022-12-11,762,4,26.4,2
5654,2019-04-29,2330,3,67.3,2
5655,2023-04-02,3876,3,38.4,1
5656,2020-04-04,1778,2,37.1,3
5657,2022-08-12,1298,3,7.3,2
5658,2023-05-06,100,4,34.8,1
5659,2019-01-04,2424,3,53.2,2
5660,2023-02-16,4642,4,44.6,1
5661,2021-12-19,1153,1,40.4,4
5662,2021-03-22,4332,4,17.3,2
5663,2023-01-06,4161,1,11.0,3
5664,2020-04-18,1711,3,10.4,2
5665,2023-03-21,2008,3,62.5,1
5666,2020-01-07,4225,2,52.0,4
5667,2021-01-25,2007,2,66.3,2
5668,2021-11-02,1850,4,67.6,1
5669,2022-01-07,3034,4,24.4,4
5670,2019-02-11,2371,4,69.3,4
5671,2023-09-22,4988,3,13.3,1
5672,2019-02-06,2846,2,66.4,5
5673,2019-02-27,390,4,36.6,2
5674,2023-06-23,4547,1,23.0,5
5675,2022-04-30,3827,2,30.5,5
5676,2022-09-01,4482,1,9.8,5
5677,2020-02-09,1788,4,28.5,2
5678,2023-03-09,1262,1,19.7,5
5679,2023-12-16,4430,2,56.2,3
5680,2019-12-24,2291,1,14.1,1
5681,2021-04-23,707,2,33.8,4
5682,2020-01-11,856,2,30.0,4
5683,2020-05-31,32,3,30.4,1
5684,2023-09-28,1024,3,6.4,4
5685,2020-11-12,2179,1,43.3,1
5686,2019-10-09,4439,3,18.7,3
5687,2022-01-21,2814,1,39.7,3
5688,2023-04-01,4082,4,59.4,2
5689,2020-01-27,1000,2,20.8,4
5690,2020-11-07,3295,2,23.5,1
5691,2020-03-28,3748,2,55.8,2
5692,2020-04-29,362,2,43.5,2
5693,2019-06-26,2880,3,67.4,1
5694,2020-09-04,1325,1,51.6,4
5695,2020-02-06,2339,1,36.9,5
5696,2023-09-13,466,1,15.3,2
5697,2023-06-04,1655,1,47.3,5
5698,2020-11-22,2934,1,0.8,2
5699,2020-01-05,340,1,36.6,5
5700,2022-01-02,2874,4,12.9,4
5701,2019-06-06,3922,3,43.2,2
5702,2023-03-15,162,2,33.7,3
5703,2021-07-12,4862,4,66.8,5
5704,2021-01-25,4178,1,5.7,2
5705,2022-10-24,2772,1,50.1,1
5706,2019-11-30,4433,3,42.5,5
5707,2022-03-28,3534,2,7.0,5
5708,2021-01-30,3923,2,25.6,4
5709,2023-10-25,2984,1,36.4,2
5710,2020-11-27,3873,3,69.0,4
5711,2023-01-11,889,4,44.7,2
5712,2019-01-25,1918,1,70.7,2
5713,2021-02-03,3813,1,55.8,4
5714,2019-03-26,3969,1,53.1,1
5715,2020-03-02,619,4,37.7,2
5716,2021-12-02,422,2,30.5,3
5717,2019-05-07,3044,1,70.3,5
5718,2022-02-19,364,3,47.1,1
5719,2020-02-17,2058,3,35.6,2
5720,2019-09-09,3014,3,14.5,2
5721,2019-08-31,4585,1,29.2,3
5722,2020-03-21,3618,3,28.8,5
5723,2021-03-04,3077,2,22.3,1
5724,2022-12-03,283,4,10.9,5
5725,2023-11-28,3569,4,9.1,2
5726,2020-10-19,4221,1,54.7,5
5727,2020-01-03,3972,2,52.4,4
5728,2020-02-01,2197,4,39.0,1
5729,2023-06-26,1548,1,54.3,4
5730,2020-09-20,32,1,67.1,1
5731,2019-02-15,1686,4,48.2,4
5732,2020-04-22,2489,4,9.3,5
5733,2023-10-21,1793,2,59.3,2
5734,2021-06-13,1632,2,27.0,1
5735,2021-11-03,4138,4,47.5,4
5736,2021-04-22,4077,4,45.9,2
5737,2022-01-30,3423,1,57.4,2
5738,2023-01-10,2702,4,31.7,2
5739,2023-07-24,4926,1,36.8,3
5740,2022-02-02,3544,2,65.0,2
5741,2023-08-09,3354,2,8.6,4
5742,2019-11-25,2357,2,70.9,5
5743,2020-10-15,2542,3,14.5,5
5744,2022-03-14,2028,3,16.0,3
5745,2023-05-10,2255,2,61.1,2
5746,2021-12-29,2281,1,57.9,5
5747,2023-06-30,611,2,1.0,5
5748,2023-02-21,3260,3,23.5,2
5749,2022-10-28,2509,4,33.9,2
5750,2023-10-10,3562,4,67.4,2
5751,2023-12-01,638,2,43.3,4
5752,2019-09-20,883,1,18.6,4
5753,2022-09-24,4199,3,16.2,4
5754,2021-06-11,1694,1,29.8,5
5755,2019-02-17,3963,2,58.0,3
5756,2020-08-01,4966,3,28.9,1
5757,2020-12-14,510,1,21.7,1
5758,2020-07-11,2734,1,60.6,1
5759,2020-10-24,1928,4,35.4,5
5760,2020-11-20,4697,2,30.5,1
5761,2022-04-11,2995,3,45.7,3
5762,2021-09-03,2723,2,42.7,2
5763,2021-03-13,3401,3,43.9,5
5764,2020-12-07,3272,1,57.0,2
5765,2023-06-30,399,2,45.3,5
5766,2020-04-26,3851,3,45.5,1
5767,2021-07-13,507,4,32.9,5
5768,2022-09-25,4343,1,52.1,1
5769,2019-08-11,2460,1,63.7,5
5770,2022-02-12,3397,3,11.6,4
5771,2021-02-03,3684,4,58.6,1
5772,2021-10-20,208,1,58.2,4
5773,2022-04-09,117,3,46.6,1
5774,2019-06-14,82,1,12.0,5
5775,2021-12-09,1277,2,52.1,2
5776,2020-02-09,4601,2,38.5,1
5777,2021-11-22,4154,2,59.1,4
5778,2022-10-21,4395,3,56.2,3
5779,2019-02-24,2832,2,12.6,5
5780,2022-07-02,3508,4,51.9,4
5781,2019-12-09,3364,4,35.9,2
5782,2023-09-09,640,2,13.3,2
5783,2021-01-10,4759,2,30.3,2
5784,2019-01-10,2754,3,24.8,3
5785,2020-02-28,2130,3,1.9,1
5786,2020-06-10,2385,3,57.0,1
5787,2021-09-12,3300,2,45.9,1
5788,2019-02-05,1418,4,47.8,4
5789,2019-05-04,3557,3,2.5,5
5790,2023-07-13,3108,3,5.0,3
5791,2022-05-22,4393,2,48.8,4
5792,2021-02-18,1005,1,65.5,2
5793,2021-11-08,81,4,64.7,1
5794,2021-02-26,4930,1,46.0,2
5795,2021-07-08,4702,4,51.3,1
5796,2023-02-24,4549,1,64.1,4
5797,2023-02-04,4828,4,18.5,4
5798,2019-02-15,178,1,64.1,2
5799,2020-07-08,2401,3,2.2,5
5800,2019-12-07,3106,1,27.9,3
5801,2020-07-28,4380,1,57.8,1
5802,2021-01-04,1912,4,68.5,2
5803,2019-03-20,2905,3,26.6,4
5804,2021-11-14,3263,3,60.1,4
5805,2023-11-07,2161,2,21.5,4
5806,2019-06-11,1348,4,36.0,2
5807,2022-12-09,2693,1,59.3,4
5808,2021-12-15,4566,3,56.3,3
5809,2020-11-22,1051,3,25.6,3
5810,2022-08-08,4541,3,71.9,4
5811,2023-08-22,2851,3,24.7,3
5812,2022-01-19,4215,2,16.5,1
5813,2020-07-29,484,3,55.7,1
5814,2021-10-29,446,1,39.1,1
5815,2021-07-26,3416,2,38.8,1
5816,2022-01-01,4591,1,39.5,1
5817,2021-09-21,452,2,17.5,2
5818,2023-02-15,1142,2,70.3,5
5819,2023-06-11,2551,2,70.7,1
5820,2023-12-15,252,3,8.1,3
5821,2019-02-10,3983,4,69.2,1
5822,2023-06-21,303,2,57.0,3
5823,2022-05-07,2766,2,69.9,2
5824,2022-01-11,4110,4,43.3,1
5825,2021-09-11,3573,2,12.3,5
5826,2023-10-22,338,4,54.4,2
5827,2019-12-14,1641,4,1.5,1
5828,2023-01-12,3131,4,29.6,5
5829,2023-05-02,4831,2,50.7,3
5830,2023-10-20,4937,1,29.4,1
5831,2021-07-20,4253,1,11.4,2
5832,2020-11-19,3602,3,51.6,3
5833,2023-12-01,1427,1,23.6,2
5834,2022-03-27,4697,3,3.9,2
5835,2022-11-16,3221,3,3.0,3
5836,2019-04-21,3635,4,28.5,2
5837,2020-03-04,478,4,70.5,1
5838,2023-05-03,2364,3,52.2,3
5839,2023-10-31,214,3,30.0,2
5840,2022-11-29,907,4,1.7,1
5841,2022-04-01,2795,1,0.6,1
5842,2019-12-17,294,3,52.8,1
5843,2022-02-15,4030,1,65.7,1
5844,2021-01-16,4752,1,67.8,5
5845,2021-04-12,403,1,29.2,4
5846,2019-02-06,633,1,7.9,4
5847,2020-01-14,3725,2,53.0,1
5848,2019-10-03,4967,2,28.7,2
5849,2023-05-17,4307,3,35.8,3
5850,2021-09-14,1627,4,3.3,3
5851,2021-05-23,3687,1,12.0,4
5852,2021-01-14,945,1,8.3,4
5853,2023-03-07,2683,1,8.2,1
5854,2019-02-20,131,1,15.5,5
5855,2020-04-02,1968,4,37.0,3
5856,2020-08-25,4867,4,69.8,4
5857,2021-10-23,3533,3,61.9,3
5858,2022-06-21,2167,3,33.7,4
5859,2020-05-22,2327,2,61.4,1
5860,2020-06-17,85,1,47.5,4
5861,2021-10-10,1020,2,64.8,5
5862,2021-11-24,2964,4,14.8,2
5863,2019-12-28,2413,2,55.1,5
5864,2021-01-19,2261,2,55.9,5
5865,2022-01-12,3339,4,59.4,3
5866,2020-12-21,2824,2,36.6,5
5867,2023-03-22,865,3,56.9,3
5868,2019-11-27,1459,3,36.2,3
5869,2021-05-18,2118,3,39.1,2
5870,2020-09-22,559,2,23.9,2
5871,2020-02-26,829,4,34.3,1
5872,2021-12-04,4309,2,70.9,4
5873,2019-02-09,4299,4,3.8,4
5874,2019-05-11,1112,1,52.8,2
5875,2023-02-27,3033,3,3.2,4
5876,2023-06-25,4891,4,38.6,3
5877,2023-02-17,1595,2,5.9,5
5878,2019-04-01,1017,2,25.4,2
5879,2020-04-23,3607,2,45.4,5
5880,2022-07-04,1516,3,51.5,2
5881,2019-01-03,427,4,51.8,1
5882,2023-08-26,2457,2,16.3,5
5883,2022-03-02,204,1,24.0,2
5884,2021-06-18,2194,4,44.7,5
5885,2021-01-01,1793,3,72.0,3
5886,2022-07-11,4411,3,51.7,5
5887,2019-02-06,124,4,70.0,2
5888,2021-04-24,449,2,43.6,1
5889,2019-10-24,339,3,17.7,2
5890,2020-07-05,398,3,39.1,2
5891,2019-05-17,3385,1,6.4,1
5892,2022-01-27,2269,2,6.3,5
5893,2020-02-29,2230,2,23.1,5
5894,2020-07-17,1604,2,59.5,1
5895,2019-11-19,4779,3,69.7,1
5896,2020-10-16,11,4,13.5,3
5897,2022-01-27,3353,3,49.1,1
5898,2023-11-16,4257,1,32.7,5
5899,2021-09-18,482,1,40.4,5
5900,2021-12-17,982,3,4.5,3
5901,2021-11-05,2619,2,51.7,4
5902,2022-02-27,1602,1,25.5,4
5903,2021-09-07,1936,3,60.0,3
5904,2019-01-11,1711,1,15.4,2
5905,2019-01-18,64,4,50.8,4
5906,2021-03-17,2200,3,44.0,2
5907,2022-01-22,4095,2,64.3,3
5908,2020-09-19,1989,1,19.1,4
5909,2022-08-20,1875,1,61.3,5
5910,2023-01-10,3316,1,6.1,3
5911,2019-01-21,1815,1,70.8,1
5912,2021-03-21,172,3,71.5,4
5913,2022-03-25,81,2,65.6,1
5914,2023-11-30,4617,4,23.8,5
5915,2022-11-04,4455,1,31.3,3
5916,2019-05-10,941,1,47.4,2
5917,2022-05-12,2973,4,50.2,4
5918,2021-07-03,2084,1,61.2,3
5919,2019-01-17,2424,4,58.4,2
5920,2021-10-20,3367,1,5.7,2
5921,2023-01-31,3746,3,0.9,4
5922,2023-07-30,53,4,48.6,3
5923,2021-07-03,2764,2,46.3,3
5924,2019-07-16,3084,2,67.5,4
5925,2019-06-07,135,1,52.5,4
5926,2021-07-04,1558,4,13.0,5
5927,2019-10-26,4194,4,64.3,1
5928,2023-01-26,3196,4,33.0,3
5929,2021-02-21,253,1,6.9,4
5930,2021-04-14,2622,4,50.3,1
5931,2022-12-23,113,4,67.7,5
5932,2022-11-22,1357,4,10.6,4
5933,2022-12-27,677,1,66.5,5
5934,2020-08-12,3550,2,47.2,2
5935,2020-07-25,324,4,55.6,4
5936,2023-03-28,1547,2,50.4,1
5937,2019-01-08,3256,4,65.4,3
5938,2023-11-23,2357,2,29.1,4
5939,2022-09-16,2256,2,39.1,3
5940,2022-11-02,2755,2,38.2,2
5941,2020-11-25,325,4,57.1,5
5942,2022-06-29,3875,4,36.0,1
5943,2022-08-22,933,3,51.6,2
5944,2023-10-21,4185,4,71.2,1
5945,2021-08-13,2236,4,4.3,4
5946,2020-09-23,1497,2,26.9,2
5947,2023-10-16,1242,3,49.9,1
5948,2023-11-08,921,4,71.3,5
5949,2020-10-28,4944,3,34.0,2
5950,2019-12-23,1300,4,64.5,2
5951,2021-08-24,967,4,59.7,1
5952,2019-01-19,1263,4,10.7,5
5953,2022-02-24,3881,2,2.2,1
5954,2020-05-13,277,1,54.7,5
5955,2019-03-18,2682,4,62.1,1
5956,2022-03-12,3584,4,71.1,4
5957,2020-07-24,4115,2,26.0,1
5958,2020-05-07,3369,1,68.1,5
5959,2023-08-24,2061,2,2.4,3
5960,2023-08-02,2177,2,65.1,4
5961,2021-09-01,3896,3,40.3,3
5962,2019-11-21,1558,3,2.4,4
5963,2021-03-04,2615,2,41.8,2
5964,2022-06-09,3273,3,43.0,3
5965,2022-04-04,3680,2,39.6,5
5966,2023-01-22,4242,1,21.6,2
5967,2020-02-06,1068,2,39.5,4
5968,2021-09-09,3981,2,56.3,3
5969,2022-09-07,774,2,20.8,1
5970,2019-07-10,1855,2,41.5,1
5971,2023-09-08,2327,3,57.7,1
5972,2019-06-04,2856,1,71.3,4
5973,2022-01-14,353,2,25.3,2
5974,2020-01-13,1746,1,10.1,1
5975,2020-07-30,3379,3,41.7,4
5976,2022-06-10,4865,3,44.3,1
5977,2020-02-16,1763,2,25.1,3
5978,2020-03-31,1306,1,36.4,5
5979,2020-03-06,2763,4,59.8,4
5980,2019-11-18,1309,2,47.8,5
5981,2023-05-11,564,3,2.9,2
5982,2022-08-09,626,3,30.8,2
5983,2023-02-19,1169,4,43.0,3
5984,2022-03-17,2452,3,0.9,3
5985,2023-11-26,2640,1,46.5,4
5986,2019-03-11,1447,4,40.5,4
5987,2022-03-28,4459,3,0.6,1
5988,2020-07-29,4709,3,4.3,3
5989,2023-04-08,3452,4,48.7,2
5990,2019-08-24,4810,2,43.5,3
5991,2020-03-09,2274,1,42.0,3
5992,2022-01-06,4674,4,15.2,5
5993,2020-12-29,3832,2,38.9,5
5994,2023-06-22,108,4,29.5,5
5995,2022-04-19,4402,2,3.6,2
5996,2021-12-14,3229,3,38.4,3
5997,2020-04-01,2486,4,40.6,5
5998,2020-09-17,348,4,1.4,2
5999,2022-07-22,3423,3,8.3,3
6000,2021-01-16,6,4,13.1,2
6001,2022-04-30,438,1,68.8,1
6002,2022-05-13,2482,2,16.4,3
6003,2023-02-13,1362,1,50.0,2
6004,2019-05-18,2001,4,46.5,2
6005,2019-12-14,549,4,61.3,1
6006,2021-07-03,3221,3,11.9,2
6007,2020-08-21,2255,4,24.3,5
6008,2023-10-16,2601,2,63.7,5
6009,2023-10-02,4586,1,6.6,5
6010,2020-02-12,102,3,48.3,1
6011,2019-06-13,4237,4,20.8,1
6012,2022-01-24,2797,3,50.5,3
6013,2019-04-21,4529,4,25.9,3
6014,2023-10-20,1599,4,59.5,1
6015,2019-08-10,1612,1,41.2,5
6016,2022-12-11,1129,2,2.8,4
6017,2020-02-15,19,2,51.2,5
6018,2020-02-26,3704,2,35.7,1
6019,2020-08-18,170,2,55.9,1
6020,2020-12-22,992,2,69.4,3
6021,2019-07-03,4583,1,68.5,5
6022,2021-03-12,1027,3,46.5,3
6023,2023-11-14,1712,4,22.5,2
6024,2023-09-06,2057,2,28.1,3
6025,2022-08-02,4192,4,66.4,1
6026,2023-01-27,2640,1,6.1,4
6027,2019-04-16,1416,4,47.8,2
6028,2021-07-03,247,1,46.6,2
6029,2020-03-16,1817,4,50.4,1
6030,2020-03-19,275,2,50.1,4
6031,2023-12-22,3679,1,1.6,3
6032,2021-12-22,2569,4,47.9,5
6033,2022-10-19,4375,3,58.1,5
6034,2023-05-10,13,2,26.9,4
6035,2023-09-16,4429,4,26.1,3
6036,2021-12-08,4233,4,52.6,1
6037,2020-07-04,82,3,22.1,1
6038,2021-07-30,4980,1,71.0,1
6039,2020-04-07,1499,4,67.1,5
6040,2020-08-26,4684,4,59.2,5
6041,2022-12-19,215,1,64.4,2
6042,2021-08-14,3745,2,41.9,4
6043,2019-01-30,743,4,43.2,2
6044,2023-10-31,1649,3,55.4,2
6045,2023-10-30,3178,3,15.3,3
6046,2023-01-25,3308,1,37.9,2
6047,2023-07-05,4690,3,13.9,5
6048,2022-08-29,2995,2,43.5,3
6049,2023-10-08,3617,2,70.4,1
6050,2020-11-24,4427,1,39.7,1
6051,2020-10-07,444,4,26.4,3
6052,2023-07-23,3102,2,56.5,3
6053,2020-02-26,3790,2,43.2,2
6054,2020-03-01,3471,2,70.4,1
6055,2023-01-05,4777,1,27.0,5
6056,2020-08-25,72,1,52.8,2
6057,2023-04-29,2364,2,39.0,3
6058,2022-07-07,3511,1,45.1,3
6059,2022-10-31,4590,1,27.0,2
6060,2023-08-18,3556,3,62.2,1
6061,2023-04-08,4893,4,1.1,4
6062,2021-07-21,4845,3,13.4,5
6063,2020-08-08,2794,2,58.4,1
6064,2022-10-14,4051,2,28.5,3
6065,2022-04-16,1626,1,61.2,1
6066,2021-12-19,723,4,7.0,2
6067,2023-09-12,1456,3,58.6,3
6068,2021-07-29,1711,3,68.8,5
6069,2022-12-22,7,3,48.3,2
6070,2021-04-06,3494,2,52.7,2
6071,2021-02-28,4307,1,31.6,2
6072,2023-10-12,1162,2,33.2,5
6073,2019-07-25,15,1,41.3,3
6074,2023-07-13,1158,3,54.0,4
6075,2021-04-14,870,4,17.3,3
6076,2020-04-17,4544,3,62.4,5
6077,2020-12-02,4076,1,59.8,2
6078,2019-08-28,4168,1,41.7,2
6079,2021-03-24,48,1,36.3,3
6080,2021-12-15,370,4,52.5,3
6081,2022-06-30,4848,4,48.3,4
6082,2020-10-20,2725,4,9.2,1
6083,2019-11-27,3122,3,22.5,2
6084,2020-07-31,3259,3,29.6,1
6085,2020-05-02,3714,4,57.1,2
6086,2019-11-08,3792,3,59.5,5
6087,2020-12-10,701,2,16.3,2
6088,2019-06-03,3328,2,60.9,1
6089,2021-07-29,4024,3,50.2,1
6090,2021-04-16,3074,4,38.5,5
6091,2021-12-22,2603,2,2.0,3
6092,2022-04-11,3431,4,70.3,4
6093,2022-10-05,3276,2,38.4,2
6094,2022-04-19,4708,2,28.7,2
6095,2021-12-31,434,3,67.9,4
6096,2023-11-27,1802,2,2.9,5
6097,2022-08-26,1266,4,49.4,1
6098,2021-07-14,3022,3,10.1,5
6099,2023-07-05,668,1,65.2,1
6100,2019-01-19,1241,2,10.1,5
6101,2020-05-11,1032,3,15.5,5
6102,2023-04-19,1366,3,61.6,2
6103,2022-11-29,1486,2,4.1,4
6104,2020-11-03,4340,4,3.0,2
6105,2021-06-18,293,2,5.9,1
6106,2021-05-25,4034,2,52.9,5
6107,2021-06-09,784,1,35.1,2
6108,2023-05-01,97,3,23.3,2
6109,2022-05-29,248,3,47.8,2
6110,2021-11-22,631,4,54.5,5
6111,2019-08-16,165,1,49.1,1
6112,2021-01-09,4550,2,58.6,4
6113,2023-06-25,395,3,68.0,4
6114,2020-09-02,801,1,32.0,1
6115,2022-05-18,1678,2,37.5,3
6116,2021-10-27,4898,4,14.5,3
6117,2022-04-01,1931,4,45.9,1
6118,2019-03-05,1277,4,32.9,3
6119,2021-09-04,2594,1,6.7,2
6120,2020-11-25,3970,2,46.9,3
6121,2023-02-23,1166,1,47.2,4
6122,2020-04-16,3641,4,10.1,5
6123,2022-08-27,3986,2,56.2,1
6124,2020-06-14,4459,1,63.8,2
6125,2023-11-27,3566,3,53.9,4
6126,2019-12-06,3270,2,41.4,5
6127,2020-11-08,3494,3,48.4,4
6128,2020-02-03,4572,4,20.7,1
6129,2021-09-14,851,2,11.3,3
6130,2021-05-30,2562,2,53.0,2
6131,2019-08-30,1046,3,39.8,5
6132,2019-07-22,4871,4,26.1,5
6133,2020-04-26,3964,2,66.9,4
6134,2022-07-06,4548,2,26.7,3
6135,2020-05-27,3285,4,24.4,4
6136,2020-05-02,4425,3,64.0,3
6137,2023-06-10,2047,3,16.8,1
6138,2019-07-15,108,4,70.3,1
6139,2023-01-04,3995,2,70.1,1
6140,2022-11-15,4525,2,3.1,4
6141,2019-10-25,2450,1,38.0,1
6142,2023-09-14,4024,4,28.7,2
6143,2022-04-13,1246,4,2.0,2
6144,2019-09-24,1517,1,6.5,5
6145,2020-07-03,3392,3,49.5,4
6146,2022-02-09,4829,4,6.2,4
6147,2023-01-02,812,3,8.1,3
6148,2021-08-21,2166,4,17.0,3
6149,2019-08-22,2695,2,21.6,2
6150,2023-04-17,3683,4,45.0,3
6151,2022-02-25,4790,4,61.9,3
6152,2019-09-28,318,2,56.4,5
6153,2020-05-13,2970,1,30.8,3
6154,2021-05-26,3136,4,43.1,2
6155,2023-01-17,3880,3,31.3,4
6156,2023-07-23,202,1,70.4,5
6157,2020-11-15,4225,1,59.5,5
6158,2023-07-20,841,2,33.8,1
6159,2020-02-27,2370,1,46.5,4
6160,2022-02-19,211,1,26.6,3
6161,2020-04-27,3907,3,35.0,4
6162,2019-04-18,4144,2,62.8,3
6163,2019-07-23,4244,4,33.9,2
6164,2023-04-18,2890,4,7.5,1
6165,2020-09-28,4872,3,9.9,2
6166,2023-08-28,1986,1,51.7,1
6167,2022-02-07,3288,4,9.9,5
6168,2019-05-09,4864,4,52.2,2
6169,2023-09-08,1014,3,46.2,3
6170,2023-05-07,2613,4,18.1,5
6171,2022-05-15,4428,4,16.6,5
6172,2021-01-21,4701,1,61.0,4
6173,2022-11-25,4576,1,38.9,3
6174,2022-06-05,2527,2,4.5,2
6175,2022-04-18,676,1,50.6,4
6176,2019-05-26,856,1,8.4,5
6177,2023-10-24,4935,3,35.7,4
6178,2019-07-07,1216,2,45.8,2
6179,2019-09-03,4411,4,56.2,5
6180,2022-02-17,3697,2,22.6,5
6181,2020-02-04,234,1,43.0,2
6182,2022-04-20,1078,2,31.2,2
6183,2022-06-26,1067,3,46.8,1
6184,2021-08-04,376,4,37.1,3
6185,2022-10-08,2880,4,43.2,2
6186,2022-01-17,2607,2,14.1,2
6187,2020-09-02,780,1,10.6,4
6188,2019-08-08,3016,1,58.0,5
6189,2021-01-20,1835,3,70.3,3
6190,2020-03-29,4593,2,8.0,5
6191,2023-04-07,972,2,5.5,4
6192,2019-03-26,4215,2,46.2,3
6193,2023-10-06,2024,3,4.4,3
6194,2019-08-24,2917,1,21.9,3
6195,2022-11-27,1827,4,10.6,1
6196,2021-02-21,2440,2,21.2,4
6197,2021-10-11,365,2,44.6,4
6198,2021-06-08,37,3,39.7,2
6199,2019-08-08,3174,4,14.8,1
6200,2020-10-27,3612,2,56.9,1
6201,2022-08-02,1837,1,61.9,3
6202,2019-10-27,576,3,30.3,3
6203,2022-01-30,2144,2,49.6,1
6204,2023-07-02,4465,2,45.7,4
6205,2021-11-04,1226,1,2.5,5
6206,2021-02-12,3994,1,38.0,5
6207,2022-08-31,4617,4,70.6,4
6208,2020-03-14,1415,3,52.9,1
6209,2019-05-06,3970,4,55.1,5
6210,2023-09-26,544,2,49.5,2
6211,2020-10-29,2614,3,47.9,3
6212,2019-02-17,85,4,46.5,4
6213,2023-05-20,2029,1,45.0,3
6214,2023-09-24,2798,2,42.1,3
6215,2022-11-03,4960,2,50.5,4
6216,2023-09-26,3525,2,33.5,1
6217,2021-04-17,75,2,47.8,3
6218,2023-05-28,2814,1,58.4,4
6219,2022-08-25,2413,4,58.7,4
6220,2020-07-05,4484,2,29.1,5
6221,2020-01-05,1323,3,32.2,1
6222,2023-12-20,153,3,40.7,1
6223,2022-09-04,3323,2,39.0,2
6224,2021-03-09,1299,2,23.1,2
6225,2020-08-05,853,4,18.1,1
6226,2019-10-28,382,3,8.5,1
6227,2019-10-15,2221,4,43.4,5
6228,2022-10-06,3871,2,15.7,1
6229,2021-06-17,2464,1,18.3,1
6230,2019-01-08,3598,3,11.9,3
6231,2020-02-08,2747,4,62.7,3
6232,2019-02-08,3590,2,4.7,1
6233,2022-02-13,280,2,14.1,3
6234,2023-01-22,4378,4,10.7,1
6235,2022-10-23,4158,4,23.8,1
6236,2023-07-01,4295,4,5.7,3
6237,2019-05-16,1758,1,27.8,3
6238,2022-10-01,3621,4,18.4,1
6239,2022-11-09,1241,2,66.5,4
6240,2023-10-08,2549,1,37.2,2
6241,2019-09-25,192,2,12.1,5
6242,2020-06-02,3367,4,21.1,5
6243,2023-01-03,779,2,50.7,5
6244,2022-03-15,1431,1,40.1,5
6245,2023-07-13,3522,4,61.0,2
6246,2020-05-27,373,2,15.8,4
6247,2019-08-20,3388,1,43.9,4
6248,2019-12-21,2965,2,19.7,1
6249,2021-09-17,2936,4,48.0,2
6250,2022-08-02,4440,2,49.6,1
6251,2023-12-14,4515,3,1.8,3
6252,2023-05-16,3268,2,64.8,4
6253,2022-11-20,3043,1,71.5,2
6254,2019-09-05,3433,3,68.4,4
6255,2019-11-28,2361,1,57.7,3
6256,2022-11-09,308,4,64.0,4
6257,2023-05-16,961,3,28.9,1
6258,2021-12-07,1739,1,0.7,3
6259,2020-06-02,1005,1,30.0,5
6260,2022-09-07,1979,3,53.0,3
6261,2023-06-24,3682,2,32.2,1
6262,2019-12-10,2523,2,63.1,2
6263,2021-05-03,2804,3,57.2,5
6264,2019-10-21,1194,1,57.3,3
6265,2021-07-26,458,1,7.4,5
6266,2022-10-06,630,1,37.9,3
6267,2020-09-15,3758,2,69.8,1
6268,2019-04-24,2265,1,27.6,2
6269,2022-05-26,4766,1,6.0,3
6270,2023-03-06,1528,3,10.4,2
6271,2020-05-18,2635,1,54.0,1
6272,2020-06-24,258,2,57.9,3
6273,2020-07-03,3765,4,32.2,5
6274,2020-09-19,3121,3,19.7,3
6275,2021-03-21,2654,4,55.6,4
6276,2023-12-12,1254,2,25.3,1
6277,2023-06-04,597,3,4.4,1
6278,2020-10-29,4063,1,13.2,2
6279,2019-12-10,4137,1,37.2,3
6280,2020-02-09,492,2,34.5,1
6281,2019-08-29,3954,2,12.6,5
6282,2022-01-03,2849,1,2.1,1
6283,2019-03-09,1420,3,24.8,5
6284,2021-07-03,1156,1,43.3,5
6285,2019-02-10,269,2,5.4,3
6286,2022-03-15,4225,2,68.7,2
6287,2020-04-28,1960,2,29.0,2
6288,2021-08-07,2846,3,25.1,5
6289,2023-09-03,2413,2,36.3,4
6290,2019-08-29,3447,2,56.6,3
6291,2019-02-19,4837,4,14.2,2
6292,2019-02-25,1964,1,22.5,4
6293,2019-04-05,2021,3,39.3,4
6294,2020-09-19,3795,4,30.0,1
6295,2019-05-28,1509,3,35.4,2
6296,2019-09-08,1836,1,26.3,2
6297,2022-11-28,4230,3,70.9,5
6298,2019-02-22,2879,3,13.1,5
6299,2022-10-02,734,1,4.0,2
6300,2023-02-09,2456,2,27.4,1
6301,2021-02-18,2250,4,51.4,2
6302,2019-09-28,2173,1,32.6,2
6303,2022-04-11,3519,2,10.6,1
6304,2021-12-09,1185,3,54.7,3
6305,2023-06-22,1737,2,8.2,1
6306,2023-04-21,2662,3,25.0,5
6307,2021-05-06,924,1,19.9,3
6308,2021-02-08,3305,1,67.3,3
6309,2020-03-30,4144,1,27.4,5
6310,2022-07-02,4791,4,48.8,1
6311,2021-12-13,1130,3,63.9,3
6312,2020-11-10,4561,2,56.3,4
6313,2020-01-30,4983,1,20.1,1
6314,2019-08-04,910,3,33.2,4
6315,2023-12-03,1303,1,61.3,4
6316,2022-03-28,4792,4,70.6,2
6317,2020-08-08,2284,4,48.2,1
6318,2023-04-21,3444,4,66.2,2
6319,2020-08-07,3233,1,62.3,1
6320,2023-05-07,1126,2,50.9,1
6321,2019-12-02,1610,2,66.2,4
6322,2019-08-27,4054,4,61.6,5
6323,2020-04-16,1470,2,37.6,4
6324,2023-05-28,2660,2,25.6,4
6325,2019-05-01,2104,3,58.6,5
6326,2019-06-10,762,2,0.7,3
6327,2019-09-04,4717,1,55.6,3
6328,2023-10-27,45,1,28.2,1
6329,2021-07-13,2266,1,7.7,4
6330,2022-03-16,3609,1,3.8,4
6331,2022-08-17,2573,2,51.2,3
6332,2023-05-31,4041,1,69.5,1
6333,2022-05-06,4331,1,8.3,2
6334,2021-09-03,2136,1,8.1,3
6335,2019-04-15,1075,2,68.7,5
6336,2021-05-09,4006,3,6.9,5
6337,2019-03-23,3407,2,50.3,2
6338,2019-02-21,4557,1,23.8,2
6339,2019-08-19,3758,1,52.5,2
6340,2023-01-23,13,1,62.4,4
6341,2021-06-22,832,2,31.3,5
6342,2020-01-07,2791,3,18.4,2
6343,2023-03-20,4090,3,5.2,1
6344,2022-03-21,3490,1,55.9,3
6345,2020-12-28,1697,3,8.5,4
6346,2019-05-17,3680,2,70.4,4
6347,2021-11-07,900,2,39.9,1
6348,2019-03-10,3687,1,4.8,1
6349,2020-11-08,1681,3,64.4,5
6350,2022-11-01,2531,2,54.2,2
6351,2020-02-28,190,2,53.6,4
6352,2023-08-19,2628,4,51.5,2
6353,2021-06-25,4085,4,33.8,1
6354,2020-05-15,989,1,55.2,5
6355,2023-03-23,406,4,58.1,1
6356,2019-02-22,2019,3,23.0,1
6357,2022-02-12,2182,4,40.5,3
6358,2023-10-25,4380,2,68.8,3
6359,2019-10-14,4295,1,38.9,2
6360,2020-08-27,544,1,32.6,4
6361,2019-10-08,2261,4,69.9,3
6362,2023-04-11,524,2,23.0,4
6363,2021-07-23,1614,3,8.4,5
6364,2023-05-08,1520,3,42.7,5
6365,2021-09-15,4141,2,2.0,3
6366,2023-07-29,4157,1,23.8,4
6367,2020-04-14,1087,4,25.7,2
6368,2021-07-13,29,3,55.3,2
6369,2019-04-30,388,2,33.5,2
6370,2023-08-07,1672,1,39.0,2
6371,2019-06-28,2476,2,62.1,2
6372,2019-07-15,747,2,26.8,4
6373,2022-11-26,1231,2,30.4,3
6374,2022-11-05,1124,3,29.8,5
6375,2021-10-11,868,2,62.4,1
6376,2019-08-04,2431,2,11.3,4
6377,2022-03-27,3296,3,29.9,1
6378,2021-08-16,285,2,28.2,1
6379,2022-08-20,3531,2,54.2,1
6380,2021-01-17,1436,2,42.3,3
6381,2023-03-27,1383,3,11.0,5
6382,2020-01-04,3143,2,59.8,2
6383,2021-08-09,22,4,46.7,3
6384,2021-11-10,788,2,32.2,1
6385,2022-08-09,280,4,53.7,2
6386,2021-09-26,4664,3,52.1,5
6387,2019-03-14,1361,3,70.2,1
6388,2023-08-09,293,4,12.9,3
6389,2021-01-24,2533,3,14.2,2
6390,2020-03-25,556,3,45.4,3
6391,2019-05-17,338,4,2.6,3
6392,2022-02-13,2472,1,62.5,4
6393,2023-04-19,1878,4,49.6,5
6394,2020-10-12,3763,2,1.2,2
6395,2022-08-25,4565,4,18.6,1
6396,2021-01-04,4949,4,58.7,4
6397,2019-03-05,3742,1,11.2,3
6398,2021-03-18,1817,2,60.7,4
6399,2019-11-04,2567,4,62.5,2
6400,2019-07-25,1212,1,50.7,3
6401,2022-04-29,2698,1,69.9,1
6402,2019-06-19,3518,3,52.7,5
6403,2020-11-06,4048,3,12.4,2
6404,2022-10-23,262,4,17.7,1
6405,2020-04-13,670,3,52.2,5
6406,2020-01-03,1589,1,36.4,4
6407,2021-07-20,4992,4,22.1,4
6408,2022-07-13,4882,2,44.5,5
6409,2023-03-08,3431,1,63.9,1
6410,2022-10-09,1206,3,65.4,3
6411,2020-07-17,1107,1,71.2,3
6412,2020-01-19,4933,2,36.9,1
6413,2021-10-30,2213,1,33.4,5
6414,2021-01-24,3147,4,7.0,2
6415,2021-08-15,3349,2,14.5,2
6416,2021-05-07,1473,2,60.8,3
6417,2021-10-23,1737,1,68.3,1
6418,2021-06-01,3282,2,70.7,1
6419,2019-11-20,1399,4,40.2,4
6420,2020-04-08,706,2,49.1,5
6421,2021-01-03,2761,2,71.6,3
6422,2020-10-29,233,1,22.3,2
6423,2022-05-14,265,4,16.7,1
6424,2019-02-20,2449,4,69.9,2
6425,2020-03-23,2575,2,28.6,4
6426,2022-12-05,1381,1,65.6,1
6427,2019-01-10,643,1,59.6,1
6428,2020-07-02,3867,2,64.4,2
6429,2019-11-22,1369,2,11.1,2
6430,2022-08-04,1142,2,45.6,3
6431,2023-04-12,3148,1,28.4,1
6432,2022-03-30,4869,4,42.3,2
6433,2021-08-16,2746,2,26.7,3
6434,2023-07-27,1425,2,65.0,4
6435,2023-01-25,1024,1,12.4,2
6436,2019-02-03,4272,1,10.6,2
6437,2019-09-19,3293,3,14.1,5
6438,2021-01-02,4096,4,45.5,5
6439,2023-05-07,1835,4,26.0,1
6440,2020-01-18,4882,1,11.6,5
6441,2022-06-15,1206,4,52.1,4
6442,2023-06-11,2982,4,49.4,4
6443,2020-08-15,2204,3,46.0,5
6444,2023-09-18,3878,3,5.3,3
6445,2023-07-09,3427,2,25.7,1
6446,2022-04-08,1756,2,6.2,5
6447,2023-06-07,3527,3,4.9,1
6448,2019-05-07,1199,2,17.6,1
6449,2023-02-24,539,3,31.8,3
6450,2019-12-15,226,3,35.0,2
6451,2021-03-13,108,4,56.5,4
6452,2022-12-19,2143,2,61.1,5
6453,2022-05-04,4757,4,59.4,1
6454,2020-06-04,3671,3,21.0,2
6455,2021-08-31,1716,2,27.7,4
6456,2022-12-20,4141,1,52.8,5
6457,2023-10-15,1174,4,34.7,3
6458,2021-06-22,1898,2,6.7,1
6459,2022-12-18,3455,4,69.9,5
6460,2019-01-19,3429,2,14.2,4
6461,2021-04-05,3224,1,39.2,1
6462,2019-07-15,4715,2,14.3,5
6463,2022-02-01,3321,4,16.0,5
6464,2019-08-11,3912,3,6.2,3
6465,2019-02-27,4491,1,33.2,3
6466,2020-10-08,4698,4,45.7,4
6467,2019-06-28,4076,4,1.8,3
6468,2019-05-30,4731,3,69.8,4
6469,2020-01-06,3831,1,15.7,1
6470,2020-10-09,2559,1,10.1,4
6471,2019-08-25,804,3,9.7,1
6472,2023-02-22,76,4,11.8,1
6473,2022-08-09,977,2,11.3,1
6474,2021-05-23,270,4,70.7,4
6475,2020-08-05,900,2,44.5,5
6476,2020-05-17,2564,2,14.2,1
6477,2023-05-21,4748,1,22.7,1
6478,2019-08-03,3929,1,9.4,1
6479,2022-08-18,2946,1,65.8,5
6480,2021-03-26,726,1,35.5,1
6481,2020-03-02,860,4,10.2,3
6482,2022-10-05,1020,3,12.1,1
6483,2023-06-11,2519,1,31.9,2
6484,2022-07-21,2699,4,23.7,4
6485,2021-01-17,3054,2,18.2,2
6486,2021-05-16,1289,4,61.2,4
6487,2019-01-23,1428,3,36.5,3
6488,2019-06-26,2149,3,46.4,4
6489,2021-05-15,2398,2,22.2,2
6490,2023-01-28,3496,3,26.1,5
6491,2022-10-07,2751,3,4.7,1
6492,2023-10-15,4277,2,40.5,4
6493,2021-02-23,3547,2,71.3,4
6494,2021-01-19,344,3,65.4,1
6495,2021-12-10,4276,2,37.5,2
6496,2022-11-24,965,4,5.8,5
6497,2023-08-01,454,4,30.5,4
6498,2019-12-02,1836,4,25.2,1
6499,2022-01-08,4231,2,44.4,1
6500,2020-02-05,1491,3,66.9,2
6501,2020-10-21,3953,1,39.0,3
6502,2020-09-25,1924,1,69.9,2
6503,2022-10-11,3039,2,31.2,5
6504,2021-11-29,2590,1,41.8,1
6505,2020-02-01,1059,4,35.3,5
6506,2020-05-28,3356,2,63.8,1
6507,2019-03-17,3147,3,37.8,5
6508,2022-01-03,1063,2,54.4,2
6509,2022-11-26,1961,3,67.9,1
6510,2020-04-11,4087,2,58.6,3
6511,2020-08-28,2,4,26.3,3
6512,2019-12-23,1921,3,8.4,1
6513,2022-08-21,2295,2,43.1,1
6514,2023-07-28,2385,1,14.8,5
6515,2023-12-05,2639,3,13.4,5
6516,2022-01-28,3984,4,66.6,2
6517,2019-02-26,2985,3,71.2,5
6518,2020-05-24,3278,3,29.9,2
6519,2022-12-11,2925,1,2.5,3
6520,2021-04-06,3227,4,62.1,3
6521,2022-05-05,489,2,32.2,4
6522,2020-03-24,473,3,56.9,1
6523,2020-05-30,2102,2,4.2,4
6524,2021-03-07,2365,1,24.5,1
6525,2022-10-17,3604,3,37.6,3
6526,2022-10-02,1964,2,15.2,3
6527,2023-11-19,2159,1,6.1,2
6528,2019-08-02,4921,2,16.1,2
6529,2019-12-14,12,1,38.9,3
6530,2019-03-09,4402,1,38.3,3
6531,2022-09-01,4081,4,34.7,4
6532,2022-05-27,1874,2,28.8,1
6533,2020-05-04,1474,2,56.0,1
6534,2022-05-05,40,4,6.5,4
6535,2019-10-07,3602,1,36.2,2
6536,2022-05-14,4823,3,56.8,4
6537,2020-01-14,511,4,66.3,3
6538,2019-03-10,1058,3,6.0,5
6539,2021-12-25,4265,2,35.4,4
6540,2023-10-26,343,1,62.2,3
6541,2019-07-17,4496,3,45.1,4
6542,2019-12-27,1267,4,63.1,4
6543,2022-03-11,35,3,20.4,3
6544,2021-12-01,382,4,70.6,1
6545,2021-01-02,1517,1,51.9,1
6546,2021-10-13,1191,2,59.9,1
6547,2020-01-07,4957,2,27.3,2
6548,2020-01-12,2388,3,20.2,1
6549,2020-04-19,3643,2,24.7,1
6550,2020-08-04,805,2,16.4,5
6551,2019-03-27,2258,4,32.3,2
6552,2021-04-13,4140,3,7.9,2
6553,2019-11-10,350,4,68.1,1
6554,2019-01-06,2869,3,2.9,2
6555,2022-11-09,805,4,47.3,3
6556,2021-08-27,2986,2,25.1,5
6557,2020-01-29,4876,1,15.3,5
6558,2023-03-19,3957,1,45.2,4
6559,2022-11-12,3588,4,27.9,1
6560,2021-08-29,2172,3,4.7,4
6561,2023-12-03,2945,3,4.6,2
6562,2019-04-17,3009,4,46.4,4
6563,2021-02-13,1969,3,62.7,5
6564,2023-05-31,3261,2,57.8,2
6565,2021-11-24,654,1,47.0,3
6566,2021-03-05,3092,3,69.9,4
6567,2021-10-01,951,2,13.6,5
6568,2023-05-14,687,1,29.0,4
6569,2019-03-30,2630,4,2.1,4
6570,2019-08-24,2407,3,43.1,4
6571,2022-02-19,3227,2,39.6,2
6572,2020-07-22,4326,1,63.9,4
6573,2021-10-20,4804,1,15.2,1
6574,2019-03-29,4470,3,49.2,4
6575,2019-01-27,367,1,35.0,1
6576,2020-06-15,3392,3,37.3,3
6577,2023-09-08,902,3,24.1,2
6578,2022-11-23,3859,1,48.3,4
6579,2023-05-24,4767,3,31.5,2
6580,2020-12-17,1786,1,17.3,3
6581,2021-09-26,1248,4,62.1,1
6582,2019-04-03,3347,1,32.6,3
6583,2021-08-06,3364,3,20.2,1
6584,2021-02-20,1983,3,69.4,3
6585,2019-03-08,2602,4,36.9,5
6586,2021-01-25,4396,2,57.4,1
6587,2021-07-27,4236,2,66.2,1
6588,2022-05-01,302,3,50.6,3
6589,2019-05-19,1267,3,6.0,3
6590,2019-07-05,4966,2,8.7,1
6591,2020-12-18,1826,3,1.0,5
6592,2019-10-10,2336,4,26.9,4
6593,2021-12-21,2219,2,70.7,1
6594,2019-08-10,4350,1,32.7,3
6595,2022-10-02,4345,2,14.4,4
6596,2022-03-03,1604,4,36.6,3
6597,2020-01-28,1399,2,27.2,3
6598,2022-01-25,1506,2,15.7,5
6599,2021-06-03,3422,3,48.8,1
6600,2021-08-01,1975,2,3.4,5
6601,2021-08-09,839,3,46.3,1
6602,2023-12-12,2704,3,48.4,2
6603,2020-06-12,4566,2,65.9,5
6604,2020-02-02,48,2,4.9,1
6605,2019-04-17,4285,4,65.5,1
6606,2020-03-21,2536,3,57.7,2
6607,2019-03-17,2538,4,8.3,3
6608,2022-11-18,2139,2,49.7,1
6609,2022-08-05,3980,3,40.9,1
6610,2023-07-19,4225,2,14.0,3
6611,2019-04-26,2619,1,40.9,2
6612,2023-12-18,2300,1,38.2,2
6613,2022-06-26,3950,4,6.4,3
6614,2019-11-30,278,2,15.9,5
6615,2019-06-26,792,4,40.7,4
6616,2019-04-19,3328,2,3.0,3
6617,2021-12-05,1785,2,41.0,5
6618,2023-08-21,3711,4,49.8,2
6619,2021-07-25,953,4,42.8,4
6620,2021-03-31,2961,1,47.1,5
6621,2020-10-06,4422,3,5.8,4
6622,2020-06-11,866,1,40.6,1
6623,2021-04-08,4757,2,37.8,3
6624,2021-02-09,665,1,15.2,3
6625,2019-09-06,3808,2,35.8,1
6626,2021-03-12,1438,4,58.1,4
6627,2023-06-10,1665,1,32.3,4
6628,2019-12-08,985,1,61.7,3
6629,2023-01-20,3633,2,2.9,5
6630,2019-08-01,1242,4,59.8,1
6631,2022-09-08,1543,1,60.8,2
6632,2019-12-05,1428,3,9.7,4
6633,2023-11-19,94,2,24.8,4
6634,2021-11-13,2585,1,31.3,1
6635,2021-04-21,85,4,35.9,2
6636,2021-05-10,3032,1,66.4,2
6637,2020-05-19,3061,4,53.4,3
6638,2022-11-28,3613,2,37.0,1
6639,2023-01-31,2984,2,28.7,2
6640,2023-06-23,4263,2,42.4,4
6641,2023-07-18,3588,2,4.4,3
6642,2022-05-22,1381,1,7.8,5
6643,2023-06-05,3388,4,52.0,1
6644,2023-09-09,3078,1,49.6,5
6645,2022-06-08,4686,2,19.1,1
6646,2021-03-15,4001,1,50.2,5
6647,2023-08-14,1860,1,61.6,3
6648,2019-11-28,456,1,34.4,3
6649,2022-10-27,1574,2,50.8,3
6650,2021-07-17,3493,3,42.3,2
6651,2022-10-25,3739,4,70.0,5
6652,2020-11-14,2663,4,37.9,3
6653,2021-11-04,3148,2,22.3,5
6654,2019-12-25,3389,2,54.5,2
6655,2021-01-07,1191,2,7.0,4
6656,2021-11-09,4632,2,66.4,3
6657,2019-06-15,318,4,28.3,5
6658,2022-01-20,1080,2,6.8,1
6659,2022-01-08,623,2,37.4,1
6660,2020-10-14,1108,4,13.4,5
6661,2020-01-17,1869,2,10.3,2
6662,2021-10-24,751,1,36.8,4
6663,2022-10-15,4465,2,53.4,2
6664,2021-09-25,1008,4,21.3,3
6665,2023-01-01,4142,1,37.8,5
6666,2022-04-21,55,3,35.1,2
6667,2021-04-19,4676,2,30.2,2
6668,2023-04-14,2010,3,53.0,1
6669,2022-08-19,2082,1,55.4,2
6670,2019-01-30,4274,1,28.1,1
6671,2022-06-17,331,1,33.9,4
6672,2019-09-27,3820,2,55.5,2
6673,2022-08-04,4460,4,22.3,3
6674,2020-03-31,2954,1,7.9,5
6675,2023-11-10,4538,4,25.0,5
6676,2021-03-04,590,4,49.8,4
6677,2019-11-25,1167,4,9.1,5
6678,2019-09-30,1430,2,20.7,5
6679,2021-09-12,2196,3,41.1,3
6680,2022-01-16,2303,3,68.3,4
6681,2019-10-02,3965,3,7.6,2
6682,2020-01-15,3526,1,51.7,3
6683,2023-02-21,545,3,3.5,2
6684,2021-01-11,4979,1,58.2,2
6685,2020-03-19,405,3,49.4,3
6686,2019-01-31,2696,4,41.6,5
6687,2022-09-12,2774,3,57.6,4
6688,2023-06-21,4344,3,22.8,4
6689,2020-11-19,193,2,39.1,5
6690,2019-04-21,2445,2,38.5,2
6691,2023-07-21,27,1,63.6,3
6692,2020-03-21,2213,3,67.1,4
6693,2023-10-09,4306,4,66.0,4
6694,2021-04-03,4106,1,10.2,1
6695,2019-04-15,1255,1,34.9,1
6696,2022-11-15,539,4,16.5,5
6697,2022-07-14,3863,2,8.8,3
6698,2021-01-22,2242,4,1.8,1
6699,2019-12-26,3035,3,26.6,1
6700,2022-02-19,2322,4,33.4,2
6701,2021-04-25,107,4,51.8,3
6702,2021-07-28,2172,1,1.7,4
6703,2019-09-06,4329,3,36.7,3
6704,2021-09-26,3717,3,54.2,1
6705,2023-05-08,3621,1,13.8,4
6706,2019-03-11,3529,2,47.9,4
6707,2019-03-09,2843,3,22.7,3
6708,2020-09-19,300,2,32.0,2
6709,2022-03-13,464,2,62.6,5
6710,2019-07-28,2872,4,67.5,1
6711,2020-01-20,3558,2,53.0,5
6712,2023-11-25,4778,2,4.4,1
6713,2020-07-01,4864,1,28.2,5
6714,2020-12-08,2169,1,30.1,1
6715,2022-08-11,1286,4,50.6,2
6716,2023-01-20,2096,2,14.0,3
6717,2021-10-27,1798,3,21.4,5
6718,2021-12-22,3957,1,4.4,2
6719,2021-12-28,1003,4,45.4,3
6720,2020-02-18,223,4,32.8,2
6721,2019-06-18,2107,3,40.2,5
6722,2021-03-11,4643,1,60.7,2
6723,2021-11-10,1760,3,71.4,3
6724,2022-08-19,123,3,43.1,1
6725,2023-10-20,259,3,53.4,4
6726,2021-05-13,393,2,1.3,2
6727,2019-01-07,2393,1,1.6,3
6728,2021-04-04,589,3,59.0,1
6729,2019-09-23,3593,4,64.3,5
6730,2019-04-23,1684,2,24.6,5
6731,2022-10-02,1514,4,65.9,2
6732,2021-05-12,4752,4,42.1,1
6733,2023-06-27,3666,1,57.2,3
6734,2019-02-10,3346,4,60.5,3
6735,2020-10-12,4104,1,64.9,5
6736,2019-06-01,903,1,57.4,3
6737,2019-01-19,350,2,26.5,4
6738,2022-01-23,367,1,28.1,3
6739,2019-07-25,1924,3,5.8,5
6740,2022-12-10,3065,3,49.6,4
6741,2023-07-02,4953,4,32.9,2
6742,2021-12-26,774,3,65.7,4
6743,2023-10-08,3205,1,18.1,3
6744,2022-09-23,2962,4,57.9,5
6745,2021-03-17,2000,1,9.1,4
6746,2023-04-06,4808,4,49.0,1
6747,2023-07-02,106,3,44.1,5
6748,2023-06-16,4021,3,25.8,5
6749,2022-01-08,3823,4,36.6,1
6750,2022-08-10,325,3,9.9,1
6751,2019-10-16,159,1,66.9,3
6752,2020-11-22,1987,3,12.2,5
6753,2022-09-22,4878,4,70.2,1
6754,2023-04-23,1899,4,39.2,2
6755,2021-10-13,2830,4,58.9,4
6756,2021-05-01,4655,1,46.4,2
6757,2021-07-13,1184,1,24.5,5
6758,2019-12-28,1315,2,54.7,3
6759,2022-11-26,301,1,48.3,1
6760,2020-07-06,341,4,42.2,4
6761,2022-04-24,4907,3,54.2,5
6762,2022-09-20,1531,1,62.8,4
6763,2020-11-20,1999,2,22.1,2
6764,2023-10-30,195,3,43.9,1
6765,2023-06-04,4978,4,36.6,1
6766,2023-01-02,3230,4,30.4,5
6767,2019-05-04,3452,4,48.0,4
6768,2019-10-07,4182,4,43.1,1
6769,2022-08-22,2047,3,25.7,4
6770,2023-05-30,3067,1,67.3,5
6771,2021-07-12,2834,3,14.3,1
6772,2019-01-12,2821,4,59.5,3
6773,2020-07-28,4598,1,71.8,1
6774,2019-04-06,3968,2,70.1,3
6775,2022-01-22,2677,3,38.8,5
6776,2020-04-09,4968,3,37.3,5
6777,2020-10-26,714,3,27.3,5
6778,2021-10-07,2487,4,1.2,3
6779,2023-01-10,2870,4,28.6,3
6780,2021-06-05,609,4,18.1,1
6781,2021-12-26,4727,3,61.1,4
6782,2020-10-07,3660,2,5.1,2
6783,2023-03-18,1174,4,12.3,3
6784,2021-08-06,2837,4,24.4,5
6785,2023-10-14,193,1,14.7,2
6786,2020-12-02,1595,4,51.5,1
6787,2023-02-12,4792,4,7.5,2
6788,2022-06-12,2955,4,10.4,3
6789,2022-06-24,642,3,19.7,4
6790,2023-11-24,298,2,46.8,2
6791,2022-11-02,1396,3,17.3,4
6792,2022-11-13,2146,4,21.7,1
6793,2020-06-12,2504,1,61.3,5
6794,2023-03-18,3562,1,66.5,3
6795,2021-02-24,2453,3,28.9,3
6796,2022-08-23,4937,1,70.2,3
6797,2023-07-31,4075,2,51.1,4
6798,2021-06-11,1676,2,46.5,1
6799,2021-01-22,3690,3,23.4,3
6800,2023-11-02,1195,3,34.0,5
6801,2023-04-20,2286,2,53.1,5
6802,2022-02-03,4178,2,37.1,1
6803,2019-09-08,3551,4,17.3,1
6804,2020-12-28,1882,2,50.8,1
6805,2019-09-08,2948,3,36.0,1
6806,2022-06-01,3613,4,30.9,3
6807,2023-03-29,1448,1,63.8,5
6808,2023-07-10,1238,1,22.2,3
6809,2019-08-18,3149,4,33.5,4
6810,2022-12-28,3431,4,18.7,2
6811,2021-02-12,2707,1,64.3,1
6812,2022-10-12,3300,3,47.7,2
6813,2020-07-12,3765,1,10.1,4
6814,2020-07-01,858,3,48.2,5
6815,2023-06-16,1474,3,55.6,5
6816,2019-10-22,2865,4,59.4,4
6817,2021-03-05,1016,2,64.3,5
6818,2021-06-20,2977,1,47.9,1
6819,2021-11-08,4146,2,62.4,5
6820,2021-07-30,3144,2,63.4,3
6821,2020-05-11,740,2,42.7,3
6822,2019-01-09,89,4,43.4,5
6823,2023-06-08,3858,1,46.3,3
6824,2023-03-28,3819,3,27.0,4
6825,2022-06-05,2335,3,38.4,3
6826,2020-06-06,192,4,60.3,3
6827,2023-09-27,2006,4,65.4,3
6828,2022-02-02,2873,2,45.1,5
6829,2019-05-04,4289,1,60.4,3
6830,2019-05-20,823,3,10.3,3
6831,2020-10-02,4664,1,35.2,4
6832,2023-05-10,3968,1,62.6,4
6833,2022-09-19,2414,2,40.2,4
6834,2021-10-13,4728,2,42.3,1
6835,2022-08-10,1147,4,52.9,3
6836,2019-05-17,4588,4,37.8,4
6837,2020-03-11,611,2,57.2,4
6838,2019-07-17,2800,3,19.9,2
6839,2023-12-18,2081,1,61.4,2
6840,2021-07-06,4151,2,13.2,5
6841,2020-04-27,2972,4,23.6,4
6842,2020-05-02,2163,3,11.6,5
6843,2022-07-21,4173,2,14.1,5
6844,2021-02-20,2070,3,37.4,3
6845,2020-01-05,427,4,17.6,2
6846,2023-10-25,115,3,37.6,1
6847,2023-04-19,1700,2,44.2,3
6848,2021-09-09,13,2,7.5,3
6849,2019-12-31,62,2,52.7,3
6850,2019-04-09,4485,1,26.6,2
6851,2023-11-29,65,4,12.7,4
6852,2022-04-20,2025,1,43.8,4
6853,2023-08-09,4416,2,16.2,3
6854,2023-01-18,994,3,35.6,5
6855,2021-03-20,2535,3,48.8,1
6856,2022-12-14,1436,3,18.8,1
6857,2021-02-23,2739,3,45.6,3
6858,2022-01-22,4603,1,51.8,1
6859,2020-01-30,4792,2,19.7,2
6860,2019-03-12,221,4,64.9,2
6861,2022-12-17,2502,3,24.6,4
6862,2022-06-14,360,1,53.5,2
6863,2023-04-28,861,3,52.2,5
6864,2020-11-21,4901,3,32.1,3
6865,2023-08-19,638,1,63.3,4
6866,2023-02-21,2368,4,61.2,2
6867,2022-11-27,420,2,65.5,5
6868,2020-08-06,916,2,62.9,3
6869,2020-06-17,3281,3,59.3,2
6870,2022-09-13,1351,1,4.0,1
6871,2022-07-24,4749,3,65.5,4
6872,2020-03-11,2015,4,8.7,5
6873,2020-07-27,2710,4,10.2,5
6874,2021-09-23,2515,4,17.8,5
6875,2021-07-04,912,2,62.6,5
6876,2022-05-07,4564,4,4.7,4
6877,2021-08-18,3123,3,31.1,2
6878,2023-08-26,4941,3,36.4,5
6879,2023-01-17,2520,1,14.0,3
6880,2022-01-19,4170,2,13.1,5
6881,2020-05-17,3499,2,1.0,4
6882,2021-09-05,2885,3,44.1,2
6883,2022-11-23,4101,4,2.9,1
6884,2022-05-04,2707,2,66.9,1
6885,2023-06-02,2185,1,42.2,1
6886,2023-07-04,3303,2,24.0,1
6887,2020-05-25,1851,1,34.1,3
6888,2019-06-26,729,3,66.1,5
6889,2023-02-09,3429,2,17.8,2
6890,2019-01-02,2450,4,52.5,3
6891,2019-12-04,4272,1,17.4,5
6892,2021-08-22,123,3,47.4,1
6893,2023-01-27,1478,4,14.8,5
6894,2022-09-05,2524,2,49.5,2
6895,2022-05-28,313,4,12.9,5
6896,2022-03-12,4500,3,41.5,3
6897,2020-10-19,4517,2,69.2,2
6898,2022-12-27,1932,4,10.9,4
6899,2023-10-25,4658,4,65.5,5
6900,2019-01-07,4626,3,38.8,4
6901,2020-07-20,1273,4,9.3,3
6902,2021-08-30,4425,3,16.9,4
6903,2021-06-10,4486,1,42.7,2
6904,2019-12-27,2851,1,69.9,1
6905,2020-06-13,950,3,59.3,1
6906,2019-09-27,955,2,9.7,4
6907,2019-02-22,3614,2,22.8,2
6908,2022-03-28,158,3,27.9,1
6909,2021-09-13,1037,1,60.2,2
6910,2023-10-30,1323,3,31.8,2
6911,2021-03-06,3203,2,45.2,1
6912,2019-03-19,3638,2,56.4,5
6913,2023-07-17,553,4,11.4,5
6914,2022-07-11,3394,2,62.1,5
6915,2021-04-28,1542,2,71.7,2
6916,2022-12-27,4309,3,43.7,3
6917,2020-06-12,545,2,39.3,1
6918,2022-08-29,1420,1,37.5,5
6919,2020-07-15,2851,4,7.8,3
6920,2022-07-22,1826,1,27.1,1
6921,2023-03-16,2363,1,16.6,4
6922,2020-10-10,1382,3,4.1,1
6923,2021-02-03,2099,4,46.3,5
6924,2020-12-28,2227,4,29.9,4
6925,2020-04-02,2308,3,7.9,3
6926,2019-02-06,1960,1,7.7,5
6927,2019-12-26,1765,1,30.2,2
6928,2020-05-26,3372,4,35.5,1
6929,2023-01-06,2741,4,63.2,1
6930,2020-09-04,3671,2,27.5,4
6931,2021-09-23,4377,1,24.1,5
6932,2022-11-18,2522,1,2.9,1
6933,2019-08-16,1527,4,2.0,4
6934,2022-06-14,245,4,25.0,4
6935,2021-12-28,1280,4,15.0,2
6936,2023-12-03,1623,1,67.2,2
6937,2022-12-18,2762,4,57.0,1
6938,2020-09-22,3300,3,48.6,2
6939,2019-08-30,363,4,33.1,5
6940,2023-01-19,1686,1,4.6,2
6941,2023-11-07,445,2,6.8,5
6942,2020-11-04,1765,2,34.7,2
6943,2023-08-24,252,2,36.1,1
6944,2023-09-25,1554,1,24.2,1
6945,2021-01-17,3977,1,66.2,4
6946,2019-07-15,1931,1,32.6,5
6947,2020-10-30,2756,4,48.2,3
6948,2021-07-21,695,3,1.0,2
6949,2020-02-10,1425,2,71.7,3
6950,2021-04-12,4354,2,25.5,2
6951,2019-02-22,4333,3,25.7,3
6952,2022-04-26,4522,2,58.0,3
6953,2023-01-13,4322,4,23.0,1
6954,2023-09-01,4236,4,70.6,1
6955,2023-12-27,3671,1,47.4,1
6956,2022-10-16,4564,3,12.3,3
6957,2023-04-10,1856,1,67.9,3
6958,2021-12-06,2456,4,4.8,1
6959,2023-08-11,1699,3,8.3,4
6960,2020-05-04,1206,1,24.1,5
6961,2020-05-13,4113,4,56.3,5
6962,2021-11-12,3978,2,18.1,4
6963,2020-10-03,3953,1,32.5,4
6964,2019-09-11,790,4,6.1,2
6965,2023-01-14,4196,3,49.6,2
6966,2021-01-17,1954,4,58.1,4
6967,2021-08-08,50,2,8.2,1
6968,2020-09-27,4239,4,8.7,1
6969,2021-04-13,3564,3,6.4,4
6970,2021-09-30,3448,2,23.6,1
6971,2019-10-01,3975,2,6.9,2
6972,2021-01-08,1679,4,17.3,2
6973,2021-10-15,315,3,20.9,4
6974,2022-04-05,2018,2,33.2,1
6975,2023-05-30,656,4,8.7,3
6976,2023-12-09,2941,3,30.1,2
6977,2021-01-05,563,3,41.7,1
6978,2020-04-03,1220,4,40.9,4
6979,2019-09-05,308,3,59.4,4
6980,2023-08-25,1100,4,44.6,1
6981,2021-03-12,56,1,65.3,1
6982,2019-11-16,1558,2,60.8,2
6983,2020-10-28,248,1,47.1,1
6984,2022-12-31,4409,1,15.5,4
6985,2019-05-04,583,2,39.6,3
6986,2019-08-05,4748,2,12.5,2
6987,2021-10-29,3808,1,49.2,2
6988,2021-02-26,2395,4,6.9,2
6989,2021-04-25,3116,3,15.9,4
6990,2023-10-30,3978,1,42.0,4
6991,2023-09-13,4907,3,3.5,4
6992,2022-04-16,3168,3,23.1,1
6993,2021-11-13,2574,3,71.6,5
6994,2023-01-27,3062,1,61.8,1
6995,2019-03-03,3189,3,19.6,5
6996,2019-05-15,4132,2,19.6,1
6997,2019-11-29,3733,1,70.7,2
6998,2022-01-14,1661,4,69.1,5
6999,2022-05-13,4087,3,15.3,5
7000,2020-03-16,4875,2,56.5,5
7001,2023-02-16,1450,4,68.5,4
7002,2019-06-22,4564,3,38.2,5
7003,2020-04-20,1198,3,27.7,2
7004,2022-01-03,1885,2,66.0,4
7005,2022-09-27,4998,3,54.7,3
7006,2020-07-31,1994,3,5.2,4
7007,2022-09-15,3024,2,30.0,2
7008,2021-06-02,3874,1,29.4,3
7009,2023-08-31,3476,2,19.4,1
7010,2023-12-08,4745,4,45.9,4
7011,2023-05-05,1418,1,33.5,4
7012,2020-09-26,1818,4,11.2,3
7013,2020-10-29,208,2,15.0,5
7014,2020-01-14,1317,1,37.3,4
7015,2023-11-21,2961,2,54.2,5
7016,2019-02-20,847,2,45.2,2
7017,2021-08-20,3005,1,31.7,4
7018,2021-02-25,4158,1,68.6,1
7019,2019-03-06,690,4,46.5,2
7020,2020-12-23,3269,3,66.1,5
7021,2020-08-04,890,1,28.3,5
7022,2021-01-09,3978,3,62.9,5
7023,2019-03-06,1409,1,47.7,5
7024,2020-10-10,694,1,45.0,4
7025,2023-02-01,2407,2,6.4,1
7026,2019-04-20,2682,3,25.8,2
7027,2021-08-16,2139,3,35.0,3
7028,2021-01-18,3975,3,67.7,5
7029,2023-05-23,3171,2,39.0,1
7030,2021-09-07,4563,4,34.1,2
7031,2022-11-06,4786,1,48.2,2
7032,2023-01-22,4897,4,9.6,3
7033,2020-09-01,3629,3,52.0,3
7034,2020-07-09,1837,4,22.6,3
7035,2022-03-24,2737,2,19.9,3
7036,2020-09-29,484,4,26.8,1
7037,2022-06-24,2459,3,71.4,1
7038,2019-10-27,21,4,47.5,1
7039,2019-05-11,4747,1,66.1,4
7040,2019-07-14,4836,1,26.8,1
7041,2021-01-18,2899,4,4.1,2
7042,2020-05-16,1822,3,40.3,3
7043,2019-11-12,3937,1,31.8,2
7044,2020-06-28,2262,3,25.1,3
7045,2019-07-21,4458,2,7.0,4
7046,2022-12-05,1305,1,5.9,4
7047,2023-02-21,4075,1,22.4,1
7048,2020-10-20,571,2,45.6,4
7049,2022-03-25,2323,4,32.1,2
7050,2023-03-09,1295,1,4.3,2
7051,2020-08-17,3759,3,61.1,3
7052,2021-03-05,3763,3,31.4,3
7053,2023-09-07,3962,1,45.0,2
7054,2022-07-17,3888,4,59.6,5
7055,2020-07-05,1132,1,18.4,4
7056,2023-05-18,1379,2,66.6,1
7057,2022-07-21,4676,4,60.7,3
7058,2023-05-01,1661,3,39.9,3
7059,2022-10-22,4779,1,49.9,1
7060,2020-11-02,607,1,4.1,1
7061,2021-07-24,1680,3,17.0,2
7062,2022-06-19,845,3,64.5,1
7063,2019-09-24,173,3,19.0,2
7064,2021-07-27,2509,1,18.9,4
7065,2021-12-21,347,3,36.3,5
7066,2021-01-10,2758,3,19.9,1
7067,2021-10-28,1052,3,60.7,3
7068,2019-02-28,4105,2,36.5,4
7069,2022-09-23,4439,2,25.0,1
7070,2020-11-25,3358,2,3.1,4
7071,2020-11-28,4241,1,50.0,5
7072,2020-11-02,432,2,13.5,1
7073,2022-01-28,2415,3,25.2,3
7074,2021-03-09,780,4,66.6,2
7075,2022-01-10,551,3,40.5,1
7076,2023-12-05,392,4,10.4,4
7077,2023-04-20,4328,1,61.2,3
7078,2022-11-24,854,4,48.1,3
7079,2020-09-09,4992,1,12.2,3
7080,2022-10-06,1776,2,19.7,4
7081,2019-07-26,3111,2,34.3,5
7082,2019-06-17,128,3,50.9,3
7083,2020-12-17,3808,4,35.9,3
7084,2023-10-05,3354,3,57.1,5
7085,2023-12-25,68,1,27.0,2
7086,2022-01-22,1968,2,53.1,4
7087,2021-04-20,1938,2,20.4,5
7088,2023-12-23,1709,3,6.8,5
7089,2019-09-01,1624,3,50.7,5
7090,2022-09-16,2895,4,61.2,2
7091,2021-01-02,4882,1,18.6,5
7092,2023-04-24,4822,2,53.1,1
7093,2022-04-12,241,3,14.2,2
7094,2021-04-09,4941,4,51.3,3
7095,2021-09-11,4738,1,38.1,1
7096,2020-08-02,4291,3,23.7,3
7097,2019-05-27,2162,3,71.6,4
7098,2022-05-11,476,3,68.4,2
7099,2023-07-11,2878,2,46.6,1
7100,2020-12-27,528,4,34.1,4
7101,2019-05-12,638,2,34.8,1
7102,2023-11-01,4677,3,53.9,5
7103,2022-08-15,167,3,58.3,1
7104,2020-06-06,2289,3,13.2,3
7105,2023-07-12,4335,3,8.0,2
7106,2022-11-03,4409,2,37.3,2
7107,2021-11-12,4755,2,36.2,1
7108,2022-08-20,664,4,60.8,3
7109,2019-07-25,1840,1,71.7,2
7110,2022-12-25,2976,2,9.4,5
7111,2022-10-05,2862,4,57.1,3
7112,2020-02-06,3892,1,41.6,3
7113,2020-03-28,4097,1,47.6,5
7114,2023-05-04,2613,1,51.5,1
7115,2020-12-23,4399,4,69.1,5
7116,2023-02-04,1722,4,53.2,2
7117,2022-06-22,3285,2,20.4,3
7118,2023-03-23,4767,3,50.5,3
7119,2023-07-10,1994,1,24.0,2
7120,2023-04-15,2539,1,6.9,5
7121,2020-01-25,4625,3,45.2,5
7122,2019-07-08,3065,4,53.2,2
7123,2019-09-17,1645,1,50.5,2
7124,2020-04-07,2051,1,66.4,1
7125,2019-10-26,395,2,40.7,4
7126,2023-11-29,263,3,59.1,4
7127,2021-06-05,2428,3,51.1,1
7128,2020-04-25,1090,3,45.2,4
7129,2021-12-08,3511,3,5.9,1
7130,2020-09-01,2882,1,27.7,4
7131,2022-06-15,3262,4,10.0,4
7132,2023-07-09,1887,3,55.7,5
7133,2020-06-23,2883,3,31.0,3
7134,2020-08-26,1102,1,18.0,2
7135,2020-03-09,4062,2,64.1,3
7136,2019-03-10,2547,1,31.5,2
7137,2021-11-29,2040,2,14.3,5
7138,2023-02-05,4156,2,15.0,5
7139,2023-07-17,1299,1,10.6,2
7140,2023-06-15,1207,2,33.7,5
7141,2021-11-08,3317,1,27.3,4
7142,2022-05-15,3069,1,1.0,4
7143,2023-04-07,1408,4,32.8,5
7144,2022-10-31,208,3,46.6,1
7145,2020-04-04,545,3,5.3,2
7146,2020-01-17,3026,3,16.5,2
7147,2021-11-02,3928,2,29.5,3
7148,2023-09-19,3909,4,67.4,2
7149,2019-02-20,1625,3,63.3,2
7150,2023-06-28,4572,2,8.5,4
7151,2021-04-25,1016,4,37.8,2
7152,2019-05-09,4142,4,16.0,2
7153,2019-12-22,3898,4,68.6,4
7154,2022-08-19,3947,1,43.4,1
7155,2021-04-30,887,1,14.4,1
7156,2021-05-24,4626,2,46.2,5
7157,2019-06-06,3833,2,8.2,3
7158,2020-07-02,237,1,49.4,1
7159,2023-10-20,4323,3,57.4,1
7160,2022-08-16,3,4,26.5,5
7161,2022-07-17,1924,1,31.0,4
7162,2020-11-19,1200,2,71.5,2
7163,2020-02-16,4125,3,21.5,3
7164,2021-12-03,453,4,53.8,4
7165,2019-08-04,2059,2,61.6,2
7166,2023-08-09,1783,2,17.4,4
7167,2019-08-19,3463,2,30.6,3
7168,2023-05-14,2135,2,37.6,1
7169,2023-10-10,233,3,47.1,4
7170,2022-03-14,3810,2,10.3,5
7171,2021-03-18,245,2,37.9,2
7172,2019-07-03,2614,4,3.6,1
7173,2020-12-25,1091,2,15.0,5
7174,2020-03-10,4079,4,55.8,2
7175,2021-10-06,3961,1,12.0,4
7176,2022-10-04,4500,1,14.4,1
7177,2020-12-19,2253,2,24.2,3
7178,2020-08-19,3840,1,29.8,2
7179,2023-04-24,1516,3,23.4,1
7180,2020-04-04,3222,2,66.1,1
7181,2021-10-20,4593,3,67.4,3
7182,2019-03-29,4391,2,65.8,3
7183,2021-03-04,2540,2,34.9,2
7184,2020-04-25,4148,1,19.6,1
7185,2022-12-02,2008,1,65.2,2
7186,2019-05-27,1403,1,35.3,1
7187,2020-10-19,2614,3,62.5,5
7188,2020-10-03,966,4,32.5,4
7189,2022-05-06,3591,4,10.4,4
7190,2021-10-25,2172,4,67.1,5
7191,2023-04-14,1404,3,53.8,5
7192,2023-06-04,2313,4,51.7,2
7193,2020-06-16,2883,1,5.9,1
7194,2022-03-19,2155,2,14.3,3
7195,2020-09-19,604,1,49.0,2
7196,2022-09-14,849,4,57.6,3
7197,2020-01-12,3561,2,13.3,1
7198,2019-08-23,3655,4,53.4,4
7199,2022-05-26,4743,2,9.9,3
7200,2023-05-08,2881,3,28.5,4
7201,2019-09-27,2202,3,35.8,1
7202,2019-09-14,2038,2,37.8,4
7203,2023-06-11,1545,1,18.1,5
7204,2020-11-10,3131,1,7.5,2
7205,2019-05-08,199,1,59.0,1
7206,2021-03-25,4939,1,20.6,4
7207,2021-11-06,1672,3,68.3,5
7208,2023-11-03,603,3,24.4,1
7209,2019-06-30,2303,4,67.5,2
7210,2020-06-30,3336,4,65.0,4
7211,2022-02-01,1463,4,23.0,2
7212,2021-09-20,3226,2,35.8,5
7213,2019-11-15,4997,4,64.6,2
7214,2022-11-01,908,1,13.0,2
7215,2023-07-03,3417,3,11.6,4
7216,2021-05-05,1094,1,58.3,5
7217,2020-09-23,1444,4,10.6,1
7218,2022-12-06,2679,2,22.5,5
7219,2020-09-20,1223,2,38.7,2
7220,2022-07-20,3776,1,24.7,5
7221,2020-04-26,827,4,60.0,5
7222,2020-05-19,4298,2,69.4,5
7223,2022-08-03,4962,2,13.2,4
7224,2023-06-11,3678,3,48.3,5
7225,2021-05-06,1316,1,17.4,3
7226,2022-12-19,4849,3,71.8,5
7227,2021-02-12,1426,2,30.3,4
7228,2023-04-20,1795,4,42.5,4
7229,2023-09-22,4811,3,40.5,3
7230,2020-07-09,853,3,40.0,3
7231,2020-04-25,2547,2,48.6,4
7232,2020-07-12,3369,4,2.3,1
7233,2023-01-19,4669,4,66.1,5
7234,2022-09-10,808,1,7.1,1
7235,2019-04-03,3324,1,19.8,3
7236,2020-07-13,3775,1,53.5,4
7237,2023-05-19,2496,2,4.8,1
7238,2021-05-08,3532,2,60.3,4
7239,2023-12-07,3398,4,65.2,1
7240,2022-10-01,3395,3,64.7,1
7241,2020-08-18,4953,1,28.0,3
7242,2022-11-15,2250,1,6.9,5
7243,2021-06-02,4571,1,70.5,4
7244,2022-07-24,3653,4,71.1,5
7245,2019-11-29,3353,1,28.2,4
7246,2020-02-15,636,3,41.8,3
7247,2019-09-15,3680,3,50.6,2
7248,2022-03-26,2106,1,34.9,2
7249,2023-05-15,14,3,4.7,4
7250,2019-02-10,1232,3,25.0,3
7251,2022-07-25,1173,2,52.8,3
7252,2023-05-13,499,1,51.9,3
7253,2022-09-14,3544,1,11.5,1
7254,2020-08-10,3366,1,65.5,1
7255,2020-10-30,2474,2,27.6,3
7256,2022-12-26,2655,3,43.6,4
7257,2020-04-28,767,3,56.3,1
7258,2022-09-25,1884,2,69.2,1
7259,2023-11-04,1651,1,2.3,2
7260,2022-01-27,3065,3,52.0,3
7261,2023-09-01,4847,3,28.6,4
7262,2020-07-20,1176,1,45.7,1
7263,2023-07-01,2213,2,44.1,3
7264,2020-12-25,928,1,65.0,5
7265,2021-12-02,4552,2,56.0,3
7266,2019-12-17,4873,2,23.5,5
7267,2021-10-24,1977,1,20.9,4
7268,2020-12-17,2212,1,6.2,1
7269,2023-06-11,2456,4,17.6,2
7270,2023-09-23,3816,1,71.8,2
7271,2021-09-02,4512,4,25.1,1
7272,2021-12-26,3158,1,9.3,5
7273,2020-08-13,3810,1,59.9,2
7274,2019-01-20,834,1,9.3,2
7275,2021-02-03,3789,3,63.8,1
7276,2022-12-17,2037,3,36.6,3
7277,2022-05-11,3490,1,58.1,4
7278,2023-07-01,1750,3,15.8,1
7279,2022-08-05,3919,4,24.5,3
7280,2019-11-05,3349,2,13.3,3
7281,2019-12-26,2385,3,50.2,5
7282,2022-12-15,1547,2,66.1,2
7283,2019-01-17,3990,4,35.6,5
7284,2022-12-11,2763,4,39.9,1
7285,2021-05-07,339,1,34.6,4
7286,2020-10-05,1292,1,65.9,4
7287,2022-12-04,2858,2,58.5,1
7288,2021-05-06,2640,4,32.5,1
7289,2020-04-27,4674,4,24.9,5
7290,2021-09-09,231,4,35.0,3
7291,2022-11-02,2474,4,24.2,5
7292,2019-03-29,1099,1,34.8,3
7293,2020-08-03,1719,2,28.6,1
7294,2022-07-17,4139,3,51.3,5
7295,2023-08-10,2166,1,50.8,4
7296,2020-09-13,4644,4,52.6,1
7297,2019-06-08,3364,4,5.5,5
7298,2022-04-13,3671,4,60.7,2
7299,2023-04-26,134,3,8.1,4
7300,2022-10-18,2421,1,61.1,2
7301,2019-08-18,4975,2,47.1,4
7302,2020-07-05,3812,1,63.9,2
7303,2020-03-26,2693,3,49.7,2
7304,2020-09-17,4472,2,7.2,3
7305,2022-09-06,1883,3,37.5,4
7306,2022-06-12,3840,1,10.8,1
7307,2020-05-12,2325,3,34.3,3
7308,2020-08-05,963,2,47.5,1
7309,2021-06-13,1318,3,70.9,4
7310,2023-12-01,4433,3,14.7,2
7311,2019-04-27,3018,2,44.6,3
7312,2020-06-17,2082,1,33.7,3
7313,2021-02-12,640,2,58.8,3
7314,2023-12-15,3918,3,63.7,2
7315,2022-02-05,3075,4,46.1,3
7316,2023-01-26,4202,1,67.2,3
7317,2021-11-11,1198,4,58.2,1
7318,2022-01-26,4144,1,46.5,3
7319,2023-05-23,493,2,20.0,2
7320,2019-10-23,3863,1,51.6,2
7321,2021-07-03,1683,4,2.2,3
7322,2021-02-04,211,2,3.2,5
7323,2019-10-06,11,2,14.0,5
7324,2022-06-15,975,4,19.6,3
7325,2019-12-30,3496,1,64.9,4
7326,2021-10-25,1551,2,38.4,2
7327,2022-12-20,4167,3,58.8,1
7328,2022-05-26,2790,3,44.3,2
7329,2020-04-11,2027,3,28.6,5
7330,2022-10-10,67,2,35.0,1
7331,2021-01-06,3578,2,38.9,3
7332,2020-10-18,4035,4,68.5,2
7333,2020-03-18,1254,1,23.0,5
7334,2019-07-28,2973,2,35.2,5
7335,2023-03-08,2978,3,18.6,3
7336,2023-09-30,75,1,64.6,3
7337,2021-01-24,2836,4,71.8,4
7338,2023-09-02,2655,4,58.4,5
7339,2019-01-19,2793,3,71.0,1
7340,2020-09-13,3673,3,47.4,3
7341,2020-10-19,3492,4,3.2,5
7342,2023-07-29,1057,2,65.8,5
7343,2021-04-26,2654,1,9.9,1
7344,2022-07-17,3721,1,23.9,3
7345,2020-03-03,1944,2,9.6,4
7346,2020-09-16,2713,2,38.9,5
7347,2023-04-18,3386,2,70.8,1
7348,2022-08-08,1429,4,65.8,4
7349,2021-03-24,1607,4,56.0,4
7350,2023-03-02,1696,2,41.8,2
7351,2019-01-18,817,2,40.1,5
7352,2022-10-01,592,3,34.6,3
7353,2020-12-08,1849,2,41.2,1
7354,2023-06-02,897,2,15.7,4
7355,2021-12-16,4494,2,24.9,1
7356,2023-11-03,335,4,13.4,2
7357,2019-09-10,135,1,34.1,5
7358,2021-06-14,3138,4,37.5,4
7359,2019-03-13,1067,2,68.9,5
7360,2019-12-28,4712,2,21.2,2
7361,2020-02-16,4831,2,55.7,3
7362,2021-07-06,1111,4,20.4,1
7363,2020-12-01,3205,1,60.1,2
7364,2021-11-27,1645,4,68.2,3
7365,2020-04-10,1852,3,1.2,5
7366,2021-10-21,4819,2,71.6,4
7367,2022-10-08,4957,2,38.3,5
7368,2019-11-09,3529,2,53.6,3
7369,2021-11-13,1519,4,0.8,5
7370,2022-08-25,2753,4,65.6,3
7371,2022-12-13,4187,4,10.4,5
7372,2022-09-11,1312,2,54.9,1
7373,2023-09-10,4664,1,26.2,2
7374,2019-10-01,4832,3,6.8,4
7375,2023-03-08,4133,4,41.0,1
7376,2021-05-01,542,3,44.9,2
7377,2020-03-20,2048,1,44.2,4
7378,2020-07-31,3675,4,65.3,1
7379,2020-05-22,4255,3,38.3,5
7380,2022-10-08,525,3,68.8,2
7381,2021-01-27,1926,1,42.9,2
7382,2022-01-09,214,3,67.1,5
7383,2021-01-04,1953,1,46.1,1
7384,2022-08-01,2750,2,7.0,1
7385,2019-05-11,3065,2,54.3,4
7386,2021-05-10,1642,3,50.4,1
7387,2020-04-20,4472,2,39.9,1
7388,2021-09-20,2832,4,53.6,4
7389,2019-04-24,2923,2,25.7,1
7390,2019-07-10,4931,4,6.0,2
7391,2022-04-13,3657,3,36.4,3
7392,2019-11-17,4821,1,48.0,2
7393,2019-03-14,2885,2,60.5,5
7394,2023-12-17,1058,2,53.7,2
7395,2021-01-13,12,4,20.5,3
7396,2019-03-31,1051,3,70.2,1
7397,2021-06-01,4708,2,26.5,4
7398,2021-06-02,3117,3,46.3,2
7399,2020-08-07,154,1,31.4,1
7400,2023-01-29,3586,2,37.9,2
7401,2022-09-19,3681,4,6.5,2
7402,2022-04-20,1281,3,17.4,2
7403,2020-09-26,4023,3,27.7,5
7404,2023-01-16,3171,2,41.9,1
7405,2020-02-05,3696,4,70.0,4
7406,2020-07-15,570,3,42.8,4
7407,2022-11-02,995,1,15.9,1
7408,2019-02-02,2319,4,16.2,5
7409,2023-02-28,1256,4,48.8,5
7410,2019-09-25,3496,4,11.6,1
7411,2019-09-23,4159,4,31.8,3
7412,2022-12-18,4823,4,39.7,2
7413,2019-03-11,2856,1,15.9,3
7414,2020-11-01,1981,4,71.2,2
7415,2023-02-24,3799,1,16.5,2
7416,2021-01-12,4414,4,42.5,5
7417,2023-06-19,2072,3,48.1,5
7418,2020-04-12,322,1,32.5,1
7419,2022-02-24,4018,3,71.0,1
7420,2019-01-21,4494,4,59.7,3
7421,2022-03-28,984,1,51.2,1
7422,2021-04-16,1972,1,49.8,3
7423,2023-01-31,407,1,66.6,5
7424,2020-03-14,3294,4,35.9,3
7425,2021-06-03,3004,2,21.5,3
7426,2020-01-29,1000,2,69.1,3
7427,2021-07-18,3888,3,16.1,1
7428,2021-09-12,3765,3,1.3,5
7429,2019-08-08,2933,3,54.8,4
7430,2022-06-10,1111,2,14.1,5
7431,2020-11-01,4478,1,49.6,3
7432,2020-04-22,3214,2,24.8,5
7433,2021-12-14,3979,2,19.4,2
7434,2021-06-21,633,1,58.0,2
7435,2022-07-29,786,3,38.2,2
7436,2021-04-16,4175,3,66.0,2
7437,2021-11-02,550,2,51.3,2
7438,2021-09-18,1875,1,57.1,4
7439,2022-09-07,2301,3,60.5,1
7440,2021-03-13,3132,3,38.7,1
7441,2022-02-09,148,4,31.1,4
7442,2020-02-11,4942,4,45.1,4
7443,2022-05-28,428,3,41.4,4
7444,2022-12-04,2642,4,62.8,3
7445,2019-06-01,2416,4,2.9,5
7446,2022-08-03,4760,2,13.8,1
7447,2019-03-14,1102,2,26.0,3
7448,2022-05-14,2547,1,52.1,1
7449,2021-07-06,1436,4,47.0,1
7450,2019-04-05,4402,1,14.5,3
7451,2021-10-31,2342,4,49.1,1
7452,2019-10-08,2213,2,13.3,4
7453,2021-12-21,1933,3,65.8,3
7454,2019-02-11,193,4,9.6,3
7455,2021-09-06,1009,2,20.7,3
7456,2019-09-02,1389,1,15.0,4
7457,2023-01-31,3289,1,63.3,2
7458,2021-03-19,143,4,48.9,4
7459,2019-06-30,2729,4,58.9,3
7460,2020-06-15,3221,1,67.2,3
7461,2019-08-28,3128,3,44.2,2
7462,2021-08-21,352,2,40.7,3
7463,2023-10-21,170,4,59.1,2
7464,2019-02-13,3005,2,11.6,5
7465,2023-07-17,3951,4,39.6,5
7466,2022-06-22,4983,1,64.8,2
7467,2020-10-12,1866,4,67.6,1
7468,2021-03-17,4456,4,69.9,3
7469,2023-04-05,2566,2,18.3,3
7470,2021-02-17,4450,1,63.7,1
7471,2023-08-29,3276,3,55.6,4
7472,2022-08-10,3781,1,8.8,3
7473,2019-06-30,242,1,52.9,5
7474,2020-08-22,1411,1,15.8,1
7475,2021-08-11,3145,1,23.7,3
7476,2022-10-10,708,4,23.0,1
7477,2019-08-06,2832,1,57.5,4
7478,2022-06-26,858,3,8.9,3
7479,2020-04-13,4719,3,57.4,1
7480,2021-12-26,473,1,33.6,4
7481,2020-05-27,2715,1,21.4,2
7482,2020-10-29,1943,2,70.8,4
7483,2020-05-05,4297,2,50.0,4
7484,2022-07-20,1951,4,48.8,4
7485,2019-09-08,1028,2,23.0,4
7486,2019-06-26,696,2,8.7,2
7487,2022-09-19,899,1,44.5,5
7488,2020-12-26,1547,3,53.9,1
7489,2021-08-17,799,2,27.1,4
7490,2023-07-20,1914,4,58.3,3
7491,2022-08-29,281,3,39.3,1
7492,2023-10-01,1182,2,1.9,4
7493,2022-04-01,3100,2,50.0,4
7494,2019-08-29,4966,3,51.5,4
7495,2021-08-10,2431,2,45.5,3
7496,2021-02-08,2132,4,11.6,4
7497,2019-06-18,684,2,70.1,4
7498,2023-10-21,1967,4,50.9,5
7499,2022-04-03,2061,4,7.0,2
7500,2022-12-28,4797,4,33.2,3
7501,2021-04-14,1205,4,54.0,3
7502,2021-12-29,3891,2,55.1,1
7503,2023-06-05,681,2,10.2,4
7504,2020-08-13,4457,1,30.8,2
7505,2021-12-22,2977,1,51.2,5
7506,2019-05-18,3468,2,25.7,3
7507,2023-10-06,2262,3,42.0,5
7508,2023-12-29,687,1,49.7,2
7509,2023-06-03,1963,2,39.3,5
7510,2022-07-30,1037,1,50.6,2
7511,2022-11-19,515,3,59.6,2
7512,2023-07-25,764,1,37.1,4
7513,2020-07-28,1262,4,51.4,1
7514,2021-02-21,3277,1,49.5,1
7515,2023-02-25,2038,3,36.5,2
7516,2020-06-01,1250,4,9.1,2
7517,2022-11-14,3369,1,11.0,1
7518,2021-10-09,1805,3,39.5,3
7519,2019-09-01,858,1,15.2,5
7520,2019-05-17,1140,3,42.0,4
7521,2023-06-01,3298,1,8.8,1
7522,2022-08-31,2302,2,17.2,1
7523,2023-01-06,4052,1,61.3,3
7524,2022-06-17,1490,4,16.6,4
7525,2022-12-30,1934,1,56.1,2
7526,2022-03-10,897,4,67.3,3
7527,2023-10-26,3547,1,43.9,1
7528,2020-03-13,3982,1,8.6,2
7529,2023-07-06,785,2,40.2,4
7530,2020-08-26,1295,2,19.7,4
7531,2020-05-20,2105,4,55.4,5
7532,2022-03-11,4113,3,28.6,1
7533,2023-09-14,3986,4,27.9,2
7534,2020-05-20,1333,3,35.9,4
7535,2020-05-01,330,4,67.2,2
7536,2023-09-14,41,4,59.1,2
7537,2023-03-27,976,2,16.4,4
7538,2020-10-25,696,1,69.6,2
7539,2023-10-19,4911,4,31.2,4
7540,2022-12-31,638,1,63.7,4
7541,2023-02-28,2240,4,30.6,2
7542,2023-02-22,2362,2,30.9,4
7543,2022-03-26,4687,4,23.7,4
7544,2020-12-23,65,3,42.4,4
7545,2023-07-14,1500,1,40.1,4
7546,2020-11-26,4322,4,62.1,2
7547,2020-11-26,1009,4,20.2,4
7548,2019-07-24,4513,1,52.1,1
7549,2022-06-21,1236,4,62.5,3
7550,2021-12-25,2789,3,58.1,2
7551,2023-01-06,4771,2,60.7,4
7552,2021-04-25,4407,2,58.5,4
7553,2020-03-28,4198,1,12.1,5
7554,2019-06-13,4595,1,41.3,5
7555,2023-12-28,4165,4,51.3,2
7556,2019-05-20,1141,4,17.1,2
7557,2020-08-02,3500,2,59.5,3
7558,2021-06-07,3399,1,55.5,1
7559,2022-05-11,2427,4,56.6,3
7560,2023-04-17,1422,2,45.9,5
7561,2022-02-19,3508,1,52.5,1
7562,2023-10-30,1943,4,24.5,4
7563,2023-01-14,751,1,63.2,4
7564,2020-12-13,433,3,19.4,5
7565,2019-01-13,1462,4,24.4,4
7566,2021-01-07,3596,3,12.5,4
7567,2019-07-18,848,3,63.9,2
7568,2020-04-06,3020,3,58.4,4
7569,2020-03-01,3142,3,36.9,4
7570,2022-10-31,1925,4,47.8,5
7571,2023-06-07,2667,1,56.7,5
7572,2022-06-18,1759,4,17.7,1
7573,2021-11-24,474,3,7.7,3
7574,2020-11-21,3080,2,44.0,3
7575,2023-07-20,1687,3,58.4,4
7576,2020-12-26,385,2,45.9,3
7577,2023-03-12,2722,1,1.4,2
7578,2023-02-19,4656,4,51.5,5
7579,2022-08-26,3886,2,50.8,2
7580,2023-05-16,77,2,57.1,2
7581,2021-08-11,560,2,13.9,3
7582,2019-04-11,643,4,33.0,3
7583,2021-05-16,3516,1,40.8,3
7584,2021-08-31,3108,3,52.4,4
7585,2021-05-10,3229,3,46.8,5
7586,2022-12-30,3530,3,71.2,1
7587,2020-01-20,4750,2,45.9,1
7588,2023-08-11,2141,1,39.1,3
7589,2020-03-14,3158,2,10.3,4
7590,2021-05-23,570,1,57.2,4
7591,2019-05-25,2304,3,20.0,3
7592,2019-07-18,823,2,35.0,2
7593,2023-02-02,257,1,46.6,1
7594,2023-03-26,3561,3,44.0,2
7595,2019-05-01,4956,3,29.6,3
7596,2023-11-08,2747,3,48.2,2
7597,2023-03-28,2706,1,51.5,2
7598,2021-06-22,2609,1,40.3,3
7599,2023-03-18,3657,2,30.3,4
7600,2019-12-29,1673,3,58.2,5
7601,2023-11-11,3530,1,22.2,2
7602,2022-09-20,426,1,41.2,2
7603,2021-01-26,4396,4,17.5,2
7604,2022-12-12,2445,4,12.3,1
7605,2022-03-21,1196,3,59.5,1
7606,2019-04-27,3140,3,30.4,3
7607,2019-08-21,3619,3,40.3,3
7608,2023-02-06,1444,1,40.7,2
7609,2019-09-10,187,2,39.3,5
7610,2019-06-15,694,2,16.9,4
7611,2021-01-23,1658,3,62.8,1
7612,2022-10-08,4758,3,14.1,2
7613,2019-06-12,4063,3,61.7,2
7614,2021-04-22,1638,4,52.5,1
7615,2022-01-06,4221,3,66.1,5
7616,2023-04-09,943,3,15.7,1
7617,2023-09-23,3209,1,36.0,2
7618,2022-11-29,4455,1,55.5,3
7619,2019-03-28,2661,1,30.4,1
7620,2021-12-20,3545,1,30.2,4
7621,2020-08-01,228,4,18.6,4
7622,2021-12-16,2529,1,37.9,5
7623,2023-07-31,254,4,19.2,1
7624,2023-11-19,310,2,5.3,2
7625,2020-09-03,4255,3,13.7,3
7626,2019-07-14,2327,2,45.7,4
7627,2021-05-19,1119,2,36.2,3
7628,2021-08-21,3976,3,5.2,3
7629,2023-04-01,1559,2,54.3,2
7630,2019-04-19,4845,3,22.1,5
7631,2022-07-21,2017,1,14.4,1
7632,2022-11-25,3919,2,20.1,5
7633,2022-01-16,667,3,17.7,4
7634,2022-09-27,3224,3,52.1,2
7635,2022-09-05,2383,4,12.8,5
7636,2021-01-26,2745,4,17.4,4
7637,2020-02-18,2734,3,62.6,4
7638,2020-11-24,4809,4,68.6,1
7639,2020-12-03,1833,1,28.3,5
7640,2020-11-21,4529,1,38.8,5
7641,2021-04-28,1360,3,33.8,3
7642,2019-10-07,4092,4,52.1,2
7643,2019-05-22,529,3,71.9,1
7644,2019-10-29,4269,3,22.9,4
7645,2022-06-12,4881,3,1.2,2
7646,2021-08-07,1051,4,18.7,4
7647,2023-03-02,4909,3,31.2,4
7648,2019-04-20,682,1,67.1,2
7649,2021-12-04,4453,1,14.8,5
7650,2021-10-20,744,3,26.7,2
7651,2019-11-26,1726,3,64.4,4
7652,2019-03-23,3122,2,20.3,5
7653,2020-04-05,449,3,18.7,1
7654,2020-06-18,2347,4,65.9,4
7655,2023-05-23,3227,1,46.5,3
7656,2022-09-26,1809,1,49.9,1
7657,2022-01-30,2812,4,25.7,1
7658,2020-01-11,3239,3,59.1,2
7659,2022-09-01,3276,2,57.9,5
7660,2019-11-22,4573,1,28.8,4
7661,2021-02-10,2316,1,41.6,4
7662,2023-07-23,4575,2,8.1,4
7663,2020-08-29,2187,2,11.5,5
7664,2019-09-19,803,4,48.0,5
7665,2022-07-23,2,4,28.7,2
7666,2022-08-23,89,1,11.4,4
7667,2020-10-08,874,3,46.9,3
7668,2023-05-27,180,2,31.3,5
7669,2021-08-08,2290,3,58.7,3
7670,2020-06-29,2859,2,25.0,5
7671,2023-01-03,2929,2,20.3,4
7672,2021-02-08,858,1,34.0,5
7673,2022-12-21,3455,3,58.0,3
7674,2021-09-22,3749,4,65.0,3
7675,2023-03-13,1844,2,11.9,2
7676,2022-10-09,1704,1,59.9,1
7677,2022-07-28,492,3,44.0,4
7678,2022-06-09,3069,3,53.4,2
7679,2021-04-19,539,3,53.1,2
7680,2023-12-30,3595,3,59.3,3
7681,2019-05-01,3816,1,64.0,5
7682,2021-08-14,1173,1,2.6,3
7683,2023-03-08,635,2,46.2,3
7684,2023-11-22,2971,4,12.0,5
7685,2023-04-06,3564,1,20.7,4
7686,2023-05-23,1589,3,31.2,3
7687,2020-01-27,1482,4,34.8,4
7688,2022-10-01,3792,3,19.8,5
7689,2022-10-16,3898,4,40.9,1
7690,2019-07-06,4072,2,64.8,4
7691,2019-04-14,2956,2,5.8,5
7692,2019-12-02,1474,2,44.8,3
7693,2023-10-10,2427,4,43.2,2
7694,2022-12-26,579,3,33.8,4
7695,2022-06-01,3193,4,29.9,5
7696,2021-11-14,2807,3,20.1,5
7697,2020-12-22,2085,4,47.8,4
7698,2019-05-27,1996,2,31.4,4
7699,2021-12-10,4246,3,40.3,3
7700,2022-04-08,989,3,6.2,5
7701,2023-07-17,4797,2,40.5,1
7702,2020-03-01,897,2,12.9,1
7703,2020-07-24,971,1,13.2,5
7704,2021-08-10,3880,2,64.4,4
7705,2023-07-10,1067,3,43.6,4
7706,2021-05-15,1113,1,46.7,1
7707,2020-03-09,112,2,69.2,4
7708,2020-10-15,2994,4,11.7,3
7709,2022-04-29,4291,1,58.0,3
7710,2021-09-29,2792,2,40.6,3
7711,2019-08-12,4243,4,64.5,5
7712,2019-04-18,2516,2,8.1,3
7713,2021-09-12,4035,1,39.6,5
7714,2022-12-17,4160,2,0.9,4
7715,2021-02-01,1225,4,53.9,5
7716,2019-07-02,2014,2,46.5,1
7717,2020-06-26,2096,3,32.2,5
7718,2022-04-22,2126,1,21.3,5
7719,2020-08-16,164,3,19.1,2
7720,2022-10-22,3972,3,9.9,4
7721,2019-12-24,223,4,13.1,3
7722,2023-03-16,4760,1,38.5,1
7723,2021-09-10,2601,3,25.1,4
7724,2019-09-07,3566,1,48.5,5
7725,2020-04-21,3916,3,38.7,5
7726,2020-11-02,347,1,24.6,3
7727,2021-02-15,3537,2,62.7,5
7728,2021-03-01,2564,3,0.7,3
7729,2020-03-12,354,1,51.6,4
7730,2020-08-01,3670,2,41.4,2
7731,2019-08-20,4259,4,59.8,3
7732,2019-07-02,2740,1,44.7,4
7733,2023-10-18,3553,4,31.6,2
7734,2020-02-14,864,3,3.9,5
7735,2021-05-21,4333,4,39.2,5
7736,2022-11-26,1289,2,38.4,1
7737,2022-04-16,4535,4,71.3,5
7738,2020-01-24,90,3,23.0,1
7739,2022-07-10,1986,2,57.2,5
7740,2020-07-13,4709,1,35.0,5
7741,2020-06-12,4403,4,47.0,1
7742,2023-12-29,733,4,37.9,2
7743,2020-10-02,1800,4,53.7,4
7744,2021-04-03,4432,2,52.0,3
7745,2019-12-05,1783,1,54.6,4
7746,2019-05-05,258,3,0.8,4
7747,2020-11-08,1933,4,7.0,5
7748,2021-10-03,1612,2,27.1,2
7749,2022-09-22,209,4,41.4,2
7750,2019-04-08,2873,2,29.7,3
7751,2022-10-18,4979,4,69.2,5
7752,2022-07-21,2070,3,28.8,2
7753,2020-03-17,3633,4,48.3,1
7754,2021-04-22,454,3,9.6,5
7755,2020-07-02,799,3,57.9,2
7756,2023-10-23,838,3,33.3,5
7757,2021-11-05,3932,4,66.1,3
7758,2019-04-07,2196,3,36.8,1
7759,2021-09-13,604,3,2.0,5
7760,2020-01-14,418,4,62.5,3
7761,2019-07-19,1264,3,31.8,2
7762,2022-11-05,1215,1,25.6,5
7763,2022-01-28,217,1,13.8,3
7764,2023-07-02,580,4,54.4,4
7765,2020-11-04,4591,3,68.5,5
7766,2020-09-08,1944,4,54.8,2
7767,2019-08-07,1936,4,43.0,3
7768,2020-10-02,3072,1,55.4,2
7769,2021-11-14,2769,4,66.4,5
7770,2023-02-06,3782,1,69.8,5
7771,2022-07-13,1953,1,33.7,3
7772,2023-03-03,1186,3,29.6,5
7773,2021-08-27,1352,1,17.6,1
7774,2021-06-14,3587,3,40.0,4
7775,2020-09-06,1479,3,39.6,5
7776,2022-07-24,4003,3,19.1,3
7777,2021-08-13,2052,4,51.3,2
7778,2020-06-18,1197,2,33.9,3
7779,2021-11-18,4962,3,36.4,2
7780,2023-04-04,1462,1,41.0,2
7781,2023-10-18,757,4,36.9,2
7782,2020-10-18,2049,2,69.1,5
7783,2019-05-24,2837,3,7.3,4
7784,2020-12-28,3862,2,26.5,4
7785,2020-05-15,1089,3,46.9,1
7786,2019-08-27,3205,4,11.7,3
7787,2021-03-05,3068,3,53.4,1
7788,2023-07-25,672,4,32.0,1
7789,2023-08-13,2197,1,2.1,1
7790,2021-05-21,2213,3,2.2,1
7791,2019-03-01,3628,3,32.6,3
7792,2019-02-03,3413,3,5.6,1
7793,2020-08-23,997,2,9.9,1
7794,2021-10-02,2279,1,29.5,2
7795,2022-07-15,3499,4,62.2,5
7796,2023-03-28,1190,2,29.1,2
7797,2022-08-05,3777,4,30.3,1
7798,2019-07-12,3575,3,21.4,4
7799,2021-03-13,962,3,33.9,5
7800,2022-06-27,934,4,38.0,4
7801,2023-05-30,2758,3,37.1,1
7802,2022-12-24,4111,3,68.6,5
7803,2019-08-26,4916,2,62.3,2
7804,2023-01-21,451,1,25.3,2
7805,2020-03-10,1346,4,25.4,1
7806,2023-06-03,4989,4,26.9,1
7807,2019-10-22,580,3,45.2,5
7808,2022-02-12,4370,1,35.7,2
7809,2020-02-07,4697,1,41.1,5
7810,2022-05-27,4564,2,65.1,5
7811,2023-06-13,4266,2,53.2,4
7812,2019-09-10,306,4,67.7,1
7813,2023-02-22,2463,4,39.2,5
7814,2019-01-28,88,4,70.8,5
7815,2022-04-25,281,1,28.8,4
7816,2023-02-19,4326,3,14.8,4
7817,2021-08-25,1770,3,40.2,3
7818,2019-04-20,875,2,18.3,4
7819,2022-01-12,3791,2,36.9,2
7820,2019-04-01,2001,4,65.3,4
7821,2021-02-12,567,3,26.9,5
7822,2022-03-07,2700,1,43.2,1
7823,2021-06-19,238,2,26.1,5
7824,2023-09-24,1238,2,40.5,2
7825,2022-03-08,3441,3,15.7,1
7826,2022-06-23,991,1,24.0,3
7827,2023-07-03,1783,3,30.0,5
7828,2021-09-03,1323,1,59.7,2
7829,2021-10-31,3443,2,23.3,2
7830,2023-09-13,1163,1,30.2,3
7831,2022-06-25,1506,1,10.0,2
7832,2022-10-21,2904,2,21.5,2
7833,2022-03-23,3961,1,56.7,4
7834,2019-12-12,4353,4,35.3,3
7835,2019-09-21,1914,4,30.1,4
7836,2023-01-22,4084,2,40.3,1
7837,2023-04-13,4456,4,40.6,2
7838,2022-06-06,4954,4,39.8,3
7839,2023-08-31,1880,2,46.8,1
7840,2020-02-04,609,2,19.3,1
7841,2023-01-27,304,3,56.0,2
7842,2019-11-04,1276,4,47.9,2
7843,2022-09-12,4983,3,2.7,4
7844,2021-02-24,2438,1,16.7,1
7845,2021-02-28,3306,3,44.9,3
7846,2022-05-26,3241,3,22.0,5
7847,2023-10-06,4637,4,32.1,3
7848,2021-08-28,4456,4,14.5,4
7849,2019-05-01,321,3,28.2,4
7850,2023-04-15,4162,1,59.7,2
7851,2021-03-19,1973,3,63.7,5
7852,2021-03-10,745,2,35.7,4
7853,2020-11-03,171,3,49.8,5
7854,2022-01-21,4586,4,30.7,4
7855,2020-04-28,1394,1,66.0,4
7856,2021-03-08,1880,3,54.8,4
7857,2019-07-08,3138,2,44.2,3
7858,2021-08-07,4121,3,13.8,2
7859,2022-11-14,3266,2,55.6,2
7860,2019-02-10,609,2,19.9,1
7861,2021-01-26,2200,1,68.3,5
7862,2019-09-07,4876,1,54.0,4
7863,2020-03-02,4816,1,34.5,1
7864,2022-12-30,3174,3,69.7,4
7865,2019-12-27,1394,3,69.7,5
7866,2019-02-15,699,3,9.4,1
7867,2023-09-05,4474,1,15.8,3
7868,2022-05-15,1296,1,57.2,3
7869,2023-04-19,1971,3,71.0,2
7870,2022-11-26,3871,1,47.6,5
7871,2019-06-11,1998,2,44.6,5
7872,2022-03-25,2226,1,45.8,5
7873,2021-02-13,935,4,19.6,2
7874,2019-04-28,678,2,10.8,5
7875,2021-06-05,2263,1,6.8,2
7876,2021-06-11,2731,4,38.6,2
7877,2022-04-26,672,1,41.6,3
7878,2021-05-21,3980,3,28.9,1
7879,2020-05-09,667,2,40.5,2
7880,2021-04-27,1950,4,44.8,4
7881,2022-10-16,1215,1,44.5,3
7882,2020-07-08,862,1,4.4,2
7883,2022-04-25,1985,2,40.8,5
7884,2020-02-07,3182,4,48.4,1
7885,2021-02-23,1605,2,39.6,1
7886,2022-10-07,3812,1,32.5,3
7887,2019-12-30,1284,3,53.7,5
7888,2021-08-08,1216,4,31.1,1
7889,2020-06-14,4414,2,66.1,1
7890,2019-06-22,1760,4,29.7,4
7891,2021-12-03,1121,4,67.5,2
7892,2022-03-26,354,1,18.2,4
7893,2020-12-17,95,3,2.6,3
7894,2023-04-03,484,4,66.9,2
7895,2023-06-11,1060,2,67.3,1
7896,2019-01-13,1690,2,26.5,5
7897,2022-04-02,3612,3,32.3,4
7898,2019-03-28,3092,4,44.4,5
7899,2023-03-21,2878,4,48.6,1
7900,2019-09-03,3412,4,25.1,5
7901,2022-09-13,3997,4,11.4,4
7902,2020-01-31,2908,1,36.1,4
7903,2019-03-25,3992,4,47.8,5
7904,2019-12-17,2224,3,11.7,1
7905,2020-11-18,2643,1,3.1,1
7906,2020-09-08,2112,2,52.7,2
7907,2021-11-02,3269,2,2.6,4
7908,2020-04-30,4227,1,22.8,5
7909,2021-12-14,337,2,45.3,2
7910,2019-01-27,363,2,62.7,3
7911,2021-07-18,346,2,29.9,3
7912,2019-01-17,2452,3,1.2,5
7913,2020-01-10,4399,2,70.3,3
7914,2020-11-21,17,4,17.5,2
7915,2020-04-10,412,3,3.8,1
7916,2021-11-15,4856,1,30.0,3
7917,2023-05-01,3296,1,16.5,3
7918,2019-03-31,1068,1,61.5,3
7919,2023-05-03,2388,2,37.0,1
7920,2020-08-27,1064,2,35.0,1
7921,2022-01-18,1817,4,54.6,5
7922,2022-11-30,4234,1,1.6,2
7923,2023-12-06,2023,3,13.6,4
7924,2023-11-11,2238,4,12.3,3
7925,2020-07-19,3481,3,58.5,1
7926,2022-04-09,3055,4,28.2,2
7927,2023-01-18,1613,1,43.2,3
7928,2021-01-20,2366,1,8.5,1
7929,2020-03-09,3903,4,70.8,4
7930,2021-12-24,4597,1,64.7,3
7931,2020-06-13,2492,4,33.2,4
7932,2020-04-13,1976,3,20.1,3
7933,2019-10-16,1693,1,7.6,3
7934,2019-12-12,1786,2,2.4,2
7935,2022-01-19,850,2,1.2,3
7936,2021-04-11,709,1,25.7,4
7937,2023-03-18,4923,1,7.4,5
7938,2023-09-30,3937,1,44.2,5
7939,2019-08-09,2277,1,37.7,2
7940,2023-12-10,4034,2,54.6,2
7941,2021-04-29,3562,1,67.1,2
7942,2021-11-28,1953,3,27.1,4
7943,2021-10-28,323,4,41.7,4
7944,2022-02-05,1008,4,33.6,5
7945,2019-08-18,3222,2,16.2,1
7946,2023-09-14,2069,1,7.1,1
7947,2022-02-10,3089,2,1.1,3
7948,2020-08-04,4377,1,5.7,4
7949,2021-10-08,2844,1,5.7,4
7950,2021-09-24,231,4,36.3,1
7951,2021-02-01,1210,2,1.8,2
7952,2023-07-12,3230,1,56.4,3
7953,2022-06-22,4817,4,33.4,1
7954,2020-03-29,4025,4,42.6,2
7955,2023-07-15,1572,3,6.6,4
7956,2019-01-30,1308,4,9.5,5
7957,2021-10-27,3482,2,16.6,5
7958,2022-04-25,3964,4,18.6,5
7959,2021-06-08,2771,1,28.4,2
7960,2023-09-11,611,4,69.3,3
7961,2020-07-14,2883,4,58.5,3
7962,2019-03-30,2711,1,42.4,2
7963,2023-04-14,4747,4,49.5,2
7964,2019-08-28,3098,1,21.1,3
7965,2019-08-15,2916,3,18.9,5
7966,2019-12-07,1142,3,69.9,4
7967,2022-01-08,2588,2,39.5,3
7968,2023-01-04,4388,2,52.5,4
7969,2022-05-23,865,2,23.4,3
7970,2020-05-09,2085,2,15.3,4
7971,2023-05-26,2625,2,44.2,3
7972,2020-05-10,3283,4,6.2,4
7973,2019-12-11,4860,2,68.9,5
7974,2021-05-01,4145,4,15.7,3
7975,2019-05-11,4599,4,24.4,5
7976,2023-12-07,2555,4,51.3,3
7977,2019-11-28,629,1,68.9,4
7978,2019-04-12,639,1,41.5,3
7979,2020-07-14,2849,4,52.8,4
7980,2020-04-22,827,2,33.0,5
7981,2020-06-15,3606,3,28.7,4
7982,2022-03-01,840,4,68.9,5
7983,2019-06-29,3789,4,17.2,3
7984,2021-09-30,4483,1,57.1,3
7985,2023-07-18,4330,4,40.5,3
7986,2022-07-24,3047,3,40.2,2
7987,2019-09-22,2235,3,5.3,4
7988,2020-09-18,3117,1,32.0,5
7989,2022-08-19,2959,3,63.5,1
7990,2020-02-18,3696,2,37.9,3
7991,2022-05-01,3807,3,6.2,3
7992,2019-03-27,2608,4,41.2,4
7993,2021-01-04,2052,2,39.1,4
7994,2020-08-09,2482,2,14.6,1
7995,2023-07-26,4902,1,69.2,5
7996,2022-03-04,2882,1,49.0,3
7997,2021-12-13,396,4,21.1,5
7998,2023-12-03,237,1,5.9,3
7999,2023-06-01,1626,1,4.9,5
8000,2021-02-10,3953,3,53.3,2
