Order_ID,Date,Product_ID,Customer_ID,Store_ID,Return_Date,Return_Quantity,Return_Reason
75722,2020-03-24,1003,311,48,2020-04-09,1,Changed Mind
80185,2022-04-08,395,2992,88,2022-04-21,1,Defective
19865,2022-05-07,1430,2095,73,2022-05-24,1,Defective
76700,2020-03-14,1048,1694,29,2020-03-19,1,Changed Mind
92992,2023-06-02,69,4010,5,2023-06-25,1,Wrong Item
76435,2020-12-23,332,3989,95,2021-01-01,1,Wrong Item
84005,2019-10-04,1680,1955,73,2019-10-07,1,Changed Mind
80918,2022-12-12,504,3685,78,2023-01-08,1,Defective
60768,2022-06-04,557,982,9,2022-06-25,1,Defective
50075,2021-09-22,1919,3424,51,2021-10-01,1,Changed Mind
27702,2022-10-31,22,119,1,2022-11-05,1,Wrong Item
42142,2023-02-03,1980,1162,66,2023-02-05,1,Defective
45081,2021-02-02,1497,2181,80,2021-02-17,1,Defective
16639,2020-05-12,472,2755,48,2020-05-17,1,Defective
20425,2023-03-09,104,2007,86,2023-03-17,1,Defective
88703,2020-03-22,1722,4698,77,2020-04-10,1,Defective
150,2019-08-10,991,4110,32,2019-08-24,1,Defective
1762,2020-01-05,617,561,80,2020-01-15,1,Wrong Item
63121,2020-05-25,427,2102,62,2020-06-15,1,Defective
69162,2023-12-28,970,1604,38,2023-12-29,1,Changed Mind
64884,2023-06-03,192,2961,41,2023-06-10,1,Changed Mind
2496,2022-01-04,1011,4333,82,2022-01-25,1,Defective
80297,2019-09-11,1655,4336,81,2019-09-30,1,Changed Mind
19448,2019-01-04,382,4246,84,2019-01-22,1,Changed Mind
41332,2019-04-30,1542,372,12,2019-05-16,1,Defective
14889,2023-04-14,728,2566,46,2023-05-13,1,Defective
88637,2021-12-05,946,3796,24,2022-01-01,1,Defective
94893,2023-10-23,1626,1451,74,2023-11-04,1,Defective
92732,2020-07-15,1989,431,74,2020-08-09,1,Defective
29131,2019-07-17,298,180,44,2019-08-15,1,Changed Mind
79023,2021-12-19,399,912,17,2021-12-28,1,Defective
84937,2021-06-08,440,1713,5,2021-06-20,1,Defective
16822,2022-08-03,483,1569,18,2022-08-31,1,Defective
36734,2021-01-29,445,883,87,2021-02-02,1,Wrong Item
15603,2020-09-03,1818,590,28,2020-09-11,1,Defective
28534,2020-09-27,353,4493,23,2020-10-19,1,Defective
69770,2022-06-07,1180,3658,3,2022-06-23,1,Wrong Item
11406,2021-04-21,132,1431,50,2021-05-02,1,Defective
96853,2023-12-25,1753,1189,18,2024-01-19,1,Changed Mind
16131,2019-08-19,728,1725,55,2019-09-03,1,Wrong Item
19793,2020-12-25,254,1866,36,2020-12-31,1,Wrong Item
89578,2020-06-30,1016,2688,90,2020-07-26,1,Changed Mind
40164,2023-06-27,1193,1742,3,2023-07-18,1,Changed Mind
31777,2020-07-29,1512,4814,42,2020-08-06,1,Changed Mind
25331,2020-01-04,133,2509,53,2020-01-08,1,Wrong Item
79157,2019-01-02,798,3035,70,2019-01-20,1,Changed Mind
51686,2020-07-29,1645,4202,37,2020-08-02,1,Defective
75499,2021-10-26,1030,4324,24,2021-11-08,1,Defective
4728,2019-12-22,878,1848,5,2020-01-19,1,Changed Mind
85199,2019-06-01,997,308,37,2019-06-21,1,Wrong Item
35796,2020-11-13,1532,4650,86,2020-12-08,1,Changed Mind
12257,2023-05-25,1089,1964,23,2023-05-30,1,Defective
35719,2022-03-23,1374,1153,33,2022-04-14,1,Defective
70552,2020-08-25,1782,46,46,2020-09-06,1,Changed Mind
54375,2023-10-03,971,971,40,2023-11-01,1,Wrong Item
39692,2020-09-10,259,546,35,2020-10-03,1,Wrong Item
93703,2020-09-28,1814,1370,60,2020-10-01,1,Defective
73692,2019-07-09,22,4576,87,2019-07-18,1,Changed Mind
98071,2022-10-17,276,3998,55,2022-11-03,1,Defective
576,2022-09-06,1118,873,66,2022-09-13,1,Changed Mind
84611,2023-12-29,1207,4955,32,2024-01-14,1,Defective
61770,2023-02-07,767,3588,76,2023-03-04,1,Changed Mind
32261,2023-10-07,51,1636,44,2023-10-10,1,Defective
82200,2022-01-13,515,3518,68,2022-01-16,1,Changed Mind
36291,2020-02-06,315,4012,68,2020-03-06,1,Wrong Item
78450,2022-04-09,1281,1548,25,2022-04-17,1,Wrong Item
60056,2022-11-12,156,2998,84,2022-11-17,1,Defective
45949,2022-12-11,712,4390,58,2022-12-30,1,Defective
28178,2022-06-03,1202,2173,16,2022-06-15,1,Defective
84464,2020-10-21,568,2042,11,2020-10-27,1,Wrong Item
579,2019-12-12,1743,109,42,2019-12-31,1,Changed Mind
30960,2019-01-06,791,4413,21,2019-02-04,1,Wrong Item
64291,2021-01-26,1449,478,68,2021-02-03,1,Defective
14532,2022-09-15,1384,4841,89,2022-09-29,1,Changed Mind
17934,2019-09-19,1047,4273,66,2019-10-09,1,Defective
33609,2022-07-08,1132,2414,3,2022-07-17,1,Changed Mind
49960,2021-04-29,1878,4727,24,2021-05-28,1,Defective
66599,2020-05-08,456,4200,11,2020-06-01,1,Changed Mind
99090,2019-10-20,1831,4366,13,2019-10-30,1,Wrong Item
34452,2019-09-09,1452,4437,4,2019-09-28,1,Defective
34081,2019-11-21,564,3107,37,2019-12-15,1,Defective
63588,2023-12-02,168,2682,86,2023-12-16,1,Wrong Item
4294,2023-08-03,1182,4063,76,2023-08-13,1,Defective
69103,2019-01-17,420,3950,98,2019-02-04,1,Wrong Item
86412,2022-05-08,1239,684,91,2022-05-29,1,Changed Mind
99477,2023-05-27,1244,535,100,2023-06-05,1,Defective
53930,2023-04-10,1234,1244,6,2023-04-28,1,Defective
87071,2020-10-28,305,278,30,2020-11-19,1,Wrong Item
65084,2023-03-24,1888,861,50,2023-04-04,1,Defective
30713,2020-02-29,537,3173,74,2020-03-18,1,Wrong Item
49183,2022-01-08,446,2987,20,2022-02-06,1,Changed Mind
57235,2021-11-12,333,2015,13,2021-12-03,1,Wrong Item
15664,2023-01-01,1406,4241,91,2023-01-05,1,Defective
19967,2020-04-01,887,1354,50,2020-04-06,1,Wrong Item
91913,2022-10-04,1518,3653,58,2022-10-22,1,Changed Mind
91958,2021-04-04,1303,2223,69,2021-04-26,1,Changed Mind
81347,2020-01-07,965,3794,64,2020-01-29,1,Defective
55326,2019-01-06,280,3094,70,2019-02-03,1,Changed Mind
29858,2021-07-01,883,3754,12,2021-07-11,1,Changed Mind
71223,2022-07-26,91,4395,9,2022-08-05,1,Wrong Item
52459,2023-09-29,510,3231,81,2023-10-13,1,Changed Mind
88346,2021-05-28,17,441,3,2021-06-11,1,Changed Mind
82364,2023-09-11,614,2440,11,2023-10-03,1,Wrong Item
65350,2023-12-27,283,642,93,2024-01-23,1,Defective
59650,2020-06-27,1015,4581,63,2020-07-11,1,Defective
44953,2022-07-03,1882,3544,84,2022-07-28,1,Defective
39526,2020-10-02,534,3258,97,2020-10-04,1,Wrong Item
13936,2019-05-28,165,2052,35,2019-06-16,1,Defective
93781,2022-11-18,574,797,84,2022-11-19,1,Defective
89885,2022-04-25,119,1095,71,2022-05-19,1,Changed Mind
81144,2021-06-17,1831,93,23,2021-07-10,1,Defective
95800,2019-08-01,191,1572,17,2019-08-05,1,Wrong Item
89405,2021-10-06,573,600,32,2021-10-13,1,Wrong Item
55224,2020-02-16,138,4258,57,2020-03-14,1,Wrong Item
73646,2019-11-27,1491,1797,77,2019-12-19,1,Wrong Item
66294,2019-06-21,73,3419,82,2019-07-19,1,Changed Mind
65540,2021-05-25,633,726,59,2021-06-04,1,Wrong Item
28111,2019-03-23,204,1860,80,2019-03-27,1,Defective
41929,2022-12-29,1072,3097,55,2023-01-07,1,Wrong Item
86547,2023-05-23,259,1051,40,2023-06-18,1,Defective
82586,2019-04-12,1123,4855,50,2019-04-14,1,Wrong Item
38604,2020-04-09,1595,4710,22,2020-04-18,1,Changed Mind
91658,2019-06-03,51,4094,74,2019-06-22,1,Wrong Item
62787,2022-06-12,1761,427,35,2022-06-15,1,Wrong Item
84341,2019-12-01,1014,792,21,2019-12-11,1,Defective
39875,2021-03-06,1493,3775,66,2021-03-27,1,Defective
78469,2020-05-25,132,401,66,2020-06-09,1,Wrong Item
31632,2020-02-10,791,1734,6,2020-02-23,1,Changed Mind
14953,2020-01-19,684,4036,72,2020-02-14,1,Changed Mind
39332,2021-02-14,542,2462,29,2021-03-08,1,Defective
48588,2020-12-05,1621,4354,23,2020-12-27,1,Wrong Item
83595,2021-01-21,926,837,23,2021-02-12,1,Changed Mind
41488,2019-02-08,731,2107,9,2019-02-11,1,Wrong Item
39628,2022-07-14,1846,1043,2,2022-07-17,1,Wrong Item
87895,2021-04-08,1192,3877,36,2021-04-25,1,Changed Mind
26304,2022-10-05,1121,2141,44,2022-10-12,1,Changed Mind
67404,2019-07-24,934,2567,50,2019-08-09,1,Defective
98085,2022-10-19,1935,4332,60,2022-11-03,1,Wrong Item
95602,2022-02-17,909,1354,69,2022-02-20,1,Defective
5020,2023-08-04,1186,4372,46,2023-08-25,1,Wrong Item
5224,2019-01-29,1986,3911,52,2019-02-06,1,Defective
15781,2022-06-16,600,3225,83,2022-07-07,1,Wrong Item
45557,2021-07-28,470,4141,52,2021-08-22,1,Defective
12897,2021-05-26,481,1543,28,2021-06-19,1,Defective
34305,2019-04-01,1777,3325,75,2019-04-28,1,Wrong Item
93323,2021-10-06,698,508,19,2021-10-12,1,Changed Mind
5325,2023-02-24,804,3893,16,2023-03-09,1,Changed Mind
52926,2022-06-12,911,3605,22,2022-07-04,1,Wrong Item
62865,2023-04-05,1423,4229,100,2023-04-11,1,Defective
8019,2022-07-07,347,4146,80,2022-07-29,1,Wrong Item
82945,2021-10-30,1789,3574,44,2021-11-14,1,Changed Mind
90377,2023-02-28,899,1676,34,2023-03-18,1,Changed Mind
41721,2023-09-10,1789,475,2,2023-10-06,1,Changed Mind
867,2021-09-10,697,1302,30,2021-09-22,1,Defective
98444,2022-03-06,1295,2436,24,2022-03-17,1,Defective
83040,2020-12-16,1539,1716,8,2020-12-26,1,Defective
13925,2021-12-25,1411,3675,95,2022-01-22,1,Defective
79893,2020-08-27,779,429,84,2020-09-12,1,Wrong Item
31184,2019-06-09,61,1999,14,2019-06-11,1,Wrong Item
13800,2019-09-15,1257,4615,44,2019-09-27,1,Defective
40989,2023-07-16,1046,72,7,2023-08-14,1,Changed Mind
66734,2019-05-17,820,106,11,2019-05-20,1,Wrong Item
78331,2022-10-04,2000,3830,94,2022-10-08,1,Defective
24379,2023-06-12,1671,444,67,2023-07-09,1,Defective
23415,2020-12-24,445,3296,20,2021-01-22,1,Defective
97560,2021-11-08,1995,3389,86,2021-11-15,1,Changed Mind
22993,2020-12-23,1149,2104,66,2021-01-17,1,Wrong Item
3232,2023-02-22,1065,3205,86,2023-03-23,1,Wrong Item
41996,2023-07-20,1647,3429,83,2023-08-04,1,Changed Mind
49188,2023-12-06,915,4880,94,2023-12-22,1,Wrong Item
22515,2021-04-25,1344,673,36,2021-04-27,1,Defective
21326,2020-06-14,1933,198,83,2020-07-11,1,Changed Mind
86234,2022-05-26,757,3044,73,2022-06-05,1,Wrong Item
88127,2021-01-26,338,2885,21,2021-02-09,1,Wrong Item
29824,2020-04-01,775,2134,89,2020-04-24,1,Defective
92485,2019-01-21,1005,2036,55,2019-02-12,1,Wrong Item
68425,2019-08-09,1658,591,79,2019-08-17,1,Wrong Item
64484,2021-11-14,118,1416,12,2021-11-16,1,Changed Mind
51020,2020-04-14,698,3545,93,2020-05-04,1,Defective
26754,2023-11-30,1381,894,90,2023-12-28,1,Wrong Item
49964,2023-02-24,1016,3108,36,2023-02-27,1,Changed Mind
42732,2021-05-07,120,4317,13,2021-05-23,1,Wrong Item
29057,2020-07-29,1100,6,48,2020-08-22,1,Wrong Item
55318,2020-03-20,1804,3333,33,2020-03-22,1,Defective
35497,2019-06-20,824,4190,97,2019-06-29,1,Defective
56338,2021-07-06,1314,2845,33,2021-07-15,1,Changed Mind
79278,2021-02-01,934,720,88,2021-02-28,1,Wrong Item
5465,2019-07-05,1404,3941,90,2019-07-27,1,Changed Mind
70156,2019-08-16,1906,627,7,2019-09-04,1,Defective
70670,2019-04-26,326,4559,87,2019-05-21,1,Wrong Item
56014,2019-07-09,850,4798,56,2019-07-26,1,Wrong Item
12086,2020-09-12,395,2606,63,2020-09-21,1,Defective
56819,2019-08-21,1378,4609,78,2019-09-03,1,Wrong Item
20001,2021-03-11,1059,2621,51,2021-04-04,1,Changed Mind
69067,2022-04-19,577,4083,24,2022-04-20,1,Defective
50453,2023-05-10,1528,4357,13,2023-05-15,1,Defective
90710,2021-03-29,484,458,71,2021-04-18,1,Defective
52885,2019-07-02,860,2796,76,2019-07-04,1,Wrong Item
30964,2020-01-25,1606,999,32,2020-02-19,1,Wrong Item
34574,2023-09-16,1786,756,20,2023-10-02,1,Wrong Item
15295,2023-07-11,698,511,6,2023-07-21,1,Defective
27919,2023-06-23,1210,3208,89,2023-07-13,1,Wrong Item
46121,2020-04-05,1453,2154,15,2020-04-19,1,Changed Mind
35074,2022-01-27,159,4054,43,2022-02-10,1,Changed Mind
10551,2021-05-10,714,667,94,2021-06-03,1,Wrong Item
91128,2021-03-08,302,412,22,2021-03-16,1,Changed Mind
691,2019-01-23,795,2146,45,2019-01-24,1,Defective
77730,2022-12-17,797,1575,10,2023-01-01,1,Changed Mind
36097,2019-02-14,398,1788,62,2019-03-07,1,Wrong Item
65352,2019-12-07,1347,1220,37,2020-01-02,1,Defective
11041,2022-10-17,549,1706,87,2022-11-15,1,Changed Mind
4222,2023-12-18,104,4640,39,2023-12-22,1,Wrong Item
822,2021-11-28,56,4740,100,2021-12-10,1,Changed Mind
38129,2021-01-07,1678,2771,47,2021-01-25,1,Defective
89152,2019-07-03,817,4500,82,2019-07-13,1,Changed Mind
29232,2019-09-05,988,1241,95,2019-09-29,1,Wrong Item
50557,2021-02-02,1607,2370,91,2021-03-01,1,Changed Mind
33685,2022-01-28,1471,3486,76,2022-02-13,1,Defective
58754,2023-03-27,817,4923,18,2023-04-10,1,Defective
27023,2019-11-12,1586,2722,85,2019-11-14,1,Wrong Item
36906,2020-06-10,1205,3335,37,2020-06-16,1,Changed Mind
271,2023-11-02,1948,3125,45,2023-11-30,1,Defective
8867,2019-02-01,871,420,28,2019-02-27,1,Changed Mind
15007,2022-01-05,830,1592,87,2022-01-15,1,Defective
4689,2022-02-24,1833,445,25,2022-03-25,1,Defective
81996,2019-12-02,882,3431,50,2019-12-07,1,Wrong Item
84373,2021-01-06,1119,4301,76,2021-01-14,1,Defective
2515,2023-02-11,299,4871,21,2023-02-18,1,Changed Mind
36400,2021-07-06,713,1688,62,2021-07-26,1,Defective
38869,2022-03-15,62,3776,58,2022-03-23,1,Defective
58245,2019-11-05,304,2732,22,2019-11-29,1,Wrong Item
30410,2020-08-17,150,3484,79,2020-08-24,1,Changed Mind
54795,2022-04-07,289,2890,25,2022-04-16,1,Defective
19264,2021-05-10,1384,1825,41,2021-05-18,1,Changed Mind
83910,2020-07-22,709,4097,60,2020-08-15,1,Changed Mind
26974,2022-09-11,829,1200,40,2022-09-12,1,Defective
7130,2020-04-07,1698,2764,39,2020-04-10,1,Wrong Item
7145,2022-12-20,1937,2159,60,2023-01-06,1,Wrong Item
45466,2022-05-01,649,2822,44,2022-05-22,1,Wrong Item
1967,2022-02-14,61,267,51,2022-02-21,1,Defective
15153,2021-11-19,337,4168,8,2021-11-30,1,Changed Mind
19114,2023-07-18,201,4308,67,2023-08-06,1,Changed Mind
76207,2023-07-18,595,4860,91,2023-07-30,1,Changed Mind
32142,2020-08-27,1445,1741,35,2020-08-30,1,Defective
21935,2023-08-10,261,3360,25,2023-08-15,1,Wrong Item
40360,2021-02-24,1267,4036,3,2021-03-11,1,Defective
53842,2020-01-30,808,3820,68,2020-02-02,1,Defective
9163,2023-12-01,353,201,9,2023-12-16,1,Wrong Item
87844,2020-10-14,965,4736,87,2020-10-19,1,Defective
37630,2021-10-01,1039,4220,53,2021-10-24,1,Changed Mind
83305,2021-04-05,567,1672,8,2021-04-27,1,Changed Mind
66270,2021-11-16,662,4596,11,2021-11-30,1,Wrong Item
34654,2020-12-27,126,4284,56,2021-01-14,1,Wrong Item
41963,2022-09-08,1219,2111,33,2022-10-04,1,Wrong Item
39591,2023-06-19,468,4949,41,2023-06-21,1,Wrong Item
81036,2019-01-02,1036,1434,74,2019-01-16,1,Defective
10981,2021-06-06,1625,4942,98,2021-06-12,1,Changed Mind
56300,2023-10-15,1739,2739,54,2023-10-29,1,Changed Mind
61549,2019-07-02,346,4719,37,2019-07-28,1,Changed Mind
88401,2019-12-10,755,4302,83,2019-12-13,1,Wrong Item
44324,2021-09-23,420,2939,77,2021-09-28,1,Changed Mind
55208,2019-02-16,1949,844,21,2019-03-13,1,Wrong Item
53528,2019-02-17,460,4605,31,2019-02-25,1,Wrong Item
26971,2023-08-31,344,222,100,2023-09-08,1,Changed Mind
73218,2022-01-21,20,4237,71,2022-02-01,1,Defective
65891,2022-05-13,1384,3396,7,2022-06-10,1,Defective
42222,2023-12-03,1670,1364,83,2023-12-25,1,Defective
97866,2023-07-27,1387,1759,12,2023-08-09,1,Changed Mind
12251,2020-02-26,931,1956,27,2020-02-29,1,Wrong Item
69437,2023-01-23,1167,3377,76,2023-01-26,1,Defective
38433,2019-06-30,771,1683,4,2019-07-06,1,Defective
40890,2022-12-26,1905,4881,47,2023-01-06,1,Wrong Item
30999,2019-10-13,1002,2326,10,2019-10-22,1,Changed Mind
56146,2021-05-27,147,1976,56,2021-06-07,1,Changed Mind
95414,2021-12-10,841,454,46,2022-01-07,1,Defective
22156,2022-02-18,325,3389,37,2022-03-11,1,Wrong Item
17614,2023-10-23,1018,2269,31,2023-11-13,1,Defective
56444,2019-01-03,1179,3943,19,2019-01-16,1,Wrong Item
98400,2019-08-05,1022,3454,76,2019-08-08,1,Defective
24053,2023-10-05,373,3004,33,2023-11-01,1,Defective
50243,2023-12-28,975,3646,79,2023-12-30,1,Changed Mind
58999,2021-11-14,1513,778,90,2021-12-12,1,Changed Mind
31345,2019-09-02,1770,4361,38,2019-09-04,1,Defective
61242,2022-05-18,285,3372,21,2022-06-09,1,Changed Mind
92530,2019-10-01,847,3736,14,2019-10-13,1,Defective
80829,2019-09-06,1286,803,61,2019-10-05,1,Changed Mind
51726,2022-03-23,1776,352,42,2022-04-13,1,Defective
33880,2020-09-08,1535,3250,92,2020-09-20,1,Changed Mind
83007,2023-04-13,280,1318,74,2023-04-21,1,Defective
73909,2021-06-27,363,614,67,2021-07-02,1,Wrong Item
67247,2021-10-23,1759,2774,59,2021-11-05,1,Wrong Item
88808,2020-06-01,199,2005,54,2020-06-21,1,Changed Mind
13122,2022-12-09,1096,1180,8,2022-12-23,1,Defective
8258,2023-06-27,271,3358,12,2023-06-28,1,Changed Mind
93381,2019-09-16,812,4786,42,2019-10-10,1,Changed Mind
13915,2020-03-08,1260,1318,21,2020-03-09,1,Changed Mind
30903,2022-02-10,841,3748,74,2022-02-28,1,Changed Mind
72859,2021-07-11,617,4830,95,2021-07-20,1,Defective
20293,2020-06-14,1297,2247,39,2020-07-06,1,Wrong Item
58171,2021-04-06,245,3040,29,2021-05-01,1,Wrong Item
20950,2023-01-19,1167,2170,27,2023-01-21,1,Changed Mind
36695,2021-02-17,1934,3160,1,2021-03-01,1,Wrong Item
8526,2022-01-05,984,4127,90,2022-01-08,1,Defective
78272,2020-12-29,1832,4879,12,2021-01-26,1,Defective
77403,2022-06-18,1371,3118,100,2022-06-30,1,Defective
77652,2021-09-19,1799,757,44,2021-10-16,1,Wrong Item
99837,2022-12-15,1081,1789,83,2022-12-18,1,Defective
92272,2019-02-22,1736,1663,16,2019-03-08,1,Wrong Item
29776,2019-02-03,1680,1216,75,2019-03-01,1,Wrong Item
34808,2022-05-26,320,3211,77,2022-05-31,1,Changed Mind
16886,2022-12-22,176,198,81,2022-12-31,1,Wrong Item
49984,2022-09-03,152,2246,10,2022-09-06,1,Wrong Item
62615,2020-10-17,1583,3233,81,2020-10-31,1,Changed Mind
14229,2019-04-02,1912,1865,75,2019-04-12,1,Wrong Item
52177,2021-01-18,330,1960,41,2021-01-20,1,Defective
8029,2022-05-04,888,3241,26,2022-05-19,1,Wrong Item
28922,2021-03-15,1179,505,39,2021-03-28,1,Defective
69420,2019-12-21,1092,3134,1,2019-12-25,1,Wrong Item
70812,2019-04-10,1673,1157,68,2019-05-02,1,Wrong Item
34364,2023-05-16,869,507,71,2023-05-26,1,Wrong Item
43204,2019-01-17,494,2469,19,2019-02-07,1,Wrong Item
36795,2022-10-27,856,151,69,2022-11-10,1,Changed Mind
97027,2020-04-20,1360,2553,30,2020-05-07,1,Wrong Item
63343,2022-03-25,187,2519,36,2022-04-15,1,Defective
36956,2023-05-13,23,2766,6,2023-05-19,1,Defective
69229,2022-03-25,932,4158,75,2022-03-30,1,Wrong Item
9424,2020-10-19,701,4173,45,2020-10-29,1,Changed Mind
86001,2021-09-12,1925,2330,70,2021-09-16,1,Wrong Item
16959,2020-01-03,1959,3647,76,2020-01-22,1,Wrong Item
21615,2021-07-13,1691,2590,42,2021-07-19,1,Wrong Item
61462,2019-02-08,681,33,34,2019-02-21,1,Changed Mind
61774,2019-07-29,1308,4063,22,2019-08-03,1,Wrong Item
86802,2021-10-28,1202,3634,26,2021-11-14,1,Changed Mind
67503,2021-03-02,1004,346,15,2021-03-28,1,Wrong Item
79371,2022-03-29,1673,2769,63,2022-04-19,1,Wrong Item
34497,2023-04-14,1890,1836,63,2023-04-23,1,Changed Mind
43009,2023-08-27,551,4632,93,2023-09-21,1,Defective
91598,2019-12-23,1620,4259,95,2019-12-24,1,Wrong Item
75439,2022-08-27,275,3226,94,2022-09-20,1,Wrong Item
29720,2021-03-02,924,3494,70,2021-03-08,1,Defective
38607,2022-12-23,17,1395,34,2023-01-12,1,Changed Mind
77127,2020-04-19,867,3682,65,2020-04-29,1,Wrong Item
97088,2019-02-13,1114,537,34,2019-03-01,1,Wrong Item
24627,2021-08-18,1904,3278,81,2021-08-30,1,Wrong Item
61815,2020-08-16,179,112,83,2020-08-31,1,Wrong Item
69756,2022-12-12,776,2691,79,2023-01-06,1,Changed Mind
11931,2022-05-13,1169,1270,25,2022-05-17,1,Defective
16161,2023-01-11,107,123,3,2023-01-20,1,Changed Mind
47440,2019-08-14,275,4463,42,2019-09-06,1,Defective
34606,2023-06-06,1482,418,55,2023-06-07,1,Changed Mind
14107,2019-12-04,868,2094,5,2019-12-25,1,Changed Mind
90651,2022-08-01,174,4497,34,2022-08-03,1,Defective
98435,2021-07-20,22,4868,65,2021-08-11,1,Wrong Item
17503,2020-06-15,616,629,7,2020-07-02,1,Wrong Item
63486,2020-07-29,1984,124,75,2020-08-21,1,Defective
33076,2023-01-31,317,1345,20,2023-02-01,1,Wrong Item
79809,2020-07-02,600,3065,40,2020-07-21,1,Defective
90791,2023-05-26,1215,611,100,2023-06-09,1,Changed Mind
93365,2022-07-23,1677,3764,38,2022-08-21,1,Changed Mind
18293,2019-11-18,1366,3762,22,2019-12-13,1,Defective
43850,2020-02-28,1921,366,89,2020-03-08,1,Wrong Item
35068,2020-04-12,511,4735,93,2020-05-11,1,Defective
61393,2023-07-08,1379,1617,85,2023-07-13,1,Changed Mind
27382,2019-02-07,1314,366,50,2019-03-01,1,Defective
85414,2020-10-29,1854,342,86,2020-11-20,1,Defective
13798,2022-08-05,1378,4221,23,2022-08-20,1,Defective
1729,2020-09-06,1381,230,73,2020-09-14,1,Wrong Item
66101,2021-12-18,1541,597,54,2022-01-12,1,Defective
7678,2019-09-11,180,1416,49,2019-09-19,1,Defective
73315,2019-11-20,703,2370,9,2019-12-12,1,Wrong Item
69696,2021-01-24,781,259,37,2021-02-04,1,Defective
5439,2020-03-22,156,4110,8,2020-03-26,1,Defective
73381,2022-11-28,883,3358,88,2022-12-20,1,Wrong Item
34591,2021-11-14,303,1172,74,2021-11-18,1,Defective
8453,2023-04-08,1276,3671,48,2023-04-17,1,Defective
6235,2022-12-07,1210,3404,54,2022-12-14,1,Changed Mind
56580,2021-09-15,137,966,24,2021-09-17,1,Wrong Item
44069,2020-08-26,920,327,66,2020-09-08,1,Changed Mind
73662,2023-12-19,1361,4105,67,2024-01-01,1,Changed Mind
18242,2020-10-23,523,570,24,2020-11-19,1,Changed Mind
72560,2020-09-07,167,924,6,2020-09-24,1,Changed Mind
11373,2020-04-09,1518,3687,83,2020-05-08,1,Changed Mind
53068,2023-06-07,1587,2810,80,2023-06-18,1,Wrong Item
54397,2021-03-28,460,2790,86,2021-04-01,1,Changed Mind
60744,2021-03-17,89,260,77,2021-04-02,1,Defective
4233,2020-07-27,1997,392,30,2020-08-19,1,Changed Mind
66150,2021-05-30,1655,4394,79,2021-06-11,1,Changed Mind
227,2019-03-17,1021,860,34,2019-03-28,1,Changed Mind
38051,2023-01-30,293,1067,64,2023-02-03,1,Defective
75831,2021-11-02,568,4146,69,2021-11-26,1,Wrong Item
11713,2021-03-26,1295,1060,3,2021-04-08,1,Wrong Item
89799,2019-04-24,1710,1841,95,2019-05-23,1,Defective
84722,2019-04-21,1139,4900,69,2019-05-04,1,Defective
11651,2020-01-06,1018,3428,50,2020-02-04,1,Changed Mind
63793,2019-09-15,1436,1572,35,2019-10-14,1,Defective
18332,2022-08-12,1603,4070,92,2022-09-07,1,Defective
59465,2021-09-23,757,1749,48,2021-09-26,1,Defective
31839,2021-03-21,463,2760,63,2021-04-16,1,Wrong Item
35888,2023-11-26,655,223,40,2023-12-11,1,Wrong Item
70558,2022-04-03,1190,396,89,2022-04-09,1,Defective
68842,2020-09-18,1962,1040,64,2020-10-09,1,Wrong Item
44300,2021-12-10,275,3669,49,2021-12-11,1,Changed Mind
39432,2022-08-12,1565,1322,31,2022-09-02,1,Defective
71758,2023-01-05,1638,1789,7,2023-01-23,1,Changed Mind
51267,2022-03-18,1422,825,71,2022-04-16,1,Wrong Item
49809,2023-06-20,278,1684,23,2023-07-19,1,Wrong Item
86689,2023-04-28,1351,3143,81,2023-05-22,1,Wrong Item
61005,2020-01-11,292,2058,91,2020-01-27,1,Changed Mind
60771,2019-03-31,717,845,69,2019-04-03,1,Defective
88,2023-09-13,1779,4253,95,2023-09-22,1,Wrong Item
77204,2020-04-13,4,4789,38,2020-04-29,1,Changed Mind
51988,2022-11-19,848,3986,35,2022-12-05,1,Wrong Item
82150,2022-03-31,588,4752,51,2022-04-18,1,Changed Mind
43734,2020-06-07,161,790,42,2020-06-12,1,Defective
95182,2020-06-08,90,2873,61,2020-06-09,1,Wrong Item
88477,2019-08-15,1189,945,42,2019-08-25,1,Wrong Item
62006,2023-06-26,1355,3979,55,2023-06-29,1,Wrong Item
30884,2022-12-21,1955,4582,61,2022-12-24,1,Wrong Item
50767,2020-10-02,1702,2035,94,2020-10-25,1,Changed Mind
74956,2022-01-05,468,4840,87,2022-01-16,1,Changed Mind
12751,2023-05-31,1319,3571,68,2023-06-29,1,Defective
36507,2021-08-05,1338,246,20,2021-09-01,1,Defective
9938,2022-06-02,1801,153,67,2022-06-26,1,Changed Mind
18374,2020-12-01,1339,1234,56,2020-12-24,1,Defective
92221,2022-02-24,229,3993,36,2022-03-15,1,Defective
90730,2021-07-20,1061,776,35,2021-07-27,1,Wrong Item
12397,2023-11-13,1163,2867,78,2023-12-07,1,Changed Mind
94922,2021-01-23,1294,1824,27,2021-02-06,1,Defective
33802,2019-07-20,367,4887,62,2019-07-29,1,Wrong Item
1231,2019-10-07,107,148,34,2019-10-17,1,Changed Mind
20335,2022-03-01,337,4336,11,2022-03-02,1,Defective
78044,2023-05-28,1103,4612,32,2023-06-08,1,Wrong Item
40351,2020-04-09,1683,2309,83,2020-04-26,1,Defective
50863,2021-11-03,1046,4750,66,2021-12-02,1,Defective
65410,2021-04-04,1622,362,17,2021-04-11,1,Wrong Item
98466,2019-11-17,1616,1306,79,2019-11-21,1,Defective
83943,2023-11-25,882,4860,46,2023-12-09,1,Changed Mind
35641,2022-07-28,997,3346,63,2022-08-11,1,Defective
76610,2023-03-31,1435,3060,49,2023-04-15,1,Changed Mind
1046,2023-06-06,693,108,28,2023-06-24,1,Changed Mind
97796,2022-12-28,1473,977,79,2023-01-09,1,Wrong Item
5938,2021-05-05,1104,4900,53,2021-05-16,1,Defective
57688,2021-01-24,1171,3813,66,2021-01-31,1,Wrong Item
7896,2019-03-10,1893,1988,9,2019-03-16,1,Changed Mind
87485,2021-04-13,171,3729,22,2021-04-23,1,Changed Mind
17571,2021-09-07,143,654,7,2021-09-20,1,Defective
53065,2019-04-10,1057,3491,11,2019-05-07,1,Wrong Item
11142,2021-02-12,1516,465,64,2021-03-04,1,Wrong Item
96937,2019-06-11,552,4642,15,2019-07-08,1,Defective
50491,2020-10-01,1555,1061,25,2020-10-06,1,Wrong Item
33223,2019-02-19,1513,4851,60,2019-03-05,1,Changed Mind
82507,2022-10-02,1008,3897,44,2022-10-25,1,Defective
36297,2019-05-25,1440,299,9,2019-06-08,1,Changed Mind
67925,2020-07-09,1307,1925,71,2020-07-14,1,Changed Mind
94405,2022-07-16,759,4303,58,2022-07-26,1,Defective
84993,2019-12-02,1502,1510,22,2019-12-23,1,Defective
62123,2021-12-21,1523,3250,32,2022-01-03,1,Defective
65744,2022-02-10,477,587,99,2022-03-02,1,Changed Mind
40247,2020-10-03,1910,2081,49,2020-10-20,1,Wrong Item
16362,2023-08-10,4,2437,56,2023-09-02,1,Changed Mind
55939,2020-10-08,880,1438,97,2020-10-13,1,Changed Mind
28675,2022-08-11,423,60,90,2022-08-18,1,Wrong Item
23958,2022-12-18,1704,2034,61,2023-01-03,1,Wrong Item
7859,2020-10-16,945,162,80,2020-11-10,1,Wrong Item
94213,2022-09-28,1228,3583,89,2022-10-14,1,Defective
63352,2023-12-01,728,1194,16,2023-12-08,1,Wrong Item
50199,2019-03-28,863,4981,81,2019-04-11,1,Defective
55239,2023-06-16,1173,4079,82,2023-06-22,1,Defective
98341,2021-12-20,1409,1204,80,2022-01-07,1,Wrong Item
13706,2021-12-30,634,230,7,2022-01-14,1,Changed Mind
13580,2019-01-06,245,4866,83,2019-01-13,1,Defective
34571,2023-10-29,1826,2581,100,2023-11-21,1,Defective
93622,2022-09-17,40,1036,11,2022-10-08,1,Defective
2105,2021-05-04,300,339,77,2021-05-10,1,Changed Mind
74361,2022-10-03,1391,580,63,2022-10-10,1,Wrong Item
85889,2019-06-20,1786,429,15,2019-07-02,1,Changed Mind
99907,2020-08-20,1381,3554,49,2020-09-08,1,Defective
56430,2023-07-11,82,557,17,2023-07-26,1,Defective
86503,2020-12-14,1421,1139,4,2020-12-17,1,Defective
12470,2020-10-23,445,4981,25,2020-10-26,1,Wrong Item
14779,2023-02-04,1086,3065,5,2023-02-22,1,Defective
27544,2022-05-28,1829,3772,42,2022-06-04,1,Changed Mind
97977,2023-03-11,569,2434,88,2023-04-04,1,Changed Mind
46123,2022-07-02,1951,2348,23,2022-07-16,1,Wrong Item
49369,2019-03-15,209,3687,44,2019-04-08,1,Wrong Item
1333,2023-09-16,1694,824,23,2023-10-14,1,Changed Mind
2361,2022-03-29,74,4529,70,2022-04-26,1,Changed Mind
82418,2020-12-04,1819,758,40,2020-12-29,1,Defective
45149,2022-06-28,565,3910,85,2022-06-29,1,Defective
7842,2021-10-10,60,4481,88,2021-10-13,1,Wrong Item
86291,2020-06-27,18,4220,19,2020-06-29,1,Defective
36035,2021-11-03,1999,1705,9,2021-11-20,1,Wrong Item
18146,2023-05-03,733,1332,23,2023-05-30,1,Wrong Item
70746,2022-10-30,1365,901,80,2022-11-09,1,Changed Mind
78804,2021-06-11,1556,719,50,2021-06-27,1,Defective
94236,2019-02-01,1726,19,100,2019-02-21,1,Changed Mind
52491,2020-04-09,882,2508,67,2020-04-17,1,Defective
88895,2023-06-23,264,4595,28,2023-07-06,1,Changed Mind
59269,2020-11-09,547,1041,44,2020-11-30,1,Wrong Item
19663,2021-11-11,1464,608,29,2021-12-08,1,Wrong Item
49826,2019-10-29,1435,286,69,2019-11-09,1,Wrong Item
1323,2020-11-03,334,1798,92,2020-11-10,1,Wrong Item
37624,2023-05-25,1595,2654,19,2023-06-13,1,Wrong Item
20087,2019-12-08,835,2104,54,2019-12-14,1,Wrong Item
88366,2019-08-07,279,3342,65,2019-08-11,1,Changed Mind
92896,2019-06-25,1612,4589,85,2019-07-15,1,Defective
69588,2020-12-30,794,1784,19,2021-01-08,1,Defective
26587,2022-08-11,320,2018,22,2022-09-07,1,Changed Mind
39879,2023-03-25,5,2113,62,2023-04-12,1,Defective
75299,2020-08-13,1826,2744,80,2020-09-02,1,Changed Mind
53979,2019-02-07,1130,4950,44,2019-02-15,1,Defective
49674,2022-11-18,203,2990,19,2022-12-11,1,Wrong Item
75962,2023-07-02,1964,1658,88,2023-07-08,1,Changed Mind
25356,2021-08-05,1527,2791,95,2021-08-25,1,Changed Mind
27734,2019-12-22,1248,4360,96,2020-01-05,1,Defective
18006,2019-06-19,940,1089,44,2019-06-27,1,Defective
22673,2023-11-09,814,4988,25,2023-12-04,1,Wrong Item
50381,2022-09-16,1908,1193,89,2022-09-20,1,Changed Mind
59039,2020-02-16,1352,3701,39,2020-02-24,1,Changed Mind
43445,2023-08-11,1740,3601,32,2023-08-17,1,Changed Mind
2281,2021-04-22,127,1876,6,2021-05-14,1,Changed Mind
77965,2020-07-22,253,2258,4,2020-07-24,1,Wrong Item
96126,2023-12-05,1933,2008,26,2023-12-15,1,Changed Mind
77648,2023-05-23,1194,2729,23,2023-06-17,1,Changed Mind
31432,2022-11-28,1441,3049,25,2022-12-13,1,Defective
31923,2021-07-28,818,109,14,2021-08-13,1,Changed Mind
15809,2021-10-17,773,1434,33,2021-10-26,1,Wrong Item
85542,2021-09-03,1761,1942,8,2021-09-17,1,Defective
15496,2022-01-26,1708,3291,42,2022-02-23,1,Wrong Item
77432,2020-04-03,1233,1862,10,2020-04-06,1,Changed Mind
57937,2021-02-25,414,3832,13,2021-02-26,1,Wrong Item
18950,2019-10-05,1983,3673,36,2019-10-28,1,Changed Mind
22584,2022-05-01,945,4537,76,2022-05-09,1,Defective
6749,2023-10-30,1361,2401,61,2023-11-11,1,Wrong Item
80574,2020-12-17,646,932,21,2020-12-21,1,Defective
53071,2019-05-12,1565,3116,82,2019-05-29,1,Changed Mind
1403,2021-10-19,1816,2161,40,2021-10-22,1,Changed Mind
37782,2019-03-22,858,3887,44,2019-04-14,1,Defective
64680,2021-10-23,946,145,73,2021-10-29,1,Wrong Item
79961,2020-07-07,800,3224,38,2020-07-21,1,Wrong Item
23788,2021-10-29,1943,2543,48,2021-11-18,1,Wrong Item
30419,2019-07-14,1857,4125,31,2019-07-20,1,Changed Mind
59035,2020-09-05,1336,4187,54,2020-09-26,1,Changed Mind
20331,2020-05-28,683,1975,72,2020-05-31,1,Defective
95653,2020-12-23,1488,510,56,2021-01-21,1,Defective
884,2020-06-24,1270,3639,48,2020-06-28,1,Wrong Item
41516,2023-06-04,1349,1519,60,2023-06-28,1,Defective
14039,2023-12-15,262,2669,85,2023-12-30,1,Defective
44970,2023-10-28,72,3367,1,2023-11-12,1,Defective
32866,2021-11-14,1001,1370,18,2021-12-13,1,Defective
79369,2022-03-21,1390,1450,16,2022-04-08,1,Defective
3254,2022-05-04,1118,2896,10,2022-06-01,1,Changed Mind
2938,2019-06-03,391,4828,71,2019-06-10,1,Wrong Item
36839,2019-07-21,1287,3937,64,2019-08-06,1,Changed Mind
25040,2019-05-04,1072,4238,34,2019-05-15,1,Wrong Item
23395,2021-04-30,1147,4314,31,2021-05-26,1,Changed Mind
81993,2019-12-05,285,2207,14,2020-01-01,1,Defective
56294,2019-07-20,1244,2922,85,2019-07-26,1,Defective
1319,2022-07-06,767,586,12,2022-07-07,1,Wrong Item
95285,2021-07-18,1068,937,50,2021-08-08,1,Defective
32593,2019-06-09,1213,3376,99,2019-06-27,1,Defective
86254,2023-03-01,624,4285,41,2023-03-10,1,Changed Mind
79995,2020-05-30,1842,1876,93,2020-06-27,1,Defective
63781,2022-03-11,488,4200,38,2022-04-06,1,Defective
37109,2019-11-16,1672,3852,91,2019-12-03,1,Defective
1350,2020-04-25,1452,1511,87,2020-05-24,1,Defective
4791,2019-01-24,1238,3901,97,2019-02-07,1,Defective
96595,2019-08-09,420,2080,20,2019-08-31,1,Wrong Item
87445,2019-04-06,45,1490,6,2019-04-17,1,Changed Mind
87608,2021-10-08,7,3309,9,2021-11-06,1,Changed Mind
84334,2022-03-23,50,4797,69,2022-04-14,1,Changed Mind
58135,2022-11-29,158,473,1,2022-12-20,1,Defective
18635,2019-12-28,1213,3662,99,2020-01-13,1,Changed Mind
3394,2023-01-05,419,2278,74,2023-02-02,1,Changed Mind
72229,2022-08-14,705,4358,22,2022-09-07,1,Wrong Item
37588,2019-08-08,1428,4308,33,2019-08-17,1,Wrong Item
11447,2022-05-25,654,4160,87,2022-06-11,1,Wrong Item
92169,2022-04-25,1278,330,88,2022-04-26,1,Wrong Item
33055,2019-07-08,189,2039,56,2019-07-10,1,Changed Mind
93269,2021-05-13,424,475,84,2021-05-22,1,Changed Mind
59809,2020-03-04,34,3234,21,2020-03-26,1,Defective
61578,2020-07-10,414,4838,28,2020-07-26,1,Changed Mind
49661,2021-09-18,1192,2837,60,2021-09-19,1,Defective
11061,2019-11-29,907,4353,26,2019-12-10,1,Defective
1551,2023-02-10,33,515,30,2023-02-19,1,Changed Mind
80751,2020-04-04,828,1037,37,2020-04-14,1,Changed Mind
4511,2021-08-05,346,811,38,2021-08-07,1,Wrong Item
26439,2021-07-09,1688,2854,25,2021-08-06,1,Defective
86709,2020-03-18,1067,3047,57,2020-03-19,1,Defective
83004,2022-12-31,1827,4700,2,2023-01-05,1,Defective
80167,2019-05-19,1506,2526,49,2019-06-02,1,Wrong Item
48079,2023-10-18,543,1643,7,2023-10-25,1,Changed Mind
16302,2020-03-24,1393,3674,8,2020-04-14,1,Changed Mind
17495,2019-11-21,470,1703,23,2019-12-09,1,Defective
85699,2019-12-04,1806,2800,54,2019-12-28,1,Wrong Item
61706,2021-04-25,917,2763,69,2021-04-26,1,Changed Mind
49149,2022-08-23,433,4779,52,2022-09-14,1,Defective
70173,2019-06-21,163,1528,37,2019-06-23,1,Wrong Item
96223,2021-03-01,1681,3641,39,2021-03-21,1,Defective
52413,2019-02-11,1931,2383,59,2019-02-22,1,Changed Mind
97494,2021-03-01,1133,284,52,2021-03-28,1,Wrong Item
9094,2019-05-13,51,4835,89,2019-05-27,1,Defective
6268,2023-03-31,1753,911,40,2023-04-22,1,Wrong Item
81824,2021-07-24,21,232,80,2021-08-14,1,Wrong Item
40204,2021-06-05,1397,668,30,2021-06-21,1,Wrong Item
69326,2022-08-01,173,14,51,2022-08-09,1,Defective
57863,2020-12-08,1370,4557,33,2020-12-18,1,Changed Mind
52992,2022-07-21,1274,4414,24,2022-08-05,1,Changed Mind
89246,2019-01-10,598,1346,85,2019-01-17,1,Changed Mind
26874,2020-06-28,1522,393,46,2020-07-05,1,Defective
62597,2019-12-01,1378,395,75,2019-12-05,1,Wrong Item
47746,2022-08-03,1750,4225,96,2022-08-09,1,Wrong Item
40991,2020-10-23,1038,1292,89,2020-11-12,1,Defective
13929,2019-04-27,286,4967,50,2019-05-06,1,Changed Mind
94954,2022-01-21,1512,239,19,2022-02-14,1,Defective
18743,2019-03-18,807,864,30,2019-04-09,1,Wrong Item
1058,2022-07-02,1087,2011,67,2022-07-28,1,Changed Mind
4338,2019-09-29,303,2210,92,2019-10-14,1,Defective
34171,2020-01-25,1081,4213,72,2020-02-04,1,Changed Mind
96506,2023-11-14,1103,1145,88,2023-11-26,1,Changed Mind
2030,2023-10-04,11,2456,87,2023-10-15,1,Wrong Item
1431,2020-04-10,86,4100,51,2020-04-12,1,Defective
35084,2020-12-06,828,2150,24,2021-01-01,1,Wrong Item
33932,2019-12-03,1139,1161,35,2019-12-15,1,Wrong Item
55376,2019-05-06,1301,342,34,2019-05-28,1,Defective
22825,2020-10-01,940,2294,94,2020-10-14,1,Wrong Item
73647,2022-04-29,1695,3751,73,2022-05-01,1,Changed Mind
25270,2021-11-03,1895,3943,20,2021-11-09,1,Changed Mind
64035,2021-07-03,1729,4118,64,2021-07-10,1,Changed Mind
14806,2023-07-21,75,158,21,2023-08-02,1,Defective
60298,2021-08-15,481,3226,30,2021-08-21,1,Changed Mind
50079,2019-03-13,175,1266,15,2019-03-24,1,Defective
31592,2023-03-04,1597,4272,39,2023-03-19,1,Defective
586,2022-12-13,559,2928,10,2022-12-16,1,Defective
36905,2021-08-31,1865,3082,22,2021-09-05,1,Changed Mind
21333,2022-07-19,700,652,21,2022-08-08,1,Changed Mind
39457,2020-08-02,1530,1482,44,2020-08-14,1,Wrong Item
12534,2020-07-13,1256,1583,54,2020-07-29,1,Wrong Item
40816,2020-06-24,1699,357,91,2020-07-11,1,Changed Mind
68317,2020-06-20,1425,3109,14,2020-06-26,1,Wrong Item
42918,2020-12-03,1514,963,73,2020-12-14,1,Wrong Item
5216,2021-01-05,59,4776,19,2021-01-21,1,Wrong Item
83013,2020-11-25,1317,1118,70,2020-12-16,1,Changed Mind
40200,2022-06-30,173,2357,82,2022-07-12,1,Changed Mind
64274,2022-02-23,1402,658,60,2022-03-23,1,Wrong Item
88544,2022-08-15,1128,4232,23,2022-09-13,1,Wrong Item
834,2021-09-11,289,2132,77,2021-10-02,1,Wrong Item
41273,2020-01-04,826,419,75,2020-01-20,1,Defective
79343,2022-03-11,23,2950,53,2022-03-14,1,Wrong Item
35016,2022-12-04,1521,4916,59,2022-12-24,1,Defective
66703,2019-05-29,1840,1841,84,2019-06-09,1,Changed Mind
65644,2023-12-24,979,975,92,2024-01-17,1,Changed Mind
18486,2021-11-18,794,2400,58,2021-12-01,1,Changed Mind
33334,2023-04-27,894,3856,57,2023-05-11,1,Wrong Item
13552,2021-02-18,383,1185,12,2021-03-15,1,Changed Mind
95261,2023-08-24,1802,4774,71,2023-09-04,1,Wrong Item
17673,2023-04-19,70,1258,1,2023-04-25,1,Wrong Item
23146,2023-10-12,1139,571,49,2023-10-14,1,Defective
61130,2021-02-28,991,2731,93,2021-03-16,1,Wrong Item
69841,2019-02-06,1445,4769,85,2019-03-03,1,Wrong Item
96987,2019-07-27,721,4853,45,2019-08-02,1,Defective
35754,2019-08-30,1463,1750,29,2019-08-31,1,Defective
33460,2021-08-03,605,801,37,2021-08-20,1,Changed Mind
14269,2021-04-07,181,717,79,2021-04-12,1,Wrong Item
22187,2019-02-21,899,4202,31,2019-03-08,1,Wrong Item
15023,2021-09-22,145,3154,6,2021-10-19,1,Defective
11969,2021-08-27,84,842,23,2021-09-05,1,Wrong Item
28566,2021-06-28,292,2491,75,2021-07-05,1,Defective
25842,2021-08-16,567,291,50,2021-08-20,1,Changed Mind
279,2022-01-11,864,941,14,2022-02-08,1,Defective
76183,2021-08-19,1165,3963,54,2021-09-05,1,Wrong Item
6149,2021-04-20,1684,4615,21,2021-04-27,1,Defective
61297,2022-06-28,168,3651,71,2022-07-24,1,Defective
77960,2019-05-11,122,324,6,2019-06-02,1,Changed Mind
14150,2023-05-24,1565,2692,53,2023-06-16,1,Wrong Item
47140,2023-05-11,163,3519,47,2023-05-17,1,Defective
29518,2023-05-29,1129,614,36,2023-06-12,1,Changed Mind
10050,2020-10-11,281,3930,57,2020-10-26,1,Wrong Item
53346,2020-07-27,1020,338,35,2020-08-22,1,Defective
75310,2022-06-20,1453,2293,84,2022-07-06,1,Changed Mind
20613,2019-11-28,1086,850,61,2019-12-15,1,Defective
34287,2023-02-23,324,2176,56,2023-03-05,1,Changed Mind
59397,2022-12-28,818,2197,83,2022-12-30,1,Wrong Item
38721,2019-03-25,713,1729,35,2019-04-19,1,Changed Mind
31121,2022-07-14,418,243,12,2022-08-12,1,Defective
46500,2022-08-06,497,1229,28,2022-08-11,1,Defective
31419,2023-12-29,1650,3656,59,2024-01-24,1,Wrong Item
1573,2020-07-15,1925,4273,43,2020-07-30,1,Defective
78057,2020-11-29,767,681,44,2020-12-23,1,Changed Mind
53084,2021-04-23,636,3904,38,2021-05-11,1,Defective
27806,2021-02-02,1179,423,96,2021-02-16,1,Changed Mind
96811,2019-03-09,31,4418,95,2019-03-17,1,Wrong Item
97650,2020-03-09,1204,1830,3,2020-03-28,1,Wrong Item
15843,2022-12-09,306,1835,13,2022-12-23,1,Wrong Item
52853,2023-05-15,898,125,100,2023-06-03,1,Changed Mind
50138,2023-11-03,369,547,56,2023-11-19,1,Wrong Item
27538,2023-01-10,1055,468,67,2023-02-03,1,Wrong Item
11856,2020-06-26,1428,2748,46,2020-07-18,1,Changed Mind
41094,2021-06-28,1940,352,83,2021-07-15,1,Changed Mind
40942,2019-01-27,349,1580,100,2019-02-21,1,Defective
78213,2023-11-30,282,2684,85,2023-12-25,1,Changed Mind
70852,2021-09-16,1756,1682,26,2021-10-07,1,Changed Mind
85907,2022-10-20,1575,2074,10,2022-11-06,1,Changed Mind
70227,2020-03-20,1366,4475,100,2020-03-29,1,Wrong Item
17248,2022-03-30,1155,3309,98,2022-04-26,1,Changed Mind
91331,2023-12-12,96,3878,24,2023-12-31,1,Changed Mind
74412,2023-11-22,659,1426,58,2023-12-06,1,Defective
13736,2023-02-02,72,1985,78,2023-02-20,1,Wrong Item
75534,2020-12-21,328,3971,17,2020-12-23,1,Changed Mind
19779,2020-09-28,391,846,69,2020-10-15,1,Changed Mind
8094,2019-01-01,383,1724,62,2019-01-13,1,Changed Mind
92534,2022-09-19,1761,4378,19,2022-09-28,1,Defective
82193,2019-04-19,1825,1763,20,2019-05-10,1,Wrong Item
67484,2020-12-22,1026,817,27,2021-01-18,1,Defective
46678,2022-03-31,469,163,44,2022-04-21,1,Changed Mind
74258,2023-09-26,1553,4934,73,2023-10-19,1,Defective
54569,2021-09-28,1557,1700,57,2021-10-17,1,Wrong Item
61461,2019-07-07,288,3788,12,2019-08-05,1,Wrong Item
31022,2021-11-03,22,1567,98,2021-11-12,1,Wrong Item
2130,2021-11-19,887,2441,37,2021-11-27,1,Defective
95185,2020-02-26,1213,499,45,2020-03-22,1,Wrong Item
11864,2022-06-21,1230,4576,91,2022-06-27,1,Wrong Item
55043,2023-11-21,663,4104,44,2023-11-23,1,Defective
14425,2020-12-22,418,1177,36,2020-12-24,1,Changed Mind
52151,2020-04-06,66,2213,52,2020-04-23,1,Changed Mind
9162,2022-06-22,337,1536,64,2022-07-19,1,Defective
42666,2020-12-05,807,4272,96,2020-12-20,1,Changed Mind
7316,2022-06-04,304,121,29,2022-06-05,1,Defective
2181,2021-06-29,1665,1550,2,2021-07-11,1,Wrong Item
67359,2020-06-29,1370,667,28,2020-07-08,1,Wrong Item
9601,2019-09-22,1069,4042,24,2019-09-25,1,Wrong Item
35737,2019-06-17,198,3191,64,2019-07-10,1,Wrong Item
30465,2022-11-12,1618,1073,14,2022-12-04,1,Changed Mind
10572,2023-05-14,995,2024,84,2023-05-28,1,Changed Mind
85767,2021-03-03,940,2817,35,2021-03-18,1,Wrong Item
6176,2022-10-29,251,171,64,2022-10-31,1,Changed Mind
31197,2019-11-25,1727,1371,92,2019-12-03,1,Changed Mind
77458,2023-07-15,1215,2914,4,2023-07-21,1,Changed Mind
1222,2023-09-01,468,27,53,2023-09-02,1,Changed Mind
74449,2023-10-16,953,411,99,2023-11-08,1,Wrong Item
37038,2020-09-27,1067,57,74,2020-10-19,1,Changed Mind
16291,2023-01-07,630,4338,49,2023-01-31,1,Changed Mind
25453,2022-02-11,939,2577,22,2022-02-23,1,Defective
33563,2020-10-17,950,1320,58,2020-11-10,1,Changed Mind
656,2022-01-09,1695,2544,26,2022-02-02,1,Defective
43384,2020-04-04,1311,4555,45,2020-04-13,1,Changed Mind
64833,2023-02-02,1953,4808,72,2023-02-19,1,Defective
37692,2023-05-09,1606,2324,20,2023-05-10,1,Defective
50195,2019-07-01,606,540,49,2019-07-24,1,Changed Mind
64798,2023-04-16,1324,1852,49,2023-04-19,1,Wrong Item
34273,2019-05-20,1376,4782,29,2019-05-24,1,Defective
4051,2021-06-19,128,2103,75,2021-07-03,1,Changed Mind
87072,2022-11-23,487,3545,84,2022-12-08,1,Defective
81773,2020-10-17,1653,3998,100,2020-11-12,1,Defective
70997,2023-01-30,668,2034,52,2023-02-26,1,Wrong Item
4368,2021-04-05,19,444,49,2021-04-25,1,Defective
56346,2021-03-31,1288,4084,83,2021-04-11,1,Changed Mind
45918,2021-03-26,161,2824,81,2021-04-13,1,Wrong Item
46369,2023-05-22,472,2446,25,2023-06-17,1,Changed Mind
90890,2023-06-19,794,3536,77,2023-07-12,1,Changed Mind
5074,2023-08-17,41,3056,81,2023-09-01,1,Changed Mind
35991,2021-12-29,1089,3249,11,2022-01-19,1,Wrong Item
10502,2021-03-23,732,4081,98,2021-04-17,1,Defective
55930,2023-04-24,1867,2992,31,2023-05-07,1,Changed Mind
11015,2021-12-20,186,1789,83,2022-01-09,1,Changed Mind
80128,2023-01-02,129,1606,48,2023-01-14,1,Wrong Item
40039,2020-04-21,700,2518,44,2020-05-03,1,Changed Mind
69576,2021-10-29,1634,3348,90,2021-11-14,1,Wrong Item
8787,2019-09-09,362,2910,25,2019-10-03,1,Changed Mind
60719,2020-08-01,1244,239,91,2020-08-13,1,Defective
55432,2023-09-28,795,4032,16,2023-10-16,1,Wrong Item
95341,2020-05-19,1378,1447,74,2020-06-14,1,Wrong Item
19213,2022-05-16,1711,4159,34,2022-06-14,1,Changed Mind
94482,2019-05-23,1508,592,53,2019-06-13,1,Changed Mind
41047,2019-02-22,1030,3655,99,2019-03-23,1,Wrong Item
3790,2023-06-06,762,4600,72,2023-06-25,1,Defective
90092,2022-06-17,1914,4408,76,2022-06-28,1,Wrong Item
58117,2022-05-26,695,1151,8,2022-05-29,1,Defective
22507,2023-05-25,1494,3400,52,2023-06-07,1,Defective
17920,2019-03-10,364,3925,50,2019-04-02,1,Defective
96635,2021-09-13,631,2524,63,2021-09-24,1,Wrong Item
8570,2021-12-05,566,2663,8,2021-12-09,1,Wrong Item
88174,2019-01-22,1924,3935,10,2019-02-06,1,Defective
45795,2023-08-08,276,4415,54,2023-08-16,1,Changed Mind
73839,2020-04-30,5,4257,92,2020-05-20,1,Defective
15461,2022-03-21,844,1598,71,2022-04-17,1,Wrong Item
8312,2022-09-16,1233,4086,57,2022-09-17,1,Wrong Item
64112,2021-02-06,850,2160,99,2021-03-03,1,Changed Mind
9661,2021-04-26,769,528,30,2021-05-14,1,Wrong Item
857,2023-05-06,1319,3565,77,2023-05-07,1,Changed Mind
57420,2021-03-29,1316,4092,1,2021-04-16,1,Defective
40012,2021-01-15,1912,416,53,2021-02-08,1,Changed Mind
21178,2021-03-14,549,818,62,2021-03-23,1,Changed Mind
85575,2019-05-18,1312,4607,56,2019-06-08,1,Defective
22154,2022-04-07,898,3760,11,2022-04-21,1,Wrong Item
66030,2022-08-31,1483,3348,63,2022-09-28,1,Changed Mind
11469,2019-10-04,250,460,59,2019-10-31,1,Defective
65982,2019-07-25,886,1195,38,2019-07-26,1,Defective
37238,2021-04-01,1045,2869,27,2021-04-03,1,Defective
72376,2021-06-23,440,1941,28,2021-07-09,1,Changed Mind
83143,2021-10-20,1570,2991,2,2021-11-07,1,Defective
20283,2022-12-03,459,3227,83,2022-12-18,1,Changed Mind
12388,2019-11-13,649,3221,46,2019-12-07,1,Defective
29870,2022-01-16,995,3949,33,2022-02-04,1,Changed Mind
78789,2023-08-14,1284,3374,6,2023-09-01,1,Defective
69418,2020-04-07,1927,183,53,2020-04-26,1,Defective
10900,2023-10-13,928,2199,21,2023-10-17,1,Defective
22740,2023-10-14,76,2543,13,2023-10-28,1,Changed Mind
1415,2023-05-24,1421,4211,77,2023-06-15,1,Wrong Item
30953,2019-11-03,1347,4806,35,2019-11-06,1,Wrong Item
56835,2020-11-07,1521,4498,30,2020-11-14,1,Changed Mind
38936,2023-12-24,191,2387,21,2024-01-21,1,Wrong Item
32201,2023-09-08,422,2594,30,2023-09-09,1,Defective
68845,2023-07-02,1416,1373,15,2023-07-08,1,Wrong Item
45692,2021-06-02,1427,132,13,2021-06-07,1,Defective
72020,2019-04-07,1520,1847,56,2019-04-26,1,Wrong Item
80648,2023-12-31,1645,4801,87,2024-01-03,1,Defective
20428,2019-10-31,917,3679,83,2019-11-19,1,Defective
11896,2021-02-19,368,2065,79,2021-03-19,1,Wrong Item
4625,2022-09-28,1019,1132,44,2022-10-21,1,Changed Mind
29506,2023-08-09,464,4420,53,2023-09-02,1,Changed Mind
12561,2022-06-05,673,150,39,2022-07-02,1,Changed Mind
38943,2019-01-03,58,1627,58,2019-01-27,1,Defective
69606,2020-02-02,1016,4914,13,2020-03-01,1,Changed Mind
574,2019-03-22,133,2022,96,2019-04-02,1,Changed Mind
84866,2022-03-04,1439,2679,3,2022-03-06,1,Defective
51744,2021-12-26,1337,805,57,2022-01-05,1,Wrong Item
74337,2020-05-24,237,4928,8,2020-06-19,1,Changed Mind
86885,2022-10-06,1594,2772,89,2022-10-24,1,Defective
36239,2019-11-24,942,3907,35,2019-12-15,1,Changed Mind
50283,2023-03-19,1215,2853,4,2023-04-13,1,Defective
7749,2021-07-13,502,1904,39,2021-08-04,1,Wrong Item
45120,2019-08-05,966,2319,34,2019-09-03,1,Defective
99912,2021-03-17,1660,4070,27,2021-03-24,1,Defective
73382,2023-12-01,1644,844,5,2023-12-22,1,Changed Mind
60894,2021-10-16,954,3718,1,2021-11-13,1,Wrong Item
76179,2021-10-04,266,2138,62,2021-10-27,1,Changed Mind
79844,2021-10-08,219,98,78,2021-10-22,1,Defective
86324,2020-06-26,575,4788,6,2020-07-23,1,Changed Mind
98518,2020-08-07,448,791,20,2020-08-08,1,Defective
76930,2020-11-04,121,1064,87,2020-11-15,1,Defective
17962,2021-11-26,335,4190,96,2021-12-21,1,Changed Mind
64846,2020-04-12,159,323,60,2020-04-30,1,Changed Mind
28287,2023-02-01,1753,2368,95,2023-02-18,1,Wrong Item
16731,2020-02-16,1610,4477,30,2020-03-15,1,Wrong Item
67703,2021-04-27,1941,4655,9,2021-04-28,1,Defective
81582,2023-08-30,1471,289,19,2023-09-17,1,Wrong Item
2743,2020-06-03,1253,68,45,2020-06-08,1,Wrong Item
91840,2023-09-28,1899,2683,99,2023-10-23,1,Changed Mind
51277,2021-09-03,1957,1871,47,2021-09-25,1,Defective
10818,2023-04-10,1873,4111,24,2023-05-04,1,Changed Mind
13414,2019-04-13,178,763,98,2019-05-05,1,Wrong Item
4646,2019-01-31,242,1469,18,2019-03-01,1,Changed Mind
24831,2023-08-24,1351,421,58,2023-09-18,1,Changed Mind
51478,2020-08-26,1829,117,50,2020-09-04,1,Defective
60477,2021-02-21,590,1406,83,2021-03-17,1,Wrong Item
9888,2021-05-12,1612,2757,95,2021-05-19,1,Defective
77007,2022-08-05,1997,3115,73,2022-08-06,1,Changed Mind
80596,2023-01-13,1847,526,59,2023-01-27,1,Changed Mind
72762,2019-03-06,1120,4372,70,2019-03-23,1,Defective
97107,2020-07-07,451,4820,15,2020-07-22,1,Changed Mind
53570,2023-12-20,168,3599,64,2024-01-02,1,Changed Mind
15627,2022-11-04,800,3524,73,2022-11-07,1,Changed Mind
98423,2019-07-21,641,4201,86,2019-08-14,1,Wrong Item
38862,2020-10-07,235,732,44,2020-10-24,1,Changed Mind
24548,2020-05-05,252,2317,76,2020-05-26,1,Wrong Item
78204,2021-06-29,1804,2544,98,2021-07-17,1,Changed Mind
44525,2023-04-22,666,1767,59,2023-04-29,1,Wrong Item
929,2023-01-31,1269,1818,13,2023-02-04,1,Defective
30573,2019-05-31,1576,2490,22,2019-06-27,1,Changed Mind
2175,2023-09-27,150,4286,100,2023-10-20,1,Defective
63408,2022-02-04,1805,4282,75,2022-02-26,1,Defective
15467,2022-08-01,665,1519,72,2022-08-30,1,Defective
21288,2022-11-16,708,4668,20,2022-12-07,1,Wrong Item
68792,2023-02-24,1234,2061,1,2023-03-03,1,Changed Mind
64131,2019-11-01,1686,1317,79,2019-11-06,1,Wrong Item
42631,2019-10-19,1952,3449,24,2019-10-31,1,Changed Mind
48460,2023-01-04,816,1456,44,2023-01-20,1,Wrong Item
8286,2022-08-23,728,2723,4,2022-09-21,1,Wrong Item
56545,2023-08-04,1509,3468,80,2023-09-02,1,Wrong Item
36138,2020-09-02,1081,1989,18,2020-09-14,1,Defective
73918,2023-10-24,1915,3377,12,2023-11-13,1,Changed Mind
56098,2021-12-16,1441,553,85,2021-12-31,1,Defective
25637,2020-03-12,1118,2118,24,2020-03-15,1,Defective
59976,2019-06-07,459,2563,5,2019-06-14,1,Defective
63100,2019-10-23,1418,947,76,2019-11-20,1,Defective
56513,2019-05-12,1470,3025,39,2019-06-09,1,Changed Mind
68414,2022-11-04,1937,256,48,2022-12-01,1,Wrong Item
24264,2021-11-10,1943,3283,40,2021-11-25,1,Defective
60420,2023-07-07,1729,3272,66,2023-08-05,1,Wrong Item
53043,2021-10-13,1097,3973,90,2021-10-23,1,Defective
92131,2022-03-18,1561,1444,45,2022-04-08,1,Changed Mind
62661,2019-08-01,139,3929,55,2019-08-11,1,Wrong Item
24014,2019-10-16,915,1643,48,2019-11-01,1,Wrong Item
12043,2020-08-06,1598,437,89,2020-08-22,1,Changed Mind
49784,2023-01-21,1753,2662,95,2023-02-03,1,Wrong Item
76815,2023-03-31,758,3966,78,2023-04-12,1,Changed Mind
15395,2021-10-10,1217,2903,77,2021-11-03,1,Defective
73797,2021-01-12,1951,2748,98,2021-02-07,1,Changed Mind
50179,2021-06-03,1681,2000,95,2021-06-22,1,Changed Mind
94485,2023-10-01,1679,2952,91,2023-10-25,1,Wrong Item
115,2021-04-05,1524,1179,46,2021-04-29,1,Changed Mind
60900,2020-12-26,567,3940,69,2020-12-31,1,Changed Mind
59781,2023-12-03,26,4400,50,2023-12-22,1,Changed Mind
62200,2022-09-08,30,727,47,2022-09-21,1,Defective
76634,2022-05-22,805,383,93,2022-05-28,1,Changed Mind
37379,2022-10-03,987,4487,21,2022-10-22,1,Wrong Item
6730,2023-10-25,1431,1421,60,2023-11-20,1,Wrong Item
5905,2020-08-01,1678,2120,58,2020-08-16,1,Wrong Item
65967,2022-03-09,421,1255,73,2022-03-15,1,Wrong Item
14530,2022-04-18,954,4029,42,2022-04-19,1,Wrong Item
65586,2022-02-13,578,1138,76,2022-02-20,1,Defective
7336,2022-09-16,458,211,98,2022-10-02,1,Changed Mind
88468,2019-04-17,86,4145,38,2019-04-22,1,Wrong Item
38224,2021-11-27,1181,1002,66,2021-12-25,1,Defective
58175,2023-11-27,5,1817,9,2023-12-08,1,Changed Mind
89551,2020-07-01,225,4837,78,2020-07-07,1,Defective
4163,2023-05-28,553,3274,58,2023-06-19,1,Defective
38540,2022-08-08,179,4285,86,2022-08-19,1,Wrong Item
69510,2020-08-19,1572,3826,66,2020-08-27,1,Wrong Item
33889,2021-05-02,1409,1789,54,2021-05-05,1,Wrong Item
38622,2021-06-05,318,4999,100,2021-06-13,1,Wrong Item
96588,2021-11-07,59,847,97,2021-11-28,1,Changed Mind
10619,2023-04-09,833,1294,3,2023-04-27,1,Changed Mind
38358,2020-07-01,1051,1686,3,2020-07-21,1,Wrong Item
42506,2021-10-13,1175,1463,79,2021-11-03,1,Changed Mind
32808,2022-08-12,118,354,16,2022-08-31,1,Changed Mind
56781,2019-01-02,1450,3633,50,2019-01-27,1,Changed Mind
40369,2020-02-09,262,3020,12,2020-03-09,1,Defective
32387,2023-01-26,1544,3399,3,2023-02-18,1,Wrong Item
17774,2023-04-26,385,702,16,2023-05-04,1,Wrong Item
61122,2022-12-29,1062,519,35,2023-01-09,1,Changed Mind
17973,2023-01-02,1693,2501,39,2023-01-15,1,Defective
64305,2022-08-26,214,1865,50,2022-09-24,1,Changed Mind
69596,2019-02-22,1283,4593,40,2019-03-18,1,Changed Mind
85583,2021-06-02,479,2155,31,2021-06-09,1,Wrong Item
14985,2022-12-09,317,1055,25,2022-12-20,1,Changed Mind
34607,2021-10-30,1757,2513,97,2021-11-04,1,Wrong Item
9495,2022-05-05,527,3792,21,2022-05-23,1,Defective
32072,2020-05-20,38,2954,96,2020-06-14,1,Wrong Item
5170,2023-11-07,1207,888,56,2023-12-06,1,Wrong Item
70610,2020-02-06,1358,3082,97,2020-03-04,1,Wrong Item
11318,2021-01-02,925,2352,28,2021-01-04,1,Changed Mind
42991,2019-04-18,240,405,20,2019-05-08,1,Changed Mind
79977,2020-07-02,746,1218,56,2020-07-13,1,Defective
60107,2020-08-11,1327,3835,22,2020-08-18,1,Defective
67710,2019-05-01,1790,640,32,2019-05-09,1,Defective
43943,2023-12-07,383,1960,93,2023-12-11,1,Defective
44018,2020-06-15,201,4021,70,2020-07-11,1,Changed Mind
62413,2022-08-17,748,3672,47,2022-09-05,1,Defective
27785,2021-09-13,188,271,17,2021-10-09,1,Wrong Item
21660,2021-05-04,1255,2940,71,2021-05-08,1,Defective
31376,2021-06-07,257,4947,27,2021-07-03,1,Defective
82861,2023-10-28,1178,4177,14,2023-11-20,1,Defective
13344,2022-10-12,343,4219,1,2022-10-19,1,Changed Mind
50615,2022-06-23,945,1531,17,2022-07-16,1,Changed Mind
34824,2021-08-24,1818,2832,66,2021-08-29,1,Defective
15838,2023-09-27,446,4373,90,2023-10-24,1,Changed Mind
85349,2023-03-18,108,3840,96,2023-04-07,1,Wrong Item
56730,2023-09-21,1774,3301,73,2023-09-24,1,Defective
59923,2021-10-19,552,1624,86,2021-11-17,1,Changed Mind
33804,2020-10-28,906,2532,32,2020-11-08,1,Changed Mind
19838,2023-03-13,900,4066,30,2023-04-01,1,Wrong Item
21518,2020-12-23,117,3360,44,2021-01-17,1,Wrong Item
91196,2023-11-25,331,985,8,2023-12-11,1,Wrong Item
28011,2023-10-22,1015,4376,44,2023-10-23,1,Wrong Item
30221,2019-12-09,1917,3218,95,2019-12-24,1,Defective
65202,2021-02-14,19,694,15,2021-02-28,1,Changed Mind
22262,2019-07-23,599,2032,14,2019-08-09,1,Defective
37116,2022-05-31,1779,4283,38,2022-06-28,1,Defective
44035,2020-01-14,379,4013,49,2020-02-06,1,Wrong Item
55594,2022-12-18,66,4521,51,2022-12-20,1,Wrong Item
34339,2019-10-20,742,4513,44,2019-11-08,1,Defective
8951,2023-02-17,1075,4208,91,2023-03-01,1,Wrong Item
52507,2022-01-30,1560,12,89,2022-02-21,1,Wrong Item
84700,2019-07-24,1280,663,61,2019-08-05,1,Wrong Item
28853,2022-08-14,1324,1475,28,2022-08-24,1,Changed Mind
48595,2019-06-16,95,3616,42,2019-06-25,1,Wrong Item
73977,2023-02-08,1565,1615,61,2023-02-21,1,Wrong Item
45567,2022-12-30,1832,3086,39,2023-01-12,1,Defective
87038,2023-06-06,1787,78,5,2023-06-22,1,Changed Mind
11148,2022-09-26,1422,4833,10,2022-10-22,1,Defective
86810,2021-06-16,1736,2268,52,2021-07-03,1,Defective
72444,2019-09-10,503,4226,62,2019-10-05,1,Defective
27725,2021-07-19,1188,4141,40,2021-07-30,1,Wrong Item
18093,2019-01-12,1571,4694,82,2019-02-09,1,Changed Mind
85627,2021-09-28,1703,583,81,2021-10-17,1,Changed Mind
90867,2022-12-26,1958,755,65,2022-12-29,1,Changed Mind
19357,2019-11-29,1506,3990,82,2019-12-22,1,Wrong Item
32833,2022-11-18,1392,1792,80,2022-12-03,1,Defective
89333,2021-09-24,430,3299,89,2021-10-17,1,Wrong Item
31334,2021-11-18,1329,2071,72,2021-12-17,1,Wrong Item
68941,2022-04-22,1306,979,74,2022-05-05,1,Defective
32613,2021-02-24,137,3508,50,2021-03-17,1,Changed Mind
41077,2019-06-19,969,907,66,2019-07-15,1,Defective
16784,2019-03-19,1492,4786,15,2019-04-17,1,Defective
41131,2021-02-07,1428,429,82,2021-02-28,1,Changed Mind
78319,2022-10-13,1204,307,16,2022-10-17,1,Changed Mind
72170,2022-11-20,945,198,87,2022-11-22,1,Defective
4152,2019-12-19,1233,2501,52,2019-12-31,1,Changed Mind
2363,2021-05-14,1137,226,15,2021-06-02,1,Wrong Item
51011,2023-09-07,1958,1582,44,2023-09-10,1,Defective
18054,2023-01-29,154,996,42,2023-02-08,1,Wrong Item
72165,2022-04-25,442,4618,29,2022-04-29,1,Wrong Item
49025,2023-06-15,651,2438,64,2023-06-30,1,Defective
80324,2019-05-04,91,3502,23,2019-05-22,1,Changed Mind
24136,2023-10-29,1472,3333,6,2023-11-10,1,Wrong Item
98556,2022-11-09,1729,1450,40,2022-11-16,1,Changed Mind
31745,2022-11-06,305,4740,40,2022-11-18,1,Changed Mind
24934,2021-11-16,411,4002,91,2021-12-01,1,Changed Mind
73990,2019-04-09,337,4062,16,2019-04-21,1,Defective
43459,2022-10-17,795,1433,86,2022-11-04,1,Defective
35942,2023-04-01,618,4547,96,2023-04-19,1,Wrong Item
11374,2022-01-15,1833,1757,57,2022-01-31,1,Changed Mind
2798,2020-07-18,557,2340,24,2020-08-16,1,Wrong Item
24114,2023-06-02,1707,307,90,2023-06-23,1,Changed Mind
69044,2020-11-17,844,4874,27,2020-11-18,1,Changed Mind
52979,2023-03-03,259,3384,52,2023-03-06,1,Changed Mind
10409,2019-11-28,620,4196,70,2019-12-19,1,Changed Mind
89556,2019-10-01,1235,2488,27,2019-10-09,1,Changed Mind
90464,2022-08-14,1668,2265,67,2022-09-08,1,Wrong Item
7317,2019-03-20,1298,4185,54,2019-04-02,1,Wrong Item
4546,2023-03-04,34,2114,3,2023-03-14,1,Wrong Item
54916,2022-01-26,1515,2550,14,2022-02-10,1,Defective
11505,2019-05-05,279,2485,69,2019-05-13,1,Defective
30850,2020-03-16,1505,1599,39,2020-04-07,1,Defective
59439,2023-10-23,848,4731,14,2023-11-05,1,Changed Mind
25522,2022-05-11,863,4795,44,2022-05-22,1,Changed Mind
19982,2022-01-29,1409,1382,14,2022-02-11,1,Wrong Item
64722,2021-06-25,1795,1366,35,2021-06-28,1,Changed Mind
78228,2023-09-19,1004,4705,91,2023-09-28,1,Wrong Item
97908,2020-04-03,489,3460,28,2020-04-14,1,Defective
47700,2020-12-25,1560,3092,78,2021-01-23,1,Defective
77636,2019-07-19,883,3006,68,2019-08-16,1,Changed Mind
24036,2021-09-26,672,2169,23,2021-09-28,1,Changed Mind
96252,2020-06-14,1736,4597,46,2020-07-08,1,Wrong Item
84914,2020-06-25,70,2527,50,2020-07-14,1,Wrong Item
33320,2021-04-21,1385,1756,90,2021-05-02,1,Changed Mind
18733,2022-08-01,1526,4855,95,2022-08-06,1,Wrong Item
72181,2022-10-24,1802,2368,96,2022-11-17,1,Wrong Item
63744,2020-11-15,1976,4649,6,2020-11-30,1,Defective
48528,2019-04-14,1042,1174,89,2019-05-04,1,Changed Mind
96309,2019-05-10,1346,2968,44,2019-06-03,1,Changed Mind
74498,2021-08-10,98,2405,40,2021-08-25,1,Defective
56599,2019-11-25,1038,932,67,2019-12-03,1,Wrong Item
96261,2022-01-23,902,2065,3,2022-02-16,1,Defective
82212,2023-08-14,592,778,2,2023-08-19,1,Defective
82020,2019-06-28,1002,214,13,2019-07-17,1,Wrong Item
30418,2021-12-25,1386,67,76,2022-01-01,1,Defective
6844,2020-04-26,943,4701,43,2020-05-14,1,Defective
9854,2023-07-27,798,3300,8,2023-08-06,1,Defective
46218,2020-12-14,92,1557,18,2020-12-16,1,Changed Mind
48404,2019-12-07,1724,1437,21,2019-12-25,1,Changed Mind
62855,2023-02-21,779,4815,89,2023-03-20,1,Changed Mind
39814,2021-01-30,816,927,17,2021-02-21,1,Wrong Item
91765,2022-07-10,257,1879,38,2022-07-28,1,Wrong Item
98805,2023-12-09,134,2810,8,2023-12-21,1,Wrong Item
23000,2021-12-23,1043,2960,36,2022-01-09,1,Changed Mind
82606,2023-04-03,1046,4950,29,2023-05-02,1,Wrong Item
84015,2022-08-02,536,3200,85,2022-08-27,1,Defective
28327,2019-01-07,1297,3368,42,2019-01-26,1,Defective
76915,2023-09-02,271,3562,79,2023-09-03,1,Defective
61653,2019-06-17,591,2390,9,2019-07-11,1,Defective
58992,2022-09-23,588,1152,76,2022-10-05,1,Wrong Item
20275,2022-11-27,930,1195,72,2022-11-29,1,Wrong Item
74018,2020-01-27,882,2966,20,2020-02-08,1,Defective
16130,2019-05-12,1524,558,7,2019-06-10,1,Changed Mind
42948,2022-09-08,270,3232,56,2022-09-22,1,Defective
56276,2020-08-08,912,2562,76,2020-08-17,1,Changed Mind
6314,2021-08-30,566,2212,30,2021-09-15,1,Defective
29392,2021-03-03,959,3316,76,2021-03-31,1,Defective
19527,2019-07-15,6,1964,16,2019-08-03,1,Defective
11862,2020-11-24,1386,4546,83,2020-12-13,1,Defective
47454,2022-04-20,1302,1711,73,2022-05-16,1,Changed Mind
29455,2022-07-13,1305,3621,31,2022-07-29,1,Defective
67927,2023-01-04,1639,2373,1,2023-02-02,1,Wrong Item
36926,2021-07-31,1112,2024,45,2021-08-20,1,Changed Mind
73826,2019-09-10,1267,3741,33,2019-09-24,1,Changed Mind
7202,2022-07-20,1582,4567,80,2022-08-04,1,Wrong Item
20173,2021-08-24,755,522,41,2021-09-09,1,Changed Mind
82039,2021-06-26,1488,1558,64,2021-07-06,1,Defective
81480,2022-09-21,155,1659,5,2022-10-06,1,Defective
42658,2023-04-27,1441,2465,12,2023-05-01,1,Defective
41456,2019-02-03,1917,86,8,2019-02-13,1,Defective
59251,2023-05-11,15,3906,33,2023-05-20,1,Changed Mind
70347,2019-05-18,1040,1612,38,2019-05-22,1,Defective
41649,2021-01-08,262,1410,15,2021-01-13,1,Wrong Item
88791,2020-02-17,80,3648,13,2020-02-20,1,Changed Mind
74053,2021-08-25,1037,1067,28,2021-08-30,1,Wrong Item
31079,2021-09-24,1027,316,72,2021-09-30,1,Changed Mind
58795,2020-02-13,556,4533,76,2020-02-26,1,Changed Mind
49036,2022-08-16,1835,1708,84,2022-09-05,1,Defective
96033,2019-10-13,431,1608,7,2019-10-20,1,Wrong Item
78823,2019-03-21,950,2885,74,2019-04-04,1,Changed Mind
90308,2022-06-12,260,220,4,2022-06-21,1,Defective
57769,2019-02-28,1288,511,14,2019-03-10,1,Changed Mind
55139,2022-10-09,79,1293,99,2022-10-22,1,Changed Mind
91691,2019-08-28,118,3384,5,2019-09-12,1,Defective
7337,2019-11-26,1540,4272,72,2019-12-05,1,Defective
25926,2022-11-26,574,2379,27,2022-12-09,1,Wrong Item
29414,2020-07-20,1409,2833,41,2020-07-22,1,Changed Mind
91855,2023-12-22,1682,613,83,2023-12-25,1,Changed Mind
52828,2019-07-12,537,2084,78,2019-07-18,1,Changed Mind
62998,2019-08-09,1790,585,34,2019-08-23,1,Changed Mind
67870,2019-01-10,1153,2064,25,2019-02-03,1,Wrong Item
34911,2023-03-13,1701,4481,68,2023-03-21,1,Defective
1550,2023-11-02,1409,3488,22,2023-11-27,1,Changed Mind
28304,2020-11-09,1005,4229,37,2020-11-26,1,Changed Mind
50012,2020-09-30,130,1026,14,2020-10-01,1,Wrong Item
19665,2019-06-08,1501,3930,33,2019-06-24,1,Changed Mind
65881,2021-03-13,1770,2805,22,2021-03-15,1,Wrong Item
66583,2020-02-19,549,4008,61,2020-02-26,1,Wrong Item
73016,2019-09-02,742,3976,3,2019-10-01,1,Defective
69026,2019-05-13,1651,3617,21,2019-06-09,1,Changed Mind
46017,2019-08-25,1916,1376,28,2019-09-08,1,Defective
789,2021-03-30,1210,4600,31,2021-04-06,1,Wrong Item
61729,2020-11-29,1557,4086,51,2020-12-08,1,Wrong Item
62976,2023-12-13,937,3285,62,2023-12-18,1,Wrong Item
38309,2021-12-10,1931,4344,5,2022-01-03,1,Defective
83564,2023-10-11,221,1458,93,2023-10-27,1,Defective
86111,2023-11-20,549,3567,32,2023-12-06,1,Changed Mind
65238,2021-06-01,1280,4023,63,2021-06-19,1,Changed Mind
9843,2023-08-06,28,2386,80,2023-08-30,1,Wrong Item
88064,2022-02-22,672,855,25,2022-03-04,1,Wrong Item
16099,2020-06-30,1632,1107,45,2020-07-06,1,Wrong Item
97293,2021-05-15,323,2952,44,2021-06-06,1,Defective
57504,2022-02-04,577,3165,61,2022-02-25,1,Defective
81968,2019-06-26,1793,1964,18,2019-07-01,1,Defective
36981,2019-04-19,1999,1552,20,2019-04-24,1,Defective
82774,2021-07-06,795,1241,98,2021-07-21,1,Wrong Item
89505,2019-04-29,1552,4855,84,2019-05-10,1,Defective
69220,2020-06-20,1110,553,16,2020-06-29,1,Changed Mind
41508,2019-11-24,1217,536,61,2019-12-16,1,Changed Mind
56406,2022-03-07,481,1743,17,2022-04-03,1,Defective
72156,2019-08-16,1801,4008,20,2019-09-06,1,Wrong Item
31410,2023-12-07,102,1620,76,2023-12-17,1,Defective
57968,2023-06-20,1154,888,36,2023-06-30,1,Defective
73338,2020-12-26,643,2387,20,2021-01-08,1,Changed Mind
46421,2022-11-26,1375,3275,65,2022-11-30,1,Wrong Item
53830,2023-04-05,404,1227,25,2023-04-27,1,Changed Mind
68923,2023-04-05,869,1255,40,2023-04-12,1,Changed Mind
2213,2019-10-15,1716,2949,69,2019-10-25,1,Changed Mind
52540,2021-02-05,346,3972,49,2021-02-12,1,Wrong Item
95696,2022-11-10,444,3924,54,2022-12-09,1,Wrong Item
4832,2022-05-28,747,578,58,2022-06-18,1,Wrong Item
93051,2021-03-14,785,168,44,2021-04-09,1,Defective
13774,2023-05-25,1826,2545,17,2023-06-13,1,Wrong Item
98296,2022-04-12,1013,2795,57,2022-04-30,1,Defective
37180,2019-10-18,411,2990,26,2019-10-24,1,Defective
96712,2020-05-21,1784,308,11,2020-06-15,1,Defective
57888,2021-06-09,498,514,16,2021-07-07,1,Wrong Item
19525,2023-04-17,325,396,49,2023-04-30,1,Defective
53278,2021-08-29,702,4144,35,2021-09-21,1,Wrong Item
62334,2021-04-10,1059,4515,27,2021-05-01,1,Defective
36961,2020-09-02,1648,2784,40,2020-09-14,1,Changed Mind
22123,2020-10-24,1839,4111,87,2020-11-15,1,Defective
75710,2020-12-07,218,2601,78,2020-12-18,1,Wrong Item
12967,2020-01-26,106,949,92,2020-02-03,1,Wrong Item
18167,2021-02-15,1119,1969,48,2021-03-10,1,Changed Mind
35481,2020-11-10,267,561,94,2020-11-23,1,Wrong Item
95853,2022-02-01,424,2085,63,2022-02-18,1,Wrong Item
43296,2022-12-27,743,4613,48,2022-12-30,1,Changed Mind
63284,2019-12-30,511,4429,77,2020-01-27,1,Changed Mind
30335,2021-05-14,1198,3790,54,2021-05-25,1,Wrong Item
71660,2020-04-26,58,431,7,2020-05-06,1,Changed Mind
65936,2023-03-30,267,4626,54,2023-04-06,1,Defective
3167,2019-10-05,552,4253,52,2019-10-07,1,Defective
68234,2020-09-22,794,3279,30,2020-10-05,1,Defective
43166,2022-11-05,1787,1225,7,2022-11-18,1,Wrong Item
68967,2022-09-14,1684,4578,30,2022-09-25,1,Defective
52294,2020-09-03,1866,2476,45,2020-09-07,1,Changed Mind
25012,2022-08-25,62,4217,14,2022-09-23,1,Wrong Item
97549,2021-03-22,1614,1234,8,2021-04-19,1,Wrong Item
46129,2020-03-18,1143,3392,58,2020-04-01,1,Wrong Item
39184,2019-09-22,61,3825,26,2019-10-19,1,Wrong Item
77745,2021-09-30,1701,480,6,2021-10-04,1,Wrong Item
75308,2019-01-03,1155,4684,34,2019-01-09,1,Defective
9846,2021-06-23,457,1121,24,2021-07-15,1,Wrong Item
39549,2020-03-07,169,4239,83,2020-03-29,1,Changed Mind
24935,2019-05-07,928,4688,88,2019-05-11,1,Defective
28602,2022-03-26,1766,4480,55,2022-04-09,1,Defective
19125,2019-09-15,1594,1244,42,2019-10-03,1,Defective
47494,2023-09-07,1316,3793,65,2023-09-14,1,Wrong Item
10982,2022-07-03,1958,4761,95,2022-07-11,1,Defective
12770,2020-12-12,1130,1446,9,2021-01-03,1,Wrong Item
89013,2021-10-14,383,2626,19,2021-10-31,1,Changed Mind
72812,2021-04-23,841,822,86,2021-05-02,1,Defective
50207,2022-06-13,18,3455,82,2022-06-14,1,Defective
80996,2020-01-20,1918,911,3,2020-02-13,1,Wrong Item
15836,2022-02-06,495,2784,64,2022-02-20,1,Changed Mind
20136,2023-10-16,1710,2993,73,2023-11-12,1,Defective
58396,2022-03-15,41,3586,15,2022-03-28,1,Defective
54926,2020-11-14,703,1770,42,2020-11-28,1,Defective
58699,2020-03-31,1933,289,4,2020-04-14,1,Changed Mind
81436,2022-09-27,721,4396,72,2022-10-21,1,Defective
69019,2020-09-09,1010,2923,2,2020-09-15,1,Defective
45758,2021-03-28,1486,2642,26,2021-04-03,1,Changed Mind
45146,2023-02-01,1834,1944,54,2023-02-21,1,Defective
98711,2021-08-12,1580,2491,75,2021-09-09,1,Defective
34861,2019-07-03,1395,3733,16,2019-07-29,1,Defective
88072,2019-02-03,14,1025,59,2019-02-22,1,Changed Mind
37476,2023-03-01,1173,3035,1,2023-03-27,1,Wrong Item
38250,2023-10-10,736,340,66,2023-10-19,1,Wrong Item
19309,2019-01-04,1226,396,63,2019-01-22,1,Changed Mind
4882,2021-03-07,779,1808,55,2021-04-01,1,Defective
65946,2019-10-07,202,760,32,2019-10-21,1,Changed Mind
93812,2022-12-18,1559,682,7,2022-12-19,1,Wrong Item
89480,2022-04-18,1853,7,24,2022-05-12,1,Changed Mind
76340,2023-11-09,956,1741,61,2023-11-22,1,Wrong Item
95984,2023-02-15,407,496,17,2023-03-08,1,Changed Mind
38092,2021-03-02,1744,2519,68,2021-03-09,1,Changed Mind
53142,2020-02-23,1070,1257,19,2020-03-05,1,Changed Mind
89727,2022-02-19,547,1357,79,2022-03-05,1,Changed Mind
45326,2023-04-21,113,1575,65,2023-05-06,1,Wrong Item
2437,2022-06-30,1002,2781,41,2022-07-15,1,Changed Mind
71941,2023-04-30,1538,3611,7,2023-05-04,1,Changed Mind
72938,2023-05-19,1180,4415,56,2023-06-09,1,Changed Mind
91839,2019-10-15,399,3883,76,2019-11-09,1,Defective
65187,2020-01-27,501,3470,95,2020-02-19,1,Wrong Item
49220,2021-05-27,491,1186,3,2021-06-06,1,Changed Mind
1575,2023-06-22,432,724,10,2023-07-10,1,Changed Mind
62393,2020-06-02,1187,3978,55,2020-06-03,1,Wrong Item
41135,2021-01-30,670,1838,26,2021-02-17,1,Changed Mind
92902,2021-06-18,1683,2173,63,2021-06-29,1,Wrong Item
8621,2022-03-19,725,2506,66,2022-04-04,1,Changed Mind
17196,2023-06-24,1168,4809,11,2023-07-05,1,Wrong Item
97372,2023-07-26,1492,2052,82,2023-08-09,1,Changed Mind
34790,2023-04-14,1596,3549,92,2023-05-04,1,Wrong Item
41444,2022-11-05,984,4716,8,2022-11-08,1,Wrong Item
67776,2022-04-27,1255,3954,34,2022-05-17,1,Changed Mind
58535,2019-04-21,440,3418,41,2019-05-19,1,Defective
46442,2022-02-24,1437,84,89,2022-02-28,1,Defective
69601,2023-12-16,1192,1799,58,2023-12-27,1,Defective
31797,2022-04-07,1485,942,51,2022-04-18,1,Defective
25024,2021-06-02,1735,915,76,2021-06-18,1,Changed Mind
60538,2022-08-04,170,3804,9,2022-08-10,1,Wrong Item
41655,2019-09-19,150,953,37,2019-10-01,1,Changed Mind
87402,2020-11-06,1007,753,50,2020-11-13,1,Defective
58914,2019-09-15,412,702,89,2019-10-07,1,Wrong Item
75271,2019-03-18,976,710,24,2019-03-20,1,Changed Mind
56620,2022-09-20,388,1457,63,2022-10-15,1,Defective
73815,2019-10-28,226,3289,69,2019-11-06,1,Changed Mind
5541,2021-01-26,1967,3018,1,2021-02-23,1,Wrong Item
30470,2020-06-15,1744,296,91,2020-06-19,1,Wrong Item
74274,2019-07-26,328,3273,72,2019-07-27,1,Defective
82500,2020-10-25,1041,913,87,2020-11-04,1,Defective
89777,2019-10-30,1577,1008,7,2019-11-13,1,Wrong Item
99506,2023-02-19,921,1504,36,2023-03-17,1,Changed Mind
74859,2021-07-13,1599,4027,72,2021-08-04,1,Wrong Item
71576,2023-07-08,107,2903,9,2023-07-22,1,Changed Mind
35742,2020-06-14,1820,1784,36,2020-07-01,1,Changed Mind
32427,2021-06-24,374,3284,98,2021-07-11,1,Changed Mind
85848,2020-04-28,1098,1844,49,2020-05-15,1,Changed Mind
63155,2019-08-25,394,4324,18,2019-09-15,1,Changed Mind
13507,2023-05-22,1877,3422,28,2023-06-02,1,Changed Mind
75618,2021-03-22,917,2066,79,2021-04-20,1,Changed Mind
93244,2023-01-04,575,1535,76,2023-01-22,1,Wrong Item
18064,2023-09-19,16,4177,1,2023-10-03,1,Defective
67725,2019-03-30,147,65,49,2019-04-21,1,Changed Mind
15866,2022-07-06,674,1134,57,2022-08-02,1,Changed Mind
6805,2021-06-06,643,3980,9,2021-06-18,1,Wrong Item
90355,2021-08-06,1449,3739,77,2021-08-26,1,Defective
51131,2019-07-31,25,4256,62,2019-08-19,1,Wrong Item
65190,2022-10-11,1796,1011,63,2022-11-08,1,Defective
70146,2023-04-02,1749,616,42,2023-04-21,1,Defective
9294,2020-06-19,1866,1820,96,2020-06-22,1,Wrong Item
86713,2020-02-03,411,1195,48,2020-02-25,1,Wrong Item
22916,2020-11-10,337,4953,4,2020-11-11,1,Changed Mind
30175,2022-07-23,1826,3747,15,2022-07-25,1,Wrong Item
87009,2021-07-07,1488,4121,30,2021-07-22,1,Defective
44419,2023-02-21,1500,2214,85,2023-03-15,1,Defective
19824,2023-07-22,1330,695,99,2023-08-01,1,Defective
25585,2020-08-02,529,3254,3,2020-08-29,1,Changed Mind
65542,2022-12-23,617,2671,19,2022-12-30,1,Changed Mind
60702,2022-07-09,1988,3186,12,2022-07-22,1,Changed Mind
40475,2021-08-04,4,921,50,2021-08-16,1,Defective
48741,2019-12-23,320,3899,20,2020-01-12,1,Wrong Item
54189,2023-10-02,1676,1291,26,2023-10-12,1,Changed Mind
87739,2023-11-22,1555,1116,56,2023-12-17,1,Changed Mind
71266,2020-02-09,300,3156,93,2020-02-27,1,Defective
78112,2021-03-01,1643,288,46,2021-03-03,1,Wrong Item
68718,2019-12-11,4,4810,48,2019-12-14,1,Defective
95066,2022-12-16,1720,3630,38,2022-12-31,1,Changed Mind
21796,2020-04-09,1391,723,13,2020-04-15,1,Changed Mind
65308,2021-06-11,1067,3216,11,2021-06-20,1,Defective
12525,2019-04-21,1159,1384,83,2019-04-24,1,Defective
21352,2023-12-03,1386,623,54,2023-12-23,1,Wrong Item
65771,2019-05-24,1771,4974,84,2019-06-22,1,Defective
22200,2022-02-13,1087,4778,1,2022-03-12,1,Defective
1748,2021-12-07,1273,146,70,2021-12-09,1,Wrong Item
77382,2023-11-29,290,2451,57,2023-12-22,1,Changed Mind
89962,2019-03-20,227,4630,43,2019-04-11,1,Changed Mind
33944,2022-10-31,319,1367,32,2022-11-01,1,Changed Mind
99926,2020-12-03,499,96,92,2020-12-24,1,Wrong Item
43769,2023-05-13,173,2155,83,2023-06-08,1,Wrong Item
22542,2023-08-18,1134,237,27,2023-09-13,1,Changed Mind
1957,2020-08-14,1922,128,82,2020-09-04,1,Wrong Item
6001,2019-02-04,105,4643,37,2019-03-03,1,Changed Mind
99269,2021-09-20,392,3159,87,2021-10-16,1,Changed Mind
42700,2020-01-24,1923,290,12,2020-02-14,1,Changed Mind
21974,2023-05-25,1595,4844,65,2023-06-13,1,Defective
54725,2019-02-15,1629,1785,52,2019-02-21,1,Defective
87127,2022-10-27,847,1062,57,2022-10-31,1,Changed Mind
78722,2023-03-20,720,4281,88,2023-04-14,1,Changed Mind
65834,2021-05-16,61,3043,42,2021-06-11,1,Changed Mind
9754,2019-12-27,1862,4007,65,2020-01-10,1,Defective
38671,2023-11-15,1798,3767,28,2023-12-14,1,Changed Mind
77677,2022-06-09,39,4528,86,2022-06-28,1,Changed Mind
68734,2020-01-10,1190,3385,57,2020-01-16,1,Defective
51074,2022-02-22,1813,4300,55,2022-03-15,1,Defective
17841,2019-07-21,1167,3735,40,2019-08-06,1,Defective
19003,2019-01-18,158,4828,20,2019-01-28,1,Defective
24495,2019-03-21,1309,4198,46,2019-04-15,1,Wrong Item
31452,2020-06-15,1635,976,56,2020-06-16,1,Changed Mind
15366,2022-01-06,283,4024,34,2022-01-22,1,Wrong Item
95343,2023-01-24,1277,1648,15,2023-01-31,1,Changed Mind
66323,2023-05-12,339,2126,21,2023-06-07,1,Defective
69946,2023-10-29,767,4798,92,2023-11-07,1,Wrong Item
88129,2023-02-22,446,1449,92,2023-02-24,1,Wrong Item
6484,2020-06-10,1279,1843,96,2020-07-06,1,Changed Mind
87672,2023-06-05,97,4099,56,2023-06-19,1,Wrong Item
47522,2019-04-09,515,630,69,2019-04-15,1,Wrong Item
57096,2020-12-27,414,50,24,2021-01-22,1,Changed Mind
3417,2021-03-16,1376,2092,66,2021-04-11,1,Changed Mind
28840,2020-06-24,1959,878,54,2020-07-20,1,Wrong Item
50248,2022-01-10,230,5,10,2022-01-28,1,Changed Mind
43854,2020-10-29,420,2273,83,2020-10-30,1,Changed Mind
29535,2022-02-22,1648,4472,99,2022-03-14,1,Changed Mind
53290,2021-02-22,1997,43,19,2021-03-10,1,Wrong Item
75663,2020-06-04,1602,4355,54,2020-07-01,1,Changed Mind
52302,2019-03-13,957,3559,10,2019-04-02,1,Defective
14645,2022-04-02,1821,3867,94,2022-04-08,1,Defective
98584,2021-04-27,1971,42,19,2021-05-05,1,Defective
46896,2020-01-26,1293,4147,95,2020-02-22,1,Changed Mind
70757,2023-04-17,1631,2173,56,2023-05-16,1,Changed Mind
68340,2023-12-28,296,156,8,2023-12-31,1,Wrong Item
75064,2019-06-16,898,2491,63,2019-07-07,1,Wrong Item
24463,2019-04-29,1065,4036,26,2019-05-15,1,Changed Mind
44702,2023-08-01,1755,753,46,2023-08-16,1,Defective
67252,2020-04-23,391,4786,37,2020-05-08,1,Changed Mind
51785,2022-04-07,1963,4842,75,2022-04-23,1,Defective
97611,2021-05-21,417,2691,67,2021-06-18,1,Changed Mind
16265,2019-09-20,825,4277,80,2019-10-08,1,Changed Mind
38194,2023-03-17,1480,3997,7,2023-03-18,1,Defective
90343,2019-08-09,88,4014,60,2019-09-06,1,Wrong Item
66054,2020-06-21,162,1022,54,2020-06-23,1,Wrong Item
17800,2021-08-17,1069,2294,14,2021-08-21,1,Wrong Item
12111,2019-08-31,1420,3979,64,2019-09-21,1,Defective
26638,2023-05-25,271,2913,40,2023-05-30,1,Defective
97891,2022-02-04,228,3747,68,2022-02-06,1,Defective
41762,2022-02-12,437,581,58,2022-02-18,1,Wrong Item
2528,2020-02-25,23,2103,94,2020-03-24,1,Changed Mind
41000,2021-04-18,1734,2680,40,2021-04-30,1,Defective
1571,2020-12-05,880,1215,60,2020-12-20,1,Changed Mind
55304,2022-03-24,1657,2346,90,2022-04-09,1,Wrong Item
29469,2021-09-27,1025,1716,4,2021-10-06,1,Defective
8778,2021-04-27,25,2587,58,2021-05-14,1,Defective
23516,2023-07-28,1436,3346,5,2023-07-31,1,Changed Mind
82480,2019-02-22,1234,3963,13,2019-03-03,1,Defective
31061,2019-09-26,369,4710,28,2019-10-19,1,Wrong Item
69985,2022-11-06,1415,538,20,2022-12-02,1,Wrong Item
51491,2021-02-14,1657,4902,38,2021-02-16,1,Changed Mind
5763,2022-07-04,328,4191,65,2022-08-02,1,Changed Mind
90990,2022-07-24,1817,3166,65,2022-08-16,1,Defective
10011,2022-12-22,1254,4833,60,2023-01-05,1,Wrong Item
20051,2019-12-26,1022,2763,35,2019-12-29,1,Changed Mind
94778,2022-11-04,1457,4588,25,2022-11-11,1,Wrong Item
74580,2023-08-18,933,4535,26,2023-09-09,1,Defective
1414,2023-05-20,1733,1799,86,2023-05-22,1,Wrong Item
88639,2023-01-22,1844,2481,82,2023-02-06,1,Defective
70701,2022-02-09,927,987,90,2022-03-07,1,Defective
60512,2023-02-03,1153,1423,72,2023-02-14,1,Defective
30765,2020-07-22,712,1652,24,2020-08-12,1,Changed Mind
58965,2019-10-13,692,1713,52,2019-11-10,1,Changed Mind
87550,2020-05-06,192,4063,4,2020-05-25,1,Wrong Item
56037,2019-06-30,1358,1328,44,2019-07-01,1,Wrong Item
72846,2022-05-12,912,1108,90,2022-05-25,1,Changed Mind
48542,2019-07-29,1775,4140,18,2019-08-13,1,Defective
14378,2021-04-25,644,668,62,2021-05-24,1,Defective
96461,2019-10-30,1558,1830,82,2019-11-10,1,Defective
28473,2021-02-23,1384,2112,71,2021-03-07,1,Defective
72121,2022-04-09,1882,2066,55,2022-04-24,1,Changed Mind
16368,2019-12-11,1240,4519,71,2020-01-08,1,Changed Mind
38349,2021-06-26,1667,2031,9,2021-07-25,1,Wrong Item
5534,2023-01-30,475,1620,29,2023-02-20,1,Defective
74545,2021-12-29,1659,3759,88,2022-01-21,1,Changed Mind
23466,2022-06-01,1266,2675,76,2022-06-26,1,Changed Mind
18094,2019-03-24,1417,4153,82,2019-04-03,1,Defective
45763,2022-06-14,841,4750,27,2022-06-23,1,Defective
65696,2019-08-12,1270,229,96,2019-09-07,1,Wrong Item
32933,2019-09-03,1996,4081,69,2019-09-11,1,Defective
47705,2021-04-30,531,3296,42,2021-05-10,1,Wrong Item
5767,2020-02-02,1884,535,9,2020-02-12,1,Changed Mind
14439,2022-10-24,411,479,29,2022-11-09,1,Defective
65242,2020-06-28,1077,3194,37,2020-07-19,1,Defective
7516,2020-07-25,1227,538,42,2020-08-10,1,Changed Mind
11778,2021-04-28,1979,4483,45,2021-05-03,1,Wrong Item
59391,2020-08-27,539,4844,61,2020-09-10,1,Changed Mind
2663,2021-07-24,301,1522,93,2021-08-11,1,Defective
70594,2023-07-27,1836,2498,70,2023-08-05,1,Changed Mind
93353,2022-11-10,1878,256,71,2022-12-04,1,Changed Mind
83045,2020-07-09,577,3497,12,2020-07-30,1,Changed Mind
21185,2019-07-31,1752,3244,96,2019-08-22,1,Changed Mind
83843,2020-08-24,1789,4951,18,2020-09-12,1,Changed Mind
30337,2019-03-25,1313,3238,55,2019-04-22,1,Changed Mind
91158,2023-01-17,1182,3981,8,2023-02-11,1,Wrong Item
40041,2020-01-07,194,1966,94,2020-02-03,1,Changed Mind
18553,2021-06-27,339,2614,53,2021-07-07,1,Defective
30579,2023-05-31,263,618,34,2023-06-12,1,Defective
56539,2019-03-08,740,74,37,2019-03-14,1,Wrong Item
25135,2021-09-10,1678,2688,88,2021-09-18,1,Defective
43601,2022-04-28,1901,4344,100,2022-05-15,1,Wrong Item
31403,2023-02-16,277,181,41,2023-03-14,1,Defective
41536,2019-12-20,201,2531,89,2019-12-30,1,Changed Mind
2545,2019-02-16,1680,44,84,2019-03-12,1,Wrong Item
82163,2019-09-27,671,1519,4,2019-10-26,1,Wrong Item
34718,2023-04-02,923,1260,56,2023-04-12,1,Changed Mind
22097,2020-01-29,233,1013,57,2020-02-04,1,Changed Mind
1166,2023-08-17,1295,1586,43,2023-09-10,1,Wrong Item
94932,2020-02-07,235,4642,54,2020-02-20,1,Defective
84936,2022-03-25,610,548,84,2022-04-03,1,Changed Mind
91488,2023-07-19,1746,2319,81,2023-08-06,1,Changed Mind
39521,2021-09-16,220,4800,83,2021-09-23,1,Defective
75760,2019-04-30,1205,2353,78,2019-05-23,1,Defective
22951,2020-01-20,390,3638,7,2020-02-05,1,Defective
64247,2022-12-03,1774,2495,37,2022-12-31,1,Wrong Item
64775,2019-08-16,599,1172,89,2019-09-13,1,Changed Mind
42069,2023-03-04,1141,902,45,2023-03-10,1,Wrong Item
18554,2020-03-25,1714,1584,1,2020-04-17,1,Defective
31463,2023-03-29,1660,4118,8,2023-04-16,1,Defective
93576,2019-04-16,1406,3648,1,2019-04-24,1,Wrong Item
27887,2020-10-03,1087,2454,17,2020-10-07,1,Changed Mind
34281,2020-05-15,717,2693,80,2020-06-08,1,Changed Mind
70626,2022-10-10,845,4310,20,2022-11-01,1,Defective
21757,2023-10-12,1063,974,39,2023-10-24,1,Wrong Item
61804,2020-06-20,762,1575,77,2020-07-17,1,Wrong Item
93629,2020-05-18,215,4900,84,2020-06-03,1,Defective
80446,2022-07-12,1664,3548,42,2022-07-28,1,Changed Mind
52178,2020-07-09,1544,4204,75,2020-07-14,1,Wrong Item
44521,2021-03-25,1559,2125,30,2021-04-04,1,Wrong Item
72533,2020-05-14,1981,1813,94,2020-05-16,1,Defective
7738,2023-06-08,595,4758,37,2023-07-05,1,Wrong Item
58722,2020-04-01,1142,2933,11,2020-04-02,1,Defective
53616,2023-03-03,1504,2381,41,2023-03-23,1,Wrong Item
20556,2022-02-09,1258,3913,56,2022-02-10,1,Defective
56049,2020-06-14,217,1882,70,2020-06-18,1,Defective
17556,2020-07-21,25,4529,33,2020-08-15,1,Wrong Item
83782,2021-09-08,1770,3970,69,2021-09-22,1,Wrong Item
42237,2023-10-10,1787,379,20,2023-11-05,1,Defective
94421,2021-04-19,532,1229,6,2021-04-25,1,Defective
24096,2019-04-26,134,3132,27,2019-05-04,1,Changed Mind
63607,2019-03-23,1113,3000,95,2019-04-18,1,Changed Mind
56632,2019-08-14,1395,2625,95,2019-08-16,1,Wrong Item
68271,2020-08-24,472,4048,65,2020-09-16,1,Defective
11363,2021-07-19,581,3771,71,2021-07-26,1,Defective
8711,2020-05-15,840,4956,51,2020-05-20,1,Changed Mind
11372,2021-01-26,1080,171,43,2021-02-03,1,Wrong Item
95116,2020-04-28,743,4054,28,2020-05-16,1,Changed Mind
25555,2020-10-25,1568,3510,49,2020-11-13,1,Defective
1719,2023-08-09,1480,2502,44,2023-08-20,1,Wrong Item
41653,2021-11-27,1352,2733,6,2021-12-20,1,Changed Mind
92556,2021-12-17,1253,4137,86,2021-12-20,1,Wrong Item
90531,2021-07-20,891,4400,72,2021-08-16,1,Defective
75077,2019-07-29,112,2064,19,2019-07-30,1,Defective
1939,2021-07-21,875,756,88,2021-08-03,1,Defective
93304,2022-06-09,900,3335,78,2022-06-30,1,Wrong Item
7864,2019-07-30,1641,656,92,2019-08-08,1,Wrong Item
78602,2021-06-08,1153,3949,100,2021-06-30,1,Changed Mind
8547,2020-03-24,1091,3390,37,2020-04-18,1,Wrong Item
34819,2020-12-26,893,1538,59,2021-01-07,1,Changed Mind
80550,2021-09-29,1963,390,56,2021-10-03,1,Changed Mind
98205,2022-11-06,228,3324,100,2022-12-03,1,Defective
22645,2022-05-22,130,2919,70,2022-05-28,1,Changed Mind
94217,2022-05-26,1948,206,71,2022-06-22,1,Changed Mind
2997,2022-03-12,1178,3038,75,2022-04-05,1,Wrong Item
5179,2022-04-07,337,2351,23,2022-05-01,1,Changed Mind
11923,2021-12-16,624,2561,93,2022-01-14,1,Defective
87742,2019-07-13,1816,3264,55,2019-08-04,1,Wrong Item
10514,2022-06-05,1070,958,62,2022-06-10,1,Defective
76237,2023-11-13,829,720,49,2023-11-27,1,Wrong Item
8036,2023-11-21,1137,4301,11,2023-12-11,1,Wrong Item
42376,2023-06-05,1330,4166,55,2023-06-29,1,Changed Mind
10826,2021-04-15,83,4158,92,2021-05-04,1,Changed Mind
30759,2023-02-26,447,801,4,2023-03-16,1,Defective
60016,2023-11-09,255,357,14,2023-11-26,1,Defective
42061,2021-03-17,1483,4233,91,2021-04-11,1,Changed Mind
69683,2022-08-30,1055,3479,55,2022-09-03,1,Changed Mind
93159,2022-09-12,855,3004,29,2022-10-05,1,Wrong Item
57904,2021-07-15,1446,1928,16,2021-07-30,1,Defective
39162,2019-04-03,978,179,81,2019-04-28,1,Wrong Item
2087,2020-05-26,1023,4620,34,2020-06-18,1,Defective
95454,2021-12-11,1487,1361,94,2022-01-06,1,Changed Mind
58303,2020-01-09,879,777,79,2020-01-27,1,Changed Mind
26113,2020-04-08,264,2937,35,2020-04-30,1,Changed Mind
53082,2020-06-29,659,17,70,2020-07-20,1,Wrong Item
24187,2020-05-16,1287,2115,47,2020-06-10,1,Wrong Item
54935,2021-03-01,1660,2312,5,2021-03-17,1,Defective
74909,2023-04-21,232,1269,8,2023-05-16,1,Wrong Item
43258,2019-07-19,398,2356,86,2019-07-27,1,Changed Mind
88879,2020-11-01,100,2338,90,2020-11-14,1,Wrong Item
45283,2023-06-05,1968,1285,68,2023-06-10,1,Wrong Item
31099,2022-04-08,1985,2084,50,2022-04-28,1,Wrong Item
506,2021-11-26,1927,1827,91,2021-12-25,1,Changed Mind
51428,2023-11-28,327,3341,90,2023-12-15,1,Changed Mind
50104,2019-03-24,1823,3468,38,2019-04-03,1,Defective
35346,2020-01-11,1990,2039,93,2020-02-08,1,Wrong Item
28746,2021-11-07,671,1152,77,2021-11-13,1,Defective
50799,2023-05-12,15,2983,37,2023-05-24,1,Defective
17498,2019-09-17,1928,2735,72,2019-09-23,1,Wrong Item
62447,2021-11-25,1555,4481,68,2021-12-14,1,Defective
99463,2021-10-07,797,1430,100,2021-10-21,1,Wrong Item
21551,2022-03-01,165,3120,36,2022-03-03,1,Wrong Item
49233,2021-09-25,938,1113,70,2021-10-15,1,Wrong Item
128,2022-07-20,1410,2512,11,2022-07-27,1,Defective
91790,2019-02-14,765,3105,100,2019-03-04,1,Wrong Item
22611,2020-09-30,1389,2983,32,2020-10-18,1,Wrong Item
74251,2021-06-30,1260,2654,2,2021-07-24,1,Wrong Item
13131,2022-06-17,520,755,85,2022-07-04,1,Changed Mind
83891,2019-01-29,534,3458,21,2019-02-16,1,Defective
77803,2022-08-03,226,3289,13,2022-08-12,1,Defective
4149,2021-04-02,369,145,61,2021-04-29,1,Wrong Item
35914,2019-02-12,523,1071,96,2019-02-21,1,Defective
55852,2023-09-08,1280,4473,49,2023-09-13,1,Wrong Item
94926,2023-01-19,1150,2677,76,2023-02-08,1,Defective
86967,2023-11-04,1060,2875,70,2023-12-03,1,Defective
89460,2022-10-06,1874,3899,76,2022-11-04,1,Defective
13199,2021-04-17,605,3950,99,2021-05-01,1,Changed Mind
31162,2019-12-09,454,4049,61,2019-12-28,1,Defective
22197,2023-08-17,792,2360,47,2023-08-21,1,Defective
39555,2023-11-06,748,2715,57,2023-11-30,1,Wrong Item
22331,2022-09-24,1352,2723,81,2022-10-05,1,Wrong Item
37130,2023-01-20,631,174,37,2023-02-05,1,Wrong Item
96495,2019-08-01,1064,832,53,2019-08-12,1,Changed Mind
35464,2022-01-18,1870,2056,8,2022-01-26,1,Changed Mind
41648,2020-02-14,1181,4483,12,2020-02-29,1,Wrong Item
80591,2020-05-08,792,3006,13,2020-06-01,1,Wrong Item
76874,2023-03-18,352,3840,35,2023-04-09,1,Wrong Item
96063,2020-01-20,1646,335,92,2020-01-30,1,Wrong Item
20307,2019-05-01,72,539,23,2019-05-23,1,Wrong Item
44708,2019-10-03,929,652,38,2019-10-04,1,Defective
6427,2022-04-06,1921,4753,2,2022-04-27,1,Wrong Item
92284,2022-08-01,1749,1650,31,2022-08-28,1,Wrong Item
40471,2021-07-08,267,157,45,2021-07-20,1,Changed Mind
95335,2021-05-21,1562,2824,53,2021-06-02,1,Wrong Item
63391,2023-10-22,951,653,67,2023-10-30,1,Changed Mind
68128,2020-12-23,1500,4739,8,2021-01-17,1,Changed Mind
66825,2020-08-03,1935,2542,91,2020-08-05,1,Defective
15885,2019-09-14,170,953,75,2019-09-17,1,Changed Mind
55380,2021-12-10,1264,4644,75,2021-12-27,1,Changed Mind
17285,2021-04-12,612,2274,24,2021-05-05,1,Changed Mind
79955,2023-05-13,674,2117,51,2023-06-01,1,Changed Mind
39522,2023-02-10,28,2661,24,2023-03-09,1,Defective
28127,2023-03-22,1270,2679,37,2023-04-16,1,Wrong Item
77658,2021-08-21,1998,1752,80,2021-09-09,1,Defective
19109,2023-07-18,1203,880,67,2023-08-10,1,Wrong Item
53738,2023-07-25,1808,1646,22,2023-08-20,1,Wrong Item
46154,2019-08-26,1370,1294,38,2019-09-01,1,Wrong Item
19171,2019-09-13,1833,2191,16,2019-10-04,1,Wrong Item
10219,2020-11-22,1708,867,74,2020-12-16,1,Wrong Item
86763,2020-03-02,982,4634,55,2020-03-16,1,Defective
51076,2019-12-10,737,517,49,2019-12-18,1,Wrong Item
42620,2019-05-10,1191,1404,78,2019-05-21,1,Defective
96402,2021-04-01,1229,2927,8,2021-04-28,1,Changed Mind
18653,2022-10-15,1237,3221,34,2022-10-24,1,Changed Mind
73941,2023-06-02,403,4667,26,2023-06-05,1,Wrong Item
96556,2019-02-13,396,4847,54,2019-02-14,1,Wrong Item
14763,2021-02-02,1159,1225,20,2021-02-24,1,Wrong Item
22978,2020-06-13,28,1110,73,2020-07-10,1,Defective
21759,2019-08-04,561,3024,5,2019-08-20,1,Changed Mind
39715,2019-11-30,1323,4754,31,2019-12-02,1,Changed Mind
92767,2023-10-19,1824,336,60,2023-11-05,1,Defective
34353,2021-12-07,220,2395,56,2021-12-24,1,Defective
64571,2023-04-08,256,3965,90,2023-05-06,1,Defective
23842,2023-12-12,1162,3197,11,2023-12-22,1,Wrong Item
96689,2023-01-29,895,4145,8,2023-02-22,1,Wrong Item
73206,2023-07-21,419,3544,15,2023-08-05,1,Changed Mind
32319,2023-05-30,1199,3173,31,2023-06-23,1,Defective
37834,2022-11-16,1330,1476,4,2022-11-27,1,Changed Mind
36199,2023-02-12,737,428,29,2023-03-13,1,Wrong Item
2260,2021-02-21,375,931,61,2021-03-01,1,Changed Mind
68357,2019-09-29,402,3370,98,2019-10-01,1,Changed Mind
71108,2022-06-30,564,1729,97,2022-07-03,1,Wrong Item
18988,2023-02-26,1307,1198,68,2023-03-11,1,Defective
77362,2021-03-31,651,2766,52,2021-04-24,1,Wrong Item
17837,2021-10-13,770,4208,34,2021-10-14,1,Wrong Item
82328,2021-06-13,1089,3508,92,2021-06-23,1,Changed Mind
1055,2023-10-28,1003,3175,30,2023-10-31,1,Wrong Item
15923,2019-12-22,1706,1726,14,2020-01-18,1,Defective
92671,2021-06-21,759,1601,70,2021-07-17,1,Wrong Item
86992,2019-05-29,1109,2375,44,2019-06-07,1,Defective
503,2022-04-21,1672,4946,43,2022-05-19,1,Wrong Item
89645,2022-08-27,1171,1990,41,2022-09-22,1,Defective
69374,2019-04-14,854,4708,74,2019-04-21,1,Changed Mind
27596,2019-06-02,445,2757,15,2019-06-08,1,Changed Mind
34626,2023-12-05,1797,3405,9,2023-12-25,1,Changed Mind
32867,2019-01-04,461,4183,80,2019-01-27,1,Changed Mind
32771,2023-11-22,1592,1991,95,2023-12-02,1,Wrong Item
37819,2022-09-24,603,4807,53,2022-09-30,1,Defective
90215,2019-03-18,1533,4658,28,2019-04-04,1,Wrong Item
52988,2020-10-05,1511,1378,65,2020-10-13,1,Wrong Item
23884,2023-04-14,1884,4228,59,2023-05-07,1,Defective
95435,2020-01-01,227,637,62,2020-01-06,1,Changed Mind
40421,2022-11-09,678,132,40,2022-12-02,1,Changed Mind
59727,2020-05-12,983,2126,8,2020-05-26,1,Changed Mind
68521,2022-07-20,521,217,15,2022-07-28,1,Wrong Item
88204,2022-04-26,1281,384,20,2022-05-22,1,Wrong Item
57323,2020-12-05,1454,1948,53,2020-12-24,1,Changed Mind
97140,2023-10-25,112,4038,73,2023-10-31,1,Defective
9544,2023-02-20,775,2955,95,2023-03-15,1,Changed Mind
13465,2022-09-25,68,3037,38,2022-09-28,1,Changed Mind
19426,2019-10-23,720,2982,38,2019-11-02,1,Wrong Item
38854,2019-09-08,1501,2068,78,2019-09-30,1,Defective
99864,2021-10-20,1972,246,68,2021-10-30,1,Wrong Item
24711,2019-11-19,1624,958,51,2019-11-23,1,Wrong Item
60468,2023-01-28,298,1038,41,2023-02-26,1,Changed Mind
1385,2020-03-21,1650,113,28,2020-03-26,1,Defective
4700,2019-11-15,673,3484,89,2019-11-28,1,Defective
45450,2020-01-13,11,1498,92,2020-02-03,1,Changed Mind
65203,2019-12-22,1347,4803,75,2020-01-01,1,Wrong Item
60091,2020-08-28,1082,1409,85,2020-09-22,1,Changed Mind
31471,2022-02-20,1143,4735,8,2022-03-02,1,Wrong Item
69020,2022-06-28,529,2556,7,2022-07-16,1,Wrong Item
51759,2021-02-19,1351,3409,41,2021-02-22,1,Defective
59099,2019-08-16,406,775,64,2019-08-31,1,Changed Mind
78633,2019-05-26,1463,4914,69,2019-05-29,1,Changed Mind
31734,2020-01-28,1112,3765,96,2020-02-04,1,Defective
5983,2021-07-29,898,402,81,2021-08-26,1,Wrong Item
7332,2022-04-23,1747,1350,71,2022-04-30,1,Changed Mind
78675,2022-05-18,1266,3960,27,2022-06-06,1,Changed Mind
4081,2019-06-22,780,3809,52,2019-07-08,1,Changed Mind
48601,2019-12-06,1260,4097,63,2019-12-31,1,Defective
68955,2021-02-26,1025,2820,94,2021-03-19,1,Changed Mind
13548,2023-08-29,1226,4192,22,2023-09-13,1,Changed Mind
7117,2020-07-26,1653,890,39,2020-07-30,1,Changed Mind
72131,2023-03-27,1224,2113,86,2023-04-25,1,Defective
11135,2020-02-20,559,4581,21,2020-02-27,1,Wrong Item
57993,2021-10-21,1505,4371,100,2021-10-28,1,Changed Mind
62438,2021-10-29,1872,920,19,2021-11-06,1,Wrong Item
26595,2021-01-20,1170,486,37,2021-02-01,1,Wrong Item
20442,2022-01-06,1122,4565,50,2022-01-26,1,Wrong Item
65948,2021-05-13,1798,3332,75,2021-05-19,1,Defective
96591,2020-09-28,1396,3869,78,2020-10-05,1,Changed Mind
43538,2019-05-12,1386,4597,60,2019-05-27,1,Changed Mind
20267,2019-06-28,857,3111,99,2019-07-21,1,Defective
64013,2022-10-08,1158,1091,1,2022-10-31,1,Changed Mind
2169,2023-01-22,290,2869,95,2023-01-27,1,Changed Mind
59866,2021-01-04,1122,1754,72,2021-01-26,1,Wrong Item
27877,2021-04-10,534,4935,24,2021-05-09,1,Changed Mind
89079,2020-12-25,378,2723,24,2020-12-27,1,Defective
95367,2020-07-12,274,3998,78,2020-08-01,1,Changed Mind
91412,2019-10-20,535,3266,4,2019-10-30,1,Wrong Item
29223,2019-01-06,489,242,13,2019-01-24,1,Wrong Item
76824,2021-08-14,1014,1150,54,2021-08-25,1,Defective
29338,2021-08-15,845,846,65,2021-08-25,1,Defective
90330,2022-11-12,1376,4256,63,2022-11-17,1,Defective
805,2019-01-25,1962,2796,27,2019-02-11,1,Defective
39886,2019-07-05,1603,4610,31,2019-07-26,1,Wrong Item
42561,2019-12-31,1942,4392,42,2020-01-17,1,Changed Mind
78784,2019-05-21,1531,1703,71,2019-06-04,1,Wrong Item
30513,2022-08-04,391,2623,44,2022-08-31,1,Changed Mind
80442,2021-01-05,279,3043,100,2021-01-26,1,Defective
37144,2019-02-05,1040,1599,2,2019-02-07,1,Changed Mind
21593,2023-06-24,78,3544,75,2023-07-05,1,Defective
9203,2019-07-11,1996,486,48,2019-07-31,1,Wrong Item
76452,2020-07-30,1488,2293,89,2020-08-10,1,Wrong Item
54011,2019-01-30,242,3091,73,2019-02-03,1,Changed Mind
66861,2019-08-03,1961,2654,19,2019-08-28,1,Changed Mind
81149,2019-01-19,871,2721,59,2019-01-23,1,Wrong Item
49499,2022-12-05,201,193,28,2023-01-01,1,Wrong Item
2874,2020-11-20,172,3890,3,2020-11-25,1,Wrong Item
52217,2023-07-30,1469,2711,48,2023-08-02,1,Defective
75293,2023-06-12,735,3829,33,2023-07-11,1,Wrong Item
66694,2019-12-08,732,3007,91,2019-12-16,1,Wrong Item
37980,2023-07-05,1168,716,60,2023-08-02,1,Wrong Item
135,2023-04-30,404,2684,53,2023-05-04,1,Wrong Item
27820,2023-12-29,109,4263,4,2024-01-08,1,Wrong Item
79185,2022-08-24,1097,186,90,2022-09-07,1,Defective
19321,2019-04-27,1770,214,47,2019-05-12,1,Defective
51421,2020-05-04,24,783,15,2020-05-15,1,Changed Mind
84149,2020-01-24,345,1246,16,2020-02-05,1,Changed Mind
8543,2023-01-11,1769,3860,26,2023-01-20,1,Defective
5604,2023-10-19,240,3562,27,2023-11-06,1,Defective
54807,2019-04-22,1482,4951,70,2019-05-02,1,Changed Mind
35704,2021-01-29,549,3615,100,2021-02-07,1,Wrong Item
23210,2019-11-16,665,2244,74,2019-12-07,1,Changed Mind
86623,2022-02-12,1304,1087,46,2022-03-10,1,Defective
87467,2022-10-05,1694,4260,33,2022-10-09,1,Changed Mind
48273,2020-08-18,1066,3705,80,2020-09-05,1,Wrong Item
11754,2020-11-29,763,2784,91,2020-12-04,1,Changed Mind
71535,2022-03-18,536,429,97,2022-03-27,1,Changed Mind
95134,2021-04-09,642,1980,64,2021-04-14,1,Changed Mind
77145,2020-07-06,1337,2755,92,2020-08-02,1,Wrong Item
26555,2021-04-02,1894,1132,81,2021-04-19,1,Changed Mind
48390,2023-05-21,623,3514,7,2023-06-04,1,Changed Mind
42578,2021-06-26,172,3655,24,2021-07-14,1,Wrong Item
14793,2019-03-20,313,2765,34,2019-03-23,1,Defective
99624,2023-04-02,1969,1649,83,2023-04-25,1,Wrong Item
21809,2023-07-11,230,1274,21,2023-08-06,1,Changed Mind
343,2023-06-08,1403,4603,17,2023-06-29,1,Wrong Item
53481,2021-05-27,869,3803,51,2021-06-23,1,Wrong Item
11726,2019-04-04,1771,919,14,2019-04-14,1,Changed Mind
95337,2021-02-09,443,1158,19,2021-02-13,1,Wrong Item
73551,2021-08-15,1712,124,63,2021-08-31,1,Defective
79515,2022-03-30,1566,4334,47,2022-04-28,1,Defective
65676,2019-04-19,1535,2521,11,2019-05-07,1,Changed Mind
61254,2021-04-13,999,1207,79,2021-04-17,1,Wrong Item
15778,2023-12-11,361,1274,7,2023-12-29,1,Wrong Item
51538,2022-05-09,360,3503,79,2022-05-22,1,Wrong Item
41587,2023-04-09,352,2130,39,2023-04-14,1,Wrong Item
86978,2020-10-08,555,118,42,2020-10-20,1,Changed Mind
81365,2023-12-30,1560,2499,54,2024-01-21,1,Changed Mind
10850,2019-08-04,7,3611,21,2019-09-01,1,Defective
3000,2022-07-08,1947,1478,17,2022-07-28,1,Wrong Item
84349,2023-12-07,975,1773,81,2023-12-10,1,Wrong Item
87136,2023-03-25,615,4659,100,2023-04-01,1,Wrong Item
44834,2019-04-25,1525,3377,53,2019-04-27,1,Changed Mind
22930,2021-02-03,373,1714,99,2021-02-12,1,Defective
57083,2022-08-23,736,3498,28,2022-09-14,1,Defective
8937,2021-04-08,1150,3788,35,2021-04-19,1,Wrong Item
29932,2022-02-02,1445,413,28,2022-02-08,1,Changed Mind
8192,2020-11-25,1224,2839,67,2020-12-12,1,Changed Mind
674,2023-03-01,841,3907,54,2023-03-30,1,Wrong Item
48783,2021-07-27,608,2279,35,2021-07-28,1,Defective
46463,2020-11-17,1144,4540,7,2020-12-09,1,Wrong Item
2484,2019-05-29,786,203,68,2019-06-05,1,Changed Mind
67047,2019-07-15,380,1998,25,2019-07-22,1,Wrong Item
18476,2019-05-23,752,2572,86,2019-06-12,1,Defective
71192,2021-02-04,1276,1128,23,2021-02-18,1,Defective
74111,2021-02-09,1110,282,9,2021-03-02,1,Wrong Item
94380,2022-04-12,796,1110,42,2022-05-02,1,Defective
56603,2019-08-10,1794,3042,11,2019-08-24,1,Wrong Item
81512,2022-05-19,1512,3143,55,2022-06-07,1,Defective
81263,2020-05-10,1278,1711,37,2020-06-01,1,Defective
60034,2021-10-03,1309,4834,38,2021-10-21,1,Wrong Item
90919,2021-01-28,588,4231,54,2021-02-13,1,Defective
48642,2021-04-13,1788,4929,37,2021-04-17,1,Wrong Item
82817,2020-04-24,111,4917,85,2020-05-07,1,Defective
69037,2019-10-15,1595,1042,13,2019-10-24,1,Changed Mind
47979,2020-04-08,1819,3349,89,2020-04-14,1,Wrong Item
79818,2019-07-27,1947,773,91,2019-08-07,1,Defective
73422,2020-05-24,521,3976,9,2020-06-06,1,Defective
51203,2022-07-27,758,3217,52,2022-08-06,1,Wrong Item
56840,2020-12-24,1110,3517,88,2021-01-09,1,Wrong Item
51699,2021-08-20,1213,3088,99,2021-09-15,1,Wrong Item
18735,2020-11-21,670,4156,14,2020-11-22,1,Wrong Item
48253,2021-05-28,968,1359,46,2021-05-29,1,Wrong Item
42644,2021-10-16,1871,4703,61,2021-10-26,1,Defective
58747,2021-06-28,1529,4708,41,2021-06-29,1,Changed Mind
29415,2022-02-03,1025,2088,26,2022-02-27,1,Changed Mind
76542,2019-05-01,834,2275,21,2019-05-19,1,Changed Mind
83540,2019-10-11,1649,4053,22,2019-10-29,1,Wrong Item
22893,2023-10-22,551,2041,80,2023-11-02,1,Wrong Item
97672,2023-09-18,1027,1540,69,2023-09-29,1,Defective
61258,2022-03-12,1044,3971,54,2022-04-06,1,Wrong Item
12529,2020-12-09,342,2536,42,2020-12-13,1,Wrong Item
28487,2019-02-07,1759,844,66,2019-03-05,1,Changed Mind
39925,2023-09-19,329,223,2,2023-09-20,1,Wrong Item
53675,2022-08-26,508,3409,42,2022-09-09,1,Changed Mind
84112,2022-11-25,1490,2370,66,2022-11-28,1,Wrong Item
57356,2021-01-31,1750,3679,39,2021-02-13,1,Defective
38115,2020-08-10,1735,1890,54,2020-08-27,1,Defective
4685,2019-11-27,1763,288,24,2019-12-09,1,Defective
43583,2020-03-27,1210,886,12,2020-04-09,1,Defective
94481,2019-02-22,1952,4120,21,2019-03-09,1,Wrong Item
90425,2019-03-05,624,3576,40,2019-03-14,1,Wrong Item
11127,2021-03-16,465,1578,45,2021-03-18,1,Defective
1197,2019-06-18,377,950,82,2019-07-12,1,Wrong Item
13695,2019-08-13,210,2089,81,2019-09-11,1,Defective
50601,2023-05-06,427,1377,7,2023-05-23,1,Wrong Item
94029,2021-07-09,780,2484,57,2021-07-23,1,Wrong Item
5331,2020-12-07,1972,700,64,2021-01-05,1,Changed Mind
95028,2022-07-22,1853,1251,48,2022-08-16,1,Wrong Item
55991,2020-08-21,1998,234,12,2020-08-22,1,Defective
15751,2020-05-02,1180,1503,62,2020-05-28,1,Defective
47594,2023-12-25,1638,4539,78,2024-01-12,1,Changed Mind
67454,2022-07-08,1952,1580,12,2022-07-23,1,Changed Mind
48215,2021-03-06,839,1609,46,2021-04-02,1,Changed Mind
33635,2021-09-13,1232,812,38,2021-09-30,1,Changed Mind
60901,2022-09-25,1659,1775,15,2022-09-26,1,Defective
86921,2022-01-08,1033,3366,34,2022-01-28,1,Wrong Item
36722,2020-03-27,608,351,92,2020-04-18,1,Wrong Item
1863,2020-01-09,365,380,56,2020-01-11,1,Defective
55956,2023-01-01,1720,2388,70,2023-01-29,1,Changed Mind
48467,2021-07-18,544,2819,31,2021-07-28,1,Defective
92594,2022-04-20,881,1720,21,2022-05-19,1,Wrong Item
37754,2020-12-25,430,4305,67,2021-01-07,1,Defective
14407,2021-10-11,189,3272,64,2021-11-06,1,Changed Mind
34994,2023-09-20,1377,1296,75,2023-10-12,1,Wrong Item
30358,2023-02-28,751,3668,69,2023-03-29,1,Wrong Item
50924,2020-08-03,1470,954,18,2020-08-09,1,Wrong Item
15515,2022-03-02,1878,2274,26,2022-03-06,1,Wrong Item
85485,2021-01-02,1509,4524,54,2021-01-25,1,Changed Mind
38182,2021-01-04,1218,2158,18,2021-01-10,1,Wrong Item
2183,2022-09-16,1398,4072,77,2022-10-09,1,Wrong Item
28239,2020-12-04,1682,2445,84,2020-12-07,1,Wrong Item
47890,2023-06-25,973,3574,21,2023-06-29,1,Wrong Item
83772,2022-05-14,1539,4843,70,2022-05-15,1,Defective
8519,2022-04-03,1736,645,21,2022-04-23,1,Wrong Item
19758,2019-02-11,751,4457,57,2019-02-22,1,Wrong Item
86036,2020-03-16,1269,1491,8,2020-03-30,1,Changed Mind
1577,2022-10-06,781,3990,67,2022-10-26,1,Defective
46392,2019-08-26,715,2896,86,2019-09-22,1,Changed Mind
30453,2021-06-04,1283,999,74,2021-06-25,1,Defective
36586,2020-12-26,999,4280,29,2021-01-04,1,Wrong Item
40148,2023-11-14,904,2537,44,2023-11-25,1,Changed Mind
8170,2023-08-20,1623,3591,97,2023-08-26,1,Defective
85242,2023-04-08,1543,429,36,2023-04-20,1,Changed Mind
15288,2021-04-17,1687,673,25,2021-04-23,1,Defective
23862,2020-04-30,544,4487,53,2020-05-26,1,Wrong Item
64477,2021-06-22,772,2302,97,2021-07-17,1,Defective
87692,2019-12-06,122,2193,36,2019-12-15,1,Changed Mind
92371,2023-09-27,1109,655,57,2023-10-09,1,Changed Mind
68263,2022-05-13,813,4883,9,2022-05-21,1,Defective
82700,2019-08-20,1853,172,92,2019-09-11,1,Wrong Item
31448,2021-10-31,1051,3459,31,2021-11-13,1,Changed Mind
4780,2019-02-03,325,1987,84,2019-02-12,1,Changed Mind
77056,2023-04-01,1832,1973,2,2023-04-16,1,Wrong Item
91444,2020-04-06,938,706,30,2020-04-17,1,Wrong Item
51450,2022-02-08,855,1839,29,2022-02-15,1,Wrong Item
92036,2021-03-13,1070,1038,35,2021-03-26,1,Changed Mind
6651,2020-11-04,559,4700,88,2020-11-15,1,Defective
72764,2020-02-16,353,3890,15,2020-02-26,1,Wrong Item
9764,2021-10-20,1702,2163,63,2021-11-07,1,Wrong Item
86313,2022-01-30,1254,4890,40,2022-02-13,1,Wrong Item
21599,2022-07-07,657,4506,100,2022-07-16,1,Defective
42159,2022-04-06,1146,1270,56,2022-04-11,1,Changed Mind
15393,2019-02-22,257,4169,68,2019-03-17,1,Defective
66782,2021-08-11,1802,1683,8,2021-08-21,1,Changed Mind
74253,2021-02-24,876,3146,45,2021-03-16,1,Defective
1092,2022-03-03,295,4638,91,2022-03-23,1,Wrong Item
20597,2023-02-28,1115,4367,80,2023-03-01,1,Defective
17455,2021-07-23,460,2215,41,2021-08-10,1,Defective
98352,2022-06-27,1357,1307,88,2022-07-16,1,Wrong Item
4976,2020-09-03,974,4886,21,2020-09-26,1,Changed Mind
9923,2021-05-17,1792,734,4,2021-05-19,1,Wrong Item
41205,2021-07-19,70,932,95,2021-08-10,1,Wrong Item
63979,2021-02-07,1153,4800,2,2021-02-14,1,Wrong Item
14965,2022-01-13,185,4301,54,2022-01-19,1,Changed Mind
18593,2023-03-08,1174,1668,69,2023-03-24,1,Defective
77616,2023-05-05,191,715,28,2023-05-21,1,Changed Mind
59951,2022-03-11,524,1741,1,2022-03-25,1,Wrong Item
37027,2022-01-21,685,2989,11,2022-02-03,1,Defective
62880,2020-10-24,993,81,60,2020-11-09,1,Wrong Item
67293,2021-01-10,1346,1634,4,2021-01-13,1,Defective
39983,2021-12-06,1719,4610,78,2021-12-20,1,Defective
54447,2022-09-12,1157,230,7,2022-10-02,1,Changed Mind
78747,2023-02-07,870,4046,75,2023-02-27,1,Defective
48476,2023-04-05,632,2333,99,2023-04-27,1,Changed Mind
54410,2019-09-12,1501,1757,46,2019-09-21,1,Changed Mind
58904,2022-01-17,908,2959,39,2022-02-02,1,Changed Mind
50805,2021-10-17,1112,4375,62,2021-10-29,1,Changed Mind
14305,2023-05-16,459,3921,30,2023-06-07,1,Changed Mind
53624,2020-01-26,136,1200,100,2020-02-19,1,Changed Mind
37638,2023-05-23,495,3628,51,2023-06-09,1,Defective
38658,2019-04-07,848,2664,13,2019-04-09,1,Changed Mind
60256,2022-06-04,1932,2617,92,2022-06-08,1,Changed Mind
2531,2019-11-01,1619,823,5,2019-11-15,1,Changed Mind
21256,2022-07-23,1164,4135,7,2022-08-09,1,Changed Mind
88493,2020-04-09,696,4203,35,2020-04-27,1,Defective
47721,2021-03-21,566,4641,100,2021-03-28,1,Wrong Item
51763,2020-12-22,236,3258,39,2021-01-10,1,Defective
54409,2019-12-18,1554,4070,3,2020-01-03,1,Wrong Item
54133,2021-06-07,1457,2038,68,2021-06-27,1,Changed Mind
25160,2021-08-12,944,1626,96,2021-09-09,1,Wrong Item
32675,2021-07-08,636,2016,16,2021-07-17,1,Wrong Item
61824,2022-05-23,871,3919,67,2022-06-03,1,Changed Mind
54691,2023-01-30,1045,4967,63,2023-02-04,1,Changed Mind
4196,2023-04-09,204,1968,49,2023-04-26,1,Wrong Item
52526,2019-08-04,1808,1523,43,2019-08-06,1,Wrong Item
15845,2022-08-12,1553,1790,88,2022-08-31,1,Changed Mind
12054,2023-09-06,2,4338,3,2023-09-26,1,Changed Mind
36910,2023-06-06,673,3077,52,2023-06-16,1,Changed Mind
13133,2019-07-31,1394,3056,6,2019-08-19,1,Changed Mind
8933,2020-03-18,1034,669,51,2020-04-15,1,Wrong Item
68535,2021-07-09,1021,4523,12,2021-07-28,1,Defective
70099,2022-03-10,431,101,56,2022-03-24,1,Defective
12326,2022-05-27,650,484,98,2022-06-07,1,Wrong Item
10430,2021-04-03,475,3969,83,2021-04-24,1,Changed Mind
22820,2019-03-02,1846,2947,83,2019-03-21,1,Wrong Item
38951,2022-01-25,256,4043,65,2022-02-21,1,Changed Mind
43546,2022-06-25,647,4691,79,2022-07-21,1,Wrong Item
17371,2022-06-27,911,4521,14,2022-07-09,1,Defective
19804,2022-08-28,103,2587,74,2022-09-16,1,Changed Mind
61238,2022-09-03,1366,3858,4,2022-09-18,1,Defective
17948,2021-04-25,394,541,77,2021-05-14,1,Wrong Item
13656,2023-03-02,187,1786,74,2023-03-24,1,Changed Mind
10593,2022-12-09,1028,1933,36,2022-12-23,1,Defective
29268,2023-03-04,40,2150,66,2023-03-09,1,Wrong Item
65394,2021-04-19,1318,3830,32,2021-04-24,1,Changed Mind
25871,2020-11-02,84,4620,63,2020-11-11,1,Changed Mind
15404,2022-03-18,1415,1765,20,2022-03-28,1,Defective
96450,2022-07-14,1686,3311,12,2022-07-27,1,Changed Mind
96854,2021-12-20,1714,2940,58,2021-12-21,1,Changed Mind
29041,2023-07-17,1814,4196,58,2023-08-05,1,Wrong Item
20292,2021-01-09,1657,3758,34,2021-01-29,1,Changed Mind
1880,2019-03-05,1628,22,52,2019-03-16,1,Wrong Item
29189,2022-03-17,1752,3141,34,2022-03-19,1,Wrong Item
57676,2020-08-18,1450,978,95,2020-08-23,1,Wrong Item
61627,2021-11-22,1039,3887,50,2021-12-08,1,Changed Mind
83963,2019-12-28,1761,3604,68,2019-12-31,1,Changed Mind
58323,2023-08-03,14,3929,27,2023-08-22,1,Defective
89800,2020-06-15,1537,1816,11,2020-06-23,1,Defective
32057,2023-04-17,495,2144,43,2023-04-29,1,Defective
52661,2019-10-22,106,1245,52,2019-11-18,1,Defective
72885,2023-01-02,1752,3778,61,2023-01-04,1,Defective
96478,2019-06-20,101,2006,77,2019-07-14,1,Wrong Item
91000,2023-02-08,894,1362,64,2023-03-01,1,Defective
54357,2020-08-13,208,2580,27,2020-08-28,1,Defective
26622,2023-03-19,902,1381,75,2023-04-11,1,Changed Mind
48463,2020-04-29,1725,3812,59,2020-05-23,1,Defective
74759,2019-06-17,840,2096,69,2019-06-28,1,Wrong Item
37428,2023-06-19,1720,2869,70,2023-06-26,1,Wrong Item
92358,2019-05-01,1517,3118,53,2019-05-02,1,Changed Mind
47556,2020-09-09,1367,3260,58,2020-10-03,1,Changed Mind
83515,2021-11-02,99,1689,68,2021-11-18,1,Wrong Item
50506,2022-11-10,782,2114,78,2022-12-06,1,Wrong Item
7539,2021-08-05,811,3180,75,2021-08-21,1,Wrong Item
57016,2022-04-19,186,201,13,2022-05-03,1,Wrong Item
68522,2020-07-09,1732,3346,22,2020-07-25,1,Changed Mind
47315,2023-10-29,646,2898,33,2023-11-21,1,Wrong Item
32006,2019-09-16,888,3942,78,2019-10-04,1,Defective
48684,2019-04-10,1201,786,58,2019-04-15,1,Defective
28741,2022-04-18,1314,2616,86,2022-05-08,1,Wrong Item
74458,2022-03-10,852,3170,92,2022-03-25,1,Defective
98127,2023-01-19,1695,2159,23,2023-01-26,1,Changed Mind
59648,2021-04-24,1069,1270,12,2021-05-04,1,Wrong Item
34715,2019-01-03,1423,3126,8,2019-01-21,1,Wrong Item
76438,2022-09-14,1153,1141,37,2022-09-27,1,Defective
94548,2020-01-07,1354,2785,56,2020-01-16,1,Defective
99003,2021-02-07,1972,1307,99,2021-02-17,1,Changed Mind
46634,2023-11-10,558,1612,65,2023-11-13,1,Changed Mind
84956,2020-03-09,386,2725,42,2020-03-28,1,Changed Mind
74834,2022-08-10,117,2549,53,2022-08-18,1,Changed Mind
90899,2023-02-13,1865,1442,99,2023-03-11,1,Wrong Item
52378,2020-12-31,354,4779,12,2021-01-25,1,Changed Mind
93243,2023-10-26,763,1582,23,2023-11-24,1,Wrong Item
47100,2020-04-23,257,4613,18,2020-04-24,1,Wrong Item
38754,2019-06-29,1590,487,97,2019-07-04,1,Defective
5223,2021-08-02,693,2563,88,2021-08-29,1,Changed Mind
94199,2021-05-12,565,3642,51,2021-06-03,1,Wrong Item
5712,2022-01-30,1327,3137,51,2022-02-22,1,Changed Mind
50652,2020-03-10,1182,2152,92,2020-03-30,1,Wrong Item
76659,2022-07-19,752,3736,19,2022-08-01,1,Defective
11584,2019-10-19,537,590,95,2019-11-03,1,Changed Mind
97266,2021-05-09,1968,2782,8,2021-05-26,1,Changed Mind
95009,2023-07-23,755,3047,47,2023-08-12,1,Changed Mind
986,2022-11-29,363,465,92,2022-12-21,1,Changed Mind
59150,2021-06-18,1002,2474,60,2021-07-16,1,Changed Mind
35929,2021-04-25,65,2699,73,2021-05-08,1,Changed Mind
5620,2022-02-04,914,1058,18,2022-03-01,1,Defective
18913,2022-02-28,223,2036,15,2022-03-05,1,Changed Mind
12299,2019-01-04,1006,2970,13,2019-01-15,1,Changed Mind
58509,2023-03-03,1529,2532,39,2023-03-06,1,Defective
23608,2019-06-22,1879,2845,88,2019-06-26,1,Changed Mind
10927,2020-06-09,1112,2333,3,2020-06-27,1,Defective
68093,2019-07-28,1911,2818,47,2019-08-10,1,Wrong Item
23196,2022-12-28,1899,3756,36,2023-01-23,1,Defective
64640,2022-10-10,1234,3419,25,2022-10-25,1,Changed Mind
54710,2019-01-23,1993,2812,96,2019-02-02,1,Changed Mind
95129,2020-08-24,1444,3484,26,2020-09-19,1,Defective
75085,2022-01-18,1902,9,78,2022-02-14,1,Changed Mind
42777,2022-10-14,665,3440,75,2022-11-08,1,Wrong Item
69169,2019-11-11,361,11,68,2019-11-12,1,Wrong Item
33990,2022-03-26,1149,3008,43,2022-04-03,1,Wrong Item
93112,2022-07-13,863,747,97,2022-07-29,1,Changed Mind
10964,2019-10-12,365,2365,13,2019-10-16,1,Wrong Item
49020,2022-08-07,1128,1073,27,2022-08-30,1,Wrong Item
70585,2019-10-26,1476,156,99,2019-11-13,1,Wrong Item
10300,2021-10-28,1471,3600,32,2021-11-21,1,Changed Mind
57344,2023-09-08,635,2808,85,2023-09-17,1,Defective
76300,2021-10-21,809,2574,52,2021-10-26,1,Wrong Item
78558,2020-02-26,1903,2737,79,2020-03-15,1,Changed Mind
49873,2019-02-14,341,2944,7,2019-02-17,1,Defective
23755,2022-12-02,1861,3336,35,2022-12-09,1,Defective
17709,2021-11-29,97,2322,39,2021-12-11,1,Changed Mind
20777,2022-05-23,480,1208,98,2022-06-01,1,Wrong Item
23918,2019-07-19,854,3905,35,2019-07-27,1,Wrong Item
57505,2023-02-21,392,205,56,2023-03-04,1,Wrong Item
85689,2021-03-16,1803,1731,43,2021-04-12,1,Changed Mind
34277,2020-02-13,1827,4688,53,2020-03-03,1,Wrong Item
2340,2023-12-27,976,969,58,2023-12-29,1,Wrong Item
54623,2023-02-19,1254,2979,78,2023-02-21,1,Defective
86703,2020-09-25,577,976,15,2020-10-21,1,Changed Mind
71317,2019-07-17,921,1099,71,2019-08-15,1,Changed Mind
88929,2020-07-28,454,4294,65,2020-08-10,1,Changed Mind
46949,2021-10-27,130,3726,81,2021-11-21,1,Defective
58472,2022-12-11,497,153,66,2022-12-26,1,Wrong Item
59277,2021-06-25,1159,4294,39,2021-07-14,1,Defective
13859,2021-10-06,1981,2605,24,2021-10-19,1,Changed Mind
74731,2023-02-02,321,1726,54,2023-03-03,1,Defective
52299,2022-10-04,185,2006,62,2022-10-23,1,Changed Mind
55928,2023-11-04,1844,2796,96,2023-11-12,1,Defective
52003,2023-02-03,732,1576,35,2023-02-05,1,Defective
981,2021-03-04,1770,3837,54,2021-03-15,1,Wrong Item
35396,2020-04-20,1724,1640,21,2020-05-03,1,Defective
58381,2019-10-10,1131,296,98,2019-10-31,1,Changed Mind
44244,2023-01-01,575,4652,73,2023-01-19,1,Wrong Item
8746,2020-08-14,329,1511,75,2020-09-11,1,Changed Mind
96759,2019-01-03,1310,4214,76,2019-01-13,1,Defective
45068,2023-10-31,492,4322,45,2023-11-08,1,Changed Mind
24251,2023-06-21,406,2302,16,2023-07-09,1,Wrong Item
43812,2019-05-31,754,1533,77,2019-06-11,1,Changed Mind
35987,2019-02-09,1178,4985,42,2019-02-25,1,Wrong Item
73843,2021-03-08,198,3291,81,2021-03-16,1,Defective
13564,2019-10-29,360,4938,64,2019-11-02,1,Defective
72262,2021-05-25,163,4182,34,2021-06-20,1,Changed Mind
70238,2022-08-18,1318,3522,28,2022-08-28,1,Wrong Item
2784,2022-08-10,976,2978,89,2022-09-05,1,Changed Mind
41277,2022-02-16,1329,3583,99,2022-03-09,1,Defective
32902,2023-10-30,176,3179,50,2023-11-17,1,Changed Mind
97033,2023-11-02,32,2956,41,2023-11-20,1,Changed Mind
6668,2021-12-26,1084,4507,61,2022-01-04,1,Wrong Item
23194,2022-09-06,1803,4571,97,2022-09-14,1,Defective
60274,2020-01-20,1803,1302,57,2020-01-22,1,Defective
76559,2020-11-07,696,526,56,2020-11-24,1,Wrong Item
8765,2020-06-10,358,241,31,2020-06-16,1,Wrong Item
49448,2021-12-01,1098,3153,37,2021-12-22,1,Wrong Item
32227,2022-11-02,1240,4752,90,2022-11-22,1,Changed Mind
52827,2021-11-28,1360,4338,17,2021-12-01,1,Changed Mind
96010,2023-11-21,872,1667,64,2023-11-22,1,Defective
6271,2023-11-01,1926,45,25,2023-11-17,1,Wrong Item
68672,2019-11-04,1461,467,12,2019-11-24,1,Wrong Item
27412,2023-10-30,318,580,13,2023-11-07,1,Wrong Item
36458,2019-10-19,1429,1516,72,2019-10-22,1,Wrong Item
40212,2023-09-18,122,3343,65,2023-09-23,1,Changed Mind
92177,2021-09-12,78,3684,46,2021-10-05,1,Changed Mind
54580,2019-01-28,746,3034,27,2019-01-29,1,Wrong Item
85061,2022-10-05,1444,1202,30,2022-10-25,1,Wrong Item
28006,2020-10-31,1206,2844,75,2020-11-21,1,Changed Mind
38528,2023-02-06,1248,651,67,2023-03-02,1,Defective
36533,2023-12-06,794,2945,41,2024-01-01,1,Wrong Item
98542,2022-12-15,1511,3310,49,2023-01-11,1,Wrong Item
68527,2022-02-04,512,1522,28,2022-02-11,1,Changed Mind
70807,2023-08-10,1069,4117,34,2023-08-15,1,Changed Mind
78446,2023-10-29,1070,3491,67,2023-11-05,1,Defective
53064,2020-05-04,1082,2648,38,2020-05-13,1,Changed Mind
38425,2022-02-27,682,1458,88,2022-03-13,1,Wrong Item
61543,2020-09-06,921,2969,62,2020-09-15,1,Changed Mind
65199,2019-01-16,385,4271,91,2019-01-29,1,Wrong Item
50365,2023-08-29,1072,75,1,2023-09-24,1,Defective
11747,2021-09-22,228,1689,32,2021-10-10,1,Wrong Item
4025,2023-11-30,1250,133,66,2023-12-06,1,Wrong Item
3571,2023-09-13,383,3241,98,2023-09-14,1,Wrong Item
23810,2019-02-06,231,1444,32,2019-03-02,1,Defective
30095,2021-10-10,398,92,31,2021-11-08,1,Wrong Item
80830,2021-03-24,1363,4936,20,2021-04-21,1,Wrong Item
34223,2022-12-28,1726,1510,99,2023-01-03,1,Defective
30687,2023-05-11,1714,4214,54,2023-06-08,1,Defective
25972,2019-07-19,718,4036,85,2019-07-30,1,Defective
3314,2023-03-30,1651,593,55,2023-04-19,1,Wrong Item
58488,2020-03-08,1355,2333,12,2020-03-14,1,Wrong Item
53394,2020-02-28,276,2699,25,2020-03-06,1,Defective
615,2022-04-11,1609,3587,72,2022-05-09,1,Defective
58594,2020-07-24,238,895,58,2020-08-19,1,Defective
10367,2022-11-27,1996,4279,85,2022-12-11,1,Changed Mind
79697,2020-05-20,1406,4597,56,2020-06-07,1,Defective
30398,2020-12-26,1488,976,88,2021-01-14,1,Wrong Item
67237,2023-11-11,952,4396,12,2023-11-13,1,Changed Mind
29940,2020-08-24,914,265,9,2020-09-22,1,Wrong Item
88898,2022-05-08,187,4189,27,2022-05-16,1,Changed Mind
55538,2023-10-24,364,1840,7,2023-10-31,1,Changed Mind
79825,2023-06-16,460,3838,81,2023-07-08,1,Changed Mind
64726,2022-05-28,1994,2362,97,2022-06-14,1,Changed Mind
26567,2022-02-25,1683,3325,1,2022-03-18,1,Changed Mind
62677,2021-09-26,656,4266,89,2021-09-29,1,Defective
4194,2022-11-06,311,3743,90,2022-11-15,1,Wrong Item
12072,2022-11-08,1400,1794,8,2022-11-16,1,Defective
31428,2022-01-31,482,4141,59,2022-02-20,1,Changed Mind
21261,2022-07-18,244,3874,54,2022-07-25,1,Wrong Item
8664,2019-08-13,298,2113,99,2019-08-14,1,Wrong Item
86350,2019-02-22,1797,1024,85,2019-02-25,1,Changed Mind
29953,2023-08-12,637,4812,95,2023-08-16,1,Defective
21052,2022-07-18,1577,4743,81,2022-08-08,1,Defective
70629,2021-09-06,1259,1836,1,2021-09-07,1,Wrong Item
91126,2023-07-27,1616,968,52,2023-08-11,1,Changed Mind
54638,2020-11-30,1814,550,88,2020-12-29,1,Changed Mind
60285,2022-12-28,196,367,90,2023-01-04,1,Changed Mind
94883,2022-10-20,189,3271,80,2022-11-07,1,Wrong Item
39695,2023-03-26,1824,3487,59,2023-04-12,1,Wrong Item
26238,2019-04-30,165,1550,11,2019-05-07,1,Wrong Item
38723,2023-11-01,1966,3530,72,2023-11-30,1,Changed Mind
92343,2020-08-19,1619,1296,12,2020-09-09,1,Wrong Item
42593,2022-10-26,1366,728,30,2022-10-31,1,Wrong Item
72270,2022-08-08,294,3041,89,2022-08-22,1,Defective
97317,2022-03-14,737,965,70,2022-03-22,1,Defective
91341,2021-02-21,1000,4454,54,2021-03-04,1,Changed Mind
99433,2023-07-01,1183,2215,74,2023-07-04,1,Changed Mind
96992,2023-07-28,742,1963,95,2023-08-01,1,Changed Mind
94189,2020-02-05,1049,1935,59,2020-02-27,1,Wrong Item
897,2022-06-28,239,3900,83,2022-07-08,1,Changed Mind
67302,2022-08-14,223,1908,93,2022-09-09,1,Wrong Item
53922,2020-12-25,220,2390,72,2020-12-29,1,Changed Mind
97621,2020-05-11,1163,4538,37,2020-05-18,1,Defective
21378,2020-10-18,1468,4065,99,2020-10-21,1,Changed Mind
16541,2021-07-07,1065,31,62,2021-07-28,1,Defective
81012,2023-06-01,1515,2412,71,2023-06-23,1,Changed Mind
41409,2023-09-26,1848,689,38,2023-10-20,1,Changed Mind
92612,2023-09-11,1785,4245,34,2023-09-13,1,Defective
39796,2022-07-11,1175,4086,82,2022-08-05,1,Defective
35380,2020-10-09,156,3559,99,2020-11-07,1,Wrong Item
27228,2022-10-14,829,237,27,2022-10-18,1,Changed Mind
7113,2021-08-31,1722,1045,23,2021-09-02,1,Wrong Item
6833,2020-09-26,256,1880,46,2020-10-01,1,Defective
3738,2020-08-19,1375,1700,58,2020-08-24,1,Changed Mind
29196,2022-09-04,1899,1362,40,2022-09-09,1,Changed Mind
63148,2019-02-06,673,3563,81,2019-03-03,1,Changed Mind
65091,2019-09-03,383,4532,92,2019-09-09,1,Changed Mind
75188,2019-05-25,592,3929,88,2019-05-30,1,Wrong Item
86548,2023-08-04,98,1023,10,2023-08-20,1,Defective
54967,2020-10-13,449,2009,16,2020-11-02,1,Wrong Item
49766,2019-04-04,384,1245,13,2019-05-02,1,Defective
25744,2022-10-18,1113,2418,30,2022-10-30,1,Defective
47642,2020-11-06,314,4172,38,2020-12-03,1,Changed Mind
75110,2020-02-05,1630,2820,82,2020-02-11,1,Changed Mind
42190,2022-05-10,1959,170,3,2022-05-15,1,Changed Mind
93052,2020-11-25,668,3722,86,2020-11-30,1,Changed Mind
81823,2023-11-06,1,4435,79,2023-11-20,1,Defective
49772,2022-12-14,794,4929,23,2022-12-17,1,Defective
63346,2019-07-02,261,177,27,2019-07-07,1,Changed Mind
61570,2020-01-09,1597,3690,4,2020-01-10,1,Defective
52227,2023-07-27,1289,735,92,2023-08-15,1,Defective
86638,2023-12-02,977,3277,57,2023-12-14,1,Wrong Item
20229,2023-09-24,1743,3350,5,2023-10-18,1,Wrong Item
39989,2020-11-22,265,2001,8,2020-12-08,1,Changed Mind
16241,2022-08-15,896,3960,93,2022-08-23,1,Changed Mind
32093,2019-12-07,823,795,93,2019-12-09,1,Changed Mind
74208,2020-07-25,453,3112,63,2020-08-17,1,Wrong Item
34036,2022-01-04,711,260,36,2022-01-09,1,Changed Mind
89520,2022-05-16,1020,2051,68,2022-05-26,1,Wrong Item
91287,2021-04-29,1234,215,4,2021-05-17,1,Wrong Item
14052,2019-04-18,886,3859,85,2019-05-15,1,Changed Mind
83938,2023-07-20,100,2937,73,2023-08-10,1,Defective
57284,2023-03-23,1691,1338,71,2023-04-18,1,Wrong Item
23036,2021-09-16,442,2017,50,2021-10-10,1,Changed Mind
88702,2020-01-17,1049,4541,51,2020-02-13,1,Wrong Item
35270,2021-11-28,334,2553,20,2021-12-23,1,Defective
98692,2019-10-09,7,978,35,2019-11-03,1,Wrong Item
38902,2021-09-19,505,4777,79,2021-10-11,1,Changed Mind
42505,2020-08-20,1503,3531,51,2020-09-10,1,Defective
64128,2021-09-07,800,1262,80,2021-10-02,1,Wrong Item
65906,2023-01-14,1263,4011,42,2023-02-08,1,Changed Mind
73312,2020-10-31,824,669,70,2020-11-17,1,Wrong Item
92253,2021-10-26,305,1391,86,2021-11-10,1,Wrong Item
52129,2020-02-17,1428,149,63,2020-03-07,1,Wrong Item
99489,2023-09-18,133,806,61,2023-10-10,1,Changed Mind
41389,2020-05-02,703,662,15,2020-05-17,1,Wrong Item
55296,2019-08-30,1582,3291,93,2019-09-15,1,Wrong Item
33916,2019-04-10,1757,1568,59,2019-04-25,1,Changed Mind
21891,2020-06-07,1424,952,32,2020-06-21,1,Changed Mind
93065,2021-05-18,118,2496,53,2021-05-23,1,Defective
62585,2023-08-06,429,231,42,2023-08-13,1,Defective
47345,2019-08-05,79,4954,51,2019-08-07,1,Changed Mind
2688,2019-06-26,154,2349,24,2019-07-11,1,Defective
84126,2020-02-02,1103,1862,32,2020-02-29,1,Wrong Item
6934,2021-02-09,1037,2222,7,2021-02-27,1,Changed Mind
73773,2022-10-06,1007,567,41,2022-10-26,1,Changed Mind
11462,2023-08-18,383,1218,70,2023-09-15,1,Wrong Item
80488,2021-09-23,1303,2854,14,2021-10-13,1,Wrong Item
62448,2021-03-21,146,4502,87,2021-03-30,1,Changed Mind
64799,2020-11-04,1568,2576,32,2020-11-05,1,Changed Mind
83135,2020-05-31,1974,1940,27,2020-06-12,1,Defective
73277,2020-08-29,480,1211,1,2020-09-16,1,Wrong Item
65336,2022-07-03,520,3124,6,2022-07-18,1,Changed Mind
5105,2019-04-22,246,4252,27,2019-05-12,1,Defective
52231,2023-07-20,605,1060,74,2023-08-01,1,Defective
42305,2019-09-16,392,3371,62,2019-09-26,1,Defective
187,2020-08-30,926,2166,3,2020-09-27,1,Changed Mind
73631,2022-05-23,254,2259,89,2022-06-21,1,Changed Mind
27245,2019-11-10,1359,139,93,2019-12-06,1,Defective
57788,2023-09-26,1752,2632,95,2023-10-17,1,Changed Mind
83399,2020-02-03,18,3748,11,2020-02-27,1,Changed Mind
14318,2023-10-26,715,741,75,2023-11-22,1,Wrong Item
35090,2022-10-31,761,2219,63,2022-11-06,1,Defective
98756,2021-05-25,1034,4412,4,2021-06-14,1,Wrong Item
1464,2020-04-12,1578,4545,63,2020-04-24,1,Changed Mind
79851,2022-01-02,1297,3788,89,2022-01-09,1,Defective
52766,2023-03-05,65,1403,78,2023-03-11,1,Changed Mind
49483,2021-01-26,467,4580,3,2021-02-05,1,Wrong Item
79563,2021-08-16,1375,3452,8,2021-09-03,1,Defective
72364,2023-08-17,1134,4491,41,2023-08-18,1,Wrong Item
61128,2021-04-01,1671,4668,89,2021-04-21,1,Changed Mind
49513,2023-04-22,1669,1043,95,2023-04-24,1,Defective
89611,2021-02-07,1720,2123,18,2021-02-25,1,Defective
89409,2019-10-18,1271,4800,64,2019-10-21,1,Changed Mind
28818,2020-11-11,1678,1534,33,2020-11-22,1,Changed Mind
4450,2023-04-26,1395,2163,31,2023-05-22,1,Wrong Item
61375,2023-11-18,1946,2164,41,2023-11-30,1,Changed Mind
573,2019-07-08,287,3944,14,2019-07-29,1,Wrong Item
4912,2021-11-15,1270,1250,66,2021-12-13,1,Wrong Item
67813,2023-06-10,1489,1,99,2023-06-30,1,Defective
85376,2020-08-01,1335,3390,92,2020-08-24,1,Changed Mind
37447,2022-02-17,1225,763,13,2022-03-06,1,Changed Mind
84008,2020-11-16,160,172,14,2020-12-05,1,Changed Mind
34328,2020-04-06,1987,231,68,2020-05-03,1,Wrong Item
43144,2023-08-10,1485,2633,72,2023-08-25,1,Changed Mind
40773,2020-07-16,1861,2128,28,2020-07-17,1,Changed Mind
87502,2022-10-10,1777,1273,21,2022-10-29,1,Defective
59395,2021-10-07,687,2564,50,2021-10-18,1,Changed Mind
37524,2019-11-10,339,535,48,2019-11-11,1,Defective
37024,2021-11-12,1629,76,51,2021-12-05,1,Wrong Item
57223,2020-06-06,195,1058,61,2020-07-02,1,Changed Mind
88990,2023-12-04,580,765,29,2023-12-22,1,Defective
93717,2020-12-19,280,1475,46,2020-12-22,1,Changed Mind
11151,2023-02-10,1125,84,13,2023-03-02,1,Changed Mind
55005,2020-01-23,117,3311,81,2020-02-02,1,Changed Mind
68272,2023-03-13,301,3675,99,2023-03-27,1,Changed Mind
85309,2022-01-12,309,3722,53,2022-02-09,1,Wrong Item
95775,2022-10-30,1478,2254,36,2022-11-19,1,Defective
6118,2019-02-26,1830,2286,71,2019-02-27,1,Wrong Item
65733,2020-03-14,1327,4980,38,2020-03-17,1,Wrong Item
79403,2019-12-12,1828,2297,82,2019-12-24,1,Wrong Item
60289,2019-04-22,142,4582,22,2019-05-04,1,Changed Mind
33790,2019-11-06,1676,1830,19,2019-12-05,1,Changed Mind
14486,2020-08-25,1106,4254,87,2020-09-12,1,Changed Mind
17191,2020-10-08,1125,3144,49,2020-11-05,1,Changed Mind
51681,2022-10-28,1082,977,92,2022-11-26,1,Changed Mind
29227,2023-06-27,772,3541,83,2023-07-13,1,Wrong Item
64572,2019-11-17,271,3211,98,2019-12-03,1,Defective
94615,2023-04-03,1948,4241,81,2023-04-23,1,Defective
53576,2023-03-27,1195,4383,65,2023-04-24,1,Wrong Item
4190,2022-05-17,171,3667,88,2022-05-25,1,Defective
7546,2022-01-19,1876,4149,59,2022-01-30,1,Changed Mind
57517,2022-03-17,239,3321,55,2022-04-03,1,Changed Mind
36294,2019-05-23,1473,1660,36,2019-06-18,1,Changed Mind
64349,2019-06-25,1282,2606,96,2019-06-29,1,Defective
54213,2022-09-05,1582,4514,58,2022-10-04,1,Changed Mind
43113,2020-03-23,1435,4167,17,2020-04-03,1,Defective
41579,2021-05-17,1707,1376,67,2021-06-11,1,Changed Mind
19731,2023-04-19,496,3561,63,2023-05-09,1,Defective
43892,2022-01-18,194,4417,9,2022-02-15,1,Changed Mind
7135,2021-07-18,1445,1815,46,2021-07-22,1,Defective
81360,2022-10-10,1824,751,22,2022-11-01,1,Changed Mind
21854,2023-03-10,281,2118,27,2023-03-12,1,Wrong Item
29984,2021-12-08,29,42,59,2021-12-09,1,Wrong Item
54540,2020-12-03,1222,1027,50,2020-12-21,1,Defective
48389,2019-05-24,1986,3206,16,2019-06-15,1,Wrong Item
34124,2021-06-09,515,3464,91,2021-06-28,1,Wrong Item
69619,2022-07-15,713,56,14,2022-07-16,1,Defective
37210,2023-02-08,1284,737,64,2023-02-18,1,Defective
12963,2019-11-30,1973,1201,30,2019-12-14,1,Changed Mind
89574,2020-11-06,1898,687,80,2020-11-17,1,Changed Mind
78072,2023-01-25,1108,3604,71,2023-02-10,1,Wrong Item
84808,2022-11-10,772,2676,30,2022-11-16,1,Defective
53819,2021-11-30,68,260,32,2021-12-27,1,Changed Mind
619,2023-01-31,1428,1511,57,2023-02-25,1,Changed Mind
75371,2021-12-22,1692,746,18,2022-01-01,1,Changed Mind
93376,2020-11-29,370,3888,30,2020-12-24,1,Defective
22985,2022-04-30,789,4305,84,2022-05-22,1,Defective
1138,2020-05-02,184,1999,39,2020-05-27,1,Changed Mind
25998,2023-07-14,86,1989,80,2023-08-07,1,Defective
14169,2021-11-18,200,2825,47,2021-12-01,1,Defective
11947,2023-06-14,1365,1807,37,2023-07-13,1,Wrong Item
42562,2021-09-18,1827,1255,57,2021-10-09,1,Wrong Item
22610,2021-11-29,1704,2795,78,2021-12-07,1,Wrong Item
1061,2021-04-24,204,4706,90,2021-04-28,1,Defective
26942,2019-02-23,655,1743,99,2019-02-28,1,Defective
98481,2019-01-24,141,3327,4,2019-02-17,1,Wrong Item
73835,2020-05-13,1350,4596,80,2020-06-01,1,Changed Mind
61934,2021-05-30,1437,393,55,2021-06-07,1,Defective
35725,2020-08-18,32,3749,16,2020-09-09,1,Changed Mind
55057,2023-12-18,114,1170,4,2023-12-31,1,Changed Mind
20071,2023-01-27,81,3154,69,2023-02-09,1,Defective
39252,2021-09-03,1738,3595,45,2021-09-23,1,Wrong Item
9527,2020-02-25,1105,1396,22,2020-03-08,1,Defective
50464,2020-03-15,756,4641,69,2020-04-01,1,Wrong Item
28080,2021-01-06,764,2838,85,2021-01-26,1,Changed Mind
49043,2023-07-05,50,4572,72,2023-07-12,1,Defective
15611,2019-07-10,42,952,89,2019-07-13,1,Wrong Item
14321,2021-03-27,328,4813,40,2021-03-28,1,Defective
51649,2021-04-29,158,1648,35,2021-05-19,1,Changed Mind
24930,2022-11-18,137,4069,55,2022-11-23,1,Wrong Item
56108,2020-09-10,1266,2780,44,2020-09-23,1,Changed Mind
82444,2020-01-02,1705,1927,89,2020-01-30,1,Defective
41623,2020-11-14,908,805,69,2020-12-10,1,Changed Mind
56499,2023-07-21,350,24,92,2023-08-04,1,Changed Mind
52451,2021-10-16,443,3318,47,2021-10-25,1,Wrong Item
88385,2020-09-07,1563,2818,2,2020-09-08,1,Defective
78317,2022-03-06,769,4227,74,2022-03-27,1,Changed Mind
64672,2021-07-06,238,2379,42,2021-07-14,1,Wrong Item
74081,2023-10-03,885,3684,84,2023-10-13,1,Changed Mind
99188,2023-08-07,516,1629,92,2023-08-29,1,Defective
11615,2020-08-16,65,3386,11,2020-08-17,1,Changed Mind
84128,2020-06-04,1072,2840,70,2020-06-06,1,Changed Mind
15250,2021-07-09,1929,1530,77,2021-07-23,1,Defective
95718,2021-04-10,517,716,90,2021-05-01,1,Wrong Item
37912,2022-06-06,1108,432,98,2022-06-10,1,Defective
74689,2022-06-22,1062,4124,37,2022-07-17,1,Changed Mind
13368,2020-09-17,242,3197,56,2020-09-19,1,Defective
57991,2021-08-09,1584,71,76,2021-08-21,1,Wrong Item
86281,2021-03-20,1880,4159,92,2021-04-05,1,Changed Mind
89430,2022-07-07,120,1335,53,2022-07-29,1,Changed Mind
47312,2023-08-03,611,4926,31,2023-08-18,1,Wrong Item
98974,2023-06-18,40,576,3,2023-06-25,1,Defective
84176,2020-11-10,188,2684,94,2020-11-27,1,Defective
76094,2022-02-05,655,3699,45,2022-02-16,1,Defective
14255,2023-08-29,600,2599,61,2023-09-08,1,Defective
62943,2023-03-16,1658,3481,94,2023-03-17,1,Defective
22303,2019-09-25,502,3491,55,2019-10-04,1,Defective
99817,2020-11-28,106,842,54,2020-11-30,1,Wrong Item
82072,2022-12-07,1915,45,2,2022-12-26,1,Defective
65699,2021-04-25,11,2773,3,2021-05-10,1,Wrong Item
94115,2022-04-18,975,2048,33,2022-04-20,1,Wrong Item
97827,2022-04-29,1150,4219,66,2022-05-23,1,Wrong Item
90074,2019-11-22,1903,4319,18,2019-11-25,1,Wrong Item
26665,2019-06-30,317,4636,34,2019-07-29,1,Wrong Item
32411,2021-07-04,1552,1917,44,2021-07-28,1,Defective
43411,2023-08-05,582,2151,98,2023-08-16,1,Wrong Item
43432,2023-12-05,903,2750,78,2023-12-15,1,Defective
81411,2019-03-04,399,540,100,2019-03-28,1,Defective
75861,2021-01-16,1265,679,45,2021-01-23,1,Defective
86302,2019-05-24,770,681,62,2019-06-05,1,Defective
90716,2021-12-08,518,4785,26,2021-12-24,1,Defective
37103,2019-07-19,1852,730,62,2019-08-05,1,Defective
16500,2020-05-26,1248,1599,14,2020-06-24,1,Wrong Item
16371,2023-05-04,948,3412,36,2023-05-11,1,Defective
39234,2023-09-12,52,369,73,2023-10-01,1,Changed Mind
76776,2019-09-16,1196,1942,40,2019-10-14,1,Changed Mind
22528,2023-11-05,88,3883,67,2023-11-11,1,Defective
14683,2021-10-15,1757,967,49,2021-10-28,1,Changed Mind
85177,2022-05-06,1481,4938,6,2022-05-23,1,Defective
877,2019-03-03,679,1445,36,2019-03-30,1,Changed Mind
89328,2023-08-24,1320,1455,12,2023-09-06,1,Wrong Item
79081,2021-06-26,518,776,19,2021-07-07,1,Changed Mind
14042,2022-06-11,767,343,54,2022-06-29,1,Defective
44594,2022-01-12,1580,4679,31,2022-02-03,1,Defective
88228,2019-03-05,574,1288,47,2019-03-10,1,Changed Mind
11090,2023-02-05,1473,1433,73,2023-02-18,1,Defective
6542,2023-06-21,36,1168,11,2023-07-07,1,Changed Mind
475,2022-10-29,802,2037,66,2022-11-13,1,Changed Mind
85809,2019-06-02,1354,509,57,2019-06-30,1,Wrong Item
46801,2021-03-01,915,2323,16,2021-03-10,1,Wrong Item
2548,2019-07-26,651,4197,68,2019-08-19,1,Defective
58112,2020-03-02,608,4243,43,2020-03-17,1,Wrong Item
91066,2020-01-14,182,916,100,2020-01-18,1,Changed Mind
9982,2020-04-17,78,1091,7,2020-05-02,1,Changed Mind
27870,2022-09-27,613,1316,39,2022-10-03,1,Defective
18216,2022-08-30,1247,3247,24,2022-09-09,1,Wrong Item
97248,2023-09-19,1234,1836,22,2023-10-07,1,Changed Mind
19437,2021-01-26,990,3611,10,2021-01-31,1,Defective
19819,2019-05-07,1885,2588,38,2019-05-26,1,Defective
44721,2019-08-17,192,1219,21,2019-09-14,1,Wrong Item
57113,2019-03-18,559,103,52,2019-03-23,1,Changed Mind
26117,2023-09-09,1371,4565,60,2023-09-29,1,Defective
83737,2021-08-09,549,1829,81,2021-09-01,1,Wrong Item
14297,2023-06-27,1617,4710,62,2023-07-14,1,Changed Mind
6152,2020-11-14,31,3396,39,2020-11-26,1,Changed Mind
60692,2020-05-02,175,4922,63,2020-05-12,1,Wrong Item
11314,2019-04-11,232,3119,8,2019-04-13,1,Changed Mind
75448,2020-04-05,755,3632,35,2020-04-13,1,Changed Mind
31221,2019-10-17,1358,2540,87,2019-11-05,1,Changed Mind
9837,2020-08-27,1392,3503,15,2020-09-12,1,Changed Mind
38443,2019-10-11,1257,4948,25,2019-11-07,1,Changed Mind
94058,2021-11-10,1736,2716,20,2021-11-17,1,Defective
57274,2020-04-26,1208,994,22,2020-04-29,1,Defective
63260,2021-09-02,623,2657,19,2021-09-06,1,Defective
78056,2023-08-25,823,1040,81,2023-09-15,1,Defective
41302,2020-12-07,1052,729,35,2020-12-28,1,Wrong Item
92699,2023-01-27,1822,4275,3,2023-02-19,1,Changed Mind
42207,2021-10-12,974,2460,18,2021-10-27,1,Defective
56025,2021-07-09,1596,2419,80,2021-07-26,1,Changed Mind
31841,2022-09-24,1653,4972,33,2022-09-29,1,Changed Mind
1567,2023-04-21,436,2252,62,2023-05-04,1,Wrong Item
98953,2022-05-05,1359,4225,72,2022-05-12,1,Changed Mind
57144,2021-07-20,460,2663,42,2021-07-22,1,Defective
78225,2021-06-10,1782,3564,99,2021-07-03,1,Wrong Item
34285,2019-03-17,1527,4806,72,2019-03-28,1,Changed Mind
11115,2023-07-02,1182,1664,97,2023-07-05,1,Wrong Item
95150,2020-03-07,1921,4563,7,2020-03-11,1,Changed Mind
6193,2019-06-11,1174,3424,36,2019-06-29,1,Wrong Item
10531,2020-09-18,1241,1811,8,2020-09-20,1,Changed Mind
11001,2022-08-05,1352,2595,65,2022-08-25,1,Wrong Item
41235,2022-09-08,201,4361,81,2022-09-22,1,Wrong Item
70814,2022-12-26,1463,4045,67,2022-12-28,1,Wrong Item
5744,2020-11-23,932,1248,45,2020-12-20,1,Changed Mind
74064,2019-09-18,3,1884,13,2019-10-05,1,Changed Mind
74440,2020-08-28,1698,1239,3,2020-09-15,1,Wrong Item
99761,2019-05-11,464,1980,37,2019-05-17,1,Defective
90709,2021-04-27,1637,1836,66,2021-05-13,1,Defective
60494,2020-07-26,3,810,30,2020-07-29,1,Wrong Item
89577,2022-04-06,1997,1723,1,2022-04-08,1,Wrong Item
74769,2023-09-03,1907,3524,39,2023-09-15,1,Wrong Item
79659,2023-03-02,1392,3461,71,2023-03-30,1,Wrong Item
12909,2023-06-04,1486,1048,84,2023-06-12,1,Defective
63014,2023-06-15,1277,1275,4,2023-06-17,1,Defective
91561,2021-01-26,1179,1026,57,2021-01-29,1,Wrong Item
51644,2022-09-23,1785,3690,44,2022-10-16,1,Defective
26165,2020-06-29,1450,3097,89,2020-07-07,1,Changed Mind
24339,2022-10-29,396,2311,31,2022-11-23,1,Changed Mind
18143,2021-03-24,583,4405,51,2021-03-30,1,Wrong Item
18413,2022-07-07,543,1738,10,2022-07-11,1,Wrong Item
17338,2022-12-30,26,4879,95,2023-01-07,1,Changed Mind
31693,2023-11-22,668,546,99,2023-11-30,1,Wrong Item
14248,2019-07-01,95,4667,66,2019-07-16,1,Defective
47869,2021-08-01,138,3772,86,2021-08-22,1,Defective
19738,2022-03-03,823,3020,39,2022-03-29,1,Wrong Item
72825,2022-01-16,1679,3418,33,2022-02-14,1,Changed Mind
90538,2022-02-10,1558,525,98,2022-02-25,1,Defective
8589,2023-03-14,835,1273,66,2023-03-28,1,Changed Mind
75124,2021-01-01,15,1663,61,2021-01-24,1,Wrong Item
61662,2023-09-21,334,2076,77,2023-10-12,1,Changed Mind
61220,2020-11-23,202,3686,4,2020-11-27,1,Defective
19403,2023-11-25,1615,3686,15,2023-12-12,1,Defective
32716,2019-01-26,1846,1051,38,2019-02-06,1,Defective
52570,2023-08-02,866,3010,28,2023-08-17,1,Wrong Item
26335,2023-02-09,181,379,94,2023-03-08,1,Defective
3734,2023-04-21,545,1202,47,2023-04-28,1,Defective
22915,2022-01-27,540,2702,72,2022-02-06,1,Changed Mind
93505,2022-04-28,735,872,68,2022-05-11,1,Changed Mind
57336,2019-09-24,1191,4903,40,2019-09-25,1,Wrong Item
23343,2022-07-30,1885,4161,13,2022-08-23,1,Wrong Item
55013,2021-08-10,836,283,83,2021-08-18,1,Wrong Item
35430,2022-07-08,976,1464,23,2022-07-15,1,Changed Mind
20975,2019-07-05,1186,3115,39,2019-07-09,1,Wrong Item
86740,2020-09-29,1044,4317,65,2020-10-14,1,Changed Mind
69041,2020-01-25,360,2356,25,2020-02-20,1,Defective
46378,2020-03-19,651,4884,72,2020-04-10,1,Changed Mind
86017,2019-07-06,544,1682,35,2019-07-21,1,Wrong Item
68003,2019-10-21,1199,3354,68,2019-11-05,1,Wrong Item
49471,2021-03-10,1591,675,24,2021-03-11,1,Wrong Item
70437,2019-10-03,1497,896,39,2019-10-30,1,Defective
53869,2019-11-11,1368,4100,86,2019-12-09,1,Wrong Item
16580,2021-10-17,163,60,96,2021-11-04,1,Changed Mind
61758,2019-08-22,914,3144,4,2019-09-18,1,Wrong Item
32853,2020-07-17,603,407,73,2020-07-23,1,Changed Mind
39924,2020-07-14,212,304,42,2020-07-30,1,Wrong Item
63421,2021-08-01,1423,317,52,2021-08-16,1,Changed Mind
20198,2021-04-19,1648,4079,32,2021-05-01,1,Defective
5474,2022-07-30,438,755,31,2022-07-31,1,Defective
60200,2023-06-07,132,4749,5,2023-06-26,1,Wrong Item
75112,2020-10-30,853,4878,11,2020-11-02,1,Changed Mind
35837,2021-04-08,1862,252,6,2021-05-06,1,Changed Mind
63236,2021-11-11,91,333,26,2021-11-16,1,Defective
29516,2019-08-04,49,3634,64,2019-08-05,1,Wrong Item
61671,2023-11-25,1400,565,37,2023-12-04,1,Defective
92209,2019-11-04,18,127,54,2019-11-07,1,Defective
41694,2021-02-23,1470,3144,29,2021-02-26,1,Wrong Item
26566,2021-11-15,734,2199,85,2021-12-03,1,Changed Mind
92752,2022-05-14,1728,1855,26,2022-05-18,1,Defective
84606,2021-06-17,1734,4453,18,2021-06-18,1,Changed Mind
36589,2023-03-15,1108,1788,87,2023-03-29,1,Changed Mind
84242,2023-12-14,117,3462,44,2023-12-17,1,Defective
37941,2019-08-15,1113,3471,94,2019-09-10,1,Changed Mind
85998,2023-10-06,1597,3173,10,2023-10-16,1,Changed Mind
16695,2020-11-20,282,3231,82,2020-12-08,1,Defective
72157,2022-07-28,1415,419,53,2022-08-06,1,Wrong Item
12581,2020-09-03,647,1658,61,2020-09-27,1,Defective
97434,2019-10-05,982,3603,56,2019-10-12,1,Defective
24315,2021-02-11,1786,1479,70,2021-02-21,1,Changed Mind
58573,2023-08-14,384,1302,28,2023-08-30,1,Defective
29777,2019-10-23,80,63,64,2019-11-06,1,Wrong Item
5549,2019-09-08,808,1666,99,2019-10-01,1,Defective
80797,2023-05-23,177,2549,85,2023-06-09,1,Wrong Item
39484,2023-03-11,1774,3722,96,2023-03-28,1,Wrong Item
9963,2020-01-26,1607,2520,25,2020-02-14,1,Wrong Item
47175,2019-04-18,1272,2379,89,2019-04-24,1,Changed Mind
49780,2022-08-10,660,4937,29,2022-08-13,1,Wrong Item
27647,2023-06-08,1379,4739,70,2023-06-25,1,Wrong Item
32666,2023-09-17,1425,3283,79,2023-10-16,1,Wrong Item
87860,2022-09-21,1801,1570,91,2022-09-30,1,Changed Mind
19371,2020-04-01,1457,534,23,2020-04-04,1,Defective
79096,2023-05-22,1099,451,53,2023-05-24,1,Wrong Item
60340,2020-08-13,1513,3312,14,2020-08-28,1,Defective
53281,2020-08-19,955,2825,74,2020-09-09,1,Changed Mind
23274,2023-04-01,603,4161,48,2023-04-07,1,Changed Mind
4901,2020-02-06,66,2344,11,2020-02-19,1,Wrong Item
57381,2022-12-16,969,1393,31,2022-12-24,1,Changed Mind
86172,2021-06-02,668,2797,68,2021-06-12,1,Changed Mind
19295,2019-10-03,974,689,46,2019-10-13,1,Changed Mind
58453,2019-04-26,1018,3180,49,2019-05-06,1,Defective
54208,2023-02-26,1788,4163,68,2023-03-08,1,Defective
72894,2021-02-16,1108,3046,63,2021-02-20,1,Changed Mind
69509,2020-03-04,1128,3518,48,2020-03-12,1,Wrong Item
62489,2020-01-09,1834,451,72,2020-02-03,1,Wrong Item
8960,2019-04-20,1899,554,59,2019-04-23,1,Defective
61140,2023-02-22,1026,3521,64,2023-02-26,1,Changed Mind
35457,2021-12-20,337,4827,1,2022-01-05,1,Defective
19851,2022-05-14,383,4475,73,2022-06-12,1,Wrong Item
66316,2023-09-09,1383,3275,100,2023-09-28,1,Changed Mind
15195,2019-09-03,1648,2377,46,2019-10-01,1,Defective
36645,2021-01-10,892,2608,40,2021-01-15,1,Defective
31949,2019-12-20,1034,3053,31,2020-01-15,1,Defective
67887,2021-04-21,741,4259,97,2021-04-22,1,Wrong Item
26502,2019-02-04,1506,2867,11,2019-03-04,1,Defective
97053,2023-10-27,1540,2533,48,2023-11-07,1,Changed Mind
72953,2021-10-24,1755,4280,97,2021-11-12,1,Wrong Item
94350,2023-11-09,818,1682,60,2023-12-06,1,Defective
34635,2023-02-07,639,2570,98,2023-03-01,1,Defective
10724,2023-02-26,504,3091,94,2023-03-14,1,Wrong Item
44148,2019-05-31,876,3378,70,2019-06-27,1,Defective
21397,2021-05-25,156,2131,94,2021-06-11,1,Wrong Item
51387,2023-10-02,468,4557,37,2023-10-14,1,Changed Mind
66689,2020-12-04,126,4004,29,2020-12-09,1,Defective
93040,2022-09-16,844,946,66,2022-09-22,1,Wrong Item
83359,2020-03-28,1874,3593,2,2020-04-21,1,Changed Mind
20035,2022-11-04,1219,817,67,2022-12-01,1,Wrong Item
68253,2020-07-14,398,3013,17,2020-07-21,1,Wrong Item
29285,2020-01-30,1287,3862,47,2020-02-05,1,Defective
2324,2019-07-17,558,4462,38,2019-08-15,1,Changed Mind
27603,2023-12-02,989,2561,61,2023-12-07,1,Changed Mind
30966,2023-01-11,1069,2476,55,2023-01-13,1,Defective
73701,2019-05-29,1239,2599,52,2019-06-17,1,Wrong Item
41920,2023-08-27,1014,729,31,2023-09-01,1,Defective
82406,2021-03-18,1862,1416,45,2021-04-02,1,Defective
18894,2023-09-30,443,2489,25,2023-10-20,1,Defective
22934,2020-05-05,1510,3661,28,2020-05-21,1,Changed Mind
54120,2022-01-26,291,4122,65,2022-02-12,1,Defective
71391,2021-06-15,809,2504,19,2021-06-20,1,Wrong Item
85216,2022-06-13,1426,1211,1,2022-06-28,1,Changed Mind
77574,2021-09-07,999,1645,28,2021-10-03,1,Wrong Item
25489,2020-04-05,1027,3129,90,2020-04-17,1,Wrong Item
13971,2022-05-08,1719,4339,83,2022-05-25,1,Defective
42446,2022-08-19,998,833,82,2022-09-14,1,Changed Mind
57189,2022-10-09,257,1791,34,2022-10-29,1,Defective
57710,2021-08-02,934,4270,64,2021-08-05,1,Changed Mind
83944,2021-12-25,1572,3676,31,2022-01-20,1,Changed Mind
57259,2020-11-23,1445,3087,43,2020-11-25,1,Defective
65434,2019-08-16,860,1801,57,2019-09-08,1,Defective
27977,2022-03-22,519,1308,70,2022-04-03,1,Wrong Item
12201,2023-11-12,520,833,30,2023-11-15,1,Changed Mind
73042,2022-05-14,247,1089,53,2022-05-21,1,Defective
46859,2019-10-24,27,540,81,2019-10-30,1,Wrong Item
67680,2021-03-31,1890,292,38,2021-04-23,1,Wrong Item
73431,2023-07-18,1824,2038,22,2023-08-06,1,Defective
52739,2021-05-12,1686,1113,63,2021-06-01,1,Defective
2212,2020-04-24,1640,2308,76,2020-05-20,1,Changed Mind
67611,2023-08-10,1064,3880,12,2023-09-04,1,Defective
63950,2019-03-07,1079,69,81,2019-04-01,1,Defective
27094,2019-06-25,1940,1599,36,2019-07-20,1,Changed Mind
89484,2022-10-18,599,3464,88,2022-11-06,1,Defective
54417,2020-11-23,120,3975,8,2020-12-17,1,Changed Mind
12107,2021-03-13,311,4503,10,2021-04-07,1,Changed Mind
18353,2020-12-13,683,777,7,2020-12-19,1,Changed Mind
50440,2019-05-12,490,440,4,2019-06-06,1,Defective
99185,2020-03-18,1956,2911,95,2020-03-23,1,Wrong Item
27364,2022-08-02,1638,1192,73,2022-08-28,1,Defective
94641,2021-02-05,898,1239,34,2021-02-23,1,Wrong Item
18784,2019-03-30,1771,3865,69,2019-04-20,1,Changed Mind
58489,2020-09-03,866,3585,46,2020-09-27,1,Wrong Item
43582,2021-12-05,655,4120,41,2021-12-24,1,Changed Mind
47565,2020-01-11,1049,3348,93,2020-02-02,1,Defective
63023,2019-01-17,1122,228,2,2019-02-04,1,Wrong Item
57645,2023-01-30,699,744,98,2023-02-01,1,Changed Mind
88107,2019-02-12,1119,1469,52,2019-02-18,1,Wrong Item
62725,2023-06-22,1653,777,19,2023-07-07,1,Changed Mind
1861,2023-11-20,1961,1843,93,2023-12-10,1,Wrong Item
15753,2022-11-20,1103,2101,49,2022-12-18,1,Defective
88889,2023-02-20,1794,1856,59,2023-02-25,1,Wrong Item
78615,2021-10-02,201,2450,9,2021-10-11,1,Wrong Item
70368,2021-12-06,852,2490,56,2021-12-17,1,Wrong Item
83922,2019-10-24,1018,1543,2,2019-11-12,1,Defective
46250,2022-09-28,1488,3348,56,2022-10-08,1,Wrong Item
36566,2023-02-18,1227,446,47,2023-03-15,1,Wrong Item
28212,2019-06-21,1273,3996,71,2019-07-18,1,Changed Mind
88301,2023-07-18,787,3634,60,2023-07-25,1,Wrong Item
15572,2021-02-27,414,181,13,2021-03-20,1,Changed Mind
98588,2019-08-19,1003,3593,48,2019-09-05,1,Defective
2300,2022-06-24,1648,120,70,2022-07-03,1,Changed Mind
35768,2020-05-27,1740,4416,27,2020-05-29,1,Defective
16823,2019-05-21,1112,3552,19,2019-06-17,1,Changed Mind
26662,2020-07-02,1342,2235,19,2020-07-09,1,Wrong Item
6400,2021-11-30,1027,1737,86,2021-12-27,1,Defective
77413,2019-11-30,1872,3518,70,2019-12-26,1,Changed Mind
94472,2019-05-22,599,1573,17,2019-06-03,1,Defective
81709,2019-04-13,1225,1733,98,2019-05-07,1,Defective
89728,2019-10-02,1382,502,9,2019-10-05,1,Changed Mind
39687,2020-03-07,818,208,56,2020-03-15,1,Wrong Item
25874,2021-03-10,1914,4694,37,2021-03-16,1,Wrong Item
76013,2023-10-29,479,1947,27,2023-11-22,1,Wrong Item
52210,2021-03-15,309,344,55,2021-03-18,1,Defective
98823,2019-06-11,1703,432,1,2019-06-12,1,Wrong Item
93038,2019-11-27,1460,4326,86,2019-11-28,1,Defective
33516,2022-06-11,1712,3734,78,2022-07-04,1,Changed Mind
72772,2019-08-31,496,2507,60,2019-09-23,1,Changed Mind
95712,2022-09-27,274,1891,33,2022-09-29,1,Changed Mind
35779,2022-04-15,596,206,19,2022-05-13,1,Defective
37914,2023-03-09,1973,582,82,2023-04-07,1,Wrong Item
40256,2020-07-07,838,492,41,2020-07-17,1,Wrong Item
80613,2020-10-16,1108,2999,28,2020-11-13,1,Changed Mind
2328,2023-05-18,1460,2182,92,2023-06-10,1,Changed Mind
22263,2023-08-25,1615,4331,81,2023-09-20,1,Defective
93466,2023-07-11,1886,1759,32,2023-08-07,1,Defective
40554,2020-03-23,790,3928,83,2020-04-08,1,Wrong Item
69918,2022-03-09,535,3671,7,2022-03-25,1,Changed Mind
9378,2023-12-21,798,3154,79,2023-12-24,1,Changed Mind
40514,2021-02-11,1259,30,90,2021-02-14,1,Defective
75379,2020-02-27,206,3961,82,2020-03-15,1,Changed Mind
78889,2023-05-19,1218,7,85,2023-05-31,1,Wrong Item
49517,2022-10-14,1727,4398,49,2022-11-01,1,Defective
15344,2022-05-03,1224,4741,93,2022-05-10,1,Wrong Item
82594,2020-10-02,99,1061,51,2020-10-19,1,Wrong Item
33803,2021-06-13,130,1477,77,2021-07-06,1,Defective
49216,2019-02-06,493,250,70,2019-03-05,1,Defective
35652,2022-10-26,1395,1321,43,2022-11-13,1,Defective
92040,2019-08-03,698,1267,67,2019-08-11,1,Defective
84507,2023-09-15,5,4742,35,2023-09-19,1,Wrong Item
47372,2023-02-11,1357,2985,20,2023-02-20,1,Changed Mind
42289,2022-05-24,485,4162,13,2022-06-18,1,Changed Mind
32181,2019-07-16,461,3175,90,2019-07-30,1,Wrong Item
26473,2020-09-09,1624,2000,15,2020-09-19,1,Defective
90496,2021-05-09,1437,4275,42,2021-05-24,1,Changed Mind
3897,2021-09-13,828,3414,53,2021-09-15,1,Wrong Item
39376,2023-01-04,410,39,21,2023-01-12,1,Wrong Item
21048,2022-07-22,1963,3953,82,2022-08-19,1,Defective
42264,2019-08-22,1872,3189,95,2019-09-10,1,Defective
5672,2020-05-16,1276,3029,65,2020-05-26,1,Defective
92791,2022-08-01,331,1226,39,2022-08-14,1,Changed Mind
60422,2019-10-02,1111,746,30,2019-10-04,1,Changed Mind
90344,2023-06-22,1476,4927,70,2023-07-15,1,Changed Mind
92856,2023-04-14,848,4236,87,2023-05-04,1,Changed Mind
76771,2021-05-14,1374,868,19,2021-05-27,1,Wrong Item
62840,2020-03-09,106,1528,67,2020-03-10,1,Defective
6233,2023-03-01,131,1771,63,2023-03-15,1,Wrong Item
99588,2019-03-22,1625,2198,5,2019-04-06,1,Changed Mind
15063,2019-12-30,1735,2724,81,2020-01-13,1,Wrong Item
62362,2022-09-04,662,3403,9,2022-10-01,1,Wrong Item
56286,2023-06-10,667,3897,88,2023-06-22,1,Wrong Item
66460,2022-07-31,1320,2108,41,2022-08-07,1,Changed Mind
64476,2021-01-11,1448,3953,57,2021-01-22,1,Wrong Item
23538,2021-04-21,809,4525,70,2021-05-01,1,Changed Mind
90463,2019-11-12,1036,1274,9,2019-12-02,1,Wrong Item
86912,2022-06-30,659,683,45,2022-07-24,1,Defective
88119,2021-04-23,1742,2495,54,2021-04-27,1,Changed Mind
77823,2019-12-12,1533,4712,68,2020-01-04,1,Wrong Item
20500,2022-07-01,382,1098,68,2022-07-08,1,Wrong Item
63130,2022-09-25,1528,3169,65,2022-10-08,1,Defective
25130,2021-02-21,1720,540,94,2021-03-18,1,Defective
16232,2023-09-26,221,4002,40,2023-10-16,1,Defective
67598,2022-02-14,1374,1143,43,2022-02-23,1,Wrong Item
40261,2022-05-13,1759,3351,96,2022-05-14,1,Wrong Item
49343,2020-04-15,977,2932,42,2020-04-26,1,Defective
44893,2021-04-21,428,3184,53,2021-04-24,1,Wrong Item
10868,2020-12-21,1478,837,67,2020-12-30,1,Wrong Item
57810,2021-06-30,1907,1073,31,2021-07-28,1,Changed Mind
11855,2021-12-01,1852,903,12,2021-12-17,1,Changed Mind
27238,2022-11-15,219,828,14,2022-11-26,1,Changed Mind
56892,2023-06-14,48,4276,31,2023-06-27,1,Wrong Item
2788,2019-06-03,223,2643,18,2019-06-08,1,Defective
68992,2023-10-15,1601,2285,44,2023-10-25,1,Wrong Item
5220,2023-01-31,1171,947,47,2023-02-21,1,Wrong Item
49359,2021-12-14,1019,1540,12,2021-12-26,1,Changed Mind
42028,2021-08-11,1979,325,45,2021-08-25,1,Defective
16432,2022-07-02,1572,3557,76,2022-07-20,1,Wrong Item
15128,2022-07-07,12,1996,21,2022-07-19,1,Wrong Item
80854,2021-03-10,1716,3531,64,2021-04-01,1,Defective
31759,2019-11-13,491,3520,5,2019-11-26,1,Defective
79379,2022-04-07,1977,2726,61,2022-04-19,1,Wrong Item
52578,2023-01-10,735,4772,73,2023-02-05,1,Defective
33637,2021-12-09,1883,2881,100,2022-01-06,1,Changed Mind
13094,2020-03-23,1578,4798,94,2020-04-21,1,Changed Mind
63905,2019-09-09,208,1490,13,2019-09-30,1,Wrong Item
79959,2022-09-06,1814,614,9,2022-09-23,1,Changed Mind
89625,2023-05-04,1139,3437,28,2023-05-30,1,Defective
58440,2019-09-27,1088,3767,82,2019-10-02,1,Defective
44400,2022-06-09,541,2530,19,2022-06-30,1,Defective
58659,2022-10-05,1525,1347,58,2022-10-21,1,Changed Mind
49302,2021-08-31,1602,2174,41,2021-09-24,1,Changed Mind
41474,2023-05-15,982,4387,69,2023-05-17,1,Changed Mind
29848,2019-09-21,1429,1082,100,2019-09-29,1,Defective
43822,2023-09-09,1778,1877,22,2023-10-06,1,Changed Mind
49599,2023-10-31,86,1728,30,2023-11-25,1,Defective
76206,2020-09-29,740,4740,58,2020-10-28,1,Wrong Item
56521,2020-04-29,1958,2989,12,2020-05-24,1,Wrong Item
84880,2021-11-07,1071,1771,87,2021-11-15,1,Defective
16870,2022-05-13,971,2305,97,2022-05-21,1,Changed Mind
78509,2019-07-02,1085,4207,93,2019-07-12,1,Changed Mind
3916,2021-04-25,235,1552,15,2021-05-02,1,Wrong Item
19810,2021-12-24,281,4596,36,2022-01-08,1,Changed Mind
16461,2022-06-16,922,4768,92,2022-06-20,1,Defective
69128,2022-07-06,788,3268,38,2022-07-08,1,Wrong Item
28551,2019-03-01,193,79,74,2019-03-29,1,Defective
22936,2022-12-03,626,1630,81,2022-12-25,1,Wrong Item
98789,2022-03-10,558,3825,75,2022-04-03,1,Defective
66760,2021-08-02,700,298,89,2021-08-11,1,Changed Mind
71489,2023-08-12,686,3250,80,2023-09-03,1,Wrong Item
45736,2023-10-08,89,4716,3,2023-10-20,1,Wrong Item
24506,2019-09-14,1659,2148,70,2019-09-22,1,Defective
71846,2020-02-27,1184,4021,21,2020-03-21,1,Wrong Item
66045,2019-12-28,1571,933,64,2019-12-30,1,Wrong Item
59187,2022-08-05,804,4951,26,2022-08-10,1,Defective
35823,2019-04-25,1556,893,78,2019-05-24,1,Changed Mind
52046,2020-07-03,1194,2205,54,2020-07-07,1,Defective
69380,2019-12-17,1867,3992,88,2020-01-06,1,Defective
29508,2021-03-07,214,1064,91,2021-03-30,1,Changed Mind
9802,2019-01-08,669,1210,55,2019-01-12,1,Defective
45517,2023-02-13,1264,456,50,2023-03-04,1,Defective
19549,2023-01-15,645,3349,35,2023-01-24,1,Changed Mind
95457,2019-05-25,71,3075,61,2019-06-17,1,Wrong Item
67560,2019-10-06,1663,3681,77,2019-10-08,1,Changed Mind
43188,2020-07-26,954,3598,86,2020-08-03,1,Defective
12827,2022-05-09,966,4012,71,2022-06-01,1,Changed Mind
25328,2023-06-28,1544,4426,100,2023-07-10,1,Wrong Item
65595,2022-04-20,216,2213,88,2022-04-22,1,Defective
97487,2023-12-03,567,4631,14,2023-12-30,1,Wrong Item
51452,2020-02-25,1705,2493,98,2020-03-22,1,Wrong Item
14608,2022-09-10,538,3225,12,2022-10-03,1,Wrong Item
2038,2022-01-06,122,4120,44,2022-02-02,1,Defective
40981,2023-05-30,1030,481,64,2023-06-09,1,Changed Mind
5059,2023-01-06,607,952,58,2023-01-08,1,Changed Mind
65462,2019-08-16,168,1994,18,2019-08-17,1,Wrong Item
24461,2019-12-03,1017,418,94,2019-12-08,1,Wrong Item
68821,2022-08-06,1323,2943,49,2022-08-12,1,Defective
85020,2022-12-25,1069,2386,30,2023-01-07,1,Changed Mind
9264,2023-03-03,1859,4947,13,2023-03-20,1,Defective
68950,2022-04-30,1363,2889,100,2022-05-11,1,Defective
17170,2019-07-28,714,4712,57,2019-08-07,1,Wrong Item
94566,2023-06-17,125,4879,23,2023-06-29,1,Defective
79746,2020-04-04,1557,2357,99,2020-05-03,1,Wrong Item
46757,2023-09-25,1914,2873,89,2023-10-12,1,Defective
79927,2021-11-06,1637,4363,40,2021-12-02,1,Defective
10539,2022-07-28,1527,1154,27,2022-08-19,1,Changed Mind
97306,2019-10-08,1934,3289,39,2019-10-09,1,Wrong Item
29574,2019-01-20,26,1141,50,2019-01-29,1,Changed Mind
52913,2021-05-19,902,1581,64,2021-05-24,1,Wrong Item
61342,2022-04-10,733,4035,85,2022-05-02,1,Changed Mind
9684,2019-07-24,1466,3611,29,2019-08-17,1,Wrong Item
68989,2022-03-21,1243,2129,40,2022-04-09,1,Changed Mind
3503,2019-06-21,1635,657,14,2019-06-23,1,Wrong Item
44111,2020-03-03,1603,102,82,2020-04-01,1,Wrong Item
94928,2020-03-15,163,4145,42,2020-03-25,1,Defective
25981,2022-09-26,79,898,75,2022-10-18,1,Defective
42455,2020-03-30,1962,4331,100,2020-04-06,1,Changed Mind
67074,2022-07-25,810,3869,32,2022-07-28,1,Wrong Item
69802,2020-08-19,675,4976,37,2020-09-11,1,Changed Mind
8236,2020-03-08,301,2092,76,2020-03-27,1,Defective
75430,2019-11-08,726,3583,9,2019-11-28,1,Changed Mind
37594,2022-02-12,400,3536,85,2022-03-13,1,Defective
84923,2022-11-29,1152,2958,79,2022-12-08,1,Changed Mind
59360,2020-07-18,470,745,41,2020-08-11,1,Wrong Item
37077,2022-12-04,1682,2139,61,2022-12-24,1,Wrong Item
6905,2022-11-20,1097,2392,87,2022-12-19,1,Wrong Item
34090,2019-01-31,1585,335,65,2019-02-09,1,Changed Mind
83026,2023-06-27,1702,2348,84,2023-07-07,1,Changed Mind
58696,2020-10-07,695,3948,25,2020-11-03,1,Wrong Item
33457,2019-03-24,1260,476,6,2019-03-25,1,Changed Mind
37145,2021-10-24,1013,2178,95,2021-11-10,1,Wrong Item
16766,2022-09-03,802,1039,53,2022-09-25,1,Changed Mind
2450,2020-07-28,797,4688,91,2020-08-15,1,Wrong Item
7321,2021-02-13,1968,251,9,2021-03-06,1,Changed Mind
77373,2019-05-28,733,3695,31,2019-06-19,1,Changed Mind
93354,2019-06-15,1734,3475,63,2019-06-20,1,Changed Mind
11644,2023-02-06,250,4604,19,2023-02-19,1,Defective
44685,2022-09-19,1432,2280,43,2022-10-18,1,Changed Mind
11249,2021-06-28,1567,4718,3,2021-07-11,1,Wrong Item
84927,2021-05-22,702,1260,95,2021-06-12,1,Changed Mind
49044,2020-04-15,846,190,22,2020-04-27,1,Changed Mind
62750,2023-03-20,947,4114,48,2023-04-03,1,Wrong Item
56754,2020-03-13,757,1309,98,2020-04-08,1,Defective
88394,2022-11-12,226,165,6,2022-12-07,1,Defective
8620,2019-09-13,535,939,98,2019-09-22,1,Changed Mind
98,2020-09-20,239,3990,44,2020-09-23,1,Changed Mind
33250,2020-07-25,1336,3248,62,2020-08-23,1,Defective
77936,2020-11-17,180,3994,71,2020-11-29,1,Defective
39574,2021-02-02,1103,4385,77,2021-02-17,1,Changed Mind
25669,2021-08-30,834,3547,52,2021-09-04,1,Wrong Item
16421,2023-02-24,759,4626,40,2023-03-05,1,Changed Mind
68362,2020-07-09,765,317,67,2020-07-21,1,Wrong Item
99060,2023-12-22,1437,1415,30,2024-01-02,1,Defective
87585,2023-09-24,1940,4895,80,2023-09-25,1,Wrong Item
33455,2023-01-25,372,1516,74,2023-02-09,1,Changed Mind
40647,2019-09-11,786,4341,15,2019-09-19,1,Defective
5449,2023-03-22,170,3013,38,2023-04-11,1,Wrong Item
67034,2022-04-12,983,2165,93,2022-04-19,1,Changed Mind
95332,2020-05-08,202,424,26,2020-05-25,1,Defective
41798,2019-05-23,1205,4445,82,2019-06-13,1,Wrong Item
31921,2019-07-21,1033,3231,42,2019-08-07,1,Changed Mind
39121,2022-07-26,468,4883,55,2022-08-08,1,Changed Mind
90832,2022-02-21,965,2282,3,2022-03-16,1,Wrong Item
59909,2023-01-21,23,4289,50,2023-01-28,1,Defective
46939,2022-07-21,1144,1214,1,2022-08-01,1,Wrong Item
10767,2019-05-30,861,1542,14,2019-06-12,1,Changed Mind
53832,2019-09-30,70,3463,35,2019-10-09,1,Defective
26578,2021-04-10,1467,1497,65,2021-04-24,1,Changed Mind
32999,2019-11-10,1944,3981,21,2019-12-06,1,Defective
40988,2021-05-25,615,3206,86,2021-06-23,1,Defective
10844,2020-08-21,1187,4747,47,2020-08-22,1,Wrong Item
25171,2019-04-13,1765,3111,52,2019-04-28,1,Wrong Item
76862,2023-07-29,681,3536,28,2023-08-02,1,Changed Mind
68474,2022-09-09,1644,1103,77,2022-09-13,1,Wrong Item
81242,2019-04-27,1667,2558,63,2019-05-06,1,Changed Mind
84186,2022-10-04,702,3529,34,2022-10-28,1,Defective
66110,2023-01-31,1765,4853,99,2023-02-26,1,Defective
7733,2020-05-14,1834,3085,83,2020-05-31,1,Changed Mind
39550,2021-06-27,1401,690,74,2021-07-02,1,Wrong Item
35359,2021-12-23,1913,878,78,2021-12-24,1,Changed Mind
29129,2020-07-03,698,1298,22,2020-07-15,1,Defective
60856,2019-10-29,1263,3809,9,2019-10-30,1,Wrong Item
75855,2022-03-02,953,4177,24,2022-03-31,1,Wrong Item
82214,2022-02-10,1382,3443,70,2022-03-10,1,Changed Mind
56238,2022-03-29,516,2541,56,2022-04-26,1,Defective
14108,2019-09-23,1765,1671,96,2019-10-06,1,Defective
75033,2022-08-16,1966,4471,15,2022-09-06,1,Changed Mind
21794,2023-10-18,267,3258,50,2023-10-24,1,Changed Mind
42652,2021-09-03,1386,3461,91,2021-09-17,1,Wrong Item
15737,2019-03-18,838,1244,69,2019-03-28,1,Defective
11176,2023-10-04,1299,1035,5,2023-10-17,1,Changed Mind
62801,2020-10-22,514,1239,97,2020-11-19,1,Defective
15716,2021-06-18,315,4327,99,2021-06-21,1,Defective
9999,2023-10-02,1196,445,38,2023-10-19,1,Defective
97032,2023-11-04,1139,1015,87,2023-11-09,1,Changed Mind
79716,2019-04-06,1775,2759,18,2019-04-16,1,Wrong Item
24620,2020-08-01,1386,1140,26,2020-08-09,1,Changed Mind
7727,2019-05-29,505,3798,15,2019-06-23,1,Defective
92705,2021-03-04,1938,1803,49,2021-03-23,1,Defective
69879,2021-07-24,139,2032,65,2021-07-28,1,Defective
85774,2022-08-15,201,4920,22,2022-09-09,1,Defective
92681,2023-09-03,1051,3535,82,2023-09-18,1,Wrong Item
73882,2021-09-25,757,2377,10,2021-10-06,1,Defective
47695,2020-07-20,862,13,65,2020-07-21,1,Defective
88590,2020-08-21,423,4120,26,2020-09-12,1,Wrong Item
55862,2020-01-23,1531,364,5,2020-01-24,1,Defective
32348,2021-12-05,1062,878,42,2021-12-26,1,Defective
59339,2021-10-17,583,2622,1,2021-10-26,1,Changed Mind
55034,2020-01-16,1160,3528,57,2020-01-30,1,Wrong Item
96016,2023-01-25,856,932,51,2023-02-12,1,Changed Mind
84698,2022-07-27,470,2120,87,2022-08-15,1,Wrong Item
29269,2023-08-13,1095,2172,88,2023-09-06,1,Defective
73794,2023-02-18,1626,992,2,2023-03-05,1,Wrong Item
55789,2022-08-28,294,68,36,2022-09-15,1,Changed Mind
45583,2020-07-14,1459,2780,11,2020-07-26,1,Defective
15348,2021-01-30,678,650,67,2021-02-15,1,Wrong Item
55700,2022-12-02,1411,1948,65,2022-12-14,1,Changed Mind
26870,2020-05-25,575,4585,56,2020-06-06,1,Wrong Item
87018,2019-04-17,113,1852,35,2019-04-20,1,Changed Mind
23356,2023-09-02,844,3869,9,2023-09-12,1,Changed Mind
25656,2022-06-04,768,3906,91,2022-06-27,1,Changed Mind
45980,2023-04-27,324,905,91,2023-05-13,1,Defective
36298,2021-05-07,432,1991,90,2021-05-13,1,Defective
38392,2019-05-06,200,2540,19,2019-06-02,1,Wrong Item
52659,2021-01-13,673,1118,40,2021-02-07,1,Defective
7116,2022-05-25,1718,1836,9,2022-06-10,1,Changed Mind
65537,2020-10-06,1253,3578,76,2020-10-15,1,Defective
94393,2021-11-07,16,3014,25,2021-11-25,1,Wrong Item
57119,2022-06-25,764,156,34,2022-06-29,1,Defective
48833,2019-04-14,1521,2618,96,2019-04-18,1,Wrong Item
72673,2019-06-29,1835,3501,56,2019-07-25,1,Defective
2503,2020-07-21,626,1726,2,2020-07-27,1,Changed Mind
34352,2019-07-03,1417,3264,78,2019-07-24,1,Changed Mind
47283,2022-06-14,1473,2174,72,2022-06-15,1,Defective
60680,2023-10-25,899,2411,3,2023-10-28,1,Defective
96814,2020-10-18,568,1263,77,2020-11-12,1,Defective
14828,2021-02-22,183,1682,84,2021-03-04,1,Changed Mind
88234,2023-01-01,16,3924,30,2023-01-11,1,Defective
76502,2022-05-31,504,3113,30,2022-06-27,1,Wrong Item
14431,2023-09-16,119,4052,88,2023-10-03,1,Changed Mind
45355,2019-01-07,478,757,32,2019-01-26,1,Changed Mind
41472,2022-01-08,1506,809,25,2022-02-06,1,Wrong Item
26891,2022-09-01,943,1318,71,2022-09-28,1,Changed Mind
18053,2021-11-06,1355,2684,77,2021-11-10,1,Changed Mind
99350,2022-02-19,1500,956,41,2022-03-13,1,Changed Mind
56301,2023-01-15,221,43,10,2023-02-13,1,Changed Mind
13261,2020-10-01,355,935,54,2020-10-03,1,Defective
24252,2023-12-23,1215,2422,42,2024-01-03,1,Defective
41470,2020-08-02,1443,1023,73,2020-08-07,1,Defective
4940,2022-07-05,1472,4604,29,2022-07-23,1,Wrong Item
29980,2021-08-13,1470,232,57,2021-09-06,1,Defective
72815,2023-07-21,1751,608,86,2023-07-27,1,Changed Mind
59434,2021-01-23,1595,4116,62,2021-01-24,1,Changed Mind
6665,2023-08-27,261,337,23,2023-09-10,1,Changed Mind
16673,2021-04-24,412,4532,30,2021-05-06,1,Wrong Item
35003,2023-10-24,1328,4588,31,2023-11-07,1,Defective
67336,2023-08-18,122,3111,48,2023-08-19,1,Changed Mind
66366,2023-09-02,464,2964,72,2023-09-28,1,Changed Mind
75574,2022-08-31,1729,3155,63,2022-09-09,1,Defective
266,2020-05-03,847,1580,57,2020-05-19,1,Wrong Item
50413,2023-12-25,921,3982,68,2023-12-31,1,Defective
7837,2021-05-11,15,1024,40,2021-05-14,1,Wrong Item
84471,2021-02-25,553,2691,79,2021-03-25,1,Defective
49909,2021-03-22,1456,4213,13,2021-04-12,1,Changed Mind
85182,2022-11-28,615,3512,12,2022-12-20,1,Changed Mind
36018,2020-06-03,1959,3704,49,2020-06-13,1,Changed Mind
52887,2022-09-13,1849,284,84,2022-10-12,1,Changed Mind
46495,2023-08-12,1809,4778,73,2023-08-28,1,Changed Mind
39247,2019-10-19,1327,3776,100,2019-10-27,1,Wrong Item
28472,2023-05-31,946,148,78,2023-06-20,1,Changed Mind
72158,2022-12-29,741,2839,45,2023-01-03,1,Wrong Item
46641,2021-03-29,148,733,89,2021-04-06,1,Wrong Item
90744,2023-06-29,784,3998,94,2023-07-14,1,Wrong Item
84468,2021-05-30,989,527,90,2021-06-27,1,Changed Mind
95126,2019-06-13,510,3952,27,2019-07-05,1,Defective
55450,2020-07-27,463,3667,8,2020-08-09,1,Wrong Item
74489,2019-05-20,1838,3457,59,2019-05-25,1,Defective
64339,2020-10-28,1610,3547,48,2020-10-31,1,Changed Mind
90417,2022-10-04,1247,3693,97,2022-10-30,1,Changed Mind
88838,2021-01-31,1400,1079,3,2021-02-03,1,Wrong Item
50399,2021-08-24,702,1699,86,2021-09-07,1,Defective
76208,2021-07-10,1026,820,93,2021-07-24,1,Wrong Item
87046,2022-03-31,628,3009,37,2022-04-26,1,Changed Mind
84078,2019-02-23,1210,282,32,2019-02-25,1,Changed Mind
6322,2021-11-03,1507,1952,35,2021-11-14,1,Defective
99391,2021-11-06,418,585,60,2021-11-19,1,Changed Mind
20014,2023-01-26,1133,1052,71,2023-02-06,1,Wrong Item
76480,2022-02-04,1868,1389,79,2022-02-20,1,Wrong Item
40284,2020-03-23,489,2020,17,2020-03-24,1,Wrong Item
8642,2019-04-24,929,2711,78,2019-05-06,1,Changed Mind
66129,2019-04-07,1888,3678,19,2019-04-10,1,Changed Mind
45546,2022-12-01,490,3487,11,2022-12-06,1,Wrong Item
59965,2019-04-29,1942,2184,59,2019-04-30,1,Changed Mind
57724,2022-03-13,1570,912,30,2022-04-08,1,Defective
48669,2020-12-21,491,3312,22,2020-12-28,1,Defective
63661,2021-09-09,1850,2167,12,2021-10-08,1,Changed Mind
8181,2021-10-14,573,2982,2,2021-10-28,1,Wrong Item
75773,2019-08-19,373,2161,93,2019-09-11,1,Changed Mind
38644,2019-04-20,218,1589,23,2019-05-10,1,Changed Mind
3201,2023-05-26,493,4308,80,2023-05-30,1,Changed Mind
15191,2021-10-17,1105,2447,48,2021-11-08,1,Changed Mind
98190,2022-02-13,810,2327,23,2022-03-10,1,Changed Mind
51247,2020-01-30,1446,644,68,2020-02-23,1,Wrong Item
20804,2019-10-14,689,1219,64,2019-11-07,1,Defective
30128,2023-07-25,246,3575,61,2023-08-03,1,Changed Mind
20961,2020-06-06,691,726,55,2020-06-11,1,Defective
99471,2021-11-13,562,1470,32,2021-12-10,1,Wrong Item
79113,2023-04-11,1083,838,39,2023-05-02,1,Changed Mind
75166,2020-12-21,760,845,32,2021-01-11,1,Wrong Item
34477,2021-07-27,589,2100,16,2021-07-29,1,Wrong Item
27404,2020-07-06,951,3603,50,2020-07-08,1,Changed Mind
35122,2023-12-06,200,1676,97,2023-12-26,1,Wrong Item
35425,2019-09-29,694,4312,23,2019-10-06,1,Defective
67458,2020-09-20,876,281,16,2020-10-12,1,Defective
9784,2020-08-24,610,3786,96,2020-09-16,1,Defective
32258,2022-08-18,1719,2793,96,2022-08-24,1,Defective
71875,2022-07-31,848,747,18,2022-08-08,1,Changed Mind
58576,2023-03-01,1147,3325,21,2023-03-18,1,Defective
52758,2020-06-15,97,2680,39,2020-07-06,1,Defective
91974,2019-08-16,192,3778,63,2019-09-08,1,Changed Mind
89174,2021-05-21,596,4397,82,2021-05-24,1,Changed Mind
41718,2019-05-14,1683,3717,55,2019-05-29,1,Changed Mind
54752,2020-10-07,458,3557,45,2020-10-26,1,Changed Mind
80528,2022-01-17,1689,530,52,2022-02-14,1,Changed Mind
80032,2019-09-23,1858,2240,89,2019-10-10,1,Changed Mind
14525,2020-05-25,1847,291,8,2020-06-14,1,Changed Mind
57461,2019-01-15,276,4495,7,2019-01-21,1,Defective
61364,2021-10-05,1930,2167,86,2021-10-24,1,Wrong Item
7302,2021-12-05,1887,2131,85,2021-12-15,1,Wrong Item
62286,2020-05-01,483,517,62,2020-05-02,1,Defective
90923,2020-01-21,1263,4856,93,2020-02-10,1,Defective
41512,2020-12-29,1800,525,7,2021-01-16,1,Defective
60042,2023-06-07,1485,1107,81,2023-06-26,1,Wrong Item
20263,2020-04-16,1599,659,51,2020-04-26,1,Changed Mind
78085,2022-01-06,1925,1414,74,2022-01-30,1,Changed Mind
33089,2020-02-06,1839,3170,98,2020-03-06,1,Defective
73694,2020-01-01,661,4476,48,2020-01-11,1,Defective
38998,2022-07-25,241,1968,43,2022-08-02,1,Changed Mind
49219,2020-10-07,890,1887,29,2020-10-18,1,Changed Mind
70108,2020-02-07,814,1715,86,2020-02-29,1,Defective
32609,2022-04-01,1613,270,69,2022-04-28,1,Changed Mind
61978,2023-06-18,858,4591,82,2023-06-27,1,Wrong Item
2440,2020-10-16,142,4772,56,2020-11-10,1,Defective
63618,2019-10-31,1420,2462,43,2019-11-20,1,Wrong Item
85996,2022-03-10,474,2841,14,2022-03-27,1,Changed Mind
60009,2019-04-30,561,2720,38,2019-05-28,1,Wrong Item
80035,2022-06-23,1257,1302,90,2022-07-14,1,Defective
61765,2023-10-18,1417,4244,23,2023-10-25,1,Wrong Item
79163,2021-12-01,1748,594,8,2021-12-11,1,Wrong Item
22765,2022-11-21,614,1733,42,2022-12-15,1,Changed Mind
15207,2021-10-30,74,4231,26,2021-11-04,1,Defective
83069,2019-08-24,499,4086,90,2019-09-05,1,Defective
48014,2019-08-12,1763,2546,97,2019-08-21,1,Defective
43641,2023-05-03,213,380,99,2023-05-30,1,Wrong Item
10239,2022-06-26,330,3841,32,2022-07-16,1,Defective
58356,2023-01-31,22,4464,79,2023-02-07,1,Defective
84035,2021-05-17,1542,3438,40,2021-05-22,1,Defective
28187,2021-11-23,117,4039,59,2021-11-30,1,Changed Mind
10773,2022-06-17,821,1592,26,2022-07-16,1,Wrong Item
76733,2023-01-21,1607,1178,13,2023-02-06,1,Wrong Item
68530,2021-02-02,1954,1954,45,2021-02-19,1,Defective
53423,2019-08-11,940,3359,62,2019-08-20,1,Defective
23339,2022-01-16,582,4679,53,2022-02-13,1,Defective
26344,2020-09-26,1899,4645,91,2020-10-10,1,Changed Mind
88630,2019-11-04,1226,1364,61,2019-11-07,1,Changed Mind
35797,2021-10-19,1423,4652,95,2021-11-08,1,Changed Mind
86762,2019-08-23,97,3213,10,2019-09-03,1,Wrong Item
91335,2020-06-26,1506,510,47,2020-07-15,1,Wrong Item
47812,2019-01-01,35,4781,78,2019-01-28,1,Wrong Item
40046,2022-01-22,1588,3017,61,2022-02-02,1,Defective
60867,2021-03-17,1348,341,60,2021-03-20,1,Wrong Item
85906,2023-04-11,566,548,100,2023-05-07,1,Changed Mind
35459,2019-05-04,799,2560,73,2019-05-11,1,Defective
40651,2021-09-07,403,1307,72,2021-10-04,1,Wrong Item
18621,2022-02-25,1629,3727,53,2022-03-03,1,Defective
70007,2019-09-13,1990,2936,38,2019-09-22,1,Wrong Item
39525,2019-04-16,551,105,28,2019-04-17,1,Changed Mind
10549,2021-01-28,1088,1337,25,2021-02-05,1,Defective
69642,2023-07-07,1396,1480,30,2023-07-15,1,Wrong Item
87119,2022-09-19,749,1865,97,2022-09-29,1,Wrong Item
39360,2019-06-20,348,1093,6,2019-07-05,1,Defective
88150,2020-09-10,1664,3457,6,2020-09-24,1,Changed Mind
73093,2020-01-23,648,2535,58,2020-01-28,1,Wrong Item
9549,2021-06-20,289,3037,96,2021-07-02,1,Wrong Item
43066,2020-10-09,1509,1737,39,2020-11-06,1,Defective
96193,2020-09-19,1753,3494,28,2020-10-07,1,Changed Mind
65400,2022-01-10,502,2100,88,2022-01-27,1,Wrong Item
66390,2023-11-04,1974,159,73,2023-11-27,1,Changed Mind
27954,2021-11-20,1187,4918,87,2021-12-09,1,Wrong Item
16867,2021-04-27,1219,2845,28,2021-05-19,1,Changed Mind
17849,2019-03-07,1880,2103,71,2019-03-28,1,Defective
7396,2021-09-30,179,2118,77,2021-10-04,1,Defective
56462,2021-04-02,1731,3736,16,2021-04-11,1,Defective
79021,2022-11-08,1760,178,39,2022-11-12,1,Wrong Item
75267,2019-07-27,348,1103,56,2019-08-07,1,Wrong Item
56861,2023-01-01,817,4030,77,2023-01-08,1,Defective
99955,2023-03-19,142,2128,2,2023-03-29,1,Wrong Item
74952,2019-03-10,1192,732,80,2019-03-15,1,Wrong Item
63759,2019-10-19,1149,4674,19,2019-10-21,1,Changed Mind
81638,2022-12-03,627,2559,31,2022-12-28,1,Wrong Item
66511,2022-07-16,1738,153,90,2022-08-14,1,Wrong Item
45719,2023-09-01,165,631,40,2023-09-21,1,Changed Mind
67669,2020-11-22,1920,2678,71,2020-12-17,1,Wrong Item
9170,2021-04-18,1854,4659,6,2021-05-12,1,Wrong Item
59420,2022-12-18,346,3263,58,2023-01-04,1,Wrong Item
85966,2020-05-29,822,2392,36,2020-06-24,1,Changed Mind
87462,2020-11-11,1630,3595,80,2020-11-22,1,Wrong Item
34555,2022-12-29,820,4800,51,2023-01-13,1,Defective
12037,2020-06-12,922,1666,43,2020-06-23,1,Wrong Item
56490,2023-10-28,727,2560,43,2023-11-11,1,Defective
24776,2022-04-15,1459,1870,49,2022-05-03,1,Changed Mind
54374,2019-01-21,734,4486,2,2019-02-14,1,Defective
34438,2020-05-09,1455,3280,33,2020-05-11,1,Changed Mind
30018,2021-06-05,121,4512,42,2021-07-02,1,Changed Mind
83820,2022-07-11,740,4328,14,2022-07-14,1,Wrong Item
98567,2021-08-24,436,659,40,2021-09-19,1,Wrong Item
65357,2020-08-10,1107,3841,5,2020-09-06,1,Wrong Item
49148,2021-05-13,406,4787,69,2021-05-21,1,Defective
86345,2021-08-21,1297,1371,13,2021-08-29,1,Wrong Item
69995,2023-05-01,878,4088,66,2023-05-19,1,Changed Mind
83815,2023-01-12,1713,884,50,2023-01-16,1,Wrong Item
82121,2020-10-31,119,4131,7,2020-11-21,1,Defective
18555,2020-07-22,1000,1958,39,2020-08-11,1,Defective
16815,2020-03-31,1558,2940,11,2020-04-23,1,Defective
37148,2020-04-27,1420,3262,91,2020-05-03,1,Defective
88568,2023-07-05,628,3395,19,2023-08-03,1,Wrong Item
10444,2020-06-14,13,2088,73,2020-07-11,1,Changed Mind
45248,2020-10-05,1837,1990,43,2020-11-03,1,Wrong Item
74436,2023-01-04,194,4065,80,2023-01-26,1,Defective
21600,2023-08-08,365,3281,42,2023-08-30,1,Wrong Item
53727,2021-01-25,600,2501,14,2021-02-13,1,Wrong Item
26084,2020-03-31,302,4541,60,2020-04-11,1,Changed Mind
13044,2022-01-17,928,1751,21,2022-01-25,1,Defective
64119,2023-02-16,1221,4990,34,2023-03-06,1,Wrong Item
36701,2019-09-27,587,2159,21,2019-10-18,1,Wrong Item
84954,2023-06-17,1220,4565,5,2023-06-28,1,Defective
90624,2023-09-19,1119,771,28,2023-10-14,1,Wrong Item
91940,2020-10-19,1254,2942,41,2020-10-22,1,Defective
11667,2020-04-13,672,4776,17,2020-05-03,1,Defective
84252,2023-01-06,1020,1040,70,2023-01-20,1,Changed Mind
22277,2019-01-30,295,2682,95,2019-02-18,1,Defective
12548,2020-02-29,964,917,55,2020-03-22,1,Defective
43248,2022-01-29,1073,3912,39,2022-02-21,1,Changed Mind
64088,2023-01-17,504,1100,25,2023-02-07,1,Changed Mind
85187,2019-09-04,558,1522,85,2019-09-10,1,Wrong Item
47950,2022-06-08,1511,1834,19,2022-06-12,1,Wrong Item
30725,2023-05-25,1265,4771,78,2023-06-08,1,Defective
11048,2022-01-10,741,4560,5,2022-01-31,1,Wrong Item
49662,2021-08-13,1778,2979,51,2021-09-05,1,Changed Mind
10573,2019-08-22,1686,980,19,2019-09-11,1,Wrong Item
38278,2019-06-21,1208,4002,11,2019-06-25,1,Wrong Item
11082,2023-10-12,494,110,15,2023-10-28,1,Defective
72810,2021-09-29,1458,1720,92,2021-10-23,1,Changed Mind
74722,2022-03-20,21,910,24,2022-04-16,1,Changed Mind
11405,2020-05-01,1515,3506,19,2020-05-30,1,Changed Mind
89593,2023-10-11,35,3056,39,2023-11-03,1,Changed Mind
30798,2023-06-07,219,2615,40,2023-07-02,1,Changed Mind
99992,2021-07-14,1748,1440,81,2021-08-03,1,Changed Mind
90299,2021-05-25,1454,1138,86,2021-06-12,1,Defective
92427,2023-03-19,1661,3485,1,2023-04-16,1,Defective
15055,2022-02-01,823,4802,31,2022-02-25,1,Changed Mind
74020,2019-07-10,1927,2606,36,2019-07-25,1,Defective
90358,2023-01-15,1197,4952,93,2023-01-19,1,Wrong Item
40501,2019-10-27,682,3730,48,2019-11-18,1,Defective
47090,2021-11-16,471,3797,45,2021-11-29,1,Defective
20536,2020-04-22,82,877,25,2020-04-30,1,Defective
46081,2021-01-15,721,1129,26,2021-01-29,1,Changed Mind
96840,2020-12-05,655,2928,11,2020-12-31,1,Defective
23740,2023-03-18,675,2574,10,2023-03-30,1,Changed Mind
9409,2021-11-13,1104,2986,58,2021-12-02,1,Defective
66950,2023-01-05,1285,1668,83,2023-01-23,1,Changed Mind
62763,2019-07-26,713,614,58,2019-08-18,1,Wrong Item
80846,2021-07-16,1094,3103,22,2021-07-18,1,Defective
21218,2019-06-24,1141,3405,28,2019-07-14,1,Changed Mind
41524,2021-03-11,1510,3566,63,2021-03-29,1,Wrong Item
11266,2020-01-31,47,1745,52,2020-02-21,1,Wrong Item
33479,2021-08-16,1855,2136,78,2021-08-18,1,Wrong Item
76492,2023-12-10,1885,336,91,2023-12-26,1,Wrong Item
55517,2023-01-01,361,2392,4,2023-01-16,1,Defective
63072,2019-02-08,1980,1016,4,2019-02-16,1,Defective
97411,2020-01-02,51,2659,38,2020-01-09,1,Changed Mind
88160,2020-06-18,1054,3676,22,2020-07-11,1,Changed Mind
2410,2019-10-17,1174,3206,4,2019-10-31,1,Changed Mind
3223,2020-11-14,686,470,49,2020-12-08,1,Defective
75518,2020-03-16,1040,4811,2,2020-03-28,1,Defective
93264,2019-04-26,1567,4145,78,2019-05-19,1,Changed Mind
33895,2020-05-18,581,4525,18,2020-06-06,1,Defective
32214,2020-07-30,1947,536,71,2020-08-28,1,Changed Mind
22794,2022-10-12,1051,1313,90,2022-10-13,1,Defective
13646,2022-02-27,1308,4546,84,2022-03-02,1,Defective
88853,2020-10-09,101,1402,17,2020-10-24,1,Changed Mind
3947,2019-02-21,1345,281,90,2019-02-23,1,Defective
17165,2021-06-04,381,4586,92,2021-06-08,1,Defective
41612,2022-02-15,590,2389,88,2022-03-11,1,Defective
91553,2023-08-09,1220,1622,47,2023-08-18,1,Wrong Item
53254,2021-03-04,1197,3796,61,2021-04-02,1,Wrong Item
1802,2021-06-14,1663,580,4,2021-07-06,1,Wrong Item
44978,2023-12-20,536,3921,17,2024-01-15,1,Changed Mind
76410,2019-02-19,1902,2383,50,2019-03-18,1,Changed Mind
73659,2021-01-07,281,3924,68,2021-01-22,1,Wrong Item
34428,2021-10-05,174,1950,30,2021-10-16,1,Wrong Item
81751,2022-10-20,1870,105,20,2022-11-17,1,Changed Mind
44597,2023-10-04,556,4888,12,2023-10-19,1,Wrong Item
97232,2019-10-30,1921,3116,92,2019-11-14,1,Defective
39318,2020-03-28,1550,3405,87,2020-04-16,1,Defective
79317,2021-11-07,313,3037,43,2021-12-06,1,Wrong Item
954,2022-10-11,1371,2831,99,2022-10-23,1,Defective
87665,2023-02-18,346,272,23,2023-02-23,1,Defective
92944,2021-02-01,1741,2599,39,2021-02-02,1,Wrong Item
1060,2021-11-12,1396,1839,93,2021-11-17,1,Defective
29396,2020-07-08,598,3795,75,2020-08-06,1,Changed Mind
24234,2022-03-02,639,1206,42,2022-03-12,1,Changed Mind
67258,2019-07-19,632,3395,67,2019-07-24,1,Wrong Item
19571,2019-07-17,1767,2037,33,2019-07-23,1,Changed Mind
99887,2020-11-09,942,3116,29,2020-12-04,1,Changed Mind
7843,2022-06-05,289,4186,52,2022-06-24,1,Wrong Item
72688,2019-09-14,1304,4285,57,2019-10-03,1,Changed Mind
67091,2019-10-30,845,3781,11,2019-11-03,1,Wrong Item
43122,2022-06-23,1375,2793,14,2022-06-30,1,Changed Mind
47442,2021-04-30,777,808,33,2021-05-07,1,Changed Mind
23477,2023-09-17,1920,859,36,2023-09-30,1,Defective
18049,2023-01-01,1290,4621,70,2023-01-12,1,Changed Mind
85425,2019-01-03,1206,2384,55,2019-01-23,1,Defective
96821,2023-12-15,1658,496,80,2024-01-09,1,Wrong Item
6302,2021-07-10,629,1090,66,2021-08-06,1,Wrong Item
98841,2022-01-05,1368,4082,39,2022-01-08,1,Defective
45052,2022-06-13,1795,2470,70,2022-06-23,1,Wrong Item
36872,2020-03-30,584,4140,66,2020-03-31,1,Defective
53485,2023-01-26,294,2841,98,2023-02-04,1,Wrong Item
55568,2022-12-09,446,1951,45,2022-12-23,1,Wrong Item
41469,2019-10-20,582,2422,3,2019-11-07,1,Wrong Item
78380,2021-01-31,1811,4626,70,2021-02-09,1,Defective
42514,2020-11-28,1460,1885,11,2020-12-24,1,Defective
5113,2021-10-23,1170,3623,24,2021-11-06,1,Wrong Item
47631,2022-09-12,1460,1058,53,2022-09-29,1,Changed Mind
56833,2020-10-21,162,3224,71,2020-11-06,1,Changed Mind
60306,2020-05-29,1129,2955,74,2020-06-01,1,Changed Mind
82238,2022-10-21,787,1235,98,2022-10-23,1,Defective
43560,2019-10-19,1182,4805,71,2019-11-10,1,Defective
79411,2019-09-25,847,2715,44,2019-09-26,1,Changed Mind
95389,2022-08-26,568,516,92,2022-09-10,1,Changed Mind
83543,2023-11-26,275,1076,36,2023-12-10,1,Defective
86818,2023-03-20,782,2317,88,2023-04-14,1,Changed Mind
60626,2022-03-15,1779,1585,21,2022-03-27,1,Wrong Item
8910,2023-11-08,100,2501,69,2023-11-15,1,Wrong Item
99578,2020-03-28,1629,2363,33,2020-04-12,1,Defective
54407,2019-02-02,1059,575,89,2019-02-27,1,Changed Mind
73427,2022-10-14,577,3242,37,2022-10-19,1,Defective
82562,2023-04-18,58,1819,11,2023-04-21,1,Changed Mind
21739,2019-02-18,354,2832,30,2019-03-11,1,Changed Mind
60419,2022-05-30,330,3577,84,2022-06-04,1,Wrong Item
7634,2023-12-27,1335,1699,99,2024-01-24,1,Wrong Item
80761,2020-02-20,1841,3442,98,2020-03-14,1,Defective
9933,2022-04-24,1005,1717,86,2022-04-28,1,Changed Mind
77614,2022-10-05,1608,4966,80,2022-10-19,1,Changed Mind
90894,2022-12-01,1124,3646,6,2022-12-23,1,Wrong Item
57513,2021-08-10,911,106,50,2021-08-11,1,Defective
98073,2023-02-03,1854,4436,11,2023-03-04,1,Changed Mind
53337,2019-06-24,1619,4775,74,2019-07-05,1,Wrong Item
91372,2023-07-28,1748,1877,89,2023-08-23,1,Changed Mind
18906,2020-02-14,759,2399,98,2020-03-11,1,Defective
9159,2019-04-30,601,4689,93,2019-05-19,1,Defective
96308,2021-07-24,1847,2147,53,2021-08-09,1,Defective
29901,2019-02-04,979,1667,42,2019-02-12,1,Defective
8559,2019-05-15,188,4830,9,2019-05-17,1,Wrong Item
21930,2022-09-28,844,2753,89,2022-10-26,1,Defective
25075,2019-04-21,520,3131,1,2019-04-23,1,Changed Mind
6444,2020-07-24,274,4517,15,2020-08-21,1,Changed Mind
15876,2020-11-09,1791,913,61,2020-11-26,1,Wrong Item
54156,2020-10-10,147,1680,28,2020-10-24,1,Wrong Item
27265,2019-10-07,724,229,58,2019-10-16,1,Wrong Item
1593,2023-04-21,1960,3922,35,2023-04-26,1,Wrong Item
77106,2019-10-26,840,4417,74,2019-11-11,1,Changed Mind
36704,2023-06-26,332,1015,46,2023-07-17,1,Defective
72398,2021-07-13,727,4336,85,2021-07-20,1,Wrong Item
21823,2020-07-28,902,2808,23,2020-07-30,1,Defective
64574,2023-05-29,1414,2625,23,2023-06-18,1,Wrong Item
93633,2020-11-26,1214,3295,14,2020-12-11,1,Wrong Item
12828,2019-10-19,1832,535,64,2019-11-09,1,Wrong Item
16843,2021-07-12,1999,2528,5,2021-07-29,1,Changed Mind
88361,2023-09-04,327,2793,16,2023-09-16,1,Changed Mind
29027,2019-01-25,1182,4439,13,2019-02-05,1,Wrong Item
39488,2023-09-10,690,126,77,2023-10-01,1,Defective
98368,2021-09-14,359,3428,76,2021-10-11,1,Wrong Item
33625,2023-01-27,1235,3392,29,2023-02-25,1,Changed Mind
83916,2019-05-16,1120,1157,8,2019-06-13,1,Wrong Item
74562,2022-09-13,1941,1147,85,2022-10-05,1,Defective
43301,2023-02-11,1061,2630,35,2023-02-18,1,Wrong Item
83847,2019-01-22,296,3891,12,2019-02-09,1,Wrong Item
51389,2022-10-30,1645,2224,67,2022-11-14,1,Wrong Item
94557,2021-03-26,133,4805,18,2021-04-24,1,Wrong Item
57722,2023-11-15,279,369,78,2023-11-29,1,Wrong Item
51719,2020-07-05,1027,502,46,2020-07-06,1,Changed Mind
13042,2021-01-06,1927,4447,44,2021-02-03,1,Wrong Item
95610,2023-03-17,1701,4370,93,2023-03-26,1,Defective
2789,2023-05-13,1044,3382,63,2023-06-11,1,Wrong Item
68241,2023-01-02,1767,1237,39,2023-01-24,1,Wrong Item
88238,2019-03-22,1166,3516,48,2019-04-17,1,Wrong Item
2358,2020-11-07,1137,3807,89,2020-11-15,1,Wrong Item
40624,2023-12-27,233,4064,36,2024-01-01,1,Wrong Item
60637,2022-01-09,796,4136,68,2022-01-13,1,Wrong Item
6371,2020-09-15,1972,4150,74,2020-10-11,1,Defective
63559,2020-04-18,609,4932,81,2020-04-25,1,Defective
41551,2022-04-10,521,1920,9,2022-04-13,1,Defective
48977,2023-08-17,964,2010,62,2023-08-23,1,Defective
59010,2022-07-16,181,508,79,2022-07-29,1,Wrong Item
39345,2023-03-31,64,2037,14,2023-04-16,1,Defective
79433,2023-06-19,1849,1565,66,2023-07-16,1,Defective
94765,2020-03-08,246,4239,24,2020-03-30,1,Wrong Item
71293,2021-07-24,1537,543,5,2021-08-06,1,Changed Mind
12277,2023-04-25,743,1325,55,2023-05-10,1,Defective
4422,2021-01-24,1453,3364,35,2021-02-01,1,Defective
54404,2022-06-09,1712,945,87,2022-06-28,1,Changed Mind
86317,2022-07-03,1291,809,53,2022-07-22,1,Defective
19497,2021-12-21,492,1223,73,2022-01-07,1,Defective
44932,2021-09-24,289,1242,24,2021-10-03,1,Defective
87780,2019-02-24,1507,702,57,2019-03-15,1,Defective
15808,2023-06-24,601,342,13,2023-06-27,1,Changed Mind
40570,2022-12-16,417,4537,50,2022-12-26,1,Changed Mind
2126,2023-12-12,732,3307,15,2024-01-06,1,Defective
55371,2019-10-31,739,2001,97,2019-11-13,1,Wrong Item
92931,2023-12-19,1704,2105,24,2023-12-21,1,Wrong Item
9978,2019-07-13,1298,1050,51,2019-08-04,1,Wrong Item
95099,2019-03-27,462,3544,52,2019-04-19,1,Defective
32885,2021-10-31,800,2706,19,2021-11-02,1,Changed Mind
65904,2021-07-20,1416,2126,52,2021-07-26,1,Changed Mind
7647,2023-07-07,863,4037,63,2023-08-01,1,Defective
30785,2022-10-02,70,3171,26,2022-10-31,1,Changed Mind
39437,2021-03-15,863,444,56,2021-04-11,1,Wrong Item
72297,2023-10-15,1906,3582,34,2023-10-27,1,Changed Mind
1023,2020-02-10,500,1438,75,2020-02-27,1,Defective
43207,2019-10-28,416,3494,100,2019-11-18,1,Wrong Item
57183,2019-06-06,1900,3966,6,2019-06-12,1,Changed Mind
35246,2019-05-02,37,1837,2,2019-05-15,1,Wrong Item
56099,2021-12-22,161,1109,15,2022-01-10,1,Wrong Item
22079,2020-10-21,1120,3638,5,2020-10-29,1,Wrong Item
28810,2023-07-11,940,3964,14,2023-07-12,1,Changed Mind
91943,2020-10-06,375,1520,41,2020-10-27,1,Defective
24188,2020-10-27,1775,3233,63,2020-11-01,1,Wrong Item
67690,2022-06-24,345,1550,5,2022-07-05,1,Wrong Item
16931,2021-08-18,404,4868,34,2021-09-12,1,Wrong Item
97581,2020-01-05,1086,2105,9,2020-01-15,1,Wrong Item
78141,2021-12-06,136,1797,36,2021-12-20,1,Defective
60990,2021-06-24,1219,265,36,2021-07-20,1,Defective
52921,2022-09-19,1579,482,84,2022-10-18,1,Wrong Item
62265,2020-11-15,10,1444,5,2020-12-13,1,Defective
29178,2023-01-19,1777,3192,33,2023-01-22,1,Defective
25869,2022-03-08,1773,1488,80,2022-03-31,1,Defective
924,2023-04-21,337,3086,63,2023-04-29,1,Defective
23121,2023-02-08,582,3857,77,2023-02-15,1,Changed Mind
67432,2022-05-25,851,4144,77,2022-06-16,1,Changed Mind
53718,2021-07-10,739,4206,52,2021-07-28,1,Wrong Item
57124,2019-12-14,37,686,50,2020-01-09,1,Changed Mind
3320,2019-12-17,1312,2987,18,2020-01-11,1,Wrong Item
13620,2019-08-05,1386,1864,53,2019-08-07,1,Wrong Item
79229,2022-02-04,267,2230,13,2022-02-10,1,Wrong Item
70109,2022-06-10,106,3897,66,2022-06-15,1,Defective
95348,2021-03-18,1898,330,1,2021-04-15,1,Wrong Item
57579,2021-08-12,895,4246,85,2021-09-08,1,Defective
12683,2022-06-18,1342,2779,16,2022-07-11,1,Changed Mind
80795,2019-01-27,403,912,25,2019-01-31,1,Changed Mind
71950,2022-05-29,1231,1507,20,2022-06-17,1,Changed Mind
46664,2021-03-01,309,4533,58,2021-03-05,1,Defective
95064,2021-01-04,1751,2072,70,2021-01-29,1,Defective
86698,2021-02-02,548,1774,27,2021-02-16,1,Wrong Item
78050,2023-06-22,179,4865,57,2023-07-01,1,Defective
49792,2022-09-18,324,1158,62,2022-09-29,1,Changed Mind
99280,2023-06-08,1002,4307,57,2023-06-16,1,Defective
1044,2020-06-08,1392,584,48,2020-07-06,1,Changed Mind
65917,2020-11-13,932,4582,96,2020-11-17,1,Changed Mind
9210,2023-11-16,1615,1524,73,2023-12-08,1,Changed Mind
24904,2021-12-05,892,2736,20,2022-01-01,1,Defective
42124,2019-03-18,994,4819,6,2019-04-07,1,Wrong Item
12482,2021-12-11,1226,598,3,2021-12-15,1,Wrong Item
34403,2023-05-29,784,3187,7,2023-06-24,1,Wrong Item
27718,2021-05-10,1014,1089,83,2021-05-24,1,Changed Mind
26633,2019-04-30,1644,2486,46,2019-05-23,1,Wrong Item
84683,2021-11-12,608,3760,50,2021-11-15,1,Changed Mind
27177,2019-02-01,1076,3604,18,2019-02-19,1,Defective
5048,2022-11-22,1951,267,18,2022-12-09,1,Changed Mind
83844,2020-05-30,1725,1812,49,2020-06-08,1,Defective
11200,2023-06-20,427,1956,58,2023-06-23,1,Changed Mind
34653,2019-01-30,76,2208,70,2019-02-08,1,Wrong Item
18608,2019-02-11,1676,3869,49,2019-02-25,1,Wrong Item
55118,2021-02-08,344,4327,26,2021-03-05,1,Defective
9559,2021-06-26,1682,1412,95,2021-07-04,1,Wrong Item
51202,2020-02-24,686,4997,91,2020-03-15,1,Wrong Item
83470,2019-04-18,1844,4342,37,2019-05-04,1,Wrong Item
52118,2021-06-18,1064,3012,44,2021-07-07,1,Defective
7032,2022-10-31,1214,2011,90,2022-11-18,1,Defective
26895,2020-06-21,425,4189,48,2020-07-19,1,Defective
26941,2020-01-24,619,2217,2,2020-01-26,1,Defective
64421,2022-01-19,1558,519,54,2022-02-01,1,Wrong Item
76996,2020-04-10,86,3719,21,2020-04-14,1,Defective
19136,2019-11-22,202,1014,85,2019-12-13,1,Changed Mind
18249,2021-05-03,1314,1356,22,2021-05-25,1,Changed Mind
27184,2020-12-16,62,966,65,2021-01-11,1,Wrong Item
14903,2022-07-22,1360,2033,89,2022-07-27,1,Changed Mind
71378,2022-08-28,769,3922,33,2022-09-22,1,Wrong Item
79836,2020-01-14,1335,1494,54,2020-02-06,1,Changed Mind
25470,2023-03-05,55,4901,39,2023-03-06,1,Wrong Item
66476,2021-12-06,840,1081,93,2022-01-02,1,Changed Mind
47006,2019-03-11,949,4698,44,2019-04-02,1,Defective
54247,2019-07-01,170,1939,11,2019-07-24,1,Changed Mind
60847,2022-04-23,1982,2447,47,2022-04-25,1,Wrong Item
69210,2022-11-23,1390,237,74,2022-11-26,1,Wrong Item
89716,2019-05-02,1626,2141,22,2019-05-26,1,Wrong Item
68376,2023-04-17,1350,1240,43,2023-05-15,1,Defective
45498,2023-05-16,740,3525,39,2023-05-19,1,Wrong Item
46089,2023-05-27,548,2842,14,2023-06-10,1,Wrong Item
59916,2022-09-15,30,2067,41,2022-10-08,1,Defective
85693,2022-12-20,601,1905,35,2023-01-10,1,Changed Mind
71580,2021-12-27,1391,4794,94,2022-01-05,1,Defective
44197,2021-01-23,586,275,96,2021-01-28,1,Defective
78245,2023-11-22,1648,4991,76,2023-11-24,1,Defective
73098,2022-11-20,458,2443,75,2022-12-06,1,Defective
15939,2022-09-12,1211,2420,7,2022-09-17,1,Defective
21287,2020-03-04,957,3483,49,2020-03-08,1,Wrong Item
18108,2021-06-14,424,78,45,2021-07-09,1,Changed Mind
43698,2021-05-02,1963,2296,71,2021-05-04,1,Defective
52326,2020-02-11,1811,4984,85,2020-02-24,1,Defective
36169,2019-07-15,206,2919,27,2019-08-07,1,Changed Mind
86938,2020-06-14,321,419,81,2020-06-26,1,Defective
8777,2021-07-17,1479,3612,14,2021-08-07,1,Wrong Item
93869,2022-06-07,1070,189,45,2022-06-28,1,Changed Mind
30849,2022-08-02,1034,586,38,2022-08-06,1,Defective
3031,2019-09-19,807,2504,91,2019-09-29,1,Defective
87391,2019-12-02,1503,4916,26,2019-12-06,1,Changed Mind
33472,2021-04-14,672,2616,64,2021-05-10,1,Defective
35013,2021-06-01,1093,4012,83,2021-06-12,1,Defective
35193,2020-07-25,977,2529,10,2020-07-30,1,Changed Mind
26065,2019-12-04,1247,471,25,2019-12-26,1,Defective
93531,2022-11-26,1682,4673,72,2022-12-18,1,Defective
10217,2020-01-10,1241,3014,49,2020-01-31,1,Changed Mind
43600,2019-04-07,1759,413,87,2019-05-03,1,Defective
68778,2019-07-18,1558,4833,26,2019-07-22,1,Defective
86133,2020-09-19,604,46,62,2020-09-21,1,Changed Mind
85873,2020-08-21,1907,418,11,2020-09-17,1,Wrong Item
95751,2023-02-22,1348,4890,79,2023-03-03,1,Defective
68930,2019-05-20,309,1903,34,2019-05-22,1,Changed Mind
34725,2022-05-04,1478,3897,75,2022-05-06,1,Defective
14337,2023-06-02,1160,3332,65,2023-06-22,1,Defective
5039,2022-01-11,1178,2834,87,2022-01-26,1,Defective
97965,2022-01-09,1493,1014,61,2022-01-13,1,Defective
42538,2023-03-27,1245,537,8,2023-04-11,1,Wrong Item
14002,2019-04-12,1843,2642,62,2019-05-11,1,Defective
72773,2020-12-03,669,3641,44,2020-12-11,1,Wrong Item
36505,2023-06-27,1565,1294,60,2023-07-08,1,Changed Mind
70408,2021-03-01,643,543,27,2021-03-13,1,Defective
64000,2019-10-16,793,1125,92,2019-10-22,1,Defective
51877,2023-07-15,1482,1427,78,2023-08-06,1,Wrong Item
27059,2022-05-29,842,641,45,2022-05-30,1,Changed Mind
2955,2020-01-29,425,2945,32,2020-02-26,1,Defective
7706,2020-10-08,1651,2370,14,2020-10-17,1,Changed Mind
778,2019-03-13,1496,1873,54,2019-04-11,1,Defective
65347,2019-01-25,713,4060,27,2019-02-09,1,Wrong Item
81696,2023-08-08,632,501,43,2023-08-30,1,Wrong Item
90314,2023-01-10,328,4759,76,2023-02-08,1,Wrong Item
74119,2023-12-16,771,3713,56,2024-01-14,1,Defective
5999,2023-01-10,1561,2187,77,2023-01-13,1,Changed Mind
42475,2021-04-09,8,3432,88,2021-04-14,1,Wrong Item
14503,2019-09-07,1014,3612,66,2019-09-16,1,Changed Mind
65005,2019-05-19,1242,3887,48,2019-06-02,1,Defective
24805,2019-11-24,827,2373,47,2019-11-26,1,Changed Mind
3048,2021-09-04,547,745,17,2021-09-14,1,Defective
69792,2023-11-20,1429,2790,57,2023-11-25,1,Changed Mind
99465,2019-03-06,1292,3599,78,2019-03-10,1,Wrong Item
4273,2023-08-15,418,2111,23,2023-08-25,1,Defective
55227,2021-02-17,1100,2997,67,2021-02-21,1,Defective
35148,2020-06-22,944,1509,35,2020-07-19,1,Changed Mind
3657,2022-04-14,439,92,46,2022-05-02,1,Wrong Item
40715,2023-12-09,1914,274,80,2023-12-24,1,Defective
43298,2020-04-01,928,1669,77,2020-04-07,1,Defective
66069,2019-04-04,389,1498,91,2019-04-17,1,Defective
31940,2021-11-29,1998,2248,34,2021-12-14,1,Changed Mind
22224,2021-11-10,300,347,88,2021-12-02,1,Defective
13423,2022-10-22,963,1988,68,2022-11-03,1,Changed Mind
38078,2020-06-18,419,353,83,2020-06-26,1,Wrong Item
46077,2022-11-21,952,2100,36,2022-12-12,1,Changed Mind
52562,2022-06-20,241,4885,56,2022-06-23,1,Defective
18714,2019-02-06,1213,4853,83,2019-02-23,1,Changed Mind
82151,2019-04-23,1509,1161,15,2019-05-17,1,Changed Mind
11097,2023-06-18,727,922,87,2023-07-14,1,Wrong Item
96940,2020-10-03,1897,4114,57,2020-10-09,1,Wrong Item
27262,2023-06-21,430,3357,85,2023-07-05,1,Changed Mind
35153,2019-12-26,1832,4493,73,2020-01-03,1,Changed Mind
82057,2021-01-07,1877,3603,38,2021-02-01,1,Changed Mind
44316,2019-12-10,733,4189,86,2019-12-12,1,Defective
51410,2019-12-19,192,3839,87,2020-01-17,1,Defective
62259,2021-06-28,1382,4076,67,2021-06-30,1,Changed Mind
28031,2023-03-04,1370,4734,56,2023-03-17,1,Wrong Item
19084,2020-12-02,1771,1239,77,2020-12-31,1,Defective
59111,2020-09-30,937,4345,26,2020-10-14,1,Defective
62670,2021-10-13,231,4723,11,2021-10-23,1,Defective
44365,2019-02-28,320,701,73,2019-03-22,1,Wrong Item
16847,2019-04-18,178,1110,41,2019-04-21,1,Wrong Item
53993,2020-03-10,1269,1459,66,2020-03-13,1,Defective
79139,2023-03-02,1063,4372,74,2023-03-15,1,Changed Mind
48550,2020-10-19,507,315,19,2020-11-08,1,Changed Mind
27079,2019-04-05,895,3932,26,2019-04-27,1,Changed Mind
37487,2019-11-20,963,3432,17,2019-11-21,1,Changed Mind
57719,2020-07-06,393,3900,84,2020-07-22,1,Changed Mind
44599,2023-03-14,1503,4277,52,2023-03-30,1,Wrong Item
93832,2019-12-23,1450,4729,18,2020-01-08,1,Wrong Item
79822,2021-06-30,1513,3261,28,2021-07-12,1,Changed Mind
26781,2019-08-23,716,181,4,2019-09-07,1,Wrong Item
16084,2023-05-02,1923,153,1,2023-05-11,1,Defective
65693,2020-05-18,718,2060,9,2020-06-10,1,Changed Mind
68628,2020-04-06,906,4862,65,2020-05-01,1,Defective
37572,2021-07-17,318,3630,16,2021-07-20,1,Changed Mind
56661,2021-10-10,1194,1736,36,2021-10-16,1,Wrong Item
57961,2020-05-23,1640,3746,30,2020-06-18,1,Wrong Item
28079,2022-09-04,541,2233,36,2022-09-05,1,Wrong Item
3435,2020-02-24,814,3255,73,2020-03-05,1,Changed Mind
77069,2022-06-18,174,3322,99,2022-07-15,1,Changed Mind
1123,2022-12-03,1595,784,41,2022-12-15,1,Defective
53309,2020-09-25,985,2944,86,2020-10-02,1,Defective
3905,2021-05-19,1772,3643,40,2021-06-11,1,Wrong Item
98681,2022-09-24,1338,4218,55,2022-10-16,1,Wrong Item
87915,2020-12-16,1823,2076,60,2021-01-04,1,Wrong Item
23603,2019-05-17,1728,2585,33,2019-06-15,1,Wrong Item
47167,2019-05-16,1274,2777,4,2019-06-10,1,Wrong Item
30161,2019-12-28,1098,3298,76,2020-01-10,1,Wrong Item
94314,2021-08-03,1259,2169,3,2021-08-23,1,Wrong Item
36859,2020-01-15,1327,2743,54,2020-02-01,1,Defective
81795,2019-01-04,141,4238,11,2019-01-18,1,Changed Mind
99395,2019-06-10,1025,4834,80,2019-07-07,1,Wrong Item
81947,2022-02-15,1485,2270,60,2022-03-01,1,Defective
50034,2021-02-10,421,1564,6,2021-03-08,1,Defective
48882,2023-07-24,1908,1894,91,2023-08-01,1,Changed Mind
25330,2022-11-07,751,2475,97,2022-11-28,1,Changed Mind
5041,2020-07-03,1388,1310,88,2020-07-04,1,Wrong Item
95671,2023-06-14,455,3296,36,2023-07-12,1,Wrong Item
94907,2020-10-28,1852,2523,62,2020-11-10,1,Wrong Item
96736,2019-04-08,492,3379,71,2019-04-18,1,Changed Mind
77984,2020-03-07,565,4953,54,2020-03-12,1,Defective
28145,2019-09-22,460,1138,27,2019-10-10,1,Wrong Item
56020,2023-11-07,1375,125,59,2023-11-19,1,Wrong Item
84260,2020-04-10,1744,4839,42,2020-04-14,1,Defective
61700,2021-10-24,888,3739,79,2021-11-01,1,Changed Mind
81287,2021-07-19,421,635,88,2021-07-23,1,Defective
88811,2021-03-07,630,4541,93,2021-03-13,1,Defective
92878,2021-10-20,723,3291,90,2021-11-10,1,Changed Mind
96707,2022-02-09,1388,3408,59,2022-02-18,1,Wrong Item
74974,2021-03-25,691,2682,98,2021-04-12,1,Wrong Item
25120,2021-01-22,537,2315,31,2021-01-29,1,Defective
9024,2022-09-18,68,3154,50,2022-09-28,1,Changed Mind
39241,2019-12-17,1401,4376,52,2020-01-03,1,Changed Mind
85256,2023-10-03,1054,3519,56,2023-10-11,1,Changed Mind
79168,2023-10-04,1418,1391,54,2023-10-08,1,Changed Mind
14487,2022-04-01,610,27,41,2022-04-16,1,Changed Mind
41323,2022-10-09,1694,4366,36,2022-10-11,1,Wrong Item
90602,2020-07-02,1036,4790,40,2020-07-06,1,Wrong Item
4080,2022-02-04,1627,4393,13,2022-02-15,1,Changed Mind
95160,2021-11-08,229,67,23,2021-11-25,1,Defective
84793,2021-04-19,957,1048,27,2021-04-30,1,Defective
73900,2021-05-21,1138,1266,32,2021-06-18,1,Defective
90692,2019-09-15,1225,49,4,2019-09-22,1,Changed Mind
46080,2023-02-11,346,2957,20,2023-02-16,1,Wrong Item
61650,2022-05-02,74,3252,43,2022-05-04,1,Changed Mind
73959,2023-01-01,1993,883,16,2023-01-26,1,Defective
5390,2021-03-07,619,4002,8,2021-04-03,1,Changed Mind
42224,2022-02-21,1433,3524,2,2022-03-03,1,Wrong Item
7068,2022-08-12,1315,555,58,2022-08-16,1,Changed Mind
71162,2019-09-30,1971,4514,26,2019-10-05,1,Wrong Item
50715,2021-06-15,1787,1090,16,2021-07-12,1,Changed Mind
58204,2020-08-12,476,1454,23,2020-08-29,1,Wrong Item
50507,2023-11-22,933,582,57,2023-12-12,1,Changed Mind
20195,2020-05-28,1600,2796,85,2020-06-02,1,Defective
98977,2019-02-15,41,2828,8,2019-02-19,1,Changed Mind
99273,2023-05-04,1204,1988,44,2023-05-27,1,Changed Mind
4892,2023-08-06,717,3325,56,2023-08-11,1,Changed Mind
934,2021-06-14,365,3011,58,2021-06-29,1,Defective
70335,2019-02-12,1573,1038,63,2019-02-28,1,Defective
69398,2023-11-01,1924,1043,81,2023-11-15,1,Defective
31945,2023-01-03,1584,789,100,2023-01-20,1,Changed Mind
64123,2022-08-04,1471,4077,99,2022-08-19,1,Wrong Item
62529,2022-03-20,1252,1329,56,2022-04-04,1,Changed Mind
66594,2020-08-01,339,3555,21,2020-08-22,1,Changed Mind
19265,2023-01-08,811,49,37,2023-02-02,1,Defective
74121,2020-01-03,760,2787,23,2020-01-05,1,Defective
85979,2019-03-24,1640,2902,1,2019-04-04,1,Wrong Item
84734,2023-12-23,194,2283,40,2024-01-21,1,Defective
75301,2020-06-06,890,1301,54,2020-06-17,1,Wrong Item
85275,2022-01-16,1749,4370,29,2022-02-03,1,Changed Mind
21157,2021-08-26,198,4423,16,2021-09-10,1,Wrong Item
99783,2022-03-11,1856,1340,42,2022-03-27,1,Changed Mind
8290,2023-11-23,1843,4354,9,2023-11-26,1,Wrong Item
30865,2020-07-19,66,2235,67,2020-08-15,1,Defective
97792,2020-11-06,1170,1755,65,2020-12-03,1,Wrong Item
58931,2023-07-01,247,2162,56,2023-07-16,1,Wrong Item
78696,2021-08-14,434,954,6,2021-08-17,1,Wrong Item
98276,2019-06-27,706,3207,96,2019-07-26,1,Wrong Item
5800,2020-11-05,1782,4846,14,2020-11-24,1,Wrong Item
76875,2020-07-12,1421,1672,92,2020-07-27,1,Changed Mind
73619,2022-07-06,412,3859,37,2022-08-01,1,Wrong Item
21946,2020-10-04,623,831,41,2020-10-25,1,Changed Mind
30920,2023-02-14,1153,785,78,2023-03-15,1,Wrong Item
18882,2019-02-22,144,4186,6,2019-02-28,1,Wrong Item
73112,2022-11-19,1045,3080,39,2022-12-09,1,Defective
57102,2021-06-28,1174,989,2,2021-07-17,1,Changed Mind
13155,2020-06-30,345,4528,92,2020-07-12,1,Wrong Item
87578,2022-12-30,224,908,8,2023-01-09,1,Changed Mind
88232,2020-05-23,759,2396,83,2020-06-10,1,Defective
97727,2021-01-11,820,2109,31,2021-01-17,1,Changed Mind
63894,2023-12-26,1865,4431,1,2024-01-17,1,Changed Mind
71404,2019-09-04,540,4677,72,2019-09-09,1,Changed Mind
78220,2020-05-16,1603,3659,9,2020-05-21,1,Changed Mind
87560,2019-09-15,558,2179,77,2019-09-18,1,Wrong Item
23964,2023-03-30,727,4493,31,2023-04-01,1,Changed Mind
71926,2022-10-10,1447,2691,43,2022-11-02,1,Defective
78995,2023-10-20,541,483,65,2023-10-29,1,Defective
19646,2021-12-02,290,843,57,2021-12-18,1,Wrong Item
67587,2023-04-11,99,1122,98,2023-04-17,1,Defective
92414,2020-02-12,1084,3191,50,2020-03-05,1,Changed Mind
9106,2023-11-06,384,2812,12,2023-12-01,1,Defective
11467,2023-11-24,814,602,45,2023-12-12,1,Defective
83198,2023-12-07,673,712,26,2023-12-24,1,Defective
51896,2021-06-02,724,2548,25,2021-06-15,1,Wrong Item
20154,2020-10-09,615,1896,69,2020-10-18,1,Changed Mind
38712,2022-08-28,405,1465,39,2022-09-23,1,Wrong Item
84038,2023-04-21,1331,2743,8,2023-05-02,1,Wrong Item
85143,2021-12-26,1306,1687,63,2022-01-07,1,Defective
94397,2019-01-18,1775,3450,50,2019-02-06,1,Changed Mind
11835,2022-11-21,699,151,24,2022-11-24,1,Wrong Item
53516,2020-07-21,1770,3583,14,2020-08-15,1,Changed Mind
72691,2020-01-23,299,3194,94,2020-02-02,1,Wrong Item
54017,2021-06-06,87,4721,29,2021-07-05,1,Wrong Item
84710,2022-03-13,561,2702,66,2022-03-21,1,Changed Mind
28324,2020-09-18,831,4706,13,2020-09-27,1,Defective
38125,2020-05-23,1278,2962,52,2020-06-15,1,Defective
94766,2023-08-28,20,4204,98,2023-09-15,1,Changed Mind
99356,2021-01-25,1470,593,96,2021-01-30,1,Wrong Item
75435,2020-12-24,1289,4186,36,2021-01-11,1,Wrong Item
44099,2019-02-22,936,4538,47,2019-02-27,1,Wrong Item
36194,2023-07-05,1989,3711,54,2023-08-03,1,Wrong Item
54668,2022-06-14,225,4699,40,2022-07-04,1,Defective
56597,2020-05-21,1513,3677,68,2020-06-19,1,Changed Mind
47543,2019-11-21,343,462,83,2019-12-15,1,Wrong Item
9621,2022-05-08,759,4736,18,2022-05-11,1,Defective
2321,2020-08-13,1643,1250,49,2020-08-15,1,Defective
34864,2019-07-24,657,1320,67,2019-08-09,1,Wrong Item
77447,2023-08-03,1620,1918,50,2023-08-15,1,Defective
3183,2020-11-03,592,4378,42,2020-11-18,1,Changed Mind
20264,2023-12-08,1060,222,59,2023-12-26,1,Wrong Item
91238,2020-01-15,1645,3093,42,2020-01-31,1,Wrong Item
44613,2021-05-14,1186,4410,63,2021-05-31,1,Defective
56541,2023-02-15,631,3898,42,2023-02-23,1,Changed Mind
85861,2021-09-14,335,4570,99,2021-10-09,1,Defective
29945,2021-04-20,488,4496,65,2021-05-11,1,Changed Mind
14897,2022-03-15,322,1946,11,2022-03-24,1,Changed Mind
4104,2023-09-27,1155,4872,8,2023-10-18,1,Wrong Item
9509,2019-07-15,243,4210,63,2019-08-05,1,Wrong Item
98914,2021-11-12,133,2151,52,2021-12-08,1,Defective
88045,2021-07-30,590,1165,11,2021-08-17,1,Defective
36598,2023-03-16,173,1778,87,2023-03-22,1,Changed Mind
26704,2023-11-08,1160,2311,37,2023-11-16,1,Wrong Item
57380,2020-07-27,1042,3959,48,2020-08-04,1,Wrong Item
23229,2020-12-07,1516,4422,77,2021-01-03,1,Wrong Item
52095,2020-08-29,1576,4969,15,2020-09-03,1,Changed Mind
47668,2021-10-28,1821,1418,34,2021-11-22,1,Wrong Item
33309,2022-01-30,1831,4540,6,2022-02-04,1,Changed Mind
76501,2023-07-18,623,1910,66,2023-08-14,1,Wrong Item
71553,2022-12-05,1021,2994,90,2022-12-07,1,Defective
22933,2023-12-04,1398,1739,9,2023-12-30,1,Defective
77434,2022-08-17,160,4492,82,2022-08-26,1,Wrong Item
7951,2020-08-22,1041,947,85,2020-09-09,1,Changed Mind
90553,2019-01-23,853,2283,68,2019-01-31,1,Wrong Item
17426,2023-08-21,843,929,27,2023-09-18,1,Wrong Item
43218,2022-02-24,145,4045,59,2022-03-19,1,Changed Mind
62940,2021-06-02,555,3939,40,2021-06-10,1,Defective
87531,2021-08-08,1613,3194,29,2021-08-12,1,Defective
52716,2023-04-28,1679,3569,26,2023-05-16,1,Defective
54553,2021-11-07,661,997,22,2021-12-04,1,Wrong Item
95158,2023-12-09,16,1719,63,2023-12-17,1,Defective
26330,2019-05-01,1609,4974,42,2019-05-23,1,Changed Mind
85684,2021-04-15,1365,4895,9,2021-04-19,1,Defective
9123,2020-04-23,1407,1221,18,2020-04-30,1,Changed Mind
47723,2022-11-30,1670,2566,85,2022-12-13,1,Wrong Item
27284,2020-02-20,411,3742,6,2020-02-21,1,Wrong Item
94491,2023-05-13,580,4555,51,2023-05-20,1,Changed Mind
63952,2019-10-29,1489,534,38,2019-11-04,1,Defective
8666,2020-03-16,998,500,79,2020-03-26,1,Defective
71110,2020-07-08,1362,4894,84,2020-07-15,1,Defective
40269,2020-10-07,1364,2596,19,2020-10-20,1,Wrong Item
84694,2022-08-13,1524,2047,51,2022-09-03,1,Wrong Item
51850,2021-02-28,498,1626,79,2021-03-05,1,Wrong Item
68993,2023-01-13,454,3033,27,2023-01-23,1,Changed Mind
20951,2022-12-31,1248,1046,92,2023-01-28,1,Changed Mind
6319,2023-08-11,547,2184,31,2023-09-02,1,Wrong Item
275,2019-04-17,889,2303,3,2019-05-16,1,Changed Mind
44938,2022-07-29,789,4744,92,2022-08-25,1,Changed Mind
58636,2022-04-01,1818,2259,95,2022-04-02,1,Wrong Item
77600,2021-03-21,680,3683,51,2021-04-05,1,Wrong Item
31250,2019-10-29,562,2578,44,2019-11-12,1,Wrong Item
6579,2023-08-01,1737,260,87,2023-08-14,1,Changed Mind
1871,2023-12-12,1411,2036,42,2023-12-27,1,Defective
42107,2019-07-13,824,4981,6,2019-08-07,1,Changed Mind
633,2019-05-12,811,1717,9,2019-05-26,1,Changed Mind
44797,2023-11-05,219,4198,2,2023-11-21,1,Defective
27980,2020-04-02,589,4918,11,2020-04-24,1,Changed Mind
22090,2023-12-31,1286,3144,79,2024-01-08,1,Wrong Item
18843,2021-12-08,524,1720,39,2021-12-26,1,Wrong Item
26091,2020-05-01,1718,145,2,2020-05-28,1,Changed Mind
12310,2022-09-22,1777,1998,21,2022-10-20,1,Changed Mind
81341,2020-01-22,770,4840,44,2020-02-01,1,Defective
12061,2023-07-08,66,854,54,2023-07-22,1,Wrong Item
81103,2019-09-14,1758,3776,35,2019-10-05,1,Wrong Item
43958,2021-10-06,1907,2068,78,2021-10-13,1,Changed Mind
52530,2021-01-12,107,3978,44,2021-01-17,1,Wrong Item
30534,2021-12-04,405,528,49,2021-12-26,1,Wrong Item
27457,2020-05-12,1937,3966,50,2020-06-07,1,Wrong Item
41296,2022-10-25,1487,3375,10,2022-11-16,1,Wrong Item
11498,2022-07-11,584,1268,34,2022-08-08,1,Changed Mind
97902,2020-03-30,1417,207,82,2020-04-23,1,Changed Mind
87708,2020-06-12,1844,1056,72,2020-06-15,1,Wrong Item
93388,2019-03-10,515,932,26,2019-03-20,1,Defective
26758,2023-10-18,1291,597,1,2023-10-19,1,Defective
89301,2019-01-30,1758,441,85,2019-02-27,1,Defective
1420,2020-11-15,1687,3930,87,2020-12-03,1,Defective
55537,2023-11-08,1445,4851,45,2023-11-29,1,Wrong Item
40931,2019-04-13,1805,2678,46,2019-05-10,1,Wrong Item
92432,2023-05-09,1747,4461,35,2023-05-13,1,Wrong Item
15534,2020-09-19,1679,3621,68,2020-09-27,1,Changed Mind
28036,2021-10-07,481,2928,92,2021-11-04,1,Changed Mind
55807,2022-06-04,1728,3481,14,2022-07-01,1,Changed Mind
79952,2020-02-11,371,4875,71,2020-03-11,1,Wrong Item
21922,2020-07-04,1270,650,34,2020-07-21,1,Wrong Item
55349,2019-06-15,91,3908,25,2019-06-22,1,Defective
44404,2019-05-25,1186,260,50,2019-06-05,1,Changed Mind
6810,2021-05-03,1273,1155,7,2021-06-01,1,Defective
88375,2019-04-24,1960,1385,99,2019-05-16,1,Wrong Item
17110,2021-08-03,733,3817,13,2021-08-14,1,Wrong Item
11804,2020-06-07,1555,811,52,2020-06-20,1,Wrong Item
50359,2023-12-08,925,2509,99,2024-01-01,1,Defective
22257,2020-11-15,852,4990,99,2020-12-14,1,Wrong Item
78631,2020-06-03,1228,3862,44,2020-06-13,1,Defective
54345,2019-11-11,1470,1857,91,2019-12-01,1,Defective
3581,2023-02-19,182,4252,94,2023-03-20,1,Defective
77478,2022-08-13,1924,4240,26,2022-08-30,1,Defective
53170,2022-03-14,298,2298,85,2022-04-04,1,Wrong Item
4473,2022-09-21,462,2161,24,2022-09-24,1,Changed Mind
11288,2023-10-06,825,1284,25,2023-10-07,1,Wrong Item
94297,2022-06-07,1179,4580,81,2022-06-29,1,Changed Mind
37647,2021-06-21,1833,4405,22,2021-07-15,1,Wrong Item
88215,2022-03-19,1768,891,61,2022-04-12,1,Wrong Item
80995,2022-12-10,1994,4116,31,2022-12-11,1,Changed Mind
74893,2023-12-16,1420,2952,16,2023-12-27,1,Defective
91788,2023-04-12,1696,732,57,2023-04-14,1,Changed Mind
71759,2021-01-14,1228,3842,63,2021-02-01,1,Changed Mind
22989,2022-06-23,996,129,20,2022-06-28,1,Wrong Item
20182,2023-04-09,1669,1624,32,2023-05-08,1,Defective
23945,2020-02-13,1844,2609,84,2020-02-20,1,Wrong Item
29522,2023-02-16,1715,3988,51,2023-02-20,1,Wrong Item
47037,2021-06-14,1052,1299,8,2021-06-20,1,Defective
48858,2019-11-26,1042,4338,88,2019-12-18,1,Defective
27438,2022-07-18,137,1875,74,2022-08-15,1,Defective
1715,2019-03-03,1472,3227,39,2019-03-20,1,Defective
4942,2023-04-01,1169,4952,46,2023-04-30,1,Changed Mind
84510,2023-05-07,1045,528,100,2023-06-01,1,Changed Mind
82629,2021-08-16,1311,2475,54,2021-09-05,1,Defective
39445,2022-05-30,1205,1127,37,2022-06-22,1,Wrong Item
29132,2020-06-04,23,4541,85,2020-06-05,1,Changed Mind
8342,2019-11-29,858,1912,29,2019-12-08,1,Wrong Item
25378,2022-09-23,1053,4773,7,2022-10-10,1,Changed Mind
87380,2020-03-18,670,2021,26,2020-03-25,1,Wrong Item
75099,2019-06-09,1819,4687,97,2019-06-30,1,Wrong Item
82673,2019-06-03,236,4071,85,2019-06-20,1,Wrong Item
30835,2021-06-01,1937,2598,5,2021-06-26,1,Changed Mind
42308,2023-07-24,286,1536,40,2023-08-03,1,Wrong Item
70091,2022-08-05,713,4752,83,2022-08-11,1,Changed Mind
54494,2022-12-27,259,1776,23,2023-01-20,1,Changed Mind
4185,2022-10-15,980,2180,55,2022-11-10,1,Defective
92097,2022-11-10,1191,4978,63,2022-11-27,1,Wrong Item
78839,2020-02-10,429,2044,82,2020-02-12,1,Defective
38110,2020-02-12,144,3957,96,2020-03-05,1,Changed Mind
38267,2022-09-26,1229,1446,59,2022-10-07,1,Wrong Item
467,2021-03-02,819,232,88,2021-03-05,1,Defective
80727,2019-01-14,429,4385,37,2019-02-07,1,Defective
69318,2020-12-31,1956,992,94,2021-01-16,1,Wrong Item
16333,2021-05-07,971,4256,91,2021-05-11,1,Wrong Item
39809,2021-04-20,1970,3569,55,2021-04-29,1,Defective
65343,2022-11-19,1949,1749,87,2022-12-07,1,Changed Mind
12952,2022-12-17,1289,2930,46,2023-01-04,1,Wrong Item
38834,2023-02-20,639,2963,76,2023-02-21,1,Defective
31571,2022-04-16,323,3626,36,2022-05-01,1,Wrong Item
34581,2020-08-18,64,3107,79,2020-08-21,1,Defective
19912,2022-02-16,523,3297,67,2022-03-11,1,Changed Mind
85971,2020-08-03,1492,4073,61,2020-08-07,1,Changed Mind
28367,2019-10-30,641,4338,29,2019-11-15,1,Wrong Item
5717,2019-11-05,1341,1594,74,2019-11-22,1,Changed Mind
35333,2021-11-18,1277,3143,43,2021-12-17,1,Defective
23609,2022-02-27,792,4254,1,2022-03-08,1,Changed Mind
26051,2023-08-09,1282,2132,80,2023-09-04,1,Changed Mind
53039,2022-04-24,369,669,27,2022-05-23,1,Wrong Item
23296,2021-06-01,810,1128,14,2021-06-19,1,Changed Mind
47330,2023-08-19,1210,4122,2,2023-08-20,1,Changed Mind
43717,2020-05-06,1759,4674,2,2020-05-11,1,Defective
7784,2022-11-11,601,1472,40,2022-11-28,1,Changed Mind
42103,2020-03-06,1822,238,100,2020-03-10,1,Wrong Item
35276,2020-03-03,1695,3577,95,2020-03-20,1,Changed Mind
11182,2023-09-18,94,2394,99,2023-10-15,1,Wrong Item
73913,2020-09-09,937,1485,33,2020-09-21,1,Defective
46162,2022-08-14,1470,902,40,2022-08-27,1,Defective
23869,2020-11-24,483,4130,73,2020-12-09,1,Wrong Item
99222,2021-06-07,453,4748,68,2021-06-15,1,Changed Mind
71268,2020-12-12,1943,256,73,2021-01-10,1,Defective
40615,2023-10-14,946,2049,86,2023-10-18,1,Defective
93403,2023-10-22,1095,209,83,2023-11-04,1,Wrong Item
71081,2021-03-03,962,4894,36,2021-03-21,1,Wrong Item
62941,2019-08-10,45,3897,45,2019-08-20,1,Changed Mind
79970,2019-01-21,1315,595,97,2019-02-12,1,Wrong Item
48814,2019-12-23,1421,4182,97,2020-01-19,1,Defective
30401,2022-05-06,760,2289,53,2022-05-29,1,Defective
54171,2019-08-03,251,4693,49,2019-08-05,1,Defective
17806,2019-03-13,1669,1886,30,2019-04-07,1,Changed Mind
7210,2020-07-15,1908,1668,29,2020-08-06,1,Wrong Item
99716,2021-05-11,956,1696,38,2021-05-14,1,Defective
79577,2021-03-22,1108,4341,55,2021-04-11,1,Changed Mind
39302,2023-11-16,1172,4630,77,2023-12-12,1,Wrong Item
29441,2023-09-29,194,2566,30,2023-10-02,1,Defective
22333,2019-03-08,248,3091,96,2019-04-03,1,Defective
94065,2021-03-15,258,1506,15,2021-04-11,1,Changed Mind
44168,2021-06-25,1623,1573,44,2021-07-22,1,Defective
33370,2022-12-02,491,1208,46,2022-12-21,1,Wrong Item
8518,2020-09-21,62,2512,87,2020-10-01,1,Defective
56804,2023-09-05,290,2233,5,2023-09-06,1,Changed Mind
652,2023-09-14,929,2784,13,2023-09-20,1,Changed Mind
34008,2022-08-01,417,1138,48,2022-08-07,1,Wrong Item
39697,2021-07-20,1043,2494,16,2021-08-16,1,Defective
79334,2020-06-03,432,260,88,2020-06-06,1,Changed Mind
25731,2021-07-12,1141,3670,78,2021-08-07,1,Defective
20941,2023-09-01,63,1638,50,2023-09-22,1,Changed Mind
74690,2023-05-23,753,4752,55,2023-06-06,1,Defective
47331,2020-11-26,1935,2554,79,2020-12-05,1,Defective
41306,2022-08-13,245,4381,69,2022-08-25,1,Changed Mind
84738,2022-01-24,430,1293,97,2022-02-07,1,Defective
37546,2023-08-26,441,918,35,2023-09-09,1,Changed Mind
71224,2022-01-03,596,897,49,2022-01-30,1,Defective
15160,2021-06-25,1108,3926,90,2021-06-26,1,Defective
37342,2021-08-30,715,2118,85,2021-09-22,1,Wrong Item
44983,2020-01-24,182,4270,35,2020-02-19,1,Wrong Item
41223,2019-03-14,778,1405,18,2019-03-29,1,Defective
30388,2020-02-18,1914,2521,21,2020-03-14,1,Wrong Item
3787,2020-01-13,335,1545,19,2020-01-27,1,Changed Mind
80882,2019-02-16,1478,1250,100,2019-03-03,1,Wrong Item
32535,2023-09-21,1274,1843,39,2023-10-12,1,Changed Mind
22878,2022-03-09,1,3564,75,2022-03-12,1,Changed Mind
59117,2020-06-30,1158,2982,74,2020-07-29,1,Defective
36658,2019-03-05,623,2930,66,2019-03-27,1,Wrong Item
29675,2020-07-10,1845,3848,5,2020-07-28,1,Wrong Item
77631,2020-06-08,1503,4394,81,2020-07-04,1,Changed Mind
23620,2019-10-10,1059,4306,42,2019-10-27,1,Wrong Item
17712,2022-11-05,615,3618,13,2022-11-29,1,Defective
12903,2021-02-05,863,4981,10,2021-02-20,1,Defective
80625,2020-05-21,1448,2845,79,2020-06-03,1,Wrong Item
93602,2021-12-26,1136,3193,74,2022-01-22,1,Wrong Item
68460,2021-08-02,50,766,52,2021-08-06,1,Wrong Item
71202,2023-04-20,74,3500,53,2023-05-18,1,Defective
84027,2021-10-22,837,2705,86,2021-11-03,1,Changed Mind
76283,2021-04-08,437,3530,53,2021-04-17,1,Wrong Item
86373,2020-06-07,381,4883,1,2020-06-16,1,Wrong Item
75874,2021-03-28,520,1560,27,2021-04-25,1,Changed Mind
42642,2022-07-17,1125,2073,24,2022-08-14,1,Defective
89984,2022-06-11,74,2894,22,2022-06-13,1,Changed Mind
60814,2020-02-21,1896,540,41,2020-03-16,1,Wrong Item
19887,2022-09-12,679,3149,54,2022-09-28,1,Defective
77516,2019-12-26,177,1535,73,2020-01-17,1,Defective
47373,2022-05-07,115,2029,7,2022-05-22,1,Changed Mind
6782,2021-07-21,320,3396,32,2021-08-02,1,Changed Mind
75548,2022-12-21,823,4260,11,2023-01-10,1,Wrong Item
77629,2020-07-07,590,3126,46,2020-07-10,1,Changed Mind
69475,2019-09-16,1589,3351,78,2019-10-02,1,Changed Mind
50115,2021-08-10,874,1556,34,2021-08-17,1,Wrong Item
86542,2020-07-01,97,2190,95,2020-07-19,1,Wrong Item
73760,2022-04-08,431,1439,49,2022-04-10,1,Defective
74723,2022-03-30,791,1340,52,2022-04-19,1,Changed Mind
84216,2020-04-05,1305,1579,35,2020-04-25,1,Defective
93283,2019-06-01,1799,3152,4,2019-06-23,1,Wrong Item
23445,2019-11-16,1910,1085,56,2019-11-24,1,Defective
42612,2019-01-31,1424,1025,93,2019-02-19,1,Defective
65401,2020-07-20,618,3089,90,2020-07-30,1,Defective
18695,2020-08-06,1713,4475,30,2020-08-07,1,Defective
82484,2020-02-07,1662,2903,10,2020-02-18,1,Wrong Item
45373,2021-06-22,1,1295,8,2021-06-26,1,Wrong Item
6212,2020-02-12,654,4643,33,2020-03-01,1,Defective
1349,2019-05-27,15,1036,83,2019-06-03,1,Defective
53826,2020-06-06,1092,4314,14,2020-06-18,1,Changed Mind
27791,2020-09-27,706,4156,17,2020-10-17,1,Defective
10103,2021-06-25,1461,1365,100,2021-07-23,1,Wrong Item
74002,2019-03-09,1396,3728,53,2019-03-26,1,Changed Mind
36515,2022-10-19,178,526,30,2022-10-31,1,Wrong Item
757,2022-04-10,328,1026,62,2022-04-16,1,Wrong Item
60134,2020-12-28,1389,2448,94,2021-01-11,1,Defective
16668,2022-06-08,1867,2190,57,2022-06-21,1,Changed Mind
87958,2021-05-15,1558,2987,68,2021-05-16,1,Defective
22477,2023-08-14,154,1977,80,2023-09-02,1,Defective
52549,2019-09-19,1632,1211,71,2019-10-02,1,Changed Mind
47681,2019-05-12,62,1480,28,2019-06-09,1,Wrong Item
3612,2021-03-23,1787,4522,22,2021-04-02,1,Wrong Item
65354,2021-07-02,182,2074,44,2021-07-15,1,Changed Mind
45945,2022-01-20,642,1972,93,2022-01-25,1,Changed Mind
13074,2020-04-25,72,1163,18,2020-05-04,1,Wrong Item
42062,2019-07-01,1124,4800,96,2019-07-17,1,Defective
94701,2020-12-03,1275,2901,98,2020-12-28,1,Changed Mind
4073,2023-12-15,1467,2932,17,2023-12-25,1,Defective
58846,2019-06-10,409,3555,39,2019-06-20,1,Wrong Item
11057,2021-10-04,1725,4287,25,2021-10-07,1,Wrong Item
40962,2023-12-17,93,4390,69,2024-01-11,1,Defective
99034,2023-03-23,509,536,63,2023-03-26,1,Defective
38027,2020-09-26,28,1845,28,2020-10-21,1,Wrong Item
22388,2020-02-13,7,1932,42,2020-02-14,1,Defective
53660,2020-06-01,1826,3959,29,2020-06-17,1,Wrong Item
50408,2019-09-20,1588,480,69,2019-09-30,1,Defective
71,2019-01-09,1914,1103,25,2019-01-28,1,Wrong Item
82463,2023-07-04,1501,4441,25,2023-07-12,1,Defective
80699,2020-04-12,1293,4272,18,2020-05-11,1,Changed Mind
80971,2019-03-06,1736,3577,95,2019-03-16,1,Changed Mind
46184,2020-06-02,529,4072,7,2020-06-23,1,Changed Mind
86781,2021-12-18,705,3746,21,2022-01-11,1,Changed Mind
29430,2023-03-11,1571,2884,19,2023-03-27,1,Changed Mind
46592,2019-08-17,607,4125,27,2019-09-02,1,Defective
37803,2022-07-07,552,4284,54,2022-07-19,1,Defective
45932,2021-04-04,738,720,95,2021-04-11,1,Defective
23091,2023-04-28,1534,546,52,2023-05-05,1,Changed Mind
82730,2021-03-13,877,4506,66,2021-03-26,1,Defective
85792,2023-02-06,415,547,75,2023-02-22,1,Changed Mind
66677,2022-10-24,790,4028,2,2022-11-10,1,Wrong Item
91061,2022-03-04,1412,843,48,2022-03-16,1,Defective
72381,2020-01-02,21,1434,67,2020-01-15,1,Defective
38875,2019-10-19,1770,4600,86,2019-11-14,1,Defective
77691,2021-03-11,1739,1173,99,2021-03-19,1,Wrong Item
74441,2019-08-11,1847,3370,46,2019-09-07,1,Changed Mind
20658,2023-02-08,615,2883,93,2023-02-19,1,Defective
43510,2022-10-27,435,3426,76,2022-11-04,1,Changed Mind
46782,2022-04-30,1128,2876,22,2022-05-14,1,Changed Mind
81026,2023-08-13,373,3249,89,2023-08-31,1,Defective
44033,2022-03-20,1503,3119,8,2022-03-26,1,Changed Mind
61521,2022-12-27,293,2559,9,2023-01-07,1,Defective
91715,2020-09-22,1178,3659,14,2020-09-27,1,Defective
30622,2022-08-18,1526,2055,79,2022-09-08,1,Defective
16555,2020-02-20,552,3183,78,2020-03-12,1,Changed Mind
16124,2022-11-22,1132,4576,99,2022-11-23,1,Changed Mind
68289,2020-05-24,1202,4864,39,2020-06-17,1,Changed Mind
22725,2021-04-20,254,727,75,2021-05-13,1,Changed Mind
82850,2023-05-01,271,2189,23,2023-05-23,1,Defective
60148,2021-01-27,877,4770,33,2021-02-07,1,Defective
69615,2021-06-03,1539,2900,80,2021-06-25,1,Changed Mind
63183,2022-04-25,1338,4591,8,2022-05-08,1,Wrong Item
73008,2020-01-19,1441,4494,22,2020-02-15,1,Changed Mind
53089,2023-03-31,1104,1361,6,2023-04-27,1,Changed Mind
79198,2022-04-22,33,4038,93,2022-05-14,1,Changed Mind
29537,2019-08-25,678,4839,37,2019-09-08,1,Changed Mind
16132,2020-01-30,1058,2297,87,2020-02-23,1,Changed Mind
64871,2020-10-05,1145,3941,44,2020-10-25,1,Wrong Item
3717,2019-09-12,407,1843,16,2019-09-21,1,Defective
14754,2022-10-03,251,765,49,2022-10-12,1,Defective
71713,2023-11-21,1114,4301,1,2023-12-15,1,Defective
88551,2019-03-10,1295,25,3,2019-03-12,1,Defective
99699,2020-12-16,1547,958,98,2020-12-30,1,Changed Mind
67151,2020-08-27,688,1268,45,2020-09-25,1,Wrong Item
82018,2022-12-04,134,4692,40,2022-12-20,1,Changed Mind
27546,2019-05-17,81,3644,92,2019-06-10,1,Changed Mind
80872,2020-10-17,1080,4878,93,2020-11-11,1,Defective
80252,2021-04-09,559,3353,21,2021-04-17,1,Changed Mind
62650,2021-12-10,1982,3564,43,2022-01-02,1,Changed Mind
60776,2020-10-12,644,4453,35,2020-11-03,1,Changed Mind
7252,2021-03-09,230,3619,26,2021-04-05,1,Changed Mind
37883,2020-12-30,1244,4876,69,2021-01-10,1,Changed Mind
19937,2019-09-15,550,2301,54,2019-09-23,1,Wrong Item
86394,2019-10-01,284,2285,1,2019-10-20,1,Defective
56435,2020-05-01,581,4364,52,2020-05-26,1,Defective
4493,2022-06-01,1279,3358,78,2022-06-10,1,Wrong Item
66387,2022-09-10,1989,3448,69,2022-10-07,1,Defective
35021,2022-02-03,174,4617,23,2022-02-04,1,Changed Mind
50519,2019-04-07,504,1971,49,2019-04-25,1,Wrong Item
71918,2022-09-02,1626,1727,93,2022-09-23,1,Defective
18703,2023-06-13,887,4092,4,2023-06-18,1,Defective
13083,2020-02-23,1439,4052,61,2020-03-04,1,Changed Mind
5670,2020-10-07,441,3409,70,2020-10-12,1,Changed Mind
56039,2020-04-27,1266,489,83,2020-05-20,1,Changed Mind
36570,2021-08-14,1164,4302,90,2021-08-17,1,Changed Mind
1911,2022-09-01,1421,944,55,2022-09-09,1,Defective
63551,2019-12-10,1256,3619,53,2019-12-12,1,Wrong Item
74540,2021-04-23,895,371,9,2021-04-28,1,Wrong Item
40924,2023-06-10,1807,407,11,2023-06-16,1,Defective
68590,2023-09-21,1646,4155,4,2023-10-09,1,Changed Mind
91573,2022-04-03,1149,2355,47,2022-04-12,1,Changed Mind
17972,2020-09-23,1852,2205,8,2020-10-14,1,Defective
94385,2019-06-11,1340,4488,91,2019-06-18,1,Wrong Item
7390,2022-12-09,10,4844,33,2023-01-03,1,Changed Mind
43048,2019-09-15,462,4147,54,2019-09-22,1,Changed Mind
72460,2021-09-11,492,1176,58,2021-09-20,1,Wrong Item
4420,2021-08-11,1950,4226,90,2021-09-09,1,Changed Mind
62333,2019-01-22,1315,1074,20,2019-02-08,1,Defective
24007,2021-05-16,318,4004,55,2021-06-02,1,Wrong Item
20067,2022-03-18,1743,4037,54,2022-04-03,1,Defective
74846,2022-02-10,918,796,25,2022-02-24,1,Wrong Item
37248,2019-02-17,1418,3763,82,2019-02-22,1,Changed Mind
45547,2022-10-13,1117,256,80,2022-10-14,1,Wrong Item
7925,2021-10-27,931,4486,60,2021-11-06,1,Changed Mind
32128,2019-06-06,1886,1047,41,2019-06-17,1,Wrong Item
16399,2020-08-24,86,2670,48,2020-09-08,1,Wrong Item
47111,2022-12-05,210,520,45,2022-12-19,1,Defective
89355,2023-05-05,262,4273,81,2023-05-31,1,Defective
3290,2021-02-09,1281,805,42,2021-02-16,1,Changed Mind
64563,2023-06-09,1256,1308,8,2023-06-25,1,Defective
26893,2023-07-22,1055,4548,44,2023-08-08,1,Defective
2806,2022-09-05,834,741,5,2022-09-29,1,Wrong Item
93219,2019-08-16,425,3883,97,2019-09-14,1,Changed Mind
98933,2022-07-28,169,1456,30,2022-08-04,1,Defective
68251,2020-11-25,1988,3515,39,2020-12-22,1,Changed Mind
20056,2019-04-12,831,875,32,2019-04-22,1,Changed Mind
76530,2019-10-13,391,2264,14,2019-11-08,1,Changed Mind
27773,2019-08-18,1517,3747,91,2019-09-10,1,Wrong Item
13944,2021-04-15,705,3232,66,2021-05-14,1,Defective
64313,2019-05-31,1800,2967,57,2019-06-13,1,Wrong Item
53520,2022-11-24,512,264,54,2022-11-28,1,Defective
69592,2023-02-28,1835,272,21,2023-03-11,1,Changed Mind
42855,2022-04-19,1729,2504,39,2022-05-12,1,Changed Mind
89382,2021-11-28,970,1800,48,2021-12-21,1,Changed Mind
66643,2020-06-11,1926,2383,41,2020-06-22,1,Wrong Item
46617,2021-07-11,805,1861,91,2021-07-22,1,Changed Mind
46371,2020-12-04,1818,1267,51,2020-12-27,1,Wrong Item
65237,2020-02-13,1665,596,35,2020-02-23,1,Changed Mind
71944,2019-07-11,1257,2744,10,2019-08-04,1,Defective
10824,2022-02-08,1473,4417,2,2022-02-28,1,Changed Mind
5121,2020-10-18,1593,4664,27,2020-10-20,1,Wrong Item
75402,2019-06-08,750,1914,67,2019-06-22,1,Wrong Item
37222,2019-12-03,878,3692,66,2019-12-30,1,Changed Mind
64408,2020-02-01,1336,3902,10,2020-02-17,1,Wrong Item
18466,2021-02-14,197,1783,24,2021-02-26,1,Wrong Item
7384,2022-05-22,200,4871,47,2022-06-09,1,Wrong Item
52011,2019-05-22,910,1064,14,2019-06-08,1,Changed Mind
72689,2023-07-12,1938,4642,94,2023-07-29,1,Defective
39952,2023-12-31,37,1798,96,2024-01-15,1,Defective
12733,2019-05-20,412,2856,73,2019-06-14,1,Wrong Item
78830,2022-11-25,785,3534,92,2022-11-26,1,Changed Mind
71420,2019-12-19,946,2031,28,2020-01-16,1,Defective
59796,2021-11-15,1414,4774,86,2021-11-27,1,Wrong Item
23035,2019-08-21,963,4824,24,2019-09-01,1,Changed Mind
7702,2019-12-11,1567,1689,59,2019-12-25,1,Defective
78495,2020-12-12,621,3710,17,2020-12-18,1,Changed Mind
16350,2019-07-03,972,2786,77,2019-07-12,1,Defective
31010,2020-02-20,578,2956,32,2020-03-02,1,Defective
79068,2019-05-28,869,201,57,2019-06-16,1,Defective
76783,2019-08-13,1399,4344,43,2019-08-24,1,Defective
32134,2022-05-19,240,383,74,2022-05-24,1,Defective
34515,2020-03-20,1630,1544,22,2020-04-04,1,Wrong Item
77931,2022-03-14,19,399,84,2022-03-21,1,Defective
21505,2019-10-16,1161,1275,86,2019-11-11,1,Wrong Item
52059,2022-06-01,1317,2394,73,2022-06-30,1,Changed Mind
31149,2023-04-16,1736,4496,5,2023-05-01,1,Wrong Item
62428,2020-11-07,861,436,88,2020-11-29,1,Changed Mind
89359,2019-01-15,700,4039,25,2019-01-31,1,Wrong Item
33704,2021-06-16,1444,384,52,2021-06-20,1,Changed Mind
48063,2023-04-14,370,2001,92,2023-05-10,1,Changed Mind
87530,2019-10-26,518,4169,85,2019-11-08,1,Changed Mind
44724,2021-04-14,1139,3603,66,2021-05-10,1,Defective
72284,2020-05-16,621,917,92,2020-06-14,1,Wrong Item
42273,2023-12-04,1793,4667,11,2023-12-29,1,Changed Mind
37235,2023-03-02,1539,3605,63,2023-03-17,1,Defective
76335,2020-06-29,306,4568,20,2020-07-06,1,Defective
17330,2020-07-14,958,4028,46,2020-07-23,1,Defective
87791,2020-08-09,514,2764,75,2020-08-18,1,Defective
6433,2022-07-16,49,2932,34,2022-08-14,1,Defective
25416,2020-03-31,439,3416,32,2020-04-16,1,Changed Mind
59610,2022-05-26,1179,2861,9,2022-06-04,1,Changed Mind
56048,2020-11-30,536,4954,89,2020-12-21,1,Changed Mind
92467,2021-05-05,1576,3141,44,2021-05-22,1,Defective
23972,2021-07-29,146,3349,9,2021-08-14,1,Changed Mind
38411,2021-08-20,188,4424,98,2021-09-08,1,Defective
42980,2021-12-04,172,709,46,2021-12-24,1,Changed Mind
40236,2022-09-01,1741,3113,5,2022-09-22,1,Wrong Item
95950,2021-01-17,1014,568,8,2021-02-07,1,Defective
84848,2020-05-14,831,1149,7,2020-05-31,1,Changed Mind
76713,2020-12-13,1498,17,10,2020-12-30,1,Changed Mind
17255,2020-07-22,1283,3065,70,2020-08-01,1,Changed Mind
79909,2022-06-11,863,3421,82,2022-06-23,1,Wrong Item
85388,2023-03-27,824,4905,53,2023-04-18,1,Defective
32891,2019-01-15,763,3104,99,2019-01-31,1,Wrong Item
40661,2021-05-08,1226,194,78,2021-05-27,1,Wrong Item
42687,2019-04-18,46,3748,73,2019-04-19,1,Wrong Item
12163,2023-08-06,122,2102,16,2023-08-10,1,Wrong Item
95556,2021-12-28,961,2290,70,2021-12-29,1,Changed Mind
39446,2021-08-05,1031,3474,4,2021-08-10,1,Wrong Item
76175,2022-12-11,186,4217,40,2023-01-03,1,Changed Mind
16702,2023-12-08,977,559,54,2023-12-22,1,Wrong Item
89434,2023-09-14,460,3511,31,2023-10-01,1,Defective
881,2019-05-05,1653,1858,76,2019-05-10,1,Changed Mind
68728,2019-09-24,1397,1990,69,2019-10-20,1,Defective
86866,2023-11-21,1155,917,92,2023-12-20,1,Wrong Item
27054,2019-08-19,1525,1249,88,2019-09-02,1,Changed Mind
91205,2022-11-17,1919,3573,31,2022-11-18,1,Changed Mind
46508,2022-10-20,1886,4346,11,2022-11-16,1,Defective
41760,2020-01-26,1521,720,80,2020-01-28,1,Wrong Item
99152,2022-10-12,181,3118,56,2022-11-09,1,Defective
35200,2020-06-23,538,3568,79,2020-06-30,1,Changed Mind
90799,2019-01-19,313,844,4,2019-01-20,1,Defective
80551,2021-06-24,986,96,100,2021-07-05,1,Wrong Item
97418,2019-09-28,1837,2912,56,2019-10-23,1,Changed Mind
6692,2022-08-13,617,2532,6,2022-09-07,1,Changed Mind
31367,2021-01-03,1906,556,76,2021-02-01,1,Defective
98796,2022-12-07,996,907,14,2022-12-23,1,Changed Mind
50872,2021-08-08,1890,1962,48,2021-08-29,1,Changed Mind
86906,2022-07-08,935,3809,86,2022-07-18,1,Defective
492,2019-01-29,1467,701,38,2019-02-18,1,Changed Mind
37926,2021-11-02,45,1466,85,2021-11-05,1,Changed Mind
74866,2022-04-23,755,4578,78,2022-05-17,1,Wrong Item
83594,2020-05-10,1021,1906,68,2020-05-20,1,Wrong Item
64117,2021-09-03,113,3880,39,2021-09-23,1,Wrong Item
58851,2019-02-05,1379,2072,99,2019-02-08,1,Defective
88236,2023-04-03,221,3142,60,2023-04-28,1,Wrong Item
77699,2020-08-07,1901,171,95,2020-08-22,1,Changed Mind
424,2021-05-23,1642,2038,71,2021-06-07,1,Defective
24403,2020-07-27,1253,3858,27,2020-08-12,1,Changed Mind
30311,2022-12-17,582,1516,77,2023-01-06,1,Changed Mind
53836,2022-06-04,340,1537,90,2022-06-28,1,Wrong Item
70060,2022-01-21,137,1815,31,2022-01-28,1,Wrong Item
83127,2022-08-24,776,4977,85,2022-09-01,1,Wrong Item
73648,2023-04-07,1063,2972,2,2023-04-22,1,Defective
7341,2023-04-26,621,321,22,2023-05-10,1,Changed Mind
60043,2019-04-12,189,1465,94,2019-04-29,1,Defective
52275,2019-06-26,500,2774,96,2019-07-16,1,Changed Mind
48554,2019-01-16,1948,1694,19,2019-02-11,1,Defective
3086,2022-06-09,859,432,93,2022-07-08,1,Changed Mind
24469,2019-11-01,481,1629,51,2019-11-09,1,Defective
24482,2019-08-05,782,742,48,2019-08-08,1,Defective
78877,2022-04-16,455,4033,15,2022-05-14,1,Wrong Item
74046,2023-09-24,1936,3573,86,2023-10-09,1,Wrong Item
76046,2020-01-13,1928,2346,4,2020-01-19,1,Changed Mind
68076,2020-12-08,439,4088,75,2021-01-06,1,Wrong Item
6412,2023-09-25,6,3398,35,2023-10-10,1,Changed Mind
51009,2020-10-27,791,4830,46,2020-11-11,1,Defective
29935,2023-05-24,3,354,66,2023-06-02,1,Wrong Item
97111,2019-10-03,916,2413,8,2019-10-08,1,Defective
6323,2019-05-16,1178,1067,4,2019-05-26,1,Changed Mind
34825,2022-11-24,1662,4925,11,2022-12-09,1,Changed Mind
13769,2023-11-01,1369,4559,82,2023-11-19,1,Changed Mind
77947,2022-11-01,628,3869,32,2022-11-13,1,Changed Mind
40126,2022-07-28,1545,4895,14,2022-08-10,1,Wrong Item
36255,2022-08-06,157,2020,20,2022-09-03,1,Defective
20139,2022-09-02,1340,1163,57,2022-09-30,1,Wrong Item
57851,2020-03-11,1315,2171,51,2020-04-07,1,Changed Mind
41997,2020-06-09,141,4021,79,2020-06-22,1,Wrong Item
30897,2019-12-08,1598,2465,37,2020-01-03,1,Defective
54198,2020-06-24,612,2748,95,2020-07-13,1,Defective
79628,2023-10-09,1780,1585,58,2023-10-30,1,Wrong Item
1867,2020-09-02,618,2074,33,2020-09-18,1,Changed Mind
66841,2019-02-15,143,3872,15,2019-03-02,1,Defective
75078,2019-08-30,1826,620,90,2019-09-07,1,Wrong Item
16654,2021-07-02,1723,4351,63,2021-07-19,1,Defective
1249,2023-11-25,334,2170,94,2023-12-06,1,Wrong Item
61090,2020-12-04,585,2003,68,2020-12-17,1,Changed Mind
17445,2020-08-17,1372,359,72,2020-09-10,1,Wrong Item
74647,2021-08-16,1539,1380,28,2021-09-06,1,Defective
17234,2023-07-27,902,4068,69,2023-07-29,1,Defective
54581,2023-04-11,924,736,40,2023-05-04,1,Wrong Item
44097,2021-04-06,1557,2212,12,2021-04-11,1,Changed Mind
30591,2023-08-16,53,2860,13,2023-09-11,1,Defective
41949,2022-01-30,300,574,79,2022-02-03,1,Wrong Item
47796,2019-03-24,670,73,47,2019-04-03,1,Wrong Item
29160,2021-01-18,895,3356,34,2021-01-28,1,Defective
99533,2023-12-17,556,2631,16,2023-12-29,1,Wrong Item
97990,2023-08-02,1594,3393,59,2023-08-29,1,Defective
98454,2019-01-20,271,786,99,2019-02-07,1,Defective
48910,2020-08-31,602,315,32,2020-09-10,1,Changed Mind
76471,2023-07-26,1485,2042,36,2023-08-02,1,Wrong Item
88533,2023-07-12,693,3202,80,2023-07-29,1,Wrong Item
61404,2020-07-28,1451,4276,32,2020-08-10,1,Wrong Item
64081,2023-07-07,1466,2909,14,2023-07-28,1,Defective
72290,2023-07-14,452,3109,73,2023-08-09,1,Changed Mind
78608,2019-11-08,22,1733,24,2019-11-16,1,Changed Mind
93158,2023-01-01,171,1790,53,2023-01-11,1,Wrong Item
20362,2021-02-28,1571,159,9,2021-03-06,1,Wrong Item
84930,2021-11-04,1490,1387,22,2021-11-09,1,Changed Mind
44182,2021-10-08,1783,2022,32,2021-11-03,1,Defective
85321,2022-07-22,1389,2821,50,2022-08-08,1,Defective
62838,2022-09-02,444,3885,13,2022-09-28,1,Wrong Item
44644,2023-02-11,45,1590,4,2023-02-27,1,Wrong Item
41054,2022-11-14,1583,4210,77,2022-11-19,1,Changed Mind
45140,2023-07-22,467,923,100,2023-08-06,1,Wrong Item
82341,2021-08-05,811,805,100,2021-08-10,1,Defective
5289,2019-03-15,549,1591,33,2019-03-20,1,Defective
53787,2020-02-05,1768,1834,30,2020-02-15,1,Wrong Item
16047,2019-10-21,206,1938,57,2019-10-23,1,Changed Mind
30157,2021-02-28,930,4457,25,2021-03-04,1,Wrong Item
99944,2022-01-23,107,2444,60,2022-02-10,1,Defective
80439,2022-07-16,1114,4059,33,2022-08-12,1,Changed Mind
36489,2019-01-04,470,400,83,2019-01-30,1,Wrong Item
93008,2019-04-07,1608,2183,24,2019-04-10,1,Wrong Item
44203,2021-04-05,781,1878,13,2021-04-20,1,Wrong Item
56839,2020-05-09,1288,2735,12,2020-06-05,1,Defective
59643,2021-11-25,169,3107,26,2021-12-17,1,Changed Mind
1481,2023-06-11,738,2240,74,2023-06-14,1,Changed Mind
53870,2023-10-19,1198,3539,50,2023-11-14,1,Wrong Item
7715,2021-07-24,1452,2404,85,2021-08-12,1,Wrong Item
40062,2020-12-21,1960,2306,79,2021-01-06,1,Wrong Item
67982,2020-07-25,1835,845,27,2020-07-31,1,Changed Mind
51618,2020-03-08,1365,2346,48,2020-03-09,1,Changed Mind
69176,2021-03-05,1211,1572,15,2021-03-15,1,Changed Mind
29475,2019-03-21,1043,1621,63,2019-04-01,1,Wrong Item
43385,2020-01-29,16,633,42,2020-02-07,1,Wrong Item
15341,2021-04-14,707,1366,49,2021-04-22,1,Defective
90676,2023-08-30,604,2262,34,2023-09-18,1,Defective
53475,2022-01-15,1129,2108,39,2022-01-30,1,Wrong Item
39982,2020-10-05,1728,113,25,2020-10-21,1,Defective
8297,2020-07-05,221,3057,62,2020-07-20,1,Changed Mind
11322,2021-06-10,1537,491,24,2021-06-24,1,Wrong Item
6849,2022-09-06,599,1884,36,2022-10-01,1,Defective
28584,2021-01-03,1252,4419,9,2021-01-30,1,Changed Mind
6932,2019-07-01,261,2146,24,2019-07-17,1,Changed Mind
3712,2019-03-11,177,4105,63,2019-03-22,1,Wrong Item
88196,2023-07-04,693,199,21,2023-08-02,1,Wrong Item
34041,2020-05-22,1578,327,7,2020-05-27,1,Wrong Item
42872,2023-10-23,720,3220,11,2023-11-14,1,Defective
2399,2023-07-07,1942,3767,84,2023-07-24,1,Defective
12957,2021-03-12,426,4616,63,2021-03-20,1,Changed Mind
25885,2021-01-30,373,3541,42,2021-02-23,1,Wrong Item
35531,2021-01-13,458,2,17,2021-01-22,1,Changed Mind
26538,2019-08-09,37,4924,54,2019-08-31,1,Changed Mind
63728,2019-12-15,1719,3713,44,2019-12-16,1,Defective
67963,2023-02-07,989,3746,54,2023-02-14,1,Wrong Item
22365,2019-06-22,483,1126,73,2019-07-06,1,Wrong Item
44081,2020-06-19,1634,3360,43,2020-07-04,1,Defective
83454,2022-01-01,1242,984,89,2022-01-04,1,Defective
59732,2023-09-09,494,2832,59,2023-09-18,1,Defective
11733,2021-06-01,1006,2909,53,2021-06-09,1,Wrong Item
60167,2019-02-11,1928,4685,16,2019-02-17,1,Changed Mind
89581,2020-11-11,546,523,77,2020-12-02,1,Defective
18117,2020-08-21,296,419,20,2020-09-07,1,Wrong Item
71356,2019-03-20,1229,3244,15,2019-03-23,1,Changed Mind
54403,2023-05-24,1707,1095,1,2023-06-02,1,Changed Mind
16681,2021-04-29,923,1409,59,2021-05-25,1,Changed Mind
65071,2020-03-03,319,134,95,2020-03-29,1,Wrong Item
81631,2023-10-03,1402,4048,84,2023-10-27,1,Defective
89918,2023-03-14,640,65,28,2023-03-28,1,Wrong Item
44661,2019-11-07,344,739,78,2019-11-27,1,Changed Mind
30293,2022-06-14,180,1125,72,2022-06-15,1,Wrong Item
63368,2021-02-10,1968,1477,74,2021-02-11,1,Wrong Item
53266,2019-02-07,48,4360,34,2019-02-18,1,Changed Mind
21613,2021-06-17,875,2160,61,2021-07-15,1,Changed Mind
73387,2020-05-22,945,3215,19,2020-06-19,1,Changed Mind
32322,2020-08-27,898,1760,59,2020-09-02,1,Defective
58456,2022-01-13,681,4025,51,2022-01-19,1,Wrong Item
2772,2021-02-03,1015,340,33,2021-02-17,1,Changed Mind
86639,2019-07-18,1260,522,46,2019-07-24,1,Defective
14504,2022-09-21,1289,1226,75,2022-09-28,1,Changed Mind
41842,2023-03-27,765,1517,51,2023-04-23,1,Changed Mind
34901,2022-11-26,587,524,24,2022-12-19,1,Wrong Item
84358,2022-11-02,1004,4779,18,2022-11-06,1,Defective
20381,2020-02-01,1458,4548,20,2020-02-27,1,Changed Mind
63617,2022-07-23,1630,4620,55,2022-08-18,1,Changed Mind
52865,2021-07-07,1651,4098,37,2021-07-25,1,Defective
47040,2023-06-01,1316,266,56,2023-06-21,1,Changed Mind
6139,2022-08-26,1297,2384,15,2022-09-17,1,Changed Mind
80833,2022-02-02,402,781,51,2022-02-27,1,Defective
61676,2022-05-03,1799,3339,70,2022-05-06,1,Changed Mind
98134,2023-11-28,1511,1668,43,2023-12-10,1,Defective
13558,2019-09-22,1632,454,29,2019-09-28,1,Changed Mind
60991,2023-03-03,965,2375,37,2023-03-26,1,Changed Mind
83411,2021-04-30,828,3636,63,2021-05-17,1,Defective
25254,2021-07-10,374,2136,8,2021-07-29,1,Defective
38744,2021-06-02,1701,3626,22,2021-06-18,1,Defective
5448,2021-12-08,1798,3917,82,2021-12-24,1,Wrong Item
80326,2020-08-29,1297,1334,23,2020-09-26,1,Defective
86180,2021-06-15,64,546,17,2021-06-30,1,Changed Mind
57114,2020-08-09,1625,3950,13,2020-08-14,1,Changed Mind
45944,2019-09-14,1225,3237,8,2019-10-11,1,Changed Mind
42039,2023-04-17,1549,3829,55,2023-04-26,1,Defective
15347,2021-11-02,406,2086,93,2021-11-21,1,Defective
9188,2022-05-10,964,2885,56,2022-05-11,1,Changed Mind
54522,2020-02-29,117,648,76,2020-03-10,1,Wrong Item
80003,2023-05-19,1021,4468,85,2023-06-09,1,Defective
43670,2021-05-02,928,2767,85,2021-05-14,1,Wrong Item
26137,2023-06-20,867,2564,91,2023-07-11,1,Defective
47588,2020-03-12,924,4677,86,2020-03-14,1,Changed Mind
82932,2023-06-03,1255,1212,38,2023-06-07,1,Wrong Item
80458,2023-05-22,1957,4888,86,2023-06-16,1,Changed Mind
89071,2021-03-05,1133,3016,46,2021-03-25,1,Wrong Item
6560,2021-09-12,1055,4055,68,2021-10-09,1,Wrong Item
1256,2023-07-08,899,3825,19,2023-07-22,1,Changed Mind
18949,2020-01-06,794,4034,38,2020-01-31,1,Defective
84474,2023-06-11,396,4734,65,2023-06-28,1,Changed Mind
16410,2019-04-14,1348,2239,76,2019-05-02,1,Wrong Item
48387,2023-09-03,1006,187,37,2023-09-24,1,Changed Mind
13615,2021-09-14,608,4778,90,2021-09-16,1,Changed Mind
23201,2021-06-26,724,2888,8,2021-06-27,1,Changed Mind
69200,2020-02-08,155,2733,80,2020-02-18,1,Wrong Item
30040,2022-10-29,119,4866,64,2022-10-31,1,Changed Mind
81562,2019-08-14,751,4525,31,2019-09-04,1,Defective
97515,2022-09-15,1930,1685,69,2022-10-11,1,Wrong Item
5344,2019-04-15,151,2444,74,2019-05-13,1,Defective
56710,2020-08-22,1163,2471,80,2020-09-03,1,Wrong Item
16394,2020-06-15,1356,1304,18,2020-07-05,1,Wrong Item
16188,2022-07-13,276,3782,83,2022-07-21,1,Defective
70920,2023-10-06,308,3058,36,2023-10-24,1,Wrong Item
49027,2021-01-10,1721,4012,72,2021-02-07,1,Defective
90263,2021-08-14,1922,401,42,2021-09-04,1,Wrong Item
93733,2020-10-10,1658,244,63,2020-11-01,1,Defective
63642,2023-09-27,691,1404,54,2023-10-15,1,Wrong Item
87478,2019-07-09,1125,545,90,2019-07-10,1,Changed Mind
41188,2021-10-29,578,775,16,2021-10-31,1,Changed Mind
43712,2019-09-24,770,4111,89,2019-10-10,1,Defective
35873,2020-05-17,546,4240,10,2020-05-25,1,Changed Mind
62800,2021-01-13,1812,1692,45,2021-01-31,1,Wrong Item
84715,2022-04-03,1829,3864,91,2022-04-27,1,Defective
42219,2023-11-13,228,4671,95,2023-12-07,1,Wrong Item
28748,2022-02-02,352,4861,61,2022-03-03,1,Wrong Item
26935,2021-11-27,1417,4312,32,2021-12-22,1,Changed Mind
6167,2021-01-25,369,4219,92,2021-02-17,1,Changed Mind
47002,2021-05-21,1801,4179,6,2021-06-19,1,Wrong Item
82551,2021-04-27,1165,406,28,2021-05-10,1,Defective
48503,2020-03-20,1053,1284,2,2020-04-01,1,Changed Mind
50270,2021-05-22,1697,1830,26,2021-05-28,1,Defective
76263,2021-10-14,876,539,90,2021-10-27,1,Wrong Item
32321,2022-03-10,795,2722,88,2022-03-22,1,Changed Mind
42378,2020-12-20,769,3622,86,2020-12-22,1,Wrong Item
78420,2021-09-24,1764,3707,76,2021-09-29,1,Defective
51836,2020-08-18,1803,1557,93,2020-08-23,1,Changed Mind
31009,2020-08-15,4,2750,19,2020-08-22,1,Changed Mind
67926,2022-06-13,1686,569,91,2022-06-22,1,Wrong Item
11099,2020-02-09,1910,4377,59,2020-02-12,1,Defective
75048,2023-08-04,881,681,52,2023-08-05,1,Defective
37779,2021-02-19,1565,1729,81,2021-03-07,1,Defective
2041,2022-08-22,392,1175,15,2022-09-19,1,Changed Mind
96698,2021-07-29,1564,4020,38,2021-08-13,1,Wrong Item
3310,2021-08-03,1485,2632,63,2021-08-11,1,Changed Mind
38631,2021-04-03,1414,1160,74,2021-04-27,1,Defective
36267,2019-12-07,1096,869,67,2019-12-24,1,Changed Mind
24356,2023-05-17,917,2064,99,2023-05-28,1,Wrong Item
51133,2023-12-18,1432,2661,7,2023-12-25,1,Wrong Item
19816,2022-07-07,272,320,26,2022-07-31,1,Defective
5277,2021-03-23,1094,1612,21,2021-04-15,1,Defective
12790,2022-03-29,1236,488,35,2022-04-06,1,Defective
74420,2020-10-01,678,2383,31,2020-10-25,1,Defective
48358,2019-03-16,188,4445,67,2019-04-08,1,Wrong Item
29660,2020-08-29,1627,3825,50,2020-09-20,1,Wrong Item
75545,2021-10-09,1514,2367,45,2021-11-03,1,Defective
45816,2019-09-28,768,1162,8,2019-10-11,1,Defective
62201,2021-05-13,210,1460,81,2021-06-08,1,Changed Mind
37301,2019-07-22,432,2929,1,2019-07-26,1,Wrong Item
36683,2023-10-10,316,270,64,2023-10-30,1,Defective
19893,2023-07-14,1626,1411,19,2023-08-06,1,Changed Mind
4879,2021-05-11,754,2661,71,2021-06-05,1,Changed Mind
35480,2020-03-13,411,4836,50,2020-04-04,1,Defective
24785,2020-08-25,342,1698,20,2020-09-04,1,Wrong Item
33348,2022-07-22,1220,1489,7,2022-07-25,1,Changed Mind
66954,2019-01-07,1184,793,60,2019-02-05,1,Wrong Item
93224,2022-10-04,961,4312,2,2022-10-22,1,Defective
16345,2023-11-18,205,4094,43,2023-12-12,1,Changed Mind
72927,2020-03-28,449,4315,82,2020-04-06,1,Wrong Item
85510,2021-10-27,1152,3979,80,2021-11-07,1,Defective
19101,2022-12-17,1534,4734,37,2023-01-10,1,Changed Mind
2448,2023-09-22,128,3927,84,2023-10-18,1,Wrong Item
52877,2022-10-02,1663,433,74,2022-10-12,1,Changed Mind
33966,2021-08-12,149,1032,15,2021-08-31,1,Defective
57946,2022-09-25,840,3762,69,2022-10-18,1,Changed Mind
57099,2023-07-17,651,4377,23,2023-07-31,1,Defective
89236,2022-10-15,1765,2716,81,2022-11-10,1,Wrong Item
69969,2021-07-27,1500,4481,92,2021-07-29,1,Wrong Item
10021,2021-12-16,353,1987,9,2022-01-05,1,Defective
62687,2020-08-19,1120,3637,83,2020-08-20,1,Changed Mind
83675,2021-12-04,1051,4079,28,2021-12-23,1,Wrong Item
32088,2023-08-27,1720,4234,32,2023-09-09,1,Wrong Item
94708,2022-02-20,1115,1604,52,2022-03-14,1,Wrong Item
85451,2021-05-11,1082,1245,77,2021-06-05,1,Wrong Item
31198,2019-06-07,872,1965,32,2019-06-08,1,Defective
82125,2021-04-28,722,3106,45,2021-05-22,1,Wrong Item
8257,2023-06-25,780,637,96,2023-07-09,1,Changed Mind
33930,2022-04-21,520,115,76,2022-05-06,1,Changed Mind
49257,2023-04-02,903,2663,69,2023-04-28,1,Changed Mind
69096,2019-04-18,844,3880,86,2019-04-27,1,Changed Mind
16332,2020-10-24,1065,3634,2,2020-11-20,1,Changed Mind
66171,2021-12-13,870,1179,19,2022-01-09,1,Changed Mind
2063,2019-10-21,1307,2498,64,2019-11-18,1,Wrong Item
41781,2021-05-17,1554,3724,37,2021-05-27,1,Wrong Item
65513,2020-08-19,357,3884,83,2020-09-01,1,Defective
23193,2020-03-20,1478,4637,100,2020-04-10,1,Defective
58125,2023-06-02,1711,1199,4,2023-06-19,1,Changed Mind
75596,2022-09-09,964,3797,85,2022-09-29,1,Changed Mind
30875,2019-10-28,1529,4108,28,2019-11-13,1,Changed Mind
97425,2021-04-26,1301,1987,76,2021-05-13,1,Wrong Item
99539,2023-09-05,267,715,42,2023-09-27,1,Defective
16801,2022-09-22,694,4382,52,2022-10-18,1,Changed Mind
74940,2020-07-09,852,856,76,2020-07-27,1,Changed Mind
84829,2023-04-08,707,4543,85,2023-05-07,1,Defective
51464,2023-08-15,1431,4429,31,2023-08-24,1,Changed Mind
41181,2022-03-30,1115,3767,55,2022-04-19,1,Changed Mind
64940,2019-07-07,1224,853,29,2019-07-20,1,Changed Mind
34849,2023-02-07,1310,2920,37,2023-02-14,1,Defective
8310,2021-09-30,1392,3546,9,2021-10-16,1,Wrong Item
28101,2020-04-12,1099,4812,58,2020-05-01,1,Changed Mind
7216,2021-09-09,588,219,76,2021-10-01,1,Defective
27022,2022-08-20,124,215,70,2022-09-12,1,Wrong Item
15045,2023-04-24,953,4446,16,2023-05-06,1,Changed Mind
2541,2022-07-19,606,4616,14,2022-07-29,1,Wrong Item
47993,2022-08-08,1323,854,33,2022-08-17,1,Defective
71732,2023-02-11,1332,2474,36,2023-02-26,1,Wrong Item
97619,2020-06-27,1074,3497,42,2020-07-01,1,Changed Mind
62383,2023-09-22,1145,2734,65,2023-09-25,1,Changed Mind
47677,2023-10-14,1615,4642,70,2023-10-27,1,Changed Mind
95791,2021-03-28,484,1034,30,2021-04-02,1,Defective
69805,2022-08-08,1673,1110,28,2022-09-05,1,Changed Mind
56651,2023-03-09,1431,2912,51,2023-04-04,1,Changed Mind
30863,2019-11-18,619,888,68,2019-12-07,1,Wrong Item
44386,2021-07-26,400,4597,16,2021-08-03,1,Changed Mind
4245,2019-09-20,280,2409,8,2019-09-23,1,Defective
3892,2021-12-21,653,317,67,2021-12-28,1,Wrong Item
21106,2019-03-07,547,3254,59,2019-04-02,1,Wrong Item
88754,2021-07-27,1836,3361,43,2021-08-12,1,Changed Mind
75692,2023-03-22,1874,2968,68,2023-04-16,1,Defective
78914,2019-01-13,336,2492,55,2019-02-08,1,Defective
98589,2020-12-05,407,128,29,2020-12-31,1,Wrong Item
82107,2020-11-04,1464,966,79,2020-12-03,1,Wrong Item
2299,2023-08-12,1198,4221,100,2023-08-17,1,Wrong Item
19212,2019-11-07,32,455,17,2019-12-06,1,Defective
10830,2022-05-22,1266,2969,95,2022-06-18,1,Wrong Item
29138,2020-04-11,375,3727,67,2020-05-05,1,Changed Mind
14698,2020-12-15,1435,168,92,2021-01-04,1,Defective
12960,2019-11-04,1883,2549,13,2019-11-23,1,Changed Mind
13565,2022-10-14,1348,3800,49,2022-10-29,1,Changed Mind
67355,2020-10-07,690,673,13,2020-10-23,1,Wrong Item
70116,2023-05-26,108,2924,50,2023-06-09,1,Changed Mind
6101,2022-06-22,1305,1817,59,2022-06-28,1,Defective
84960,2022-06-23,780,1555,81,2022-07-16,1,Defective
51362,2020-03-02,965,2549,70,2020-03-05,1,Wrong Item
54128,2020-11-12,890,4773,64,2020-11-27,1,Changed Mind
19455,2021-08-22,97,4611,21,2021-09-19,1,Wrong Item
17437,2019-06-28,1651,3599,29,2019-07-21,1,Defective
32705,2020-10-09,451,2377,67,2020-10-16,1,Changed Mind
53083,2020-01-10,689,3534,69,2020-02-01,1,Defective
14890,2023-01-06,609,842,68,2023-01-29,1,Defective
77075,2023-07-05,108,2405,16,2023-07-24,1,Changed Mind
72065,2019-05-11,338,4484,42,2019-05-24,1,Wrong Item
18343,2021-01-31,1207,936,84,2021-02-06,1,Changed Mind
76636,2021-10-17,847,249,72,2021-10-22,1,Wrong Item
58983,2023-06-11,298,3697,50,2023-07-05,1,Changed Mind
69233,2019-12-04,51,3294,14,2019-12-12,1,Changed Mind
53391,2022-05-28,554,2908,44,2022-06-01,1,Defective
94040,2022-10-04,446,1237,99,2022-10-12,1,Wrong Item
65645,2019-01-13,335,926,42,2019-01-28,1,Wrong Item
35769,2022-09-20,1710,1295,92,2022-10-07,1,Defective
8649,2020-01-10,1412,3276,78,2020-01-31,1,Wrong Item
91530,2020-08-13,1230,2285,3,2020-09-03,1,Wrong Item
61936,2023-08-29,1025,286,6,2023-09-26,1,Defective
2714,2019-02-07,570,615,9,2019-03-06,1,Changed Mind
59703,2019-04-11,897,3413,60,2019-04-21,1,Changed Mind
59063,2019-08-03,179,2348,83,2019-08-13,1,Changed Mind
9966,2020-11-11,1109,4918,61,2020-11-23,1,Wrong Item
1177,2023-04-06,1460,3215,35,2023-04-28,1,Defective
14045,2020-04-29,1561,1619,49,2020-05-27,1,Changed Mind
58365,2020-02-02,1883,3279,41,2020-02-25,1,Defective
34629,2019-03-20,919,4373,93,2019-04-14,1,Defective
7891,2021-12-02,544,541,89,2021-12-14,1,Changed Mind
36629,2022-12-02,1179,4253,73,2022-12-08,1,Changed Mind
21843,2020-12-20,1189,471,88,2020-12-23,1,Wrong Item
34848,2021-12-09,731,4436,63,2021-12-14,1,Changed Mind
10580,2019-01-09,447,1711,32,2019-01-11,1,Defective
86258,2023-10-12,624,2069,25,2023-10-21,1,Wrong Item
80954,2021-04-28,1927,1622,88,2021-04-29,1,Defective
7096,2022-10-07,1229,1139,99,2022-10-09,1,Changed Mind
90340,2022-07-24,473,2851,5,2022-08-21,1,Wrong Item
60178,2021-03-18,1382,1030,93,2021-04-13,1,Wrong Item
38885,2020-08-07,1980,870,25,2020-09-03,1,Wrong Item
42004,2022-11-14,1375,1508,46,2022-11-29,1,Changed Mind
81017,2019-02-03,1678,3421,74,2019-02-05,1,Defective
16441,2020-03-23,916,4439,65,2020-04-04,1,Wrong Item
44833,2023-05-14,905,4962,40,2023-06-11,1,Changed Mind
68602,2023-08-03,110,4594,79,2023-08-14,1,Changed Mind
87798,2022-01-19,735,686,67,2022-01-23,1,Changed Mind
95714,2019-10-02,1626,3553,73,2019-10-03,1,Changed Mind
51678,2019-08-05,1167,863,73,2019-08-23,1,Defective
56712,2023-08-16,240,4345,25,2023-08-22,1,Wrong Item
97337,2020-10-20,1509,3128,17,2020-10-29,1,Wrong Item
95276,2023-11-15,685,1049,37,2023-12-01,1,Wrong Item
3242,2022-07-28,194,4001,98,2022-08-09,1,Defective
65572,2022-06-28,5,4409,24,2022-07-24,1,Defective
76793,2021-10-02,1557,4818,75,2021-10-20,1,Changed Mind
843,2021-03-26,610,4120,95,2021-03-27,1,Defective
66826,2023-12-05,1489,81,61,2023-12-16,1,Defective
72267,2023-10-22,1968,3631,33,2023-10-25,1,Changed Mind
64905,2022-03-02,403,4139,28,2022-03-19,1,Wrong Item
29651,2021-12-24,1885,4627,60,2022-01-02,1,Wrong Item
56670,2023-02-22,1365,766,50,2023-03-17,1,Defective
77580,2019-12-09,1129,1237,7,2020-01-05,1,Changed Mind
91469,2022-11-01,1957,125,15,2022-11-24,1,Defective
57445,2019-02-04,75,940,99,2019-02-08,1,Changed Mind
90033,2022-06-02,1471,1288,74,2022-06-19,1,Defective
80940,2023-06-05,1892,3003,13,2023-07-01,1,Changed Mind
73235,2020-06-25,1240,1205,47,2020-07-24,1,Changed Mind
24238,2021-11-08,1452,619,56,2021-11-25,1,Changed Mind
91590,2022-11-19,890,1004,3,2022-12-18,1,Changed Mind
59848,2023-05-19,1119,4031,72,2023-05-28,1,Changed Mind
58732,2020-05-11,1737,15,58,2020-05-21,1,Defective
93889,2020-10-31,939,3552,17,2020-11-04,1,Changed Mind
4644,2020-02-27,1605,3260,91,2020-03-27,1,Wrong Item
97145,2020-11-12,1838,1996,18,2020-11-17,1,Defective
49561,2023-05-06,303,418,91,2023-05-24,1,Defective
47437,2019-11-01,1824,4204,40,2019-11-04,1,Defective
62621,2020-03-25,186,4220,41,2020-04-19,1,Defective
35404,2020-04-21,243,3218,30,2020-05-02,1,Changed Mind
3017,2021-03-02,569,1421,41,2021-03-26,1,Wrong Item
15040,2023-07-23,1878,3507,52,2023-07-25,1,Wrong Item
98734,2019-04-11,1417,1176,94,2019-04-24,1,Defective
53057,2021-04-01,964,649,35,2021-04-07,1,Defective
42513,2022-03-24,36,1157,43,2022-03-27,1,Defective
14443,2023-03-10,1787,4120,24,2023-03-18,1,Defective
30896,2020-03-28,1871,4081,15,2020-04-11,1,Defective
13520,2022-08-27,1311,3420,56,2022-08-29,1,Changed Mind
72855,2019-08-08,1274,591,66,2019-09-05,1,Defective
60199,2019-03-08,1679,4433,6,2019-03-22,1,Changed Mind
38717,2021-01-31,1611,698,66,2021-02-10,1,Changed Mind
25129,2023-01-22,716,4311,32,2023-02-06,1,Changed Mind
42473,2021-02-03,244,1328,27,2021-03-01,1,Wrong Item
96443,2020-09-16,1595,298,29,2020-10-13,1,Changed Mind
64593,2019-08-20,288,1533,37,2019-09-08,1,Changed Mind
98357,2021-02-17,1706,46,75,2021-03-04,1,Changed Mind
64720,2021-01-28,1104,1736,4,2021-02-20,1,Defective
33862,2021-07-12,536,270,5,2021-07-28,1,Wrong Item
40579,2023-03-06,1136,3949,16,2023-03-19,1,Changed Mind
94036,2019-05-22,1396,168,73,2019-06-10,1,Changed Mind
98282,2019-05-11,86,522,67,2019-06-09,1,Wrong Item
58523,2022-09-19,1878,992,29,2022-09-30,1,Defective
14767,2021-08-10,672,1311,58,2021-08-27,1,Wrong Item
89353,2020-08-01,1646,2747,93,2020-08-13,1,Defective
49078,2022-11-19,1821,272,54,2022-12-08,1,Changed Mind
31999,2023-06-06,1225,3826,83,2023-06-12,1,Defective
28786,2023-02-09,1176,4229,38,2023-02-26,1,Defective
12078,2023-07-30,99,544,73,2023-08-07,1,Changed Mind
87375,2022-04-12,1897,2218,22,2022-04-23,1,Changed Mind
79082,2019-08-16,1324,792,86,2019-09-08,1,Defective
86301,2021-01-06,1197,1905,40,2021-01-27,1,Defective
42353,2021-02-20,1194,699,68,2021-03-05,1,Defective
11795,2023-01-31,674,101,26,2023-02-10,1,Wrong Item
80293,2022-09-28,989,173,81,2022-09-30,1,Changed Mind
41534,2020-10-29,1140,1148,52,2020-11-06,1,Defective
96666,2021-10-15,1929,3130,50,2021-10-30,1,Wrong Item
55411,2023-06-03,553,2712,81,2023-06-30,1,Wrong Item
48262,2019-11-20,179,3575,68,2019-12-08,1,Defective
96084,2019-11-15,114,1629,34,2019-12-14,1,Changed Mind
53173,2020-03-14,152,968,19,2020-04-04,1,Defective
47988,2020-01-31,875,1246,10,2020-02-26,1,Defective
80783,2023-09-27,989,323,93,2023-10-02,1,Wrong Item
1739,2020-05-30,1951,5000,68,2020-06-22,1,Changed Mind
55816,2023-12-18,1532,201,45,2023-12-29,1,Defective
58012,2021-03-10,795,332,76,2021-03-12,1,Changed Mind
72120,2023-02-17,649,2722,34,2023-02-20,1,Wrong Item
96190,2022-05-05,1827,4,81,2022-05-21,1,Wrong Item
85808,2020-12-24,1306,2684,3,2020-12-28,1,Changed Mind
47124,2021-12-13,1481,1484,59,2021-12-30,1,Defective
93669,2020-08-09,896,4152,41,2020-08-26,1,Defective
15084,2023-05-31,1609,921,16,2023-06-09,1,Defective
49418,2020-08-29,296,2734,62,2020-09-10,1,Changed Mind
65791,2021-04-28,767,3475,91,2021-05-26,1,Wrong Item
12477,2022-02-06,212,4975,60,2022-03-07,1,Changed Mind
16154,2020-05-22,1774,3197,2,2020-06-06,1,Defective
55006,2021-12-21,1637,2300,33,2022-01-09,1,Wrong Item
40652,2020-05-04,1527,4313,99,2020-05-16,1,Changed Mind
42567,2022-05-26,1045,4527,92,2022-06-22,1,Wrong Item
65720,2022-03-05,98,4317,53,2022-03-25,1,Defective
72497,2022-03-29,415,1030,28,2022-04-23,1,Defective
38355,2021-09-30,557,1541,60,2021-10-28,1,Defective
30821,2020-11-20,1562,2927,43,2020-12-11,1,Changed Mind
3822,2022-07-26,425,4961,11,2022-08-21,1,Defective
79755,2020-07-24,248,2542,43,2020-08-14,1,Wrong Item
58892,2023-06-22,412,2274,42,2023-07-02,1,Wrong Item
48870,2020-03-03,1771,3416,46,2020-03-17,1,Changed Mind
28074,2020-08-16,1856,2210,52,2020-08-31,1,Wrong Item
83728,2021-12-19,1190,4682,43,2022-01-17,1,Changed Mind
72218,2022-05-05,1388,1517,98,2022-06-01,1,Defective
76007,2021-06-21,1856,3916,86,2021-06-24,1,Wrong Item
5155,2022-03-19,742,1220,23,2022-03-24,1,Changed Mind
48039,2023-08-06,1151,2586,5,2023-08-31,1,Defective
11119,2019-11-24,1854,264,56,2019-11-30,1,Changed Mind
6092,2019-01-15,846,3769,38,2019-02-04,1,Defective
44992,2021-01-30,937,2532,40,2021-02-18,1,Changed Mind
89919,2023-05-14,1230,3214,72,2023-05-28,1,Defective
57622,2019-12-08,1827,1255,45,2019-12-21,1,Wrong Item
15324,2022-11-05,163,1065,21,2022-11-14,1,Defective
29336,2023-09-02,57,1879,86,2023-09-13,1,Defective
9556,2023-12-12,504,3297,62,2024-01-07,1,Wrong Item
27272,2022-10-04,1348,3950,76,2022-10-31,1,Defective
91609,2021-05-24,295,1784,28,2021-06-05,1,Changed Mind
12879,2022-12-13,503,2666,86,2023-01-07,1,Wrong Item
50360,2022-11-28,677,4778,85,2022-12-21,1,Changed Mind
17543,2023-04-17,506,4655,50,2023-05-08,1,Changed Mind
86904,2023-10-21,1158,112,92,2023-11-01,1,Wrong Item
10464,2023-06-19,266,2685,11,2023-06-21,1,Changed Mind
13825,2022-06-12,475,4982,2,2022-06-20,1,Wrong Item
89364,2020-05-30,572,1547,36,2020-06-16,1,Defective
46707,2020-05-04,1159,2785,43,2020-06-02,1,Changed Mind
31781,2020-06-20,659,1147,47,2020-07-17,1,Defective
67332,2021-03-17,1923,1801,76,2021-03-25,1,Defective
50212,2019-09-11,1227,3753,14,2019-10-01,1,Changed Mind
7256,2023-04-28,613,1325,28,2023-05-10,1,Defective
37853,2020-08-16,1233,3089,56,2020-09-05,1,Changed Mind
78802,2021-07-04,790,3250,55,2021-07-23,1,Defective
103,2022-12-09,1456,4469,100,2022-12-25,1,Defective
3338,2022-07-18,1454,2816,84,2022-07-20,1,Defective
2514,2020-12-30,1429,1075,9,2021-01-03,1,Changed Mind
49720,2022-07-15,970,3850,14,2022-07-25,1,Defective
82921,2022-03-20,1909,60,51,2022-04-03,1,Wrong Item
57447,2019-06-03,320,3575,77,2019-06-30,1,Defective
37016,2020-03-20,1633,2623,25,2020-03-30,1,Wrong Item
42372,2020-11-11,1396,781,83,2020-11-30,1,Defective
79011,2021-11-06,797,449,37,2021-12-03,1,Wrong Item
44601,2023-06-09,373,2634,89,2023-06-15,1,Defective
19560,2022-08-22,336,637,1,2022-09-10,1,Defective
68852,2019-03-28,644,4637,3,2019-04-23,1,Wrong Item
5099,2020-03-22,694,1536,96,2020-03-29,1,Changed Mind
26405,2023-05-02,959,2854,45,2023-05-15,1,Wrong Item
43660,2021-08-23,117,3764,68,2021-09-12,1,Changed Mind
88050,2019-06-10,1541,1508,6,2019-06-26,1,Wrong Item
28878,2023-12-07,183,2796,18,2023-12-10,1,Defective
39183,2022-05-03,129,2995,74,2022-05-07,1,Defective
64151,2020-10-06,184,2347,61,2020-10-09,1,Changed Mind
35851,2020-08-20,297,955,91,2020-09-15,1,Changed Mind
47968,2023-02-21,41,3285,74,2023-03-12,1,Wrong Item
83075,2019-07-14,1883,1603,15,2019-07-23,1,Wrong Item
13275,2020-10-09,1013,3594,95,2020-11-01,1,Defective
70283,2019-01-07,1866,1229,10,2019-01-14,1,Changed Mind
29770,2021-05-18,1232,3769,35,2021-06-14,1,Defective
72030,2021-03-08,663,2591,39,2021-03-29,1,Changed Mind
60193,2022-01-09,1788,3443,52,2022-01-14,1,Wrong Item
19224,2022-01-25,359,808,83,2022-02-14,1,Changed Mind
65988,2022-12-29,1663,551,37,2023-01-02,1,Defective
88944,2019-03-02,25,399,68,2019-03-24,1,Changed Mind
71625,2021-03-15,210,813,53,2021-03-30,1,Changed Mind
83858,2023-11-16,1866,3054,27,2023-11-18,1,Wrong Item
99908,2021-01-16,809,590,49,2021-02-07,1,Changed Mind
35594,2022-01-26,1983,3778,79,2022-02-24,1,Changed Mind
64440,2023-05-28,285,2998,1,2023-06-24,1,Defective
88907,2020-02-02,1472,2900,60,2020-02-10,1,Changed Mind
42088,2022-08-14,715,1996,71,2022-09-05,1,Changed Mind
19712,2023-09-10,1403,1198,76,2023-09-23,1,Wrong Item
87675,2019-08-29,1243,683,61,2019-09-13,1,Wrong Item
27344,2022-05-24,228,4521,63,2022-06-18,1,Defective
2947,2021-02-18,1512,4631,57,2021-03-18,1,Changed Mind
81655,2019-03-04,151,1607,26,2019-03-16,1,Defective
19243,2023-06-19,1381,1401,59,2023-07-06,1,Defective
54964,2022-06-22,1871,4942,17,2022-07-03,1,Wrong Item
68929,2020-07-01,682,588,59,2020-07-27,1,Defective
60067,2020-03-15,505,2495,40,2020-03-24,1,Wrong Item
83165,2022-04-22,1508,1197,54,2022-05-09,1,Defective
34966,2019-04-20,528,4098,43,2019-04-30,1,Wrong Item
22384,2020-04-03,1318,3523,45,2020-04-26,1,Defective
97706,2023-07-03,1135,1537,39,2023-07-26,1,Defective
90050,2022-02-05,1174,4156,99,2022-02-10,1,Defective
19765,2020-02-16,1763,1079,85,2020-02-21,1,Wrong Item
66639,2022-10-11,1734,3462,68,2022-10-26,1,Defective
10948,2022-11-25,766,125,22,2022-12-10,1,Defective
69898,2021-04-21,1117,4407,73,2021-05-14,1,Changed Mind
98052,2022-12-26,1559,3458,80,2023-01-23,1,Defective
63629,2020-09-19,1916,1424,18,2020-09-22,1,Changed Mind
14665,2022-12-01,1335,3901,40,2022-12-06,1,Changed Mind
4362,2022-11-12,1287,4724,46,2022-12-11,1,Defective
33449,2019-11-15,78,3438,42,2019-12-05,1,Defective
62354,2020-07-16,153,2738,45,2020-08-11,1,Changed Mind
2765,2020-11-14,961,3796,37,2020-12-11,1,Changed Mind
79878,2022-11-30,131,1005,39,2022-12-29,1,Changed Mind
74605,2020-11-06,743,3414,1,2020-11-25,1,Wrong Item
66233,2019-09-11,1041,3000,83,2019-09-20,1,Defective
4609,2023-01-26,596,517,69,2023-01-27,1,Wrong Item
81163,2022-03-07,472,2394,43,2022-04-02,1,Defective
41652,2019-05-26,889,1903,57,2019-06-09,1,Defective
13328,2021-07-10,440,3928,17,2021-07-14,1,Defective
23379,2019-04-03,504,2958,1,2019-05-01,1,Wrong Item
98736,2022-08-14,550,161,25,2022-08-26,1,Wrong Item
477,2020-11-05,1900,2089,49,2020-11-27,1,Changed Mind
47252,2023-03-09,1359,1883,65,2023-03-31,1,Wrong Item
30099,2020-04-06,806,2305,67,2020-05-03,1,Wrong Item
25141,2021-08-13,1840,4396,62,2021-09-02,1,Defective
11736,2022-12-04,1005,1827,74,2022-12-05,1,Defective
56282,2023-01-29,523,1794,30,2023-02-20,1,Defective
17832,2020-12-02,925,1342,7,2020-12-05,1,Defective
36083,2019-07-24,1985,1824,67,2019-08-11,1,Wrong Item
21617,2020-08-19,351,3486,15,2020-09-16,1,Defective
64674,2020-03-03,820,4129,74,2020-03-08,1,Wrong Item
37502,2022-01-11,1479,3033,39,2022-01-31,1,Changed Mind
36786,2022-08-12,261,2392,60,2022-08-13,1,Defective
27419,2022-03-22,1591,247,62,2022-04-15,1,Wrong Item
77665,2020-09-09,1516,2472,98,2020-09-12,1,Defective
13578,2019-03-22,1028,3290,56,2019-03-31,1,Defective
44543,2019-06-13,177,2358,90,2019-07-12,1,Defective
87623,2022-03-22,1444,1226,76,2022-04-09,1,Defective
5429,2020-02-09,1255,4363,56,2020-02-24,1,Wrong Item
93082,2021-12-25,212,3315,45,2022-01-04,1,Changed Mind
34267,2019-01-22,1734,997,75,2019-02-11,1,Defective
78969,2021-08-04,44,2195,84,2021-09-01,1,Wrong Item
15880,2023-05-13,1190,1176,69,2023-05-23,1,Defective
77878,2021-03-26,858,2246,92,2021-04-10,1,Wrong Item
95268,2020-10-05,1276,1771,55,2020-10-17,1,Wrong Item
31004,2023-04-08,1757,2369,2,2023-04-28,1,Changed Mind
51248,2023-10-15,1082,959,18,2023-10-28,1,Defective
68164,2019-05-19,1990,520,31,2019-06-06,1,Wrong Item
84702,2023-12-29,912,3271,67,2024-01-14,1,Changed Mind
94506,2020-04-12,1393,3948,85,2020-05-03,1,Changed Mind
68687,2021-01-02,140,4613,61,2021-01-30,1,Defective
10816,2022-04-29,662,911,3,2022-05-23,1,Wrong Item
72189,2023-04-20,1097,3108,70,2023-05-18,1,Changed Mind
81591,2019-11-27,1288,2781,70,2019-12-20,1,Defective
25988,2020-02-03,828,1357,40,2020-02-08,1,Defective
45393,2021-10-29,1418,1580,60,2021-10-31,1,Wrong Item
93881,2022-02-01,1185,961,77,2022-02-12,1,Wrong Item
64259,2020-12-25,1920,559,94,2021-01-09,1,Changed Mind
76512,2020-07-07,1316,4307,67,2020-07-31,1,Wrong Item
98139,2020-05-21,11,2327,73,2020-06-05,1,Wrong Item
97717,2022-05-31,1409,813,83,2022-06-20,1,Defective
7363,2023-03-10,551,1313,41,2023-03-26,1,Defective
6492,2019-03-05,1675,2596,53,2019-03-31,1,Changed Mind
14832,2023-11-26,270,2083,45,2023-12-14,1,Wrong Item
82347,2019-09-27,978,4481,1,2019-10-21,1,Defective
49857,2019-09-16,854,4212,44,2019-09-25,1,Changed Mind
26054,2022-03-06,1576,4463,86,2022-03-13,1,Changed Mind
88063,2021-04-11,1705,979,61,2021-04-17,1,Changed Mind
72991,2021-10-22,1828,1722,5,2021-10-24,1,Defective
54394,2022-09-02,309,2049,100,2022-09-23,1,Defective
39346,2019-04-03,187,3477,92,2019-04-22,1,Defective
21730,2020-02-04,1551,4240,78,2020-03-02,1,Defective
49683,2022-07-04,1367,1925,27,2022-07-09,1,Changed Mind
52826,2023-07-28,664,1660,33,2023-08-07,1,Defective
46853,2021-06-17,1985,1250,35,2021-07-14,1,Changed Mind
50044,2022-10-22,1772,1527,25,2022-11-05,1,Wrong Item
32490,2021-07-01,1865,2420,99,2021-07-27,1,Defective
20183,2021-03-15,630,1723,65,2021-03-21,1,Wrong Item
61886,2023-04-04,1406,2100,7,2023-04-20,1,Wrong Item
90898,2022-05-28,655,1041,9,2022-06-20,1,Defective
8086,2023-05-19,1223,3572,44,2023-06-02,1,Wrong Item
19445,2019-07-22,1025,3407,88,2019-08-11,1,Wrong Item
23652,2019-09-08,1842,4334,48,2019-09-24,1,Wrong Item
30001,2021-06-12,1004,1933,56,2021-06-26,1,Wrong Item
83626,2019-02-26,1332,855,20,2019-03-23,1,Defective
45856,2021-08-16,447,3111,87,2021-08-17,1,Wrong Item
98255,2020-02-17,1225,3802,82,2020-03-14,1,Wrong Item
79014,2023-12-27,1966,3217,17,2024-01-22,1,Defective
86645,2023-10-15,1248,1518,38,2023-10-30,1,Defective
83439,2021-02-04,1769,426,39,2021-02-19,1,Changed Mind
86707,2020-04-01,1857,3053,1,2020-04-12,1,Wrong Item
72758,2022-10-25,948,1472,89,2022-10-26,1,Defective
13321,2020-12-16,1104,541,67,2021-01-02,1,Defective
82852,2023-03-15,1311,1755,41,2023-03-16,1,Wrong Item
25671,2020-09-26,429,3409,31,2020-10-02,1,Wrong Item
66499,2022-12-31,1669,3348,31,2023-01-05,1,Wrong Item
41156,2019-07-10,1980,2738,71,2019-07-14,1,Wrong Item
96365,2020-03-09,400,3189,28,2020-03-27,1,Defective
15618,2023-10-30,331,4056,79,2023-11-25,1,Wrong Item
67015,2020-05-05,1090,3484,5,2020-05-18,1,Changed Mind
34722,2019-06-26,1725,3345,17,2019-06-27,1,Changed Mind
83740,2021-11-14,1318,3861,73,2021-12-05,1,Changed Mind
52858,2023-12-01,87,30,26,2023-12-21,1,Wrong Item
54234,2022-03-15,887,659,14,2022-03-28,1,Defective
2695,2021-01-20,1081,184,66,2021-02-02,1,Changed Mind
75691,2022-01-06,509,3391,66,2022-02-02,1,Changed Mind
36373,2023-09-28,1532,795,32,2023-10-07,1,Wrong Item
52374,2022-03-20,465,2309,59,2022-03-30,1,Wrong Item
25370,2022-11-13,1231,4930,82,2022-12-05,1,Wrong Item
93400,2022-03-07,902,582,28,2022-04-03,1,Wrong Item
63120,2022-12-03,1530,2367,17,2022-12-04,1,Changed Mind
95763,2021-02-22,1494,2186,82,2021-03-15,1,Changed Mind
87847,2021-09-28,15,3782,7,2021-10-11,1,Changed Mind
15292,2019-03-25,36,1408,75,2019-03-29,1,Wrong Item
44819,2021-12-04,1477,3746,51,2021-12-26,1,Wrong Item
35096,2020-01-30,17,1645,35,2020-02-06,1,Defective
6937,2021-05-12,250,611,43,2021-05-31,1,Changed Mind
61556,2021-05-01,1288,3174,23,2021-05-23,1,Defective
29719,2021-07-11,1868,1356,25,2021-07-25,1,Wrong Item
69704,2022-11-27,1589,3801,66,2022-12-09,1,Defective
50586,2021-02-17,637,455,65,2021-03-02,1,Defective
37096,2020-11-18,1872,587,88,2020-11-29,1,Wrong Item
9457,2019-08-15,825,1549,38,2019-09-06,1,Changed Mind
88842,2020-02-20,1456,848,38,2020-02-25,1,Changed Mind
47165,2020-11-08,1092,695,18,2020-11-25,1,Defective
44610,2023-12-10,709,4663,33,2023-12-30,1,Defective
87379,2021-06-12,1060,1791,37,2021-07-10,1,Changed Mind
83433,2021-03-24,1156,1708,3,2021-04-01,1,Changed Mind
25362,2019-12-23,1815,345,72,2020-01-05,1,Changed Mind
37800,2020-03-13,175,1229,76,2020-03-17,1,Defective
42746,2021-07-30,1158,4184,10,2021-08-22,1,Defective
60464,2021-10-25,1993,1803,54,2021-11-03,1,Defective
86991,2019-09-03,2,3449,49,2019-09-23,1,Changed Mind
26830,2020-09-15,490,812,61,2020-09-29,1,Defective
73601,2020-02-28,1638,3531,13,2020-03-15,1,Defective
17091,2023-06-09,863,1861,89,2023-06-14,1,Wrong Item
2892,2021-02-18,1907,3443,66,2021-03-08,1,Changed Mind
16070,2022-12-17,1059,1621,5,2022-12-27,1,Defective
49161,2022-06-08,559,102,1,2022-07-04,1,Defective
62116,2020-08-06,914,2859,53,2020-08-21,1,Wrong Item
2438,2022-03-11,1834,4028,44,2022-03-26,1,Defective
21583,2022-10-17,1163,1810,9,2022-10-27,1,Changed Mind
69920,2021-12-25,409,3556,17,2022-01-01,1,Changed Mind
59542,2021-10-06,1361,3654,17,2021-10-11,1,Changed Mind
57992,2021-09-10,1035,4443,82,2021-09-18,1,Defective
56102,2020-12-25,396,3774,39,2021-01-10,1,Changed Mind
17643,2023-05-26,1945,3129,67,2023-05-29,1,Defective
85871,2021-06-14,1735,269,1,2021-07-05,1,Wrong Item
58526,2020-06-06,30,3402,22,2020-07-04,1,Defective
73363,2022-08-25,1145,2093,79,2022-09-10,1,Defective
61821,2021-02-23,1295,2640,41,2021-03-11,1,Changed Mind
32043,2020-10-27,646,3145,15,2020-11-13,1,Wrong Item
44830,2023-02-08,634,1933,64,2023-03-07,1,Changed Mind
15986,2021-05-21,1817,3029,73,2021-05-26,1,Wrong Item
8752,2021-10-03,1299,253,4,2021-10-15,1,Defective
4288,2019-10-28,841,3149,44,2019-11-10,1,Wrong Item
92382,2020-01-30,299,1338,24,2020-02-08,1,Wrong Item
50452,2023-11-06,306,3985,67,2023-11-26,1,Defective
45124,2023-04-01,75,1924,95,2023-04-06,1,Changed Mind
65973,2021-02-02,327,1610,39,2021-02-20,1,Defective
29650,2020-12-19,1360,2531,50,2020-12-31,1,Changed Mind
23156,2023-04-17,1723,2804,34,2023-04-20,1,Wrong Item
50781,2021-03-23,49,3620,34,2021-04-01,1,Wrong Item
56288,2020-10-17,524,3276,91,2020-11-13,1,Wrong Item
56531,2020-06-08,1940,4691,32,2020-06-30,1,Wrong Item
7340,2020-05-21,1468,1985,57,2020-06-10,1,Defective
19535,2019-06-05,1946,3195,81,2019-06-27,1,Wrong Item
50563,2019-10-02,808,4932,5,2019-10-30,1,Wrong Item
96220,2020-07-18,722,4480,95,2020-07-26,1,Changed Mind
58706,2021-08-22,1895,3505,7,2021-08-23,1,Wrong Item
50910,2022-10-10,1279,1328,54,2022-10-20,1,Changed Mind
88487,2020-08-04,1650,4462,51,2020-08-18,1,Wrong Item
79761,2021-01-25,1203,1587,65,2021-02-13,1,Wrong Item
66663,2022-01-16,1221,3717,92,2022-02-03,1,Wrong Item
51688,2021-04-20,629,2389,35,2021-04-21,1,Defective
25811,2023-01-06,153,2085,81,2023-02-01,1,Wrong Item
73372,2022-06-03,1091,3281,43,2022-06-23,1,Defective
86321,2022-11-30,192,3039,34,2022-12-16,1,Changed Mind
82733,2021-09-25,1350,3662,85,2021-10-23,1,Wrong Item
80465,2019-06-29,1576,3415,34,2019-07-21,1,Defective
30126,2022-10-01,936,4229,53,2022-10-12,1,Changed Mind
98469,2021-02-04,1712,2704,49,2021-03-04,1,Wrong Item
98214,2020-01-26,1344,529,11,2020-02-16,1,Wrong Item
59579,2023-11-01,21,2279,44,2023-11-11,1,Wrong Item
55406,2021-11-18,1615,1062,74,2021-11-28,1,Defective
94265,2020-11-02,222,1049,90,2020-11-06,1,Wrong Item
71584,2023-08-27,1043,1046,56,2023-09-13,1,Defective
59997,2019-04-11,1483,3505,4,2019-05-06,1,Wrong Item
12359,2023-11-06,1080,673,31,2023-11-28,1,Changed Mind
88751,2021-06-10,472,1284,58,2021-06-15,1,Defective
31698,2019-01-29,1458,2276,79,2019-02-16,1,Changed Mind
2649,2022-11-20,1024,813,58,2022-12-05,1,Wrong Item
53242,2021-05-12,647,3927,78,2021-06-02,1,Wrong Item
84023,2019-12-25,823,1189,84,2020-01-08,1,Wrong Item
71936,2023-05-27,497,3231,89,2023-06-04,1,Defective
11898,2021-08-03,180,1020,47,2021-08-16,1,Wrong Item
71308,2023-09-05,660,307,80,2023-09-13,1,Wrong Item
72140,2020-05-31,64,3718,16,2020-06-24,1,Wrong Item
6063,2022-03-03,262,4472,21,2022-03-23,1,Wrong Item
20591,2023-04-26,1637,3849,51,2023-04-27,1,Defective
97695,2020-12-30,1667,483,40,2021-01-09,1,Changed Mind
2821,2022-04-30,1896,444,37,2022-05-17,1,Defective
62827,2021-12-08,1464,2804,86,2021-12-23,1,Wrong Item
36615,2021-02-15,1325,885,49,2021-03-01,1,Wrong Item
5347,2023-05-15,364,3374,6,2023-06-12,1,Defective
24041,2022-12-31,380,3338,44,2023-01-22,1,Defective
11039,2021-11-01,1740,3115,7,2021-11-22,1,Changed Mind
19469,2019-06-13,309,2945,5,2019-06-27,1,Defective
3432,2022-01-31,1551,2278,30,2022-02-12,1,Defective
8823,2021-05-28,237,3676,55,2021-06-13,1,Changed Mind
5639,2022-09-28,225,3799,37,2022-10-10,1,Wrong Item
33310,2019-01-11,997,3461,45,2019-02-09,1,Changed Mind
63548,2020-09-28,382,4124,59,2020-10-12,1,Changed Mind
98475,2023-04-04,1426,4330,55,2023-04-10,1,Wrong Item
19730,2023-03-06,1162,2466,13,2023-03-28,1,Defective
10971,2019-08-27,619,449,38,2019-09-01,1,Changed Mind
60397,2021-03-27,1747,4357,17,2021-03-30,1,Changed Mind
53393,2021-11-09,659,555,42,2021-11-17,1,Defective
56756,2021-08-25,939,4566,77,2021-09-05,1,Defective
46919,2019-05-20,930,2026,13,2019-06-18,1,Defective
54051,2022-11-17,502,4827,79,2022-12-14,1,Wrong Item
49454,2021-10-09,1115,1703,64,2021-11-03,1,Wrong Item
58557,2020-12-07,1090,1870,88,2020-12-11,1,Changed Mind
37279,2021-10-18,1459,3890,89,2021-11-08,1,Defective
11251,2019-02-07,1641,14,72,2019-02-14,1,Wrong Item
95721,2022-02-25,1164,4926,37,2022-03-14,1,Changed Mind
30273,2021-10-17,1988,2708,95,2021-11-07,1,Defective
8326,2021-03-01,450,3380,50,2021-03-09,1,Wrong Item
84831,2022-12-28,718,4907,1,2023-01-02,1,Wrong Item
54369,2019-02-02,855,1761,9,2019-02-11,1,Changed Mind
88280,2022-05-29,1226,1243,86,2022-06-22,1,Defective
6330,2021-09-08,1745,1228,29,2021-09-09,1,Defective
47766,2023-02-07,1478,4110,73,2023-02-16,1,Defective
803,2021-10-28,1981,445,22,2021-10-30,1,Changed Mind
79006,2019-12-10,1046,3222,45,2019-12-24,1,Defective
99836,2020-06-30,79,4840,86,2020-07-29,1,Changed Mind
36782,2020-11-22,1277,4080,82,2020-11-27,1,Defective
55370,2021-05-02,1813,4081,80,2021-05-23,1,Defective
77135,2021-05-09,1527,1315,41,2021-05-25,1,Wrong Item
91215,2019-03-10,108,1816,89,2019-04-02,1,Wrong Item
41797,2022-12-28,660,3913,87,2023-01-07,1,Changed Mind
38487,2023-11-15,224,2705,77,2023-12-13,1,Defective
36690,2021-04-06,1904,2692,81,2021-04-13,1,Changed Mind
29973,2023-03-23,1854,856,87,2023-03-26,1,Defective
26143,2019-04-30,1292,142,12,2019-05-06,1,Defective
58781,2019-01-22,705,779,33,2019-02-11,1,Changed Mind
63219,2023-07-06,354,1211,48,2023-07-23,1,Changed Mind
27668,2022-01-18,110,3640,7,2022-01-22,1,Changed Mind
8914,2019-05-12,621,2059,49,2019-05-29,1,Changed Mind
4281,2019-09-21,310,1055,27,2019-10-19,1,Wrong Item
94803,2019-06-17,1066,516,16,2019-06-20,1,Defective
3023,2022-09-26,1077,4823,9,2022-09-29,1,Defective
98691,2021-10-28,1757,3827,20,2021-11-18,1,Wrong Item
87160,2023-05-12,66,3595,96,2023-06-03,1,Changed Mind
48307,2022-08-02,1095,195,99,2022-08-22,1,Changed Mind
32756,2021-01-26,1748,2793,2,2021-02-21,1,Defective
53851,2019-07-30,1771,3789,30,2019-08-15,1,Defective
71403,2021-02-22,1205,591,83,2021-03-16,1,Wrong Item
95469,2019-09-06,342,3984,39,2019-09-24,1,Changed Mind
86628,2022-08-11,1869,3131,3,2022-08-12,1,Changed Mind
38859,2020-02-23,698,4116,44,2020-03-16,1,Wrong Item
96661,2019-10-13,133,675,21,2019-11-02,1,Wrong Item
59700,2023-12-18,911,1080,47,2023-12-25,1,Changed Mind
54544,2019-07-06,1379,4704,52,2019-07-14,1,Defective
64625,2020-08-20,762,3034,69,2020-08-24,1,Defective
71011,2020-05-24,911,4971,63,2020-06-18,1,Changed Mind
69400,2022-10-04,109,3941,81,2022-10-25,1,Changed Mind
11839,2020-11-14,301,2055,70,2020-11-25,1,Wrong Item
7970,2021-07-28,1011,654,85,2021-07-29,1,Changed Mind
73558,2023-03-23,893,1288,97,2023-04-09,1,Wrong Item
4452,2021-09-15,281,578,56,2021-09-19,1,Wrong Item
67531,2019-10-31,1848,1959,40,2019-11-04,1,Changed Mind
96150,2022-07-16,1134,133,67,2022-07-22,1,Defective
89220,2021-07-21,782,385,57,2021-08-03,1,Defective
76370,2021-09-27,1960,890,10,2021-10-16,1,Wrong Item
36719,2019-05-08,810,3527,8,2019-06-03,1,Defective
50797,2021-07-26,1829,2667,9,2021-08-12,1,Defective
61025,2023-03-23,1104,4131,86,2023-03-30,1,Defective
99625,2021-12-14,563,2930,52,2022-01-05,1,Changed Mind
37663,2020-05-19,1526,149,40,2020-05-23,1,Wrong Item
18671,2019-10-13,1523,1222,68,2019-10-31,1,Changed Mind
6819,2020-10-21,1720,864,96,2020-11-06,1,Changed Mind
62110,2020-06-22,591,750,26,2020-07-12,1,Defective
77000,2021-05-19,1288,3189,12,2021-06-07,1,Changed Mind
71889,2022-05-20,908,222,6,2022-06-02,1,Wrong Item
30492,2021-02-22,908,3358,41,2021-03-13,1,Defective
34293,2020-05-13,112,2373,81,2020-06-07,1,Wrong Item
60204,2023-06-22,1854,2595,4,2023-07-02,1,Wrong Item
50856,2020-05-13,1663,2140,10,2020-05-24,1,Defective
61768,2021-01-06,1147,517,95,2021-02-02,1,Defective
11907,2019-05-07,1175,3360,6,2019-05-11,1,Wrong Item
66241,2023-04-16,733,1760,48,2023-04-20,1,Wrong Item
73521,2020-01-09,1956,166,22,2020-01-21,1,Defective
32097,2019-08-13,389,3361,18,2019-09-09,1,Changed Mind
63444,2022-08-11,1782,4492,10,2022-08-25,1,Changed Mind
4907,2022-10-31,1580,1607,37,2022-11-21,1,Wrong Item
68549,2019-05-18,1937,2904,50,2019-05-30,1,Wrong Item
30814,2020-02-17,613,3229,29,2020-02-27,1,Wrong Item
87340,2023-02-23,14,1913,23,2023-03-14,1,Defective
81718,2023-02-02,1404,3576,32,2023-02-16,1,Defective
62804,2023-04-16,1594,686,15,2023-04-28,1,Defective
82243,2021-02-08,132,1116,89,2021-03-07,1,Wrong Item
29353,2022-03-04,393,3085,73,2022-03-20,1,Wrong Item
80825,2020-07-21,464,4946,49,2020-08-15,1,Defective
90076,2019-10-18,1850,1159,25,2019-11-06,1,Wrong Item
33910,2021-01-30,446,3843,25,2021-02-12,1,Defective
66028,2020-08-23,114,4777,90,2020-09-03,1,Changed Mind
70315,2021-06-23,1891,3461,65,2021-07-06,1,Wrong Item
90238,2019-04-29,42,2980,50,2019-05-07,1,Defective
72445,2023-02-04,19,988,33,2023-03-02,1,Wrong Item
65575,2020-02-25,1780,1323,13,2020-03-05,1,Defective
37857,2021-12-11,665,4646,48,2021-12-17,1,Changed Mind
41184,2023-04-01,1241,800,45,2023-04-08,1,Defective
20866,2023-05-31,755,1807,1,2023-06-20,1,Wrong Item
36095,2022-01-28,1896,573,9,2022-02-01,1,Defective
96669,2022-11-30,248,3832,44,2022-12-13,1,Defective
18568,2021-10-31,924,10,87,2021-11-05,1,Wrong Item
76036,2020-07-31,1054,3282,1,2020-08-11,1,Defective
5271,2020-06-04,1837,4744,43,2020-06-30,1,Changed Mind
66489,2019-08-16,1211,1991,45,2019-09-08,1,Changed Mind
30641,2021-06-18,1801,2849,13,2021-07-16,1,Wrong Item
13397,2020-01-22,1598,4523,60,2020-02-04,1,Changed Mind
85074,2023-03-01,194,402,18,2023-03-03,1,Wrong Item
90788,2023-01-19,1077,3945,9,2023-01-23,1,Changed Mind
37251,2022-05-10,495,80,20,2022-05-26,1,Changed Mind
48859,2019-12-15,1112,1519,47,2020-01-11,1,Wrong Item
7933,2020-07-24,1660,4991,8,2020-08-03,1,Changed Mind
27699,2023-01-14,1296,1907,33,2023-01-20,1,Wrong Item
47303,2020-01-02,806,3326,24,2020-01-06,1,Defective
35753,2019-07-12,563,4389,49,2019-08-09,1,Defective
31788,2020-05-16,1501,2083,85,2020-05-31,1,Wrong Item
37295,2022-04-05,1844,4817,18,2022-05-01,1,Wrong Item
1054,2021-03-02,1166,768,72,2021-03-28,1,Changed Mind
92045,2021-12-05,193,324,79,2021-12-11,1,Changed Mind
76704,2022-02-17,1042,668,8,2022-03-04,1,Defective
78315,2023-09-07,1327,686,50,2023-09-24,1,Changed Mind
71683,2020-08-15,334,3425,83,2020-08-26,1,Defective
79947,2022-04-17,1904,3539,9,2022-05-05,1,Defective
83990,2019-08-15,1623,2878,45,2019-08-26,1,Defective
98573,2023-07-05,1103,2573,33,2023-07-17,1,Wrong Item
53237,2023-01-29,1443,4881,55,2023-02-13,1,Defective
61639,2023-11-17,1009,2693,100,2023-12-03,1,Defective
41999,2022-05-07,1288,4420,98,2022-05-08,1,Wrong Item
13815,2023-03-14,1271,3893,97,2023-03-20,1,Defective
71141,2019-03-04,1114,2416,67,2019-03-15,1,Defective
97947,2022-05-05,1579,4634,55,2022-05-10,1,Changed Mind
46728,2021-02-15,1508,3802,3,2021-02-20,1,Changed Mind
33111,2020-10-29,1749,3489,1,2020-11-02,1,Wrong Item
86155,2020-02-16,1537,1316,100,2020-02-19,1,Defective
66285,2022-09-28,826,346,24,2022-10-16,1,Changed Mind
70417,2022-11-18,1143,157,56,2022-12-13,1,Defective
63264,2020-04-11,1679,1899,47,2020-04-15,1,Changed Mind
91902,2021-01-09,1902,4345,33,2021-01-13,1,Defective
20630,2020-06-11,477,4608,68,2020-06-14,1,Wrong Item
46029,2023-08-30,1795,502,73,2023-09-06,1,Wrong Item
84024,2023-11-19,1350,4989,45,2023-12-13,1,Changed Mind
28383,2021-06-07,1272,3664,36,2021-06-21,1,Wrong Item
27048,2021-08-31,360,3127,83,2021-09-11,1,Wrong Item
3395,2023-05-01,1264,2697,70,2023-05-14,1,Changed Mind
11408,2023-10-27,1479,2200,70,2023-11-18,1,Changed Mind
19768,2022-02-11,853,2330,66,2022-03-02,1,Wrong Item
9690,2022-04-04,1669,228,99,2022-04-23,1,Changed Mind
39251,2020-11-07,1558,221,84,2020-11-16,1,Changed Mind
24081,2019-11-23,487,2548,78,2019-12-07,1,Changed Mind
13952,2022-03-06,1086,2578,2,2022-03-08,1,Defective
81314,2020-02-29,1438,2659,42,2020-03-01,1,Defective
23169,2019-03-11,332,3291,7,2019-03-30,1,Defective
17589,2020-08-04,876,107,95,2020-08-23,1,Changed Mind
32547,2020-01-02,92,4126,24,2020-01-04,1,Wrong Item
55494,2023-01-02,1474,3240,41,2023-01-29,1,Defective
14556,2022-03-18,1308,690,34,2022-03-29,1,Changed Mind
27117,2021-01-28,1865,2227,40,2021-01-31,1,Changed Mind
43988,2019-04-17,610,519,53,2019-05-04,1,Changed Mind
42745,2021-01-25,858,1839,84,2021-02-14,1,Defective
23273,2020-12-19,1650,4879,52,2021-01-14,1,Changed Mind
16425,2019-12-26,1907,802,12,2020-01-22,1,Wrong Item
31528,2021-03-04,943,4492,9,2021-03-28,1,Changed Mind
33012,2023-05-02,1067,3368,26,2023-05-08,1,Wrong Item
89109,2020-02-15,432,4621,55,2020-03-03,1,Changed Mind
11752,2023-12-06,1298,4030,26,2024-01-03,1,Defective
54353,2023-03-16,491,4911,38,2023-03-24,1,Defective
66949,2019-12-13,1724,1512,67,2019-12-14,1,Wrong Item
62429,2023-07-24,616,4537,96,2023-07-27,1,Wrong Item
84627,2020-06-09,685,2731,79,2020-06-16,1,Defective
94604,2022-07-02,20,3863,34,2022-07-13,1,Defective
65578,2023-11-14,354,4228,39,2023-11-24,1,Defective
87337,2023-05-04,1341,1726,91,2023-05-08,1,Wrong Item
87757,2022-01-19,1055,2279,65,2022-02-13,1,Wrong Item
78173,2020-08-16,460,2280,35,2020-09-03,1,Defective
6145,2020-10-15,1923,2396,57,2020-11-10,1,Defective
69645,2020-04-08,1934,4970,27,2020-05-01,1,Changed Mind
11834,2019-03-07,1739,3452,60,2019-03-21,1,Changed Mind
92460,2020-05-04,1753,373,24,2020-05-22,1,Changed Mind
82282,2022-10-17,598,1341,20,2022-11-15,1,Defective
63807,2020-05-12,1135,4350,25,2020-05-26,1,Wrong Item
2291,2020-09-10,1447,2235,12,2020-10-05,1,Defective
62951,2022-11-13,674,177,80,2022-11-24,1,Changed Mind
53685,2019-09-11,1937,2212,33,2019-10-09,1,Defective
90186,2022-12-28,527,3972,23,2023-01-17,1,Wrong Item
5310,2021-01-27,1486,1170,74,2021-02-18,1,Wrong Item
97468,2021-01-21,58,2333,13,2021-02-04,1,Changed Mind
41513,2022-12-18,388,616,65,2023-01-10,1,Defective
72480,2023-04-21,429,2228,20,2023-05-02,1,Wrong Item
71620,2020-05-07,991,1092,10,2020-05-08,1,Defective
17010,2023-09-19,313,3146,83,2023-10-11,1,Changed Mind
42365,2022-04-23,1448,1937,82,2022-04-27,1,Changed Mind
85085,2022-11-15,1346,1030,2,2022-11-30,1,Changed Mind
20788,2021-02-26,1490,102,22,2021-03-17,1,Defective
34151,2023-08-14,837,2413,72,2023-08-17,1,Defective
23304,2022-02-02,1800,3835,88,2022-02-15,1,Changed Mind
88226,2020-02-27,405,1145,52,2020-02-28,1,Changed Mind
46190,2022-07-29,699,165,20,2022-08-02,1,Defective
14614,2022-06-15,1681,2086,35,2022-06-27,1,Changed Mind
97941,2022-06-05,528,2154,39,2022-06-28,1,Wrong Item
82426,2022-10-08,1967,977,95,2022-10-16,1,Changed Mind
35528,2022-05-16,880,2517,19,2022-06-04,1,Changed Mind
71024,2019-10-31,1763,3989,16,2019-11-22,1,Changed Mind
36333,2020-11-23,880,2726,83,2020-11-24,1,Changed Mind
3396,2021-08-30,552,526,61,2021-09-06,1,Defective
21398,2023-08-22,428,3577,53,2023-09-06,1,Changed Mind
87182,2020-11-23,1068,2438,43,2020-12-15,1,Changed Mind
79107,2020-01-02,212,4093,20,2020-01-06,1,Defective
77231,2019-01-02,1511,3213,61,2019-01-20,1,Defective
31998,2023-08-16,262,4631,63,2023-09-09,1,Changed Mind
85010,2019-07-06,1901,4269,77,2019-07-12,1,Defective
92608,2022-03-05,351,199,45,2022-03-11,1,Wrong Item
6154,2021-12-24,1664,650,41,2022-01-09,1,Defective
68095,2021-12-11,1725,3132,79,2021-12-19,1,Defective
19932,2021-03-11,1299,150,68,2021-03-22,1,Wrong Item
44260,2022-04-29,302,2527,17,2022-05-05,1,Defective
65567,2021-10-31,347,889,96,2021-11-08,1,Changed Mind
34918,2019-06-25,1909,985,91,2019-07-21,1,Wrong Item
40115,2022-07-08,579,153,41,2022-07-22,1,Wrong Item
57652,2021-08-23,824,951,85,2021-08-31,1,Changed Mind
46743,2023-06-05,50,1442,9,2023-06-18,1,Wrong Item
8601,2019-12-27,1772,1354,4,2020-01-23,1,Defective
35198,2019-11-01,1010,4152,91,2019-11-30,1,Defective
4386,2020-06-17,508,736,31,2020-07-07,1,Changed Mind
42793,2023-01-20,172,384,38,2023-01-24,1,Wrong Item
41256,2020-05-30,1496,1186,45,2020-06-07,1,Wrong Item
6982,2021-04-05,838,1862,90,2021-04-29,1,Defective
27410,2021-07-26,354,4917,96,2021-08-23,1,Changed Mind
11833,2020-10-06,158,3935,1,2020-10-15,1,Wrong Item
44720,2019-07-05,210,4764,11,2019-07-23,1,Changed Mind
20981,2019-06-10,370,4477,68,2019-06-25,1,Wrong Item
57225,2021-02-20,186,4723,3,2021-02-22,1,Wrong Item
23911,2020-03-26,1469,4575,77,2020-03-31,1,Wrong Item
41657,2023-06-16,1552,2936,85,2023-07-13,1,Changed Mind
62990,2023-09-08,1330,2278,95,2023-09-24,1,Wrong Item
51892,2020-03-21,1478,1818,93,2020-04-07,1,Defective
18309,2022-07-22,441,902,82,2022-07-31,1,Wrong Item
82354,2021-12-06,1435,3186,70,2021-12-16,1,Wrong Item
35875,2020-01-04,436,2,88,2020-01-19,1,Wrong Item
37393,2019-01-05,106,2583,41,2019-01-29,1,Wrong Item
83150,2020-01-14,1395,2405,67,2020-01-19,1,Wrong Item
16324,2023-09-11,479,1860,89,2023-09-18,1,Wrong Item
64285,2020-12-24,859,3049,81,2021-01-10,1,Wrong Item
71783,2021-01-24,1644,1303,47,2021-01-29,1,Wrong Item
84075,2020-04-17,692,4647,27,2020-04-27,1,Wrong Item
33807,2020-07-01,829,1954,52,2020-07-29,1,Defective
87963,2020-10-25,1312,3932,10,2020-11-03,1,Defective
95420,2022-07-29,1869,3632,99,2022-08-15,1,Changed Mind
3936,2023-08-22,1102,2994,100,2023-09-12,1,Defective
7449,2022-06-04,1507,3374,83,2022-06-25,1,Changed Mind
14118,2023-08-16,1890,2535,6,2023-09-05,1,Changed Mind
5394,2020-08-03,1278,738,35,2020-08-20,1,Wrong Item
69333,2023-03-10,1699,1587,1,2023-03-13,1,Wrong Item
87685,2020-07-21,424,3268,42,2020-07-29,1,Changed Mind
48388,2022-02-07,303,2371,49,2022-02-15,1,Changed Mind
58310,2019-05-11,134,406,48,2019-05-25,1,Wrong Item
77211,2019-12-13,573,2675,96,2020-01-07,1,Changed Mind
51590,2019-12-04,432,1326,58,2019-12-26,1,Defective
48311,2023-10-14,1998,3386,83,2023-11-03,1,Wrong Item
61779,2021-01-14,1944,4907,37,2021-01-17,1,Defective
15441,2021-04-07,1998,151,73,2021-04-11,1,Changed Mind
74567,2023-11-10,847,3307,66,2023-12-01,1,Defective
68017,2021-06-14,805,225,66,2021-07-13,1,Wrong Item
14713,2023-04-06,368,29,14,2023-05-03,1,Defective
32799,2021-04-13,1636,3289,15,2021-04-14,1,Changed Mind
27459,2020-02-06,690,3914,52,2020-02-12,1,Wrong Item
41857,2023-01-10,1673,1100,22,2023-01-14,1,Defective
16276,2023-03-09,1263,3889,42,2023-03-12,1,Defective
22920,2020-08-18,657,2321,74,2020-09-08,1,Defective
91695,2021-07-21,844,4562,2,2021-08-16,1,Defective
20199,2023-07-24,1537,1092,11,2023-07-30,1,Wrong Item
97282,2022-03-30,564,3676,69,2022-04-12,1,Changed Mind
96927,2020-09-17,698,2935,77,2020-09-20,1,Wrong Item
15672,2020-02-06,1294,766,96,2020-02-13,1,Wrong Item
20015,2021-08-21,78,2797,29,2021-09-05,1,Wrong Item
67921,2023-02-05,309,4579,13,2023-02-09,1,Wrong Item
70444,2019-10-01,578,1204,41,2019-10-14,1,Defective
8214,2021-09-22,35,1549,27,2021-10-06,1,Changed Mind
84776,2020-12-13,806,2236,24,2020-12-15,1,Defective
5758,2021-07-30,1493,72,48,2021-08-14,1,Changed Mind
84736,2021-10-08,557,4173,7,2021-10-26,1,Changed Mind
69517,2021-11-02,622,4257,93,2021-11-11,1,Wrong Item
97978,2020-10-23,691,3044,70,2020-11-02,1,Defective
26128,2023-01-13,1561,117,38,2023-01-19,1,Changed Mind
77627,2019-09-01,106,2077,17,2019-09-29,1,Defective
41772,2019-07-16,971,3663,50,2019-08-07,1,Defective
78822,2020-10-28,1921,1181,88,2020-10-31,1,Changed Mind
72890,2023-04-04,1985,1033,55,2023-04-23,1,Defective
55255,2021-01-26,11,550,6,2021-02-02,1,Changed Mind
7428,2020-02-17,1119,3344,58,2020-03-05,1,Defective
62488,2023-09-13,1335,3654,11,2023-10-06,1,Defective
30503,2022-10-16,1771,1757,48,2022-10-30,1,Defective
57002,2022-12-03,1496,1479,78,2022-12-14,1,Changed Mind
6663,2023-08-16,513,4111,49,2023-09-04,1,Changed Mind
26706,2019-11-21,1803,870,44,2019-12-03,1,Wrong Item
5867,2020-08-08,182,932,100,2020-09-04,1,Defective
50580,2022-08-05,574,3646,85,2022-08-21,1,Changed Mind
96921,2021-02-21,977,2059,32,2021-02-26,1,Defective
66867,2020-05-19,565,2965,27,2020-06-14,1,Wrong Item
77050,2023-12-06,1901,4678,16,2023-12-20,1,Defective
48213,2022-01-23,1626,2245,22,2022-02-10,1,Defective
94616,2020-01-07,47,3348,6,2020-01-10,1,Wrong Item
87642,2023-02-10,598,2359,29,2023-02-20,1,Changed Mind
11617,2023-09-28,780,3986,8,2023-10-04,1,Changed Mind
72864,2019-08-01,1490,4215,92,2019-08-15,1,Wrong Item
51382,2023-01-15,195,1349,3,2023-02-11,1,Wrong Item
30096,2022-03-29,1439,2033,67,2022-04-06,1,Changed Mind
33863,2020-09-10,556,4142,53,2020-09-26,1,Wrong Item
29787,2023-09-06,1716,4590,66,2023-09-27,1,Defective
26147,2023-09-11,1445,4146,88,2023-09-21,1,Defective
93487,2020-10-06,1714,3991,72,2020-10-30,1,Wrong Item
14895,2023-07-03,21,4015,66,2023-07-26,1,Defective
77670,2021-11-03,60,109,98,2021-11-10,1,Defective
65811,2020-03-09,1530,4862,16,2020-03-28,1,Changed Mind
49706,2020-10-03,1476,2249,67,2020-10-24,1,Defective
20693,2020-03-05,699,3185,36,2020-03-30,1,Wrong Item
17097,2019-10-10,1185,3322,48,2019-10-30,1,Changed Mind
43345,2019-08-06,1521,191,59,2019-08-09,1,Defective
59555,2023-09-25,1554,1468,30,2023-10-24,1,Changed Mind
49837,2021-11-10,934,3875,73,2021-12-02,1,Wrong Item
36014,2019-12-13,930,2348,23,2019-12-14,1,Wrong Item
77158,2022-08-28,74,4815,74,2022-09-11,1,Defective
61226,2023-11-20,1559,1315,16,2023-12-17,1,Changed Mind
79537,2022-05-25,815,3845,81,2022-06-15,1,Changed Mind
87663,2020-10-04,1490,2911,78,2020-10-06,1,Wrong Item
41009,2022-04-19,1334,574,34,2022-05-14,1,Wrong Item
67659,2019-06-08,537,4830,7,2019-06-30,1,Wrong Item
6153,2019-05-05,1045,1299,21,2019-05-21,1,Defective
23727,2020-05-23,129,169,43,2020-05-24,1,Changed Mind
81028,2022-05-12,1984,1477,4,2022-05-19,1,Wrong Item
20296,2019-07-28,417,1041,1,2019-08-23,1,Wrong Item
12259,2022-02-21,1738,319,34,2022-03-22,1,Changed Mind
68065,2019-07-14,1295,2879,63,2019-07-20,1,Defective
56768,2022-10-30,1252,2179,99,2022-10-31,1,Wrong Item
25666,2019-10-24,101,1394,16,2019-10-31,1,Wrong Item
33676,2022-09-21,1273,3027,81,2022-09-23,1,Defective
80540,2019-07-11,1563,2071,88,2019-08-03,1,Changed Mind
1127,2021-04-16,1772,214,80,2021-04-22,1,Wrong Item
1582,2021-07-31,1964,4391,29,2021-08-03,1,Changed Mind
98523,2019-03-25,360,1278,40,2019-04-18,1,Defective
13530,2023-03-04,1787,1329,33,2023-03-17,1,Wrong Item
51063,2022-01-11,609,1569,90,2022-01-29,1,Defective
21694,2023-05-16,1275,1905,36,2023-05-22,1,Changed Mind
28438,2022-05-01,76,2798,8,2022-05-20,1,Changed Mind
24116,2023-05-03,779,2703,1,2023-05-23,1,Changed Mind
9733,2023-12-19,228,2128,96,2023-12-30,1,Defective
59778,2019-11-08,1213,3247,57,2019-11-11,1,Defective
73051,2021-01-13,1106,1684,71,2021-01-19,1,Changed Mind
53670,2020-05-02,1829,306,14,2020-05-26,1,Wrong Item
96923,2019-09-17,1994,4535,26,2019-10-06,1,Defective
2236,2022-12-14,1910,3083,46,2022-12-28,1,Wrong Item
19649,2019-11-07,1705,2197,54,2019-11-08,1,Changed Mind
62513,2020-10-22,1786,43,47,2020-11-12,1,Changed Mind
7885,2021-01-24,844,3848,39,2021-01-30,1,Defective
48337,2020-08-30,42,272,54,2020-09-21,1,Defective
71512,2020-10-15,433,1946,14,2020-11-02,1,Wrong Item
74675,2020-04-02,1749,4662,24,2020-04-16,1,Defective
74518,2023-05-12,1589,1197,58,2023-05-29,1,Defective
60159,2022-01-14,1033,4418,85,2022-01-30,1,Defective
91800,2021-02-22,1942,3861,70,2021-03-05,1,Wrong Item
35275,2021-09-13,60,809,69,2021-10-08,1,Changed Mind
62330,2021-07-29,1525,2932,2,2021-08-19,1,Changed Mind
75030,2020-11-30,3,1727,21,2020-12-21,1,Wrong Item
98023,2021-09-01,1553,1378,53,2021-09-27,1,Changed Mind
5212,2020-03-26,1139,3858,85,2020-04-16,1,Changed Mind
19941,2021-06-11,510,4973,41,2021-06-14,1,Wrong Item
49961,2021-07-21,1236,1874,80,2021-08-07,1,Defective
44305,2020-02-23,1036,2963,28,2020-02-25,1,Changed Mind
21968,2019-04-13,713,4802,40,2019-05-01,1,Defective
37859,2023-02-01,270,4028,84,2023-02-18,1,Changed Mind
39651,2020-09-22,1381,4390,40,2020-10-08,1,Wrong Item
49735,2020-03-23,1910,3546,58,2020-04-21,1,Wrong Item
21005,2019-02-08,1359,3740,96,2019-03-05,1,Defective
95820,2021-07-12,371,110,69,2021-07-22,1,Changed Mind
80700,2023-04-03,205,813,63,2023-04-07,1,Defective
90722,2021-08-02,1974,573,98,2021-08-08,1,Wrong Item
16988,2020-06-28,1474,3444,68,2020-07-13,1,Changed Mind
99765,2020-10-23,196,689,63,2020-11-09,1,Changed Mind
98528,2023-05-08,1054,1252,29,2023-05-17,1,Wrong Item
33135,2019-05-23,711,4719,54,2019-06-08,1,Changed Mind
33817,2019-07-13,66,2491,24,2019-07-23,1,Defective
43230,2021-11-18,1544,3832,72,2021-11-22,1,Wrong Item
44025,2022-02-01,1049,3143,30,2022-02-24,1,Changed Mind
38374,2019-01-29,1789,2240,93,2019-02-08,1,Changed Mind
44152,2020-03-04,225,4481,44,2020-03-08,1,Wrong Item
29307,2020-08-30,1146,1596,6,2020-09-02,1,Changed Mind
21927,2021-09-04,1352,3108,97,2021-09-10,1,Defective
18830,2022-12-30,1801,2984,40,2023-01-24,1,Defective
68846,2020-02-10,369,1230,80,2020-02-29,1,Defective
14306,2022-08-07,1890,183,45,2022-08-12,1,Changed Mind
18658,2020-04-09,1023,2858,73,2020-05-07,1,Changed Mind
28609,2021-01-01,627,3539,97,2021-01-13,1,Changed Mind
1183,2022-05-21,817,807,16,2022-06-06,1,Changed Mind
36628,2023-04-26,147,958,93,2023-05-20,1,Changed Mind
77040,2021-10-27,1814,3628,68,2021-11-20,1,Defective
73468,2019-06-28,772,714,8,2019-07-23,1,Wrong Item
9282,2023-10-07,1670,1775,15,2023-10-08,1,Wrong Item
8230,2021-05-02,103,474,55,2021-05-29,1,Defective
52439,2022-05-20,505,2711,80,2022-06-17,1,Wrong Item
49266,2020-07-29,1564,4146,92,2020-08-14,1,Wrong Item
32550,2023-02-25,1766,5,24,2023-03-10,1,Wrong Item
58578,2022-12-22,1897,3821,12,2022-12-26,1,Changed Mind
50311,2022-12-25,1559,644,76,2023-01-01,1,Wrong Item
8732,2021-03-02,1451,3121,36,2021-03-11,1,Wrong Item
78086,2020-06-22,1801,1334,51,2020-06-29,1,Defective
60088,2023-09-13,1652,4825,30,2023-09-18,1,Changed Mind
69774,2022-04-02,1315,3759,52,2022-04-09,1,Defective
87022,2022-12-08,1920,588,28,2023-01-02,1,Wrong Item
64727,2021-02-05,1439,3766,59,2021-02-24,1,Changed Mind
64040,2022-10-23,1357,897,76,2022-10-24,1,Changed Mind
11598,2023-06-10,1311,531,42,2023-06-15,1,Changed Mind
26224,2019-04-28,1491,3230,66,2019-05-23,1,Wrong Item
23102,2022-10-15,1487,2209,46,2022-10-30,1,Defective
16755,2021-03-07,1766,4946,3,2021-03-14,1,Wrong Item
36150,2019-02-26,1477,4504,50,2019-03-05,1,Defective
88424,2023-02-22,1458,3386,7,2023-03-11,1,Changed Mind
96028,2023-07-24,556,734,9,2023-08-15,1,Wrong Item
82140,2020-11-14,737,1077,51,2020-11-22,1,Wrong Item
97753,2020-06-27,1149,3683,81,2020-07-18,1,Changed Mind
88275,2019-01-24,1531,4096,75,2019-02-11,1,Defective
91735,2019-01-19,1715,2420,48,2019-01-21,1,Defective
71394,2020-05-08,1449,2550,42,2020-05-10,1,Wrong Item
78941,2022-12-07,664,4355,68,2022-12-27,1,Defective
48912,2020-06-22,1075,1857,6,2020-06-24,1,Changed Mind
25272,2019-08-09,1883,4866,10,2019-08-15,1,Changed Mind
89993,2022-03-04,1726,2761,30,2022-03-24,1,Changed Mind
84289,2021-03-20,1503,2968,88,2021-03-28,1,Wrong Item
8691,2020-02-15,1389,3526,75,2020-03-04,1,Defective
47510,2022-05-19,677,853,19,2022-06-03,1,Defective
99229,2023-08-07,1179,766,49,2023-08-13,1,Defective
8836,2020-08-10,1998,787,22,2020-08-18,1,Wrong Item
35634,2023-03-24,668,4600,27,2023-04-11,1,Changed Mind
29059,2020-01-18,1599,3117,38,2020-02-15,1,Changed Mind
40448,2020-07-21,868,1735,33,2020-08-01,1,Changed Mind
37326,2022-11-20,1780,2022,94,2022-12-01,1,Wrong Item
35218,2022-10-02,923,3097,17,2022-10-23,1,Wrong Item
71484,2023-05-01,1751,3772,43,2023-05-06,1,Wrong Item
65689,2019-09-09,687,3905,67,2019-10-03,1,Changed Mind
68855,2023-10-22,1008,2629,93,2023-11-07,1,Changed Mind
30691,2020-05-23,970,3409,49,2020-05-31,1,Changed Mind
11070,2020-11-24,1708,1488,98,2020-12-08,1,Wrong Item
7127,2020-12-08,1660,4148,1,2021-01-01,1,Defective
61731,2019-10-08,1371,3125,91,2019-10-28,1,Defective
38950,2019-02-11,1759,3032,65,2019-03-05,1,Defective
41374,2023-06-13,144,791,54,2023-07-09,1,Changed Mind
9925,2021-03-19,782,2205,8,2021-04-15,1,Wrong Item
73280,2021-08-03,876,4945,57,2021-08-12,1,Defective
62823,2022-02-21,784,1686,98,2022-02-25,1,Defective
60649,2019-02-11,1379,2885,14,2019-03-10,1,Wrong Item
15001,2020-12-18,530,1828,33,2020-12-20,1,Defective
67087,2020-10-09,642,4910,78,2020-10-10,1,Changed Mind
59935,2022-10-22,624,3650,26,2022-11-11,1,Wrong Item
33119,2019-08-19,1194,505,46,2019-08-23,1,Wrong Item
77112,2022-12-11,485,3875,52,2023-01-03,1,Changed Mind
485,2022-01-31,22,3557,62,2022-02-12,1,Defective
92909,2021-10-15,982,3381,9,2021-10-19,1,Defective
83658,2020-03-21,274,2709,43,2020-03-30,1,Wrong Item
42132,2022-10-13,1150,4253,4,2022-10-31,1,Changed Mind
73732,2020-11-18,1270,2996,74,2020-11-22,1,Wrong Item
26398,2021-11-10,1861,4825,75,2021-12-01,1,Defective
94159,2020-01-16,176,4715,33,2020-01-18,1,Changed Mind
33213,2022-06-15,1198,2524,20,2022-06-18,1,Changed Mind
81064,2022-06-06,198,4170,27,2022-06-28,1,Defective
28680,2020-11-14,379,4480,32,2020-12-13,1,Defective
28073,2022-01-31,171,3392,91,2022-02-10,1,Changed Mind
61233,2023-01-03,855,4032,76,2023-01-31,1,Changed Mind
95405,2023-05-27,37,3546,41,2023-06-14,1,Changed Mind
30477,2023-04-08,677,4718,100,2023-04-20,1,Changed Mind
55052,2022-12-10,1994,150,39,2023-01-07,1,Changed Mind
12433,2022-10-15,406,951,2,2022-11-01,1,Changed Mind
86903,2023-02-21,1755,2676,54,2023-02-28,1,Wrong Item
45087,2019-12-31,1369,2162,45,2020-01-02,1,Changed Mind
12826,2022-11-25,1186,1172,29,2022-12-18,1,Changed Mind
90763,2019-03-04,186,3325,37,2019-03-07,1,Defective
36094,2020-06-15,1378,272,57,2020-06-17,1,Changed Mind
92062,2022-02-10,1724,411,8,2022-03-08,1,Defective
63688,2019-10-26,469,2704,23,2019-11-06,1,Changed Mind
74304,2019-02-23,162,84,17,2019-03-09,1,Defective
87541,2020-06-21,1651,1612,67,2020-07-12,1,Changed Mind
31623,2020-11-16,1315,324,55,2020-12-05,1,Changed Mind
48612,2020-01-13,598,4920,35,2020-01-27,1,Defective
92806,2019-02-22,711,3074,89,2019-03-03,1,Defective
22642,2020-10-26,1916,432,38,2020-11-10,1,Changed Mind
60830,2022-11-15,361,2374,4,2022-11-17,1,Wrong Item
56735,2022-10-08,901,1084,12,2022-10-12,1,Defective
13949,2021-04-07,722,369,72,2021-04-30,1,Defective
16281,2023-06-14,185,3696,66,2023-06-22,1,Defective
70694,2019-11-09,797,4367,2,2019-11-24,1,Defective
29587,2020-11-08,618,4069,75,2020-12-07,1,Wrong Item
25835,2022-10-02,939,211,39,2022-10-06,1,Changed Mind
314,2019-10-11,696,549,46,2019-11-03,1,Wrong Item
43054,2021-12-01,92,3374,63,2021-12-17,1,Wrong Item
58841,2019-06-12,1410,4856,55,2019-07-03,1,Defective
71479,2021-05-30,1221,421,39,2021-06-16,1,Changed Mind
35958,2023-11-25,1264,249,38,2023-12-01,1,Wrong Item
74155,2023-11-20,1724,4462,19,2023-12-11,1,Wrong Item
91672,2023-08-05,1675,584,37,2023-08-10,1,Changed Mind
67758,2019-04-04,559,463,32,2019-04-22,1,Changed Mind
93120,2021-10-21,1589,4151,98,2021-10-29,1,Defective
9507,2020-04-25,794,123,55,2020-05-08,1,Changed Mind
79896,2020-05-01,205,2655,13,2020-05-02,1,Defective
56744,2020-12-26,1046,3338,88,2020-12-27,1,Wrong Item
79978,2023-10-02,1870,2086,6,2023-10-07,1,Wrong Item
5855,2022-09-15,1444,1918,30,2022-10-05,1,Changed Mind
15443,2021-06-10,370,4906,97,2021-07-09,1,Wrong Item
19555,2019-12-06,1726,150,28,2019-12-11,1,Defective
62530,2023-08-24,142,622,40,2023-08-30,1,Defective
76555,2020-10-22,887,690,4,2020-10-23,1,Changed Mind
41631,2019-06-03,1087,3412,3,2019-06-17,1,Changed Mind
48987,2019-10-04,366,1796,41,2019-10-31,1,Defective
8701,2019-11-29,482,331,66,2019-12-21,1,Wrong Item
10899,2023-02-14,1871,4855,7,2023-03-12,1,Changed Mind
42604,2021-02-25,1489,1637,3,2021-03-01,1,Wrong Item
86580,2020-12-14,1439,2514,60,2020-12-30,1,Wrong Item
55926,2019-02-22,261,4511,3,2019-03-15,1,Wrong Item
81657,2020-01-10,558,765,28,2020-01-16,1,Changed Mind
48971,2022-12-28,49,4592,70,2023-01-15,1,Defective
80959,2023-07-17,395,1208,58,2023-07-19,1,Changed Mind
99174,2019-02-12,1314,3575,68,2019-02-13,1,Changed Mind
39939,2020-05-02,44,4666,47,2020-05-30,1,Defective
30322,2021-01-24,214,4937,31,2021-02-08,1,Wrong Item
24607,2019-08-15,255,2173,53,2019-08-30,1,Defective
29748,2021-07-27,1139,701,91,2021-08-16,1,Wrong Item
40366,2023-05-09,1304,570,21,2023-05-18,1,Defective
28099,2022-09-16,389,4131,68,2022-10-08,1,Changed Mind
75563,2019-08-07,15,4906,25,2019-08-12,1,Defective
7179,2020-06-01,1371,2385,77,2020-06-24,1,Wrong Item
3805,2022-03-10,1724,2096,32,2022-03-11,1,Wrong Item
63774,2023-02-01,301,2320,45,2023-02-23,1,Wrong Item
7163,2023-11-25,74,164,76,2023-12-15,1,Changed Mind
29725,2023-02-07,995,1137,8,2023-02-23,1,Wrong Item
47885,2023-06-22,1910,1876,64,2023-07-02,1,Defective
50658,2022-01-23,1633,549,94,2022-02-10,1,Changed Mind
97903,2019-12-11,931,4371,41,2019-12-14,1,Changed Mind
72920,2023-07-02,885,2459,29,2023-07-30,1,Defective
28343,2022-11-19,55,3995,84,2022-12-09,1,Wrong Item
12331,2023-10-01,1711,1824,40,2023-10-27,1,Wrong Item
51191,2020-04-18,1804,761,47,2020-05-12,1,Defective
78374,2022-10-01,1262,951,42,2022-10-26,1,Defective
45576,2023-04-29,564,1264,14,2023-05-06,1,Defective
36331,2020-05-31,1915,1534,46,2020-06-23,1,Wrong Item
8581,2023-12-06,519,592,9,2023-12-28,1,Wrong Item
68798,2020-11-28,1975,1403,93,2020-12-03,1,Changed Mind
39187,2021-06-15,637,832,94,2021-07-14,1,Defective
4605,2023-04-08,871,19,97,2023-04-14,1,Changed Mind
785,2022-11-25,1879,4274,65,2022-12-08,1,Changed Mind
61661,2020-07-27,372,891,40,2020-08-24,1,Defective
91415,2022-01-13,866,2357,77,2022-01-27,1,Wrong Item
10155,2023-12-13,1587,3944,87,2023-12-17,1,Changed Mind
62868,2023-08-02,1239,4636,88,2023-08-05,1,Wrong Item
9815,2022-11-03,778,886,11,2022-11-07,1,Wrong Item
12213,2019-04-17,1632,1788,83,2019-04-23,1,Wrong Item
58639,2021-01-07,262,4428,91,2021-01-31,1,Wrong Item
5269,2021-02-02,1556,1654,63,2021-02-04,1,Changed Mind
99179,2019-07-01,152,3148,64,2019-07-28,1,Defective
20356,2022-12-25,130,4505,12,2023-01-23,1,Wrong Item
30155,2019-12-24,1741,822,73,2020-01-03,1,Defective
74560,2021-08-11,1695,970,83,2021-08-13,1,Defective
58832,2022-03-16,1294,4893,77,2022-03-27,1,Wrong Item
32879,2020-12-24,1007,1913,35,2021-01-05,1,Defective
96027,2023-09-26,307,4671,49,2023-10-01,1,Wrong Item
69502,2022-12-19,1465,795,30,2022-12-27,1,Defective
1200,2021-09-26,1620,1624,92,2021-10-10,1,Wrong Item
42276,2022-10-23,44,2316,81,2022-11-07,1,Wrong Item
56718,2023-10-13,550,3638,20,2023-10-23,1,Wrong Item
88973,2023-08-09,1395,655,6,2023-08-22,1,Defective
24421,2023-05-02,1163,3794,29,2023-05-14,1,Changed Mind
33298,2021-11-13,1688,1449,83,2021-12-05,1,Wrong Item
61092,2019-12-26,475,4579,79,2020-01-06,1,Wrong Item
63208,2022-03-22,772,2612,82,2022-03-27,1,Wrong Item
56178,2023-08-23,82,3435,66,2023-09-13,1,Changed Mind
5865,2021-12-23,1041,1652,72,2022-01-21,1,Changed Mind
79463,2021-11-25,1651,848,4,2021-12-20,1,Changed Mind
4670,2022-04-20,978,8,71,2022-05-11,1,Wrong Item
94435,2023-01-29,328,1687,45,2023-01-30,1,Wrong Item
43082,2023-03-10,1641,2774,13,2023-04-01,1,Changed Mind
42474,2020-03-03,1647,3621,95,2020-03-31,1,Wrong Item
44614,2022-10-06,1308,4278,9,2022-11-03,1,Changed Mind
65541,2020-01-24,1351,2006,6,2020-02-16,1,Defective
95340,2021-01-21,1688,304,41,2021-02-01,1,Defective
86424,2019-08-17,629,1408,44,2019-08-21,1,Defective
87251,2021-08-29,1063,2967,8,2021-09-16,1,Defective
27973,2019-09-09,371,828,50,2019-09-27,1,Changed Mind
97476,2022-03-25,453,1228,68,2022-04-15,1,Wrong Item
73872,2023-12-21,84,2387,83,2024-01-08,1,Changed Mind
54,2022-05-07,133,2277,99,2022-05-25,1,Defective
9421,2020-02-19,118,2578,66,2020-02-21,1,Wrong Item
2661,2022-03-18,1654,3475,7,2022-04-01,1,Defective
95996,2022-08-27,388,2213,21,2022-09-02,1,Wrong Item
53058,2022-12-31,1384,1365,90,2023-01-17,1,Wrong Item
10951,2023-01-12,808,61,16,2023-01-14,1,Defective
80920,2022-02-06,1151,2223,62,2022-03-07,1,Wrong Item
48186,2022-02-01,268,2326,83,2022-02-23,1,Wrong Item
79773,2022-10-06,1233,2285,58,2022-10-26,1,Changed Mind
15907,2023-02-19,1568,3074,28,2023-03-12,1,Defective
56130,2021-12-13,1522,3407,43,2021-12-31,1,Wrong Item
68252,2022-05-11,1892,1874,68,2022-05-30,1,Wrong Item
21355,2023-02-21,559,3416,99,2023-03-15,1,Changed Mind
72306,2020-09-04,1709,684,50,2020-10-03,1,Wrong Item
80075,2020-12-26,1180,2388,29,2021-01-24,1,Defective
26668,2022-06-15,1048,1843,92,2022-07-11,1,Wrong Item
66033,2022-09-18,1835,4401,43,2022-10-04,1,Defective
8115,2022-12-04,1310,2658,71,2022-12-19,1,Changed Mind
84301,2019-10-22,478,4198,17,2019-11-18,1,Wrong Item
48473,2020-08-26,1201,2226,31,2020-09-18,1,Wrong Item
8307,2020-04-09,575,2416,62,2020-05-03,1,Wrong Item
50131,2019-07-13,958,3260,100,2019-08-09,1,Wrong Item
26600,2019-05-29,1789,1946,57,2019-06-21,1,Changed Mind
87775,2020-07-04,839,3423,53,2020-07-11,1,Defective
34094,2020-12-16,1055,4147,15,2021-01-02,1,Defective
29183,2023-07-23,1920,3015,84,2023-08-16,1,Changed Mind
8992,2022-03-07,1445,2586,100,2022-03-26,1,Changed Mind
34934,2019-04-10,1807,668,50,2019-04-26,1,Defective
37666,2020-02-01,1045,1208,26,2020-02-16,1,Changed Mind
26636,2023-11-30,422,3275,22,2023-12-05,1,Wrong Item
25174,2023-02-15,880,2677,89,2023-03-13,1,Defective
62558,2023-12-23,216,2870,20,2024-01-20,1,Changed Mind
71349,2023-10-01,716,2724,49,2023-10-15,1,Changed Mind
87789,2021-01-15,190,3873,33,2021-01-26,1,Wrong Item
33878,2019-04-03,1157,4273,9,2019-04-09,1,Defective
37729,2020-08-26,1387,4572,38,2020-09-02,1,Defective
22669,2020-05-14,1298,198,79,2020-05-31,1,Changed Mind
92431,2021-06-20,1654,4557,30,2021-07-05,1,Wrong Item
19541,2023-09-03,1312,2350,43,2023-09-04,1,Wrong Item
69142,2022-08-27,1977,3710,93,2022-09-20,1,Wrong Item
56218,2022-02-14,1356,4665,17,2022-03-10,1,Defective
67630,2020-01-23,1147,4333,79,2020-02-03,1,Changed Mind
83371,2022-10-03,1185,1210,7,2022-10-21,1,Defective
90098,2022-05-30,1538,3425,77,2022-06-28,1,Wrong Item
23806,2023-11-15,62,3492,11,2023-11-21,1,Defective
36769,2020-10-15,1847,3689,79,2020-10-29,1,Defective
22357,2021-04-19,1653,270,84,2021-05-15,1,Changed Mind
30486,2020-09-16,1956,3312,23,2020-09-23,1,Wrong Item
96909,2022-06-26,650,2472,3,2022-07-12,1,Wrong Item
4156,2020-11-08,160,4682,41,2020-11-21,1,Changed Mind
48300,2022-04-07,1902,2901,89,2022-05-02,1,Wrong Item
29600,2020-02-26,1931,3496,36,2020-03-08,1,Defective
48065,2019-08-23,1955,2599,93,2019-08-25,1,Defective
11568,2019-01-03,1485,2547,40,2019-01-30,1,Defective
80518,2019-10-20,893,3015,38,2019-10-24,1,Wrong Item
45337,2019-11-19,622,992,1,2019-12-10,1,Wrong Item
78397,2023-06-12,1831,4400,3,2023-06-23,1,Defective
74525,2019-03-11,1260,3319,39,2019-03-17,1,Wrong Item
8833,2022-06-01,222,227,17,2022-06-14,1,Defective
92363,2019-11-10,1211,3894,71,2019-12-02,1,Wrong Item
75442,2022-09-10,423,163,93,2022-09-13,1,Wrong Item
2339,2022-09-27,1351,2960,48,2022-10-19,1,Changed Mind
75054,2023-09-07,935,3751,20,2023-09-27,1,Defective
45460,2021-06-03,642,615,40,2021-06-30,1,Changed Mind
51504,2022-10-27,24,3533,17,2022-11-19,1,Wrong Item
53755,2019-06-26,1091,2408,17,2019-07-06,1,Changed Mind
83529,2021-10-09,1644,3463,78,2021-10-26,1,Defective
91244,2020-01-17,81,3872,95,2020-01-21,1,Wrong Item
31701,2020-10-11,969,1503,73,2020-10-25,1,Wrong Item
99832,2019-11-03,1057,918,35,2019-11-18,1,Wrong Item
45553,2021-04-18,753,266,100,2021-05-03,1,Wrong Item
62140,2022-11-18,103,4102,42,2022-12-07,1,Changed Mind
48594,2023-10-29,1265,4097,91,2023-11-22,1,Changed Mind
24139,2022-04-02,1188,3851,25,2022-04-07,1,Wrong Item
16447,2022-07-07,1143,2015,43,2022-07-14,1,Changed Mind
83396,2023-03-19,1287,2182,52,2023-04-10,1,Wrong Item
90035,2021-04-25,949,4749,73,2021-04-28,1,Changed Mind
39075,2020-09-09,801,3244,92,2020-09-17,1,Changed Mind
71663,2022-01-06,505,3187,26,2022-01-22,1,Defective
57526,2019-12-20,304,1783,94,2019-12-25,1,Changed Mind
67591,2020-05-11,1625,3321,24,2020-05-26,1,Defective
69240,2021-07-12,665,786,53,2021-07-31,1,Wrong Item
23153,2019-07-11,1274,838,94,2019-07-30,1,Wrong Item
40283,2023-12-17,1761,3615,94,2024-01-13,1,Defective
7778,2023-09-28,187,2362,45,2023-09-29,1,Changed Mind
22040,2019-09-03,1918,2039,68,2019-09-28,1,Wrong Item
10758,2020-09-30,1311,3272,54,2020-10-15,1,Wrong Item
55368,2019-08-04,1188,3600,25,2019-08-09,1,Changed Mind
8270,2019-02-18,1180,4121,37,2019-03-10,1,Changed Mind
84872,2023-09-15,1692,4565,46,2023-10-11,1,Changed Mind
51093,2019-09-01,1297,1314,42,2019-09-07,1,Wrong Item
12451,2022-01-03,1583,4492,67,2022-01-19,1,Wrong Item
67832,2022-08-23,1405,4084,78,2022-09-13,1,Defective
48144,2021-03-13,1320,2723,31,2021-03-30,1,Changed Mind
617,2022-07-19,778,2868,57,2022-08-06,1,Wrong Item
88833,2021-09-14,1482,3804,38,2021-09-24,1,Defective
95180,2021-03-12,1020,4361,49,2021-04-09,1,Changed Mind
61771,2022-09-13,1141,4758,100,2022-10-02,1,Defective
13229,2019-08-06,1958,4371,93,2019-08-19,1,Wrong Item
48591,2020-07-29,1129,2389,13,2020-08-18,1,Wrong Item
74133,2021-11-23,28,3669,23,2021-11-24,1,Changed Mind
71411,2023-02-12,667,1309,5,2023-02-14,1,Changed Mind
29361,2023-09-29,580,2306,67,2023-10-17,1,Changed Mind
41741,2020-12-30,773,3370,98,2021-01-16,1,Changed Mind
38733,2020-10-15,117,1813,92,2020-11-01,1,Defective
46467,2023-04-25,442,1488,19,2023-05-09,1,Wrong Item
6725,2019-04-01,567,3108,40,2019-04-12,1,Defective
94859,2020-07-31,349,731,100,2020-08-19,1,Wrong Item
44823,2019-05-02,780,3345,91,2019-05-26,1,Changed Mind
24949,2019-06-28,960,2547,56,2019-07-04,1,Wrong Item
54180,2019-01-25,1211,3063,9,2019-02-07,1,Changed Mind
86179,2022-05-27,1488,4730,82,2022-05-28,1,Changed Mind
55335,2023-06-29,55,4181,93,2023-07-03,1,Changed Mind
89582,2021-04-11,1793,4411,33,2021-04-30,1,Defective
96315,2020-05-18,1974,1842,47,2020-06-10,1,Changed Mind
46280,2021-11-19,1915,1097,71,2021-11-27,1,Wrong Item
47387,2020-01-12,1983,4322,54,2020-01-13,1,Changed Mind
27380,2019-08-15,373,3492,85,2019-09-12,1,Changed Mind
12578,2022-01-09,1022,2386,94,2022-01-11,1,Changed Mind
14901,2019-06-17,705,40,77,2019-06-27,1,Defective
92520,2019-07-22,625,1497,13,2019-08-10,1,Changed Mind
96601,2022-03-12,1153,2655,9,2022-04-01,1,Wrong Item
94843,2022-07-02,51,4618,22,2022-07-05,1,Wrong Item
46954,2023-11-07,223,4287,62,2023-11-10,1,Wrong Item
39527,2020-08-31,189,2623,74,2020-09-18,1,Wrong Item
52262,2021-09-10,1072,1864,3,2021-10-04,1,Changed Mind
56932,2019-09-06,716,3424,71,2019-09-25,1,Changed Mind
58533,2023-07-04,717,1810,29,2023-07-16,1,Changed Mind
30878,2023-07-18,687,2826,66,2023-07-24,1,Wrong Item
80934,2019-08-13,1726,887,65,2019-08-17,1,Defective
89054,2022-03-09,1963,680,3,2022-03-14,1,Defective
74536,2019-03-11,1247,2401,89,2019-03-19,1,Defective
72337,2019-02-24,770,2439,75,2019-03-14,1,Defective
25268,2022-09-07,322,3460,49,2022-09-08,1,Changed Mind
6502,2020-03-19,914,2931,28,2020-03-24,1,Changed Mind
42434,2022-05-24,1657,3069,60,2022-06-12,1,Changed Mind
12173,2021-06-16,915,2885,59,2021-07-15,1,Defective
26260,2021-08-29,475,1493,19,2021-09-12,1,Wrong Item
27464,2022-01-11,1554,2790,58,2022-01-21,1,Changed Mind
61078,2021-08-31,1486,4354,25,2021-09-15,1,Defective
92665,2023-10-16,27,418,34,2023-11-04,1,Defective
29355,2023-02-04,644,2908,78,2023-02-17,1,Wrong Item
42351,2023-03-25,1869,2038,47,2023-04-15,1,Defective
40162,2022-02-23,432,3684,8,2022-03-23,1,Changed Mind
94530,2021-04-06,716,2124,97,2021-04-10,1,Changed Mind
24883,2020-01-06,1331,3531,37,2020-02-04,1,Defective
5563,2021-05-08,706,274,48,2021-05-19,1,Wrong Item
41518,2019-06-25,704,4608,38,2019-07-13,1,Defective
71991,2023-07-22,1756,3517,63,2023-08-15,1,Wrong Item
57983,2019-12-27,917,2765,99,2020-01-23,1,Changed Mind
29808,2021-06-26,768,2090,66,2021-07-18,1,Wrong Item
35556,2023-12-12,175,103,11,2023-12-24,1,Changed Mind
54915,2019-01-30,1593,1458,44,2019-02-02,1,Defective
10408,2023-01-12,1213,10,7,2023-02-06,1,Changed Mind
44456,2020-08-12,1925,1590,82,2020-08-30,1,Changed Mind
57605,2021-12-06,1805,1711,83,2021-12-23,1,Defective
22966,2023-07-11,1020,1113,38,2023-08-03,1,Wrong Item
72863,2023-10-26,470,3597,57,2023-11-03,1,Defective
6188,2022-08-20,725,3683,5,2022-09-01,1,Changed Mind
52125,2021-12-27,972,4302,86,2022-01-13,1,Changed Mind
64221,2020-12-03,1314,4690,23,2020-12-07,1,Wrong Item
86850,2021-05-11,118,3241,85,2021-06-07,1,Wrong Item
40560,2019-10-12,1798,2067,73,2019-10-26,1,Defective
97175,2020-12-12,597,3006,29,2020-12-27,1,Defective
28266,2019-10-26,980,4184,40,2019-11-04,1,Changed Mind
21164,2019-11-08,1227,642,97,2019-11-12,1,Wrong Item
19065,2023-02-05,1137,1596,3,2023-02-20,1,Wrong Item
21277,2023-06-17,1164,1673,16,2023-07-14,1,Defective
10677,2019-09-16,1476,4587,58,2019-10-09,1,Wrong Item
93685,2020-07-10,1022,4450,5,2020-07-13,1,Wrong Item
33024,2023-07-19,1365,2063,52,2023-07-24,1,Wrong Item
80009,2021-11-12,1620,3890,35,2021-12-11,1,Changed Mind
24050,2020-07-25,1716,4394,78,2020-07-31,1,Defective
89798,2023-12-25,1752,2748,18,2024-01-14,1,Changed Mind
58563,2023-04-04,741,34,45,2023-04-14,1,Defective
37734,2022-11-12,678,3250,4,2022-12-01,1,Changed Mind
12758,2023-08-11,604,1650,68,2023-08-17,1,Wrong Item
7771,2023-12-06,1192,2026,13,2023-12-15,1,Wrong Item
2047,2021-09-20,236,766,48,2021-10-09,1,Changed Mind
50726,2021-02-24,1182,3950,30,2021-03-01,1,Defective
82935,2022-10-23,198,1852,46,2022-11-03,1,Wrong Item
38518,2019-01-28,659,1113,5,2019-02-10,1,Wrong Item
96481,2019-12-05,170,1613,41,2019-12-14,1,Wrong Item
73539,2020-11-27,662,2742,10,2020-12-12,1,Changed Mind
47934,2019-01-07,1163,4432,25,2019-02-01,1,Changed Mind
19042,2020-02-04,1867,4693,68,2020-02-26,1,Changed Mind
5355,2022-07-10,1633,919,91,2022-07-13,1,Changed Mind
69830,2022-05-11,1069,3627,74,2022-05-15,1,Wrong Item
80494,2023-03-04,919,4459,72,2023-03-22,1,Defective
82248,2023-06-09,337,2765,19,2023-06-17,1,Wrong Item
18961,2023-11-10,1224,3121,93,2023-12-01,1,Changed Mind
54484,2023-12-05,1481,658,80,2023-12-14,1,Defective
60868,2020-05-01,1085,319,33,2020-05-30,1,Changed Mind
30959,2020-10-27,1247,969,91,2020-11-13,1,Defective
27296,2023-06-07,687,925,83,2023-06-22,1,Changed Mind
23985,2019-05-13,187,2796,52,2019-05-30,1,Wrong Item
18338,2021-10-27,749,1326,48,2021-11-14,1,Defective
254,2023-07-13,1189,3375,71,2023-07-25,1,Wrong Item
65677,2021-01-15,429,939,42,2021-01-22,1,Wrong Item
9946,2020-08-23,1464,205,43,2020-08-24,1,Changed Mind
54978,2022-06-28,1644,1177,100,2022-07-15,1,Defective
51683,2019-03-19,1055,3912,73,2019-04-12,1,Wrong Item
97358,2022-04-26,68,1773,10,2022-05-05,1,Wrong Item
40093,2022-01-09,387,3410,60,2022-01-14,1,Wrong Item
89224,2020-07-24,1288,1171,51,2020-08-09,1,Changed Mind
44366,2020-06-03,836,4817,23,2020-06-15,1,Defective
696,2023-12-30,1468,266,21,2024-01-19,1,Wrong Item
20547,2023-01-19,1330,1638,63,2023-01-23,1,Defective
66160,2019-02-07,1600,4082,53,2019-03-04,1,Defective
41378,2019-04-02,1952,3376,72,2019-04-25,1,Wrong Item
37885,2019-02-26,743,4333,78,2019-03-12,1,Changed Mind
42949,2022-04-16,668,1099,70,2022-04-28,1,Defective
66007,2020-06-07,582,924,62,2020-07-01,1,Changed Mind
41926,2023-01-30,740,2251,12,2023-02-21,1,Changed Mind
3255,2022-07-09,1356,3252,87,2022-07-31,1,Changed Mind
30062,2022-02-02,1769,1555,20,2022-03-02,1,Changed Mind
81135,2019-12-30,58,3225,66,2020-01-13,1,Wrong Item
99586,2019-04-14,432,4307,77,2019-04-15,1,Changed Mind
495,2019-01-14,1385,4305,42,2019-02-07,1,Changed Mind
68782,2019-11-26,1088,3802,45,2019-12-07,1,Changed Mind
89169,2021-05-03,1820,2371,54,2021-05-18,1,Defective
30054,2020-12-15,699,1870,27,2020-12-27,1,Changed Mind
60526,2019-08-23,477,1168,35,2019-08-28,1,Changed Mind
95133,2023-03-19,997,2778,51,2023-04-11,1,Defective
99924,2021-09-10,1569,4496,77,2021-10-01,1,Wrong Item
46938,2019-02-21,1611,3112,14,2019-02-28,1,Wrong Item
83387,2019-07-04,76,2602,34,2019-07-11,1,Changed Mind
13394,2022-06-01,1646,4993,1,2022-06-20,1,Changed Mind
29921,2019-07-26,1127,2496,80,2019-07-30,1,Wrong Item
23780,2023-09-30,1093,4159,76,2023-10-21,1,Changed Mind
40308,2023-08-27,1458,1609,88,2023-09-18,1,Wrong Item
62347,2021-03-29,1607,4552,24,2021-04-09,1,Wrong Item
72678,2020-01-19,1939,2513,58,2020-01-22,1,Defective
89660,2023-01-12,784,4476,83,2023-01-17,1,Defective
23423,2023-04-03,1041,4199,92,2023-04-29,1,Wrong Item
98448,2019-05-21,871,652,57,2019-05-30,1,Defective
52640,2020-09-29,209,2340,18,2020-10-16,1,Defective
1587,2019-02-06,854,221,59,2019-02-13,1,Defective
9315,2020-12-27,757,3045,25,2021-01-05,1,Wrong Item
38239,2021-03-11,1313,4548,81,2021-03-29,1,Changed Mind
87914,2021-10-31,209,1068,59,2021-11-10,1,Changed Mind
85228,2020-05-06,1037,1233,77,2020-05-12,1,Changed Mind
40371,2022-12-27,111,3369,1,2023-01-14,1,Wrong Item
17912,2021-12-19,1530,4775,26,2022-01-06,1,Defective
9790,2023-10-16,1858,2708,47,2023-10-20,1,Changed Mind
47949,2023-02-11,93,4907,60,2023-02-15,1,Defective
366,2022-02-10,604,847,3,2022-02-26,1,Defective
38606,2021-07-05,1004,2079,39,2021-07-09,1,Changed Mind
72442,2022-09-05,1619,1400,46,2022-10-04,1,Changed Mind
16603,2019-05-16,1146,1718,57,2019-06-10,1,Defective
25137,2020-08-09,1620,4281,99,2020-08-10,1,Changed Mind
28800,2020-01-09,1538,1287,11,2020-01-26,1,Wrong Item
31356,2019-09-07,1511,1581,48,2019-09-28,1,Wrong Item
94000,2020-07-21,439,1966,17,2020-07-24,1,Wrong Item
24,2023-01-11,50,4043,84,2023-02-01,1,Changed Mind
60250,2022-12-02,1107,3755,77,2022-12-03,1,Wrong Item
18772,2020-10-22,1530,1878,5,2020-10-28,1,Wrong Item
89757,2022-10-19,1742,4814,61,2022-11-04,1,Changed Mind
65504,2023-06-04,755,162,25,2023-06-18,1,Defective
81778,2021-11-11,606,2788,11,2021-11-18,1,Wrong Item
26730,2020-04-20,1050,448,52,2020-05-04,1,Wrong Item
45008,2022-08-07,78,1465,58,2022-09-04,1,Changed Mind
17584,2019-06-18,1263,4863,37,2019-06-24,1,Changed Mind
33506,2019-06-29,604,2168,80,2019-07-11,1,Defective
69180,2022-04-24,1540,4266,93,2022-05-12,1,Defective
74478,2022-05-13,991,557,89,2022-06-01,1,Changed Mind
74428,2020-04-18,665,1079,45,2020-05-10,1,Wrong Item
94828,2021-07-21,1744,3845,23,2021-08-12,1,Wrong Item
39701,2019-04-12,1246,1318,36,2019-04-27,1,Defective
45447,2022-01-07,467,1215,72,2022-01-19,1,Changed Mind
8677,2020-10-31,1955,543,87,2020-11-06,1,Wrong Item
1147,2020-09-03,562,3020,89,2020-09-20,1,Wrong Item
69890,2023-05-18,1927,4544,16,2023-05-30,1,Wrong Item
36142,2019-06-29,406,746,90,2019-07-14,1,Wrong Item
30739,2020-07-29,1793,2615,71,2020-08-07,1,Wrong Item
13180,2020-02-18,307,4414,37,2020-02-22,1,Defective
60981,2023-10-13,1530,282,73,2023-10-28,1,Defective
83307,2022-10-02,1666,2553,62,2022-10-16,1,Changed Mind
35963,2023-10-15,163,44,75,2023-10-22,1,Changed Mind
17137,2023-05-22,1647,2278,30,2023-06-05,1,Changed Mind
72064,2023-06-11,189,3843,33,2023-07-03,1,Changed Mind
39462,2023-07-13,286,4066,41,2023-07-26,1,Wrong Item
84994,2021-03-22,1684,4675,62,2021-04-06,1,Changed Mind
97599,2021-08-15,297,233,47,2021-08-18,1,Wrong Item
20269,2021-11-07,438,1911,68,2021-11-12,1,Defective
18589,2023-06-14,475,372,74,2023-07-12,1,Changed Mind
97182,2021-10-25,326,1246,72,2021-11-02,1,Changed Mind
18190,2020-06-21,124,1914,64,2020-06-23,1,Defective
81000,2020-06-19,1201,2415,29,2020-06-25,1,Wrong Item
71661,2022-06-01,476,742,29,2022-06-21,1,Defective
5904,2021-06-09,1817,3271,71,2021-06-11,1,Wrong Item
72563,2019-05-17,2000,2854,13,2019-05-26,1,Defective
78699,2021-12-04,1214,3909,96,2021-12-22,1,Wrong Item
27240,2023-08-31,21,739,57,2023-09-20,1,Changed Mind
83645,2023-04-11,936,3590,16,2023-05-09,1,Wrong Item
33677,2021-06-28,1775,3407,57,2021-07-22,1,Defective
92174,2021-04-12,1536,3481,40,2021-05-02,1,Wrong Item
40980,2019-03-27,1309,1057,8,2019-04-17,1,Wrong Item
62401,2021-08-30,1282,2052,42,2021-09-18,1,Defective
27405,2023-12-15,777,4615,60,2024-01-10,1,Wrong Item
78616,2019-09-22,1767,1550,70,2019-10-09,1,Changed Mind
1344,2021-02-25,74,4238,35,2021-03-07,1,Wrong Item
68183,2022-11-02,1049,462,4,2022-11-12,1,Defective
96643,2021-03-19,1800,4828,54,2021-04-09,1,Defective
45717,2022-10-20,1920,1006,28,2022-10-27,1,Defective
7292,2020-02-16,589,3277,54,2020-02-26,1,Wrong Item
33132,2022-04-10,1733,4280,77,2022-04-22,1,Defective
90429,2023-03-12,686,593,42,2023-04-01,1,Changed Mind
57376,2021-03-28,1803,3789,11,2021-04-08,1,Wrong Item
43685,2020-09-09,1006,213,54,2020-10-02,1,Defective
6242,2021-09-05,406,1759,23,2021-09-28,1,Wrong Item
4671,2021-12-16,754,4129,50,2022-01-10,1,Defective
66546,2021-05-29,1982,4414,39,2021-06-11,1,Defective
51486,2022-09-20,1331,4458,34,2022-09-26,1,Changed Mind
80286,2023-01-02,1466,4251,30,2023-01-12,1,Changed Mind
32491,2019-04-29,1915,4227,20,2019-05-10,1,Defective
75253,2020-12-17,68,3886,19,2021-01-08,1,Wrong Item
35759,2022-03-04,583,798,66,2022-03-25,1,Changed Mind
68225,2023-07-05,1874,3516,31,2023-07-28,1,Changed Mind
64446,2020-09-13,1172,1858,70,2020-10-09,1,Defective
84626,2020-09-26,1284,4662,93,2020-10-08,1,Changed Mind
66161,2022-12-22,1576,4131,48,2022-12-29,1,Wrong Item
17893,2020-07-20,152,4075,22,2020-08-15,1,Defective
91423,2021-05-23,259,4726,61,2021-06-07,1,Defective
75958,2019-11-01,1753,298,73,2019-11-21,1,Defective
80092,2022-07-24,541,1979,7,2022-07-29,1,Defective
88801,2021-09-01,1304,3560,57,2021-09-24,1,Wrong Item
85944,2020-02-03,1947,2951,89,2020-02-10,1,Changed Mind
91914,2023-04-18,807,237,3,2023-05-06,1,Defective
35479,2023-10-27,1632,326,22,2023-11-07,1,Wrong Item
68790,2023-10-24,674,3703,84,2023-10-31,1,Changed Mind
31810,2021-08-15,1441,1886,45,2021-08-20,1,Defective
27915,2023-05-24,213,1947,95,2023-06-15,1,Defective
93966,2020-08-16,1690,911,84,2020-09-01,1,Defective
36315,2019-01-21,1208,1066,35,2019-02-11,1,Changed Mind
96714,2022-07-22,415,1667,17,2022-08-13,1,Defective
38296,2022-07-27,1339,2666,60,2022-08-15,1,Changed Mind
62299,2022-05-09,1359,4494,75,2022-06-07,1,Defective
99770,2020-08-01,826,2750,88,2020-08-07,1,Defective
50202,2020-08-25,1679,2667,1,2020-09-18,1,Changed Mind
23063,2022-06-18,22,2686,6,2022-07-14,1,Changed Mind
67349,2023-12-21,1226,4383,54,2024-01-06,1,Defective
92898,2022-05-26,1032,2264,59,2022-06-06,1,Changed Mind
71030,2020-12-14,57,701,60,2020-12-26,1,Wrong Item
5559,2023-12-12,1181,3721,69,2023-12-23,1,Changed Mind
34746,2021-10-28,1515,4301,59,2021-11-11,1,Wrong Item
29134,2023-03-15,1512,3395,47,2023-03-23,1,Defective
8806,2019-12-10,830,524,96,2020-01-04,1,Changed Mind
22622,2023-02-08,1659,4629,9,2023-02-09,1,Wrong Item
99728,2020-10-23,242,3799,15,2020-11-09,1,Wrong Item
65385,2021-01-22,760,1329,47,2021-02-06,1,Defective
46839,2021-09-26,243,2285,5,2021-10-02,1,Wrong Item
5423,2020-10-24,1604,1915,18,2020-11-03,1,Wrong Item
28601,2019-11-29,1424,1352,15,2019-12-17,1,Wrong Item
52819,2021-12-16,670,4035,55,2022-01-08,1,Wrong Item
16667,2020-01-31,861,3812,72,2020-02-23,1,Defective
5780,2021-03-08,787,2074,19,2021-03-19,1,Changed Mind
27230,2021-04-20,677,1770,10,2021-04-29,1,Changed Mind
64651,2021-03-26,1325,4179,64,2021-04-20,1,Defective
5489,2022-05-15,1533,2590,3,2022-05-26,1,Defective
78704,2021-06-22,76,1918,36,2021-07-14,1,Changed Mind
39303,2020-04-06,132,2297,81,2020-04-17,1,Changed Mind
83914,2020-11-10,169,809,87,2020-12-02,1,Defective
72041,2022-08-09,921,1668,54,2022-08-12,1,Changed Mind
58061,2019-04-21,274,4216,13,2019-05-14,1,Defective
63797,2022-05-29,666,1239,87,2022-06-01,1,Changed Mind
70802,2021-07-02,1091,2287,36,2021-07-20,1,Changed Mind
43596,2020-02-02,1948,4510,25,2020-02-10,1,Wrong Item
10667,2020-01-06,1681,2777,32,2020-01-14,1,Changed Mind
37462,2019-10-03,949,1346,33,2019-10-10,1,Changed Mind
13374,2021-10-02,1854,1019,56,2021-10-27,1,Defective
57369,2022-07-30,1145,2804,78,2022-08-23,1,Changed Mind
33033,2020-08-14,1365,976,25,2020-08-23,1,Defective
73516,2020-05-20,1879,1543,51,2020-05-23,1,Defective
99255,2022-07-04,892,4252,59,2022-07-15,1,Wrong Item
23866,2019-06-30,38,3474,64,2019-07-23,1,Wrong Item
64652,2019-02-18,28,2594,7,2019-03-02,1,Wrong Item
71677,2021-12-07,190,2206,74,2021-12-23,1,Defective
80313,2023-03-06,946,932,56,2023-03-18,1,Wrong Item
42860,2020-07-23,204,795,65,2020-08-04,1,Changed Mind
4550,2019-09-17,1736,2644,63,2019-09-20,1,Wrong Item
23661,2022-10-13,269,2070,4,2022-10-22,1,Wrong Item
31790,2022-03-23,892,1853,100,2022-04-07,1,Wrong Item
51801,2021-03-19,1486,1092,83,2021-04-09,1,Wrong Item
72476,2020-10-27,69,3782,24,2020-11-12,1,Changed Mind
15529,2021-08-27,28,1581,68,2021-09-11,1,Changed Mind
65636,2023-03-07,386,343,46,2023-03-20,1,Wrong Item
31166,2022-08-12,1140,2439,72,2022-08-21,1,Wrong Item
54961,2021-08-24,1228,12,4,2021-09-21,1,Defective
66213,2020-04-26,1364,852,98,2020-05-21,1,Wrong Item
74706,2019-03-10,1545,3315,35,2019-03-14,1,Changed Mind
58157,2020-01-06,390,3492,13,2020-01-24,1,Wrong Item
76719,2023-03-07,372,3179,4,2023-03-27,1,Defective
7078,2019-06-07,1818,1908,59,2019-06-09,1,Changed Mind
75275,2019-08-01,210,4516,88,2019-08-08,1,Wrong Item
25401,2022-03-01,557,1902,87,2022-03-30,1,Defective
83889,2023-05-13,1090,3149,98,2023-05-16,1,Defective
13081,2021-04-23,593,73,77,2021-05-15,1,Wrong Item
3862,2020-05-30,316,3605,65,2020-06-13,1,Wrong Item
96612,2023-09-29,448,1136,26,2023-10-09,1,Changed Mind
92561,2020-04-06,863,4852,92,2020-04-29,1,Defective
17150,2022-10-12,300,131,50,2022-10-31,1,Wrong Item
2108,2019-12-23,1935,3178,31,2020-01-05,1,Changed Mind
72818,2020-08-22,295,2825,59,2020-09-01,1,Defective
35595,2020-09-22,119,4857,57,2020-10-02,1,Changed Mind
84221,2020-04-07,1037,3225,96,2020-05-01,1,Wrong Item
82732,2023-09-17,611,572,30,2023-10-10,1,Wrong Item
14737,2020-09-16,1427,1902,16,2020-10-14,1,Defective
36996,2020-01-20,98,4033,56,2020-01-30,1,Wrong Item
81248,2023-08-01,1532,4188,9,2023-08-05,1,Changed Mind
98057,2021-02-01,1821,4288,34,2021-02-07,1,Defective
91903,2020-02-28,553,4249,89,2020-03-16,1,Changed Mind
7419,2023-09-24,1679,2028,43,2023-10-23,1,Defective
10406,2022-03-31,1163,4894,10,2022-04-24,1,Wrong Item
84495,2023-06-19,1969,3625,37,2023-07-10,1,Changed Mind
35915,2021-05-29,1544,3390,84,2021-06-11,1,Defective
27013,2022-12-07,1636,3001,63,2022-12-12,1,Defective
80418,2023-10-13,1768,456,14,2023-10-20,1,Wrong Item
43217,2023-02-23,1213,1920,69,2023-03-17,1,Defective
74381,2019-01-08,162,1701,40,2019-01-20,1,Wrong Item
96541,2023-03-21,1500,1946,61,2023-03-27,1,Defective
81291,2021-04-21,1204,148,49,2021-04-30,1,Changed Mind
92664,2022-04-19,446,3791,34,2022-05-15,1,Changed Mind
18347,2023-06-08,1207,3917,14,2023-07-07,1,Changed Mind
50192,2021-06-30,1842,4081,9,2021-07-20,1,Defective
32696,2020-08-23,215,3614,89,2020-09-09,1,Defective
76775,2022-05-26,1183,1293,47,2022-06-22,1,Defective
83154,2023-03-12,644,1074,47,2023-03-25,1,Changed Mind
26463,2020-01-28,609,2514,33,2020-01-30,1,Changed Mind
84485,2020-12-08,248,2385,53,2021-01-01,1,Defective
56267,2021-01-02,1857,3637,54,2021-01-11,1,Wrong Item
66744,2022-03-16,627,4,100,2022-04-09,1,Defective
68630,2019-07-10,1907,685,81,2019-07-24,1,Changed Mind
10076,2020-07-18,443,2749,43,2020-07-21,1,Changed Mind
54372,2021-02-24,494,3686,31,2021-03-25,1,Wrong Item
45560,2020-09-03,870,3116,28,2020-09-29,1,Changed Mind
11194,2022-01-05,567,91,41,2022-01-29,1,Changed Mind
27689,2023-09-07,1559,3452,93,2023-09-28,1,Defective
13362,2023-03-03,541,4571,86,2023-03-23,1,Defective
1391,2022-12-01,275,3230,67,2022-12-15,1,Defective
21795,2021-10-11,1760,3509,81,2021-10-30,1,Changed Mind
93882,2021-12-01,521,4020,34,2021-12-26,1,Wrong Item
25341,2022-05-03,951,2560,89,2022-05-04,1,Changed Mind
71955,2021-03-19,868,3697,86,2021-04-02,1,Defective
53981,2022-08-19,897,1279,50,2022-09-01,1,Changed Mind
96066,2021-10-06,1395,769,57,2021-10-31,1,Changed Mind
11190,2022-02-02,1122,3940,70,2022-02-19,1,Defective
57052,2021-01-28,1629,3624,30,2021-02-08,1,Defective
18455,2019-08-04,1154,625,45,2019-08-24,1,Changed Mind
6419,2021-05-10,1444,924,25,2021-06-07,1,Defective
84813,2019-11-19,950,4025,64,2019-12-10,1,Wrong Item
78966,2023-05-04,984,3308,12,2023-05-19,1,Changed Mind
91918,2023-01-02,1505,59,70,2023-01-12,1,Defective
67243,2023-02-03,384,423,49,2023-02-18,1,Defective
41800,2022-08-01,1551,3653,4,2022-08-26,1,Changed Mind
82272,2019-04-05,584,3092,9,2019-04-24,1,Changed Mind
26984,2020-07-23,953,3379,54,2020-07-24,1,Wrong Item
12884,2023-11-07,1036,3631,37,2023-12-06,1,Defective
33768,2019-02-16,153,2321,34,2019-03-06,1,Defective
53648,2022-09-04,1325,964,56,2022-09-25,1,Wrong Item
28718,2022-08-18,204,3600,71,2022-08-20,1,Defective
32703,2023-08-29,14,4553,60,2023-09-16,1,Changed Mind
20459,2022-07-19,774,3870,62,2022-08-14,1,Changed Mind
66533,2023-05-14,482,4956,37,2023-05-27,1,Changed Mind
28336,2022-08-13,192,3727,21,2022-08-14,1,Changed Mind
17241,2021-07-01,1507,2623,83,2021-07-15,1,Changed Mind
66868,2023-05-11,504,4827,58,2023-06-08,1,Wrong Item
36938,2020-07-11,1977,4388,46,2020-08-07,1,Defective
52109,2019-11-22,1836,2729,84,2019-12-14,1,Changed Mind
16717,2022-06-06,1247,657,78,2022-06-28,1,Changed Mind
40920,2023-04-28,68,882,44,2023-05-27,1,Defective
47514,2020-11-05,615,4405,90,2020-11-11,1,Changed Mind
93447,2023-01-29,697,3788,27,2023-02-11,1,Changed Mind
86588,2022-05-19,1039,4507,13,2022-05-21,1,Wrong Item
91625,2020-02-08,206,1042,31,2020-02-24,1,Defective
93156,2021-02-26,413,3291,43,2021-03-21,1,Defective
55931,2021-01-08,673,1951,5,2021-01-29,1,Defective
91834,2023-05-20,1652,676,96,2023-05-30,1,Defective
63846,2021-07-20,592,1962,59,2021-07-23,1,Changed Mind
296,2020-09-30,427,674,30,2020-10-02,1,Defective
25244,2020-05-11,318,966,83,2020-05-16,1,Wrong Item
12540,2019-04-27,173,4077,87,2019-04-30,1,Defective
59627,2019-03-09,685,3432,52,2019-04-01,1,Defective
23270,2019-07-15,1727,3415,50,2019-08-13,1,Wrong Item
44284,2020-09-08,256,4068,6,2020-09-17,1,Defective
53249,2021-01-10,514,4769,40,2021-01-20,1,Wrong Item
74910,2021-09-02,318,4208,20,2021-10-01,1,Defective
55197,2020-07-17,1830,1024,4,2020-07-20,1,Defective
16854,2020-02-20,594,3813,1,2020-02-28,1,Wrong Item
67434,2019-10-06,1264,2696,86,2019-11-04,1,Wrong Item
13381,2023-10-13,1562,1478,94,2023-10-26,1,Changed Mind
55796,2019-12-11,843,4509,62,2020-01-05,1,Wrong Item
33296,2023-08-13,744,2801,41,2023-08-28,1,Changed Mind
15614,2023-05-01,1695,3750,52,2023-05-03,1,Defective
53711,2022-09-15,1590,2971,55,2022-09-24,1,Changed Mind
36353,2019-07-29,1358,633,61,2019-08-24,1,Defective
92627,2023-12-01,83,447,97,2023-12-29,1,Wrong Item
87888,2021-06-13,752,1119,76,2021-07-10,1,Changed Mind
84842,2020-04-25,546,4116,88,2020-04-26,1,Wrong Item
68794,2021-09-19,451,3888,57,2021-09-25,1,Changed Mind
12187,2023-07-04,1132,3645,78,2023-08-02,1,Changed Mind
67428,2019-10-16,830,3807,41,2019-11-05,1,Defective
40952,2019-07-12,796,2473,22,2019-07-26,1,Wrong Item
35876,2019-03-06,1742,4839,84,2019-03-23,1,Defective
45181,2022-07-03,1333,1999,34,2022-07-12,1,Wrong Item
14557,2023-03-22,727,4320,88,2023-04-07,1,Wrong Item
91526,2020-04-03,794,4148,8,2020-04-19,1,Defective
8843,2023-05-24,926,3706,12,2023-06-16,1,Wrong Item
63034,2023-04-18,836,4228,89,2023-05-12,1,Changed Mind
2547,2023-12-16,233,3117,37,2023-12-17,1,Defective
69659,2019-12-08,906,2224,57,2020-01-03,1,Changed Mind
94497,2019-09-04,315,4393,81,2019-09-30,1,Changed Mind
18849,2020-10-20,1810,4268,29,2020-11-16,1,Changed Mind
29175,2023-05-20,1327,2871,82,2023-05-24,1,Changed Mind
90161,2021-02-23,1649,4330,26,2021-03-24,1,Changed Mind
39775,2021-02-25,773,3180,53,2021-03-10,1,Changed Mind
44369,2020-08-10,947,4501,27,2020-09-01,1,Wrong Item
34740,2021-06-13,1544,3213,7,2021-06-16,1,Defective
1685,2019-04-28,1231,672,64,2019-05-18,1,Defective
86022,2021-06-01,386,1814,89,2021-06-14,1,Wrong Item
65971,2020-01-19,813,4754,71,2020-02-01,1,Changed Mind
20416,2021-10-09,418,2424,47,2021-10-28,1,Wrong Item
62017,2019-11-22,1776,3293,12,2019-11-27,1,Defective
72980,2020-02-28,772,846,33,2020-03-15,1,Defective
98959,2023-08-11,1443,464,2,2023-08-13,1,Wrong Item
83833,2021-08-27,1940,1277,5,2021-09-15,1,Changed Mind
57653,2022-08-28,226,3624,82,2022-09-03,1,Wrong Item
44745,2021-08-06,1331,2887,78,2021-08-27,1,Defective
67882,2023-03-12,1327,3519,45,2023-03-27,1,Changed Mind
21885,2020-06-14,477,1545,37,2020-07-01,1,Wrong Item
66487,2023-12-25,1729,1520,84,2024-01-13,1,Changed Mind
85581,2023-12-04,1890,3769,60,2023-12-12,1,Defective
61520,2022-08-15,1414,2453,83,2022-09-03,1,Defective
28176,2020-05-31,1987,440,49,2020-06-17,1,Changed Mind
41017,2020-05-02,1303,3461,8,2020-05-16,1,Changed Mind
43515,2023-09-30,207,3259,84,2023-10-16,1,Defective
95652,2019-12-31,389,1552,67,2020-01-09,1,Defective
57793,2023-11-28,199,1804,63,2023-12-06,1,Changed Mind
66695,2022-07-14,1315,3979,78,2022-08-12,1,Changed Mind
30230,2022-11-27,994,1429,94,2022-12-21,1,Changed Mind
92281,2023-01-13,104,2676,42,2023-01-29,1,Wrong Item
70117,2022-08-14,1325,4948,80,2022-09-07,1,Changed Mind
47871,2020-12-01,1316,4693,73,2020-12-06,1,Changed Mind
11590,2022-07-21,1266,795,91,2022-07-28,1,Wrong Item
72427,2021-05-25,1845,3086,6,2021-06-07,1,Changed Mind
92998,2019-05-17,495,4868,1,2019-06-11,1,Wrong Item
3739,2023-12-10,870,2740,17,2023-12-27,1,Wrong Item
11555,2020-09-23,1941,668,80,2020-09-24,1,Changed Mind
10697,2021-07-29,923,4318,2,2021-08-13,1,Changed Mind
41293,2021-10-20,1317,1204,57,2021-11-02,1,Defective
48001,2023-06-02,560,4597,68,2023-06-14,1,Wrong Item
7412,2022-10-09,1466,3473,15,2022-10-22,1,Changed Mind
36564,2023-07-29,1008,676,87,2023-07-30,1,Defective
77828,2022-12-21,884,2653,53,2022-12-30,1,Wrong Item
81351,2022-05-17,1215,3007,4,2022-05-24,1,Wrong Item
23851,2021-10-13,1210,93,64,2021-11-05,1,Changed Mind
92092,2020-02-18,584,595,78,2020-03-09,1,Changed Mind
85547,2021-09-30,1841,724,34,2021-10-14,1,Wrong Item
36857,2019-08-12,1382,1365,76,2019-08-16,1,Changed Mind
9369,2022-06-22,471,1555,74,2022-06-29,1,Wrong Item
39668,2022-09-07,69,877,15,2022-09-13,1,Changed Mind
84886,2023-04-28,987,2442,89,2023-05-22,1,Defective
27902,2022-03-29,125,1780,96,2022-04-22,1,Changed Mind
28667,2021-05-25,1241,1969,51,2021-06-23,1,Defective
26786,2020-03-28,135,2493,55,2020-03-29,1,Defective
31080,2019-10-22,1641,374,21,2019-11-18,1,Defective
45470,2019-02-23,1786,721,62,2019-02-28,1,Wrong Item
14626,2019-07-13,1279,942,67,2019-08-02,1,Wrong Item
51736,2023-07-24,464,2271,78,2023-08-01,1,Wrong Item
54343,2020-09-07,1500,4420,91,2020-09-20,1,Changed Mind
13109,2023-06-11,845,94,73,2023-06-26,1,Defective
49334,2021-06-03,1948,3086,75,2021-06-05,1,Defective
57771,2019-08-19,1700,74,87,2019-09-13,1,Wrong Item
68026,2023-11-23,748,2957,15,2023-12-14,1,Defective
51973,2022-01-15,423,1778,50,2022-02-08,1,Wrong Item
86595,2022-08-27,480,1268,14,2022-08-30,1,Changed Mind
5159,2021-03-15,60,2209,60,2021-04-07,1,Wrong Item
5568,2022-02-17,1263,3260,82,2022-03-01,1,Changed Mind
39700,2022-11-22,560,3422,11,2022-12-12,1,Defective
20377,2023-07-23,185,3691,12,2023-07-24,1,Wrong Item
21504,2023-01-02,1674,4277,50,2023-01-08,1,Wrong Item
59195,2022-08-22,1408,441,42,2022-09-07,1,Changed Mind
94880,2022-01-01,771,3603,13,2022-01-12,1,Defective
98183,2021-05-11,1901,614,1,2021-05-22,1,Defective
22468,2022-01-25,142,2343,27,2022-02-22,1,Changed Mind
60308,2021-10-25,1089,1814,83,2021-11-20,1,Defective
73084,2021-11-18,1009,4473,42,2021-11-24,1,Changed Mind
46051,2019-10-24,945,3727,45,2019-10-29,1,Changed Mind
13660,2021-12-10,1661,1040,52,2021-12-13,1,Wrong Item
23988,2021-09-01,1860,698,65,2021-09-20,1,Defective
75620,2019-11-12,1392,4674,44,2019-11-23,1,Wrong Item
33018,2021-09-14,110,2819,85,2021-09-22,1,Changed Mind
87935,2021-09-28,995,3602,16,2021-10-12,1,Defective
5986,2020-06-19,238,429,13,2020-07-04,1,Changed Mind
47411,2020-02-18,1850,4063,32,2020-02-27,1,Defective
37087,2022-06-07,1747,3230,86,2022-07-06,1,Changed Mind
99104,2021-09-28,1328,1925,44,2021-10-23,1,Defective
7795,2019-10-07,956,4245,77,2019-10-10,1,Changed Mind
65423,2022-08-12,1989,4921,98,2022-08-25,1,Changed Mind
57324,2023-02-04,1399,126,75,2023-02-07,1,Changed Mind
93045,2023-02-03,1138,2270,42,2023-02-24,1,Defective
4254,2021-06-24,1988,1754,49,2021-07-14,1,Wrong Item
75115,2022-02-05,800,3862,2,2022-03-06,1,Wrong Item
47011,2019-11-14,131,865,44,2019-11-28,1,Wrong Item
33243,2022-12-24,581,924,64,2022-12-28,1,Changed Mind
32016,2021-09-04,229,233,78,2021-09-26,1,Wrong Item
33295,2023-11-03,253,330,56,2023-11-11,1,Defective
74424,2022-12-21,358,19,32,2022-12-25,1,Wrong Item
26212,2020-05-13,338,1701,30,2020-05-27,1,Changed Mind
19688,2019-04-20,978,4470,10,2019-04-23,1,Wrong Item
162,2022-06-11,224,4494,71,2022-07-04,1,Changed Mind
44372,2023-06-02,552,4405,99,2023-06-07,1,Defective
41316,2022-10-30,1695,4684,2,2022-11-13,1,Defective
77026,2023-09-29,396,912,28,2023-10-04,1,Wrong Item
3358,2019-10-10,260,1425,61,2019-10-26,1,Changed Mind
75004,2021-03-09,170,2947,86,2021-03-24,1,Defective
43674,2021-01-04,693,583,65,2021-01-17,1,Defective
31266,2020-02-08,1926,3990,15,2020-02-18,1,Defective
65439,2020-04-06,1855,3625,99,2020-04-29,1,Defective
77951,2022-05-25,997,3883,52,2022-06-19,1,Defective
41220,2022-09-23,1508,1965,47,2022-10-17,1,Defective
2442,2021-02-21,393,4013,92,2021-03-06,1,Defective
41650,2023-08-04,1089,1698,64,2023-08-21,1,Defective
72686,2022-03-13,1960,3790,86,2022-03-27,1,Changed Mind
54207,2022-07-15,1044,3258,77,2022-07-24,1,Defective
16223,2023-10-30,1388,4874,12,2023-10-31,1,Defective
42135,2023-04-17,508,4649,82,2023-04-30,1,Wrong Item
80513,2020-08-14,1750,108,72,2020-08-31,1,Defective
55307,2019-03-23,509,3559,22,2019-04-16,1,Defective
50793,2022-05-04,1427,4480,7,2022-05-09,1,Changed Mind
82474,2020-08-17,839,3173,71,2020-08-20,1,Changed Mind
24414,2023-10-30,1869,3963,83,2023-11-09,1,Wrong Item
11942,2023-08-28,541,3010,22,2023-09-24,1,Changed Mind
29977,2019-01-22,1992,4937,35,2019-01-26,1,Changed Mind
14488,2019-11-14,725,2330,18,2019-11-25,1,Defective
90455,2020-03-04,132,1567,48,2020-03-21,1,Wrong Item
90087,2023-10-17,1151,438,68,2023-11-07,1,Wrong Item
47478,2022-11-28,1715,3169,58,2022-12-10,1,Wrong Item
22231,2020-04-12,1089,388,65,2020-05-05,1,Wrong Item
28138,2021-12-16,1879,4641,100,2022-01-04,1,Defective
28442,2021-07-21,1986,1421,76,2021-08-13,1,Defective
67409,2022-08-23,705,4961,49,2022-09-20,1,Defective
90509,2023-05-05,1591,825,97,2023-05-11,1,Changed Mind
16817,2021-02-11,213,988,24,2021-02-19,1,Changed Mind
26744,2021-03-31,671,131,3,2021-04-08,1,Wrong Item
86045,2023-03-17,951,4503,88,2023-04-14,1,Changed Mind
36842,2021-11-30,1763,1474,59,2021-12-21,1,Wrong Item
63615,2023-09-10,818,3890,18,2023-09-14,1,Wrong Item
29759,2022-01-30,265,2224,11,2022-02-09,1,Wrong Item
48272,2022-01-03,1728,642,72,2022-01-04,1,Changed Mind
33256,2023-03-12,1191,1929,91,2023-03-21,1,Changed Mind
52070,2023-07-03,282,988,18,2023-07-09,1,Wrong Item
67955,2019-12-28,63,4815,2,2020-01-16,1,Wrong Item
90756,2021-02-23,417,4350,19,2021-03-05,1,Changed Mind
2392,2022-03-22,407,2531,13,2022-04-03,1,Defective
93667,2021-01-16,1556,3202,27,2021-01-31,1,Defective
80057,2020-03-30,1826,272,93,2020-03-31,1,Changed Mind
90441,2020-12-20,687,4961,19,2020-12-24,1,Defective
967,2020-09-04,381,4839,96,2020-09-27,1,Defective
72130,2021-02-15,1924,3203,53,2021-03-13,1,Changed Mind
80487,2020-12-18,152,3975,67,2021-01-16,1,Changed Mind
61146,2019-04-24,1193,4656,6,2019-05-15,1,Wrong Item
54316,2021-01-18,615,4647,32,2021-02-09,1,Defective
66850,2020-10-16,1172,1062,35,2020-11-12,1,Changed Mind
54373,2022-01-02,1818,3222,94,2022-01-16,1,Defective
11669,2023-05-24,1847,1215,43,2023-06-06,1,Defective
8267,2021-07-04,962,3201,58,2021-07-30,1,Wrong Item
34567,2022-03-17,331,329,30,2022-04-05,1,Wrong Item
6072,2021-06-07,1608,1695,63,2021-06-18,1,Defective
74740,2023-01-23,1039,1792,62,2023-01-31,1,Changed Mind
66289,2019-03-19,607,4466,29,2019-03-29,1,Changed Mind
30709,2023-08-21,86,4979,52,2023-08-28,1,Changed Mind
11966,2022-01-28,1606,3704,62,2022-02-12,1,Wrong Item
14005,2021-07-19,1490,14,7,2021-07-28,1,Wrong Item
71068,2021-12-30,1882,3890,90,2022-01-09,1,Changed Mind
36074,2020-12-09,880,1636,72,2020-12-29,1,Changed Mind
48551,2023-09-23,1121,2624,76,2023-10-21,1,Defective
64781,2019-08-02,857,359,90,2019-08-16,1,Changed Mind
69449,2021-06-20,1992,3410,64,2021-07-13,1,Wrong Item
57049,2021-05-31,197,2701,38,2021-06-24,1,Wrong Item
32343,2020-03-25,903,1505,37,2020-03-30,1,Changed Mind
14371,2021-12-21,1684,3543,69,2021-12-27,1,Wrong Item
60742,2019-07-09,1466,319,100,2019-08-04,1,Wrong Item
91833,2022-09-14,1009,945,20,2022-09-23,1,Defective
84538,2023-11-01,1949,246,12,2023-11-15,1,Wrong Item
38199,2022-06-07,110,1001,1,2022-06-29,1,Changed Mind
96794,2021-02-21,1274,1250,22,2021-03-13,1,Defective
94558,2021-03-30,1552,3549,77,2021-04-04,1,Wrong Item
3307,2021-07-14,349,536,53,2021-07-28,1,Wrong Item
78287,2021-04-27,1098,4826,71,2021-05-06,1,Defective
85878,2019-03-30,1757,653,43,2019-04-23,1,Wrong Item
92317,2023-10-03,1389,2134,32,2023-10-12,1,Changed Mind
82421,2022-10-14,1957,4600,7,2022-10-17,1,Changed Mind
23336,2023-06-16,875,4712,98,2023-07-04,1,Wrong Item
66722,2023-07-21,123,147,5,2023-07-31,1,Defective
88979,2020-08-13,580,4153,12,2020-09-08,1,Wrong Item
69955,2020-08-02,305,1798,17,2020-08-15,1,Wrong Item
25088,2020-07-17,1570,1810,97,2020-08-04,1,Changed Mind
58869,2020-11-03,1697,873,38,2020-12-01,1,Changed Mind
20365,2021-12-30,927,3120,75,2022-01-14,1,Wrong Item
2969,2022-08-03,1878,1684,66,2022-08-28,1,Changed Mind
49329,2023-06-07,676,3285,12,2023-06-19,1,Defective
81136,2020-02-27,441,4306,4,2020-03-07,1,Defective
78636,2020-04-12,298,492,52,2020-04-16,1,Wrong Item
33447,2022-05-15,449,3316,18,2022-05-22,1,Wrong Item
39208,2020-02-02,1113,743,92,2020-02-20,1,Wrong Item
73149,2023-01-18,665,3531,75,2023-02-16,1,Changed Mind
8385,2021-10-17,1954,2851,18,2021-10-31,1,Wrong Item
26181,2022-08-05,1772,4496,75,2022-08-19,1,Wrong Item
29239,2022-01-10,114,2284,48,2022-02-03,1,Defective
76964,2019-05-10,1127,4568,73,2019-06-04,1,Defective
48222,2019-09-27,1531,617,34,2019-10-25,1,Wrong Item
3786,2022-08-04,413,3734,94,2022-08-25,1,Wrong Item
46068,2022-07-06,323,4364,51,2022-07-23,1,Changed Mind
44527,2023-10-19,492,431,85,2023-11-06,1,Defective
63699,2023-09-27,135,1312,56,2023-10-20,1,Changed Mind
38036,2023-08-17,713,4131,62,2023-08-22,1,Changed Mind
25454,2020-07-24,5,4779,19,2020-07-25,1,Changed Mind
70381,2023-08-08,1232,802,92,2023-08-31,1,Wrong Item
30663,2021-06-05,1771,4161,51,2021-06-20,1,Wrong Item
13696,2020-07-11,1180,2241,35,2020-07-29,1,Changed Mind
9455,2019-11-07,1492,375,52,2019-12-02,1,Wrong Item
82513,2019-11-09,841,3929,18,2019-12-04,1,Wrong Item
55341,2023-11-21,902,2758,23,2023-12-16,1,Wrong Item
76723,2023-12-23,517,1994,23,2024-01-08,1,Defective
26331,2023-10-10,926,2297,99,2023-10-31,1,Defective
36971,2022-11-05,208,2350,35,2022-11-28,1,Defective
74903,2019-05-29,994,4917,62,2019-06-24,1,Changed Mind
10206,2021-08-10,242,1955,19,2021-09-03,1,Defective
60100,2022-07-05,1654,2789,65,2022-07-17,1,Changed Mind
60895,2022-12-10,1790,2309,16,2022-12-14,1,Changed Mind
20062,2023-09-17,311,35,6,2023-09-26,1,Changed Mind
66340,2021-05-18,1418,357,53,2021-05-31,1,Defective
30829,2023-03-06,455,4372,84,2023-03-08,1,Defective
95716,2022-05-29,1485,749,77,2022-06-14,1,Defective
51562,2022-09-30,1005,4701,22,2022-10-10,1,Changed Mind
61067,2019-07-06,1909,80,76,2019-07-13,1,Defective
82756,2020-12-21,1830,4276,14,2021-01-18,1,Defective
17038,2020-02-12,277,1522,45,2020-02-20,1,Defective
11762,2020-03-22,1432,1903,96,2020-04-12,1,Wrong Item
5958,2020-02-03,1566,725,37,2020-02-15,1,Defective
19490,2023-05-22,1134,3799,7,2023-06-07,1,Changed Mind
22380,2019-03-16,233,1773,22,2019-04-08,1,Changed Mind
45913,2020-09-12,708,3277,86,2020-09-25,1,Changed Mind
58281,2021-06-19,1844,2752,17,2021-07-06,1,Wrong Item
41693,2019-09-25,795,1948,12,2019-10-07,1,Defective
60865,2020-12-25,816,3053,72,2021-01-15,1,Defective
27852,2023-02-10,472,965,94,2023-02-24,1,Changed Mind
19973,2020-08-04,525,4666,1,2020-08-12,1,Wrong Item
8814,2020-02-15,627,1239,41,2020-03-14,1,Changed Mind
1737,2021-05-27,371,3402,68,2021-06-11,1,Wrong Item
55054,2021-01-18,183,2899,22,2021-01-24,1,Changed Mind
53129,2020-02-06,1715,4684,35,2020-02-09,1,Wrong Item
29947,2019-12-14,1053,4889,5,2019-12-19,1,Wrong Item
24507,2023-10-25,1114,2761,76,2023-11-20,1,Defective
98606,2021-03-13,384,3588,54,2021-03-14,1,Defective
30511,2022-12-04,1655,723,8,2022-12-31,1,Wrong Item
17907,2022-04-09,795,3302,15,2022-04-19,1,Changed Mind
47758,2021-10-28,1334,1182,31,2021-11-16,1,Defective
70303,2022-07-31,612,4003,90,2022-08-07,1,Wrong Item
83451,2023-04-01,263,1770,4,2023-04-02,1,Defective
71062,2021-11-03,1159,1092,67,2021-11-06,1,Wrong Item
78365,2019-08-20,1090,2777,60,2019-09-04,1,Wrong Item
9805,2019-02-11,1000,4117,40,2019-03-02,1,Defective
22368,2020-12-22,1546,2436,57,2021-01-13,1,Wrong Item
61784,2023-08-10,1445,348,59,2023-09-07,1,Changed Mind
73395,2021-08-19,1441,2546,45,2021-09-05,1,Defective
7863,2023-12-28,472,2864,6,2024-01-22,1,Changed Mind
58889,2020-05-02,1869,2254,7,2020-05-15,1,Changed Mind
56475,2023-03-31,1406,2203,31,2023-04-03,1,Changed Mind
38352,2023-11-15,319,112,87,2023-11-30,1,Wrong Item
45622,2021-08-10,1964,988,77,2021-08-12,1,Defective
43609,2021-12-29,278,4908,28,2022-01-14,1,Defective
48131,2022-03-02,628,1099,12,2022-03-26,1,Changed Mind
1247,2022-05-10,1197,4118,34,2022-06-02,1,Wrong Item
40718,2021-06-10,658,3565,80,2021-07-03,1,Defective
34647,2020-04-22,295,4104,41,2020-04-27,1,Changed Mind
82828,2020-03-28,33,3081,68,2020-04-25,1,Wrong Item
95588,2020-04-26,1790,3024,66,2020-05-22,1,Changed Mind
95234,2019-02-08,1813,2957,71,2019-02-21,1,Wrong Item
85062,2022-07-22,1157,4305,67,2022-08-06,1,Changed Mind
20363,2022-07-24,1630,995,56,2022-07-30,1,Changed Mind
10086,2019-06-22,1199,60,94,2019-07-11,1,Changed Mind
16436,2021-06-02,824,2579,57,2021-06-28,1,Wrong Item
53480,2021-01-28,1112,3882,75,2021-02-22,1,Wrong Item
64869,2020-10-14,574,2505,28,2020-10-24,1,Wrong Item
73401,2022-07-22,1227,1658,48,2022-08-05,1,Wrong Item
15043,2022-11-20,920,1291,71,2022-11-23,1,Wrong Item
89802,2020-05-19,88,4005,66,2020-06-10,1,Wrong Item
91212,2023-01-25,1087,3752,70,2023-02-16,1,Changed Mind
45828,2022-09-23,238,1543,91,2022-09-29,1,Changed Mind
51090,2019-08-05,1757,4350,11,2019-08-07,1,Changed Mind
6607,2021-05-20,1197,4608,84,2021-06-15,1,Wrong Item
74986,2020-07-26,1351,3894,81,2020-08-12,1,Defective
88654,2020-05-08,747,4970,69,2020-05-31,1,Changed Mind
81109,2021-11-29,432,2959,40,2021-12-18,1,Changed Mind
8116,2023-11-28,386,2526,80,2023-12-22,1,Wrong Item
41211,2019-09-11,1142,4718,84,2019-10-10,1,Changed Mind
75179,2019-09-04,1073,3369,1,2019-09-25,1,Wrong Item
22286,2023-11-19,704,726,97,2023-11-27,1,Wrong Item
7731,2023-07-05,1064,4575,37,2023-07-30,1,Wrong Item
65391,2021-08-11,1797,3700,91,2021-08-17,1,Defective
6530,2019-01-28,1250,1771,82,2019-02-04,1,Changed Mind
36712,2022-09-06,151,4100,53,2022-09-27,1,Defective
31775,2019-11-28,180,4127,62,2019-11-30,1,Changed Mind
33572,2022-09-08,203,1858,41,2022-09-25,1,Defective
78203,2020-08-04,162,3409,51,2020-08-14,1,Defective
20822,2021-10-10,217,2756,17,2021-10-22,1,Wrong Item
11948,2019-03-30,1021,3846,89,2019-04-26,1,Defective
70955,2019-03-24,331,1266,75,2019-04-06,1,Defective
821,2020-09-18,1867,4770,28,2020-09-24,1,Wrong Item
83234,2021-06-01,591,2705,76,2021-06-05,1,Changed Mind
85374,2021-03-29,1477,185,55,2021-04-07,1,Defective
97526,2019-09-18,1558,4914,79,2019-09-23,1,Wrong Item
97700,2020-08-12,1999,66,19,2020-08-30,1,Changed Mind
78885,2019-11-26,1222,23,88,2019-12-12,1,Defective
53531,2020-11-16,675,1321,73,2020-12-12,1,Changed Mind
59529,2023-02-13,1742,826,80,2023-02-23,1,Changed Mind
72990,2023-06-13,1133,210,11,2023-07-08,1,Defective
91614,2020-02-19,1743,972,71,2020-03-12,1,Defective
56057,2019-11-15,152,1369,29,2019-11-30,1,Wrong Item
82060,2020-02-07,992,932,41,2020-02-23,1,Defective
9343,2022-01-14,1451,240,38,2022-01-25,1,Wrong Item
88003,2020-06-06,290,1332,75,2020-06-22,1,Wrong Item
50951,2019-07-26,1781,3652,19,2019-08-01,1,Wrong Item
66158,2019-08-04,1509,744,12,2019-09-01,1,Changed Mind
68664,2020-02-23,460,227,12,2020-02-27,1,Changed Mind
62297,2023-02-12,705,943,38,2023-02-19,1,Changed Mind
81758,2019-11-01,364,3579,58,2019-11-25,1,Defective
22811,2022-12-14,313,1095,33,2022-12-23,1,Changed Mind
12075,2020-04-07,1378,3845,26,2020-04-11,1,Changed Mind
19326,2019-03-19,734,986,9,2019-04-08,1,Wrong Item
76539,2019-04-26,1185,465,48,2019-05-19,1,Changed Mind
24089,2021-10-23,233,1735,55,2021-11-02,1,Changed Mind
60682,2020-04-08,1662,4078,7,2020-04-09,1,Changed Mind
94364,2020-11-26,711,4996,83,2020-12-15,1,Wrong Item
12558,2023-01-03,1294,2892,38,2023-01-04,1,Changed Mind
97800,2022-08-16,1453,4902,41,2022-08-21,1,Changed Mind
29020,2021-04-11,421,1011,16,2021-04-25,1,Changed Mind
50961,2020-10-26,682,1275,56,2020-11-08,1,Defective
29616,2022-10-19,1345,545,18,2022-11-16,1,Defective
60301,2019-04-04,395,1535,13,2019-04-05,1,Defective
23159,2020-09-26,1993,1153,84,2020-10-22,1,Wrong Item
54507,2022-09-06,762,1444,95,2022-09-26,1,Defective
49249,2021-09-28,1793,1693,5,2021-10-21,1,Wrong Item
66072,2023-10-08,1734,4825,52,2023-11-02,1,Changed Mind
74563,2021-07-12,410,2536,95,2021-07-28,1,Defective
78606,2021-02-06,628,1560,5,2021-02-08,1,Defective
78623,2021-12-28,911,2664,7,2022-01-18,1,Defective
9710,2022-01-16,322,2112,8,2022-02-05,1,Defective
67512,2020-09-18,1496,4543,58,2020-10-09,1,Defective
70768,2020-12-18,274,3007,72,2021-01-05,1,Wrong Item
55102,2022-12-29,1070,3287,75,2023-01-07,1,Changed Mind
43431,2021-06-26,1853,1221,36,2021-07-19,1,Changed Mind
46049,2023-08-17,1973,1929,79,2023-09-11,1,Changed Mind
33424,2022-10-07,1844,3094,4,2022-10-25,1,Wrong Item
28913,2019-09-30,1099,1163,78,2019-10-02,1,Defective
96347,2020-11-20,1260,1399,3,2020-11-22,1,Changed Mind
54086,2023-02-01,1871,4724,35,2023-02-05,1,Defective
50657,2023-03-12,193,4100,98,2023-03-15,1,Defective
34920,2023-10-22,366,4788,89,2023-10-25,1,Changed Mind
41916,2019-08-16,291,174,74,2019-08-18,1,Defective
13712,2019-04-17,793,4420,97,2019-04-19,1,Defective
44643,2020-11-19,1327,788,53,2020-11-22,1,Defective
1743,2022-11-11,1816,2163,100,2022-12-02,1,Defective
88335,2023-02-26,488,633,30,2023-03-14,1,Wrong Item
25893,2021-12-23,1639,3905,4,2022-01-14,1,Defective
79272,2023-12-18,513,1183,38,2023-12-22,1,Defective
99566,2022-07-01,1445,4061,42,2022-07-11,1,Wrong Item
59135,2019-11-24,1619,4654,55,2019-12-03,1,Defective
85810,2020-11-08,838,1517,100,2020-12-04,1,Wrong Item
47338,2022-01-25,1233,2707,70,2022-02-16,1,Defective
60235,2023-08-30,1499,2347,39,2023-09-01,1,Wrong Item
79265,2023-12-10,389,3289,71,2024-01-08,1,Defective
57751,2021-07-20,1956,3229,49,2021-08-08,1,Wrong Item
23662,2023-04-30,126,828,15,2023-05-06,1,Wrong Item
48886,2021-11-27,967,4452,67,2021-12-13,1,Wrong Item
33740,2021-12-22,55,2454,90,2022-01-13,1,Defective
59857,2019-05-15,1940,2665,33,2019-05-25,1,Changed Mind
72447,2019-03-30,1653,4265,14,2019-04-17,1,Wrong Item
47644,2019-12-25,1993,4184,42,2020-01-10,1,Wrong Item
59706,2020-09-02,218,3579,85,2020-09-19,1,Wrong Item
89912,2023-06-19,151,3447,59,2023-07-04,1,Changed Mind
52292,2021-09-25,530,3885,99,2021-10-13,1,Changed Mind
42105,2022-05-24,1831,2079,73,2022-06-14,1,Defective
40458,2019-08-07,292,4639,74,2019-08-18,1,Wrong Item
64557,2023-06-01,335,4916,49,2023-06-07,1,Defective
34432,2022-01-15,852,1364,30,2022-02-13,1,Defective
36855,2019-03-06,1699,3354,78,2019-03-31,1,Wrong Item
88294,2023-11-06,1161,2364,3,2023-11-17,1,Defective
9275,2022-08-05,1619,4614,59,2022-08-06,1,Wrong Item
24869,2022-10-03,1339,378,67,2022-10-06,1,Defective
57538,2023-10-29,927,3984,40,2023-11-22,1,Changed Mind
91035,2019-02-09,1753,3037,57,2019-02-22,1,Defective
43657,2019-08-28,368,4538,2,2019-08-30,1,Changed Mind
14730,2020-05-24,1299,3901,64,2020-05-29,1,Wrong Item
81466,2019-08-08,921,4008,38,2019-08-21,1,Changed Mind
69190,2021-05-18,692,4370,2,2021-06-15,1,Defective
13536,2020-09-11,997,815,56,2020-09-14,1,Changed Mind
90179,2023-02-07,440,2012,80,2023-02-25,1,Defective
49194,2022-03-11,580,1020,97,2022-04-07,1,Defective
5810,2019-02-03,216,3663,52,2019-02-04,1,Changed Mind
7985,2019-05-03,1292,4309,5,2019-05-25,1,Changed Mind
26527,2023-10-05,1917,4,6,2023-10-08,1,Changed Mind
28423,2022-11-03,788,4895,66,2022-11-19,1,Changed Mind
98624,2021-07-31,823,1087,81,2021-08-02,1,Changed Mind
55024,2022-06-12,1583,1075,54,2022-06-28,1,Defective
82934,2022-06-01,868,3576,45,2022-06-15,1,Defective
4257,2021-06-04,587,791,95,2021-06-08,1,Defective
91233,2021-04-18,635,3986,43,2021-05-16,1,Wrong Item
42328,2022-12-21,737,1540,27,2023-01-11,1,Defective
6397,2022-12-16,107,515,80,2022-12-31,1,Wrong Item
84114,2023-12-04,606,3659,47,2023-12-07,1,Defective
50674,2019-10-22,1180,1513,92,2019-10-29,1,Wrong Item
93879,2020-06-28,1686,276,55,2020-07-19,1,Defective
43818,2020-05-29,116,1080,80,2020-06-25,1,Defective
70968,2020-09-22,777,970,27,2020-10-13,1,Changed Mind
79678,2020-04-26,1818,2540,79,2020-05-18,1,Defective
37817,2023-10-10,1159,4062,17,2023-11-07,1,Changed Mind
47455,2020-05-19,1005,953,62,2020-06-05,1,Defective
25239,2019-08-02,709,598,33,2019-08-31,1,Wrong Item
38690,2023-05-02,1285,2559,47,2023-05-17,1,Defective
10022,2021-05-27,673,4919,55,2021-06-19,1,Defective
90467,2022-04-05,1618,3432,10,2022-04-23,1,Changed Mind
45900,2021-03-08,192,3913,85,2021-03-10,1,Wrong Item
75256,2019-12-14,1702,4762,6,2019-12-25,1,Changed Mind
51752,2023-05-11,675,4657,80,2023-05-15,1,Defective
98114,2023-02-09,906,3159,77,2023-02-17,1,Changed Mind
40146,2019-01-17,43,709,9,2019-01-28,1,Changed Mind
76716,2023-06-14,1544,2929,26,2023-07-02,1,Changed Mind
94489,2020-07-21,1523,2664,90,2020-07-24,1,Changed Mind
21291,2021-07-28,669,2167,44,2021-08-14,1,Defective
63802,2021-12-12,1933,3108,56,2022-01-05,1,Defective
45123,2020-02-15,1045,972,94,2020-02-24,1,Defective
76832,2020-08-03,432,1476,55,2020-08-16,1,Defective
98591,2021-06-19,378,3153,59,2021-06-25,1,Changed Mind
43358,2021-12-06,1499,1472,39,2021-12-10,1,Defective
61112,2019-04-01,375,2047,87,2019-04-12,1,Wrong Item
24346,2021-10-29,1974,3758,50,2021-11-01,1,Defective
1225,2023-04-05,445,3040,90,2023-04-11,1,Defective
46223,2023-07-24,400,4462,93,2023-08-07,1,Wrong Item
55677,2021-04-28,76,1725,97,2021-05-27,1,Defective
70831,2021-02-08,1014,2401,15,2021-03-03,1,Changed Mind
50323,2021-04-27,8,4624,60,2021-05-07,1,Defective
81972,2022-04-01,1298,1782,5,2022-04-29,1,Defective
14536,2022-12-23,1287,3651,21,2022-12-30,1,Changed Mind
61656,2019-12-10,1242,3153,63,2019-12-24,1,Defective
69663,2019-05-31,67,3364,88,2019-06-26,1,Wrong Item
34044,2020-04-05,645,3587,65,2020-04-22,1,Wrong Item
58389,2022-06-08,383,3848,64,2022-06-29,1,Changed Mind
18330,2022-10-16,1420,3770,47,2022-10-26,1,Defective
77218,2019-11-23,1530,3754,22,2019-11-26,1,Wrong Item
36824,2023-09-29,734,4948,56,2023-10-27,1,Changed Mind
6232,2022-09-29,140,2600,49,2022-10-09,1,Defective
59780,2019-03-06,68,3510,99,2019-04-01,1,Changed Mind
54888,2021-07-21,186,1348,11,2021-08-18,1,Wrong Item
19459,2019-03-13,1626,2043,90,2019-03-16,1,Changed Mind
14523,2021-03-25,1479,1170,49,2021-04-01,1,Wrong Item
48656,2022-12-10,1416,455,28,2022-12-13,1,Changed Mind
94590,2021-04-26,1600,729,49,2021-05-21,1,Changed Mind
38140,2019-05-09,1197,3056,56,2019-05-12,1,Wrong Item
22662,2023-01-07,1000,35,7,2023-01-21,1,Defective
83121,2023-02-10,1446,4586,17,2023-02-22,1,Changed Mind
33879,2022-07-25,623,4049,96,2022-08-09,1,Defective
72367,2020-04-28,659,811,52,2020-05-11,1,Changed Mind
67718,2019-06-10,864,2371,15,2019-06-27,1,Changed Mind
58938,2022-01-09,678,4007,95,2022-01-19,1,Changed Mind
53205,2022-09-20,1003,4813,58,2022-10-14,1,Changed Mind
56750,2023-06-28,821,4626,81,2023-07-27,1,Changed Mind
10766,2021-08-01,700,3001,89,2021-08-10,1,Wrong Item
86984,2022-12-10,1906,336,34,2023-01-01,1,Defective
74484,2023-08-15,834,42,6,2023-08-19,1,Defective
59453,2023-01-25,576,3803,36,2023-02-17,1,Changed Mind
47229,2022-09-21,548,267,91,2022-10-17,1,Defective
81262,2021-04-03,1659,1578,19,2021-04-06,1,Changed Mind
49243,2020-10-25,1535,2207,66,2020-11-08,1,Defective
17761,2019-01-23,1535,620,90,2019-01-29,1,Changed Mind
16317,2022-05-01,1398,46,49,2022-05-24,1,Defective
72642,2019-08-10,696,19,2,2019-08-14,1,Defective
22228,2019-12-19,1467,3327,25,2020-01-04,1,Wrong Item
66443,2019-01-16,1538,2590,17,2019-01-20,1,Changed Mind
94066,2022-09-24,889,189,94,2022-09-28,1,Wrong Item
80964,2021-04-28,1039,2402,56,2021-05-18,1,Defective
45652,2022-07-26,1491,1230,4,2022-08-14,1,Wrong Item
26092,2022-03-05,1032,3981,30,2022-04-03,1,Defective
76337,2021-04-03,742,4278,17,2021-04-12,1,Changed Mind
58779,2020-05-24,1395,4474,50,2020-06-19,1,Wrong Item
55629,2021-04-21,262,1380,97,2021-05-15,1,Wrong Item
72404,2022-02-28,862,1049,40,2022-03-16,1,Changed Mind
32418,2021-11-20,570,1828,68,2021-12-11,1,Changed Mind
16911,2020-07-23,740,1849,96,2020-07-27,1,Wrong Item
28400,2020-07-08,784,4265,7,2020-07-28,1,Defective
17093,2022-06-25,884,108,66,2022-07-02,1,Changed Mind
9189,2020-06-13,1037,2091,78,2020-07-04,1,Changed Mind
68673,2019-02-09,788,2158,22,2019-03-02,1,Defective
37935,2023-04-02,998,1307,16,2023-04-23,1,Wrong Item
76565,2021-01-14,1581,975,90,2021-01-21,1,Wrong Item
39153,2020-06-16,1004,1599,63,2020-06-21,1,Wrong Item
83897,2021-08-17,381,1489,91,2021-09-01,1,Changed Mind
56350,2019-11-22,37,4867,90,2019-12-17,1,Defective
28013,2020-08-23,103,1800,27,2020-09-18,1,Wrong Item
15483,2023-02-27,21,842,80,2023-03-17,1,Changed Mind
62260,2020-03-25,182,2930,50,2020-04-10,1,Wrong Item
68366,2023-10-23,1296,2373,26,2023-11-02,1,Defective
11608,2020-09-25,18,929,77,2020-10-01,1,Changed Mind
48205,2021-12-26,42,2632,15,2022-01-12,1,Changed Mind
702,2021-05-04,92,278,14,2021-05-21,1,Wrong Item
10598,2023-04-24,82,1058,99,2023-05-08,1,Changed Mind
35515,2020-02-14,1290,1373,75,2020-02-26,1,Changed Mind
21790,2022-05-01,1518,1769,29,2022-05-15,1,Wrong Item
30022,2023-02-24,566,3093,65,2023-03-09,1,Defective
69614,2020-01-09,1926,225,30,2020-02-01,1,Changed Mind
56458,2021-11-24,528,3393,43,2021-12-14,1,Defective
6356,2023-09-21,1504,2202,61,2023-10-09,1,Defective
49142,2020-05-07,1558,4460,71,2020-05-31,1,Changed Mind
21816,2020-03-28,199,3015,76,2020-04-22,1,Changed Mind
21667,2020-07-14,1612,1089,13,2020-07-15,1,Defective
66207,2020-05-21,1291,4133,86,2020-05-28,1,Wrong Item
53500,2021-12-15,810,1247,84,2021-12-30,1,Wrong Item
15123,2020-04-28,107,2065,92,2020-05-04,1,Wrong Item
80483,2022-08-28,92,1478,57,2022-08-31,1,Defective
28899,2019-03-10,1324,1321,60,2019-03-27,1,Wrong Item
48489,2022-12-08,546,1651,57,2022-12-23,1,Changed Mind
26719,2023-09-01,61,1529,19,2023-09-04,1,Changed Mind
97243,2023-03-17,1742,3084,68,2023-04-03,1,Defective
86053,2020-08-03,38,1269,90,2020-08-07,1,Wrong Item
13897,2020-04-07,685,3007,31,2020-04-22,1,Changed Mind
95682,2019-10-18,28,2731,86,2019-10-31,1,Changed Mind
32124,2019-10-08,1932,4267,95,2019-11-03,1,Wrong Item
19028,2021-10-14,1844,4498,57,2021-11-01,1,Changed Mind
46445,2023-12-23,1056,1920,26,2024-01-15,1,Defective
78458,2021-01-10,492,1790,48,2021-01-27,1,Changed Mind
39823,2021-03-14,1948,2998,85,2021-03-18,1,Changed Mind
87931,2019-03-13,356,644,87,2019-03-28,1,Defective
5708,2022-04-23,1255,3579,74,2022-04-29,1,Defective
18665,2020-05-15,877,151,96,2020-05-28,1,Wrong Item
34535,2023-11-19,1592,4082,87,2023-12-07,1,Changed Mind
46709,2019-12-28,403,749,13,2020-01-16,1,Defective
75280,2019-01-29,904,2570,44,2019-02-06,1,Defective
97875,2022-12-19,1235,1123,19,2023-01-03,1,Changed Mind
80450,2022-06-01,1749,1025,5,2022-06-17,1,Changed Mind
98683,2021-04-17,43,4404,71,2021-04-20,1,Defective
81895,2023-10-15,1176,964,22,2023-10-31,1,Changed Mind
71717,2020-04-19,1772,2403,8,2020-04-28,1,Wrong Item
90866,2023-11-25,354,1467,38,2023-12-13,1,Defective
17742,2022-02-13,1175,4097,98,2022-02-27,1,Defective
71670,2022-03-15,786,1367,25,2022-04-05,1,Wrong Item
62282,2021-04-27,667,4274,50,2021-04-30,1,Wrong Item
47438,2021-11-08,227,2126,56,2021-11-29,1,Changed Mind
45411,2023-10-05,1604,4864,63,2023-11-01,1,Wrong Item
84246,2021-09-22,1624,4039,63,2021-10-03,1,Changed Mind
84427,2021-07-13,214,3875,36,2021-07-21,1,Wrong Item
14671,2022-06-26,975,3546,80,2022-07-16,1,Defective
6300,2019-03-29,1540,3052,7,2019-04-01,1,Defective
46602,2022-05-26,423,3114,99,2022-05-30,1,Defective
27801,2021-11-05,1178,252,67,2021-11-22,1,Changed Mind
42466,2020-08-27,569,3446,12,2020-09-16,1,Defective
41229,2021-08-12,829,3941,80,2021-08-29,1,Wrong Item
34804,2020-01-08,387,2766,74,2020-01-16,1,Changed Mind
41720,2021-04-04,1791,1934,6,2021-04-13,1,Wrong Item
48681,2020-06-13,1819,312,9,2020-07-09,1,Defective
43297,2021-08-09,1742,506,9,2021-08-16,1,Defective
39782,2019-05-24,1388,903,59,2019-06-15,1,Changed Mind
37532,2021-03-23,289,2400,57,2021-04-12,1,Defective
59807,2022-02-19,19,2678,78,2022-03-15,1,Wrong Item
91399,2019-11-09,949,2065,76,2019-11-19,1,Changed Mind
53877,2022-01-21,1003,2124,16,2022-02-05,1,Defective
17365,2020-02-18,339,1164,62,2020-03-07,1,Wrong Item
87713,2021-03-27,1061,3587,24,2021-04-23,1,Wrong Item
75512,2022-05-07,124,4906,92,2022-05-30,1,Changed Mind
92049,2023-05-07,1612,127,34,2023-05-14,1,Changed Mind
1600,2019-03-19,1525,4939,54,2019-04-06,1,Defective
9240,2021-10-02,554,1051,26,2021-10-20,1,Defective
71682,2021-04-06,1316,4681,26,2021-04-29,1,Wrong Item
20089,2020-02-20,629,485,39,2020-02-26,1,Wrong Item
39906,2022-12-29,1111,2717,96,2023-01-11,1,Changed Mind
12643,2022-07-13,1278,3466,89,2022-07-19,1,Wrong Item
46880,2020-03-09,1249,2625,57,2020-03-17,1,Defective
54894,2023-12-03,1087,3448,63,2023-12-31,1,Defective
49687,2021-01-29,1521,2159,73,2021-02-13,1,Changed Mind
55969,2022-03-02,1447,1647,35,2022-03-22,1,Defective
35976,2021-08-17,236,464,81,2021-09-07,1,Wrong Item
6178,2022-10-18,296,3740,1,2022-11-14,1,Defective
11760,2020-01-24,491,3826,52,2020-01-26,1,Changed Mind
8232,2023-05-13,709,1316,88,2023-05-23,1,Changed Mind
64849,2021-04-25,1562,2085,14,2021-05-05,1,Changed Mind
46420,2022-09-21,696,1848,62,2022-10-11,1,Changed Mind
5053,2020-01-04,187,1206,89,2020-01-07,1,Defective
20303,2023-12-12,1046,427,75,2024-01-06,1,Defective
1576,2019-02-12,1882,142,34,2019-02-23,1,Changed Mind
32302,2023-03-18,1907,2748,61,2023-03-29,1,Defective
63370,2023-01-23,288,679,71,2023-02-08,1,Defective
8006,2022-04-20,425,3936,84,2022-05-12,1,Wrong Item
69329,2021-06-29,454,3870,9,2021-07-09,1,Wrong Item
23205,2020-03-31,227,4340,40,2020-04-10,1,Wrong Item
26060,2019-05-03,512,2956,87,2019-05-05,1,Defective
33233,2020-08-24,873,1036,10,2020-09-14,1,Changed Mind
11686,2021-05-13,947,2074,1,2021-05-31,1,Defective
84676,2022-06-02,564,3844,72,2022-07-01,1,Wrong Item
63707,2023-09-15,1882,3434,63,2023-09-27,1,Wrong Item
69392,2023-12-21,1237,2020,70,2023-12-27,1,Wrong Item
16096,2022-02-25,400,4851,44,2022-03-02,1,Changed Mind
87942,2022-12-21,1227,3093,76,2023-01-08,1,Defective
37470,2020-10-04,1453,1562,63,2020-10-23,1,Defective
83984,2019-11-03,13,1639,93,2019-11-30,1,Wrong Item
887,2023-04-08,810,1912,47,2023-04-27,1,Wrong Item
32938,2022-06-09,1174,4034,17,2022-06-25,1,Changed Mind
92076,2023-05-25,934,545,14,2023-06-09,1,Defective
58674,2023-04-02,1512,3363,54,2023-04-16,1,Defective
70150,2023-02-02,666,1443,26,2023-02-15,1,Defective
11791,2023-08-15,889,2411,10,2023-08-28,1,Wrong Item
15563,2019-02-21,1422,2834,73,2019-03-21,1,Changed Mind
89240,2022-12-08,1576,3029,26,2022-12-22,1,Defective
46237,2023-01-19,831,4226,63,2023-02-05,1,Changed Mind
70942,2023-06-27,989,2467,8,2023-07-22,1,Wrong Item
6764,2022-11-13,570,347,25,2022-12-09,1,Wrong Item
65589,2021-07-19,1271,638,78,2021-08-04,1,Changed Mind
93926,2019-06-15,118,2489,69,2019-07-08,1,Wrong Item
75103,2019-06-28,853,4652,11,2019-07-19,1,Wrong Item
10065,2020-01-16,737,1817,52,2020-02-01,1,Defective
95705,2020-12-03,1696,4833,80,2020-12-24,1,Wrong Item
49262,2020-04-14,895,2208,3,2020-05-09,1,Changed Mind
30154,2021-01-02,1290,4893,90,2021-01-26,1,Changed Mind
86095,2021-11-14,1982,2922,88,2021-11-18,1,Defective
95836,2022-09-15,1367,3099,31,2022-10-05,1,Defective
23073,2019-01-22,1455,2976,40,2019-01-25,1,Defective
46860,2021-10-24,202,3270,52,2021-11-17,1,Changed Mind
87151,2021-04-06,784,757,33,2021-04-08,1,Defective
56450,2019-10-25,295,3883,45,2019-11-17,1,Defective
90462,2021-02-14,1506,3998,75,2021-02-17,1,Defective
6822,2023-11-07,1671,636,93,2023-12-01,1,Defective
52555,2022-07-29,1709,1484,31,2022-08-06,1,Wrong Item
32312,2022-01-11,1853,1069,52,2022-01-29,1,Wrong Item
30379,2023-09-29,136,4620,17,2023-10-22,1,Wrong Item
22007,2022-05-12,128,3521,50,2022-05-14,1,Wrong Item
59528,2019-12-20,193,375,79,2020-01-06,1,Changed Mind
20748,2019-06-06,587,2566,40,2019-06-21,1,Defective
11542,2020-08-30,206,3033,4,2020-09-26,1,Defective
10485,2019-07-21,1205,76,37,2019-08-04,1,Defective
1479,2022-10-27,23,3983,2,2022-11-04,1,Changed Mind
30512,2021-03-01,1866,2352,10,2021-03-10,1,Wrong Item
32119,2019-06-23,237,1095,91,2019-07-17,1,Defective
62697,2021-04-13,1501,4973,3,2021-05-07,1,Wrong Item
1633,2022-12-14,1903,4230,1,2022-12-23,1,Changed Mind
22836,2022-02-17,846,4911,65,2022-03-17,1,Wrong Item
24512,2023-05-24,441,411,87,2023-06-11,1,Defective
34673,2021-09-14,958,19,94,2021-09-16,1,Defective
91571,2022-09-14,1022,2245,11,2022-10-06,1,Changed Mind
86493,2020-04-19,1279,4804,54,2020-05-05,1,Wrong Item
78424,2023-12-30,1227,2569,32,2024-01-24,1,Wrong Item
30577,2021-01-19,1260,4894,83,2021-01-20,1,Defective
49765,2019-01-01,1175,3865,99,2019-01-17,1,Changed Mind
9139,2019-01-19,1215,3258,17,2019-02-16,1,Defective
47400,2019-09-14,1048,628,37,2019-10-11,1,Wrong Item
69665,2020-07-28,1450,797,70,2020-07-29,1,Wrong Item
51761,2023-04-11,1529,3971,63,2023-05-07,1,Defective
90160,2022-05-14,274,838,91,2022-05-25,1,Changed Mind
64924,2021-05-30,1735,4515,86,2021-06-08,1,Wrong Item
30841,2022-10-16,1068,2166,19,2022-10-21,1,Wrong Item
80468,2021-04-18,230,2799,55,2021-05-15,1,Defective
5719,2023-07-18,1779,3742,52,2023-08-14,1,Wrong Item
91440,2023-02-24,878,1281,42,2023-03-14,1,Changed Mind
35255,2019-09-09,1985,1750,56,2019-09-27,1,Wrong Item
64445,2022-09-19,24,4519,47,2022-09-24,1,Wrong Item
20902,2022-01-19,1381,4837,30,2022-02-10,1,Changed Mind
85820,2022-01-31,62,2957,1,2022-02-11,1,Changed Mind
61319,2023-10-27,775,1257,86,2023-11-10,1,Defective
54268,2019-10-17,184,2304,65,2019-11-04,1,Changed Mind
9563,2019-07-18,1145,1526,21,2019-07-23,1,Wrong Item
23655,2019-07-12,1731,1680,33,2019-07-22,1,Defective
44264,2021-10-03,252,1472,18,2021-10-23,1,Changed Mind
18046,2020-06-13,572,3581,91,2020-06-15,1,Wrong Item
17156,2021-05-03,1409,4429,90,2021-05-28,1,Wrong Item
45802,2021-08-04,596,1167,80,2021-08-10,1,Wrong Item
9831,2019-12-21,126,3854,94,2020-01-19,1,Wrong Item
77331,2020-02-06,653,3916,87,2020-02-29,1,Changed Mind
34510,2019-06-16,985,2546,74,2019-06-29,1,Defective
77399,2020-02-09,1428,1712,83,2020-02-26,1,Changed Mind
70846,2023-10-19,1251,2396,92,2023-11-07,1,Changed Mind
94218,2023-12-19,1015,3821,69,2024-01-03,1,Wrong Item
94022,2022-04-24,912,250,25,2022-05-03,1,Changed Mind
57482,2022-01-06,1305,1962,18,2022-01-09,1,Defective
42404,2019-08-05,1805,4236,66,2019-08-30,1,Wrong Item
90912,2023-12-17,1581,4119,38,2024-01-06,1,Defective
5511,2021-08-16,1710,2956,99,2021-09-04,1,Wrong Item
60913,2023-05-20,1777,4139,35,2023-05-30,1,Changed Mind
65082,2022-09-09,65,1398,21,2022-09-17,1,Wrong Item
21195,2023-03-17,780,1280,25,2023-04-04,1,Changed Mind
40305,2023-01-26,705,197,83,2023-02-09,1,Wrong Item
35203,2023-11-03,59,1012,13,2023-11-29,1,Defective
57844,2023-09-22,1100,2041,18,2023-10-15,1,Changed Mind
27111,2023-07-23,1860,4455,59,2023-07-25,1,Defective
82317,2023-02-21,175,111,37,2023-03-14,1,Wrong Item
45394,2022-12-30,94,1806,4,2023-01-25,1,Defective
16736,2020-02-03,1196,1682,80,2020-02-14,1,Defective
61540,2020-11-11,641,1416,46,2020-11-18,1,Wrong Item
37189,2023-02-10,1611,2444,36,2023-03-09,1,Wrong Item
36751,2023-03-26,1429,857,88,2023-04-14,1,Wrong Item
4447,2020-12-21,1943,4253,76,2020-12-28,1,Changed Mind
13392,2020-11-24,1307,1745,81,2020-11-27,1,Changed Mind
47195,2023-10-27,83,1000,29,2023-11-14,1,Defective
91068,2019-11-29,1397,1862,97,2019-12-03,1,Wrong Item
35836,2020-03-24,1789,4974,93,2020-04-12,1,Changed Mind
94454,2021-06-17,1447,2718,19,2021-07-12,1,Changed Mind
56008,2019-11-26,142,3657,72,2019-12-07,1,Changed Mind
54176,2020-10-21,1976,1288,27,2020-10-28,1,Defective
74434,2019-12-02,154,1781,31,2019-12-11,1,Wrong Item
77905,2020-12-04,1126,3053,94,2021-01-02,1,Wrong Item
66510,2023-02-05,349,3437,55,2023-02-24,1,Changed Mind
83725,2021-01-02,695,3437,96,2021-01-04,1,Defective
4082,2020-05-20,1520,4980,68,2020-06-01,1,Wrong Item
85264,2023-08-19,1805,1235,3,2023-09-04,1,Wrong Item
71711,2023-06-30,1919,576,62,2023-07-14,1,Wrong Item
18361,2023-04-01,1928,3154,64,2023-04-04,1,Changed Mind
21147,2020-12-30,1346,602,55,2021-01-20,1,Wrong Item
76131,2019-04-26,1029,4417,13,2019-05-01,1,Changed Mind
30408,2020-10-05,874,4079,42,2020-11-02,1,Defective
97363,2023-10-04,695,1422,67,2023-10-14,1,Wrong Item
90336,2021-04-01,627,3395,54,2021-04-02,1,Wrong Item
3956,2020-04-14,1224,3606,96,2020-05-09,1,Wrong Item
51434,2020-05-20,1252,4101,55,2020-06-09,1,Changed Mind
21080,2021-10-12,324,2322,93,2021-10-20,1,Defective
51337,2019-06-19,347,4298,46,2019-06-24,1,Changed Mind
7969,2023-11-04,1305,2746,92,2023-12-03,1,Wrong Item
67756,2019-05-25,655,3716,68,2019-06-09,1,Wrong Item
92252,2022-10-14,587,4059,87,2022-10-23,1,Wrong Item
74088,2021-05-25,971,2356,30,2021-06-13,1,Wrong Item
28586,2021-05-09,326,4460,37,2021-05-13,1,Changed Mind
49790,2023-11-11,1412,3244,37,2023-11-21,1,Changed Mind
28105,2021-02-03,1190,554,16,2021-02-19,1,Changed Mind
78067,2022-03-03,173,660,50,2022-03-06,1,Changed Mind
66819,2022-02-04,269,2187,11,2022-02-05,1,Changed Mind
38413,2020-05-03,1519,2662,80,2020-05-15,1,Wrong Item
98570,2019-01-18,447,3724,25,2019-01-27,1,Wrong Item
46917,2020-11-06,1003,4527,15,2020-11-16,1,Changed Mind
1257,2023-12-01,1845,1841,89,2023-12-25,1,Wrong Item
29844,2023-06-27,1353,2019,91,2023-07-12,1,Changed Mind
98238,2019-08-26,842,2759,62,2019-09-14,1,Defective
25425,2023-03-24,5,951,89,2023-03-31,1,Wrong Item
39181,2023-11-15,68,244,68,2023-12-12,1,Wrong Item
42698,2021-12-03,313,1735,62,2021-12-27,1,Defective
37748,2022-05-05,854,2932,61,2022-05-31,1,Wrong Item
2494,2022-01-01,388,3452,64,2022-01-12,1,Changed Mind
81042,2022-08-05,1262,2429,10,2022-08-25,1,Changed Mind
91611,2022-11-04,944,2731,19,2022-11-17,1,Defective
23963,2021-09-10,363,4591,1,2021-10-05,1,Changed Mind
4659,2021-08-12,625,3981,89,2021-08-13,1,Defective
64591,2021-01-25,1725,3025,46,2021-02-08,1,Changed Mind
87410,2022-11-09,102,4225,63,2022-11-23,1,Changed Mind
75392,2023-01-16,680,3760,20,2023-01-22,1,Defective
41822,2022-07-01,53,312,37,2022-07-26,1,Defective
10121,2023-04-21,1896,205,36,2023-04-22,1,Defective
36342,2022-11-09,712,4625,86,2022-12-05,1,Wrong Item
68601,2020-05-26,1381,4706,78,2020-05-27,1,Defective
71524,2019-11-30,1919,4715,1,2019-12-26,1,Wrong Item
50113,2022-02-21,140,2150,24,2022-03-10,1,Changed Mind
18628,2023-03-27,1815,552,31,2023-04-18,1,Defective
21625,2020-02-03,1578,4115,92,2020-02-26,1,Wrong Item
14601,2019-08-10,703,2862,14,2019-08-26,1,Defective
39664,2022-07-22,438,4033,43,2022-08-15,1,Defective
9194,2021-04-07,758,389,36,2021-04-20,1,Defective
85116,2020-07-07,676,2789,76,2020-07-11,1,Wrong Item
70003,2021-01-21,957,1270,59,2021-02-17,1,Wrong Item
60926,2022-12-07,174,4615,94,2022-12-25,1,Defective
51155,2020-11-10,1337,1096,77,2020-11-23,1,Wrong Item
80543,2021-07-22,813,4637,28,2021-08-09,1,Wrong Item
91513,2021-12-20,348,4904,85,2021-12-28,1,Defective
84540,2022-10-09,1271,3196,37,2022-10-22,1,Changed Mind
87719,2020-12-30,1426,986,5,2021-01-01,1,Changed Mind
94582,2020-07-08,1539,2421,59,2020-07-13,1,Wrong Item
95807,2022-02-15,1478,4256,78,2022-03-16,1,Changed Mind
62398,2020-11-21,939,338,90,2020-12-16,1,Wrong Item
78760,2021-04-19,1893,598,51,2021-04-24,1,Defective
80356,2021-12-24,1610,11,64,2021-12-28,1,Wrong Item
68156,2020-12-27,1702,2437,19,2021-01-13,1,Changed Mind
92042,2020-11-20,1431,1718,10,2020-12-01,1,Wrong Item
94269,2023-11-05,1784,1457,64,2023-11-18,1,Changed Mind
62565,2019-06-29,1125,1978,64,2019-07-20,1,Changed Mind
65339,2020-02-09,1419,4793,86,2020-03-01,1,Changed Mind
95657,2022-06-10,543,1948,97,2022-06-11,1,Wrong Item
75805,2023-02-21,242,1434,66,2023-03-18,1,Wrong Item
94677,2019-11-11,1575,2691,11,2019-11-19,1,Wrong Item
9463,2023-02-01,1687,638,44,2023-02-24,1,Wrong Item
22768,2019-09-01,1602,852,86,2019-09-19,1,Defective
74374,2023-07-09,1857,370,68,2023-07-11,1,Defective
88365,2022-08-16,354,3252,91,2022-09-12,1,Wrong Item
68221,2023-10-09,108,2276,16,2023-10-24,1,Changed Mind
58089,2019-08-09,561,3370,14,2019-08-30,1,Changed Mind
95816,2019-01-02,783,2653,85,2019-01-08,1,Changed Mind
99994,2020-01-29,1834,2275,97,2020-02-13,1,Defective
76459,2020-04-29,1078,4485,76,2020-05-25,1,Wrong Item
36883,2019-07-06,1799,4061,33,2019-07-24,1,Wrong Item
648,2021-11-13,1227,3050,86,2021-11-30,1,Wrong Item
47795,2019-01-05,155,4671,71,2019-01-18,1,Defective
6460,2020-06-23,1147,2933,88,2020-06-30,1,Defective
65387,2023-02-03,1400,4147,10,2023-02-23,1,Defective
23995,2019-01-18,1637,2938,98,2019-02-10,1,Defective
26495,2020-11-15,1910,1753,89,2020-12-14,1,Defective
79039,2023-03-03,568,2344,79,2023-03-31,1,Changed Mind
5135,2023-03-12,439,3367,95,2023-03-18,1,Wrong Item
97207,2022-12-04,541,2154,40,2022-12-29,1,Wrong Item
92830,2022-03-05,270,416,2,2022-03-22,1,Defective
66005,2020-12-02,952,3611,32,2020-12-22,1,Changed Mind
85846,2022-11-03,747,4319,82,2022-11-27,1,Changed Mind
79926,2019-08-07,1727,201,38,2019-08-08,1,Defective
83163,2022-11-16,79,1873,80,2022-12-14,1,Defective
31699,2021-10-01,241,1938,53,2021-10-07,1,Wrong Item
33114,2021-04-09,1799,3411,29,2021-04-17,1,Changed Mind
56019,2019-03-30,38,1130,88,2019-04-21,1,Defective
59598,2022-02-19,1978,1270,92,2022-03-16,1,Wrong Item
4594,2023-12-19,1662,2420,72,2024-01-11,1,Defective
48130,2020-11-18,1529,4107,69,2020-11-23,1,Wrong Item
24608,2021-06-09,1696,408,20,2021-07-08,1,Wrong Item
22639,2019-08-21,903,4227,63,2019-09-13,1,Defective
62676,2020-08-30,1505,4503,44,2020-09-24,1,Wrong Item
89379,2022-05-25,19,1978,93,2022-06-08,1,Defective
61014,2020-02-09,859,522,97,2020-02-12,1,Wrong Item
49798,2022-09-13,80,4679,75,2022-09-24,1,Wrong Item
53208,2023-07-23,1600,3468,58,2023-08-07,1,Defective
11536,2020-07-06,961,2599,48,2020-07-23,1,Changed Mind
59107,2021-07-24,1365,3485,15,2021-07-30,1,Wrong Item
83248,2022-03-15,658,11,54,2022-03-27,1,Defective
49380,2023-01-04,389,1700,97,2023-01-27,1,Defective
1170,2023-08-08,466,3825,2,2023-08-19,1,Wrong Item
58314,2022-11-10,873,4602,89,2022-11-13,1,Defective
72390,2019-12-30,786,3408,44,2020-01-02,1,Wrong Item
32961,2021-10-05,565,4450,67,2021-10-26,1,Wrong Item
44347,2022-02-06,1859,2089,15,2022-03-04,1,Defective
84860,2021-09-13,1708,4401,9,2021-09-16,1,Defective
11646,2022-03-03,767,4112,26,2022-03-10,1,Changed Mind
33328,2023-01-07,962,2019,14,2023-01-17,1,Wrong Item
77559,2019-05-29,951,2610,9,2019-05-31,1,Changed Mind
84773,2021-01-06,1520,1288,100,2021-01-24,1,Defective
16824,2021-06-13,571,2964,20,2021-06-22,1,Wrong Item
88685,2021-09-06,1642,4985,95,2021-09-29,1,Wrong Item
85896,2022-04-06,136,1579,10,2022-04-22,1,Defective
2745,2020-05-06,1495,2806,25,2020-05-17,1,Changed Mind
21337,2023-11-02,1617,2780,96,2023-11-21,1,Changed Mind
9411,2021-08-02,1724,3562,49,2021-08-13,1,Wrong Item
68436,2023-03-02,1505,359,31,2023-03-11,1,Defective
26474,2023-10-23,1744,4704,56,2023-11-10,1,Defective
58778,2021-04-25,398,4617,33,2021-05-12,1,Defective
67327,2023-10-13,1882,130,50,2023-10-15,1,Wrong Item
87748,2019-08-01,1840,216,74,2019-08-20,1,Defective
48279,2019-01-15,1855,2681,11,2019-02-10,1,Defective
27160,2020-08-17,99,1402,82,2020-08-26,1,Changed Mind
16127,2021-11-19,1190,4716,1,2021-11-23,1,Changed Mind
38481,2019-10-29,170,3516,78,2019-11-06,1,Defective
14522,2022-03-30,195,4318,96,2022-04-05,1,Wrong Item
37009,2020-09-14,745,4438,4,2020-10-13,1,Defective
51647,2022-03-30,1749,107,20,2022-04-05,1,Defective
52747,2022-08-23,494,1479,50,2022-09-03,1,Wrong Item
65100,2022-03-25,1328,4667,87,2022-04-07,1,Changed Mind
37357,2019-11-26,1316,1883,89,2019-11-29,1,Defective
7912,2022-07-10,58,3267,17,2022-07-13,1,Changed Mind
76002,2020-04-14,1104,4141,59,2020-04-26,1,Changed Mind
34638,2023-08-11,1940,3829,65,2023-08-22,1,Changed Mind
51111,2022-04-25,1507,2303,52,2022-05-08,1,Defective
45209,2019-03-15,1061,3973,28,2019-04-10,1,Wrong Item
86724,2020-10-19,402,2510,33,2020-11-08,1,Defective
40307,2021-08-26,1351,115,10,2021-09-22,1,Wrong Item
3945,2020-05-15,868,4017,99,2020-06-02,1,Changed Mind
980,2021-11-17,1187,1261,34,2021-12-15,1,Changed Mind
96130,2019-01-04,1737,4955,91,2019-01-27,1,Changed Mind
11526,2023-11-17,269,3707,48,2023-12-16,1,Wrong Item
13077,2023-10-29,1110,3534,12,2023-11-17,1,Wrong Item
20167,2023-06-30,140,4900,60,2023-07-26,1,Defective
39871,2020-09-08,1460,4841,85,2020-09-25,1,Changed Mind
95253,2021-03-20,1702,3082,90,2021-04-03,1,Wrong Item
75559,2020-02-26,1782,3888,13,2020-02-28,1,Changed Mind
36100,2022-08-31,889,4597,38,2022-09-20,1,Wrong Item
91848,2020-12-24,838,1066,11,2020-12-31,1,Changed Mind
84678,2020-07-08,425,3472,29,2020-07-22,1,Changed Mind
87323,2020-11-03,1170,162,91,2020-11-22,1,Changed Mind
88718,2019-02-26,1189,4300,53,2019-03-10,1,Changed Mind
46915,2019-11-26,1194,3801,28,2019-12-24,1,Wrong Item
15133,2020-01-31,29,2398,8,2020-02-23,1,Wrong Item
81278,2019-05-29,1335,42,95,2019-06-14,1,Defective
31744,2019-10-06,80,754,57,2019-11-02,1,Defective
71539,2020-03-27,1061,4465,6,2020-04-17,1,Changed Mind
60216,2021-02-01,1349,2192,14,2021-02-03,1,Changed Mind
31879,2020-11-21,1286,1723,31,2020-12-07,1,Wrong Item
37798,2021-11-12,1915,1346,72,2021-11-20,1,Defective
69902,2022-08-05,1651,358,4,2022-09-01,1,Defective
47790,2021-07-16,421,1225,1,2021-08-10,1,Changed Mind
98566,2023-06-17,1172,1692,62,2023-06-18,1,Defective
34193,2022-05-01,245,2484,39,2022-05-20,1,Wrong Item
89395,2022-12-10,162,3516,3,2023-01-07,1,Wrong Item
32376,2022-06-07,236,290,69,2022-06-19,1,Wrong Item
36250,2021-07-11,1953,1824,15,2021-07-26,1,Defective
1388,2021-01-24,817,4611,73,2021-02-12,1,Wrong Item
92201,2023-02-12,197,1732,31,2023-03-08,1,Wrong Item
84467,2022-04-23,1241,1557,27,2022-05-06,1,Wrong Item
75763,2022-08-05,1282,4278,22,2022-08-28,1,Defective
52337,2022-08-31,1477,2594,45,2022-09-01,1,Changed Mind
92933,2021-08-11,1941,3123,66,2021-08-18,1,Changed Mind
26343,2019-07-26,914,2000,8,2019-08-15,1,Defective
95993,2022-03-07,1643,4225,62,2022-03-25,1,Changed Mind
72260,2023-09-09,1973,503,82,2023-10-02,1,Defective
55909,2019-08-28,1386,2188,58,2019-09-19,1,Wrong Item
79723,2021-02-05,1777,3869,58,2021-02-27,1,Wrong Item
56762,2021-07-22,734,1484,54,2021-07-26,1,Wrong Item
81756,2022-11-05,1565,108,82,2022-12-04,1,Defective
183,2023-12-01,239,866,32,2023-12-22,1,Wrong Item
7758,2019-02-19,710,2514,22,2019-02-21,1,Changed Mind
53777,2021-11-17,301,2826,49,2021-12-04,1,Defective
41687,2019-06-26,1837,4274,14,2019-07-02,1,Wrong Item
87601,2019-11-25,1396,2551,90,2019-12-22,1,Wrong Item
95204,2023-01-30,991,54,54,2023-02-05,1,Defective
65302,2022-12-12,1827,4047,15,2023-01-03,1,Defective
9890,2022-02-04,446,4981,28,2022-03-05,1,Changed Mind
64958,2020-12-04,1860,783,22,2020-12-16,1,Defective
62125,2019-03-28,507,185,86,2019-04-20,1,Wrong Item
95866,2023-06-24,502,2082,2,2023-07-21,1,Changed Mind
44462,2023-06-27,1947,3883,19,2023-07-18,1,Changed Mind
68870,2020-04-17,129,4857,61,2020-05-03,1,Wrong Item
90416,2023-08-21,1138,2669,27,2023-09-17,1,Changed Mind
95592,2022-12-29,397,1578,61,2022-12-30,1,Wrong Item
89399,2019-09-24,1705,4539,52,2019-10-02,1,Wrong Item
62512,2021-02-28,514,1141,29,2021-03-16,1,Defective
36775,2019-08-02,1028,63,56,2019-08-23,1,Changed Mind
73967,2021-04-01,1311,3433,9,2021-04-16,1,Changed Mind
10591,2023-06-07,1343,1880,43,2023-06-16,1,Changed Mind
33496,2019-08-02,96,546,64,2019-08-24,1,Defective
63692,2020-11-14,878,908,17,2020-12-12,1,Defective
95227,2021-11-01,1828,4493,38,2021-11-13,1,Changed Mind
56352,2023-08-07,828,3976,87,2023-09-03,1,Changed Mind
97298,2023-01-28,431,2245,64,2023-02-14,1,Defective
21873,2021-03-27,1641,1194,91,2021-04-15,1,Defective
88766,2023-02-16,308,3692,16,2023-02-28,1,Changed Mind
82755,2022-01-25,743,4152,47,2022-02-04,1,Defective
68189,2022-08-11,244,1020,2,2022-09-09,1,Wrong Item
75964,2022-12-20,831,2336,55,2023-01-10,1,Wrong Item
59094,2021-10-30,1139,2500,33,2021-11-25,1,Defective
12144,2021-06-21,757,1236,97,2021-07-08,1,Defective
67602,2019-04-27,340,2525,17,2019-05-23,1,Wrong Item
91260,2020-09-28,598,4257,62,2020-10-04,1,Changed Mind
54265,2020-05-28,1972,4441,87,2020-06-24,1,Wrong Item
93843,2023-11-02,1774,821,52,2023-11-26,1,Defective
78289,2023-10-26,657,1006,51,2023-11-19,1,Changed Mind
43587,2023-07-15,292,4592,72,2023-07-18,1,Wrong Item
68404,2022-02-04,281,2035,3,2022-03-03,1,Wrong Item
83374,2021-05-31,1816,129,43,2021-06-15,1,Wrong Item
8639,2019-08-12,37,3486,61,2019-08-27,1,Changed Mind
90889,2022-04-05,440,4369,5,2022-04-15,1,Changed Mind
13440,2023-07-28,1577,3028,84,2023-08-23,1,Defective
39232,2022-05-11,709,165,74,2022-05-14,1,Changed Mind
13801,2022-11-12,124,2080,90,2022-11-30,1,Wrong Item
26779,2019-01-20,1617,871,95,2019-02-15,1,Defective
33399,2020-10-10,473,4965,17,2020-11-02,1,Defective
55485,2019-01-12,1091,2799,76,2019-01-29,1,Changed Mind
69010,2022-05-09,810,1950,62,2022-05-11,1,Wrong Item
77371,2022-04-12,1967,1625,30,2022-05-04,1,Changed Mind
88377,2021-04-02,1854,434,51,2021-04-20,1,Changed Mind
47785,2022-01-14,1248,4164,95,2022-02-11,1,Changed Mind
54444,2019-10-08,257,848,60,2019-10-22,1,Changed Mind
87886,2021-04-18,733,399,11,2021-04-26,1,Wrong Item
93658,2021-09-19,1820,2752,61,2021-10-18,1,Defective
85310,2023-10-01,183,3420,91,2023-10-08,1,Changed Mind
47484,2021-07-25,1825,4266,76,2021-07-30,1,Changed Mind
3222,2020-12-21,1619,4979,40,2020-12-25,1,Defective
99418,2022-08-19,913,3662,21,2022-09-10,1,Wrong Item
32135,2019-12-03,1315,1799,86,2019-12-11,1,Changed Mind
20348,2023-03-27,1624,3111,8,2023-03-31,1,Defective
65802,2019-05-29,770,4950,69,2019-06-05,1,Changed Mind
4544,2022-12-13,419,1495,74,2023-01-07,1,Defective
74556,2021-01-24,1105,1338,50,2021-02-14,1,Wrong Item
47877,2020-06-29,1787,3235,44,2020-07-08,1,Changed Mind
4725,2020-08-26,825,979,54,2020-09-22,1,Defective
94318,2023-07-03,1256,2202,18,2023-07-13,1,Changed Mind
70458,2023-10-26,438,135,57,2023-11-13,1,Defective
853,2022-12-29,667,4158,76,2023-01-14,1,Defective
24013,2022-10-17,715,2258,58,2022-10-30,1,Defective
61850,2019-04-19,459,3381,22,2019-05-05,1,Defective
40407,2020-05-14,1556,4004,9,2020-05-17,1,Defective
60550,2019-12-02,974,2994,100,2019-12-19,1,Defective
20773,2021-11-25,84,2636,83,2021-12-03,1,Defective
13196,2021-03-16,1683,1369,52,2021-04-02,1,Defective
45712,2021-06-06,39,2288,68,2021-06-18,1,Changed Mind
51282,2019-10-02,238,4067,42,2019-10-30,1,Wrong Item
17789,2021-03-15,545,3894,31,2021-03-23,1,Changed Mind
70665,2020-08-28,1624,2298,18,2020-09-19,1,Wrong Item
2731,2022-11-07,1065,2881,88,2022-12-06,1,Wrong Item
86425,2022-10-24,1007,43,9,2022-10-27,1,Changed Mind
63841,2020-10-02,429,1841,6,2020-10-10,1,Defective
73566,2022-07-28,1090,2496,84,2022-08-14,1,Wrong Item
60525,2019-02-01,639,228,83,2019-02-28,1,Defective
17527,2020-10-21,1652,3151,89,2020-11-15,1,Wrong Item
4520,2023-01-19,1740,1649,30,2023-02-10,1,Defective
2073,2020-03-21,1165,2568,32,2020-04-07,1,Defective
44626,2021-10-20,376,4783,3,2021-11-15,1,Defective
57673,2021-12-18,661,224,54,2022-01-13,1,Defective
50288,2022-04-07,72,4872,80,2022-04-13,1,Wrong Item
27990,2019-11-18,479,3178,32,2019-12-09,1,Wrong Item
48803,2021-06-23,240,4201,69,2021-07-12,1,Defective
67218,2021-05-17,875,759,36,2021-06-07,1,Defective
37534,2022-12-08,545,4602,21,2022-12-21,1,Wrong Item
45132,2022-07-30,1772,1754,76,2022-08-04,1,Changed Mind
37201,2023-06-02,1296,3430,10,2023-06-05,1,Defective
92266,2023-07-28,1487,1405,73,2023-08-03,1,Wrong Item
82158,2023-11-03,609,807,18,2023-11-21,1,Wrong Item
76140,2023-09-22,1095,574,83,2023-09-23,1,Wrong Item
14274,2019-06-30,1910,2224,30,2019-07-12,1,Defective
52127,2021-12-28,1300,3498,18,2022-01-03,1,Wrong Item
46225,2023-04-27,1862,1769,45,2023-04-29,1,Defective
29246,2020-01-12,1355,2193,45,2020-02-09,1,Defective
88910,2023-11-30,1657,862,43,2023-12-26,1,Defective
70925,2022-01-29,447,436,23,2022-02-07,1,Changed Mind
68632,2022-09-29,1374,1585,11,2022-10-22,1,Changed Mind
25864,2020-10-12,559,3113,46,2020-10-24,1,Changed Mind
92845,2023-04-07,53,4056,65,2023-05-06,1,Defective
81504,2020-08-08,1349,440,13,2020-09-04,1,Wrong Item
98568,2022-02-24,438,946,94,2022-02-26,1,Wrong Item
14883,2023-12-30,462,3536,11,2024-01-10,1,Defective
55377,2019-02-20,1933,3696,9,2019-03-07,1,Changed Mind
74795,2019-11-18,1936,3970,95,2019-11-26,1,Wrong Item
18938,2020-07-17,450,4961,9,2020-08-15,1,Defective
46522,2020-01-28,974,596,71,2020-02-02,1,Defective
83382,2021-12-17,517,4215,26,2022-01-05,1,Changed Mind
55604,2020-09-18,669,1769,67,2020-09-30,1,Changed Mind
44637,2023-12-16,693,1201,43,2023-12-25,1,Changed Mind
21116,2020-07-02,420,3976,21,2020-07-31,1,Defective
34356,2020-08-14,1472,1880,89,2020-08-18,1,Wrong Item
84781,2019-08-05,1607,4996,3,2019-08-28,1,Defective
33639,2021-12-18,1855,2697,60,2021-12-25,1,Changed Mind
40542,2020-06-21,9,951,95,2020-07-16,1,Defective
18760,2020-01-13,534,1543,88,2020-01-14,1,Changed Mind
12068,2020-09-03,372,1324,80,2020-09-04,1,Wrong Item
90060,2022-04-25,532,1760,81,2022-05-19,1,Changed Mind
33660,2020-01-08,245,1755,22,2020-02-05,1,Defective
7434,2019-09-15,815,4261,69,2019-10-01,1,Changed Mind
62380,2020-09-19,1293,1929,72,2020-10-18,1,Changed Mind
83278,2021-07-18,600,1647,91,2021-07-19,1,Changed Mind
14462,2023-03-03,630,3485,55,2023-03-12,1,Wrong Item
50848,2020-12-21,1969,267,37,2021-01-17,1,Defective
45301,2019-02-21,1541,3722,65,2019-03-09,1,Wrong Item
74987,2020-03-23,353,1281,74,2020-04-04,1,Changed Mind
48028,2023-09-09,1815,1583,48,2023-10-05,1,Defective
64257,2021-01-04,1161,2287,5,2021-01-29,1,Defective
82565,2023-11-16,180,859,59,2023-12-06,1,Defective
24146,2019-11-20,1585,4002,26,2019-11-26,1,Defective
96164,2020-07-24,248,1252,53,2020-08-18,1,Changed Mind
69581,2023-06-28,1038,3316,55,2023-07-23,1,Defective
95676,2021-04-04,681,2286,17,2021-05-01,1,Changed Mind
46935,2021-09-23,1642,252,64,2021-10-03,1,Defective
78669,2019-12-10,28,1914,4,2020-01-08,1,Wrong Item
87091,2020-04-22,132,1976,9,2020-04-29,1,Wrong Item
50150,2019-04-18,1721,2842,11,2019-05-14,1,Changed Mind
96916,2020-08-16,1364,3442,58,2020-09-14,1,Defective
13070,2021-11-23,1712,955,68,2021-12-09,1,Wrong Item
42571,2020-11-16,149,3228,9,2020-11-17,1,Changed Mind
52696,2022-12-27,977,4717,96,2023-01-21,1,Wrong Item
5006,2020-08-18,1779,3402,41,2020-08-29,1,Wrong Item
72446,2021-04-07,1793,2981,62,2021-04-13,1,Defective
99441,2021-08-13,1432,3782,78,2021-09-09,1,Wrong Item
4619,2023-05-27,518,1981,94,2023-05-29,1,Defective
54371,2022-06-20,1193,3806,50,2022-07-12,1,Wrong Item
13814,2021-12-19,1802,1428,63,2021-12-23,1,Wrong Item
10950,2021-06-10,1282,1635,79,2021-06-16,1,Defective
77726,2022-09-03,776,3286,78,2022-09-20,1,Wrong Item
85169,2019-06-24,187,1587,43,2019-07-18,1,Changed Mind
74779,2021-02-04,88,1172,93,2021-02-28,1,Defective
16114,2023-04-03,1644,657,58,2023-04-14,1,Defective
91989,2023-09-12,1344,3768,27,2023-10-10,1,Defective
78483,2019-06-22,80,2906,37,2019-06-25,1,Changed Mind
17290,2023-06-11,237,806,14,2023-06-12,1,Defective
43379,2023-04-12,1483,1195,22,2023-05-09,1,Changed Mind
54620,2021-11-20,210,2278,10,2021-12-14,1,Wrong Item
54199,2021-02-09,1648,1379,53,2021-02-10,1,Wrong Item
53069,2021-04-03,1409,327,75,2021-04-07,1,Changed Mind
80312,2019-01-18,1367,2741,87,2019-02-16,1,Changed Mind
5706,2020-04-30,1227,234,44,2020-05-20,1,Defective
79290,2019-04-27,1142,215,94,2019-05-25,1,Changed Mind
79144,2020-10-17,179,1059,28,2020-10-18,1,Changed Mind
7334,2019-06-14,1841,4522,94,2019-07-06,1,Changed Mind
28050,2023-05-18,1936,3987,99,2023-06-03,1,Defective
43139,2019-03-03,1628,3586,37,2019-03-07,1,Defective
51417,2019-04-17,153,916,96,2019-05-14,1,Defective
78952,2021-01-02,21,3521,72,2021-01-23,1,Defective
8515,2020-09-19,1886,884,56,2020-09-29,1,Wrong Item
11007,2023-08-27,741,2892,46,2023-09-22,1,Changed Mind
25841,2021-01-17,171,2329,48,2021-01-23,1,Wrong Item
85314,2022-04-27,698,1507,62,2022-05-01,1,Wrong Item
8866,2019-12-03,1014,2560,5,2019-12-24,1,Wrong Item
72697,2020-04-11,1428,2116,9,2020-04-23,1,Defective
55880,2022-02-13,29,4503,94,2022-02-24,1,Changed Mind
92968,2021-01-01,1442,4278,24,2021-01-15,1,Changed Mind
98126,2020-06-20,510,3551,80,2020-07-09,1,Wrong Item
20424,2020-06-04,1601,4820,90,2020-06-24,1,Wrong Item
72827,2019-08-25,1132,4087,18,2019-09-02,1,Defective
68114,2019-08-20,93,4657,97,2019-09-03,1,Changed Mind
94227,2019-05-03,1319,3786,82,2019-05-19,1,Defective
10407,2019-12-10,1103,4798,26,2019-12-18,1,Changed Mind
91723,2019-11-28,1473,4851,39,2019-12-25,1,Defective
59412,2020-02-17,129,3383,99,2020-02-23,1,Changed Mind
16189,2020-02-03,1649,4446,70,2020-02-23,1,Changed Mind
26032,2020-03-27,1696,718,58,2020-04-01,1,Wrong Item
81461,2019-06-29,420,1797,43,2019-07-28,1,Defective
75418,2022-09-17,1976,3412,40,2022-10-04,1,Changed Mind
55564,2020-12-14,1295,132,18,2021-01-03,1,Wrong Item
38807,2020-11-20,500,2823,86,2020-11-26,1,Defective
82076,2021-06-18,1840,1171,61,2021-07-15,1,Wrong Item
5929,2022-12-09,1017,3262,15,2022-12-28,1,Changed Mind
87426,2023-02-03,1945,1168,21,2023-02-09,1,Changed Mind
29458,2021-08-19,343,1779,2,2021-09-14,1,Changed Mind
20993,2019-08-12,316,1001,23,2019-08-28,1,Wrong Item
59169,2022-01-27,634,2970,77,2022-01-31,1,Changed Mind
46785,2019-12-15,1140,1567,87,2020-01-05,1,Changed Mind
89715,2021-06-16,1240,266,27,2021-07-07,1,Defective
62537,2020-11-28,30,3794,74,2020-12-23,1,Defective
55308,2023-12-08,1592,2381,89,2023-12-29,1,Changed Mind
70888,2020-04-12,977,3922,83,2020-05-07,1,Defective
55858,2019-01-03,1357,2646,66,2019-01-24,1,Defective
10183,2019-06-17,1663,1858,38,2019-07-09,1,Wrong Item
29700,2022-11-11,1162,2084,99,2022-12-08,1,Wrong Item
89455,2022-07-17,1405,2506,74,2022-08-05,1,Changed Mind
75066,2021-08-29,834,4949,32,2021-08-31,1,Defective
4812,2020-03-06,1071,725,58,2020-03-14,1,Defective
52820,2022-03-12,1558,3888,86,2022-04-05,1,Defective
14362,2020-12-06,1457,2286,39,2020-12-14,1,Defective
65463,2022-06-13,297,919,28,2022-06-22,1,Defective
82538,2020-11-09,267,2710,50,2020-11-12,1,Wrong Item
77517,2021-07-13,1008,799,79,2021-07-14,1,Changed Mind
58782,2023-09-07,1959,3984,15,2023-09-27,1,Changed Mind
68502,2022-09-12,1311,2401,39,2022-09-19,1,Defective
49441,2023-05-24,850,4058,19,2023-05-31,1,Wrong Item
50777,2021-12-19,93,2798,79,2021-12-21,1,Defective
39067,2019-11-28,1245,1893,25,2019-12-07,1,Defective
36299,2020-05-24,765,3822,64,2020-06-13,1,Changed Mind
72283,2020-07-17,1015,433,24,2020-08-06,1,Changed Mind
42333,2022-03-18,1751,3389,89,2022-03-23,1,Changed Mind
37990,2021-03-22,723,1923,42,2021-04-05,1,Changed Mind
71143,2023-04-06,1342,4383,83,2023-04-19,1,Wrong Item
92412,2023-04-30,795,4335,91,2023-05-20,1,Wrong Item
82049,2023-06-28,1367,4554,17,2023-07-04,1,Changed Mind
29507,2022-02-23,216,1938,75,2022-03-17,1,Defective
62567,2019-09-04,290,3739,52,2019-09-11,1,Defective
56030,2020-11-25,506,644,7,2020-12-09,1,Defective
19737,2022-06-26,650,1360,45,2022-07-06,1,Wrong Item
77753,2019-02-17,713,1315,90,2019-03-14,1,Wrong Item
24866,2020-03-05,1878,359,20,2020-03-22,1,Wrong Item
44296,2020-11-04,161,2738,80,2020-11-11,1,Changed Mind
92328,2022-03-28,446,3797,99,2022-04-16,1,Wrong Item
1425,2019-01-27,676,109,87,2019-02-06,1,Defective
12358,2022-11-08,1988,4067,22,2022-11-12,1,Defective
5047,2020-10-29,1687,4180,24,2020-11-02,1,Changed Mind
97124,2019-07-14,1652,2040,23,2019-08-06,1,Changed Mind
23599,2021-09-21,990,399,8,2021-09-25,1,Defective
69737,2020-07-26,1720,3477,92,2020-08-15,1,Wrong Item
71354,2019-01-14,825,3977,86,2019-02-02,1,Defective
52320,2022-10-11,1915,755,73,2022-10-26,1,Wrong Item
68406,2021-10-19,1673,835,2,2021-10-27,1,Changed Mind
86450,2022-10-01,1040,4588,91,2022-10-18,1,Defective
94216,2022-01-30,1011,4694,30,2022-02-23,1,Changed Mind
81146,2021-07-28,1859,1090,95,2021-08-07,1,Wrong Item
58600,2022-09-19,279,51,41,2022-10-18,1,Wrong Item
77377,2020-05-21,428,2903,8,2020-06-09,1,Wrong Item
93299,2022-01-31,1079,3604,10,2022-02-24,1,Wrong Item
18145,2020-03-01,283,2391,41,2020-03-05,1,Changed Mind
10046,2019-04-27,872,427,34,2019-05-14,1,Changed Mind
42497,2021-01-13,1845,531,98,2021-02-10,1,Changed Mind
17928,2019-07-30,357,2972,46,2019-07-31,1,Changed Mind
98351,2021-05-12,725,4509,97,2021-06-03,1,Changed Mind
56613,2021-05-26,1248,4433,57,2021-06-06,1,Changed Mind
34777,2021-08-03,927,1214,4,2021-08-31,1,Defective
25350,2023-02-28,1212,4154,98,2023-03-13,1,Changed Mind
28090,2019-08-13,1945,3863,13,2019-09-05,1,Defective
44752,2021-12-09,1629,1313,100,2022-01-05,1,Changed Mind
56515,2022-08-08,1785,424,49,2022-08-10,1,Changed Mind
70143,2019-11-13,1750,1294,10,2019-12-02,1,Defective
39646,2022-02-03,1690,957,17,2022-02-07,1,Defective
38844,2020-04-22,392,667,38,2020-05-17,1,Defective
7876,2022-06-11,654,2662,70,2022-07-09,1,Changed Mind
99414,2019-07-21,1084,862,69,2019-08-09,1,Changed Mind
21143,2021-11-24,459,4272,14,2021-12-17,1,Changed Mind
95221,2021-01-03,1460,3689,22,2021-01-17,1,Defective
97934,2022-09-30,1472,4299,72,2022-10-06,1,Wrong Item
16306,2019-02-26,999,735,12,2019-03-09,1,Changed Mind
72420,2022-05-22,1834,4774,14,2022-06-17,1,Defective
49400,2020-04-12,1740,3562,91,2020-04-25,1,Defective
39410,2020-03-12,1782,3004,79,2020-04-04,1,Wrong Item
56826,2020-02-03,1886,2275,38,2020-02-23,1,Wrong Item
10908,2021-03-19,172,1574,6,2021-04-04,1,Defective
65846,2021-08-26,710,4419,55,2021-09-11,1,Wrong Item
13916,2020-08-31,1687,3857,80,2020-09-06,1,Changed Mind
27113,2020-05-05,215,2077,44,2020-05-09,1,Changed Mind
52181,2023-06-21,1612,3755,58,2023-07-04,1,Wrong Item
47641,2023-06-22,946,669,100,2023-07-14,1,Changed Mind
50276,2020-10-01,825,221,53,2020-10-10,1,Changed Mind
74394,2022-05-26,268,1218,45,2022-06-11,1,Changed Mind
66381,2022-12-29,396,2983,54,2023-01-04,1,Defective
14299,2020-03-05,1250,930,66,2020-03-21,1,Wrong Item
51626,2021-08-09,889,157,23,2021-08-25,1,Wrong Item
7697,2019-05-13,438,969,29,2019-05-22,1,Defective
1163,2020-06-09,21,2648,13,2020-06-21,1,Defective
86657,2019-10-03,1532,4389,10,2019-10-28,1,Defective
59746,2022-02-05,333,1971,75,2022-02-26,1,Changed Mind
96839,2019-07-19,1234,3558,89,2019-07-20,1,Defective
74840,2019-07-01,1706,489,14,2019-07-18,1,Defective
96008,2023-10-22,576,4407,12,2023-11-13,1,Changed Mind
12773,2020-11-15,1581,3360,67,2020-12-10,1,Changed Mind
65518,2023-08-12,549,3198,63,2023-08-16,1,Defective
26847,2020-01-24,1190,2140,9,2020-01-26,1,Wrong Item
91919,2020-05-29,1041,4498,72,2020-06-08,1,Changed Mind
69511,2019-10-22,413,3527,61,2019-10-25,1,Defective
3138,2019-04-27,422,1079,83,2019-04-28,1,Changed Mind
15571,2022-11-02,1697,3883,30,2022-11-03,1,Changed Mind
30970,2019-09-26,546,4143,59,2019-10-15,1,Wrong Item
45298,2022-01-31,673,3495,95,2022-02-05,1,Defective
77179,2019-04-22,924,3480,99,2019-05-09,1,Changed Mind
68519,2019-12-11,1374,1828,17,2019-12-22,1,Defective
18421,2023-11-18,1734,92,51,2023-11-22,1,Defective
54449,2019-03-11,392,1450,49,2019-03-18,1,Changed Mind
22390,2022-06-22,1742,3783,95,2022-07-06,1,Wrong Item
4283,2023-07-17,1842,1279,42,2023-08-11,1,Defective
32018,2020-09-26,521,3801,70,2020-10-10,1,Wrong Item
65717,2021-12-20,1463,2639,85,2022-01-09,1,Changed Mind
33359,2022-11-20,655,3220,59,2022-12-17,1,Changed Mind
7333,2021-04-18,1493,4960,4,2021-04-25,1,Wrong Item
77468,2020-04-12,1954,1463,44,2020-04-20,1,Changed Mind
7618,2022-03-15,1828,3735,54,2022-03-21,1,Defective
60666,2023-04-11,250,2907,8,2023-05-10,1,Wrong Item
6017,2023-10-30,152,2180,41,2023-11-25,1,Wrong Item
59696,2020-11-19,538,3643,48,2020-11-22,1,Defective
57882,2020-05-13,1277,274,59,2020-05-24,1,Changed Mind
73343,2023-05-03,510,4076,71,2023-05-20,1,Wrong Item
50688,2019-01-01,868,3768,57,2019-01-11,1,Wrong Item
6926,2021-03-02,1112,3676,71,2021-03-28,1,Changed Mind
38304,2023-08-20,1223,344,66,2023-08-30,1,Wrong Item
72086,2022-11-18,939,2276,18,2022-12-16,1,Wrong Item
16529,2023-02-05,1420,297,61,2023-03-01,1,Changed Mind
67641,2022-02-09,1403,1539,92,2022-02-23,1,Changed Mind
91449,2019-03-15,3,4591,92,2019-03-30,1,Defective
24543,2023-08-06,197,1452,54,2023-08-18,1,Defective
4423,2023-05-11,666,4073,5,2023-05-28,1,Changed Mind
63500,2020-02-27,1369,182,51,2020-03-18,1,Wrong Item
37768,2023-02-21,584,404,35,2023-03-06,1,Defective
74630,2020-08-07,1624,200,91,2020-08-26,1,Defective
56348,2023-10-11,605,1229,55,2023-10-17,1,Changed Mind
25846,2019-07-24,744,3261,7,2019-08-17,1,Wrong Item
50216,2023-11-21,439,3355,42,2023-11-23,1,Wrong Item
77254,2023-12-12,226,2559,80,2023-12-19,1,Wrong Item
93968,2023-11-28,759,1339,95,2023-12-15,1,Changed Mind
7744,2019-08-10,379,4406,26,2019-09-06,1,Defective
33427,2020-09-03,352,252,2,2020-09-15,1,Changed Mind
27848,2020-10-03,826,2488,59,2020-10-24,1,Wrong Item
93271,2020-07-05,1961,305,41,2020-07-11,1,Defective
28468,2022-10-25,1216,3744,1,2022-11-05,1,Defective
24892,2019-07-11,1525,851,66,2019-07-26,1,Wrong Item
84915,2021-07-29,100,2293,63,2021-08-12,1,Wrong Item
43659,2022-06-09,122,2857,16,2022-07-06,1,Changed Mind
32511,2023-03-21,115,448,15,2023-04-17,1,Wrong Item
57641,2021-01-31,1076,3162,18,2021-02-26,1,Wrong Item
64372,2023-01-06,1814,3130,18,2023-01-29,1,Wrong Item
62974,2020-02-08,1648,2672,81,2020-03-03,1,Wrong Item
92555,2019-05-17,1804,1580,50,2019-05-19,1,Defective
81514,2022-10-09,1840,1494,54,2022-10-12,1,Changed Mind
13076,2021-04-04,908,1861,38,2021-04-25,1,Defective
12580,2021-12-22,1082,2029,27,2022-01-14,1,Defective
70204,2023-04-03,369,1741,32,2023-04-28,1,Changed Mind
67231,2020-02-21,490,1260,23,2020-02-27,1,Changed Mind
5318,2022-10-01,1726,1596,96,2022-10-13,1,Wrong Item
46745,2021-05-27,821,2216,35,2021-06-10,1,Changed Mind
41541,2021-11-20,1098,443,53,2021-11-24,1,Wrong Item
59566,2019-09-07,466,1651,18,2019-10-04,1,Defective
51655,2020-07-05,1812,4611,30,2020-07-12,1,Defective
46591,2022-12-20,948,1165,53,2022-12-26,1,Defective
78318,2019-10-01,88,740,58,2019-10-07,1,Defective
41080,2019-02-22,1315,1279,5,2019-03-05,1,Changed Mind
75444,2021-01-19,528,4867,63,2021-02-02,1,Changed Mind
24547,2021-11-27,735,4288,76,2021-12-16,1,Defective
56518,2020-02-20,1526,2086,27,2020-03-11,1,Changed Mind
42200,2023-04-30,385,4237,91,2023-05-16,1,Wrong Item
67186,2021-08-30,1539,4091,23,2021-09-21,1,Changed Mind
60267,2020-09-06,890,4599,32,2020-09-08,1,Wrong Item
92735,2021-12-21,867,282,18,2022-01-05,1,Wrong Item
40717,2022-09-18,646,4827,2,2022-10-14,1,Wrong Item
83877,2021-09-13,95,1425,72,2021-09-26,1,Changed Mind
41441,2022-10-28,871,2985,61,2022-11-14,1,Changed Mind
96378,2019-05-02,1088,859,87,2019-05-20,1,Defective
62388,2019-11-13,1988,2191,86,2019-12-08,1,Defective
81941,2023-09-14,301,4939,39,2023-10-08,1,Wrong Item
13885,2020-10-05,1125,3930,35,2020-10-14,1,Changed Mind
15042,2020-03-26,1420,4590,14,2020-04-24,1,Wrong Item
66048,2022-02-26,1943,645,42,2022-03-23,1,Wrong Item
81583,2022-06-02,1481,5000,70,2022-06-05,1,Wrong Item
36890,2023-11-21,1683,4817,28,2023-12-16,1,Changed Mind
65583,2023-12-25,1980,1162,14,2024-01-06,1,Defective
88155,2021-06-19,1162,2797,68,2021-06-23,1,Wrong Item
13100,2023-07-15,567,4229,72,2023-08-10,1,Defective
48892,2020-10-03,1220,1746,40,2020-10-12,1,Wrong Item
22776,2019-08-03,170,3923,62,2019-08-10,1,Wrong Item
30856,2022-05-27,1626,4955,22,2022-06-11,1,Wrong Item
23638,2019-07-01,1643,3665,57,2019-07-15,1,Defective
1693,2022-01-09,56,283,25,2022-02-03,1,Wrong Item
53608,2020-12-25,1925,4876,40,2021-01-08,1,Wrong Item
21373,2021-11-14,253,530,36,2021-11-15,1,Defective
19795,2020-07-02,1366,4667,30,2020-07-10,1,Wrong Item
32405,2021-04-28,835,4547,93,2021-05-07,1,Wrong Item
99063,2020-12-17,1104,3995,38,2020-12-27,1,Changed Mind
70008,2019-07-18,946,3140,28,2019-07-23,1,Wrong Item
87233,2020-09-11,361,3654,52,2020-09-12,1,Wrong Item
78821,2019-03-27,119,3226,59,2019-04-13,1,Defective
39839,2023-06-24,1299,3372,75,2023-07-07,1,Defective
14712,2023-02-20,252,230,21,2023-03-17,1,Wrong Item
86899,2022-12-21,1751,2084,54,2023-01-09,1,Changed Mind
442,2023-07-11,1435,436,99,2023-07-16,1,Changed Mind
38630,2019-02-13,1803,229,31,2019-02-15,1,Wrong Item
75766,2021-03-28,37,4256,98,2021-04-20,1,Defective
67245,2021-08-22,1957,744,99,2021-08-30,1,Defective
30350,2019-03-28,1867,3245,56,2019-04-18,1,Defective
89423,2022-12-08,1400,4758,63,2022-12-11,1,Defective
19435,2020-10-23,1681,2474,55,2020-11-06,1,Defective
79680,2019-09-29,1557,47,71,2019-10-12,1,Defective
54218,2023-12-31,372,1063,87,2024-01-24,1,Changed Mind
75985,2020-11-18,1392,58,15,2020-11-29,1,Changed Mind
98110,2023-05-16,1273,591,40,2023-06-02,1,Changed Mind
26187,2022-07-19,414,163,61,2022-08-16,1,Wrong Item
93752,2022-08-13,337,3259,38,2022-08-27,1,Wrong Item
25513,2022-07-05,1423,1648,96,2022-07-19,1,Wrong Item
76034,2020-10-07,1215,3776,25,2020-11-02,1,Defective
53403,2022-11-09,704,1276,55,2022-11-18,1,Defective
10215,2020-04-09,408,2213,92,2020-05-02,1,Changed Mind
52560,2019-01-05,497,127,13,2019-01-24,1,Defective
6457,2022-02-11,1052,1364,29,2022-03-12,1,Changed Mind
52602,2022-11-01,1665,3939,90,2022-11-16,1,Changed Mind
220,2019-02-20,829,532,94,2019-02-25,1,Wrong Item
59560,2019-07-13,1779,4172,51,2019-08-10,1,Defective
95964,2019-10-03,1315,4377,96,2019-10-10,1,Defective
36187,2021-03-30,1949,2267,56,2021-04-01,1,Defective
61865,2023-09-21,738,1370,35,2023-10-07,1,Changed Mind
25722,2023-10-17,940,2232,60,2023-10-19,1,Wrong Item
18024,2020-07-13,1097,4518,28,2020-07-22,1,Defective
16645,2020-09-11,1065,3294,23,2020-09-15,1,Defective
16963,2020-12-26,876,4464,4,2021-01-15,1,Defective
76813,2019-12-04,463,3677,40,2019-12-06,1,Wrong Item
87678,2023-10-01,1659,3562,56,2023-10-30,1,Wrong Item
13371,2023-08-04,247,3499,11,2023-08-26,1,Defective
13236,2020-10-26,2000,1562,23,2020-11-19,1,Wrong Item
75390,2022-01-17,1403,181,27,2022-02-08,1,Wrong Item
23718,2023-06-09,1044,841,48,2023-06-24,1,Changed Mind
19922,2020-02-26,375,599,78,2020-03-14,1,Wrong Item
80261,2020-02-27,1139,2467,57,2020-03-23,1,Wrong Item
87752,2023-03-09,1123,729,71,2023-04-05,1,Defective
94512,2023-03-05,633,4527,24,2023-03-07,1,Wrong Item
81370,2022-06-21,1876,2606,100,2022-07-02,1,Changed Mind
16896,2022-08-08,62,4375,37,2022-09-01,1,Changed Mind
28293,2019-10-10,566,2359,57,2019-11-03,1,Changed Mind
85750,2022-05-03,261,1321,80,2022-05-20,1,Changed Mind
67350,2023-04-13,69,3424,30,2023-05-10,1,Wrong Item
57664,2021-02-13,1937,1726,42,2021-03-03,1,Defective
87555,2021-04-13,1441,2683,77,2021-04-30,1,Changed Mind
31691,2021-08-13,1834,4106,5,2021-08-17,1,Wrong Item
74891,2023-06-04,1643,4063,2,2023-06-27,1,Defective
19592,2021-01-20,1500,4241,49,2021-02-13,1,Wrong Item
34234,2019-04-06,1449,1858,65,2019-04-21,1,Defective
6510,2020-08-21,1234,264,25,2020-08-24,1,Defective
96684,2020-04-24,170,2689,71,2020-05-14,1,Wrong Item
921,2021-07-13,868,3239,92,2021-07-17,1,Defective
55838,2020-10-31,760,1709,57,2020-11-09,1,Defective
11721,2020-07-29,549,87,70,2020-08-24,1,Defective
8035,2019-10-08,1293,4087,86,2019-11-01,1,Defective
71010,2022-11-26,1525,838,95,2022-12-25,1,Changed Mind
79389,2021-04-28,1774,717,58,2021-05-24,1,Wrong Item
98171,2021-08-24,1966,4490,24,2021-09-21,1,Wrong Item
950,2020-12-15,1171,1048,77,2021-01-06,1,Changed Mind
63052,2020-04-18,805,4739,58,2020-05-04,1,Changed Mind
12223,2022-12-14,135,4325,42,2023-01-07,1,Defective
34646,2020-04-30,488,105,45,2020-05-14,1,Changed Mind
9510,2021-03-06,456,1125,27,2021-03-24,1,Defective
2466,2022-10-08,359,1120,97,2022-10-18,1,Changed Mind
18360,2021-08-04,965,925,61,2021-08-13,1,Defective
25877,2020-07-29,589,956,40,2020-08-02,1,Wrong Item
40010,2021-11-06,1478,2331,4,2021-11-19,1,Defective
57293,2022-09-22,1733,104,19,2022-09-23,1,Changed Mind
66440,2019-01-02,1997,4523,61,2019-01-30,1,Defective
32187,2019-09-21,1653,656,49,2019-10-19,1,Changed Mind
32764,2023-04-02,751,743,60,2023-04-17,1,Defective
28190,2020-03-15,1503,3233,8,2020-03-20,1,Defective
65753,2019-05-04,543,2227,24,2019-05-19,1,Defective
45012,2023-04-13,1136,3061,100,2023-05-08,1,Defective
83055,2021-10-18,618,2935,84,2021-10-19,1,Defective
40323,2021-03-03,162,602,69,2021-03-14,1,Changed Mind
18534,2020-01-30,860,3257,7,2020-02-19,1,Wrong Item
53891,2022-11-21,401,1518,14,2022-12-12,1,Wrong Item
31814,2019-11-03,1745,975,35,2019-11-06,1,Wrong Item
89274,2021-04-01,707,4582,63,2021-04-11,1,Wrong Item
63636,2020-02-24,1607,3136,48,2020-02-27,1,Defective
47807,2019-06-29,457,4316,61,2019-07-23,1,Wrong Item
6780,2021-08-11,679,4461,85,2021-09-07,1,Changed Mind
18439,2022-09-07,592,1233,12,2022-09-20,1,Changed Mind
39774,2023-11-04,740,4723,32,2023-11-05,1,Wrong Item
14905,2019-06-03,655,1352,88,2019-06-25,1,Wrong Item
12083,2021-11-02,1413,3577,40,2021-11-04,1,Changed Mind
55282,2020-08-09,1802,3553,74,2020-08-22,1,Changed Mind
35859,2022-12-05,1049,1843,14,2022-12-23,1,Defective
36178,2019-07-22,1893,1317,58,2019-08-02,1,Changed Mind
36836,2019-04-17,490,3839,14,2019-05-08,1,Defective
17377,2022-08-18,960,2171,44,2022-09-08,1,Defective
99323,2021-09-02,27,3336,74,2021-09-05,1,Changed Mind
20986,2019-06-05,1056,3509,40,2019-06-16,1,Wrong Item
20744,2019-07-21,1190,4528,93,2019-08-19,1,Wrong Item
47462,2023-01-09,1222,4618,18,2023-02-07,1,Defective
68839,2020-12-19,1356,4064,63,2021-01-05,1,Wrong Item
71341,2021-11-25,1376,3854,77,2021-11-28,1,Defective
95334,2019-08-22,572,3651,94,2019-08-28,1,Defective
89530,2022-05-28,602,1187,32,2022-06-17,1,Defective
98975,2022-11-22,1314,75,70,2022-12-19,1,Defective
86856,2020-10-26,892,2802,83,2020-11-12,1,Defective
61276,2019-02-28,1558,1050,75,2019-03-18,1,Changed Mind
12424,2021-11-08,128,2446,17,2021-11-23,1,Changed Mind
96319,2022-02-14,1173,3154,9,2022-02-18,1,Wrong Item
56949,2021-12-16,1604,1437,20,2022-01-04,1,Wrong Item
75092,2023-08-23,1574,2807,24,2023-09-07,1,Changed Mind
84806,2023-03-28,417,4887,100,2023-04-06,1,Wrong Item
91160,2023-02-05,1582,2845,14,2023-02-08,1,Defective
30636,2021-12-24,1168,1165,61,2022-01-16,1,Changed Mind
5982,2021-10-22,1169,2853,19,2021-10-27,1,Wrong Item
54315,2019-12-05,676,4617,87,2019-12-31,1,Changed Mind
87636,2021-07-04,411,1810,18,2021-07-11,1,Changed Mind
24578,2021-06-14,1878,2872,37,2021-07-02,1,Changed Mind
74432,2019-04-07,479,3554,24,2019-04-30,1,Changed Mind
17343,2023-12-31,92,150,52,2024-01-26,1,Defective
69063,2022-05-22,1047,655,82,2022-06-03,1,Changed Mind
76669,2021-06-17,564,517,35,2021-06-26,1,Changed Mind
18740,2020-06-02,1068,1806,45,2020-06-29,1,Wrong Item
25386,2021-03-23,158,2098,62,2021-04-12,1,Wrong Item
25322,2020-06-15,1533,4630,69,2020-07-14,1,Changed Mind
27086,2019-05-02,559,2921,79,2019-05-30,1,Defective
79581,2019-09-27,1082,2281,1,2019-10-10,1,Defective
54658,2020-09-30,1422,1540,72,2020-10-24,1,Changed Mind
84050,2022-07-26,1233,3191,75,2022-07-30,1,Changed Mind
88402,2019-02-27,239,3235,30,2019-03-17,1,Wrong Item
2631,2020-02-16,1519,3090,54,2020-03-01,1,Changed Mind
51205,2020-01-24,1526,4586,62,2020-01-30,1,Defective
16401,2021-10-30,1838,4656,41,2021-11-28,1,Wrong Item
6324,2022-08-20,1015,2718,11,2022-09-18,1,Changed Mind
85739,2021-12-29,1141,1162,95,2021-12-30,1,Defective
46395,2021-10-10,70,1271,67,2021-10-19,1,Defective
85483,2022-05-24,761,134,70,2022-05-29,1,Changed Mind
53915,2021-02-13,374,4545,16,2021-02-15,1,Defective
17954,2020-03-27,1305,4532,89,2020-04-10,1,Changed Mind
91990,2023-02-01,1720,1889,8,2023-02-27,1,Wrong Item
22086,2019-04-19,218,54,27,2019-05-06,1,Defective
196,2023-04-03,1943,2697,1,2023-04-11,1,Wrong Item
85778,2019-03-27,1908,3248,68,2019-04-13,1,Wrong Item
55061,2022-03-13,1038,2227,21,2022-04-01,1,Changed Mind
20256,2021-07-20,1729,3309,64,2021-08-17,1,Changed Mind
45316,2020-12-27,1604,362,93,2021-01-12,1,Defective
97534,2019-12-29,360,2873,4,2020-01-19,1,Defective
87998,2021-09-08,1209,295,44,2021-09-28,1,Defective
65569,2022-03-07,996,3635,55,2022-04-05,1,Changed Mind
22108,2023-07-30,281,2979,24,2023-08-26,1,Changed Mind
31060,2021-12-30,855,4338,69,2022-01-19,1,Defective
29480,2021-08-17,1749,4789,1,2021-09-02,1,Changed Mind
44225,2020-06-27,250,2870,59,2020-07-15,1,Wrong Item
69272,2021-12-06,151,3968,5,2021-12-24,1,Changed Mind
75522,2020-12-11,1976,3658,52,2021-01-04,1,Changed Mind
90101,2019-10-12,1944,2712,15,2019-10-26,1,Wrong Item
7664,2021-04-06,1468,1951,60,2021-04-26,1,Defective
60447,2022-04-05,1512,1023,61,2022-04-25,1,Defective
75551,2023-02-25,70,4056,67,2023-03-17,1,Changed Mind
3283,2021-05-12,191,4918,57,2021-05-15,1,Defective
92746,2023-07-19,305,826,50,2023-08-15,1,Defective
73010,2019-02-26,585,1840,76,2019-03-06,1,Changed Mind
12348,2021-09-18,10,1193,7,2021-09-20,1,Defective
86952,2021-06-23,452,2769,40,2021-07-14,1,Changed Mind
13941,2020-06-09,1752,4332,5,2020-06-25,1,Changed Mind
36571,2019-06-08,1576,124,59,2019-07-02,1,Changed Mind
49882,2022-09-02,254,2831,70,2022-09-22,1,Changed Mind
43092,2021-08-29,985,230,65,2021-09-01,1,Wrong Item
15682,2022-05-07,1123,335,32,2022-05-27,1,Wrong Item
49338,2022-07-30,628,4973,6,2022-08-15,1,Changed Mind
68400,2022-01-18,1563,2413,22,2022-02-08,1,Wrong Item
11821,2022-12-29,1691,2825,57,2023-01-06,1,Defective
72071,2019-11-30,978,4415,5,2019-12-25,1,Changed Mind
23814,2021-07-03,697,3606,25,2021-07-31,1,Defective
22271,2023-04-29,814,1113,50,2023-05-28,1,Wrong Item
60591,2019-05-09,1737,475,23,2019-05-19,1,Changed Mind
55226,2023-09-12,1266,3658,18,2023-10-10,1,Changed Mind
85335,2023-03-05,886,4978,10,2023-03-29,1,Wrong Item
1310,2020-10-10,146,3235,42,2020-11-02,1,Defective
74239,2021-02-27,165,368,7,2021-03-14,1,Changed Mind
41318,2022-01-29,100,4113,56,2022-02-18,1,Defective
48579,2022-12-26,839,2079,84,2023-01-02,1,Defective
62019,2023-05-16,683,861,40,2023-05-26,1,Wrong Item
32577,2019-02-13,598,1048,96,2019-02-25,1,Defective
36415,2023-07-29,47,2725,40,2023-08-15,1,Defective
19920,2023-06-06,1064,3632,95,2023-06-19,1,Defective
58276,2021-04-09,655,3145,70,2021-05-05,1,Changed Mind
62468,2021-05-20,1416,3536,54,2021-06-01,1,Wrong Item
35116,2021-08-31,364,2002,1,2021-09-23,1,Wrong Item
31288,2021-04-27,496,4530,59,2021-05-10,1,Wrong Item
52708,2022-01-17,1664,1783,92,2022-02-01,1,Wrong Item
43797,2019-04-15,1568,2125,83,2019-05-07,1,Wrong Item
55723,2020-07-24,1760,3265,57,2020-08-10,1,Changed Mind
85407,2022-05-13,1478,1332,95,2022-05-17,1,Changed Mind
67884,2023-09-08,930,1329,97,2023-09-28,1,Wrong Item
15551,2021-09-24,127,946,94,2021-10-14,1,Defective
75614,2021-11-25,1094,3596,74,2021-12-02,1,Changed Mind
46259,2023-09-21,435,4917,84,2023-10-10,1,Wrong Item
52412,2022-07-28,228,794,97,2022-08-24,1,Wrong Item
17319,2023-09-26,226,2414,83,2023-10-13,1,Wrong Item
12374,2019-04-14,1065,584,32,2019-04-19,1,Defective
61009,2020-03-31,1149,153,93,2020-04-17,1,Defective
301,2019-05-21,991,4021,98,2019-05-28,1,Wrong Item
91970,2023-05-21,888,2257,44,2023-06-08,1,Changed Mind
88881,2019-09-08,1179,3101,67,2019-09-12,1,Wrong Item
55527,2021-12-06,1477,2122,67,2021-12-10,1,Defective
4657,2020-05-18,1455,4194,88,2020-05-30,1,Changed Mind
80835,2022-06-02,1172,1175,43,2022-06-21,1,Changed Mind
99708,2020-11-18,1331,2834,58,2020-12-02,1,Wrong Item
89193,2020-08-06,116,811,7,2020-09-01,1,Changed Mind
5432,2020-12-08,499,1161,64,2020-12-26,1,Changed Mind
15479,2020-02-08,446,944,38,2020-02-25,1,Defective
73875,2022-12-22,1443,3078,65,2023-01-19,1,Defective
40593,2022-10-18,1966,2977,47,2022-11-14,1,Defective
99804,2021-08-09,654,3216,54,2021-08-10,1,Defective
98697,2022-06-04,1658,1847,7,2022-06-28,1,Defective
6106,2022-08-03,1362,2054,50,2022-08-29,1,Defective
54656,2020-12-29,1508,1483,89,2021-01-22,1,Wrong Item
17610,2022-09-17,1967,1731,99,2022-10-15,1,Defective
28580,2022-05-22,1632,2994,74,2022-06-20,1,Wrong Item
94353,2022-05-25,208,3977,97,2022-05-29,1,Wrong Item
44075,2020-11-26,1872,761,74,2020-12-22,1,Changed Mind
81564,2019-02-01,932,2747,31,2019-03-01,1,Wrong Item
78172,2021-12-28,307,1841,29,2022-01-24,1,Wrong Item
69355,2019-03-06,698,681,33,2019-03-18,1,Changed Mind
74732,2020-03-02,658,2023,25,2020-03-26,1,Wrong Item
3636,2020-08-14,1879,840,13,2020-09-05,1,Defective
82624,2019-05-29,1050,195,20,2019-06-15,1,Changed Mind
75498,2023-01-20,743,3793,17,2023-02-01,1,Changed Mind
9667,2022-08-13,1744,1096,26,2022-08-23,1,Defective
77400,2022-02-21,1607,4323,69,2022-02-22,1,Wrong Item
88044,2020-01-21,352,1401,8,2020-01-26,1,Changed Mind
83133,2021-02-02,926,1266,21,2021-02-10,1,Changed Mind
60568,2023-12-06,607,297,31,2023-12-29,1,Changed Mind
759,2021-05-10,980,3822,83,2021-05-17,1,Defective
21942,2020-05-12,444,2624,61,2020-05-27,1,Wrong Item
49239,2021-10-09,1289,146,3,2021-11-03,1,Defective
60620,2020-12-18,1637,2045,90,2020-12-27,1,Defective
18847,2021-12-18,707,4021,64,2022-01-10,1,Defective
83346,2022-08-23,384,3858,85,2022-09-19,1,Defective
83568,2020-12-10,1874,1428,87,2021-01-05,1,Defective
83016,2019-07-24,1168,3189,88,2019-08-07,1,Wrong Item
69922,2021-01-23,1382,1640,80,2021-01-26,1,Changed Mind
12515,2022-12-23,1235,951,67,2022-12-29,1,Defective
37383,2021-03-13,1156,4624,94,2021-03-28,1,Changed Mind
80682,2022-10-05,1874,4637,28,2022-10-08,1,Changed Mind
21354,2021-11-09,692,3857,21,2021-12-04,1,Changed Mind
1842,2023-06-09,1621,1007,86,2023-06-18,1,Defective
61515,2020-09-30,924,4654,1,2020-10-15,1,Defective
55775,2023-04-12,1057,4986,17,2023-04-13,1,Defective
83715,2019-10-18,1159,2983,84,2019-11-12,1,Defective
90216,2022-05-31,1628,3738,88,2022-06-23,1,Changed Mind
60500,2021-11-04,997,4469,13,2021-11-06,1,Changed Mind
39713,2020-10-01,1771,4402,87,2020-10-05,1,Wrong Item
6214,2022-06-02,1038,1669,95,2022-06-16,1,Wrong Item
79560,2021-10-18,1153,1460,12,2021-11-08,1,Wrong Item
97010,2022-08-26,1915,3085,75,2022-09-21,1,Changed Mind
4514,2023-05-20,1429,4069,61,2023-06-05,1,Defective
92450,2023-08-29,1901,1996,44,2023-09-18,1,Wrong Item
11751,2020-02-10,430,3514,47,2020-03-01,1,Wrong Item
62999,2023-06-06,702,2575,32,2023-07-01,1,Defective
88290,2021-12-05,1372,1330,67,2021-12-21,1,Defective
98982,2022-12-20,1121,3758,20,2022-12-24,1,Wrong Item
6456,2019-04-06,689,4865,2,2019-04-11,1,Wrong Item
6701,2023-06-06,667,1856,56,2023-06-21,1,Defective
37468,2022-06-21,1369,4589,54,2022-07-01,1,Changed Mind
1825,2021-01-30,160,3819,84,2021-02-01,1,Changed Mind
64955,2021-01-06,655,2054,67,2021-02-01,1,Defective
18833,2019-04-18,546,4764,84,2019-04-21,1,Changed Mind
45020,2022-05-07,529,1924,33,2022-05-12,1,Wrong Item
28298,2019-03-11,564,4814,19,2019-04-09,1,Defective
6291,2020-10-13,820,2152,42,2020-10-20,1,Wrong Item
34753,2021-05-09,1330,2945,76,2021-05-23,1,Defective
27496,2019-05-03,496,3910,55,2019-05-26,1,Defective
58253,2023-01-29,245,1902,2,2023-02-22,1,Wrong Item
80541,2019-09-01,1473,1285,2,2019-09-16,1,Defective
20286,2022-09-12,1152,4825,14,2022-09-18,1,Wrong Item
61993,2019-12-12,861,4191,76,2020-01-09,1,Changed Mind
91386,2023-04-26,1136,3609,12,2023-05-15,1,Defective
90477,2023-12-27,1427,3054,48,2024-01-15,1,Wrong Item
14166,2022-09-21,194,3350,25,2022-10-05,1,Wrong Item
56131,2021-03-29,1533,206,39,2021-04-12,1,Wrong Item
6424,2022-01-26,1819,993,77,2022-02-13,1,Wrong Item
24442,2022-05-01,692,703,94,2022-05-02,1,Wrong Item
2310,2021-12-09,854,2913,52,2021-12-21,1,Wrong Item
25251,2020-10-03,859,746,52,2020-10-11,1,Defective
15743,2019-06-11,1080,2164,40,2019-07-01,1,Changed Mind
2268,2023-12-12,828,2963,52,2024-01-06,1,Wrong Item
80121,2022-06-26,1414,4789,26,2022-07-19,1,Changed Mind
12943,2019-05-23,662,3533,96,2019-05-24,1,Changed Mind
59624,2023-07-23,1955,2616,7,2023-07-25,1,Defective
24574,2023-05-28,1124,116,72,2023-06-22,1,Wrong Item
19275,2020-09-23,325,2548,26,2020-09-29,1,Wrong Item
47083,2020-03-11,463,2243,56,2020-04-04,1,Wrong Item
67111,2022-02-20,786,3565,46,2022-03-19,1,Wrong Item
47030,2021-11-11,166,3636,13,2021-11-20,1,Defective
64459,2023-04-19,520,1974,39,2023-04-20,1,Wrong Item
5349,2020-06-10,287,1844,27,2020-06-23,1,Defective
12787,2020-12-01,1421,1939,62,2020-12-05,1,Changed Mind
71939,2022-08-24,567,1174,65,2022-09-01,1,Wrong Item
64717,2019-02-04,44,638,61,2019-02-07,1,Changed Mind
10640,2019-09-19,747,4938,70,2019-10-18,1,Defective
8265,2021-02-17,926,4911,29,2021-03-10,1,Wrong Item
11714,2021-01-12,1565,1438,53,2021-02-10,1,Changed Mind
65640,2023-10-03,747,4039,8,2023-10-22,1,Defective
54685,2023-03-25,1495,2987,24,2023-04-08,1,Wrong Item
89266,2019-09-10,1564,3407,14,2019-09-19,1,Wrong Item
98647,2023-04-02,1546,3559,95,2023-04-22,1,Wrong Item
99193,2021-09-20,422,3394,41,2021-09-21,1,Changed Mind
59961,2022-10-10,1533,980,66,2022-11-08,1,Changed Mind
68203,2020-02-16,1626,4692,86,2020-03-15,1,Wrong Item
80120,2023-03-31,1428,4401,40,2023-04-10,1,Changed Mind
29539,2019-06-07,1580,783,79,2019-06-24,1,Wrong Item
16751,2021-10-19,1214,1909,50,2021-11-11,1,Changed Mind
96494,2022-03-03,1795,3107,39,2022-03-06,1,Defective
68665,2023-03-01,287,3935,64,2023-03-07,1,Changed Mind
73222,2023-01-25,372,3617,59,2023-02-09,1,Changed Mind
38054,2020-11-04,409,3472,63,2020-11-17,1,Changed Mind
91527,2020-06-02,798,3012,37,2020-06-20,1,Defective
79902,2021-07-29,1721,4176,45,2021-08-06,1,Changed Mind
76505,2022-05-25,341,1076,80,2022-06-19,1,Changed Mind
81054,2022-05-11,433,3805,87,2022-05-26,1,Defective
20677,2021-07-04,1898,558,22,2021-07-28,1,Wrong Item
251,2020-03-31,1064,4431,58,2020-04-28,1,Wrong Item
41106,2022-12-23,1,2371,95,2023-01-02,1,Changed Mind
71665,2020-07-10,550,2135,3,2020-08-01,1,Defective
86260,2019-09-14,1253,3406,94,2019-09-27,1,Defective
6348,2020-06-16,15,418,66,2020-07-02,1,Defective
67387,2023-12-15,1767,3155,1,2024-01-05,1,Wrong Item
21590,2023-08-18,33,2618,38,2023-08-22,1,Wrong Item
2951,2023-09-26,625,3717,25,2023-10-21,1,Changed Mind
86583,2021-06-15,929,4891,82,2021-06-26,1,Wrong Item
75813,2019-10-16,807,1813,60,2019-10-17,1,Wrong Item
72369,2022-01-04,676,1196,41,2022-01-16,1,Defective
69583,2022-11-07,748,4855,55,2022-11-24,1,Changed Mind
3726,2023-11-20,340,1596,26,2023-12-09,1,Wrong Item
62992,2023-01-30,320,1920,1,2023-02-08,1,Defective
56287,2020-04-29,958,763,39,2020-05-01,1,Wrong Item
60700,2020-06-08,1418,4816,72,2020-06-16,1,Defective
35827,2022-07-21,1294,840,50,2022-08-07,1,Changed Mind
25126,2023-08-06,241,1307,73,2023-08-31,1,Wrong Item
95256,2023-10-20,28,77,95,2023-11-15,1,Changed Mind
64731,2020-09-27,1199,3451,98,2020-10-06,1,Changed Mind
58232,2020-02-20,588,4024,97,2020-03-15,1,Changed Mind
20691,2022-10-19,647,3075,89,2022-10-23,1,Defective
61191,2022-12-31,748,3474,95,2023-01-20,1,Defective
90535,2020-08-19,456,4903,20,2020-08-25,1,Defective
31180,2021-05-14,1544,4644,32,2021-05-23,1,Defective
20262,2023-07-26,1377,4845,85,2023-08-08,1,Defective
30339,2022-05-29,571,3948,96,2022-06-08,1,Wrong Item
18419,2021-05-09,1034,1588,37,2021-05-20,1,Changed Mind
99110,2020-11-07,428,1010,20,2020-11-13,1,Changed Mind
6109,2021-11-02,486,4124,3,2021-11-30,1,Defective
29050,2019-07-05,1256,4708,40,2019-07-19,1,Wrong Item
36879,2023-12-05,773,1080,9,2023-12-06,1,Changed Mind
9995,2021-10-09,739,4414,95,2021-10-26,1,Defective
66756,2022-03-08,1431,1730,24,2022-03-21,1,Defective
62665,2023-07-29,325,2694,61,2023-08-15,1,Defective
75460,2022-05-20,666,2137,1,2022-06-15,1,Wrong Item
58671,2019-06-04,1752,2351,78,2019-06-18,1,Wrong Item
34086,2019-04-06,991,2191,39,2019-04-14,1,Changed Mind
18912,2019-09-19,1677,1826,16,2019-10-17,1,Changed Mind
3028,2023-12-30,737,4470,51,2024-01-17,1,Wrong Item
96332,2022-07-12,1669,393,38,2022-08-02,1,Changed Mind
11530,2021-03-18,247,2686,10,2021-04-10,1,Defective
45661,2023-01-18,85,2166,70,2023-02-09,1,Wrong Item
16523,2023-11-23,1700,3458,58,2023-12-01,1,Changed Mind
79382,2019-09-14,125,2104,24,2019-10-12,1,Wrong Item
80697,2021-05-01,1892,4170,41,2021-05-05,1,Defective
42371,2020-07-15,282,4223,11,2020-07-27,1,Changed Mind
41376,2022-04-01,447,959,25,2022-04-29,1,Wrong Item
31167,2019-01-24,733,2799,18,2019-02-22,1,Changed Mind
18036,2020-02-24,1520,3716,49,2020-03-15,1,Wrong Item
97303,2020-08-26,543,2932,95,2020-09-02,1,Changed Mind
125,2021-08-25,182,1451,49,2021-09-09,1,Defective
6768,2022-02-08,822,2651,58,2022-02-16,1,Defective
77108,2020-01-22,360,3869,91,2020-02-18,1,Changed Mind
80157,2019-02-26,1306,567,80,2019-03-05,1,Defective
63600,2019-12-02,859,985,33,2019-12-14,1,Defective
60266,2023-07-05,1252,3338,32,2023-07-11,1,Wrong Item
69629,2020-05-05,490,474,61,2020-05-20,1,Changed Mind
5354,2019-08-23,801,2553,61,2019-09-01,1,Defective
96929,2022-04-29,342,2377,23,2022-05-07,1,Defective
50943,2020-04-16,1107,78,100,2020-04-26,1,Wrong Item
7520,2021-01-02,1774,1376,79,2021-01-05,1,Changed Mind
80690,2021-12-04,285,151,27,2021-12-25,1,Defective
48919,2023-12-22,132,1773,66,2024-01-14,1,Defective
6852,2022-08-13,1916,767,33,2022-08-31,1,Changed Mind
1033,2023-01-17,609,131,5,2023-01-23,1,Wrong Item
53301,2019-06-23,1854,4292,84,2019-07-09,1,Defective
56478,2022-11-17,534,2757,43,2022-11-24,1,Wrong Item
97758,2021-12-13,1176,3295,30,2021-12-21,1,Defective
7129,2019-02-16,674,3777,36,2019-02-18,1,Changed Mind
71600,2021-06-05,934,3471,49,2021-06-18,1,Wrong Item
76551,2020-06-29,1786,1443,22,2020-07-10,1,Changed Mind
77944,2019-06-09,30,3974,93,2019-06-17,1,Changed Mind
82915,2022-04-14,217,1199,7,2022-05-08,1,Wrong Item
84248,2020-04-20,1727,2307,31,2020-05-15,1,Defective
57422,2022-09-05,979,4560,38,2022-09-28,1,Defective
13006,2019-10-01,174,1822,98,2019-10-28,1,Wrong Item
14741,2020-12-21,1229,4655,90,2020-12-23,1,Wrong Item
455,2023-06-29,1167,4653,72,2023-07-24,1,Defective
30158,2019-04-09,1168,1163,72,2019-04-26,1,Defective
19682,2019-06-20,1330,2971,82,2019-06-27,1,Wrong Item
95636,2022-04-24,1721,1087,53,2022-05-05,1,Wrong Item
29356,2022-05-25,1400,4496,3,2022-06-11,1,Changed Mind
83490,2023-06-19,1157,768,10,2023-07-14,1,Wrong Item
45509,2021-11-14,63,1523,72,2021-11-23,1,Changed Mind
59129,2021-06-06,1351,4439,27,2021-06-29,1,Changed Mind
32385,2019-06-16,1144,235,59,2019-06-28,1,Changed Mind
46300,2023-12-28,1042,4333,64,2024-01-18,1,Wrong Item
18645,2020-03-19,1635,236,47,2020-04-03,1,Defective
88707,2020-06-04,301,3970,2,2020-07-03,1,Changed Mind
72759,2021-07-08,616,3196,66,2021-07-19,1,Wrong Item
68211,2020-08-22,1469,4608,59,2020-09-20,1,Changed Mind
7299,2023-01-07,1097,1111,20,2023-01-25,1,Defective
79220,2020-05-28,436,4227,62,2020-06-08,1,Changed Mind
33606,2022-03-03,736,4099,69,2022-03-04,1,Defective
46268,2022-04-29,692,911,85,2022-05-28,1,Defective
57026,2023-07-18,16,1230,41,2023-08-10,1,Wrong Item
11857,2021-09-08,1035,4060,93,2021-09-22,1,Defective
81912,2022-11-07,440,2629,60,2022-11-21,1,Wrong Item
99792,2019-01-19,1963,2658,55,2019-01-24,1,Changed Mind
65683,2021-06-10,1826,2665,64,2021-07-08,1,Defective
64206,2022-01-19,447,239,93,2022-01-22,1,Wrong Item
52424,2022-05-25,227,3563,75,2022-06-12,1,Wrong Item
31871,2019-03-23,1118,2093,42,2019-04-14,1,Changed Mind
65524,2019-02-07,917,4006,5,2019-03-01,1,Wrong Item
31635,2023-06-06,938,1252,11,2023-06-20,1,Wrong Item
67150,2023-10-17,186,1451,90,2023-11-04,1,Changed Mind
42619,2021-07-10,1277,374,78,2021-07-26,1,Wrong Item
52094,2021-05-21,1301,508,75,2021-06-16,1,Changed Mind
99161,2022-05-29,1960,296,94,2022-06-08,1,Wrong Item
41375,2020-03-18,579,1143,96,2020-03-23,1,Defective
4655,2023-05-14,1192,157,81,2023-05-25,1,Defective
88826,2023-05-24,14,2306,18,2023-06-18,1,Defective
18368,2020-07-02,1645,4799,5,2020-07-15,1,Wrong Item
27644,2019-05-14,35,4895,1,2019-05-23,1,Wrong Item
8602,2019-11-16,345,2577,45,2019-12-13,1,Changed Mind
90217,2019-07-07,956,1546,48,2019-07-13,1,Wrong Item
65650,2020-03-14,1161,2283,90,2020-03-27,1,Defective
93454,2021-05-22,1821,1605,74,2021-06-19,1,Changed Mind
2469,2021-06-24,696,3061,68,2021-07-15,1,Defective
83666,2019-08-02,106,4264,68,2019-08-12,1,Wrong Item
78876,2022-12-20,134,1461,45,2022-12-25,1,Changed Mind
90329,2019-03-03,400,44,43,2019-03-04,1,Wrong Item
4581,2023-03-31,658,1463,60,2023-04-23,1,Defective
5939,2020-03-19,344,1416,80,2020-03-25,1,Wrong Item
67775,2022-05-31,440,1157,36,2022-06-01,1,Defective
11410,2022-10-10,338,3632,100,2022-10-17,1,Defective
74369,2021-05-05,1827,1404,13,2021-06-02,1,Wrong Item
86059,2023-03-12,967,3327,69,2023-03-18,1,Changed Mind
16169,2023-05-28,540,3493,69,2023-06-12,1,Wrong Item
75326,2019-02-14,1055,1503,25,2019-02-24,1,Wrong Item
11492,2019-07-20,1419,3744,48,2019-08-01,1,Changed Mind
7118,2021-03-24,1921,3244,61,2021-03-25,1,Defective
34109,2019-05-15,1630,3450,27,2019-05-22,1,Wrong Item
68427,2020-02-02,323,3121,64,2020-02-17,1,Defective
22800,2022-10-10,1813,329,96,2022-10-22,1,Defective
71786,2022-10-11,104,1694,84,2022-10-28,1,Wrong Item
32910,2022-03-26,1766,4775,79,2022-03-28,1,Wrong Item
29572,2019-08-05,961,4926,63,2019-08-09,1,Wrong Item
81207,2020-09-27,1924,2614,81,2020-10-13,1,Changed Mind
32685,2023-12-07,998,531,97,2023-12-25,1,Wrong Item
13975,2019-08-01,1353,1629,43,2019-08-28,1,Changed Mind
86609,2019-10-09,1624,2050,96,2019-10-29,1,Changed Mind
22521,2020-03-11,529,4137,79,2020-03-23,1,Changed Mind
55625,2023-11-22,1322,1260,58,2023-12-11,1,Changed Mind
50474,2020-07-03,1036,10,91,2020-07-17,1,Changed Mind
75920,2019-01-30,62,945,50,2019-02-19,1,Defective
39891,2022-04-16,50,2942,16,2022-05-11,1,Changed Mind
71071,2022-06-08,1786,4179,84,2022-06-30,1,Defective
13326,2022-07-06,569,3098,43,2022-07-25,1,Defective
8093,2022-02-12,387,2699,71,2022-02-18,1,Changed Mind
87243,2023-04-09,1131,1567,51,2023-05-03,1,Changed Mind
66194,2020-04-03,1104,4461,99,2020-04-08,1,Defective
68365,2019-01-05,97,190,65,2019-01-10,1,Wrong Item
20684,2023-09-17,840,3900,4,2023-09-24,1,Changed Mind
77645,2021-12-23,1042,3968,10,2022-01-03,1,Wrong Item
1004,2020-10-31,602,3699,87,2020-11-26,1,Changed Mind
36224,2020-09-22,1134,129,69,2020-10-14,1,Wrong Item
86684,2022-02-06,1250,1412,11,2022-02-10,1,Changed Mind
81611,2020-09-05,59,3534,82,2020-09-26,1,Changed Mind
28935,2021-09-17,303,1558,29,2021-10-09,1,Defective
35913,2022-05-15,1360,2904,37,2022-05-29,1,Changed Mind
73800,2022-04-21,1424,3155,83,2022-04-29,1,Wrong Item
28904,2021-07-07,373,4488,44,2021-08-03,1,Defective
68132,2021-10-30,481,3292,21,2021-11-16,1,Defective
84137,2023-01-26,1357,4333,92,2023-02-13,1,Wrong Item
24629,2022-06-23,1364,3553,99,2022-06-26,1,Defective
71004,2019-04-17,729,222,88,2019-05-07,1,Defective
99482,2022-09-03,1854,3220,7,2022-09-16,1,Defective
46981,2023-01-01,1342,1610,21,2023-01-19,1,Defective
71702,2019-08-19,1648,1994,66,2019-09-06,1,Defective
77388,2021-07-03,1232,3834,13,2021-07-08,1,Wrong Item
88547,2019-09-08,188,4089,4,2019-09-27,1,Wrong Item
28972,2019-05-13,1257,159,5,2019-05-29,1,Wrong Item
46153,2021-01-01,1165,3170,5,2021-01-24,1,Changed Mind
6570,2023-03-02,813,601,29,2023-03-28,1,Defective
26425,2021-06-14,1165,3211,72,2021-06-24,1,Changed Mind
13742,2019-03-25,913,4532,33,2019-04-20,1,Wrong Item
45153,2021-06-28,1480,184,77,2021-07-20,1,Wrong Item
60015,2023-10-01,667,4834,93,2023-10-03,1,Changed Mind
51942,2020-11-25,1738,2337,39,2020-11-30,1,Defective
54903,2020-02-01,313,2273,61,2020-02-28,1,Changed Mind
42831,2019-09-09,1087,1530,33,2019-09-29,1,Wrong Item
30954,2020-02-21,1421,301,60,2020-03-06,1,Wrong Item
40262,2019-07-14,646,3878,59,2019-07-16,1,Changed Mind
17580,2023-03-18,854,4707,100,2023-04-05,1,Changed Mind
82926,2023-08-16,1177,1371,49,2023-08-25,1,Defective
42176,2020-06-17,1372,3708,81,2020-07-14,1,Wrong Item
65112,2020-04-21,1011,2130,26,2020-04-29,1,Defective
4244,2019-02-08,585,3168,86,2019-03-09,1,Wrong Item
49639,2019-09-29,1054,2245,62,2019-10-17,1,Changed Mind
7201,2020-03-10,1168,254,3,2020-03-18,1,Changed Mind
12890,2021-05-12,962,2441,11,2021-05-18,1,Defective
33649,2020-07-19,1929,9,19,2020-07-26,1,Defective
10035,2019-11-22,554,869,3,2019-11-24,1,Changed Mind
97486,2019-12-04,1868,632,67,2019-12-23,1,Wrong Item
14008,2023-06-05,1250,3895,42,2023-06-06,1,Defective
18798,2019-12-16,639,3760,6,2020-01-05,1,Wrong Item
8474,2021-09-11,647,1702,19,2021-09-16,1,Defective
88564,2020-04-23,141,3529,17,2020-05-15,1,Wrong Item
84589,2021-01-31,329,3335,74,2021-02-27,1,Wrong Item
97477,2019-01-12,1359,1272,73,2019-02-09,1,Wrong Item
4108,2022-07-01,2000,860,55,2022-07-24,1,Changed Mind
58174,2020-10-10,1259,4492,60,2020-10-14,1,Defective
82066,2023-10-26,764,4144,71,2023-11-13,1,Defective
11623,2021-04-20,224,1127,65,2021-05-15,1,Changed Mind
77078,2020-04-02,1966,3181,11,2020-04-24,1,Wrong Item
80174,2022-12-15,1321,3250,64,2023-01-02,1,Changed Mind
2606,2023-08-21,1619,3504,60,2023-09-08,1,Wrong Item
88286,2022-02-05,1828,5000,25,2022-02-11,1,Wrong Item
4414,2021-09-18,1971,4920,24,2021-10-14,1,Changed Mind
40918,2019-09-02,1914,99,4,2019-09-19,1,Wrong Item
98253,2021-01-04,1414,4694,29,2021-01-06,1,Changed Mind
14225,2019-06-14,1215,3135,87,2019-07-02,1,Changed Mind
30530,2023-05-10,1336,4277,16,2023-05-20,1,Defective
42859,2022-09-06,9,3417,82,2022-09-26,1,Defective
86847,2019-12-04,865,4641,28,2019-12-14,1,Defective
23132,2019-08-24,1551,1239,92,2019-09-12,1,Changed Mind
63190,2023-06-16,572,733,95,2023-06-28,1,Defective
69221,2019-06-24,991,2787,60,2019-07-22,1,Defective
32810,2022-04-12,706,1071,7,2022-05-05,1,Wrong Item
6836,2021-04-14,254,1991,55,2021-04-26,1,Wrong Item
98047,2022-12-19,625,1319,56,2023-01-07,1,Changed Mind
81499,2022-10-04,533,463,88,2022-10-10,1,Changed Mind
79359,2021-08-07,711,3408,28,2021-08-12,1,Defective
74642,2019-08-04,1840,2964,66,2019-08-18,1,Defective
45063,2020-01-02,1879,4029,79,2020-01-08,1,Defective
58748,2023-03-25,599,3724,79,2023-04-23,1,Wrong Item
23382,2020-09-22,428,2759,43,2020-10-08,1,Changed Mind
93084,2022-12-10,1904,3530,46,2022-12-13,1,Defective
67894,2019-04-08,438,4661,77,2019-04-09,1,Changed Mind
66598,2020-02-07,539,3808,41,2020-02-19,1,Defective
23353,2020-10-01,1279,1923,94,2020-10-20,1,Changed Mind
18876,2019-04-20,1565,1818,92,2019-05-18,1,Defective
42835,2020-02-24,1387,1624,47,2020-03-23,1,Wrong Item
68145,2022-10-02,1370,3087,8,2022-10-08,1,Defective
21568,2021-02-04,1352,4379,58,2021-02-16,1,Wrong Item
19664,2021-01-29,1416,4210,83,2021-01-30,1,Defective
91442,2023-11-03,964,4979,45,2023-11-28,1,Defective
87058,2020-10-14,944,3147,38,2020-10-29,1,Defective
13840,2023-09-16,1748,3510,79,2023-09-25,1,Defective
83788,2023-03-03,1332,250,96,2023-03-13,1,Wrong Item
88962,2020-05-17,410,845,56,2020-05-30,1,Wrong Item
80879,2023-11-14,925,4236,21,2023-12-04,1,Wrong Item
28414,2023-08-21,387,4898,83,2023-08-28,1,Wrong Item
62471,2020-09-26,521,4529,1,2020-10-21,1,Wrong Item
36059,2022-04-09,296,2692,62,2022-05-05,1,Changed Mind
31327,2023-03-12,957,1580,63,2023-03-19,1,Defective
64862,2022-04-18,1940,2497,85,2022-04-29,1,Wrong Item
71738,2022-12-05,134,1059,70,2022-12-15,1,Defective
12436,2020-07-13,506,400,48,2020-07-16,1,Changed Mind
5147,2021-10-10,648,4686,94,2021-10-16,1,Wrong Item
34330,2021-03-29,1951,2926,86,2021-04-12,1,Wrong Item
64001,2020-02-13,1939,3095,85,2020-03-07,1,Defective
84238,2023-06-26,231,834,65,2023-07-05,1,Wrong Item
79471,2019-01-23,797,2662,69,2019-01-24,1,Defective
43785,2019-01-11,1558,1779,76,2019-02-03,1,Changed Mind
21197,2020-01-19,1423,2932,67,2020-01-28,1,Changed Mind
39159,2020-12-21,312,4821,34,2020-12-25,1,Wrong Item
28967,2020-12-29,382,2448,97,2021-01-16,1,Changed Mind
86537,2019-06-30,153,355,96,2019-07-23,1,Defective
92084,2023-09-08,116,4659,6,2023-09-28,1,Changed Mind
60229,2019-10-29,1963,2333,54,2019-11-07,1,Defective
99014,2023-04-04,696,2630,10,2023-04-23,1,Defective
2323,2019-04-07,247,606,57,2019-05-03,1,Defective
82416,2020-12-17,1249,1974,65,2021-01-04,1,Changed Mind
17383,2021-05-22,1012,3961,33,2021-06-12,1,Defective
70739,2019-10-13,1952,182,96,2019-10-31,1,Defective
76112,2020-01-05,441,4179,14,2020-01-30,1,Changed Mind
83228,2022-01-09,1160,2897,62,2022-01-12,1,Defective
40028,2021-01-22,254,719,51,2021-02-14,1,Wrong Item
3700,2020-04-15,276,2855,93,2020-04-21,1,Wrong Item
82959,2019-02-17,1324,74,57,2019-03-01,1,Changed Mind
46727,2021-06-25,1286,1126,31,2021-07-01,1,Defective
1808,2019-01-13,753,3049,40,2019-01-18,1,Defective
99633,2022-05-17,1376,1945,22,2022-06-05,1,Defective
699,2021-07-29,61,2957,71,2021-08-17,1,Defective
52029,2020-11-12,475,3673,2,2020-11-19,1,Changed Mind
48008,2022-07-27,1306,117,19,2022-08-02,1,Changed Mind
28793,2020-02-26,274,1730,57,2020-03-01,1,Wrong Item
33178,2023-04-21,650,46,36,2023-04-28,1,Changed Mind
74118,2019-10-18,1216,4203,68,2019-11-09,1,Changed Mind
64091,2022-04-27,1745,4558,44,2022-05-09,1,Changed Mind
79528,2022-06-29,931,2159,11,2022-07-04,1,Defective
66144,2021-07-20,178,1508,44,2021-07-25,1,Changed Mind
71586,2021-09-13,1187,4489,6,2021-10-01,1,Wrong Item
26550,2022-02-15,1432,2946,63,2022-03-12,1,Defective
966,2020-12-03,1231,4303,40,2020-12-21,1,Changed Mind
44923,2020-12-31,822,3015,81,2021-01-06,1,Changed Mind
10592,2021-08-12,1480,2540,62,2021-08-24,1,Defective
32074,2019-06-03,1805,4463,59,2019-06-13,1,Wrong Item
91759,2022-02-06,562,461,91,2022-03-02,1,Defective
23257,2019-11-08,1527,244,40,2019-11-30,1,Changed Mind
17347,2022-05-28,1757,1278,73,2022-06-07,1,Defective
41968,2021-07-18,874,1446,27,2021-08-15,1,Changed Mind
74963,2022-05-02,520,3083,43,2022-05-08,1,Wrong Item
54892,2023-12-10,619,2441,49,2023-12-28,1,Changed Mind
59447,2019-01-21,1943,4702,15,2019-02-12,1,Wrong Item
12622,2023-06-29,706,2937,91,2023-07-22,1,Defective
82718,2022-04-29,292,4460,63,2022-05-01,1,Wrong Item
49210,2022-10-25,1760,4179,34,2022-11-09,1,Wrong Item
38926,2021-08-30,1103,4694,83,2021-09-01,1,Wrong Item
19489,2023-08-16,1348,2223,56,2023-08-29,1,Defective
18970,2021-03-20,1398,2762,59,2021-04-17,1,Defective
16101,2022-08-08,1831,3119,74,2022-08-19,1,Wrong Item
26923,2020-01-02,1155,1430,44,2020-01-04,1,Wrong Item
64215,2023-08-29,985,1434,68,2023-09-08,1,Changed Mind
2100,2023-02-18,1991,1791,58,2023-03-12,1,Defective
52347,2021-06-29,941,1033,99,2021-07-28,1,Changed Mind
27971,2021-10-10,778,4953,59,2021-10-26,1,Wrong Item
38318,2020-02-13,1580,2580,50,2020-02-18,1,Changed Mind
18591,2022-12-19,1400,2114,42,2023-01-12,1,Defective
46891,2022-03-02,147,391,50,2022-03-03,1,Changed Mind
45403,2019-08-11,160,2395,41,2019-09-06,1,Wrong Item
21905,2021-08-24,1283,2160,100,2021-09-10,1,Defective
23949,2022-02-17,714,1631,72,2022-03-03,1,Changed Mind
83881,2023-10-07,1772,3790,51,2023-10-21,1,Wrong Item
15338,2023-09-05,1598,3556,52,2023-09-28,1,Changed Mind
18750,2021-07-27,409,3471,8,2021-08-13,1,Defective
68863,2019-02-13,1143,1670,13,2019-03-07,1,Defective
83014,2022-01-07,1805,4853,23,2022-01-25,1,Wrong Item
75239,2023-11-23,599,4060,12,2023-12-17,1,Changed Mind
50926,2023-07-28,1330,2281,76,2023-08-06,1,Defective
33287,2019-05-29,1828,845,58,2019-06-11,1,Wrong Item
33196,2023-11-04,1118,717,13,2023-12-03,1,Changed Mind
69470,2019-11-25,308,2900,97,2019-12-17,1,Changed Mind
49717,2019-11-15,846,2327,15,2019-11-30,1,Defective
3792,2020-06-19,1286,2691,82,2020-07-08,1,Defective
89703,2021-01-28,383,2290,64,2021-02-24,1,Defective
73700,2020-06-10,687,4927,51,2020-07-05,1,Changed Mind
11403,2022-08-15,657,4325,46,2022-08-18,1,Changed Mind
80573,2020-01-29,1873,2626,97,2020-02-07,1,Changed Mind
89661,2021-02-14,159,4319,40,2021-02-27,1,Defective
90891,2020-08-10,1114,4555,22,2020-08-16,1,Wrong Item
69921,2021-07-21,1917,4614,56,2021-07-25,1,Changed Mind
8769,2023-07-31,496,1486,30,2023-08-28,1,Wrong Item
56717,2020-09-25,803,2470,100,2020-09-30,1,Defective
39659,2019-11-20,1684,1815,80,2019-12-13,1,Changed Mind
26356,2019-03-16,1040,2699,39,2019-03-26,1,Defective
32326,2021-09-26,1669,1661,29,2021-09-27,1,Wrong Item
27170,2020-06-20,655,3656,98,2020-07-18,1,Wrong Item
83221,2023-12-31,15,228,22,2024-01-02,1,Changed Mind
23630,2023-02-21,1650,1131,49,2023-03-20,1,Wrong Item
17820,2022-12-24,904,1052,1,2023-01-19,1,Wrong Item
74010,2021-05-21,302,160,77,2021-06-15,1,Wrong Item
33234,2023-04-16,961,1491,42,2023-05-12,1,Changed Mind
26253,2023-04-13,746,1680,35,2023-04-14,1,Changed Mind
62981,2019-10-03,1121,568,67,2019-10-27,1,Changed Mind
93177,2022-04-06,1448,3999,78,2022-04-13,1,Defective
54765,2020-10-21,999,3002,56,2020-10-27,1,Changed Mind
91043,2023-01-12,590,4365,100,2023-01-22,1,Changed Mind
30317,2022-02-16,1362,867,1,2022-03-17,1,Changed Mind
84840,2021-07-20,658,2965,16,2021-07-26,1,Changed Mind
72335,2022-04-29,1476,1905,99,2022-05-18,1,Changed Mind
74656,2022-12-12,579,1524,70,2023-01-04,1,Defective
14738,2019-08-17,1131,1971,89,2019-09-07,1,Changed Mind
29526,2023-05-26,840,3119,82,2023-06-16,1,Defective
67782,2023-02-12,1401,487,98,2023-02-22,1,Defective
8971,2020-05-19,1664,325,53,2020-06-13,1,Defective
74482,2020-11-25,1194,2634,48,2020-12-17,1,Wrong Item
37193,2020-08-15,83,3598,96,2020-08-17,1,Defective
58485,2022-08-18,430,4908,3,2022-08-26,1,Wrong Item
14973,2021-11-05,32,497,49,2021-11-21,1,Wrong Item
20161,2022-02-03,595,2799,57,2022-02-18,1,Changed Mind
99237,2021-11-18,212,2992,84,2021-11-29,1,Changed Mind
13110,2021-11-29,1344,771,37,2021-12-01,1,Wrong Item
63580,2021-10-16,1913,2219,37,2021-10-24,1,Defective
4499,2022-05-23,1637,708,16,2022-06-17,1,Changed Mind
54163,2021-12-17,588,1531,34,2022-01-08,1,Changed Mind
65550,2023-01-09,1693,2261,31,2023-01-28,1,Changed Mind
71581,2019-05-29,171,3084,30,2019-06-18,1,Changed Mind
5158,2021-08-26,1698,3102,93,2021-09-18,1,Wrong Item
59426,2022-01-10,836,2171,85,2022-01-18,1,Changed Mind
19777,2019-07-15,1245,4445,5,2019-07-27,1,Wrong Item
14469,2019-06-11,1759,3426,89,2019-07-04,1,Wrong Item
23974,2019-05-11,962,336,76,2019-05-27,1,Defective
69594,2022-05-26,313,513,49,2022-06-13,1,Changed Mind
69371,2023-09-14,1619,282,35,2023-09-24,1,Defective
25536,2020-08-12,1284,1176,12,2020-08-30,1,Defective
78309,2022-09-14,1182,4263,55,2022-10-10,1,Changed Mind
4247,2023-07-15,1106,3837,29,2023-07-24,1,Defective
10325,2019-05-04,103,4596,42,2019-05-09,1,Defective
94496,2022-02-01,649,2161,87,2022-02-23,1,Wrong Item
1584,2021-11-08,2,4835,50,2021-12-05,1,Wrong Item
38870,2022-06-15,1303,3236,14,2022-06-20,1,Wrong Item
25788,2020-05-14,789,3726,69,2020-05-17,1,Changed Mind
32160,2020-02-17,992,1363,50,2020-02-22,1,Wrong Item
70336,2020-01-17,1424,4614,27,2020-02-05,1,Wrong Item
79260,2023-06-18,447,4245,26,2023-07-02,1,Defective
78956,2019-06-30,637,3534,77,2019-07-19,1,Changed Mind
99555,2020-11-04,1874,1544,96,2020-11-07,1,Changed Mind
14546,2021-10-10,617,3048,26,2021-10-14,1,Defective
97818,2020-11-20,1663,3925,49,2020-12-07,1,Defective
2350,2022-04-27,174,10,95,2022-05-19,1,Defective
61704,2022-02-14,350,560,55,2022-03-02,1,Defective
74744,2023-06-14,1526,3308,23,2023-07-12,1,Defective
78336,2019-04-19,646,1945,75,2019-05-11,1,Changed Mind
57489,2020-05-17,58,3549,95,2020-06-14,1,Defective
18955,2022-05-24,1275,356,60,2022-06-19,1,Defective
20819,2019-06-07,789,3060,16,2019-06-20,1,Wrong Item
39546,2020-11-06,1013,2480,26,2020-11-27,1,Defective
74069,2019-07-27,1495,2018,69,2019-08-15,1,Changed Mind
47318,2019-01-03,503,4807,79,2019-01-18,1,Changed Mind
15767,2022-07-11,1184,3334,86,2022-08-08,1,Defective
85026,2019-05-02,59,4865,33,2019-05-29,1,Defective
94925,2019-01-10,1346,2375,3,2019-01-28,1,Changed Mind
88711,2023-07-10,153,3307,33,2023-07-15,1,Changed Mind
27335,2023-08-07,1788,1057,54,2023-08-27,1,Wrong Item
81529,2019-09-23,551,325,43,2019-10-19,1,Wrong Item
58318,2022-06-29,423,1496,28,2022-07-17,1,Changed Mind
35245,2023-05-04,234,978,34,2023-05-27,1,Changed Mind
40498,2019-12-23,1453,4561,76,2020-01-02,1,Wrong Item
10836,2021-01-15,1265,1493,80,2021-01-16,1,Changed Mind
99794,2023-02-11,368,4255,73,2023-03-11,1,Wrong Item
70004,2023-06-04,740,1835,16,2023-06-09,1,Wrong Item
40842,2021-08-31,905,2621,72,2021-09-29,1,Changed Mind
69861,2019-05-29,1524,2505,98,2019-06-19,1,Wrong Item
13766,2022-04-06,1217,3781,13,2022-04-27,1,Defective
93055,2019-06-18,1580,1957,94,2019-06-27,1,Changed Mind
9980,2022-03-06,1370,4715,88,2022-04-01,1,Wrong Item
34272,2022-04-03,281,1074,82,2022-04-22,1,Wrong Item
88013,2019-03-24,673,2007,85,2019-04-01,1,Wrong Item
29466,2023-12-14,1863,3572,22,2023-12-18,1,Defective
80949,2021-04-17,1075,4222,78,2021-04-21,1,Wrong Item
91368,2021-03-04,1029,4083,90,2021-03-07,1,Wrong Item
96361,2022-01-21,440,2280,92,2022-02-01,1,Wrong Item
63446,2023-09-05,1250,1605,1,2023-09-09,1,Wrong Item
16235,2019-10-31,1174,3219,44,2019-11-21,1,Wrong Item
94959,2022-12-28,70,3124,35,2023-01-24,1,Changed Mind
78084,2019-04-08,591,3611,52,2019-04-17,1,Wrong Item
87762,2020-09-04,1864,4376,55,2020-09-12,1,Changed Mind
76970,2022-03-13,772,2553,30,2022-04-07,1,Wrong Item
53134,2019-01-29,1401,4158,76,2019-02-11,1,Wrong Item
97851,2019-07-30,1362,1538,83,2019-08-02,1,Wrong Item
28645,2022-11-12,1259,4559,14,2022-11-15,1,Defective
45532,2019-01-23,1707,2420,45,2019-02-08,1,Defective
66439,2021-08-12,642,4344,86,2021-09-01,1,Wrong Item
12753,2021-07-26,1919,4610,25,2021-07-30,1,Defective
88342,2020-10-05,1619,2758,49,2020-10-13,1,Defective
39747,2023-10-05,1958,4754,22,2023-10-06,1,Wrong Item
33736,2021-07-24,289,3475,24,2021-08-02,1,Defective
88418,2021-04-28,1839,1963,3,2021-05-17,1,Wrong Item
40535,2022-09-16,1834,3755,11,2022-10-02,1,Changed Mind
65375,2023-03-24,1943,3608,28,2023-04-02,1,Wrong Item
75955,2019-05-31,1151,1338,75,2019-06-25,1,Changed Mind
18177,2020-06-06,742,958,56,2020-06-19,1,Wrong Item
1176,2020-11-13,763,1558,85,2020-11-15,1,Wrong Item
29579,2020-11-05,611,3598,29,2020-12-03,1,Changed Mind
2593,2022-09-19,159,1313,76,2022-10-10,1,Changed Mind
93486,2023-04-23,1535,4164,55,2023-05-20,1,Defective
95209,2021-02-24,1687,10,18,2021-03-05,1,Wrong Item
94264,2021-08-12,1273,762,30,2021-08-24,1,Wrong Item
74852,2021-09-19,1270,608,3,2021-10-02,1,Defective
48673,2023-06-03,1486,2416,31,2023-06-27,1,Wrong Item
102,2019-11-23,111,2638,75,2019-12-20,1,Defective
94520,2019-05-17,431,3623,35,2019-06-09,1,Wrong Item
73147,2019-08-12,299,2430,7,2019-08-23,1,Changed Mind
69341,2020-08-10,823,2887,94,2020-08-19,1,Changed Mind
92568,2021-03-08,551,1219,97,2021-03-12,1,Wrong Item
5035,2022-11-05,617,2052,35,2022-11-29,1,Changed Mind
97256,2021-07-19,147,1011,57,2021-07-24,1,Wrong Item
63419,2021-04-23,1150,376,54,2021-05-11,1,Changed Mind
69710,2020-05-29,1901,3564,92,2020-06-02,1,Changed Mind
24148,2023-05-30,589,434,44,2023-06-10,1,Wrong Item
15369,2020-09-16,131,4278,98,2020-09-19,1,Changed Mind
14702,2021-08-22,373,2794,92,2021-08-23,1,Changed Mind
90878,2022-05-16,47,4087,8,2022-05-30,1,Changed Mind
66425,2022-12-27,1705,2660,57,2023-01-09,1,Wrong Item
10913,2020-12-18,1804,3164,84,2020-12-31,1,Wrong Item
68633,2023-06-28,114,2103,77,2023-07-15,1,Wrong Item
61996,2023-12-31,897,3436,62,2024-01-27,1,Wrong Item
9725,2020-01-20,1877,3662,79,2020-02-11,1,Changed Mind
81348,2021-03-24,570,3531,94,2021-04-09,1,Defective
72936,2022-03-18,1631,2613,3,2022-04-13,1,Defective
12267,2023-09-12,1891,823,63,2023-09-20,1,Defective
90318,2020-03-22,1184,616,33,2020-04-19,1,Wrong Item
3113,2022-05-11,480,3270,68,2022-05-21,1,Changed Mind
69546,2019-12-06,1491,2939,20,2020-01-01,1,Defective
7218,2021-09-23,1355,3518,20,2021-10-11,1,Changed Mind
36558,2019-06-11,810,4809,74,2019-06-12,1,Defective
41267,2023-01-14,1590,2559,34,2023-01-30,1,Wrong Item
58559,2022-05-13,1535,4597,40,2022-06-01,1,Defective
34402,2023-07-08,35,4201,67,2023-07-09,1,Defective
81055,2019-04-22,1372,2969,37,2019-04-25,1,Wrong Item
46865,2023-09-02,1040,3796,83,2023-09-07,1,Changed Mind
33030,2020-06-20,371,1594,97,2020-07-01,1,Wrong Item
90020,2021-02-23,169,1653,19,2021-03-19,1,Changed Mind
18756,2021-10-04,1608,3063,98,2021-11-02,1,Wrong Item
19784,2021-01-11,508,2410,58,2021-01-19,1,Defective
39177,2020-12-04,305,1519,60,2020-12-27,1,Changed Mind
18622,2020-01-11,979,2178,13,2020-01-20,1,Changed Mind
67100,2021-11-28,514,2843,75,2021-12-10,1,Defective
61217,2022-02-17,1192,4957,62,2022-03-05,1,Defective
77898,2021-11-12,1114,1310,69,2021-11-29,1,Wrong Item
4010,2022-01-13,1148,4847,65,2022-01-28,1,Defective
2998,2019-02-06,1092,1669,26,2019-03-04,1,Defective
44098,2019-06-16,1643,3570,87,2019-07-01,1,Wrong Item
43603,2021-05-09,312,3775,90,2021-06-05,1,Wrong Item
29888,2021-04-17,1772,4383,39,2021-04-27,1,Changed Mind
46396,2021-06-30,1383,2107,68,2021-07-16,1,Changed Mind
48817,2019-04-25,1502,4872,55,2019-05-23,1,Defective
65358,2019-10-23,253,4736,4,2019-11-13,1,Changed Mind
92532,2023-12-01,1514,2581,44,2023-12-05,1,Changed Mind
47150,2021-07-10,1435,2348,15,2021-07-19,1,Defective
21969,2021-08-27,163,1952,72,2021-09-25,1,Wrong Item
55447,2023-07-08,2,1229,80,2023-07-21,1,Changed Mind
70088,2020-10-28,244,4169,39,2020-11-04,1,Wrong Item
69023,2020-03-14,1070,935,40,2020-03-28,1,Wrong Item
86966,2023-11-29,626,2966,5,2023-12-02,1,Wrong Item
79990,2023-10-18,840,4641,90,2023-10-28,1,Defective
27472,2023-05-14,1495,1944,5,2023-06-05,1,Defective
20683,2020-01-13,952,1794,8,2020-01-19,1,Wrong Item
32179,2021-11-22,1361,43,19,2021-12-14,1,Wrong Item
97563,2022-08-07,175,1340,83,2022-08-18,1,Defective
2099,2019-09-17,1375,2048,38,2019-09-30,1,Wrong Item
53917,2019-08-05,449,621,44,2019-09-02,1,Defective
51938,2020-11-04,650,3479,27,2020-11-17,1,Changed Mind
90412,2022-08-19,627,3248,89,2022-09-17,1,Wrong Item
3137,2023-11-09,1855,4201,7,2023-12-03,1,Wrong Item
87390,2020-04-17,1122,2402,62,2020-05-13,1,Changed Mind
25142,2021-01-12,358,1702,11,2021-01-27,1,Changed Mind
80063,2020-12-01,217,3676,24,2020-12-27,1,Changed Mind
24897,2019-05-07,379,2025,25,2019-05-28,1,Defective
9435,2021-01-16,1437,3532,10,2021-02-13,1,Defective
14312,2021-05-12,1701,2612,11,2021-05-21,1,Defective
7109,2020-02-19,1433,2090,57,2020-02-26,1,Changed Mind
52354,2021-06-27,392,2056,23,2021-07-05,1,Changed Mind
29846,2021-03-23,1292,4828,79,2021-04-05,1,Defective
69783,2022-05-20,918,1753,4,2022-06-13,1,Changed Mind
53790,2023-05-09,1165,4209,55,2023-05-28,1,Wrong Item
22024,2022-09-13,1757,4935,29,2022-10-03,1,Wrong Item
20309,2019-09-02,1140,2159,67,2019-09-24,1,Wrong Item
80093,2020-07-23,125,2463,23,2020-07-27,1,Changed Mind
10745,2023-03-28,1206,2615,64,2023-04-05,1,Wrong Item
67031,2021-01-24,1536,1446,20,2021-02-10,1,Changed Mind
72040,2021-03-03,1507,2823,78,2021-03-27,1,Changed Mind
68565,2019-03-30,694,4037,92,2019-04-10,1,Defective
46991,2020-11-05,1021,1812,43,2020-11-19,1,Wrong Item
60098,2021-11-30,594,3242,65,2021-12-03,1,Defective
3230,2020-11-21,1377,923,98,2020-12-01,1,Defective
76762,2019-11-22,346,945,23,2019-12-10,1,Defective
57477,2020-10-30,205,3791,2,2020-11-01,1,Changed Mind
25460,2022-05-10,838,1228,81,2022-05-29,1,Defective
29436,2022-01-26,1704,2349,98,2022-01-30,1,Changed Mind
13167,2021-07-18,1326,3687,87,2021-08-04,1,Wrong Item
8021,2023-10-06,1823,2067,81,2023-10-10,1,Defective
36922,2021-02-21,32,4101,39,2021-03-10,1,Defective
20808,2020-07-08,1507,149,85,2020-07-12,1,Defective
29324,2022-11-04,384,1447,32,2022-11-11,1,Changed Mind
48298,2020-03-07,667,1928,89,2020-03-13,1,Changed Mind
88043,2020-11-16,1764,4138,53,2020-12-02,1,Defective
152,2020-10-05,880,1290,65,2020-10-30,1,Wrong Item
32496,2023-01-31,988,1847,87,2023-02-05,1,Changed Mind
12735,2022-06-08,467,4477,66,2022-07-03,1,Wrong Item
22494,2019-02-17,249,2215,16,2019-03-16,1,Wrong Item
99475,2020-10-11,142,3248,71,2020-11-04,1,Changed Mind
95297,2021-12-12,27,3646,50,2021-12-22,1,Changed Mind
4506,2023-01-26,466,3859,65,2023-02-15,1,Defective
2645,2020-02-16,193,2935,9,2020-02-19,1,Wrong Item
9984,2022-10-04,1448,2587,11,2022-10-08,1,Changed Mind
71098,2021-06-24,8,308,71,2021-07-03,1,Defective
59726,2019-03-22,1417,710,26,2019-04-17,1,Changed Mind
81268,2022-12-12,215,1433,86,2022-12-17,1,Wrong Item
94851,2019-01-25,864,1616,72,2019-02-14,1,Wrong Item
54945,2023-10-17,414,3864,25,2023-11-12,1,Wrong Item
64381,2019-04-04,178,2586,6,2019-04-09,1,Changed Mind
66141,2021-03-03,991,3221,46,2021-04-01,1,Changed Mind
19071,2023-07-06,911,4611,74,2023-07-07,1,Defective
82689,2021-03-27,504,1200,47,2021-04-17,1,Wrong Item
11294,2020-09-04,705,4105,20,2020-10-02,1,Changed Mind
25353,2022-11-10,465,1388,11,2022-11-17,1,Changed Mind
49759,2019-03-04,169,1670,31,2019-03-15,1,Defective
34503,2023-12-06,251,3823,21,2023-12-21,1,Defective
74094,2019-04-01,220,3979,11,2019-04-27,1,Wrong Item
82103,2023-10-15,522,1296,30,2023-10-27,1,Defective
81871,2022-05-09,1249,4764,71,2022-05-26,1,Wrong Item
45275,2022-08-27,1912,1348,76,2022-09-21,1,Wrong Item
34120,2022-02-06,576,1564,70,2022-02-07,1,Wrong Item
45998,2019-10-08,912,3914,28,2019-11-01,1,Defective
16272,2020-08-22,368,1880,12,2020-09-01,1,Changed Mind
15663,2021-08-08,1816,4475,36,2021-08-11,1,Wrong Item
6837,2022-02-27,1883,2544,57,2022-03-05,1,Defective
74915,2019-06-02,1835,3855,80,2019-06-03,1,Changed Mind
73282,2022-12-18,1968,4888,4,2023-01-11,1,Wrong Item
47295,2022-06-28,1639,1612,73,2022-07-10,1,Wrong Item
42741,2021-04-28,1309,1481,84,2021-05-04,1,Wrong Item
64666,2021-07-19,1620,752,21,2021-07-25,1,Wrong Item
6236,2021-01-09,1391,4129,95,2021-02-03,1,Defective
98668,2019-12-04,152,211,71,2019-12-27,1,Wrong Item
16802,2022-09-27,149,2441,87,2022-10-21,1,Wrong Item
14732,2022-01-21,1973,1925,41,2022-02-04,1,Changed Mind
66266,2021-10-26,373,2143,78,2021-11-02,1,Changed Mind
73790,2022-02-26,1017,3079,53,2022-03-06,1,Changed Mind
2543,2019-10-26,1692,413,61,2019-11-04,1,Changed Mind
20226,2023-08-12,847,3543,30,2023-08-16,1,Changed Mind
67021,2020-03-09,1912,3421,91,2020-03-12,1,Defective
44063,2023-12-29,1667,1656,86,2023-12-30,1,Wrong Item
43318,2019-10-22,1077,2732,23,2019-11-16,1,Defective
69633,2019-07-17,435,2564,34,2019-07-21,1,Wrong Item
38703,2022-01-25,881,416,20,2022-02-22,1,Defective
16010,2023-01-09,1788,2322,64,2023-01-26,1,Defective
41198,2023-07-17,182,1785,99,2023-07-26,1,Changed Mind
89448,2021-08-12,766,4668,13,2021-08-17,1,Defective
63474,2023-08-09,293,3655,55,2023-08-15,1,Wrong Item
22883,2021-11-26,516,4023,51,2021-12-02,1,Wrong Item
49871,2022-06-08,1235,1284,53,2022-06-28,1,Wrong Item
39967,2023-11-10,149,2231,72,2023-11-24,1,Changed Mind
54901,2021-03-03,13,252,65,2021-03-23,1,Defective
48185,2019-01-18,349,3699,53,2019-02-07,1,Changed Mind
17151,2021-01-26,1024,265,75,2021-02-08,1,Defective
35806,2019-04-02,139,1526,28,2019-04-13,1,Wrong Item
47105,2020-09-09,1897,4229,97,2020-09-18,1,Wrong Item
80431,2020-02-27,21,2355,19,2020-03-17,1,Wrong Item
84747,2019-11-04,1786,1964,74,2019-11-28,1,Defective
26865,2022-11-02,1003,602,13,2022-11-08,1,Changed Mind
52072,2023-12-18,1842,3057,3,2024-01-10,1,Changed Mind
31373,2022-04-14,1000,384,9,2022-04-29,1,Defective
59297,2019-04-22,766,3234,62,2019-05-10,1,Wrong Item
22614,2019-03-14,1679,3747,94,2019-03-17,1,Wrong Item
75053,2021-05-01,1944,1404,91,2021-05-24,1,Changed Mind
59964,2022-03-08,424,927,7,2022-03-22,1,Defective
48683,2022-05-26,883,2106,21,2022-06-22,1,Changed Mind
21996,2022-04-23,1164,4774,44,2022-05-20,1,Defective
18123,2021-06-18,1746,4550,16,2021-07-14,1,Defective
80351,2019-05-26,1366,4405,33,2019-06-22,1,Changed Mind
69671,2022-09-07,94,2968,86,2022-09-18,1,Changed Mind
81984,2022-05-17,362,1388,15,2022-05-23,1,Defective
69466,2023-05-10,1792,4258,71,2023-06-05,1,Defective
33839,2020-07-24,1946,3051,75,2020-08-11,1,Changed Mind
48275,2020-05-22,143,2017,18,2020-06-06,1,Changed Mind
38308,2022-07-07,1956,1302,46,2022-07-24,1,Defective
89149,2020-06-11,115,2085,49,2020-06-24,1,Defective
70990,2020-04-04,316,1853,94,2020-04-24,1,Wrong Item
31596,2020-12-17,1489,3437,74,2021-01-06,1,Changed Mind
77491,2023-01-07,1063,1112,76,2023-01-29,1,Changed Mind
33010,2020-03-14,1002,3618,56,2020-04-04,1,Changed Mind
45384,2020-06-27,694,4902,92,2020-07-02,1,Changed Mind
37200,2022-05-11,559,2019,83,2022-05-17,1,Changed Mind
96592,2021-06-04,1313,3096,48,2021-07-01,1,Defective
17416,2022-08-19,1776,2988,16,2022-09-09,1,Changed Mind
76481,2023-01-02,588,4680,75,2023-01-04,1,Defective
6742,2020-09-05,1404,227,71,2020-10-03,1,Wrong Item
69348,2020-11-23,1178,2035,82,2020-12-12,1,Defective
90658,2019-05-24,421,283,22,2019-05-31,1,Wrong Item
79098,2019-09-17,1659,2735,68,2019-09-22,1,Wrong Item
91115,2021-12-01,581,1872,6,2021-12-29,1,Wrong Item
93167,2023-01-13,1672,3207,27,2023-01-19,1,Changed Mind
68294,2020-07-20,377,3190,29,2020-07-26,1,Wrong Item
76150,2023-03-20,1695,4683,41,2023-04-11,1,Changed Mind
22128,2020-06-10,1593,2083,38,2020-06-11,1,Defective
31881,2023-05-05,1982,231,80,2023-05-19,1,Changed Mind
53311,2021-06-12,1296,672,6,2021-07-08,1,Wrong Item
89603,2023-03-05,196,3089,82,2023-03-24,1,Changed Mind
28643,2022-06-20,1262,1212,23,2022-06-30,1,Changed Mind
89381,2019-07-14,339,2911,71,2019-08-09,1,Changed Mind
14006,2019-01-25,1913,4888,35,2019-02-18,1,Changed Mind
47945,2022-07-09,982,1398,65,2022-08-01,1,Defective
8562,2023-05-03,432,947,78,2023-05-09,1,Changed Mind
2523,2021-09-14,1955,4235,91,2021-10-09,1,Changed Mind
58132,2022-10-03,437,2387,22,2022-10-08,1,Defective
44267,2023-06-19,449,1079,63,2023-07-15,1,Changed Mind
53671,2019-12-31,15,3069,98,2020-01-09,1,Changed Mind
69572,2021-03-23,529,2593,60,2021-04-20,1,Defective
96116,2022-09-14,1183,1263,3,2022-09-18,1,Changed Mind
97594,2021-07-18,1343,992,68,2021-07-23,1,Wrong Item
79244,2021-07-12,972,3008,87,2021-07-18,1,Defective
22783,2023-11-01,1468,304,8,2023-11-17,1,Wrong Item
98605,2023-03-11,796,3515,8,2023-03-29,1,Wrong Item
59823,2019-06-17,1206,2731,99,2019-06-28,1,Wrong Item
7424,2020-11-29,817,4597,48,2020-12-24,1,Changed Mind
44879,2019-01-13,885,3488,82,2019-01-23,1,Wrong Item
15481,2023-09-13,1223,3274,78,2023-10-02,1,Changed Mind
42868,2021-02-10,687,3460,5,2021-02-17,1,Defective
90359,2023-11-14,1511,805,57,2023-11-20,1,Defective
45339,2019-02-19,804,3898,49,2019-03-10,1,Defective
82649,2023-03-09,1404,4775,13,2023-04-05,1,Defective
36141,2021-08-04,1474,2246,85,2021-08-10,1,Defective
87385,2021-12-01,1569,825,29,2021-12-22,1,Wrong Item
56655,2021-01-27,1751,689,16,2021-02-09,1,Changed Mind
13204,2020-01-22,701,3241,29,2020-02-03,1,Wrong Item
32026,2021-07-26,461,3873,86,2021-08-02,1,Changed Mind
90598,2019-12-02,5,4623,44,2019-12-28,1,Defective
62629,2019-05-26,933,4413,15,2019-06-17,1,Wrong Item
16607,2019-02-28,1195,3980,50,2019-03-27,1,Wrong Item
82796,2023-10-16,1621,4378,2,2023-10-28,1,Changed Mind
3762,2022-11-21,593,4495,71,2022-11-30,1,Changed Mind
38004,2022-01-21,1623,1909,49,2022-01-25,1,Changed Mind
58534,2022-09-13,573,1314,37,2022-10-10,1,Defective
8410,2019-03-23,1679,280,60,2019-03-31,1,Defective
91924,2020-06-28,1135,4599,51,2020-07-03,1,Defective
47751,2022-06-29,1120,2085,13,2022-07-17,1,Defective
29810,2022-07-24,948,1066,35,2022-07-28,1,Wrong Item
10646,2021-08-05,358,3713,86,2021-08-31,1,Changed Mind
36536,2020-06-21,1559,1966,28,2020-07-20,1,Defective
22451,2022-09-27,681,1466,35,2022-10-05,1,Changed Mind
12623,2019-11-01,229,4039,13,2019-11-02,1,Wrong Item
64489,2022-11-15,1969,3540,56,2022-12-02,1,Changed Mind
95279,2022-01-11,756,2693,15,2022-01-15,1,Defective
7882,2019-07-03,1622,779,88,2019-07-07,1,Changed Mind
49936,2022-08-20,623,1974,53,2022-09-08,1,Changed Mind
9695,2023-05-11,1910,260,59,2023-05-30,1,Wrong Item
78964,2022-01-24,1970,460,26,2022-02-11,1,Changed Mind
55560,2019-02-09,1448,1021,95,2019-03-05,1,Wrong Item
16462,2019-10-30,967,3858,97,2019-10-31,1,Defective
25390,2023-12-04,1457,3228,34,2023-12-05,1,Defective
31291,2022-09-07,201,4294,51,2022-10-02,1,Wrong Item
70860,2023-05-21,1406,686,75,2023-06-18,1,Changed Mind
41692,2020-07-28,1278,3266,44,2020-08-18,1,Changed Mind
95688,2020-06-09,1528,2497,71,2020-06-16,1,Defective
2443,2019-11-03,241,1734,72,2019-11-04,1,Defective
78563,2020-12-19,1206,742,47,2020-12-22,1,Changed Mind
13723,2021-08-09,1505,2867,57,2021-08-11,1,Changed Mind
10763,2019-05-11,1470,3837,94,2019-05-25,1,Changed Mind
83819,2021-10-16,1058,1933,22,2021-10-26,1,Wrong Item
5070,2023-12-10,1897,4214,14,2023-12-29,1,Defective
97056,2019-05-03,1242,3255,91,2019-05-24,1,Changed Mind
48155,2023-03-08,364,278,14,2023-03-21,1,Defective
48615,2021-09-17,302,3072,74,2021-10-03,1,Wrong Item
43653,2022-12-28,468,3145,63,2023-01-06,1,Defective
348,2020-04-08,298,874,51,2020-04-16,1,Wrong Item
95472,2021-08-24,900,4283,55,2021-09-13,1,Wrong Item
37653,2023-09-11,682,4797,50,2023-10-05,1,Changed Mind
83845,2021-01-02,282,798,8,2021-01-19,1,Changed Mind
63809,2021-10-17,1544,2710,64,2021-11-14,1,Wrong Item
5980,2022-04-27,464,2271,96,2022-05-06,1,Defective
93214,2021-08-06,1002,3113,98,2021-08-08,1,Changed Mind
89166,2023-04-16,1362,3085,96,2023-04-18,1,Wrong Item
43991,2020-10-19,276,3699,75,2020-10-21,1,Changed Mind
43738,2019-04-17,588,2955,72,2019-04-18,1,Changed Mind
33157,2020-11-07,591,3094,93,2020-12-04,1,Wrong Item
51637,2022-06-28,1048,712,87,2022-07-22,1,Wrong Item
17720,2021-01-30,630,1588,75,2021-02-23,1,Defective
21550,2023-12-24,657,1299,43,2024-01-01,1,Defective
56419,2022-07-13,1618,4418,15,2022-07-25,1,Defective
20973,2019-07-27,736,3748,90,2019-07-30,1,Wrong Item
33568,2020-11-15,821,4898,55,2020-12-04,1,Defective
12725,2023-07-22,963,4718,74,2023-08-12,1,Defective
97217,2022-08-24,1748,4812,29,2022-09-20,1,Wrong Item
79663,2019-05-14,349,1613,58,2019-05-27,1,Defective
49775,2022-04-05,1070,4614,10,2022-04-09,1,Wrong Item
88193,2023-12-03,1652,4335,59,2023-12-13,1,Changed Mind
73861,2019-10-11,196,1384,38,2019-11-09,1,Wrong Item
47745,2023-07-16,896,4081,94,2023-07-24,1,Changed Mind
79210,2022-07-17,100,896,55,2022-07-18,1,Wrong Item
29635,2022-02-04,187,2172,1,2022-02-20,1,Wrong Item
55954,2020-05-24,419,2674,42,2020-05-31,1,Wrong Item
96225,2022-10-02,755,136,25,2022-10-23,1,Defective
17360,2022-01-29,37,1481,66,2022-02-10,1,Wrong Item
95047,2020-12-08,1687,2119,89,2020-12-23,1,Wrong Item
75988,2019-12-28,826,3290,11,2020-01-01,1,Wrong Item
85467,2020-05-01,112,469,30,2020-05-24,1,Changed Mind
73474,2022-04-10,1263,4845,53,2022-05-03,1,Defective
7056,2023-12-28,441,493,16,2024-01-02,1,Wrong Item
83282,2021-07-24,1221,811,49,2021-08-01,1,Wrong Item
3236,2022-12-17,1261,2089,81,2023-01-07,1,Defective
71687,2022-02-17,907,898,8,2022-03-15,1,Defective
63171,2019-10-19,337,1668,40,2019-10-31,1,Wrong Item
31271,2021-02-16,41,4577,23,2021-02-27,1,Wrong Item
709,2022-06-18,788,2399,4,2022-07-05,1,Wrong Item
88018,2023-07-26,695,1550,57,2023-08-08,1,Wrong Item
8023,2021-02-12,1746,1389,49,2021-02-21,1,Defective
11257,2021-10-21,1912,4429,30,2021-10-23,1,Wrong Item
3279,2023-09-17,1913,800,94,2023-09-30,1,Wrong Item
83616,2021-03-04,1441,3656,93,2021-03-24,1,Wrong Item
23081,2020-06-13,1559,4500,80,2020-06-24,1,Wrong Item
40629,2022-03-12,528,931,3,2022-03-17,1,Wrong Item
30819,2023-10-08,1685,389,25,2023-10-29,1,Changed Mind
92582,2022-04-05,1132,1444,30,2022-04-15,1,Changed Mind
27583,2021-09-04,480,1252,77,2021-09-19,1,Changed Mind
83924,2019-11-26,1489,4995,52,2019-12-13,1,Wrong Item
46686,2022-06-04,1224,1214,2,2022-06-11,1,Changed Mind
99139,2021-03-06,650,2581,35,2021-04-01,1,Defective
73818,2022-06-04,1329,2737,87,2022-06-12,1,Wrong Item
94313,2021-04-17,1405,2394,78,2021-05-09,1,Defective
56090,2021-07-25,156,1282,14,2021-07-27,1,Defective
64255,2019-08-22,472,3859,44,2019-09-08,1,Defective
36193,2021-12-30,131,2064,64,2022-01-15,1,Defective
91754,2021-09-15,621,3448,90,2021-09-22,1,Defective
47447,2022-10-14,1532,4412,79,2022-10-26,1,Defective
33152,2021-05-29,659,1787,37,2021-06-25,1,Wrong Item
9992,2020-03-27,1850,453,69,2020-04-01,1,Wrong Item
82164,2021-06-19,1869,1967,6,2021-06-30,1,Wrong Item
74202,2022-02-28,1151,2550,41,2022-03-02,1,Wrong Item
31169,2023-01-05,926,4920,63,2023-01-23,1,Wrong Item
20592,2022-01-22,1036,4710,79,2022-01-26,1,Wrong Item
17714,2023-03-20,1083,4162,68,2023-03-30,1,Wrong Item
47064,2019-01-18,573,396,7,2019-01-21,1,Wrong Item
99934,2019-09-04,1851,1676,35,2019-09-10,1,Changed Mind
46308,2019-03-21,280,122,76,2019-04-03,1,Changed Mind
64230,2023-05-27,32,4089,84,2023-06-07,1,Changed Mind
41196,2023-09-26,209,78,96,2023-10-18,1,Defective
1331,2019-06-24,972,3718,7,2019-06-26,1,Changed Mind
96963,2022-12-12,1826,4814,71,2022-12-22,1,Wrong Item
79194,2020-06-10,62,2065,74,2020-06-15,1,Wrong Item
52253,2021-11-11,558,2839,16,2021-11-26,1,Defective
5071,2022-03-24,1071,3724,16,2022-04-21,1,Defective
15502,2019-05-23,1461,523,8,2019-06-11,1,Defective
46330,2022-08-23,1635,3126,9,2022-09-06,1,Defective
96202,2023-03-26,1824,4278,38,2023-04-02,1,Defective
11807,2019-02-15,1874,777,31,2019-02-27,1,Changed Mind
1071,2023-06-14,738,3109,96,2023-06-27,1,Wrong Item
9452,2020-05-05,215,781,86,2020-05-31,1,Wrong Item
9238,2023-06-02,1657,3032,78,2023-06-10,1,Defective
44669,2019-04-02,1405,1131,49,2019-04-24,1,Changed Mind
42199,2022-02-18,608,4223,53,2022-02-26,1,Changed Mind
31443,2020-06-17,1009,4312,22,2020-06-25,1,Changed Mind
45937,2023-09-05,1582,1801,1,2023-09-26,1,Wrong Item
41643,2023-05-21,70,1042,52,2023-05-26,1,Wrong Item
77791,2022-12-16,560,4756,48,2022-12-25,1,Changed Mind
40367,2021-04-19,12,993,6,2021-04-26,1,Wrong Item
6273,2023-02-11,813,4596,11,2023-03-05,1,Changed Mind
27999,2022-06-10,1543,2724,22,2022-06-22,1,Changed Mind
86237,2023-06-03,1772,4550,16,2023-06-04,1,Changed Mind
45640,2023-06-06,1296,3404,79,2023-06-28,1,Wrong Item
79786,2021-08-12,1886,3926,94,2021-08-31,1,Wrong Item
57405,2022-11-24,161,1601,53,2022-12-02,1,Defective
72907,2020-08-20,1328,110,84,2020-08-25,1,Defective
90236,2020-03-31,1765,1902,62,2020-04-07,1,Defective
93004,2023-06-26,1099,2825,6,2023-07-13,1,Defective
73118,2019-02-16,1525,900,50,2019-02-28,1,Defective
74278,2019-09-04,941,137,44,2019-09-16,1,Wrong Item
19656,2022-02-09,270,69,3,2022-03-01,1,Changed Mind
94410,2019-02-25,1628,280,8,2019-03-04,1,Wrong Item
27904,2021-06-17,532,2439,70,2021-06-30,1,Wrong Item
93169,2022-10-28,271,3888,97,2022-11-07,1,Defective
44344,2022-12-20,622,4705,94,2022-12-22,1,Changed Mind
19350,2019-01-10,1058,2477,68,2019-02-03,1,Defective
15902,2020-09-29,203,169,42,2020-10-04,1,Changed Mind
41630,2019-07-04,988,710,93,2019-07-25,1,Defective
79529,2019-07-25,1401,2532,50,2019-08-05,1,Wrong Item
77824,2019-03-25,1225,2862,58,2019-04-13,1,Wrong Item
97296,2019-06-08,1610,832,22,2019-07-04,1,Defective
54909,2019-08-03,222,3535,52,2019-08-25,1,Wrong Item
79829,2022-02-27,50,2735,11,2022-03-25,1,Wrong Item
97121,2021-03-08,1196,2465,100,2021-04-02,1,Wrong Item
86173,2023-08-27,1033,2730,14,2023-09-01,1,Defective
2391,2020-05-12,339,4989,60,2020-06-01,1,Defective
11052,2020-03-16,381,3899,13,2020-04-03,1,Changed Mind
51396,2022-05-17,1852,2590,94,2022-05-26,1,Defective
5971,2022-12-01,379,3407,49,2022-12-08,1,Wrong Item
81458,2023-02-20,1328,1573,39,2023-03-18,1,Changed Mind
11588,2021-06-01,1464,4536,68,2021-06-25,1,Changed Mind
95770,2022-12-04,339,4146,89,2022-12-07,1,Changed Mind
89303,2020-12-19,1120,4395,18,2020-12-23,1,Defective
71674,2023-08-20,388,2247,40,2023-08-27,1,Wrong Item
43858,2019-05-19,271,1830,90,2019-06-06,1,Changed Mind
2221,2023-11-18,252,1682,23,2023-12-11,1,Changed Mind
67367,2021-07-10,250,4545,51,2021-07-23,1,Wrong Item
63751,2022-02-28,304,1985,54,2022-03-18,1,Defective
26078,2019-06-06,1964,4730,30,2019-06-19,1,Wrong Item
43484,2022-06-25,1195,718,70,2022-07-07,1,Defective
15833,2023-01-11,1758,130,59,2023-01-16,1,Wrong Item
35026,2022-03-13,1712,3974,5,2022-03-20,1,Changed Mind
21375,2022-12-24,979,4484,91,2023-01-02,1,Changed Mind
57606,2022-06-08,800,3220,32,2022-07-02,1,Wrong Item
32005,2019-06-01,1607,3927,40,2019-06-12,1,Wrong Item
35427,2020-02-19,1912,401,95,2020-03-08,1,Wrong Item
46517,2020-03-25,1234,4180,97,2020-04-15,1,Wrong Item
18539,2019-07-09,1234,3728,29,2019-07-13,1,Wrong Item
17173,2022-08-20,174,404,70,2022-09-18,1,Changed Mind
1140,2023-08-24,1323,1101,14,2023-09-12,1,Changed Mind
49469,2022-01-27,1185,1755,76,2022-01-28,1,Wrong Item
15114,2020-08-11,1895,3398,33,2020-08-16,1,Defective
42570,2019-05-31,1281,1308,57,2019-06-12,1,Wrong Item
30041,2019-02-06,158,265,53,2019-03-05,1,Defective
73898,2019-02-02,228,1748,100,2019-02-06,1,Changed Mind
13310,2019-06-14,1927,4426,44,2019-07-12,1,Defective
29344,2019-07-28,1613,442,57,2019-08-07,1,Changed Mind
39305,2021-10-02,1737,4034,90,2021-10-27,1,Defective
17628,2019-09-04,475,4889,2,2019-10-03,1,Wrong Item
14238,2023-08-24,1900,900,88,2023-09-07,1,Wrong Item
78441,2021-11-20,846,2219,18,2021-11-26,1,Defective
74807,2020-11-03,522,4121,85,2020-11-22,1,Changed Mind
60880,2020-06-08,1082,714,29,2020-07-02,1,Changed Mind
72059,2020-10-16,1290,1808,17,2020-11-04,1,Changed Mind
41056,2021-07-24,266,772,65,2021-07-26,1,Defective
79153,2019-05-03,1700,3170,81,2019-05-04,1,Wrong Item
87591,2021-01-26,1784,3213,83,2021-02-04,1,Defective
19052,2019-05-26,583,2902,55,2019-06-23,1,Wrong Item
49733,2019-09-10,1422,1691,7,2019-09-16,1,Wrong Item
88674,2022-01-20,1781,2085,66,2022-02-13,1,Defective
23687,2021-03-06,943,4184,50,2021-03-21,1,Changed Mind
75815,2021-09-03,1887,1455,93,2021-09-22,1,Wrong Item
37974,2020-09-19,441,1223,87,2020-09-23,1,Wrong Item
62690,2021-09-03,1453,2720,26,2021-09-30,1,Changed Mind
34286,2020-01-01,1423,1113,48,2020-01-24,1,Changed Mind
72432,2019-02-15,1133,3382,56,2019-03-01,1,Wrong Item
58035,2019-01-10,1017,3105,4,2019-01-22,1,Changed Mind
70096,2021-10-26,1007,3306,12,2021-11-03,1,Wrong Item
66520,2020-06-17,151,2985,20,2020-07-05,1,Wrong Item
37055,2020-02-29,610,1888,46,2020-03-05,1,Wrong Item
78145,2019-12-10,1046,4280,83,2019-12-16,1,Defective
22752,2020-01-23,311,1302,54,2020-02-11,1,Wrong Item
23592,2019-05-21,998,1619,67,2019-05-30,1,Changed Mind
62739,2019-12-01,94,3851,51,2019-12-28,1,Changed Mind
6813,2019-12-30,1171,3799,4,2020-01-27,1,Wrong Item
98042,2023-05-24,870,4506,87,2023-06-22,1,Defective
75261,2023-05-27,551,2508,16,2023-06-06,1,Changed Mind
21983,2020-03-20,1198,4385,42,2020-04-11,1,Defective
99806,2022-12-11,1341,1445,60,2022-12-30,1,Changed Mind
63122,2021-05-07,244,13,42,2021-05-23,1,Wrong Item
40442,2022-11-06,612,3300,63,2022-11-16,1,Defective
21565,2022-07-27,1619,3391,56,2022-08-01,1,Defective
33500,2022-01-06,1603,1178,69,2022-01-23,1,Defective
83315,2022-01-04,234,119,14,2022-01-22,1,Changed Mind
58206,2023-01-14,1595,1890,86,2023-02-06,1,Wrong Item
39991,2022-12-23,1688,2342,63,2023-01-04,1,Changed Mind
72840,2021-08-25,80,2267,51,2021-09-05,1,Wrong Item
116,2021-07-04,1551,401,9,2021-07-07,1,Changed Mind
68390,2021-10-02,1758,4533,96,2021-10-17,1,Changed Mind
66086,2019-06-17,191,2472,63,2019-07-15,1,Defective
23515,2023-06-22,657,3803,20,2023-07-11,1,Wrong Item
27967,2020-06-06,1122,3145,29,2020-06-18,1,Changed Mind
41503,2020-07-27,1014,2334,35,2020-08-14,1,Changed Mind
97075,2023-11-26,875,2329,88,2023-12-16,1,Defective
6335,2023-11-30,312,915,55,2023-12-08,1,Wrong Item
28407,2019-07-23,1638,2100,24,2019-07-27,1,Wrong Item
44497,2021-03-26,1301,1895,66,2021-04-16,1,Changed Mind
70617,2021-06-14,12,664,40,2021-06-22,1,Wrong Item
67081,2021-04-13,364,2334,34,2021-05-11,1,Defective
65441,2022-08-13,997,4202,21,2022-08-30,1,Changed Mind
20669,2020-08-24,324,3473,16,2020-09-05,1,Defective
40886,2022-12-13,943,983,56,2023-01-11,1,Changed Mind
59240,2021-06-05,403,3914,21,2021-06-25,1,Defective
40300,2022-07-23,1149,4817,49,2022-08-09,1,Changed Mind
32270,2022-04-27,1978,4171,3,2022-04-30,1,Defective
1365,2022-07-21,395,4753,25,2022-08-18,1,Defective
32611,2021-08-09,654,2666,1,2021-08-31,1,Wrong Item
32249,2020-12-06,1363,3740,42,2020-12-23,1,Changed Mind
98112,2020-09-09,237,2008,65,2020-09-18,1,Defective
12801,2022-03-02,1973,1313,68,2022-03-14,1,Changed Mind
96888,2021-04-06,1357,1377,43,2021-04-26,1,Defective
61512,2019-01-02,1892,1718,40,2019-01-29,1,Wrong Item
69118,2020-02-24,387,235,73,2020-03-20,1,Changed Mind
31505,2020-12-15,812,3264,29,2020-12-28,1,Defective
99203,2021-06-21,1692,3441,15,2021-07-18,1,Defective
3095,2021-06-02,191,3669,1,2021-06-25,1,Changed Mind
67911,2021-07-11,137,2990,76,2021-07-26,1,Wrong Item
3030,2019-11-04,171,2932,84,2019-11-09,1,Wrong Item
38797,2020-02-25,1828,1114,66,2020-03-02,1,Changed Mind
16201,2019-02-19,1053,4440,49,2019-03-01,1,Wrong Item
58208,2022-12-16,1909,2133,46,2022-12-27,1,Changed Mind
41777,2023-05-17,1709,3163,10,2023-05-24,1,Wrong Item
43434,2022-01-21,893,3268,79,2022-02-01,1,Changed Mind
13549,2021-04-16,1860,3642,8,2021-05-12,1,Changed Mind
31530,2022-12-20,896,1336,42,2023-01-02,1,Changed Mind
15352,2019-02-09,1972,4467,30,2019-03-04,1,Wrong Item
29938,2019-06-29,584,2933,61,2019-07-05,1,Changed Mind
62631,2019-04-29,695,4006,46,2019-05-15,1,Wrong Item
2953,2021-08-12,1386,1330,86,2021-09-02,1,Defective
68387,2019-11-19,700,4444,97,2019-12-11,1,Defective
86058,2022-11-18,441,1077,81,2022-12-08,1,Changed Mind
3051,2022-06-23,1976,1306,3,2022-06-25,1,Defective
33600,2022-04-25,1609,4428,33,2022-05-08,1,Wrong Item
17550,2023-08-02,1759,137,33,2023-08-31,1,Wrong Item
88403,2019-08-08,79,2543,76,2019-08-14,1,Wrong Item
96473,2022-02-24,1248,850,41,2022-03-23,1,Defective
78960,2020-06-15,438,3464,42,2020-07-01,1,Wrong Item
76735,2021-08-23,619,4749,43,2021-09-15,1,Changed Mind
69980,2022-08-30,307,3688,83,2022-09-11,1,Wrong Item
56815,2019-02-07,1077,4904,16,2019-03-07,1,Wrong Item
28110,2023-04-04,1923,1993,7,2023-04-05,1,Defective
19708,2020-04-21,906,3965,14,2020-04-25,1,Changed Mind
26107,2023-01-22,1943,1476,44,2023-02-06,1,Defective
48678,2020-07-16,395,3502,55,2020-08-02,1,Wrong Item
11609,2022-12-06,1927,4030,19,2022-12-24,1,Wrong Item
24398,2020-09-25,957,2331,43,2020-10-07,1,Defective
76355,2021-12-12,1719,1696,91,2022-01-07,1,Wrong Item
97909,2021-06-21,1839,4592,90,2021-07-07,1,Wrong Item
15503,2021-07-19,407,4436,59,2021-07-20,1,Defective
67649,2019-11-07,1019,2707,16,2019-11-09,1,Defective
57537,2023-06-07,758,143,57,2023-06-30,1,Wrong Item
21738,2022-12-15,1058,3848,97,2023-01-07,1,Wrong Item
51818,2022-02-17,258,83,26,2022-02-27,1,Changed Mind
58215,2021-03-17,1449,1779,11,2021-04-04,1,Wrong Item
46576,2020-06-30,1861,3891,54,2020-07-14,1,Defective
21268,2022-11-09,652,1618,44,2022-12-03,1,Wrong Item
58080,2019-09-10,961,85,15,2019-10-03,1,Changed Mind
72528,2023-07-23,1863,832,88,2023-08-07,1,Wrong Item
11729,2021-11-15,762,1447,11,2021-11-30,1,Wrong Item
71365,2022-02-12,662,4883,66,2022-02-15,1,Changed Mind
39198,2019-01-28,92,4667,68,2019-02-18,1,Changed Mind
88140,2019-02-02,766,3348,90,2019-02-17,1,Defective
78705,2022-01-01,218,1785,61,2022-01-23,1,Defective
56498,2021-10-15,335,3758,77,2021-11-10,1,Wrong Item
21528,2021-09-02,38,1304,30,2021-09-15,1,Changed Mind
9376,2020-07-19,1922,2569,47,2020-08-12,1,Defective
63733,2020-11-16,527,4911,57,2020-11-25,1,Wrong Item
4064,2020-08-29,302,601,54,2020-09-13,1,Wrong Item
14278,2020-02-10,1142,742,98,2020-02-22,1,Wrong Item
88320,2021-02-19,1893,1515,91,2021-02-20,1,Changed Mind
30189,2019-10-10,537,3894,75,2019-10-12,1,Wrong Item
26909,2020-06-29,1239,3455,91,2020-07-16,1,Wrong Item
77107,2019-10-07,1232,3290,33,2019-10-20,1,Defective
19316,2022-03-06,617,4846,5,2022-03-08,1,Defective
9909,2021-08-04,419,4206,25,2021-08-05,1,Changed Mind
14237,2019-06-24,1025,3607,30,2019-07-14,1,Defective
77369,2021-10-24,1396,3899,85,2021-11-20,1,Defective
56830,2022-01-09,1881,855,39,2022-02-04,1,Changed Mind
72471,2019-10-12,423,3266,99,2019-11-04,1,Wrong Item
20005,2021-10-01,715,4914,45,2021-10-17,1,Changed Mind
72627,2021-11-18,505,2163,70,2021-11-30,1,Changed Mind
11418,2021-09-01,1129,3892,11,2021-09-27,1,Wrong Item
86224,2021-09-14,1556,3031,69,2021-09-19,1,Changed Mind
63582,2020-02-16,1625,2626,66,2020-03-08,1,Defective
26968,2022-05-19,933,3285,43,2022-05-29,1,Wrong Item
86965,2020-08-25,1247,2646,95,2020-09-22,1,Changed Mind
53597,2023-10-19,466,1309,11,2023-11-15,1,Wrong Item
74607,2022-05-20,1564,2280,75,2022-06-09,1,Defective
92826,2023-06-19,1308,3445,72,2023-07-13,1,Changed Mind
88621,2022-06-10,503,4237,56,2022-06-30,1,Changed Mind
69571,2020-02-03,1715,1813,8,2020-02-15,1,Wrong Item
89940,2023-05-17,1626,3678,43,2023-05-27,1,Wrong Item
30995,2021-10-07,66,2498,22,2021-10-11,1,Changed Mind
60791,2023-10-02,527,679,99,2023-10-28,1,Wrong Item
28625,2019-04-23,83,3648,57,2019-05-09,1,Wrong Item
45844,2023-03-28,810,2140,97,2023-04-20,1,Wrong Item
63609,2021-08-26,623,442,61,2021-09-07,1,Changed Mind
15863,2019-09-03,770,3982,33,2019-09-06,1,Defective
60784,2020-01-14,871,2785,75,2020-01-31,1,Defective
11986,2022-10-19,1948,2529,4,2022-10-27,1,Wrong Item
33887,2023-01-07,988,1887,62,2023-01-13,1,Defective
53621,2019-11-25,738,3421,2,2019-12-08,1,Defective
89261,2022-06-12,1373,3851,1,2022-07-08,1,Wrong Item
97304,2019-04-15,1592,1568,58,2019-05-01,1,Wrong Item
45452,2020-11-11,764,3326,9,2020-12-06,1,Defective
87372,2021-09-18,420,1129,42,2021-10-16,1,Wrong Item
69145,2019-02-21,1695,3693,1,2019-02-22,1,Defective
98717,2021-05-05,966,3897,81,2021-05-27,1,Wrong Item
56181,2020-02-21,806,1762,85,2020-02-24,1,Changed Mind
45676,2022-09-17,896,3731,94,2022-10-06,1,Wrong Item
74973,2019-10-13,1106,444,29,2019-11-02,1,Defective
24387,2020-12-20,1715,4067,91,2021-01-15,1,Defective
59456,2020-05-03,1701,4153,65,2020-05-22,1,Defective
89378,2023-10-31,1803,3662,22,2023-11-24,1,Changed Mind
23321,2021-08-08,1962,4398,95,2021-09-06,1,Changed Mind
18276,2020-03-15,686,4140,12,2020-04-11,1,Defective
88628,2019-04-21,1629,3497,26,2019-05-02,1,Changed Mind
41078,2020-12-01,322,3714,22,2020-12-18,1,Defective
26289,2023-11-30,972,1642,15,2023-12-04,1,Defective
94206,2023-09-01,464,13,88,2023-09-18,1,Wrong Item
61715,2020-12-14,1879,4731,86,2021-01-06,1,Changed Mind
28410,2021-12-02,618,388,11,2021-12-25,1,Changed Mind
70689,2021-05-31,1658,3228,40,2021-06-29,1,Wrong Item
30836,2021-08-29,1387,2519,10,2021-09-05,1,Wrong Item
80341,2022-12-06,1535,3957,43,2023-01-03,1,Defective
99107,2020-09-01,70,3459,46,2020-09-13,1,Changed Mind
80617,2023-05-10,1754,2511,79,2023-06-02,1,Changed Mind
13279,2020-11-19,1759,662,75,2020-11-26,1,Changed Mind
56878,2021-12-29,790,840,30,2022-01-13,1,Defective
71299,2023-03-25,519,3376,100,2023-04-22,1,Defective
59972,2023-11-15,887,1875,56,2023-11-26,1,Changed Mind
45701,2020-10-26,354,1298,64,2020-11-11,1,Wrong Item
2246,2022-08-12,415,4144,47,2022-09-02,1,Defective
76402,2021-09-16,1524,3528,46,2021-09-29,1,Wrong Item
90774,2019-02-09,780,2041,31,2019-02-13,1,Wrong Item
51484,2022-12-19,1226,1337,15,2023-01-11,1,Wrong Item
82635,2023-09-01,1158,762,50,2023-09-30,1,Changed Mind
93136,2023-08-18,706,4711,53,2023-09-13,1,Defective
77239,2021-09-06,447,3340,68,2021-09-24,1,Changed Mind
4616,2019-10-05,1988,4857,91,2019-10-15,1,Defective
98871,2020-06-24,918,4533,28,2020-07-21,1,Wrong Item
42553,2022-09-26,1760,2057,92,2022-10-08,1,Changed Mind
42973,2019-03-11,395,2191,93,2019-03-15,1,Changed Mind
42485,2020-01-23,21,2231,54,2020-02-10,1,Changed Mind
49255,2020-11-02,822,3223,100,2020-11-19,1,Defective
81361,2023-05-06,1471,4633,35,2023-05-09,1,Wrong Item
70518,2021-10-30,1042,4631,17,2021-11-02,1,Defective
5211,2020-01-06,446,1690,86,2020-01-16,1,Defective
81065,2022-09-26,1887,2300,30,2022-10-05,1,Changed Mind
29982,2020-10-21,932,2103,20,2020-11-11,1,Defective
90257,2023-04-20,467,4207,54,2023-04-21,1,Defective
2634,2023-03-17,1711,3045,26,2023-03-22,1,Defective
30363,2019-07-15,1784,1650,5,2019-08-05,1,Changed Mind
89231,2021-02-25,352,1135,80,2021-02-26,1,Changed Mind
33595,2021-06-07,366,3658,89,2021-07-04,1,Changed Mind
57467,2020-08-11,766,957,89,2020-08-19,1,Wrong Item
96022,2020-01-17,140,2542,97,2020-02-05,1,Wrong Item
76473,2023-11-02,121,1907,85,2023-11-29,1,Defective
11044,2020-10-18,996,2876,16,2020-10-25,1,Wrong Item
21290,2020-06-30,168,935,70,2020-07-09,1,Defective
16320,2021-01-11,74,4159,16,2021-01-14,1,Wrong Item
37615,2019-06-18,977,2494,39,2019-07-06,1,Changed Mind
96065,2022-12-05,1172,4469,74,2022-12-06,1,Changed Mind
49750,2023-10-17,785,855,87,2023-10-26,1,Wrong Item
54661,2020-08-28,1903,2809,84,2020-09-15,1,Defective
85781,2022-06-03,774,308,83,2022-06-14,1,Wrong Item
97870,2022-12-17,251,3491,77,2022-12-31,1,Defective
8070,2022-03-14,500,3668,45,2022-04-06,1,Defective
12634,2023-03-28,435,4352,77,2023-04-16,1,Defective
14778,2023-05-13,1725,3283,37,2023-05-16,1,Wrong Item
2732,2019-06-07,309,1560,22,2019-07-05,1,Wrong Item
41011,2019-06-10,585,1567,50,2019-06-23,1,Changed Mind
29450,2021-05-13,1050,4940,47,2021-05-23,1,Changed Mind
60145,2019-03-12,726,1569,97,2019-03-17,1,Changed Mind
69423,2022-08-28,267,1021,100,2022-09-25,1,Wrong Item
50996,2023-07-12,1876,99,4,2023-07-15,1,Wrong Item
89829,2021-10-11,1037,3876,76,2021-11-08,1,Changed Mind
35079,2021-01-27,1758,4224,99,2021-02-12,1,Changed Mind
30659,2019-07-02,422,2523,37,2019-07-21,1,Changed Mind
30840,2021-06-21,1545,1233,75,2021-07-13,1,Wrong Item
78909,2023-12-02,918,263,54,2023-12-05,1,Changed Mind
98258,2020-07-13,1912,3978,84,2020-07-31,1,Wrong Item
31272,2019-04-21,353,4455,86,2019-05-02,1,Changed Mind
8881,2022-04-18,603,2518,75,2022-05-15,1,Changed Mind
68480,2023-01-26,1050,2389,2,2023-02-01,1,Defective
41286,2021-03-24,1589,1574,71,2021-04-12,1,Wrong Item
38930,2020-11-16,627,1100,90,2020-12-06,1,Defective
1521,2020-04-28,1795,2286,70,2020-05-11,1,Wrong Item
87339,2022-06-01,240,4246,72,2022-06-07,1,Changed Mind
27449,2023-06-05,676,419,90,2023-06-14,1,Wrong Item
96370,2020-12-25,1355,4819,54,2021-01-14,1,Wrong Item
81264,2022-04-08,1384,2063,45,2022-04-21,1,Wrong Item
80088,2021-02-04,632,1550,88,2021-02-13,1,Changed Mind
32711,2023-10-21,1975,2130,42,2023-10-22,1,Wrong Item
11134,2023-06-01,830,3794,59,2023-06-19,1,Wrong Item
21584,2020-02-12,770,2319,73,2020-02-28,1,Changed Mind
1373,2021-10-23,524,3238,45,2021-10-25,1,Wrong Item
79257,2019-04-05,1607,1376,54,2019-04-16,1,Defective
30688,2019-06-28,1851,535,4,2019-07-06,1,Defective
92989,2023-06-14,551,4690,12,2023-07-11,1,Wrong Item
1407,2019-06-26,1796,3619,26,2019-07-23,1,Defective
17690,2023-06-04,172,3563,19,2023-07-03,1,Wrong Item
52317,2019-04-06,1860,4678,21,2019-04-11,1,Defective
6726,2022-08-17,1263,4285,72,2022-09-11,1,Wrong Item
73730,2021-09-06,1684,3686,33,2021-09-30,1,Changed Mind
48175,2023-02-18,454,532,48,2023-03-01,1,Defective
41255,2023-10-29,798,767,76,2023-11-03,1,Wrong Item
89216,2021-01-09,1641,4101,63,2021-01-20,1,Changed Mind
92547,2020-03-05,1201,4625,76,2020-03-10,1,Wrong Item
9031,2020-12-28,1671,3686,36,2021-01-06,1,Changed Mind
19219,2023-03-08,449,2582,99,2023-03-16,1,Defective
5861,2020-10-12,2,2139,61,2020-11-10,1,Defective
56249,2020-07-28,1757,927,96,2020-08-04,1,Defective
97393,2019-06-22,1081,4522,81,2019-07-15,1,Wrong Item
21229,2019-11-14,1843,2483,44,2019-11-29,1,Wrong Item
44755,2023-12-26,1241,1251,72,2024-01-24,1,Wrong Item
13487,2019-02-07,618,4670,8,2019-02-08,1,Changed Mind
27146,2023-04-04,776,2001,92,2023-04-24,1,Defective
15147,2019-05-26,514,3945,65,2019-06-02,1,Changed Mind
4250,2022-09-15,1398,28,87,2022-10-04,1,Defective
49884,2019-10-20,1619,2294,15,2019-11-10,1,Changed Mind
41028,2023-08-24,432,252,66,2023-09-19,1,Defective
93793,2020-08-11,62,4425,82,2020-08-12,1,Defective
50836,2023-09-21,1701,2401,20,2023-10-05,1,Defective
25942,2019-12-09,643,4326,20,2020-01-03,1,Defective
56775,2023-06-07,399,1638,68,2023-06-18,1,Wrong Item
97714,2021-04-14,754,4444,63,2021-05-03,1,Wrong Item
41669,2022-01-18,287,2588,89,2022-02-05,1,Defective
47227,2022-02-11,275,3880,65,2022-02-16,1,Wrong Item
13601,2020-09-06,1062,4039,66,2020-10-05,1,Wrong Item
41152,2020-12-06,1339,1466,25,2020-12-15,1,Defective
77420,2019-06-27,1757,4634,49,2019-06-30,1,Wrong Item
11193,2022-08-17,52,1322,9,2022-09-04,1,Wrong Item
22211,2019-12-24,1797,176,23,2020-01-22,1,Changed Mind
38367,2023-03-31,1890,4945,78,2023-04-16,1,Defective
60173,2022-11-19,826,983,24,2022-11-28,1,Wrong Item
56184,2022-03-15,419,213,100,2022-04-04,1,Defective
59777,2022-11-08,775,4205,12,2022-11-11,1,Wrong Item
52448,2022-07-09,1858,413,77,2022-07-25,1,Defective
76948,2022-05-19,161,1536,69,2022-06-06,1,Changed Mind
68825,2019-11-24,394,1638,59,2019-11-29,1,Wrong Item
81746,2022-02-19,1670,1873,44,2022-03-10,1,Changed Mind
44166,2021-06-01,1693,3903,28,2021-06-07,1,Wrong Item
47340,2021-05-16,622,2004,8,2021-06-08,1,Wrong Item
40524,2022-11-06,1836,1408,60,2022-11-23,1,Changed Mind
33834,2023-09-03,512,1446,19,2023-09-13,1,Changed Mind
81431,2023-10-02,1278,4840,3,2023-10-31,1,Changed Mind
24184,2020-12-03,647,624,84,2020-12-15,1,Changed Mind
76196,2022-10-06,326,353,17,2022-10-09,1,Wrong Item
97201,2021-10-09,1214,484,76,2021-11-05,1,Changed Mind
7714,2020-01-26,1640,57,10,2020-02-08,1,Changed Mind
81767,2019-09-13,387,2428,10,2019-09-14,1,Changed Mind
68725,2020-09-12,715,2433,91,2020-09-18,1,Defective
17315,2020-11-15,778,1650,47,2020-11-29,1,Wrong Item
38165,2019-08-24,99,2295,82,2019-09-18,1,Defective
34245,2022-02-22,1109,4128,62,2022-03-01,1,Changed Mind
51437,2019-01-14,1932,3314,25,2019-01-20,1,Defective
2189,2019-06-02,405,464,99,2019-06-10,1,Defective
44881,2023-12-24,325,4215,5,2024-01-06,1,Changed Mind
62740,2020-08-06,757,3497,90,2020-08-29,1,Defective
50620,2019-02-27,1905,3200,1,2019-03-14,1,Changed Mind
86858,2022-08-15,1035,3339,53,2022-08-27,1,Changed Mind
39685,2023-06-11,1795,1237,60,2023-07-05,1,Defective
32386,2020-07-19,770,464,62,2020-07-28,1,Defective
7719,2020-08-22,1224,1903,68,2020-09-20,1,Defective
3238,2019-01-24,989,263,23,2019-02-18,1,Changed Mind
41368,2019-02-05,639,1212,12,2019-03-04,1,Defective
61232,2019-09-24,1463,353,71,2019-10-23,1,Changed Mind
43093,2022-09-12,1245,3238,64,2022-09-13,1,Wrong Item
159,2021-09-21,999,2829,96,2021-10-03,1,Changed Mind
4732,2022-05-26,488,1027,93,2022-06-07,1,Wrong Item
99972,2020-10-18,659,1997,30,2020-10-20,1,Wrong Item
97374,2022-08-27,971,745,16,2022-09-07,1,Defective
85049,2020-05-28,1809,2404,10,2020-06-11,1,Changed Mind
19904,2021-09-21,692,1945,47,2021-10-09,1,Changed Mind
56136,2020-12-22,1381,1849,51,2020-12-31,1,Changed Mind
30984,2019-11-05,1406,3846,81,2019-12-02,1,Defective
74547,2023-09-17,195,3159,24,2023-10-08,1,Changed Mind
26666,2020-10-16,336,4962,20,2020-11-04,1,Changed Mind
2790,2020-02-27,1481,1530,50,2020-03-16,1,Changed Mind
65025,2019-10-13,1373,4548,62,2019-10-16,1,Defective
43350,2022-12-11,1843,3463,33,2022-12-24,1,Wrong Item
12679,2019-07-28,1591,1627,41,2019-08-26,1,Defective
40288,2021-01-08,299,4820,2,2021-02-02,1,Wrong Item
39435,2022-11-03,504,163,66,2022-11-16,1,Defective
93545,2021-07-28,2,1481,50,2021-08-22,1,Wrong Item
64060,2021-06-25,751,4872,22,2021-07-05,1,Defective
45391,2019-09-02,1589,2562,80,2019-09-22,1,Changed Mind
90504,2020-10-10,1734,2123,61,2020-10-19,1,Wrong Item
24097,2023-09-15,1319,534,58,2023-10-05,1,Defective
4329,2022-10-25,301,443,45,2022-11-23,1,Wrong Item
70034,2019-12-31,1569,661,59,2020-01-17,1,Defective
87656,2021-06-04,1719,3747,80,2021-06-18,1,Defective
97314,2021-01-22,207,4348,30,2021-02-05,1,Defective
84916,2023-11-16,761,1362,64,2023-12-06,1,Changed Mind
16825,2020-02-10,1114,1292,64,2020-02-28,1,Defective
36999,2022-08-21,1350,609,84,2022-09-07,1,Wrong Item
61692,2021-01-18,1431,1068,55,2021-02-16,1,Wrong Item
77252,2023-09-07,308,680,21,2023-09-25,1,Defective
71808,2022-01-05,487,3876,20,2022-01-26,1,Changed Mind
60605,2020-06-09,255,3147,4,2020-06-23,1,Wrong Item
63693,2019-10-31,1331,4128,35,2019-11-17,1,Wrong Item
42508,2022-10-14,1095,4828,6,2022-10-21,1,Changed Mind
3715,2023-11-02,1603,4379,38,2023-11-20,1,Wrong Item
65663,2020-04-24,979,2870,98,2020-05-23,1,Defective
2741,2021-11-19,1415,1216,67,2021-12-02,1,Wrong Item
74644,2020-06-19,1407,3889,46,2020-06-22,1,Wrong Item
98204,2023-05-20,1277,2886,22,2023-06-01,1,Changed Mind
18599,2021-06-14,1447,3435,66,2021-06-23,1,Defective
75567,2023-10-20,1723,4430,21,2023-11-09,1,Wrong Item
76791,2022-10-29,617,2075,28,2022-11-14,1,Changed Mind
66553,2021-07-13,1058,123,24,2021-07-30,1,Defective
9102,2023-11-22,1995,4582,8,2023-12-06,1,Changed Mind
95654,2022-08-12,1146,2644,28,2022-08-19,1,Wrong Item
34736,2021-03-30,832,4247,51,2021-04-23,1,Wrong Item
99825,2023-05-01,1050,2921,58,2023-05-05,1,Wrong Item
80655,2020-07-08,103,4269,57,2020-07-11,1,Defective
16991,2022-06-21,141,137,37,2022-06-22,1,Wrong Item
60367,2019-07-04,1411,4321,66,2019-07-22,1,Wrong Item
90288,2023-05-07,1179,3340,10,2023-05-12,1,Wrong Item
37717,2020-11-08,1092,2128,21,2020-11-25,1,Changed Mind
1671,2022-10-01,1669,1418,100,2022-10-05,1,Defective
23797,2023-07-11,430,2500,87,2023-07-27,1,Defective
670,2022-04-29,1635,4350,57,2022-05-06,1,Changed Mind
22730,2019-10-02,67,1357,55,2019-10-09,1,Defective
58981,2021-07-31,1892,800,27,2021-08-15,1,Changed Mind
13054,2023-07-15,505,1514,80,2023-07-29,1,Wrong Item
70591,2021-03-19,1650,2895,48,2021-03-29,1,Changed Mind
28891,2019-11-11,1789,1869,21,2019-11-29,1,Defective
17776,2022-12-10,1045,4452,39,2023-01-06,1,Defective
95207,2019-09-07,1115,4309,33,2019-09-17,1,Wrong Item
47450,2022-01-06,971,1078,70,2022-01-08,1,Defective
71414,2021-04-21,1965,2960,12,2021-05-06,1,Defective
84983,2019-01-16,1207,4079,60,2019-02-12,1,Changed Mind
20764,2021-05-27,1535,2316,47,2021-06-12,1,Wrong Item
44028,2021-10-12,977,2661,57,2021-11-02,1,Defective
36466,2019-11-02,920,3709,99,2019-11-08,1,Changed Mind
53658,2020-12-28,1535,3275,38,2021-01-13,1,Defective
70944,2021-10-20,1658,4070,4,2021-11-15,1,Defective
83499,2020-12-09,1136,1096,99,2020-12-21,1,Changed Mind
16791,2022-12-15,1807,2764,95,2022-12-19,1,Wrong Item
59602,2023-07-24,511,1401,61,2023-07-27,1,Wrong Item
75473,2023-09-29,447,1191,36,2023-10-15,1,Changed Mind
69809,2022-12-05,689,2770,91,2022-12-16,1,Wrong Item
70484,2019-11-20,1122,3030,29,2019-12-12,1,Changed Mind
61080,2021-09-09,1166,2653,51,2021-10-02,1,Defective
92648,2021-11-10,1235,3569,32,2021-11-30,1,Defective
45935,2019-07-26,1674,3824,93,2019-07-30,1,Changed Mind
40753,2023-07-01,1643,4408,75,2023-07-16,1,Changed Mind
44800,2019-06-29,217,227,42,2019-07-26,1,Defective
34514,2021-07-27,365,2565,66,2021-08-25,1,Changed Mind
62918,2019-06-22,1259,1745,60,2019-06-24,1,Wrong Item
88382,2019-04-25,1527,545,61,2019-05-23,1,Changed Mind
61977,2019-04-01,645,1507,10,2019-04-17,1,Defective
45665,2020-08-02,601,4299,90,2020-08-28,1,Defective
48332,2020-06-29,172,3573,6,2020-07-12,1,Changed Mind
59162,2019-02-04,111,2865,1,2019-02-24,1,Defective
85913,2020-11-25,989,3005,70,2020-12-13,1,Changed Mind
25196,2021-07-30,585,4064,61,2021-08-08,1,Wrong Item
54596,2021-11-06,170,2777,69,2021-11-10,1,Defective
517,2023-05-23,413,4488,80,2023-06-18,1,Defective
51509,2021-12-15,1030,1426,62,2021-12-17,1,Defective
29306,2022-05-12,1903,1886,6,2022-06-10,1,Wrong Item
88924,2019-01-05,423,4678,29,2019-01-29,1,Changed Mind
43713,2023-06-21,1924,2192,26,2023-07-07,1,Changed Mind
64209,2021-04-07,541,3471,30,2021-04-26,1,Defective
71921,2019-10-09,1398,4906,89,2019-10-10,1,Defective
47650,2020-11-13,1102,4240,15,2020-11-17,1,Changed Mind
77642,2019-10-07,91,537,4,2019-10-19,1,Defective
51394,2023-02-14,713,1785,53,2023-02-21,1,Wrong Item
16727,2019-02-28,407,618,88,2019-03-24,1,Defective
28740,2019-05-31,1493,2843,16,2019-06-12,1,Wrong Item
15754,2019-04-02,275,4004,86,2019-04-21,1,Wrong Item
32049,2023-09-20,407,1043,59,2023-10-01,1,Defective
14043,2021-08-23,1059,664,75,2021-09-10,1,Defective
71126,2020-02-20,577,499,82,2020-03-13,1,Defective
92687,2021-07-28,1328,3264,82,2021-08-26,1,Wrong Item
23735,2022-09-04,1721,2707,71,2022-09-25,1,Wrong Item
407,2019-09-26,1707,2589,16,2019-10-05,1,Changed Mind
50105,2023-04-14,980,4647,11,2023-05-13,1,Defective
42591,2020-04-12,1080,3044,89,2020-04-22,1,Wrong Item
88784,2022-05-28,1080,3761,98,2022-06-16,1,Defective
40532,2023-10-13,1557,3964,9,2023-11-04,1,Changed Mind
56042,2022-11-28,865,863,49,2022-12-11,1,Changed Mind
55491,2023-09-09,22,649,1,2023-09-17,1,Changed Mind
93482,2023-07-16,183,3865,85,2023-07-27,1,Defective
74608,2021-10-11,1116,1981,84,2021-10-13,1,Changed Mind
24535,2020-12-24,892,3241,77,2021-01-20,1,Wrong Item
33270,2021-10-22,1160,1255,9,2021-11-01,1,Changed Mind
1026,2019-09-28,1474,1434,89,2019-10-04,1,Changed Mind
48067,2022-01-30,1104,4132,70,2022-02-10,1,Defective
54718,2019-01-25,753,3646,9,2019-02-08,1,Changed Mind
54737,2021-03-20,16,2219,49,2021-04-05,1,Defective
89084,2019-03-17,1804,4389,100,2019-03-21,1,Changed Mind
8131,2022-09-27,1337,1677,62,2022-10-04,1,Defective
34560,2023-02-28,493,4801,31,2023-03-06,1,Wrong Item
38905,2020-10-22,1494,1992,34,2020-11-06,1,Defective
24706,2021-02-18,96,3211,67,2021-02-20,1,Changed Mind
89324,2019-08-11,850,4353,88,2019-08-17,1,Changed Mind
5969,2021-06-20,1894,3769,80,2021-07-13,1,Wrong Item
4654,2022-07-02,1458,4515,25,2022-07-11,1,Wrong Item
72860,2023-01-16,877,154,28,2023-02-03,1,Defective
70885,2021-02-01,1664,2951,14,2021-02-09,1,Defective
35575,2020-09-27,429,1585,76,2020-10-12,1,Wrong Item
23629,2023-08-06,357,3388,45,2023-08-11,1,Wrong Item
11688,2023-11-08,1661,4144,51,2023-11-09,1,Changed Mind
34237,2023-10-06,235,4330,33,2023-10-17,1,Defective
32991,2021-11-24,135,1500,40,2021-12-15,1,Changed Mind
51380,2023-12-08,594,3144,97,2023-12-10,1,Defective
49436,2019-09-16,1815,140,45,2019-09-19,1,Defective
98655,2022-08-06,1504,3942,75,2022-08-30,1,Changed Mind
49797,2023-11-09,1405,2951,77,2023-12-08,1,Wrong Item
89870,2019-01-29,198,1663,76,2019-02-18,1,Wrong Item
95124,2022-01-26,1405,4212,17,2022-02-14,1,Changed Mind
28268,2020-03-02,1400,766,57,2020-03-16,1,Changed Mind
64787,2022-08-05,837,168,6,2022-08-06,1,Changed Mind
74250,2020-04-14,1284,4458,9,2020-04-15,1,Changed Mind
97406,2022-08-12,1939,162,9,2022-09-08,1,Wrong Item
82092,2020-01-25,1493,4346,76,2020-02-14,1,Wrong Item
21856,2023-02-27,1305,245,28,2023-03-20,1,Wrong Item
63864,2022-04-22,1146,4764,17,2022-05-06,1,Wrong Item
21414,2021-02-02,1639,266,2,2021-02-09,1,Defective
92033,2020-07-10,1983,3948,68,2020-07-12,1,Defective
35685,2022-11-22,1197,14,29,2022-12-02,1,Defective
82885,2021-04-24,1643,2886,68,2021-05-23,1,Defective
6739,2019-03-21,767,3941,73,2019-03-26,1,Changed Mind
82554,2019-12-03,1772,3476,1,2019-12-18,1,Changed Mind
9490,2019-01-01,1480,4762,2,2019-01-04,1,Wrong Item
74504,2022-12-31,526,4139,46,2023-01-26,1,Wrong Item
79899,2023-07-01,826,1166,49,2023-07-04,1,Changed Mind
15088,2021-05-17,1651,1990,53,2021-05-25,1,Changed Mind
27817,2023-06-08,1853,1872,4,2023-06-10,1,Changed Mind
98932,2020-11-22,214,4884,41,2020-12-08,1,Wrong Item
22694,2020-05-13,682,4879,63,2020-05-26,1,Wrong Item
55387,2023-08-10,1110,52,62,2023-09-04,1,Wrong Item
13956,2019-05-12,1225,4494,37,2019-06-08,1,Defective
84151,2021-02-25,1558,4201,20,2021-03-08,1,Defective
59730,2019-08-06,621,1519,73,2019-08-16,1,Changed Mind
90090,2023-09-03,1198,945,97,2023-09-25,1,Wrong Item
15138,2019-12-15,880,1269,59,2020-01-06,1,Wrong Item
20295,2019-09-05,418,3954,64,2019-09-10,1,Defective
61793,2023-06-13,1770,4855,86,2023-06-25,1,Changed Mind
85368,2019-06-07,1711,1331,36,2019-06-12,1,Changed Mind
90656,2021-02-01,770,2086,61,2021-02-28,1,Wrong Item
64863,2022-12-25,73,879,85,2023-01-09,1,Defective
13135,2023-06-22,1817,2662,67,2023-07-05,1,Defective
39740,2019-07-25,386,1115,17,2019-08-18,1,Wrong Item
17079,2023-10-10,74,3234,50,2023-10-13,1,Defective
38220,2021-10-10,1705,1004,34,2021-10-16,1,Defective
45610,2022-05-03,1573,485,59,2022-05-08,1,Defective
49206,2023-07-21,1517,623,21,2023-08-12,1,Changed Mind
49861,2020-01-04,1650,2254,47,2020-01-14,1,Defective
96071,2019-04-18,497,3267,60,2019-05-15,1,Changed Mind
42555,2019-11-01,1741,4692,48,2019-11-04,1,Changed Mind
96107,2019-08-17,513,2547,7,2019-09-01,1,Defective
23492,2023-12-06,1345,587,44,2023-12-09,1,Wrong Item
30364,2019-03-03,575,549,58,2019-03-24,1,Wrong Item
9680,2022-01-05,1981,3037,34,2022-01-25,1,Wrong Item
64673,2023-02-10,1709,1848,96,2023-02-17,1,Changed Mind
3803,2021-06-12,1584,2062,15,2021-06-27,1,Wrong Item
54899,2023-07-15,208,3399,56,2023-08-01,1,Defective
94015,2020-11-21,1740,1221,46,2020-12-05,1,Wrong Item
72193,2021-12-28,1935,4844,59,2022-01-01,1,Defective
44000,2021-05-03,644,4124,45,2021-05-25,1,Defective
88126,2020-10-18,1735,897,36,2020-11-01,1,Wrong Item
81492,2021-05-25,1798,3427,53,2021-06-10,1,Changed Mind
36340,2021-05-15,1599,3715,87,2021-05-24,1,Changed Mind
6922,2020-10-08,161,1481,60,2020-10-15,1,Wrong Item
48497,2020-07-19,1915,269,9,2020-08-15,1,Changed Mind
84280,2021-02-05,154,4961,60,2021-02-16,1,Wrong Item
84887,2019-08-05,746,3522,89,2019-08-16,1,Changed Mind
3305,2022-06-29,1071,1641,58,2022-07-23,1,Changed Mind
63283,2019-05-14,1405,941,85,2019-06-10,1,Wrong Item
67735,2020-08-12,1779,3634,77,2020-08-25,1,Defective
29709,2019-10-22,382,4103,32,2019-10-30,1,Wrong Item
93187,2019-09-24,1845,1704,39,2019-10-03,1,Defective
6996,2022-04-25,1029,4670,27,2022-05-20,1,Changed Mind
49728,2022-01-12,863,333,82,2022-01-30,1,Changed Mind
65555,2021-05-16,781,1566,64,2021-05-21,1,Defective
21863,2022-10-13,1765,1010,87,2022-11-02,1,Defective
41097,2021-05-18,248,2633,46,2021-05-28,1,Wrong Item
88422,2022-09-04,486,3008,50,2022-09-08,1,Wrong Item
95579,2023-09-01,1591,2447,69,2023-09-18,1,Wrong Item
9791,2020-06-11,322,3314,49,2020-06-27,1,Changed Mind
76043,2023-09-19,590,1747,92,2023-09-30,1,Wrong Item
29951,2021-01-13,1056,946,42,2021-02-07,1,Defective
59241,2020-01-23,1708,2090,83,2020-02-13,1,Changed Mind
22193,2019-03-21,1428,3737,43,2019-04-06,1,Changed Mind
6294,2022-10-05,1814,3917,87,2022-10-09,1,Wrong Item
31007,2023-01-03,1927,4827,75,2023-01-18,1,Changed Mind
68291,2020-04-04,1451,3168,34,2020-04-25,1,Wrong Item
77801,2021-12-04,795,4145,68,2021-12-30,1,Defective
55971,2020-05-19,1813,2960,5,2020-05-24,1,Defective
51584,2022-12-23,675,2309,2,2023-01-13,1,Changed Mind
49228,2020-11-24,1355,4622,98,2020-12-05,1,Changed Mind
8028,2020-12-11,404,2740,51,2021-01-08,1,Defective
60614,2020-08-28,81,1989,1,2020-09-06,1,Wrong Item
46364,2023-05-31,1955,1023,26,2023-06-13,1,Defective
50187,2020-05-29,1773,4216,85,2020-06-22,1,Changed Mind
64763,2019-06-23,215,4657,78,2019-07-14,1,Changed Mind
92247,2021-10-24,153,4865,16,2021-11-08,1,Defective
6393,2021-10-17,1253,1950,24,2021-10-24,1,Defective
90207,2022-04-18,565,924,32,2022-04-29,1,Changed Mind
47956,2021-08-06,667,4575,21,2021-08-23,1,Changed Mind
73565,2020-01-22,46,3732,40,2020-02-08,1,Changed Mind
96730,2022-05-09,1205,3074,56,2022-05-26,1,Defective
71023,2020-04-03,428,1236,25,2020-04-09,1,Changed Mind
51899,2022-11-06,1797,4278,84,2022-11-23,1,Wrong Item
57885,2023-03-05,303,2216,4,2023-03-21,1,Defective
7877,2022-09-04,650,4735,61,2022-09-30,1,Defective
94936,2022-11-08,667,3400,22,2022-12-06,1,Wrong Item
79122,2022-02-11,847,623,90,2022-03-12,1,Wrong Item
27138,2023-07-06,1427,4676,46,2023-07-08,1,Wrong Item
69453,2021-10-14,1319,4541,70,2021-10-18,1,Changed Mind
39344,2020-05-15,218,928,70,2020-05-20,1,Wrong Item
6440,2021-08-31,1794,2132,85,2021-09-25,1,Defective
49143,2022-06-20,1465,4286,36,2022-07-10,1,Changed Mind
61943,2021-02-11,1261,3495,76,2021-03-08,1,Defective
40440,2020-08-05,109,2986,40,2020-08-24,1,Defective
80161,2020-04-08,1976,172,27,2020-04-20,1,Wrong Item
27317,2021-01-22,1954,4630,84,2021-02-12,1,Changed Mind
52788,2022-03-29,728,133,99,2022-04-06,1,Wrong Item
59986,2020-07-20,1582,3153,24,2020-07-26,1,Changed Mind
29515,2021-10-27,471,513,16,2021-10-30,1,Wrong Item
71179,2020-05-31,672,4988,28,2020-06-15,1,Wrong Item
88243,2020-09-10,729,2323,86,2020-09-16,1,Wrong Item
85361,2019-08-08,579,3149,19,2019-08-24,1,Defective
45684,2022-06-23,1067,1383,8,2022-07-21,1,Defective
3154,2022-04-16,671,4012,93,2022-04-27,1,Changed Mind
12126,2022-11-04,595,3766,74,2022-11-25,1,Wrong Item
67030,2023-06-08,329,4699,100,2023-07-05,1,Changed Mind
68762,2020-04-16,148,1900,3,2020-04-19,1,Wrong Item
31244,2019-01-01,1449,1981,9,2019-01-27,1,Changed Mind
70994,2019-09-13,1459,4773,62,2019-09-14,1,Defective
24034,2022-08-11,1826,2862,13,2022-08-25,1,Defective
19650,2022-05-22,1319,1338,9,2022-06-17,1,Defective
81699,2019-02-26,96,235,53,2019-03-09,1,Changed Mind
58077,2020-06-03,1772,2045,32,2020-06-10,1,Defective
25909,2020-02-19,699,1297,63,2020-03-04,1,Wrong Item
2377,2019-02-03,1762,3326,70,2019-02-25,1,Wrong Item
47824,2023-10-28,1912,25,38,2023-10-29,1,Wrong Item
55459,2019-10-10,1626,2874,65,2019-10-18,1,Wrong Item
83663,2022-10-11,1470,3852,23,2022-11-04,1,Changed Mind
76372,2023-12-17,1596,2211,80,2023-12-21,1,Changed Mind
6718,2021-12-19,27,3345,100,2021-12-28,1,Wrong Item
40382,2019-11-03,711,2863,80,2019-11-15,1,Defective
92748,2022-06-21,1195,70,80,2022-06-23,1,Wrong Item
30638,2020-06-24,1265,2327,29,2020-06-29,1,Changed Mind
23691,2020-03-18,1249,1767,92,2020-03-20,1,Defective
9732,2022-07-14,529,4021,40,2022-07-20,1,Wrong Item
93698,2023-08-28,126,3632,61,2023-09-09,1,Defective
89483,2021-02-15,761,3455,15,2021-03-05,1,Defective
31483,2021-06-29,795,3027,34,2021-07-02,1,Defective
73611,2023-01-15,415,3680,57,2023-02-11,1,Wrong Item
82683,2019-08-22,387,4935,9,2019-08-25,1,Wrong Item
91657,2021-10-01,1188,4730,5,2021-10-06,1,Wrong Item
22732,2023-10-08,881,3352,99,2023-10-27,1,Wrong Item
63780,2020-03-29,409,621,20,2020-04-04,1,Defective
32540,2023-04-11,1126,1405,91,2023-05-03,1,Changed Mind
84187,2020-03-28,1211,3788,75,2020-04-17,1,Defective
16452,2022-08-06,887,3132,50,2022-08-15,1,Changed Mind
19733,2020-09-01,807,216,47,2020-09-04,1,Changed Mind
4635,2022-10-08,1229,2311,25,2022-10-23,1,Changed Mind
51194,2023-11-11,1450,1299,77,2023-11-18,1,Changed Mind
57346,2020-10-18,1520,224,94,2020-10-30,1,Defective
67200,2021-08-18,38,2461,85,2021-08-29,1,Wrong Item
35247,2022-09-11,471,1493,65,2022-09-24,1,Wrong Item
36049,2021-07-31,1964,3760,38,2021-08-10,1,Changed Mind
24037,2020-10-24,1672,2776,71,2020-11-11,1,Wrong Item
21429,2022-07-04,937,200,19,2022-07-18,1,Changed Mind
12932,2023-12-18,235,2047,92,2023-12-25,1,Wrong Item
8616,2020-03-27,1019,4290,29,2020-04-12,1,Defective
6480,2019-10-01,1017,1805,19,2019-10-21,1,Changed Mind
48164,2021-02-22,426,377,53,2021-03-09,1,Defective
64267,2021-12-03,733,124,27,2021-12-09,1,Wrong Item
50309,2023-06-08,567,4029,99,2023-06-09,1,Defective
55182,2019-09-23,1187,4690,18,2019-10-10,1,Wrong Item
17314,2020-04-18,985,2072,77,2020-05-15,1,Wrong Item
39947,2021-01-22,762,2803,99,2021-02-05,1,Defective
50362,2019-08-08,1987,2021,85,2019-08-31,1,Changed Mind
52566,2021-09-01,1258,1225,35,2021-09-14,1,Wrong Item
39338,2022-06-22,223,728,75,2022-07-03,1,Changed Mind
52912,2020-04-12,697,4525,86,2020-05-02,1,Changed Mind
29910,2023-04-08,1028,1251,73,2023-04-09,1,Defective
64276,2019-08-02,1433,1767,77,2019-08-27,1,Wrong Item
5782,2021-07-18,274,946,27,2021-07-19,1,Changed Mind
26488,2020-07-25,239,2178,43,2020-08-12,1,Changed Mind
75837,2019-07-10,523,4746,76,2019-07-14,1,Wrong Item
7058,2022-09-20,1878,3538,77,2022-09-27,1,Changed Mind
84896,2023-03-06,70,3454,100,2023-03-07,1,Wrong Item
94041,2019-08-20,53,3278,100,2019-08-28,1,Defective
31919,2019-03-30,1112,1046,62,2019-04-11,1,Wrong Item
63564,2020-02-28,1224,2410,86,2020-03-05,1,Defective
86191,2023-05-05,1516,2003,3,2023-05-07,1,Defective
18728,2019-04-05,356,3704,83,2019-04-07,1,Changed Mind
89693,2023-01-09,1506,3751,98,2023-01-29,1,Changed Mind
43700,2023-12-23,1991,2671,57,2024-01-08,1,Defective
96584,2019-11-11,300,1011,83,2019-11-13,1,Changed Mind
94028,2022-06-07,1740,1170,71,2022-06-19,1,Defective
99024,2022-02-12,1682,3546,72,2022-03-13,1,Changed Mind
32340,2020-10-29,138,3843,2,2020-11-03,1,Wrong Item
23709,2020-10-07,10,3369,24,2020-10-23,1,Defective
18648,2022-05-03,1399,3086,38,2022-05-11,1,Changed Mind
95283,2022-08-30,1154,3652,83,2022-09-06,1,Defective
73032,2023-09-23,839,3935,62,2023-10-14,1,Changed Mind
45549,2022-03-21,865,3053,20,2022-03-24,1,Defective
98220,2020-03-30,1350,3726,81,2020-04-23,1,Defective
77298,2019-02-07,1477,4657,27,2019-02-15,1,Changed Mind
63665,2022-01-29,1228,2667,70,2022-02-01,1,Changed Mind
70482,2023-06-15,94,1851,16,2023-06-18,1,Changed Mind
83351,2021-11-26,1278,898,12,2021-12-25,1,Wrong Item
73096,2022-09-10,509,1603,91,2022-10-09,1,Defective
57911,2022-02-07,620,3575,75,2022-02-22,1,Wrong Item
1453,2022-03-15,11,952,24,2022-04-02,1,Changed Mind
29724,2021-06-22,242,2529,59,2021-07-02,1,Defective
28665,2023-04-24,377,3043,97,2023-05-09,1,Wrong Item
14480,2023-07-24,318,872,76,2023-08-04,1,Defective
35408,2021-10-17,688,4348,60,2021-11-01,1,Changed Mind
91806,2021-01-01,227,368,51,2021-01-27,1,Changed Mind
60903,2019-03-10,1049,722,67,2019-03-20,1,Defective
82184,2022-11-10,1299,2539,54,2022-11-16,1,Wrong Item
55822,2021-08-22,280,136,58,2021-09-08,1,Wrong Item
85075,2019-06-04,1989,4426,93,2019-06-25,1,Defective
47616,2020-04-22,1956,1416,37,2020-05-04,1,Wrong Item
17404,2022-05-22,1899,3200,40,2022-05-29,1,Changed Mind
74187,2022-02-24,1788,2797,47,2022-03-09,1,Defective
96153,2023-11-13,1885,3755,78,2023-12-04,1,Wrong Item
75007,2021-03-26,371,4495,57,2021-03-30,1,Wrong Item
78095,2021-12-03,1700,4743,71,2021-12-05,1,Wrong Item
97432,2019-04-22,1209,2195,85,2019-04-28,1,Wrong Item
5710,2020-04-04,487,4824,2,2020-04-22,1,Wrong Item
36247,2022-01-02,1602,3867,97,2022-01-04,1,Wrong Item
10309,2021-01-14,510,218,51,2021-02-05,1,Changed Mind
9431,2021-01-03,591,4802,62,2021-01-14,1,Wrong Item
31682,2023-04-05,500,3405,1,2023-04-23,1,Changed Mind
4941,2021-08-07,729,103,60,2021-08-13,1,Defective
13822,2021-01-06,580,1035,17,2021-01-13,1,Defective
42704,2020-05-10,1166,1931,68,2020-05-30,1,Defective
36542,2022-05-11,433,4693,82,2022-06-07,1,Wrong Item
96897,2023-03-27,1371,4769,82,2023-04-02,1,Changed Mind
54973,2019-05-23,569,4150,43,2019-06-20,1,Defective
24891,2021-01-01,1042,4181,17,2021-01-16,1,Changed Mind
50515,2022-06-13,852,88,45,2022-06-16,1,Wrong Item
77810,2021-07-28,718,2990,8,2021-07-31,1,Changed Mind
66814,2020-10-04,458,2811,21,2020-10-20,1,Wrong Item
57355,2019-05-18,1858,220,48,2019-06-04,1,Wrong Item
56523,2023-08-06,179,64,17,2023-08-16,1,Defective
12659,2022-10-12,1435,3636,61,2022-10-14,1,Changed Mind
37900,2020-10-31,1452,2499,50,2020-11-18,1,Changed Mind
60183,2019-04-08,476,1133,23,2019-05-07,1,Wrong Item
26937,2020-01-17,1624,3291,53,2020-01-23,1,Defective
21211,2021-01-03,1887,2999,23,2021-01-26,1,Wrong Item
34668,2022-01-17,1600,453,99,2022-01-21,1,Wrong Item
84697,2021-08-26,501,3311,72,2021-09-16,1,Wrong Item
77840,2023-07-04,603,3918,80,2023-08-01,1,Wrong Item
1544,2021-03-22,1035,1668,83,2021-04-03,1,Defective
79935,2019-12-12,1957,1354,50,2019-12-21,1,Defective
21351,2019-09-28,974,1036,20,2019-10-09,1,Defective
18186,2019-05-28,388,4423,77,2019-06-12,1,Defective
90490,2019-04-20,1843,147,36,2019-05-13,1,Changed Mind
37876,2023-10-09,803,4245,76,2023-11-04,1,Changed Mind
54129,2020-02-17,1157,1411,23,2020-03-16,1,Wrong Item
11637,2020-06-30,1829,1719,40,2020-07-18,1,Changed Mind
86215,2020-12-04,1178,1979,12,2020-12-23,1,Changed Mind
51706,2022-10-08,1097,4949,27,2022-11-02,1,Defective
82335,2023-03-15,1174,3978,68,2023-04-09,1,Changed Mind
73388,2020-04-09,1297,1979,35,2020-04-23,1,Changed Mind
75627,2022-06-05,1370,754,8,2022-07-02,1,Wrong Item
59278,2022-05-19,1319,1477,38,2022-06-12,1,Wrong Item
37763,2022-02-22,1643,4672,99,2022-03-09,1,Wrong Item
56868,2019-12-29,1366,235,13,2020-01-01,1,Defective
3608,2023-02-19,1806,967,80,2023-02-28,1,Wrong Item
27965,2022-06-28,664,4117,29,2022-07-17,1,Defective
55274,2019-07-14,1474,3056,75,2019-07-28,1,Changed Mind
59647,2019-07-21,1014,4674,26,2019-08-07,1,Defective
13209,2020-09-05,698,168,58,2020-09-10,1,Changed Mind
48419,2019-12-28,1155,2766,75,2020-01-15,1,Defective
89681,2023-09-23,785,3736,92,2023-09-25,1,Changed Mind
31016,2019-10-10,1989,899,8,2019-10-21,1,Defective
53526,2021-02-06,1164,90,88,2021-02-08,1,Wrong Item
40571,2023-01-08,1409,4645,13,2023-01-22,1,Wrong Item
21273,2022-11-07,1490,1646,57,2022-11-20,1,Defective
66944,2022-02-28,224,3361,77,2022-03-11,1,Defective
64156,2023-08-25,12,276,56,2023-09-15,1,Changed Mind
92351,2021-03-25,1227,4180,7,2021-04-12,1,Wrong Item
27105,2022-07-26,1271,4483,46,2022-07-30,1,Defective
97907,2020-12-15,1109,3339,71,2021-01-02,1,Defective
92407,2021-08-26,520,3852,57,2021-09-08,1,Wrong Item
97871,2019-12-13,1875,3008,100,2020-01-01,1,Changed Mind
7168,2023-03-10,279,984,66,2023-03-27,1,Changed Mind
41261,2021-01-05,847,2549,92,2021-01-23,1,Changed Mind
46885,2023-06-30,222,3784,23,2023-07-03,1,Wrong Item
51415,2021-12-10,1329,3561,94,2021-12-26,1,Defective
92435,2020-06-08,404,1217,66,2020-06-21,1,Defective
18438,2021-09-06,1679,1519,44,2021-10-02,1,Wrong Item
50597,2022-08-06,324,3662,78,2022-09-02,1,Defective
78186,2023-03-30,1081,4743,91,2023-04-14,1,Wrong Item
68278,2021-05-24,481,2069,24,2021-06-17,1,Changed Mind
91016,2023-05-09,709,4308,32,2023-06-03,1,Wrong Item
74198,2022-04-23,1901,4949,46,2022-05-15,1,Changed Mind
51182,2019-07-29,362,1663,95,2019-08-07,1,Changed Mind
53881,2022-09-11,1129,2084,85,2022-09-20,1,Changed Mind
88132,2021-02-03,655,2253,67,2021-02-18,1,Defective
794,2023-12-19,1377,2431,57,2023-12-21,1,Defective
67530,2020-01-25,750,3585,43,2020-02-02,1,Changed Mind
58107,2023-10-23,93,3959,47,2023-11-18,1,Changed Mind
4614,2022-11-29,891,2323,55,2022-12-24,1,Changed Mind
99299,2022-05-21,551,3256,43,2022-05-27,1,Wrong Item
43557,2020-11-07,60,2796,81,2020-11-18,1,Defective
98546,2021-02-13,1412,3180,95,2021-03-08,1,Defective
89682,2022-01-22,248,3100,74,2022-02-03,1,Wrong Item
16679,2022-07-05,363,1620,66,2022-07-25,1,Changed Mind
40867,2019-07-17,1440,3510,97,2019-07-21,1,Changed Mind
65736,2023-04-15,699,3714,45,2023-05-09,1,Wrong Item
90784,2020-12-25,1029,770,47,2021-01-23,1,Changed Mind
49974,2022-06-18,763,2149,13,2022-07-03,1,Wrong Item
8761,2021-12-02,1160,353,12,2021-12-05,1,Changed Mind
14484,2021-03-22,833,289,4,2021-03-28,1,Defective
77092,2020-06-07,1728,4490,57,2020-06-28,1,Defective
73053,2022-12-28,1968,4673,38,2023-01-10,1,Changed Mind
43707,2022-10-11,21,907,6,2022-10-17,1,Defective
57939,2022-05-27,1906,4202,85,2022-06-17,1,Changed Mind
55641,2022-06-16,1189,3188,21,2022-06-25,1,Defective
33172,2019-01-19,1863,1251,38,2019-02-13,1,Changed Mind
51983,2022-01-17,705,3298,70,2022-01-25,1,Changed Mind
15531,2021-09-14,988,1307,2,2021-09-30,1,Defective
78376,2022-05-19,1938,2025,80,2022-06-17,1,Defective
16250,2020-04-25,4,448,66,2020-05-07,1,Defective
23009,2020-11-09,1916,4823,70,2020-11-21,1,Defective
13974,2021-06-30,200,3641,39,2021-07-05,1,Defective
48619,2022-11-26,1269,4510,61,2022-12-06,1,Changed Mind
24666,2023-06-10,14,2753,76,2023-06-14,1,Defective
39691,2020-09-10,1139,2946,83,2020-10-03,1,Wrong Item
25292,2023-05-24,571,1791,25,2023-06-17,1,Wrong Item
23111,2022-10-13,1413,4101,79,2022-10-26,1,Wrong Item
62811,2020-11-11,329,4860,23,2020-11-24,1,Changed Mind
71070,2021-04-26,1662,846,28,2021-05-16,1,Defective
16228,2019-07-31,1279,382,31,2019-08-16,1,Changed Mind
35308,2019-09-12,219,1059,69,2019-09-28,1,Wrong Item
33226,2022-04-19,1195,430,26,2022-04-24,1,Defective
16370,2019-11-06,281,4102,29,2019-11-09,1,Changed Mind
99575,2023-09-10,1547,2202,92,2023-09-27,1,Wrong Item
95794,2023-12-20,549,222,15,2024-01-07,1,Wrong Item
47678,2019-04-26,331,1438,88,2019-05-11,1,Changed Mind
39481,2020-02-19,1791,3477,74,2020-02-22,1,Defective
7624,2022-08-13,1018,2422,22,2022-08-19,1,Defective
18576,2021-06-22,329,4273,86,2021-07-21,1,Wrong Item
99244,2019-06-26,1836,3804,81,2019-07-12,1,Wrong Item
54624,2023-07-01,401,3550,24,2023-07-25,1,Defective
8498,2021-07-01,1229,1271,95,2021-07-25,1,Wrong Item
53654,2021-08-03,1797,1639,48,2021-08-18,1,Defective
76049,2021-09-09,1156,2492,22,2021-09-21,1,Changed Mind
26487,2020-01-13,1048,4100,11,2020-01-27,1,Wrong Item
42433,2023-08-13,180,2028,69,2023-08-21,1,Changed Mind
5880,2019-05-26,364,3019,90,2019-06-14,1,Wrong Item
20018,2023-03-26,1908,573,83,2023-04-24,1,Changed Mind
88212,2019-04-23,863,465,96,2019-05-19,1,Defective
3301,2019-07-28,1909,222,37,2019-08-19,1,Defective
38826,2021-02-01,1996,1520,52,2021-02-17,1,Changed Mind
22715,2019-06-07,211,1105,32,2019-07-01,1,Changed Mind
10889,2019-07-05,454,2937,2,2019-07-29,1,Wrong Item
65805,2023-02-11,727,3945,3,2023-02-18,1,Defective
58539,2019-03-15,922,1138,83,2019-03-26,1,Wrong Item
26675,2021-11-12,961,2061,40,2021-12-10,1,Wrong Item
21702,2019-07-30,1069,3747,49,2019-08-23,1,Wrong Item
73842,2022-09-19,1697,4350,57,2022-10-18,1,Changed Mind
14347,2022-09-08,505,2989,8,2022-09-14,1,Wrong Item
89252,2023-03-31,500,4253,21,2023-04-07,1,Changed Mind
17031,2023-03-30,211,4339,52,2023-04-08,1,Defective
74531,2022-06-17,1948,2406,23,2022-06-27,1,Wrong Item
89591,2021-07-25,1711,3480,82,2021-07-31,1,Defective
67478,2020-05-25,663,422,44,2020-06-19,1,Wrong Item
4507,2020-08-08,1558,2005,18,2020-08-15,1,Wrong Item
78303,2021-11-01,1606,2184,13,2021-11-20,1,Changed Mind
69791,2022-01-10,244,3119,67,2022-02-02,1,Changed Mind
53143,2020-09-07,873,2278,25,2020-09-21,1,Changed Mind
54173,2020-09-27,1020,502,56,2020-10-04,1,Changed Mind
90545,2019-10-10,1286,1607,37,2019-10-21,1,Wrong Item
92910,2022-07-31,666,4084,42,2022-08-26,1,Changed Mind
3423,2019-02-01,1766,2362,40,2019-02-27,1,Defective
10400,2019-04-21,414,3777,63,2019-05-11,1,Changed Mind
92392,2020-07-20,1232,4292,90,2020-07-29,1,Defective
99202,2020-06-23,1897,3265,22,2020-06-29,1,Wrong Item
29561,2023-06-05,1963,4333,54,2023-06-16,1,Wrong Item
41118,2019-11-27,595,2647,84,2019-12-18,1,Changed Mind
48073,2019-10-01,196,4493,8,2019-10-10,1,Changed Mind
32538,2020-08-21,384,3200,76,2020-09-16,1,Changed Mind
26978,2019-05-05,1524,2563,51,2019-05-25,1,Wrong Item
71922,2022-11-28,1741,4908,95,2022-12-18,1,Defective
40368,2020-10-22,1309,837,9,2020-10-25,1,Changed Mind
73857,2022-04-03,1090,1291,1,2022-04-08,1,Wrong Item
62450,2023-11-09,732,3588,3,2023-12-05,1,Defective
3117,2022-06-30,1408,3489,37,2022-07-26,1,Changed Mind
72523,2020-08-23,1252,974,30,2020-09-03,1,Wrong Item
61946,2023-08-02,1679,229,58,2023-08-23,1,Wrong Item
71096,2022-04-04,215,1126,36,2022-05-01,1,Changed Mind
11605,2021-02-03,275,1846,13,2021-03-01,1,Wrong Item
5396,2022-06-01,1211,2608,71,2022-06-28,1,Defective
53549,2019-01-01,1566,1562,60,2019-01-19,1,Wrong Item
40494,2020-01-09,416,529,7,2020-01-27,1,Changed Mind
21078,2019-01-12,1029,4056,44,2019-01-29,1,Changed Mind
56375,2023-11-13,625,475,22,2023-11-26,1,Changed Mind
83629,2020-05-10,936,4149,8,2020-05-30,1,Defective
94229,2020-04-11,1346,2268,10,2020-04-29,1,Wrong Item
45129,2023-03-30,780,4562,12,2023-04-28,1,Wrong Item
39214,2023-06-23,1030,1685,45,2023-07-18,1,Wrong Item
68270,2020-11-14,1961,479,20,2020-11-18,1,Changed Mind
21783,2019-01-14,1105,4553,81,2019-01-19,1,Wrong Item
34251,2020-07-03,1848,3451,61,2020-07-29,1,Changed Mind
89192,2023-04-01,992,2183,77,2023-04-03,1,Defective
65516,2021-06-08,1140,3019,90,2021-07-07,1,Defective
39011,2020-08-16,758,3821,27,2020-08-24,1,Changed Mind
28057,2023-03-23,138,2677,46,2023-04-06,1,Changed Mind
67973,2022-12-16,1894,1751,50,2022-12-26,1,Defective
32582,2023-05-28,1713,3310,24,2023-06-02,1,Defective
41828,2020-06-24,1642,330,93,2020-07-11,1,Changed Mind
80842,2022-11-05,1552,2747,30,2022-11-25,1,Wrong Item
98520,2023-08-10,1682,1219,15,2023-08-13,1,Defective
12996,2020-09-25,1604,1946,7,2020-10-19,1,Defective
41848,2021-11-03,1286,1237,42,2021-11-26,1,Defective
22175,2020-09-29,1232,2652,89,2020-10-26,1,Defective
39913,2019-07-28,269,358,81,2019-08-08,1,Changed Mind
97409,2022-08-13,1398,3727,96,2022-09-10,1,Wrong Item
32783,2020-07-23,1351,1965,42,2020-07-29,1,Changed Mind
60774,2019-03-24,825,4668,84,2019-04-09,1,Wrong Item
51406,2021-04-04,1453,1156,53,2021-04-12,1,Changed Mind
4008,2022-01-12,636,2005,3,2022-01-26,1,Wrong Item
32639,2022-08-16,200,4936,25,2022-08-31,1,Wrong Item
37153,2022-03-09,1800,3479,15,2022-03-11,1,Defective
92554,2023-08-06,513,4470,56,2023-08-24,1,Wrong Item
45948,2022-05-15,1973,1927,61,2022-05-23,1,Defective
50816,2023-10-27,1366,1376,38,2023-11-23,1,Wrong Item
4023,2020-04-15,840,3596,16,2020-04-29,1,Wrong Item
18929,2020-04-10,1742,4321,64,2020-04-19,1,Defective
34441,2021-01-11,442,736,92,2021-01-15,1,Defective
33318,2020-02-11,1186,8,73,2020-02-15,1,Wrong Item
30471,2019-08-27,1411,778,1,2019-09-25,1,Changed Mind
87889,2022-06-28,1286,1289,30,2022-07-23,1,Defective
29139,2023-12-02,410,563,64,2023-12-04,1,Wrong Item
29243,2020-05-01,426,4116,8,2020-05-23,1,Changed Mind
89018,2020-06-10,1328,1424,44,2020-07-08,1,Defective
86190,2021-12-26,1374,3836,28,2022-01-02,1,Wrong Item
85584,2020-05-26,665,1765,49,2020-06-22,1,Changed Mind
45030,2021-08-11,395,4741,95,2021-08-26,1,Wrong Item
94263,2019-06-23,1918,874,11,2019-07-13,1,Defective
56076,2023-01-18,643,2611,51,2023-02-13,1,Defective
36198,2021-11-24,1591,2475,10,2021-12-09,1,Changed Mind
2269,2020-11-07,685,4215,36,2020-11-24,1,Defective
69941,2021-05-10,528,636,98,2021-05-24,1,Wrong Item
97413,2022-05-12,932,879,99,2022-06-09,1,Changed Mind
57698,2019-02-21,169,1097,89,2019-03-07,1,Changed Mind
43860,2021-07-10,719,3799,67,2021-08-07,1,Defective
84593,2021-06-24,1889,2629,64,2021-07-23,1,Changed Mind
99219,2019-09-20,873,1684,13,2019-09-25,1,Changed Mind
26515,2023-06-25,753,3315,89,2023-07-17,1,Defective
70019,2023-08-15,750,4136,31,2023-09-06,1,Defective
5131,2023-06-18,268,537,93,2023-06-28,1,Changed Mind
18812,2021-10-17,1557,92,56,2021-11-08,1,Wrong Item
14968,2020-11-15,248,4752,9,2020-12-14,1,Wrong Item
39899,2023-02-19,194,4517,44,2023-03-12,1,Defective
81203,2022-05-29,1340,4429,5,2022-06-24,1,Changed Mind
35979,2022-11-13,724,3640,8,2022-11-27,1,Defective
9997,2019-04-13,1307,4596,57,2019-05-04,1,Defective
21899,2023-12-25,1442,3111,21,2024-01-23,1,Changed Mind
7782,2021-02-11,1463,520,32,2021-02-13,1,Wrong Item
19850,2020-01-13,654,33,63,2020-01-17,1,Changed Mind
27744,2020-08-22,1820,247,53,2020-09-08,1,Wrong Item
83822,2023-04-24,17,2505,30,2023-05-19,1,Defective
3843,2022-08-05,605,1784,34,2022-08-20,1,Wrong Item
21514,2020-12-06,1725,1531,99,2020-12-08,1,Changed Mind
26687,2022-03-25,1968,1954,38,2022-04-13,1,Wrong Item
8271,2021-02-25,1114,2428,56,2021-03-16,1,Wrong Item
78356,2021-10-21,1513,1569,55,2021-11-10,1,Wrong Item
43439,2022-09-03,252,865,22,2022-09-05,1,Defective
2728,2021-01-29,319,2812,61,2021-02-18,1,Changed Mind
96373,2019-03-21,62,3410,89,2019-03-27,1,Defective
75624,2023-06-06,1032,1533,11,2023-06-14,1,Wrong Item
94146,2019-12-13,861,3983,59,2019-12-25,1,Changed Mind
27260,2020-07-05,188,433,60,2020-07-18,1,Defective
63556,2019-03-13,147,2678,92,2019-04-05,1,Changed Mind
26481,2023-02-18,1872,3358,68,2023-03-05,1,Defective
55448,2020-06-17,879,2027,36,2020-07-14,1,Wrong Item
84058,2022-09-12,693,1578,50,2022-10-05,1,Wrong Item
47223,2022-01-13,900,2438,38,2022-02-05,1,Defective
49807,2023-08-14,1169,3052,8,2023-09-09,1,Changed Mind
31379,2019-06-29,612,4527,37,2019-07-18,1,Defective
27865,2023-11-09,338,1981,56,2023-11-25,1,Wrong Item
52111,2021-08-28,1394,3754,43,2021-09-11,1,Changed Mind
22385,2023-09-19,170,4611,11,2023-10-08,1,Changed Mind
13671,2022-04-14,278,542,61,2022-04-22,1,Changed Mind
91362,2021-12-11,741,3129,47,2021-12-28,1,Wrong Item
87580,2019-03-28,929,2190,52,2019-04-07,1,Changed Mind
22603,2019-10-30,1712,2267,84,2019-11-08,1,Defective
95707,2021-10-14,390,2857,77,2021-10-24,1,Defective
34996,2023-12-14,1021,1333,29,2023-12-29,1,Changed Mind
26088,2019-05-24,1230,3755,6,2019-06-19,1,Wrong Item
57934,2021-11-20,524,1560,93,2021-12-04,1,Wrong Item
70350,2019-09-11,1219,1920,69,2019-09-27,1,Wrong Item
20534,2020-03-06,1937,77,98,2020-03-23,1,Wrong Item
39786,2021-03-19,1475,28,49,2021-04-07,1,Changed Mind
98884,2023-10-23,795,1971,39,2023-11-07,1,Wrong Item
43425,2022-03-18,371,3420,51,2022-03-26,1,Wrong Item
23389,2023-12-10,45,2406,46,2023-12-14,1,Wrong Item
26121,2019-04-21,362,3445,16,2019-04-30,1,Defective
54451,2023-09-10,985,2236,37,2023-09-25,1,Defective
30726,2022-04-14,911,551,91,2022-04-23,1,Defective
92408,2019-12-19,994,4346,78,2020-01-03,1,Wrong Item
15698,2022-09-03,127,565,64,2022-09-15,1,Defective
26024,2021-06-12,1952,2884,99,2021-07-03,1,Changed Mind
65803,2019-12-03,768,4677,74,2019-12-20,1,Changed Mind
27832,2022-03-11,533,3869,61,2022-04-05,1,Defective
7581,2020-12-18,394,1340,21,2020-12-20,1,Changed Mind
60970,2023-12-12,1887,3973,36,2023-12-26,1,Defective
79504,2019-12-12,1860,254,18,2019-12-18,1,Wrong Item
60416,2022-07-02,1470,4278,56,2022-07-22,1,Defective
44211,2022-03-08,893,2861,67,2022-03-28,1,Defective
33622,2021-09-01,156,1359,64,2021-09-10,1,Changed Mind
79693,2021-07-25,725,1119,14,2021-08-06,1,Wrong Item
7573,2023-04-16,1416,1665,85,2023-05-13,1,Defective
4344,2022-12-28,53,2103,76,2023-01-02,1,Changed Mind
63465,2020-01-18,1068,303,82,2020-02-08,1,Wrong Item
51845,2019-11-09,978,2797,66,2019-11-12,1,Wrong Item
44520,2022-10-14,1931,2611,45,2022-11-05,1,Changed Mind
48159,2020-03-11,393,4022,78,2020-03-26,1,Changed Mind
89721,2021-05-01,1703,4026,71,2021-05-20,1,Changed Mind
30949,2023-06-16,1980,1980,66,2023-06-27,1,Changed Mind
40134,2023-10-24,1546,280,64,2023-10-28,1,Wrong Item
11421,2021-03-16,1190,1450,17,2021-03-25,1,Defective
59522,2020-05-02,985,1004,13,2020-05-29,1,Defective
58913,2023-11-17,802,4973,61,2023-11-24,1,Defective
8450,2021-10-06,1150,3234,15,2021-10-24,1,Wrong Item
74497,2021-06-15,756,1230,58,2021-06-30,1,Wrong Item
76232,2023-03-12,1126,2350,22,2023-03-28,1,Defective
65927,2020-08-15,483,381,41,2020-09-07,1,Wrong Item
8816,2021-06-16,987,3762,40,2021-07-03,1,Defective
80376,2021-04-04,498,2557,63,2021-04-11,1,Changed Mind
44750,2023-01-28,581,3958,2,2023-02-22,1,Changed Mind
99132,2019-06-30,962,276,93,2019-07-24,1,Changed Mind
30283,2022-07-29,1797,2061,23,2022-08-10,1,Defective
1816,2022-02-01,1630,4996,33,2022-02-21,1,Defective
58403,2023-08-02,1842,4797,29,2023-08-28,1,Changed Mind
14122,2023-12-14,1755,3229,74,2024-01-06,1,Wrong Item
25143,2020-03-24,1477,2775,81,2020-04-10,1,Changed Mind
47558,2022-01-06,339,2042,35,2022-01-20,1,Changed Mind
14182,2021-07-15,158,3663,6,2021-08-13,1,Wrong Item
88251,2019-04-25,393,1452,27,2019-04-27,1,Defective
95336,2022-04-21,861,1083,16,2022-05-12,1,Changed Mind
9592,2023-06-10,1135,1786,73,2023-07-01,1,Wrong Item
33641,2020-12-23,987,3455,81,2020-12-27,1,Wrong Item
46101,2022-10-04,1668,894,80,2022-10-11,1,Defective
20901,2022-01-01,1194,3074,49,2022-01-15,1,Defective
35705,2022-12-24,502,4877,74,2023-01-10,1,Wrong Item
30421,2019-02-16,606,1836,20,2019-03-12,1,Wrong Item
61584,2019-09-04,1491,1927,18,2019-09-12,1,Defective
56193,2021-11-05,839,530,100,2021-11-22,1,Wrong Item
60487,2020-06-29,173,3810,100,2020-07-27,1,Wrong Item
81966,2021-03-26,469,532,71,2021-03-27,1,Defective
85508,2019-10-26,163,1314,45,2019-11-19,1,Wrong Item
17309,2020-12-05,1883,4720,60,2020-12-13,1,Wrong Item
90100,2020-11-12,1014,2752,63,2020-11-19,1,Wrong Item
43856,2021-12-06,966,649,98,2021-12-28,1,Defective
61960,2022-04-18,1808,397,21,2022-05-08,1,Wrong Item
28590,2023-02-08,172,3207,71,2023-02-20,1,Changed Mind
80788,2019-03-03,1058,919,77,2019-03-30,1,Wrong Item
43244,2019-02-15,1845,1717,17,2019-02-27,1,Defective
13811,2019-09-29,637,2258,72,2019-09-30,1,Wrong Item
20300,2023-11-28,306,1260,80,2023-12-09,1,Defective
87359,2021-11-02,1614,2511,21,2021-11-23,1,Changed Mind
83835,2022-09-10,232,1485,5,2022-09-11,1,Changed Mind
32115,2021-10-27,233,2408,50,2021-11-02,1,Wrong Item
64322,2019-11-13,1890,3191,63,2019-12-01,1,Changed Mind
95660,2020-10-14,1343,2857,1,2020-10-19,1,Changed Mind
55171,2023-10-29,1201,3734,60,2023-11-19,1,Wrong Item
69436,2021-08-23,472,4347,66,2021-08-30,1,Wrong Item
29212,2019-10-11,228,769,56,2019-10-18,1,Defective
774,2021-03-16,155,3860,81,2021-03-19,1,Defective
77329,2021-07-23,133,3559,49,2021-08-11,1,Wrong Item
37407,2023-07-19,1376,3864,33,2023-07-29,1,Defective
48768,2022-01-06,1246,2369,38,2022-01-23,1,Wrong Item
26102,2023-06-13,1775,4480,13,2023-06-23,1,Defective
9164,2023-03-20,359,4290,87,2023-04-10,1,Changed Mind
96512,2020-12-28,1693,2937,54,2021-01-18,1,Defective
21642,2019-12-28,1544,369,19,2020-01-12,1,Defective
82182,2021-05-02,1538,2878,87,2021-05-06,1,Defective
23127,2019-05-08,695,3550,21,2019-06-04,1,Changed Mind
78467,2022-06-14,1650,2119,2,2022-07-10,1,Defective
26042,2021-05-05,1112,1955,14,2021-05-23,1,Wrong Item
42327,2022-08-13,1419,1181,85,2022-09-05,1,Changed Mind
55835,2022-05-14,1044,4713,87,2022-06-11,1,Wrong Item
55741,2023-07-09,1993,1970,100,2023-07-17,1,Defective
17721,2023-03-28,1955,3460,75,2023-04-07,1,Defective
48154,2023-01-19,200,757,38,2023-02-02,1,Wrong Item
27556,2019-09-12,940,2786,100,2019-09-15,1,Changed Mind
44194,2020-04-15,1116,1962,55,2020-04-24,1,Wrong Item
78249,2021-03-17,525,3605,91,2021-04-08,1,Defective
35602,2020-11-05,928,4094,83,2020-11-25,1,Defective
72161,2023-05-27,1624,3893,66,2023-06-15,1,Changed Mind
91747,2021-08-05,191,2703,73,2021-08-14,1,Wrong Item
65704,2019-06-09,633,437,79,2019-06-12,1,Wrong Item
59370,2020-07-27,430,1769,38,2020-08-22,1,Wrong Item
10956,2021-11-06,434,1318,89,2021-11-27,1,Defective
41627,2023-08-07,956,2224,27,2023-08-27,1,Changed Mind
81283,2022-07-23,606,4826,72,2022-07-29,1,Wrong Item
65333,2020-07-02,732,3326,45,2020-07-24,1,Defective
75438,2021-09-21,1362,762,42,2021-09-22,1,Defective
29187,2023-05-26,439,2741,25,2023-06-18,1,Wrong Item
95001,2022-06-13,1028,3887,85,2022-06-29,1,Defective
73001,2023-09-01,1387,3182,10,2023-09-24,1,Wrong Item
65957,2023-07-18,1225,4807,3,2023-07-26,1,Wrong Item
17821,2022-01-24,927,2886,86,2022-01-30,1,Wrong Item
3661,2021-11-12,821,1106,20,2021-11-18,1,Changed Mind
83713,2023-01-25,1173,4159,71,2023-01-26,1,Changed Mind
77533,2022-05-25,1250,165,21,2022-06-15,1,Wrong Item
26028,2022-09-26,1891,2612,75,2022-10-14,1,Wrong Item
71191,2021-10-30,483,3884,52,2021-11-17,1,Defective
51289,2020-12-29,847,4350,87,2021-01-13,1,Changed Mind
7663,2020-03-19,1676,2128,79,2020-04-17,1,Changed Mind
39054,2022-05-15,1086,274,62,2022-05-26,1,Wrong Item
20453,2021-06-08,202,877,16,2021-06-20,1,Defective
33967,2023-12-26,1926,3485,46,2024-01-15,1,Changed Mind
37688,2021-05-05,693,400,45,2021-05-18,1,Changed Mind
9482,2022-02-04,1214,1010,52,2022-03-03,1,Defective
36276,2020-07-19,840,870,45,2020-08-03,1,Wrong Item
53090,2019-04-25,70,3380,69,2019-05-07,1,Changed Mind
54815,2019-07-15,350,3511,84,2019-08-07,1,Changed Mind
73251,2022-06-16,1911,2249,73,2022-06-22,1,Defective
18631,2020-11-04,608,3386,60,2020-11-21,1,Changed Mind
7589,2019-04-10,932,2009,4,2019-04-21,1,Wrong Item
96422,2021-02-11,1331,3983,3,2021-03-11,1,Defective
52295,2019-05-31,1094,506,70,2019-06-11,1,Changed Mind
96276,2019-12-03,1639,4176,4,2019-12-12,1,Wrong Item
4229,2020-08-13,518,1310,2,2020-08-30,1,Changed Mind
93820,2022-02-19,365,1501,83,2022-02-26,1,Changed Mind
63338,2023-01-03,1587,222,85,2023-01-25,1,Wrong Item
37170,2023-11-29,1103,2195,70,2023-12-15,1,Defective
93952,2023-05-20,1361,130,59,2023-06-05,1,Changed Mind
48541,2019-02-12,1986,684,26,2019-03-10,1,Defective
68181,2022-08-08,688,2664,46,2022-08-21,1,Wrong Item
36591,2021-06-19,1702,2780,22,2021-07-15,1,Changed Mind
9701,2023-09-18,1102,1664,97,2023-10-08,1,Changed Mind
49810,2022-07-20,340,3690,48,2022-08-06,1,Defective
24857,2023-10-31,845,3595,34,2023-11-22,1,Changed Mind
65458,2020-04-03,806,3157,16,2020-05-02,1,Changed Mind
52367,2023-03-10,1156,1217,51,2023-03-25,1,Changed Mind
18474,2020-10-23,536,1096,79,2020-11-19,1,Defective
53634,2023-10-01,470,4778,96,2023-10-23,1,Defective
81967,2022-05-27,1952,1419,47,2022-06-02,1,Changed Mind
16029,2019-03-24,1572,448,59,2019-03-28,1,Changed Mind
33682,2021-10-03,217,1668,53,2021-10-09,1,Changed Mind
40213,2020-08-14,284,2145,17,2020-09-06,1,Wrong Item
86632,2019-09-30,1093,3441,57,2019-10-22,1,Wrong Item
66824,2019-03-11,1079,3349,79,2019-03-23,1,Defective
7829,2019-10-05,1076,2567,9,2019-10-12,1,Wrong Item
67240,2021-01-29,1294,2261,55,2021-02-24,1,Wrong Item
89489,2021-10-02,111,2328,98,2021-10-12,1,Wrong Item
2060,2021-11-07,628,3391,68,2021-12-01,1,Changed Mind
81834,2023-12-12,1088,1328,69,2024-01-01,1,Wrong Item
57209,2019-01-24,268,902,89,2019-02-11,1,Changed Mind
76322,2021-03-17,19,4288,82,2021-04-08,1,Wrong Item
7764,2023-09-11,562,323,100,2023-09-21,1,Defective
51385,2019-04-13,507,2095,19,2019-04-19,1,Changed Mind
86288,2023-05-16,1006,1885,62,2023-05-24,1,Changed Mind
62619,2023-06-25,1345,4713,13,2023-07-19,1,Wrong Item
48620,2022-11-14,1618,1778,72,2022-11-29,1,Defective
93477,2022-03-09,1946,4386,30,2022-04-03,1,Defective
37899,2021-10-26,1298,3550,99,2021-11-24,1,Changed Mind
66332,2019-01-29,1432,2736,67,2019-02-11,1,Changed Mind
82691,2019-11-26,1604,1049,73,2019-12-12,1,Defective
39570,2021-07-03,1591,1852,90,2021-07-14,1,Changed Mind
27337,2023-01-02,146,785,93,2023-01-29,1,Defective
58024,2020-09-03,231,1828,73,2020-10-01,1,Changed Mind
47693,2020-10-13,693,2387,77,2020-11-06,1,Changed Mind
18551,2020-01-14,40,1857,52,2020-02-05,1,Defective
53186,2022-07-09,784,860,68,2022-08-02,1,Changed Mind
12549,2022-11-18,1829,993,43,2022-12-07,1,Changed Mind
97192,2021-09-25,1038,850,89,2021-10-02,1,Defective
33539,2019-05-17,1453,4647,93,2019-06-06,1,Defective
44619,2023-06-07,560,2819,59,2023-06-11,1,Changed Mind
98024,2021-06-13,187,923,30,2021-06-14,1,Defective
58717,2020-10-14,758,2988,42,2020-10-31,1,Wrong Item
38005,2022-11-09,17,1673,44,2022-11-18,1,Wrong Item
53444,2021-03-27,1671,3576,51,2021-04-16,1,Wrong Item
90825,2020-01-10,1235,4368,30,2020-01-23,1,Wrong Item
136,2022-07-12,1189,2454,89,2022-07-16,1,Wrong Item
90372,2023-01-02,587,4710,34,2023-01-16,1,Changed Mind
82714,2021-01-09,1910,160,5,2021-01-30,1,Changed Mind
9052,2022-02-18,1061,2664,39,2022-03-08,1,Changed Mind
50025,2023-06-30,1966,1637,56,2023-07-12,1,Defective
53023,2023-02-12,159,2427,83,2023-02-23,1,Changed Mind
62087,2020-07-14,1392,3108,78,2020-08-07,1,Wrong Item
13954,2020-08-17,1971,1045,62,2020-09-11,1,Wrong Item
87472,2019-11-23,506,276,44,2019-11-29,1,Changed Mind
31023,2021-06-08,1563,4063,11,2021-07-05,1,Wrong Item
95177,2019-11-06,1077,3200,92,2019-11-15,1,Wrong Item
22312,2020-01-19,1399,3622,52,2020-02-14,1,Defective
27287,2020-05-07,876,2224,96,2020-06-02,1,Defective
97733,2023-08-15,1005,2596,17,2023-08-16,1,Defective
66478,2020-12-14,66,2492,35,2020-12-23,1,Wrong Item
99858,2021-04-08,1648,4597,58,2021-04-09,1,Changed Mind
56519,2019-12-10,569,4887,50,2019-12-30,1,Wrong Item
49572,2019-12-17,547,3847,95,2020-01-09,1,Wrong Item
18140,2019-02-27,1213,2608,56,2019-02-28,1,Changed Mind
59210,2020-09-11,1836,1651,3,2020-09-19,1,Defective
32486,2019-12-02,3,736,64,2019-12-11,1,Changed Mind
84856,2019-07-06,1762,412,73,2019-07-31,1,Changed Mind
38247,2020-12-11,1183,1880,53,2021-01-07,1,Changed Mind
66370,2022-09-29,151,3260,83,2022-10-05,1,Defective
52787,2023-07-07,1905,1292,46,2023-07-14,1,Wrong Item
34303,2019-05-12,1017,2708,69,2019-05-25,1,Wrong Item
60244,2021-07-26,136,525,36,2021-07-30,1,Wrong Item
72148,2021-09-28,1989,798,20,2021-10-22,1,Wrong Item
65707,2022-07-27,1590,2644,60,2022-08-25,1,Wrong Item
11728,2021-09-10,1466,147,18,2021-10-09,1,Changed Mind
3615,2021-01-26,620,2565,84,2021-02-13,1,Defective
86168,2019-03-10,115,4315,92,2019-03-31,1,Changed Mind
19528,2020-06-25,84,3616,77,2020-07-19,1,Changed Mind
87604,2023-03-05,840,3607,95,2023-03-24,1,Wrong Item
46083,2023-02-17,208,4232,24,2023-03-18,1,Changed Mind
92034,2020-06-11,1303,497,20,2020-07-06,1,Changed Mind
47371,2019-10-07,1572,3968,31,2019-10-30,1,Defective
43422,2021-10-05,290,4629,12,2021-10-22,1,Defective
38595,2021-02-07,455,3378,47,2021-02-09,1,Wrong Item
32719,2021-01-14,1422,3026,83,2021-01-16,1,Defective
53894,2019-10-28,416,290,58,2019-10-30,1,Wrong Item
58714,2023-06-14,640,3293,24,2023-06-30,1,Wrong Item
5642,2019-04-30,832,1316,87,2019-05-04,1,Defective
64779,2020-07-06,1782,713,39,2020-07-31,1,Defective
27924,2023-11-04,563,2320,30,2023-11-26,1,Defective
2786,2022-10-15,136,4379,52,2022-11-01,1,Changed Mind
28428,2021-09-25,164,4325,56,2021-09-29,1,Changed Mind
44645,2023-09-06,1010,1186,58,2023-09-27,1,Defective
93193,2023-10-04,741,1558,57,2023-11-02,1,Changed Mind
67781,2021-02-11,1803,3826,61,2021-03-11,1,Changed Mind
32073,2019-07-02,1358,2369,33,2019-07-15,1,Defective
43696,2023-12-19,782,2699,84,2024-01-14,1,Defective
41219,2021-07-08,688,3360,17,2021-07-13,1,Defective
61329,2019-06-01,605,3691,53,2019-06-19,1,Changed Mind
64161,2023-11-25,1666,1831,55,2023-12-09,1,Wrong Item
52469,2020-06-16,1041,3858,35,2020-07-01,1,Changed Mind
96477,2020-03-28,104,4990,97,2020-04-15,1,Defective
48450,2023-11-12,1327,781,73,2023-11-16,1,Defective
63200,2022-08-04,865,4989,86,2022-08-09,1,Wrong Item
4052,2023-09-25,774,423,65,2023-09-27,1,Wrong Item
13023,2021-11-21,370,986,44,2021-11-23,1,Defective
3173,2022-10-27,830,2632,59,2022-11-23,1,Wrong Item
58378,2019-03-22,795,2156,20,2019-04-10,1,Defective
82670,2023-07-19,1801,3329,61,2023-08-13,1,Changed Mind
6399,2022-06-28,1263,1789,98,2022-07-22,1,Wrong Item
72031,2022-10-23,1644,2625,23,2022-11-16,1,Defective
13248,2019-07-02,1425,2131,24,2019-07-08,1,Wrong Item
25360,2023-01-26,73,1700,48,2023-02-15,1,Defective
54117,2022-10-03,94,4697,43,2022-10-17,1,Changed Mind
28313,2022-08-10,173,107,59,2022-08-27,1,Wrong Item
17692,2022-02-26,295,3522,94,2022-03-13,1,Changed Mind
33430,2022-06-22,958,1426,7,2022-07-21,1,Wrong Item
25073,2021-12-27,1148,2007,62,2022-01-09,1,Defective
61883,2022-06-25,36,1207,78,2022-07-09,1,Changed Mind
36860,2019-09-12,316,952,13,2019-09-25,1,Defective
27582,2023-12-10,1826,2208,5,2024-01-08,1,Changed Mind
78059,2022-05-22,1700,3202,76,2022-06-03,1,Defective
13829,2021-10-20,747,3005,36,2021-10-27,1,Changed Mind
48345,2023-08-11,1944,982,3,2023-09-04,1,Changed Mind
1369,2020-01-04,630,4513,88,2020-01-27,1,Wrong Item
76040,2021-05-12,915,2798,20,2021-05-17,1,Wrong Item
86960,2020-05-19,785,4482,94,2020-05-29,1,Changed Mind
24456,2019-11-19,1897,207,39,2019-11-26,1,Wrong Item
99670,2022-04-16,1666,2199,13,2022-05-08,1,Changed Mind
40452,2022-06-08,617,1742,69,2022-06-22,1,Defective
28147,2019-09-15,979,4393,48,2019-09-22,1,Defective
25621,2019-08-27,1869,774,22,2019-09-19,1,Wrong Item
81816,2019-11-15,1091,971,54,2019-11-18,1,Defective
69603,2020-08-17,1214,4629,91,2020-08-25,1,Changed Mind
50845,2019-11-20,596,1605,22,2019-12-09,1,Defective
35347,2023-06-13,1630,427,92,2023-06-19,1,Changed Mind
47339,2022-04-17,141,852,12,2022-05-05,1,Wrong Item
97203,2021-11-27,1737,3055,15,2021-12-13,1,Wrong Item
82401,2023-08-14,578,3123,11,2023-08-18,1,Wrong Item
47016,2019-08-15,1214,334,58,2019-08-18,1,Changed Mind
268,2023-08-05,303,4234,44,2023-08-06,1,Wrong Item
94538,2021-11-22,1335,4935,30,2021-12-04,1,Defective
97848,2021-02-05,50,4615,76,2021-02-15,1,Changed Mind
32441,2019-12-11,46,672,54,2020-01-07,1,Changed Mind
17373,2023-04-23,56,1698,3,2023-05-16,1,Changed Mind
53906,2023-07-29,1698,2989,32,2023-08-24,1,Changed Mind
38340,2023-02-08,864,339,62,2023-02-12,1,Wrong Item
66732,2020-07-05,1717,1488,92,2020-07-09,1,Changed Mind
65740,2023-04-21,1936,1153,2,2023-05-18,1,Defective
67280,2022-12-06,1414,1831,15,2022-12-10,1,Defective
31866,2021-01-25,1455,4535,71,2021-01-31,1,Wrong Item
61173,2020-09-14,1602,1889,100,2020-09-30,1,Changed Mind
53855,2021-09-27,1503,4708,8,2021-10-15,1,Defective
52911,2020-01-28,1115,853,46,2020-02-17,1,Changed Mind
15821,2019-03-28,1173,1305,79,2019-03-30,1,Changed Mind
23847,2019-07-05,958,2994,41,2019-08-03,1,Changed Mind
27653,2020-10-07,1610,1317,63,2020-10-26,1,Wrong Item
10013,2019-12-18,1330,2806,13,2020-01-15,1,Wrong Item
28517,2022-01-13,591,2308,21,2022-01-16,1,Changed Mind
72143,2020-02-20,819,1893,37,2020-03-15,1,Defective
1478,2020-01-01,721,1228,32,2020-01-28,1,Defective
73660,2021-05-22,1724,4757,90,2021-06-04,1,Wrong Item
21496,2019-01-29,1011,1251,61,2019-02-15,1,Defective
89835,2022-05-16,1686,1519,3,2022-05-26,1,Wrong Item
13947,2022-05-24,632,4345,63,2022-05-29,1,Defective
38416,2021-04-10,1843,2336,80,2021-04-24,1,Changed Mind
19595,2023-01-04,551,3443,32,2023-01-19,1,Defective
20476,2020-03-29,1876,2025,17,2020-04-18,1,Defective
10578,2021-04-28,539,868,87,2021-05-18,1,Changed Mind
96398,2020-06-16,301,2384,5,2020-06-25,1,Wrong Item
43250,2019-08-26,76,545,59,2019-09-23,1,Changed Mind
63760,2023-02-22,536,1536,34,2023-03-07,1,Wrong Item
67791,2023-07-04,1314,4425,13,2023-07-23,1,Wrong Item
41125,2019-05-19,188,4018,69,2019-06-13,1,Changed Mind
85015,2019-01-25,759,3560,45,2019-02-13,1,Defective
46427,2021-02-14,938,2993,34,2021-03-09,1,Wrong Item
69990,2021-09-30,1925,380,80,2021-10-07,1,Wrong Item
96663,2022-07-04,237,3615,95,2022-07-24,1,Wrong Item
50861,2019-06-06,444,4688,76,2019-07-05,1,Changed Mind
87395,2021-03-02,1460,632,4,2021-03-12,1,Changed Mind
76650,2023-02-13,216,612,94,2023-02-21,1,Wrong Item
51918,2022-08-10,433,2281,10,2022-08-27,1,Defective
99451,2023-07-18,1360,3109,46,2023-08-08,1,Wrong Item
27029,2021-05-03,456,2109,64,2021-05-08,1,Wrong Item
25663,2019-05-06,192,2201,70,2019-05-29,1,Wrong Item
30711,2021-12-15,322,2785,6,2022-01-09,1,Defective
30182,2020-10-25,1870,2140,85,2020-11-13,1,Wrong Item
73719,2021-08-18,132,1201,18,2021-09-12,1,Defective
53860,2020-06-01,1327,1147,19,2020-06-04,1,Wrong Item
12142,2020-03-16,1896,439,94,2020-03-31,1,Changed Mind
69972,2022-09-06,993,889,94,2022-09-15,1,Changed Mind
22222,2023-09-29,357,806,17,2023-09-30,1,Wrong Item
26385,2023-07-09,980,4458,64,2023-08-07,1,Defective
10280,2023-06-17,1289,2618,18,2023-07-14,1,Changed Mind
36205,2020-05-25,1029,4040,81,2020-06-16,1,Changed Mind
49534,2021-12-14,43,926,86,2022-01-11,1,Changed Mind
97058,2022-10-01,1965,660,14,2022-10-11,1,Changed Mind
23612,2020-07-22,1667,4474,17,2020-08-17,1,Defective
41960,2023-11-13,612,4746,8,2023-11-15,1,Changed Mind
66365,2023-03-23,1362,2937,2,2023-04-02,1,Defective
57671,2019-07-26,1380,1487,72,2019-07-31,1,Wrong Item
91931,2022-07-06,878,3828,97,2022-07-19,1,Changed Mind
53110,2020-04-02,1390,3404,48,2020-05-01,1,Changed Mind
25502,2020-07-07,106,3395,71,2020-08-05,1,Changed Mind
9660,2019-06-18,855,4376,4,2019-06-24,1,Defective
64299,2019-10-20,160,4244,65,2019-10-27,1,Changed Mind
83934,2021-12-18,990,1844,32,2022-01-15,1,Wrong Item
72610,2019-05-05,1071,513,97,2019-05-28,1,Wrong Item
7797,2019-06-15,846,867,30,2019-07-03,1,Changed Mind
41460,2021-02-18,1266,3029,67,2021-03-09,1,Defective
23605,2019-12-17,1420,713,74,2020-01-15,1,Defective
32539,2021-07-22,1706,1757,68,2021-08-02,1,Changed Mind
12230,2019-05-02,606,4104,11,2019-05-03,1,Wrong Item
3103,2019-09-07,361,3723,100,2019-09-12,1,Changed Mind
47601,2021-03-09,1447,3323,61,2021-03-29,1,Wrong Item
73682,2023-09-16,1103,2956,30,2023-09-21,1,Defective
66998,2023-03-19,532,3940,13,2023-04-10,1,Changed Mind
30823,2021-08-16,926,1117,6,2021-08-29,1,Changed Mind
48581,2021-07-08,1323,156,55,2021-07-23,1,Defective
1698,2019-04-02,973,1026,2,2019-04-27,1,Defective
88014,2021-11-14,598,4900,34,2021-11-22,1,Changed Mind
62789,2020-12-14,1201,359,44,2020-12-15,1,Defective
23896,2019-11-16,251,1838,15,2019-11-29,1,Wrong Item
28464,2023-02-04,1103,2225,30,2023-02-10,1,Defective
9511,2020-08-21,932,4631,41,2020-09-03,1,Changed Mind
91699,2019-11-16,1162,382,85,2019-12-06,1,Wrong Item
2626,2020-11-20,1003,3099,61,2020-12-10,1,Changed Mind
56650,2023-02-04,1506,589,83,2023-02-08,1,Wrong Item
43138,2020-05-08,861,2235,39,2020-05-22,1,Wrong Item
85279,2020-08-03,827,4907,20,2020-08-27,1,Defective
92604,2021-09-17,477,1718,78,2021-09-24,1,Defective
2098,2023-07-10,1044,1491,86,2023-07-22,1,Wrong Item
74787,2022-07-22,382,2676,41,2022-08-08,1,Defective
61959,2020-04-17,954,2398,97,2020-05-14,1,Defective
69878,2023-07-22,1110,1913,50,2023-08-01,1,Changed Mind
458,2022-10-09,1924,1815,13,2022-11-03,1,Wrong Item
71215,2020-03-07,322,3991,3,2020-04-05,1,Defective
46921,2020-11-04,238,235,41,2020-11-13,1,Changed Mind
86636,2022-03-11,1217,1046,27,2022-04-01,1,Wrong Item
61194,2022-09-19,881,1954,5,2022-09-20,1,Wrong Item
56202,2023-12-23,893,2193,84,2024-01-06,1,Changed Mind
77263,2021-05-06,678,1233,77,2021-06-04,1,Wrong Item
21680,2021-08-02,218,1299,7,2021-08-28,1,Wrong Item
99462,2022-08-23,1474,4232,92,2022-09-09,1,Defective
66648,2023-08-19,761,2835,28,2023-08-28,1,Changed Mind
9003,2022-04-09,1465,3606,91,2022-05-06,1,Changed Mind
40620,2022-09-26,1537,3343,50,2022-10-10,1,Wrong Item
57395,2022-07-22,61,2268,74,2022-08-05,1,Defective
17096,2023-01-07,774,1365,59,2023-01-22,1,Wrong Item
72530,2021-04-03,1856,4853,59,2021-04-11,1,Changed Mind
10362,2019-07-05,409,3650,6,2019-07-09,1,Wrong Item
85080,2023-12-06,1020,2240,59,2023-12-27,1,Defective
32081,2020-06-09,1608,587,29,2020-06-17,1,Changed Mind
78484,2021-07-29,361,4136,25,2021-08-01,1,Wrong Item
80486,2020-11-26,1287,490,93,2020-12-02,1,Changed Mind
54818,2023-11-12,1549,2429,24,2023-11-24,1,Wrong Item
26592,2022-09-13,1729,2864,50,2022-10-11,1,Wrong Item
34977,2023-06-02,1710,3384,26,2023-06-28,1,Changed Mind
80506,2023-08-05,1493,1322,63,2023-08-22,1,Changed Mind
94145,2023-09-08,768,115,78,2023-09-22,1,Defective
96296,2022-10-12,1264,1863,95,2022-10-22,1,Changed Mind
68384,2022-11-20,1363,4181,15,2022-12-08,1,Defective
45747,2021-05-17,330,2238,75,2021-05-26,1,Wrong Item
92365,2019-03-18,1066,1677,36,2019-03-19,1,Changed Mind
6661,2021-12-24,1627,557,70,2022-01-02,1,Changed Mind
15520,2022-07-24,1170,1003,74,2022-08-15,1,Wrong Item
11847,2023-03-28,1750,1969,79,2023-04-20,1,Defective
16559,2021-05-30,145,1531,74,2021-06-19,1,Wrong Item
25051,2023-07-13,1242,4679,22,2023-08-04,1,Defective
25232,2019-02-25,135,1689,37,2019-03-16,1,Wrong Item
24430,2023-03-11,672,3933,70,2023-04-03,1,Wrong Item
6760,2023-06-16,1910,2627,52,2023-07-11,1,Changed Mind
19621,2022-01-18,332,1080,98,2022-02-10,1,Changed Mind
9673,2023-10-23,7,589,44,2023-11-03,1,Defective
59707,2022-01-10,1061,4073,65,2022-02-02,1,Defective
86306,2020-08-06,245,463,50,2020-08-21,1,Changed Mind
68199,2019-04-10,1947,1656,46,2019-05-08,1,Wrong Item
34596,2021-12-19,1072,3497,21,2022-01-11,1,Defective
9092,2019-09-20,424,496,14,2019-10-03,1,Wrong Item
35374,2023-07-01,72,2410,93,2023-07-06,1,Changed Mind
12491,2023-11-29,1878,3143,82,2023-12-01,1,Defective
89041,2023-06-01,1378,796,55,2023-06-19,1,Changed Mind
7169,2022-04-05,952,4240,70,2022-04-08,1,Changed Mind
19697,2020-01-11,1528,2465,89,2020-02-04,1,Changed Mind
26459,2021-09-21,620,3672,94,2021-09-29,1,Changed Mind
65818,2021-08-31,936,3724,43,2021-09-17,1,Defective
27143,2021-05-23,1721,3938,78,2021-06-08,1,Defective
16775,2019-10-07,210,2664,99,2019-10-19,1,Wrong Item
59804,2022-12-06,1479,433,79,2022-12-25,1,Wrong Item
46444,2021-12-04,660,4658,83,2021-12-14,1,Wrong Item
69432,2021-06-22,1040,3559,25,2021-06-30,1,Changed Mind
47944,2021-12-28,37,2646,9,2022-01-23,1,Changed Mind
98867,2021-12-07,1405,719,5,2021-12-25,1,Defective
39293,2021-10-03,991,4532,98,2021-10-24,1,Wrong Item
49729,2021-06-05,1530,4143,1,2021-06-08,1,Wrong Item
77384,2020-05-19,447,880,44,2020-06-04,1,Defective
79438,2023-02-21,907,565,49,2023-03-20,1,Defective
63234,2020-01-03,673,792,86,2020-01-17,1,Wrong Item
58344,2021-09-24,1878,999,65,2021-10-11,1,Changed Mind
4146,2021-08-05,1534,1857,59,2021-08-24,1,Defective
94059,2019-02-19,679,3363,4,2019-03-13,1,Changed Mind
20504,2023-01-24,1373,2321,33,2023-02-01,1,Wrong Item
22882,2019-08-10,1920,2355,65,2019-08-18,1,Changed Mind
4388,2023-06-01,1029,2855,63,2023-06-12,1,Changed Mind
5481,2023-04-16,249,3491,22,2023-04-26,1,Defective
98846,2020-07-24,414,2056,36,2020-08-15,1,Changed Mind
88998,2023-01-17,636,230,57,2023-02-09,1,Changed Mind
62051,2022-05-28,1046,3428,54,2022-06-15,1,Changed Mind
72063,2022-10-03,1093,2571,4,2022-10-22,1,Defective
65002,2019-07-27,178,2405,83,2019-08-21,1,Wrong Item
6970,2020-07-13,630,3437,43,2020-07-17,1,Changed Mind
23504,2023-11-14,700,3170,38,2023-11-21,1,Defective
88163,2019-04-06,1200,1142,92,2019-04-18,1,Changed Mind
34473,2021-07-06,37,1435,4,2021-07-17,1,Changed Mind
47940,2023-07-22,191,4847,9,2023-08-01,1,Defective
15316,2023-06-12,1016,2794,9,2023-06-21,1,Defective
89754,2019-04-01,472,1252,61,2019-04-30,1,Changed Mind
38167,2021-02-16,92,1397,98,2021-02-22,1,Wrong Item
90945,2022-08-16,1305,4005,23,2022-09-14,1,Wrong Item
5829,2019-10-05,1061,4655,81,2019-10-16,1,Changed Mind
75669,2023-02-19,1434,227,27,2023-02-24,1,Wrong Item
56834,2019-01-28,1326,1643,13,2019-02-05,1,Defective
30968,2021-04-27,1064,3969,85,2021-05-13,1,Wrong Item
55696,2019-11-26,1467,150,57,2019-12-17,1,Wrong Item
63364,2020-10-07,303,3344,72,2020-10-21,1,Changed Mind
41858,2020-06-21,591,4458,9,2020-07-18,1,Changed Mind
22849,2023-07-05,826,672,97,2023-07-13,1,Defective
26081,2019-09-14,1404,2043,37,2019-09-22,1,Wrong Item
22057,2021-03-18,1498,210,38,2021-04-10,1,Defective
73242,2020-05-03,1991,4633,23,2020-05-31,1,Wrong Item
79760,2021-07-29,1180,4936,58,2021-08-13,1,Wrong Item
27742,2023-04-25,838,1645,5,2023-05-14,1,Wrong Item
46411,2023-03-04,763,2934,68,2023-03-18,1,Defective
94187,2019-08-28,1994,4731,73,2019-09-06,1,Defective
61644,2021-02-23,1437,264,9,2021-03-13,1,Wrong Item
29958,2023-12-08,1867,4633,60,2023-12-20,1,Changed Mind
98612,2021-02-02,1389,290,96,2021-02-21,1,Changed Mind
22129,2019-01-22,1730,2569,98,2019-01-31,1,Changed Mind
41420,2019-04-21,813,831,9,2019-04-24,1,Changed Mind
36617,2019-03-16,268,2767,57,2019-04-01,1,Defective
9976,2019-01-06,271,4448,88,2019-01-17,1,Changed Mind
62989,2021-11-10,582,3333,92,2021-12-06,1,Defective
93647,2019-12-04,1906,3752,41,2019-12-11,1,Wrong Item
64138,2021-07-12,1054,1680,92,2021-08-02,1,Defective
39969,2023-06-23,459,2821,60,2023-07-03,1,Defective
1473,2023-11-17,1862,4253,67,2023-11-20,1,Wrong Item
63094,2020-06-04,1670,211,11,2020-06-24,1,Changed Mind
96866,2020-08-22,1561,2992,20,2020-09-05,1,Changed Mind
74255,2021-11-12,286,952,72,2021-11-20,1,Defective
58464,2022-05-26,750,3068,18,2022-05-30,1,Defective
43691,2022-07-14,376,1437,7,2022-08-06,1,Changed Mind
40020,2022-02-10,69,2177,22,2022-03-02,1,Defective
21001,2019-10-24,981,2321,99,2019-11-02,1,Wrong Item
51471,2020-11-19,1633,2868,80,2020-12-14,1,Wrong Item
23375,2020-04-14,1385,688,63,2020-05-12,1,Changed Mind
97330,2019-05-23,711,1694,57,2019-05-30,1,Changed Mind
14658,2020-09-18,839,2239,72,2020-09-21,1,Defective
33926,2022-03-18,509,1584,23,2022-04-14,1,Defective
88058,2023-02-14,1545,2189,11,2023-03-15,1,Changed Mind
8190,2020-06-01,1212,4548,91,2020-06-16,1,Wrong Item
55346,2019-02-16,1389,1037,95,2019-02-24,1,Wrong Item
36858,2023-05-22,128,4133,64,2023-05-24,1,Defective
83220,2019-08-20,1610,4344,67,2019-09-06,1,Defective
42848,2023-08-01,1046,579,24,2023-08-13,1,Wrong Item
52581,2020-06-22,462,2186,36,2020-07-07,1,Defective
80890,2021-01-26,1278,4325,80,2021-02-08,1,Changed Mind
59319,2020-12-11,1598,4116,65,2021-01-04,1,Wrong Item
97007,2020-12-05,1391,2038,7,2020-12-20,1,Changed Mind
48764,2022-05-02,1806,152,79,2022-05-26,1,Wrong Item
66720,2023-04-12,1201,2988,35,2023-05-03,1,Wrong Item
26323,2021-09-25,64,3674,93,2021-10-18,1,Wrong Item
6538,2021-11-28,466,1258,17,2021-12-15,1,Changed Mind
64788,2022-03-18,197,1076,72,2022-04-15,1,Wrong Item
70797,2023-12-28,986,3892,32,2024-01-14,1,Defective
83860,2023-08-13,394,3221,52,2023-08-14,1,Wrong Item
82106,2023-01-05,847,3298,4,2023-01-10,1,Changed Mind
82715,2022-03-07,1840,168,32,2022-03-28,1,Changed Mind
65315,2020-01-07,464,2275,61,2020-01-31,1,Defective
4932,2023-07-05,1994,500,89,2023-07-30,1,Defective
96845,2021-09-16,483,2294,60,2021-10-01,1,Changed Mind
53702,2022-09-05,312,2177,89,2022-10-02,1,Defective
84719,2023-06-28,1853,1948,47,2023-07-12,1,Wrong Item
99478,2021-02-11,1453,1418,69,2021-03-06,1,Defective
79075,2020-02-23,466,3733,15,2020-03-19,1,Wrong Item
92061,2021-03-24,1388,314,78,2021-04-01,1,Defective
46593,2022-04-19,492,3804,37,2022-05-18,1,Wrong Item
25858,2023-08-25,558,3901,34,2023-09-04,1,Wrong Item
64944,2019-03-04,1171,4302,17,2019-03-24,1,Changed Mind
64985,2021-06-23,315,3133,41,2021-07-11,1,Wrong Item
10743,2023-03-23,977,2001,48,2023-04-08,1,Defective
29208,2022-09-27,908,2920,6,2022-10-09,1,Changed Mind
5580,2019-01-31,791,1249,82,2019-02-10,1,Defective
21958,2021-02-23,668,2520,50,2021-02-25,1,Changed Mind
88293,2021-09-10,1823,2161,20,2021-09-15,1,Changed Mind
96984,2019-11-03,159,3605,87,2019-11-07,1,Changed Mind
71336,2019-06-24,1344,3273,68,2019-07-22,1,Defective
41345,2021-08-18,548,4818,58,2021-09-06,1,Changed Mind
21438,2023-07-23,1071,1947,5,2023-08-04,1,Changed Mind
69525,2022-05-23,1754,968,49,2022-05-28,1,Changed Mind
10856,2022-06-14,830,1250,32,2022-07-08,1,Wrong Item
89283,2020-09-09,1860,1391,5,2020-09-21,1,Defective
59586,2020-12-23,1048,929,92,2021-01-08,1,Wrong Item
71203,2019-07-02,1810,2630,19,2019-07-09,1,Wrong Item
68853,2022-01-03,973,1854,66,2022-01-31,1,Defective
9352,2019-11-25,411,532,63,2019-11-29,1,Defective
54168,2023-10-08,1817,2616,84,2023-11-02,1,Changed Mind
70236,2021-07-29,135,4465,68,2021-07-30,1,Defective
65623,2021-06-18,975,487,28,2021-06-22,1,Wrong Item
95871,2020-12-12,91,723,71,2020-12-22,1,Defective
19091,2021-03-06,1605,576,47,2021-04-01,1,Defective
8590,2021-08-01,1114,4185,90,2021-08-06,1,Defective
9058,2021-12-21,1867,1021,96,2022-01-09,1,Wrong Item
46211,2023-05-11,534,334,35,2023-06-05,1,Changed Mind
95858,2021-10-24,1703,1150,59,2021-11-20,1,Wrong Item
96807,2021-05-02,706,2319,76,2021-05-11,1,Changed Mind
53692,2022-05-07,1708,4994,38,2022-05-18,1,Defective
57172,2023-01-28,783,4649,64,2023-02-09,1,Wrong Item
96848,2020-02-13,910,163,83,2020-02-27,1,Defective
29413,2022-03-24,1858,2659,78,2022-04-18,1,Changed Mind
78110,2022-05-17,1018,1266,27,2022-06-14,1,Changed Mind
65154,2022-07-01,164,2023,14,2022-07-26,1,Wrong Item
70106,2019-11-28,1367,2489,84,2019-12-23,1,Wrong Item
27068,2022-02-21,500,3401,86,2022-03-16,1,Wrong Item
87224,2020-11-18,856,915,76,2020-11-30,1,Changed Mind
10707,2022-03-26,1603,2055,6,2022-03-29,1,Changed Mind
97042,2020-12-03,1312,455,38,2020-12-30,1,Defective
63794,2021-09-16,1167,3614,48,2021-09-25,1,Defective
37457,2020-12-26,449,2692,49,2021-01-13,1,Changed Mind
33468,2022-01-07,882,1964,73,2022-01-11,1,Changed Mind
12270,2023-06-09,732,2357,38,2023-06-20,1,Wrong Item
90974,2021-11-15,188,4435,48,2021-11-22,1,Defective
84716,2023-06-24,349,4594,93,2023-07-08,1,Defective
52807,2022-09-05,473,3236,92,2022-09-07,1,Wrong Item
54663,2021-06-20,775,2791,21,2021-07-18,1,Changed Mind
60790,2021-03-10,1965,4604,2,2021-04-02,1,Wrong Item
4746,2020-01-18,759,1949,48,2020-02-05,1,Wrong Item
18491,2021-05-18,107,768,29,2021-05-23,1,Wrong Item
33042,2021-06-29,1961,4130,37,2021-07-13,1,Wrong Item
75695,2020-09-16,265,3027,14,2020-09-30,1,Changed Mind
20155,2022-01-01,416,4375,40,2022-01-20,1,Changed Mind
59549,2022-04-11,860,3094,16,2022-05-05,1,Wrong Item
12718,2020-01-03,1347,961,39,2020-01-13,1,Wrong Item
27345,2019-02-18,1441,2537,49,2019-03-09,1,Changed Mind
98599,2023-11-13,40,4424,25,2023-11-28,1,Wrong Item
3654,2023-11-25,1648,3708,100,2023-12-03,1,Defective
13090,2020-04-02,917,4096,98,2020-04-12,1,Wrong Item
64437,2021-11-24,1322,2116,17,2021-11-29,1,Defective
37401,2022-04-09,105,975,51,2022-05-07,1,Defective
16846,2023-05-24,1507,3906,70,2023-06-12,1,Changed Mind
67042,2023-05-30,168,1720,65,2023-06-08,1,Defective
77869,2022-11-14,248,1515,72,2022-11-26,1,Wrong Item
713,2023-01-06,1766,4953,81,2023-01-21,1,Wrong Item
87003,2023-11-12,1436,4157,3,2023-11-22,1,Changed Mind
65433,2021-09-01,70,67,13,2021-09-22,1,Changed Mind
68809,2020-06-27,1650,1806,98,2020-07-26,1,Changed Mind
28962,2020-06-17,1841,688,40,2020-07-02,1,Changed Mind
81391,2020-08-25,324,3223,97,2020-09-17,1,Wrong Item
30145,2019-02-01,1044,3523,36,2019-02-02,1,Changed Mind
20098,2021-01-17,621,4398,69,2021-02-07,1,Changed Mind
66490,2019-06-20,102,101,52,2019-07-05,1,Defective
11889,2022-08-04,810,2488,77,2022-08-26,1,Defective
20771,2020-07-06,803,4372,74,2020-08-01,1,Defective
76075,2022-04-30,498,4670,3,2022-05-09,1,Wrong Item
58870,2021-03-17,943,3135,2,2021-04-14,1,Defective
16885,2022-03-01,20,1095,37,2022-03-02,1,Changed Mind
44059,2019-09-02,1970,1875,99,2019-09-14,1,Wrong Item
81473,2023-12-06,1359,4476,74,2023-12-22,1,Wrong Item
17502,2020-02-08,945,2618,88,2020-02-17,1,Changed Mind
80276,2023-07-28,618,475,57,2023-08-03,1,Wrong Item
51622,2022-06-15,1159,3144,98,2022-07-11,1,Defective
2334,2020-11-14,414,1630,50,2020-11-15,1,Defective
70432,2019-09-24,631,3147,74,2019-09-29,1,Changed Mind
20728,2021-02-23,19,820,88,2021-03-06,1,Changed Mind
54594,2022-12-05,1502,1905,73,2022-12-07,1,Changed Mind
37477,2020-04-02,1505,3112,40,2020-04-09,1,Changed Mind
73038,2020-09-11,727,608,32,2020-09-30,1,Changed Mind
15303,2020-06-22,1197,306,69,2020-07-20,1,Defective
85055,2020-09-30,349,1243,26,2020-10-26,1,Defective
92058,2022-08-22,1678,1326,6,2022-08-23,1,Wrong Item
1446,2021-03-07,1831,4084,10,2021-03-29,1,Changed Mind
2609,2021-12-14,1833,2223,90,2022-01-05,1,Defective
42202,2020-06-21,917,4238,50,2020-06-28,1,Wrong Item
43321,2023-08-01,383,4681,80,2023-08-16,1,Wrong Item
36620,2019-07-03,1090,3855,69,2019-07-26,1,Defective
34421,2019-07-23,1415,4447,50,2019-08-20,1,Defective
22683,2019-04-17,1856,170,79,2019-05-05,1,Wrong Item
87126,2023-01-22,294,3992,91,2023-02-14,1,Defective
76398,2019-04-19,888,4842,60,2019-05-08,1,Defective
82253,2023-12-09,732,2860,83,2023-12-30,1,Changed Mind
8127,2022-08-25,1803,666,46,2022-08-27,1,Changed Mind
42953,2020-12-12,474,2829,69,2020-12-18,1,Wrong Item
83132,2023-12-06,1638,3336,59,2023-12-10,1,Changed Mind
29112,2022-12-05,297,634,26,2023-01-03,1,Changed Mind
73962,2021-08-04,1965,113,71,2021-08-28,1,Wrong Item
67384,2023-02-11,1833,3941,7,2023-02-14,1,Wrong Item
44989,2020-06-30,98,4972,40,2020-07-01,1,Changed Mind
60413,2021-10-23,133,2182,43,2021-11-06,1,Changed Mind
19846,2023-06-19,310,937,37,2023-07-17,1,Wrong Item
25883,2023-08-05,1420,3984,80,2023-08-07,1,Changed Mind
74059,2019-04-04,269,4146,35,2019-04-18,1,Defective
75688,2022-05-16,1061,2605,65,2022-06-03,1,Wrong Item
33561,2021-07-31,1911,4428,95,2021-08-07,1,Changed Mind
39699,2019-09-23,1865,2384,29,2019-09-25,1,Changed Mind
1153,2023-11-26,276,3527,17,2023-12-14,1,Changed Mind
48384,2020-12-04,1417,2183,9,2020-12-19,1,Defective
31285,2019-04-19,1489,841,25,2019-04-21,1,Changed Mind
32758,2022-08-09,1410,298,1,2022-08-25,1,Changed Mind
38526,2023-01-01,422,2459,32,2023-01-10,1,Defective
98870,2020-12-04,562,1112,79,2020-12-06,1,Defective
6808,2021-05-02,1767,1060,40,2021-05-04,1,Defective
49970,2020-07-05,760,946,42,2020-08-02,1,Defective
63523,2019-10-20,1237,977,32,2019-11-12,1,Wrong Item
78299,2020-01-11,950,4927,97,2020-01-31,1,Wrong Item
54586,2020-07-26,214,4652,50,2020-08-01,1,Changed Mind
37855,2020-02-02,1523,2374,67,2020-02-21,1,Wrong Item
53300,2021-08-11,110,1589,9,2021-08-15,1,Wrong Item
66644,2021-03-04,396,4196,46,2021-03-13,1,Wrong Item
53963,2019-07-26,1508,4822,37,2019-08-20,1,Wrong Item
41084,2021-12-06,1694,3708,19,2021-12-09,1,Changed Mind
107,2022-01-31,1320,991,72,2022-02-02,1,Wrong Item
19717,2023-09-11,1690,2683,65,2023-09-25,1,Defective
78530,2022-06-22,1339,1367,58,2022-07-04,1,Wrong Item
69658,2020-04-08,296,4230,18,2020-04-28,1,Defective
46451,2022-12-21,922,1199,40,2023-01-17,1,Defective
86641,2021-07-17,1748,2159,21,2021-07-31,1,Defective
94296,2023-01-02,1876,877,39,2023-01-13,1,Defective
87140,2023-09-17,45,13,8,2023-09-23,1,Changed Mind
52273,2022-02-02,70,830,46,2022-02-25,1,Changed Mind
81643,2022-01-29,1340,4530,3,2022-02-04,1,Defective
36431,2022-08-25,28,182,87,2022-08-30,1,Wrong Item
8935,2020-10-01,719,2441,13,2020-10-24,1,Wrong Item
27467,2019-05-15,1841,3712,34,2019-05-23,1,Wrong Item
87544,2020-03-20,1295,4071,44,2020-03-21,1,Changed Mind
41268,2023-02-07,400,2983,62,2023-02-12,1,Wrong Item
17064,2020-04-09,1109,2643,35,2020-05-05,1,Wrong Item
30501,2022-05-11,1763,1529,5,2022-05-18,1,Changed Mind
30036,2022-12-02,823,1227,71,2022-12-07,1,Defective
12729,2022-11-24,1882,4595,25,2022-12-17,1,Changed Mind
93661,2020-10-08,1466,3670,1,2020-10-09,1,Changed Mind
32731,2019-01-09,1795,4265,23,2019-01-27,1,Changed Mind
77637,2021-10-05,551,4524,11,2021-10-09,1,Defective
59673,2019-09-27,538,2909,5,2019-10-11,1,Defective
79347,2019-11-09,1021,1968,2,2019-12-05,1,Changed Mind
24546,2023-08-29,1175,176,76,2023-09-13,1,Defective
55609,2020-06-06,468,4078,31,2020-06-07,1,Defective
4383,2023-03-10,652,2043,64,2023-03-13,1,Changed Mind
23772,2022-01-05,879,1127,73,2022-02-02,1,Changed Mind
23895,2019-03-05,1170,3923,38,2019-03-12,1,Defective
38590,2019-10-21,936,3531,55,2019-10-29,1,Changed Mind
87040,2019-03-12,1165,1012,2,2019-03-13,1,Defective
52142,2023-06-16,1018,4516,55,2023-06-21,1,Changed Mind
84396,2021-10-17,12,4391,44,2021-10-25,1,Wrong Item
1654,2023-05-29,1730,3459,15,2023-06-09,1,Defective
98514,2021-11-06,1945,4099,21,2021-11-28,1,Wrong Item
49788,2023-02-18,765,3921,19,2023-02-25,1,Changed Mind
51621,2023-07-10,1090,3074,70,2023-07-12,1,Wrong Item
22375,2023-03-12,1014,1718,10,2023-04-05,1,Changed Mind
48809,2020-07-21,804,2827,29,2020-08-03,1,Changed Mind
5785,2019-08-03,1974,884,72,2019-08-09,1,Wrong Item
5003,2023-09-05,74,580,6,2023-09-24,1,Wrong Item
30152,2020-06-04,1195,2061,43,2020-06-29,1,Wrong Item
93195,2023-01-04,9,1689,74,2023-01-20,1,Changed Mind
73200,2022-07-23,1599,1463,70,2022-08-14,1,Changed Mind
74480,2023-11-13,181,167,49,2023-12-05,1,Defective
