Date,Campaign_ID,Spend,Impressions,Clicks,Leads
2021-03-01,13,1932.13,36352,477,1
2019-07-22,30,990.91,42888,462,66
2022-11-05,18,1666.7,41802,1066,63
2021-12-22,10,1762.2,24820,369,40
2019-08-15,9,215.82,26312,1433,51
2020-04-27,5,1719.86,35060,530,4
2022-03-28,9,610.84,21714,891,84
2020-05-07,25,794.67,18778,1878,65
2019-05-12,3,871.44,42762,1136,45
2019-03-14,28,954.3,20376,353,34
2022-05-05,13,439.62,48901,439,96
2022-07-22,11,577.89,10269,933,44
2020-11-03,25,769.11,12252,182,93
2023-01-02,28,940.32,29871,1215,30
2019-05-07,11,1784.93,30126,1886,95
2021-06-04,20,244.99,41929,1054,54
2023-10-18,13,1621.38,37423,1924,93
2023-05-26,6,234.92,8369,1995,80
2023-10-24,9,1407.18,4415,1495,52
2022-03-23,30,274.86,31690,1780,58
2020-03-30,29,1159.48,47024,1769,39
2021-06-18,11,327.58,40480,641,30
2019-11-03,17,1867.4,45861,1589,64
2019-07-27,12,433.86,27080,151,38
2020-12-04,21,1770.32,42440,1447,57
2023-03-24,20,584.24,25322,1357,76
2020-07-21,13,242.67,35765,1382,45
2020-05-14,1,1154.32,4347,1154,75
2019-11-06,27,782.59,15437,696,74
2023-10-07,6,1414.0,43537,1074,33
2020-01-08,14,969.79,45666,259,4
2019-10-25,23,1359.78,43090,1576,25
2022-09-13,19,1309.32,31959,629,57
2023-08-13,19,1018.65,29464,1987,71
2023-01-16,29,952.51,26645,783,18
2022-07-18,23,1156.58,35738,1590,77
2020-06-05,19,1996.86,31518,1302,82
2021-11-02,14,982.92,11877,1546,71
2020-02-04,19,1461.94,43254,1315,82
2022-05-13,17,1403.83,48824,1615,49
2019-03-24,6,304.24,26576,246,36
2023-10-10,25,951.17,10056,1653,45
2022-02-04,5,537.97,22738,402,31
2023-02-04,16,1025.22,1320,1353,94
2023-06-17,20,1466.13,38516,1414,98
2023-12-13,25,726.43,22835,1014,97
2020-01-23,22,1714.6,24402,1472,19
2022-04-18,11,310.24,18891,1877,61
2019-01-15,15,1764.78,24341,1056,19
2019-12-04,14,1769.61,43589,975,65
2022-12-27,16,1475.49,43669,787,7
2020-04-29,29,363.48,49545,1870,7
2022-01-06,18,137.24,27237,1318,92
2021-02-05,15,273.87,11638,878,37
2020-03-16,6,1428.9,40707,1018,67
2019-05-07,3,1464.19,43099,581,43
2020-01-09,2,1313.97,49308,1437,90
2023-12-14,15,1525.01,36880,1435,73
2022-06-28,8,1387.97,33746,1486,43
2021-07-17,2,669.62,7127,403,90
2020-01-10,30,1401.0,19875,764,11
2020-09-01,22,1291.31,2577,113,91
2023-12-14,30,774.19,3600,771,39
2020-05-19,4,1899.52,43026,1473,43
2022-08-09,27,1808.77,28851,609,40
2022-10-01,14,968.61,4085,1393,72
2022-09-08,20,707.6,13173,806,12
2022-05-29,29,433.36,10769,1280,42
2019-04-10,23,1592.83,6580,1482,6
2019-10-06,2,1152.76,3653,1465,60
2020-05-31,14,981.33,22805,1941,37
2019-10-14,1,1598.3,6799,1416,47
2023-02-01,8,458.89,18117,93,74
2022-05-25,8,364.12,1251,1205,9
2021-11-07,16,347.55,1174,1934,39
2019-04-11,3,1898.17,11188,628,79
2020-06-19,7,1670.16,30016,1598,94
2023-08-07,16,458.46,20699,1374,27
2021-07-19,1,1653.38,40750,1851,67
2019-06-05,4,281.75,41750,707,64
2023-08-05,11,1620.45,49255,888,60
2023-03-01,20,1178.81,3170,1943,14
2019-11-16,18,873.08,9459,329,62
2022-01-02,21,1076.62,30663,1243,68
2019-06-26,9,1272.92,38124,1979,65
2023-05-11,15,1418.44,19661,1038,38
2021-05-16,27,1483.21,11661,1561,92
2020-12-11,2,771.92,42296,229,83
2020-06-30,16,954.1,3112,1662,79
2020-09-14,27,1810.07,20114,668,27
2019-09-17,19,859.48,24847,1898,53
2023-07-13,11,1930.19,21220,70,55
2019-03-09,20,1115.69,21814,1143,43
2019-11-20,23,468.15,48476,755,52
2019-01-09,7,1456.06,26027,1152,43
2022-05-01,7,1457.4,18021,789,86
2022-02-09,2,201.21,42779,56,29
2022-08-28,29,203.38,18330,892,98
2019-09-17,4,1011.44,48616,836,81
2020-06-28,30,1211.86,14614,799,44
2023-03-15,15,1526.53,14468,132,20
2020-07-16,27,963.68,30832,868,70
2022-01-02,22,1988.82,3812,675,90
2021-07-04,12,1444.82,15712,146,35
2022-12-16,1,1272.1,37591,1856,92
2019-04-26,7,1332.03,1125,1519,19
2021-04-16,10,954.78,1891,802,46
2023-09-27,6,1985.08,15139,1496,94
2021-06-20,21,1261.92,34694,1072,72
2020-12-21,26,167.32,39559,611,73
2020-03-08,24,546.23,11584,1021,13
2020-02-15,4,149.87,30827,535,72
2023-06-05,22,769.73,41473,999,73
2019-05-31,28,731.87,13221,922,99
2021-11-30,14,1886.98,45384,1748,18
2021-09-02,22,1787.68,42973,59,92
2020-10-06,30,701.26,47820,134,33
2023-04-19,2,1659.87,2477,1497,52
2023-12-30,8,1863.86,26536,1898,84
2020-01-20,5,1934.79,23775,683,74
2023-12-05,14,342.5,30083,473,79
2019-02-03,25,1747.6,17912,404,14
2023-04-25,26,1347.38,43620,177,35
2019-07-12,2,214.28,12556,1424,56
2020-07-08,28,216.08,48095,911,14
2022-04-01,2,147.15,8255,1672,97
2021-03-19,18,1619.97,13983,857,50
2019-09-16,28,646.92,31815,1227,36
2019-03-23,8,1692.28,44355,1286,7
2019-02-15,6,414.56,29459,1835,8
2019-05-01,23,257.47,43960,803,61
2022-11-12,16,878.98,15442,1942,70
2023-08-16,30,1216.99,12901,407,27
2019-08-23,21,1619.45,2714,704,23
2023-06-07,28,1715.56,45446,1811,36
2019-01-30,27,1084.87,13835,1466,52
2022-01-04,5,1575.71,26251,995,83
2021-11-16,10,214.72,42699,386,75
2019-05-03,6,1539.84,34743,174,21
2019-09-02,8,1627.24,49286,318,47
2022-08-01,8,968.15,1580,1726,14
2020-04-25,8,347.1,46371,1500,18
2019-05-12,10,498.02,23917,800,42
2023-01-25,17,548.78,49090,66,87
2022-03-12,4,471.29,22460,1860,57
2020-05-16,25,930.9,16956,1977,37
2022-09-19,11,1672.66,46500,1408,62
2022-04-14,22,834.78,28748,1709,67
2022-12-25,18,525.8,32958,1172,26
2021-12-01,20,1345.61,22953,279,21
2019-02-20,6,510.28,44430,1444,36
2020-11-30,14,840.41,42278,376,75
2021-09-17,27,1374.77,34997,617,58
2019-11-09,10,758.55,9963,223,65
2020-10-29,1,1202.12,31812,1652,21
2023-05-04,1,1476.93,38962,531,75
2021-08-10,26,1619.8,49116,1943,70
2021-01-18,26,655.11,37720,1714,33
2023-10-16,8,791.47,28084,1915,83
2023-06-28,12,1013.89,1116,806,1
2021-08-25,7,417.92,32595,1601,96
2019-11-28,10,312.32,49474,1154,2
2023-05-10,12,697.52,29308,1622,61
2023-12-08,16,1274.57,37199,1223,55
2022-07-16,11,1109.99,40279,1204,95
2023-05-13,1,658.31,6756,1769,62
2020-08-20,1,671.44,14228,1402,63
2022-01-10,22,417.71,12205,1899,86
2019-01-12,16,623.0,13730,378,52
2022-11-12,23,837.75,14440,1588,80
2021-04-04,4,1345.93,17965,1193,58
2019-12-27,16,1548.19,18534,1023,24
2023-05-15,6,1817.93,9000,1169,27
2023-01-17,22,742.04,12489,1718,99
2021-07-11,25,1645.29,13921,729,77
2019-09-01,6,1222.81,40383,1692,61
2020-06-24,7,1362.37,23832,1242,15
2020-01-21,21,1868.21,29637,1482,89
2020-11-21,5,868.99,20805,644,55
2022-12-06,11,1131.35,9577,516,99
2019-11-04,3,1137.47,21386,1668,70
2020-08-05,7,602.93,6531,454,37
2021-11-01,3,752.2,22282,1385,52
2020-05-09,29,1573.15,1675,886,28
2023-06-21,12,740.13,12437,427,84
2023-08-15,25,272.96,25045,1843,38
2021-04-23,25,1494.63,13605,849,75
2019-04-09,19,304.64,17790,378,66
2022-03-08,1,1918.46,8928,703,63
2021-02-01,29,1300.5,49216,1249,30
2023-11-05,5,1214.6,21360,1704,4
2020-02-25,29,1657.39,1026,1544,30
2023-09-02,15,1385.88,15685,478,60
2023-12-31,12,1561.5,19725,1866,96
2020-07-19,29,1773.19,30409,369,29
2021-10-17,17,1848.78,8634,253,15
2023-10-22,10,224.79,42437,1245,77
2023-10-12,11,1816.31,30080,1561,43
2021-05-15,6,145.46,10059,785,30
2023-07-28,10,1598.18,13836,445,52
2022-09-08,17,477.37,4730,1680,8
2020-09-05,22,1933.26,10543,419,0
2023-06-26,27,901.88,46087,1830,16
2023-09-21,23,671.1,27623,1424,92
2021-01-01,18,1155.09,47850,1761,52
2022-03-15,24,692.7,49652,587,71
2021-01-27,1,646.24,35048,383,54
2020-04-16,18,925.03,39152,1042,48
2019-01-08,1,1112.16,37828,335,67
2020-07-04,2,496.15,18825,1982,89
2022-12-09,26,550.11,8292,634,27
2020-11-21,17,1493.98,39076,540,87
2023-01-02,10,1586.54,28295,1086,95
2021-02-08,16,1562.08,37591,774,18
2020-07-22,6,679.08,1160,751,12
2022-10-23,14,1879.69,18641,303,17
2020-12-24,11,667.37,20708,135,37
2023-11-11,18,1654.51,25621,1791,27
2020-07-30,28,260.93,48460,87,40
2023-05-28,28,890.58,27578,878,11
2019-09-09,2,1201.45,42769,395,92
2021-11-07,9,132.71,27661,1870,2
2023-04-12,14,1068.41,36748,739,89
2020-08-04,5,677.93,2755,1467,78
2019-08-03,18,743.06,18998,615,84
2020-04-05,8,1645.62,11385,146,50
2022-12-18,3,424.09,10449,1305,22
2020-05-13,6,704.76,27471,1130,29
2020-02-14,21,451.23,41766,1232,64
2019-09-29,14,336.49,17510,145,27
2019-09-15,7,908.22,16809,372,49
2023-02-06,19,1611.79,44390,1495,65
2021-08-19,2,747.96,49491,696,58
2021-10-17,22,1177.23,10807,333,98
2021-05-24,29,1400.86,32493,1653,60
2021-11-28,7,1678.27,31512,1439,11
2022-05-08,17,1025.14,47492,641,25
2021-12-07,19,585.21,39530,1879,96
2022-02-02,17,1653.08,29284,1322,3
2020-10-27,17,419.69,3353,222,78
2022-04-22,1,1053.23,44596,967,36
2022-05-13,3,1840.65,38251,1661,45
2022-11-18,3,1732.9,1618,136,78
2019-02-16,2,1281.45,42708,1731,47
2021-04-16,18,1146.8,44222,1292,80
2022-08-23,20,1213.98,5926,1230,79
2020-04-11,29,371.49,4221,583,53
2019-07-30,4,538.51,31434,1522,18
2019-04-21,27,606.18,45992,1792,49
2019-12-16,22,589.57,46384,1247,67
2019-12-05,17,1624.68,23162,1407,38
2023-12-24,16,426.69,49980,977,62
2023-06-04,2,1391.82,41070,1649,93
2021-01-28,18,389.51,30187,836,66
2023-10-26,10,1040.56,15259,934,81
2021-06-25,2,604.42,22942,1736,78
2019-01-10,18,592.95,12571,1726,1
2019-03-10,13,574.51,36684,1399,40
2023-05-18,7,1518.85,17190,1350,74
2019-12-10,12,1631.85,11601,561,75
2019-05-06,22,1951.32,29659,486,50
2021-01-26,15,1216.65,29456,805,19
2020-10-18,4,1817.69,35672,335,71
2023-03-24,25,1000.96,40911,1898,64
2022-03-05,7,225.94,30409,1524,89
2020-11-08,7,1025.04,23822,834,75
2023-08-18,29,1604.41,20365,1496,49
2022-11-25,20,1960.82,45346,1230,3
2022-06-27,11,1443.06,36897,218,34
2022-08-26,28,1667.61,46847,640,23
2022-07-18,18,536.67,32034,371,73
2022-06-24,23,1894.57,13855,155,49
2023-12-30,15,1754.86,43663,1276,2
2021-02-05,21,890.43,11126,436,89
2019-10-04,25,1632.74,46211,1182,76
2019-06-22,7,1219.69,26929,1390,56
2019-11-27,13,1751.49,4012,1617,6
2020-08-07,1,796.78,32783,961,51
2022-02-20,13,123.45,33431,829,14
2019-10-15,23,1354.53,43396,1419,33
2022-08-14,10,945.93,37754,963,72
2019-01-20,12,573.79,15530,685,71
2023-12-05,3,1025.12,30223,870,74
2023-03-15,4,788.23,23028,121,16
2019-02-23,7,1084.1,9908,1063,86
2019-01-08,28,309.03,1362,1271,49
2022-08-31,3,626.27,32136,1209,29
2020-08-13,26,1348.61,33078,1530,54
2023-08-06,4,190.91,35744,259,43
2023-04-01,21,1402.06,32671,922,36
2023-08-10,2,751.92,42082,594,95
2022-02-06,8,1145.62,6513,1933,35
2019-10-10,26,1569.76,3672,1640,4
2021-06-30,6,475.68,19233,795,61
2020-04-09,4,1224.64,37427,278,16
2020-03-27,18,1112.09,27240,327,14
2023-05-23,6,1870.75,20931,864,62
2020-09-22,5,1165.06,46726,98,60
2023-11-21,28,1213.62,21069,1300,3
2023-05-28,17,424.78,13990,732,39
2023-03-29,23,1567.34,35384,1845,37
2020-10-28,17,1279.06,24389,1655,21
2023-12-21,10,1469.1,42863,1915,21
2022-09-17,24,1112.21,16454,122,95
2020-04-09,3,1462.89,32098,1211,42
2022-12-08,19,1535.01,6030,1022,35
2023-05-17,10,1971.86,49185,722,98
2022-05-10,16,1026.79,20223,480,19
2023-01-05,5,1171.43,16667,766,87
2022-12-15,4,1243.93,14665,1118,7
2020-11-15,13,1733.34,10009,1547,55
2022-05-16,21,497.84,41387,726,43
2019-03-04,26,758.02,40605,1665,36
2022-09-04,9,1725.92,6214,1532,6
2021-04-19,24,1178.94,22663,83,52
2021-01-04,22,1347.71,33843,1255,98
2021-09-20,7,821.72,47538,985,87
2023-06-21,3,615.2,45569,1597,61
2021-04-01,3,713.85,36487,1081,69
2023-03-06,13,1729.94,27180,1497,89
2023-03-18,22,434.36,1596,950,34
2020-02-06,18,1339.44,44108,124,13
2023-09-08,28,1635.66,26493,669,97
2023-12-27,3,844.03,5545,381,50
2023-01-24,11,1760.78,45025,1405,91
2019-12-23,28,773.25,15227,1379,50
2019-09-16,14,1626.12,23162,79,39
2020-06-02,22,1185.63,32746,832,23
2021-10-13,12,616.31,13421,1871,58
2020-10-01,6,268.86,37255,1531,69
2019-09-30,6,1356.08,24549,229,46
2019-07-02,11,755.65,7014,1207,25
2020-07-19,19,1900.26,13334,832,10
2021-07-06,21,352.88,38113,929,82
2022-10-30,27,732.08,14066,783,76
2019-01-04,4,166.38,5469,713,90
2019-08-18,11,1999.31,39359,823,40
2021-09-07,14,1956.83,3365,241,94
2020-09-23,4,1523.82,10893,1104,56
2020-09-26,26,1204.66,31001,620,89
2022-10-22,4,1797.09,12561,562,23
2021-01-22,23,1508.9,44496,1182,48
2021-03-08,20,258.97,22217,506,18
2020-11-28,22,1790.05,25013,1464,68
2023-05-11,5,1389.94,26404,1364,26
2019-08-24,17,569.34,8340,1349,57
2020-05-03,3,1229.28,40808,370,95
2020-08-17,10,1855.09,41598,714,65
2023-12-23,4,1008.98,13829,1744,44
2020-11-11,19,447.27,26024,741,60
2020-06-19,29,1302.37,5477,1592,50
2022-11-09,24,1157.19,29857,934,91
2022-09-28,5,245.14,46225,1976,34
2019-06-16,7,1122.61,47172,1214,68
2019-03-28,4,1970.04,36347,702,95
2023-12-12,18,1232.02,47227,405,94
2022-03-25,24,214.73,28363,1283,95
2022-06-03,27,481.95,4162,630,3
2021-01-15,16,1972.22,2065,599,43
2023-08-11,9,516.25,36372,273,98
2021-12-06,20,231.26,47581,1898,76
2020-03-31,29,639.09,36014,1953,3
2019-02-01,23,1691.88,46680,1808,73
2019-01-23,22,1424.97,23302,1644,69
2022-10-12,6,489.88,28436,815,91
2022-12-30,7,1487.02,28763,1171,92
2021-04-25,1,1749.26,7409,858,18
2023-04-10,13,153.51,7286,1679,38
2020-06-19,10,1933.04,20143,260,32
2021-06-21,23,1868.72,28221,654,88
2019-11-24,19,1054.56,16141,1759,43
2020-03-08,28,503.1,23420,811,90
2020-05-01,23,530.15,4785,908,12
2021-10-29,24,1320.42,39706,540,7
2022-12-23,14,727.48,4269,210,43
2022-02-01,27,1552.65,26405,1732,72
2022-07-14,13,1685.3,11961,889,46
2022-03-05,9,716.96,16258,954,24
2019-03-22,13,327.24,2817,1067,23
2022-09-01,5,1777.59,7212,1817,85
2022-10-19,23,1879.65,14576,1290,85
2022-11-15,17,1622.93,36746,449,94
2019-09-14,10,865.53,30243,314,60
2019-12-24,8,525.52,42321,1164,87
2023-10-30,9,162.23,44401,1629,30
2021-05-13,6,227.22,46875,1877,80
2021-09-07,22,1996.0,45092,1227,30
2023-01-17,10,408.88,38600,176,31
2021-05-30,21,1428.66,20668,736,54
2023-09-04,30,1169.04,38836,1104,62
2022-06-09,6,1538.27,26265,1740,21
2021-11-29,12,1853.56,5542,1150,67
2019-02-01,16,1652.92,31219,1481,2
2019-04-24,30,242.72,36076,1533,41
2020-10-01,11,1234.1,26793,765,37
2021-11-04,30,1644.45,22738,697,52
2021-12-12,8,849.96,6943,118,70
2021-12-13,25,1056.2,23456,710,75
2019-03-13,13,172.47,22045,248,82
2019-12-24,30,380.07,46951,1429,94
2023-04-23,10,940.92,44245,635,18
2023-03-08,16,558.25,30131,1708,19
2022-12-19,22,561.96,28443,891,17
2022-09-29,15,1669.81,3356,331,56
2021-11-12,27,1390.1,24600,808,95
2020-11-13,25,508.97,35474,891,22
2020-10-04,19,795.7,23664,441,97
2019-05-24,21,633.81,8977,955,22
2023-04-04,22,463.98,11005,1160,75
2022-12-16,28,847.73,4084,391,49
2020-11-02,4,1653.09,5933,581,33
2019-01-13,12,285.72,26663,1697,44
2020-04-24,28,535.98,19306,1623,11
2021-01-05,14,808.84,38188,827,68
2020-01-29,23,864.48,16355,1409,3
2020-09-29,24,369.22,23020,818,12
2021-11-02,25,425.75,15829,210,47
2020-11-17,16,1011.89,31270,321,30
2023-03-18,21,231.06,25615,125,14
2021-03-23,21,588.33,34264,1796,95
2022-12-22,28,1725.3,23582,1858,12
2019-09-12,26,1654.13,34849,901,73
2019-02-26,15,1729.14,21570,342,74
2021-07-25,28,1956.81,27537,445,62
2020-10-27,8,1093.09,5927,816,85
2022-06-18,23,841.22,47677,374,44
2023-07-03,14,1340.04,17098,1576,28
2021-04-29,28,877.76,23724,1093,48
2020-11-01,30,897.85,34842,580,25
2020-07-01,10,718.13,41536,1271,54
2023-11-28,15,747.88,45030,1294,60
2023-05-02,26,1724.3,48168,1285,87
2023-02-24,20,423.71,23228,1800,4
2019-10-28,30,417.13,30321,1907,37
2023-03-29,20,906.98,38145,1352,53
2019-12-14,6,1586.39,35176,936,13
2021-04-05,29,351.38,45179,1504,81
2020-08-30,14,1606.57,40483,1420,74
2021-07-18,16,400.56,1787,707,90
2020-01-14,8,1218.87,26859,1062,84
2020-05-12,7,498.64,21701,966,11
2020-06-27,19,930.07,39422,536,76
2019-08-29,27,159.64,42543,624,72
2021-10-22,28,727.98,28162,937,65
2023-11-15,11,1460.29,2273,1198,11
2023-12-20,19,1574.96,11747,1870,25
2020-12-09,18,200.28,27881,1114,30
2022-08-02,8,275.41,9332,1737,19
2021-08-23,9,1437.04,21546,1776,75
2019-12-11,21,277.19,4554,832,68
2023-05-17,7,1642.41,42543,1763,41
2020-09-13,30,1696.55,40397,557,74
2020-08-14,10,1977.1,11615,1579,26
2019-03-20,17,1893.99,21711,577,42
2022-05-15,8,1218.83,12552,118,13
2019-12-04,2,1880.07,38472,50,50
2022-05-19,27,539.25,13808,1628,12
2019-11-20,20,556.94,24882,1973,10
2019-01-22,27,1912.65,49370,929,90
2020-09-02,6,740.73,38208,318,10
2023-05-14,25,1146.84,3784,1718,86
2020-06-25,18,438.6,11686,270,86
2022-04-12,22,1867.26,32726,1821,39
2021-07-30,14,914.83,32132,1597,43
2020-09-14,6,1431.35,33190,1375,59
2021-10-04,21,1367.04,30642,59,97
2021-05-10,22,145.85,27902,542,27
2022-04-23,5,229.99,44110,827,67
2019-07-29,25,1270.53,45422,894,14
2022-02-01,28,1209.04,4398,1622,86
2020-09-27,14,549.59,45717,327,90
2019-06-11,3,736.94,32405,1403,43
2020-04-11,7,1317.93,10601,1422,14
2022-09-21,11,108.98,45161,197,2
2023-10-07,22,1489.0,47222,814,55
2021-03-14,9,1809.41,12825,1424,31
2023-06-04,6,1053.72,8007,1378,55
2020-04-13,12,1595.98,17219,1247,63
2023-09-29,21,986.2,7053,534,87
2020-10-29,27,662.27,22508,361,28
2019-09-22,10,791.59,3415,1197,70
2020-03-15,21,1342.41,43835,198,38
2023-09-09,20,1774.28,46274,762,27
2020-01-10,29,1755.41,21858,1694,86
2019-10-10,16,651.44,42331,712,94
2020-08-17,15,451.11,4150,1231,38
2019-06-02,3,1624.98,49782,862,40
2020-09-13,14,1657.19,30114,1341,78
2022-10-13,5,247.62,43143,452,77
2022-02-26,23,1196.46,13243,388,50
2020-08-14,27,1481.57,34346,1144,42
2020-09-02,22,1916.03,45466,194,76
2020-10-15,8,1143.55,7679,997,67
2020-05-02,27,480.59,33406,864,75
2019-08-22,18,1189.4,25104,561,78
2022-09-10,9,1919.37,46571,1788,73
2019-07-29,25,553.66,21278,103,54
2019-03-20,8,529.7,35749,1498,87
2019-07-18,8,1167.58,33497,1937,56
2019-04-30,9,1914.12,16380,1230,57
2022-01-02,22,916.24,14984,1694,65
2022-07-01,1,446.66,46564,338,57
2020-11-04,15,868.0,40218,136,30
2023-05-25,21,1984.58,48573,1848,49
2020-08-04,18,243.0,41625,199,99
2020-09-27,5,1144.75,16862,1575,60
2023-03-27,10,310.71,14675,637,59
2023-10-19,6,1232.5,29045,1801,34
2023-08-10,4,1011.11,22065,1509,67
2023-12-12,25,1574.47,30780,1913,60
2019-04-27,2,1914.51,33975,1619,50
2020-08-12,16,1896.86,1484,1776,53
2020-06-28,18,1984.94,5115,1912,37
2019-09-10,15,1952.5,23993,613,75
2021-06-05,23,1500.06,37196,619,59
2021-02-04,9,1551.55,17599,270,76
2019-07-01,2,1355.2,20261,1715,53
2022-12-23,4,1782.03,28961,1702,3
2021-01-11,28,1671.62,46771,465,55
2021-12-29,10,1109.81,43178,73,33
2019-07-19,8,1519.47,49496,1294,67
2023-02-16,6,777.23,15282,716,20
2022-11-28,30,372.86,10831,1491,1
2023-02-07,15,1004.66,23511,1676,22
2020-11-15,23,1337.82,36573,636,23
2023-09-05,8,863.27,7557,461,90
2021-04-04,22,350.48,21487,1719,86
2021-09-23,8,635.11,8908,1837,40
2021-02-08,12,846.01,34958,102,77
2022-05-29,12,419.92,28970,1264,32
2023-06-03,30,944.03,13272,365,2
2022-05-04,9,784.47,44738,431,45
2023-08-04,18,1934.75,31794,284,46
2020-06-16,1,685.63,7571,751,14
2023-05-24,21,1249.65,24483,634,0
2023-09-09,5,1802.12,2789,797,97
2023-01-07,26,595.1,14755,282,76
2022-08-30,27,1233.98,22058,1012,19
2022-02-04,13,937.66,29126,1425,53
2019-09-25,29,628.8,33913,400,60
2020-08-18,27,814.47,31961,1387,65
2021-10-16,2,783.63,16892,190,99
2023-07-18,22,1274.09,4868,240,88
2022-10-01,29,884.16,11642,190,35
2023-05-05,5,1959.4,24996,1614,77
2021-01-25,13,361.81,1044,1058,92
2020-10-17,25,360.46,6251,1170,2
2023-01-31,20,1617.51,46820,824,27
2019-11-19,16,527.9,3523,1877,46
2020-05-28,14,1411.53,22327,1982,55
2019-09-27,10,974.75,46997,103,9
2022-08-15,25,1590.25,16500,1396,44
2020-04-07,30,430.49,39054,953,10
2022-09-02,16,488.74,8607,1978,80
2022-05-20,20,731.82,9854,213,25
2019-07-16,13,1580.27,44856,1072,43
2022-04-18,26,524.59,39406,1591,80
2022-10-20,24,1413.44,29846,926,23
2019-09-20,13,950.85,45432,974,20
2023-04-12,8,1961.63,39110,1443,54
2019-10-30,15,1897.96,24873,1805,70
2023-08-28,8,1670.46,21245,952,88
2023-01-09,20,1204.45,6547,515,32
2022-08-15,2,1842.9,2205,1321,28
2022-09-03,2,326.81,47326,566,96
2023-08-04,15,1500.86,2168,289,18
2021-10-03,9,291.62,32500,1996,32
2022-06-12,22,1979.79,28554,682,62
2023-12-12,22,1495.12,29214,1394,87
2020-06-18,19,132.82,22160,897,59
2023-05-24,15,153.44,4113,1685,56
2019-02-08,21,1258.28,47425,837,47
2020-05-19,24,1230.42,41912,1095,5
2020-09-30,3,1495.04,27447,1074,61
2019-11-22,16,1188.99,8917,60,30
2021-10-31,10,959.21,5738,1780,40
2019-07-14,15,490.91,24922,328,20
2021-11-12,27,913.59,27035,1488,9
2021-12-28,16,1584.18,17170,647,43
2020-09-17,11,1312.34,36421,1063,94
2021-04-23,23,1330.45,10372,1612,32
2022-06-30,10,1135.23,2306,102,82
2022-07-26,18,775.37,17124,1672,49
2022-10-29,8,1773.09,1907,1968,45
2020-01-15,12,257.72,38892,1368,55
2020-04-22,11,1622.13,28254,916,95
2019-04-28,12,511.09,20085,1526,38
2021-12-30,22,1771.59,17602,521,50
2019-05-23,20,1522.09,47469,1905,32
2020-07-20,7,921.12,48818,527,78
2020-07-27,16,818.34,16922,1777,87
2019-10-07,13,1895.9,39957,1717,41
2023-07-13,12,217.77,31820,968,20
2022-05-18,10,400.79,8730,545,71
2023-10-13,10,843.25,11489,311,17
2021-09-02,1,1282.74,3567,1926,1
2020-11-01,1,1930.19,27867,1557,42
2019-03-01,27,851.9,23417,653,6
2019-06-25,12,1827.58,35125,1781,35
2021-07-06,30,1019.75,21763,1663,90
2019-04-28,14,254.38,15710,1173,30
2020-10-29,20,1025.03,37475,1180,62
2019-12-26,29,825.08,16625,1254,64
2019-07-30,12,1877.99,24723,1585,46
2021-10-05,4,635.68,6877,1297,0
2020-03-31,10,1439.48,46471,265,56
2022-07-16,20,338.01,14624,973,14
2022-11-10,7,901.25,48701,1341,35
2020-06-15,25,1247.38,18718,409,7
2020-09-19,27,347.62,33063,339,70
2020-10-23,21,235.7,17380,668,72
2021-09-30,12,115.17,27039,781,42
2020-10-02,19,1011.53,17113,1240,91
2023-12-10,10,1711.74,10396,625,57
2023-12-01,7,210.64,8384,827,50
2023-09-07,9,254.58,16275,575,54
2022-11-30,20,115.52,20975,1995,17
2021-07-22,30,1467.73,24461,815,37
2021-02-04,2,1569.58,7818,678,68
2023-08-14,24,644.34,39116,1006,44
2023-04-01,26,577.67,6129,273,23
2023-12-20,13,1920.43,22359,1586,33
2020-01-05,6,1282.79,27479,1408,4
2021-08-15,15,553.91,12548,904,73
2020-12-16,7,122.67,39483,478,64
2022-02-13,29,1686.02,42308,186,19
2020-12-21,17,159.78,24827,705,92
2021-05-30,5,1689.36,43784,752,53
2023-06-21,13,753.9,34319,808,20
2023-12-29,11,1228.91,10829,1325,67
2022-08-18,24,1303.45,8327,901,96
2023-11-28,27,130.15,6742,768,74
2019-07-25,26,148.68,8291,1136,80
2020-01-14,4,1485.35,30670,188,49
2019-03-23,8,1227.65,40534,1414,92
2020-11-18,29,974.35,41458,1247,34
2019-09-06,24,1547.64,38477,500,51
2022-10-29,18,1744.07,39075,340,81
2021-12-21,21,913.7,21486,525,42
2023-04-23,13,1181.95,30008,165,7
2019-02-13,29,937.65,17487,1712,96
2019-08-16,20,1427.45,17699,1787,10
2019-05-29,21,337.19,4191,557,5
2023-05-01,9,985.68,10605,1492,86
2022-04-26,7,432.89,19666,1271,19
2019-09-17,21,1663.12,11682,1517,5
2020-09-08,1,990.96,31038,1976,7
2022-04-23,27,917.65,12095,1184,9
2022-02-27,15,160.23,5003,1412,90
2022-01-05,24,984.05,15280,1043,24
2020-03-12,19,346.52,9062,1542,35
2022-07-26,23,1947.7,47854,622,6
2022-01-08,19,398.64,6873,698,58
2020-05-31,11,942.78,13679,1032,82
2019-01-09,5,898.57,41451,1049,91
2023-05-10,3,1066.7,31045,892,40
2022-03-23,24,1606.78,18779,619,27
2023-10-15,23,1030.02,10904,1914,95
2021-07-07,12,1963.43,28348,1444,45
2021-02-21,17,844.78,44513,1582,22
2020-05-01,5,769.1,14138,861,8
2020-11-12,7,390.13,11436,462,77
2019-09-19,29,1780.29,44948,1531,56
2020-10-28,3,588.48,35025,400,7
2022-12-29,11,363.32,32050,114,52
2023-08-23,22,246.36,4271,787,31
2022-05-05,15,929.81,17645,353,46
2023-06-23,2,996.08,11071,1045,32
2019-10-01,27,856.33,6768,532,81
2022-12-26,27,776.62,27566,1537,52
2019-10-05,17,1476.13,33609,1435,64
2022-07-04,16,196.89,23175,624,36
2022-05-10,15,692.42,42162,1153,71
2019-09-13,26,1006.38,30173,1514,80
2020-02-14,11,341.18,42782,1801,21
2020-08-12,21,1080.05,37830,1517,39
2021-01-04,21,1105.64,49703,1245,84
2023-05-22,22,1656.69,15494,1686,46
2022-12-29,21,1901.9,44307,680,91
2023-01-04,1,290.04,16890,1159,81
2023-07-04,21,1439.41,1499,1891,63
2022-01-19,6,570.09,23016,1396,96
2023-08-30,28,671.12,17323,1872,57
2022-10-28,14,1205.38,47270,1895,90
2022-11-16,13,378.32,35271,1970,20
2022-11-17,14,315.45,23016,1683,18
2022-07-10,16,645.49,12503,236,68
2023-06-06,17,971.44,15968,1252,54
2023-11-22,18,1198.17,44617,316,59
2020-09-09,16,1978.34,8524,1949,68
2019-10-24,23,475.02,13107,1560,90
2022-05-27,1,340.41,37225,1603,58
2023-05-11,29,1697.89,27957,1310,97
2021-10-27,2,1522.58,1849,992,44
2023-10-24,8,1116.49,38558,1676,33
2021-01-08,25,836.58,23097,784,30
2022-06-04,7,1147.62,27902,1037,96
2021-08-17,24,1867.53,10477,598,98
2020-05-04,11,1135.1,13299,1539,37
2021-03-05,7,1285.83,24636,125,61
2021-01-18,30,1009.67,7970,1359,44
2022-03-19,11,1972.33,24387,1024,54
2020-09-16,27,1201.18,49160,1445,30
2019-10-07,2,1836.4,45370,1956,42
2021-11-18,7,1511.68,14404,1473,91
2023-03-01,19,917.63,25938,1319,72
2022-05-20,2,1703.25,9240,393,58
2020-01-09,13,1880.47,2744,1683,82
2022-12-20,14,1815.11,6375,643,82
2023-05-24,19,1938.22,31369,1744,63
2020-09-01,25,603.73,21058,1414,89
2019-02-08,18,1839.4,18004,1322,44
2023-06-25,2,1510.89,29923,449,37
2022-07-02,6,1227.74,47759,1680,19
2023-12-19,23,323.01,37593,354,15
2021-05-20,29,1758.67,8228,1906,18
2020-01-10,25,1597.31,16778,1809,15
2023-09-20,17,409.82,39399,805,72
2022-11-02,24,1639.16,44455,1475,19
2020-02-27,22,1996.14,20593,323,0
2023-09-17,24,1854.14,4016,62,93
2022-11-16,25,1135.59,38392,1631,10
2019-03-23,12,716.04,22706,1820,47
2023-01-14,24,178.53,15667,552,26
2021-04-25,22,1407.38,5621,839,51
2023-08-25,1,1242.16,20170,1093,74
2021-10-05,26,445.49,20782,279,81
2021-04-30,24,1381.86,23920,547,7
2021-08-31,1,1539.48,45116,1527,28
2021-01-18,18,1330.49,36717,1144,85
2022-04-08,18,1625.1,21152,417,13
2022-06-26,27,651.07,16915,1338,45
2021-02-06,23,1297.5,20956,1295,46
2022-11-20,19,1262.37,19722,1579,6
2020-07-25,11,1858.6,23732,1282,66
2022-03-02,21,1517.82,47826,364,35
2019-12-18,23,1379.91,25034,1540,57
2022-05-15,30,1538.37,24632,791,50
2023-03-11,16,1378.19,27472,712,95
2020-05-07,27,1891.55,7961,207,70
2022-10-24,21,180.67,6039,755,43
2019-11-10,24,1330.24,22251,121,13
2023-09-08,24,1287.3,4152,1229,71
2020-01-26,2,1811.32,23970,924,29
2021-02-22,30,721.9,26535,420,55
2022-12-02,22,1526.48,35022,1189,53
2023-12-01,11,1783.65,16060,289,26
2023-11-02,4,389.43,37398,618,93
2022-03-30,25,686.97,48056,594,70
2022-11-10,10,1075.18,35290,484,99
2023-05-26,21,1771.58,7700,934,14
2019-04-23,5,1249.17,36255,1947,61
2022-02-20,20,1675.65,4362,1720,79
2020-05-16,17,457.87,42975,1194,4
2021-04-15,9,1321.8,21543,692,63
2022-01-31,12,314.79,42896,1225,86
2023-03-16,9,1125.79,33254,1177,58
2020-10-19,8,1467.66,32420,54,75
2022-09-26,26,1523.71,17298,304,65
2019-09-09,5,1544.44,45453,1637,73
2022-08-05,11,600.61,33027,1883,37
2021-03-27,30,1673.09,2720,850,92
2022-09-27,7,621.05,42116,336,99
2022-07-18,13,1166.74,10639,1797,21
2021-04-05,7,608.56,32776,1689,98
2020-04-13,21,1410.41,32180,1268,47
2019-09-22,28,1635.38,32061,1864,80
2019-11-10,28,507.88,41352,1777,68
2020-07-26,8,206.72,15609,932,69
2019-06-15,27,916.19,14496,54,3
2019-12-24,30,812.33,29123,1013,86
2020-11-25,15,321.45,27113,700,16
2019-08-26,23,281.29,43328,1815,14
2022-12-23,27,360.06,7647,1321,43
2019-06-13,4,1980.84,19802,1026,30
2019-01-12,22,103.22,37196,1196,37
2019-05-29,14,237.22,28957,1652,36
2023-11-12,18,1090.53,15140,1766,37
2023-01-16,3,166.47,49367,274,89
2019-08-27,15,994.52,28076,1606,65
2019-07-08,10,532.16,44151,1634,9
2020-02-18,30,339.64,32276,1215,57
2022-03-28,27,1514.74,13937,1415,72
2021-04-28,24,1975.96,37068,1239,54
2023-11-10,26,1568.53,2147,1252,56
2020-11-29,11,741.5,14174,1582,39
2019-10-29,24,1896.19,9096,637,36
2023-03-06,25,1733.28,20586,489,40
2021-11-04,5,1725.65,26014,1845,94
2021-10-19,2,300.98,22722,1183,34
2020-01-23,20,1046.38,26092,107,77
2021-01-24,10,1411.37,49342,519,83
2022-08-15,7,829.83,16788,418,80
2023-01-27,11,1514.96,16704,1343,31
2021-02-03,10,143.38,38238,751,87
2022-11-17,24,1239.29,8646,400,16
2023-05-04,22,1522.01,28096,1823,27
2022-11-06,10,829.7,40750,1592,18
2020-11-27,14,234.58,35357,1999,21
2022-09-11,17,1703.93,31592,1676,65
2022-12-14,16,756.24,21467,1383,32
2023-11-26,27,589.12,13502,930,27
2022-12-29,27,1929.61,36905,1885,82
2022-05-22,4,478.56,43137,1161,47
2022-09-23,15,1571.42,43384,126,67
2022-01-31,1,198.6,49217,991,62
2020-10-27,12,1582.99,35497,1915,95
2022-10-23,21,1891.49,48755,364,81
2021-06-29,29,500.14,38360,1715,36
2020-12-29,29,1562.67,11299,1991,89
2019-11-17,24,894.71,7517,138,91
2022-01-01,20,401.64,1503,240,42
2021-02-05,24,628.52,17456,802,19
2022-01-06,2,426.39,2336,1350,65
2020-05-09,25,1810.55,18590,1221,20
2021-11-06,6,1709.64,20438,1904,75
2019-01-17,23,1609.55,3640,1220,68
2023-11-12,5,1582.08,7789,122,5
2021-04-30,12,647.19,21608,132,93
2023-01-09,13,1339.72,22433,478,22
2021-05-08,7,1674.52,20565,1017,16
2021-01-22,8,340.74,13259,51,25
2020-02-11,5,377.68,38070,1739,77
2021-12-08,9,1321.93,28967,1887,29
2019-08-02,3,225.98,4910,1080,80
2023-03-02,18,1418.6,42951,549,47
2020-03-13,27,119.08,10169,1243,17
2020-06-07,29,1661.68,10944,1759,75
2021-09-21,23,1564.65,40415,435,89
2019-11-01,21,1965.19,22187,1465,19
2021-08-17,7,670.1,3799,1182,96
2020-07-16,25,481.96,49839,1764,56
2023-10-28,27,1738.3,14390,1424,24
2020-11-05,23,1975.66,24128,821,48
2020-08-18,29,1042.59,40108,1920,14
2020-04-18,9,1214.23,2206,1535,67
2022-05-24,22,420.53,19447,1441,29
2023-12-12,9,706.75,36718,1298,98
2022-04-26,3,166.3,26860,489,11
2019-10-02,10,1462.15,8738,1378,60
2019-04-06,3,1338.33,34874,1678,26
2023-02-28,11,1550.56,35539,1600,39
2021-06-24,16,672.32,41804,1455,29
2021-02-24,30,311.66,17389,1914,39
2022-03-30,15,1157.76,30171,1305,47
2021-08-11,5,1431.41,44767,1083,38
2022-06-04,22,1779.43,24969,1784,70
2019-06-05,6,1864.65,35705,1888,69
2023-07-26,28,312.0,20597,1671,1
2019-11-15,5,650.16,34902,683,42
2019-09-23,30,1356.51,13228,1353,49
2022-08-13,28,1452.31,28574,741,16
2020-06-03,3,1698.36,15810,919,39
2023-11-01,7,438.51,7169,403,80
2021-03-18,12,1363.46,39093,1230,49
2021-11-19,17,1043.38,43754,1788,84
2019-05-28,4,204.4,2707,1877,14
2023-03-11,6,825.07,42447,248,64
2020-08-10,29,713.2,25373,231,75
2021-03-04,28,1363.75,44214,1776,59
2021-10-02,15,1298.51,17230,1530,62
2021-08-01,27,636.91,23245,157,95
2019-03-14,22,1828.41,19084,774,79
2022-01-13,16,1318.32,49242,226,85
2022-06-15,6,1419.57,22584,1495,41
2023-01-07,15,1073.97,37763,1873,62
2022-10-29,16,561.82,39027,1660,94
2023-09-21,12,423.05,42536,240,98
2021-11-05,26,1806.74,15135,1670,38
2023-04-16,29,707.53,31568,264,24
2019-10-03,20,839.62,25369,585,70
2020-05-16,3,1558.84,8475,756,19
2019-04-28,5,315.42,20811,567,24
2021-04-03,24,831.84,42870,450,32
2020-12-09,4,1565.01,47106,776,39
2021-04-05,16,1136.72,33952,1559,80
2023-03-25,7,1231.63,18333,1789,33
2020-03-02,8,260.94,9062,1538,48
2020-10-17,16,1342.54,19366,983,68
2020-10-01,8,1636.79,45174,59,47
2022-11-13,2,724.91,1500,173,33
2020-11-06,11,949.58,5631,1783,0
2020-04-04,9,652.43,14058,120,36
2019-03-06,12,1219.92,35171,1445,89
2020-04-23,25,1059.15,46720,528,11
2022-03-17,30,611.86,7856,276,52
2021-03-05,30,1421.48,20025,898,61
2023-04-01,14,555.77,36250,295,14
2023-06-14,7,551.57,26005,1097,36
2021-12-04,26,1394.76,1541,181,1
2020-02-22,21,1680.27,18933,1244,28
2020-08-24,28,466.48,4622,941,96
2021-08-05,28,1027.93,35582,1077,60
2020-07-07,22,1897.04,14260,642,27
2019-06-29,5,1436.65,2030,1422,93
2020-01-11,30,651.75,49992,749,53
2020-07-13,22,1347.49,5126,1397,80
2020-08-12,29,1256.34,36359,1595,25
2022-08-23,21,1213.18,40137,93,89
2019-03-13,23,1756.47,27975,464,9
2021-02-22,5,391.54,19086,134,4
2023-08-01,19,1965.06,11775,175,14
2023-01-23,2,1936.67,24719,85,14
2021-08-08,17,117.78,36434,981,2
2023-03-19,3,900.24,42044,1272,86
2020-09-03,6,409.04,36064,1246,36
2023-02-27,2,986.96,27936,274,39
2021-03-11,20,638.34,40307,219,21
2023-10-12,15,259.72,4137,676,80
2021-10-26,8,1256.86,45873,1983,33
2019-02-22,27,482.18,19253,1459,62
2021-08-24,18,484.82,41230,1578,71
2022-12-14,5,1209.81,32100,905,79
2020-02-12,17,1171.57,42694,220,18
2021-10-05,8,1219.08,7382,346,88
2020-01-01,4,543.6,31303,1117,72
2021-05-24,10,674.29,32992,1654,77
2020-11-06,29,1351.12,37756,1898,73
2019-03-27,25,1145.3,38238,429,54
2020-09-04,16,810.94,25648,1146,40
2022-07-17,2,191.18,36828,491,58
2020-06-22,5,1525.03,46193,950,50
2022-01-23,21,145.51,34427,1640,49
2022-12-23,23,639.02,8170,925,71
2019-09-27,5,888.81,25818,1234,39
2020-06-05,21,1893.82,15168,736,23
2023-02-26,30,657.61,43789,941,50
2019-01-10,2,1989.85,33059,594,14
2022-04-04,8,914.72,11847,324,22
2019-10-15,27,316.08,36404,915,50
2023-10-29,10,1184.46,49411,1564,87
2021-01-31,6,107.62,23368,1577,47
2020-05-17,6,1317.95,49844,874,81
2020-05-15,13,215.06,2287,1507,30
2020-01-03,28,1250.28,12059,1630,93
2019-12-06,17,1602.46,23195,1779,84
2020-11-06,16,985.37,9156,96,74
2020-01-30,1,1674.24,18014,275,87
2020-02-29,25,756.09,7860,1343,32
2019-03-02,24,353.02,9164,226,82
2022-04-30,9,1114.2,14640,1429,94
2019-07-05,3,598.83,40851,1616,69
2022-09-11,5,1370.75,14827,725,86
2020-05-25,20,1533.28,17775,1185,57
2023-04-28,18,288.44,21436,943,38
2023-10-30,16,805.41,47775,733,55
2019-06-03,28,1050.53,41286,789,81
2020-02-26,8,330.6,8228,897,86
2020-04-23,27,422.95,4480,344,54
2020-10-16,9,1763.6,36341,1240,85
2022-08-02,27,1385.76,49021,550,47
2023-11-12,28,1895.31,8118,1064,45
2020-06-03,27,188.57,48672,1616,27
2019-06-16,12,1736.09,3502,1873,26
2019-10-08,26,1694.31,6468,1638,42
2021-07-28,3,460.07,29900,1436,53
2021-12-31,9,1824.15,18182,420,70
2019-01-06,20,1750.96,48008,977,62
2022-01-29,5,1410.9,5171,463,93
2022-05-08,12,1892.56,46971,305,49
2022-04-28,6,320.33,1853,1625,60
2023-11-27,22,482.08,29589,236,23
2021-08-01,12,1798.64,34264,1452,17
2021-06-05,26,1784.6,26316,259,70
2020-07-04,10,464.32,15057,1773,95
2022-08-20,23,1121.35,6995,1883,67
2022-04-08,11,1368.64,22990,1577,3
2023-02-24,15,1040.91,46894,760,93
2023-08-06,14,1290.83,24234,116,97
2022-05-11,23,1041.35,22773,201,62
2021-01-09,2,1265.97,30481,665,96
2021-07-07,5,105.37,11902,1907,43
2020-02-29,11,1103.3,42003,343,57
2019-02-15,6,935.26,28694,374,92
2022-10-26,15,1344.83,8250,899,40
2023-06-29,8,158.69,12820,1144,64
2021-05-31,12,1115.76,21142,731,70
2022-12-14,2,1758.79,18953,1844,45
2022-12-31,22,1163.88,27036,1228,60
2021-01-23,3,198.94,19646,1978,78
2019-03-15,1,1911.94,32161,895,50
2020-01-11,19,1425.14,36243,974,40
2019-11-20,27,592.38,42079,613,65
2019-12-02,7,1160.35,41807,388,68
2023-11-10,10,1104.63,46355,1124,17
2020-01-17,1,1158.47,26579,1082,96
2023-07-05,17,217.79,37305,1552,18
2020-01-02,4,1602.53,48075,1270,88
2021-04-27,21,506.75,37750,503,96
2023-04-22,29,181.15,33031,1507,28
2023-11-21,7,1408.32,18281,498,32
2021-09-02,22,971.06,10130,283,24
2021-02-12,27,105.3,8781,1876,65
2019-07-30,27,453.99,5391,1247,72
2022-10-09,10,1801.59,12488,485,40
2021-02-12,26,601.98,2134,305,11
2021-10-24,29,678.09,40403,1567,53
2023-09-24,4,1247.49,34607,180,96
2019-09-07,20,1047.72,19611,166,55
2019-01-08,28,747.28,31722,1416,30
2021-11-26,27,711.71,6411,1516,94
2023-01-27,19,248.38,44244,555,70
2020-08-06,2,1358.23,44543,1457,92
2019-06-01,12,514.94,2123,626,21
2019-08-28,3,1211.28,35073,1367,49
2022-12-18,17,1266.61,5196,228,31
2023-05-03,1,1841.86,11615,784,13
2019-07-12,27,1053.92,8335,659,77
2021-01-29,28,974.94,29948,90,68
2020-05-21,18,215.5,10725,1721,64
2022-09-18,4,1292.51,7598,241,65
2023-07-09,26,763.92,13854,194,2
2022-01-13,14,1122.13,47623,419,48
2021-06-25,28,460.23,16479,1341,32
2020-05-04,4,887.77,19919,1584,66
2019-09-23,30,1116.86,42842,804,34
2019-12-17,16,651.85,40901,1566,24
2023-12-04,17,519.66,13995,284,58
2021-09-06,23,1955.79,24929,1341,74
2020-04-21,22,1459.59,40569,411,90
2019-02-23,15,1008.64,24095,1909,19
2023-07-12,11,990.54,43719,1971,23
2019-04-12,20,1327.61,28720,65,6
2020-02-05,13,445.19,27637,1974,63
2022-03-01,2,693.37,41083,1499,54
2023-11-21,12,1261.54,6980,254,70
2022-04-04,26,1037.52,4031,548,12
2019-06-16,1,190.52,47774,753,58
2019-02-02,3,1124.66,5523,1399,6
2019-11-16,2,1399.75,37763,551,13
2023-06-02,17,594.72,22633,1092,59
2020-05-08,2,1815.0,8840,1236,14
2021-11-29,22,579.1,41685,1405,87
2021-12-20,9,461.44,10313,1022,25
2021-09-25,4,1934.34,45020,1149,53
2019-05-01,30,151.87,49711,1208,86
2022-06-21,17,754.11,34809,552,45
2019-08-11,6,1633.84,33676,1968,46
2022-11-14,25,835.84,35819,1083,26
2022-11-20,5,1898.95,24994,129,6
2020-10-09,14,1111.35,12143,1902,78
2022-09-10,3,1074.69,9596,145,13
2021-09-26,17,1704.25,23934,1314,18
2019-09-02,17,1798.44,38602,1080,47
2019-11-12,20,747.19,35513,364,17
2020-12-18,19,774.42,1929,775,72
2022-03-18,16,1504.84,22429,891,41
2023-07-10,17,1542.9,37756,1080,36
2022-10-27,10,860.6,10566,400,19
2019-05-24,12,136.03,16358,958,14
2023-09-03,21,845.68,38758,1509,49
2021-07-10,15,1887.96,13235,579,97
2021-02-27,10,1811.87,36219,638,58
2022-06-28,19,486.41,11924,1098,86
2019-11-28,15,1225.62,47239,635,50
2022-05-28,28,1124.78,5015,1731,81
2022-07-25,2,1456.59,36440,1001,65
2023-10-03,25,1435.93,35470,343,0
2019-09-05,13,1056.14,2248,508,65
2019-06-03,29,587.76,4942,106,14
2020-03-20,24,359.77,34131,259,56
2022-11-01,29,1390.03,39751,1999,83
2019-11-20,23,266.31,4483,1623,93
2021-04-30,11,1626.75,28887,1059,23
2023-02-25,30,1910.49,3707,1408,27
2021-05-15,23,767.35,7111,344,59
2021-03-25,16,1512.83,37263,1658,32
2023-09-22,14,1290.58,11627,635,91
2021-04-19,14,991.62,34371,890,72
2023-12-30,7,985.31,12399,1365,78
2019-08-07,29,496.14,34900,1851,50
2022-07-02,27,629.2,41240,129,53
2019-05-11,12,1292.24,18729,1471,72
2023-11-13,23,177.56,12302,1742,21
2020-04-01,20,582.0,29153,1264,35
2021-08-09,3,1770.67,7231,850,33
2019-11-07,13,1092.12,27336,1706,1
2020-07-16,13,783.14,30293,72,87
2019-05-23,16,786.19,7285,509,34
2019-12-02,11,1167.79,47118,1890,34
2021-10-13,24,1706.11,16045,348,84
2021-07-27,12,792.3,16943,757,95
2022-06-25,15,1577.98,45864,443,22
2022-08-20,10,341.6,35221,745,96
2023-07-13,30,1856.07,49836,1154,1
2023-02-08,5,1882.19,23538,873,24
2021-03-28,23,684.14,25152,261,91
2021-11-04,12,1746.33,13049,1701,14
2022-05-16,24,1108.31,18749,850,8
2023-04-03,22,398.21,5776,449,33
2023-04-03,18,1507.36,46971,90,72
2020-09-11,5,1715.08,42407,1955,84
2022-10-13,2,193.72,1474,1544,70
2022-08-03,23,1269.08,5995,168,65
2019-10-01,25,1852.52,41074,239,46
2023-10-25,30,429.89,10308,1162,80
2022-05-03,16,1252.27,6900,257,6
2023-11-12,11,574.47,46879,1277,29
2019-02-23,30,1964.18,13263,1248,93
2022-06-21,15,594.96,33904,441,26
2020-10-29,4,1052.59,7775,1265,65
2022-04-14,26,1933.89,47731,1599,48
2023-12-16,29,1900.39,8927,646,70
2023-11-02,19,1734.21,15662,720,10
2021-06-07,18,1837.14,42126,648,60
2020-08-19,7,770.01,15546,1124,81
2022-09-05,6,873.72,21852,451,80
2020-12-03,22,1923.76,43814,1000,9
2022-08-31,30,1702.55,43804,789,85
2023-08-07,21,503.17,29565,708,13
2023-04-04,27,752.29,16620,463,72
2022-02-22,1,865.29,28011,68,42
2023-04-23,21,246.21,23545,523,13
2019-10-24,25,537.17,3953,370,0
2020-09-04,18,1488.46,39876,1154,68
2021-09-18,16,444.95,7288,712,42
2023-02-18,1,1868.36,11787,546,54
2019-07-13,5,108.68,45647,455,43
2020-07-30,27,749.18,12717,405,23
2022-05-24,2,1372.51,32861,1763,34
2021-04-12,1,339.84,38546,1341,35
2019-05-11,10,1215.78,27826,1715,89
2022-03-10,30,1427.28,48159,1160,12
2020-05-29,27,1188.97,47200,192,71
2023-09-21,29,233.93,47758,476,72
2019-06-08,14,133.77,8992,204,72
2019-07-14,9,188.42,26956,1600,33
2020-03-28,8,1498.59,46041,532,97
2023-04-12,14,1206.59,25166,1233,40
2023-07-31,22,598.04,28843,847,56
2021-10-13,21,380.55,45268,375,0
2022-07-08,29,616.64,37810,1354,79
2023-09-18,9,1679.73,3452,192,57
2020-05-08,29,555.02,23061,1183,87
2021-08-22,25,138.41,41782,695,99
2020-03-30,25,1433.89,3783,281,43
2023-12-12,5,1261.61,16725,756,66
2022-06-28,18,1963.77,33190,498,54
2019-05-27,8,1141.09,1193,1027,78
2023-11-22,10,1361.96,42883,838,68
2021-08-25,10,243.48,49059,173,57
2020-08-22,4,1811.85,47585,1038,83
2022-02-09,29,1159.85,24632,360,79
2021-10-12,11,1126.74,18556,1602,73
2019-01-07,18,1066.07,1991,1988,90
2023-01-13,4,1264.36,9360,236,31
2020-11-04,5,1960.88,18290,251,16
2021-03-01,11,1164.77,39495,1006,43
2019-02-06,28,1376.75,44508,1052,5
2019-06-10,29,1868.59,16392,1732,99
2022-02-23,8,321.96,4351,477,26
2022-03-18,4,1292.35,47912,1671,62
2020-12-05,25,973.28,43369,210,20
2022-10-16,9,1207.13,40460,541,85
2019-02-01,16,181.86,27632,1489,17
2021-01-07,6,1852.99,30240,1732,29
2020-01-25,25,161.71,44682,1985,59
2020-08-03,29,1485.38,31346,283,75
2023-07-29,28,764.51,21455,1865,47
2020-07-21,3,1792.82,16752,1928,18
2020-05-31,16,1802.98,19467,1664,71
2021-12-09,12,796.02,47059,1872,15
2023-05-03,3,1115.9,4521,65,53
2019-04-13,14,343.98,33868,150,96
2020-02-15,6,1715.44,6799,82,51
2019-06-15,26,1624.5,49475,558,54
2022-05-21,14,1449.25,45174,168,4
2020-06-20,17,684.28,45254,1869,80
2020-04-07,17,626.17,17466,123,69
2023-11-05,13,154.6,34341,606,52
2021-12-02,16,1310.28,11660,135,30
2020-08-17,16,1171.85,29553,1754,77
2021-05-07,2,1984.04,33387,539,52
2019-09-10,19,1279.79,11156,1658,70
2019-01-15,11,1080.76,47926,905,97
2021-08-29,8,268.86,2037,486,24
2020-06-18,3,1356.57,31594,652,49
2023-09-15,19,1720.35,39015,1484,44
2022-07-17,3,1997.09,35793,689,61
2019-11-13,4,1630.65,14878,1953,25
2022-02-24,28,1460.56,38607,1091,91
2019-09-08,6,1664.73,29372,308,90
2023-01-06,7,1695.66,8875,1250,52
2019-10-08,12,999.57,49320,384,5
2022-01-25,30,376.67,39086,1861,36
2023-12-27,29,895.73,49691,955,69
2023-01-30,28,1010.36,5664,1380,60
2020-10-12,2,149.92,43775,120,22
2020-04-24,15,1032.16,18579,1866,21
2023-03-26,26,793.16,7858,859,63
2021-01-02,28,1691.43,13961,840,33
2022-05-28,26,174.2,31957,502,97
2022-04-26,5,1202.25,12120,358,43
2019-12-06,15,1624.43,20089,1281,62
2022-05-05,23,357.51,41911,1096,32
2023-02-20,30,1005.64,5720,922,1
2022-01-06,25,1916.04,34875,1629,73
2021-04-10,18,776.21,29194,240,80
2020-10-31,15,1974.8,10037,512,45
2020-06-08,12,605.18,48709,1552,90
2022-02-18,1,1879.63,29852,307,52
2020-04-14,27,1446.65,18289,1296,12
2020-02-07,30,131.38,27088,766,68
2022-02-01,30,1900.61,46343,1679,69
2023-10-08,30,361.81,41534,546,37
2019-05-15,3,1909.5,29794,1573,23
2020-03-23,1,263.84,46860,721,38
2021-10-15,17,1413.71,33912,1433,80
2022-11-26,19,1822.35,36899,1218,50
2021-12-26,4,1415.59,15106,354,18
2023-11-28,6,1821.86,49121,1190,13
2019-08-11,13,1504.15,17471,199,48
2022-08-06,30,524.14,35467,1713,68
2019-02-12,24,283.07,28397,388,86
2020-02-09,10,1248.07,31436,922,97
2023-03-22,10,1830.12,35059,1997,70
2021-05-21,23,395.96,34927,1539,65
2020-11-14,4,1444.81,9179,270,53
2020-10-27,8,275.3,5605,1979,98
2019-08-23,4,588.24,11470,1187,48
2019-04-16,14,1976.89,16299,818,78
2021-03-30,11,786.7,27798,57,91
2019-03-10,29,692.98,19471,126,43
2022-06-30,17,913.08,17741,1206,60
2021-11-25,12,425.8,19573,1370,52
2019-09-30,23,821.54,5755,1704,43
2021-05-07,1,807.67,9005,1617,81
2022-11-12,4,855.21,28040,643,50
2019-02-26,23,530.05,2024,1031,35
2023-07-26,11,378.76,11892,600,77
2020-04-14,4,534.25,6938,1677,83
2020-04-08,29,1301.89,8400,501,55
2020-04-04,23,475.8,34519,1909,75
2019-08-03,16,1939.14,30348,1179,56
2020-05-22,3,1695.93,10162,1538,27
2019-07-03,9,1434.57,23557,1327,21
2019-02-19,22,1978.84,21336,111,13
2023-01-25,25,1870.9,1419,486,74
2023-12-01,16,1488.43,1534,1306,20
2021-04-27,18,1122.14,4554,158,81
2020-05-29,14,1456.21,31181,459,17
2022-10-20,17,1350.75,16092,1249,45
2021-06-27,20,1367.75,9366,71,79
2020-05-06,16,1041.34,26909,458,12
2022-03-29,6,302.91,47784,1510,6
2019-08-02,14,1997.32,49967,669,36
2022-09-05,29,1119.69,13782,1312,61
2019-05-26,12,502.2,35450,222,96
2021-08-01,21,1751.69,21550,920,76
2021-08-12,26,940.68,41759,1681,50
2023-09-30,5,1490.7,24151,898,73
2021-11-09,20,188.1,48127,1868,26
2021-06-05,16,1792.09,5365,1590,77
2022-05-26,12,1425.53,44087,723,19
2019-01-21,29,1830.82,35893,403,60
2020-09-22,5,755.08,34816,1468,82
2019-10-15,18,1490.87,27876,511,45
2019-03-31,10,1598.17,45796,1597,88
2020-09-13,29,299.41,30593,1227,66
2020-07-02,1,1700.79,13828,684,45
2019-12-15,9,1438.55,22908,1238,17
2022-11-24,28,642.89,25881,83,42
2020-08-12,14,626.92,45188,172,68
2020-05-01,10,1671.89,17720,1409,49
2019-02-05,11,1863.57,3098,1403,47
2022-07-01,7,889.35,11941,1558,98
2019-04-14,6,1652.59,25616,1343,78
2022-08-16,13,1068.05,24541,703,31
2023-05-26,25,1891.27,13755,857,67
2023-10-27,4,1579.08,4991,1787,36
2022-06-13,17,656.63,23467,1172,91
2021-08-26,18,330.46,7468,1619,56
2020-02-20,12,1172.33,6513,1990,44
2021-08-21,26,621.56,25722,1562,79
2023-09-04,11,690.34,17863,1304,30
2023-11-21,6,1069.62,45664,654,54
2019-01-19,28,1526.1,3083,267,25
2019-01-01,29,950.81,31337,773,45
2019-01-05,19,234.84,17765,417,70
2021-04-08,28,596.78,14681,1789,10
2020-03-09,3,1871.62,40627,380,0
2023-08-12,14,1963.16,35669,1203,22
2022-01-13,29,1836.75,4097,76,2
2019-02-07,5,1855.25,9443,1264,73
2022-04-16,27,149.18,18791,1916,44
2021-10-14,3,1192.31,25126,71,74
2023-08-02,1,1820.8,34919,1969,25
2022-04-03,18,1503.8,12100,1859,35
2019-04-18,24,1222.01,10698,966,70
2019-04-20,19,1162.48,7516,794,7
2022-11-23,8,307.85,33933,1926,70
2019-11-02,8,1065.99,41660,1363,44
2021-09-25,3,921.13,49980,1088,20
2023-03-06,6,1116.18,19156,862,38
2022-01-29,17,119.73,7194,1484,95
2022-02-07,27,1349.03,10536,1135,82
2019-09-23,12,1777.09,34514,960,81
2021-12-12,25,532.86,43564,399,49
2020-07-05,27,663.05,31585,1057,45
2020-10-24,9,203.48,36901,1929,95
2020-12-27,7,458.28,36534,572,81
2021-04-25,30,1227.22,28939,377,82
2023-12-25,1,449.77,41569,887,7
2022-07-15,13,1100.82,28878,53,81
2020-04-19,15,596.41,38180,1485,89
2022-07-28,7,533.24,30194,1899,35
2022-10-10,21,1491.22,34242,1753,75
2020-05-14,23,526.38,2992,975,29
2021-03-05,30,755.94,35279,769,47
2023-07-02,15,1168.47,3092,1987,60
2023-12-27,26,1789.4,16415,520,85
2020-06-28,2,942.54,23329,138,36
2023-11-14,5,644.65,35214,810,11
2021-04-13,5,710.18,41472,1047,68
2023-12-01,28,1411.7,14268,1052,29
2019-04-18,11,198.76,41990,1374,42
2020-03-10,18,547.96,4117,440,95
2023-10-18,13,484.14,37870,1750,57
2023-08-19,7,1513.29,15910,1090,65
2019-09-04,18,685.63,4910,388,29
2023-11-23,17,347.08,16540,268,52
2020-04-20,30,483.66,19184,761,70
2023-11-01,4,1867.24,10620,1666,7
2019-08-19,21,924.44,5847,1820,72
2020-12-12,24,809.38,15040,207,13
2021-12-22,9,962.78,24067,1507,45
2021-02-15,30,1783.17,6447,946,91
2019-02-12,5,1901.71,8932,59,37
2021-01-16,25,1121.05,28724,564,61
2023-07-25,7,1672.22,30389,897,8
2020-08-30,5,1644.54,18818,704,80
2019-11-17,14,1162.93,45862,51,63
2022-05-11,10,1418.62,9465,476,23
2019-07-11,12,421.51,31563,1179,8
2020-10-18,13,112.09,4056,1538,80
2019-09-12,27,807.38,1981,1720,25
2023-12-24,4,343.75,40002,1843,31
2019-03-16,17,1195.14,29960,1106,37
2023-01-31,17,528.69,36486,803,17
2020-07-04,8,1397.36,48307,1886,76
2021-01-01,27,293.73,8846,1002,55
2020-12-08,12,1558.78,21491,201,52
2021-11-16,30,1263.45,30311,1962,89
2020-03-23,11,231.93,1175,971,5
2019-06-27,21,200.9,32526,135,48
2023-12-21,7,1039.94,14426,171,59
2022-11-14,4,215.76,42121,724,4
2019-06-22,19,1708.52,26281,1530,6
2019-01-08,9,1347.15,12011,1241,25
2023-12-16,23,1162.78,23752,1218,58
2019-11-19,20,1398.7,22343,1238,1
2020-03-12,17,449.38,46472,555,65
2021-08-13,21,572.62,23554,1591,74
2023-01-04,11,1112.27,34923,385,46
2022-10-08,11,804.91,8919,1638,50
2023-03-15,19,260.79,32385,82,84
2020-02-11,4,1474.36,7200,1696,17
2021-03-23,16,1156.93,15462,1069,54
2022-05-01,22,1065.13,26441,1001,45
2023-11-20,18,402.21,40884,658,43
2021-02-23,7,1734.91,16598,766,44
2023-02-11,17,1472.46,9388,910,36
2020-05-13,2,637.67,34285,648,64
2020-09-16,20,208.98,20251,830,46
2023-08-31,11,845.57,9383,745,68
2022-03-01,7,671.0,35538,1864,81
2023-03-08,18,1595.41,9275,1309,21
2021-08-12,20,380.02,9075,431,54
2021-10-09,26,160.87,9408,624,2
2020-05-28,9,136.57,39451,1932,0
2022-11-25,23,758.87,13785,838,13
2021-02-13,19,1217.95,7924,151,0
2023-12-22,26,862.56,7837,439,67
2019-11-21,8,602.51,23174,998,88
2020-10-31,28,1019.35,28391,510,1
2023-11-23,6,1792.05,6178,85,28
2020-11-27,19,332.51,28450,464,31
2019-12-06,20,374.64,37537,1776,44
2023-06-16,29,1668.8,40557,1764,91
2022-06-28,15,1739.2,25430,478,24
2021-06-03,14,1522.56,48734,356,36
2022-05-03,14,218.36,26672,706,78
2020-02-27,28,1269.63,14887,1580,20
2021-03-12,19,1978.48,24430,764,2
2022-11-30,18,1167.27,11560,1576,51
2023-02-14,24,1457.78,42561,1827,54
2022-01-10,9,550.25,21579,1574,54
2022-02-04,26,115.54,7438,947,21
2021-10-28,7,1464.75,17540,423,64
2019-09-09,4,1741.3,29833,1712,76
2021-12-05,30,1812.98,22776,277,1
2022-11-25,1,1856.64,24530,553,36
2022-07-03,16,969.49,48120,362,13
2022-10-06,3,274.78,12768,1485,34
2019-12-04,29,1874.46,43229,1372,4
2021-08-28,26,1965.39,33409,87,76
2020-10-22,19,671.11,15085,718,78
2023-06-03,12,750.57,12768,165,50
2023-01-16,22,579.65,43918,417,75
2022-12-14,28,1605.32,7981,224,75
2021-01-07,28,146.68,45318,605,29
2019-10-29,6,142.8,46895,692,10
2022-09-01,18,1791.74,28457,1605,63
2022-01-07,20,536.9,18900,1825,63
2020-11-01,19,1525.65,22958,1743,68
2023-06-03,7,641.83,37973,358,19
2021-09-18,18,1496.31,43181,1583,46
2022-03-11,28,1184.49,18775,1344,17
2019-04-19,12,542.97,2085,1618,27
2022-11-12,18,1983.11,24299,1922,7
2020-11-21,1,1348.66,40931,284,39
2019-06-26,3,1060.21,48379,588,17
2023-06-07,25,1072.3,3714,1010,25
2023-02-27,26,1860.53,37766,1320,93
2020-09-01,4,513.78,36985,1465,58
2023-11-27,15,1983.69,26501,558,84
2019-04-13,3,1771.12,47636,1361,82
2021-06-03,15,1310.97,22819,1134,1
2019-10-05,18,939.02,35447,558,92
2021-03-25,2,1479.65,25272,811,14
2023-03-13,13,1512.74,18588,583,85
2023-06-24,14,1406.91,39567,1237,23
2023-09-08,19,1580.54,17018,1627,32
2021-03-27,6,1191.62,8520,156,2
2020-06-05,17,519.06,12932,1556,57
2020-07-31,26,411.11,27233,764,66
2020-05-23,19,1150.78,9528,1538,47
2022-10-08,13,1200.17,1225,326,12
2019-04-07,26,608.28,24563,1824,85
2023-10-17,15,1750.62,33290,318,36
2019-03-05,2,1656.04,24971,625,22
2020-03-16,30,187.34,29865,1801,34
2019-05-19,20,1831.63,36532,1238,37
2020-03-15,26,1463.84,15199,1091,80
2022-08-31,11,586.87,9420,1243,93
2019-01-07,18,643.52,16751,1207,65
2023-01-01,25,1820.6,3703,1926,91
2023-05-17,5,137.16,42025,1017,61
2020-06-22,23,1111.98,33625,106,94
2020-03-07,18,1266.56,40893,67,42
2020-08-16,23,1675.27,31039,293,59
2020-05-24,7,1765.93,28224,866,99
2019-02-14,14,1502.02,1229,899,59
2020-04-19,28,1466.42,30306,1224,19
2023-02-07,10,1883.44,18429,454,15
2020-05-09,6,881.71,26386,659,52
2021-07-21,6,1124.61,17209,550,12
2020-11-12,16,1962.4,45226,1525,0
2019-11-15,27,1105.16,46394,413,8
2020-10-11,27,1555.52,31793,1628,38
2019-05-09,23,1243.05,21841,1807,40
2020-09-08,13,352.32,6670,510,17
2019-07-21,6,165.52,31867,1030,87
2019-09-03,10,1810.93,25821,1670,7
2021-05-13,10,1945.49,34823,941,48
2020-10-14,9,519.21,43470,424,27
2019-08-13,11,1547.78,28447,436,51
2020-12-16,14,791.77,28659,1760,28
2021-09-10,10,1534.74,44409,327,8
2020-11-07,24,1606.82,24358,836,23
2021-03-22,30,1475.53,3854,1844,58
2021-01-12,2,491.95,4914,1994,73
2022-12-21,24,944.57,13028,626,26
2023-03-01,17,271.11,33017,342,47
2019-09-27,15,630.89,1153,1384,82
2023-10-11,25,1036.58,29616,443,10
2022-01-29,13,479.88,26667,422,53
2021-06-03,8,354.91,19946,422,78
2020-02-06,1,1223.64,30561,1853,92
2023-04-18,15,1365.21,28566,183,54
2023-09-21,16,339.22,18446,1902,46
2023-05-09,29,1623.31,1544,1156,33
2023-03-14,16,365.14,32198,1963,84
2019-07-07,26,1411.92,5099,235,89
2023-05-01,18,1508.18,27902,317,59
2019-06-08,6,852.23,4300,416,24
2022-09-04,18,1906.82,2970,1234,9
2021-10-21,1,253.51,43660,752,17
2023-06-07,9,247.05,37214,653,9
2021-11-24,24,354.0,18161,1674,21
2020-10-18,5,1834.46,39920,1750,13
2020-01-14,3,780.51,5676,1198,9
2019-11-28,7,845.37,32864,175,24
2019-11-04,11,1013.79,23956,1223,10
2020-10-01,22,1520.26,34729,1685,52
2021-08-22,28,467.02,30280,1192,68
2019-08-27,21,192.08,18579,1317,30
2022-09-17,7,1953.33,34643,1332,39
2022-02-06,27,1319.77,20819,911,73
2020-04-21,1,626.07,18280,257,37
2022-11-11,25,1185.23,16523,401,34
2022-12-13,19,593.27,38011,1099,46
2021-10-30,7,498.19,18655,467,70
2020-03-27,1,564.46,11310,720,51
2021-11-24,1,340.41,13132,1371,28
2023-03-27,14,476.21,35568,1500,20
2023-10-01,21,476.41,14570,1646,8
2019-08-30,19,1310.23,40887,1546,49
2019-05-07,17,1507.63,8656,1104,32
2022-08-19,17,651.17,30481,1520,7
2019-12-22,9,1752.18,12987,931,81
2021-02-19,14,383.1,45763,924,55
2021-10-16,28,1654.11,3136,810,79
2022-12-05,8,877.19,8813,162,92
2020-01-03,7,920.22,19011,959,4
2020-07-09,26,943.63,32077,377,20
2021-05-02,23,1653.45,12556,624,89
2021-08-05,22,273.89,20908,272,70
2022-07-05,16,1727.29,38290,1424,85
2020-02-27,2,1088.04,33045,1789,82
2020-02-18,12,184.65,39217,1649,65
2020-12-05,25,744.42,28353,1910,67
2019-03-01,10,188.55,3067,146,17
2019-04-04,7,846.37,20776,658,9
2023-07-13,20,937.01,49591,427,96
2023-08-29,23,1025.91,20969,729,19
2023-06-18,6,1647.78,37928,1853,86
2022-04-12,16,1501.55,22104,1463,87
2021-03-10,24,963.25,41002,1354,34
2023-09-10,9,1210.7,14884,694,41
2022-04-10,25,837.32,14689,1183,14
2021-07-07,27,1929.93,19603,1245,89
2023-11-17,17,570.54,25412,141,83
2020-02-15,17,1728.82,5904,1113,97
2019-02-28,1,201.26,31051,1483,76
2019-04-08,16,1837.93,36627,951,81
2022-11-27,11,1158.37,32929,1034,21
2021-08-14,20,937.4,31468,1211,97
2022-05-08,16,667.18,16354,1617,72
2023-02-27,1,1955.04,36892,911,14
2019-10-14,27,873.85,24595,382,42
2020-05-05,20,972.45,34981,1764,63
2022-07-25,17,1013.38,13131,516,30
2022-11-04,28,714.85,42012,589,23
2023-05-31,17,1286.95,35476,1783,1
2020-10-25,3,1393.5,36907,1356,47
2020-12-19,8,409.72,21499,988,45
2019-09-18,6,1301.04,11700,1787,57
2020-04-06,20,1253.53,49802,1651,61
2020-08-19,24,483.66,49569,271,44
2022-08-30,29,917.9,17239,413,51
2021-06-14,24,1528.58,19051,1377,76
2023-09-15,19,1836.87,39613,160,45
2022-08-04,18,295.58,39734,742,38
2023-08-22,9,1236.23,27222,1619,83
2019-02-21,28,1713.52,48696,1408,87
2020-07-11,10,1464.59,21481,639,12
2020-08-25,9,527.93,19945,183,28
2022-11-22,3,724.62,32465,735,15
2020-07-17,17,955.63,17004,1267,72
2019-12-24,19,1732.15,19314,1106,80
2019-04-03,11,1295.59,44864,1675,48
2020-10-16,8,732.45,23641,958,11
2023-10-18,6,1471.71,37476,276,80
2019-07-19,1,1806.32,17023,960,23
2022-01-07,5,781.11,45580,785,5
2021-04-05,2,635.51,14303,1042,79
2022-09-17,22,1487.38,39917,284,95
2020-03-27,3,1809.1,16497,406,54
2021-08-10,19,175.52,49887,1796,47
2020-10-11,17,1739.16,49992,1851,91
2023-09-11,18,1918.73,6707,1429,27
2022-06-24,19,1008.95,37695,732,37
2023-06-09,28,609.9,48891,350,50
2023-05-09,24,747.7,33037,905,85
2022-07-24,18,145.51,2844,157,44
2020-07-16,7,1592.9,31132,999,25
2023-01-18,23,797.63,45369,1198,71
2022-06-25,6,581.57,26441,211,74
2021-04-27,16,764.49,29658,413,49
2019-11-16,18,1731.68,24390,475,56
2021-05-19,18,834.3,43398,517,63
2019-02-27,7,949.0,3160,1532,73
2021-05-05,16,531.72,3100,586,98
2021-05-31,18,1003.08,40639,1400,40
2020-09-13,12,625.95,49227,1318,11
2021-03-09,27,473.14,36576,1944,10
2023-04-13,11,773.31,24801,482,9
2020-02-28,30,445.31,14344,1013,19
2022-09-12,4,198.25,30651,649,0
2019-03-22,25,1459.99,4210,1893,27
2020-09-15,4,723.99,12528,558,73
2019-08-04,19,1291.7,29862,729,91
2020-01-18,11,1747.7,2641,718,32
2023-09-30,8,227.2,48641,293,13
2023-05-02,16,929.62,31172,155,17
2021-11-10,24,881.23,10969,561,30
2023-11-25,28,178.48,41621,494,62
2022-03-18,16,1020.49,39271,1544,51
2021-05-24,13,222.97,14650,430,61
2023-06-23,11,707.11,44650,158,34
2019-05-10,9,630.08,46216,401,96
2021-07-09,3,1118.55,26592,1542,60
2022-08-28,30,779.63,5148,1883,50
2020-10-01,24,901.61,16163,204,38
2022-06-14,7,1838.21,46023,646,63
2022-03-25,29,311.04,49122,703,36
2023-10-08,26,238.27,33005,130,11
2023-06-15,25,1327.4,42617,1301,15
2022-05-20,17,612.78,48838,1843,59
2022-04-30,7,1126.19,47721,1509,71
2022-10-12,14,475.81,12394,330,57
2022-12-09,2,222.01,35754,1585,94
2020-10-19,22,1098.83,8262,1673,40
2022-06-26,16,1554.51,27227,1432,79
2021-02-03,12,374.84,30486,231,3
2023-10-28,17,1471.01,13284,904,49
2021-11-27,3,610.12,29771,414,94
2019-06-10,1,1837.34,16451,458,37
2019-02-03,3,623.61,9986,1178,59
2022-09-16,11,987.16,33994,1797,52
2019-06-22,5,721.66,24801,57,45
2021-05-20,2,506.12,37277,1224,73
2023-04-27,19,1458.22,18634,1213,27
2023-08-28,8,1259.38,23583,1192,19
2019-01-05,30,1371.65,16425,1612,18
2021-04-21,2,1358.86,28524,525,74
2023-09-29,25,1927.52,46803,1385,85
2019-12-09,13,243.39,13419,1670,93
2021-07-30,6,1802.5,35065,490,40
2023-04-07,13,1628.52,25783,387,19
2022-08-08,4,1421.05,37642,697,22
2022-10-27,30,143.1,41511,1716,55
2021-10-18,24,176.81,2641,1403,86
2019-05-03,9,1740.92,42972,254,65
2021-05-06,28,1052.45,14324,1082,15
2023-05-21,6,1409.62,9646,430,13
2022-03-14,19,781.81,25451,1023,75
2020-06-22,30,1031.05,36272,1920,5
2020-02-02,19,629.15,7165,1334,91
2021-10-07,26,1812.74,10423,850,63
2023-01-02,10,1283.65,22727,1136,2
2019-04-14,23,1571.98,5298,1183,65
2020-10-11,14,1667.19,39453,797,22
2022-05-22,3,1907.81,8885,729,34
2019-08-21,18,165.19,4337,221,71
2019-12-25,10,1236.55,12900,927,91
2019-08-27,23,1200.86,7673,334,12
2020-09-17,4,1766.41,20511,1307,31
2020-10-19,8,251.23,24672,1009,95
2021-09-15,8,1508.65,9833,617,46
2020-07-31,24,1444.27,10172,1760,12
2022-04-19,25,734.67,16487,128,3
2019-04-25,26,258.44,28417,1100,97
2022-06-19,19,1270.31,32234,357,0
2020-08-07,22,755.08,4200,468,39
2023-02-21,20,1601.91,5373,597,46
2022-12-15,6,258.68,20357,1116,94
2021-04-21,10,1419.15,20630,1459,9
2020-03-25,16,969.66,34626,1729,33
2021-12-18,16,163.23,31329,1961,99
2020-10-12,3,1961.83,15429,1152,87
2023-09-19,17,712.62,34976,751,33
2022-09-06,3,465.6,15277,1159,43
2021-03-23,18,378.72,8850,57,51
2021-02-19,28,505.12,9357,659,55
2023-08-09,28,856.48,11714,1649,1
2023-04-10,20,1706.99,36214,1840,92
2023-08-10,5,1258.84,46330,723,66
2022-10-18,22,1623.87,46720,1604,89
2019-12-06,28,123.49,11529,1409,34
2021-06-01,18,1987.71,13882,670,40
2021-04-04,18,1149.46,4718,695,43
2020-12-15,12,239.06,32623,912,76
2020-01-12,21,808.76,3974,641,43
2021-03-14,17,903.27,28789,131,22
2023-02-10,5,1673.84,25727,1877,53
2022-11-25,30,896.95,8107,66,46
2022-02-24,29,1863.94,10468,844,70
2020-03-01,16,1509.75,13994,259,85
2021-01-29,20,981.67,15308,235,1
2023-08-16,28,981.86,29224,1154,42
2019-01-14,23,515.08,39866,1109,15
2021-07-03,10,1047.84,43397,1049,77
2023-04-21,30,164.74,14121,1459,68
2022-10-23,1,1675.17,16729,1956,50
2020-09-23,30,911.73,15504,1892,10
2021-12-30,20,1955.85,39540,1784,78
2019-12-23,11,458.95,27410,1747,81
2023-11-11,10,1409.7,25675,268,31
2019-05-21,18,1214.74,36060,899,34
2020-03-20,14,1521.57,4784,1888,45
2020-01-06,9,1598.28,2437,1589,94
2019-12-06,27,1570.73,23586,428,97
2021-09-20,17,1845.23,38824,539,48
2022-06-07,17,1077.58,17960,1036,63
2023-12-26,27,1229.06,13710,1540,65
2023-05-19,14,643.16,43277,681,58
2019-10-04,2,700.63,36841,1867,51
2023-11-12,6,1676.04,11194,801,65
2020-08-28,12,516.99,44675,529,64
2019-06-20,5,195.02,6023,1960,41
2019-12-11,20,1409.7,7348,1460,59
2021-09-02,7,1820.95,34276,1079,88
2022-04-26,20,1673.28,7402,1705,44
2019-05-31,3,1647.99,13498,1653,65
2021-10-21,18,1986.64,39558,1365,79
2021-12-07,5,1523.52,21564,1410,60
2020-01-29,18,758.1,19885,109,92
2019-08-15,19,320.02,47577,1133,28
2021-06-14,13,498.14,18379,886,94
2021-06-08,28,1214.65,37516,386,58
2022-02-10,10,1020.59,36221,312,70
2019-12-19,30,415.55,35614,498,85
2020-09-05,10,772.41,1749,104,93
2022-02-05,4,1728.49,18870,1612,78
2022-08-21,14,627.11,47961,1890,80
2020-01-01,16,130.53,9404,1949,6
2019-10-05,11,359.75,46146,1366,56
2019-12-15,13,1556.63,40938,492,87
2023-02-18,17,1762.74,8490,1978,32
2020-07-05,10,758.38,40026,693,17
2021-12-08,27,1970.0,21983,1413,55
2020-04-28,22,1686.83,1957,628,47
2019-07-22,13,692.64,41878,494,94
2021-06-13,12,497.57,44896,996,97
2020-06-05,4,1780.29,23314,1535,32
2022-06-01,21,703.19,23791,847,4
2020-06-29,6,944.4,15158,1768,7
2021-03-24,22,1064.16,48933,363,76
2021-01-17,5,1578.51,36131,1515,14
2022-03-26,14,1814.24,38323,1420,97
2022-09-14,29,143.3,35020,1879,64
2020-05-28,16,130.19,47978,1938,36
2021-09-08,19,284.06,5815,1250,71
2022-03-21,4,1265.85,39914,276,24
2022-07-24,14,1812.33,48151,356,42
2020-05-23,18,1591.01,3886,65,74
2020-01-16,4,1149.18,10214,1831,68
2020-11-20,9,495.69,19445,1440,23
2021-08-26,16,1729.22,12210,383,11
2023-03-15,14,1564.63,32951,1109,96
2023-07-19,17,783.97,28472,1170,67
2022-11-09,25,294.45,39854,935,26
2022-02-27,17,1642.97,21816,1861,93
2023-10-15,6,1406.87,49286,1140,33
2019-01-18,23,223.08,6944,1759,9
2023-11-03,13,675.69,7884,1069,1
2020-09-22,15,252.35,41196,1268,35
2020-02-26,12,337.23,14337,162,93
2019-03-04,18,1253.45,20232,473,43
2020-06-20,27,298.15,46848,62,18
2023-09-14,22,1949.85,16558,945,9
2021-06-05,4,671.71,15915,931,18
2020-11-01,3,107.61,33144,901,83
2022-01-22,5,1700.0,41095,284,30
2021-05-29,17,184.1,23115,1741,67
2022-08-14,24,1393.45,47166,166,1
2019-08-10,26,1135.15,30885,1642,34
2022-07-26,3,840.83,21019,1734,93
2022-07-22,26,699.3,15766,1694,17
2020-05-19,13,403.75,1154,1532,82
2021-04-03,5,1421.6,33279,1687,92
2020-01-05,12,279.46,5052,1428,83
2019-01-15,11,1931.04,4558,1611,36
2023-10-24,4,150.69,8422,1209,78
2021-08-27,15,1016.6,20088,1020,49
2019-05-08,13,362.3,39268,609,21
2020-03-10,16,626.53,16889,518,76
2021-06-24,16,152.98,30698,94,2
2020-08-08,4,1733.66,1780,405,59
2019-02-17,16,1195.56,10590,987,3
2020-10-30,15,1605.67,37752,140,69
2021-03-07,15,534.15,21630,536,25
2019-09-14,16,409.4,37621,1070,57
2020-01-08,19,1935.95,11995,1744,59
2020-01-21,13,702.71,35870,1844,58
2022-07-19,13,573.99,41115,768,21
2021-03-21,16,1981.45,42034,1092,74
2020-02-20,29,1332.23,12444,1088,91
2023-10-29,11,1619.19,10541,1232,21
2022-06-04,18,1774.14,6550,1151,96
2019-11-03,23,808.43,1985,1501,74
2022-09-07,24,1084.8,27131,537,6
2021-11-24,27,1009.12,43279,1870,31
2022-08-16,6,682.64,46395,1752,43
2021-03-30,20,778.09,15075,192,99
2022-12-28,25,1587.21,29375,1834,26
2022-03-26,11,780.86,10380,1686,63
2020-02-12,13,1611.51,26675,538,85
2022-08-26,6,1993.95,46279,1616,2
2023-07-22,3,813.72,44050,1272,36
2020-08-09,27,1137.07,11635,416,49
2020-11-04,14,1756.64,18100,119,47
2023-09-30,15,115.5,45379,1989,35
2019-10-08,8,1661.4,21253,155,13
2023-01-24,27,608.56,34710,731,71
2023-09-19,26,1814.55,21689,1233,38
2021-01-10,8,1493.17,46177,1913,52
2020-10-01,19,732.67,30640,769,39
2020-12-24,15,857.5,37854,312,79
2019-05-03,26,424.54,33325,1744,12
2023-10-10,9,443.99,21017,1837,98
2019-06-22,26,629.92,9548,1650,75
2019-02-06,4,1993.08,6950,88,38
2020-04-09,10,135.79,6426,468,29
2019-08-13,7,367.89,49341,1075,42
2019-11-11,19,997.82,4918,1986,10
2019-11-21,27,341.91,43426,519,83
2020-10-28,13,783.0,6624,1757,87
2023-12-16,1,1357.4,17698,709,5
2022-04-17,9,897.59,42069,167,68
2021-07-22,24,181.16,26061,736,63
2019-07-11,13,1494.55,43408,554,14
2023-09-21,14,1558.66,25312,615,91
2019-09-15,14,915.72,46377,1034,48
2022-05-13,19,1641.9,30666,1800,89
2022-01-20,13,863.58,41425,1386,61
2023-01-14,22,1712.14,46221,135,78
2020-01-24,15,783.55,10573,164,57
2021-04-12,28,120.33,14256,1023,62
2022-12-22,1,1228.55,38695,372,56
2021-06-26,28,1607.66,49351,1587,16
2021-07-03,16,883.04,32925,535,71
2022-12-25,21,1842.96,38204,1247,8
2019-11-26,3,461.66,14137,1640,49
2023-10-06,18,1468.41,31297,1265,26
2020-07-16,19,1098.06,48757,1014,93
2023-07-27,26,801.65,7586,476,85
2021-11-06,6,834.4,30470,326,29
2023-10-22,17,1923.18,8644,1168,78
2020-05-27,16,1932.47,19608,965,21
2020-03-18,6,1575.2,10247,680,22
2022-03-04,26,1742.59,9856,837,69
2022-02-04,25,717.51,48579,528,46
2020-09-18,8,1877.11,37201,471,21
2019-03-20,24,159.86,40005,1548,96
2023-01-30,17,268.14,14646,380,6
2021-01-17,17,1760.99,47812,1244,71
2020-11-25,30,981.05,17543,528,99
2019-10-31,19,1350.49,7338,328,66
2023-01-08,27,1069.8,27856,424,55
2019-10-28,21,1178.66,34031,725,61
2021-01-18,15,1176.86,14166,297,8
2019-05-28,23,140.99,32213,996,82
2021-06-26,8,649.55,12158,1845,76
2022-09-11,1,1546.39,7907,149,10
2019-04-02,10,1175.42,19336,1495,50
2022-07-28,8,192.28,12587,614,10
2019-11-27,17,1272.59,22115,485,83
2020-04-20,2,1533.15,31701,875,78
2023-02-14,9,1729.6,38119,1128,42
2020-10-19,6,698.58,36767,564,11
2023-09-27,1,674.67,33023,452,13
2023-10-26,7,1985.2,49287,71,49
2023-05-30,11,215.07,30516,1029,14
2019-03-18,14,606.5,21822,58,5
2021-12-08,5,1567.22,49439,422,84
2019-02-07,4,1160.36,46875,1851,31
2022-12-01,8,1871.93,23274,881,73
2023-04-23,11,1957.63,44083,1728,48
2021-03-26,8,1824.11,2493,743,6
2020-10-06,28,877.32,25647,1225,1
2021-08-16,21,236.52,37515,1903,57
2022-09-25,12,1648.88,31833,517,48
2021-02-02,20,1959.45,11800,494,88
2021-09-27,1,372.55,19759,332,92
2021-01-04,18,315.82,40983,1330,17
2022-06-30,13,1373.03,12102,528,58
2022-05-16,4,436.65,21081,277,34
2021-05-17,12,1336.27,35298,897,55
2019-12-09,1,1785.95,45271,245,42
2019-06-16,24,1516.79,45522,182,26
2020-01-27,3,1557.52,32156,1996,40
2019-12-21,11,484.2,44851,833,34
2021-04-26,19,1016.83,47390,107,79
2020-08-23,2,1945.32,5570,350,55
2022-06-10,7,1394.49,46948,924,16
2020-07-06,1,1818.25,42255,891,66
2019-07-29,7,919.04,23171,362,38
2020-01-20,28,757.69,3648,1799,20
2022-06-02,27,1920.8,46170,1262,4
2023-01-30,7,796.64,48027,198,33
2021-12-16,3,1841.66,8536,98,86
2022-12-23,14,1876.5,40347,1270,27
2022-05-23,6,1665.42,1629,1146,87
2023-04-24,15,1313.25,12906,1838,84
2023-11-10,24,1557.58,5996,84,98
2022-11-25,22,1413.99,5689,117,98
2023-03-19,15,1390.93,40993,1045,84
2021-05-20,30,212.99,30156,928,71
2019-11-25,16,1303.28,47570,572,96
2019-03-13,30,682.85,13561,1523,36
2021-11-25,16,1337.5,4056,712,87
2021-06-19,5,216.31,21732,254,35
2019-01-07,25,634.83,20778,113,66
2019-10-21,30,723.56,49735,440,78
2023-01-23,7,1735.09,21248,1292,94
2023-05-26,23,116.49,15049,874,42
2019-05-11,15,1920.13,18978,996,36
2019-08-23,28,1757.95,20966,990,56
2019-09-26,18,553.74,43821,1108,29
2020-06-18,6,418.95,5529,426,24
2020-02-09,16,1414.95,45358,954,39
2019-11-24,22,1787.23,35422,1880,85
2022-08-24,25,770.19,8215,1542,15
2023-04-17,11,1007.98,17495,984,16
2023-02-20,29,1710.19,20243,77,64
2020-11-01,7,1468.83,43855,1703,49
2023-08-05,10,184.93,25753,1721,3
2022-08-15,15,921.4,48481,1673,43
2021-08-19,28,1972.73,32681,1159,74
2019-08-01,23,1290.0,28484,1801,35
2022-09-19,7,270.33,46278,611,76
2021-08-04,19,1861.57,15354,129,65
2019-06-15,22,220.63,39506,1002,17
2019-04-10,24,534.94,40476,1455,85
2021-12-09,3,996.29,46860,1058,79
2023-11-08,17,1550.96,35277,636,45
2021-03-06,8,1968.61,2478,1764,0
2022-02-11,2,1980.64,27240,603,28
2022-07-16,12,1639.5,16362,1521,83
2022-01-19,28,613.0,27834,694,19
2019-12-07,7,601.77,15412,1725,18
2022-01-29,23,1251.43,26217,1398,76
2020-02-05,16,434.22,13414,104,99
2023-07-02,1,543.77,32031,133,62
2020-06-18,23,1333.69,47018,1582,36
2021-07-10,12,1519.17,17405,1474,52
2019-06-29,8,797.24,5105,1385,26
2023-04-30,11,734.95,39937,700,75
2022-07-30,13,538.9,2835,181,52
2020-01-09,17,1006.76,36422,1282,99
2023-05-26,26,1768.65,2530,918,72
2020-10-11,22,235.12,45765,104,80
2021-05-22,23,568.97,47544,896,8
2019-05-22,10,892.3,5121,1329,81
2020-03-27,21,1795.23,18945,731,21
2023-07-11,30,1047.25,26837,1141,55
2022-12-27,1,1479.32,22504,1737,26
2022-10-28,9,1780.13,34933,237,12
2023-10-16,15,879.23,47738,1143,45
2019-10-28,4,1818.02,32064,1509,62
2019-02-15,1,485.62,18750,309,33
2019-11-22,20,341.26,37386,1434,26
2022-07-13,11,1700.01,27729,854,79
2022-02-28,8,1562.45,33183,402,89
2021-02-21,1,801.37,43585,1816,89
2022-12-23,21,114.9,33135,1611,70
2021-02-08,14,1401.94,28650,1144,0
2021-05-29,15,1160.62,26165,1942,64
2020-11-19,3,674.37,8119,1173,25
2023-10-02,11,1968.88,20870,564,51
2019-07-09,7,591.34,5192,861,33
2023-09-15,12,888.6,32884,320,10
2022-01-30,3,746.22,16467,624,69
2020-10-27,24,116.29,37867,195,75
2019-01-13,3,691.32,21577,1017,62
2019-02-15,25,1196.67,12206,1659,93
2021-04-10,1,383.08,47338,862,51
2019-07-31,9,242.37,22207,555,60
2019-01-21,8,1486.29,7628,1388,80
2020-04-01,4,1302.81,11191,776,93
2023-08-19,1,928.7,2230,1544,2
2019-05-09,28,1808.44,11011,1897,50
2023-02-28,5,1953.12,3324,283,49
2020-07-22,29,1787.88,26764,502,78
2021-07-09,15,1277.54,22828,1883,68
2023-07-24,7,1556.41,31830,839,75
2019-11-29,2,981.76,43195,1224,24
2023-09-28,3,1342.34,9574,354,23
2022-09-07,11,1077.12,47026,1359,78
2020-08-17,2,1441.55,45128,697,18
2023-03-21,5,672.87,46969,1504,64
2020-12-20,17,1390.17,29998,1555,30
2019-03-11,12,130.91,7543,1323,45
2020-07-11,26,447.74,36163,780,8
2020-10-26,16,933.8,11605,1431,16
2022-01-11,24,850.15,22635,433,33
2019-02-14,26,806.73,13544,1903,66
2022-03-15,11,1677.9,25251,1957,27
2021-01-13,10,575.69,45062,1582,96
2023-05-02,27,1167.1,6401,680,82
2023-02-16,20,1967.05,27100,119,78
2022-01-22,9,710.65,1062,1383,95
2022-08-08,21,359.47,32646,110,96
2022-08-11,25,1145.68,30013,898,99
2023-06-26,12,1584.12,20680,328,64
2022-04-15,20,1562.89,10328,1255,84
2022-03-13,1,917.1,7426,1991,42
2020-02-17,27,1053.4,14385,735,29
2020-07-23,15,868.1,11640,1352,32
2019-09-21,6,1045.11,1760,445,71
2020-02-23,23,1659.34,27541,636,39
2020-06-16,24,665.71,21212,1559,78
2021-05-04,5,1334.5,15514,1636,38
2019-12-22,4,1353.88,21182,1844,43
2020-03-30,14,456.82,25979,1112,43
2019-04-27,24,1612.49,34749,1959,17
2023-02-02,4,1046.8,4153,243,0
2022-07-16,3,184.64,9135,1708,31
2023-04-18,30,1948.55,14255,467,69
2023-02-25,20,236.16,15004,1196,3
2021-02-11,4,233.47,22803,440,74
2022-06-02,24,1533.73,48311,826,41
2023-08-23,1,649.0,48197,435,79
2023-12-17,14,701.62,3118,1375,21
2019-10-13,7,462.71,16525,1249,88
2020-09-01,11,1400.48,7454,70,13
2023-10-08,15,1079.75,6474,1464,41
2023-03-21,28,1654.96,10886,1440,68
2022-10-18,8,1388.23,42600,1056,92
2019-03-31,20,1116.18,40031,768,99
2020-02-27,19,541.78,46344,1833,81
2022-06-02,12,335.05,48737,1765,7
2021-06-02,17,1750.23,16900,266,22
2022-11-04,13,1569.55,21006,243,72
2023-07-31,27,283.7,32613,1107,0
2022-08-24,22,655.13,42856,1584,76
2023-04-28,2,819.68,29929,722,38
2021-05-23,8,178.48,26212,808,48
2023-11-12,7,162.8,39769,362,3
2023-08-18,9,978.99,32321,1399,94
2020-08-29,6,240.86,49770,1345,84
2023-01-02,9,570.51,1605,1412,85
2022-08-17,10,873.98,34678,1943,54
2019-12-22,7,1539.83,49100,834,50
2021-07-11,4,331.67,38322,1904,39
2019-01-24,26,1102.5,7361,926,67
2023-04-13,6,1601.95,36857,327,6
2023-08-23,10,350.01,16354,967,7
2020-07-05,30,742.32,25049,1840,31
2022-09-17,11,1094.1,13841,1467,92
2023-01-03,18,1630.83,6634,188,74
2022-06-03,25,1428.95,5236,866,70
2020-06-12,27,1601.95,41403,637,14
2019-10-10,14,1090.08,34202,1664,71
2022-02-07,19,823.42,41889,1628,89
2022-09-22,3,287.27,17998,1839,60
2020-05-24,22,1735.55,24378,122,27
2022-06-01,13,1417.11,8684,1997,69
2021-03-22,21,1367.55,21965,1629,12
2020-07-10,18,1223.79,3759,1990,6
2019-12-19,1,1077.93,33867,609,97
2021-11-27,1,423.39,25932,1350,98
2021-02-12,16,760.19,43430,1788,66
2022-09-17,2,1188.13,3095,197,90
2019-09-28,6,1759.71,15252,292,60
2023-02-05,14,785.51,26156,992,0
2021-06-09,29,434.63,25196,867,95
2023-09-02,7,1737.07,1556,543,70
2021-02-12,27,1530.35,25719,1041,95
2020-09-26,18,510.17,17575,1184,93
2019-10-21,8,1019.12,32031,1296,9
2022-01-27,8,1616.5,33704,1406,83
2021-12-21,28,606.43,33958,862,27
2021-05-22,13,825.07,45969,1251,42
2023-11-01,13,1723.78,5971,905,17
2023-12-30,20,230.57,35030,1673,87
2021-09-30,22,221.86,16912,1193,77
2023-03-08,5,1554.08,21909,185,17
2022-08-01,21,1480.87,29662,1301,65
2023-02-21,14,1949.49,34974,1679,76
2019-03-13,30,1119.46,15059,1026,80
2019-05-06,15,755.73,34512,943,81
2023-05-14,5,1862.69,8006,1470,4
2022-11-09,22,622.48,47352,1382,76
2021-12-12,16,1776.52,47780,941,26
2019-10-05,6,1262.94,5477,378,69
2023-03-13,7,1680.27,15797,383,99
2023-09-05,18,1180.7,31856,562,48
2021-05-30,14,1648.68,27363,1011,53
2021-10-06,4,614.52,11039,669,83
2020-11-26,11,1415.61,14118,70,32
2022-07-06,27,1172.07,14585,140,69
2021-12-11,19,1728.89,34279,410,52
2020-12-20,27,741.77,19598,1396,46
2020-11-10,23,1246.33,15512,1140,37
2023-09-27,2,264.9,24352,1273,57
2019-09-17,25,468.52,16300,1810,84
2021-06-10,19,1110.23,12240,1759,33
2019-02-02,23,594.98,5931,293,1
2021-03-20,17,1076.79,6191,551,68
2020-06-11,28,1203.85,44695,1318,82
2022-09-21,30,1085.72,37656,1523,65
2021-07-17,2,1142.46,14354,1574,63
2021-11-01,6,1047.63,35484,1611,44
2019-04-30,27,1438.96,31635,287,82
2022-01-29,7,935.25,31900,1145,84
2022-02-10,15,983.33,21956,1831,59
2019-09-30,21,1779.45,24605,891,51
2022-12-22,8,470.85,17550,1054,9
2021-03-31,22,786.75,31527,1660,47
2020-10-12,24,1298.71,18014,1367,74
2021-04-11,30,516.58,43342,1297,74
2022-12-18,6,1355.71,43436,113,32
2020-01-29,30,1209.91,38542,1526,37
2023-01-09,26,1363.58,18553,805,48
2023-12-01,15,614.53,18096,1094,99
2019-12-12,26,1959.7,16886,1073,27
2023-08-27,2,769.96,15330,1465,42
2021-03-20,30,1106.96,11581,749,13
2021-08-12,26,1609.89,30589,1831,69
2021-10-16,1,1564.39,29422,174,54
2019-10-30,11,1799.38,49790,1800,15
2021-07-16,28,433.22,16076,524,53
2020-08-23,7,1311.57,22050,931,45
2022-06-23,7,1195.52,26288,322,9
2022-02-08,8,1200.64,29278,287,77
2022-10-08,19,758.9,26819,1332,13
2021-05-31,3,1975.27,39948,871,3
2023-09-06,8,1272.59,36704,772,2
2021-02-26,10,1890.32,16065,881,30
2023-02-02,8,1683.13,28384,1959,3
2023-04-08,17,755.54,49149,546,40
2022-02-11,18,228.94,44156,158,46
2023-05-31,11,858.25,17184,557,67
2021-11-13,14,1246.14,48863,916,67
2019-04-03,19,1508.66,22862,157,52
2021-05-19,3,1044.65,6775,1295,64
2019-01-09,26,929.03,36228,60,40
2019-10-06,9,117.88,47847,1460,17
2021-05-19,19,1630.78,16747,766,40
2023-03-18,20,1676.64,10161,1898,54
2021-04-01,22,1966.93,22424,1511,12
2020-06-03,14,157.01,7599,1907,54
2023-04-13,29,1608.14,47944,659,68
2019-09-16,30,882.7,43795,213,93
2020-01-06,1,1602.71,17186,261,46
2022-10-30,21,250.18,23792,192,27
2021-10-20,8,1714.68,4147,959,33
2022-06-23,10,1689.23,21026,948,54
2022-03-18,17,714.85,18694,791,56
2023-04-28,8,1511.68,4652,1730,3
2023-10-26,22,1220.51,39718,1124,45
2023-06-26,5,967.92,29233,1512,18
2019-11-17,15,1763.89,47222,1465,20
2019-02-01,2,120.56,38037,682,44
2021-11-11,5,960.89,29564,277,53
2022-09-12,28,1290.22,28119,1367,47
2021-03-14,4,507.96,11703,560,19
2023-01-30,11,626.05,38024,398,3
2023-04-13,6,676.76,49482,1157,90
2023-08-10,30,1925.15,20805,944,0
2020-12-06,23,1256.2,30286,1588,82
2023-07-16,23,1649.07,26007,1020,8
2023-05-27,6,1742.08,31703,1457,42
2019-07-26,21,959.47,31786,1094,10
2022-09-13,29,327.93,15880,1125,69
2022-06-24,19,1158.06,47955,1421,98
2022-01-18,21,1560.67,43437,444,59
2019-09-27,8,1752.24,31193,701,31
2022-01-03,13,1859.94,22211,765,75
2021-01-31,11,781.51,25444,1070,79
2020-10-03,10,1746.47,6001,1766,0
2021-04-21,17,1562.89,47299,127,31
2021-11-09,4,1855.0,21632,848,74
2022-12-17,22,875.36,8441,1696,98
2021-01-06,12,1951.71,45728,722,58
2021-03-13,22,294.08,4649,85,88
2023-03-29,7,1059.44,32373,1110,17
2023-05-19,24,840.29,37650,231,91
2019-01-04,2,1359.27,15176,1479,68
2021-07-03,1,1716.69,22526,940,72
2021-10-05,11,1817.22,23810,1653,3
2019-09-16,12,360.74,4404,409,19
2022-09-02,2,856.48,28185,54,31
2022-05-06,10,483.41,3880,322,87
2019-12-05,1,1597.4,7647,872,29
2022-07-06,1,405.79,25582,615,11
2021-08-23,28,1618.5,34527,1378,54
2021-01-18,29,1998.07,13723,1680,3
2023-02-03,21,1434.43,9516,258,80
2022-03-08,3,207.15,21997,917,83
2019-05-26,18,191.23,40602,982,99
2022-06-30,19,719.66,24186,1079,54
2022-06-26,20,231.58,44125,766,54
2022-03-05,15,548.28,41561,1129,14
2022-05-01,2,1107.11,24625,1337,31
2019-05-31,13,1655.19,36619,1061,82
2020-02-29,19,951.19,8701,52,87
2021-09-14,23,450.07,36966,471,42
2019-06-01,25,1971.73,15491,1889,54
2019-02-23,6,417.35,17508,1461,98
2022-10-23,5,664.64,9657,1216,71
2022-09-26,21,1745.38,18621,952,74
2020-05-17,4,1446.79,38883,282,33
2020-09-03,10,147.88,12404,1034,44
2019-03-26,4,325.86,44310,1660,59
2020-09-29,23,617.05,9421,677,7
2019-03-19,11,1625.75,43474,346,91
2020-06-25,6,1005.04,22424,828,39
2023-11-11,3,413.73,25551,55,4
2020-01-08,8,586.51,36541,1748,70
2022-05-11,1,460.29,12750,1547,51
2020-11-12,18,603.97,25233,1765,42
2023-06-09,19,1288.65,10390,559,90
2023-12-25,17,485.44,8210,1012,8
2023-06-26,23,1168.29,41978,1083,75
2022-10-24,15,1770.2,32877,1289,52
2019-07-19,7,273.08,33657,54,30
2020-12-02,7,1589.0,14306,1793,62
2022-05-21,1,857.48,19628,1191,18
2019-05-07,8,442.31,19743,152,80
2022-09-13,19,1803.73,16777,785,74
2023-08-10,18,1242.95,38311,1112,56
2020-06-17,19,656.92,10283,456,74
2022-09-30,2,1859.47,18955,778,27
2021-08-28,2,477.25,36038,1861,63
2020-07-21,6,1109.99,2270,983,66
2023-04-17,14,1576.83,15732,1804,47
2020-10-31,12,1105.21,38612,1319,23
2019-01-21,27,1141.32,5226,786,41
2023-01-07,1,1116.78,4485,1625,27
2023-08-29,21,929.7,2993,1297,78
2023-03-22,26,1154.5,43976,605,16
2022-02-14,21,122.28,33467,101,51
2023-09-18,12,780.28,40317,1932,58
2019-09-24,24,1076.4,29574,316,46
2020-08-06,24,626.61,47627,1745,18
2020-05-20,12,805.51,46756,1207,23
2020-01-26,2,1974.99,39943,719,29
2019-02-17,19,698.09,14537,425,96
2022-08-06,15,464.62,35194,626,6
2022-05-06,14,862.19,9873,1540,24
2019-02-11,11,1958.55,45245,1831,27
2019-08-01,8,546.14,25654,822,40
2021-10-08,25,1216.47,12222,1383,72
2019-07-10,6,1215.7,33953,352,34
2019-08-07,10,830.74,49515,1964,1
2020-10-17,11,1748.95,45659,115,40
2023-09-16,20,1898.81,25319,1751,7
2021-06-07,9,1877.27,37762,174,2
2023-12-20,23,486.29,25371,84,46
2022-05-05,26,1564.27,48818,629,78
2023-03-12,14,979.52,7277,1644,77
2020-03-16,18,1710.38,18619,1566,50
2022-09-30,26,557.86,33041,1562,95
2023-04-05,14,768.21,9131,386,68
2021-11-09,10,1184.61,33943,1326,8
2019-04-24,11,850.07,16295,352,72
2019-11-16,1,1530.6,33148,1960,74
2021-02-16,2,549.57,38220,737,88
2022-10-25,16,560.27,22872,210,4
2022-03-14,11,640.04,18255,1096,22
2019-11-21,22,960.25,16641,797,84
2019-09-24,26,1279.09,4124,527,50
2020-02-19,8,1165.89,24468,66,15
2020-12-21,14,520.3,5808,172,74
2020-01-28,1,894.6,24869,448,97
2023-07-13,23,793.83,30580,1780,81
2020-09-14,11,540.81,11899,280,42
2020-10-27,9,656.31,48339,1093,59
2023-10-31,11,1851.74,34738,1293,48
2021-10-31,23,561.37,21493,1400,5
2022-07-01,11,1864.7,48532,99,16
2019-01-21,3,1626.99,6926,1430,41
2020-10-23,30,893.13,41777,1142,89
2021-08-06,30,215.75,39144,401,19
2020-01-03,4,751.28,22153,415,72
2020-09-29,20,1155.95,33977,1183,86
2021-09-18,5,628.35,47175,1366,92
2019-02-28,3,294.57,29702,1092,3
2019-02-24,3,243.75,34363,399,76
2021-11-07,24,876.71,44664,1642,87
2023-05-13,2,1673.81,39488,514,45
2020-07-28,18,1416.56,29410,764,74
2021-01-25,10,405.99,14819,1334,25
2022-08-30,9,165.36,23318,54,72
2023-11-27,12,1436.9,4278,515,67
2020-08-13,9,1836.58,3572,65,84
2022-06-03,4,941.35,20702,894,76
2023-10-30,15,1296.09,48570,1403,2
2020-01-19,16,1729.77,5012,243,40
2021-10-18,8,750.27,16113,538,21
2019-10-09,2,607.49,45680,357,20
2019-11-27,8,1124.01,15279,441,27
2023-09-11,13,1174.76,22586,1830,89
2019-10-18,27,1200.77,18958,1046,86
2021-05-05,18,548.86,22874,1443,58
2023-04-09,14,525.45,14651,539,35
2019-02-24,28,531.51,45014,1759,85
2021-09-10,25,374.75,6291,1344,82
2020-10-31,14,658.77,14772,1071,36
2021-01-01,10,732.2,13476,1106,68
2021-12-18,29,342.72,10982,404,66
2022-06-04,28,1777.13,44931,669,75
2022-02-10,8,368.95,33301,109,60
2020-11-27,6,790.83,48639,1327,80
2022-04-11,14,1457.97,42252,1302,11
2020-02-20,18,1026.7,7798,999,23
2019-07-18,14,476.98,7717,531,78
2019-07-24,28,466.69,12943,393,16
2022-02-14,18,1702.36,4140,146,72
2022-04-01,26,834.63,22114,536,0
2023-08-30,7,1479.28,17624,1034,99
2019-06-22,18,764.86,26733,1148,90
2022-10-08,15,1236.91,25104,1005,21
2023-09-15,9,1727.32,8842,1391,79
2020-11-11,6,252.63,12287,326,6
2021-07-27,7,1547.16,28270,70,65
2022-08-17,6,928.94,42665,1782,78
2019-05-29,16,1664.87,20105,1146,35
2020-09-19,10,1916.55,33328,94,18
2019-10-21,21,1897.87,24501,225,30
2022-01-11,23,807.57,44246,870,77
2021-04-14,27,898.9,25937,250,36
2019-03-19,6,185.07,1714,768,15
2019-09-04,4,1412.59,28325,904,80
2021-08-25,16,1146.14,33071,567,98
2020-08-09,12,646.35,11389,987,23
2020-07-22,25,175.15,45174,273,90
2019-04-24,20,816.71,2970,1594,23
2019-08-20,6,1299.54,49853,605,48
2019-01-09,17,1818.7,19641,606,57
2019-09-25,17,1609.14,46026,1494,9
2022-01-04,25,1619.24,3576,119,28
2023-01-30,12,332.36,27415,1501,10
2023-01-10,15,852.96,36346,952,15
2019-01-17,17,740.64,7330,1174,76
2021-06-14,14,473.3,41657,1452,37
2021-01-14,8,1109.24,20036,1120,2
2023-03-05,14,1186.68,44514,1601,78
2023-12-18,8,422.2,40738,295,96
2021-06-02,10,1488.89,17314,237,19
2023-08-04,16,277.43,7127,348,21
2021-08-26,21,691.05,10666,1636,69
2022-02-14,19,1494.47,39809,1778,92
2022-08-28,2,121.77,16196,1367,6
2022-05-27,30,345.6,13377,1462,25
2019-04-14,20,298.81,39215,859,79
2019-04-06,10,789.7,1836,791,27
2020-12-09,18,1438.63,43554,1109,44
2019-07-12,2,562.48,8840,1868,69
2022-01-25,23,1443.08,12493,956,23
2022-12-10,18,1055.37,12585,1440,51
2021-07-12,16,469.43,10512,1612,16
2019-06-15,23,1395.56,25481,1281,7
2019-01-03,2,1999.6,25696,1523,92
2020-12-04,13,313.48,4156,607,17
2021-08-24,21,1069.76,28441,1243,37
2019-08-19,20,1980.56,41428,318,95
2019-11-14,11,758.18,22382,964,52
2023-09-12,29,401.93,21546,1468,61
2021-02-28,15,1512.2,48885,338,52
2021-01-30,18,1848.52,21712,280,46
2020-12-22,5,505.31,30129,1069,85
2023-02-15,26,690.76,41546,1712,96
2023-07-01,12,159.25,36406,1076,54
2019-07-08,19,714.54,30069,1328,66
2022-08-11,18,550.42,41864,1256,19
2020-01-18,19,1044.14,26036,763,90
2020-08-22,13,395.11,39452,360,79
2022-06-15,3,374.99,45263,1805,60
2022-12-14,24,145.4,7545,373,95
2022-04-26,3,987.02,19309,1375,32
2020-10-05,9,1946.36,20106,1428,46
2023-08-30,28,1080.45,20025,1387,13
2023-08-08,7,1498.57,28661,1294,66
2020-01-16,26,1728.82,46676,794,31
2021-12-04,1,1572.44,4385,1099,18
2022-07-05,13,1564.59,6354,1070,26
2020-11-29,12,1009.04,25077,515,54
2020-08-05,17,442.35,9227,1442,81
2022-11-22,14,740.43,24459,808,61
2021-06-13,14,1658.31,30613,892,43
2020-12-21,10,1748.84,26354,1564,31
2023-02-19,26,1731.12,42128,1581,49
2020-02-26,5,1125.4,4248,803,14
2020-12-20,11,1529.88,43492,173,58
2019-11-30,20,1751.14,40186,296,97
2021-12-18,22,1083.1,40047,666,75
2021-03-10,18,274.92,39169,221,43
2021-03-12,21,1057.88,40742,142,94
2023-07-19,8,1733.47,40325,1015,13
2021-10-10,14,1497.29,39682,1783,32
2019-09-26,23,1675.85,19002,361,41
2022-10-19,11,1753.98,12759,1763,91
2023-10-29,23,161.86,5148,1335,76
2021-05-16,3,514.31,7702,959,27
2023-12-16,3,817.85,21517,1441,64
2020-11-30,3,1905.72,34209,1814,89
2021-07-17,5,1611.94,15130,1783,87
2023-01-31,28,1842.02,40710,1281,80
2023-06-17,23,537.2,41542,1448,6
2020-10-26,5,795.18,30944,632,95
2023-11-06,1,1079.49,25366,1955,87
2022-10-27,4,115.45,26107,1884,3
2023-05-08,9,1892.14,1971,1193,24
2023-06-25,27,882.86,38615,1235,58
2019-06-14,11,1829.71,28041,1066,4
2021-10-22,29,818.03,30207,1914,15
2019-12-17,3,1142.46,28865,189,86
2022-04-07,14,243.17,14261,1500,35
2022-07-18,18,1500.45,2688,955,9
2023-06-26,8,1295.58,31783,1300,7
2019-03-08,29,704.83,38721,1330,10
2021-09-04,11,330.33,2253,573,71
2021-10-12,5,416.54,24980,77,26
2022-07-30,13,160.77,12475,1879,49
2022-12-10,18,1306.51,36431,1012,45
2023-06-03,15,584.38,35224,1182,6
2021-03-02,12,383.26,14070,1474,54
2019-07-14,12,588.56,48387,308,23
2022-04-22,6,1578.88,2361,518,71
2022-09-03,18,1881.73,9354,316,5
2021-10-25,27,434.57,4785,1437,32
2022-01-06,2,584.9,8557,1572,0
2019-12-17,26,933.87,43884,761,80
2022-11-26,22,931.06,17578,1393,15
2021-03-13,19,894.14,38207,378,9
2020-03-19,21,1528.92,23218,478,44
2023-02-08,6,259.03,32669,1723,12
2022-09-19,19,1383.78,27634,1171,81
2021-09-27,5,648.1,42837,1232,97
2020-12-11,14,1242.1,1980,247,5
2022-05-25,27,588.1,11797,119,61
2023-08-09,24,184.07,9847,737,94
2019-11-03,11,827.7,36216,1056,24
2019-04-08,22,1826.89,17057,1020,22
2023-10-27,9,706.39,30697,1316,2
2021-03-19,18,207.62,39411,1461,71
2021-08-02,30,1987.72,42392,591,81
2022-10-03,16,935.63,29467,1395,82
2021-11-16,7,1647.28,24430,1483,24
2023-03-07,29,1008.64,27714,670,29
2022-03-13,12,753.83,43439,1885,42
2021-07-25,13,1886.05,49519,1189,16
2019-05-02,4,1626.67,35519,867,49
2022-01-16,9,368.77,42964,1835,89
2020-10-01,24,1598.71,16681,1109,33
2022-04-24,12,696.35,31794,1610,24
2020-06-05,17,909.65,34164,1029,66
2021-11-15,7,1655.23,27463,1220,87
2020-02-04,14,679.36,10545,1866,37
2022-01-04,4,328.42,40796,1007,95
2019-09-22,2,1721.99,34326,1523,54
2022-07-31,14,1798.38,44807,1965,0
2023-09-12,4,255.16,24058,696,85
2023-04-26,4,1132.93,42646,1303,2
2020-08-25,23,305.22,30422,1478,85
2020-02-19,14,1496.25,32923,545,49
2019-10-15,13,1541.84,25443,1191,75
2020-07-11,8,1665.22,7737,1426,70
2021-11-08,21,1087.79,46617,1619,87
2023-04-28,4,1369.07,18422,461,93
2019-10-02,27,252.42,44573,462,9
2022-07-09,30,1655.03,27352,990,14
2021-06-24,10,303.17,45865,642,25
2022-12-26,22,520.21,43436,1972,64
2021-06-21,26,1392.18,25629,256,19
2023-12-30,19,1776.37,19305,1271,13
2021-08-31,13,427.1,44422,242,14
2023-05-30,3,224.24,5852,977,7
2019-06-24,18,222.24,11174,993,61
2021-02-18,26,238.02,20507,1754,46
2023-09-11,24,821.68,5551,919,90
2021-08-02,13,1244.83,37722,727,11
2020-12-21,8,692.72,33683,973,83
2019-11-27,27,708.02,12489,70,75
2020-11-05,5,337.1,47912,780,19
2023-05-08,25,1195.76,48297,1455,81
2019-08-26,29,365.92,2638,1143,99
2021-05-20,18,1503.68,23209,1595,61
2020-06-28,7,131.72,10906,1317,32
2021-09-28,21,667.93,31359,1134,13
2022-10-22,9,318.54,39986,1843,96
2020-12-21,12,167.84,41495,1274,33
2021-09-24,16,868.51,4228,1144,75
2019-07-12,16,394.24,45876,732,57
2021-11-15,1,227.68,36803,1984,26
2023-09-05,6,1304.68,37920,1852,48
2021-11-08,25,1758.78,6926,1416,36
2022-07-21,16,1522.84,47052,672,55
2020-12-19,26,119.71,23540,149,60
2022-11-01,21,1109.82,3588,1212,67
2023-11-14,9,656.15,48426,540,81
2019-05-21,7,1186.05,6815,1167,7
2023-08-23,14,1890.35,7336,1164,95
2020-07-03,1,1981.35,37458,241,89
2021-03-05,20,1010.31,33474,816,24
2022-01-05,2,1636.35,24378,294,46
2021-11-15,6,1328.72,5983,1242,49
2023-08-21,5,752.75,8443,244,13
2019-05-16,27,594.37,22247,1234,63
2023-08-26,8,332.35,37283,1769,30
2021-03-04,24,1470.93,9800,1981,42
2022-05-27,7,202.43,27986,1254,8
2020-01-08,9,709.94,21414,1204,36
2022-06-03,13,647.79,44826,1304,81
2022-07-25,16,1639.42,49986,1518,23
2022-09-04,28,1011.58,23599,1987,16
2019-07-07,19,859.38,28756,291,12
2021-07-14,4,1819.66,31497,579,3
2022-01-27,14,1447.93,41820,351,17
2022-11-03,5,1391.32,13210,695,72
2021-12-22,26,727.15,24510,1151,21
2022-07-04,26,873.21,31932,1421,13
2019-11-07,28,977.85,17175,1275,57
2020-12-05,30,1759.12,27456,1987,10
2022-08-02,15,710.03,39447,1209,83
2021-06-13,17,660.16,19427,598,40
2021-10-16,1,439.87,22222,863,57
2022-09-21,20,1368.86,20255,406,42
2022-06-12,13,802.51,23167,1020,90
2019-01-29,6,1341.99,5495,1443,15
2022-03-17,25,1584.73,19761,521,50
2022-10-30,14,1768.53,32575,1137,37
2023-04-12,12,796.02,49047,1820,91
2022-05-22,7,158.39,3947,216,49
2022-05-12,22,847.4,28980,811,41
2019-09-13,27,814.07,9318,949,32
2021-10-05,24,518.06,31871,1005,6
2019-03-28,29,1882.75,3938,1838,3
2019-11-24,11,653.61,16165,927,85
2022-07-10,16,1568.65,49589,1563,85
2020-10-16,4,994.26,7942,818,4
2019-04-14,9,1467.07,22849,947,92
2023-12-06,4,937.76,29551,179,6
2023-07-09,29,527.27,9223,246,8
2021-11-29,19,366.46,30366,163,93
2021-09-11,27,1132.03,8768,777,81
2021-07-07,14,1695.57,3387,238,51
2023-01-14,14,708.8,26370,840,34
2021-02-23,13,410.71,36659,505,0
2022-02-12,25,851.48,44601,1228,48
2021-07-14,10,1309.02,12607,707,18
2020-10-13,9,1701.66,22430,663,43
2020-04-23,29,1553.77,46650,1624,99
2023-11-25,21,1007.02,33284,1520,19
2022-02-24,6,1120.21,15895,977,3
2022-03-12,7,1725.11,7097,519,21
2021-06-27,29,1643.46,5114,101,49
2020-12-17,21,1758.74,3834,1168,87
2021-12-18,18,811.84,13575,135,15
2022-12-14,22,1282.64,2465,421,62
2020-01-21,3,1056.63,44777,1973,15
2023-10-02,13,958.94,41520,1384,37
2022-12-31,12,1162.37,5653,1218,30
2019-08-16,29,1097.55,28759,627,57
2020-10-19,20,585.36,46029,1046,44
2022-10-02,6,1481.43,36520,653,66
2021-08-09,25,815.16,18002,1714,11
2020-03-28,13,876.88,45593,199,5
2023-09-07,13,1485.4,12157,419,52
2023-08-18,5,1069.33,43379,652,76
2019-03-09,10,126.61,8338,1932,89
2022-03-22,22,132.83,8448,1118,46
2020-06-11,14,1448.44,15581,579,60
2023-01-26,3,1259.81,39140,85,22
2021-02-10,23,143.73,16709,1139,50
2022-10-10,15,1095.48,11823,1492,76
2020-12-16,24,1252.21,31169,1149,89
2021-10-17,4,1330.11,43807,1022,82
2022-02-04,24,1401.43,11671,1249,10
2019-02-06,4,312.74,46274,520,31
2019-04-10,17,1906.5,1818,818,0
2019-01-12,19,1270.16,12442,1678,18
2022-01-12,26,1333.08,32782,519,78
2019-08-18,22,755.74,40180,1023,58
2020-12-15,7,1381.53,45559,1862,31
2022-03-19,23,516.31,2578,1806,87
2022-03-05,11,548.8,7047,59,52
2021-10-16,26,555.04,39787,1976,93
2023-09-30,14,713.53,35199,660,80
2019-12-13,5,859.74,28497,1464,15
2021-10-18,20,1718.63,13112,1320,34
2020-09-13,21,619.17,28393,1754,6
2020-07-24,1,1641.17,35532,1743,46
2019-06-28,19,1889.27,27154,1472,74
2021-06-25,2,1915.5,12681,1522,54
2019-10-13,19,1866.46,22071,1234,70
2022-07-13,5,1333.64,44978,1910,59
2020-12-30,18,1899.64,48141,1611,64
2019-01-19,26,1947.6,20990,74,86
2023-03-06,15,287.19,36107,125,58
2023-12-04,2,784.55,47996,1161,10
2023-11-07,30,817.66,3706,448,2
2021-07-24,16,1324.05,40463,129,60
2019-06-17,17,559.11,7528,1162,69
2023-08-21,15,338.46,15732,214,10
2020-06-10,23,1066.38,10166,1644,65
2021-03-30,21,101.75,4069,1417,38
2019-10-22,16,443.36,47564,764,8
2023-09-26,17,1272.63,14942,529,3
2023-12-11,8,1148.41,30743,1208,41
2020-12-06,16,493.92,46077,196,59
2021-11-03,16,319.2,19996,1309,44
2020-02-22,1,286.32,28974,1311,18
2022-05-15,26,818.0,7651,822,4
2019-07-14,16,1278.48,1771,996,59
2020-08-10,13,1386.71,46105,1586,27
2021-08-06,7,1381.72,2783,1712,37
2023-09-14,3,346.78,2819,814,28
2021-09-02,2,471.76,49496,584,13
2021-01-31,29,1305.14,29309,963,16
2021-07-29,28,429.05,44869,153,79
2022-04-28,2,1849.11,24633,1075,71
2023-10-17,17,335.68,1784,1332,67
2020-06-29,28,164.92,26863,534,59
2022-03-24,3,1864.57,32470,1075,19
2019-06-06,16,1187.27,42120,1366,46
2020-08-07,19,896.12,20431,209,22
2023-12-24,10,619.4,24999,375,95
2022-02-10,7,803.02,3246,461,32
2021-03-12,24,632.67,17630,342,79
2019-09-03,25,677.0,1108,866,65
2022-03-25,18,1007.57,3666,755,86
2022-02-26,12,1749.77,42602,1162,41
2022-04-03,22,1587.63,20586,1487,71
2023-12-27,8,1944.98,13821,1828,41
2019-02-19,29,540.19,22151,978,88
2022-09-02,24,1440.68,37508,1432,45
2022-05-10,2,296.21,24511,797,71
2021-04-13,21,478.91,12442,110,99
2020-02-06,29,154.15,6895,1310,2
2020-08-14,24,754.91,3082,662,15
2019-04-30,20,519.57,41861,1823,33
2022-11-23,4,1255.57,46390,1666,73
2023-08-20,14,481.06,18809,1600,63
2019-01-18,29,1791.97,20647,704,88
2023-11-03,26,351.7,24314,778,76
2023-10-12,30,557.14,3330,370,38
2020-05-30,26,1223.16,8415,1167,81
2020-03-19,6,1900.11,16555,1137,9
2019-10-21,17,1662.93,1220,926,30
2020-12-09,21,1876.18,7396,634,68
2019-05-31,10,1961.9,7463,1865,42
2019-09-18,17,1180.07,6733,1806,15
2021-12-11,24,646.07,30124,756,97
2019-03-25,10,1429.6,26992,437,79
2021-09-14,4,877.8,16404,1413,63
2021-04-14,8,1669.4,38295,243,93
2023-09-04,29,1347.74,30175,1509,23
2022-03-12,28,288.95,8011,695,61
2019-05-05,4,1030.83,20155,349,11
2019-11-08,26,1585.62,43085,1366,84
2022-02-24,24,1283.2,49026,1904,90
2020-09-14,11,708.04,26400,398,85
2022-10-07,24,1724.41,17051,232,75
2021-06-20,10,810.58,39035,1871,88
2023-02-17,20,1265.05,20096,1525,78
2021-10-27,8,1557.85,6625,1104,14
2022-02-14,27,1748.29,2122,798,69
2023-05-15,30,831.33,47177,1258,48
2023-03-19,22,1889.48,8242,307,88
2023-08-26,27,1355.38,19201,1118,63
2022-10-23,22,1382.85,16947,1695,39
2021-02-19,25,620.62,47429,1311,66
2022-03-04,22,696.9,5645,487,2
2021-08-24,28,1503.95,13930,582,53
2022-03-22,7,505.07,1942,1933,2
2023-09-18,20,1285.74,9371,631,10
2021-01-10,13,787.71,42370,1750,75
2022-06-12,3,748.71,25356,894,47
2020-11-05,9,1121.14,3895,705,7
2020-06-03,5,123.88,11783,744,0
2020-07-23,24,1955.11,32031,622,78
2020-06-06,18,1881.92,44625,707,35
2020-04-17,17,1842.77,44567,539,35
2021-04-16,11,1173.17,25812,1176,9
2019-02-12,2,764.42,8330,1987,36
2020-02-12,17,1821.69,35010,1006,27
2022-03-16,14,129.7,34173,966,22
2021-12-04,27,1719.64,1339,1456,13
2022-04-03,22,707.96,46877,714,29
2022-05-25,24,1655.55,21435,1952,66
2023-07-18,17,1168.35,27068,1500,45
2019-06-09,25,1069.04,33054,796,61
2023-05-03,12,682.5,26683,844,5
2019-04-18,17,1262.99,34543,787,64
2023-05-28,16,360.48,1001,1529,54
2020-06-18,8,391.89,49814,893,86
2020-05-16,18,1215.43,46450,1376,4
2020-11-14,15,166.43,20588,1128,3
2023-02-04,30,901.8,40959,463,94
2023-11-04,9,1796.73,2426,467,7
2021-05-02,11,1140.49,49313,798,85
2023-02-21,16,1213.04,23317,802,1
2023-05-18,7,738.17,40655,1717,17
2019-02-20,10,1702.19,15434,264,97
2022-06-09,19,685.68,49262,1943,45
2023-10-21,12,1814.09,3332,552,90
2019-02-19,5,1323.62,37336,208,8
2022-01-03,27,467.7,46891,331,65
2022-12-13,7,1322.38,41030,125,52
2020-02-12,1,407.05,18530,409,22
2021-08-30,23,783.64,8190,544,61
2022-11-15,20,1699.04,47256,1252,56
2020-01-14,14,1190.94,5285,1241,44
2023-01-01,28,1327.76,4938,1684,99
2021-06-15,19,739.33,13339,306,68
2020-07-08,18,1563.03,18225,1148,23
2023-11-05,20,1171.58,11817,1306,88
2022-11-28,23,1518.61,26577,1938,4
2022-06-15,4,1591.64,43156,1506,38
2022-12-11,30,225.99,6249,586,31
2022-05-12,23,979.42,38577,52,90
2019-02-17,13,818.66,45922,54,4
2019-07-15,26,839.49,33649,711,74
2020-05-14,9,1521.99,22033,1639,6
2023-09-10,11,1398.8,10157,1094,1
2023-11-22,15,1172.8,26745,220,88
2021-03-26,16,1757.37,38399,481,68
2021-07-10,25,584.23,47453,1407,94
2020-11-17,16,500.58,26357,245,4
2021-04-28,24,1974.57,27419,1070,82
2019-06-27,5,1976.94,13913,1888,17
2020-04-10,22,379.17,45706,1335,22
2020-09-24,19,1482.35,39193,1772,59
2022-04-25,21,383.41,15619,569,84
2021-01-10,7,1481.06,29875,107,95
2023-03-14,16,878.88,46875,1198,62
2019-08-28,1,1030.74,33493,989,6
2023-08-01,15,991.1,25235,1419,16
2023-08-15,30,749.49,45444,1110,81
2020-01-30,7,735.0,3046,647,72
2019-06-27,19,430.26,48148,276,44
2023-01-14,3,865.22,20667,871,24
2021-11-30,4,253.59,22451,171,18
2021-03-30,4,1020.87,34412,1288,6
2020-12-30,15,457.09,21494,619,85
2019-12-14,6,1991.95,30520,1196,41
2020-04-21,12,687.84,15876,1967,45
2023-09-19,26,1948.36,19156,978,44
2020-07-19,23,1263.91,10291,1520,59
2020-01-24,18,437.1,19884,1868,91
2020-04-06,5,1205.21,48463,1166,22
2021-07-28,5,1230.32,28826,1917,42
2023-04-21,27,1189.48,7586,1434,79
2023-12-01,4,187.73,44717,1057,44
2021-11-19,23,934.62,44023,1631,49
2019-08-06,17,466.1,49376,1275,45
2021-02-04,15,857.1,11896,1005,74
2023-07-12,27,356.86,27570,57,48
2021-12-23,19,306.86,38413,1583,64
2020-01-25,1,697.05,49870,1636,77
2023-09-19,8,1723.65,35456,105,88
2021-06-12,15,884.07,6352,1355,73
2023-01-05,15,831.58,46859,563,7
2021-05-06,20,1156.2,29578,1244,73
2022-05-01,1,741.93,9547,624,34
2021-11-05,16,658.74,20695,681,2
2021-12-08,26,1214.75,24996,1465,0
2023-11-29,16,571.1,35120,1830,81
2023-10-09,12,551.35,37732,1560,8
2022-01-24,20,1702.3,41692,1671,61
2022-05-11,5,1331.87,2697,847,26
2020-05-09,8,1759.91,29343,400,12
2022-07-17,10,533.4,25479,420,15
2023-10-03,15,851.23,37835,270,43
2023-02-06,5,1170.76,28960,781,69
2023-06-05,19,307.44,39341,975,1
2021-08-22,18,122.64,35046,1344,81
2023-01-28,18,1443.66,20766,411,61
2022-09-18,19,1081.9,18952,1404,71
2023-06-25,30,663.14,49722,749,13
2019-03-03,10,573.91,15044,629,42
2021-01-03,19,200.54,28140,1682,48
2020-08-19,23,605.32,15458,1416,22
2021-09-23,30,1585.13,19789,1605,82
2020-01-11,22,1706.83,27046,1709,26
2022-07-09,14,1152.31,22445,1944,33
2022-04-18,17,538.07,28275,1051,58
2020-09-30,29,400.75,22032,1870,12
2023-06-12,17,984.99,7135,1976,55
2019-11-05,15,302.5,20778,1497,39
2022-02-20,18,952.92,41299,1561,9
2019-04-10,24,1339.4,34526,185,12
2020-01-10,27,1383.19,47980,201,34
2021-10-13,20,287.89,30234,1923,96
2022-12-16,16,465.52,20145,700,74
2023-07-20,9,1892.37,7250,1356,79
2019-03-29,8,538.03,25000,1865,86
2022-03-25,1,225.55,39552,206,5
2021-07-26,16,837.52,30264,1876,49
2023-11-09,18,1583.39,4348,120,39
2023-09-17,25,1663.25,11558,962,15
2020-05-11,26,1078.24,8664,1221,28
2020-01-10,17,297.8,5195,656,59
2020-04-14,14,361.73,2399,1562,56
2019-09-28,23,1892.17,1970,520,34
2021-02-28,23,729.86,48302,1433,15
2020-08-07,8,1496.85,41464,1529,44
2023-02-10,14,1381.8,32334,991,68
2020-03-22,23,658.92,26478,1685,56
2019-07-02,22,874.31,28434,1632,88
2020-08-02,6,752.4,22118,1145,68
2019-05-16,13,1328.1,12015,612,33
2020-09-27,8,1465.75,38051,1524,13
2022-01-05,28,1853.21,38790,207,48
2021-01-17,30,1911.98,31361,582,14
2019-07-22,12,1196.7,1692,679,62
2023-04-17,18,1217.25,14396,1224,39
2021-06-29,8,559.21,39438,1860,73
2021-04-26,2,776.27,37727,1527,43
2019-06-17,5,355.83,44088,940,86
2019-04-03,18,326.55,3865,582,57
2020-05-19,30,559.45,38163,1639,47
2022-08-27,7,1109.47,13694,173,6
2022-09-17,16,1636.27,48964,683,14
2021-09-08,7,1476.31,37871,1212,53
2022-08-17,18,1176.38,4227,1680,18
2020-06-03,29,1708.94,34582,1236,22
2022-08-06,29,1439.76,32676,860,29
2021-09-14,16,1810.29,22347,167,72
2022-12-05,12,191.09,42817,529,85
2020-10-15,12,1113.59,38674,780,91
2021-07-17,30,770.93,34247,267,32
2021-12-17,17,754.89,4884,1574,66
2021-10-20,28,1084.83,17581,1818,16
2022-08-12,25,1560.37,20490,1281,46
2022-05-13,28,673.63,5861,1186,97
2021-02-15,20,1824.17,23627,1771,98
2019-08-12,25,1789.77,18200,947,49
2019-03-04,2,1732.19,35885,1276,60
2023-11-04,27,1487.38,31401,946,18
2022-05-24,9,1692.26,23941,1691,23
2019-02-25,12,271.04,21353,152,95
2019-10-05,13,1626.29,8580,85,69
2023-07-20,21,1926.58,18474,1363,32
2021-04-24,4,164.95,27921,1371,90
2020-08-07,22,469.03,1061,1059,8
2022-11-26,5,483.38,35460,1570,35
2019-08-14,26,481.24,41729,140,74
2022-09-27,27,502.76,11955,811,14
2019-10-17,17,952.16,47364,79,21
2023-04-23,17,1641.7,47243,457,2
2020-11-04,15,1694.52,22621,68,59
2022-11-15,20,1294.63,17603,646,70
2021-04-11,30,132.88,41245,1374,49
2020-01-21,8,166.83,13264,1172,19
2022-05-14,28,1844.95,46426,693,57
2020-01-21,5,1527.8,23399,1891,88
2021-06-17,29,667.81,27745,1798,31
2019-05-24,6,1437.63,43409,1881,54
2021-12-10,28,1759.6,22559,1046,91
2022-06-13,16,717.86,32261,927,24
2023-11-27,22,1080.53,26262,167,92
2022-08-07,4,108.68,38643,1584,46
2019-09-20,13,354.77,45151,1002,16
2019-07-19,7,232.72,5776,1329,51
2022-01-12,22,1514.53,41702,300,5
2020-09-11,2,1639.05,41082,704,4
2021-06-14,18,1203.36,45665,436,0
2019-03-15,12,1088.27,17625,1852,84
2019-12-28,26,556.98,36314,1817,47
2021-11-17,7,1862.25,29742,894,89
2023-09-26,15,747.22,11318,477,33
2020-05-04,3,1695.24,32919,811,32
2019-12-18,22,1857.46,23721,520,7
2022-02-06,27,1015.47,46269,519,46
2021-07-15,6,1582.91,19719,919,55
2021-02-19,19,244.17,7715,1773,90
2022-08-14,2,675.35,48140,594,34
2019-11-16,8,846.77,36556,548,3
2023-03-07,9,1584.59,8173,367,71
2020-01-26,25,1094.85,42058,329,17
2020-09-11,21,873.44,20318,284,8
2022-03-28,1,411.96,44943,902,81
2020-02-16,16,1458.12,44765,1653,20
2020-08-24,15,1245.38,8345,537,80
2022-08-10,11,265.75,43870,1256,13
2020-06-04,13,1587.67,5864,87,70
2021-02-05,26,1337.32,5760,144,32
2022-07-11,26,1433.67,36348,294,42
2020-01-04,6,1238.53,14117,515,49
2021-05-04,5,956.66,28279,459,29
2023-11-16,12,1488.24,38561,61,55
2019-05-11,2,907.95,32423,1913,41
2020-06-30,8,139.18,12512,632,53
2019-02-17,3,1069.15,47968,464,26
2021-05-25,11,958.25,37678,749,35
2021-12-19,27,276.96,4261,1321,95
2020-10-11,19,1083.05,29222,97,61
2023-02-01,20,1212.38,1341,559,50
2022-12-23,4,188.35,30819,1947,46
2019-05-22,1,1461.4,33302,1773,37
2020-12-15,4,421.75,4085,465,59
2023-04-10,2,1404.45,27462,1276,27
2021-10-21,29,1775.6,37763,578,15
2019-10-04,15,237.7,31960,793,37
2020-05-06,5,1939.73,36408,933,37
2023-04-09,11,1068.23,21856,1257,21
2023-12-13,4,125.44,3821,884,88
2023-05-08,30,1922.84,34455,1522,21
2022-10-30,8,588.26,34842,1914,57
2021-09-03,3,1489.35,18633,674,71
2022-02-01,2,1103.5,13511,1739,97
2021-02-04,10,883.73,34563,965,26
2021-04-28,19,370.67,3822,468,68
2021-09-29,23,1965.55,24845,113,29
2019-10-30,12,1065.75,4124,55,74
2019-08-10,1,930.06,32801,1826,59
2023-08-14,18,1240.31,29634,948,52
2023-05-28,13,1525.94,28842,594,5
2020-03-25,30,1119.19,1473,867,9
2021-04-21,1,1268.75,34985,1171,86
2023-09-04,9,1495.77,39462,1094,22
2020-05-30,24,1503.8,45712,1313,56
2023-03-06,14,1770.86,27277,399,93
2019-09-02,25,312.95,10742,658,78
2021-05-20,13,1730.78,37447,1746,19
2021-12-27,29,258.72,38709,1424,83
2021-05-03,30,1519.6,7412,1535,48
2020-10-13,22,1482.3,49638,234,97
2019-05-05,22,1141.09,20639,1539,11
2023-07-13,14,648.34,4113,1497,86
2022-05-11,13,1252.15,10446,289,64
2023-04-20,3,1045.31,7512,1657,38
2020-12-31,27,1703.93,12393,1990,11
2020-11-21,10,233.07,20368,576,28
2022-07-22,14,723.77,35344,1070,10
2022-04-03,7,1650.91,11114,1420,86
2023-03-30,19,133.28,29545,422,65
2021-05-24,24,1026.68,26378,538,70
2019-04-20,24,880.39,22831,1435,5
2020-07-06,26,1278.33,15952,1370,24
2023-03-31,19,910.01,11624,1707,6
2021-09-19,20,737.17,1695,492,49
2019-12-17,15,1976.45,39361,755,21
2021-10-15,16,439.56,42864,1750,16
2021-04-30,12,1061.21,47721,1891,14
2019-08-11,27,1995.79,5141,220,71
2021-03-01,20,106.91,32752,409,99
2020-01-11,24,101.73,9430,1622,99
2021-11-12,15,1825.83,23028,834,2
2019-07-15,9,1176.72,3275,1411,35
2021-09-11,20,1124.1,34330,1172,85
2022-12-18,3,1757.39,17429,1334,84
2021-06-22,25,1348.03,9330,1581,81
2023-11-11,5,367.52,23558,1243,98
2019-11-28,27,1313.26,26536,73,91
2022-10-25,12,568.44,31630,153,89
2021-09-06,28,1318.78,27045,1534,39
2021-12-23,8,897.81,23615,671,84
2022-07-02,12,914.48,43823,231,4
2022-05-27,14,1688.75,23884,638,33
2019-12-12,28,1240.74,7055,894,70
2021-02-26,20,1842.78,23932,55,26
2022-02-28,14,835.45,29751,1001,64
2023-04-07,2,745.57,35930,669,84
2019-07-25,9,1221.71,27131,1388,45
2019-09-24,27,1773.33,2628,124,24
2020-12-24,20,253.46,24443,937,25
2020-09-26,27,312.55,14548,59,10
2021-11-19,5,1122.86,18788,1221,96
2022-08-19,14,220.35,14928,668,37
2023-03-11,20,129.64,38277,579,46
2019-02-07,24,1002.69,14644,1324,22
2020-08-01,18,1947.36,28236,1692,98
2022-06-19,3,416.42,3898,1591,63
2022-01-27,3,1475.08,10435,1120,54
2019-04-24,1,491.37,49759,1804,60
2019-06-12,7,545.91,32811,1004,37
2023-11-13,19,1154.52,29462,1226,75
2022-05-08,26,1002.87,14969,784,73
2019-08-05,23,1892.07,34704,1024,87
2023-10-30,25,1256.95,6354,863,41
2019-01-22,2,1514.69,45058,1467,13
2021-10-01,28,1414.46,8962,1216,78
2021-06-22,3,1817.66,32535,1386,23
2023-07-28,21,1721.67,42738,696,25
2023-08-12,10,435.97,1051,583,78
2019-12-28,19,629.12,34197,1799,4
2022-04-29,20,194.02,42375,487,60
2020-08-20,1,1865.06,25200,389,70
2019-07-10,28,1510.98,2906,850,93
2020-09-24,6,464.03,23513,403,78
2021-06-30,18,469.42,4161,579,43
2020-10-15,26,614.6,12865,714,28
2022-03-28,18,1408.52,30527,1364,57
2022-04-16,23,1979.23,48320,1749,20
2022-04-29,26,764.6,14064,1327,97
2021-08-11,2,809.44,48859,215,36
2019-04-20,29,1032.86,24101,1482,27
2020-07-23,10,1283.65,45809,880,55
2023-08-07,3,1194.69,10544,1770,20
2023-08-01,6,1676.79,11961,1077,16
2019-07-19,21,642.02,12096,653,22
2019-09-11,5,810.45,26430,1342,85
2020-03-16,23,387.44,24623,79,54
2023-10-15,3,1994.03,7215,1171,22
2020-04-22,8,1057.27,20718,84,46
2023-10-31,9,688.82,33591,1632,7
2019-03-29,11,315.18,32477,1128,32
2019-11-21,23,1309.88,9996,710,88
2019-11-29,11,1137.89,44721,282,58
2020-04-26,29,1330.49,32537,1762,79
2022-03-12,30,393.9,35318,776,78
2020-11-04,27,1654.66,24977,493,51
2023-05-26,30,118.09,18241,873,21
2021-07-02,6,1799.19,35044,1647,37
2021-03-09,3,907.26,1791,696,10
2022-10-07,18,898.34,8612,365,39
2023-06-11,13,1478.13,15713,1123,86
2020-07-16,1,1393.33,12538,1941,26
2023-08-05,17,435.81,16855,836,61
2022-07-20,7,795.6,21195,1933,20
2021-08-13,5,202.34,33096,320,42
2020-07-03,1,1420.66,30661,560,48
2023-12-19,4,1802.46,2504,666,51
2022-03-01,26,426.26,32545,1534,83
2021-11-08,24,1012.87,14828,1721,9
2023-03-09,19,1500.41,38634,1333,21
2023-08-26,6,601.22,27335,1392,10
2020-06-24,20,620.59,20314,1213,81
2020-03-29,1,1389.95,35956,1265,89
2020-11-20,15,1726.34,24928,643,26
2022-10-07,4,1778.8,20941,267,7
2023-10-18,4,947.34,34033,550,52
2023-07-18,16,1243.94,14463,689,42
2019-06-28,9,1371.47,15318,185,35
2023-03-21,23,1277.57,12958,1479,17
2021-01-30,1,1930.28,40123,1680,36
2023-02-20,16,1977.26,18571,92,69
2022-04-21,9,190.25,26027,288,58
2021-01-23,25,1263.58,27845,271,64
2020-03-22,18,1473.41,43867,1823,22
2021-01-10,13,1069.49,38256,1827,6
2021-05-17,9,1686.56,4984,92,77
2019-02-05,30,945.69,33439,1020,31
2021-04-23,22,137.24,38036,1774,52
2021-07-01,13,382.06,47364,806,74
2022-08-04,14,1602.98,20044,853,66
2020-04-05,26,1516.25,26020,1130,85
2021-03-01,7,553.82,16804,1674,47
2022-07-07,29,1161.31,44122,809,88
2021-07-04,23,638.48,40878,766,47
2020-03-23,1,1458.87,39552,1365,10
2022-08-11,12,1628.4,32520,1714,92
2020-11-10,7,700.23,17570,1696,24
2019-02-01,17,1049.67,31530,942,54
2019-11-20,23,1612.79,14626,758,61
2023-09-19,25,1431.33,32174,490,86
2023-04-30,8,1650.2,33274,1020,85
2022-03-05,16,690.46,39260,1271,6
2020-03-11,7,466.21,10324,209,23
2022-11-23,27,130.97,21201,317,28
2021-06-06,2,1660.06,36755,1374,63
2022-01-21,22,1573.76,44262,910,50
2020-01-28,17,816.0,36721,733,96
2023-03-15,11,1510.92,23383,298,98
2022-10-31,23,1853.59,21023,1789,0
2020-09-15,3,1617.36,22426,1919,64
2023-11-12,28,632.28,45922,734,33
2021-12-20,27,1733.65,42121,1596,64
2023-12-12,27,1701.04,25924,511,54
2019-10-19,25,1501.36,23087,203,99
2020-08-21,28,438.06,36496,289,5
2021-01-06,22,932.01,36634,353,28
2020-06-27,30,1176.87,17001,408,52
2023-12-26,5,647.43,40139,1364,69
2019-06-19,9,1907.74,12318,575,61
2019-01-07,11,1980.13,4262,955,75
2021-01-07,4,1966.51,46004,1531,96
2022-11-18,2,646.75,26270,184,77
2022-10-15,28,1390.24,37281,472,38
2022-07-02,18,906.28,31503,879,47
2021-01-27,16,125.19,26673,1360,30
2019-06-08,24,1608.54,5958,1850,4
2021-12-06,27,555.04,1864,349,12
2021-07-16,1,328.31,30667,1397,0
2019-12-17,1,1924.86,12715,1989,45
2022-05-28,13,558.88,44662,1021,16
2021-07-14,28,1045.46,20790,1348,66
2019-06-04,19,1165.75,25293,1629,95
2021-06-15,28,1882.16,17340,470,66
2020-05-24,11,1777.85,5178,1327,51
2020-06-10,28,399.33,28678,646,97
2021-09-21,30,1437.28,33789,499,94
2023-02-05,19,710.89,31091,348,54
2021-12-26,1,1874.83,22633,1230,78
2019-06-12,30,1235.7,39340,336,69
2020-08-26,22,1752.52,41446,453,29
2022-05-12,19,218.51,39577,326,14
2022-06-07,15,1175.81,8669,178,44
2023-09-17,15,1468.63,38968,1278,35
2019-05-31,8,1876.26,38222,190,45
2023-09-02,6,1268.06,47124,1804,96
2020-07-23,15,522.08,19441,1067,42
2023-06-28,18,627.45,8063,1847,33
2022-08-11,4,806.07,43483,1325,48
2023-11-01,29,1806.84,34684,611,28
2023-04-18,11,1558.79,20432,756,59
2021-04-01,23,1980.95,22469,426,60
2021-11-29,2,581.82,8835,1159,66
2019-03-20,19,1454.27,25394,1616,41
2019-03-22,24,1014.72,25197,268,17
2020-05-17,3,768.94,23368,1145,37
2022-02-17,18,277.6,21380,1926,76
2019-12-06,21,1462.37,4372,1864,48
2023-06-02,27,645.99,2358,866,47
2021-01-07,30,182.84,49486,1371,51
2020-06-25,6,1680.76,18757,1951,28
2023-05-03,9,1918.12,12668,1745,8
2023-05-10,17,700.96,17319,62,43
2022-10-10,7,611.25,36568,696,39
2022-07-01,15,1786.28,42382,526,21
2022-08-21,12,1546.72,1950,1590,6
2021-12-24,29,1578.6,19373,1618,16
2019-08-12,3,176.02,22320,337,74
2020-06-11,29,1469.6,12541,655,48
2022-03-09,23,1413.08,16412,1789,30
2020-11-11,7,1118.46,11667,237,27
2022-08-15,18,153.73,37117,877,93
2020-05-10,4,630.33,10205,1943,86
2023-04-03,17,1871.81,41909,188,72
2023-08-23,25,198.03,32572,1099,96
2021-08-24,5,958.64,20496,1563,90
2022-10-06,25,721.29,33662,1852,32
2021-10-27,30,1808.01,33047,801,51
2021-08-16,2,681.09,2485,725,18
2021-04-28,30,188.71,39355,63,1
2021-12-27,28,582.2,18770,564,47
2020-01-11,17,813.85,31677,1047,44
2023-02-20,5,701.02,4721,651,40
2020-06-18,11,1494.99,47179,1494,40
2019-02-16,23,1332.92,7253,645,74
2020-06-07,9,173.74,16217,241,66
2022-04-12,8,1343.64,27769,1080,86
2020-06-15,6,1664.55,40443,1034,54
2022-02-05,26,1811.12,12759,1276,22
2023-05-30,3,1226.69,48735,739,27
2021-10-07,20,1631.66,45052,1303,23
2023-11-12,20,861.07,31015,509,91
2019-05-20,24,862.65,35965,1883,89
2021-05-10,15,1327.46,24951,410,72
2019-11-01,15,1823.09,23296,816,32
2020-08-07,25,1651.54,24056,1933,40
2019-10-21,12,555.79,20813,1189,84
2023-10-11,8,1839.03,28294,656,70
2021-01-24,16,1306.47,7579,108,81
2021-02-14,12,803.86,10397,726,88
2020-01-09,25,1572.71,37514,1976,88
2023-11-23,16,1649.11,31429,1409,48
2020-12-06,25,491.26,6872,274,32
2021-04-22,3,588.92,27080,1138,4
2021-06-03,30,399.58,18354,1268,72
2020-10-09,17,916.71,20913,630,22
2023-01-13,17,168.57,10797,1461,8
2020-05-29,30,661.1,40235,370,26
2019-08-11,17,1013.95,45516,1712,3
2023-03-06,11,565.34,16562,720,29
2022-11-08,9,1513.02,22748,1297,92
2020-11-10,1,1095.95,36636,718,61
2023-02-12,17,186.51,12462,751,60
2019-09-06,19,1329.25,31004,1690,32
2019-10-31,16,1929.6,2158,1716,30
2022-01-08,1,131.33,15613,254,70
2019-03-31,20,1655.41,15948,984,17
2022-08-04,10,904.89,48402,1500,46
2020-01-14,25,1053.16,35866,1266,24
2022-11-27,29,1681.64,31302,618,61
2021-11-16,21,1984.62,5179,254,64
2022-05-24,28,1427.78,9017,1553,25
2020-04-18,23,1123.61,6399,170,66
2023-08-16,13,186.37,49256,1777,14
2021-03-27,26,1580.71,28471,1468,79
2021-10-10,10,1911.83,22080,1578,35
2022-05-25,3,1432.09,15618,1501,7
2023-03-08,26,1606.91,34082,966,16
2022-09-11,9,835.03,46368,1906,13
2021-12-16,17,1849.44,13302,157,59
2022-04-09,16,1681.22,31456,204,12
2020-05-03,1,639.06,9748,60,73
2021-05-23,14,1121.7,45855,571,36
2021-10-18,30,1395.85,16754,1927,58
2020-09-13,5,1158.69,35020,1682,55
2023-11-25,8,1570.89,21246,228,20
2022-02-18,22,1083.06,20379,975,17
2019-01-22,12,537.24,8854,1016,46
2022-01-25,30,1770.44,24677,311,67
2020-02-27,27,1854.2,26045,918,67
2019-11-23,29,656.9,29400,390,52
2021-12-07,1,1452.33,30955,1840,43
2021-06-25,4,258.18,23373,1924,31
2019-08-21,23,1252.18,28715,1864,17
2023-07-21,15,1905.93,30173,1098,42
2021-11-29,25,779.93,36359,1252,72
2020-07-24,18,1827.62,27601,800,12
2020-01-12,15,1761.58,33968,1874,83
2020-01-17,24,1799.67,6840,837,69
2021-03-04,26,1222.9,37307,947,16
2020-01-21,10,525.75,10290,763,1
2022-07-17,21,991.3,14537,560,69
2023-11-12,20,1592.26,35856,1522,37
2020-07-07,19,703.57,19027,1027,99
2020-11-22,5,1453.54,7490,711,87
2023-03-25,16,1191.37,30187,1937,47
2020-08-31,21,1669.67,18619,957,73
2022-12-15,29,1355.13,5159,1485,67
2019-03-17,3,1106.64,3176,869,71
2022-07-22,25,1978.85,45031,1739,37
2022-12-08,22,167.23,10310,1185,80
2022-02-27,19,1100.87,34859,1690,65
2022-09-07,23,438.95,40299,321,19
2020-01-25,3,1850.3,38834,1791,38
2023-11-24,20,1272.51,26367,1883,77
2019-01-31,23,705.28,16473,1116,85
2023-06-11,23,1505.31,36424,476,24
2022-04-20,18,860.4,24185,1609,10
2021-01-13,7,119.36,3425,909,88
2023-07-18,27,1288.95,49717,104,82
2020-08-19,21,1204.55,8330,1011,85
2023-10-29,16,453.9,20813,75,74
2022-06-03,5,732.82,21471,1071,25
2021-08-09,21,1701.39,29323,796,86
2023-01-30,15,1909.82,28682,1534,3
2023-07-17,16,923.97,48782,884,89
2021-11-09,21,1792.1,30947,263,90
2021-10-08,1,1726.08,9363,565,82
2023-07-13,8,1114.05,10222,1779,28
2019-11-25,6,747.82,29187,758,60
2019-07-15,28,1126.45,19810,685,90
2020-12-19,17,1227.11,43831,958,10
2021-03-23,25,492.6,30840,1722,11
2023-05-09,6,1554.17,11477,1690,17
2023-08-13,9,409.64,45514,1025,54
2022-03-25,8,1556.6,20549,1592,26
2020-02-24,16,968.5,39490,892,74
2023-05-24,22,1846.73,38405,137,72
2021-06-01,1,1906.21,5976,498,43
2021-09-04,8,1112.93,16889,349,47
2022-10-29,17,122.45,36126,1818,68
2021-04-14,27,140.73,32015,1246,15
2019-06-28,11,669.91,39263,963,9
2020-07-21,4,1344.84,40730,56,48
2019-03-12,23,1929.9,5329,1462,51
2022-09-06,1,1588.8,10492,804,67
2022-09-13,29,1545.33,17796,357,15
2023-03-10,2,1568.31,28762,494,40
2019-12-10,2,1677.49,38479,1393,33
2019-04-10,30,1932.22,17612,389,99
2022-02-19,29,1299.63,26224,1448,43
2021-03-30,26,1994.22,32328,466,61
2020-03-08,3,264.05,37224,1891,3
2021-01-22,25,1578.45,1511,909,0
2022-09-24,9,1425.55,25852,450,2
2022-03-15,21,1134.26,30736,1145,49
2019-01-07,18,1907.61,24964,797,90
2020-05-13,6,380.12,42524,550,31
2021-01-04,24,211.84,6520,996,36
2019-12-06,10,298.43,18758,451,55
2020-07-27,21,1217.17,19907,1871,17
2023-01-11,4,488.19,30272,735,72
2023-04-17,10,454.03,7162,1493,5
2022-01-28,4,1894.9,47423,303,39
2020-05-05,7,827.2,39850,1304,86
2019-04-29,22,1416.16,5847,1268,25
2021-02-11,14,101.69,11798,378,73
2019-08-04,22,1700.23,37887,1431,83
2022-05-06,25,158.78,26745,1825,72
2021-08-15,28,373.93,33359,1585,69
2022-03-01,16,221.43,44385,1591,10
2020-03-24,22,1923.65,18105,736,94
2021-01-05,25,1111.13,31425,84,2
2021-07-12,30,521.32,5829,292,87
2023-04-06,16,300.14,36003,197,65
2023-01-18,22,1563.07,11952,329,21
2019-01-09,27,1116.73,14504,212,88
2023-12-12,21,1582.92,47722,1507,46
2021-03-06,15,1784.32,14071,1377,49
2019-09-15,18,1233.69,4403,1156,69
2019-09-21,25,1873.9,9402,1207,20
2021-08-26,8,1705.58,44190,925,36
2022-07-30,8,485.64,6627,1231,96
2020-10-08,9,816.62,17259,438,97
2021-05-10,30,1852.97,17419,1300,47
2023-01-16,23,160.64,13568,1745,21
2021-12-09,19,987.89,36302,1843,64
2023-11-02,3,1809.06,38776,88,46
2021-12-16,17,669.9,5431,951,50
2019-01-03,11,773.66,24673,479,26
2020-06-05,23,1801.6,35467,1086,22
2022-11-15,21,1775.83,27474,1660,68
2020-08-14,17,351.99,42146,1289,33
2021-09-21,28,1963.86,28188,1223,78
2020-04-12,18,1671.33,11772,1866,40
2023-01-25,7,1088.78,12671,653,56
2019-09-22,16,722.83,39426,649,30
2021-02-17,27,703.87,3341,1641,21
2023-01-11,3,807.33,26240,1259,54
2020-03-06,15,1211.29,16659,183,98
2023-12-12,19,195.18,19757,1805,96
2021-11-19,20,1535.36,36183,1117,93
2020-01-20,22,1580.16,28978,501,50
2019-12-24,4,1444.78,11456,1505,97
2021-12-17,7,244.31,12246,1489,64
2022-04-18,27,1223.98,30021,287,89
2021-10-12,27,135.69,23049,1409,50
2021-07-05,18,564.62,16366,1399,91
2020-05-31,6,1222.5,11589,1192,79
2019-03-30,5,393.26,8443,1484,38
2020-10-06,18,1357.9,34785,1890,19
2023-07-13,28,1982.15,40046,975,71
2022-10-14,10,402.22,5597,1570,83
2020-08-17,13,1035.85,12628,1090,17
2022-07-04,10,795.07,9415,854,65
2019-01-29,18,1973.86,2761,742,29
2019-03-16,2,1173.28,36032,998,25
2021-08-27,11,488.27,37949,1303,5
2019-06-11,17,1677.17,10670,869,69
2019-03-19,11,877.76,36752,1913,34
2019-03-19,12,654.12,31617,269,72
2022-06-03,26,229.62,9436,1769,65
2019-06-11,28,1069.91,31647,1668,32
2023-07-13,18,441.62,46877,1051,81
2022-02-28,11,213.85,3656,1831,36
2021-05-13,24,1874.63,33683,725,83
2022-11-04,29,1455.14,49150,101,60
2022-07-16,13,734.59,32048,1299,6
2021-11-05,19,1235.9,38153,1658,4
2020-10-14,23,534.27,45161,841,43
2022-08-04,21,998.35,30187,1524,28
2022-10-20,28,1564.4,10814,397,39
2020-11-29,16,201.54,18696,1962,41
2019-01-26,19,301.6,18341,748,50
2021-03-24,28,900.21,20609,1266,38
2020-09-13,26,268.11,25697,609,92
2021-08-13,4,641.35,13937,270,28
2021-01-03,15,1707.7,21751,1126,68
2019-09-20,19,732.81,42356,1326,92
2019-10-23,8,1046.19,18692,1772,73
2020-09-28,5,803.36,16605,1818,54
2019-12-09,18,1430.86,44691,993,38
2021-05-11,20,561.87,37113,831,35
2020-01-06,28,592.55,17354,303,18
2023-06-11,27,1829.4,41637,1401,7
2023-12-30,17,1944.31,43480,66,97
2023-10-28,30,1062.57,16614,315,51
2020-07-26,25,1383.19,10852,832,44
2019-07-27,3,1472.75,45943,307,81
2019-01-21,19,175.01,11428,455,85
2020-03-29,9,373.3,11971,1680,31
2022-03-29,23,1473.46,38310,669,16
2021-04-22,15,991.3,15200,564,23
2021-10-31,5,279.66,43556,1398,66
2022-05-21,12,1900.98,3403,1357,11
2019-02-07,5,778.25,7553,1979,95
2020-10-23,24,1704.1,45931,405,47
2020-12-20,22,1284.32,42753,207,29
2022-02-03,19,1372.49,17481,1783,57
2022-11-30,24,1010.94,7739,726,53
2022-09-08,25,1283.28,17965,1748,26
2021-11-13,8,1239.09,18421,1747,77
2019-05-31,8,1193.34,16855,894,82
2020-03-14,12,1799.72,16820,345,18
2023-01-30,23,187.11,20603,1283,36
2019-04-04,8,1100.05,29662,1848,95
2022-12-14,17,128.77,28612,1224,5
2020-01-28,28,1277.94,47017,624,15
2021-02-08,27,1913.12,2019,1733,61
2019-11-04,28,857.98,49819,1184,91
2022-12-15,8,1510.27,17370,1131,48
2019-03-29,1,1779.53,42018,989,95
2022-04-21,2,1958.56,7504,1842,33
2022-03-20,20,1578.81,33568,1652,74
2021-04-03,19,1257.22,24344,1234,10
2022-05-25,8,1373.74,6221,1628,89
2020-11-18,8,1999.04,36625,977,76
2023-11-01,22,708.48,46788,1136,11
2020-08-25,6,797.43,47768,1069,64
2019-07-29,22,238.77,38697,282,2
2020-03-30,2,1402.2,8680,733,27
2022-01-02,12,1080.84,43283,291,59
2021-01-13,4,1550.59,13512,489,17
2022-06-05,28,255.49,38698,360,86
2022-02-27,9,689.21,38547,280,58
2023-05-15,4,1939.68,4167,247,40
2023-06-09,4,1589.39,7464,317,37
2019-12-18,12,1067.56,37005,882,25
2023-01-14,11,1690.2,38539,1396,16
2021-11-14,28,670.11,46618,860,34
2021-10-28,17,1096.11,48400,977,88
2022-03-23,3,1857.09,4707,269,0
2022-12-20,13,1324.54,46079,1415,95
2019-06-30,28,1163.84,8263,1759,13
2020-03-17,28,1339.77,44545,1621,70
2021-04-20,12,1542.73,6035,1563,65
2023-01-25,30,1828.19,15253,369,48
2019-01-31,1,1500.31,2468,1787,1
2020-11-20,5,1057.78,28413,377,62
2021-01-04,2,757.25,49695,329,55
2023-05-31,15,1721.69,34835,1080,23
2023-01-11,26,386.16,8673,1237,57
2022-02-01,20,1672.01,46114,1402,15
2020-01-04,24,1923.42,30629,317,80
2019-10-19,18,1148.01,10684,1687,28
2020-05-11,9,384.2,28792,536,28
2023-05-17,29,617.33,6577,1327,61
2023-06-22,26,416.77,2863,601,64
2020-11-03,22,1805.43,1037,1662,19
2020-06-16,22,1786.32,38751,1942,22
2021-06-25,18,1617.11,17188,90,58
2023-01-11,9,904.9,15364,1357,84
2020-03-21,26,151.88,35454,346,36
2020-10-21,7,1236.67,14127,1353,47
2021-07-29,10,1430.65,46443,1421,81
2019-01-15,2,892.39,2478,1311,46
2019-05-17,27,280.79,3599,1036,6
2019-10-09,4,1417.3,39238,1582,69
2022-07-06,16,1977.8,44606,881,95
2020-09-28,13,1487.37,3686,187,94
2022-09-27,26,498.84,47621,1258,24
2020-11-09,28,115.63,24692,1543,0
2023-03-25,15,986.68,14722,611,20
2019-11-03,5,1980.44,40247,1703,44
2019-09-03,8,468.14,32906,1655,35
2020-04-09,2,975.68,3924,484,31
2020-10-21,27,1231.6,21191,1019,55
2019-10-29,10,986.62,26933,1655,25
2023-08-09,10,1555.52,33741,1881,32
2023-06-28,15,1334.23,37369,906,15
2023-03-03,20,731.03,7470,1914,34
2021-09-10,5,1870.3,33608,900,6
2020-04-28,2,1144.33,9341,484,68
2021-10-12,21,1914.08,20761,1151,38
2022-11-20,27,397.5,32150,1985,31
2021-03-01,29,1054.45,38287,836,74
2019-07-14,12,1323.47,15857,724,27
2022-11-15,11,254.32,41401,1994,41
2021-07-18,2,150.77,46810,1036,94
2021-07-16,28,1041.13,26245,908,50
2019-02-26,16,1027.11,39598,194,39
2020-08-16,23,1176.6,26120,1628,61
2020-10-24,3,1561.6,47741,838,7
2019-11-25,8,1882.05,27532,1003,40
2020-10-04,9,1508.24,13391,1252,69
2020-08-21,16,1843.23,24277,995,71
2019-07-07,15,1318.79,29512,1741,92
2019-03-22,3,1553.43,10922,311,62
2019-04-26,12,1618.92,27546,55,89
2021-07-12,24,172.0,1308,672,81
2023-10-17,16,394.29,32280,763,63
2022-12-26,18,380.95,31891,1471,0
2020-06-28,20,1251.88,6957,709,2
2019-07-28,26,913.56,24386,1101,58
2022-05-30,1,1188.32,31031,312,51
2019-10-03,24,1556.59,20505,126,12
2023-06-17,9,980.6,34149,1672,33
2022-02-20,28,762.54,18476,1694,48
2020-08-01,21,652.45,14776,737,32
2019-10-12,10,158.0,12612,1688,46
2019-11-10,6,224.53,12976,360,52
2023-01-01,30,1713.53,16093,1759,81
2020-01-02,1,1525.86,34266,237,94
2022-04-11,14,170.91,4546,707,64
2023-10-21,15,1273.11,16630,1563,1
2020-10-11,19,361.94,40196,946,73
2022-01-12,27,732.83,30136,1966,39
2019-05-24,3,688.92,8778,1790,63
2022-08-02,9,1417.4,9516,595,55
2022-11-01,2,1021.51,45847,1660,45
2019-08-11,23,1544.15,25606,1728,58
2019-07-08,3,795.84,20413,1637,10
2019-12-24,5,1018.41,12206,1200,59
2020-12-06,12,1983.5,34145,1610,61
2020-02-25,27,631.8,32977,1937,96
2023-11-30,26,931.46,2574,436,64
2023-02-01,15,624.95,16620,1443,14
2021-12-30,1,369.2,16977,68,87
2022-10-05,4,128.08,5057,1989,38
2022-04-07,4,1956.28,17872,306,2
2022-12-17,6,244.31,41450,1520,95
2019-11-13,14,984.32,23481,1166,54
2021-01-12,7,168.29,25327,94,58
2019-07-20,10,1743.49,45718,1640,33
2021-07-02,20,1744.06,10075,273,53
2019-11-26,14,729.0,23220,738,60
2021-10-26,15,105.28,26085,1227,62
2021-10-29,10,1009.8,18278,806,37
2023-05-26,27,703.12,14553,433,90
2019-06-10,9,1151.24,31103,1307,32
2021-08-21,29,961.04,28958,930,0
2019-05-04,3,429.77,38910,528,88
2022-05-11,5,1628.38,12171,551,85
2021-09-12,18,747.4,41650,92,94
2019-08-27,3,1051.11,43312,120,58
2019-07-14,26,824.91,46763,417,96
2023-06-05,17,1133.44,31886,1853,46
2021-06-26,29,1132.26,14671,1181,74
2020-10-11,14,153.29,16418,1893,23
2020-03-18,4,785.85,44154,314,73
2023-02-01,26,724.04,11645,520,82
2020-04-08,29,210.3,25809,1943,15
2020-05-27,17,187.74,39684,1823,8
2023-05-03,17,223.9,12169,506,12
2022-05-26,9,1073.84,42075,1828,19
2020-08-30,13,1541.44,21658,639,38
2023-03-11,5,1435.37,7466,580,34
2019-08-25,12,1559.67,2675,1527,13
2019-09-10,18,1185.35,34368,191,31
2021-11-26,10,1052.42,46531,1395,32
2023-08-30,1,415.95,35143,1596,25
2022-02-17,4,1107.21,29102,737,59
2019-08-06,28,646.58,30210,1949,22
2020-01-20,14,718.21,20985,264,79
2021-03-26,20,833.11,13562,687,99
2020-01-15,25,1410.58,33680,732,46
2019-01-12,2,1833.55,36444,1946,49
2021-09-10,30,1093.29,10709,953,42
2019-11-18,3,1027.14,36968,1818,75
2023-09-13,24,1190.31,9492,1689,67
2021-10-27,20,375.21,2671,1321,7
2021-08-10,26,1435.02,32489,854,99
2021-07-25,30,956.95,26071,1492,87
2023-09-05,3,627.9,44829,819,25
2021-08-20,8,445.08,3034,1314,78
2019-10-08,15,567.63,44667,368,85
2021-04-16,27,105.68,32344,1777,74
2023-12-11,20,163.68,26204,1237,22
2020-09-05,6,477.51,39322,1985,45
2020-05-28,29,1341.25,34677,988,29
2020-03-14,26,1459.25,16215,1898,4
2020-12-08,2,1314.98,15892,316,62
2023-06-06,4,1691.27,47100,181,67
2021-03-02,17,998.69,29464,937,24
2022-12-30,10,1167.63,40191,1035,36
2020-07-21,8,1229.33,3860,691,1
2019-01-26,12,1360.44,28066,850,27
2021-11-30,15,415.48,34972,1971,57
2021-04-06,20,482.06,45299,1794,18
2023-08-27,26,1261.84,22980,1988,40
2023-11-02,5,1592.38,47792,1735,61
2020-02-11,6,1605.9,49444,284,50
2020-09-11,23,1935.26,49549,1662,96
2022-06-25,10,1556.94,42942,151,75
2022-05-28,21,663.11,35278,1961,74
2020-02-13,23,740.55,18715,70,5
2021-01-18,11,1093.37,11046,631,30
2022-12-02,30,1025.13,32265,585,67
2020-05-25,11,1167.53,45652,1871,22
2020-09-08,4,1011.88,1564,975,27
2021-07-07,27,1713.65,1220,1861,18
2020-10-02,25,180.35,32730,1428,98
2023-07-04,20,1962.51,14888,99,42
2021-06-19,17,568.72,18902,1140,98
2019-08-03,11,137.91,46484,1923,4
2021-03-25,9,804.99,23275,408,74
2020-01-28,18,1697.1,31328,822,29
2022-08-10,9,1312.82,39152,1567,88
2023-01-17,6,1123.97,14343,1532,29
2022-10-16,7,1974.59,44237,1021,7
2020-09-08,10,471.49,30873,1258,31
2022-06-17,22,618.82,13208,118,41
2021-03-21,22,1439.5,43615,342,92
2022-09-29,26,1568.14,4204,1231,99
2020-01-03,7,1862.42,19837,775,97
2023-01-04,12,751.85,5508,1562,56
2023-11-17,21,146.53,22968,705,29
2019-11-12,25,137.87,23064,778,10
2019-10-25,25,150.59,7075,423,70
2020-05-10,25,1202.09,34802,1611,38
2020-04-23,13,1713.09,32180,1010,89
2019-01-17,19,1002.68,37876,835,72
2022-05-28,20,904.37,31865,1573,74
2022-12-07,28,1752.93,15938,567,4
2021-02-11,12,115.95,8015,69,28
2023-09-08,28,689.31,7916,1978,53
2021-05-11,14,664.57,16532,391,60
2019-03-13,6,1087.85,17838,86,75
2020-12-12,20,641.67,41304,1622,54
2019-07-12,15,1302.07,31473,112,41
2022-12-09,13,1081.89,31901,1754,21
2021-01-13,13,1938.09,21733,891,45
2023-12-03,10,193.29,40037,1516,20
2019-07-31,16,1637.47,20877,447,28
2021-02-05,19,1062.35,24344,396,50
2021-08-12,24,1877.28,35810,1143,76
2019-05-19,14,311.18,45218,1405,24
2021-12-26,29,620.13,34861,1672,93
2020-08-21,3,1138.53,31050,751,83
2023-01-18,23,1689.22,47581,425,30
2020-01-30,11,1382.32,4433,556,45
2022-01-05,17,1175.21,29521,1949,9
2023-05-29,30,1619.58,33043,1928,55
2021-10-07,3,441.87,10814,522,88
2021-09-16,27,1722.47,28307,707,42
2023-09-03,1,1106.36,3032,1159,13
2021-03-21,3,1888.55,13659,381,83
2020-10-30,8,1396.45,31844,494,31
2019-11-07,3,851.95,17878,1816,33
2022-01-08,1,1214.59,42180,1091,72
2020-11-05,18,203.94,31393,217,65
2021-08-27,15,1339.0,10883,1458,34
2019-10-28,1,1702.18,10617,1075,81
2022-12-18,9,429.86,8672,457,26
2019-06-22,15,708.56,38989,1572,41
2022-12-03,15,1272.91,8500,682,94
2021-01-31,11,475.02,1137,583,47
2022-06-23,10,909.18,46652,1849,21
2023-06-21,3,1947.58,49174,528,16
2022-05-08,30,1917.23,21202,1882,6
2019-03-07,26,1184.7,43913,1337,59
2021-05-29,5,1663.61,12556,1337,4
2021-08-30,7,1589.4,46471,369,16
2019-07-05,22,1603.35,18342,75,38
2020-08-09,3,452.46,31077,519,60
2023-08-26,14,1379.1,36209,1404,58
2020-12-05,10,695.86,41426,63,8
2023-10-01,26,913.75,26738,1691,12
2022-10-06,9,1506.4,12048,1301,33
2020-09-06,3,324.65,14534,1590,99
2023-06-26,5,629.63,12363,679,9
2021-07-09,17,222.41,37775,1626,12
2020-03-07,24,1517.53,20708,1364,51
2023-08-14,5,148.6,42888,1871,91
2021-03-12,1,1462.7,48064,1290,26
2023-08-15,14,699.13,2904,940,26
2020-07-27,27,1323.26,9799,552,19
2023-07-04,2,1565.83,23128,1157,68
2023-06-10,4,375.1,33500,1126,58
2023-04-24,1,165.62,21325,163,37
2022-06-15,11,940.72,2141,848,94
2019-01-20,11,308.02,49214,779,78
2021-05-21,21,1507.44,16896,803,88
2019-10-04,13,255.29,14497,1763,43
2023-03-09,2,1901.12,49201,786,56
2019-05-29,17,1832.29,25523,1843,77
2019-07-14,23,704.03,17025,1919,76
2021-02-13,3,1123.44,31932,536,84
2019-06-23,9,1637.82,20074,1446,12
2023-05-25,12,673.14,21836,77,54
2019-11-29,19,1973.62,14881,1310,59
2022-07-16,26,1617.24,1696,1878,69
2022-10-10,16,761.26,8492,271,76
2020-10-31,27,1596.71,15288,1926,39
2019-10-11,14,1069.19,18638,669,75
2020-08-26,22,986.75,39734,218,85
2022-09-21,8,163.8,3170,1009,79
2021-02-03,23,1824.85,6179,1581,89
2021-08-18,1,927.34,13087,1798,59
2019-02-25,6,1106.7,6419,1615,39
2021-11-18,20,1320.17,27157,220,72
2019-12-17,6,1247.58,10366,110,44
2021-12-08,26,359.66,49337,74,83
2023-04-03,9,1387.04,36302,185,16
2022-07-16,25,946.44,22523,440,68
2020-11-20,24,454.46,43399,1304,97
2020-06-21,20,517.08,8725,60,53
2020-12-25,1,1425.35,34265,882,78
2019-02-09,7,1097.28,17195,162,6
2023-08-21,4,1173.68,44451,682,45
2019-06-30,4,1181.35,36462,1320,8
2019-04-08,21,958.5,15889,863,72
2019-10-09,14,1125.71,47149,1518,19
2019-12-03,20,1303.75,22852,1102,39
2021-11-22,23,1552.45,16601,60,94
2020-08-01,8,1823.27,17797,1546,7
2021-02-18,27,1490.13,45381,261,67
2021-09-29,8,1352.83,5757,143,63
2022-03-30,7,1310.44,26778,297,36
2021-05-07,13,167.29,26768,426,25
2020-11-15,12,290.44,48290,1270,77
2019-12-21,7,362.41,14213,1505,75
2023-12-29,7,780.05,1285,854,7
2021-11-02,6,1348.31,30258,490,34
2022-11-29,19,932.07,47274,848,18
2021-06-07,21,713.96,41427,447,46
2019-10-13,18,1860.94,26617,162,20
2023-06-21,10,1898.25,7878,581,91
2021-12-04,9,1940.62,33543,1368,18
2021-12-24,11,1365.09,10558,1738,26
2021-03-16,16,1572.17,5772,517,40
2020-08-25,5,1099.69,20451,413,49
2020-06-11,16,1414.55,35147,1834,3
2019-01-05,2,1286.57,45230,1815,56
2023-12-03,27,1850.67,26321,465,39
2020-11-24,20,690.21,1925,1357,72
2023-08-05,6,245.23,6171,539,83
2022-06-27,3,1560.95,21695,78,99
2019-09-02,7,1794.21,10819,421,97
2022-11-03,28,350.65,11756,1168,48
2020-02-21,9,1078.72,49329,912,28
2021-07-17,7,124.62,17962,542,96
2019-11-10,27,1318.05,44358,1568,64
2020-05-16,20,1802.24,16678,588,95
2019-05-23,26,1806.75,5985,1755,76
2021-01-15,24,1877.16,35459,857,51
2022-02-04,2,899.59,41116,1463,47
2022-06-10,11,308.41,20101,1255,7
2022-06-20,8,955.04,19100,1969,59
2022-02-07,14,1700.58,7160,1970,98
2022-10-27,11,570.86,29804,440,41
2020-02-02,11,146.72,47629,1958,60
2022-08-03,30,1192.53,22186,985,96
2019-09-13,5,884.65,49306,1841,12
2023-03-05,11,785.72,37920,638,37
2022-07-02,18,230.96,43010,804,10
2021-12-29,29,1742.22,49005,932,58
2019-08-16,6,1375.52,38919,1663,10
2022-11-28,5,1083.87,38217,914,31
2020-10-11,10,1233.9,28902,808,54
2023-03-29,21,1978.49,3677,345,32
2023-01-28,1,1960.79,26423,1847,94
2022-05-17,23,392.72,11071,906,11
2022-07-27,20,1054.25,26150,1281,27
2023-01-20,5,213.08,48331,1687,90
2021-02-24,25,369.35,7032,1189,48
2020-08-20,4,1996.82,28906,1942,13
2019-06-09,30,1653.51,12767,1497,52
2022-08-12,22,1114.28,22973,832,21
2020-09-12,8,543.15,8748,671,64
2022-06-27,30,680.24,29656,1968,80
2021-05-19,17,1796.02,42691,1932,70
2023-05-26,9,772.94,6512,1452,64
2022-01-16,9,242.98,40775,155,31
2019-12-05,20,1290.2,11448,1070,63
2022-10-22,29,172.87,35639,609,67
2020-12-20,22,496.24,44646,663,13
2020-10-28,19,1960.08,47142,478,79
2020-11-26,20,405.2,15744,757,18
2023-03-21,20,1644.21,18881,1893,43
2019-08-20,14,447.88,14966,818,9
2022-09-17,17,290.31,4140,1316,49
2019-02-05,6,1971.41,19045,1923,30
2021-04-28,3,991.12,1760,1031,41
2020-06-30,22,1887.48,22136,855,41
2022-10-07,6,1914.23,6201,524,19
2022-10-22,20,1983.49,35221,1511,23
2019-08-18,4,1508.59,48722,1622,87
2020-12-29,4,1474.0,40344,1102,92
2022-06-22,26,365.27,27450,1622,85
2020-03-18,11,422.82,45306,1400,67
2023-01-28,20,1917.11,3881,1429,96
2023-02-25,16,961.87,20542,1164,2
2022-01-10,10,1517.52,32878,1804,39
2022-10-12,16,1874.03,45425,256,3
2021-01-01,18,157.34,34497,1239,34
2022-12-25,18,492.11,31650,231,77
2019-07-11,29,660.54,36353,140,46
2022-11-25,19,591.67,42604,806,78
2020-03-09,19,151.62,14558,165,79
2021-12-19,8,1539.78,8698,1850,51
2023-09-26,18,439.09,23619,831,11
2023-10-03,1,143.2,12139,1179,14
2022-05-04,6,352.42,34921,988,31
2020-07-30,30,654.25,32987,1469,53
2022-10-13,25,1076.65,5340,147,58
2023-05-05,12,1169.7,35086,1631,77
2022-07-23,25,1104.34,7075,751,92
2023-12-02,14,1843.57,14533,1802,11
2021-10-23,11,1066.3,21564,1565,42
2020-07-31,6,848.18,44956,1129,56
2021-04-28,21,919.37,49980,1501,17
2022-11-30,21,1371.96,5631,259,72
2020-08-25,2,1998.07,39624,1212,54
2022-01-18,21,1091.09,9198,1090,85
2023-06-12,25,160.07,4822,1295,89
2023-07-18,19,1142.33,18328,1414,33
2019-04-04,19,1791.84,13133,52,47
2021-06-22,13,1093.5,3502,208,35
2020-03-20,6,989.63,32916,713,57
2020-05-26,21,1412.66,3319,1844,95
2020-05-21,20,516.68,20815,681,45
2023-05-24,18,437.69,36834,489,34
2019-05-12,26,833.59,22251,965,98
2021-05-30,12,1985.49,35924,1293,54
2021-05-08,28,438.66,23499,413,16
2020-02-15,17,1323.02,11034,1659,75
2023-12-25,11,195.29,48997,1988,11
2023-06-11,19,1544.25,27167,1503,29
2021-01-04,24,702.25,8808,516,97
2020-09-05,15,831.56,39782,1216,59
2019-11-24,1,1157.26,36096,224,90
2021-11-26,28,1901.59,48765,565,33
2023-11-27,22,1299.57,22668,522,0
2019-11-04,26,1625.79,40470,1221,48
2022-05-08,21,1282.54,37064,749,35
2020-01-26,11,1710.65,28665,1525,42
2021-02-17,11,405.29,13335,579,53
2022-05-31,21,618.77,28404,1818,21
2022-06-25,23,825.43,1228,430,59
2019-11-19,18,1320.86,48488,1892,21
2021-04-15,9,413.19,9943,820,0
2023-08-23,5,1461.74,40715,1016,39
2022-04-21,14,799.57,42798,1211,26
2019-04-04,16,229.42,1688,1674,65
2021-08-14,28,1058.2,41348,1600,56
2021-01-26,7,701.03,8217,1058,25
2023-11-15,27,1044.36,25507,1201,8
2023-10-11,7,524.33,19437,1978,92
2020-02-04,29,1836.59,14985,678,14
2019-03-03,28,970.35,4835,1836,13
2021-06-11,4,874.74,31672,769,72
2022-08-04,28,1503.5,13966,1910,26
2021-02-10,27,1423.99,13382,1004,1
2022-10-25,5,1763.93,10825,1350,99
2020-08-13,24,1546.72,23345,1244,73
2022-08-10,3,514.03,41832,747,59
2020-09-12,30,374.06,5299,1509,25
2021-03-31,7,1009.02,5690,1503,52
2023-05-27,10,1147.95,18644,147,67
2023-09-09,4,942.62,37442,1039,23
2019-11-02,10,570.78,7543,135,12
2023-11-16,16,874.92,20590,1172,10
2021-08-18,30,1260.19,29959,1031,66
2021-01-12,22,174.14,36377,1541,81
2022-01-21,17,665.43,31543,1887,93
2020-10-05,7,1337.02,46642,716,6
2023-07-15,22,1847.54,10937,1193,95
2023-10-12,1,434.27,48615,1432,39
2023-03-12,19,333.95,16037,1837,16
2021-12-14,14,1958.4,46655,1392,70
2021-09-16,8,826.09,38671,1134,79
2021-01-16,21,947.85,10544,389,38
2022-08-16,1,1491.36,42681,509,12
2023-06-15,18,1665.54,9683,953,62
2023-02-28,3,442.61,3226,105,48
2021-09-15,27,1192.18,8876,1295,56
2023-02-24,22,793.55,38175,1846,68
2020-11-15,25,1384.29,29270,379,23
2023-09-23,5,1040.07,23986,985,75
2022-04-09,12,378.24,17511,1275,86
2021-07-13,11,1484.4,4273,121,50
2022-08-22,19,814.64,6952,261,44
2022-01-22,3,1079.17,26398,1033,70
2019-06-22,11,710.1,11623,630,84
2020-04-07,13,1032.27,34675,809,65
2023-12-28,30,371.0,5883,685,5
2021-09-15,18,300.93,19099,126,28
2022-04-13,26,587.44,37784,1506,18
2022-10-31,9,1261.15,48968,317,65
2023-04-28,24,472.04,29134,1273,33
2022-12-18,21,327.99,20513,344,84
2022-10-23,28,1651.7,11405,1067,22
2019-07-28,8,619.53,45084,772,81
2023-11-13,17,963.02,6928,493,13
2019-08-05,6,1898.02,40955,579,3
2020-05-03,24,728.7,24817,1515,32
2022-03-26,18,652.79,18272,1143,89
2023-08-22,8,1407.4,12684,562,84
2020-09-12,14,738.79,40554,604,49
2020-09-16,17,1057.67,36085,265,46
2022-12-06,17,414.72,19877,1561,76
2022-02-25,28,1011.97,6654,1045,15
2021-06-14,18,370.86,1170,1329,62
2021-07-20,9,1683.92,21837,801,22
2021-07-29,16,1179.09,13888,60,25
2021-06-07,10,1760.58,35018,1817,59
2020-12-14,19,340.17,32680,819,76
2019-12-25,21,1954.68,29105,875,20
2021-07-09,7,370.16,3500,1871,46
2023-12-03,9,1019.6,29211,1053,49
2023-05-08,11,111.86,38330,303,35
2021-01-07,20,1958.48,33762,1172,1
2023-03-20,22,1768.45,5940,1926,1
2022-09-12,18,862.25,12680,1491,10
2022-07-13,22,367.63,27445,548,4
2019-11-18,4,1644.34,26631,1759,90
2019-04-28,5,1549.85,13707,1000,97
2022-04-28,12,822.52,45026,1699,16
2019-12-25,27,1083.53,20258,1482,98
2023-08-15,8,436.22,20690,1054,18
2023-01-22,24,1230.12,3638,127,67
2022-12-24,9,1770.09,47747,1374,45
2022-03-07,20,828.99,42867,1645,48
2020-01-28,19,779.68,36661,453,55
2020-02-03,25,1843.76,49482,1713,32
2023-03-15,26,671.04,37175,62,90
2020-06-23,30,1432.93,22934,698,35
2020-12-12,14,716.35,41612,137,14
2019-08-08,18,933.14,7091,1611,12
2023-06-01,11,679.66,48128,762,82
2019-05-25,16,593.03,45247,736,98
2020-05-27,27,949.55,4071,1392,78
2019-11-13,26,347.18,3532,1860,70
2019-02-02,3,1967.52,2338,1068,27
2022-11-16,24,1752.29,29924,633,13
2022-06-10,7,1106.21,9586,1025,51
2022-05-09,25,859.95,39909,155,39
2020-07-23,3,1222.24,9979,1814,43
2019-08-20,13,1651.18,8225,1209,56
2019-01-26,11,135.05,49822,729,66
2021-05-14,13,1201.06,21125,403,30
2022-07-22,6,1129.13,38437,1221,92
2023-04-06,11,736.3,21764,1600,17
2023-03-22,5,574.04,4843,822,90
2020-11-17,13,730.41,39229,309,79
2021-11-11,23,494.2,47237,1216,99
2020-11-27,11,569.46,9689,746,81
2021-12-31,29,1090.42,19757,1025,72
2023-02-28,28,1185.01,17146,1450,28
2020-02-12,30,1316.7,49534,382,69
2020-06-02,12,1949.7,3479,1020,55
2020-09-07,26,1921.68,40790,109,24
2020-03-30,14,1497.87,25156,354,69
2020-09-20,8,460.17,25603,337,93
2022-06-23,10,1902.7,15398,349,66
2023-05-26,5,1938.39,33230,620,1
2023-06-21,27,1441.01,8863,64,44
2020-09-27,26,586.61,14363,1008,8
2021-04-14,30,1892.61,14595,1017,57
2019-10-01,3,642.75,34764,1419,54
2020-12-30,18,401.57,35050,434,73
2023-09-23,22,221.07,39248,130,18
2023-09-30,21,1512.63,46803,880,95
2022-04-04,16,1522.01,25765,783,88
2019-05-23,16,967.32,39467,1205,95
2019-12-01,30,1336.64,4232,1684,78
2022-07-10,1,748.27,29346,1407,39
2020-02-23,5,1601.29,49553,767,36
2023-12-29,15,790.45,49401,1676,34
2022-10-14,28,248.36,21752,831,34
2020-07-15,25,1480.91,40875,1873,90
2022-11-22,28,1203.18,48791,1460,58
2020-10-15,2,1828.34,35327,1096,13
2019-11-12,2,1182.1,31637,300,66
2019-12-31,26,1739.34,10036,68,20
2021-12-26,18,804.6,5808,1246,43
2023-05-19,21,530.02,25710,1983,41
2023-01-02,26,1840.33,24354,1640,32
2023-10-09,7,302.61,33953,1787,1
2021-08-03,10,1201.03,27075,1600,2
2021-07-13,18,285.83,10024,1781,19
2019-12-08,21,1314.01,49803,1152,19
2022-11-23,17,1767.6,49885,1033,56
2023-07-14,14,312.53,1114,208,61
2023-05-02,21,994.13,18951,581,71
2021-01-29,30,1832.96,11339,1640,27
2020-07-22,27,660.06,48923,1699,53
2021-06-30,5,1451.39,48461,409,73
2020-03-10,16,1545.38,29357,598,23
2019-02-18,12,1977.55,7996,1949,71
2021-01-31,30,1304.25,2464,249,56
2021-09-15,26,132.94,47969,1154,65
2019-03-07,22,1455.68,5483,260,40
2021-08-29,21,445.15,43141,998,25
2022-02-08,3,1610.49,20496,1960,6
2022-12-13,11,734.33,46610,1873,31
2022-08-20,17,418.41,40864,1584,88
2021-08-06,19,819.5,35225,1649,59
2019-04-30,6,197.96,9411,425,31
2021-06-06,21,1612.17,48009,638,83
2019-11-18,30,424.17,2955,1071,25
2022-12-19,29,211.71,27323,682,75
2022-06-11,9,1220.52,15899,578,91
2020-05-06,10,1989.34,17225,294,46
2023-02-01,4,1575.55,29067,499,75
2023-11-05,22,786.3,33428,1960,9
2022-08-27,1,1043.54,49498,1185,42
2020-12-09,20,1924.81,46177,230,55
2023-07-31,9,1839.95,40771,530,46
2020-02-24,13,381.28,46335,339,23
2023-12-14,6,906.35,13950,817,9
2019-01-13,27,152.27,11632,421,87
2021-06-12,7,1730.44,22406,487,43
2023-02-13,8,142.92,11434,1466,25
2019-01-11,25,1613.83,1711,1044,44
2019-06-30,3,1756.38,38074,392,72
2019-02-07,28,1949.0,7427,416,54
2021-06-06,11,1440.9,21111,1433,29
2019-06-03,2,1820.46,26234,1951,2
2019-12-01,30,723.05,8900,966,65
2019-06-14,5,877.03,32869,1655,20
2020-03-06,28,392.82,28624,1400,40
2019-04-21,10,674.81,11030,871,69
2021-10-11,28,349.57,26288,1008,72
2021-05-13,6,855.6,32186,1392,84
2022-04-21,23,1257.3,20682,1075,28
2019-02-23,16,1256.54,29473,487,34
2021-03-01,22,1294.13,29763,723,79
2022-09-13,21,320.97,38345,1545,57
2021-02-20,13,1446.55,2189,1404,13
2019-10-25,24,1453.99,25210,1789,81
2019-05-30,27,999.73,9909,1384,8
2019-04-01,20,492.5,4828,703,82
2023-02-15,11,1130.01,15274,604,55
2022-06-11,15,1840.56,48118,1851,80
2020-07-09,24,656.51,39859,1601,30
2022-07-12,28,757.49,21591,1743,8
2021-07-09,15,1186.33,47707,1373,6
2021-07-15,26,1704.5,34105,114,23
2022-08-21,27,1580.15,4551,1512,97
2022-04-15,24,1876.62,33993,1005,89
2019-06-29,29,1676.85,20299,858,80
2020-05-24,28,1412.7,7963,1951,57
2019-03-11,22,1792.42,1700,906,47
2019-04-11,12,533.87,44165,1066,47
2023-10-19,19,1325.43,37413,1161,22
2019-01-16,25,1222.16,13157,956,98
2020-03-16,21,1165.03,19505,1902,86
2023-05-30,24,498.83,20618,1861,96
2022-03-04,17,733.33,20557,717,90
2020-02-03,24,1178.6,45684,810,49
2020-02-27,8,524.05,5556,1166,3
2020-09-10,11,1821.68,4196,75,26
2023-01-01,9,1168.87,6355,1040,54
2019-02-07,27,873.12,16347,1365,52
2021-02-12,5,252.58,30296,1047,1
2021-08-29,24,872.98,20017,1592,28
2019-04-10,26,620.09,28884,210,64
2019-08-02,21,1919.94,27685,1866,43
2019-05-08,22,1047.16,33432,312,67
2022-01-09,5,1703.67,23151,1752,82
2021-07-19,25,1405.9,45180,718,46
2023-07-31,25,207.64,29989,1942,37
2019-11-25,18,1274.16,31599,1525,21
2023-11-06,1,1300.13,40861,659,10
2022-12-13,6,1928.32,39776,1530,6
2019-01-08,5,810.42,5109,1800,49
2021-12-13,15,1084.51,46568,116,36
2019-11-25,21,398.65,13298,1692,84
2023-11-12,23,420.73,24084,1906,24
2020-09-06,28,1520.18,29519,653,49
2020-11-04,17,1594.69,24218,508,70
2023-09-18,17,1558.05,45468,1688,47
2020-02-11,12,1513.19,48940,1587,9
2020-05-13,7,1920.1,23144,1825,35
2019-07-06,1,140.39,38053,1955,2
2020-05-19,11,974.08,9331,55,78
2020-05-05,1,1796.13,11924,723,28
2023-12-05,16,1295.13,5648,1702,98
2022-02-10,20,384.42,38544,479,89
2022-07-29,29,1982.16,48675,1429,66
2021-03-20,20,1767.73,18997,174,75
2022-06-19,18,1492.19,13634,956,24
2020-07-04,4,492.09,9655,1814,74
2019-06-28,19,932.52,20786,431,20
2021-10-09,4,839.8,38332,113,20
2021-07-23,13,1388.9,43900,1510,33
2020-01-03,25,388.6,16656,1596,76
2023-05-13,26,590.65,19675,1709,96
2019-12-03,15,1894.12,8870,1781,13
2019-02-17,11,1883.7,29800,1231,93
2022-10-13,11,729.99,37947,1470,46
2023-06-02,9,1495.72,39980,1361,97
2021-10-08,3,573.78,7540,464,21
2023-01-08,27,1316.34,37858,1878,38
2022-06-11,20,1707.56,13637,306,35
2023-01-22,17,897.49,43471,1692,65
2021-05-27,1,1861.7,3040,1827,41
2022-09-06,16,637.3,42624,184,1
2021-10-31,27,835.53,20893,978,11
2021-10-27,19,798.42,49309,174,29
2020-07-12,11,189.64,8219,320,32
2019-02-06,13,845.99,48555,285,62
2020-10-25,24,233.22,28444,1715,81
2020-11-06,10,1837.66,12810,1607,48
2019-03-30,23,1411.1,45389,934,84
2020-04-02,22,629.06,14604,1411,16
2019-06-25,22,872.17,7647,1680,93
2023-09-27,19,331.33,28623,1122,86
2021-07-20,5,1266.95,22747,1055,99
2021-10-17,11,1449.52,19074,673,20
2023-08-05,30,1107.15,3561,467,22
2023-04-24,5,762.56,16343,1983,27
2023-06-03,13,609.63,22162,1447,98
2019-10-11,21,1355.99,16393,1543,4
2019-03-02,10,1722.78,16857,759,28
2022-06-08,21,544.72,35480,1199,28
2019-01-05,7,1158.04,38348,845,57
2023-03-06,29,983.5,31439,1215,25
2019-05-20,13,612.56,28638,958,36
2023-07-11,24,606.75,32542,54,10
2023-09-02,8,907.94,37444,241,30
2023-02-16,14,1637.17,39455,428,78
2023-06-17,30,1476.25,25260,1452,93
2023-07-23,1,996.7,27032,1136,21
2020-12-17,12,1655.89,19442,1984,82
2023-01-11,15,1110.89,16195,378,28
2022-05-27,5,1941.89,38622,1967,12
2022-03-05,11,502.82,31810,366,82
2023-01-11,10,363.08,19627,231,82
2022-04-09,19,1794.28,34410,1466,25
2021-05-28,5,669.23,47406,1097,62
2023-12-08,5,1750.15,3894,670,82
2023-05-22,22,1650.16,35697,974,85
2019-06-02,10,1777.14,29243,1782,88
2020-08-10,16,1245.74,42616,1120,26
2023-12-12,12,270.44,43077,441,86
2020-10-14,29,960.37,1539,1574,19
2020-07-14,9,1716.3,31977,663,77
2022-07-15,8,760.13,10398,931,51
2021-06-01,25,891.19,17439,1024,44
2020-12-23,15,829.04,14740,1084,97
2021-12-08,11,1834.39,16723,1822,78
2019-03-12,26,1088.65,32129,1256,54
2019-06-09,16,615.27,18171,986,7
2022-09-13,30,1218.7,36130,770,88
2023-07-18,13,1698.38,3202,1636,99
2023-05-15,10,1527.32,44738,316,71
2020-02-27,22,518.89,27817,1494,82
2021-01-13,24,1389.5,14444,66,53
2019-11-17,14,1005.41,23028,1777,91
2023-03-27,23,269.57,34522,368,30
2020-11-21,23,1999.74,20503,1335,34
2021-10-16,6,158.65,44093,1191,57
2021-01-15,4,907.87,33207,605,89
2023-08-27,14,363.93,19371,1825,62
2022-11-08,12,531.06,47904,1639,91
2021-09-03,12,706.11,28204,726,92
2020-06-10,19,1020.48,34656,1940,30
2023-05-23,23,1421.87,5118,1998,43
2021-03-15,13,1739.03,29154,1154,78
2019-10-18,20,1211.77,27313,1278,73
2020-10-28,7,1879.95,9807,1705,88
2020-05-04,29,1331.74,30068,646,57
2023-12-12,6,1030.64,27378,1538,14
2023-08-02,4,1302.71,25154,1635,25
2019-03-09,10,1816.03,31752,1923,94
2019-01-24,23,658.22,35869,929,89
2022-04-02,22,1908.82,42681,1949,66
2020-08-01,2,242.6,9898,473,36
2021-12-21,13,419.78,20250,1969,67
2019-02-25,27,383.77,16398,1273,81
2021-04-18,3,1920.16,46751,1742,46
2021-09-30,9,330.46,48755,378,61
2023-04-26,21,843.94,5867,772,92
2023-03-29,15,1223.43,30846,151,18
2020-06-02,19,1270.55,45236,221,27
2019-08-19,3,189.71,1183,78,48
2021-11-08,24,421.55,24173,412,44
2023-09-09,9,1076.96,4956,1774,28
2020-12-20,5,1345.13,27878,707,18
2022-06-30,10,351.84,36828,178,44
2023-08-04,15,1748.14,41143,1878,2
2022-03-10,22,1800.92,41777,784,34
2021-12-06,5,1245.8,38135,232,22
2019-11-03,2,373.16,28590,239,50
2020-06-16,15,379.59,41763,508,9
2021-07-10,10,1673.59,1588,1558,28
2023-05-28,27,941.69,48034,722,50
2023-10-22,5,900.5,47232,1499,83
2023-12-27,4,1121.6,27999,394,54
2020-04-05,21,253.72,5348,65,93
2023-02-17,3,1712.17,22435,1383,40
2023-03-24,2,821.21,23162,1081,1
2022-08-10,21,247.71,45368,1716,90
2022-05-17,15,1464.57,14130,1499,98
2021-08-27,8,1567.72,15112,1751,83
2019-01-30,10,1106.07,25029,1413,34
2020-01-28,18,1238.25,23802,1169,86
2021-08-08,29,907.9,20706,1732,25
2021-07-25,10,1490.06,38762,675,75
2020-05-05,7,550.78,8381,1924,68
2020-06-28,24,1055.99,39694,1945,64
2019-05-16,5,265.02,36438,835,59
2021-06-28,18,804.76,33998,1155,56
2023-11-03,25,1104.88,12740,1145,93
2021-10-04,13,1751.67,20977,1472,96
2022-03-06,21,1348.25,48825,823,4
2023-07-15,10,953.01,14282,1133,9
2020-12-20,10,1091.52,37232,1292,5
2020-10-12,14,1093.78,8960,1577,16
2023-02-03,6,1947.68,47775,386,16
2020-03-29,8,124.25,1175,1730,66
2021-09-25,20,1273.35,47669,1258,2
2019-02-03,2,1514.77,6227,140,32
2022-12-05,23,195.58,12273,1234,13
2023-01-05,17,1554.02,9242,1698,93
2019-01-25,3,998.96,34542,1678,95
2020-09-15,19,969.92,9731,1192,64
2022-08-09,19,408.2,1164,1025,30
2022-12-31,22,1645.57,18666,1909,36
2020-02-15,4,1586.9,40176,915,89
2019-05-23,21,352.11,6438,1582,98
2022-08-30,24,1739.46,41800,383,70
2019-07-06,20,1035.05,20914,1010,33
2019-07-10,22,1174.99,47207,53,55
2020-10-07,7,1735.47,12593,712,11
2020-07-01,4,137.95,13743,794,83
2021-09-22,7,260.28,32273,775,53
2023-02-03,8,1571.42,15484,1611,58
2021-11-24,17,1886.99,39206,1541,68
2022-04-01,3,1096.2,49773,1886,54
2020-06-28,30,105.53,49809,920,18
2021-04-16,2,1775.26,4193,310,20
2021-08-06,22,1882.32,46754,1756,24
2022-08-18,5,1936.52,45322,266,75
2019-08-15,29,847.47,39098,190,64
2023-04-24,25,377.11,30562,813,47
2022-10-24,29,1652.52,34720,1283,77
2019-07-04,18,735.09,8854,1322,79
2021-12-21,16,211.84,31917,1400,33
2019-07-05,8,1608.31,6525,828,94
2023-07-02,23,859.78,41624,439,85
2022-07-17,23,307.35,23322,837,51
2022-05-29,5,253.06,1056,683,13
2020-06-08,19,319.74,29191,1024,63
2019-04-04,14,1343.89,38474,612,20
2019-04-25,1,1217.32,5565,1070,87
2021-02-06,12,1352.81,2687,782,24
2021-09-22,21,103.21,4918,462,84
2022-02-24,13,1184.67,1255,634,48
2021-07-09,2,1883.73,27153,564,16
2022-02-16,27,1849.11,34024,1560,49
2023-10-31,18,1350.81,3071,983,6
2020-11-24,23,459.17,32427,1221,13
2019-10-01,8,755.18,38258,1500,47
2023-08-05,20,974.15,44287,165,25
2022-06-02,30,1510.38,44369,723,9
2022-05-18,15,1460.36,15987,121,66
2020-12-12,18,1255.95,36882,1183,95
2022-10-31,18,307.17,9943,1674,95
2019-11-19,29,363.25,13199,124,4
2022-02-25,5,1138.48,49141,220,32
2022-02-03,6,971.25,33428,1049,5
2020-06-07,5,1832.12,1906,579,2
2023-10-31,16,521.11,42446,722,46
2020-02-19,2,1086.61,15859,564,39
2021-11-25,11,1119.69,48951,1964,18
2022-12-23,24,198.07,20649,413,86
2023-04-11,12,1162.1,24679,1209,32
2019-07-31,6,915.93,26757,949,30
2019-08-01,10,1966.18,27448,658,39
2023-05-11,7,1623.49,43752,899,80
2022-04-19,29,547.76,16532,1837,64
2020-05-19,13,1606.19,32130,957,17
2021-03-16,25,232.01,35962,799,28
2020-11-23,2,916.65,38724,296,66
2019-06-14,19,192.26,33367,1945,63
2021-12-15,24,1139.75,41744,1763,71
2022-09-04,24,556.32,14898,649,48
2022-10-04,16,239.7,28514,247,67
2020-04-24,27,895.0,39415,1680,55
2023-10-06,5,1635.37,33860,1607,59
2021-06-05,11,492.38,24516,767,84
2021-10-03,4,699.16,8441,127,30
2020-10-09,19,841.09,13945,1507,95
2021-01-31,5,1517.07,7716,828,90
2019-09-06,15,1944.42,17277,1778,56
2019-08-31,12,1118.39,31018,908,5
2020-08-28,9,1565.06,27560,1639,61
2021-08-16,9,931.73,8384,1698,99
2019-09-13,15,1520.72,17912,1127,68
2020-07-11,24,1501.03,40154,1276,76
2021-10-30,5,730.32,47280,994,84
2023-09-20,16,934.93,40375,1513,50
2021-07-12,15,845.34,15453,1144,69
2019-05-16,26,1170.5,22656,741,38
2020-03-12,8,1215.38,44506,1669,43
2022-05-29,21,647.04,4905,1373,82
2023-01-26,22,518.42,18104,1855,8
2021-03-02,18,1588.63,1125,658,0
2020-06-13,11,408.99,22194,76,80
2022-09-04,15,1129.78,45103,462,24
2020-10-18,12,663.8,40738,154,8
2022-03-05,20,1131.7,7484,661,70
2023-11-18,10,1442.48,39420,190,6
2019-09-26,23,1345.26,19854,1326,30
2022-03-28,26,482.23,44777,1799,47
2020-01-05,27,895.45,36107,1743,69
2021-09-29,3,887.4,19686,870,82
2022-07-26,19,1574.02,35673,412,56
2021-12-29,5,1836.27,6497,745,28
2022-10-19,7,725.24,27626,303,34
2019-02-18,28,764.47,29977,1071,17
2023-01-03,18,520.15,31346,1013,25
2021-05-04,2,1988.35,33024,900,42
2022-11-08,3,959.56,11681,944,77
2019-08-24,8,961.14,24681,1490,46
2021-12-02,11,301.24,29398,1936,11
2020-03-01,30,1000.69,26022,803,71
2019-07-11,8,137.78,8836,1903,57
2019-12-22,5,402.04,5297,369,79
2023-05-12,18,1766.89,46949,333,49
2022-05-12,4,498.3,2119,1895,78
2019-01-15,21,275.95,7585,52,68
2023-04-16,22,1823.42,1363,1852,87
2022-09-01,29,1010.95,1246,357,79
2021-10-04,23,1390.54,38549,541,0
2020-11-30,2,1176.87,18503,1798,48
2022-12-02,27,1712.44,41852,371,45
2023-04-10,9,135.0,8265,1587,61
2021-11-19,18,1679.83,39564,714,95
2020-03-16,2,1015.22,1208,1136,72
2021-05-27,24,1814.43,43650,182,72
2021-09-29,12,870.69,4654,561,9
2023-12-19,3,560.98,12226,320,64
2022-04-27,26,224.57,42513,1377,6
2022-05-10,21,490.63,23285,217,75
2023-02-24,20,622.4,48156,589,60
2022-05-07,25,859.04,48879,1079,38
2019-10-13,12,187.23,4425,187,9
2019-11-28,1,678.5,9244,881,18
2022-08-16,16,1289.18,41239,1919,6
2021-07-28,15,336.42,8359,208,48
2023-05-08,17,422.19,9224,432,89
2023-08-18,26,1841.37,12143,1400,65
2019-03-08,27,108.33,28139,1213,81
2023-08-03,1,811.38,13653,818,98
2022-11-06,19,140.42,34268,1500,27
2021-07-22,26,896.94,24719,583,82
2020-07-09,5,1031.3,32116,1426,56
2019-11-07,17,172.59,11320,632,16
2019-01-06,1,305.83,20157,1577,62
2023-04-04,28,374.78,11773,828,35
2020-12-14,14,1562.48,9858,460,16
2020-10-04,27,952.61,29087,1195,29
2019-11-10,28,182.19,23355,762,79
2020-08-20,13,664.57,19213,1436,8
2020-06-25,29,1432.25,43010,935,63
2021-05-01,26,1173.56,43330,1614,61
2021-10-07,17,814.65,7760,1322,62
2023-01-17,20,1810.16,47129,742,70
2022-01-12,2,1842.97,35518,119,90
2021-10-08,21,290.37,1580,1025,70
2020-12-14,26,1289.15,6840,1660,8
2023-12-09,30,1303.61,10494,365,50
2019-06-06,9,1510.36,11958,1593,86
2020-02-13,7,589.75,29906,1159,30
2020-11-23,17,448.61,44273,1622,33
2019-04-05,29,808.17,7863,1823,70
2023-07-07,10,1638.8,22962,69,91
2021-11-06,12,1645.95,8228,763,34
2023-06-25,22,460.91,39030,1179,85
2022-07-28,29,1987.37,37516,1979,91
2020-12-06,2,1021.1,30684,160,48
2021-08-03,14,1209.11,41088,1295,48
2022-12-26,27,384.31,14074,328,65
2023-12-02,22,972.18,37948,1150,46
2022-12-19,23,1674.09,26609,1045,37
2020-12-25,25,1134.56,49007,488,50
2020-11-18,20,1234.36,34467,1318,97
2020-07-27,16,1140.57,21961,1853,65
2023-07-28,18,224.31,15997,1733,94
2022-01-19,8,922.31,18302,497,29
2019-05-21,3,691.22,49340,1297,80
2022-12-31,18,1166.3,5360,1296,14
2021-04-16,12,1593.83,15126,210,22
2021-04-09,15,292.49,44800,1681,51
2020-07-26,8,1677.73,20359,796,98
2022-01-31,20,1131.48,36136,1208,5
2022-02-10,20,253.04,34126,1791,61
2023-11-02,14,967.57,25630,1235,20
2023-12-19,17,1675.41,45946,371,90
2019-08-31,19,1820.36,27721,689,20
2019-12-07,18,1011.96,35548,1678,75
2020-08-20,22,1348.13,20343,60,98
2022-12-30,3,1675.41,36798,534,37
2022-03-25,16,1044.0,48773,1851,91
2022-05-23,8,1866.88,29003,1696,50
2020-09-01,19,1643.7,40424,466,61
2019-08-23,2,800.91,33830,633,77
2020-10-31,1,437.14,4349,612,27
2023-10-28,11,1772.23,23455,1956,78
2019-01-10,7,1238.0,29381,329,0
2022-03-23,7,551.23,14764,1906,79
2022-09-30,18,330.38,5797,245,49
2022-02-24,28,910.26,12386,1091,22
2021-12-13,17,1955.49,42857,575,87
2020-05-03,10,1736.82,16346,1027,46
2022-07-15,8,1188.02,17613,1064,32
2021-07-14,24,941.39,41527,707,23
2023-04-23,8,441.16,28348,1999,28
2019-08-13,8,1314.38,41478,1005,5
2022-11-18,4,1482.54,37679,1935,53
2022-07-10,22,1653.01,33066,1241,10
2020-07-28,7,1575.77,16062,979,98
2023-07-26,16,1625.58,36251,55,80
2019-06-09,10,1866.82,38075,319,6
2020-11-15,23,809.57,11260,663,24
2021-04-05,26,149.49,24281,1355,45
2022-01-10,21,1292.15,28808,1740,42
2019-07-26,23,1562.43,31209,1293,67
2021-10-19,3,681.17,30386,696,71
2022-08-30,11,1469.53,41455,926,43
2023-01-30,6,265.33,46393,1381,51
2021-02-12,21,1467.72,9440,1854,78
2021-12-19,18,506.65,16758,1474,13
2019-07-27,29,1418.21,4739,1999,92
2022-07-25,9,1011.84,4802,737,97
2022-04-03,28,827.49,9586,612,19
2023-12-07,30,830.41,19043,1255,9
2023-11-22,28,769.69,10475,1684,44
2022-05-14,12,426.57,24174,1309,16
2022-03-04,11,859.95,15999,1319,95
2021-06-09,29,423.74,13488,943,18
2019-07-02,5,1458.93,36539,1942,99
2022-11-22,22,1501.18,10879,1023,92
2023-06-11,24,837.6,18843,1485,69
2023-03-29,4,658.44,15516,1297,38
2023-10-24,1,953.06,37854,397,73
2019-02-05,19,1874.66,33626,1005,69
2020-01-22,30,1770.83,7226,228,0
2021-05-18,3,201.81,46319,808,63
2020-10-29,23,1084.83,20318,1326,64
2021-12-18,14,1645.49,39402,1766,64
2023-01-08,21,630.78,8731,704,21
2021-05-15,9,1190.33,25926,1415,66
2019-10-18,18,900.22,27140,508,47
2019-07-11,12,361.55,21221,703,26
2021-11-22,7,1603.36,41198,1876,58
2020-09-02,9,213.54,6678,1979,77
2021-07-14,29,1767.35,4204,391,2
2022-08-04,8,1291.39,11952,1162,38
2019-10-17,2,920.66,23848,1650,7
2019-06-07,20,1747.65,3390,887,55
2020-08-30,24,1686.74,20215,815,54
2023-01-05,27,1004.26,14171,483,1
2023-05-21,16,1111.2,2256,412,66
2019-08-29,17,1022.39,35631,1276,55
2023-11-10,18,1333.99,35816,1580,22
2021-06-11,6,1041.91,9108,1406,37
2021-02-16,23,587.05,34966,1883,73
2022-02-01,22,1918.53,36226,967,58
2022-03-15,15,751.53,48077,875,60
2021-03-17,23,1932.71,1180,1423,71
2022-11-11,29,867.47,22132,344,74
2023-12-15,19,442.36,31438,1229,74
2021-03-01,1,345.28,37323,1171,67
2022-10-10,15,890.05,9051,171,90
2021-11-04,1,1042.35,47578,141,18
2021-08-20,3,680.2,4310,1393,82
2023-06-21,20,1410.2,11038,1900,17
2020-06-11,13,1736.81,25240,1518,70
2022-01-19,6,265.28,35880,870,87
2022-12-31,9,1742.34,42919,103,23
2022-05-29,10,1365.38,24265,1331,83
2021-11-11,21,1237.67,30471,1729,24
2021-09-19,19,1764.58,28787,564,60
2022-09-10,17,722.74,3412,1774,14
2023-07-23,9,459.44,46009,1302,80
2023-05-15,14,188.1,20980,1157,42
2022-11-26,18,1902.67,16655,257,42
2021-12-27,12,290.07,27208,851,73
2020-12-20,18,1783.45,10647,1967,32
2023-03-10,1,1717.94,43328,1530,34
2023-06-15,27,376.56,32089,1046,48
2021-08-20,9,240.14,35379,1860,82
2023-06-10,2,1403.66,32893,493,74
2019-02-28,21,1027.4,31956,1272,2
2023-05-26,18,1371.7,1994,617,53
2020-03-27,10,910.3,19936,1193,6
2022-06-06,24,410.28,33428,552,68
2021-03-22,17,144.22,2851,194,9
2022-08-03,25,1279.15,31071,1473,42
2021-01-26,13,444.07,43849,945,10
2020-04-27,22,783.16,8001,705,76
2020-07-24,2,1678.12,17621,1243,73
2023-12-26,16,680.7,9161,1839,72
2019-04-07,16,533.22,45901,365,73
2023-06-17,23,1403.71,22921,1838,70
2021-01-01,6,1131.66,36357,488,52
2019-03-28,22,626.58,26848,1513,60
2021-07-02,30,591.66,3160,497,49
2019-11-25,1,1585.28,38922,422,15
2019-09-03,19,1529.05,11645,108,76
2022-12-25,21,1367.16,7286,1269,72
2021-03-03,21,1498.85,18553,431,28
2021-03-08,8,365.77,40507,201,63
2019-03-13,25,1532.89,37638,1545,63
2023-03-08,6,1952.38,13687,1843,13
2020-02-27,15,328.29,43953,548,69
2023-06-25,17,369.56,42156,1696,35
2020-12-20,17,1285.3,30211,1777,73
2023-09-26,11,1940.9,13224,295,17
2019-02-02,14,1363.94,6941,1551,76
2019-05-25,19,1024.82,38020,1371,67
2020-11-16,7,1057.26,24948,384,84
2020-08-09,8,211.86,40882,1849,48
2022-08-14,28,955.91,45117,321,33
2021-07-03,6,1077.78,44227,1253,53
2020-06-24,24,1023.24,44206,242,74
2020-10-20,2,1686.9,30765,1570,3
2021-08-08,21,1847.81,23585,1280,69
2022-04-25,8,600.21,39011,670,5
2023-01-16,17,1371.43,9936,1008,78
2023-07-09,29,1726.65,12796,1273,20
2020-09-29,13,1062.96,14024,398,73
2021-05-19,24,1505.08,21072,1703,23
2021-04-11,21,324.69,17077,887,52
2023-07-11,7,1587.58,48516,1279,62
2019-11-26,21,1013.87,35592,525,19
2021-06-28,1,1126.54,40736,1832,75
2023-08-06,23,1078.51,27704,1450,51
2022-03-12,3,1709.46,47017,1837,69
2023-09-21,2,1217.08,12786,858,81
2023-03-14,10,1213.49,36099,1685,99
2020-02-29,6,1279.25,11359,1504,62
2021-11-09,2,468.63,12893,260,41
2019-12-14,9,841.39,28181,1897,20
2019-07-14,20,1205.7,45994,636,10
2020-04-22,22,470.19,6624,289,42
2023-03-19,26,1968.96,34166,1233,38
2019-08-02,5,956.63,15833,575,23
2023-07-25,8,130.34,34836,62,68
2020-01-06,8,643.14,38903,1711,95
2022-08-15,24,1980.54,28428,1937,24
2020-04-11,11,398.31,7014,303,28
2019-05-30,2,700.64,2954,535,88
2020-09-30,3,777.03,14853,1190,94
2023-09-29,24,944.67,30528,674,70
2021-02-04,12,726.34,3074,1555,52
2020-08-01,17,1039.62,9830,1923,33
2021-03-16,24,1848.56,37063,443,31
2021-09-21,6,204.69,17690,131,48
2023-03-02,5,167.51,4518,1451,61
2023-09-19,27,1634.02,7989,439,63
2022-03-24,6,1836.68,35192,1512,91
2022-07-05,28,1727.69,38892,495,50
2020-01-27,19,186.38,19086,658,62
2020-04-12,20,755.95,17658,923,99
2021-12-19,6,1752.67,16124,579,67
2019-04-03,22,1844.21,25361,1191,15
2022-05-11,14,486.07,32458,1642,74
2019-10-20,18,151.4,13270,64,26
2019-03-06,18,1640.61,9928,1522,90
2020-04-07,17,1529.95,26903,284,0
2022-06-29,7,1010.31,15127,199,48
2020-03-28,18,1150.4,49890,1461,77
2021-02-13,16,1074.63,21247,1062,58
2019-02-11,17,1781.37,5716,1772,0
2023-06-01,30,1826.36,17094,715,96
2020-02-12,22,425.16,23522,1787,34
2019-03-29,1,298.53,19693,1753,97
2019-11-15,16,687.96,30672,1944,1
2021-01-02,19,1021.28,31154,329,56
2020-08-12,2,1600.97,41333,360,70
2020-08-23,1,835.09,11367,1221,10
2021-12-22,4,1230.27,47011,1925,33
2020-01-11,16,401.09,35213,686,32
2020-10-24,18,906.33,41009,1250,62
2023-08-30,1,1288.51,38862,1496,92
2020-03-19,30,897.13,46552,1264,57
2023-08-08,22,465.91,3244,1228,46
2019-07-15,30,678.36,19728,1042,13
2023-04-01,27,170.29,48744,1968,18
2022-01-04,20,1282.26,15187,1858,21
2022-10-20,28,1716.36,25826,98,62
2020-06-26,27,1851.85,20822,1285,27
2021-02-10,11,466.95,13206,1847,32
2022-05-27,25,1286.4,4344,1875,40
2022-06-13,20,148.11,13233,138,24
2023-01-04,9,1463.37,13488,1088,40
2020-09-01,2,966.81,10558,522,33
2019-04-05,9,1116.58,9407,1403,12
2019-07-30,22,508.92,1524,948,9
2019-10-05,12,1455.91,36357,1568,97
2020-04-07,13,1382.27,49254,996,59
2023-09-10,6,1060.24,49977,123,1
2023-11-06,8,1342.52,33471,790,17
2019-02-03,18,902.81,3615,382,6
2023-10-14,3,1218.15,39907,1590,65
2020-07-24,3,156.01,46279,726,12
2019-11-11,30,728.93,31918,1469,81
2020-07-04,14,1403.07,39326,705,71
2023-08-28,17,1935.57,38166,474,14
2022-04-02,3,1829.04,19871,984,13
2020-03-01,23,1272.91,23338,1958,74
2022-01-06,14,1972.21,27707,556,44
2020-09-20,23,763.43,8330,1609,55
2021-07-31,11,1177.92,23162,589,54
2022-07-23,30,1670.01,28981,810,6
2019-06-17,10,1250.6,19149,181,49
2023-12-15,21,937.18,14159,1172,15
2020-06-02,23,570.06,19612,1908,96
2021-04-03,21,994.75,5246,1322,88
2021-10-24,26,1119.39,13758,248,69
2022-07-28,18,1180.46,16730,1578,49
2019-07-11,15,1389.59,20184,635,3
2021-03-12,7,729.25,14917,583,57
2023-12-25,9,1073.07,23274,1942,65
2022-09-29,10,1409.81,15349,406,35
2019-10-29,18,166.7,24708,1989,16
2019-01-21,23,128.73,31446,623,50
2019-10-28,16,633.98,24745,1817,19
2019-03-11,1,1747.21,33027,1822,86
2023-10-05,27,1149.08,3250,92,32
2021-07-08,30,1502.06,42657,1958,59
2021-03-07,12,736.85,23765,1527,75
2023-10-09,5,1571.94,29926,575,8
2020-06-02,10,1513.05,29473,1247,54
2022-12-10,11,1559.02,19468,382,4
2022-10-27,14,1027.47,20363,1624,20
2021-05-04,18,1442.71,20958,1260,31
2023-02-06,29,654.38,49571,1261,85
2023-04-10,18,1833.18,14588,1913,74
2022-09-27,1,1187.88,33224,867,8
2021-10-13,30,664.29,36572,912,15
2022-12-04,11,1912.5,40054,1761,13
2020-11-29,19,1870.65,36898,1893,36
2020-03-26,21,1194.74,9377,1783,13
2022-03-21,10,1253.9,10972,1982,60
2023-10-04,10,1462.91,47874,171,2
2021-03-15,18,739.86,10924,1243,53
2020-12-08,13,1051.28,13827,1056,81
2020-08-12,2,587.99,1387,433,65
2019-04-26,11,651.75,46710,270,10
2022-07-10,20,1999.53,8202,280,69
2022-03-12,16,469.21,48818,1698,53
2020-07-28,13,794.57,9748,521,47
2020-10-21,7,1427.36,8464,567,82
2022-08-31,12,1592.28,43523,102,7
2020-04-18,19,1077.99,30550,1497,91
2019-11-10,15,922.82,11456,53,46
2020-07-15,20,705.67,13772,1011,88
2019-07-29,15,1676.62,37136,1948,60
2020-05-10,16,572.37,4186,946,46
2019-05-27,1,1828.27,10351,1422,67
2021-03-15,5,1569.41,11236,255,67
2022-02-12,18,1358.52,19966,1299,76
2023-05-19,27,322.19,24078,1788,54
2020-08-15,13,1088.05,36402,1396,4
2022-05-10,23,408.64,11667,989,99
2021-05-24,29,1408.94,12204,1405,33
2023-01-09,11,1213.49,40283,820,53
2022-06-29,20,1610.1,9539,433,79
2022-02-28,22,851.25,14597,511,25
2023-06-25,19,592.63,15200,1242,9
2021-03-06,8,1188.04,14708,1454,94
2019-03-28,3,1513.47,45616,519,23
2023-01-28,11,1137.98,5104,1246,48
2021-04-22,14,1316.88,44084,550,73
2020-09-08,20,327.96,28213,170,63
2022-07-28,16,433.84,5407,1392,88
2022-12-22,29,873.31,11665,288,25
2021-12-01,15,1585.64,11401,1190,5
2023-10-22,9,654.58,19508,1328,15
2021-07-13,11,635.4,47289,1464,84
2023-12-08,4,1740.81,10207,1365,99
2020-11-20,13,778.78,35981,760,88
2019-07-24,13,1592.22,16864,1704,89
2022-02-25,14,244.14,6242,1237,48
2022-01-05,21,1828.54,8775,1003,24
2022-06-04,10,1293.77,16421,1751,74
2023-07-01,11,1250.09,7721,1547,74
2023-09-29,17,1672.23,29380,1218,97
2019-05-11,18,248.35,31365,219,21
2020-02-23,19,1242.69,14973,1719,85
2021-09-17,11,1330.21,39937,1516,12
2021-05-02,30,195.2,10717,182,43
2019-02-20,26,242.14,10835,859,66
2023-04-21,22,820.1,43428,1491,14
2023-04-14,17,991.78,31887,118,55
2023-03-16,3,1814.14,3442,1839,44
2019-07-21,11,1295.06,2008,1036,20
2022-08-27,26,403.21,16013,1084,31
2019-03-13,24,1326.55,34462,1460,31
2021-06-04,1,452.86,33663,960,29
2019-02-27,21,1799.97,29865,909,82
2019-04-11,2,1562.41,21903,1445,92
2020-02-04,25,441.17,45945,391,68
2023-06-06,22,1752.47,21126,1311,53
2023-08-28,5,1705.57,47745,527,44
2019-07-17,14,274.17,30202,298,73
2019-08-14,14,1220.1,49302,1098,26
2021-01-13,11,1654.58,18529,1664,17
2023-01-16,5,530.93,24329,1606,22
2019-07-31,16,398.17,34812,859,35
2021-07-13,18,112.66,19299,296,11
2020-11-06,5,1330.72,41173,616,28
2021-09-16,17,1366.8,44243,1515,82
2019-03-05,14,1509.04,42415,289,34
2019-11-24,24,1613.05,34141,488,13
2023-02-25,14,129.27,38086,614,88
2020-04-28,23,1733.02,8656,1468,91
2019-09-30,21,1198.04,17264,1404,51
2021-06-03,25,1938.73,13254,1016,39
2022-06-20,25,631.28,8971,343,34
2023-06-19,13,817.48,2908,1000,30
2020-08-17,29,1537.81,27578,1183,42
2019-11-03,16,929.3,31737,1153,88
2022-11-24,19,1871.03,37375,513,68
2019-07-12,3,1448.45,17102,1716,47
2019-03-30,17,1959.72,42082,717,73
2021-02-20,3,988.21,26943,1325,27
2023-12-01,18,944.52,18038,1044,11
2022-01-03,12,1982.48,13199,1553,9
2021-05-16,21,208.75,37683,589,74
2019-02-08,6,1089.99,37855,1483,28
2021-08-13,21,1803.77,39996,1943,41
2021-10-19,16,1634.86,24387,859,28
2021-02-24,28,1212.96,33969,1097,95
2021-10-18,8,1537.2,33756,290,69
2023-01-12,4,1983.95,26481,993,69
2022-02-15,16,1649.26,10399,332,72
2020-06-01,9,357.38,12261,1918,36
2023-06-12,14,1727.42,47375,1767,24
2022-11-09,12,1005.23,25358,1091,92
2020-12-28,10,1190.11,37632,937,68
2023-12-09,10,1513.87,3153,1050,91
2021-11-10,10,1129.26,32756,1466,91
2022-11-27,10,1169.55,47885,1630,8
2021-07-21,19,289.05,17186,1177,68
2020-12-25,7,1036.02,7559,931,81
2021-03-21,20,303.3,17687,1576,89
2023-06-04,30,1190.89,36191,1220,29
2022-10-20,29,1500.15,4790,1758,77
2021-01-31,3,1750.05,14170,1408,48
2023-11-20,2,617.69,6137,1657,3
2022-09-20,26,1835.03,33515,1237,19
2020-09-22,18,1833.64,45714,1038,30
2019-09-25,21,929.43,10880,87,18
2021-07-29,26,903.09,1296,747,24
2022-11-07,4,1565.03,4037,889,55
2022-11-20,14,855.55,48163,1646,72
2022-12-16,16,1595.1,36929,213,45
2020-07-27,18,1475.16,42522,808,11
2019-09-01,19,1930.04,11399,1102,29
2020-11-23,12,1714.22,23371,329,30
2022-07-24,24,683.24,26332,231,25
2019-03-27,30,219.35,36455,137,22
2019-03-08,8,132.18,1107,1429,19
2022-10-23,29,1260.35,7639,1101,3
2023-03-08,20,1505.5,37780,978,73
2020-04-27,22,1208.03,6581,996,28
2023-03-28,10,1464.66,48944,1423,57
2023-08-29,7,188.3,1674,567,52
2020-08-17,17,1227.99,43511,220,69
2020-10-31,8,1985.07,39474,1849,89
2023-12-29,16,182.26,14109,1309,19
2021-07-11,6,640.6,38717,81,38
2021-07-13,23,594.06,39960,65,42
2021-09-26,10,330.56,4524,265,63
2022-12-20,30,1701.69,14995,237,77
2021-06-05,13,128.43,46342,1773,63
2022-07-28,8,1047.69,45938,1226,17
2023-01-06,12,322.72,22032,194,17
2022-09-01,9,1411.88,46344,1375,16
2021-07-22,7,1320.88,8737,1338,26
2020-01-16,9,1739.5,49992,397,9
2022-08-06,3,1146.75,18472,617,96
2019-12-18,19,440.41,33774,333,43
2023-01-31,2,909.38,2091,1067,56
2019-07-24,15,1849.21,15813,1508,19
2023-12-11,20,992.11,6226,1305,83
2020-05-06,20,436.05,43005,968,4
2019-08-13,18,1359.4,35816,835,57
2019-09-27,12,1232.65,11627,660,13
2020-10-02,21,891.9,20958,1879,83
2020-01-02,15,360.01,41289,750,98
2020-08-29,14,942.17,42998,1945,47
2023-11-10,6,1557.0,44658,769,11
2019-07-04,7,125.75,29987,1706,1
2019-04-06,19,339.51,13054,157,50
2021-12-18,21,1551.28,41643,1442,34
2019-07-12,11,243.01,22035,577,31
2023-09-12,6,524.84,43072,803,30
2023-05-27,7,1070.65,22821,715,52
2019-11-22,16,1044.76,39712,1442,79
2023-05-24,3,1770.62,48970,159,79
2022-12-14,5,782.7,13165,1838,3
2021-06-03,20,1637.06,31519,1414,95
2020-12-19,17,920.79,21419,1234,45
2023-08-25,27,848.93,10317,1980,15
2022-09-09,21,1060.95,5176,1869,10
2023-08-24,28,302.02,41132,574,2
2019-03-10,22,924.34,9215,1399,22
2022-10-03,1,1153.62,36562,1212,47
2019-05-06,3,1073.65,41284,157,7
2020-10-21,26,950.06,13223,602,74
2021-02-07,18,1600.26,43700,259,21
2022-05-07,13,130.58,3715,964,43
2019-06-24,25,178.28,49364,779,69
2021-07-12,29,272.75,9969,1329,48
2022-03-30,22,952.42,41476,433,3
2023-12-26,6,1384.15,35156,1918,42
2020-08-14,2,1267.28,16801,1321,11
2023-05-10,26,1572.06,15415,1565,17
2022-06-30,2,231.67,31478,914,4
2023-01-14,11,1006.28,6329,1281,55
2023-04-02,25,749.6,28651,1908,69
2021-04-29,18,1677.28,22016,1717,66
2019-12-04,22,176.47,42362,845,12
2019-08-21,28,511.42,24578,1870,94
2020-03-27,26,1999.57,6664,1931,47
2020-04-28,13,1823.74,40076,716,94
2020-01-03,3,1150.96,42824,182,87
2021-05-28,10,562.06,17225,890,70
2019-01-18,21,1123.26,25422,1732,82
2020-02-12,14,1920.37,22344,1854,25
2023-02-23,20,370.62,46903,366,27
2023-05-06,18,1890.28,9608,849,7
2021-12-08,8,393.55,25429,653,6
2019-03-12,30,846.21,44962,189,32
2022-04-28,11,425.69,25938,898,0
2020-04-28,13,1163.92,3623,997,98
2021-07-20,26,264.87,29188,203,69
2023-08-30,29,1513.21,29023,1591,93
2022-07-25,30,1300.47,7768,1108,66
2023-02-19,24,1095.07,35622,136,55
2023-11-30,25,1881.48,41510,1036,65
2023-09-23,22,683.89,30015,240,31
2020-05-09,30,172.88,5317,1980,18
2022-04-29,13,420.45,37561,883,19
2023-11-09,20,1659.11,29403,834,83
2023-08-25,7,1681.37,34115,1434,97
2022-01-22,25,1708.17,36195,1421,31
2019-06-08,18,1208.42,4556,277,73
2020-07-14,6,1129.59,46542,1154,70
2019-02-12,23,306.82,30751,531,43
2020-12-30,10,649.63,35889,1779,39
2019-03-02,8,1313.35,5552,503,19
2023-03-17,26,1838.14,34301,1602,71
2023-09-15,19,354.24,4497,1758,4
2021-06-13,9,887.21,40460,969,85
2020-07-10,10,1650.56,41611,973,94
2022-12-07,20,1539.77,33067,635,35
2023-08-19,6,1788.86,49196,271,92
2019-12-31,29,152.38,17399,1085,18
2023-08-04,7,145.07,14904,1048,21
2019-06-21,6,363.06,5866,1474,48
2019-08-30,3,1702.16,6460,146,75
2023-08-17,21,1623.6,36650,1142,30
2022-06-13,12,946.09,8362,506,26
2020-07-10,6,131.09,2490,1796,85
2023-08-05,29,1224.27,37654,1985,24
2019-12-14,2,1118.84,15308,1723,86
2021-09-18,5,438.45,20801,119,79
2020-01-28,24,1815.5,25855,624,87
2021-01-17,10,688.97,32774,1349,10
2020-12-23,14,1303.67,46440,1855,70
2019-04-20,20,819.45,22813,1830,59
2021-03-12,30,611.07,24474,1494,49
2021-10-06,1,1173.57,36574,498,41
2021-04-06,21,321.95,23438,166,16
2023-10-03,6,1182.01,42650,1772,59
2019-06-29,1,182.92,43676,1416,63
2021-10-29,2,234.91,5543,1146,89
2019-06-05,7,1824.67,31310,386,86
2019-06-07,30,1774.66,45070,426,46
2020-07-11,4,1206.66,38705,130,56
2020-02-06,23,1303.28,11488,672,28
2023-03-08,2,423.29,2915,610,19
2020-04-01,13,1270.86,19312,1394,0
2020-08-24,15,290.79,34867,331,2
2023-03-10,20,1266.67,49950,682,33
2023-08-29,17,1707.41,3432,1006,6
2021-10-28,29,141.82,37915,1522,81
2023-05-04,27,1033.61,12254,216,54
2019-09-28,12,1049.09,41211,1095,2
2023-04-24,22,1532.21,27809,118,7
2020-05-26,12,890.42,38898,344,1
2022-07-13,17,1981.31,19877,1293,19
2023-10-26,22,419.29,25255,837,66
2023-06-29,7,777.58,22953,100,38
2023-04-17,29,1265.72,22078,1285,66
2021-06-07,7,1031.03,12629,1084,70
2021-08-06,7,1602.03,4139,386,43
2023-07-26,4,1535.16,44873,1458,50
2022-10-18,19,1942.96,35255,1519,0
2021-09-08,21,674.57,31634,1008,65
2019-09-05,7,342.59,41776,1949,23
2021-06-21,1,560.53,5241,1531,3
2023-11-20,29,350.28,26475,796,19
2021-01-04,2,304.38,20282,514,82
2019-12-22,30,1258.75,2875,1083,99
2020-08-29,1,1674.43,24150,1174,54
2019-11-11,3,1203.37,6411,1628,60
2022-09-06,16,501.0,10070,57,29
2022-10-22,1,1169.89,7283,1641,45
2023-12-19,7,1684.84,5309,712,47
2022-02-01,28,605.15,11253,733,44
2019-07-24,20,437.98,45972,89,57
2019-12-01,22,471.64,29230,954,21
2021-12-25,4,665.29,43215,872,56
2021-07-14,2,634.75,14751,664,48
2021-01-01,13,991.8,7045,202,83
2019-10-11,28,1730.64,7719,575,48
2020-04-27,9,1654.69,12383,557,46
2019-06-09,15,1635.28,32199,906,30
2022-02-25,7,1791.84,5228,747,74
2021-05-07,30,1494.93,28300,1650,70
2023-12-25,29,227.12,41339,573,63
2019-04-20,11,1645.37,48649,1159,25
2023-07-22,24,1195.42,9792,244,84
2021-01-23,3,940.08,45210,1149,27
2022-07-05,20,1786.75,33639,377,67
2022-06-22,15,512.88,21790,620,77
2021-01-06,9,608.02,25740,288,70
2022-09-17,3,744.54,45969,592,60
2023-03-06,7,1710.45,29919,1372,97
2020-04-25,13,1045.77,29632,1127,65
2022-04-04,24,301.07,10623,1528,0
2020-09-24,25,1998.85,19312,1730,32
2019-06-16,7,206.87,19273,1944,68
2022-05-13,26,439.13,32393,1338,74
2021-01-12,1,598.0,8161,463,38
2020-08-18,26,282.03,13085,428,50
2019-03-29,12,1345.64,26624,1824,88
2019-10-02,27,665.41,38316,1149,11
2019-10-17,24,1423.96,23411,1659,80
2022-10-18,23,1662.7,7421,1582,16
2022-03-20,28,249.24,22923,1318,94
2020-12-21,11,1412.16,13710,1573,85
2022-05-17,28,1555.55,35912,1585,24
2023-05-28,4,1365.5,6451,1108,61
2019-05-21,10,591.02,3849,112,39
2023-09-28,18,1029.94,34954,822,56
2019-09-19,19,366.31,42912,1431,71
2022-11-29,7,1070.32,2222,320,97
2019-06-21,5,1595.69,27722,275,74
2020-06-25,2,889.92,13821,1413,47
2022-11-24,29,734.75,37810,349,70
2019-09-15,7,1709.95,15948,1933,26
2020-06-02,19,535.29,35250,1974,81
2023-08-11,18,1551.09,7565,1818,92
2022-02-25,30,528.7,23165,1438,42
2020-07-18,11,861.68,40860,242,53
2022-05-07,18,1373.44,17365,1671,43
2023-04-14,25,1216.99,32960,612,41
2021-01-18,23,1299.64,22468,415,91
2021-08-10,29,1301.51,32179,1471,17
2023-12-30,11,1875.58,6021,663,93
2022-08-04,2,1262.37,24391,846,38
2020-05-06,2,921.71,10970,1463,47
2020-07-09,12,1046.92,17840,1007,27
2021-07-09,25,1422.16,8564,804,85
2022-01-04,18,225.77,20909,423,19
2023-03-11,9,1845.71,31316,269,4
2020-10-29,15,762.56,21094,206,91
2022-05-27,13,1985.96,44387,62,8
2020-10-16,12,1256.39,15810,393,34
2023-12-25,13,790.51,45895,1068,52
2022-03-11,6,491.67,6569,1639,47
2021-12-22,15,907.41,24532,960,35
2020-08-12,9,1858.65,19957,1517,54
2020-12-15,4,1026.87,31946,1630,60
2021-02-01,17,1425.7,20133,947,42
2019-11-01,8,1741.53,48519,356,76
2023-02-09,20,1311.51,42008,1452,91
2020-08-16,12,991.32,30966,1082,18
2021-12-04,24,1508.16,41684,338,31
2020-07-24,22,1007.47,9848,356,58
2019-03-22,21,1958.44,28625,1104,51
2020-12-25,26,603.25,49509,1051,41
2020-08-31,18,1749.81,9738,316,24
2022-01-26,3,1680.53,32533,804,29
2019-01-10,10,1653.88,3067,879,52
2019-10-06,10,1592.27,9092,1006,81
2021-11-10,11,1662.26,41171,1534,31
2022-08-20,26,1399.05,42373,343,45
2023-11-10,4,279.93,2216,677,93
2022-07-25,16,1797.08,21777,572,13
2021-05-21,30,1110.71,20718,1717,77
2022-06-15,26,821.6,13756,1868,74
2020-04-29,7,533.97,34785,1767,69
2023-12-01,25,457.78,19940,121,12
2022-12-21,30,1499.37,4118,1009,81
2019-09-26,6,315.18,2230,1958,69
2022-10-17,30,1603.44,20937,301,95
2022-07-27,1,436.1,9281,646,97
2019-07-16,9,688.04,47401,1887,89
2020-03-21,15,1876.16,6038,969,64
2021-12-20,2,987.41,19229,1629,59
2021-10-31,4,1968.94,21511,1368,11
2022-09-02,15,1030.9,7815,890,50
2023-03-07,27,1225.21,27281,899,47
2022-01-31,8,179.67,40102,1186,90
2023-06-19,30,129.08,37623,262,92
2019-12-11,26,462.31,12123,996,95
2019-10-14,7,640.22,47906,854,8
2022-07-13,25,163.56,46102,127,96
2020-05-11,7,130.22,3650,1054,72
2022-01-05,18,377.59,7253,255,2
2020-04-21,29,791.01,31261,1973,43
2021-03-19,15,1836.98,44006,1901,22
2021-12-04,3,943.76,34918,1967,50
2020-11-02,24,1356.99,13486,354,83
2021-09-26,4,813.11,34226,1628,3
2022-02-19,19,1087.46,40354,768,81
2021-06-07,17,532.01,27431,1570,62
2019-09-21,23,1479.75,44260,267,23
2022-06-21,19,1049.32,26358,1572,11
2021-12-01,22,1002.44,1220,1629,77
2019-11-02,21,383.97,48622,1672,95
2022-03-12,9,284.29,42539,421,13
2020-07-22,3,1072.7,42193,203,58
2019-09-23,20,270.22,27679,870,18
2020-04-13,19,1672.46,17681,1209,53
2023-02-06,14,1187.66,26221,751,10
2019-01-19,26,743.57,40755,1933,63
2023-09-20,11,1939.83,7788,1131,59
2021-03-11,5,1096.8,5293,1339,41
2019-03-12,18,1749.43,1131,807,73
2022-01-24,19,1359.24,11118,1276,93
2019-09-22,16,1021.7,17655,1917,15
2023-03-26,21,1669.3,34181,533,91
2020-01-19,9,1188.32,32188,1600,52
2021-12-11,5,1523.37,16624,107,37
2019-01-20,4,1261.96,16100,1509,77
2021-08-26,8,659.39,19627,155,41
2020-01-02,29,1024.71,41439,1621,16
2019-07-30,27,1803.16,40194,827,54
2020-02-06,7,1070.4,23926,189,60
2023-10-30,10,710.71,38283,1306,5
2020-12-02,11,222.26,18617,110,68
2021-07-03,25,1843.97,3712,960,65
2023-12-14,26,194.0,17150,1380,47
2020-03-02,7,152.94,33702,732,70
2023-08-23,19,1932.72,3784,1648,45
2022-07-18,29,326.51,18862,1741,73
2020-03-06,29,1783.47,41576,310,5
2022-08-31,23,322.57,29986,488,88
2023-06-07,11,1066.27,45496,1360,67
2022-10-29,18,950.16,19946,1536,33
2023-09-05,14,461.98,30088,1798,78
2022-01-23,13,521.33,48003,1473,71
2022-01-18,6,1154.78,12666,342,11
2019-03-27,18,1524.72,1585,1448,80
2022-07-19,19,1312.25,28163,763,26
2020-01-24,27,1653.92,6275,1132,5
2021-09-05,10,1500.54,49635,1516,54
2019-02-13,10,1855.8,24054,766,34
2020-05-11,22,1707.35,9576,1796,98
2020-11-16,25,574.76,39451,1203,63
2019-10-06,26,1994.32,4562,1357,59
2019-08-12,25,406.22,39250,748,70
2022-09-16,16,1631.3,33680,1116,3
2019-03-17,8,712.0,22406,823,72
2021-02-21,19,190.65,48209,1724,35
2019-09-21,16,568.71,8820,320,48
2019-04-23,27,202.7,19437,1750,40
2020-02-17,23,205.54,15136,1443,65
2022-04-18,15,1526.62,45956,169,95
2020-10-31,18,269.54,34840,1699,31
2020-04-15,15,989.32,17704,210,88
