Order_ID,Date,ShippingMethod_ID,Warehouse_ID,Delivery_Days,Shipping_Cost,Late_Flag
83514,2019-10-04,1,9,3,37.65,1
24102,2021-10-14,1,9,11,41.07,0
7037,2019-02-09,1,7,3,10.84,0
85558,2022-06-09,3,3,13,14.45,1
94525,2022-10-04,2,4,4,17.74,1
54839,2020-03-08,2,3,12,29.38,0
13618,2023-08-21,1,1,6,32.27,0
75389,2021-08-13,3,8,8,41.78,0
44941,2019-11-13,1,2,7,9.27,0
51378,2019-12-15,3,2,1,19.76,0
30716,2019-07-10,3,4,3,9.74,0
62342,2022-02-11,1,8,12,31.77,0
81950,2021-03-02,3,3,1,31.39,0
57252,2019-04-07,3,8,2,40.43,0
55983,2021-08-22,1,6,13,27.81,0
89724,2021-02-24,1,8,1,4.24,0
86761,2023-07-15,3,1,4,48.51,0
81642,2021-01-04,1,3,10,48.93,1
4622,2022-03-21,3,10,13,26.46,0
16496,2020-07-03,2,8,8,17.18,0
59266,2019-11-17,3,1,1,45.88,0
38552,2020-04-22,2,9,8,25.81,0
65707,2019-07-29,2,5,13,17.62,0
56229,2020-03-11,2,5,5,20.11,0
26360,2022-06-27,1,3,8,32.37,0
73811,2023-12-30,1,5,4,10.86,0
16352,2019-05-03,1,3,13,32.08,0
59895,2023-09-07,2,6,6,12.4,1
6941,2021-10-10,3,5,7,39.13,0
43360,2019-11-04,1,4,13,41.21,0
14286,2023-02-01,1,9,2,23.47,1
40887,2019-05-01,3,7,2,6.6,0
6215,2019-06-02,1,6,6,13.13,0
45622,2019-11-14,3,9,11,31.49,0
19546,2019-09-26,1,10,10,26.92,0
33563,2020-02-15,2,10,12,44.36,0
6227,2020-06-26,2,7,9,47.35,0
3612,2019-09-24,2,4,4,32.35,1
96785,2023-01-26,2,8,6,28.21,1
49132,2020-06-05,1,9,2,16.99,0
34532,2023-01-15,2,6,12,12.81,0
70795,2019-09-11,1,4,10,3.56,0
70728,2020-06-09,3,3,12,45.85,0
92910,2019-01-25,1,10,10,31.85,0
57643,2022-12-13,1,4,12,26.35,0
26071,2021-09-20,2,9,2,18.26,0
32590,2020-11-27,2,2,4,8.46,1
33511,2023-11-12,2,2,4,45.73,0
79536,2021-07-31,1,4,10,23.4,0
35874,2020-11-01,1,8,10,33.02,0
18204,2022-07-20,1,9,11,17.88,0
85880,2021-07-18,2,10,7,7.84,0
32580,2019-03-20,3,3,12,43.06,1
87449,2021-10-28,1,6,8,41.28,1
84248,2020-10-22,2,10,6,42.33,0
77612,2019-06-04,2,3,1,39.86,0
61909,2021-09-25,3,2,12,25.84,0
85508,2022-06-21,2,4,6,33.66,0
55905,2019-01-16,2,9,12,5.2,0
28109,2023-04-20,3,1,3,20.87,0
71055,2020-11-25,1,2,2,39.46,0
98188,2022-08-10,3,9,4,12.91,0
40992,2023-07-11,1,7,6,16.61,1
36354,2021-02-11,2,9,5,42.2,0
12151,2020-02-04,3,10,11,11.92,0
8148,2020-08-08,3,2,11,40.49,0
53634,2020-10-27,1,7,8,42.04,0
74419,2022-05-28,1,5,4,19.86,0
25658,2022-01-10,2,5,5,31.3,0
77210,2020-12-07,2,4,2,7.08,0
33714,2021-03-25,1,7,5,23.12,1
19929,2023-05-23,3,3,11,39.14,1
86515,2023-04-20,3,1,8,38.89,0
1728,2019-10-29,3,2,5,41.48,0
83873,2021-05-28,2,4,7,31.35,0
89761,2021-03-07,3,5,3,23.03,1
82026,2022-06-05,1,4,13,48.78,0
73824,2023-01-29,1,1,9,37.71,1
62073,2019-02-23,2,5,5,37.31,0
53986,2020-09-23,3,9,6,42.0,0
52455,2021-05-22,2,4,12,42.81,0
90686,2019-03-06,3,3,12,25.66,0
70244,2021-09-23,2,5,8,35.6,0
96846,2021-11-23,2,6,12,22.8,0
30227,2022-02-25,1,5,13,32.45,0
52270,2020-11-04,1,5,6,30.77,0
88967,2020-12-20,2,5,8,32.43,0
20035,2019-01-13,1,6,13,8.42,0
55380,2020-10-22,3,8,9,33.13,0
76009,2021-02-16,3,7,9,39.34,1
6807,2022-04-10,2,1,1,41.52,0
46201,2021-02-06,3,3,2,33.19,1
12945,2022-02-04,1,8,1,37.41,0
34322,2021-01-14,2,4,11,35.57,0
19331,2023-06-03,2,3,7,48.75,0
85593,2023-06-22,3,6,7,38.42,0
33054,2019-12-01,1,10,12,48.65,0
85625,2023-05-08,2,1,8,32.39,0
32892,2019-11-28,2,4,2,10.05,0
28878,2021-02-04,2,6,2,21.19,0
8163,2019-03-09,1,8,7,11.91,0
60342,2022-10-18,2,6,1,47.63,1
14362,2019-05-05,2,8,3,20.19,0
13661,2021-07-19,3,2,11,4.99,0
89976,2019-12-12,2,5,2,44.52,0
63860,2019-08-16,2,10,2,3.2,0
88061,2020-02-04,3,3,8,20.85,0
87232,2019-11-01,2,10,12,41.04,1
58985,2021-05-25,2,6,9,8.84,0
94070,2021-12-28,3,9,12,20.54,0
69458,2021-07-08,2,8,11,20.36,0
61950,2021-05-04,1,6,11,23.96,0
77558,2020-03-21,2,6,11,23.44,0
77331,2019-03-05,2,3,7,22.9,0
26677,2019-01-07,3,8,4,32.2,0
61939,2019-03-07,3,3,11,8.22,1
60706,2020-10-20,1,2,5,32.48,1
69449,2022-12-19,1,2,13,7.04,0
36015,2019-11-07,2,1,11,46.61,0
76386,2020-04-21,2,10,6,49.15,0
49101,2022-02-13,3,8,4,16.28,0
61157,2020-07-11,3,10,1,27.5,0
55908,2021-02-20,1,7,11,18.25,0
60310,2019-09-29,3,6,6,31.19,0
85257,2022-12-15,3,3,4,10.6,0
42744,2022-04-25,2,8,12,19.96,0
97988,2019-05-22,1,9,2,46.56,0
6359,2020-11-07,2,5,5,21.6,0
37011,2022-09-22,2,2,4,45.3,1
94807,2020-10-21,2,4,12,12.77,0
66705,2019-11-22,3,2,8,2.05,0
7018,2021-04-11,1,2,2,28.14,0
32252,2019-02-18,1,10,13,36.4,0
8970,2021-05-07,2,10,2,3.03,0
44007,2021-02-04,3,8,10,24.82,1
56059,2021-07-23,1,2,10,2.29,0
53613,2019-02-08,3,9,4,41.26,0
57602,2023-07-11,2,3,12,6.81,0
26147,2019-10-10,2,2,6,8.4,0
83414,2022-09-23,3,10,3,8.84,0
32163,2021-06-16,3,2,8,39.1,0
19250,2023-07-31,3,9,2,29.9,0
89212,2023-11-18,2,2,10,16.69,0
65205,2023-03-16,3,4,5,23.76,0
91895,2020-01-01,2,8,13,26.26,0
72636,2020-10-21,3,3,9,4.49,1
49647,2019-03-24,3,7,9,31.45,0
92066,2021-07-22,3,5,7,33.49,0
76227,2021-05-08,1,4,13,21.38,0
89548,2023-11-27,2,3,8,32.38,0
27554,2021-05-04,2,2,7,24.2,0
9907,2020-08-14,1,2,12,7.69,0
96736,2020-09-20,3,6,8,38.98,0
16360,2022-01-25,1,10,12,24.96,0
93121,2019-03-10,3,2,3,20.5,0
50713,2021-10-05,2,5,9,6.5,0
21650,2022-04-04,3,2,8,18.92,0
79240,2021-04-30,1,6,12,42.05,0
65869,2019-05-05,1,5,2,2.18,0
79017,2022-06-13,2,3,5,34.03,0
6527,2022-03-12,2,7,9,7.46,0
94098,2022-03-21,2,2,13,49.19,0
33201,2023-04-12,1,3,12,14.37,0
31444,2022-06-05,1,4,10,45.57,0
2609,2020-01-04,1,8,2,12.0,0
1519,2020-10-04,2,7,3,21.98,1
93837,2022-09-07,1,9,6,25.57,0
84130,2021-02-15,3,5,2,49.76,1
17635,2019-05-06,1,4,1,47.84,0
57395,2021-11-03,2,4,8,41.02,0
17035,2023-04-04,2,5,8,25.4,0
82384,2022-09-02,2,5,5,42.08,0
56774,2019-06-14,1,4,9,18.34,0
12563,2019-10-02,2,5,11,24.76,1
31168,2021-01-28,2,3,3,6.58,0
44673,2022-01-05,1,1,11,45.48,0
17095,2019-05-01,1,10,8,31.67,0
60034,2022-04-30,3,6,6,25.79,0
68065,2021-12-07,2,5,12,6.63,0
51587,2023-12-20,1,3,10,34.63,1
96798,2023-01-29,3,10,10,4.71,1
71578,2020-05-27,1,2,10,5.17,0
13024,2021-12-25,1,8,8,30.93,0
76375,2023-09-09,2,4,9,45.52,1
15170,2020-04-22,1,7,4,49.91,0
84107,2023-10-01,2,7,3,2.53,0
66976,2019-09-26,1,4,3,28.07,0
3479,2020-02-10,2,2,2,24.14,1
40500,2022-08-11,3,8,6,3.95,0
83311,2020-01-22,2,8,9,5.06,0
56278,2021-08-06,3,3,13,11.92,0
36024,2023-03-17,2,10,6,12.2,0
62395,2023-09-08,3,3,13,31.69,0
65017,2022-12-23,1,7,13,23.69,1
45646,2023-07-19,1,2,5,33.47,0
96355,2023-12-26,2,2,5,4.74,0
28556,2021-11-09,3,9,5,24.14,1
75446,2022-08-19,3,1,13,24.19,0
74198,2020-08-27,3,4,2,46.99,0
52028,2021-02-06,3,10,8,41.99,0
75717,2022-12-06,1,2,6,31.13,0
13826,2019-02-19,2,5,3,9.53,0
53171,2019-03-31,3,4,3,29.6,0
30313,2020-06-23,1,5,12,47.82,0
35569,2019-02-09,1,6,3,4.4,0
67318,2019-04-30,1,8,8,24.11,0
45035,2022-11-24,1,10,5,30.8,0
50485,2023-07-07,3,3,9,31.89,1
47604,2022-07-16,1,1,13,22.53,0
86068,2022-12-20,2,1,13,27.89,0
99762,2023-10-02,1,8,10,5.46,0
20173,2022-09-03,3,8,4,5.44,0
79896,2022-05-15,2,9,11,45.46,0
97480,2022-04-15,1,10,9,41.43,0
24938,2023-01-30,2,6,1,4.95,0
10074,2023-10-21,2,8,4,35.14,0
58028,2023-03-02,2,4,4,48.4,0
69435,2020-05-15,1,7,11,21.14,0
96042,2021-02-12,2,1,8,23.23,0
70145,2020-11-15,3,7,8,42.27,0
33634,2020-08-10,2,5,11,26.93,0
77176,2020-11-21,1,2,4,43.48,0
7467,2020-06-03,2,2,6,9.94,0
13051,2023-05-20,2,7,5,26.21,0
54455,2022-11-13,2,5,10,43.37,0
53468,2019-05-11,1,7,7,37.21,0
72004,2021-04-06,3,9,10,6.6,0
62631,2019-06-04,1,6,5,16.43,1
34079,2021-08-21,3,6,7,5.08,0
27125,2023-05-14,3,9,10,48.99,0
80810,2021-03-12,3,6,9,39.51,0
35928,2022-11-21,2,6,8,17.14,0
19632,2019-03-21,2,9,3,30.0,0
12956,2019-06-02,2,10,11,30.87,0
91806,2019-10-08,1,5,3,35.94,0
95523,2020-09-05,2,3,11,34.2,1
69415,2023-11-18,1,8,7,40.06,0
25448,2023-01-04,3,4,10,39.09,0
30048,2019-10-31,3,3,7,47.13,0
74598,2023-08-27,1,1,1,16.29,0
44653,2022-11-22,2,6,1,39.0,0
66111,2021-04-03,1,2,7,17.62,0
79862,2020-12-15,1,9,9,17.33,0
84588,2023-09-05,1,1,2,27.92,0
90141,2019-06-14,3,10,11,26.68,1
87148,2023-01-21,3,8,7,49.64,0
69717,2021-07-10,1,3,2,48.69,0
23666,2021-12-08,2,3,6,17.51,0
102,2023-06-17,3,2,3,19.18,0
65542,2019-06-13,3,9,1,36.86,0
94072,2022-02-10,2,3,12,4.24,0
63781,2022-12-07,3,6,6,20.83,0
43020,2019-01-31,3,9,2,11.26,0
18718,2019-12-01,1,5,9,13.38,1
72167,2021-11-07,1,10,1,19.77,0
21296,2019-11-16,2,6,1,38.25,0
80883,2019-07-08,2,5,3,24.66,0
37323,2021-10-10,1,6,10,35.52,0
9304,2022-11-10,3,1,5,47.09,1
74893,2020-01-28,3,1,2,34.41,0
78549,2020-03-03,3,4,11,26.91,0
49362,2022-11-16,2,5,5,7.86,0
31274,2023-10-14,3,10,12,47.42,0
42961,2021-12-10,1,8,13,36.64,1
15730,2019-06-22,3,9,9,10.53,0
64658,2021-03-18,2,4,12,30.3,0
54273,2020-12-21,2,4,11,7.31,0
4332,2019-01-22,3,2,1,41.0,0
14983,2021-09-01,1,5,3,6.5,0
78665,2023-04-20,3,1,10,40.75,0
28750,2019-06-23,3,10,10,20.13,1
2199,2021-09-21,1,3,11,30.06,1
17021,2023-09-20,2,7,10,47.31,0
80391,2021-03-11,1,3,6,39.05,0
5881,2019-01-01,1,9,2,20.52,0
39007,2019-04-20,2,1,9,23.42,0
97873,2021-02-11,3,7,10,31.57,0
98528,2019-09-08,2,6,6,17.93,1
72403,2020-10-14,1,5,9,46.22,0
27417,2019-09-05,3,6,8,22.13,0
34646,2022-08-25,3,8,3,7.89,0
67857,2023-05-20,3,7,10,47.53,0
53034,2022-05-11,2,4,12,14.8,0
20796,2020-10-23,1,6,5,44.58,0
50878,2020-06-22,3,1,1,45.49,0
91818,2021-03-12,1,2,5,20.31,0
36937,2021-03-28,1,10,2,23.45,0
27752,2022-07-30,1,4,12,41.82,0
39681,2020-11-30,3,10,7,25.56,0
31751,2021-04-01,1,9,8,28.08,0
78841,2019-03-17,3,10,2,36.14,0
29593,2019-09-11,3,6,8,25.38,0
52386,2021-10-18,2,4,5,22.9,0
81504,2022-11-18,2,7,8,48.4,0
89239,2023-02-09,2,10,5,23.27,0
15125,2020-11-11,2,9,13,21.19,0
29333,2021-03-06,3,9,7,10.84,0
84246,2021-01-26,3,10,5,47.79,0
74469,2023-02-17,1,2,11,41.74,0
25537,2019-09-14,1,3,4,39.67,1
41045,2019-11-05,1,10,9,42.86,1
43355,2022-04-26,2,8,1,3.68,0
46894,2020-01-12,3,2,5,23.17,0
71651,2019-10-04,2,3,10,40.8,0
67356,2023-05-25,3,3,3,14.58,0
51370,2019-02-05,1,7,11,40.12,0
37431,2021-12-29,3,4,8,25.55,0
16678,2023-11-18,2,10,10,19.21,0
26099,2023-01-08,1,8,13,35.67,0
73524,2019-08-04,2,10,7,32.16,0
7656,2020-11-04,2,1,11,16.36,0
23294,2020-08-22,3,1,2,34.09,1
87558,2023-11-25,2,4,11,31.37,0
12283,2019-03-05,1,3,3,32.24,0
85381,2019-04-16,2,9,12,29.25,1
35814,2022-05-07,1,7,3,29.32,1
48579,2023-12-08,1,3,10,3.97,0
28359,2019-11-01,1,1,1,47.2,1
96780,2019-10-19,1,7,8,45.55,0
7896,2019-04-06,3,2,3,33.94,0
8569,2022-03-24,3,6,4,25.35,0
5079,2022-12-16,2,8,3,48.11,1
83928,2019-02-03,2,8,1,25.01,0
58533,2022-03-14,3,10,10,17.74,0
64439,2021-06-06,1,9,10,14.97,0
19139,2019-07-06,3,10,12,15.11,0
45185,2019-01-30,2,6,6,24.79,0
94989,2019-03-30,2,1,4,44.9,0
81606,2020-07-13,1,7,4,13.1,0
46192,2020-02-11,3,2,7,13.18,1
65706,2020-09-24,1,6,2,25.45,0
51632,2021-08-14,1,1,4,48.97,0
29085,2020-07-07,3,1,2,27.24,0
43473,2023-04-20,1,5,13,28.99,0
50294,2023-03-10,3,10,4,41.92,0
93968,2019-10-08,3,10,5,37.83,0
18865,2023-08-13,1,2,4,8.5,0
31470,2021-08-21,1,2,12,25.87,0
14717,2019-03-25,1,9,5,7.24,0
584,2019-12-09,2,1,2,42.04,0
77923,2020-03-13,2,1,6,8.94,0
24130,2022-12-04,2,6,13,32.54,0
55529,2021-06-08,1,3,10,43.46,0
3998,2020-08-10,2,9,11,48.12,0
17569,2020-12-19,3,6,2,45.19,1
23318,2021-08-22,1,2,12,19.89,0
42427,2023-07-01,3,7,13,20.5,0
16456,2019-04-15,1,1,7,42.17,0
45290,2023-09-26,3,1,6,4.04,1
75815,2022-12-30,1,6,3,10.96,0
34858,2022-12-18,1,9,7,17.19,0
77964,2020-06-10,1,8,8,14.27,0
38090,2021-02-18,1,10,2,40.54,0
17546,2021-01-11,2,9,9,40.93,1
17399,2019-01-27,1,6,7,3.04,0
49682,2022-04-01,3,4,7,25.73,0
91737,2022-09-15,1,8,3,49.73,0
77627,2019-11-06,1,7,3,7.9,0
17913,2022-04-23,1,10,7,21.45,0
58965,2023-12-30,2,10,8,18.41,1
45446,2020-06-29,3,8,7,30.48,1
41967,2019-06-21,2,5,6,20.66,1
73647,2023-10-02,2,1,4,18.11,1
20962,2022-12-28,1,6,9,49.37,0
18749,2019-01-25,3,8,1,12.35,0
2732,2019-09-06,2,10,4,17.88,1
94593,2020-03-28,1,6,7,20.0,0
61841,2023-04-01,2,8,4,46.24,0
85719,2022-01-29,1,7,3,16.71,0
60245,2021-07-19,2,4,11,24.12,0
63402,2020-02-08,2,4,2,44.52,0
10855,2023-02-10,2,2,3,38.84,1
97039,2019-06-13,2,7,11,25.16,0
24949,2019-07-15,1,8,4,3.83,0
22192,2021-04-20,2,3,9,24.81,0
72371,2023-02-16,1,4,2,22.62,0
23539,2023-09-29,2,5,1,12.14,1
11806,2019-07-08,2,1,3,38.12,0
88023,2022-08-05,1,3,3,24.78,0
82589,2022-11-09,2,5,3,18.35,0
17988,2023-08-09,3,5,11,3.29,0
91870,2023-04-15,2,5,7,29.67,0
93746,2023-12-24,1,4,9,18.65,0
85807,2022-12-20,2,9,1,14.38,0
99689,2019-07-27,1,8,13,23.46,0
41799,2022-11-11,1,1,7,45.01,1
68467,2020-02-17,3,9,13,26.09,0
65970,2019-12-04,1,6,6,16.36,0
65166,2019-05-09,2,3,10,20.78,0
69382,2021-02-23,3,4,10,9.66,0
72445,2020-01-18,1,9,4,27.0,0
96414,2023-02-15,1,7,10,8.09,0
18378,2023-03-06,2,1,11,48.89,0
61119,2019-04-23,2,9,12,27.27,0
91948,2020-11-01,3,7,6,31.35,0
88098,2019-07-23,1,8,9,44.54,0
50752,2019-11-28,2,6,13,28.39,0
71432,2022-04-22,3,2,11,43.92,0
5193,2020-05-09,1,10,7,30.53,0
18098,2020-08-18,2,3,5,22.76,0
2652,2020-06-26,3,2,5,48.54,0
62929,2023-10-23,2,10,2,37.21,0
78491,2021-01-09,3,10,1,39.39,0
74747,2023-12-09,3,10,4,12.29,0
80368,2019-08-03,2,7,10,6.1,0
52523,2020-02-14,1,2,2,28.7,0
62583,2021-12-27,2,8,1,8.85,0
26420,2023-06-20,1,9,9,29.14,0
32459,2022-09-29,3,9,4,2.51,0
49563,2023-09-01,1,9,5,14.3,1
64194,2021-01-29,3,7,1,18.75,0
83918,2021-04-03,1,10,10,14.63,0
51887,2020-09-11,3,10,11,35.02,0
43956,2021-05-20,2,8,1,4.36,1
57341,2020-10-12,1,2,7,41.79,0
1952,2021-03-08,2,10,9,16.47,0
39915,2023-07-06,3,2,13,2.05,1
80159,2020-02-29,1,8,12,32.68,0
1714,2020-04-15,3,2,2,26.71,0
32933,2021-04-10,2,2,8,41.0,0
52656,2023-12-11,3,7,10,39.12,0
83813,2020-10-25,1,7,7,30.0,0
32706,2020-01-03,2,10,7,45.21,0
39433,2022-09-15,1,3,2,4.48,0
7810,2023-05-06,1,7,8,15.17,0
89035,2020-09-28,2,2,3,29.95,0
40109,2022-11-16,1,10,6,46.45,0
27804,2021-07-21,3,2,13,39.74,0
40732,2020-06-03,3,6,10,29.33,0
50850,2019-12-24,2,6,6,40.0,0
34666,2023-12-02,1,3,3,31.88,0
59770,2023-04-30,3,10,2,27.4,1
97891,2023-09-14,3,7,11,14.96,0
90186,2023-06-19,2,6,2,45.04,0
39185,2020-01-05,3,4,9,49.99,0
56086,2021-01-27,2,10,12,43.9,0
22655,2020-03-15,1,6,13,46.21,0
29119,2022-02-24,3,6,8,35.4,0
30455,2023-10-27,2,1,13,48.59,0
50477,2021-08-02,2,3,8,32.55,0
80011,2019-02-05,1,8,5,46.26,0
96919,2021-02-04,2,9,6,24.88,0
76376,2023-12-10,1,10,3,34.89,1
41613,2020-11-26,2,3,7,15.31,0
37040,2020-03-17,2,10,5,25.22,0
42671,2020-04-22,1,5,4,49.96,0
78117,2019-03-28,1,7,5,48.11,0
19356,2019-10-27,3,8,10,27.0,0
5428,2020-01-07,1,2,2,38.64,1
17888,2021-01-04,1,9,13,47.65,0
66913,2022-01-03,2,2,12,14.73,0
15934,2021-12-03,1,4,5,16.8,0
74278,2020-05-15,2,4,4,23.81,0
46102,2023-10-07,3,9,8,15.25,0
27848,2022-05-30,1,3,3,10.94,0
16671,2021-08-08,2,8,2,10.18,0
37096,2021-01-08,1,2,4,9.64,0
10560,2021-10-05,1,3,11,8.47,0
87046,2020-10-27,1,1,1,41.92,0
80019,2019-03-03,1,4,6,44.67,1
15455,2022-02-08,1,1,10,26.16,0
87619,2019-03-15,2,4,3,14.57,0
39378,2021-03-21,1,9,3,4.35,0
37659,2023-05-11,2,1,12,4.54,0
22621,2019-02-18,2,10,11,20.58,0
78908,2022-03-12,1,3,7,48.17,0
77150,2022-10-06,3,6,3,11.96,1
79495,2023-10-29,2,10,11,49.25,0
24840,2020-05-21,3,10,5,2.58,0
97349,2019-05-20,1,7,1,46.45,0
26480,2021-04-27,1,4,8,29.02,0
86792,2023-02-12,2,10,3,34.29,0
76927,2019-06-10,1,9,12,13.27,0
71126,2022-03-21,2,10,7,13.46,0
8720,2021-11-19,2,10,11,43.31,0
97893,2023-05-29,3,7,2,46.07,1
68779,2020-03-28,2,1,1,8.76,0
89220,2020-06-12,2,3,5,13.87,0
8184,2023-05-13,3,10,5,9.45,0
97499,2022-01-03,2,8,11,10.7,0
27105,2022-12-28,3,10,3,3.46,0
56408,2022-03-14,1,7,7,5.68,0
84124,2023-06-29,3,9,10,40.26,1
88108,2022-07-18,2,8,6,40.55,0
80755,2019-06-04,1,2,5,16.99,0
46846,2022-02-15,1,9,4,26.33,0
15990,2020-12-18,1,10,13,5.31,0
8814,2023-03-29,1,8,3,43.18,1
94625,2020-06-30,3,3,7,22.74,0
44336,2023-03-08,2,6,12,18.89,0
86458,2020-08-22,1,6,6,12.04,0
6037,2021-01-07,3,1,7,47.39,0
93609,2022-12-06,1,10,5,42.66,0
98301,2020-06-13,3,8,1,39.81,0
36463,2021-09-27,1,6,2,26.35,0
57774,2019-01-14,1,9,4,5.74,0
83725,2023-08-14,1,3,12,7.34,0
15918,2023-02-24,1,6,9,31.18,0
92586,2023-12-23,2,8,5,39.72,0
12347,2019-06-01,1,2,13,29.07,1
21971,2020-12-14,3,3,4,32.02,0
98966,2019-06-22,2,1,5,38.46,0
82022,2020-10-12,2,8,2,15.09,0
22881,2019-05-15,2,9,8,10.26,0
7521,2023-05-01,3,2,11,42.76,1
27311,2022-03-14,3,6,2,32.07,0
41257,2021-01-05,2,4,8,38.56,0
26949,2021-12-15,3,10,3,27.37,1
13860,2020-04-20,1,2,7,26.5,1
4298,2020-10-03,2,8,1,38.84,0
38958,2021-06-21,3,9,4,45.62,0
91990,2019-11-12,1,4,3,46.96,0
94876,2020-02-19,1,4,1,10.5,1
57386,2020-12-03,1,3,7,43.1,0
33584,2021-01-12,3,4,9,26.06,0
82421,2020-03-23,1,10,3,10.17,0
75216,2020-06-16,1,2,8,29.06,0
65738,2021-01-08,1,6,7,48.73,1
9201,2020-10-25,2,4,6,27.96,0
101,2022-07-19,2,5,8,2.78,1
31243,2023-08-31,2,7,8,31.95,0
80856,2022-06-21,1,3,9,30.56,0
3552,2023-01-18,1,3,11,18.65,0
75417,2019-09-28,1,5,5,14.75,0
25792,2019-11-14,3,7,11,25.85,0
34748,2019-06-21,2,3,10,43.75,0
74328,2022-10-14,2,8,5,20.7,0
8541,2023-07-12,1,5,9,49.75,0
77581,2019-10-18,3,6,3,47.15,0
65607,2020-07-27,3,1,10,18.69,0
63951,2021-07-14,1,7,8,39.85,0
78858,2023-03-12,3,4,13,36.79,0
10180,2019-09-27,1,6,9,46.11,1
73013,2022-06-24,3,7,10,30.31,0
70078,2021-10-19,1,6,4,5.86,0
71990,2022-10-14,1,1,3,3.48,0
25938,2020-10-17,3,3,2,40.24,0
92694,2022-10-28,2,6,11,19.93,0
8956,2022-08-14,3,10,10,26.84,0
25048,2020-06-29,2,6,2,39.27,0
37033,2022-11-10,1,4,12,36.05,0
33290,2023-07-19,2,2,9,15.55,0
25592,2022-10-03,3,9,6,39.88,0
94170,2023-04-22,1,7,4,42.67,1
89376,2021-03-05,1,1,13,39.29,0
52611,2021-08-18,1,1,11,49.06,0
86729,2020-01-11,2,7,2,5.79,0
98842,2021-06-12,1,7,1,2.75,0
56306,2020-11-03,2,4,3,4.71,1
80899,2020-12-12,2,7,5,6.77,0
47862,2022-05-13,1,5,3,36.0,0
52111,2019-09-08,1,1,3,37.41,0
18542,2020-06-08,2,2,11,40.89,0
80730,2023-02-02,3,1,13,36.29,0
75357,2022-11-18,2,9,6,22.06,0
54718,2021-02-05,3,1,4,42.39,0
540,2019-06-18,1,7,9,20.21,0
29263,2023-04-14,1,4,3,5.37,0
73783,2021-12-13,2,9,5,27.61,0
5547,2021-10-21,2,8,13,44.61,0
4321,2021-06-05,1,6,11,25.03,0
79357,2019-06-14,2,7,4,41.11,0
45443,2019-09-23,2,4,4,32.61,0
43647,2019-06-03,3,6,5,10.12,0
54153,2020-08-29,3,8,13,32.05,0
36148,2020-09-03,1,2,11,29.81,0
52124,2020-10-23,2,7,5,17.69,0
88084,2022-05-15,2,1,5,3.61,0
12256,2021-03-28,3,8,6,13.6,0
92311,2019-10-20,2,6,7,14.73,0
75137,2019-10-09,1,8,7,38.99,0
3140,2023-08-10,3,5,10,15.04,0
6578,2020-11-22,1,9,10,44.9,0
88891,2022-12-25,2,6,7,26.8,0
81962,2019-04-26,1,2,13,43.59,0
35499,2023-03-07,2,10,10,48.71,1
45440,2023-03-02,3,2,6,41.94,0
94178,2020-03-23,1,1,7,49.09,0
60963,2021-01-14,3,6,8,23.46,0
86991,2021-02-07,3,6,4,39.68,0
18829,2020-11-01,1,2,3,36.8,0
96924,2023-01-17,1,9,9,30.19,0
3476,2021-04-22,2,8,11,49.53,0
74490,2021-10-07,3,7,7,34.89,0
23529,2022-05-23,1,7,4,17.22,0
80073,2019-05-07,2,5,8,34.77,0
44642,2020-11-19,2,9,11,33.49,0
28999,2020-07-16,3,6,10,14.28,0
84429,2023-10-19,1,3,6,37.87,0
58190,2023-05-01,3,1,13,17.09,0
15094,2020-04-07,3,2,6,24.41,0
89615,2021-10-15,2,1,6,7.58,0
79365,2022-05-18,3,7,10,8.75,1
402,2019-04-30,2,3,5,37.19,0
66374,2019-04-27,3,9,11,28.54,0
50011,2020-03-27,3,7,3,6.04,0
82781,2023-05-29,3,6,11,36.43,0
10745,2019-01-30,2,10,7,9.1,0
74007,2019-05-31,3,3,9,49.37,0
18517,2023-04-27,3,10,13,43.84,0
2168,2020-02-06,1,3,3,45.35,0
9444,2019-05-28,3,1,7,41.19,0
43321,2020-04-24,3,3,5,48.99,0
73430,2023-03-06,2,9,8,19.47,0
16570,2019-02-25,3,10,13,25.65,0
58034,2019-09-28,2,3,10,26.15,0
39627,2022-08-31,1,9,6,41.38,0
99656,2023-01-21,3,5,2,42.38,0
84253,2019-01-12,3,2,6,30.55,0
47663,2023-09-28,2,3,8,45.17,0
15830,2019-07-28,3,9,12,30.22,0
79933,2020-12-25,2,3,4,32.62,0
5877,2023-02-25,3,7,7,42.72,0
35314,2023-07-09,2,8,4,13.78,0
70090,2019-07-07,1,4,11,39.5,0
11422,2023-01-20,2,9,10,47.81,0
24883,2021-07-20,3,1,7,35.28,0
60823,2021-12-05,2,1,3,14.62,0
64531,2022-12-01,3,1,1,40.77,0
94950,2022-04-06,2,8,6,43.37,0
84652,2021-03-19,1,7,5,19.8,0
56194,2019-10-30,1,2,12,37.33,1
24484,2019-11-18,3,10,6,8.63,0
67450,2022-09-16,2,9,9,46.32,0
12658,2023-10-02,1,4,7,47.24,0
9170,2021-07-28,1,9,6,46.71,0
18914,2022-11-14,1,8,13,49.46,0
52009,2019-01-27,2,5,13,7.2,0
40592,2023-03-27,2,6,5,38.86,0
92428,2022-03-30,2,7,4,9.83,1
90122,2023-12-30,1,5,7,35.97,0
24463,2020-07-13,1,9,3,3.66,0
14321,2021-10-13,2,8,1,30.9,0
43280,2020-02-19,2,8,10,31.04,1
56057,2020-07-16,3,7,2,38.52,0
8162,2019-01-15,2,10,4,34.46,0
56290,2020-03-15,1,2,6,19.1,0
44487,2019-06-29,3,10,7,16.01,0
28724,2021-02-10,3,1,1,3.6,0
89500,2022-08-11,3,1,4,27.78,0
90569,2020-10-02,2,9,9,3.9,0
6570,2020-01-07,1,6,2,33.67,0
13466,2021-04-09,3,2,5,42.31,0
1450,2021-08-19,1,8,10,44.28,0
36006,2023-07-02,3,7,12,34.4,0
99386,2019-07-05,2,2,4,44.07,0
98172,2022-07-25,2,4,12,15.4,1
77547,2020-05-31,1,2,3,28.76,0
5957,2021-05-16,2,6,7,27.94,0
39550,2022-04-26,3,9,13,11.75,0
38871,2022-02-25,2,7,13,33.5,0
95651,2023-01-05,3,9,13,6.55,0
35802,2020-06-29,1,7,11,2.76,0
97609,2020-05-24,2,9,11,48.86,0
81332,2023-06-02,3,10,7,35.6,0
67511,2022-06-05,3,1,9,8.77,0
85872,2021-07-08,1,6,12,10.68,0
45792,2019-11-06,2,3,8,9.61,0
74546,2023-08-11,1,2,1,49.39,0
59231,2019-01-19,3,5,6,27.96,1
29292,2019-10-01,1,2,11,48.47,0
96702,2020-10-28,1,3,4,5.35,0
48749,2023-07-11,1,2,11,29.41,0
76218,2021-11-21,3,1,10,16.45,1
15317,2022-12-16,1,9,4,21.84,0
36644,2021-09-10,2,7,8,4.09,0
64871,2020-03-02,2,5,5,44.3,0
24447,2019-02-27,3,9,5,20.93,0
44074,2019-11-21,1,2,9,19.67,0
59578,2022-04-23,1,10,13,19.36,0
93993,2021-04-03,1,2,8,7.1,0
17461,2020-02-19,3,4,2,14.48,0
98358,2023-03-14,1,2,4,34.45,0
20460,2019-03-14,1,7,5,9.55,0
54279,2021-09-04,3,10,7,11.43,0
51677,2019-11-12,1,8,5,12.13,0
67934,2023-07-16,2,3,2,27.67,0
63272,2023-12-24,2,4,4,30.13,0
16331,2020-05-01,3,6,2,23.31,0
99837,2019-04-21,1,8,3,46.49,0
8242,2022-12-10,3,7,11,17.7,0
91901,2021-08-28,2,1,12,17.89,1
43041,2019-01-27,3,1,7,24.37,0
4158,2019-02-22,3,4,8,37.75,0
44010,2022-01-24,1,4,8,34.57,1
4936,2019-05-20,2,6,6,44.07,0
84755,2023-01-04,1,7,2,35.6,0
23501,2019-11-24,3,6,8,16.81,0
51398,2019-09-23,2,7,5,31.94,0
33514,2019-04-02,3,1,10,30.17,0
1128,2021-02-05,1,5,7,4.09,0
30041,2020-04-27,2,8,9,34.88,0
25544,2022-07-10,1,9,9,17.92,0
74207,2021-07-24,2,4,10,15.92,0
67754,2019-11-10,1,7,4,21.95,0
2403,2021-11-07,3,6,11,13.02,0
92838,2022-02-23,1,1,7,15.45,0
63179,2019-10-15,1,6,6,3.56,0
24907,2021-02-21,1,9,12,37.32,1
73988,2021-12-05,2,4,8,41.88,0
375,2021-03-15,3,9,9,21.66,0
29280,2021-08-06,2,3,7,6.05,0
78743,2021-12-16,2,6,12,14.89,0
87284,2021-11-13,1,8,7,45.56,0
90615,2019-10-08,2,10,10,35.64,0
68042,2019-07-29,2,5,1,46.46,0
52239,2023-05-19,2,2,10,47.26,0
46369,2019-02-03,3,6,13,23.42,0
24273,2023-06-29,1,2,3,27.66,1
1020,2021-06-23,1,4,2,29.83,0
2934,2023-09-02,2,2,2,12.83,0
26899,2020-09-20,3,8,2,46.43,0
57121,2020-09-20,1,1,6,42.06,0
22851,2019-05-08,1,9,4,16.1,0
53492,2019-06-05,3,4,7,39.63,1
96073,2020-08-01,1,2,3,35.13,1
99765,2023-10-07,3,7,4,32.83,0
6443,2021-03-31,2,10,2,7.41,0
19469,2022-09-30,2,7,10,16.45,0
1012,2022-11-25,3,4,11,29.96,0
27261,2020-10-08,1,8,3,8.78,0
44151,2019-11-08,3,1,12,36.48,0
4266,2020-08-24,2,9,11,9.72,1
4577,2020-10-03,1,2,7,12.57,0
93055,2022-04-25,3,3,9,11.35,0
29468,2019-02-08,3,8,4,16.17,1
76133,2023-01-15,3,3,13,29.18,0
32362,2019-01-08,2,9,2,6.41,0
3851,2022-04-04,1,6,6,27.25,0
83628,2020-09-15,3,7,1,18.75,0
1107,2020-01-03,3,3,5,46.15,0
47284,2023-10-31,3,8,4,47.4,1
70869,2023-06-07,3,1,5,32.04,0
63497,2020-05-28,2,8,7,32.09,1
91072,2023-08-29,1,5,1,10.21,0
81561,2021-11-06,3,5,8,18.5,0
90741,2022-09-07,3,9,2,4.66,0
57770,2019-03-12,1,1,9,23.49,0
12537,2022-02-01,3,3,4,38.59,0
5711,2023-02-07,3,3,2,41.84,0
56029,2022-11-03,2,1,8,2.0,0
13182,2023-04-10,1,5,6,35.67,0
67497,2021-06-24,2,2,9,4.6,0
57820,2022-11-29,1,1,13,10.51,0
87005,2022-10-28,2,9,10,27.46,0
99504,2019-07-22,2,1,1,39.19,0
7989,2019-05-20,2,10,4,43.52,0
94133,2021-09-30,1,6,2,16.49,0
16855,2022-12-24,1,5,10,25.83,1
51799,2021-03-11,1,8,2,38.95,0
14764,2019-10-14,3,7,5,16.45,0
62124,2023-09-25,3,9,2,41.09,0
1643,2022-10-16,3,6,9,29.83,1
42367,2023-07-20,2,7,13,3.71,0
57621,2022-08-03,1,2,13,8.88,1
2735,2020-11-07,2,1,13,9.49,0
91973,2020-02-09,2,9,9,3.67,0
57968,2020-12-24,2,6,10,7.6,0
31178,2020-12-10,3,10,9,6.03,0
85032,2020-07-08,2,9,4,41.99,1
62957,2023-06-08,3,8,6,27.16,0
47555,2022-10-19,2,6,10,7.99,0
92645,2022-06-14,3,5,13,16.39,1
21338,2021-04-14,2,1,4,26.04,0
98010,2021-10-02,2,2,9,14.36,0
2470,2021-09-23,1,9,2,4.59,0
75515,2021-05-08,2,5,11,49.89,0
19459,2023-04-01,2,2,4,33.07,0
3649,2020-12-16,3,2,8,30.38,0
7185,2019-05-18,1,2,4,13.82,0
21131,2022-05-27,2,6,6,39.25,1
79622,2022-02-19,3,8,10,49.27,0
18189,2023-11-29,2,6,1,49.23,0
23926,2023-03-11,3,7,2,14.43,1
74930,2020-11-15,2,1,9,13.6,0
46288,2019-02-05,2,4,4,38.41,0
35554,2019-02-04,3,1,8,12.07,0
96932,2022-04-01,3,3,2,28.45,0
46500,2019-12-01,1,3,9,38.03,0
35707,2023-10-26,1,4,1,44.61,1
367,2023-04-10,3,8,12,7.09,0
55222,2019-06-13,3,3,5,4.15,0
79669,2022-08-11,2,4,12,25.59,0
87720,2020-01-13,2,9,12,45.65,0
25343,2021-01-31,2,7,5,23.8,0
52142,2021-09-24,2,7,10,41.62,1
96949,2019-12-20,3,4,11,35.13,0
54921,2019-11-22,3,10,9,10.39,0
23343,2020-11-06,1,6,7,32.71,0
43012,2020-07-30,1,7,11,7.25,0
88866,2022-04-11,3,7,10,16.11,0
10258,2022-04-22,2,9,10,22.49,1
84109,2023-05-25,2,2,8,18.9,0
99291,2021-12-21,1,10,7,27.74,0
56900,2023-08-13,3,1,4,8.05,0
80433,2019-11-08,1,9,10,41.23,0
35061,2022-10-31,1,6,12,15.69,0
19864,2020-09-30,1,10,9,38.68,1
95861,2019-02-04,3,2,4,39.95,0
45895,2019-11-24,2,6,11,7.83,0
73051,2021-07-02,1,5,1,30.38,1
30289,2021-03-09,3,2,9,26.17,0
65468,2020-09-27,1,6,7,29.54,0
14596,2020-09-25,3,4,9,23.25,0
59542,2022-05-04,1,4,13,39.21,0
35302,2019-04-02,1,5,2,10.76,0
93224,2021-11-02,2,8,11,21.58,0
70073,2019-07-09,2,2,9,32.06,0
78191,2023-11-16,3,10,3,15.66,0
61165,2021-12-11,3,10,6,35.01,0
62366,2020-01-15,1,5,6,4.24,0
36658,2022-11-23,3,2,11,35.05,0
46337,2020-11-30,2,3,12,7.88,0
41322,2020-06-28,1,8,9,46.57,0
96219,2023-01-06,2,1,10,21.38,0
85231,2019-03-25,2,9,11,20.62,1
56969,2020-06-01,3,7,12,15.46,0
853,2019-08-29,3,5,4,10.07,0
47698,2021-12-22,3,2,2,4.26,0
31426,2019-01-07,2,6,13,2.51,0
83660,2019-01-04,3,7,9,20.3,0
14928,2020-12-14,2,9,10,30.75,0
19599,2022-12-10,1,10,11,18.91,1
77369,2022-09-09,3,5,9,32.1,0
49826,2023-05-01,2,6,9,17.59,0
14739,2023-12-08,2,7,1,16.23,0
14346,2019-02-11,1,8,13,37.73,0
94068,2021-09-20,1,4,6,38.18,0
37609,2020-04-19,1,10,3,21.32,0
68076,2021-12-05,2,9,1,27.28,0
78033,2022-07-09,3,1,10,36.05,0
11401,2020-08-07,3,6,2,35.69,0
85567,2021-04-25,3,3,3,21.53,0
69824,2019-03-11,2,4,9,23.15,1
13307,2020-12-20,3,4,7,31.33,0
41232,2019-12-10,2,5,7,24.25,0
4755,2023-11-30,2,1,5,7.3,1
52259,2019-01-11,1,4,1,9.75,0
90424,2020-03-20,3,10,13,49.94,0
77492,2022-12-09,1,7,1,48.29,0
29281,2019-08-23,1,9,2,12.93,1
62336,2023-03-24,3,5,1,35.08,0
35877,2023-06-03,2,4,6,15.9,0
83936,2023-06-05,2,7,10,16.07,0
65250,2020-04-28,3,5,7,35.81,1
26157,2023-02-02,2,1,3,5.41,0
14981,2021-08-26,2,1,12,27.43,0
33644,2019-05-24,3,2,13,2.92,1
23703,2020-11-21,1,2,7,26.41,0
20896,2022-01-14,2,3,9,17.27,0
51658,2022-12-28,2,5,8,43.88,0
33448,2023-12-05,2,8,11,36.64,0
26105,2023-07-14,3,9,12,21.03,0
58271,2019-09-29,3,4,5,12.56,0
97701,2023-11-26,1,8,12,21.15,0
66082,2023-06-09,2,8,5,2.96,0
51038,2020-11-21,3,8,8,43.88,0
79094,2023-12-01,1,7,8,33.5,0
96760,2022-12-10,1,7,2,7.42,0
12515,2023-05-31,1,8,1,14.72,0
53122,2022-12-22,2,7,3,48.95,0
61258,2022-10-18,2,10,12,38.74,1
55812,2023-10-19,3,1,11,34.89,0
61571,2019-11-28,1,2,2,2.96,0
39544,2021-05-08,3,8,4,28.08,1
79413,2019-08-11,2,10,3,26.97,0
78327,2020-08-25,1,1,12,5.49,0
56328,2020-11-25,2,2,2,28.48,0
40395,2020-08-09,1,4,6,22.74,0
11254,2019-04-07,2,8,1,33.7,0
62056,2019-06-22,3,3,10,23.61,0
76378,2023-08-28,3,10,8,42.8,0
93141,2020-10-09,2,6,8,43.66,0
72025,2020-11-08,1,5,8,31.42,1
52601,2022-02-12,2,8,12,23.86,0
52321,2022-05-30,2,9,11,29.02,0
5810,2023-01-29,3,4,9,5.74,1
34756,2021-05-17,1,6,5,36.0,1
80639,2020-11-05,1,7,7,47.77,0
70833,2022-11-15,2,3,7,24.87,0
7934,2023-11-11,3,7,3,10.47,0
28403,2021-01-29,3,4,5,32.99,0
3705,2022-03-31,3,1,8,39.89,0
65015,2020-07-21,2,6,6,35.56,0
31493,2022-06-30,3,9,5,31.54,1
71040,2020-10-28,2,3,13,22.16,1
40422,2021-01-06,3,5,7,41.52,0
55627,2019-12-28,3,10,13,41.22,0
1035,2022-03-15,2,10,3,29.74,1
69618,2019-08-17,3,4,13,12.63,0
92681,2023-12-13,2,8,10,34.39,0
48614,2022-02-02,1,10,8,3.54,0
69612,2023-10-18,3,1,13,18.17,0
14096,2023-09-05,3,7,6,14.83,0
83563,2020-05-23,2,9,6,16.72,0
14598,2023-03-21,1,2,2,13.33,0
43814,2019-04-06,1,9,8,40.41,0
3142,2023-02-19,1,9,3,16.11,0
64189,2022-11-16,2,5,3,46.98,0
76759,2021-05-25,2,6,13,41.0,0
7884,2019-09-10,1,2,4,40.45,0
60763,2022-08-27,2,8,11,49.12,0
44860,2019-07-10,1,9,8,5.91,0
92033,2022-02-27,1,6,7,30.07,0
57077,2021-01-26,2,8,6,29.06,0
8496,2021-02-05,1,5,7,30.73,0
35918,2023-12-26,2,1,13,20.91,0
86412,2022-08-07,1,2,3,13.36,0
59795,2022-03-10,1,6,2,40.17,0
610,2020-04-15,1,10,4,45.05,0
22232,2020-04-03,2,1,5,17.09,0
97959,2019-12-13,2,10,12,16.98,0
4925,2022-03-10,2,8,7,18.78,0
33622,2022-08-08,1,9,11,26.94,0
56763,2020-07-21,3,7,13,26.49,0
25563,2023-05-10,2,6,7,37.42,0
18839,2022-08-04,3,10,7,23.17,0
32867,2019-09-17,2,4,11,43.88,0
91283,2019-03-30,1,7,5,47.5,0
45804,2020-03-04,2,6,13,5.91,0
85246,2021-09-23,3,4,4,46.36,0
58101,2020-11-25,2,6,3,11.13,0
7177,2021-12-07,1,3,12,4.17,0
94121,2019-10-02,2,8,1,10.02,0
21379,2022-05-07,1,1,1,49.31,0
44155,2021-11-28,3,9,6,5.52,0
84768,2019-11-08,3,2,11,8.16,1
46371,2019-10-10,1,9,5,6.43,1
28969,2022-05-23,2,3,11,8.35,0
79844,2022-06-21,3,3,2,20.29,0
907,2023-09-10,1,7,4,30.06,0
8082,2021-01-09,2,4,3,45.74,0
55409,2023-02-24,3,7,12,12.79,0
34350,2023-12-19,1,3,11,15.77,0
80511,2023-09-21,3,10,9,18.62,0
16158,2020-12-17,3,3,13,40.44,0
66042,2020-09-23,3,9,9,4.65,0
42285,2019-05-01,3,10,4,11.65,0
38306,2022-11-26,2,1,9,8.84,0
86121,2020-10-21,2,2,12,30.8,0
24220,2023-07-08,2,9,13,36.51,0
51876,2022-06-03,3,8,6,14.87,0
97830,2021-08-28,1,4,12,49.2,0
84573,2020-01-15,1,1,5,25.91,0
75794,2022-02-01,1,6,10,5.86,0
29684,2020-04-19,1,3,1,39.29,0
43279,2020-07-21,3,1,12,15.08,0
29905,2022-07-03,1,5,7,45.34,0
64626,2021-09-19,3,3,7,44.76,0
77902,2021-06-03,2,8,9,15.44,1
23973,2019-11-01,1,6,4,6.98,0
81879,2021-10-04,1,7,9,49.43,0
59511,2020-12-26,1,8,5,18.84,0
20766,2020-12-21,3,9,12,42.63,0
14645,2020-06-23,2,4,12,13.0,1
77765,2021-07-20,1,4,5,2.8,1
31915,2020-07-03,1,4,12,40.95,0
28658,2021-11-27,1,5,4,30.13,0
4680,2020-10-19,2,3,1,32.75,0
79775,2022-09-01,3,1,5,35.89,0
94788,2022-06-03,1,2,6,20.26,0
60237,2021-09-25,2,5,5,7.75,0
47399,2022-12-06,3,5,6,25.04,0
86338,2022-06-30,2,2,4,30.58,0
34667,2021-03-29,1,6,12,49.9,0
16706,2023-08-29,2,9,13,40.48,1
16027,2019-07-03,1,1,11,6.82,0
69182,2023-05-14,3,10,6,16.33,0
1390,2019-06-28,3,7,4,29.99,0
71866,2019-02-23,1,4,6,28.56,1
34854,2020-05-26,1,2,9,47.26,0
98940,2022-05-14,1,9,4,43.67,0
77106,2022-10-26,2,1,4,7.11,0
77577,2019-06-16,1,6,2,38.99,0
74806,2021-12-16,2,8,7,13.91,1
32514,2023-05-12,1,3,6,13.12,0
37109,2019-08-07,1,7,6,47.87,0
6486,2020-02-18,3,2,9,32.79,0
929,2023-10-03,2,4,3,13.78,0
79975,2023-10-19,3,8,6,15.69,0
94639,2022-10-19,2,1,4,33.3,1
60222,2021-04-03,1,10,8,22.87,0
35666,2022-05-24,1,7,8,49.37,0
87097,2023-10-01,2,5,7,15.91,1
73108,2021-01-05,3,3,1,46.75,0
11878,2021-09-29,3,7,13,24.4,0
86984,2020-03-24,1,7,1,12.79,0
32483,2023-01-04,3,9,9,29.65,0
47953,2022-10-20,2,2,1,39.8,0
32934,2020-04-24,2,10,12,16.27,0
80008,2019-01-07,3,8,8,31.53,0
1312,2021-10-18,2,10,2,32.9,0
66281,2021-07-14,1,2,6,8.82,0
21225,2022-04-25,3,5,2,11.1,0
58597,2022-07-27,2,2,12,48.74,0
91232,2020-06-30,1,6,10,37.22,0
52939,2019-08-02,2,10,13,27.86,1
43985,2022-09-11,2,9,8,8.53,0
55648,2020-08-08,3,8,9,31.78,0
81345,2021-06-21,3,3,4,20.46,0
50444,2022-12-31,2,5,10,4.94,0
90886,2019-02-23,3,2,3,11.99,0
51330,2020-12-07,1,3,7,47.88,0
71668,2023-01-01,3,6,2,47.42,0
75247,2019-07-10,1,8,3,8.69,0
13006,2023-09-10,2,8,8,49.24,0
3870,2023-02-12,3,3,9,2.8,0
42058,2022-03-30,3,8,10,10.37,0
68723,2019-04-19,3,3,2,11.68,0
39357,2022-06-03,1,5,10,18.35,0
27841,2021-02-16,3,2,8,23.84,0
31979,2021-07-17,3,1,2,39.49,0
73475,2023-09-04,1,7,4,26.13,0
34976,2022-02-20,2,2,12,35.83,0
77869,2019-08-06,3,8,2,18.25,1
25242,2022-12-15,1,6,1,45.57,0
81220,2022-02-22,2,9,5,44.39,0
88499,2023-01-02,1,5,8,35.88,0
66850,2021-01-14,2,6,10,29.01,0
48486,2023-11-15,3,9,8,13.95,0
39145,2021-10-19,2,1,6,33.21,1
96442,2021-06-11,1,2,5,37.08,0
87677,2023-04-07,2,6,2,48.89,0
72451,2021-10-13,2,9,10,18.99,1
71063,2022-06-16,1,2,4,30.81,0
6019,2020-10-14,1,8,11,45.79,0
9362,2022-11-24,2,4,5,11.44,0
46550,2020-11-14,2,1,6,2.63,0
40924,2019-06-19,1,2,4,24.92,0
75429,2021-11-07,2,7,1,36.6,0
15417,2021-11-14,1,7,12,12.98,0
59425,2022-08-26,3,5,7,6.79,0
70239,2022-08-30,1,9,10,49.22,0
2783,2022-09-16,3,4,7,3.6,0
41927,2020-08-02,3,10,9,11.14,0
53695,2019-10-10,3,2,3,40.29,0
11674,2022-06-11,2,9,1,20.84,0
15733,2019-07-06,2,1,3,45.62,0
46374,2019-03-04,1,9,4,27.85,1
17419,2021-10-15,2,10,13,48.41,0
61199,2019-02-26,1,4,2,27.41,0
86790,2022-11-02,3,8,11,38.84,0
2145,2019-01-11,1,4,6,46.4,0
53304,2023-02-24,2,10,3,42.18,0
89868,2021-11-22,1,5,6,12.43,0
56055,2021-06-03,1,10,7,35.32,0
96873,2022-06-08,1,4,8,17.65,0
61703,2022-06-27,2,5,5,38.74,0
76809,2020-02-04,3,7,9,37.4,0
28895,2021-04-03,1,3,7,32.28,0
90083,2022-09-04,1,8,9,15.18,0
55306,2021-08-08,1,3,9,27.13,0
41356,2021-05-23,3,6,4,32.11,0
53253,2019-11-05,2,3,3,15.94,0
56897,2021-12-01,2,10,3,17.93,0
67222,2021-12-10,2,4,6,11.1,0
15513,2022-04-01,3,8,9,13.59,0
77985,2023-07-17,3,10,8,22.85,0
77253,2022-06-15,2,2,5,14.88,0
67344,2023-09-05,1,1,1,43.18,0
10193,2019-01-14,1,6,6,43.19,1
56223,2020-06-07,2,2,2,9.27,0
59362,2020-03-21,2,3,12,6.03,1
24468,2021-07-11,1,10,6,34.42,0
84624,2019-10-14,2,9,4,34.84,1
60505,2022-03-11,3,6,7,28.96,0
6049,2020-01-03,1,8,5,18.66,0
40602,2021-10-03,2,5,2,24.45,1
47501,2022-04-27,2,3,7,42.55,0
4198,2023-04-10,2,8,8,37.45,0
20934,2021-06-29,3,1,13,38.68,0
41895,2019-01-25,1,6,4,48.05,0
73870,2019-06-11,2,9,4,25.79,1
60348,2020-12-17,1,7,3,25.26,0
76663,2023-03-19,1,9,2,5.27,0
47746,2023-05-10,2,4,1,8.76,0
1303,2020-07-01,1,8,1,49.77,0
22669,2022-06-14,1,2,9,37.72,0
25818,2019-11-19,2,3,11,13.52,0
86854,2020-01-19,3,2,7,48.04,0
20101,2021-06-12,2,5,11,47.65,0
22338,2020-03-10,2,10,11,12.97,0
26928,2019-07-31,3,5,5,45.92,0
21005,2023-08-10,2,10,4,49.56,0
43023,2021-01-19,2,8,9,6.4,0
15931,2022-10-15,1,5,12,38.95,1
281,2023-12-20,3,3,8,13.02,0
18499,2020-10-09,3,2,9,15.18,0
23930,2022-04-17,1,2,6,32.87,0
93069,2020-03-12,2,8,11,35.1,0
59792,2022-03-04,1,9,1,36.46,1
95789,2023-02-04,2,3,8,10.06,0
19932,2023-10-18,3,6,11,49.17,0
11735,2020-07-12,3,7,2,43.85,1
49708,2020-11-02,2,10,5,35.7,0
9574,2021-07-09,3,7,11,8.53,0
9720,2022-04-01,3,1,1,45.86,0
61384,2019-03-26,1,3,12,13.47,1
15399,2019-03-14,3,4,1,49.82,0
78847,2020-12-16,3,5,10,5.29,0
79750,2020-07-18,2,6,8,19.03,0
54175,2021-12-22,3,9,2,6.35,0
10238,2023-08-23,1,4,9,29.06,0
26481,2023-09-17,3,1,12,27.4,0
78512,2021-06-14,1,1,11,6.69,0
15573,2019-03-15,1,1,10,34.79,0
25282,2021-09-22,1,8,3,46.62,0
81249,2019-01-25,3,9,3,20.91,1
16179,2023-06-26,2,5,11,31.55,0
17813,2023-10-06,1,4,8,34.24,0
19019,2021-11-22,1,5,10,42.44,0
59314,2023-02-01,2,3,10,37.86,0
4070,2022-12-23,1,7,7,26.58,0
94520,2021-06-05,1,9,8,42.55,0
91919,2020-01-28,1,7,2,29.72,0
21189,2023-08-30,2,6,9,42.35,0
31481,2019-09-19,3,7,10,18.54,0
40936,2019-01-11,3,9,5,38.17,0
41980,2021-09-08,1,10,2,20.15,0
31454,2022-05-28,2,3,10,49.32,0
370,2023-05-13,1,4,5,36.72,0
59843,2023-09-16,2,10,9,11.72,0
71784,2020-06-24,3,9,8,43.04,1
47585,2020-09-18,1,4,6,49.09,0
87357,2021-07-13,3,4,2,45.51,1
19298,2023-06-25,3,6,5,31.6,1
84584,2023-09-15,1,5,11,44.91,0
53735,2019-04-26,2,10,11,48.87,0
86116,2020-12-06,2,7,2,27.65,0
74272,2019-09-11,1,9,6,26.21,1
67235,2022-09-17,3,7,4,38.39,0
80991,2023-08-04,1,10,11,48.5,0
65005,2023-09-27,1,2,13,23.31,1
62748,2019-07-12,1,2,2,45.16,0
64807,2021-01-11,3,6,12,2.65,1
75194,2022-04-20,2,5,8,26.79,0
7981,2022-07-09,1,4,7,44.94,0
26908,2022-08-04,3,7,5,43.12,0
8042,2019-12-12,2,10,6,44.03,0
8081,2020-08-26,1,6,10,32.5,0
64988,2022-05-01,3,6,6,12.03,0
26980,2019-01-30,1,8,11,31.14,0
10825,2021-03-26,2,2,1,21.16,0
61066,2021-09-29,3,9,7,35.66,1
71539,2019-02-11,1,6,5,31.01,0
45992,2022-01-06,2,8,11,14.43,1
93368,2020-06-14,2,2,8,40.4,0
85440,2022-04-04,1,9,2,27.05,0
22962,2019-02-13,3,3,6,33.98,1
7064,2021-01-10,1,9,5,16.86,0
13814,2019-10-15,2,4,13,25.4,1
86080,2023-04-26,3,7,5,21.36,0
85373,2022-05-24,2,9,6,48.91,0
31400,2022-10-25,2,4,10,13.07,0
10734,2023-06-24,1,5,1,31.6,1
24762,2022-11-24,1,6,1,25.31,0
3423,2023-09-29,3,5,13,48.91,0
86450,2021-12-23,3,6,7,23.71,0
849,2022-11-07,3,2,8,30.78,1
63649,2022-09-26,3,9,12,23.98,0
32832,2023-03-29,3,6,3,10.4,0
92777,2019-09-12,1,8,5,22.01,0
2989,2020-06-14,1,9,11,18.61,0
41938,2020-05-22,1,2,12,6.97,0
57342,2023-11-07,3,3,6,6.36,1
23656,2023-03-16,2,9,13,49.86,0
73381,2021-10-25,2,6,9,17.78,1
39331,2020-04-28,1,9,4,38.94,1
11172,2023-08-12,2,2,8,2.75,0
57029,2022-07-04,1,2,11,32.39,0
72061,2020-07-22,3,9,3,27.34,0
64377,2021-04-06,1,2,4,41.18,0
94490,2020-12-20,2,5,7,19.77,0
85042,2020-01-02,3,10,7,36.99,0
93394,2019-05-28,1,5,5,45.08,1
14878,2021-09-04,1,5,1,38.43,0
81619,2023-11-30,1,4,13,33.98,0
87378,2023-04-10,3,8,12,18.42,1
78852,2020-04-21,1,7,7,19.66,0
41459,2022-09-22,1,5,5,15.27,0
8435,2023-08-19,3,5,1,3.27,0
69690,2020-08-25,1,6,2,9.65,0
75874,2021-02-22,1,7,6,27.08,0
45352,2020-07-23,1,8,12,7.37,0
40401,2021-11-23,1,10,9,22.48,0
89854,2021-05-16,3,4,4,45.3,0
78857,2021-01-25,1,4,4,31.37,0
43902,2020-01-26,2,6,5,19.58,0
5739,2021-06-28,2,5,13,14.16,0
48712,2021-03-13,1,5,10,38.56,0
92638,2023-03-15,2,1,5,13.35,0
54494,2019-04-14,3,9,13,35.49,0
53752,2023-06-28,3,2,2,32.0,0
17547,2019-07-31,2,8,1,9.97,0
10637,2020-03-25,3,5,7,8.32,0
40363,2020-01-24,1,9,6,18.68,0
51903,2019-12-16,3,7,2,38.04,0
29819,2023-12-06,2,8,3,46.02,0
62033,2022-03-14,1,7,13,20.41,0
88640,2020-02-06,2,10,10,6.04,1
32488,2022-10-22,2,10,1,16.11,0
86707,2021-06-21,2,8,8,14.14,0
96251,2022-04-05,1,3,4,13.07,0
74574,2022-12-27,1,5,1,4.77,1
54241,2021-10-28,1,4,5,41.56,0
98907,2021-01-18,3,4,2,43.33,0
12641,2023-11-22,2,9,6,27.61,0
90203,2020-03-15,3,1,10,44.42,0
2494,2022-12-17,1,9,8,45.44,0
97638,2020-12-12,1,9,8,39.64,0
51198,2022-07-12,1,3,5,24.63,0
23832,2023-07-10,2,4,1,13.25,0
76445,2020-12-16,1,8,9,34.91,0
8092,2019-07-13,3,6,2,13.5,0
61219,2023-11-05,3,4,5,26.25,0
16383,2020-08-30,2,10,13,8.94,1
36897,2020-03-06,1,1,7,44.3,0
61141,2020-06-22,1,10,5,8.19,0
95889,2021-07-24,3,6,6,6.1,0
25930,2020-09-21,3,2,3,7.68,0
86938,2021-01-14,1,3,8,17.18,0
79061,2020-11-03,2,4,6,14.97,0
95844,2020-01-07,2,10,2,9.44,0
99973,2021-11-11,1,1,3,33.41,0
59673,2023-05-06,3,6,10,30.38,0
59587,2019-07-02,1,4,5,37.72,0
57145,2019-06-11,2,2,6,16.02,0
89733,2019-12-16,1,6,1,40.89,0
70087,2021-11-10,1,3,9,18.13,0
91726,2023-05-23,2,8,4,11.52,0
32493,2021-06-28,1,3,4,14.62,0
55074,2020-08-21,1,6,11,31.62,0
14169,2023-01-22,1,3,8,13.12,0
94581,2023-12-29,1,8,11,20.84,0
79819,2021-09-10,3,9,6,21.31,1
19519,2022-01-20,1,8,5,18.43,0
70427,2022-10-08,2,1,1,47.05,1
33719,2020-08-12,3,4,5,15.26,0
77379,2022-03-13,2,2,13,20.17,0
43644,2020-08-05,1,3,2,4.55,0
28772,2020-11-23,1,8,2,6.04,1
30542,2022-03-30,2,4,7,25.08,0
40644,2023-12-28,1,10,13,37.98,0
9777,2021-10-22,2,8,7,28.91,0
92633,2021-10-18,1,3,4,23.83,0
35800,2022-06-28,2,10,2,26.56,0
33705,2023-11-24,3,9,1,7.25,0
21280,2023-09-02,2,3,6,18.51,0
14550,2023-07-20,3,3,7,46.21,0
64537,2020-07-29,1,3,8,24.03,0
54398,2021-09-17,1,1,7,5.83,0
61555,2019-12-06,3,9,2,34.78,0
94666,2023-01-02,2,3,1,30.42,0
33381,2019-02-19,2,4,11,22.05,0
15138,2022-01-13,3,1,12,34.03,0
69155,2021-02-05,1,4,9,26.52,1
9751,2022-12-23,2,4,1,2.53,0
36947,2019-11-04,3,5,11,15.22,0
20532,2021-02-14,3,10,13,49.59,0
67556,2022-08-03,3,4,1,32.93,0
9107,2019-08-13,1,10,3,36.93,0
65490,2019-03-22,1,7,6,38.25,0
32676,2023-07-07,2,7,8,22.34,0
22190,2023-09-07,3,3,10,30.1,0
23,2023-03-28,2,2,4,20.41,1
90327,2023-07-16,2,7,8,12.11,0
91059,2021-03-10,2,1,10,18.46,0
35004,2022-08-31,3,10,2,18.12,0
77119,2022-12-23,2,5,8,23.49,1
83101,2019-12-31,3,8,4,40.12,0
47145,2022-09-27,1,6,1,13.91,0
62903,2019-09-01,1,3,1,30.65,0
6234,2019-04-10,3,5,4,44.82,0
81196,2019-02-27,1,4,4,19.52,0
71194,2020-04-11,3,10,11,2.18,0
22078,2022-03-19,1,2,5,42.71,0
82,2020-11-09,1,5,1,32.83,0
14581,2023-06-16,2,9,7,4.45,0
2206,2023-12-20,3,5,6,20.68,0
65886,2019-01-20,1,2,12,47.05,0
71481,2019-07-22,2,8,9,5.09,1
95642,2023-03-13,1,5,11,20.54,0
59529,2020-09-20,3,3,8,14.81,0
66136,2020-09-12,3,6,12,18.37,0
67966,2023-11-19,2,1,5,40.08,0
68541,2019-05-25,2,9,12,36.15,0
50334,2019-08-04,3,6,8,36.57,0
49468,2021-01-08,1,10,5,33.13,0
32689,2020-08-29,3,8,7,45.59,0
36265,2022-03-04,1,6,7,31.99,0
29387,2022-09-22,2,4,10,20.68,0
11727,2023-10-02,1,10,6,34.26,0
15018,2021-12-23,2,7,4,23.55,0
88895,2021-07-03,3,5,10,45.66,0
96071,2021-11-05,1,4,5,31.96,0
63562,2022-05-23,2,9,1,22.95,0
57584,2021-07-26,1,3,8,32.87,0
80211,2020-05-10,3,7,9,26.56,0
71650,2020-05-16,1,8,3,29.82,0
55700,2021-11-08,2,6,5,33.7,0
41310,2019-08-21,3,10,11,8.51,0
64012,2021-01-29,1,5,10,16.21,0
47826,2021-02-03,3,4,2,42.04,0
80258,2021-02-15,1,6,3,33.0,0
96447,2021-04-18,1,9,2,18.38,0
90120,2023-08-17,2,4,13,14.27,0
70511,2021-03-18,1,2,7,8.59,0
23544,2020-10-05,3,7,12,45.96,0
79614,2020-11-24,3,7,12,19.98,0
88498,2020-04-11,1,7,1,32.51,0
15708,2020-02-20,3,8,2,27.05,0
73927,2022-07-27,1,10,11,41.28,0
65556,2021-01-20,3,4,4,12.67,1
11739,2022-09-11,2,2,8,33.42,0
78612,2020-11-13,1,4,3,40.07,0
6409,2023-02-25,2,8,10,24.89,0
29026,2022-04-27,1,2,1,7.67,1
64945,2021-03-20,2,8,9,34.51,0
22809,2023-02-21,1,9,4,37.28,0
94470,2023-06-20,3,10,6,2.03,1
52042,2020-10-05,3,10,13,23.22,1
64932,2021-05-27,3,10,10,31.21,0
60588,2022-08-23,3,4,13,23.11,0
27996,2019-03-22,2,1,11,49.55,0
69340,2019-03-27,3,8,3,18.77,0
7513,2020-04-08,2,5,10,44.06,0
32492,2021-09-24,2,1,7,37.26,0
50164,2020-03-16,1,3,6,20.25,1
14576,2019-11-15,2,9,12,22.35,0
14241,2022-10-02,2,2,5,27.42,0
19670,2023-11-29,3,5,10,31.78,0
11253,2023-05-26,1,10,10,6.62,0
37268,2023-01-28,2,3,8,16.25,0
59287,2019-05-21,1,7,5,33.38,0
91091,2021-07-21,1,4,8,16.52,0
14448,2023-07-21,3,1,1,34.38,0
40531,2023-08-17,3,3,1,35.01,0
39567,2021-02-13,2,4,13,33.01,0
91094,2021-06-16,1,2,9,12.7,1
6236,2023-01-31,3,5,10,29.67,0
79910,2023-03-05,2,4,12,43.75,0
99654,2023-06-14,2,7,6,37.63,0
55637,2020-01-25,3,7,13,40.74,0
27043,2022-11-30,3,5,2,9.37,0
1850,2021-07-03,3,4,3,4.26,0
92122,2020-11-30,2,4,1,22.99,0
57066,2022-08-03,1,4,9,22.17,0
13606,2022-12-30,3,5,11,22.8,0
60928,2021-06-27,1,4,3,7.53,0
9761,2022-09-09,2,6,3,49.37,1
65946,2021-04-10,1,3,2,8.56,0
6244,2023-11-11,1,7,10,39.36,0
90639,2023-09-29,2,2,6,35.78,0
60761,2023-11-18,1,4,3,8.13,0
75225,2023-11-27,3,7,3,46.85,0
55120,2022-02-20,2,7,3,5.92,0
549,2019-12-08,2,4,1,41.67,0
71207,2019-06-08,3,1,5,36.41,0
85999,2019-10-20,1,8,12,5.36,1
371,2019-01-15,1,2,11,11.31,0
1831,2022-08-05,3,4,8,7.06,0
69901,2020-10-01,2,6,10,33.1,0
56877,2019-04-19,1,9,12,16.96,1
14385,2021-09-07,3,3,8,41.35,0
38961,2023-09-02,1,2,11,23.12,0
23130,2023-03-04,2,8,4,27.82,0
82112,2020-12-15,2,2,7,23.43,0
76089,2022-03-24,2,6,13,12.44,0
31843,2023-09-29,3,4,13,21.62,1
99781,2023-12-04,2,8,10,4.35,0
1490,2023-10-02,2,7,7,29.22,0
47739,2019-07-03,3,9,1,10.89,0
28534,2021-01-15,1,8,1,30.15,0
23007,2023-08-17,1,3,10,48.95,0
58449,2019-09-12,3,1,2,34.63,0
10663,2022-03-11,2,9,7,5.91,1
54233,2023-01-31,1,3,3,16.88,0
46902,2020-08-18,1,7,6,45.47,0
8345,2021-03-14,3,9,4,33.46,0
19483,2022-07-10,1,6,4,29.19,0
64033,2021-05-28,3,1,8,21.35,0
63657,2020-02-03,1,9,4,43.51,0
79107,2021-04-05,2,9,4,32.9,0
95375,2021-08-21,2,9,8,41.94,0
55208,2022-11-03,1,10,4,8.14,0
23061,2023-11-08,3,4,7,38.84,0
49066,2021-10-03,3,5,6,23.34,0
68191,2020-12-17,3,2,7,4.84,0
35024,2021-11-09,1,1,8,20.17,1
32757,2021-04-12,3,9,11,48.48,1
53795,2019-03-27,3,6,5,39.7,0
93209,2022-02-25,3,5,1,30.07,0
87707,2020-04-27,3,9,3,6.95,0
85414,2021-12-29,3,1,9,19.76,0
5089,2022-10-13,3,2,6,44.09,0
30878,2023-09-06,1,4,12,39.2,0
82861,2023-05-14,1,10,11,32.63,1
29629,2019-08-02,1,9,8,38.9,0
32152,2020-12-19,3,2,10,24.42,0
99581,2023-03-03,3,2,8,39.24,0
1325,2021-10-20,1,7,9,21.39,0
35117,2023-05-08,2,8,13,20.65,0
1127,2023-08-04,2,3,11,26.02,0
87590,2019-08-18,1,8,2,45.84,0
40840,2019-03-19,3,2,7,25.51,0
72600,2021-02-23,2,10,13,6.24,1
5362,2020-11-10,1,9,5,13.82,0
4205,2023-04-24,2,10,8,35.88,0
83866,2020-11-29,2,9,5,39.71,0
84416,2021-11-19,3,3,4,19.69,0
20827,2021-07-07,2,4,8,31.85,0
16922,2022-03-10,1,4,7,41.7,0
84153,2020-05-31,2,8,1,10.23,0
8281,2021-12-12,1,1,10,40.32,0
76658,2021-10-20,2,4,4,16.07,0
76610,2023-12-10,1,9,7,48.37,1
29980,2023-10-04,1,5,12,31.23,1
5529,2020-05-24,2,9,11,20.24,0
27376,2019-08-05,2,7,1,27.31,1
66972,2022-06-30,1,8,8,43.99,0
72462,2021-03-22,3,3,8,7.99,0
26754,2020-10-03,1,9,11,29.94,0
76871,2022-08-26,2,8,3,6.49,0
53459,2023-03-27,3,1,5,5.8,0
43044,2019-08-10,2,10,11,13.51,0
24691,2020-01-19,1,1,10,24.95,0
75835,2023-06-22,3,4,8,48.64,0
75222,2020-07-02,1,5,12,14.11,0
56332,2019-06-09,2,4,6,40.94,0
33263,2021-11-27,1,1,5,47.2,0
12841,2020-03-08,2,2,11,28.15,0
98952,2019-06-14,3,4,9,30.4,0
10877,2019-09-18,1,10,9,42.29,0
35366,2021-12-11,1,8,10,25.45,1
5456,2023-09-12,3,6,2,46.84,0
76553,2020-06-12,3,10,1,6.69,1
71597,2022-03-23,2,4,13,46.95,0
48518,2023-11-25,2,3,3,44.59,0
30314,2020-09-11,1,5,11,46.97,0
17295,2023-01-23,2,2,11,13.18,0
29934,2022-01-21,1,4,11,25.87,0
24039,2019-08-06,1,6,12,8.56,0
48607,2019-07-21,3,10,5,19.96,0
47084,2022-04-17,2,9,10,33.9,0
48598,2019-10-23,3,1,9,20.15,0
54601,2022-08-26,3,8,3,3.75,1
67454,2022-01-21,1,2,1,24.39,0
80979,2020-09-16,1,10,4,31.23,0
40066,2019-04-28,3,2,3,23.29,0
58337,2020-01-27,3,10,1,13.02,0
45838,2019-07-03,1,4,11,34.1,0
95639,2023-11-27,1,2,10,33.68,0
75739,2020-11-10,3,8,4,47.35,0
51083,2022-06-19,2,10,3,45.11,0
17574,2019-05-07,2,5,8,18.46,0
47189,2020-10-23,2,2,10,36.14,0
33770,2020-12-29,1,8,8,4.7,1
62184,2021-12-09,2,3,4,20.11,0
84805,2023-06-07,2,3,1,7.73,0
75786,2019-08-18,1,7,12,31.98,0
67751,2022-07-03,2,10,12,39.3,0
78058,2020-06-09,3,8,13,6.27,0
29037,2022-04-25,3,10,12,26.36,0
96170,2022-11-23,2,6,6,48.4,0
99026,2019-11-27,3,3,2,9.34,0
72869,2021-01-18,3,6,4,21.13,0
64971,2019-12-29,3,7,2,2.94,0
67113,2020-03-16,3,1,4,45.07,0
48470,2022-08-13,3,7,12,37.61,1
21416,2022-09-23,2,6,7,24.7,0
10148,2021-11-01,1,3,12,42.88,0
77694,2019-02-22,1,5,1,14.81,0
76762,2019-11-05,3,5,13,9.47,0
99477,2019-05-19,2,4,1,22.66,0
29170,2023-06-17,3,2,8,13.79,0
11798,2022-05-04,2,5,1,5.84,0
57594,2022-05-05,2,5,9,10.25,0
75011,2019-03-22,3,1,10,4.38,0
64036,2022-12-12,2,5,8,22.96,0
24860,2019-03-05,1,4,9,22.93,0
44234,2020-02-17,3,9,11,24.09,0
66939,2021-08-16,3,9,1,48.92,0
80367,2019-02-17,3,4,9,18.8,1
5081,2023-05-03,3,6,9,23.97,0
65104,2020-03-13,2,10,12,18.65,0
62784,2019-04-21,1,2,5,46.66,0
39181,2019-05-21,1,8,4,24.41,0
95679,2021-08-26,2,9,4,41.47,0
45741,2019-05-04,2,6,13,5.48,0
33298,2023-02-28,2,6,2,31.05,0
73204,2021-06-19,3,8,9,18.06,0
41745,2021-10-10,1,7,5,28.38,0
99872,2022-12-09,1,1,13,30.09,0
3721,2023-12-18,2,9,12,25.26,0
85710,2019-05-27,3,3,5,30.02,0
8026,2022-05-23,2,9,11,31.5,0
22553,2022-03-20,2,2,11,40.42,0
52831,2022-04-24,1,1,4,49.28,1
25994,2022-04-26,3,2,2,29.41,0
45190,2019-09-07,3,5,8,25.32,0
92934,2022-10-08,2,9,7,31.52,0
51355,2022-10-17,3,8,9,25.69,0
10759,2019-03-30,1,1,11,32.53,0
58521,2020-04-19,2,3,9,31.72,0
9284,2022-10-28,3,9,1,44.76,0
40952,2021-03-05,1,6,4,24.19,0
28212,2020-10-13,3,1,2,19.26,0
53066,2019-12-18,2,4,8,7.26,0
88345,2020-01-24,1,9,8,42.15,0
28461,2023-04-18,2,3,6,6.56,0
87738,2020-09-28,3,2,10,18.91,0
18562,2020-08-16,3,9,4,30.44,0
99622,2022-02-11,1,8,2,8.67,0
81020,2020-01-29,3,4,6,13.3,0
96836,2020-11-29,1,1,4,21.63,1
64234,2021-04-13,2,4,11,39.37,1
53824,2021-09-28,3,9,10,36.31,0
29345,2019-02-23,2,5,7,6.43,0
28108,2021-03-21,1,9,6,4.9,0
88665,2023-04-06,3,6,9,4.15,0
62271,2020-02-19,3,10,11,5.78,0
96607,2021-03-11,3,5,12,13.5,0
61831,2023-02-11,2,7,5,39.06,1
36542,2023-04-21,2,6,10,26.76,0
28444,2020-03-12,3,2,7,9.9,0
89377,2022-11-13,3,3,1,38.78,0
40816,2021-05-20,1,6,2,2.25,0
80247,2019-03-26,1,2,1,33.05,0
74254,2020-05-22,3,6,9,27.12,0
85808,2020-08-21,1,10,4,48.8,0
27632,2021-09-17,1,5,3,47.32,0
88815,2020-01-11,2,9,4,44.39,0
10975,2021-01-22,3,10,11,17.44,1
45751,2019-09-11,1,10,9,45.55,1
47092,2023-04-03,3,7,10,33.57,0
73168,2021-11-29,3,1,12,31.53,0
73117,2020-01-14,3,2,3,35.83,0
17778,2022-03-07,3,4,10,33.71,1
66614,2020-12-31,2,1,10,36.54,0
95492,2021-01-23,3,5,3,43.73,1
65763,2021-01-12,2,8,11,14.15,0
66178,2023-05-03,1,8,11,20.0,0
13760,2023-12-21,2,9,5,30.22,0
93078,2020-10-13,3,10,2,34.25,1
6917,2021-07-20,3,2,2,4.08,0
51315,2021-06-21,3,2,5,30.28,0
18671,2020-10-17,2,1,6,18.64,0
10778,2020-05-01,2,7,1,37.11,0
34540,2023-03-25,2,8,3,16.24,0
46253,2023-05-06,3,1,4,49.15,0
8560,2021-11-02,3,2,4,36.75,0
45336,2021-01-01,2,7,11,40.78,0
20868,2022-09-20,3,8,6,38.34,0
51433,2023-10-10,1,9,8,42.3,0
84112,2022-04-22,3,9,12,28.72,0
5751,2021-08-14,1,2,9,30.39,0
23366,2022-04-12,3,6,4,33.47,0
68310,2019-03-26,3,7,3,2.71,1
77881,2021-09-13,3,9,12,34.05,0
19322,2019-09-05,1,5,12,43.73,0
14109,2023-02-09,3,3,11,12.79,0
72860,2020-04-08,3,9,8,45.97,0
674,2021-09-04,3,7,13,23.26,0
1352,2023-04-12,1,10,13,21.68,0
98098,2021-12-14,1,4,12,20.61,1
18779,2021-08-17,1,4,9,44.6,0
56686,2023-11-10,2,5,13,41.32,0
61413,2023-04-07,1,10,4,36.96,0
91637,2019-10-23,3,9,5,32.37,0
65253,2023-10-14,2,6,8,20.24,0
33484,2022-12-31,1,7,10,32.19,1
28616,2021-06-14,1,1,11,38.43,0
81571,2022-09-27,1,6,6,3.45,1
63271,2021-09-30,2,5,4,7.64,1
41467,2020-09-29,1,7,3,27.22,1
89109,2022-12-23,2,6,10,41.21,1
20142,2021-05-28,1,9,10,47.08,0
47116,2020-01-03,3,3,11,27.06,0
38411,2021-06-25,3,5,11,26.58,0
97849,2019-07-21,3,2,8,14.08,1
31432,2022-02-25,3,2,5,23.36,0
76041,2021-06-21,2,4,6,36.85,1
6052,2023-01-06,2,2,1,17.75,0
20377,2023-09-12,2,5,5,42.1,0
3883,2019-08-10,2,8,6,3.92,0
44685,2022-06-30,1,4,1,13.88,0
33716,2019-05-28,3,7,4,38.36,0
53489,2019-08-18,1,3,11,20.72,0
5541,2023-05-28,2,9,4,3.58,0
29425,2022-10-30,3,3,2,3.57,0
13591,2019-09-24,1,7,10,41.97,0
57902,2020-12-19,2,8,5,20.01,0
98256,2022-06-20,3,2,8,29.36,0
13718,2019-12-20,1,9,4,27.15,0
17076,2021-06-29,1,7,5,15.05,0
96953,2023-10-13,2,7,12,17.63,0
89834,2019-12-10,1,2,13,29.96,0
94865,2021-09-08,2,4,11,2.06,0
43270,2023-04-17,2,5,2,41.55,0
23404,2021-07-13,1,2,2,19.77,0
1073,2021-02-20,3,8,13,7.58,0
72494,2023-05-06,1,9,12,15.7,1
35282,2023-02-04,2,8,6,3.23,0
21628,2021-08-22,2,9,6,14.53,0
20420,2021-03-29,2,8,13,39.92,0
41336,2023-11-30,1,4,2,25.98,0
7111,2023-11-14,1,4,3,18.65,0
1504,2022-08-07,1,3,3,21.06,0
45063,2020-12-07,2,2,4,48.61,0
15975,2022-01-21,3,1,9,4.23,0
52530,2021-09-12,2,3,1,45.92,0
58492,2021-08-23,1,10,9,23.4,0
5519,2020-02-02,2,5,13,27.05,0
95818,2020-04-21,3,5,13,30.18,0
77613,2023-03-28,1,4,1,11.41,0
67849,2023-08-26,3,6,11,44.32,0
79827,2019-10-21,3,10,6,31.38,0
25286,2023-05-25,2,5,10,30.09,1
55015,2020-05-19,2,10,6,15.14,0
37977,2022-06-08,1,1,1,4.94,0
588,2023-10-11,1,2,4,45.63,0
16476,2019-12-24,2,1,11,28.25,1
47727,2022-01-01,2,8,4,46.56,0
46162,2020-11-24,2,3,13,8.4,0
10166,2022-03-01,1,6,1,25.3,0
38947,2021-04-21,2,6,13,8.91,0
78824,2022-12-10,1,1,10,30.41,0
46198,2021-05-07,2,5,9,36.83,0
52143,2021-04-24,2,10,9,42.63,1
39938,2019-10-15,3,6,11,17.89,0
99636,2020-04-07,2,2,10,13.43,1
17846,2020-11-03,1,6,6,38.68,0
46843,2023-04-03,1,5,2,25.89,0
92289,2023-09-30,2,10,4,6.27,0
87382,2022-02-07,1,5,11,20.82,0
99634,2022-05-10,1,2,6,36.47,0
95299,2021-11-09,2,1,1,20.65,0
84348,2020-07-13,2,5,5,9.32,0
48270,2023-10-27,2,1,8,2.71,0
72226,2023-11-17,1,7,5,46.16,0
55435,2020-04-11,3,2,13,3.87,0
56700,2019-10-01,3,5,6,17.74,0
7669,2023-03-21,1,7,6,17.22,0
21851,2021-01-25,2,5,3,14.71,0
39929,2023-11-06,2,8,7,35.48,1
78929,2021-10-19,2,8,9,33.18,0
65503,2021-04-19,2,10,13,17.85,0
94922,2021-04-29,1,8,4,17.17,0
98891,2022-09-24,2,3,13,42.01,0
13575,2020-05-17,1,7,7,45.39,1
95877,2021-07-30,1,7,12,39.21,0
33286,2021-04-25,2,3,9,35.54,0
29071,2020-10-09,2,8,2,45.68,0
9807,2023-04-08,2,3,8,32.43,1
22016,2020-10-27,1,7,5,27.35,1
23771,2019-05-19,3,6,3,8.6,0
3700,2021-02-07,2,2,9,25.14,0
70732,2019-04-12,3,1,3,41.86,0
99308,2019-08-29,3,6,6,7.09,0
43661,2022-05-18,2,5,6,38.4,0
29977,2019-02-22,1,6,8,49.44,1
82317,2021-04-27,2,8,13,20.44,0
84533,2021-01-09,1,7,11,7.76,0
62075,2019-08-20,1,1,12,21.13,0
86756,2021-01-07,3,2,8,17.01,0
59389,2020-07-13,1,3,3,9.72,0
92189,2021-11-27,3,5,3,38.35,0
69038,2022-02-07,2,8,10,8.41,0
67664,2020-02-27,3,10,7,43.1,0
11788,2022-01-11,3,8,8,13.16,0
65056,2021-11-11,1,7,8,22.45,0
43604,2022-02-04,1,3,9,45.0,0
80153,2023-08-07,2,8,3,49.07,0
13417,2019-01-14,3,7,5,26.1,0
67021,2019-08-07,1,3,11,6.51,0
64749,2022-12-01,1,7,13,23.98,0
11281,2022-05-02,1,9,11,46.16,0
17409,2023-06-27,3,10,2,30.24,0
10756,2019-09-14,1,9,1,18.37,0
47473,2020-07-23,1,8,6,30.64,0
10464,2020-03-21,3,6,11,9.1,0
18019,2023-08-09,1,10,3,41.95,0
15065,2020-04-03,1,8,12,25.44,0
99014,2020-08-07,3,10,4,15.6,1
41649,2022-04-23,3,8,2,46.83,0
40140,2021-03-05,2,9,12,5.44,0
73684,2021-01-10,3,9,7,14.59,0
16357,2022-11-22,1,7,13,42.95,0
91393,2020-11-12,1,5,6,3.99,0
92950,2020-07-26,3,4,7,32.75,0
65573,2022-08-26,3,6,4,5.78,0
11835,2021-08-16,3,7,11,32.99,0
8330,2021-10-09,2,8,12,7.81,0
82852,2020-10-04,2,2,3,10.26,1
32276,2019-07-03,3,5,2,39.84,0
71876,2020-11-05,1,4,6,33.99,0
55513,2022-05-23,1,10,10,45.99,0
28081,2019-01-08,2,7,6,17.41,0
80724,2022-02-17,3,1,10,40.56,0
98900,2020-04-08,3,6,9,38.34,0
90475,2020-01-04,1,10,13,31.1,0
80418,2022-07-03,3,4,3,22.95,0
12670,2019-01-05,1,6,7,29.23,0
71532,2023-08-18,1,2,4,25.02,0
30717,2019-04-13,2,6,13,21.01,0
79884,2023-06-10,2,6,10,49.81,0
49185,2020-06-16,1,6,4,30.49,0
69985,2023-01-28,3,10,2,29.16,0
91986,2020-11-25,1,7,3,27.72,1
23157,2019-07-19,2,2,8,35.46,0
66898,2023-06-27,1,6,10,5.45,0
12368,2022-09-30,1,4,4,2.08,0
10660,2023-11-06,1,9,6,33.52,0
62151,2019-06-20,2,8,8,37.6,0
19271,2019-10-06,2,5,3,34.15,0
1534,2020-04-22,1,3,6,12.39,1
20345,2019-12-22,3,7,10,39.48,0
92824,2023-12-29,2,9,7,20.23,0
63628,2020-03-05,3,9,1,16.44,0
2493,2020-05-22,3,6,12,8.48,0
96564,2020-12-20,3,1,5,42.94,0
41183,2020-02-09,1,3,3,3.89,0
44819,2020-07-30,3,7,4,30.1,0
39130,2019-09-08,3,9,6,40.44,0
24305,2022-04-19,2,7,5,8.84,0
46691,2022-05-12,3,6,9,44.35,0
29884,2020-10-24,3,10,2,11.58,0
35174,2023-12-02,2,3,4,45.22,0
88356,2023-05-16,3,8,9,38.96,1
53766,2022-05-14,3,5,12,11.36,0
64750,2022-01-30,1,3,3,34.11,0
97560,2023-03-29,2,10,7,8.62,0
9301,2022-07-24,1,8,11,47.48,0
48563,2023-10-21,1,8,11,42.07,0
28842,2019-01-27,2,4,13,41.71,0
29539,2020-05-02,2,6,2,15.3,0
87341,2020-12-04,1,10,10,16.19,1
60917,2021-07-07,3,8,7,22.22,0
33860,2019-04-06,3,1,3,2.81,0
12811,2023-04-14,3,2,9,35.6,0
51138,2020-10-19,2,9,5,45.05,1
87144,2021-02-20,1,10,12,25.86,0
59608,2020-07-14,3,10,12,22.47,0
61013,2021-11-20,2,2,1,20.91,0
32048,2021-08-26,2,2,13,43.35,0
32643,2020-10-11,3,4,3,22.55,1
29177,2023-12-26,1,8,6,19.33,0
68654,2022-08-20,2,7,9,42.57,1
40566,2019-11-08,2,2,12,27.38,0
27488,2019-03-07,2,10,12,40.23,0
80974,2021-08-09,1,3,2,48.98,1
61292,2022-08-12,1,4,7,38.52,0
720,2021-12-17,2,3,5,10.64,0
94048,2020-03-13,2,10,2,2.65,1
74062,2020-09-25,3,2,12,48.75,0
90457,2021-03-17,1,7,7,36.27,0
69826,2021-06-25,2,5,5,20.69,0
44674,2021-04-22,3,8,6,32.46,0
80771,2020-11-02,3,5,11,18.26,0
88477,2022-08-09,3,4,8,48.25,0
24183,2020-10-02,1,2,8,48.38,1
75862,2023-10-17,3,10,7,49.54,0
28727,2019-04-05,3,3,10,39.51,0
63113,2019-08-01,2,8,1,3.45,0
75244,2023-10-18,3,2,5,4.06,1
33176,2019-06-07,3,2,8,12.0,0
57432,2019-07-06,2,4,11,44.13,1
48559,2022-11-05,1,4,9,33.57,0
84764,2023-08-13,2,1,5,39.94,1
30256,2019-07-25,2,3,6,34.71,0
7740,2020-06-24,1,2,2,47.57,0
39142,2021-10-19,3,9,11,23.6,0
17443,2021-05-30,3,10,11,46.49,1
32837,2022-03-17,3,10,7,23.57,0
54947,2021-08-03,2,7,6,17.01,0
70465,2022-03-14,1,8,7,27.3,0
96770,2021-10-19,3,9,12,25.46,0
61918,2019-08-20,2,10,12,44.66,0
12582,2023-11-13,2,6,1,36.79,1
65160,2022-06-20,1,3,2,14.37,0
83896,2019-01-09,2,6,5,27.8,0
41264,2021-12-14,2,4,13,15.34,0
56400,2021-03-21,1,8,8,39.0,0
37335,2021-01-26,2,1,4,28.34,0
97885,2022-05-05,3,1,9,17.65,0
99451,2023-11-09,3,9,7,9.79,0
89043,2022-07-24,2,7,10,33.92,0
16619,2021-02-07,1,4,6,40.87,0
48533,2019-06-24,3,9,11,29.21,0
42103,2023-08-30,2,6,2,43.1,0
21438,2023-09-30,1,9,6,31.99,0
58200,2023-01-24,2,1,8,22.96,0
91506,2023-12-14,3,3,5,12.61,1
46085,2020-03-15,3,6,2,26.74,0
49805,2019-10-22,3,1,10,20.51,0
40351,2019-02-25,1,9,9,12.81,0
43540,2023-01-29,3,5,7,27.47,0
47987,2020-11-30,1,3,3,49.86,0
33858,2019-09-23,3,1,5,38.52,0
54217,2021-03-21,2,1,9,30.15,0
79523,2023-08-16,1,9,13,36.48,0
6241,2021-05-06,1,8,13,6.36,0
80681,2021-03-08,1,9,2,25.05,0
24136,2023-08-16,3,6,11,34.04,0
2529,2022-06-16,2,9,12,46.87,0
13023,2022-09-06,2,5,2,41.6,0
26284,2020-04-12,3,9,4,3.84,0
92736,2022-05-22,2,6,10,33.74,0
61948,2021-06-22,2,9,1,21.69,0
71671,2019-04-12,3,1,2,37.31,1
75648,2021-04-12,1,1,3,8.81,0
44759,2019-10-26,3,6,10,19.1,0
19202,2021-11-25,1,6,6,7.82,0
98486,2022-04-12,3,8,13,12.86,1
44803,2022-03-21,2,9,9,3.2,0
50622,2020-04-06,2,4,12,17.21,0
82789,2023-07-26,1,6,8,11.64,0
46000,2020-03-09,1,1,8,38.92,1
21900,2021-04-26,1,2,3,24.77,0
2090,2021-03-23,1,10,13,27.84,0
91553,2020-11-18,1,4,7,36.01,0
13562,2023-10-22,2,8,12,16.81,1
55698,2022-03-05,2,1,3,41.2,0
97488,2019-05-15,3,2,3,29.23,0
36370,2022-05-12,3,5,10,16.61,0
37968,2019-12-06,2,5,4,11.06,0
89579,2021-11-07,3,9,5,6.31,0
50917,2020-09-27,2,3,7,6.22,0
36255,2023-05-02,2,1,9,2.66,0
32338,2019-05-03,2,10,5,48.62,0
33713,2021-09-22,1,2,8,11.26,0
77507,2023-02-24,1,8,1,42.93,1
34339,2022-06-15,1,3,5,49.39,0
16649,2023-02-06,2,10,10,39.74,0
62634,2022-05-05,3,7,4,15.97,0
9890,2023-03-30,1,6,10,39.88,0
52997,2022-10-30,3,5,4,47.73,0
17592,2023-03-09,1,2,7,5.75,0
72341,2019-10-28,3,3,2,16.26,1
88053,2020-08-04,2,9,10,43.74,0
99874,2023-10-14,1,6,7,29.62,0
35766,2019-04-27,1,7,5,16.85,0
31827,2022-06-30,2,2,11,5.28,0
65312,2019-05-02,3,4,10,47.29,0
20458,2019-03-21,1,5,8,49.25,0
94686,2022-09-17,3,3,6,29.9,0
42917,2022-12-13,3,4,2,8.73,1
44712,2019-09-29,3,2,7,32.72,0
56165,2020-09-10,1,7,11,34.63,0
43864,2023-01-30,3,6,7,33.23,0
2880,2022-08-26,3,10,5,5.03,0
90618,2022-01-20,3,4,2,30.69,0
88158,2019-08-09,1,10,10,32.37,0
8670,2021-03-23,1,10,5,37.24,0
65045,2022-10-31,3,5,2,2.74,0
65300,2023-01-26,2,6,3,9.14,0
56553,2023-01-01,3,10,4,23.01,0
89502,2021-07-27,3,10,12,44.4,0
57091,2020-05-04,1,10,4,37.83,1
6089,2022-03-19,2,10,2,15.18,1
52480,2023-12-14,3,1,2,15.24,0
81449,2023-02-03,3,8,8,29.57,0
75929,2023-01-27,2,6,9,41.96,0
58427,2022-03-18,3,4,10,18.02,0
98979,2023-05-10,3,1,3,27.64,0
8735,2023-03-01,2,1,10,17.67,0
34628,2023-12-16,1,10,11,19.21,0
76114,2021-08-07,1,1,10,47.7,0
3127,2023-03-27,3,4,5,5.27,1
83283,2021-11-11,2,10,9,5.67,0
38702,2019-11-28,1,2,5,20.35,0
61978,2021-07-20,1,8,3,12.82,0
58818,2019-06-05,1,4,12,3.65,0
95142,2022-11-28,3,9,2,47.55,0
41082,2020-04-29,2,10,10,18.92,0
88948,2021-08-14,1,4,1,14.78,0
43453,2021-05-22,2,6,4,3.33,0
46193,2020-10-26,1,1,6,11.61,1
36634,2021-12-19,2,10,1,41.26,0
72526,2021-04-09,3,1,3,40.26,1
74462,2019-06-06,2,5,9,36.37,1
10655,2021-09-05,2,7,2,18.34,1
9018,2019-05-14,2,4,13,36.67,0
45688,2023-09-15,1,3,13,19.22,0
85663,2019-11-17,1,3,5,16.65,0
59774,2022-03-04,2,2,8,44.76,0
66241,2021-01-02,3,9,11,38.44,0
73604,2020-06-29,1,1,3,16.38,1
91933,2021-01-14,3,7,1,12.2,0
29606,2022-03-26,3,1,3,30.39,1
26556,2023-03-26,1,3,4,12.78,0
52245,2020-05-03,2,2,8,2.23,0
45669,2023-09-24,1,10,3,7.29,0
49746,2023-02-15,3,10,1,8.5,0
17373,2023-02-27,1,8,12,37.16,0
43480,2020-10-25,1,6,12,2.02,1
70595,2019-12-03,2,8,1,48.69,0
66667,2022-03-05,2,8,11,46.03,0
61063,2019-09-01,3,6,11,3.74,0
33132,2019-04-10,3,3,12,36.99,0
75867,2019-01-10,2,5,7,33.43,1
71022,2019-07-18,2,2,7,12.61,0
65232,2019-11-29,2,10,7,49.27,0
12854,2023-05-28,1,4,13,40.18,0
63645,2023-04-13,2,5,4,15.47,0
24945,2023-05-08,3,5,5,43.96,0
27891,2019-12-04,2,7,2,27.2,1
61623,2019-04-12,2,7,7,5.18,0
16402,2022-11-06,2,9,13,16.79,0
29046,2021-01-28,2,6,13,38.26,0
71103,2023-03-03,1,3,5,41.08,0
10686,2022-10-02,3,7,11,46.7,0
54311,2020-02-14,1,5,5,42.43,0
23413,2023-08-10,2,7,4,23.49,0
23397,2019-05-12,2,5,13,12.03,1
70846,2022-02-05,3,6,6,34.65,0
41912,2020-01-29,3,9,6,4.11,0
75053,2023-08-30,2,7,11,23.59,1
46732,2020-03-05,3,9,8,13.25,0
56959,2021-03-11,2,8,6,3.75,0
61657,2022-01-05,1,1,5,31.12,0
77990,2023-09-05,3,4,13,25.67,0
1022,2020-08-11,3,5,8,2.74,0
34567,2022-07-03,3,10,10,39.65,0
44446,2021-10-29,3,3,13,30.81,0
63918,2020-04-20,2,5,2,27.0,1
90488,2023-01-25,3,1,7,25.23,0
43898,2023-11-16,1,2,4,42.32,0
11557,2022-10-07,3,7,9,45.23,0
85016,2022-06-29,3,3,13,42.23,0
84060,2022-04-19,3,3,11,37.66,0
38151,2023-08-26,2,3,9,20.77,0
88659,2023-09-15,2,5,11,23.02,0
28912,2019-03-03,1,9,5,17.14,0
81225,2021-07-19,3,6,12,10.09,0
44886,2022-11-01,2,4,2,3.15,0
81396,2019-07-06,1,4,3,3.23,0
38146,2021-11-08,2,6,6,34.5,0
9131,2019-04-19,1,2,5,43.35,0
71085,2022-03-04,1,7,9,25.72,0
28514,2023-05-18,2,1,7,10.9,0
47605,2020-04-04,2,6,10,48.21,0
46886,2022-09-07,3,1,7,12.15,1
76142,2020-01-29,2,2,10,4.09,0
79996,2021-09-26,3,3,12,38.42,1
86229,2019-05-05,3,7,2,29.48,0
77460,2020-01-05,1,7,3,49.53,0
86697,2023-01-18,2,2,7,10.99,1
62862,2022-11-19,1,7,12,11.42,0
54258,2022-02-05,1,8,9,7.1,0
54927,2022-08-03,1,4,7,37.45,0
56951,2022-11-07,1,6,4,33.83,0
93796,2022-09-29,3,1,10,49.17,0
31927,2022-11-24,2,1,7,19.75,0
46788,2021-05-29,1,9,4,24.32,0
99664,2021-05-31,3,9,9,2.81,0
1328,2021-10-10,2,5,8,20.75,0
56421,2020-05-13,3,8,5,18.56,1
88998,2023-03-15,3,9,4,15.0,0
9367,2019-08-21,2,6,2,17.32,0
77333,2020-08-17,2,2,7,37.8,0
1542,2020-08-17,2,10,13,20.14,0
57284,2023-10-13,1,7,3,22.3,0
67499,2020-07-10,3,7,2,4.99,0
48918,2019-03-21,3,9,2,32.75,0
43564,2021-05-26,1,3,1,15.06,0
87884,2019-03-07,2,6,4,20.0,1
6273,2019-04-06,1,3,11,4.03,0
84247,2019-07-29,2,7,11,44.31,0
39340,2022-07-14,1,1,3,46.06,0
37379,2020-08-31,1,7,7,22.12,1
29127,2022-12-09,2,7,4,41.28,0
47741,2022-02-05,3,8,8,29.22,0
66854,2023-11-27,2,8,1,31.94,0
14003,2020-11-17,2,9,11,29.41,0
20394,2019-06-21,3,3,5,14.98,0
20242,2022-08-13,3,6,13,8.32,1
76173,2022-10-07,1,1,8,3.17,0
91932,2021-05-15,1,4,10,38.29,0
95425,2022-01-20,2,1,9,27.04,0
63242,2019-07-01,3,6,1,46.71,0
5772,2021-05-23,2,7,4,22.12,0
26649,2021-05-17,3,5,13,5.74,0
62186,2019-02-24,2,6,6,2.83,0
12326,2022-08-31,3,3,1,27.79,0
69101,2019-12-04,1,2,2,31.25,0
81920,2021-08-23,2,9,8,9.15,0
64070,2023-11-22,3,3,11,14.19,0
38270,2021-03-13,1,1,7,43.66,0
97501,2020-09-05,3,8,9,19.87,0
40977,2019-11-23,3,1,2,32.39,0
19316,2021-08-19,2,8,6,8.76,0
70457,2020-03-04,1,10,8,36.49,0
27392,2019-12-15,1,2,1,45.4,1
42900,2020-10-16,1,8,5,29.64,0
2852,2022-12-18,3,6,2,46.78,1
4725,2022-10-23,1,5,9,40.18,0
3415,2019-11-27,2,9,6,45.38,0
70741,2023-01-13,3,2,4,26.49,0
67607,2022-08-10,1,1,12,17.97,0
20591,2023-04-01,2,6,12,39.5,0
5013,2019-06-08,1,8,1,49.02,0
33776,2021-07-16,2,3,4,20.22,0
76792,2020-03-03,1,3,12,47.66,0
60466,2022-06-01,1,8,9,46.06,1
57758,2021-02-05,2,9,3,13.08,1
45672,2021-09-23,1,8,3,47.3,0
41718,2021-02-11,1,6,1,25.54,1
56538,2023-10-08,2,5,4,6.04,0
71220,2020-08-11,1,2,10,34.83,1
6388,2020-09-13,2,4,3,32.85,0
25676,2021-07-23,3,7,8,5.31,1
36756,2020-05-25,1,4,11,45.48,0
23619,2022-07-09,3,2,12,14.08,0
17404,2019-01-12,3,9,5,7.2,0
3158,2023-12-13,2,4,11,21.62,0
8784,2023-06-13,2,8,11,26.9,0
11874,2019-04-25,1,2,4,17.15,0
52539,2022-01-01,2,2,6,5.27,1
49979,2019-03-04,1,9,4,30.4,0
98678,2023-07-23,3,9,8,5.37,0
28712,2020-03-10,2,10,11,28.91,1
39146,2022-06-15,3,7,7,12.34,0
95633,2019-05-25,2,3,8,36.06,0
91280,2020-01-04,3,10,1,12.29,0
52454,2021-02-05,1,4,13,29.0,0
22957,2020-03-28,1,8,10,7.6,0
35586,2020-11-16,2,10,8,15.67,0
31967,2023-08-31,3,9,13,28.4,0
14468,2019-02-20,3,8,8,12.11,0
50809,2020-03-04,3,2,8,12.05,0
56873,2020-02-26,2,7,2,32.47,0
16430,2020-06-30,1,9,10,19.47,0
26160,2021-07-10,3,9,9,13.79,0
22203,2022-01-04,2,4,3,47.86,0
29474,2020-12-22,1,5,3,18.11,0
12070,2023-07-19,2,3,10,37.85,0
15840,2021-04-21,2,3,2,32.42,0
37124,2021-10-15,2,10,13,19.13,0
79546,2021-11-23,3,4,1,39.48,0
37025,2019-09-01,3,1,2,29.13,0
85238,2020-07-28,2,10,10,48.89,0
54604,2022-11-14,2,2,13,49.71,0
52961,2022-04-20,1,5,8,24.75,0
58462,2021-10-24,2,2,13,31.83,0
96921,2023-02-14,2,8,2,27.64,0
91631,2021-08-31,2,7,10,9.24,0
93143,2022-08-19,1,8,1,41.83,0
42617,2023-11-23,2,8,5,28.44,0
71231,2023-05-18,2,9,3,11.34,0
98787,2023-02-12,2,10,13,25.74,0
35445,2023-12-26,2,4,12,34.94,0
25576,2019-06-24,3,8,1,31.94,1
39796,2023-01-10,3,7,8,21.71,1
79821,2023-11-13,3,4,12,43.57,0
60813,2022-09-11,1,2,7,13.36,0
66942,2022-05-10,1,6,4,11.02,1
69166,2019-09-07,3,3,5,18.38,1
77370,2020-04-29,1,7,10,48.38,0
5935,2019-07-19,3,5,4,19.64,0
77514,2020-10-27,2,6,1,37.67,0
46447,2020-01-11,2,6,3,2.2,1
39812,2020-04-12,3,8,13,24.27,0
24346,2020-09-10,2,2,8,45.0,0
82646,2022-06-02,1,10,2,31.88,0
38872,2021-05-10,1,5,7,45.81,0
34635,2021-03-20,1,2,10,42.58,0
63991,2021-10-05,1,10,4,18.12,0
33182,2021-11-08,1,6,7,38.7,0
44373,2021-06-21,3,1,11,21.8,0
42345,2023-06-01,2,1,7,40.43,0
70609,2021-05-01,2,7,6,12.57,1
72835,2019-05-02,2,4,13,32.76,0
5647,2019-06-24,1,1,4,6.81,0
9122,2023-08-30,2,3,2,36.77,0
33626,2023-07-04,1,8,13,36.8,0
31964,2023-07-13,1,3,2,31.78,1
73243,2019-06-09,3,10,4,24.08,1
78284,2021-04-19,2,2,10,13.1,0
89562,2022-09-22,3,1,2,38.04,0
21869,2023-12-03,1,6,4,22.61,0
84926,2021-07-27,3,5,3,27.19,0
41732,2020-01-14,2,6,4,20.25,1
3913,2021-08-06,2,5,1,2.46,0
39082,2022-01-30,1,3,10,23.86,0
39514,2023-09-21,2,5,11,40.83,0
80109,2021-08-09,3,10,3,13.16,0
41375,2023-10-08,2,7,1,12.12,0
30478,2019-10-17,1,1,9,38.14,0
46984,2023-01-09,2,4,10,3.31,0
5344,2021-01-21,3,1,11,44.06,0
74379,2020-09-17,2,7,13,2.36,0
95455,2021-04-20,3,8,5,21.75,0
31062,2019-05-25,2,8,12,30.09,0
89201,2021-11-23,2,8,5,22.56,0
28327,2021-12-14,1,2,5,2.11,0
31624,2020-11-25,1,9,2,39.29,1
64095,2021-02-26,3,7,10,27.59,0
89486,2019-12-10,3,10,3,36.77,0
11529,2021-07-27,1,2,10,12.57,0
72105,2022-03-16,3,2,6,27.66,0
63040,2022-04-25,3,1,5,30.34,0
82065,2020-07-20,1,5,6,3.24,0
9687,2021-12-20,3,4,12,39.34,0
20657,2020-03-10,2,5,12,18.91,1
89991,2019-12-17,2,10,5,49.53,0
84817,2023-07-24,2,3,10,7.24,1
19417,2021-06-15,3,5,1,18.73,0
8534,2020-07-02,3,4,4,41.53,0
13378,2022-05-17,1,9,5,35.31,0
10488,2019-11-04,1,4,7,7.9,0
13909,2022-12-17,2,7,13,26.01,1
44636,2022-05-19,1,4,6,21.63,0
20357,2021-01-16,1,10,7,43.63,0
34071,2019-01-31,3,7,9,43.55,0
15585,2023-03-03,3,7,11,29.42,0
54481,2020-12-30,3,4,7,42.9,1
98073,2023-07-10,1,9,1,22.83,0
73623,2019-01-21,2,6,6,39.08,0
72073,2020-09-23,3,3,5,44.46,0
63998,2020-10-03,1,10,3,43.07,1
95926,2023-09-16,1,5,13,15.7,0
56526,2023-04-24,1,7,13,16.68,1
42571,2023-04-18,2,6,3,15.31,1
66884,2019-12-22,1,3,11,19.52,0
59382,2021-10-28,2,5,2,29.29,0
85237,2020-02-09,2,4,11,13.31,0
29516,2022-07-23,1,4,13,26.46,0
49322,2022-08-14,3,6,13,18.72,0
56008,2022-08-23,3,6,1,45.39,0
20185,2022-04-05,1,2,7,3.38,0
58691,2021-05-31,1,4,9,37.54,1
58120,2019-03-29,2,1,3,28.77,0
86088,2022-11-05,1,3,10,21.56,0
86640,2020-05-11,2,7,5,8.16,0
15378,2019-03-12,1,9,3,48.06,1
1033,2020-05-22,1,10,6,40.7,0
68424,2021-11-02,2,10,8,17.98,0
86591,2020-07-12,3,8,13,4.33,0
48506,2022-06-21,1,3,12,34.95,0
83045,2022-04-10,2,10,5,33.34,0
2309,2022-12-26,1,6,5,16.85,0
57548,2019-10-22,3,1,8,37.09,0
79511,2019-07-18,2,1,1,20.79,1
74475,2019-08-25,1,9,6,24.97,1
2188,2020-08-16,1,1,9,29.91,0
50540,2022-01-16,3,4,12,45.39,1
67383,2019-12-11,2,9,2,47.49,0
90529,2020-07-18,3,9,5,32.34,0
19549,2021-06-13,3,1,3,9.18,0
9091,2020-06-09,2,7,11,28.71,0
43856,2020-07-12,3,6,8,15.69,0
30998,2020-12-10,1,1,4,14.99,0
96110,2022-11-19,1,4,13,46.76,1
37568,2019-07-31,3,1,1,38.93,0
97746,2022-11-06,1,3,13,24.8,0
18105,2021-04-28,3,3,12,23.53,0
56624,2021-05-25,2,3,10,27.28,0
46450,2019-06-25,1,5,1,46.74,0
8991,2020-01-18,3,10,6,32.41,0
22066,2021-04-05,2,3,4,9.04,0
95823,2023-03-12,3,7,2,23.97,0
20832,2023-08-28,1,10,5,26.33,0
70691,2023-06-02,3,9,7,45.7,0
37622,2021-02-26,1,2,5,28.29,1
51171,2021-03-06,1,10,11,4.67,1
75727,2022-03-29,2,10,5,28.45,0
18397,2020-08-05,2,10,9,37.36,0
52920,2020-09-03,1,3,12,45.51,0
13690,2020-10-13,3,6,2,24.48,0
4801,2021-12-20,2,6,6,20.55,1
9068,2021-02-04,1,2,9,24.05,0
41929,2022-10-10,1,4,9,31.67,0
5900,2023-11-04,3,8,7,39.27,0
82955,2022-12-26,1,8,11,9.78,0
15907,2020-02-15,1,4,12,24.56,0
61883,2019-08-19,2,3,7,28.43,0
25948,2022-05-12,2,9,2,33.71,0
90829,2020-01-14,1,10,1,2.87,0
83095,2022-07-14,2,5,10,6.58,0
35321,2021-11-04,2,5,2,17.34,0
86917,2019-11-22,1,1,12,45.15,0
27615,2022-12-31,1,1,2,29.09,0
44895,2022-05-31,2,10,2,45.44,0
97717,2022-03-13,3,7,11,28.54,0
52802,2020-10-18,3,8,3,49.07,0
92985,2019-12-28,2,1,13,11.88,1
54832,2019-07-04,3,3,7,22.85,0
11413,2021-07-24,2,5,13,8.89,0
37877,2021-07-05,2,4,8,12.09,0
49853,2020-04-08,3,2,4,20.16,1
1687,2020-08-08,1,10,7,5.87,0
892,2022-05-15,1,8,7,29.58,0
10370,2022-11-22,2,7,4,3.17,1
56770,2019-05-07,1,9,9,16.56,0
61270,2022-03-23,2,10,12,33.83,0
56576,2023-04-29,3,4,2,3.31,0
54779,2020-07-13,1,5,8,35.76,0
18676,2023-03-13,2,1,5,10.28,1
31559,2020-11-03,1,10,12,34.69,1
18256,2020-10-12,1,6,10,33.2,0
95690,2022-08-01,1,6,3,18.4,0
21912,2019-09-21,1,1,12,14.14,0
56715,2023-08-15,2,4,11,47.93,0
55767,2023-04-11,3,10,6,23.77,0
60643,2022-11-29,1,8,3,8.89,1
36922,2021-03-05,2,9,10,8.26,0
62801,2020-04-28,2,6,13,33.85,0
65708,2019-08-18,2,3,2,48.74,0
7327,2021-04-07,2,1,9,23.51,0
76213,2021-07-23,1,8,4,9.75,0
83699,2019-03-03,2,6,2,49.25,0
84032,2022-03-04,2,2,13,18.99,0
69377,2020-02-07,3,6,3,2.87,0
54096,2020-08-15,3,6,4,44.53,0
12959,2020-08-16,1,9,7,23.44,1
76366,2021-03-11,1,8,10,41.28,0
73174,2019-11-21,2,3,3,47.42,0
54213,2020-02-19,1,4,1,41.63,0
18289,2019-10-06,2,4,13,17.02,0
99290,2022-07-27,2,2,10,42.31,0
8405,2022-04-18,3,6,11,39.13,0
86839,2020-09-08,1,9,5,27.06,0
97520,2022-12-05,2,4,11,43.8,0
83151,2020-03-25,2,5,12,24.86,0
75232,2020-07-02,1,2,1,40.11,1
14457,2019-06-26,2,4,1,7.73,0
9947,2023-08-08,3,7,10,40.7,0
21495,2020-09-11,1,3,5,16.36,0
42110,2023-07-31,3,4,7,23.76,0
52667,2020-11-28,3,10,2,31.54,0
90454,2019-05-09,1,1,4,3.42,0
21452,2022-06-08,3,2,8,20.82,0
73074,2020-08-10,1,4,6,33.96,0
33870,2022-10-05,1,3,8,44.31,0
63737,2023-02-16,1,3,10,33.77,1
80296,2022-04-14,3,7,5,31.66,1
60724,2023-08-08,2,4,10,30.28,0
95252,2023-12-31,2,5,2,17.79,0
13871,2020-04-04,1,6,2,41.17,0
93309,2020-08-25,3,5,2,20.84,0
96413,2020-05-01,3,3,8,23.22,0
85063,2019-09-10,2,7,6,19.9,1
80055,2021-08-23,2,8,6,26.27,0
447,2019-09-01,2,5,4,3.08,0
3466,2023-08-21,2,5,1,12.02,0
78725,2023-06-22,2,2,13,41.75,0
37969,2021-12-06,1,7,6,33.91,0
91755,2021-07-31,3,4,7,15.55,0
27039,2023-01-26,3,3,8,18.24,0
18644,2021-10-06,3,6,7,18.79,0
68259,2023-02-19,3,7,2,22.05,0
13209,2020-03-17,3,9,3,18.94,0
1182,2023-10-19,2,8,11,29.24,0
19552,2021-02-14,1,2,3,43.23,0
32986,2020-06-08,1,8,10,4.27,0
95107,2021-09-17,3,7,9,21.97,0
12964,2020-04-28,1,4,1,24.73,1
53566,2019-08-19,3,3,12,20.67,1
13057,2022-02-04,3,5,9,32.49,0
70195,2021-12-25,3,10,10,36.79,0
64816,2020-06-26,3,3,11,46.27,0
67903,2022-05-20,1,8,13,6.58,0
82230,2021-08-20,3,1,1,33.4,0
34123,2019-04-04,3,3,1,29.53,0
56789,2023-10-23,1,3,1,18.56,0
98477,2019-06-08,3,3,6,45.54,0
54196,2022-12-28,1,8,1,13.7,0
11861,2022-04-20,3,1,2,41.32,1
8595,2022-12-01,2,10,11,9.84,0
40385,2020-08-08,2,4,13,33.89,0
30765,2023-05-25,1,5,13,36.36,0
51665,2019-01-19,1,1,10,35.02,0
59277,2023-08-16,1,3,2,17.83,0
81742,2020-04-09,2,7,3,18.83,0
69571,2023-05-12,3,5,2,41.61,0
82000,2019-09-07,3,3,6,31.19,0
46941,2021-08-09,1,3,13,46.02,0
89517,2019-05-10,1,4,7,9.66,1
79931,2022-12-30,1,6,2,42.05,0
88318,2023-08-25,1,1,6,8.02,0
16536,2020-10-29,3,2,12,44.1,1
99324,2021-12-16,2,5,8,3.24,1
17102,2021-06-17,3,10,8,21.09,0
86572,2022-09-13,3,10,8,21.57,0
44192,2020-09-02,3,7,1,18.58,0
45197,2021-06-10,3,6,13,36.14,1
32947,2019-04-02,3,8,8,42.18,0
74989,2023-07-04,2,9,3,30.24,0
32862,2019-12-11,1,10,12,5.75,0
3941,2023-09-20,2,7,12,43.27,0
7671,2020-01-27,2,4,6,30.5,0
74470,2021-02-12,2,1,9,33.51,0
58570,2021-08-24,2,5,6,13.71,1
36566,2019-03-06,1,9,3,20.85,0
34062,2021-01-27,3,10,2,41.53,0
53075,2020-05-21,2,9,7,9.51,0
95307,2020-06-20,1,1,9,44.45,0
66330,2022-01-23,3,1,11,39.18,0
95432,2023-01-04,3,5,3,27.07,0
17266,2023-02-05,1,3,12,17.37,1
85113,2019-09-12,3,9,2,4.06,0
63224,2022-04-02,1,10,5,25.83,0
75155,2023-04-26,2,9,8,33.7,1
54014,2020-03-09,1,10,11,36.8,0
51689,2021-04-09,3,3,1,25.79,0
92035,2020-03-31,1,9,13,7.94,1
14004,2023-09-03,1,10,2,37.6,0
1553,2020-09-16,2,7,3,49.14,0
36678,2023-03-08,1,8,8,35.37,1
76124,2022-08-09,2,10,3,15.76,1
46291,2019-12-19,1,2,9,44.76,0
28155,2021-10-28,1,10,11,34.79,0
65258,2019-04-19,2,6,13,24.24,0
82417,2021-09-03,3,7,8,35.17,0
76016,2019-01-28,3,9,3,10.68,0
31004,2021-06-23,3,6,11,29.87,0
92814,2021-10-16,1,8,9,41.85,1
84859,2021-02-24,3,2,1,31.96,0
84498,2020-09-08,1,6,3,11.23,0
89418,2021-07-18,2,3,6,25.98,0
38559,2021-02-13,2,9,7,3.43,0
42828,2019-05-27,3,2,4,2.15,0
20898,2021-07-05,2,8,1,32.49,0
93086,2022-01-03,1,6,3,42.11,0
46519,2019-09-14,3,9,7,5.29,0
96528,2019-08-16,1,6,7,31.91,0
85379,2022-03-14,2,10,5,16.56,0
45866,2021-01-24,1,3,6,45.7,1
98573,2020-01-03,1,6,4,40.49,0
68686,2021-12-15,1,1,6,3.3,0
22995,2019-06-26,3,5,11,37.0,0
90390,2022-05-10,2,3,13,2.65,0
21738,2020-06-12,1,7,12,15.35,1
22240,2019-03-23,1,1,8,23.96,0
14301,2022-08-02,3,5,7,23.05,1
14566,2019-03-17,2,10,12,34.6,0
72842,2021-10-21,2,10,4,48.28,1
11546,2021-07-09,3,2,3,34.44,0
11462,2022-06-02,3,6,6,32.2,0
49966,2023-12-17,3,3,3,42.83,1
68097,2020-07-30,1,1,6,26.66,0
47332,2019-01-10,2,5,1,37.7,0
7245,2022-02-22,1,3,13,26.49,0
66524,2019-09-06,3,5,13,25.25,1
41794,2023-09-08,2,2,5,24.38,0
26588,2020-03-31,1,6,6,40.75,0
58235,2022-04-03,2,5,4,40.83,0
57058,2019-12-06,2,3,12,12.44,0
28581,2023-05-18,2,1,8,25.86,0
76686,2020-10-28,1,8,8,33.02,0
22972,2022-12-08,2,1,8,33.33,0
49722,2023-12-02,2,1,2,20.6,0
81590,2022-06-04,1,8,7,6.93,0
73405,2021-11-17,2,6,9,39.04,0
30536,2020-04-20,3,9,1,12.85,0
51164,2022-04-22,1,4,9,25.95,1
24693,2019-05-01,2,10,9,48.47,0
34518,2022-05-16,3,10,11,19.66,0
78699,2022-05-12,2,1,4,30.09,1
2842,2019-07-14,1,10,6,45.83,0
11543,2019-08-27,1,2,11,40.66,0
12722,2023-05-03,1,3,6,16.54,1
13243,2021-10-22,3,5,2,21.66,0
95080,2020-08-11,3,7,11,11.27,0
48134,2022-12-16,1,2,8,41.64,0
69749,2022-12-15,3,3,4,16.04,0
99952,2023-03-04,1,4,8,21.35,1
95043,2020-01-02,2,6,7,45.76,0
95655,2021-02-19,1,9,2,15.34,0
34302,2019-07-21,3,6,4,35.53,0
6515,2019-03-01,2,2,2,45.97,0
41251,2023-10-12,1,9,4,32.21,0
87319,2023-02-11,3,5,5,44.7,0
71857,2020-06-16,3,3,13,23.27,1
1331,2019-02-16,3,1,9,24.76,0
43228,2021-01-23,2,5,8,2.45,0
86541,2019-02-12,1,7,7,12.49,1
96541,2023-06-04,1,8,4,22.51,0
27298,2021-02-22,2,2,7,19.14,0
41084,2019-08-02,1,8,5,35.86,0
51771,2019-09-13,2,6,5,49.66,0
61257,2019-06-11,2,7,3,10.05,0
79937,2019-03-28,2,10,13,25.97,1
64717,2022-02-07,1,5,5,23.12,1
63931,2021-01-11,1,4,8,7.79,0
41628,2023-10-21,1,1,13,19.01,0
81219,2020-07-13,1,6,1,41.34,0
31726,2023-01-08,3,9,2,42.19,1
41605,2020-11-07,2,5,13,5.69,0
32702,2023-08-26,3,8,13,24.1,0
92982,2021-09-29,2,2,9,28.95,0
23048,2021-02-07,2,2,11,7.08,0
32052,2019-04-11,2,8,9,43.38,0
29772,2023-04-11,3,10,9,35.91,0
19790,2022-06-03,3,7,12,11.83,0
77010,2023-07-11,2,6,2,28.89,0
17609,2020-06-05,1,5,11,15.3,0
46047,2020-09-15,1,5,2,36.24,0
94193,2022-01-01,3,1,5,18.96,0
78592,2020-05-06,1,1,3,11.91,0
27498,2019-09-16,2,1,1,2.22,0
30073,2019-09-02,2,9,10,7.23,0
64849,2020-01-23,3,9,2,10.56,0
55967,2023-07-16,1,8,1,38.38,0
96682,2022-09-06,3,3,7,39.69,0
99674,2023-09-22,1,5,13,21.41,0
77307,2023-11-07,3,7,11,12.93,0
10005,2022-10-15,3,5,12,28.59,1
39326,2021-10-11,2,5,5,41.75,0
16445,2021-03-31,1,10,8,32.08,1
67714,2020-07-20,1,1,12,27.5,1
75783,2019-03-23,3,8,9,28.69,0
46958,2020-12-22,3,3,5,24.2,0
52258,2019-07-28,3,1,3,11.59,0
24747,2021-01-27,1,7,12,9.57,0
43605,2022-01-04,2,9,13,47.81,0
54327,2022-03-01,2,5,7,48.08,0
56140,2022-11-05,1,9,6,36.85,0
46078,2022-03-03,3,5,13,19.64,1
59756,2020-12-26,1,8,3,47.94,0
96529,2021-10-16,3,10,12,12.64,0
73879,2022-03-25,2,10,2,44.1,0
60828,2023-06-02,3,5,11,32.6,0
52529,2022-06-17,3,3,8,39.18,1
23125,2020-07-27,2,10,11,34.73,0
85293,2021-01-16,2,2,11,7.63,0
37492,2019-10-25,2,5,11,38.82,1
77815,2022-11-05,3,2,6,3.77,0
88638,2022-09-09,2,3,12,31.51,0
24139,2022-06-04,2,6,6,42.16,1
64548,2021-12-01,3,5,10,45.16,0
16955,2019-10-10,2,6,7,42.99,0
55868,2021-05-22,2,2,6,44.48,0
70610,2019-09-25,1,8,11,43.62,0
21988,2023-06-27,2,4,6,35.15,0
83911,2020-10-29,1,7,4,26.45,0
85743,2023-11-01,1,10,9,43.55,0
10069,2023-02-02,1,4,1,2.06,0
92672,2020-06-25,1,5,5,16.22,0
64522,2021-07-08,3,4,3,35.59,0
55530,2023-10-27,2,5,5,6.68,0
58643,2021-06-25,2,6,10,28.61,0
15352,2022-11-24,3,10,5,7.83,0
70047,2022-06-24,1,6,3,37.85,0
72520,2021-05-24,2,10,7,23.41,0
10129,2020-03-16,2,3,9,36.09,0
45205,2019-02-07,3,6,6,11.21,0
55160,2021-01-20,2,2,6,4.56,0
99567,2022-10-08,1,9,8,15.46,1
73872,2022-06-14,2,6,2,15.69,0
57658,2020-06-08,1,1,8,35.24,0
6961,2022-04-18,3,6,12,16.8,0
23607,2019-10-15,2,2,1,33.79,0
57985,2021-12-26,1,1,4,4.75,0
62042,2023-08-12,2,9,1,23.02,1
82459,2022-03-30,3,8,10,28.62,0
78110,2022-01-23,1,3,12,17.53,0
12947,2023-05-07,1,5,11,11.82,0
80923,2021-06-02,1,9,9,35.62,0
13707,2021-01-21,1,4,11,32.03,0
19402,2023-06-05,3,4,11,48.84,1
23363,2020-08-27,3,6,3,24.32,0
23964,2023-05-04,1,6,11,49.94,0
45851,2023-10-06,1,3,6,24.65,0
13071,2019-11-08,2,3,4,27.4,0
34556,2022-11-18,1,9,13,2.21,0
65612,2021-12-05,1,6,1,31.06,0
556,2022-07-07,3,8,1,18.44,1
71041,2019-05-08,3,10,12,20.88,0
47855,2019-04-07,1,7,12,5.74,0
35181,2022-03-23,3,7,6,2.95,0
65841,2022-12-22,1,4,2,26.67,0
53233,2019-03-16,3,6,3,15.04,0
68519,2019-02-17,1,5,13,33.87,0
30586,2020-12-04,3,9,9,32.99,0
14207,2019-09-07,2,2,1,38.52,1
98071,2023-11-27,2,3,7,38.94,1
49498,2020-03-22,2,5,7,10.96,0
66607,2023-07-26,3,10,13,45.35,0
9666,2020-07-20,2,8,5,6.53,0
5932,2023-03-07,2,8,6,3.7,0
6356,2020-08-22,2,9,8,37.2,0
79570,2021-06-10,1,1,12,38.57,0
97834,2022-08-21,1,7,12,26.78,1
41300,2021-04-07,2,10,4,2.74,0
99476,2020-04-20,2,10,10,24.11,0
58748,2023-10-29,1,8,7,12.12,0
26566,2022-11-26,1,3,2,3.14,0
13916,2023-06-24,3,6,4,43.65,0
11587,2021-09-09,3,2,5,43.57,0
48681,2021-03-01,1,8,6,18.16,1
58773,2023-11-15,2,2,7,19.37,0
55930,2020-01-24,1,8,8,13.21,0
35002,2019-03-02,1,6,6,20.8,1
64325,2020-11-25,3,4,11,46.96,0
19466,2023-05-29,2,2,12,19.71,0
80917,2019-11-03,3,8,13,43.4,0
78233,2022-08-12,2,3,10,47.15,0
13225,2019-03-06,1,6,2,9.72,0
40298,2021-07-21,2,7,5,4.98,0
24573,2020-10-11,1,9,11,2.35,1
76508,2021-07-31,3,6,2,47.71,0
77946,2022-03-26,1,1,2,25.86,0
64115,2020-06-18,2,9,8,19.58,0
68751,2021-02-21,2,1,6,45.35,0
50123,2020-03-22,2,1,6,3.7,0
42911,2019-11-01,2,2,10,20.63,1
47577,2020-03-22,1,2,9,6.53,0
13856,2021-09-20,2,6,2,15.64,0
61342,2021-05-17,3,9,10,38.46,0
24277,2021-07-02,2,3,7,49.58,0
15070,2022-02-04,2,10,1,7.26,0
94911,2022-12-26,2,8,3,43.0,1
27059,2020-03-21,1,10,7,47.87,0
10100,2019-06-27,3,9,7,24.19,0
77662,2022-09-17,2,8,1,11.44,0
54133,2021-09-28,1,9,7,18.78,0
71962,2021-03-08,3,10,8,9.0,0
86258,2023-03-24,1,7,3,18.42,0
67079,2019-07-12,1,9,8,44.79,0
51416,2021-09-02,1,7,7,43.97,0
63732,2020-08-14,3,10,6,20.66,0
28513,2023-05-30,2,1,5,19.09,0
36523,2021-07-01,2,9,5,46.02,0
61014,2022-01-21,3,2,3,28.21,0
73107,2020-05-04,3,9,5,19.3,1
44130,2021-01-23,3,7,6,6.69,0
78188,2022-01-02,2,9,4,19.34,0
80915,2022-12-22,2,7,4,28.02,0
79820,2020-07-28,3,7,6,31.96,0
15855,2019-05-06,2,3,5,8.82,0
92623,2020-01-23,2,1,5,22.94,0
75034,2021-04-20,2,1,2,30.76,0
41858,2021-02-16,3,2,5,28.23,1
10885,2022-05-30,2,8,7,10.63,0
36769,2022-08-08,2,10,5,20.06,0
66311,2021-09-17,2,10,10,16.84,0
13580,2023-03-05,2,5,11,46.12,0
67523,2019-01-22,3,6,4,21.93,1
27036,2021-11-30,3,10,10,46.6,0
24764,2020-09-18,3,3,12,20.75,0
90877,2020-05-04,3,6,11,23.77,0
65997,2019-12-12,2,2,12,25.85,0
28920,2019-03-08,2,6,5,38.76,0
68539,2021-06-30,2,9,5,13.4,1
8256,2022-02-14,2,4,8,15.04,0
79309,2020-03-09,2,7,13,7.33,0
20793,2021-12-16,3,1,13,31.44,0
47446,2020-04-02,1,2,2,5.83,0
71794,2021-10-05,2,1,4,39.71,1
27907,2019-11-27,1,8,10,10.84,0
80454,2019-04-06,1,7,7,9.85,0
72045,2019-10-21,3,3,10,22.04,0
76828,2022-01-02,3,5,4,14.67,0
52443,2019-03-05,3,3,6,33.54,0
41727,2022-10-31,3,1,9,34.71,0
71311,2019-11-17,3,10,9,23.34,0
56441,2023-08-20,2,7,9,19.43,0
76537,2021-03-31,3,9,9,8.75,0
12857,2020-12-27,1,9,6,17.83,0
21779,2020-12-09,2,10,3,41.53,0
29491,2023-02-02,2,10,7,35.66,0
84946,2019-04-15,1,3,4,21.78,0
2418,2019-12-13,2,5,13,35.01,1
89274,2022-09-01,2,5,4,42.03,1
22378,2023-08-10,3,2,6,4.68,1
69090,2022-03-31,2,9,2,17.45,0
14911,2021-09-02,1,6,9,12.61,1
9479,2022-02-19,1,2,12,5.19,0
31939,2020-06-23,1,8,7,49.55,0
4336,2022-05-08,1,3,6,27.65,0
36797,2020-05-11,2,2,12,11.34,0
44495,2023-02-03,2,1,7,5.96,0
92072,2021-06-21,2,4,2,40.4,0
96504,2020-07-03,3,2,3,44.17,0
23174,2021-01-26,2,4,6,9.93,0
72827,2020-04-09,1,5,12,8.49,0
46277,2021-09-20,2,7,10,37.37,0
60903,2020-07-25,3,2,12,40.95,0
57823,2021-12-11,2,6,8,15.37,0
89269,2022-08-31,2,2,3,39.31,0
99130,2022-11-28,1,7,13,30.27,0
22600,2019-04-24,1,10,5,9.21,0
93926,2019-02-09,2,6,5,12.92,1
68527,2023-07-02,1,7,6,4.86,0
36309,2023-07-02,1,5,1,17.82,0
43908,2020-12-12,3,7,13,31.64,0
20286,2020-04-30,1,2,10,49.61,0
17148,2021-09-27,2,9,7,9.09,0
73316,2019-05-06,3,10,5,41.34,0
39886,2019-06-25,2,4,8,41.14,0
68092,2023-06-20,1,6,1,40.98,0
77148,2022-04-09,3,10,2,42.13,0
75035,2020-06-18,1,8,11,35.79,0
75292,2019-06-20,3,1,7,5.76,0
92457,2023-12-16,2,10,7,47.53,0
24479,2020-08-13,2,5,9,37.63,0
7919,2022-01-10,1,5,11,20.44,0
30955,2022-09-09,2,4,12,11.24,0
31931,2021-06-20,2,3,11,3.93,0
83798,2023-10-01,1,6,9,30.5,1
97421,2020-04-14,3,1,9,15.15,0
31600,2020-05-28,1,4,8,40.7,0
87735,2023-12-04,3,10,11,32.68,0
72773,2023-07-27,1,8,4,17.12,0
47266,2022-08-04,2,8,5,43.86,0
57051,2020-10-09,3,1,5,41.16,0
7732,2020-07-21,2,7,10,9.56,0
78823,2020-05-19,1,8,12,45.71,0
88777,2020-11-27,2,10,9,21.51,0
51599,2021-03-02,3,4,5,16.22,0
813,2023-06-05,2,4,10,6.58,0
74792,2019-05-10,2,7,5,8.51,0
40705,2021-08-15,2,4,5,47.98,0
92970,2022-07-30,2,6,4,14.74,0
5503,2023-08-17,2,4,7,10.29,1
3942,2020-09-15,3,7,6,44.67,0
79231,2020-08-17,3,7,10,24.05,0
20848,2020-03-27,2,7,13,25.43,0
41734,2023-12-27,1,2,8,23.91,0
5227,2022-09-24,1,8,11,3.72,0
88095,2019-02-09,3,1,2,8.85,0
71226,2023-10-19,2,10,6,25.74,0
99224,2020-01-03,1,10,11,10.68,0
89513,2021-03-03,2,4,10,49.48,0
21341,2020-07-03,3,4,4,6.71,0
42789,2023-11-02,2,2,6,43.62,1
97985,2021-07-26,2,10,13,8.22,0
29289,2021-03-12,1,1,11,48.21,0
57552,2022-10-20,3,6,6,49.65,0
68869,2019-07-18,1,10,7,44.62,0
12927,2020-08-17,3,7,12,5.4,1
57281,2021-08-16,1,10,2,12.28,0
66159,2021-06-11,2,3,9,24.45,0
47279,2021-08-12,2,5,10,45.3,0
39534,2021-12-09,2,1,7,26.82,0
94992,2021-05-21,3,5,13,38.55,0
28925,2022-03-15,1,10,2,9.52,0
93990,2019-06-11,1,8,13,44.01,0
87027,2021-07-30,2,4,9,48.41,0
50764,2021-01-12,2,7,2,41.95,0
56177,2020-01-12,1,5,8,38.8,0
97747,2023-11-08,1,9,1,15.43,0
22631,2021-12-16,1,7,11,12.96,1
24461,2019-04-03,2,8,4,28.08,0
95968,2021-04-11,2,4,6,35.87,1
43494,2022-05-16,3,6,11,22.34,0
77384,2019-03-06,1,9,4,2.75,0
92482,2019-05-18,3,9,5,18.92,0
41729,2022-07-04,1,8,1,23.91,0
88148,2021-03-25,2,6,1,9.46,1
34272,2020-12-18,3,3,12,19.25,0
44294,2022-09-20,1,10,8,4.72,1
28439,2022-03-28,3,1,12,26.78,0
65264,2022-01-11,2,9,5,23.39,0
24285,2020-03-01,2,4,4,2.49,0
9423,2023-10-31,2,10,6,42.16,0
5487,2019-01-07,3,7,5,6.34,0
45009,2020-03-30,1,4,2,28.23,0
11412,2020-08-16,2,6,3,16.5,0
37478,2022-06-26,1,8,11,28.69,0
19916,2022-02-20,3,3,7,49.25,0
89498,2020-04-05,3,5,10,8.31,0
63256,2023-10-07,3,3,8,36.78,0
36143,2023-07-17,3,8,12,8.66,0
71675,2023-04-17,2,5,6,12.74,1
277,2022-08-06,3,6,1,8.28,0
30167,2023-06-14,2,6,9,31.69,0
65091,2021-01-31,3,3,5,7.1,0
41004,2022-10-26,1,8,9,23.33,0
23837,2020-06-17,3,5,6,26.55,1
59156,2020-05-13,3,4,8,8.37,1
28296,2020-04-15,3,6,9,18.38,0
62536,2020-01-04,1,6,2,27.25,0
59750,2019-09-10,2,6,11,24.47,0
75509,2022-12-07,2,5,8,15.95,0
57389,2022-01-30,3,5,1,4.42,0
65477,2023-03-12,1,7,13,8.75,0
15140,2019-01-12,3,6,7,44.41,1
12697,2021-01-15,3,8,11,26.67,0
50291,2020-03-14,2,10,8,19.36,0
67144,2020-07-30,2,7,7,34.61,0
40899,2021-11-18,1,7,13,22.11,0
45445,2020-07-19,1,3,3,40.91,0
96155,2022-04-06,1,7,12,9.7,0
135,2019-05-27,3,9,8,12.93,0
54620,2020-12-24,2,7,11,18.44,0
51258,2022-11-14,3,8,4,39.37,0
26709,2023-04-08,3,6,9,45.82,0
98454,2022-10-27,1,8,2,30.56,1
3934,2021-07-02,2,10,11,21.49,0
94328,2022-12-19,2,7,1,35.82,0
47525,2021-03-13,2,4,5,25.84,0
39833,2019-10-24,2,5,2,36.55,1
36481,2020-12-13,1,8,1,36.0,0
21563,2023-12-04,3,6,6,10.33,0
46461,2022-09-21,1,5,12,25.55,0
9510,2023-02-18,3,6,13,10.08,0
29826,2021-01-15,2,4,6,18.55,0
11948,2021-03-03,2,3,4,28.21,0
57630,2022-08-14,2,8,5,44.62,0
26132,2019-09-28,3,7,11,2.5,0
20831,2020-03-28,2,9,5,39.7,0
31353,2023-02-14,3,8,6,48.29,0
26021,2022-05-17,2,5,6,12.38,0
72902,2020-08-22,3,8,7,10.54,0
66806,2023-01-12,1,10,6,25.19,0
53925,2022-05-04,3,7,13,18.23,0
22095,2023-03-21,1,6,1,5.17,0
62955,2021-01-03,3,5,4,32.29,0
74613,2023-10-23,1,1,7,47.5,0
28526,2023-11-05,1,7,4,26.57,0
31141,2022-01-29,3,4,4,10.37,1
28406,2023-04-25,3,6,12,31.51,0
9801,2020-11-03,2,2,6,34.29,0
69635,2019-06-19,1,10,4,3.45,0
9613,2023-10-24,2,9,9,4.59,0
18349,2020-12-04,1,2,8,27.85,0
51839,2020-12-29,3,5,1,42.65,0
76837,2021-07-01,3,6,6,33.19,1
43085,2021-06-22,3,6,12,24.93,0
42882,2019-01-17,2,8,12,23.99,0
73427,2021-10-29,1,1,12,6.43,0
39521,2019-09-29,2,9,8,28.53,0
36780,2022-11-21,2,5,7,35.73,0
81042,2019-03-16,3,7,9,41.46,0
23849,2021-02-19,2,10,3,38.89,0
7260,2021-09-09,1,8,3,48.27,0
33389,2019-10-07,1,2,5,28.11,0
54425,2020-11-16,1,6,13,18.23,0
8342,2019-12-27,1,6,4,40.99,1
73818,2019-12-02,3,2,9,24.89,0
66949,2020-11-15,2,4,2,25.73,0
67618,2021-07-20,3,8,10,20.62,0
42872,2023-03-29,3,1,6,37.01,1
1500,2020-01-10,1,6,10,17.69,0
13119,2023-12-20,3,8,1,24.05,0
65521,2021-10-19,1,8,12,33.47,1
16585,2020-08-21,2,6,3,33.6,0
67069,2021-07-23,2,6,4,39.58,0
20602,2022-11-18,2,10,10,29.71,0
82420,2020-10-03,3,9,13,37.83,0
9511,2021-06-22,1,3,6,8.18,0
88736,2021-01-16,1,2,10,16.84,0
19162,2020-06-24,3,7,3,15.43,0
65787,2023-10-15,3,8,5,11.79,0
59776,2020-08-11,2,4,4,45.81,0
10447,2019-02-14,1,1,4,27.46,0
64091,2020-11-02,1,1,9,7.09,1
73005,2019-12-15,1,8,6,9.74,1
53379,2022-06-29,1,2,6,39.6,0
50632,2021-09-13,1,1,13,6.73,0
63956,2021-10-08,2,10,1,16.7,0
4058,2022-05-25,3,3,8,27.82,0
50495,2022-06-01,2,2,6,37.54,0
58502,2020-10-27,2,4,12,17.04,0
65467,2020-05-16,2,10,13,13.9,0
83480,2023-02-04,3,3,10,42.98,1
88223,2021-08-28,1,8,9,31.24,0
54111,2020-05-20,1,4,3,22.36,0
33309,2019-07-04,2,10,2,39.7,1
71179,2022-07-12,2,8,3,3.55,0
7566,2023-10-26,2,6,7,38.35,0
85564,2020-02-15,2,2,12,46.96,0
17478,2020-07-03,3,1,7,39.23,0
87846,2020-07-06,3,7,11,44.01,0
75452,2023-10-19,3,8,12,7.47,0
67374,2021-05-17,1,8,11,4.39,0
19508,2019-12-27,2,10,13,24.45,0
31683,2020-12-26,3,10,13,24.17,0
25251,2021-04-10,2,10,5,12.48,0
66999,2023-05-11,1,2,4,4.79,0
62076,2021-02-03,2,8,10,15.93,1
76190,2020-11-01,2,1,12,49.18,0
6070,2020-04-02,2,8,4,13.89,0
90740,2019-11-18,2,3,5,34.65,0
21246,2020-03-04,1,4,1,25.75,0
89426,2022-03-13,3,3,6,9.39,0
62104,2022-09-04,2,2,2,22.23,0
64675,2023-11-15,2,4,8,12.89,1
34767,2023-08-05,1,9,10,21.58,0
38483,2019-10-20,1,3,6,35.2,0
33270,2022-08-26,1,2,5,29.29,0
85364,2020-10-28,2,5,9,10.64,0
47394,2019-01-28,3,10,13,25.72,0
69345,2023-09-11,2,4,5,31.97,0
57309,2022-05-08,3,7,9,41.05,1
16673,2023-01-30,1,9,7,42.44,0
80462,2019-11-22,3,6,9,46.49,0
80808,2023-01-16,3,6,3,47.16,0
1558,2022-04-21,1,1,13,7.0,0
88180,2019-05-27,3,1,11,27.22,0
7604,2022-02-04,2,7,13,21.45,0
62839,2022-02-07,3,10,5,24.76,0
27411,2020-04-10,1,8,7,46.5,0
42984,2022-10-20,1,5,11,6.44,0
78682,2022-11-19,2,2,5,47.89,0
25513,2021-08-10,1,8,12,44.67,0
87964,2020-06-09,1,6,12,16.79,0
91478,2022-03-27,2,3,4,44.07,0
13080,2021-11-22,1,2,2,20.53,0
59786,2019-11-06,1,7,10,17.19,0
70688,2019-08-26,1,3,7,44.39,0
77504,2021-10-19,2,10,12,19.11,0
9003,2023-11-18,1,10,13,14.14,0
71277,2022-04-15,3,9,7,19.54,0
35050,2019-11-06,1,2,5,19.94,0
1208,2021-10-27,1,4,1,49.2,1
15747,2021-06-05,3,3,7,35.6,0
88175,2019-11-25,2,1,6,32.13,0
92484,2022-02-12,2,7,13,39.5,0
46168,2023-07-22,3,4,11,49.87,0
76312,2022-12-30,1,3,6,22.58,0
47102,2020-09-28,2,8,4,41.66,1
33615,2021-07-04,3,6,7,45.86,0
53583,2023-09-11,3,10,12,11.24,0
88926,2020-10-28,3,4,10,47.13,0
22298,2022-10-01,1,5,6,15.2,0
94988,2023-09-24,3,10,5,8.55,0
97592,2022-05-16,3,6,5,39.29,0
10626,2023-04-22,2,7,13,28.74,0
36190,2020-08-21,2,2,2,33.69,0
46435,2021-09-21,3,10,6,41.55,0
56264,2020-04-19,1,7,1,7.2,0
72521,2019-08-10,3,1,8,31.21,0
82047,2023-03-18,3,5,9,34.42,0
35783,2022-03-20,2,3,7,20.8,0
18489,2020-05-04,3,4,2,12.18,0
97208,2023-11-21,1,5,13,31.13,0
95653,2019-07-16,3,8,9,47.9,0
60264,2022-03-23,3,1,10,36.9,0
34037,2020-02-16,2,8,1,44.02,0
51056,2020-01-31,1,1,6,29.52,0
46547,2021-05-26,3,3,6,34.83,0
16528,2020-03-21,2,8,6,19.75,0
37942,2022-10-24,2,5,7,5.99,0
18931,2022-11-08,3,1,9,34.11,0
78343,2023-09-10,2,9,8,38.5,0
88516,2020-03-11,3,5,10,27.38,0
34555,2020-06-22,3,10,2,19.36,0
18834,2023-05-11,1,4,5,35.98,0
25702,2019-07-11,2,4,12,6.77,0
62712,2020-07-18,2,9,8,21.34,1
37174,2023-06-04,2,2,2,12.53,0
17824,2021-02-07,3,10,6,48.45,0
21546,2022-06-13,3,7,1,25.78,0
21756,2019-03-29,3,3,10,8.95,1
22297,2023-10-30,1,6,7,36.9,0
4030,2019-09-26,2,5,12,41.14,0
61468,2020-02-17,1,9,5,33.35,0
67359,2020-09-13,1,9,5,21.83,0
579,2019-09-10,3,4,5,23.96,0
49833,2021-06-04,3,4,4,12.95,0
4396,2022-03-17,1,10,2,30.93,0
87540,2019-07-17,3,2,4,21.58,0
44058,2023-09-23,2,4,10,17.44,0
98103,2020-11-26,2,3,10,24.67,0
79461,2020-02-27,1,1,10,46.45,0
33765,2019-11-07,3,1,6,41.82,0
71530,2021-12-23,2,9,5,41.37,0
69381,2023-03-14,2,7,3,36.74,0
4897,2020-02-07,2,3,10,11.62,0
75759,2020-12-11,1,10,5,16.63,0
11382,2019-02-07,3,3,5,26.13,0
66175,2023-02-09,1,4,1,3.37,0
29625,2022-08-19,1,6,7,8.33,0
20920,2023-07-04,3,4,4,32.76,1
66959,2020-03-19,3,10,7,7.61,0
27565,2020-11-28,2,2,6,29.79,0
36493,2020-12-05,3,5,1,47.03,0
3824,2020-03-19,1,10,4,21.44,0
70601,2021-04-28,3,7,12,6.73,1
23807,2022-01-16,2,5,12,12.18,0
95220,2021-09-13,1,5,9,13.9,1
4686,2019-08-24,2,6,2,39.65,0
63298,2019-05-10,3,9,4,36.16,0
27918,2020-02-13,2,9,1,49.54,0
76898,2023-05-05,3,7,10,39.73,0
26626,2019-05-22,2,2,13,37.38,0
25723,2019-12-04,1,3,2,49.63,0
1596,2021-07-04,3,4,11,22.3,0
83441,2019-11-01,1,2,11,33.03,1
3717,2020-03-02,1,3,4,48.67,0
56058,2020-03-14,3,8,8,14.62,0
47618,2021-05-29,3,4,2,45.82,0
76978,2023-05-06,1,2,3,7.63,0
95162,2023-02-19,3,6,2,47.41,0
53272,2022-12-25,3,3,4,20.42,0
41682,2022-12-29,1,2,9,39.43,0
10478,2021-08-15,1,3,8,14.72,0
96335,2022-09-14,2,3,1,37.23,1
37904,2023-04-27,3,9,2,30.0,0
72783,2022-02-04,1,4,12,15.61,0
83621,2022-05-30,2,4,8,49.96,0
77388,2020-06-20,1,8,8,34.28,0
90785,2023-02-10,2,8,10,46.66,0
33821,2022-10-23,2,3,11,22.58,0
85486,2019-04-27,1,2,6,15.47,1
14034,2019-06-20,1,4,7,36.31,0
83004,2019-11-28,1,9,13,4.11,0
2299,2019-04-08,2,9,10,40.72,0
74493,2022-04-29,2,2,4,36.47,0
26837,2019-04-03,3,7,4,25.76,0
47348,2023-10-01,2,2,5,25.95,1
85970,2019-11-23,1,2,9,49.54,0
15470,2019-06-03,3,1,9,12.09,0
85024,2022-06-04,2,7,5,20.69,0
99565,2022-01-18,3,5,12,28.85,0
26922,2019-09-15,2,2,8,12.18,0
1416,2023-01-17,1,9,1,29.51,1
78514,2019-11-11,1,5,2,21.69,0
25046,2019-01-13,2,8,4,25.92,0
83076,2021-07-16,1,8,5,28.74,0
35453,2023-05-04,2,9,5,37.57,0
48431,2021-10-24,3,3,13,49.62,1
39840,2021-01-13,3,3,7,16.7,0
76860,2020-09-04,1,1,11,16.28,0
45122,2020-01-29,2,2,12,6.65,0
53637,2021-07-02,3,2,6,15.07,0
95250,2020-03-10,3,1,9,41.54,1
99915,2021-06-02,1,4,13,49.66,0
36264,2020-12-08,2,3,8,12.1,0
49016,2020-10-17,3,6,3,39.49,0
9896,2020-04-10,3,7,4,37.5,0
17108,2021-11-10,1,7,13,23.08,0
34687,2023-10-24,3,8,8,16.95,1
95317,2021-04-13,2,6,3,45.84,0
57694,2023-10-05,2,10,13,2.4,1
7933,2023-12-25,3,1,3,49.19,0
66923,2022-08-12,2,8,11,26.66,1
58357,2020-07-30,3,3,12,35.78,0
80851,2020-02-23,2,9,4,4.39,0
82111,2023-04-09,1,4,7,4.02,0
5298,2019-07-14,3,4,11,9.02,0
73479,2021-11-28,1,4,12,35.37,0
51830,2020-08-06,3,9,1,9.9,0
60037,2020-10-27,2,10,6,40.44,0
24755,2023-10-05,2,6,4,24.53,1
25549,2020-02-19,2,4,8,26.5,0
43975,2022-07-01,2,4,11,18.85,1
83326,2023-08-10,1,7,3,5.89,0
3174,2019-12-20,3,6,10,44.35,0
27876,2023-04-25,3,10,8,16.71,0
8528,2019-09-05,2,9,8,10.17,0
93499,2019-01-16,2,9,3,23.56,0
28058,2019-10-14,3,9,4,24.91,0
81129,2022-10-27,3,4,9,5.11,0
84650,2019-05-17,3,5,4,26.93,0
10157,2020-01-05,2,10,11,21.7,0
13631,2021-09-20,1,1,2,47.85,1
71642,2022-03-06,1,2,5,9.05,0
29946,2020-06-30,3,2,10,48.46,0
81648,2020-11-26,1,1,1,20.51,0
35592,2020-09-12,3,3,4,34.34,0
53493,2023-12-25,2,2,9,38.87,1
59858,2023-04-26,3,3,3,23.0,0
71515,2021-09-24,3,9,4,23.77,0
80637,2020-02-16,1,3,2,24.06,0
56864,2019-02-28,3,5,5,27.35,0
10387,2023-10-15,2,3,2,18.52,0
29476,2023-12-18,2,10,4,29.83,0
67055,2023-01-03,2,10,1,39.6,0
67062,2019-04-07,3,7,7,33.1,0
92040,2020-06-27,2,1,10,2.75,0
10146,2022-10-24,1,10,6,32.36,0
68715,2019-09-06,1,6,3,35.44,0
72774,2019-08-13,1,4,5,41.85,0
28512,2022-01-27,1,4,11,33.19,0
10737,2023-07-11,3,4,12,17.19,0
32387,2022-04-11,1,6,10,12.4,0
47488,2023-01-03,2,10,13,21.38,0
78052,2023-09-02,1,7,13,18.06,1
34869,2019-07-15,3,3,8,2.45,0
73123,2023-01-22,3,4,9,21.48,0
45850,2019-07-25,3,5,6,5.77,0
57537,2023-11-14,1,3,11,21.16,0
8777,2021-11-28,3,5,3,16.77,0
25608,2019-05-06,1,10,3,8.39,1
27503,2022-10-17,1,8,2,24.38,0
74720,2022-04-05,1,10,9,42.34,0
74545,2021-03-04,2,10,13,33.85,0
14183,2019-07-31,3,8,11,9.52,0
55023,2022-04-18,2,3,4,11.97,1
51128,2023-08-04,1,9,12,32.21,0
75471,2021-06-28,3,9,6,29.11,1
52415,2022-07-03,3,8,13,26.29,0
83064,2023-04-20,3,1,6,3.69,0
29308,2023-03-24,2,2,10,5.79,0
13248,2020-08-09,2,9,4,42.66,0
93860,2023-01-05,3,6,13,35.39,1
61437,2023-03-24,1,4,8,42.03,0
77706,2020-08-25,2,6,1,24.26,0
19267,2021-07-15,1,1,1,9.93,0
23208,2020-07-07,2,6,2,40.95,0
65494,2023-11-21,2,4,8,44.27,0
39301,2021-08-12,1,6,10,43.3,0
40895,2020-09-17,1,1,11,47.57,0
35220,2021-07-05,3,9,2,22.28,0
45849,2019-11-07,3,6,13,44.57,0
64640,2022-01-26,1,8,13,22.41,0
83733,2023-04-30,3,2,8,28.13,1
19872,2020-02-15,3,3,9,32.86,0
32680,2019-06-16,1,5,1,44.47,0
28395,2019-04-07,2,1,10,37.06,1
86947,2022-01-17,3,6,13,35.32,0
64490,2022-06-05,2,10,7,19.1,1
82746,2019-02-19,3,10,12,34.77,0
62468,2023-06-07,3,5,7,11.6,0
28324,2020-09-20,2,1,4,4.89,0
3810,2020-08-15,1,6,5,35.71,0
9059,2020-09-30,3,4,3,39.2,1
43840,2022-03-11,3,8,2,4.21,0
15899,2020-10-01,1,1,8,4.17,0
69977,2020-12-21,1,10,5,20.59,0
17004,2019-11-08,3,4,2,47.82,0
24878,2019-10-27,1,8,12,29.72,1
30544,2019-06-20,2,10,11,16.88,0
43794,2020-08-19,2,8,13,2.45,0
4853,2023-01-06,1,3,10,10.18,0
46269,2020-03-08,3,7,1,10.66,0
79998,2023-09-23,3,7,4,35.59,1
57652,2021-02-06,3,1,3,44.19,0
14270,2021-01-28,2,7,13,3.5,0
420,2019-05-13,2,6,10,2.51,0
9783,2020-12-01,2,10,8,27.96,0
10373,2021-12-12,1,2,1,38.92,1
79770,2022-11-07,3,10,1,28.96,0
8798,2021-10-16,1,4,11,38.84,0
21180,2019-10-13,3,8,12,9.67,0
80313,2020-02-13,1,6,7,23.03,0
97381,2023-04-24,3,1,2,48.78,0
85462,2023-07-23,1,9,11,34.35,0
87080,2020-10-20,1,7,6,17.06,0
34292,2019-08-14,3,5,6,2.82,0
63511,2019-08-30,2,7,7,31.35,0
1922,2019-12-19,2,4,10,42.75,0
94145,2020-04-10,3,1,2,47.53,0
62993,2022-09-17,2,9,2,49.01,0
75175,2021-02-27,1,3,9,14.5,1
85803,2020-07-11,3,6,11,12.31,1
64155,2020-08-03,1,4,7,23.95,0
8865,2022-03-08,1,7,7,41.16,0
65716,2020-06-20,1,8,6,20.22,0
73278,2022-05-26,3,10,12,9.19,0
15197,2020-02-01,3,7,7,11.79,0
37013,2020-08-07,1,1,2,43.24,0
18187,2020-03-11,1,2,7,29.98,0
34530,2019-02-26,1,1,12,40.63,0
65108,2020-12-24,3,8,6,34.88,0
74160,2021-10-29,3,7,9,16.6,0
79042,2022-07-03,2,1,8,34.35,0
18540,2020-07-18,3,4,8,4.43,0
15828,2020-06-05,1,9,10,27.21,0
76493,2019-05-20,2,8,9,5.02,0
13954,2023-11-24,1,1,9,19.22,0
79833,2023-02-22,3,3,11,23.34,0
28660,2023-11-08,2,1,9,21.86,1
47917,2019-07-28,3,6,9,7.87,0
1980,2020-08-30,1,5,10,48.93,0
47994,2019-12-14,1,4,13,35.64,0
53775,2023-12-05,3,8,8,2.73,0
87265,2022-11-19,1,3,13,9.02,0
316,2023-11-22,2,3,3,44.3,0
5874,2022-10-29,2,4,8,11.15,0
47172,2023-05-08,1,2,12,23.84,0
13125,2022-07-15,1,6,5,30.98,0
33577,2022-09-16,3,1,2,13.68,0
14373,2022-12-07,2,7,5,47.82,0
66291,2023-05-23,2,9,8,23.65,0
71029,2023-08-17,2,10,3,34.77,1
62252,2020-09-16,2,1,6,34.91,0
6806,2022-04-06,2,6,9,32.56,0
89633,2023-06-14,2,4,2,13.41,1
8014,2020-11-28,1,8,2,17.81,0
73448,2019-05-07,3,10,4,20.83,1
34231,2021-08-11,2,7,9,14.7,0
46477,2021-04-19,1,2,1,48.97,0
71831,2021-09-14,1,6,5,22.59,0
62719,2022-08-09,1,10,4,24.44,0
37956,2019-05-21,3,2,11,49.25,0
15912,2022-06-15,2,3,5,16.23,0
19314,2019-06-10,2,7,1,45.37,1
8898,2021-01-21,2,7,9,34.29,0
22179,2023-06-25,3,4,10,42.2,0
4961,2019-05-06,2,8,6,21.78,0
2268,2019-12-14,2,5,3,6.41,0
45743,2021-06-12,3,10,2,27.2,0
7756,2021-01-24,1,2,12,46.3,1
65785,2020-05-31,3,2,8,47.47,0
29456,2020-04-27,2,6,10,5.79,0
57415,2019-10-22,1,2,10,48.76,1
54018,2021-10-09,2,1,4,27.6,1
52769,2022-05-15,2,8,8,23.24,0
7954,2023-12-28,3,9,1,26.56,0
98043,2020-08-29,1,6,9,12.86,0
4074,2023-08-31,1,4,7,13.39,0
57906,2023-03-09,2,8,2,27.53,0
19947,2019-01-27,3,8,5,43.37,1
91411,2021-03-31,2,9,11,26.03,0
66002,2020-12-29,3,2,9,8.45,0
50751,2022-02-23,3,3,9,24.11,0
33706,2019-04-20,3,6,3,33.66,0
71229,2023-01-05,3,4,5,46.17,0
76630,2022-04-19,3,5,5,19.02,0
15656,2023-06-23,1,9,3,46.14,0
52698,2021-01-27,3,10,8,49.71,0
25504,2019-02-28,2,1,13,28.34,0
39549,2022-08-24,1,2,1,31.64,0
90330,2023-06-03,1,4,7,17.81,0
59118,2019-12-05,1,8,1,41.07,0
45732,2019-07-11,1,2,3,43.12,0
17212,2023-06-25,2,2,3,2.01,0
55414,2023-11-20,1,10,13,11.97,0
66267,2019-10-29,1,5,13,47.76,0
44416,2020-08-12,3,1,12,27.11,1
18807,2019-04-14,3,3,13,14.67,1
38793,2020-01-08,1,4,3,14.68,0
81106,2020-09-12,1,4,6,19.12,0
67020,2021-10-21,1,4,12,18.51,1
31584,2020-12-25,1,4,8,33.04,0
72093,2021-10-24,2,10,13,35.29,0
85814,2020-02-15,2,2,4,27.7,1
67675,2019-03-23,1,6,9,44.87,0
19737,2021-10-30,3,4,1,41.71,0
35700,2021-11-14,2,5,13,35.47,0
23833,2022-10-18,1,6,9,37.92,0
74615,2019-08-21,2,8,9,20.25,0
25774,2023-01-30,3,3,7,16.99,0
48613,2020-12-25,3,8,2,9.4,0
35741,2019-08-12,1,2,6,12.03,1
39523,2020-01-22,3,6,6,45.91,0
34668,2020-01-07,2,4,6,42.03,0
63691,2021-04-19,3,10,4,30.36,0
95990,2021-03-12,3,3,13,20.05,0
56218,2022-05-25,1,5,12,43.99,0
96395,2019-04-19,1,6,6,30.76,0
19616,2022-12-18,1,1,9,49.29,0
89020,2022-08-15,1,2,1,49.62,0
95535,2023-04-14,2,2,9,42.21,0
74453,2020-04-14,2,9,4,46.92,1
2032,2019-07-31,1,4,8,35.58,0
44381,2019-04-11,1,9,12,14.0,0
66397,2020-02-01,1,4,8,22.95,0
18568,2021-04-29,1,4,2,6.28,0
45664,2021-08-17,3,5,2,31.5,0
51256,2023-01-10,2,2,4,36.81,1
70727,2023-05-16,2,2,9,19.05,0
13972,2022-03-12,3,6,5,49.27,0
92540,2020-04-07,2,7,5,26.02,0
53988,2022-05-03,1,8,11,30.31,0
5538,2022-09-22,3,5,7,5.69,0
86817,2023-10-17,1,7,12,14.55,1
34038,2019-03-08,1,7,4,37.69,1
59201,2019-08-16,2,6,3,2.34,1
73330,2019-10-04,1,6,8,8.07,0
484,2019-07-07,2,7,12,38.71,0
40132,2023-04-09,3,5,5,21.34,0
16969,2023-06-05,2,8,8,47.58,0
36724,2021-04-04,2,3,9,12.1,0
72282,2022-11-22,2,5,11,38.79,0
72878,2022-09-13,2,9,1,49.5,0
21176,2019-01-19,2,10,7,24.15,0
11632,2023-05-03,3,5,7,34.51,0
91052,2021-05-19,2,5,9,40.96,0
98491,2023-03-03,3,1,3,44.27,0
64590,2022-09-29,1,4,6,28.77,0
69940,2023-02-09,1,9,11,38.09,0
4779,2022-11-13,1,8,3,45.68,0
15307,2023-08-19,2,7,12,44.51,0
88366,2019-10-22,2,10,10,11.22,0
34157,2022-10-25,2,2,6,48.33,0
71854,2021-06-22,3,7,6,8.09,1
89166,2020-06-25,1,1,8,8.49,1
17856,2020-07-25,2,10,5,7.25,0
46440,2019-06-17,1,9,6,42.39,0
54110,2021-11-18,2,2,13,18.19,0
19255,2022-01-11,3,9,2,44.54,0
64847,2019-04-21,3,8,6,38.02,0
90117,2019-01-26,2,7,13,16.72,1
8319,2021-06-19,1,3,3,27.92,0
90553,2019-09-08,3,8,1,8.31,0
35544,2023-06-28,2,9,1,19.81,0
56878,2021-07-09,2,1,7,46.88,0
19475,2023-03-01,3,6,7,24.07,1
56497,2020-11-18,2,9,9,16.31,0
3401,2019-12-01,3,5,4,17.24,1
5120,2022-12-18,3,8,8,16.49,0
51488,2023-05-17,3,1,4,31.15,0
65396,2021-07-27,2,8,1,14.51,0
76137,2019-01-22,3,2,8,28.03,0
99251,2020-12-18,3,5,2,10.17,1
2844,2023-12-15,1,3,10,14.41,0
90214,2020-01-05,1,5,10,36.43,1
9696,2019-02-04,2,4,3,49.61,1
81299,2022-12-09,1,2,10,7.24,1
15847,2020-07-02,2,5,2,46.52,1
18043,2020-04-17,2,6,2,23.95,0
98680,2020-03-28,2,10,8,46.32,0
11448,2022-07-27,2,6,13,7.16,1
12622,2023-08-18,3,2,3,13.4,0
24567,2021-05-18,3,3,2,7.84,0
58080,2020-01-29,1,8,11,17.37,1
19480,2023-05-02,1,2,2,34.98,0
39798,2019-05-15,3,1,7,34.23,0
80619,2020-05-16,1,1,5,23.29,0
45654,2019-08-28,3,4,2,45.11,0
70364,2019-11-22,3,2,5,19.8,0
90691,2022-12-04,2,1,2,13.53,0
51850,2020-07-08,3,6,2,20.31,0
14892,2020-01-10,3,3,11,16.13,0
60940,2022-06-14,3,2,4,6.76,0
13752,2019-11-04,2,10,7,30.85,1
37364,2020-04-06,2,6,7,39.84,1
54917,2022-06-27,2,2,9,20.92,1
51785,2021-10-29,2,10,9,45.62,0
21874,2023-01-16,1,10,1,35.17,0
38562,2023-09-29,1,1,4,18.0,0
64782,2020-09-05,3,9,10,40.52,0
30225,2022-02-12,2,5,13,21.44,0
65084,2023-12-05,2,10,7,44.99,0
76054,2019-12-05,1,4,9,12.67,0
81984,2020-08-20,1,7,1,27.67,0
70095,2022-08-09,3,9,12,26.21,0
71564,2023-08-14,2,4,8,15.32,0
50429,2021-03-13,3,5,12,19.09,0
35347,2023-03-25,1,5,7,28.6,0
71007,2022-12-10,3,8,7,20.2,0
10469,2020-08-24,3,3,3,44.29,0
81392,2021-12-25,1,9,2,38.23,0
42731,2023-03-24,3,7,5,2.94,0
53110,2019-08-25,2,6,11,31.35,0
74591,2020-08-10,1,10,5,47.43,1
43466,2022-07-27,3,8,5,5.88,0
88527,2020-10-16,2,3,2,10.81,0
59420,2021-10-12,3,5,4,47.9,0
77452,2023-02-27,3,9,3,15.89,0
18142,2022-01-16,1,5,8,9.91,0
39188,2020-08-23,1,2,3,28.85,0
69891,2023-06-29,2,8,9,13.41,0
96575,2023-02-05,1,4,4,32.39,0
77715,2020-01-19,3,2,3,41.46,0
96354,2019-08-15,2,1,5,11.3,1
29107,2019-11-11,1,5,6,33.31,0
32068,2020-04-02,2,1,1,38.45,0
94663,2022-08-15,1,2,5,4.93,0
3897,2020-01-31,1,9,8,15.14,0
96480,2021-09-14,2,2,9,11.19,0
40188,2020-04-01,3,7,9,17.67,0
1197,2023-09-16,2,6,4,24.66,0
31587,2019-10-20,2,9,13,27.09,0
96445,2023-01-03,2,5,10,38.1,1
8158,2021-05-15,3,1,12,35.98,0
70713,2023-01-25,2,1,6,47.37,0
94092,2021-04-25,2,10,7,26.24,1
77575,2022-12-02,3,4,1,40.89,0
77955,2023-01-18,3,3,10,37.38,0
4228,2023-03-03,1,9,5,24.12,0
8481,2022-05-05,1,6,4,28.94,0
35008,2020-09-29,3,10,6,13.84,0
58354,2022-10-05,3,10,6,43.83,0
73432,2023-02-13,3,2,10,8.94,0
24807,2020-11-05,2,2,12,37.39,0
34575,2019-07-20,1,2,11,3.7,1
35869,2023-12-03,1,4,3,7.19,0
28622,2021-11-20,2,5,9,29.87,0
73319,2022-02-09,2,6,1,44.81,0
48133,2019-12-18,2,6,13,2.87,0
79846,2021-02-18,1,5,1,7.68,0
23774,2022-01-07,3,5,13,15.48,0
84628,2023-07-08,3,8,3,15.87,0
17416,2020-10-30,2,9,1,44.63,0
17097,2020-03-05,2,2,5,24.69,0
67860,2021-11-22,3,8,7,25.8,0
29010,2020-04-09,3,8,6,5.2,1
55531,2020-02-13,1,9,8,3.63,0
50360,2020-05-18,3,8,6,6.75,0
39406,2022-01-18,1,10,1,32.15,0
20338,2022-04-15,1,9,7,31.06,0
36090,2022-09-16,1,6,9,33.85,0
23733,2022-02-19,3,4,8,25.14,0
15922,2021-11-04,1,10,3,26.25,0
85976,2020-02-23,2,3,9,16.85,1
86196,2020-01-04,3,2,10,45.36,0
92107,2019-01-08,2,1,7,44.55,0
82281,2023-05-06,3,10,1,34.61,0
98228,2023-01-20,2,2,11,39.14,0
10612,2022-10-01,1,3,13,12.22,0
3472,2020-08-13,1,7,5,38.82,0
23752,2021-12-16,3,5,6,26.92,0
76637,2023-12-08,1,4,7,45.68,0
96357,2020-02-27,1,1,8,27.26,1
85262,2023-07-29,3,7,10,44.44,1
75601,2022-01-30,2,3,4,23.48,0
77313,2022-12-27,3,2,3,20.43,0
70907,2020-12-17,3,1,9,16.52,0
62970,2020-12-25,1,4,7,16.37,1
32004,2019-01-08,2,7,13,17.63,0
43726,2023-01-27,1,5,5,6.7,0
77315,2023-04-13,3,7,7,7.93,0
38157,2020-08-28,3,6,11,44.53,0
11420,2021-05-04,2,2,5,33.13,0
25277,2023-09-07,2,9,2,18.2,0
2250,2023-04-05,3,2,12,13.72,1
50644,2021-08-06,1,1,9,16.32,0
39343,2019-10-18,3,5,7,37.54,0
47025,2023-12-13,3,4,6,12.34,0
28168,2020-11-11,1,7,5,2.3,0
87217,2021-07-24,2,5,7,42.28,0
17463,2021-05-29,1,1,13,36.58,0
70242,2021-08-03,2,2,11,44.5,1
64000,2022-10-29,3,5,2,23.03,0
85680,2023-11-02,2,5,5,32.7,0
47882,2023-02-18,2,4,12,49.34,0
65256,2022-01-23,3,5,6,49.73,0
74709,2022-02-27,3,3,1,49.74,0
81753,2023-08-02,1,7,1,18.6,0
53815,2021-11-20,1,6,8,39.75,0
98926,2023-03-15,2,6,11,36.27,1
85485,2020-01-28,2,5,2,3.41,0
16657,2021-06-21,2,10,3,22.35,0
70488,2022-04-27,1,9,7,46.28,0
69766,2020-02-18,2,7,6,18.07,1
12405,2022-09-18,1,10,2,32.89,1
70810,2019-10-23,3,5,12,5.0,0
89613,2021-05-29,3,8,10,22.07,0
63080,2021-06-01,1,4,2,35.69,0
29683,2023-02-17,3,10,4,28.49,0
46831,2019-09-05,3,3,3,42.89,0
65198,2023-03-22,3,6,5,41.72,0
10347,2023-11-10,3,6,10,32.49,0
53277,2022-08-17,2,10,12,11.77,0
82639,2023-06-03,1,6,12,19.0,0
52144,2022-10-02,2,4,3,45.86,0
98473,2022-12-11,1,6,4,15.48,0
8476,2020-04-06,3,4,11,18.26,0
77603,2020-10-04,2,5,4,12.94,0
22812,2019-11-21,2,6,1,9.56,0
37349,2019-11-13,3,1,6,31.0,0
78632,2019-02-28,2,6,7,27.7,1
40407,2022-06-03,1,1,6,10.33,0
19214,2020-10-24,1,5,12,32.17,0
68357,2022-12-15,3,7,7,25.39,0
18333,2022-06-28,1,7,8,42.51,0
74845,2019-08-18,2,9,3,26.14,0
32027,2019-03-19,1,7,5,39.26,0
51322,2022-09-22,1,6,1,40.47,0
29589,2023-02-12,3,1,4,27.41,0
46363,2021-02-02,2,8,3,48.79,0
87509,2023-10-18,1,10,3,16.97,0
92980,2023-08-08,2,3,8,21.54,0
64466,2020-01-15,2,6,6,2.42,0
20598,2019-09-04,3,9,10,48.32,1
81133,2022-06-22,3,9,11,40.15,0
86155,2021-02-09,1,3,1,9.57,0
10124,2020-09-22,2,10,8,17.4,0
97910,2021-01-17,2,2,9,16.6,0
47877,2020-03-07,2,7,4,13.54,0
70433,2021-06-04,1,9,8,27.9,0
64151,2020-10-26,3,4,13,42.43,0
52909,2020-10-24,3,4,9,37.59,1
25654,2019-10-13,1,5,10,27.12,0
35147,2019-01-24,2,10,11,17.51,0
19377,2021-02-07,1,1,10,33.11,0
93646,2023-04-25,1,4,12,13.98,0
2604,2022-07-15,1,1,2,46.02,0
59154,2021-03-09,1,9,4,9.68,0
99016,2022-07-21,2,5,7,8.53,0
23883,2022-01-30,2,1,6,39.58,1
51429,2021-03-19,2,4,7,13.39,0
58005,2021-03-19,2,6,11,29.89,0
53739,2021-01-31,2,6,11,18.26,1
11286,2023-07-10,2,3,6,16.03,0
4665,2021-12-08,3,8,4,43.03,0
38528,2020-02-25,1,7,9,26.87,0
50502,2021-08-29,1,8,5,16.75,0
82676,2019-01-12,1,2,12,8.89,0
48183,2022-08-06,1,10,13,33.16,0
468,2022-08-22,3,7,11,43.06,0
18900,2021-05-30,2,6,5,27.02,0
29155,2019-05-25,1,3,5,39.07,0
41352,2020-07-12,1,1,4,25.58,0
58428,2022-07-23,2,7,6,41.72,0
18220,2022-07-29,1,3,12,2.32,0
95134,2021-10-20,3,6,11,13.41,0
86952,2020-11-02,3,3,13,9.11,0
949,2022-05-20,1,6,13,49.45,0
94082,2021-10-21,1,6,5,27.46,0
98546,2019-02-07,1,2,8,38.8,1
10945,2019-01-09,1,6,13,6.05,1
95137,2019-11-17,1,9,10,25.8,0
7014,2022-07-19,2,3,4,49.77,0
67530,2023-03-17,1,4,11,3.43,1
59638,2021-01-03,2,4,6,34.12,0
13021,2020-08-15,2,5,3,30.71,0
85339,2022-01-31,3,5,9,25.1,0
71204,2020-03-04,3,10,4,30.86,0
32828,2020-11-17,1,1,9,23.28,0
72349,2022-04-03,3,6,13,27.27,0
2809,2022-04-05,3,5,4,12.2,0
39731,2020-09-17,2,3,12,3.57,0
40983,2020-07-29,1,3,13,22.53,0
54534,2021-05-11,3,2,7,14.46,1
43932,2020-07-17,1,1,12,25.71,0
93568,2019-01-19,3,10,11,38.21,0
67263,2023-12-24,1,8,12,25.33,0
93007,2021-01-08,3,5,12,37.12,0
44821,2019-05-20,3,8,13,42.05,1
45270,2023-09-29,2,2,1,2.41,0
41254,2020-06-04,1,8,2,15.24,0
77681,2021-01-19,2,5,3,12.2,0
78362,2021-04-26,3,8,3,20.35,1
9076,2020-03-14,2,7,13,25.71,0
4874,2023-02-17,3,1,7,40.96,0
12507,2019-04-26,3,6,6,41.21,0
25896,2021-04-26,3,3,6,45.82,0
5762,2022-09-27,2,9,4,32.45,0
20264,2022-02-23,3,9,9,12.35,0
93898,2023-11-16,1,9,9,16.4,0
85455,2022-01-13,1,4,3,37.98,0
15643,2023-05-20,1,3,7,11.21,1
52467,2020-08-07,1,1,6,4.38,0
77917,2020-02-08,3,1,8,10.24,0
62020,2023-10-08,1,9,10,16.86,0
38303,2021-05-26,2,3,13,10.74,0
95138,2020-12-09,3,3,3,21.58,1
82877,2022-05-25,1,4,13,11.78,0
25925,2021-10-27,3,5,1,30.5,0
4494,2021-04-15,2,6,5,23.23,0
2522,2022-10-22,3,10,5,29.3,0
77481,2019-11-10,2,7,3,23.51,0
45172,2019-03-14,1,8,12,20.92,0
61614,2020-10-25,1,2,7,12.32,0
10126,2019-03-10,3,10,1,24.37,0
72748,2020-05-02,3,5,12,8.51,0
37822,2020-05-23,1,4,2,33.28,0
52383,2021-09-10,3,8,1,49.17,0
844,2020-12-09,2,9,13,11.78,0
41080,2020-12-10,3,3,11,21.13,0
91804,2020-01-06,2,4,12,34.12,0
26040,2019-11-02,2,2,6,43.75,0
28173,2023-05-03,1,2,7,37.52,0
56458,2019-06-01,1,7,7,45.76,0
72031,2019-02-02,3,9,5,41.56,1
65818,2020-02-04,1,8,4,8.97,0
73495,2023-01-11,3,4,5,47.7,1
12755,2023-05-06,1,2,3,35.01,0
11142,2020-06-19,2,10,2,22.97,0
52331,2021-09-17,3,3,7,18.23,0
25843,2023-08-31,3,6,5,30.51,0
93875,2020-03-09,1,4,5,15.06,1
49003,2021-07-25,1,9,2,17.32,0
26546,2023-09-15,1,7,6,21.65,0
11396,2019-10-23,1,5,3,29.74,0
56581,2023-05-23,1,2,10,31.13,0
92874,2019-02-05,1,5,6,30.29,0
47383,2019-07-27,3,6,8,27.26,0
95498,2019-03-26,3,7,11,23.06,0
85679,2019-08-30,2,10,1,14.08,0
58619,2022-01-13,2,2,5,32.76,0
26364,2022-09-13,3,1,1,36.76,0
60429,2019-04-09,3,3,10,43.37,0
49363,2022-01-23,2,3,3,44.75,1
85716,2019-07-03,3,10,11,22.71,0
46915,2023-03-25,2,7,9,15.02,0
1918,2022-08-30,1,5,9,26.82,1
69081,2023-02-03,1,1,4,49.87,0
96150,2023-02-21,2,5,6,28.77,0
81854,2020-06-12,3,9,11,8.53,0
68941,2020-01-01,3,9,3,22.86,0
54411,2020-01-21,1,6,13,15.4,0
69841,2023-08-29,2,4,2,36.57,0
61389,2023-12-18,3,10,3,31.42,0
92860,2023-05-13,3,10,7,21.73,0
51484,2023-02-02,3,2,10,46.21,0
79446,2022-11-24,1,2,4,9.73,0
57519,2019-03-15,2,10,9,28.07,0
45855,2021-11-01,2,8,1,6.6,0
5204,2020-10-28,1,9,12,33.97,0
92386,2023-06-13,2,4,9,17.98,0
39622,2021-12-19,1,10,11,49.39,0
67657,2022-04-17,3,7,8,32.79,0
57638,2023-05-24,1,2,8,23.25,0
72040,2022-04-28,1,8,12,37.31,1
68104,2021-02-22,2,9,12,27.71,0
61116,2019-06-25,3,4,5,8.8,0
74851,2023-11-22,1,8,6,47.51,0
58215,2019-07-24,1,4,13,44.13,0
88245,2021-09-04,2,10,11,22.43,0
91526,2020-09-29,2,8,4,13.4,0
99174,2019-02-25,3,6,12,16.22,1
96918,2023-01-31,1,8,6,26.23,0
1745,2020-10-18,1,9,3,39.04,0
36319,2023-02-14,3,1,12,3.01,0
49571,2021-12-17,1,1,10,48.22,0
26398,2019-02-20,2,1,2,29.91,0
28030,2019-05-13,2,5,10,17.11,0
10511,2020-02-03,1,2,10,42.76,0
11109,2022-12-13,1,1,5,6.74,1
54027,2022-08-20,1,10,11,42.68,0
33918,2022-08-07,1,7,11,15.39,0
39697,2020-12-25,1,9,7,47.64,0
45538,2023-10-23,1,1,8,32.54,0
50239,2021-02-07,1,5,11,25.19,0
4809,2019-10-30,2,1,4,48.97,1
79336,2022-10-14,3,2,10,14.76,1
74434,2022-01-19,2,4,13,23.36,0
35156,2020-01-20,2,10,1,46.77,0
71691,2020-05-30,2,6,3,16.9,0
50046,2019-01-22,1,2,2,26.82,1
59574,2021-05-09,2,9,13,24.24,0
37380,2022-09-22,3,10,13,48.09,0
22381,2019-02-05,3,3,5,38.91,1
82785,2023-12-26,3,7,2,38.21,1
39904,2020-06-17,2,10,7,2.24,0
57225,2019-04-15,1,9,10,5.84,0
23675,2019-06-17,2,8,4,6.15,0
99829,2022-04-27,3,4,2,34.91,0
25453,2023-03-28,3,5,6,42.27,0
76338,2022-03-07,1,3,7,17.71,0
21620,2020-03-14,1,8,13,39.94,0
35930,2019-03-30,3,5,9,22.0,0
87610,2019-06-02,3,7,3,2.26,0
68819,2020-01-11,3,5,9,14.59,0
5325,2020-08-11,2,4,5,48.0,1
91269,2023-01-17,1,7,13,5.28,0
92278,2023-11-26,1,7,8,44.12,0
22097,2021-03-21,2,9,1,10.19,0
27389,2022-07-03,2,4,12,37.54,0
42880,2022-11-02,3,7,13,4.21,0
35599,2019-09-02,2,2,5,25.36,1
2939,2022-04-09,1,10,9,29.37,0
8827,2022-09-21,2,3,3,9.64,0
81242,2021-12-11,2,1,1,19.04,0
51740,2019-04-13,3,3,6,37.59,0
4002,2023-09-26,3,2,9,34.35,0
69927,2020-10-11,2,9,2,36.05,1
72186,2023-01-22,3,2,9,16.4,0
95663,2019-06-24,1,2,7,45.55,0
29399,2019-07-28,2,6,7,7.58,0
4324,2019-08-12,2,7,11,40.38,0
41031,2019-04-26,1,9,1,30.4,0
19009,2019-07-03,3,8,12,39.15,0
21670,2022-03-11,3,7,7,5.18,0
93221,2023-01-21,2,10,5,36.79,0
75170,2020-10-02,2,3,10,48.96,0
52381,2020-03-17,1,7,1,39.89,0
2763,2021-06-30,3,2,5,32.67,0
23508,2022-03-11,1,5,9,30.11,0
95066,2023-09-15,2,8,8,22.7,0
96290,2022-01-26,2,7,2,10.6,0
72621,2023-10-08,3,3,10,29.95,0
66232,2022-12-06,3,1,12,13.71,0
60071,2022-11-21,1,10,10,41.52,0
21718,2019-04-12,3,9,13,16.09,1
31218,2022-10-18,1,9,3,39.13,0
60922,2019-12-25,2,7,8,15.26,0
18778,2022-09-17,1,5,10,8.13,1
10703,2021-10-11,3,6,9,13.38,0
42065,2022-09-08,3,5,5,21.59,0
58394,2023-12-09,1,8,9,39.14,0
85683,2020-08-23,1,7,8,8.65,0
87930,2023-02-14,3,4,3,45.29,0
40727,2023-09-27,1,4,2,19.34,0
25889,2019-07-12,3,2,8,5.03,0
84394,2019-02-17,3,6,10,31.32,1
59097,2023-08-07,2,3,7,46.27,1
62307,2019-10-17,1,2,11,46.15,0
16321,2020-04-27,2,10,9,4.33,1
31661,2022-02-26,3,10,5,23.55,0
2671,2019-02-16,1,5,2,35.45,0
67448,2022-12-02,1,6,13,11.42,0
68054,2022-09-22,1,8,3,42.59,0
63270,2023-01-28,1,9,6,28.83,0
74963,2023-02-28,3,9,4,2.83,0
60138,2020-06-09,1,4,12,18.54,0
58083,2023-05-10,1,10,2,26.53,0
92375,2019-06-27,3,6,11,31.96,0
66316,2021-06-09,1,9,8,17.3,1
45936,2019-02-25,3,7,9,48.51,0
47362,2020-11-13,1,5,4,40.03,0
88725,2021-04-10,2,1,1,48.51,1
77769,2022-03-17,1,2,5,28.46,0
26246,2023-07-25,2,9,8,22.29,0
49930,2021-08-12,2,2,3,34.48,0
30079,2022-04-16,3,4,8,21.09,0
40349,2020-08-12,3,6,10,47.83,0
56490,2019-10-27,2,8,12,7.7,0
80191,2020-10-07,3,7,8,36.27,0
66695,2023-06-26,3,9,4,21.89,0
86567,2023-12-24,1,4,11,19.39,1
64403,2023-11-05,1,1,7,44.15,0
21521,2022-01-26,2,3,3,45.24,0
57084,2020-04-14,2,10,7,39.16,0
50467,2019-09-10,2,7,12,11.12,0
2364,2022-10-11,3,7,12,2.82,0
19657,2019-07-16,3,3,5,26.42,0
97109,2019-12-04,3,7,5,44.57,0
87235,2023-07-22,2,5,12,38.41,0
57534,2019-10-30,2,5,7,12.4,0
87935,2019-02-03,3,10,5,4.64,1
9538,2021-03-15,2,8,13,6.08,1
87074,2021-12-18,3,4,1,38.05,0
14914,2019-08-03,3,4,1,9.26,0
521,2021-12-24,2,3,5,20.82,0
34433,2019-12-01,1,7,2,34.94,0
66308,2019-10-30,3,7,8,11.26,0
343,2021-06-10,1,4,10,40.32,0
45162,2022-06-24,1,1,1,34.91,0
8439,2022-12-11,1,9,3,6.21,0
47751,2021-09-02,2,3,2,34.58,0
50097,2019-05-28,1,1,3,44.99,0
83844,2022-12-18,3,8,6,22.49,0
65528,2023-05-14,3,9,1,13.51,0
85274,2023-12-05,3,2,4,9.59,0
34771,2020-10-02,2,1,1,18.49,1
14057,2020-08-06,1,9,11,16.5,0
88481,2023-09-16,3,1,7,46.95,0
98158,2022-01-21,3,6,5,20.71,0
76198,2020-05-25,1,2,9,17.07,1
99001,2023-06-10,3,10,13,3.23,0
57872,2022-04-23,2,6,8,13.32,0
53807,2021-02-10,3,6,7,29.23,0
26304,2021-06-01,3,9,13,44.05,0
35281,2022-09-14,2,1,9,36.81,0
43742,2022-04-23,3,1,9,46.32,0
98044,2022-09-07,3,9,12,8.96,0
61970,2023-01-25,2,2,13,16.88,1
63688,2019-04-09,1,7,3,18.58,0
10962,2020-05-19,1,3,1,42.17,0
80337,2019-10-13,3,5,7,32.74,0
79890,2021-02-02,1,3,5,35.71,0
85997,2021-10-09,1,10,12,35.06,0
85553,2020-04-17,1,3,12,3.41,0
48774,2023-03-04,2,3,12,16.86,0
37158,2019-10-15,2,8,10,27.44,0
24770,2023-02-14,3,6,1,32.04,0
28730,2022-01-23,1,5,3,19.32,1
11479,2021-03-07,2,8,7,33.06,0
3363,2022-03-07,1,8,11,35.8,1
36726,2020-07-31,1,3,6,27.35,0
66946,2020-06-07,3,3,7,38.6,0
76434,2019-01-23,3,10,8,31.42,0
94826,2021-08-18,2,7,7,30.05,0
51536,2023-08-06,2,1,5,8.1,0
86308,2023-08-09,2,7,6,14.27,0
48790,2019-10-23,2,3,7,33.75,0
5577,2023-02-24,1,2,11,10.56,0
30271,2022-07-10,2,4,1,4.35,0
645,2022-02-06,3,5,11,9.18,0
28831,2019-06-27,3,8,12,36.0,0
24772,2020-05-11,3,7,8,32.5,0
99611,2023-09-20,2,10,3,48.25,0
72790,2020-12-03,3,7,8,2.07,1
27050,2023-11-14,1,8,6,35.78,0
40520,2020-08-08,2,6,11,36.0,1
33107,2023-09-17,2,1,7,23.26,0
94597,2020-06-28,1,6,6,17.14,0
73632,2021-10-27,2,4,5,45.7,0
10203,2023-02-24,3,7,9,46.68,0
20043,2019-09-19,2,4,3,29.59,0
48995,2023-05-22,1,7,9,14.5,0
81664,2020-02-25,3,4,10,24.07,0
9544,2023-02-28,1,1,6,18.61,0
44507,2020-03-28,1,9,1,26.14,1
34951,2023-06-27,2,6,13,19.27,0
16216,2020-03-11,1,4,9,35.63,0
20784,2019-04-22,3,8,8,15.21,0
76975,2019-02-11,1,3,1,12.19,0
79407,2023-10-12,3,4,10,29.0,0
50076,2019-07-02,3,7,10,41.75,0
18232,2023-07-28,3,3,2,37.28,1
37791,2023-12-31,1,8,12,24.83,0
93473,2023-07-14,3,5,7,29.55,1
59935,2022-11-17,2,6,8,35.44,0
16223,2022-08-04,3,2,12,47.6,0
66031,2020-04-20,2,8,7,36.66,0
54703,2020-02-17,3,7,9,16.43,0
45678,2023-08-27,1,8,12,23.51,0
6610,2022-01-09,2,1,9,43.22,0
96570,2021-07-19,3,5,4,13.32,0
16663,2022-01-13,3,2,12,47.5,0
20152,2021-04-19,3,5,3,28.95,1
29112,2020-02-15,1,9,3,37.34,0
83750,2022-06-23,1,8,7,41.81,0
34432,2020-01-30,3,2,6,7.13,0
95610,2023-08-17,2,4,1,28.77,0
41305,2019-05-16,1,8,1,10.51,0
37228,2023-02-04,1,1,2,34.48,0
74368,2021-08-30,3,8,6,34.46,0
70784,2020-06-16,2,2,6,36.75,0
90902,2021-11-27,1,3,7,49.56,0
3071,2019-03-06,1,1,5,37.96,0
30935,2021-04-04,3,5,13,9.98,0
52615,2021-03-19,1,3,7,26.12,1
39004,2019-11-30,1,4,10,10.47,0
37432,2019-01-03,3,7,7,15.12,0
68939,2019-10-16,2,5,4,37.79,0
50119,2023-04-25,2,5,9,19.83,0
92881,2023-01-22,1,1,11,6.07,0
8459,2019-01-01,1,1,9,44.14,0
98915,2020-11-22,3,4,2,39.01,1
64610,2020-01-30,1,8,8,15.26,0
42727,2021-03-10,1,7,6,35.63,1
70565,2021-08-30,2,4,2,32.61,0
9472,2019-09-07,3,4,11,2.15,0
24804,2022-06-02,2,2,9,2.64,1
27703,2019-11-26,3,5,8,8.26,0
58018,2021-07-23,1,4,7,37.32,0
82219,2021-04-04,3,8,12,32.6,0
92789,2023-10-18,2,2,11,9.96,0
20952,2023-03-04,3,2,9,42.93,0
2630,2019-03-16,3,8,1,40.85,0
91293,2021-01-27,2,8,13,17.46,0
12402,2019-01-12,2,8,1,47.91,0
55619,2020-07-01,3,8,7,37.64,0
59021,2019-08-10,3,2,12,30.97,1
8639,2023-08-17,3,7,11,14.2,0
24954,2021-06-25,2,9,10,48.73,0
35793,2022-01-03,1,4,10,3.16,0
44322,2022-03-14,3,8,9,32.07,0
80499,2021-02-06,3,10,10,40.91,0
77039,2020-05-01,1,5,4,43.59,0
56508,2023-07-05,3,8,10,19.39,0
15937,2023-09-23,1,8,5,15.41,0
57164,2021-09-04,3,1,6,45.73,0
46592,2019-01-26,1,4,10,31.48,0
56981,2019-06-26,2,9,7,23.02,0
26258,2021-12-24,1,10,8,36.07,0
71904,2022-10-30,2,8,3,17.44,0
84850,2020-06-13,1,6,11,7.65,0
58576,2019-12-09,1,10,2,23.83,0
29452,2023-07-01,2,4,12,36.49,0
93540,2021-04-12,3,4,3,24.75,0
56639,2019-12-27,1,6,2,5.98,0
43963,2023-05-18,1,3,4,9.46,0
59681,2019-03-04,3,10,9,42.19,0
15222,2020-10-24,1,10,6,3.78,0
44483,2020-05-26,1,3,9,38.46,0
67172,2021-05-25,2,6,3,46.47,1
90455,2020-11-18,1,8,5,18.8,0
26332,2023-05-09,3,7,12,32.14,0
56358,2023-07-22,1,3,1,49.8,0
94560,2020-04-24,1,2,5,10.91,0
50476,2021-07-12,2,8,1,41.85,1
70440,2019-07-05,2,10,10,37.86,0
79056,2020-08-16,1,10,7,40.07,0
22261,2020-12-29,3,7,6,2.82,0
4411,2023-08-11,3,1,3,37.07,0
63751,2020-03-29,2,10,2,25.96,0
74246,2022-11-10,1,1,8,33.71,1
2132,2022-04-02,1,7,13,32.53,0
93254,2022-04-10,3,10,6,17.87,0
73010,2023-06-03,1,3,11,34.42,0
82477,2022-04-14,3,10,12,40.03,0
35782,2020-07-25,2,1,5,41.96,0
28516,2022-11-05,1,4,8,13.86,0
97974,2020-04-20,3,8,3,32.77,1
42598,2020-03-02,2,1,13,38.87,0
47709,2019-12-31,1,4,7,46.04,0
81433,2019-04-23,3,5,6,43.19,0
85020,2021-05-19,2,7,2,41.2,0
72599,2023-07-15,2,4,5,4.42,0
81793,2019-04-23,3,8,6,19.95,0
78148,2023-05-11,1,1,3,26.54,0
25660,2020-08-27,2,6,3,37.19,0
26784,2022-06-05,3,5,5,23.64,0
85096,2020-12-20,1,9,13,30.89,0
37865,2021-04-05,1,8,6,6.09,0
67100,2022-05-18,2,4,4,14.65,1
16478,2021-02-15,2,2,7,41.86,0
39866,2023-07-14,1,6,9,21.02,1
66214,2022-02-28,2,1,10,3.44,0
12215,2022-06-10,1,2,5,10.01,0
36578,2023-09-10,1,7,7,47.81,0
17693,2020-06-03,1,8,1,37.83,1
33124,2023-08-07,3,2,6,21.11,0
90159,2022-07-21,3,6,12,29.42,0
69060,2021-09-19,3,6,11,31.59,0
48909,2022-04-02,3,1,12,28.69,0
11772,2021-12-13,3,5,4,15.65,0
13114,2023-03-31,3,3,1,15.83,0
43686,2020-09-08,3,4,7,48.47,0
52094,2021-10-13,2,2,12,13.21,0
85944,2020-02-15,3,10,2,49.23,0
47385,2019-10-18,3,7,6,30.69,0
27416,2021-12-22,2,9,9,44.98,0
98435,2022-06-12,3,10,4,34.28,0
26367,2019-07-16,3,5,11,22.84,0
67555,2021-05-04,3,1,6,7.81,0
62489,2023-10-30,1,4,1,13.95,0
91841,2021-03-22,3,4,3,34.54,0
20078,2022-12-13,3,8,10,37.82,0
48975,2021-03-05,1,4,10,49.28,0
62105,2019-04-09,2,6,4,3.17,0
604,2019-11-29,2,5,7,6.17,0
59536,2022-12-18,1,4,4,17.8,0
21976,2022-06-26,3,6,10,46.5,0
32857,2022-01-31,2,6,1,41.42,0
41098,2021-03-04,3,9,1,30.82,0
52335,2020-03-28,3,5,9,5.18,0
56557,2019-08-22,2,10,2,46.05,0
48215,2022-02-20,3,4,5,5.49,0
98413,2023-06-02,3,10,3,14.28,0
99986,2021-01-06,3,10,5,34.81,0
80259,2019-11-24,1,6,3,11.14,0
44360,2019-07-06,3,5,9,12.98,1
61098,2021-04-30,2,9,10,49.99,0
3812,2023-06-06,3,9,10,4.44,0
75464,2023-08-11,2,3,5,12.35,0
16162,2020-03-21,2,8,7,3.71,0
18780,2023-09-01,1,3,2,19.11,0
21590,2020-11-22,3,10,11,17.51,0
25446,2022-05-29,2,7,4,24.7,0
41778,2021-02-24,3,5,10,30.18,0
18215,2022-10-01,1,2,12,47.92,0
99454,2020-08-30,2,6,2,40.1,0
25542,2021-03-10,3,8,12,45.97,0
68786,2019-12-07,2,4,5,31.54,0
38436,2019-07-31,2,2,4,31.9,0
41978,2020-08-07,2,7,11,39.71,1
91112,2021-10-15,1,4,12,2.68,0
75012,2020-02-17,3,3,11,42.14,1
18616,2021-06-25,1,6,7,3.32,0
34267,2020-02-14,2,8,5,39.54,0
64180,2023-09-01,2,3,3,5.23,0
74596,2021-12-01,1,6,4,49.9,0
38784,2020-05-16,2,5,13,45.76,0
34446,2022-06-03,1,8,4,48.42,0
85132,2023-03-24,1,4,5,18.65,0
31099,2022-03-29,1,8,9,20.7,0
97038,2022-10-03,2,3,3,18.33,0
40492,2022-10-11,1,8,6,27.44,0
30898,2021-08-03,1,10,11,47.56,1
71967,2019-10-21,2,7,12,41.35,0
24189,2021-04-20,3,4,7,27.07,0
54203,2021-10-27,2,5,12,46.88,0
21492,2022-03-14,3,8,10,32.48,1
8356,2022-01-29,1,4,13,13.96,0
91768,2021-11-05,2,1,9,41.19,0
57678,2019-09-04,3,10,7,29.93,0
84897,2020-01-29,3,2,7,31.5,1
33116,2023-06-07,2,6,12,37.62,0
59807,2019-06-19,3,10,13,24.19,0
17081,2021-02-13,1,10,7,43.59,1
77001,2021-06-10,1,2,7,17.75,0
24828,2021-02-18,3,10,10,5.09,1
79408,2023-05-18,2,5,5,6.5,0
69007,2020-01-15,2,10,9,35.46,0
35217,2019-08-12,1,6,10,17.27,0
37069,2021-11-28,3,1,13,37.94,0
88588,2021-11-03,2,4,8,2.83,1
45368,2019-04-10,1,1,3,6.65,0
35241,2021-12-19,3,5,10,10.59,0
58241,2019-01-11,3,3,1,10.92,0
90683,2019-11-28,2,4,3,17.23,0
74141,2023-04-20,3,1,12,3.99,0
59929,2022-08-07,2,1,2,31.5,0
75309,2019-05-05,3,6,5,8.21,0
97467,2021-11-17,1,10,5,9.01,0
88873,2021-12-20,3,1,2,5.86,0
13918,2020-12-30,1,3,12,9.97,0
37992,2023-01-12,3,3,8,7.17,0
251,2019-12-02,2,8,13,30.22,0
56870,2020-02-29,2,5,11,20.69,0
62977,2019-02-14,1,6,3,9.26,0
89013,2020-07-16,1,10,1,21.14,0
45952,2022-07-21,1,3,11,17.58,0
44893,2022-03-21,3,2,12,39.08,0
78265,2021-11-01,1,5,6,41.82,1
43481,2021-02-14,3,6,4,2.62,0
82912,2020-12-24,1,10,5,29.22,0
95712,2023-08-29,2,7,9,9.79,1
41021,2019-06-05,3,3,4,41.12,0
42726,2022-05-03,1,3,5,38.88,0
67673,2021-07-16,1,6,1,7.97,0
87949,2019-10-31,1,8,4,16.7,0
30412,2023-04-10,3,7,10,30.74,0
53003,2020-07-14,3,4,1,15.27,0
71618,2019-09-07,3,8,11,41.83,0
94707,2019-01-20,1,2,3,38.42,1
28684,2020-04-08,3,7,4,41.07,0
98309,2021-01-16,3,1,12,14.77,1
5093,2023-11-10,1,9,5,11.84,0
1152,2019-11-04,1,9,9,18.89,0
68603,2023-04-10,1,1,1,19.74,0
5566,2019-07-06,3,3,6,36.56,0
22712,2019-03-11,3,10,4,26.78,0
78162,2021-07-30,1,8,2,25.32,0
28746,2020-04-04,2,3,4,35.2,0
53853,2021-03-28,3,10,5,5.12,0
67740,2022-08-07,3,10,11,15.44,0
10408,2023-02-06,3,4,5,23.99,1
76250,2020-01-24,2,6,13,17.17,0
18094,2021-07-05,2,4,1,44.06,1
14486,2019-12-13,2,10,4,9.83,0
5726,2022-09-07,1,1,11,28.26,0
57113,2022-09-24,2,7,10,21.56,0
22859,2023-02-02,2,8,12,16.67,0
50060,2022-01-03,2,8,10,5.03,0
86776,2020-08-15,3,6,8,14.37,0
4069,2022-09-08,2,10,13,16.91,0
22259,2023-07-20,3,2,12,11.78,0
25477,2021-11-13,3,4,8,38.11,0
68593,2022-06-07,3,1,7,31.95,0
32467,2019-08-21,1,7,10,44.58,0
16052,2019-10-28,1,1,11,11.56,1
80305,2023-12-21,2,3,4,10.45,1
59388,2020-08-20,3,3,4,43.98,0
36788,2020-11-21,1,9,5,31.62,0
21083,2023-06-07,2,7,13,6.0,1
12997,2020-10-25,2,5,10,2.58,1
68232,2020-05-11,3,6,5,4.12,0
62904,2021-11-06,2,8,3,5.52,0
88592,2019-10-15,1,7,11,14.09,0
4573,2022-03-20,1,5,8,30.21,0
24834,2021-08-28,3,1,9,46.13,0
67443,2023-01-15,3,4,4,4.55,0
10919,2022-06-06,2,6,3,20.04,0
94714,2022-03-15,2,5,11,29.07,0
39583,2021-04-30,2,1,9,44.83,0
78558,2020-09-19,3,7,8,46.05,0
11605,2023-03-17,1,5,8,27.78,0
34474,2020-09-12,1,5,5,17.43,0
32636,2020-10-31,2,6,3,2.2,0
69295,2022-01-27,1,1,11,28.08,0
10036,2023-04-23,3,5,1,12.15,1
93884,2021-03-29,2,2,6,7.52,0
52974,2022-11-15,1,5,7,35.28,0
98821,2021-03-15,2,10,13,8.12,0
35614,2023-03-14,2,8,7,30.41,0
38791,2023-03-24,3,6,11,40.18,0
41746,2020-03-12,3,10,4,46.07,0
6137,2021-05-31,1,7,13,3.89,0
53067,2022-04-14,1,5,8,41.27,0
21414,2020-07-02,2,6,9,18.65,0
74797,2023-03-12,3,4,8,8.17,0
1663,2020-04-05,1,5,2,13.63,0
73823,2020-11-22,1,1,7,17.26,0
81719,2023-02-28,2,7,4,34.27,0
68359,2020-12-23,2,5,4,8.73,1
71582,2019-01-27,3,6,11,2.71,0
39788,2021-05-27,3,7,3,33.52,1
68085,2020-08-05,2,2,3,18.85,0
57082,2020-05-14,1,10,9,22.49,0
16325,2020-09-23,3,7,1,15.27,0
41798,2021-01-29,2,2,3,24.59,0
42650,2020-10-28,2,10,6,16.35,0
34444,2021-07-07,2,10,9,13.86,0
70419,2019-04-06,2,5,2,25.81,0
36641,2019-05-27,2,2,3,12.72,0
20080,2023-04-14,3,8,9,34.39,0
45071,2019-07-26,2,7,9,47.31,0
13530,2023-02-12,1,5,1,21.59,0
62909,2023-07-07,1,9,4,42.76,0
31162,2020-02-13,3,1,3,32.13,0
29779,2020-04-12,1,3,6,8.66,0
68019,2023-04-28,3,6,8,7.66,0
61823,2019-02-01,2,1,8,36.79,0
8937,2020-09-27,2,9,8,38.43,0
57331,2022-07-21,3,5,7,25.89,0
27539,2020-06-15,3,6,4,38.06,0
10179,2022-01-05,2,6,11,22.36,0
31948,2020-03-17,3,5,12,43.19,0
68457,2023-04-12,3,6,6,21.78,0
56092,2022-01-27,2,6,13,22.54,0
57837,2021-05-26,3,8,6,49.91,1
78316,2020-04-29,2,10,9,18.54,0
48733,2021-09-05,1,3,11,15.01,0
49227,2019-04-06,3,2,13,21.95,1
38542,2023-03-28,3,9,9,30.63,1
46790,2020-07-27,2,6,2,43.43,0
16898,2021-07-21,2,4,11,42.48,0
21361,2023-11-13,3,3,5,17.17,0
94326,2019-01-17,2,6,3,8.69,0
85639,2019-08-29,1,2,10,11.37,0
30514,2022-07-14,1,4,3,27.98,0
91735,2020-10-30,3,8,10,36.19,1
34147,2021-04-25,1,1,13,36.02,1
87300,2020-09-10,2,5,7,49.66,0
26628,2022-11-30,2,1,9,16.03,0
23279,2021-10-18,1,10,4,39.92,0
18121,2021-08-26,3,9,5,9.21,0
49654,2023-01-12,3,7,13,16.1,0
35768,2021-05-12,1,4,11,39.53,0
82648,2023-07-11,1,2,2,23.49,0
298,2019-01-19,1,8,11,31.95,1
55134,2022-06-19,3,9,2,22.34,0
50043,2021-01-23,2,8,4,45.13,0
74753,2019-03-24,3,6,3,23.47,1
94894,2022-06-25,3,10,2,27.19,0
60965,2021-12-14,3,5,13,37.55,0
55211,2020-02-25,1,7,11,7.01,0
70957,2019-08-31,2,4,13,31.22,0
16601,2019-02-17,3,6,4,36.44,0
93686,2022-06-04,1,1,9,30.05,0
64154,2021-06-13,2,6,9,2.34,0
45405,2022-11-02,3,5,9,20.6,0
94891,2023-07-17,3,4,6,14.6,0
25388,2019-08-14,3,6,8,5.12,0
95668,2019-09-26,3,8,3,26.62,0
5728,2020-04-02,2,8,1,12.63,1
81094,2023-07-11,2,3,2,14.52,0
68575,2022-08-05,2,6,3,20.19,0
64731,2022-12-17,2,5,10,40.03,0
24167,2021-02-04,1,6,6,29.44,1
3136,2020-03-24,3,4,2,27.22,1
52607,2020-08-28,1,8,4,20.83,1
80935,2023-06-22,1,2,2,36.06,0
54124,2022-07-12,1,5,11,31.08,0
17968,2020-12-14,1,1,5,43.26,1
34091,2022-05-30,3,10,12,28.79,0
32278,2021-10-09,1,4,3,48.69,0
22811,2020-05-19,2,7,11,17.52,0
98201,2022-09-11,3,10,2,20.06,0
87699,2020-02-09,1,6,13,36.94,0
95905,2022-07-09,3,2,7,19.94,0
7759,2019-04-24,3,8,3,12.7,1
46829,2022-10-18,2,3,12,27.18,0
94271,2019-06-17,1,7,12,23.28,0
37712,2023-05-02,3,2,11,12.27,0
79776,2019-06-15,2,10,5,15.9,0
50483,2020-12-20,1,8,4,48.0,0
31652,2020-11-18,2,4,6,30.92,0
81276,2023-01-06,3,10,5,34.82,0
68242,2021-08-30,3,10,3,49.68,0
94954,2020-10-10,1,8,4,16.56,0
46884,2022-04-09,3,3,7,14.86,1
69541,2021-12-01,3,2,12,24.39,0
9832,2020-04-25,2,1,4,20.04,0
76676,2022-06-24,2,5,9,43.77,0
72242,2019-08-24,1,6,5,16.06,0
66034,2023-05-22,1,10,3,23.96,0
39414,2021-06-11,2,1,7,17.04,0
96063,2021-07-14,3,3,6,36.76,1
4650,2019-10-28,2,6,9,5.41,0
95146,2023-02-07,2,10,11,28.56,0
98600,2019-02-04,1,3,8,33.46,0
24166,2019-05-03,2,5,2,28.68,1
88971,2022-12-14,2,7,4,28.55,0
14253,2023-01-21,1,7,2,10.59,0
73304,2020-05-10,3,1,2,2.43,0
84773,2021-03-08,3,5,12,3.95,0
90783,2023-06-22,2,3,8,5.62,0
7844,2020-12-23,3,7,3,13.47,1
84383,2023-03-26,1,6,11,32.6,0
16013,2019-05-17,2,3,3,18.46,0
64859,2019-04-10,2,3,11,2.62,0
95511,2021-08-21,3,8,5,13.38,0
58177,2021-11-16,1,2,5,19.57,0
44164,2019-01-18,3,1,6,7.38,0
2232,2023-08-29,3,6,12,40.07,0
26876,2021-08-04,2,9,9,27.4,0
58408,2022-09-28,2,5,13,19.5,0
48170,2020-05-26,3,10,8,14.99,0
7214,2020-09-23,1,2,12,38.14,0
43651,2021-07-21,2,6,4,43.12,0
18555,2021-02-25,3,6,12,24.87,0
36982,2019-08-24,1,8,13,49.57,0
25772,2020-10-18,1,7,9,25.05,0
55888,2022-07-16,1,1,1,22.0,0
75606,2019-05-11,2,3,12,47.06,0
17987,2022-10-07,2,7,2,34.01,0
72658,2022-07-08,2,2,2,26.14,1
97103,2022-06-03,3,10,2,37.73,0
97670,2022-12-20,2,1,9,5.38,0
82540,2022-11-06,1,2,9,18.34,0
65547,2020-05-31,1,8,10,2.9,0
55647,2022-05-06,1,10,6,7.7,1
77491,2022-08-14,3,5,4,45.58,0
77642,2021-01-11,1,7,13,34.64,0
79758,2019-01-12,3,7,8,16.3,0
49279,2022-12-31,3,5,12,6.01,0
48595,2022-10-19,2,8,6,34.42,0
67615,2023-04-21,1,5,3,10.7,0
38741,2019-02-02,1,10,5,43.87,0
17937,2020-12-18,1,2,2,21.07,1
8244,2021-07-30,3,3,12,13.06,0
82506,2021-06-21,2,4,12,14.66,1
81312,2023-07-05,2,8,10,23.01,0
35395,2019-06-11,1,3,5,38.19,1
47398,2020-06-04,3,2,2,9.13,0
44691,2021-11-03,3,8,3,43.29,0
17724,2023-08-28,2,9,11,15.01,0
83208,2022-05-22,2,5,7,18.37,0
86655,2023-03-03,2,3,1,6.29,0
9786,2022-07-24,2,8,1,44.9,0
85072,2021-08-09,2,5,6,29.79,0
14223,2020-06-05,1,5,11,4.35,0
7416,2023-11-21,2,3,5,15.33,0
47643,2022-01-27,3,1,3,9.94,0
80009,2019-09-26,2,6,8,28.95,0
20904,2019-01-24,2,5,2,4.99,0
36048,2022-10-19,1,8,13,27.6,0
59634,2019-03-04,2,2,3,47.85,1
20281,2020-02-15,2,8,2,29.95,1
5098,2023-08-30,2,5,13,10.85,0
99065,2020-12-27,1,9,13,38.04,0
78023,2020-04-30,2,8,1,10.71,0
86317,2019-02-14,3,6,13,5.96,0
83477,2021-02-08,2,7,8,34.46,0
83040,2022-11-23,2,2,6,47.76,0
47631,2019-10-15,2,7,3,27.63,0
88681,2021-12-27,2,1,5,4.5,0
85777,2020-03-06,3,8,10,42.87,0
86130,2022-12-01,3,7,7,2.14,0
94201,2019-03-06,3,4,3,2.48,0
23149,2020-02-17,1,1,3,2.08,0
77636,2022-08-03,2,4,5,38.14,0
67248,2019-12-18,2,6,1,21.71,1
2476,2022-05-08,3,7,11,47.15,0
54230,2022-06-25,1,10,8,28.95,0
51635,2023-08-05,2,1,2,28.39,1
46299,2021-11-18,3,6,12,38.74,0
1477,2022-10-11,2,7,12,20.88,0
24339,2020-03-22,1,1,5,6.36,0
9412,2021-05-11,2,2,6,39.87,0
68629,2019-03-29,1,10,6,43.05,0
21265,2019-01-22,1,3,12,49.63,0
38089,2020-07-14,1,1,6,46.72,0
93296,2020-06-07,3,9,12,10.06,0
52561,2019-08-19,3,5,6,48.08,0
78666,2020-08-16,3,4,7,28.76,0
11656,2022-12-06,1,4,10,17.93,0
34141,2022-07-13,2,5,9,11.93,0
24360,2023-03-20,2,5,13,47.1,0
18752,2020-10-04,3,2,12,2.86,0
99139,2020-02-24,2,5,11,16.19,0
62603,2022-10-14,1,2,7,20.82,1
31764,2020-03-16,1,10,5,40.11,0
28174,2023-04-15,3,1,4,19.57,0
93477,2019-04-29,1,7,12,43.06,0
94558,2023-05-25,2,3,1,15.24,0
89578,2022-07-18,1,3,9,21.39,0
97909,2021-07-21,1,4,7,6.64,1
53483,2022-11-14,2,5,4,10.19,0
23207,2023-12-17,2,3,7,30.48,0
6432,2020-08-06,2,1,8,3.09,0
98107,2022-09-12,2,8,10,25.77,0
81759,2023-01-28,1,4,12,45.73,0
86490,2019-03-31,3,7,10,33.35,0
18350,2021-07-31,1,3,8,23.16,0
84626,2021-11-07,2,10,13,3.7,0
46556,2022-03-18,2,10,11,27.41,0
89289,2021-10-20,3,9,10,22.19,0
1594,2023-10-20,3,9,2,25.61,0
38281,2023-09-24,2,4,7,35.55,0
32616,2022-03-07,3,6,9,14.95,0
80890,2021-09-07,2,2,10,25.62,0
82041,2022-09-26,3,2,7,5.57,0
59263,2023-08-16,1,2,9,4.91,0
19343,2020-07-05,3,7,13,5.11,0
89482,2021-04-19,1,5,13,23.24,1
87526,2019-09-23,1,9,3,38.65,1
23191,2020-08-26,3,5,1,37.47,0
48737,2021-09-09,2,3,8,45.7,0
32032,2019-09-01,3,3,13,29.21,0
98298,2021-11-11,2,8,5,18.3,0
52556,2023-11-10,2,3,9,24.29,0
18965,2022-04-04,3,8,4,7.78,1
136,2021-03-28,1,7,11,20.2,0
69817,2021-01-28,1,3,2,33.68,0
83854,2020-01-25,1,3,5,21.77,0
12455,2020-09-26,3,10,7,11.9,0
98629,2023-12-03,2,2,6,17.56,0
62642,2020-11-11,3,6,12,16.41,0
91723,2020-10-09,1,1,3,6.53,0
54066,2023-10-21,1,8,10,48.2,0
3864,2021-04-10,3,3,3,34.68,0
49450,2021-08-03,2,5,10,14.92,0
40553,2020-08-13,3,4,1,21.48,0
96617,2021-04-17,2,5,5,38.74,0
79845,2023-07-26,1,10,13,42.86,0
72229,2023-02-15,3,3,9,42.82,0
73151,2023-01-26,3,10,12,36.67,1
14573,2022-03-19,3,3,10,17.86,1
59488,2022-06-29,2,7,5,46.08,0
62531,2020-10-09,2,9,4,7.81,0
21405,2022-05-31,3,8,12,41.77,1
38178,2021-04-11,3,3,12,19.15,0
6521,2022-03-03,1,9,8,27.97,0
23931,2021-04-06,1,6,4,42.11,0
59227,2021-09-04,1,6,13,42.51,0
25101,2020-05-12,3,7,5,6.22,0
96157,2021-03-05,3,6,8,6.83,0
81797,2019-02-01,2,1,10,25.43,0
59504,2020-12-01,3,6,10,16.34,0
45191,2022-01-15,3,8,11,46.85,0
73508,2021-08-20,1,9,2,17.56,0
52504,2020-04-23,3,5,6,11.04,0
58367,2023-12-11,1,7,1,29.65,0
11011,2020-10-05,2,9,12,16.78,0
67321,2021-08-17,3,3,13,12.6,0
35719,2020-01-08,2,8,9,38.36,0
42249,2020-07-03,2,7,10,8.77,0
36886,2019-07-14,1,2,3,15.8,1
2247,2021-08-23,2,6,1,47.72,0
52517,2023-11-01,1,7,1,47.88,1
61995,2019-09-12,2,3,13,6.76,0
53414,2021-04-28,1,5,13,5.64,1
99632,2019-09-25,3,2,8,39.89,0
73388,2020-03-15,1,6,13,48.32,0
19641,2022-06-22,3,1,9,14.12,0
66985,2019-01-08,3,8,8,22.53,0
12035,2019-12-09,2,3,7,35.64,0
26982,2021-07-27,2,8,13,37.98,1
78189,2021-01-21,2,1,5,21.56,0
83166,2022-08-19,2,5,5,2.95,0
406,2023-03-20,2,6,1,45.83,0
71546,2021-10-28,2,9,2,49.32,0
47405,2022-01-25,1,5,9,42.56,0
63285,2021-06-17,3,5,13,32.17,0
83322,2019-08-07,1,4,13,2.97,0
79865,2021-10-24,1,10,11,29.65,0
84220,2019-03-11,3,9,11,36.85,0
1509,2019-04-18,3,3,6,11.98,0
38307,2019-05-24,3,2,6,11.73,0
75689,2022-07-22,3,4,6,43.92,0
25144,2023-07-19,2,6,6,26.68,0
88469,2020-04-12,3,7,9,9.68,0
9241,2022-06-12,1,6,8,34.84,0
18611,2019-05-02,2,1,4,47.55,0
85886,2023-04-28,1,3,13,23.73,0
27935,2023-05-03,1,7,2,41.93,0
24654,2023-01-23,3,2,7,13.91,0
86328,2021-09-23,2,9,11,22.45,1
90907,2023-04-10,1,6,5,16.35,0
59787,2020-05-30,1,1,6,3.13,0
24837,2023-06-08,3,8,6,25.37,1
68299,2020-11-06,3,3,2,2.63,0
33587,2020-11-27,3,7,1,48.61,0
84558,2020-06-17,3,9,10,33.02,0
59057,2023-10-06,2,3,13,11.28,0
30310,2021-08-21,3,1,12,15.88,0
71574,2022-05-04,2,2,7,9.21,0
90418,2021-11-04,1,5,8,36.07,0
7094,2019-03-06,3,2,9,17.61,0
76355,2020-01-15,1,8,5,13.64,0
89006,2023-05-06,2,8,8,21.75,0
76469,2022-03-20,1,8,3,35.35,0
47257,2021-09-03,3,8,13,28.41,0
79194,2023-08-03,2,7,1,26.07,1
73139,2023-07-07,2,10,3,12.85,1
65514,2020-11-09,1,2,4,9.39,0
42492,2023-02-25,2,5,11,28.66,0
59552,2023-11-19,3,3,1,46.22,0
1306,2023-10-21,2,5,3,8.47,0
21532,2023-09-24,3,1,5,20.44,0
24702,2020-06-13,3,4,10,25.55,0
87548,2020-07-18,2,10,13,40.8,0
2691,2019-05-28,3,10,10,7.1,0
95472,2020-04-20,2,9,8,25.98,0
71808,2022-05-28,3,7,13,42.71,0
49526,2023-04-29,1,2,4,28.12,0
98796,2022-08-10,1,8,5,17.64,0
60446,2023-10-08,3,6,5,27.49,0
38341,2019-11-26,2,6,3,25.12,0
41797,2020-08-26,1,5,7,31.74,0
24103,2023-05-12,2,3,4,15.18,0
2285,2019-06-24,1,8,1,43.13,1
7187,2020-07-03,1,8,2,32.74,0
45990,2023-01-26,2,4,12,32.57,0
73982,2019-08-04,1,8,3,17.92,0
58205,2020-10-16,1,1,4,20.87,0
80370,2019-03-03,2,9,3,12.23,0
31805,2023-10-03,3,8,2,15.12,1
23887,2020-03-03,1,3,2,37.36,0
26735,2023-12-30,2,8,6,36.25,0
34845,2019-07-17,1,5,5,29.19,0
54355,2022-03-16,1,2,11,42.99,0
72472,2021-03-08,1,9,9,31.02,0
12218,2021-03-12,2,9,9,15.89,0
81646,2020-06-16,1,10,13,13.0,1
47268,2022-12-25,3,8,13,17.83,0
17982,2022-05-21,3,8,13,45.92,1
13590,2023-01-31,1,6,1,38.71,0
84676,2022-07-15,1,3,8,41.35,0
15134,2019-09-19,1,9,10,2.39,0
95290,2021-04-20,2,4,9,41.5,0
71763,2020-11-15,2,10,6,11.8,0
75831,2020-12-27,3,2,3,10.98,1
8736,2019-02-25,1,6,2,22.21,0
43077,2019-04-25,3,10,1,25.73,0
65915,2020-07-13,3,2,6,39.44,0
5757,2022-03-09,1,1,6,38.01,0
37932,2022-05-08,1,7,13,40.42,0
19804,2023-03-18,2,5,11,28.14,0
93436,2019-03-24,3,5,8,25.4,0
49196,2020-06-20,1,3,7,34.44,0
57882,2020-10-04,3,10,7,16.12,0
57430,2023-11-14,3,10,2,48.4,0
15688,2021-05-09,1,6,13,6.2,0
27599,2022-03-14,1,1,1,35.31,0
48603,2019-05-13,2,3,3,4.81,0
17816,2019-06-23,1,3,6,48.9,1
48778,2023-06-28,3,3,4,13.6,0
99356,2023-05-30,2,5,10,5.09,0
28387,2023-04-24,3,1,12,49.68,0
50051,2019-06-16,2,8,1,22.95,0
56859,2023-02-16,1,4,12,35.3,0
15326,2020-12-10,3,9,7,32.88,0
39395,2020-12-18,2,6,12,35.49,0
4849,2023-01-18,3,5,8,24.86,0
36665,2022-12-28,1,1,5,8.23,0
90073,2021-08-26,3,4,3,38.92,0
79075,2020-04-21,1,2,10,12.41,0
7877,2022-03-22,2,7,6,16.55,1
1915,2021-05-24,1,1,8,42.75,0
47828,2022-01-17,3,8,10,6.44,0
25211,2019-08-16,2,8,2,26.03,1
46727,2021-08-16,2,5,3,40.73,0
87701,2022-05-20,2,4,13,24.05,0
63286,2022-10-20,2,3,5,44.91,0
26622,2019-11-27,1,2,4,8.48,0
71381,2020-12-24,1,8,11,6.8,0
56168,2021-02-19,1,3,7,37.01,0
98933,2022-01-11,1,5,9,22.8,1
46495,2019-04-20,2,7,7,14.0,0
21215,2021-07-19,1,5,10,4.45,0
84903,2021-03-28,3,4,3,30.64,0
24858,2019-09-04,3,8,1,47.06,0
43243,2021-07-01,3,7,2,44.08,0
91583,2021-11-10,1,6,3,3.12,0
51425,2020-08-05,1,9,5,17.2,0
52619,2023-10-07,3,9,11,48.98,0
90987,2020-05-11,2,4,7,21.75,0
74460,2020-09-04,3,6,6,3.59,0
24888,2022-07-31,3,2,13,13.52,0
20481,2021-11-09,3,3,7,33.11,1
2695,2021-06-17,2,5,9,12.7,0
61163,2022-09-29,3,7,13,22.63,0
34305,2022-07-21,2,5,12,37.92,0
41236,2022-11-07,2,8,9,15.22,0
39275,2022-06-18,2,1,10,48.07,0
31289,2019-03-10,3,7,13,17.5,0
66589,2022-08-13,3,4,7,13.84,1
73563,2019-05-05,1,1,4,21.54,0
24894,2019-11-15,1,2,1,43.6,0
59844,2022-07-26,3,9,12,35.27,0
63442,2021-06-19,1,2,11,31.85,0
56545,2022-06-18,1,8,2,42.0,0
4828,2020-02-06,3,10,12,29.16,1
33911,2019-03-25,1,5,13,9.03,0
85714,2023-03-07,3,6,12,29.65,1
11810,2019-02-22,3,9,1,44.27,0
29385,2020-07-04,1,2,10,49.59,0
82034,2021-09-09,3,1,3,3.41,0
70381,2022-07-21,2,9,3,7.54,0
87922,2022-08-27,2,2,10,39.52,0
45682,2019-11-28,1,1,7,49.76,0
36657,2022-12-21,2,7,11,10.38,0
1356,2020-09-30,3,3,10,35.01,0
35777,2019-04-20,2,5,3,27.41,0
13959,2022-11-11,3,1,6,27.28,0
49907,2021-12-22,3,5,7,3.03,0
92956,2021-04-03,3,4,11,32.54,0
28983,2022-02-20,3,10,6,43.43,0
91004,2021-06-13,3,1,13,6.32,0
46109,2021-01-16,3,3,5,16.86,0
33404,2022-12-24,2,2,7,16.56,0
23146,2021-01-07,3,5,3,26.47,0
62377,2020-07-05,3,10,11,25.43,0
39440,2021-02-03,3,5,13,28.79,0
53512,2020-01-29,1,6,8,29.68,0
5490,2021-01-10,3,4,8,3.34,0
42396,2020-03-26,2,8,11,29.82,0
1887,2022-11-15,1,7,7,40.44,0
3844,2021-03-07,1,7,7,43.58,0
56272,2020-08-31,3,4,2,41.36,0
57188,2021-06-24,1,9,6,6.42,0
18907,2019-07-20,1,4,12,42.64,0
20002,2019-03-23,3,8,2,40.01,0
24520,2023-10-01,2,9,3,39.54,0
86510,2021-12-16,2,6,9,39.59,0
29299,2021-06-26,1,7,12,3.45,0
49607,2023-07-09,1,2,10,15.15,0
21066,2020-08-01,3,5,1,22.86,0
62178,2023-04-23,2,4,6,13.91,0
7551,2023-12-20,1,9,9,23.2,0
96502,2022-01-12,1,5,12,18.88,0
7805,2023-08-04,3,9,12,39.48,0
99337,2020-03-07,2,7,13,8.51,0
70739,2023-03-21,3,10,11,10.06,0
46143,2023-10-20,3,3,8,35.71,1
63501,2019-02-05,1,1,13,28.33,0
58528,2021-08-12,2,6,3,29.76,0
28094,2022-11-13,1,9,6,14.13,0
33498,2023-09-12,3,10,11,5.98,0
18594,2021-10-01,1,4,9,3.98,1
17034,2023-09-04,2,3,11,8.24,0
53939,2021-02-05,1,9,4,36.01,1
36973,2019-09-26,3,6,6,33.81,0
92143,2020-11-03,2,9,13,14.89,0
43545,2019-02-06,2,4,13,21.36,0
17277,2021-07-01,3,6,11,42.0,0
33825,2022-11-17,2,5,6,22.47,0
27293,2021-03-29,2,3,6,33.14,0
65367,2019-04-04,1,8,9,20.84,0
82031,2021-07-22,3,1,3,35.78,0
64124,2020-03-27,3,2,12,39.04,0
47768,2022-02-28,2,3,6,13.46,0
49209,2019-10-09,2,8,10,7.28,0
40501,2022-07-30,2,10,12,17.32,0
5898,2019-11-07,1,9,12,31.05,1
77915,2023-07-13,2,7,2,20.77,0
54415,2020-09-18,2,7,3,38.95,0
79486,2019-10-28,2,2,6,33.38,1
4444,2021-09-23,3,4,5,24.2,0
15547,2021-08-08,2,3,12,49.76,0
22358,2019-02-15,3,7,6,11.74,0
5173,2021-07-15,2,10,2,15.78,0
30826,2021-02-27,3,2,1,29.13,0
86276,2022-08-15,3,4,4,11.62,0
15780,2023-07-21,2,6,13,48.5,0
13323,2019-08-07,1,3,9,22.45,0
20608,2019-03-28,2,1,4,40.48,0
19059,2023-10-01,1,8,10,34.36,0
60419,2022-11-30,3,6,1,42.51,0
18881,2020-06-26,3,4,5,45.89,0
14487,2022-01-09,2,3,9,16.73,0
68168,2019-10-31,1,3,13,24.07,0
70483,2019-10-06,3,3,11,17.79,0
14560,2021-10-14,1,1,4,48.91,0
25986,2019-05-05,2,6,8,41.28,0
86822,2022-10-04,1,5,7,10.2,0
40844,2021-02-14,2,7,13,21.28,1
47906,2020-05-25,1,6,13,49.99,0
78184,2019-11-22,3,4,1,7.98,0
98665,2022-01-22,3,1,7,28.06,0
1348,2020-04-30,2,1,11,28.28,0
31270,2020-04-26,1,1,11,6.73,0
38594,2022-08-29,3,8,11,45.34,0
41901,2022-07-11,3,5,11,40.18,0
57176,2020-03-20,2,5,4,35.76,0
92136,2021-10-03,1,2,7,21.76,1
58136,2023-09-21,3,9,13,45.31,0
34707,2022-01-11,1,2,6,49.21,0
21593,2023-07-19,1,9,6,21.3,0
75785,2019-08-28,2,10,9,17.74,0
11111,2021-04-02,3,10,10,42.25,0
35255,2021-02-06,2,10,8,8.92,0
63186,2020-09-17,1,8,1,40.79,0
64143,2022-10-18,2,4,3,43.53,0
30067,2023-07-13,3,7,9,25.83,0
3708,2019-07-28,3,2,4,14.35,1
70424,2023-03-21,2,10,5,27.42,1
225,2019-12-27,1,2,7,4.74,0
67549,2022-07-31,3,4,6,29.27,1
88187,2023-06-12,1,8,4,24.87,0
74648,2019-04-29,2,9,11,12.88,0
47119,2020-12-18,2,5,3,29.54,0
48285,2022-08-16,3,2,5,35.88,0
98969,2023-12-11,2,1,2,37.13,0
56739,2021-06-01,3,3,7,30.78,0
32989,2019-12-24,1,2,5,19.2,0
41401,2022-09-04,2,4,4,32.51,0
74583,2021-10-19,2,10,9,13.36,0
86204,2022-11-04,3,2,3,40.2,0
98851,2022-10-19,2,10,10,6.52,0
36598,2022-08-10,3,1,3,24.7,1
14222,2021-11-10,2,3,3,19.03,0
21232,2020-08-02,1,6,2,26.69,0
52285,2022-10-11,2,5,4,11.96,0
42690,2020-10-22,3,3,7,31.58,0
46073,2020-03-27,2,2,2,33.66,0
91391,2022-04-21,1,5,12,28.92,0
58366,2021-08-19,2,7,9,32.55,0
43147,2019-04-29,1,7,6,40.91,0
593,2022-08-14,2,6,6,27.55,0
80729,2019-07-02,3,5,9,21.75,0
35950,2021-04-17,2,3,4,9.78,0
82893,2020-05-20,2,1,8,27.96,0
58605,2021-10-16,2,5,11,2.92,0
9325,2020-07-31,3,7,13,19.16,1
16573,2021-03-29,3,7,4,19.24,0
51697,2019-04-14,1,4,12,42.51,0
2962,2023-10-05,1,7,4,36.09,1
70048,2019-10-18,3,6,6,24.97,0
15945,2022-11-09,1,7,4,2.16,0
25381,2021-05-31,3,3,1,43.94,0
14269,2020-01-14,1,8,11,16.12,0
27076,2021-02-11,3,4,9,42.53,0
75778,2023-12-02,1,10,4,24.61,0
91894,2023-04-02,3,5,11,47.11,0
43905,2022-02-16,2,10,10,14.43,0
30255,2020-01-22,2,6,7,9.73,0
14775,2023-08-27,1,6,6,35.17,0
64122,2020-12-08,1,3,7,24.9,1
77749,2020-11-08,1,1,12,35.23,0
88813,2021-02-24,3,6,9,4.96,0
64560,2020-06-05,3,3,1,3.36,0
68664,2020-05-12,3,10,9,36.75,0
13823,2023-03-31,1,5,4,8.95,0
49512,2022-04-04,3,4,11,14.16,1
97824,2019-04-10,2,6,6,11.54,0
86410,2023-03-30,3,4,1,8.53,0
54447,2020-03-11,2,4,11,34.18,0
4743,2021-12-14,2,2,6,4.44,0
54837,2023-11-27,3,4,13,21.72,0
92823,2023-09-23,1,9,9,11.91,1
80399,2019-05-25,1,6,9,17.58,0
48970,2023-08-24,3,10,3,24.27,0
27492,2019-06-04,2,10,8,18.56,0
57390,2019-03-29,3,2,2,19.15,0
55052,2023-04-24,1,8,3,48.6,0
20328,2021-07-02,1,6,9,45.13,0
87023,2023-04-19,2,8,8,39.53,0
15483,2020-04-14,3,5,5,35.47,0
18484,2023-04-06,1,1,6,17.73,0
68474,2023-05-27,1,10,10,41.03,0
82141,2020-11-29,3,5,2,36.99,1
33843,2023-04-22,3,10,6,10.11,0
80741,2021-05-24,3,7,13,48.27,0
17903,2021-11-04,1,8,10,15.01,0
95504,2021-11-11,2,2,7,4.95,1
51992,2020-08-12,1,8,9,17.75,0
58423,2022-01-02,2,4,8,12.05,0
12147,2022-10-15,2,3,12,39.09,0
75320,2021-07-18,1,2,6,46.84,0
58411,2020-12-26,2,6,12,19.67,0
72819,2021-06-12,3,5,12,35.3,0
26235,2023-12-10,2,4,11,46.37,0
58757,2021-10-22,3,3,9,27.63,0
1695,2023-09-17,2,2,2,7.45,0
56254,2020-07-20,3,8,8,7.61,0
69560,2019-10-27,1,3,1,7.7,0
78741,2023-09-12,3,1,10,41.44,0
70357,2023-08-28,1,2,2,8.56,0
93928,2023-11-24,1,10,6,13.45,0
318,2019-08-26,2,2,7,42.16,0
4679,2019-05-10,1,10,4,2.47,0
5967,2019-12-08,1,9,6,4.78,1
96516,2022-11-07,2,4,6,43.87,0
74549,2021-04-09,1,10,10,43.74,0
41396,2019-06-06,1,4,12,14.5,1
12430,2023-06-04,3,8,12,5.5,0
28834,2021-06-08,3,2,12,3.2,0
83188,2022-10-30,3,10,11,4.02,1
92883,2021-05-20,2,10,9,26.35,0
11913,2019-07-06,2,4,9,9.61,0
44501,2021-01-09,2,4,12,39.82,0
28373,2021-02-06,3,3,8,18.89,0
27528,2022-08-28,3,3,13,35.71,0
81236,2020-02-20,1,10,1,5.88,0
21852,2020-06-11,2,8,13,15.57,0
51762,2021-09-24,3,1,3,46.65,0
64873,2019-12-10,2,5,4,39.99,0
35030,2023-10-23,3,9,3,33.99,0
15548,2020-06-19,1,7,3,15.64,0
83073,2023-05-14,3,7,9,46.48,0
40378,2020-08-17,2,6,3,21.08,0
63883,2022-10-17,1,9,3,8.45,0
8943,2020-05-18,1,5,11,8.52,0
11988,2022-03-18,1,4,3,46.62,0
62953,2023-07-31,2,7,13,41.91,0
74143,2023-02-21,2,6,12,21.44,0
72688,2019-01-12,2,4,7,29.03,0
16037,2021-08-28,2,5,2,15.05,0
89763,2020-03-04,3,8,2,6.19,0
88064,2020-08-16,2,5,13,32.16,0
86103,2022-02-14,1,2,6,38.85,0
89916,2022-03-24,1,7,5,23.22,0
87541,2022-07-20,3,6,11,24.11,0
1820,2022-07-21,1,8,4,12.99,1
89388,2023-08-13,3,8,3,46.0,0
58441,2020-06-23,3,3,12,43.12,0
25568,2019-04-29,2,10,3,25.24,0
82576,2019-05-15,1,4,1,25.48,0
745,2019-01-01,1,10,7,28.54,0
82986,2022-08-13,3,10,10,6.64,0
93879,2023-04-08,2,8,12,46.35,0
75971,2022-10-27,3,9,7,21.34,1
91168,2023-12-16,2,5,8,32.92,0
54686,2019-09-23,2,3,2,24.17,0
90193,2019-08-31,3,8,8,47.42,0
11852,2022-08-15,1,8,9,44.35,0
47323,2022-10-07,2,4,8,14.68,1
87417,2023-06-28,1,6,10,17.61,0
13782,2023-01-08,1,5,5,14.94,0
67024,2022-07-29,2,10,11,9.56,0
72981,2023-04-28,2,1,12,2.7,0
49274,2021-07-21,3,9,1,39.08,0
15083,2019-04-01,3,2,7,13.11,0
59954,2023-11-09,2,5,2,7.87,0
3030,2022-01-22,1,7,13,36.44,0
39875,2020-03-24,3,8,10,36.06,0
77235,2021-09-08,3,3,12,35.23,0
95462,2023-08-02,1,9,7,26.63,0
61456,2020-09-26,1,7,13,24.29,0
75492,2020-02-07,1,6,9,10.02,1
24866,2022-09-13,1,7,7,41.43,1
62457,2020-01-10,2,10,11,49.88,0
15148,2019-11-30,3,3,11,22.0,0
79317,2022-12-10,1,5,8,14.44,1
41157,2019-11-04,1,8,8,18.14,0
97478,2022-05-08,1,3,5,19.36,0
62315,2021-10-07,1,2,7,15.0,1
19967,2019-03-31,2,10,9,25.21,0
17412,2020-06-10,3,3,2,30.02,0
61860,2020-09-08,3,1,11,42.3,0
2612,2023-02-05,1,1,2,49.03,0
49351,2020-06-19,1,1,13,30.9,0
82780,2019-04-30,1,8,10,29.22,0
53712,2022-10-14,3,1,8,20.16,0
32094,2021-08-11,2,9,9,13.63,0
97448,2023-02-20,2,2,7,38.96,0
91341,2021-09-04,2,6,6,26.49,0
84658,2020-09-06,3,4,1,26.78,1
36609,2022-06-26,2,10,7,6.11,0
5379,2022-02-16,2,4,11,46.33,0
57455,2021-09-26,2,9,4,2.19,0
86361,2022-03-16,2,4,1,34.5,1
79390,2022-08-05,1,2,10,28.32,0
65667,2023-02-19,3,1,8,42.99,0
14353,2021-11-09,2,2,6,5.56,0
42936,2021-03-29,3,5,6,11.6,0
98958,2019-01-06,1,5,5,31.2,0
75900,2022-04-12,1,8,8,41.58,0
60364,2023-04-15,2,4,11,7.59,0
45029,2019-09-15,1,5,13,42.27,0
1986,2023-02-12,1,5,4,29.48,0
79991,2020-11-22,2,6,3,28.42,0
21612,2020-03-23,1,9,5,12.88,0
31410,2019-06-12,2,9,5,43.42,0
45408,2020-04-11,2,1,11,43.39,0
35959,2022-10-25,1,6,8,47.73,0
59804,2020-06-10,1,10,8,15.97,0
72664,2023-06-24,2,5,7,19.27,1
53069,2023-01-06,3,2,13,31.16,0
86996,2021-11-13,2,6,10,30.22,0
51569,2020-11-20,2,9,12,38.18,0
34894,2021-09-08,3,8,5,34.21,0
54904,2020-12-04,2,7,12,43.47,0
69310,2019-08-25,3,7,4,44.96,0
85904,2023-07-26,2,10,6,33.02,0
35674,2021-08-28,1,5,9,9.33,0
46750,2019-05-14,1,8,10,33.98,0
25908,2021-09-15,1,6,7,16.08,0
5496,2019-06-07,3,9,9,10.89,0
13238,2021-09-16,2,6,10,30.34,0
13495,2020-10-29,2,1,12,24.55,0
34987,2021-02-18,2,1,1,10.43,0
30630,2023-10-14,2,3,5,7.16,0
93275,2020-05-05,2,2,13,13.47,0
85951,2020-12-17,3,6,11,30.92,0
13776,2023-05-06,3,10,12,38.37,0
12311,2020-04-07,2,10,11,44.48,0
36023,2023-05-19,1,1,6,11.24,1
72235,2023-04-28,2,10,1,6.17,0
61094,2021-10-24,2,7,8,2.76,0
70113,2023-05-07,1,2,3,10.32,0
55777,2022-03-09,3,4,7,24.31,0
31988,2019-12-09,2,9,8,3.01,0
61373,2021-12-19,3,10,2,31.12,0
97132,2019-01-13,3,8,4,38.67,0
98513,2023-12-01,1,10,6,23.22,0
79200,2022-07-09,2,4,11,44.32,1
30470,2023-06-18,3,8,8,35.7,1
29004,2021-09-04,2,4,10,3.51,0
59947,2021-07-16,2,2,4,44.22,0
51750,2022-10-22,1,3,1,37.31,0
90669,2022-11-11,3,10,4,14.88,0
94272,2023-06-12,2,2,1,11.97,0
80469,2020-08-02,3,2,4,35.0,0
27478,2019-01-02,1,10,4,28.69,0
77285,2023-12-01,3,6,8,9.83,0
72364,2022-04-10,2,4,10,13.88,1
65979,2019-11-26,1,10,4,31.96,0
48532,2020-11-25,1,2,10,23.03,0
92168,2020-12-08,1,1,4,44.05,1
75202,2019-08-21,2,4,1,35.73,0
51981,2021-01-29,1,4,12,44.39,0
18703,2021-03-27,2,2,11,8.5,0
30266,2023-12-12,2,7,8,42.17,0
20537,2022-03-20,1,3,4,36.23,0
83371,2020-11-01,1,10,13,30.16,0
54420,2019-04-13,2,10,13,2.82,0
47737,2020-03-14,3,3,1,25.2,1
73661,2022-10-22,2,8,9,25.22,0
49767,2019-01-23,2,7,11,33.56,0
55117,2022-11-26,1,3,12,33.28,0
66847,2022-01-25,3,1,3,39.05,1
77880,2019-06-11,1,3,6,35.1,0
34964,2021-08-11,1,8,2,26.46,0
48127,2021-10-14,2,3,3,44.28,0
11442,2023-09-20,3,1,2,48.69,0
80515,2021-05-18,2,7,13,34.71,0
19555,2021-01-17,2,1,6,7.61,1
69366,2021-08-11,2,6,2,17.99,1
36838,2019-09-16,2,6,9,36.57,0
19259,2020-07-17,1,2,4,2.6,0
34956,2021-08-29,2,10,10,15.21,0
10818,2022-09-10,1,9,13,23.46,0
56501,2023-10-06,1,8,4,44.82,0
99436,2019-03-09,2,6,13,11.07,0
71240,2021-11-20,2,9,10,38.12,0
60500,2023-02-24,3,2,8,15.9,0
8065,2020-12-25,2,4,12,35.91,0
37680,2022-11-18,3,4,2,49.74,0
86773,2019-12-04,1,8,6,29.69,0
95813,2019-04-22,2,10,8,13.51,0
25440,2021-12-15,2,3,2,27.02,0
20133,2022-01-02,3,3,10,11.91,1
47203,2021-09-05,3,1,5,22.28,0
86158,2022-02-03,3,5,12,27.27,0
71337,2021-09-19,1,2,7,35.39,0
33221,2023-06-18,1,6,11,10.14,0
13614,2020-04-21,2,9,3,2.66,0
85080,2019-07-02,1,8,1,42.43,0
37468,2020-08-05,1,6,11,45.33,1
47298,2023-06-24,3,5,13,48.67,0
43884,2021-02-09,1,3,13,26.32,0
9160,2020-11-08,3,7,7,20.13,0
21920,2023-11-07,1,4,8,26.09,0
6081,2021-07-15,1,5,3,12.65,0
63323,2020-08-26,2,5,9,36.31,0
84430,2020-01-25,2,8,7,31.77,1
349,2023-10-09,1,4,2,28.9,0
60471,2021-06-03,3,6,5,31.27,0
76751,2021-11-18,3,6,8,25.88,0
85400,2019-01-29,2,8,5,17.43,0
1105,2019-10-26,3,6,6,15.38,0
46970,2022-06-25,1,2,11,9.12,0
23680,2020-11-06,3,6,10,49.1,0
83556,2020-10-09,2,8,13,49.17,0
16809,2020-01-14,2,4,4,36.51,0
11341,2019-10-11,1,9,9,12.14,0
89873,2022-01-31,3,6,3,13.7,0
15238,2022-03-11,1,7,6,7.27,0
18238,2020-01-08,1,9,3,13.48,0
45345,2021-04-27,1,10,6,26.78,0
53529,2020-12-23,1,4,7,38.98,0
75646,2021-01-05,3,2,2,38.86,1
81334,2020-02-24,2,4,5,11.47,0
70084,2023-12-25,3,7,9,38.07,0
50662,2021-05-11,1,10,13,6.6,0
71531,2019-04-12,2,6,4,4.31,0
83839,2019-02-13,2,5,13,13.24,0
6858,2023-09-16,1,7,8,16.49,0
68866,2023-09-30,2,6,7,26.43,0
75373,2022-04-01,2,5,10,36.57,0
79296,2022-07-09,2,3,1,33.56,0
9925,2023-04-30,2,9,11,33.97,0
26046,2020-06-24,3,8,7,44.07,0
67289,2019-03-16,3,3,5,38.63,1
4115,2022-11-23,2,10,5,7.91,1
44513,2023-10-08,1,3,10,40.03,0
55561,2022-05-28,2,10,13,40.01,0
64444,2021-07-24,3,7,7,2.78,0
7907,2020-01-20,1,8,5,17.21,1
2584,2021-03-27,2,5,7,10.84,0
62661,2021-12-03,1,5,5,19.13,0
14238,2022-10-25,2,1,5,19.7,0
98339,2020-02-17,3,10,13,16.65,0
59531,2022-04-10,2,2,10,43.52,0
24078,2019-07-25,3,7,5,47.9,0
51349,2023-01-11,1,10,4,13.99,1
75082,2021-01-05,1,6,5,39.72,0
70659,2020-03-30,3,6,12,47.65,0
35029,2020-12-21,3,6,1,2.36,0
59096,2023-02-02,3,10,12,40.36,0
25779,2021-05-30,1,10,6,21.65,1
54343,2023-02-02,1,9,8,36.57,0
62173,2022-10-22,2,8,9,46.87,0
92236,2023-05-24,1,10,13,47.43,0
4923,2021-04-30,2,2,7,37.61,0
43982,2020-04-10,3,8,8,5.35,0
64806,2021-12-20,1,7,3,16.57,0
62399,2019-09-14,3,4,7,21.8,0
41720,2019-10-03,2,5,11,44.25,0
18580,2020-10-24,2,1,6,21.53,0
62081,2022-01-30,2,6,4,11.75,0
95183,2022-06-13,1,3,10,46.74,0
78772,2020-07-28,1,2,8,31.92,0
77936,2022-09-04,3,7,1,41.6,0
95309,2023-03-23,2,7,1,3.4,0
1569,2021-05-03,3,9,12,33.75,0
54895,2021-08-02,2,6,13,22.34,0
79569,2020-05-11,1,4,6,23.11,0
23767,2019-08-31,3,4,10,17.82,0
3630,2023-07-17,2,1,13,40.72,0
36299,2020-02-23,3,2,12,27.13,0
70385,2022-05-23,1,6,10,16.05,0
15376,2019-09-20,1,5,13,10.21,0
34933,2021-08-29,3,3,10,49.53,0
51952,2021-01-11,1,10,2,42.15,1
89410,2019-02-22,3,10,5,14.19,0
42914,2020-09-02,1,3,11,28.95,0
26568,2021-01-12,1,4,6,47.54,0
61718,2019-06-15,1,8,9,42.94,0
54914,2019-06-28,3,9,1,37.87,0
26054,2022-03-28,1,6,4,45.89,0
40724,2023-02-13,2,7,13,49.11,0
71977,2023-02-08,1,2,7,48.52,0
87956,2023-04-26,2,7,13,20.29,0
88399,2021-04-23,2,4,6,33.25,1
79022,2020-06-12,2,3,4,3.98,1
27285,2022-04-28,3,6,9,39.57,0
60522,2021-06-23,1,4,9,39.44,0
53160,2022-09-02,3,6,9,28.68,0
83354,2022-04-28,1,3,12,20.96,0
95977,2019-01-08,1,10,12,30.19,0
58692,2019-02-22,3,8,9,32.7,0
35622,2020-12-20,1,10,12,10.37,0
78451,2019-01-30,3,3,8,33.15,0
97750,2023-08-05,2,3,3,14.84,0
73659,2023-08-16,1,8,1,15.97,0
22342,2020-04-14,1,9,5,20.84,1
80490,2019-06-22,1,3,12,41.4,1
63997,2023-04-03,3,8,5,3.84,0
49673,2023-04-14,2,4,4,5.28,0
54761,2023-01-21,1,3,2,4.76,0
29357,2023-09-09,3,8,10,5.3,0
5145,2023-03-04,1,1,1,45.75,0
44554,2021-08-18,3,10,3,31.42,0
73421,2020-10-31,2,4,9,33.43,0
91085,2023-10-24,2,7,11,28.77,0
25814,2022-10-26,1,1,13,21.24,0
60850,2019-04-05,3,8,12,19.82,0
62177,2019-01-04,1,1,10,5.1,1
14374,2020-01-16,2,10,5,2.71,0
70363,2020-08-22,2,10,8,38.25,0
20907,2022-01-09,2,6,11,11.43,0
14337,2021-11-06,3,6,2,9.24,0
66172,2019-07-16,2,6,7,21.61,0
54206,2022-08-28,2,7,7,11.88,0
18051,2019-01-17,3,1,2,9.07,0
73736,2020-02-01,3,8,11,9.73,0
84760,2021-12-12,3,1,11,23.68,1
99210,2022-09-30,1,8,1,18.36,0
39184,2020-03-07,3,3,13,16.11,0
76709,2021-11-20,2,5,5,14.67,1
12049,2023-10-17,3,8,8,33.74,0
46241,2023-12-03,2,1,10,4.11,0
87002,2020-08-31,2,1,2,3.31,0
5459,2021-06-09,3,4,10,45.09,0
8346,2020-09-20,2,5,13,27.67,0
83611,2020-04-25,3,9,6,43.22,0
98761,2021-06-22,2,2,3,27.75,0
74814,2022-03-30,2,5,2,28.01,0
43638,2021-10-11,2,9,4,40.41,1
86882,2021-07-10,3,3,4,45.69,0
59444,2020-12-08,2,2,3,39.49,1
19912,2023-10-04,1,8,9,47.77,0
14360,2020-11-12,1,9,12,13.97,0
73329,2021-05-31,1,7,1,29.78,0
89807,2023-01-13,1,8,9,10.24,1
15112,2023-09-28,3,9,12,8.32,0
73859,2020-11-28,3,9,9,9.8,0
76624,2019-11-03,3,7,6,15.5,0
37782,2021-05-17,1,10,3,20.44,0
13691,2020-04-01,3,5,10,17.83,0
97495,2022-10-28,3,5,11,24.11,0
5034,2019-05-14,3,7,6,6.57,1
65825,2020-01-15,1,2,8,27.41,0
58323,2021-04-03,2,9,11,39.9,0
3852,2022-12-21,1,5,4,18.33,0
4299,2019-11-30,1,8,1,17.09,0
47680,2022-04-26,1,2,4,11.41,0
83498,2019-05-05,2,4,6,4.56,0
16070,2019-10-10,2,7,8,14.1,0
91326,2023-06-23,1,6,12,9.03,0
37550,2021-12-08,3,5,4,25.27,0
91287,2020-05-31,1,2,5,3.65,0
55235,2019-04-27,3,8,8,22.46,1
45424,2019-10-07,2,8,3,44.16,0
37598,2021-04-15,1,5,8,30.21,0
79343,2020-11-04,3,6,9,8.96,0
96405,2019-03-18,1,2,8,49.44,0
20233,2019-06-02,1,1,1,17.45,1
44864,2020-12-31,1,6,8,3.22,0
99558,2023-03-03,1,1,3,3.94,0
93558,2019-01-26,3,2,1,30.07,0
63830,2020-07-02,3,10,7,31.44,0
2657,2020-02-10,2,6,8,41.04,0
82585,2023-05-19,1,9,1,37.72,0
6558,2020-07-31,2,7,12,5.08,0
50839,2022-09-18,2,2,4,15.3,1
33711,2020-08-25,3,9,1,38.77,0
43796,2020-09-16,3,8,5,29.96,0
97613,2021-10-07,2,2,5,32.17,0
88708,2022-06-06,3,10,9,18.42,0
41996,2020-10-17,2,1,8,19.41,0
81751,2019-10-18,3,5,4,5.43,1
17686,2022-06-13,2,9,11,7.01,0
42695,2020-11-03,1,4,3,29.24,0
93700,2022-07-15,1,10,12,26.3,0
82693,2022-01-16,3,10,5,25.27,0
85727,2021-10-08,3,4,8,16.45,0
84449,2020-09-12,3,8,6,23.4,1
88654,2022-12-18,2,3,5,19.37,0
51078,2023-07-29,2,9,8,34.06,0
10875,2022-03-27,3,7,9,42.49,1
86077,2022-04-20,1,2,9,18.96,0
19042,2023-02-27,3,6,3,36.15,0
11327,2021-03-24,1,10,3,33.82,0
60154,2022-07-05,1,2,2,36.47,0
14540,2022-01-03,1,6,1,49.54,0
71886,2022-08-07,3,9,3,41.46,0
98751,2019-10-23,3,3,8,7.76,0
1809,2023-08-16,2,6,8,20.47,0
48164,2023-06-29,1,3,1,41.98,0
68780,2023-01-24,3,8,9,31.56,0
34226,2022-10-05,3,7,1,16.97,0
11333,2021-04-03,2,9,8,5.66,1
55999,2023-07-23,3,3,6,39.7,0
85092,2020-02-09,1,7,5,43.36,0
72715,2022-07-31,3,1,6,11.42,0
60964,2020-02-26,3,8,9,33.63,0
76233,2019-08-30,1,1,11,34.51,0
57003,2022-01-29,3,10,12,27.21,0
47003,2019-02-05,3,8,7,48.52,0
14302,2021-09-27,1,4,4,47.02,0
52089,2021-12-22,2,2,2,19.42,0
34692,2022-06-16,1,1,2,30.02,0
40859,2023-01-19,2,6,6,8.62,0
28462,2022-09-27,1,7,4,3.38,0
93429,2019-11-18,1,2,13,35.22,0
97523,2019-07-04,2,9,13,19.49,0
62551,2021-09-01,1,6,8,29.08,0
18646,2019-01-26,3,3,8,26.41,1
75960,2021-05-04,3,2,3,38.1,0
4053,2019-06-17,1,8,7,19.13,1
75266,2021-03-08,1,4,13,21.48,0
46389,2023-03-07,1,2,8,49.99,0
71627,2020-03-05,1,4,4,25.04,0
74474,2021-03-18,3,10,2,37.86,0
94077,2021-08-17,1,8,7,40.9,0
56875,2021-03-24,2,6,2,13.69,0
26508,2022-01-17,2,7,12,6.9,0
20607,2019-07-16,3,4,7,10.14,0
48504,2023-05-12,2,4,5,44.22,0
95730,2023-02-19,1,5,10,25.74,1
4877,2021-11-07,1,9,7,42.9,1
61395,2022-10-03,3,10,8,36.21,0
51890,2021-09-21,1,9,1,33.63,0
54773,2019-07-26,2,5,7,31.41,0
48757,2019-01-22,3,6,1,48.62,1
11129,2022-05-02,2,2,8,31.94,0
72063,2023-07-02,1,10,10,25.34,0
49324,2021-12-29,1,9,12,40.61,0
81674,2019-01-29,1,2,6,33.18,0
19724,2019-12-09,2,10,1,5.16,0
34153,2020-04-18,1,3,4,11.43,0
84197,2021-04-17,2,2,2,39.93,0
94750,2021-06-08,1,10,7,22.24,0
77035,2019-02-08,1,2,3,42.3,0
57236,2020-03-17,3,8,3,39.03,0
45959,2022-06-21,1,10,2,47.47,0
98909,2022-11-20,3,8,5,23.18,0
98740,2019-04-09,1,8,12,9.38,0
51155,2021-12-25,1,1,9,29.16,0
62922,2023-12-07,1,2,4,29.48,1
68659,2023-09-27,1,3,3,7.71,0
72825,2020-10-12,3,10,4,10.99,0
60495,2022-03-27,3,9,11,6.46,0
4934,2020-02-29,1,1,13,21.3,0
2855,2021-07-05,2,1,4,18.18,0
57311,2020-11-13,3,1,1,41.36,0
18428,2019-12-22,3,10,8,44.66,0
77090,2023-09-20,2,6,9,25.08,0
88906,2021-08-28,2,2,3,18.52,0
25971,2023-03-28,3,1,1,33.55,0
27315,2021-10-15,1,3,3,16.34,0
52554,2020-07-03,2,3,13,48.55,1
658,2020-11-22,1,1,10,21.46,0
59546,2022-06-07,3,10,1,41.43,1
34109,2023-01-30,2,7,5,15.08,0
33135,2022-12-09,3,10,6,18.12,1
64669,2021-08-04,2,1,5,13.09,0
63516,2023-12-09,3,2,1,13.52,0
33341,2023-03-12,3,1,5,5.74,1
55440,2022-03-02,2,5,8,7.5,1
7632,2021-06-17,1,9,6,19.33,0
89296,2023-11-27,1,8,4,27.4,0
60649,2021-02-26,1,7,1,14.2,0
16301,2021-05-29,2,9,5,19.79,0
22497,2020-06-28,2,6,9,39.95,0
23879,2023-02-20,2,4,7,7.14,0
47690,2021-02-22,3,4,4,36.76,0
50775,2023-10-08,3,6,1,39.47,1
94499,2022-06-23,1,2,13,19.37,1
42190,2022-07-02,3,6,5,39.53,0
59450,2022-03-31,3,7,12,5.57,0
21227,2022-04-21,1,4,12,11.95,0
4962,2023-01-24,2,7,13,9.4,0
17119,2019-08-10,3,1,4,37.88,1
20479,2023-01-06,1,7,6,17.55,0
51221,2021-06-23,3,7,4,42.31,1
70338,2020-08-28,3,5,12,4.23,0
75599,2023-12-07,2,3,9,9.03,0
74382,2021-09-22,3,3,7,7.12,0
27552,2020-05-09,1,10,8,49.49,0
24765,2019-04-23,2,4,9,45.13,0
54654,2023-07-01,3,1,2,22.15,0
10092,2020-04-28,3,10,1,43.67,0
82361,2020-12-15,3,6,6,31.14,1
81480,2019-05-04,3,6,7,40.91,1
9792,2020-10-14,3,3,5,18.09,0
85752,2023-09-06,1,6,5,15.65,0
99803,2021-01-16,1,3,9,36.81,0
57337,2023-07-27,1,9,4,25.75,1
82557,2021-03-01,2,3,8,42.74,0
30806,2020-11-30,2,4,10,22.81,0
13073,2022-05-15,2,4,11,47.97,0
7231,2020-05-15,2,10,4,7.94,0
14917,2022-08-31,1,1,9,4.47,0
78570,2020-11-30,3,3,3,41.31,0
50313,2019-10-21,2,10,4,17.17,0
83758,2022-05-24,3,6,6,7.65,0
49871,2023-06-22,3,4,8,37.0,1
58563,2021-09-10,3,8,6,28.24,0
68967,2020-06-17,2,9,12,25.31,0
84619,2019-02-01,2,1,4,16.73,0
55730,2019-04-16,2,6,11,11.47,0
3202,2021-03-12,2,6,9,11.97,0
55037,2022-08-05,3,4,12,31.73,0
20005,2020-10-30,1,2,12,41.33,0
21350,2019-04-09,3,7,13,15.28,0
80005,2023-12-04,1,6,6,19.22,0
28809,2020-07-10,1,4,12,19.47,0
8633,2022-03-01,1,6,12,22.33,0
89682,2019-02-10,2,2,8,31.11,0
33592,2021-12-14,3,1,7,26.66,0
6239,2022-06-25,3,5,12,28.52,0
86913,2019-05-17,3,3,9,21.18,0
49187,2023-05-05,2,10,4,23.81,0
84569,2019-02-27,3,4,11,49.62,0
84310,2019-03-26,2,2,12,28.23,0
39467,2023-09-13,2,4,2,34.6,0
89692,2023-05-26,2,3,3,33.98,1
19560,2021-11-02,3,8,7,5.18,0
27628,2023-02-01,1,2,3,32.69,0
43060,2021-03-31,2,1,12,26.7,0
52976,2020-01-04,2,4,13,40.41,0
22457,2021-12-01,2,7,12,17.62,0
62749,2022-09-03,2,3,5,16.05,0
62644,2022-06-26,1,4,6,37.0,1
64931,2022-08-01,1,8,6,16.01,0
18135,2022-09-21,2,5,1,15.61,0
81884,2021-01-24,3,8,10,26.22,1
34075,2020-09-08,1,2,9,9.91,0
49384,2021-03-15,1,3,3,34.67,0
89934,2021-05-17,1,9,12,4.95,0
11378,2022-11-18,2,1,3,14.02,1
10261,2022-08-29,3,9,4,20.18,0
2918,2023-01-30,3,1,1,45.1,0
47775,2020-11-18,3,10,11,27.9,0
88515,2019-05-02,2,7,11,18.84,0
31864,2023-01-26,1,6,9,17.09,0
25243,2022-03-08,3,2,11,35.28,1
81481,2019-01-15,2,5,5,45.76,0
57148,2020-05-26,1,10,2,8.59,0
2830,2020-02-13,1,9,2,40.09,1
40482,2019-07-07,1,4,9,39.45,0
99923,2020-04-25,2,8,7,47.36,0
72558,2020-06-02,3,3,10,32.19,1
21721,2023-04-18,3,7,11,34.71,0
78380,2019-07-07,2,9,13,21.36,0
33544,2021-08-25,1,1,1,7.94,0
98084,2019-05-20,1,8,12,27.11,0
63870,2020-11-10,1,5,8,32.37,0
12047,2020-09-19,3,3,7,44.85,0
92067,2021-09-23,2,6,6,42.25,0
65817,2022-10-16,1,5,12,27.54,0
71957,2021-08-02,2,8,7,10.66,0
4368,2021-07-13,1,3,7,37.21,0
50823,2023-03-12,2,3,6,42.84,0
2074,2020-02-01,1,4,10,22.46,0
80745,2021-12-31,2,6,11,36.44,0
92566,2019-10-08,3,5,12,27.62,0
97395,2020-09-21,3,9,1,20.64,0
57722,2022-03-24,1,8,4,36.82,0
48243,2021-09-26,3,1,9,3.34,0
19716,2020-11-29,3,8,6,44.69,0
67512,2022-11-27,1,5,1,44.58,0
20462,2022-06-20,2,8,6,21.88,0
95636,2023-10-26,1,3,10,12.0,0
86316,2020-12-01,2,5,10,16.57,1
45647,2021-03-07,2,3,11,33.63,0
98895,2019-05-12,1,1,12,29.12,0
45048,2021-10-28,1,2,3,12.22,0
98965,2023-08-20,3,7,11,35.32,0
81810,2020-12-06,2,3,1,31.1,0
740,2019-09-10,1,1,10,21.27,0
91566,2023-09-19,2,4,5,47.96,0
19965,2019-06-03,1,8,5,32.72,0
39962,2019-12-29,2,4,1,38.21,0
61551,2022-02-25,1,8,11,7.3,0
10113,2019-01-19,1,2,8,3.35,0
58665,2019-11-21,3,2,6,22.07,0
53381,2019-04-11,1,8,10,47.31,0
14226,2021-03-19,1,2,2,28.87,0
33175,2022-05-26,3,3,8,33.86,1
82354,2022-05-15,3,9,10,7.43,0
3738,2020-08-11,1,3,10,32.11,0
329,2021-05-06,1,9,9,14.0,0
15345,2022-03-02,2,3,9,4.32,0
56657,2019-01-31,2,5,7,46.12,0
48047,2023-05-25,1,7,11,16.94,0
4672,2020-06-11,1,4,3,13.01,0
70450,2023-05-01,2,2,3,10.42,0
27962,2023-05-20,2,6,4,31.6,0
90033,2022-01-07,1,5,4,45.16,0
99648,2023-10-01,1,1,11,26.89,1
13592,2021-06-18,1,1,5,4.99,0
88941,2023-10-16,3,8,5,37.03,0
57305,2023-06-26,2,9,5,35.9,0
17435,2020-10-06,2,3,7,49.23,0
5278,2022-04-09,1,2,2,20.55,0
72867,2020-10-19,1,7,4,4.1,0
17002,2022-05-13,2,1,3,17.3,0
90938,2021-10-27,2,3,12,41.87,0
8180,2019-05-08,1,6,13,33.98,0
68174,2020-12-08,3,10,4,34.74,0
51044,2022-04-18,3,10,13,8.83,1
58490,2023-04-16,1,1,13,45.48,0
6192,2022-11-20,1,3,13,25.25,0
10026,2023-06-25,3,5,13,38.32,1
34188,2020-10-30,2,5,3,44.64,0
72538,2022-06-15,1,10,2,41.19,0
9038,2019-07-14,2,7,3,23.06,0
28611,2021-12-10,1,4,6,36.39,0
65311,2019-01-06,1,9,8,8.68,1
44331,2023-03-12,1,8,2,41.26,0
91650,2021-04-11,2,10,6,44.51,0
71862,2020-05-01,1,9,3,11.45,0
91487,2022-09-20,1,10,3,6.7,0
79843,2022-10-27,1,7,10,21.24,0
45237,2023-09-13,1,10,7,28.4,0
41240,2019-02-02,1,8,4,12.97,0
38365,2021-05-28,1,6,9,30.26,0
49341,2021-04-06,1,2,1,19.75,0
66297,2019-03-11,1,6,3,32.11,0
87641,2023-06-10,2,10,1,39.34,0
29850,2020-01-26,2,8,7,6.3,0
22331,2022-02-12,3,9,1,44.45,0
98813,2019-05-09,3,1,4,3.66,0
38758,2021-10-19,1,1,10,30.99,0
69805,2023-06-11,3,4,11,18.94,0
57703,2020-01-05,2,10,6,28.98,0
52423,2023-04-29,2,1,13,14.24,0
92293,2023-03-21,2,5,10,32.87,0
7054,2023-06-22,3,5,11,31.81,0
21424,2023-08-01,3,3,2,7.14,0
22329,2020-04-13,3,5,6,3.86,0
15798,2019-01-15,1,2,8,19.0,0
82992,2022-12-02,3,6,2,37.95,0
96728,2019-08-26,2,6,13,27.2,0
27672,2019-07-04,2,7,4,37.19,0
24833,2019-07-16,3,1,7,22.91,0
92325,2023-10-20,2,8,2,10.23,0
35493,2022-01-03,1,9,10,13.4,0
46975,2019-01-03,3,5,9,2.54,0
1877,2023-01-25,1,3,5,31.15,0
66245,2019-07-18,2,1,6,27.68,0
95685,2023-01-14,1,4,1,44.19,0
24631,2021-12-17,3,1,8,25.99,0
31020,2022-07-06,3,4,1,19.62,0
18404,2020-11-10,1,9,12,13.96,0
8657,2022-02-15,3,9,3,16.35,0
26342,2020-05-22,3,8,13,19.12,0
2400,2022-01-24,3,4,1,34.64,0
89648,2019-03-01,2,4,2,13.91,0
11173,2020-01-04,2,5,11,25.53,0
75354,2023-11-22,2,9,3,34.94,0
63875,2020-08-10,2,6,2,24.6,0
26810,2023-08-16,1,2,1,3.4,0
30776,2021-06-11,3,8,12,7.81,0
55736,2023-07-23,3,3,10,20.67,0
56397,2020-06-27,3,2,9,38.29,0
81660,2021-09-29,2,10,2,30.98,0
83804,2020-01-30,3,9,4,28.54,0
85225,2020-09-27,1,7,1,42.6,0
8306,2023-01-07,1,4,3,28.26,0
89687,2022-04-04,1,10,5,30.15,1
49241,2023-04-21,2,2,12,31.93,1
86488,2021-06-17,3,9,7,47.92,1
92977,2023-11-05,2,7,8,35.4,1
83757,2021-04-25,2,4,5,18.8,0
57545,2022-10-08,2,4,5,25.34,1
81465,2019-10-02,2,3,4,16.29,0
83754,2021-07-08,1,8,10,18.42,0
94929,2020-06-02,2,3,9,7.96,0
22144,2019-02-12,3,10,13,37.21,0
88020,2019-04-06,3,4,12,24.21,0
82377,2021-02-04,3,1,5,14.76,0
28970,2023-04-26,2,5,3,29.68,0
21130,2023-04-29,2,1,8,8.07,0
98647,2022-06-17,3,7,10,32.43,0
60422,2020-10-23,1,8,9,46.07,0
49497,2022-04-29,1,1,12,37.52,0
96821,2019-03-27,3,1,8,14.57,0
98717,2021-05-06,3,2,12,18.27,0
60360,2022-10-11,3,9,4,36.24,0
17276,2020-06-25,3,6,11,22.59,0
5595,2023-09-28,2,1,8,29.52,1
15374,2020-01-20,3,9,11,22.33,0
47609,2019-09-05,1,3,2,15.18,1
33800,2021-04-20,3,1,7,32.97,0
24924,2019-01-03,3,6,3,46.54,1
7915,2020-01-31,2,2,4,33.66,0
10768,2023-06-05,3,9,10,8.05,0
39937,2019-11-23,2,8,5,5.98,0
29461,2021-12-21,2,9,10,22.54,1
71046,2019-05-17,2,3,9,24.98,0
9401,2020-10-22,1,2,2,49.37,0
21910,2019-10-11,1,4,13,38.83,0
10143,2023-11-13,2,6,10,28.1,1
9073,2019-11-28,2,8,4,12.78,0
78021,2019-05-31,2,5,13,47.01,1
46233,2021-06-28,1,10,1,23.67,0
34569,2023-10-09,3,10,11,27.37,0
97822,2022-04-11,3,5,1,22.24,0
80860,2023-05-31,1,5,7,19.37,0
82608,2022-10-12,3,9,5,43.08,0
29627,2019-05-24,3,3,10,14.04,0
11761,2019-11-05,3,3,13,17.65,0
97321,2021-05-26,2,4,12,34.1,1
27507,2019-04-15,2,1,7,41.09,0
92084,2022-03-15,3,8,5,42.4,0
84515,2023-10-06,1,6,8,11.24,0
41247,2023-07-18,1,4,2,40.5,0
59329,2022-06-03,3,2,9,18.2,0
48775,2021-06-14,1,8,6,43.04,0
22187,2020-06-18,1,5,10,3.11,0
31164,2022-11-04,3,6,1,30.21,0
25431,2020-10-07,1,4,1,19.15,0
51434,2023-09-29,2,10,3,46.31,0
83509,2022-08-11,2,9,13,31.71,0
71586,2019-05-19,1,9,11,40.69,1
32507,2020-06-21,2,6,5,35.86,0
80786,2023-08-10,3,10,13,38.58,1
11005,2019-02-27,2,8,11,27.02,0
60752,2019-12-18,1,10,4,45.19,0
19598,2020-02-01,1,4,7,41.19,0
64972,2019-01-03,2,1,2,17.55,0
28721,2023-10-12,1,3,12,46.52,0
95438,2023-04-02,3,7,7,11.15,0
18768,2021-05-31,3,3,2,12.16,0
59448,2020-10-14,1,5,4,23.76,0
24783,2019-01-31,1,2,12,24.77,0
96697,2023-07-04,2,9,1,12.73,0
58422,2021-05-27,3,6,6,45.26,1
10032,2019-06-16,3,8,9,25.55,0
88524,2022-01-14,1,6,8,23.78,0
82826,2020-11-11,1,1,3,29.24,0
96331,2021-04-30,1,10,9,5.03,0
63092,2021-07-11,1,9,2,19.36,0
27171,2022-02-10,3,5,13,5.41,0
82235,2020-02-28,3,5,7,32.8,0
70735,2022-07-11,2,8,1,22.47,1
40166,2023-03-18,3,9,5,23.97,0
66302,2022-10-12,1,4,7,15.35,0
21752,2022-07-28,3,5,4,2.02,0
19143,2023-05-16,3,8,9,22.4,1
78032,2020-11-08,2,5,10,10.89,0
69856,2022-07-13,1,4,4,6.96,0
66924,2023-07-01,3,2,13,15.73,0
96526,2022-03-19,3,2,4,35.37,0
58765,2023-07-19,3,5,5,30.62,0
64159,2023-12-18,2,8,9,10.68,0
25248,2019-07-11,2,8,9,12.02,0
20743,2020-12-20,3,2,10,10.41,1
41427,2021-10-19,1,4,10,8.83,0
56579,2023-03-18,1,1,11,20.78,0
42982,2022-02-01,2,4,4,42.63,1
73417,2022-02-05,1,5,3,21.78,0
65537,2021-01-18,2,9,8,44.66,0
51594,2022-03-01,1,5,9,32.08,0
44986,2019-06-20,1,9,9,9.07,0
34913,2022-11-17,1,2,12,32.51,1
88211,2023-08-20,3,6,10,5.93,0
12336,2022-12-01,2,2,13,18.03,0
89942,2019-06-28,3,6,6,43.74,0
69738,2022-09-07,1,1,6,32.5,1
61600,2020-06-21,1,3,11,14.96,1
82611,2019-11-20,1,1,13,10.56,1
56711,2023-04-26,1,10,1,46.46,0
82272,2020-10-24,1,10,12,43.01,0
42644,2019-01-23,3,9,7,25.8,0
20998,2020-11-09,2,7,5,32.91,0
45416,2023-06-10,2,9,12,36.25,1
1077,2021-09-13,3,1,5,32.45,0
41444,2019-04-16,3,3,6,9.25,0
73759,2020-12-23,1,3,6,31.6,0
87393,2020-08-23,2,7,13,4.57,0
18552,2023-11-21,2,2,3,8.87,0
26214,2019-05-13,2,10,4,24.3,0
31792,2023-01-11,2,10,3,12.64,1
94429,2020-11-01,3,6,5,8.68,0
88189,2020-02-13,1,8,1,30.78,0
95528,2021-12-24,2,6,3,35.81,0
79887,2023-10-04,3,4,10,42.98,0
38820,2021-07-10,1,4,4,38.18,0
63166,2019-10-09,2,10,9,7.06,0
41514,2021-05-19,2,8,5,18.68,1
86662,2020-06-04,1,9,10,22.32,0
71812,2019-12-14,3,3,11,2.35,1
77874,2022-05-04,1,9,1,26.98,0
40511,2022-04-08,1,1,8,26.6,0
44779,2019-06-06,3,10,4,11.07,0
10414,2023-02-27,1,6,1,8.17,0
39808,2022-06-26,3,1,11,32.43,0
87408,2021-01-12,1,2,3,19.26,1
98365,2019-08-02,2,6,12,6.1,0
41619,2021-02-27,1,7,8,28.3,0
75798,2020-03-25,1,5,11,43.63,0
9110,2021-10-22,1,6,10,48.05,0
12540,2021-03-05,1,6,12,29.68,0
8449,2021-11-05,2,3,8,40.77,0
726,2019-03-13,2,1,8,21.04,0
31049,2019-11-08,3,7,7,21.75,0
11506,2022-11-16,2,4,9,35.35,0
90350,2021-09-24,2,2,8,8.32,1
52243,2019-09-04,1,1,3,15.87,0
12424,2019-02-03,2,4,11,35.99,0
32612,2019-09-19,2,10,3,41.87,0
90677,2022-03-19,2,9,8,5.73,0
90034,2022-03-22,3,4,2,14.29,0
32071,2020-01-19,3,10,12,4.49,0
99037,2023-12-25,2,5,7,23.19,0
11613,2019-06-04,2,9,10,43.21,0
83043,2022-07-31,2,10,6,27.74,0
41273,2020-02-25,1,4,10,15.14,0
93689,2021-08-05,1,8,12,33.93,0
78778,2020-11-26,2,1,6,12.93,0
61778,2021-11-26,1,4,7,14.29,0
28548,2021-12-27,1,6,13,11.76,0
90081,2019-08-13,1,7,6,34.09,0
18139,2022-11-06,3,3,6,6.9,0
17453,2022-03-03,1,3,12,9.51,0
36221,2021-04-20,1,10,2,23.39,0
54469,2020-09-16,3,9,5,22.02,0
57818,2020-08-02,2,3,9,26.36,1
19336,2020-02-16,2,6,11,43.19,0
47806,2022-07-21,2,3,11,37.77,1
77714,2023-09-08,2,10,7,21.77,0
16245,2019-03-30,1,7,10,11.08,0
45026,2022-01-12,3,8,12,15.06,0
27117,2019-06-03,2,5,8,27.0,0
84516,2020-11-21,1,4,13,49.39,0
68052,2020-08-08,3,2,5,43.11,0
81017,2023-12-21,2,7,13,29.76,1
39917,2023-03-04,3,3,8,36.85,0
43926,2021-06-01,3,6,11,8.16,0
64697,2020-01-06,1,6,11,26.14,1
30129,2019-09-15,3,5,4,23.39,0
8890,2020-04-16,3,1,11,12.89,0
80345,2021-05-08,1,6,12,23.53,0
4337,2023-04-25,1,2,1,6.48,0
56287,2020-10-28,1,8,11,20.33,0
36249,2020-06-29,3,8,2,26.62,0
52451,2022-07-25,3,5,3,28.88,0
98037,2021-08-13,1,4,7,32.04,0
39192,2020-11-14,2,10,3,28.27,0
51223,2019-06-07,1,4,11,33.17,0
50996,2023-12-09,3,2,7,21.51,0
91961,2019-01-21,1,10,4,19.89,0
98067,2019-05-29,2,7,5,45.55,0
62567,2021-11-19,1,10,4,18.15,0
95054,2023-02-25,2,1,12,6.34,0
89223,2021-07-20,3,3,7,10.25,1
89122,2021-07-25,3,3,11,21.5,0
93403,2021-01-07,3,1,3,28.09,0
3359,2021-12-15,1,7,11,46.21,1
32151,2019-01-17,2,5,5,8.39,0
4173,2022-09-17,1,4,10,2.28,1
37053,2020-03-20,3,1,8,17.05,0
43186,2019-09-03,1,8,10,21.69,0
2359,2021-05-24,2,4,12,14.45,1
37867,2022-07-02,1,5,7,17.98,0
68060,2021-12-20,1,10,12,17.41,0
78255,2020-01-28,3,8,5,20.13,1
19152,2020-08-03,3,2,1,2.69,0
90721,2021-11-17,2,3,5,46.34,0
91944,2022-01-12,3,2,3,41.73,0
95768,2019-09-02,3,3,13,17.07,1
43525,2023-08-27,2,5,9,43.39,0
33955,2019-06-12,3,6,11,14.94,0
82569,2022-02-12,2,10,12,10.31,0
30830,2020-01-21,3,10,8,14.89,0
56343,2022-11-23,3,2,5,17.75,0
12032,2019-01-13,3,4,5,46.35,0
46864,2019-03-31,3,8,11,19.57,1
10445,2022-05-08,3,6,2,18.03,0
14158,2022-08-05,2,2,2,21.96,0
74811,2019-08-22,1,4,4,6.34,0
72500,2019-06-09,2,6,5,19.78,0
32578,2023-06-23,1,1,13,7.16,0
67185,2022-10-23,3,5,12,46.9,0
2384,2021-12-29,3,4,12,40.57,0
2462,2023-02-15,2,1,1,6.55,0
4827,2023-09-19,2,1,13,29.26,0
62535,2020-09-26,2,8,9,34.71,0
64887,2022-08-09,3,9,13,23.08,0
69680,2019-06-25,3,3,7,14.37,0
82457,2021-06-15,1,4,13,30.85,0
3702,2019-08-25,2,8,5,36.76,0
83975,2023-06-28,3,6,8,34.57,0
2101,2022-12-20,1,7,2,47.87,0
51519,2020-07-26,3,7,4,29.18,0
80691,2020-02-23,3,5,4,23.94,0
30828,2022-07-18,1,9,8,2.64,0
19946,2020-03-11,1,8,6,3.37,0
23743,2022-02-10,2,3,9,29.47,0
61448,2021-09-07,1,7,12,36.19,0
66588,2022-10-07,2,3,12,30.17,0
57612,2021-06-15,2,9,11,8.26,0
46939,2022-11-21,1,6,1,49.11,0
54976,2022-12-30,2,10,6,43.46,0
31710,2023-07-03,3,3,2,43.08,0
75635,2021-07-19,2,8,11,47.32,0
3428,2021-06-25,2,5,12,43.5,0
7126,2023-06-19,2,8,13,11.0,1
64173,2023-12-26,1,8,6,12.66,0
1351,2022-07-13,2,5,3,25.61,0
46986,2022-02-18,2,1,11,8.24,1
34497,2020-11-23,2,7,11,48.85,0
10219,2023-01-15,3,9,7,38.05,0
23180,2023-11-30,2,4,8,16.79,0
5740,2019-04-26,3,10,5,24.55,0
96277,2021-01-07,2,9,12,24.94,0
54063,2019-07-28,1,3,7,30.6,0
65219,2022-06-28,3,9,9,27.62,0
57229,2020-02-10,2,2,8,6.12,1
22626,2020-07-24,1,8,11,45.91,0
91969,2023-07-17,2,6,1,16.34,1
7363,2023-04-02,1,2,4,15.79,0
72808,2021-11-27,1,10,10,36.81,0
73156,2022-04-29,1,1,10,14.68,0
31594,2023-12-28,2,4,4,29.79,0
67213,2023-05-06,1,9,13,27.48,0
39278,2022-03-13,3,7,2,4.86,0
52237,2019-07-17,3,8,9,41.9,0
51655,2022-10-08,2,10,4,41.77,0
83990,2021-06-09,3,8,11,49.6,0
8915,2020-10-12,3,9,7,27.29,0
63585,2022-08-21,1,7,4,27.61,0
90524,2021-01-20,1,5,7,19.24,1
42975,2020-04-13,3,9,6,2.51,0
46834,2023-02-16,3,6,1,16.72,0
16951,2019-12-09,2,8,5,35.84,0
46662,2023-06-16,1,5,10,30.79,0
8205,2019-09-09,1,4,7,11.48,0
35262,2023-07-08,2,8,1,49.18,1
80304,2023-11-26,2,6,5,13.36,0
18975,2019-07-09,2,7,13,41.8,1
43379,2021-01-06,3,6,6,44.79,0
30834,2020-07-06,3,6,7,25.09,0
9205,2021-03-24,1,7,12,49.33,0
56876,2019-11-26,2,5,10,16.32,1
6127,2021-01-24,2,2,13,45.35,0
17699,2021-10-19,1,9,11,7.75,0
43422,2023-05-08,1,4,8,25.12,0
11476,2019-11-25,1,3,8,24.25,1
56410,2019-11-18,2,8,7,34.93,0
51195,2020-10-11,3,8,8,22.17,1
54715,2019-02-16,1,3,10,33.2,0
95321,2020-10-14,3,2,8,26.39,0
84202,2019-04-08,3,10,6,2.55,0
99655,2021-09-11,1,1,9,19.73,0
92138,2023-09-26,2,10,13,23.41,0
62240,2022-10-21,3,7,10,2.06,0
7254,2019-11-29,3,1,9,15.68,0
23349,2021-06-27,2,10,3,12.65,0
11128,2020-07-04,2,6,5,44.95,0
85403,2019-01-13,1,2,11,18.54,0
52394,2019-07-13,3,2,4,32.84,0
72102,2021-12-06,2,9,10,7.58,0
26534,2021-09-29,3,1,4,6.48,1
69561,2019-01-05,2,1,9,23.88,1
12571,2022-06-14,2,10,11,31.83,0
46497,2022-05-27,3,6,12,17.16,0
70229,2020-09-29,3,10,10,26.99,0
61543,2021-02-13,2,1,8,14.89,1
16977,2021-07-13,2,1,3,32.9,0
16675,2021-10-10,3,4,9,16.58,0
41898,2020-05-30,1,4,3,30.59,0
11325,2023-01-08,1,6,11,16.97,0
54312,2023-12-31,1,2,7,11.65,0
67311,2020-10-28,2,9,2,3.92,0
21506,2022-10-07,3,2,6,11.49,0
76099,2019-12-23,1,9,12,11.13,1
30507,2021-07-20,3,1,5,36.68,0
63948,2021-11-18,3,3,6,23.67,0
20140,2022-09-20,1,2,1,47.87,0
68094,2022-07-19,2,4,2,29.83,0
8224,2021-10-02,1,3,11,15.12,0
55984,2022-07-28,3,10,7,38.85,0
67439,2023-07-09,3,4,1,32.06,0
59428,2023-04-12,3,4,8,42.6,0
80095,2023-11-04,1,8,3,14.34,0
12393,2021-04-18,1,2,3,30.12,0
71242,2020-07-20,1,3,10,7.58,0
82297,2019-02-26,3,4,4,14.54,0
67780,2019-11-24,2,9,10,21.34,0
46410,2019-08-30,1,4,9,35.21,0
70025,2021-12-01,3,7,5,16.03,0
24991,2019-02-26,2,6,3,40.45,0
3778,2021-10-14,1,5,9,47.11,0
80693,2023-01-14,3,10,13,47.59,0
77126,2020-02-28,2,3,2,46.88,0
48271,2022-03-30,2,8,10,17.43,0
33023,2023-01-22,3,8,1,7.44,0
69152,2023-05-02,1,5,2,30.38,1
27038,2023-05-22,3,8,11,36.01,0
87765,2021-08-26,3,6,8,5.97,0
71233,2023-06-22,1,3,11,14.29,0
89225,2023-06-10,3,7,8,35.57,0
60339,2021-02-26,3,1,2,13.0,1
82296,2023-06-24,1,6,5,11.64,0
46375,2023-12-19,2,3,3,2.21,0
65214,2022-03-16,3,7,5,39.17,0
74331,2023-07-06,1,5,7,35.26,0
61067,2022-08-18,2,6,4,9.52,1
20614,2023-11-09,1,5,11,49.54,0
11922,2023-01-04,1,4,11,33.6,0
95675,2021-05-04,1,6,9,17.29,0
55384,2021-06-23,2,2,3,49.4,0
82894,2023-05-07,3,4,4,13.11,0
69275,2021-01-17,2,8,9,3.17,0
74478,2022-06-01,1,3,3,24.67,0
18492,2022-11-03,2,9,13,37.44,0
23195,2020-04-13,1,4,12,41.52,1
22431,2020-07-05,2,3,1,44.95,0
58251,2023-06-01,3,8,13,11.41,0
15014,2022-02-06,1,3,4,34.56,1
54478,2019-12-12,3,6,8,6.74,0
11770,2022-10-20,2,9,10,31.58,1
66776,2019-12-26,3,6,12,11.75,0
29702,2022-05-16,2,7,8,39.73,0
19455,2019-11-03,2,7,11,30.64,0
41517,2023-11-29,3,9,2,33.26,0
98511,2022-10-01,2,10,5,43.83,0
96928,2022-12-28,2,9,4,11.41,0
87585,2022-12-25,1,6,12,12.8,0
95263,2023-05-21,3,2,1,5.3,0
85298,2021-09-19,1,5,7,38.15,0
87159,2021-03-07,3,7,10,19.75,0
98335,2023-06-21,3,4,13,19.13,0
5216,2023-11-28,3,10,9,8.23,0
90310,2020-01-24,1,4,11,39.42,0
36335,2021-04-22,1,2,5,26.64,0
50649,2019-05-14,3,2,13,22.9,1
26650,2023-06-22,3,9,10,49.69,1
72336,2020-07-05,1,2,6,41.96,0
65381,2021-06-11,3,2,3,35.81,0
15062,2020-01-16,3,8,9,36.89,1
77083,2022-10-16,1,8,4,38.1,0
36935,2021-01-16,3,3,13,44.86,0
82691,2023-02-25,3,3,4,13.65,0
65102,2021-11-02,1,5,9,27.1,0
13181,2022-06-01,3,6,9,31.03,0
6479,2020-10-03,2,8,9,25.98,0
54573,2021-08-09,1,5,7,41.25,1
48889,2020-04-23,3,6,3,27.42,0
14031,2021-04-17,2,7,8,37.89,1
6714,2021-12-03,3,7,8,46.75,0
68356,2021-06-13,2,8,11,45.0,0
47424,2021-12-27,3,8,5,12.82,0
76219,2020-01-08,3,8,2,14.5,0
36284,2021-03-15,3,5,1,34.01,1
11776,2020-02-13,3,10,12,27.43,1
65578,2020-05-31,2,7,13,47.7,0
5954,2022-03-22,3,6,4,28.06,0
21813,2019-12-04,2,1,10,26.95,1
5403,2021-12-14,1,6,4,15.01,0
8585,2023-10-22,1,5,8,7.28,0
58920,2019-05-23,1,10,8,13.68,0
73822,2019-06-28,1,8,6,4.11,0
95036,2023-08-08,2,10,5,45.53,0
30553,2021-01-12,2,6,5,13.87,0
54132,2022-07-12,3,9,7,16.24,0
22023,2022-12-13,3,5,2,22.96,0
10747,2019-11-23,3,6,11,36.47,0
44714,2023-05-12,3,8,13,44.02,0
54344,2020-10-30,2,4,8,14.04,0
12557,2022-09-11,3,10,10,11.29,0
63731,2019-06-03,2,3,3,9.47,0
69409,2022-10-24,1,3,5,37.62,0
351,2019-06-12,3,2,7,43.4,0
5949,2022-01-09,3,9,8,22.61,0
40420,2020-11-18,2,9,5,12.81,0
90729,2021-01-26,1,2,5,22.51,0
67180,2020-05-11,3,3,10,41.34,0
60599,2022-10-07,3,3,7,43.02,0
38987,2023-04-14,3,3,4,44.62,0
9258,2023-09-27,1,8,8,29.33,0
48885,2021-10-05,2,3,1,19.01,0
42941,2019-01-24,2,9,6,21.74,0
26833,2022-09-17,2,1,6,42.14,0
71713,2021-03-21,2,9,10,48.11,0
93095,2023-11-02,1,7,8,16.67,0
82369,2019-12-18,1,9,8,17.37,1
84345,2021-08-07,3,9,11,25.08,0
66455,2021-10-18,1,1,8,34.09,0
76130,2023-01-24,2,6,8,49.23,1
61771,2019-07-28,2,9,12,25.75,0
59683,2019-02-13,3,10,9,24.12,0
80850,2020-06-02,2,4,10,8.6,0
4742,2023-03-01,1,3,1,26.49,1
90270,2020-10-26,2,1,10,32.16,0
70036,2020-11-21,3,3,5,29.71,0
72641,2021-07-06,2,5,1,20.01,0
96261,2023-03-07,1,4,5,44.43,0
55102,2021-12-14,1,8,13,28.41,0
48986,2022-06-29,3,5,12,33.89,0
5965,2020-05-15,3,7,9,28.69,0
77093,2019-03-25,1,9,8,37.37,0
53758,2019-12-14,3,9,2,48.35,1
43835,2021-01-21,3,3,11,15.38,0
96080,2020-07-17,1,4,8,7.27,0
89975,2022-11-09,3,5,7,31.46,1
40433,2022-10-16,2,1,5,32.87,0
9594,2023-11-28,1,6,12,9.93,1
13130,2021-05-21,3,7,5,10.51,0
68916,2022-06-13,1,1,8,28.48,0
87601,2020-04-07,1,7,7,18.57,0
53386,2022-07-22,3,5,5,33.75,0
47591,2021-11-07,2,7,12,42.89,1
45072,2022-09-24,2,2,3,36.04,0
55763,2020-01-28,1,6,13,27.94,1
48526,2021-01-14,2,10,8,19.83,0
20327,2022-03-22,2,10,9,26.38,0
81951,2020-01-25,3,5,9,16.0,0
20637,2020-10-27,3,9,4,8.13,0
20734,2023-04-10,3,6,8,6.55,0
76438,2023-02-09,3,3,12,6.6,0
801,2023-11-09,1,4,2,8.91,0
5666,2021-09-06,2,2,12,8.03,0
92616,2022-03-30,3,9,4,23.07,0
28587,2020-05-14,1,4,12,9.01,0
95871,2023-12-18,2,5,11,32.73,0
15818,2023-07-24,3,5,12,23.54,0
17700,2020-01-22,3,8,2,6.9,1
46128,2021-04-03,2,3,11,12.1,0
8839,2021-05-12,1,7,2,42.87,1
99999,2021-08-03,3,9,8,25.07,0
6489,2023-09-22,1,4,7,19.51,0
11238,2022-09-14,2,1,6,6.68,0
27365,2021-02-11,2,3,5,37.64,1
47989,2023-11-29,2,7,7,16.49,0
88952,2020-04-21,1,8,4,28.49,1
16787,2022-10-05,1,2,5,39.76,0
59338,2023-04-02,2,7,13,12.35,0
20824,2022-12-02,2,8,10,19.27,0
80312,2022-04-24,2,10,10,45.28,1
94126,2020-11-23,2,9,9,19.88,0
85242,2021-10-10,1,4,5,43.32,0
49337,2019-03-06,3,6,13,10.53,0
81180,2019-08-21,1,5,7,33.67,0
63189,2020-06-24,1,3,1,27.61,0
8550,2021-03-01,2,2,4,19.65,0
84528,2020-12-30,3,4,12,36.15,0
8675,2022-02-07,1,7,7,42.02,0
4288,2023-07-06,3,3,12,44.79,0
57532,2022-12-17,1,6,10,33.51,0
53736,2023-04-05,3,3,5,25.42,1
43324,2023-08-23,2,10,2,9.3,1
22056,2021-05-18,3,10,11,23.4,1
15527,2019-04-25,3,2,9,28.57,0
64136,2021-12-28,2,6,2,48.36,0
76393,2022-05-06,1,2,13,43.17,0
22825,2020-12-30,3,7,12,20.91,0
60600,2022-07-27,3,2,3,3.63,0
91096,2019-11-10,3,10,11,21.46,0
96103,2020-08-26,3,7,11,30.72,1
74798,2023-01-04,3,8,8,28.8,0
33820,2023-06-03,3,1,10,4.19,0
5829,2019-12-15,3,4,13,33.79,0
87208,2023-03-14,1,4,1,7.0,0
69318,2021-11-14,1,9,3,8.61,0
32294,2020-10-10,2,7,13,6.3,0
91797,2022-10-16,2,9,3,11.6,0
6614,2020-11-19,3,6,10,23.36,0
73214,2023-03-13,3,1,3,42.72,0
26781,2020-04-11,1,1,10,47.89,1
7275,2023-07-05,2,7,1,23.2,1
53519,2020-09-26,3,3,6,46.77,1
91097,2020-06-20,2,2,4,13.93,0
37678,2019-06-27,1,6,11,34.86,0
466,2020-08-09,1,10,9,40.36,0
71413,2022-08-18,1,1,10,40.19,0
23557,2022-06-23,3,6,3,26.56,0
57475,2021-10-14,2,3,5,2.58,1
17162,2019-05-04,3,7,11,12.77,0
91977,2023-06-26,3,7,7,6.67,0
94416,2023-06-30,1,5,1,31.08,0
88264,2021-10-04,1,8,3,32.81,0
61526,2022-10-19,2,9,9,13.42,0
71473,2020-09-30,1,9,10,29.27,0
28899,2021-09-08,3,9,3,49.74,0
48002,2022-03-08,2,8,2,26.69,0
96880,2021-07-08,2,1,1,39.1,0
97788,2021-05-24,1,6,5,33.77,0
92169,2019-02-19,3,8,3,6.79,0
79311,2020-10-20,2,2,8,27.0,0
30336,2020-03-02,3,3,3,22.45,0
96842,2021-04-06,1,9,8,36.5,1
90353,2022-04-28,2,10,12,3.71,0
52320,2023-06-08,1,5,6,47.35,0
42314,2023-03-05,2,4,9,25.55,0
30715,2019-06-02,1,2,7,36.4,1
19061,2020-10-03,2,9,12,31.44,1
26961,2020-08-19,3,10,7,39.44,0
56696,2021-12-25,1,5,1,47.64,0
76410,2023-07-21,2,6,8,6.87,1
62398,2022-01-01,3,7,5,37.82,0
7979,2021-01-13,1,4,6,2.92,0
1462,2022-02-12,2,2,4,15.53,0
88724,2020-03-22,2,10,9,14.81,0
85865,2021-08-31,2,8,1,10.72,0
26517,2022-11-09,1,8,12,36.92,0
21753,2022-10-23,1,8,13,49.51,0
7602,2022-09-22,1,5,3,42.6,1
98002,2022-08-17,3,4,11,25.18,0
44519,2020-01-05,1,4,6,2.95,0
35541,2019-11-18,3,8,1,31.61,0
77975,2023-08-07,3,3,8,24.6,0
41328,2021-11-12,3,10,10,3.12,0
35300,2022-03-05,2,5,7,32.48,1
10895,2019-10-14,3,3,11,7.41,0
80139,2022-09-12,3,3,9,12.09,0
50177,2023-11-16,1,2,5,31.83,0
64964,2019-03-04,2,7,9,18.06,0
3318,2019-07-08,3,3,9,38.57,0
84411,2021-09-09,2,5,8,5.44,0
73332,2020-02-20,1,9,12,6.16,0
15634,2020-02-10,3,5,8,43.65,0
61329,2021-11-02,3,6,4,8.09,0
67810,2020-06-07,3,7,6,8.87,1
14310,2022-02-01,1,4,10,43.78,1
58919,2022-12-31,3,10,4,12.38,0
80817,2023-02-22,3,8,7,36.78,0
7920,2023-12-21,2,4,2,32.04,0
34543,2020-02-12,3,3,10,17.8,1
12745,2023-06-11,3,8,12,42.01,0
22226,2020-04-07,1,7,5,42.35,0
32365,2022-10-09,3,3,3,3.68,1
38514,2020-03-09,3,7,4,22.97,0
20484,2020-03-21,2,1,11,19.79,0
55242,2019-09-05,1,4,12,12.51,0
55054,2020-06-22,3,6,13,47.26,0
11352,2023-11-27,2,3,10,11.61,0
76264,2022-08-30,2,3,5,26.98,0
73350,2022-08-24,2,1,11,11.96,0
54971,2020-01-13,3,3,3,14.87,0
9513,2023-08-23,3,10,9,40.2,0
38021,2020-02-17,3,9,4,34.62,0
22090,2022-06-13,3,10,11,25.65,0
9610,2019-08-02,1,4,1,11.98,1
36269,2023-08-03,2,2,13,49.47,0
42481,2023-02-20,1,7,3,4.53,0
76247,2023-09-19,2,5,2,2.93,0
69170,2019-12-02,3,7,10,49.81,1
79944,2023-08-22,3,7,9,10.44,1
10673,2020-08-10,3,1,8,37.49,0
72606,2023-08-20,2,7,10,44.69,0
80921,2023-05-23,3,8,7,7.61,0
21112,2020-10-28,3,8,4,46.38,0
17974,2023-01-04,1,4,4,8.43,0
11392,2020-04-28,2,10,7,24.58,0
73697,2019-12-22,1,6,8,16.88,0
32131,2023-05-18,1,4,11,19.37,0
72307,2022-01-16,3,2,9,6.13,0
60584,2021-12-02,1,9,5,33.52,1
80765,2020-07-30,3,3,11,32.05,0
39705,2019-03-29,3,6,6,42.88,0
20830,2021-10-07,2,8,11,48.2,0
43226,2021-07-16,1,5,5,9.58,0
15801,2022-08-10,2,3,9,11.19,0
47527,2019-01-09,1,8,8,39.58,0
48221,2019-03-05,2,7,4,32.87,0
49925,2020-06-03,3,10,6,24.24,0
19722,2020-12-26,1,5,5,32.95,0
97322,2022-03-21,3,7,2,2.22,0
39595,2019-09-11,3,1,12,41.25,1
76867,2021-04-17,3,2,11,18.35,0
39042,2023-01-29,3,9,12,43.31,0
6629,2021-12-22,3,2,4,3.51,0
42949,2021-11-05,1,2,7,27.83,1
15785,2022-01-11,3,10,6,47.17,0
509,2019-06-18,2,10,1,15.76,0
46852,2023-04-05,3,4,3,30.33,1
1394,2021-02-09,1,10,6,27.67,0
87537,2020-02-26,3,3,3,43.79,0
54204,2023-11-23,2,7,6,44.86,0
41638,2023-04-12,1,8,9,3.31,0
64135,2022-08-12,1,10,6,42.65,0
27743,2023-09-10,3,9,3,11.18,0
53835,2020-02-07,1,10,11,16.58,0
92598,2023-08-30,3,1,10,44.65,0
26819,2020-08-20,2,2,7,29.68,0
36192,2022-05-12,2,4,13,43.8,0
45227,2020-08-06,1,7,5,28.44,0
24368,2022-08-31,3,6,11,32.89,0
37319,2020-04-02,3,8,6,31.8,0
89695,2021-10-06,3,9,13,6.83,0
53536,2020-10-06,1,1,13,49.91,0
65906,2019-01-06,2,2,12,11.28,0
77290,2020-11-28,3,6,13,47.94,0
35767,2019-05-31,1,4,1,19.46,0
28492,2022-04-13,3,9,7,6.98,1
795,2023-02-17,2,10,6,29.14,1
31368,2023-01-04,3,8,9,43.01,0
12900,2020-08-17,1,5,13,38.59,0
95715,2022-11-23,2,7,8,42.01,0
48447,2020-06-30,3,6,11,19.3,0
43909,2019-09-21,1,10,13,24.21,1
30768,2019-02-15,1,9,7,24.93,0
97511,2023-06-18,1,2,10,5.76,0
40741,2022-11-19,2,10,11,41.65,0
21812,2023-12-10,3,3,12,16.37,0
54346,2023-09-17,3,7,5,21.48,1
74362,2021-11-18,1,8,7,8.32,0
65717,2019-08-26,1,8,2,42.34,0
7956,2019-10-11,2,2,8,20.87,0
95300,2019-10-24,2,7,10,47.75,0
70496,2020-10-01,2,9,6,10.48,0
22921,2021-12-30,1,10,6,2.54,0
67630,2023-05-02,3,3,7,10.5,0
78747,2023-06-01,2,9,11,26.23,0
29787,2019-04-27,2,5,2,48.27,1
5148,2019-11-26,3,3,3,42.67,0
96501,2019-11-05,3,7,2,8.47,1
26992,2020-04-11,3,8,4,27.76,0
63142,2019-09-07,1,9,4,5.7,0
44506,2019-02-03,1,5,4,22.67,0
71877,2023-02-04,3,8,12,33.84,0
28729,2022-12-19,1,1,13,17.62,0
38855,2022-04-25,2,6,9,3.9,0
92831,2021-02-14,1,5,2,16.8,0
94856,2020-03-17,3,5,7,11.18,0
35778,2022-02-21,2,5,2,13.99,0
24690,2019-02-17,2,3,7,8.5,0
66878,2020-04-27,1,4,5,10.83,0
97069,2021-02-21,3,9,8,42.31,0
27589,2022-12-31,2,10,13,27.41,0
3365,2023-01-03,2,4,7,35.86,1
80577,2019-04-02,1,10,13,15.69,0
35835,2021-01-25,1,10,6,14.06,1
10461,2021-01-26,2,3,13,22.33,0
63214,2022-03-25,3,3,5,32.01,0
21931,2021-04-11,1,9,7,20.35,0
3187,2022-01-23,1,3,8,34.22,0
72118,2020-12-28,3,3,7,43.86,0
61849,2023-05-24,3,6,1,32.52,0
28448,2020-05-15,3,2,2,36.8,0
98852,2022-11-11,2,6,1,45.35,0
27870,2019-04-10,3,3,2,33.06,1
83110,2019-07-15,1,9,5,6.42,1
93054,2023-03-02,3,5,7,23.29,0
44061,2019-02-02,2,5,10,32.32,0
1183,2022-09-12,2,4,3,30.27,0
30305,2019-10-18,2,7,2,33.22,0
88254,2020-05-13,1,9,11,35.09,0
65965,2019-04-23,1,4,12,33.81,0
62778,2020-12-18,1,8,6,33.55,0
30722,2021-05-23,2,6,4,34.66,1
82432,2023-08-16,2,8,11,38.44,0
46762,2023-02-09,2,10,9,10.48,0
51604,2023-12-16,2,7,3,13.1,0
65703,2021-08-09,1,6,13,30.58,0
63660,2021-09-23,3,8,2,14.25,0
8936,2022-04-06,2,7,12,42.27,1
26048,2021-10-22,3,3,11,3.54,0
62776,2020-03-21,2,2,9,8.37,0
78046,2019-04-22,1,3,13,30.67,0
5765,2023-04-19,1,3,9,35.27,0
64534,2021-05-05,3,2,13,38.14,0
54075,2023-06-24,3,7,5,23.79,0
4701,2020-09-07,2,4,5,15.58,1
35494,2022-11-18,2,6,3,45.26,0
27251,2020-04-21,2,6,3,27.66,0
28643,2022-10-14,2,8,9,4.63,1
78758,2019-04-21,2,1,2,4.41,0
22006,2023-01-25,2,3,7,37.74,0
69284,2019-10-15,2,6,7,31.62,0
99303,2023-02-03,1,5,5,31.51,0
63740,2019-06-12,1,2,3,33.87,0
33096,2022-06-03,3,1,13,29.62,0
30639,2022-06-21,1,8,4,21.85,0
47521,2021-01-21,3,4,7,34.16,1
96205,2020-02-20,1,10,3,43.34,0
44450,2021-02-03,2,4,12,27.75,0
51347,2021-03-18,1,2,1,3.14,0
14378,2021-04-08,1,3,10,9.5,0
21995,2021-09-15,1,5,8,29.01,0
78530,2023-02-25,3,8,1,5.03,1
71482,2021-08-17,3,5,6,29.89,0
27875,2022-07-21,2,9,13,48.68,0
50446,2019-12-15,1,9,2,17.87,0
30981,2023-08-09,1,1,3,22.98,1
35352,2020-01-25,3,6,5,12.86,1
76785,2023-01-17,3,7,6,28.6,0
87464,2022-10-27,2,9,13,18.86,1
6642,2022-03-08,1,1,3,49.4,0
87246,2021-05-20,3,4,12,11.14,0
23842,2019-09-01,1,6,8,35.39,0
44428,2022-09-27,3,5,9,6.77,0
65437,2021-01-08,2,2,2,8.9,0
42508,2020-04-22,3,6,8,21.24,0
69657,2021-12-10,2,5,10,36.2,0
12840,2020-09-02,3,8,12,48.61,1
19562,2020-08-04,2,6,12,17.61,0
86881,2020-11-05,1,7,12,22.08,0
75838,2022-05-06,2,4,4,43.0,0
49461,2022-08-12,1,3,3,24.58,0
53,2019-10-10,3,5,9,47.8,0
37748,2023-11-30,3,8,8,42.21,0
58705,2019-09-13,3,6,11,39.34,0
25769,2020-04-24,2,4,8,14.0,0
33579,2021-05-22,2,5,7,36.0,0
17754,2023-10-02,3,2,1,13.63,0
50772,2020-11-30,3,4,1,9.19,0
62553,2021-07-15,2,3,13,24.65,0
77648,2019-04-29,2,8,9,32.82,0
50255,2023-04-11,2,4,11,47.93,0
79850,2023-07-19,3,10,7,12.68,0
72366,2019-04-12,2,10,12,28.89,0
70007,2019-05-06,1,8,9,17.2,0
14613,2023-04-22,1,9,12,40.9,0
55090,2021-10-08,2,9,12,29.61,0
58052,2022-12-04,3,4,9,19.73,0
12469,2020-09-21,2,9,5,47.11,0
32186,2019-08-28,2,10,8,17.87,0
32740,2021-10-08,3,3,3,9.46,0
85119,2023-07-21,2,4,2,5.73,0
50362,2021-01-03,1,9,7,40.17,0
71568,2022-11-19,2,8,12,3.26,1
76684,2019-05-04,2,3,12,23.45,0
32141,2020-03-08,3,3,9,42.08,0
40856,2019-08-18,2,3,1,8.75,0
71057,2019-05-27,3,5,13,10.89,0
49254,2019-10-02,3,8,7,48.2,0
4640,2022-10-17,2,5,1,9.91,0
51163,2022-08-22,1,2,13,28.07,0
20862,2020-09-17,1,4,8,39.51,0
89776,2019-03-20,2,6,12,41.92,1
8183,2023-01-11,1,1,11,2.35,0
57647,2019-06-11,3,5,6,38.86,0
45535,2019-07-30,1,8,11,38.76,1
26110,2023-01-18,3,3,9,15.05,0
44068,2022-04-16,1,7,8,5.0,0
98586,2023-10-27,3,2,2,11.78,0
7181,2020-02-27,2,6,7,9.35,0
7972,2020-04-05,3,7,5,7.63,0
32491,2020-08-26,1,5,10,24.21,0
48011,2020-01-20,1,1,7,15.05,0
36951,2021-12-17,3,4,1,31.04,0
6660,2019-07-03,2,9,13,20.07,0
78630,2020-09-26,2,8,2,4.59,0
94340,2020-10-27,3,9,10,37.27,0
80918,2023-08-06,2,2,12,46.64,0
48116,2022-09-15,2,6,6,27.79,0
71707,2022-11-28,1,3,4,20.57,0
13339,2021-06-28,1,2,4,47.7,0
22188,2019-07-01,2,3,6,32.76,0
74831,2022-02-07,2,3,7,2.95,0
78952,2019-03-13,2,10,6,14.65,1
91994,2021-07-10,1,1,5,47.62,0
29809,2021-04-01,2,6,11,35.95,0
32785,2020-11-24,2,7,10,25.78,0
35663,2019-02-06,2,7,1,39.59,0
46018,2019-10-26,1,2,6,29.41,0
57734,2020-03-26,3,10,7,17.03,0
93917,2019-06-06,1,5,5,28.17,0
49798,2021-04-01,1,7,5,3.36,1
389,2019-02-01,2,3,12,40.75,0
54533,2023-04-04,3,10,9,32.48,0
50826,2019-04-11,1,2,7,44.93,0
66190,2020-11-04,2,5,7,32.36,1
44307,2022-04-08,2,9,8,41.53,0
31092,2023-02-16,2,7,13,32.49,0
77779,2021-07-29,1,10,10,10.12,0
86842,2020-11-10,1,2,13,34.51,0
48512,2019-03-24,1,8,4,26.9,0
99357,2023-04-04,2,1,13,47.98,0
35901,2019-08-18,3,6,9,45.32,1
83629,2020-09-12,2,7,9,35.98,0
67514,2021-10-18,3,2,10,44.04,0
91054,2023-05-13,1,10,13,17.61,0
51728,2019-06-12,2,9,3,15.43,0
1725,2022-04-11,3,7,13,28.05,0
37848,2022-11-05,2,2,2,33.97,0
75409,2020-04-14,1,8,9,4.83,0
61071,2019-04-10,1,7,2,29.7,0
62715,2019-07-12,1,5,11,48.93,0
39800,2022-04-17,1,9,9,8.93,0
24688,2021-05-30,1,4,9,25.93,0
90583,2021-01-10,2,5,5,11.48,1
51598,2023-12-29,3,2,9,4.56,0
50236,2019-03-25,1,4,4,5.77,0
22933,2021-02-15,3,3,12,29.39,0
37873,2020-02-08,3,3,2,11.07,0
7866,2021-07-08,2,2,3,8.91,0
86767,2023-05-09,3,5,12,7.25,0
38296,2020-10-03,3,4,3,21.5,0
47291,2021-11-16,1,6,4,13.18,0
41039,2020-02-22,2,1,5,36.77,0
96024,2022-04-30,1,1,9,19.8,0
86061,2019-07-07,2,10,10,11.44,0
67426,2021-06-26,3,8,4,38.32,0
4794,2023-06-11,2,4,11,24.86,1
39187,2019-06-21,3,7,10,45.12,0
25370,2019-01-05,1,8,11,13.39,0
97459,2023-01-14,2,9,3,14.06,0
25209,2023-07-14,3,9,13,25.32,0
65154,2023-12-01,1,2,11,29.02,0
60336,2021-05-05,1,4,9,13.04,0
30184,2022-03-25,3,7,4,20.7,0
6886,2023-08-03,2,5,1,5.89,0
45419,2022-03-07,1,8,10,25.6,0
45391,2021-10-11,3,3,11,7.54,0
56607,2019-12-03,1,3,12,22.68,0
89045,2019-02-16,2,3,8,30.79,0
36547,2022-11-23,1,4,2,28.47,0
75395,2023-09-27,1,7,4,7.78,0
65254,2021-03-27,1,7,4,24.42,0
34417,2023-08-28,1,1,9,48.6,0
72088,2021-07-15,3,5,7,24.7,0
14239,2023-12-25,1,3,1,17.38,0
13940,2022-08-15,1,1,5,34.11,0
18815,2022-08-11,2,5,1,19.22,0
18360,2021-06-06,2,2,13,38.5,0
67077,2021-08-30,1,7,1,39.79,0
13921,2021-06-20,1,2,11,13.14,0
17317,2022-12-11,3,5,3,6.35,0
51013,2023-10-10,3,10,9,46.55,0
74682,2020-12-03,1,2,5,42.94,0
93363,2019-07-31,3,7,13,35.01,0
23316,2023-09-13,2,10,13,28.4,0
73188,2020-02-22,2,5,8,25.82,0
39711,2022-01-10,3,2,1,44.34,0
5441,2019-11-29,2,2,3,18.91,0
11630,2022-06-30,1,10,9,18.53,1
39143,2021-11-27,3,3,11,4.98,0
45797,2023-04-21,2,6,8,36.67,0
33475,2020-05-03,1,8,2,30.18,0
89858,2020-04-12,2,4,10,37.82,0
35424,2022-02-11,1,5,8,26.46,1
8056,2019-09-26,2,10,2,14.08,0
71682,2023-05-29,3,9,4,38.83,0
3551,2021-11-11,2,2,12,37.39,0
63395,2021-09-19,1,10,11,40.7,0
89836,2022-12-05,3,6,13,36.11,0
26108,2020-09-25,3,4,11,39.26,0
68695,2019-03-19,3,8,12,29.69,0
70132,2019-04-29,3,6,1,40.17,1
13870,2020-04-01,1,10,10,18.18,0
96752,2022-09-17,2,10,11,15.05,0
90430,2022-08-30,2,6,13,34.21,0
66992,2021-08-06,2,3,2,39.95,0
54418,2019-11-03,1,5,6,37.49,0
62930,2023-02-18,2,5,7,43.54,0
64305,2020-07-14,1,2,3,31.34,0
80400,2023-11-30,2,6,9,3.02,0
26620,2019-03-28,2,9,12,14.75,0
14964,2020-10-23,1,7,5,7.69,0
89161,2019-08-05,1,7,12,30.51,0
13586,2022-01-12,2,4,5,29.99,0
10997,2019-08-11,1,10,12,40.25,1
94192,2020-05-03,1,7,4,4.71,0
97168,2019-10-29,3,8,12,41.72,0
27177,2022-10-05,2,8,11,14.91,1
77490,2021-01-30,2,1,11,49.42,0
91240,2019-12-17,2,2,3,9.46,0
50611,2020-02-06,3,6,7,23.28,0
61001,2022-05-20,3,8,10,11.22,0
1392,2022-08-02,3,3,8,41.34,0
28238,2023-03-15,3,3,4,47.5,0
99843,2021-02-21,1,3,8,31.87,0
4249,2023-08-24,2,6,11,5.62,0
41097,2021-10-30,2,1,10,19.54,0
50858,2021-01-03,3,8,3,7.81,0
40206,2019-06-04,1,2,6,35.17,0
91364,2022-09-26,3,1,4,4.81,0
90933,2019-11-11,2,1,6,23.03,0
76244,2019-07-12,3,10,8,7.29,1
25751,2023-07-02,2,5,11,41.42,0
47038,2021-07-16,2,2,13,6.9,0
72717,2021-06-29,2,5,5,31.04,1
23868,2020-12-29,2,10,13,25.85,1
56136,2020-07-17,3,8,2,40.34,1
89195,2022-02-17,2,9,11,48.22,0
99857,2021-03-27,3,8,4,2.08,0
81982,2020-03-20,2,7,4,19.59,0
87962,2023-05-08,1,2,13,28.82,0
48446,2021-09-02,2,3,6,47.79,0
84511,2020-05-22,3,7,4,9.41,0
64829,2019-08-24,2,2,7,34.15,0
80440,2019-07-16,2,2,13,38.73,0
9971,2022-09-09,2,10,12,9.0,0
37920,2019-08-31,2,4,3,32.31,0
65937,2020-11-01,1,10,5,34.49,0
39706,2019-08-06,2,6,7,12.24,0
89408,2023-04-07,1,3,9,36.67,0
14658,2019-07-04,2,2,11,24.33,0
31503,2022-04-27,1,2,7,28.35,0
85310,2023-11-11,1,7,4,35.02,0
84883,2019-11-09,1,2,2,21.1,0
31694,2023-08-07,3,8,1,37.37,0
97647,2019-12-03,3,8,2,27.36,0
65655,2023-08-23,1,2,10,12.27,0
64963,2022-05-29,1,7,4,15.28,0
26474,2022-01-24,3,3,10,26.56,0
74759,2020-02-16,1,10,3,9.17,0
1659,2021-10-18,1,5,13,40.67,0
14272,2023-02-14,2,10,7,5.17,1
88036,2022-04-03,3,1,6,18.33,0
8515,2023-10-23,3,1,4,28.26,0
44573,2021-07-01,2,7,10,46.41,1
26037,2019-04-17,3,10,1,32.59,0
74088,2022-08-31,3,8,8,6.36,0
10571,2019-05-23,1,1,12,39.45,0
58531,2021-07-03,3,9,2,5.87,0
97081,2022-09-09,3,6,3,26.49,0
49695,2022-11-11,3,8,1,16.65,0
25,2020-01-08,3,6,9,24.62,0
48635,2019-12-16,2,5,4,8.57,0
4844,2022-05-09,3,10,10,5.14,0
79233,2023-07-05,3,1,3,30.78,0
58088,2020-11-25,2,1,4,33.06,0
60176,2022-06-21,3,4,10,6.84,0
74235,2023-09-15,2,1,5,19.61,1
20786,2021-04-17,2,3,5,46.51,0
48213,2020-10-24,1,5,9,38.54,0
40884,2022-03-22,1,4,9,47.74,0
71435,2023-05-19,2,4,3,23.3,0
90325,2023-05-31,2,7,2,15.87,0
72029,2019-09-23,3,3,5,48.82,0
55511,2022-06-14,2,8,3,4.91,0
53963,2023-11-08,3,1,4,16.65,0
49991,2020-02-12,3,8,13,38.41,0
63490,2022-05-27,3,2,2,5.72,0
71076,2021-12-22,3,10,13,31.65,0
14460,2020-01-14,2,10,13,48.4,1
18903,2020-02-02,3,10,11,46.82,0
12950,2023-01-09,3,6,4,5.91,0
89071,2022-03-22,1,9,3,46.47,0
63362,2023-09-20,1,3,6,11.42,1
79527,2021-06-01,1,5,11,47.88,0
36395,2019-02-10,1,10,11,11.78,0
15482,2021-08-09,1,10,12,49.87,0
78752,2022-06-16,2,5,11,40.2,0
71774,2019-12-17,2,8,8,31.67,0
4620,2020-05-18,2,7,5,10.67,0
19669,2019-02-09,3,5,5,33.61,0
63304,2019-07-01,3,4,2,7.33,0
40647,2023-04-18,3,6,13,45.45,0
26044,2020-07-08,2,10,5,34.97,0
84368,2023-11-10,1,10,12,42.32,0
44150,2022-02-18,1,5,13,6.69,0
63810,2021-01-14,3,6,2,44.73,1
18556,2022-07-24,1,8,10,18.42,0
43677,2019-06-20,3,7,3,33.81,0
21810,2022-02-15,2,3,11,42.12,0
65386,2019-11-06,2,1,1,28.63,1
16937,2022-12-06,1,1,8,3.71,0
71741,2019-12-11,3,1,13,27.9,0
52864,2021-10-05,2,7,13,46.37,0
51262,2021-04-09,1,2,7,10.53,1
90629,2019-02-22,1,3,5,15.4,0
87568,2022-01-02,3,3,4,39.51,0
66877,2021-12-01,1,2,7,9.06,0
61271,2021-08-04,1,10,11,21.75,0
60953,2023-07-21,2,7,4,25.96,0
13086,2020-03-06,1,4,11,5.31,0
7818,2020-11-12,1,3,8,39.28,1
45576,2022-10-09,3,5,3,39.43,0
72237,2019-12-23,1,3,5,47.65,0
38257,2021-12-08,1,10,13,24.38,1
12496,2021-10-26,3,6,11,22.01,0
2167,2020-12-07,3,4,5,41.46,0
18932,2021-06-28,3,4,4,4.16,0
27573,2023-07-30,3,3,11,6.26,0
32763,2022-08-06,3,2,8,34.75,0
34678,2021-09-02,3,8,7,4.84,0
74544,2019-11-23,2,1,13,14.81,0
68517,2020-01-16,2,9,7,40.09,0
92455,2021-01-25,3,1,11,28.61,1
55467,2021-03-09,3,6,11,22.51,0
95353,2020-04-25,1,2,6,27.42,0
29083,2023-06-21,2,10,2,39.07,0
58635,2020-01-19,2,3,8,8.77,0
26569,2020-05-30,1,4,12,34.44,0
93388,2023-02-26,1,1,13,22.95,0
13396,2019-01-28,1,9,9,11.76,1
65172,2019-04-02,2,9,3,31.19,0
19037,2023-07-01,2,9,4,4.24,0
54614,2019-09-16,2,7,9,47.68,1
83784,2022-07-04,1,2,10,5.69,1
51884,2023-07-19,1,3,11,13.61,0
98495,2021-09-25,3,1,1,35.99,0
27347,2022-08-17,1,6,6,12.83,0
91675,2019-08-19,1,8,7,24.47,0
93137,2022-11-05,1,2,2,27.53,0
89541,2019-02-01,2,5,1,37.39,0
5568,2022-03-19,3,4,4,22.17,0
46724,2020-07-05,3,3,6,16.62,1
69475,2019-07-16,1,4,7,8.79,0
98393,2023-04-05,1,1,2,13.0,1
31355,2021-09-04,2,1,11,33.93,0
58316,2020-07-31,1,7,7,7.13,0
31055,2021-08-29,1,10,2,37.83,0
33712,2022-05-13,1,9,11,20.98,0
40915,2022-02-01,1,3,2,11.71,0
62696,2020-01-30,1,2,9,45.12,0
68355,2023-02-27,2,2,10,24.49,0
1213,2021-03-01,3,2,3,10.57,1
17966,2019-09-17,2,7,3,47.51,1
22581,2020-09-10,2,10,12,38.06,0
81849,2020-12-25,1,2,8,45.45,0
57244,2022-12-03,2,6,5,9.47,1
69072,2021-01-02,2,5,11,37.04,1
38171,2019-03-25,2,2,7,20.63,0
90533,2021-01-01,2,10,3,47.76,0
43111,2021-04-11,2,5,8,38.57,0
99147,2019-07-16,3,10,9,39.24,0
19136,2022-01-12,1,6,3,36.05,0
19178,2022-04-22,1,6,5,30.93,1
25383,2023-08-30,2,5,9,15.87,0
45392,2019-01-29,1,7,3,11.0,0
69872,2020-05-29,3,7,7,11.44,0
84036,2021-01-01,1,5,5,27.42,1
27162,2021-01-23,1,5,4,9.26,0
49889,2020-07-27,1,5,4,16.35,0
84314,2020-06-04,3,1,8,35.43,0
42847,2022-12-07,2,3,6,48.86,0
70783,2022-01-01,2,3,11,4.68,0
55749,2022-01-07,1,5,8,48.93,0
39525,2020-08-31,2,10,1,14.99,0
2795,2022-09-06,1,3,6,12.09,0
22101,2022-10-31,2,10,10,8.35,0
51792,2022-07-26,1,3,8,22.89,0
80213,2020-04-08,2,9,4,26.16,0
54919,2021-08-19,3,7,10,49.18,1
72288,2023-11-03,1,5,3,46.38,0
42132,2019-08-30,2,9,10,23.99,0
38266,2021-08-29,2,3,6,36.81,0
55658,2020-02-05,2,10,12,27.34,0
36867,2023-05-21,1,3,9,10.95,0
31688,2020-06-12,2,1,6,34.51,0
85845,2021-06-02,2,10,8,7.72,0
62872,2022-12-22,3,1,2,22.77,0
66952,2023-03-10,3,8,11,2.65,0
29660,2021-01-28,1,7,5,33.14,0
31960,2021-02-07,3,9,10,46.93,1
71965,2019-07-10,1,6,9,5.84,0
99879,2020-09-05,3,9,12,26.95,0
49361,2019-09-29,3,4,8,31.5,0
72290,2021-05-03,1,1,13,39.08,0
99903,2020-06-26,1,1,9,46.65,0
50557,2021-06-01,2,7,7,2.9,0
52686,2021-12-15,1,2,9,48.51,0
61689,2023-11-20,2,6,10,47.65,0
55666,2022-04-12,2,5,8,40.06,0
84324,2023-07-03,1,4,7,8.55,0
57088,2019-08-01,2,9,8,17.81,0
60158,2023-08-25,3,7,12,21.25,0
63852,2019-04-23,2,1,9,46.08,0
86226,2021-05-27,1,9,8,32.42,1
47198,2021-05-13,3,10,7,47.7,0
5414,2023-03-10,1,9,12,40.27,0
89990,2020-07-11,3,5,5,5.79,0
75368,2023-02-03,1,8,3,16.94,0
20365,2020-03-28,1,4,1,17.79,0
94258,2022-04-19,3,1,7,35.01,0
40144,2021-05-04,2,5,9,42.08,0
83885,2023-11-25,2,1,6,16.72,0
17005,2021-08-07,1,6,2,39.16,1
99439,2022-09-03,2,8,6,19.66,0
10714,2020-10-03,1,1,8,16.39,0
66625,2021-10-16,2,1,10,21.61,0
72598,2021-08-22,2,2,5,44.88,0
15677,2021-11-03,3,6,8,14.99,0
41733,2022-08-07,3,2,12,16.02,0
12306,2022-02-22,2,10,8,17.46,0
22586,2021-01-21,1,1,7,38.9,0
41420,2021-07-29,1,2,12,28.95,0
27300,2022-01-20,1,3,10,19.39,1
29890,2019-05-29,2,6,11,32.12,0
45734,2019-07-08,1,5,1,5.7,0
85267,2020-09-26,2,5,11,9.75,0
3999,2019-05-19,1,5,7,23.45,0
1936,2019-12-21,2,10,10,44.29,0
14356,2021-07-08,1,8,6,47.85,0
50047,2019-02-21,1,2,9,29.26,0
8189,2022-03-06,1,7,13,2.36,0
652,2020-11-25,1,8,13,11.53,0
17629,2019-11-16,3,3,8,46.91,1
42187,2021-10-08,2,6,5,27.83,1
50619,2022-01-24,3,7,4,22.27,0
33702,2022-11-26,2,7,9,19.66,0
81783,2020-08-06,3,8,5,28.33,0
86245,2020-06-02,2,6,13,32.89,0
81189,2021-02-22,2,5,13,49.51,0
82964,2021-05-27,1,6,8,27.25,0
65510,2019-08-14,1,5,5,45.17,0
83053,2020-03-19,3,4,6,36.76,0
7757,2022-03-05,3,4,4,17.65,1
44749,2019-01-18,2,7,3,31.95,0
98320,2020-06-20,3,6,5,24.99,0
36430,2023-08-08,1,9,8,34.08,0
56507,2023-06-21,2,9,12,4.81,0
75966,2020-09-07,3,4,12,11.99,0
90673,2023-04-21,2,9,9,8.74,0
3643,2019-10-17,1,4,10,23.28,1
46005,2022-10-24,2,8,1,49.95,0
23362,2019-01-03,3,1,10,30.31,0
58812,2023-03-31,1,8,13,27.01,0
55643,2022-09-12,3,7,2,20.0,0
39710,2020-07-30,3,1,2,4.13,0
12027,2022-10-15,1,2,8,28.84,0
32980,2023-05-26,2,4,5,2.27,0
95394,2019-07-09,3,8,1,22.26,0
4666,2019-09-04,1,7,13,3.06,0
78574,2019-04-08,1,2,3,27.14,0
37526,2022-08-23,1,1,9,33.68,0
95004,2019-12-29,1,7,7,12.42,0
1021,2023-04-05,3,3,1,46.52,0
56313,2023-09-23,3,7,3,44.62,0
45836,2021-02-24,3,7,8,38.72,0
88593,2020-09-09,2,6,6,10.58,0
78560,2020-10-09,2,3,9,25.12,0
87665,2020-08-15,1,9,4,10.13,1
99594,2022-02-19,1,5,4,41.44,0
69803,2019-12-17,3,10,7,6.59,0
56694,2020-04-25,2,3,6,8.07,1
76382,2023-01-21,3,3,7,5.34,1
83308,2020-10-19,1,2,6,24.84,0
78424,2020-12-05,3,3,13,28.7,0
4388,2022-04-05,2,3,8,45.82,0
80671,2023-03-10,3,8,11,21.05,0
96646,2019-05-03,2,9,10,26.25,0
45933,2020-01-16,3,2,6,27.84,0
43310,2022-12-27,3,3,3,39.32,0
7022,2022-05-05,3,10,2,30.43,0
48444,2023-05-14,2,9,2,35.19,0
95074,2020-12-30,2,6,12,4.22,0
8856,2022-09-08,3,3,1,21.86,0
25215,2022-05-19,2,3,5,38.55,0
66566,2023-04-01,1,4,10,8.9,0
57936,2019-08-31,1,3,10,18.36,0
50503,2023-09-17,3,5,13,42.23,0
61115,2021-10-23,2,10,12,47.22,0
45552,2020-04-28,3,4,3,11.87,0
12636,2022-10-02,2,3,4,40.71,0
17875,2023-06-10,1,8,11,48.96,0
56072,2021-09-27,1,7,8,19.71,0
80508,2020-07-12,1,6,7,24.06,0
27414,2022-04-07,3,2,7,48.44,0
78430,2019-07-08,1,8,8,44.95,0
25624,2022-08-25,1,10,9,16.81,0
7590,2023-03-18,1,5,10,32.24,1
89090,2020-02-11,2,7,7,14.01,1
47113,2023-11-08,2,5,2,17.22,0
99149,2019-01-25,3,9,8,10.05,0
28633,2023-02-02,1,1,11,19.4,0
86692,2020-03-02,1,4,12,27.12,0
9347,2021-01-13,2,8,6,16.04,0
18504,2022-07-13,2,5,10,7.42,0
57787,2019-12-21,3,7,5,5.9,1
78323,2021-07-20,3,10,9,36.07,1
19044,2021-02-04,2,10,11,3.37,0
69464,2021-05-23,3,7,2,49.93,1
31961,2022-04-22,2,8,5,34.18,0
69272,2022-05-17,3,9,4,46.27,0
41631,2020-08-15,3,4,8,32.7,0
96925,2019-12-20,3,1,5,30.06,1
87961,2023-05-24,2,10,6,8.74,0
12656,2022-05-31,3,9,6,21.67,0
93763,2021-01-19,1,4,1,32.61,1
92868,2021-06-03,2,3,11,16.32,0
5981,2021-05-18,3,6,7,46.16,0
92584,2021-06-30,2,9,2,27.62,0
90498,2022-08-26,1,9,2,19.01,0
39867,2020-08-27,1,6,9,37.61,0
75324,2020-04-01,2,3,11,2.9,0
63968,2021-03-27,3,9,13,20.15,0
33224,2022-09-12,3,6,11,33.18,0
97183,2021-01-15,3,8,6,41.33,0
60868,2023-08-21,1,9,6,37.31,0
79941,2020-12-12,2,2,4,22.66,0
57966,2020-02-14,3,9,13,39.71,0
43632,2021-02-28,1,3,2,3.76,0
20172,2022-11-04,1,1,5,5.69,1
73030,2020-09-16,1,9,4,38.23,0
51062,2022-04-25,2,3,8,7.85,0
59436,2023-03-26,1,3,8,25.26,0
60293,2022-04-01,3,2,12,19.94,0
87422,2021-03-15,2,3,12,31.12,1
51841,2020-07-27,1,4,13,25.28,0
82684,2020-03-22,2,1,1,39.04,0
8051,2020-12-22,2,8,10,2.54,0
2409,2020-10-18,3,9,11,44.68,0
46099,2022-11-25,1,3,13,24.03,0
53198,2019-12-30,2,1,8,22.88,0
82480,2021-12-07,1,1,1,27.77,0
89743,2021-09-14,1,6,4,34.11,0
66275,2021-10-12,2,8,1,13.29,0
35010,2019-04-07,2,4,4,20.72,0
22514,2020-02-06,3,10,12,16.21,0
4374,2022-10-11,1,6,11,10.23,0
49572,2019-04-28,1,1,1,46.19,0
693,2021-03-23,2,4,11,16.98,0
98886,2020-03-11,3,7,4,49.44,0
63888,2023-10-15,2,8,1,25.82,0
82857,2022-10-01,3,4,8,31.66,0
33562,2020-10-13,1,6,10,19.9,0
35000,2023-05-07,3,4,8,22.05,0
28157,2021-03-07,2,3,9,42.01,0
82944,2023-03-16,1,2,4,21.92,1
92590,2023-12-05,3,2,11,37.5,0
90768,2023-11-20,1,7,2,4.31,0
43658,2022-02-25,3,9,8,3.5,0
1733,2023-06-10,1,5,12,6.63,0
83681,2021-08-12,1,5,13,45.86,0
65566,2021-12-17,1,7,7,23.63,1
620,2021-09-13,1,10,13,44.57,0
38206,2023-10-23,2,3,4,25.17,0
89052,2021-12-24,1,7,4,42.54,0
96363,2020-08-15,2,7,13,43.69,0
88508,2021-01-11,1,7,13,2.17,0
50137,2021-04-23,2,8,7,34.67,1
58618,2022-06-23,3,5,2,25.66,0
21281,2021-10-07,1,1,2,48.44,0
90646,2019-12-02,1,1,2,20.91,0
47616,2023-10-18,2,3,9,22.14,0
72441,2019-12-12,2,4,5,20.69,0
25384,2023-04-17,3,5,9,39.41,0
46925,2019-09-06,2,10,11,39.9,0
44045,2021-12-17,3,6,13,28.53,0
7205,2021-08-25,3,1,3,9.8,0
10075,2021-06-12,1,8,7,33.53,1
85474,2021-11-03,2,6,1,13.62,0
22580,2021-11-17,2,2,11,49.73,0
26902,2021-08-19,3,1,1,31.3,0
56236,2019-12-04,2,10,11,3.71,0
1440,2020-07-03,2,4,6,2.75,0
10731,2022-10-08,3,3,1,48.15,0
12542,2019-04-11,1,10,11,17.37,0
31306,2022-01-27,3,6,10,26.54,0
63541,2023-01-07,2,4,6,2.44,0
34269,2023-06-13,2,5,6,48.32,0
31068,2021-10-20,2,10,11,44.77,0
13223,2023-12-23,1,8,5,10.14,1
20977,2021-12-29,2,7,1,5.94,0
59250,2020-12-29,1,6,7,26.87,1
11376,2023-06-25,1,10,12,31.72,0
83191,2021-11-13,2,4,3,23.86,0
55769,2019-04-09,3,5,13,26.67,0
23515,2019-10-20,2,7,3,4.12,0
38876,2021-03-31,3,4,6,17.81,0
93947,2021-02-05,1,2,11,14.64,0
63962,2022-01-21,1,6,4,12.87,0
9127,2023-06-19,3,5,7,31.46,0
86085,2021-09-04,2,5,5,19.08,0
522,2022-10-08,2,2,9,39.43,0
20774,2020-03-11,1,9,10,11.75,1
93634,2019-10-28,1,1,3,9.7,0
78397,2021-03-09,3,4,13,7.66,0
17235,2020-03-05,1,2,3,44.46,0
79966,2021-04-28,2,7,3,29.42,0
65795,2020-03-25,3,10,3,27.58,0
85618,2022-06-19,1,10,1,6.81,0
10457,2022-02-21,2,4,3,2.94,0
34623,2019-08-20,3,7,10,40.85,0
46066,2019-05-18,1,1,13,4.17,0
48238,2023-07-21,2,1,7,13.62,0
72623,2019-01-14,2,2,8,10.77,0
58956,2023-12-13,3,10,1,3.16,0
88995,2021-04-20,1,6,12,24.16,0
586,2020-10-30,1,1,10,5.66,0
70479,2022-07-10,2,2,5,30.51,0
71609,2023-02-28,3,2,10,6.89,0
23053,2023-01-31,3,8,11,41.99,0
60291,2020-02-06,2,7,9,39.77,0
9679,2022-11-14,2,1,9,43.39,0
54979,2021-11-03,1,1,1,4.59,0
15757,2021-01-31,3,7,8,40.52,0
18588,2022-05-14,1,3,9,35.66,0
12981,2020-05-04,3,5,7,22.75,0
99469,2019-12-30,2,6,2,39.58,0
73087,2020-12-07,3,5,3,16.33,0
54433,2019-11-01,1,8,7,27.8,1
97091,2021-11-17,3,5,2,5.44,0
1626,2020-09-01,1,10,4,32.52,0
9791,2023-05-12,2,3,5,48.6,0
87966,2023-10-05,2,4,7,13.43,0
75242,2020-11-22,3,10,12,28.37,0
83378,2020-04-19,2,8,10,48.25,0
55692,2021-01-17,3,9,2,28.99,0
14696,2019-04-18,2,7,7,20.57,0
21777,2020-06-14,1,8,7,8.8,0
29128,2021-09-09,2,1,11,25.31,0
39233,2021-05-19,1,3,2,22.38,0
15540,2022-01-03,3,9,9,36.79,0
66919,2019-05-26,3,2,2,6.67,0
46938,2023-08-27,1,8,2,38.82,0
76919,2019-01-04,3,2,4,19.78,0
79020,2019-04-14,2,8,1,40.7,0
48478,2021-09-21,1,5,12,46.61,0
17093,2022-04-09,3,2,11,26.09,0
14329,2019-09-01,2,8,9,8.07,0
23164,2019-08-01,3,1,1,5.76,1
859,2023-10-15,3,9,4,43.54,0
89577,2021-03-26,3,8,6,45.03,0
24059,2019-06-01,2,1,12,11.05,0
52233,2021-04-17,2,6,3,45.61,0
37086,2022-08-10,1,6,10,22.95,0
38979,2020-10-27,3,4,8,5.57,0
67568,2019-10-22,2,4,5,23.64,0
12575,2023-06-01,1,2,7,29.93,1
45166,2023-05-14,2,10,9,18.27,0
55356,2022-01-19,1,2,6,25.92,0
64130,2023-05-04,3,10,5,10.38,0
16384,2023-02-08,3,9,12,15.77,0
18546,2023-05-08,2,8,2,3.65,0
26353,2019-06-09,1,3,9,23.53,1
29709,2019-01-05,2,5,6,5.7,1
89748,2021-02-21,1,2,9,12.37,0
73816,2021-08-14,2,5,3,15.92,0
608,2021-12-01,3,10,8,43.29,0
17491,2023-04-23,3,2,3,45.33,0
92433,2022-04-25,2,4,3,45.2,1
8690,2022-10-04,3,1,7,3.15,0
69577,2019-09-18,2,9,13,10.1,0
54374,2020-01-28,3,4,12,47.2,1
59566,2022-08-21,1,2,10,10.49,0
27857,2019-10-21,3,9,3,10.45,0
4064,2021-02-03,2,9,8,42.71,0
50093,2019-01-22,2,10,4,24.64,0
11331,2021-07-11,3,3,4,49.93,1
89452,2023-03-14,2,4,11,23.97,1
69715,2023-05-20,2,6,12,49.06,1
31121,2023-10-22,1,6,3,12.45,0
45484,2019-04-23,1,4,12,20.75,0
27369,2022-03-05,3,6,4,38.18,0
42887,2022-04-03,2,10,4,47.87,0
96503,2022-08-04,2,4,4,28.18,1
50289,2020-11-24,2,9,8,29.54,0
99512,2020-03-22,1,7,11,48.45,0
8522,2022-08-06,1,1,11,25.52,0
44529,2023-09-07,1,10,13,7.09,0
83100,2020-07-21,1,8,1,34.38,0
54452,2021-03-09,1,2,5,48.52,1
94727,2021-08-29,3,4,5,24.13,0
90770,2020-11-15,1,1,9,24.85,0
5914,2023-08-08,3,4,7,27.03,0
72140,2023-05-28,1,8,2,6.41,0
61952,2022-11-03,3,4,5,37.74,1
69387,2022-03-10,1,1,4,3.23,0
71123,2020-06-12,3,8,12,35.96,0
35129,2023-07-25,3,6,8,2.94,0
41466,2019-04-02,3,6,8,32.34,0
8879,2022-08-12,3,3,7,3.45,1
72506,2022-10-16,1,8,8,37.41,0
23773,2022-05-18,1,4,6,40.9,1
59573,2021-02-26,1,8,6,41.38,0
9216,2023-07-21,2,2,7,46.63,0
64369,2021-01-01,1,10,3,40.89,0
22300,2020-02-05,2,5,10,7.42,0
89599,2021-05-30,1,10,8,2.69,0
73565,2020-02-08,2,7,8,10.29,0
74883,2020-09-25,3,1,12,33.55,0
46024,2019-04-04,3,5,1,48.91,0
38489,2020-12-09,3,10,1,12.15,0
61322,2021-06-26,2,8,13,4.49,0
76866,2023-12-01,1,2,5,8.0,0
84315,2023-05-31,3,7,8,5.03,0
6662,2020-01-06,3,2,11,40.44,0
42751,2022-09-23,3,10,13,26.27,0
74809,2019-03-28,3,7,11,16.28,1
20880,2020-06-03,1,8,9,14.17,0
20889,2022-02-01,3,5,13,49.13,0
97028,2020-03-11,2,6,2,4.26,0
89607,2020-11-18,2,4,4,4.97,0
41636,2020-01-11,1,3,6,29.14,0
59426,2023-09-08,3,10,5,22.31,0
3422,2020-12-14,2,1,2,19.04,0
26073,2022-05-19,3,10,4,24.49,0
55636,2020-12-22,2,5,12,45.54,1
39952,2021-04-12,1,2,1,13.04,1
64891,2022-05-16,1,4,9,32.16,0
52073,2021-06-16,1,1,8,4.62,0
39379,2021-11-04,1,2,3,21.28,0
77678,2023-05-16,1,2,9,3.16,0
7931,2021-10-18,3,6,2,2.54,1
18048,2022-03-10,2,5,4,47.86,0
52528,2022-05-23,3,9,6,43.0,0
9455,2021-04-27,3,3,5,16.74,0
84953,2022-10-28,3,3,12,48.98,0
22616,2019-08-16,1,8,4,24.02,0
56325,2020-06-20,2,10,9,32.24,0
9684,2022-11-04,3,4,6,15.33,0
84500,2020-12-13,2,2,3,28.8,0
75269,2020-06-20,1,6,1,13.06,0
422,2021-08-22,2,3,10,34.69,0
30509,2022-07-30,1,3,10,10.32,0
37221,2019-04-20,2,4,4,31.7,0
97190,2019-07-01,1,4,1,33.34,1
83782,2019-05-23,3,9,12,24.25,0
94060,2021-11-02,1,8,8,21.28,0
20454,2020-11-15,3,2,13,26.23,0
16334,2019-03-03,3,1,12,5.71,1
65679,2022-09-27,3,7,4,36.71,0
53461,2020-07-21,3,1,12,7.39,0
3554,2021-04-28,1,2,12,2.57,1
19781,2019-08-17,1,4,8,7.74,0
19784,2020-04-20,2,10,11,25.19,1
43271,2022-08-31,3,5,8,12.21,0
23716,2022-09-25,3,8,11,3.09,0
83579,2020-03-18,2,4,11,4.77,0
49827,2021-05-23,2,9,4,6.48,0
65617,2023-04-15,1,8,2,20.35,0
83827,2021-12-11,1,6,1,13.62,0
94064,2022-11-19,3,5,13,19.15,1
70599,2019-09-01,1,9,8,38.68,0
19548,2023-03-26,1,10,9,22.02,0
46535,2020-06-14,2,10,4,25.52,0
39811,2021-05-08,3,3,6,21.65,0
88899,2021-11-30,3,5,9,2.84,0
65309,2020-02-07,3,7,4,15.07,0
70586,2021-07-25,2,1,4,3.74,0
55826,2022-04-24,1,5,7,8.08,0
15779,2021-05-13,3,3,3,3.5,1
32167,2019-04-13,1,3,11,28.77,0
68927,2020-08-17,2,10,2,19.83,1
82958,2021-04-25,2,3,2,41.93,0
66459,2022-05-12,1,5,10,3.23,1
27563,2020-11-22,3,4,8,32.62,0
13371,2022-03-02,1,9,4,47.6,0
48745,2022-07-19,1,2,1,7.13,0
92711,2023-04-12,3,10,5,15.05,0
80192,2019-04-20,1,5,12,33.19,0
69969,2020-09-21,2,7,2,12.63,0
16443,2022-02-25,3,4,7,44.0,0
17622,2021-05-13,2,1,1,36.33,0
35198,2022-01-28,2,3,12,17.49,0
39008,2020-02-04,1,10,2,41.87,0
29352,2020-09-24,2,5,5,49.46,0
71142,2022-10-09,2,9,9,49.9,0
73102,2022-04-07,1,4,2,30.95,0
56105,2021-08-29,2,5,12,42.88,0
27711,2020-05-26,1,6,7,36.11,0
74467,2021-04-23,3,3,7,32.73,1
5545,2021-03-04,3,4,1,16.11,0
61473,2022-10-19,3,10,1,32.6,0
33694,2022-07-07,1,6,7,37.58,1
2325,2023-09-14,3,2,6,14.03,1
58798,2020-09-11,1,10,12,32.83,0
86971,2020-07-16,3,5,4,48.17,0
1568,2021-01-27,1,4,10,36.24,0
16606,2019-04-29,1,1,9,3.59,0
74953,2019-09-17,3,4,10,28.83,0
94620,2023-07-21,1,1,13,8.59,0
22409,2022-09-29,2,8,1,19.97,0
84214,2022-12-26,2,10,7,15.58,0
35419,2021-06-12,1,2,2,36.8,0
27407,2021-04-30,2,7,7,5.3,0
55149,2019-07-12,1,6,2,11.06,0
14919,2021-04-29,2,3,2,16.33,1
54505,2022-07-15,2,8,1,16.96,0
98062,2023-09-06,1,5,7,13.5,1
58971,2023-08-14,1,5,13,3.72,0
66980,2020-03-31,3,6,3,15.4,0
16190,2022-06-16,3,2,13,41.83,0
92465,2021-02-27,1,4,9,38.59,0
60892,2019-06-24,2,7,4,16.77,0
44758,2022-05-27,1,9,11,17.44,0
93654,2021-08-26,3,4,3,46.55,1
71008,2023-02-24,2,5,2,30.62,0
18569,2021-03-12,3,8,6,39.84,0
99448,2023-01-19,2,6,9,11.79,0
12133,2022-11-17,2,4,4,28.95,0
93852,2023-11-01,3,3,7,6.79,0
76278,2020-12-17,1,6,1,45.15,0
46183,2022-08-10,1,4,3,32.02,0
42599,2019-04-10,1,5,9,20.84,0
48400,2020-07-08,2,2,11,21.74,0
49116,2022-07-16,3,6,5,2.87,0
38887,2022-09-29,1,3,12,28.62,0
53717,2021-02-11,1,10,7,22.56,0
28989,2021-08-22,2,7,5,41.6,0
67777,2023-06-15,3,4,10,47.7,0
64001,2019-07-16,3,6,5,23.82,0
97727,2022-11-16,3,1,2,41.84,0
8763,2022-05-20,3,4,5,31.96,0
33603,2022-08-21,2,3,1,39.7,0
13996,2020-11-04,1,9,9,29.47,0
59007,2019-05-17,2,7,13,41.45,1
50905,2022-10-06,3,10,2,2.58,0
37929,2023-06-18,2,6,9,29.58,0
40508,2020-01-25,2,2,6,28.27,0
35193,2021-01-02,3,3,6,12.84,0
18243,2022-06-07,2,9,8,9.87,0
91720,2021-05-20,3,3,10,25.13,0
20808,2019-12-28,3,6,9,14.89,0
74131,2023-01-22,3,2,8,19.01,0
32639,2020-02-05,2,5,1,31.43,0
60090,2022-12-08,1,9,1,37.63,0
23317,2019-08-11,2,1,12,20.64,1
52071,2022-07-03,3,5,8,40.96,0
88015,2023-03-01,2,1,6,26.18,0
69352,2023-01-25,2,7,13,37.91,0
52401,2023-06-28,1,6,13,8.04,0
31656,2023-09-03,2,7,10,19.53,0
345,2023-12-03,3,2,11,10.34,0
24797,2021-05-04,3,3,1,3.76,0
81425,2023-06-14,2,10,2,32.31,0
61256,2019-08-28,3,8,1,6.8,0
52179,2023-08-26,3,6,6,24.88,0
46244,2022-12-17,2,8,9,32.67,0
72038,2022-05-30,2,9,4,30.78,1
32202,2021-01-08,3,5,2,6.92,0
94775,2023-04-14,2,1,10,11.07,0
16296,2019-12-30,2,4,2,4.1,0
49494,2023-05-20,2,1,7,8.44,0
91409,2019-01-01,2,5,4,19.14,0
42324,2019-12-30,1,8,11,43.24,0
86736,2023-03-17,2,7,10,43.08,1
45399,2023-10-15,1,5,10,24.38,0
7102,2020-02-28,2,7,13,6.85,0
69687,2021-09-13,1,4,4,46.43,0
90436,2019-01-17,2,1,13,22.58,1
88488,2023-01-09,3,6,10,34.12,0
18719,2022-07-09,1,5,11,11.39,0
2414,2019-11-01,1,3,1,35.14,1
44654,2020-09-27,2,3,8,2.26,0
17944,2019-06-11,2,10,5,25.44,0
73845,2022-11-25,3,7,5,16.92,1
59477,2020-06-24,1,2,13,37.46,0
35667,2019-09-16,1,6,5,25.2,0
44630,2021-01-19,2,8,1,11.96,0
96795,2021-04-29,1,5,12,22.1,1
47657,2023-10-17,3,9,11,41.13,1
7750,2019-03-26,2,4,2,47.88,0
10601,2020-10-08,2,8,8,39.94,1
98263,2021-02-20,1,1,4,40.13,1
41185,2021-08-08,3,4,4,29.34,0
41715,2020-07-21,2,3,6,26.73,1
31715,2021-02-11,1,4,12,25.47,0
47601,2020-05-09,2,9,13,42.74,0
57246,2023-07-01,1,2,7,49.43,0
27202,2022-05-20,3,5,7,24.49,0
51471,2019-11-22,2,10,2,6.65,1
54995,2021-02-09,3,6,6,21.33,0
67795,2023-07-22,2,4,9,15.51,0
37044,2019-12-06,3,8,3,42.56,0
14306,2022-09-30,2,3,2,45.2,0
34042,2019-01-17,1,10,6,18.25,0
72997,2021-09-28,3,6,1,21.96,0
27917,2023-11-15,2,9,4,35.67,0
96297,2019-05-09,2,10,5,25.09,0
9973,2022-06-07,3,9,7,21.03,0
36147,2021-04-20,3,8,13,10.12,0
33365,2020-07-07,3,9,6,23.95,0
96101,2023-08-22,2,10,12,43.59,0
37836,2022-02-01,1,4,1,38.16,0
50302,2019-03-03,1,2,11,42.95,0
85264,2020-04-06,2,4,4,2.88,0
22937,2019-09-05,1,2,8,28.22,0
73122,2023-05-14,2,4,2,29.02,1
16385,2021-12-27,2,4,6,8.16,0
62574,2023-10-13,3,8,2,19.95,0
29317,2023-10-29,3,7,13,40.37,0
13444,2021-03-03,3,2,8,6.59,0
34451,2021-09-13,3,5,4,29.2,0
78012,2019-12-11,2,3,10,15.97,0
38485,2021-11-25,3,2,12,23.23,0
18363,2023-04-02,3,7,7,38.56,0
25490,2022-06-11,2,3,12,44.86,0
13549,2020-09-24,2,1,3,4.58,1
28440,2019-06-05,2,6,4,28.24,0
57573,2022-07-25,1,1,11,18.75,0
68635,2020-05-07,1,4,7,31.56,0
60711,2023-07-27,2,7,4,39.48,0
86455,2020-03-21,2,4,12,9.99,0
92228,2019-07-06,1,7,13,41.57,0
64593,2022-12-22,3,10,8,12.04,0
24844,2023-10-01,2,4,7,45.7,0
23786,2022-07-07,3,1,5,48.5,1
47792,2022-04-02,3,8,7,42.17,0
53285,2022-12-18,1,10,7,43.58,0
6933,2021-05-26,3,5,7,34.15,0
17472,2023-05-17,2,3,2,21.44,0
91533,2019-02-24,1,3,9,15.83,0
70068,2021-08-26,3,5,4,48.22,0
94977,2022-08-06,1,10,8,28.74,0
68452,2022-12-29,1,9,13,19.1,0
35860,2023-09-04,1,10,11,18.27,0
40900,2019-05-07,3,9,10,32.88,0
77337,2021-06-02,1,8,6,38.28,0
10567,2023-12-11,2,6,5,2.36,0
72844,2021-01-30,1,8,2,16.81,0
6820,2020-09-27,2,6,2,45.72,0
70793,2022-03-08,3,7,9,17.12,0
47776,2021-03-16,3,1,5,37.58,0
62670,2021-12-30,1,5,13,28.77,0
12791,2019-12-18,2,5,9,35.04,0
72525,2019-08-01,2,7,3,43.98,0
56840,2020-03-23,3,8,3,16.89,0
13279,2022-10-14,1,4,11,28.19,1
39612,2019-05-15,1,9,9,48.19,0
37411,2021-08-26,3,4,11,6.96,0
1297,2020-07-01,1,9,13,14.11,0
85183,2023-02-07,3,4,2,20.82,1
35490,2022-09-14,1,9,10,3.45,0
26334,2022-03-09,1,5,2,25.02,0
46285,2021-08-24,3,4,7,48.09,0
6634,2023-04-25,2,7,7,5.26,0
17084,2019-05-31,2,1,5,14.67,1
13381,2019-01-08,2,3,1,42.57,0
24805,2021-07-22,3,5,13,9.2,0
42357,2021-03-20,1,1,12,21.17,0
16630,2019-09-18,1,7,5,36.13,0
14794,2022-11-14,1,9,1,42.25,0
95293,2021-07-23,1,6,1,46.35,0
46346,2020-05-28,1,4,12,19.42,0
65192,2020-06-13,3,7,7,35.45,0
27508,2021-12-06,3,5,2,44.84,0
61987,2019-11-08,2,5,11,38.56,0
71196,2019-10-02,3,5,9,10.34,0
68051,2021-11-13,1,10,5,32.48,1
5736,2020-06-21,3,6,10,19.07,0
29059,2023-06-15,1,5,9,7.59,0
92083,2022-08-28,1,10,3,27.13,0
1373,2020-05-07,3,2,7,9.31,0
37943,2020-01-08,1,1,3,31.19,0
27233,2023-05-12,2,7,10,13.97,0
46693,2019-11-28,1,2,13,40.78,1
50941,2019-09-12,1,5,6,18.53,0
51137,2021-12-22,2,10,12,27.67,0
83257,2023-02-20,2,1,5,48.18,0
10891,2021-12-18,2,1,12,7.56,0
73645,2023-09-25,3,3,3,19.93,1
66780,2023-09-04,2,4,12,12.8,0
68240,2023-07-29,3,8,13,12.34,0
92180,2021-07-25,2,2,11,2.97,0
74617,2022-02-03,1,3,6,32.55,0
96510,2022-03-31,2,8,9,29.32,0
11931,2021-11-10,1,7,5,30.13,0
65742,2020-01-14,1,6,8,12.79,1
56837,2021-10-01,3,5,2,18.62,0
46138,2023-01-25,2,7,4,22.87,0
82744,2019-09-30,2,6,4,44.1,0
20961,2020-04-06,2,4,6,15.31,0
71498,2020-06-09,2,10,6,18.01,0
43580,2019-12-16,3,3,2,11.14,1
57233,2020-01-10,2,3,9,8.11,0
74237,2020-10-27,3,9,2,48.83,0
68570,2020-12-06,1,9,12,20.59,0
78153,2021-03-16,3,10,12,24.04,0
2533,2021-12-18,3,2,2,15.03,1
6472,2022-08-11,3,6,13,6.6,0
77907,2021-12-28,1,1,10,30.36,0
94055,2021-09-07,1,1,9,25.63,0
46097,2022-05-30,2,1,2,31.11,0
84482,2019-04-16,3,1,6,19.03,1
462,2020-10-30,1,8,13,40.35,0
63074,2020-11-14,3,5,10,39.87,0
30505,2020-03-03,1,3,6,37.85,0
78069,2022-12-28,2,1,10,22.27,1
9529,2019-08-30,1,3,9,40.53,0
76822,2023-07-03,3,5,11,40.17,0
35988,2020-11-26,3,7,7,13.2,0
27257,2022-12-18,2,5,11,13.86,0
28609,2019-12-20,2,1,5,44.51,0
35417,2020-06-24,2,10,13,46.05,0
50142,2022-11-07,3,5,2,38.55,1
54622,2023-11-11,1,5,9,37.0,1
35582,2020-03-23,3,3,8,8.29,0
64201,2022-11-04,1,4,4,26.42,0
57485,2021-06-28,2,4,13,10.95,0
20546,2023-10-28,1,4,8,14.84,0
40925,2019-11-14,3,9,11,12.08,0
90053,2022-08-30,3,2,13,3.88,0
82718,2023-07-26,3,9,13,37.74,0
58439,2022-08-17,3,6,13,28.37,0
19079,2020-07-23,3,8,9,42.41,0
7172,2019-01-06,1,1,11,36.3,0
68845,2021-10-15,2,10,2,34.16,0
60159,2020-03-25,3,2,12,32.3,0
6338,2020-06-24,1,7,1,14.3,0
37135,2020-02-16,3,7,9,36.83,0
85935,2022-03-31,1,7,8,8.07,0
78126,2019-03-14,3,4,3,46.05,0
8951,2020-07-04,3,3,9,6.02,0
67818,2019-12-20,2,9,8,16.38,0
44908,2023-04-17,3,2,10,9.82,0
81201,2021-05-22,3,10,4,34.54,0
21823,2021-12-10,2,6,4,35.72,0
38874,2020-11-28,3,3,8,31.82,0
60517,2023-02-19,3,1,13,10.24,0
84916,2019-09-09,1,8,3,13.36,0
26727,2019-01-26,2,1,5,18.08,0
10101,2023-03-01,1,9,11,19.26,0
64184,2023-07-29,3,6,12,12.94,1
81829,2021-07-21,1,6,9,8.41,0
63568,2019-12-22,1,10,10,33.4,1
86627,2019-02-18,1,9,3,41.5,0
48718,2020-11-23,3,1,12,43.85,0
14694,2021-06-19,1,8,3,30.95,0
49165,2020-12-17,3,1,4,47.44,0
17567,2020-12-29,2,6,11,13.51,0
26669,2021-09-01,3,7,9,42.37,0
9447,2022-01-07,3,1,2,7.97,0
27934,2019-05-15,3,5,8,43.51,0
82957,2019-11-30,3,1,6,41.79,0
65327,2022-03-16,2,10,5,49.17,0
2747,2019-07-15,1,2,1,12.29,0
18482,2022-01-29,1,10,9,37.43,0
22636,2023-08-08,1,10,7,27.0,0
65293,2022-08-10,3,8,12,6.21,0
30919,2023-08-05,2,3,11,29.29,0
86853,2021-07-13,3,9,8,17.82,0
30549,2020-07-13,2,2,2,31.8,0
90269,2019-07-20,1,3,13,4.35,1
25963,2021-11-09,1,4,13,34.41,1
1844,2023-05-19,2,3,5,33.32,0
37913,2021-02-22,2,10,5,46.11,0
88909,2023-02-20,2,9,6,46.32,1
57230,2020-12-12,1,8,5,29.45,0
34941,2023-12-03,1,6,9,9.2,0
64769,2019-02-19,2,4,1,8.49,0
78295,2020-10-25,3,7,11,27.19,0
754,2021-09-29,2,4,10,6.82,0
85376,2022-05-25,3,4,7,29.4,0
15933,2019-04-04,2,5,7,5.27,0
37938,2021-02-11,3,6,7,16.7,0
46046,2022-08-02,3,5,4,14.38,0
79382,2023-11-27,3,3,7,16.12,0
28538,2019-06-03,3,5,11,44.2,1
58099,2021-01-31,3,9,5,32.48,0
67913,2019-04-17,2,6,9,19.18,0
87713,2019-01-05,1,8,8,21.12,0
34428,2022-05-20,3,9,8,33.09,1
76880,2021-06-07,1,2,7,42.64,0
74813,2020-05-15,3,6,3,42.0,0
38202,2019-05-31,2,3,1,47.15,0
90589,2021-08-28,1,6,9,13.49,0
11315,2021-01-04,2,5,4,43.79,0
25224,2023-02-07,3,1,3,20.42,1
52707,2021-09-13,2,7,11,7.25,1
84579,2022-12-28,1,4,9,14.28,0
36052,2022-07-29,1,1,9,10.71,0
21357,2019-07-18,2,4,12,48.7,0
88608,2022-10-21,1,7,8,2.16,0
63661,2019-12-02,1,10,11,48.02,0
99097,2021-02-28,2,5,1,41.52,0
43895,2023-12-18,3,4,3,6.84,0
44376,2020-08-20,1,3,12,9.74,0
69763,2022-11-01,3,8,4,4.32,1
12067,2019-07-14,3,7,3,16.27,1
93295,2022-01-30,1,1,9,36.91,0
25325,2020-06-21,1,2,2,20.97,1
83807,2021-11-30,2,8,6,22.54,0
54644,2023-11-12,3,4,2,49.22,1
22235,2021-10-17,3,9,2,18.33,0
56896,2022-05-18,3,10,1,17.0,0
47832,2019-09-20,1,5,1,11.71,0
66454,2022-08-20,1,8,10,12.03,0
29655,2023-03-19,2,3,8,7.77,1
45817,2020-01-06,1,9,6,42.66,0
6658,2020-12-05,2,7,5,11.96,0
98009,2022-10-12,3,1,1,35.45,0
74995,2021-08-04,1,9,9,22.49,0
1969,2023-01-03,3,3,6,49.74,0
64400,2021-10-19,1,6,5,18.64,0
20137,2021-05-23,2,7,1,41.14,1
31163,2020-09-16,2,9,8,35.67,1
13348,2022-08-16,2,10,3,46.9,0
49065,2020-02-02,2,7,12,2.26,1
75291,2020-01-19,2,1,6,7.69,1
68811,2019-07-29,2,9,7,39.35,0
91874,2020-11-13,1,6,13,14.89,1
4436,2023-08-20,3,7,10,19.26,0
20275,2023-08-16,3,1,7,33.18,0
67215,2022-11-06,2,4,2,34.83,0
40169,2020-01-08,1,3,1,46.6,0
56803,2019-06-30,1,1,1,34.84,0
94850,2022-06-18,2,5,5,14.93,0
10082,2021-08-03,1,1,11,23.35,0
84838,2022-05-30,2,4,1,23.61,0
78731,2021-03-23,3,10,6,9.91,0
21954,2020-05-27,2,4,6,34.29,1
22244,2023-05-09,2,2,4,22.45,0
2804,2021-12-06,2,10,2,9.15,0
53306,2022-07-22,3,10,1,11.74,0
99671,2022-11-03,2,4,1,39.77,0
77937,2021-11-29,2,1,2,17.39,0
98204,2019-02-17,3,10,3,46.44,0
52110,2023-05-03,3,4,1,4.47,0
10708,2019-06-07,3,3,11,25.09,0
65184,2020-08-26,3,7,10,44.83,0
34743,2020-04-07,3,7,6,35.45,0
86931,2023-04-13,1,8,5,10.47,0
5846,2022-01-03,3,1,3,27.58,0
92398,2020-08-14,2,1,13,17.83,0
80700,2020-07-06,3,7,7,14.05,0
32009,2019-09-15,2,2,11,20.85,0
41800,2021-05-18,2,9,10,42.62,0
98935,2022-05-15,2,2,11,34.19,0
84632,2023-07-29,1,5,8,30.37,0
18374,2022-11-14,2,7,2,24.87,1
62192,2021-11-06,2,10,3,42.57,0
50857,2022-06-30,2,3,8,23.97,0
79445,2021-06-08,2,10,5,40.64,0
884,2020-09-20,1,3,5,16.82,0
98521,2022-09-14,3,9,5,30.73,0
26809,2020-04-04,3,5,6,18.12,0
8973,2019-02-27,2,10,11,40.73,0
92754,2019-05-05,1,4,13,32.99,0
16400,2021-12-13,2,3,4,2.94,0
3178,2021-01-11,2,5,1,44.68,0
90148,2022-12-20,2,6,11,5.5,0
75738,2022-07-03,2,7,6,32.85,0
30885,2023-10-08,1,9,8,16.34,0
55838,2020-01-05,1,9,1,18.66,0
36591,2020-12-07,1,5,5,7.88,0
7107,2020-08-26,1,1,11,12.7,0
86041,2021-05-09,3,4,6,22.71,0
76572,2020-06-18,3,7,12,35.88,0
63867,2021-06-20,1,9,4,37.49,0
48773,2021-08-29,3,1,7,12.73,0
2720,2021-10-09,3,1,3,7.69,0
47721,2022-10-03,3,10,11,18.94,0
14297,2023-04-12,1,9,13,10.73,1
61282,2022-11-24,3,10,1,3.25,0
23784,2019-10-06,3,8,8,22.33,0
5435,2022-05-23,1,3,13,10.44,1
87803,2019-10-14,1,10,4,24.9,1
47477,2023-07-25,2,9,5,48.97,1
13008,2020-03-30,3,3,4,41.25,0
49639,2022-01-21,3,6,11,20.84,0
4005,2022-12-02,2,2,11,42.11,1
65925,2021-04-17,1,9,5,21.02,1
87599,2019-01-10,1,6,8,30.11,1
73291,2022-03-01,1,7,9,29.57,1
47788,2021-01-19,1,2,4,23.16,0
13802,2022-01-29,2,9,9,25.0,1
24583,2020-06-15,1,1,2,20.41,0
37104,2022-12-10,2,4,12,23.86,0
59095,2020-04-09,2,4,6,17.05,0
37329,2020-11-01,2,3,7,17.65,0
9353,2020-04-18,3,9,2,6.12,0
44553,2022-08-26,3,8,10,23.02,0
29277,2019-11-11,1,4,13,6.41,0
77185,2020-02-06,3,4,3,24.64,0
77862,2021-01-04,1,7,6,11.84,0
78697,2022-05-22,3,10,2,43.88,1
46059,2023-12-15,3,7,2,8.27,1
35311,2019-09-03,1,5,10,28.9,0
87801,2023-07-14,1,5,10,8.22,0
44875,2021-10-25,1,6,7,46.44,1
6523,2019-01-20,3,2,11,30.54,1
30721,2023-11-16,3,9,3,9.43,0
17624,2019-04-12,2,9,10,24.37,0
16038,2020-03-09,1,8,1,14.77,0
48972,2019-04-06,3,5,9,22.78,0
1134,2023-11-21,1,3,6,32.13,0
22663,2019-04-07,3,3,7,44.65,0
96425,2021-11-11,1,8,3,19.27,0
89770,2020-11-12,1,2,2,4.12,0
20166,2022-09-07,2,5,2,28.9,0
7016,2022-11-01,1,4,8,5.5,0
75757,2020-03-22,1,3,1,9.46,1
85520,2021-12-23,1,5,9,37.03,0
34328,2020-06-02,3,3,9,40.03,0
68448,2019-11-14,2,9,6,11.1,0
77879,2022-11-25,1,5,6,46.01,1
86358,2019-08-31,3,10,11,41.37,0
33369,2022-01-23,1,2,9,25.54,0
10210,2021-01-05,1,8,7,43.74,0
62949,2021-07-20,1,9,6,46.01,0
88639,2022-06-11,2,5,7,30.49,0
68250,2023-07-27,2,2,5,42.13,0
20277,2022-12-10,2,2,5,20.37,0
51000,2022-04-22,1,10,10,45.92,0
94612,2021-10-17,3,1,1,7.4,1
75899,2021-04-16,2,4,13,43.75,0
64286,2019-07-31,2,1,6,42.42,1
46384,2023-10-07,2,4,11,34.07,0
22544,2019-01-26,2,6,3,21.72,0
9814,2019-12-09,3,8,12,38.67,1
61904,2019-08-12,2,10,5,47.98,0
55349,2020-01-25,3,1,4,27.19,0
13785,2019-04-12,3,4,3,19.76,0
1767,2020-04-04,2,6,3,4.34,0
88437,2021-03-15,1,5,6,31.32,0
6768,2019-05-31,2,6,11,16.51,0
27825,2019-11-21,3,8,4,9.15,0
28791,2023-07-19,3,5,7,4.1,1
41728,2023-01-03,1,1,12,25.42,1
12935,2022-07-03,2,8,7,49.67,0
69982,2023-01-04,1,8,3,18.28,0
34776,2020-04-10,2,8,2,48.03,1
84740,2019-09-21,3,9,6,36.64,0
40224,2022-12-11,1,8,1,25.52,0
21983,2023-10-04,3,1,5,21.13,0
40361,2020-04-02,3,6,7,41.36,0
94439,2023-04-02,2,10,6,44.11,0
26618,2021-07-20,2,7,5,7.55,0
16359,2019-08-17,1,7,3,37.57,0
33864,2022-03-22,3,9,12,42.63,0
22932,2019-05-05,2,10,2,42.88,0
42627,2023-04-11,3,3,7,23.69,0
40291,2021-02-11,2,4,11,28.54,1
26948,2022-04-21,1,2,9,39.43,0
85338,2020-05-20,3,6,1,46.76,0
17529,2023-11-11,3,4,13,26.8,0
17366,2023-09-20,3,10,5,13.86,0
54894,2022-05-17,2,9,11,28.1,0
53631,2020-10-16,2,7,5,45.7,0
40093,2023-06-03,1,2,5,13.07,0
20567,2022-02-06,1,8,13,34.36,1
75963,2023-03-29,3,2,2,16.21,0
42254,2019-11-28,3,5,5,42.33,0
72924,2023-07-11,1,7,6,23.4,0
4102,2019-09-29,3,1,10,10.9,0
34663,2020-11-08,2,9,7,23.89,0
4484,2023-12-21,3,7,4,12.58,0
16114,2019-10-24,3,1,9,23.6,0
75955,2023-06-02,1,10,8,2.89,1
54108,2021-06-23,2,5,8,17.46,0
28010,2020-12-11,3,6,5,18.1,0
27394,2019-10-25,3,5,11,38.53,0
3928,2021-01-20,1,1,10,29.89,0
88924,2021-12-16,1,4,8,25.11,0
1278,2022-06-28,3,2,7,8.74,0
94518,2023-04-01,1,10,9,11.29,1
41478,2022-09-01,3,7,12,47.34,0
38964,2019-03-07,1,10,1,30.76,0
3995,2019-06-06,2,8,3,25.6,0
56495,2019-05-19,1,3,4,16.41,0
97451,2023-10-24,2,7,13,35.2,0
20246,2023-12-13,1,5,10,46.66,0
63594,2023-02-25,1,5,1,45.91,0
7686,2021-04-16,2,5,12,36.67,0
26503,2019-02-25,3,8,1,12.85,1
46518,2020-02-05,3,5,9,10.35,0
45946,2019-06-18,2,7,3,44.79,0
23647,2020-01-30,2,3,5,47.09,0
39678,2023-04-28,1,1,6,46.57,0
76906,2022-05-19,1,2,8,8.16,0
65893,2022-03-12,1,6,11,43.18,0
80426,2022-06-17,2,4,8,33.91,0
66114,2020-02-14,2,10,5,18.49,0
32797,2019-01-07,1,8,13,45.59,0
35690,2021-12-05,1,7,12,43.65,0
84806,2021-04-04,3,10,13,23.44,0
91294,2022-01-26,1,10,3,27.9,0
95065,2023-10-31,2,8,2,48.73,0
3565,2020-04-02,3,9,10,44.59,1
96897,2022-03-14,2,8,9,22.93,0
84409,2021-02-11,2,5,1,6.32,0
70767,2023-05-11,1,9,8,19.29,0
41933,2020-04-30,3,4,10,13.09,1
75051,2022-12-09,3,7,1,20.66,1
95157,2022-07-14,2,9,2,21.94,0
60569,2020-02-08,3,7,2,10.12,1
40943,2023-04-23,2,7,5,17.67,0
13193,2023-08-01,1,8,8,15.31,1
80274,2021-09-26,2,3,13,45.59,0
53349,2022-09-17,3,1,7,44.03,0
6573,2019-07-30,3,9,2,38.94,1
38310,2020-06-11,1,7,12,6.96,0
11661,2023-12-25,1,7,11,30.36,0
30396,2023-03-12,2,2,11,29.43,0
82859,2022-10-22,2,9,11,9.26,0
45573,2020-03-11,3,1,11,29.08,0
98223,2023-04-23,3,6,6,32.3,0
55371,2019-10-06,2,7,3,17.54,0
22161,2020-12-24,3,6,10,47.6,0
43007,2020-09-12,3,2,10,36.47,0
39616,2021-07-08,3,10,2,43.27,0
39563,2022-07-12,2,2,1,18.52,1
88904,2021-05-20,2,5,2,14.38,0
85281,2022-03-18,1,10,1,6.58,0
56032,2020-03-15,1,8,2,47.8,0
93800,2020-10-05,1,10,11,36.92,0
40065,2023-11-30,3,5,6,15.87,0
89193,2021-01-09,3,1,12,29.12,0
72767,2020-06-08,1,10,9,7.94,0
89390,2022-02-10,3,3,5,7.95,1
9099,2021-09-17,1,2,3,24.81,1
44832,2019-02-19,2,9,8,41.81,0
72344,2020-07-14,3,7,12,2.25,0
62117,2022-12-18,1,8,10,48.63,0
89958,2021-03-13,3,1,4,20.46,1
3215,2020-05-19,2,4,4,17.12,0
94408,2023-07-10,3,10,4,26.59,0
33308,2022-08-12,2,7,2,24.22,0
50296,2020-05-29,2,4,4,45.23,0
88413,2019-08-02,2,9,7,14.36,0
97652,2020-02-01,2,4,4,35.57,0
96592,2019-03-11,2,9,3,7.3,0
92846,2022-10-08,2,2,11,8.7,0
29058,2023-09-12,2,10,6,26.21,1
21273,2020-08-08,3,10,13,22.69,0
94446,2023-02-18,3,9,10,34.8,0
51541,2020-01-28,3,4,4,27.86,1
96829,2019-02-22,1,1,4,24.01,0
34262,2020-10-24,2,2,7,21.92,0
64322,2023-10-26,2,2,5,17.6,1
19880,2020-09-10,1,9,4,4.04,0
7722,2021-11-06,1,10,4,7.56,0
26074,2021-09-22,1,10,9,15.28,0
21518,2023-02-25,3,1,13,10.69,0
58051,2019-12-09,2,4,12,45.7,0
78723,2023-07-27,1,5,3,23.49,0
8022,2021-12-09,1,2,1,30.49,1
81953,2022-10-24,2,8,9,4.95,1
47500,2020-11-23,1,3,3,43.87,1
85974,2020-04-13,1,5,11,30.17,0
28232,2022-07-13,3,3,6,4.41,1
78714,2023-10-31,2,2,7,47.44,0
62481,2021-02-01,3,1,8,27.59,0
78367,2023-02-07,1,1,10,39.04,0
61197,2021-02-26,2,3,7,47.07,0
83828,2023-09-28,1,7,11,29.0,0
86620,2019-10-22,1,6,2,45.92,0
4302,2021-10-25,1,5,4,24.22,0
42830,2020-09-01,1,6,11,21.99,0
3058,2021-06-28,2,3,13,43.69,0
82528,2022-09-21,2,5,13,20.94,0
88119,2023-04-11,1,10,12,25.71,0
19852,2022-07-22,3,2,4,31.41,0
63798,2022-01-10,2,1,13,32.61,0
14501,2023-09-24,3,7,7,12.35,0
96156,2023-08-23,2,9,9,28.67,1
17301,2021-03-12,2,1,10,9.71,0
95883,2021-12-04,2,8,13,3.92,0
63666,2020-06-15,3,2,5,29.01,1
43158,2023-02-23,1,8,3,8.87,1
52282,2019-08-27,1,8,1,14.39,0
31299,2022-05-16,3,4,5,33.03,0
13403,2022-01-05,3,5,10,35.03,0
90911,2019-01-18,3,10,11,22.18,1
7807,2019-03-18,1,6,4,40.37,0
12973,2023-03-04,2,3,4,38.03,0
37711,2022-04-09,1,8,7,5.93,0
84265,2021-05-16,3,10,13,18.19,0
86315,2019-07-23,2,9,12,24.22,0
75414,2023-02-05,3,3,5,39.26,0
53574,2023-09-13,1,8,6,37.05,0
70521,2023-07-01,3,7,12,9.76,0
41487,2019-05-28,1,6,4,4.99,0
32759,2019-06-08,2,10,10,37.98,0
50757,2022-03-08,2,2,6,45.91,0
88021,2020-09-06,1,8,10,24.5,0
15620,2020-12-06,3,8,9,14.54,0
73708,2022-03-07,3,1,7,6.87,0
59631,2019-11-06,1,8,2,18.3,0
23259,2021-05-01,2,7,6,26.81,0
848,2020-11-19,3,1,1,37.04,0
25904,2023-12-29,2,5,10,8.94,0
69408,2019-06-16,2,3,4,16.99,0
1341,2019-01-09,3,9,5,18.26,0
35235,2020-08-17,1,4,1,25.63,0
59497,2019-07-22,1,6,4,2.88,0
37353,2021-09-08,3,7,7,13.74,0
54759,2019-03-07,1,9,7,16.08,0
81512,2023-08-18,2,4,12,39.29,0
71810,2019-11-16,3,9,3,34.14,0
96695,2021-06-28,2,6,11,30.87,1
77559,2021-09-02,3,2,10,24.33,0
78887,2021-03-21,3,2,8,17.92,0
67570,2021-05-12,3,10,6,39.52,0
18581,2019-07-28,3,8,9,10.65,0
3186,2020-11-22,2,10,11,22.91,0
73784,2019-10-15,2,5,4,25.15,0
20226,2019-12-30,1,10,5,15.52,0
21291,2022-02-12,2,9,2,16.33,0
65070,2019-07-28,1,2,4,40.4,0
68492,2021-03-13,2,2,5,31.96,1
74916,2023-05-10,2,10,12,39.05,1
30306,2023-06-29,1,9,3,12.46,0
96519,2023-03-24,2,4,3,6.98,0
28848,2019-01-13,3,8,5,31.76,0
78910,2019-11-13,1,9,12,12.64,0
49044,2021-12-10,2,4,13,11.99,0
96247,2022-02-17,3,5,11,4.9,0
56481,2020-03-12,3,1,3,45.59,0
99907,2019-05-11,3,4,7,31.32,0
79997,2021-12-23,3,8,8,21.8,1
88833,2023-06-13,2,1,3,6.64,0
78129,2019-05-07,2,3,10,38.14,0
71346,2021-02-06,2,5,6,11.35,0
82288,2019-03-17,2,5,10,3.85,0
12157,2023-03-30,1,5,11,26.5,0
93289,2022-09-08,1,8,8,6.29,0
70887,2019-03-14,3,1,11,19.81,0
30852,2021-06-03,2,10,6,9.58,0
20191,2023-11-16,1,4,13,10.2,0
99677,2019-05-23,1,7,1,33.58,0
55819,2019-07-27,2,7,10,22.77,0
5929,2020-05-26,1,10,7,37.06,0
71762,2021-11-12,3,10,9,32.91,0
15833,2020-09-29,2,9,10,11.76,0
75356,2020-01-14,3,7,2,40.53,0
89820,2020-06-22,1,3,5,9.33,0
37676,2021-03-04,2,8,6,2.28,0
96539,2022-12-12,3,8,4,32.84,0
49867,2022-11-07,3,5,3,6.72,1
95205,2020-04-10,2,8,4,2.65,0
68899,2022-10-18,2,2,5,13.55,0
86633,2020-03-27,3,6,7,23.07,0
9557,2022-01-22,3,5,5,47.25,1
84836,2021-04-23,2,4,8,41.84,0
10963,2022-01-22,2,9,9,28.79,0
66593,2019-02-02,3,10,8,36.49,0
7869,2020-03-06,1,1,5,33.04,0
64803,2023-12-12,2,7,12,35.65,0
45819,2019-06-14,3,6,13,29.28,0
44543,2022-12-15,2,2,6,25.16,0
93608,2022-04-02,3,2,4,7.76,0
40814,2022-12-27,1,10,3,2.01,0
10303,2022-07-10,2,8,11,18.61,0
27858,2022-10-31,1,5,13,6.55,0
49920,2020-11-05,3,8,3,49.75,0
79383,2020-11-07,1,5,7,16.78,1
21543,2019-12-16,2,9,5,46.93,0
48115,2020-08-06,1,7,4,19.68,0
18425,2020-05-05,2,2,3,29.73,0
97281,2019-09-29,2,2,4,6.39,0
52375,2022-10-29,2,1,1,37.15,0
3010,2019-12-22,1,5,2,48.43,0
51153,2021-06-19,1,8,8,31.64,0
42633,2021-06-09,3,6,13,19.84,0
97430,2020-08-14,3,7,13,31.33,1
80820,2023-01-17,1,4,11,32.49,0
42893,2022-05-31,2,1,10,9.92,0
30144,2019-12-05,2,4,5,40.04,1
49025,2020-01-27,1,3,2,9.94,0
64275,2023-02-27,3,4,6,42.87,1
32247,2020-07-09,3,6,6,6.87,0
45471,2019-01-21,3,1,2,47.03,0
72982,2022-04-27,3,8,8,15.99,1
13540,2022-12-15,2,9,8,20.48,0
94885,2021-05-29,3,6,7,32.65,0
79088,2022-05-02,3,4,4,6.6,0
86902,2021-08-29,2,3,12,2.43,0
96311,2021-09-08,2,8,8,12.49,0
49609,2022-07-12,2,4,8,12.78,1
35446,2019-11-07,2,6,5,12.91,0
81292,2019-04-21,3,7,3,32.11,1
89430,2019-03-02,2,8,6,27.69,0
51954,2020-01-29,3,2,2,10.65,0
77266,2022-08-05,3,6,8,40.04,0
24932,2021-12-18,2,6,9,16.11,0
86440,2020-02-25,1,10,5,35.88,0
58304,2019-11-19,3,2,13,21.9,0
81085,2019-09-07,2,10,13,19.51,0
25262,2023-04-05,3,3,1,15.64,0
81473,2019-06-06,1,1,2,47.25,0
73494,2021-11-17,3,5,6,31.56,0
65558,2021-04-11,2,5,9,33.28,0
40758,2023-10-01,2,7,13,33.04,0
74592,2021-09-01,1,7,7,24.29,0
29569,2022-10-25,3,10,8,17.96,0
96884,2021-06-11,3,6,10,43.43,0
44316,2020-10-16,3,7,12,2.98,0
7289,2021-03-13,3,7,12,26.51,0
42069,2023-10-20,2,7,5,16.73,0
61867,2023-10-17,1,2,5,26.86,0
65493,2021-07-17,3,1,11,21.85,1
81955,2023-09-22,1,4,2,18.79,1
88496,2023-09-05,1,10,2,34.87,0
73236,2020-03-21,3,5,12,30.72,0
66072,2023-02-01,2,3,5,41.12,0
26656,2021-08-24,2,7,5,3.4,0
85694,2022-12-01,2,10,13,32.7,0
68494,2020-12-19,3,2,6,17.17,0
65071,2020-02-12,3,8,6,27.6,0
62387,2022-01-11,3,5,8,39.54,0
97946,2022-07-29,2,4,9,30.75,0
37280,2021-11-13,2,5,7,11.91,0
32945,2022-05-30,1,4,9,4.42,0
29947,2023-03-30,1,4,10,26.04,1
73655,2023-04-24,3,1,13,34.8,0
77980,2023-12-24,2,8,8,36.83,0
68348,2022-08-11,1,4,7,20.74,0
8089,2020-10-06,2,1,13,8.97,0
41441,2020-04-15,2,2,5,14.23,1
84939,2021-10-05,3,6,8,46.9,1
43151,2021-12-21,1,2,8,4.44,1
69420,2022-10-16,2,4,12,5.98,0
12710,2023-02-08,2,3,8,30.67,0
87674,2023-01-15,1,1,7,48.08,0
21796,2019-02-04,1,7,8,32.31,0
44103,2019-10-14,1,8,5,47.91,0
75201,2023-03-16,3,9,4,2.98,0
56732,2019-02-21,2,9,9,28.22,0
97279,2019-08-18,3,3,10,7.89,0
63913,2022-06-01,2,5,5,32.57,0
51297,2022-03-07,3,8,1,19.28,0
97924,2022-06-17,2,7,1,20.03,0
46079,2022-02-19,2,1,7,15.37,0
58738,2023-12-31,3,6,10,19.01,0
87093,2021-10-07,3,7,6,44.15,0
87364,2021-07-10,2,8,4,26.6,0
63212,2023-02-01,2,2,2,22.23,0
56812,2019-04-24,3,2,10,25.89,0
38493,2022-02-10,1,1,2,48.6,0
78635,2021-05-18,2,7,8,44.23,1
45581,2019-01-30,2,2,9,12.47,0
40279,2023-02-23,1,6,1,35.95,0
18414,2019-06-25,2,4,10,16.77,0
13003,2021-11-07,2,9,8,28.01,0
66518,2021-05-30,1,3,8,13.99,0
16263,2019-09-22,2,5,8,12.61,0
63581,2021-01-04,3,1,12,2.25,0
3093,2022-06-12,2,4,9,33.88,0
83656,2021-03-16,1,8,12,5.71,0
2219,2021-06-22,1,8,2,28.53,0
17884,2022-02-06,2,2,2,46.2,1
98432,2023-12-28,1,2,3,6.92,0
85682,2020-05-13,2,3,10,20.26,0
24422,2020-11-12,2,6,5,38.03,0
58290,2023-04-27,1,3,1,39.75,0
29574,2022-08-11,2,9,2,33.08,1
15203,2019-05-23,1,10,1,29.09,1
64708,2019-06-27,2,3,7,40.0,0
41407,2023-06-02,1,10,8,15.44,0
52613,2022-04-18,1,6,8,41.17,0
24464,2020-12-22,3,3,1,13.56,0
20157,2022-01-21,2,4,13,15.13,0
68838,2019-06-04,3,9,8,2.14,1
83464,2020-02-22,1,2,10,13.24,0
2307,2019-09-19,3,3,10,47.32,0
64719,2023-03-09,2,8,2,9.43,0
85543,2021-12-04,3,9,4,15.68,0
19736,2020-09-04,2,6,8,10.46,0
34227,2021-03-12,3,1,10,40.3,0
22406,2022-11-19,3,6,9,23.45,0
73484,2022-07-05,3,3,7,37.25,0
34980,2020-09-22,2,10,6,29.15,0
22230,2019-05-23,2,1,1,14.63,0
51502,2022-11-19,1,9,9,14.54,0
14504,2021-06-25,2,3,3,6.98,0
35955,2022-02-11,3,2,2,13.44,0
90799,2020-11-20,3,2,9,29.44,0
45885,2023-04-19,3,3,7,39.09,0
67292,2023-11-13,3,9,7,48.69,0
33784,2021-07-14,3,8,4,11.79,0
28361,2023-08-04,2,3,5,16.01,0
64350,2023-11-07,2,2,11,11.67,0
75466,2020-07-21,2,2,5,9.52,0
15495,2022-01-13,3,10,6,37.6,1
502,2022-10-14,3,8,4,41.47,0
32148,2019-08-19,1,10,4,17.33,0
5307,2019-12-13,2,10,4,47.16,0
8407,2019-01-09,3,4,8,49.27,1
2980,2022-05-22,3,6,11,21.29,1
23227,2021-02-10,2,1,13,30.85,0
4414,2019-01-21,1,10,8,33.26,0
52305,2023-08-19,1,7,2,49.74,1
76056,2020-08-07,3,8,6,13.13,0
39012,2019-08-29,3,8,10,46.93,1
37410,2022-01-06,3,3,4,48.18,0
28222,2023-10-20,1,8,5,18.37,0
77584,2021-08-18,1,3,12,18.83,0
6015,2021-11-02,1,8,10,19.74,0
61979,2021-10-09,3,3,2,45.87,0
63853,2023-03-07,2,10,4,47.3,0
30074,2021-04-25,2,3,9,48.21,0
56334,2021-12-20,1,8,7,12.71,0
71761,2019-09-09,2,6,3,40.99,0
39252,2020-08-26,2,8,12,3.33,0
75631,2022-05-03,1,1,10,22.84,0
88291,2021-06-25,2,10,10,8.78,0
12419,2020-01-10,2,6,2,38.75,0
31315,2020-12-21,3,3,12,47.42,1
96714,2020-01-21,3,4,9,33.53,0
22426,2023-12-30,3,1,1,2.5,0
34634,2019-05-31,1,10,6,10.31,0
63472,2022-03-11,2,6,6,30.0,0
47613,2023-12-25,2,7,11,18.46,1
28422,2023-03-04,2,5,11,29.06,1
80025,2021-03-27,1,8,13,10.65,0
91158,2019-11-10,1,5,6,46.51,0
12106,2019-05-09,1,7,3,17.89,0
55948,2023-03-07,1,8,8,44.38,0
25669,2023-01-08,2,5,8,16.79,0
63146,2019-08-01,2,10,5,32.36,1
84963,2021-05-19,3,6,7,40.71,0
81378,2023-07-17,1,3,10,33.39,0
84084,2020-10-24,3,4,6,37.98,0
55489,2022-04-28,3,7,2,38.67,0
13288,2019-10-05,2,6,12,34.28,1
38837,2019-07-17,2,8,12,20.59,0
63837,2023-06-09,2,3,5,9.04,1
19968,2021-05-07,1,9,3,31.22,0
43744,2021-09-09,2,6,12,9.57,0
18345,2019-06-17,3,8,7,20.43,1
33294,2019-11-01,1,2,1,38.28,0
40452,2020-05-28,2,8,1,9.6,0
81179,2023-05-07,2,4,8,46.84,0
85484,2019-07-17,1,3,6,32.7,0
81414,2023-01-27,2,2,7,48.09,0
36065,2023-08-03,2,2,9,23.09,0
94289,2023-12-16,3,5,7,13.33,0
82324,2022-02-09,1,7,9,48.82,0
18986,2022-07-07,3,1,4,36.6,0
11824,2019-06-19,2,1,7,30.09,0
92989,2020-07-11,1,5,10,44.1,1
44972,2019-07-11,2,1,8,16.35,0
13153,2023-04-24,1,1,6,7.25,0
59730,2019-09-15,3,4,8,20.62,0
55538,2021-03-17,3,2,6,12.99,0
4269,2023-12-30,1,6,5,2.65,0
94449,2021-01-01,1,2,7,49.31,0
48020,2023-10-04,3,4,1,20.02,0
75931,2023-02-23,1,2,10,40.4,0
11234,2023-07-11,2,8,5,27.33,0
74050,2019-10-19,2,5,1,21.6,0
93314,2021-08-28,3,8,12,44.02,0
63336,2020-06-07,1,2,13,38.1,0
29876,2021-12-11,1,5,9,6.98,0
82924,2019-09-29,3,6,11,7.24,0
42164,2021-12-14,3,5,6,31.12,0
12663,2019-06-15,3,5,11,10.36,0
65866,2023-07-30,1,3,8,33.38,0
35597,2021-07-13,3,6,9,7.29,0
9820,2022-02-04,2,8,9,38.3,0
16749,2022-09-05,2,7,3,27.49,0
34921,2020-11-10,3,8,7,42.9,0
96438,2020-05-23,3,7,7,25.49,0
62049,2021-08-25,1,9,11,16.45,1
3773,2021-01-04,1,1,6,18.75,0
24442,2021-05-01,1,4,5,28.75,0
97689,2023-03-07,3,9,1,45.22,0
34973,2019-05-08,1,7,10,11.22,0
45273,2019-02-25,2,1,7,22.52,0
97837,2019-04-05,1,1,13,47.5,0
82913,2021-09-26,3,9,9,20.93,0
18102,2019-01-16,1,8,10,22.16,0
50820,2019-09-10,3,6,9,9.28,0
91309,2023-05-11,2,10,10,19.12,0
24824,2020-02-26,2,5,2,35.46,0
58653,2020-07-21,2,2,1,42.55,0
24571,2022-11-13,2,1,1,17.25,0
88104,2020-09-12,3,9,11,2.68,0
20493,2023-08-02,3,2,1,37.71,0
41222,2023-08-17,3,6,7,40.05,0
59717,2023-09-25,2,2,12,28.46,1
86848,2021-10-28,1,5,3,15.16,0
45496,2023-04-01,3,7,5,34.95,1
44418,2021-07-17,2,1,12,21.12,0
19048,2019-07-28,1,5,10,17.37,1
4557,2020-12-12,1,10,1,28.2,0
73846,2019-05-21,2,2,10,43.6,0
81947,2021-08-28,2,8,13,8.32,0
93581,2021-01-22,3,6,13,35.96,0
3424,2019-02-03,3,9,9,38.6,0
14233,2019-10-27,2,2,8,29.47,0
67327,2023-02-14,2,9,3,47.4,0
82655,2020-11-17,3,1,4,22.0,0
67038,2023-12-21,1,8,8,11.63,0
51397,2021-07-03,1,10,1,35.05,0
51886,2019-06-25,1,5,13,37.78,0
35979,2020-06-14,1,4,11,7.49,1
61757,2022-07-13,2,6,11,36.02,0
86735,2022-06-10,1,6,13,32.12,1
61578,2021-07-30,1,2,1,33.4,0
32634,2021-05-04,2,9,1,3.16,0
22610,2019-11-18,2,9,12,35.21,0
79028,2023-03-13,3,7,2,22.71,0
28365,2021-11-26,2,4,8,3.44,0
96812,2021-06-11,3,9,13,24.34,1
60269,2020-06-30,1,1,11,36.85,1
82145,2019-03-08,2,2,8,5.62,0
54045,2019-03-22,2,10,12,32.46,0
10318,2022-05-01,2,6,3,41.87,0
54840,2021-07-05,1,6,12,29.83,0
25380,2023-03-20,2,8,10,21.53,1
62518,2020-01-02,1,3,8,26.45,0
12354,2023-09-25,3,6,4,6.94,1
42170,2019-09-18,3,5,5,20.02,0
79715,2019-09-04,3,5,8,30.83,1
5811,2022-12-27,3,1,11,47.07,0
74904,2020-10-23,1,2,9,39.93,0
29704,2019-11-08,3,6,3,47.71,0
62790,2022-04-17,3,6,12,36.49,0
1321,2022-07-16,3,9,10,17.81,0
56829,2021-10-05,2,1,1,22.2,0
81229,2021-10-24,1,7,12,29.51,0
25085,2023-06-23,3,2,8,7.09,0
85918,2021-10-15,3,8,7,31.85,0
58578,2022-04-01,3,7,12,27.37,0
87823,2022-05-13,3,7,10,42.68,0
55387,2020-12-10,3,7,3,16.99,0
17899,2023-06-20,3,8,7,11.84,0
33240,2023-10-15,1,9,13,20.55,0
18270,2020-12-04,1,3,7,35.34,0
6128,2020-04-12,2,8,5,44.35,0
80226,2022-04-27,1,10,10,48.41,0
16439,2019-11-18,3,3,13,10.04,0
7607,2020-08-30,2,9,7,39.33,0
95424,2019-06-29,1,8,11,4.46,1
61483,2023-02-09,3,1,9,29.59,0
98646,2020-10-19,3,5,8,24.88,0
53203,2021-11-17,2,7,7,38.25,0
74345,2022-07-13,3,7,7,47.01,0
26701,2019-11-13,1,4,6,19.48,0
34046,2021-07-04,1,10,8,40.32,0
5808,2019-10-09,3,7,7,13.88,0
76732,2023-03-10,1,7,7,16.61,1
39589,2020-11-05,1,7,4,39.81,0
13343,2023-06-04,3,4,8,14.25,0
66840,2020-08-25,3,7,7,40.03,0
88139,2022-03-15,2,10,12,25.03,0
38458,2022-07-11,1,3,11,21.88,0
87685,2023-09-20,2,6,3,19.01,0
70953,2020-11-27,2,2,7,12.1,0
82490,2019-08-20,1,10,10,33.71,0
803,2021-10-24,1,1,1,39.55,0
30932,2020-05-20,3,5,10,17.35,0
84191,2023-06-05,1,2,11,10.78,0
42856,2021-10-20,1,9,13,2.41,0
44200,2019-06-27,2,3,12,22.86,0
69127,2019-07-22,2,5,9,21.68,1
87028,2019-04-15,1,1,4,7.31,0
75327,2020-02-19,3,4,3,37.03,0
37300,2022-05-31,1,9,4,4.88,0
90572,2021-03-13,1,1,9,45.52,0
95865,2020-02-27,1,6,5,43.88,0
74686,2021-02-25,1,4,3,22.11,0
48364,2021-08-31,3,6,10,45.13,0
64215,2023-05-23,3,6,3,31.28,0
23611,2022-10-04,3,4,3,14.95,0
74620,2022-03-14,3,4,4,14.28,0
94355,2021-03-10,2,1,11,15.12,0
11429,2020-11-03,3,9,11,28.06,1
89953,2020-04-19,2,2,11,36.06,0
29206,2021-10-29,2,4,6,18.27,1
94803,2023-10-26,1,7,3,46.61,0
42373,2021-07-02,3,10,9,27.21,0
96069,2023-12-09,3,6,10,21.06,0
23250,2019-03-18,1,1,5,46.79,0
80853,2022-03-04,3,5,4,26.17,0
73561,2020-01-06,1,8,4,47.78,0
84835,2022-03-13,1,9,8,20.88,0
54140,2022-12-07,1,8,4,40.84,0
80581,2021-11-18,3,7,11,49.12,0
82692,2021-06-13,2,6,5,38.74,0
8192,2023-03-28,1,8,8,42.48,0
49948,2019-05-19,1,4,9,10.24,0
71450,2019-04-17,1,5,9,26.07,0
98453,2023-01-20,1,7,8,21.54,0
25836,2023-11-03,2,6,9,5.09,0
76407,2023-11-07,1,10,4,2.84,0
95297,2020-11-10,3,2,5,23.59,0
82183,2021-06-02,1,6,7,35.32,0
85583,2022-11-17,2,5,1,4.29,0
85148,2022-06-14,2,9,5,31.96,0
66108,2019-01-26,2,5,2,30.85,0
31423,2022-02-08,1,4,4,42.66,0
42504,2019-11-27,3,3,2,3.44,0
12850,2021-04-02,3,3,2,4.67,0
19933,2021-02-08,2,3,12,31.28,0
3023,2019-06-29,3,7,6,30.69,0
6880,2020-08-05,1,10,7,40.79,0
68749,2021-10-02,1,7,1,35.46,0
71888,2021-02-15,1,6,2,48.66,0
80522,2020-01-19,2,6,10,28.36,0
3981,2021-06-20,1,4,6,29.33,0
24419,2019-11-20,3,8,7,27.12,0
16215,2023-01-09,1,2,9,40.74,0
89398,2023-09-07,3,4,7,18.75,0
99022,2021-08-16,1,7,13,14.23,1
65138,2022-04-28,2,1,2,40.83,0
91176,2020-09-07,2,3,9,13.5,0
65964,2019-05-07,1,5,4,42.63,0
91688,2020-05-10,1,9,11,4.54,0
74815,2022-03-17,2,3,12,44.27,0
89355,2021-11-11,2,3,12,33.58,1
97400,2019-05-05,1,2,5,34.17,1
40436,2021-09-15,1,9,3,16.19,0
82146,2022-10-12,2,5,2,26.96,1
73876,2023-06-12,2,6,8,42.46,0
32895,2023-01-21,3,6,1,24.36,1
83454,2021-07-29,1,6,7,11.15,0
14863,2023-11-07,2,10,10,48.67,0
73525,2021-12-17,2,10,10,36.72,0
84375,2020-04-23,3,4,11,11.25,0
93516,2019-04-03,3,10,11,40.29,0
58638,2022-07-28,3,3,5,29.22,0
8957,2019-01-02,1,4,7,42.1,0
33826,2023-01-28,2,3,13,22.77,0
89690,2022-10-24,2,9,2,12.13,0
90453,2023-06-05,1,1,5,7.36,0
82196,2020-06-08,3,10,3,37.77,0
4985,2020-12-24,1,4,7,6.74,0
48171,2020-07-04,3,7,13,28.23,0
45252,2023-05-09,3,7,1,40.75,0
62842,2019-03-25,2,8,3,16.12,1
3801,2023-07-27,2,2,10,43.9,0
81457,2021-09-22,3,4,10,19.93,1
49857,2022-02-04,2,7,4,11.55,0
67452,2020-02-18,1,2,5,34.85,0
17833,2022-09-01,1,5,4,38.74,1
38427,2023-12-16,1,6,5,21.14,0
4984,2019-02-27,1,10,5,33.43,0
40330,2022-02-18,1,9,1,6.86,1
28531,2021-12-15,2,1,12,19.8,0
92336,2023-05-01,1,6,13,23.23,0
90619,2022-04-23,2,5,4,25.38,0
55181,2019-11-15,3,6,10,41.8,1
25827,2022-06-18,1,8,4,30.8,0
85850,2021-03-05,2,10,9,10.96,0
57835,2019-01-20,3,2,7,29.75,1
6682,2019-01-29,1,6,9,46.25,0
47752,2023-09-28,3,1,6,33.58,0
36536,2023-02-23,3,2,8,21.27,0
72616,2023-05-16,3,5,6,21.66,0
66469,2021-04-21,1,7,10,31.81,0
12432,2019-03-26,3,2,1,19.94,0
15674,2019-02-03,3,8,10,40.65,0
44348,2019-06-07,3,3,11,16.0,0
44784,2020-12-25,2,9,9,20.52,0
36689,2021-01-11,3,4,4,12.69,0
86846,2019-07-02,3,9,11,28.61,0
96664,2022-05-24,1,6,11,48.63,0
92329,2020-05-21,3,1,3,19.46,0
12631,2019-06-19,2,2,7,47.78,0
9454,2023-05-18,1,1,5,3.98,0
73112,2023-02-15,1,10,7,21.19,1
80105,2019-01-12,1,3,10,13.2,0
75573,2019-01-14,1,10,7,18.52,0
73368,2020-01-13,2,3,12,12.29,1
38193,2019-06-19,1,8,10,12.14,0
36212,2020-10-08,3,2,3,35.88,0
55178,2019-06-09,3,7,4,25.57,0
40052,2019-10-10,3,8,7,20.7,0
27008,2020-09-27,3,3,2,9.9,0
23214,2023-08-11,3,1,9,21.95,0
76810,2023-03-15,2,7,5,9.73,0
66376,2020-04-29,3,7,3,15.71,0
84762,2021-05-21,1,4,3,34.67,1
74770,2019-03-31,2,3,11,7.72,0
97186,2021-08-10,3,4,13,35.57,0
66989,2023-08-28,1,10,12,41.57,0
1613,2020-02-18,2,7,4,44.17,0
26397,2019-01-31,2,7,1,25.44,0
81033,2020-11-04,2,8,5,16.55,1
6999,2023-11-24,2,1,10,40.19,0
12976,2022-05-21,2,6,5,26.54,0
84366,2021-09-14,3,3,5,47.63,0
97729,2020-04-03,2,9,9,38.19,0
14254,2022-03-28,1,1,5,24.69,0
76516,2021-03-29,3,1,11,28.92,0
69572,2022-07-13,1,8,4,34.83,0
75669,2020-05-03,3,5,12,45.73,0
50279,2020-05-14,1,2,10,44.62,0
88710,2020-06-24,1,8,11,11.51,0
58281,2022-07-30,3,10,8,49.9,0
60799,2022-04-01,3,9,4,2.96,0
76328,2021-03-13,2,2,4,14.98,0
91114,2022-06-25,1,1,10,47.38,0
9086,2023-01-13,1,8,6,27.43,0
92926,2021-07-25,1,6,13,38.99,0
38574,2023-10-23,2,7,8,47.12,0
213,2019-08-25,3,8,13,49.78,0
55471,2019-03-31,3,10,1,37.27,0
85399,2022-10-16,1,6,11,10.22,0
31733,2019-10-02,3,4,9,17.45,0
19110,2022-03-28,3,9,5,10.87,0
54089,2020-05-07,1,5,6,11.4,0
8812,2021-02-07,3,1,9,45.05,0
32310,2021-09-10,3,5,11,22.43,0
91413,2023-08-22,3,6,3,40.05,0
52052,2020-01-27,2,1,2,20.24,1
63332,2023-12-30,1,4,12,7.72,0
60442,2023-07-06,1,10,9,2.63,0
3001,2023-09-08,2,10,12,26.59,0
37354,2021-12-07,1,1,11,6.27,0
56404,2023-07-12,3,9,9,27.22,0
7667,2023-07-26,2,1,2,7.65,0
21730,2023-03-05,2,8,1,11.29,0
30472,2021-10-04,1,5,9,36.93,0
56456,2022-07-04,2,7,6,28.46,0
16743,2021-09-24,3,6,12,4.41,0
62813,2022-12-08,1,7,12,19.4,0
47428,2022-01-28,2,5,7,22.36,0
57933,2021-04-01,3,10,10,44.36,0
81200,2023-08-06,1,4,12,39.0,0
4342,2020-09-26,1,6,9,39.52,0
14724,2019-09-02,1,8,5,46.98,0
55904,2023-02-22,3,2,1,45.05,0
73189,2021-07-25,1,2,5,28.18,0
55704,2019-04-19,2,10,1,40.01,0
93266,2019-09-24,2,5,6,38.83,0
32795,2023-03-16,1,8,6,22.67,0
37331,2023-01-12,2,6,10,25.22,0
59700,2022-03-31,2,3,9,32.45,0
6580,2023-04-06,2,4,9,37.9,1
62171,2022-11-28,1,3,1,3.23,0
90394,2023-05-29,3,9,9,39.42,0
64133,2022-03-09,3,6,7,18.28,0
47339,2021-08-11,2,3,1,8.08,0
97320,2019-09-24,3,10,2,29.19,0
69104,2019-08-02,3,8,4,26.75,0
52091,2020-07-02,2,10,12,12.96,0
39672,2023-12-21,3,6,13,20.0,0
51745,2023-12-27,2,2,5,17.89,0
58430,2019-11-02,2,1,12,29.39,0
79635,2020-03-25,1,8,13,11.98,1
40601,2019-09-21,3,10,10,40.84,0
35698,2022-03-26,1,10,1,12.87,0
63674,2022-07-14,1,7,6,19.6,0
94526,2021-09-27,1,7,1,46.42,1
922,2022-06-26,2,4,3,46.23,0
4767,2021-08-20,2,8,10,46.27,0
6533,2019-04-07,3,6,12,13.52,0
92951,2019-08-21,2,10,1,21.05,0
54156,2023-07-05,1,4,13,23.9,0
53191,2022-07-06,1,1,13,41.09,0
39571,2021-06-02,1,10,10,39.81,0
7977,2019-02-14,1,4,4,33.77,0
82373,2019-01-06,2,5,8,5.75,0
81111,2022-09-14,3,5,4,4.1,0
34630,2020-12-18,2,6,9,8.45,0
45432,2019-12-16,3,7,4,49.2,0
95958,2023-01-04,1,5,6,8.92,0
23507,2023-10-27,2,2,13,48.06,0
80905,2019-02-09,1,8,9,13.09,0
83906,2022-11-27,3,1,1,8.27,0
56801,2023-09-12,3,6,8,3.02,0
54910,2019-03-14,3,7,9,34.14,1
39428,2023-01-08,3,9,13,19.73,0
2556,2023-06-16,3,9,11,41.27,0
5427,2023-03-23,1,1,8,49.63,1
73226,2022-09-28,1,5,8,31.09,0
27456,2019-01-24,1,1,2,33.23,0
23599,2020-10-08,1,4,12,3.56,1
69360,2021-01-11,2,7,1,45.76,0
60040,2023-09-05,1,10,11,29.62,0
61314,2023-11-02,2,1,6,5.61,0
27649,2023-08-20,1,5,9,16.73,1
77180,2020-05-03,1,3,5,25.22,0
28027,2021-02-27,3,8,9,44.52,0
38812,2019-05-28,3,8,12,48.29,1
14647,2023-11-28,3,1,5,41.39,0
72962,2022-03-11,2,2,3,48.78,0
25813,2019-03-26,2,6,4,47.65,0
60217,2022-05-09,3,10,6,34.41,0
17038,2022-11-22,2,4,1,7.08,1
93780,2021-08-28,1,9,13,44.04,0
88678,2021-09-12,3,9,5,21.75,0
81141,2020-02-09,1,5,1,31.58,0
55394,2019-01-18,3,2,10,47.07,0
57080,2019-12-13,1,8,11,11.82,0
46749,2019-06-23,3,3,6,42.37,0
74287,2019-11-23,2,8,13,11.95,0
68108,2020-07-16,2,9,11,30.46,0
29761,2023-11-15,2,7,5,18.91,0
13103,2023-05-19,3,10,12,13.84,0
52316,2023-01-04,1,9,9,48.66,0
40672,2021-10-19,2,7,6,5.12,1
25247,2020-04-18,1,1,7,8.0,0
6098,2020-03-21,2,6,11,7.29,0
3410,2023-02-06,2,10,10,34.9,1
80777,2021-10-20,2,1,7,8.79,0
53848,2020-10-25,2,3,2,30.2,0
46268,2023-05-14,1,3,8,21.45,0
13088,2020-01-22,3,5,8,10.51,0
68874,2021-06-21,3,10,12,49.25,0
85232,2019-11-20,3,4,7,8.26,0
98667,2021-10-01,2,1,2,40.17,1
10715,2020-05-20,2,8,12,21.22,1
62465,2020-05-14,2,1,4,18.47,0
82612,2022-08-17,2,9,5,20.45,0
59962,2019-02-09,3,6,9,45.72,1
56371,2023-07-05,1,8,9,11.87,1
88877,2020-02-15,2,1,1,8.51,0
94534,2022-06-01,1,5,5,21.04,1
84145,2021-08-29,2,6,9,48.09,1
26567,2021-08-24,2,8,10,32.38,0
97569,2021-05-30,2,7,1,43.27,0
9539,2022-11-22,2,10,12,34.99,0
94310,2020-09-12,2,4,1,38.86,0
31424,2020-07-16,1,4,11,34.51,0
56525,2023-08-07,3,1,1,7.11,1
53071,2019-01-09,1,8,5,40.43,0
5717,2023-09-22,1,7,3,2.44,0
20463,2019-06-19,2,1,2,17.08,0
6863,2021-04-27,1,4,2,45.31,0
83088,2021-07-21,3,8,11,30.87,0
47239,2022-06-07,2,10,4,16.75,1
7355,2022-05-12,2,1,3,45.61,0
92095,2019-01-23,3,7,1,15.47,0
31194,2019-01-07,2,5,10,7.93,0
94818,2019-11-18,2,7,11,34.53,0
56858,2021-04-09,3,2,6,46.4,0
77351,2023-10-18,1,3,5,36.96,0
12063,2019-08-04,1,5,7,5.88,0
39799,2021-04-17,2,10,9,15.55,0
35545,2022-10-30,1,10,13,5.57,0
18968,2022-10-05,2,7,10,17.25,1
8044,2023-01-25,2,3,13,20.65,0
63553,2023-03-30,1,7,9,42.24,0
60633,2020-03-13,3,8,4,41.42,0
86049,2020-06-10,3,2,10,2.95,0
27030,2023-08-02,1,8,12,43.8,1
84105,2023-10-03,1,3,3,24.24,0
18417,2023-11-06,3,10,2,40.31,0
51642,2023-08-06,2,10,4,29.41,0
89912,2022-08-16,1,4,9,35.56,0
66448,2023-10-21,3,3,6,24.13,0
59100,2023-12-30,3,3,8,37.6,0
6294,2021-04-25,1,3,10,2.24,0
47885,2022-04-29,1,9,3,28.79,0
58792,2019-11-27,1,10,10,16.71,0
565,2019-05-13,2,1,12,16.85,0
86288,2022-12-17,3,4,12,27.13,0
41848,2021-04-27,3,4,11,13.13,0
88807,2023-02-13,1,4,8,11.88,1
3242,2023-07-21,3,8,4,36.55,0
66239,2021-02-05,2,7,5,48.98,0
45815,2020-09-05,3,9,3,25.01,0
75388,2021-08-14,3,2,5,49.27,0
39108,2021-07-07,3,5,6,29.7,1
13797,2022-10-01,2,9,13,13.51,1
79556,2022-07-19,1,9,1,49.67,0
47006,2023-07-04,1,2,6,24.64,0
96794,2022-01-02,3,1,1,17.97,0
38323,2022-06-30,2,9,10,10.41,0
77987,2020-07-19,3,4,12,31.26,1
63480,2019-05-04,2,7,2,24.99,1
57360,2020-05-15,3,2,8,21.56,0
48051,2020-12-04,3,1,2,6.86,0
3788,2022-02-27,1,10,11,30.54,0
77650,2020-07-09,1,10,5,15.68,0
27211,2019-08-04,1,2,12,35.67,0
70862,2023-07-30,2,6,9,4.11,0
58226,2022-09-30,3,8,2,7.55,0
31610,2023-12-01,1,1,6,44.46,0
99755,2019-05-22,1,7,12,45.68,0
55436,2021-09-26,1,3,3,9.08,0
95274,2021-01-30,2,10,10,49.77,1
27308,2021-12-28,2,6,13,28.53,0
67073,2020-10-17,3,2,9,18.47,1
87877,2022-05-15,1,6,5,18.43,0
90112,2022-05-20,3,5,10,7.49,0
85055,2020-02-22,1,7,1,30.12,1
5708,2020-07-11,1,9,6,23.18,0
93574,2019-08-21,2,8,3,42.48,0
59098,2021-08-25,1,9,2,38.14,0
41665,2021-09-14,3,6,3,40.25,0
81333,2020-06-28,3,7,8,2.2,0
8508,2023-01-26,2,8,7,28.73,0
3672,2022-06-22,3,1,8,21.96,0
83367,2023-07-18,2,6,8,36.68,0
53008,2022-10-10,2,2,13,31.46,0
96112,2021-07-01,2,10,5,43.58,0
56731,2021-03-27,3,8,12,48.31,1
67395,2020-03-04,3,2,4,16.4,1
81889,2022-07-22,3,3,12,46.04,0
40926,2021-06-01,1,9,13,16.49,0
62523,2023-01-30,1,2,9,18.82,0
20486,2022-01-13,1,2,8,37.22,0
90784,2019-03-28,3,3,5,13.65,0
98295,2022-08-11,2,7,9,37.32,0
90463,2021-09-14,3,8,3,26.68,0
43716,2019-03-10,3,8,8,27.23,1
84485,2022-11-16,2,2,1,14.74,0
25297,2021-11-17,1,10,9,48.07,0
10156,2019-11-02,3,2,9,5.58,0
95921,2020-04-01,3,2,7,17.24,0
82260,2022-12-16,1,9,4,20.42,0
94467,2023-05-25,2,1,5,41.58,0
67633,2021-02-10,2,1,1,6.18,0
53861,2022-07-05,1,6,7,25.65,1
69757,2021-07-01,3,8,9,39.75,0
73486,2020-10-11,3,7,9,17.38,0
35654,2022-01-15,3,1,10,7.4,1
73543,2019-06-03,3,10,11,16.15,0
6965,2019-05-13,1,9,11,45.73,0
10677,2020-11-02,3,5,7,17.45,0
77847,2023-07-14,1,2,10,6.78,0
43408,2021-02-22,2,7,12,38.24,0
61817,2022-01-07,1,9,4,40.71,0
35237,2020-04-07,2,4,11,3.23,0
2085,2022-07-17,1,4,4,14.26,0
11618,2021-05-02,1,8,3,38.54,0
50421,2019-06-03,3,7,9,48.08,0
42950,2022-11-25,1,10,3,20.78,0
289,2022-05-16,2,7,4,42.51,0
93035,2019-12-26,2,1,1,15.25,0
64280,2020-10-12,3,7,1,11.79,0
12974,2021-06-26,1,6,2,34.62,1
97180,2022-11-22,2,7,10,42.32,0
57217,2022-06-13,3,9,6,11.06,0
53273,2021-04-04,3,6,12,42.34,0
83405,2022-09-27,3,8,8,6.02,0
55808,2021-02-14,2,4,12,39.71,0
1492,2022-01-31,2,2,6,22.03,0
41603,2022-05-10,1,2,4,40.58,0
37054,2021-01-11,3,2,1,28.52,0
22770,2021-08-21,3,2,3,23.5,1
61536,2019-08-22,2,10,4,37.54,0
51113,2023-06-10,3,1,1,43.04,0
92993,2019-12-11,2,8,12,13.02,0
10562,2023-10-10,1,3,4,21.74,1
11774,2020-12-11,3,2,9,27.1,0
80375,2021-10-25,3,3,10,38.7,0
65044,2023-12-17,1,5,10,37.94,0
11825,2023-05-02,1,8,4,21.56,0
63178,2023-04-10,3,6,12,38.79,1
42259,2021-02-17,2,7,7,45.21,1
28482,2023-07-25,2,1,9,33.08,0
92060,2021-03-29,1,6,11,25.05,0
73683,2020-02-12,1,4,10,14.17,1
45289,2020-09-05,1,5,12,14.26,0
93183,2021-04-08,3,7,8,14.67,0
33971,2022-11-18,1,4,12,39.77,0
22189,2020-05-02,3,7,6,18.62,0
81706,2020-01-03,1,5,6,4.31,0
43734,2022-02-01,1,10,3,6.28,0
40696,2019-11-03,3,1,12,11.01,0
94522,2021-02-11,1,8,8,43.12,0
35660,2019-03-27,1,9,10,22.06,0
49252,2019-02-17,2,1,11,40.52,0
1087,2022-08-07,3,5,13,21.62,0
17418,2019-12-05,1,8,12,15.31,1
59047,2023-02-07,3,9,13,31.08,1
43887,2021-03-05,1,2,6,37.94,0
43770,2023-06-24,2,5,7,5.42,0
93489,2022-01-28,3,9,3,9.21,0
66502,2021-05-16,2,10,3,29.8,0
19935,2023-08-11,2,5,7,39.68,0
48322,2021-01-21,3,1,2,18.77,0
55283,2023-08-25,3,8,5,5.78,0
37716,2020-10-06,3,6,6,37.39,0
87269,2021-08-24,2,6,8,16.36,0
6776,2020-03-07,2,7,10,2.01,0
18004,2022-02-12,1,10,6,17.44,0
6877,2020-05-10,2,3,6,7.01,1
80183,2019-10-29,3,6,8,44.57,0
9432,2021-06-22,1,9,7,26.07,1
37524,2019-12-23,2,10,4,23.97,0
72732,2019-09-22,2,5,2,48.45,0
2764,2019-02-10,2,2,1,7.35,0
12593,2022-11-02,3,10,4,36.69,0
39630,2023-06-14,3,8,3,47.74,0
45621,2020-09-27,3,2,11,42.94,0
33440,2019-09-27,3,4,5,37.37,0
98387,2020-12-26,2,3,13,42.29,0
42688,2020-06-16,1,5,11,36.87,0
82493,2021-01-22,3,5,7,10.1,0
641,2023-10-30,2,9,10,35.18,0
98662,2023-10-10,3,4,13,47.18,0
65590,2019-05-29,3,9,2,25.87,0
24870,2019-01-14,1,2,8,45.25,0
24055,2021-12-05,2,10,10,14.14,0
88343,2020-10-04,2,10,5,40.91,0
25395,2019-04-02,3,5,7,8.64,1
13432,2020-07-22,2,2,13,6.73,0
11039,2019-06-27,3,4,4,29.65,0
94903,2021-07-25,3,5,5,34.91,0
35944,2021-06-03,2,1,10,27.77,0
78492,2020-11-02,1,10,1,31.46,0
73942,2023-05-24,2,8,7,32.0,0
89758,2023-02-23,3,1,12,31.01,0
82389,2022-03-08,2,2,7,40.51,0
38082,2021-09-01,2,10,11,21.24,1
14525,2022-01-02,3,2,5,33.24,0
98971,2023-05-11,1,6,12,41.76,0
6735,2022-04-09,1,1,2,10.44,1
71213,2019-01-26,2,8,1,47.07,0
94268,2021-06-01,3,10,11,35.4,0
65800,2023-11-12,2,2,1,23.63,0
70844,2019-07-29,3,5,9,44.71,1
5000,2023-09-12,3,10,8,18.78,0
30804,2019-12-09,1,8,1,33.66,0
32747,2020-06-15,2,10,13,10.75,0
44667,2021-02-26,3,2,5,34.82,0
6208,2022-01-02,3,6,6,4.85,1
86663,2020-11-11,1,3,6,12.72,0
97700,2019-03-20,1,1,11,17.46,0
74161,2023-08-18,1,8,10,32.1,0
80592,2020-08-07,1,2,1,16.91,0
84970,2021-02-01,1,7,13,44.27,0
40362,2019-12-23,2,3,13,43.84,0
20381,2021-07-18,3,3,1,46.26,0
80992,2020-07-07,1,9,1,20.25,0
72338,2019-08-02,3,10,11,18.47,0
86573,2020-01-28,2,2,13,19.56,0
4921,2021-12-20,3,3,4,35.34,0
65792,2023-05-16,1,5,5,44.6,0
94433,2021-09-11,3,3,8,16.58,0
76520,2020-08-14,3,5,7,30.25,0
85491,2023-01-01,2,5,9,25.2,0
25840,2021-11-09,3,8,9,49.35,0
97833,2023-07-07,2,2,5,43.43,0
8897,2023-03-05,2,1,13,41.17,0
31564,2019-07-10,1,8,4,37.64,0
95907,2019-11-26,3,6,3,19.57,0
60510,2019-11-27,3,8,9,37.57,0
12607,2019-07-03,3,4,8,18.6,0
63756,2019-02-15,1,6,1,14.34,0
32713,2020-04-26,3,2,7,19.1,0
495,2019-03-07,2,7,6,40.58,0
40408,2022-05-11,3,3,8,18.36,0
67984,2019-05-24,1,9,7,15.93,0
66981,2022-09-19,1,7,2,7.99,0
83103,2021-06-28,2,8,3,48.03,0
42804,2021-05-30,1,5,1,8.15,0
25155,2019-10-13,1,9,10,14.55,0
65678,2019-07-28,1,10,10,35.13,0
88442,2021-02-08,3,3,9,14.49,1
47883,2019-09-12,1,4,3,19.22,0
82841,2019-11-06,3,3,5,19.19,0
5268,2021-07-27,1,4,13,46.4,0
49300,2023-10-11,1,5,1,41.48,0
22829,2020-08-22,1,6,2,13.64,0
3537,2023-06-09,2,9,13,35.66,0
71485,2021-03-31,3,6,4,49.95,0
90921,2019-04-08,2,5,7,40.17,0
30007,2021-10-27,2,1,11,3.54,0
20723,2023-01-25,3,7,10,34.76,0
94955,2020-03-07,2,2,8,9.86,0
66060,2023-05-02,1,4,5,12.9,0
5617,2021-11-16,1,9,5,19.79,1
15480,2022-11-21,1,10,2,35.29,0
18922,2023-07-10,3,9,2,43.97,0
64886,2023-07-01,3,10,9,33.79,0
29582,2022-08-23,3,3,4,23.59,0
17485,2023-05-07,3,2,2,37.68,0
42675,2020-11-07,1,7,3,12.68,0
99746,2023-05-01,2,7,7,16.02,1
76330,2022-08-11,1,1,3,15.76,1
86467,2020-11-08,1,9,1,6.56,1
5987,2023-01-27,3,6,2,13.06,0
74282,2019-09-04,3,10,12,36.31,0
73335,2022-10-11,2,2,5,16.33,0
35442,2022-06-24,2,9,10,41.88,0
90240,2022-03-15,3,1,12,30.83,0
60532,2023-01-06,1,2,11,2.8,1
93615,2019-06-14,2,1,1,22.65,0
97250,2019-06-03,1,1,2,19.46,0
55131,2021-09-24,2,8,6,8.17,0
21325,2022-05-18,3,6,7,30.77,0
63841,2022-12-25,1,3,13,33.48,1
89957,2019-04-15,3,9,13,24.25,0
46954,2019-04-27,1,6,2,21.85,0
78508,2021-11-14,1,9,4,12.94,0
89651,2021-05-05,1,9,7,6.11,0
81573,2023-12-19,3,2,9,37.0,0
68687,2023-03-25,3,10,5,47.75,0
62330,2022-06-01,1,8,12,2.1,0
94484,2019-04-29,3,3,11,14.63,0
55585,2022-06-20,2,6,3,7.97,0
592,2022-10-13,3,6,12,16.58,0
82730,2021-05-14,1,1,12,8.73,1
30713,2021-09-15,2,10,3,36.56,0
79977,2020-03-02,2,10,3,42.42,0
35175,2020-07-30,1,1,6,36.78,0
37483,2021-03-16,3,9,9,8.39,0
7167,2021-02-26,1,1,4,11.83,1
97781,2021-09-12,1,4,9,9.7,0
86203,2023-01-21,3,6,7,23.46,0
73933,2021-01-06,3,4,12,15.76,0
89736,2023-01-17,2,6,13,19.88,0
35699,2020-11-29,3,9,6,32.07,0
60094,2023-01-30,1,10,9,15.93,0
21678,2021-09-16,3,7,10,22.39,0
79101,2023-06-30,2,7,9,41.62,0
32340,2020-06-02,2,6,8,4.86,0
93890,2021-06-18,2,5,7,38.02,0
60239,2019-08-15,2,3,5,41.71,0
17259,2022-07-19,1,6,4,20.25,1
91167,2022-05-06,2,7,7,46.14,0
20942,2023-04-04,1,9,8,37.97,0
57050,2023-06-07,3,6,13,24.35,0
12915,2019-09-22,1,6,2,23.6,0
52225,2019-07-25,3,1,4,24.84,0
59180,2022-03-14,1,1,13,23.75,0
40133,2023-12-24,2,9,7,16.98,0
87891,2021-04-03,2,7,8,11.76,0
46576,2023-01-02,2,5,12,32.37,0
91617,2020-05-24,1,10,3,19.8,0
94703,2022-12-12,3,4,1,9.01,0
97818,2020-10-05,2,5,4,27.76,0
10070,2022-06-07,2,9,5,46.81,0
7193,2022-07-08,3,10,4,34.85,0
75380,2021-10-22,1,9,5,47.14,0
55353,2019-01-01,2,3,4,37.17,0
87411,2019-03-24,1,3,8,36.04,0
4772,2020-04-27,2,8,3,36.78,0
42998,2020-02-12,2,1,4,45.46,0
70438,2022-07-18,2,9,7,19.51,0
24213,2023-07-15,1,7,1,42.4,1
85569,2019-02-23,3,4,12,21.0,0
80334,2023-11-08,3,3,11,6.29,1
27625,2021-07-08,3,3,10,45.11,1
41277,2020-02-20,1,9,5,10.28,0
91588,2022-12-04,3,8,8,8.82,0
29228,2023-11-21,2,10,10,42.75,0
48633,2021-12-13,2,4,1,35.86,0
78286,2023-05-05,1,3,3,31.75,0
64144,2023-11-19,2,5,8,40.5,0
27664,2020-05-26,2,2,7,20.52,0
4954,2020-06-17,2,8,2,37.68,1
72931,2021-03-12,3,4,6,14.6,1
16864,2019-03-11,2,9,6,31.01,0
44797,2019-08-22,3,1,13,19.16,0
85424,2021-04-13,3,4,7,23.41,0
34065,2022-08-31,3,4,11,37.96,0
17531,2021-10-12,2,2,5,35.12,1
53868,2022-06-04,3,10,5,47.26,0
99202,2022-04-25,1,1,5,14.04,0
19761,2023-09-22,2,9,6,30.97,1
45750,2020-05-16,2,7,2,3.32,0
43977,2021-05-05,1,8,7,9.18,1
64771,2020-05-27,2,3,9,47.34,0
38630,2022-08-12,1,1,7,47.26,0
31135,2023-06-05,3,3,10,16.73,0
24498,2023-06-05,2,2,5,36.71,1
46663,2021-12-27,3,10,6,27.3,0
42361,2023-04-13,2,9,13,43.95,0
36585,2019-04-10,2,1,9,45.87,1
17363,2020-10-24,3,6,9,32.84,0
65329,2020-05-18,2,9,9,28.35,0
40668,2022-08-05,1,5,9,37.57,0
97883,2022-12-17,1,4,3,43.52,0
7183,2020-12-05,3,1,13,43.13,0
41832,2023-01-16,3,10,13,47.7,0
6331,2020-01-05,2,9,12,4.45,0
15740,2021-06-06,2,6,12,29.42,0
21856,2019-05-19,2,7,11,49.42,0
62207,2019-03-03,2,8,6,37.67,0
68596,2022-01-08,2,6,9,32.6,0
75795,2020-04-29,1,6,1,31.83,0
80733,2023-06-01,1,1,8,46.37,0
66537,2022-11-28,1,9,7,5.46,0
28223,2019-01-30,2,2,11,29.05,0
41018,2020-07-30,3,2,5,18.41,0
3566,2022-06-12,3,4,11,10.47,0
84831,2022-09-08,3,4,1,14.24,0
6749,2020-04-06,1,3,9,22.54,1
7484,2019-01-24,3,10,1,42.03,0
46878,2019-08-03,2,3,11,42.59,0
12783,2023-06-07,3,1,6,26.67,0
30532,2022-06-14,3,3,3,14.17,0
35589,2021-03-25,2,3,4,46.31,0
27294,2021-07-18,3,4,9,28.53,0
25130,2021-09-25,3,5,13,2.15,0
21768,2021-10-12,2,5,3,32.96,0
41248,2023-01-04,2,10,7,2.61,0
81858,2020-09-09,1,2,4,45.79,0
73457,2021-06-15,2,4,8,48.76,0
15659,2023-06-21,3,4,13,12.65,1
25752,2021-12-26,2,9,8,48.35,0
46748,2020-05-14,2,2,11,36.6,0
61047,2021-02-11,2,6,10,11.35,0
83409,2019-04-14,2,5,1,18.28,0
53095,2020-04-04,3,2,12,44.73,0
59748,2022-01-18,3,9,6,48.36,0
68193,2021-04-16,1,6,6,21.82,0
74920,2022-04-02,3,10,13,2.74,1
91298,2021-06-19,2,2,12,27.19,0
98108,2022-11-09,3,9,8,32.54,1
16626,2023-12-26,1,4,9,16.41,0
66250,2023-03-27,1,3,10,18.73,0
5400,2022-01-14,2,9,13,26.71,0
7478,2022-08-06,3,3,4,16.84,0
13309,2022-10-31,2,7,1,43.44,0
81939,2021-04-16,3,8,5,33.36,1
49115,2021-07-25,1,2,4,18.65,0
38412,2023-07-30,2,2,8,18.81,0
82187,2023-08-08,1,2,3,36.9,0
82200,2023-05-22,3,7,13,26.38,0
80429,2020-08-10,2,9,1,31.25,0
53772,2021-10-11,3,3,10,22.83,1
83840,2022-09-15,2,4,4,18.67,0
96437,2022-10-20,1,4,9,10.13,0
14758,2021-10-03,3,5,12,4.3,0
80603,2020-01-04,3,5,7,21.18,0
20562,2022-12-26,3,6,5,14.21,0
80357,2021-11-23,2,1,1,9.46,0
59249,2020-07-17,3,2,11,20.15,0
57507,2019-10-25,3,7,1,41.75,1
91272,2020-10-25,3,3,7,34.9,0
41952,2022-09-12,2,9,11,46.3,0
77978,2021-06-25,3,5,2,2.59,1
86550,2022-01-28,1,9,5,25.67,1
95562,2022-07-31,3,6,12,13.17,0
81733,2019-06-05,2,9,1,41.82,0
81244,2021-08-29,3,3,9,4.62,0
72929,2020-08-25,3,2,8,24.89,0
96212,2020-03-30,3,4,13,40.58,0
65488,2022-05-03,1,10,9,43.78,0
32162,2020-12-16,1,10,1,35.46,0
20208,2021-11-22,1,10,10,24.33,0
2204,2019-03-16,3,5,9,27.19,0
59443,2021-07-19,2,1,3,14.16,0
71793,2022-02-17,2,4,8,23.94,0
4182,2021-10-08,3,6,12,37.06,0
90472,2019-07-22,2,6,12,43.84,0
38831,2021-08-22,1,4,13,46.44,0
59157,2022-07-14,2,3,12,34.76,1
42737,2019-04-17,2,8,2,35.66,0
57531,2022-07-28,1,2,9,6.64,1
98902,2019-04-21,3,5,10,6.19,0
74827,2020-11-24,1,2,3,41.15,0
18532,2022-03-17,2,5,3,9.01,1
54978,2019-11-11,3,7,4,28.47,1
43514,2020-05-22,1,3,5,34.28,0
66779,2022-08-02,1,3,2,40.55,0
64398,2023-12-24,2,8,9,29.13,0
26511,2019-07-07,3,6,1,20.87,0
62755,2019-09-29,3,8,2,41.24,0
35184,2021-04-23,3,8,13,9.6,0
21790,2021-04-29,3,7,10,34.01,0
41105,2019-09-18,1,4,12,29.77,0
30937,2021-10-17,2,8,9,13.75,0
61074,2023-07-01,3,3,8,10.01,0
89337,2021-06-29,3,6,5,32.55,0
42759,2022-02-27,3,8,1,24.8,1
42033,2023-10-28,3,2,1,4.87,0
95451,2019-04-29,1,1,2,5.21,0
99964,2019-01-04,1,8,9,3.95,1
73314,2022-10-24,2,7,11,48.77,0
40164,2020-04-20,1,5,12,9.35,0
88721,2020-10-24,1,5,6,39.72,0
57387,2019-09-29,1,5,8,45.33,0
78119,2023-05-31,1,8,9,33.82,0
72912,2020-07-11,2,10,12,9.81,0
70236,2023-11-11,1,2,5,32.76,1
90444,2022-09-22,2,6,4,6.3,0
39315,2019-03-30,1,1,1,4.56,0
52538,2022-12-14,3,5,4,24.65,0
60227,2022-09-13,1,9,8,14.78,0
51610,2021-04-06,3,8,7,42.21,0
4246,2022-04-06,2,9,12,6.24,0
89265,2021-12-11,1,9,12,7.44,0
26185,2019-04-12,3,7,12,16.18,0
28472,2020-03-13,1,7,8,15.36,0
71020,2020-12-24,2,4,3,20.76,0
13490,2020-10-08,3,2,1,17.15,0
71526,2019-01-31,2,1,2,34.31,0
72321,2020-01-18,1,5,7,49.39,0
15587,2020-04-28,1,7,10,18.79,0
82414,2022-10-03,2,7,7,44.7,0
68691,2019-12-05,2,7,10,19.56,0
92438,2019-11-09,2,4,1,37.97,0
17877,2023-12-13,1,6,5,20.51,0
21769,2022-08-29,2,2,7,46.02,0
71853,2019-08-20,2,10,8,37.69,0
94153,2019-06-28,1,7,3,21.19,0
75101,2022-03-10,3,1,8,12.95,0
54189,2021-09-26,2,6,12,35.53,0
40787,2019-04-20,1,10,4,33.3,0
31130,2021-06-08,3,4,8,3.03,0
6068,2019-10-26,2,5,10,16.68,0
19448,2021-08-27,2,10,11,24.01,0
65457,2019-11-20,3,9,10,30.46,1
56597,2021-03-11,3,1,1,18.33,0
79822,2019-11-23,1,4,9,6.29,1
1168,2021-12-17,2,6,13,26.31,0
40763,2022-07-22,1,9,2,3.79,0
15512,2022-09-09,3,10,6,19.51,0
34526,2020-02-14,1,10,11,21.69,0
69933,2020-06-18,2,8,9,46.79,0
71692,2021-11-07,2,6,9,3.37,0
49313,2022-05-22,2,9,11,45.43,0
31106,2020-10-29,3,5,9,41.52,1
36117,2021-10-08,2,7,13,19.86,0
74341,2020-01-31,2,10,3,32.42,0
27321,2020-11-14,2,1,7,34.59,0
87656,2021-01-25,3,10,11,42.06,0
70209,2022-02-28,3,3,5,39.5,0
7079,2019-12-03,1,6,12,6.32,0
9092,2019-04-12,1,5,6,41.04,0
96313,2019-03-24,2,5,11,49.85,0
77394,2023-09-23,3,3,3,49.56,0
30280,2020-10-23,2,5,13,25.42,0
86534,2020-08-12,2,5,6,2.14,1
45888,2021-04-10,1,1,11,23.5,0
62773,2022-07-26,1,4,10,45.92,0
28319,2019-03-14,1,6,8,25.16,1
27893,2021-04-08,2,8,4,8.28,1
76873,2019-03-17,2,4,1,33.0,0
45970,2020-12-10,2,9,6,15.24,0
73726,2023-06-28,1,3,8,33.56,0
13999,2020-01-22,1,1,9,18.17,1
39675,2023-01-22,2,10,8,17.31,0
34467,2023-12-02,3,8,8,46.26,0
60477,2021-06-13,3,1,4,10.87,0
70243,2021-05-17,1,9,13,31.32,0
21640,2020-01-13,3,8,2,45.76,0
46828,2019-12-20,2,6,13,23.98,0
93399,2020-11-13,3,9,9,21.5,0
82501,2023-08-27,2,5,1,33.23,0
14575,2023-05-18,1,6,1,36.14,0
72905,2019-01-16,1,9,10,18.64,1
87626,2019-10-01,1,7,6,17.68,0
83312,2020-12-11,2,4,4,19.26,0
38430,2020-01-15,3,4,12,7.86,0
76430,2022-09-02,1,7,10,23.88,0
71630,2022-09-19,3,8,8,7.97,0
24494,2023-12-04,2,10,1,44.72,0
14082,2020-08-02,2,5,7,43.51,0
52470,2022-03-10,3,5,5,46.32,0
32593,2019-02-23,3,1,11,28.47,1
64768,2019-02-06,3,8,13,11.8,1
65171,2020-09-18,1,3,6,48.52,0
37035,2022-03-15,1,5,13,46.39,0
31879,2022-09-30,3,8,10,41.52,0
99873,2021-09-04,1,3,12,13.53,0
79534,2019-09-22,1,10,3,39.42,0
26010,2020-06-13,2,6,7,13.93,0
86955,2021-12-17,2,2,11,30.33,0
12616,2022-08-05,1,7,10,47.62,0
60859,2022-10-05,3,7,12,16.51,0
83008,2019-08-24,3,6,11,7.54,0
44958,2021-12-20,1,6,12,14.28,0
28981,2023-03-19,2,5,12,36.17,0
97301,2023-05-01,2,4,1,14.7,1
55902,2023-10-23,3,1,11,19.26,0
57948,2019-09-21,3,6,7,40.53,0
85517,2019-02-01,2,1,12,49.58,0
8942,2023-08-15,1,10,9,6.95,0
28692,2021-11-03,3,7,3,8.33,0
51050,2020-10-11,3,2,13,2.02,0
18814,2021-07-29,2,10,13,47.63,0
33103,2019-12-23,3,5,13,16.89,0
74479,2020-07-13,3,4,1,30.94,0
43056,2020-07-24,2,3,9,5.4,0
49632,2019-04-22,2,1,8,6.75,0
94152,2023-09-13,2,10,5,45.61,0
7360,2022-03-06,2,10,3,24.13,0
78455,2023-01-08,2,7,12,4.74,0
92904,2020-02-02,1,5,1,16.22,1
77831,2019-01-11,3,1,4,9.61,0
10149,2021-10-02,2,6,12,37.68,0
32060,2019-07-09,3,6,1,10.63,0
84086,2023-05-04,1,8,1,39.17,0
12852,2019-08-12,2,9,3,43.86,1
411,2023-06-08,2,6,5,43.76,1
19125,2021-10-07,2,3,4,3.5,0
9006,2019-03-12,2,10,1,20.18,1
55469,2020-12-29,3,5,2,46.03,0
21447,2019-01-05,2,6,10,44.31,0
58266,2020-11-06,2,6,9,13.55,0
20776,2022-11-09,3,1,1,42.76,0
67807,2023-02-19,3,9,6,12.69,0
60316,2020-12-23,1,3,3,34.09,0
43336,2021-03-07,2,10,13,24.51,0
69233,2022-05-06,3,9,4,44.63,0
32260,2020-05-09,3,5,7,14.53,0
68183,2021-02-03,1,8,4,5.78,0
7203,2023-04-28,2,7,3,4.71,0
50413,2021-07-03,2,8,5,14.4,0
98607,2022-08-31,2,3,10,9.34,0
99727,2021-03-06,1,10,4,13.64,0
8315,2023-09-23,3,3,6,12.93,1
26633,2023-06-18,3,9,6,15.96,0
83442,2021-08-03,3,6,2,45.51,0
10011,2019-05-09,3,1,13,49.24,0
76662,2019-10-24,1,7,10,2.2,0
17048,2020-02-06,3,1,8,38.49,0
82624,2023-05-02,3,10,13,5.77,0
83574,2023-12-01,3,5,12,35.27,0
69213,2022-04-23,1,10,8,37.96,0
25796,2021-02-10,3,1,10,10.71,1
34033,2022-07-28,1,7,8,48.87,0
8210,2022-10-02,1,9,6,20.6,0
21272,2022-10-30,3,7,9,36.48,0
83605,2021-11-08,3,2,7,12.68,0
70646,2022-07-12,3,7,1,33.65,0
52112,2022-03-05,2,4,6,35.61,0
73830,2023-08-04,1,7,9,27.48,0
100,2022-05-18,3,7,1,44.13,1
6552,2020-05-21,2,7,6,32.91,1
79522,2020-06-30,2,4,12,3.61,1
65736,2022-01-20,1,2,11,9.35,0
22468,2020-10-10,2,6,8,20.11,0
67370,2019-08-25,1,4,1,47.86,0
23658,2022-08-20,3,4,11,17.73,0
5020,2021-11-12,1,3,12,48.86,0
58336,2021-06-04,3,10,10,10.95,0
20165,2023-06-04,3,1,5,48.02,0
34166,2021-02-19,1,6,12,39.12,0
15132,2022-07-12,3,4,9,23.9,0
38118,2021-10-28,1,2,2,46.62,0
8246,2023-05-12,1,6,12,5.53,0
84931,2022-12-19,3,8,2,7.29,0
48334,2019-05-30,1,8,6,3.88,0
54629,2020-09-12,3,9,7,12.08,1
5436,2020-09-07,3,6,12,39.97,0
97671,2020-11-25,3,10,7,40.78,0
50536,2023-05-29,1,4,2,36.19,0
27320,2019-08-29,3,10,13,12.24,1
50783,2021-07-14,3,10,13,36.3,0
71716,2022-06-24,2,7,9,5.56,0
59845,2022-09-20,2,9,6,25.9,0
29814,2019-06-12,1,10,6,27.85,0
22858,2021-10-16,1,2,8,24.26,1
97159,2022-07-28,2,6,3,20.03,0
1072,2020-05-13,3,2,1,14.4,0
95161,2022-11-01,1,10,13,45.82,0
4626,2021-08-30,3,3,2,16.78,0
13303,2020-05-02,3,2,6,10.45,0
35191,2020-07-04,3,8,9,17.79,0
87351,2023-07-10,3,2,8,7.86,0
35607,2020-01-25,2,4,7,46.05,0
48711,2022-02-18,2,8,13,19.83,0
21737,2022-05-25,3,10,11,46.64,0
70328,2020-03-07,2,10,7,17.92,0
24086,2020-11-23,2,2,4,9.25,0
20582,2020-05-29,3,9,3,11.81,0
60909,2019-01-09,3,1,3,20.82,0
9198,2021-10-13,2,4,4,20.56,1
89886,2019-03-22,1,8,12,12.77,0
54591,2023-06-28,3,2,13,4.28,0
60972,2023-01-13,3,2,13,38.16,1
8729,2023-08-21,2,3,7,48.37,0
83612,2019-07-12,3,3,10,44.82,1
69831,2022-09-12,3,2,4,45.28,0
4110,2022-06-21,3,7,11,38.91,0
66076,2019-04-22,1,9,11,21.96,1
73576,2020-09-01,2,9,5,29.84,0
24089,2020-05-30,1,6,2,11.92,0
68714,2021-04-04,1,4,12,8.76,1
92817,2020-03-05,3,5,8,49.79,0
61022,2021-04-07,2,6,4,37.78,0
42838,2019-02-03,1,5,4,12.71,0
24324,2022-01-02,2,8,8,4.91,0
959,2021-09-30,1,9,10,15.62,1
25776,2021-01-22,1,2,12,44.03,0
77186,2019-08-09,3,8,1,47.86,0
49453,2021-07-28,3,2,6,5.54,0
86915,2022-03-11,1,8,12,19.07,0
57412,2019-03-29,3,1,2,2.88,1
3347,2020-06-16,1,1,5,15.16,0
48585,2021-06-22,2,6,8,20.3,0
56189,2019-04-30,1,8,13,47.48,0
27598,2021-06-12,1,1,1,16.06,0
49089,2019-12-09,3,10,8,11.36,0
75734,2021-03-13,3,1,6,10.84,1
91700,2023-11-13,1,3,9,26.33,0
2248,2020-01-09,1,3,13,5.33,1
75185,2021-10-23,3,6,9,48.69,1
30242,2019-09-01,1,4,12,17.54,0
97128,2022-08-07,1,3,3,23.94,0
68016,2022-06-13,2,8,7,7.83,0
6210,2022-02-04,1,2,8,35.79,1
84010,2021-11-15,2,10,4,33.87,1
31585,2020-01-14,3,4,6,4.43,0
43971,2021-05-28,2,1,6,28.46,0
49159,2019-12-08,3,8,7,29.21,0
86547,2021-06-06,1,4,6,8.62,0
63372,2022-05-15,3,9,3,8.95,0
56399,2021-01-17,1,3,12,3.33,0
60030,2023-09-18,2,2,3,35.14,0
38673,2021-02-16,1,4,4,46.55,1
62069,2019-07-14,3,7,6,44.46,0
90220,2020-11-28,1,3,2,33.96,0
16574,2021-10-18,1,5,13,36.26,0
62410,2021-07-02,2,6,8,16.4,0
97093,2020-05-14,3,8,13,4.22,0
71923,2019-03-13,1,3,4,10.23,0
18855,2019-07-12,2,4,11,25.14,0
58566,2023-08-07,3,10,5,44.03,0
93873,2020-03-16,3,3,5,40.42,0
1365,2021-06-24,1,10,11,16.24,1
66199,2020-12-28,1,1,7,36.26,0
595,2020-10-18,1,6,9,36.1,0
65463,2019-10-03,2,4,3,16.93,0
75092,2021-07-05,2,1,8,43.28,1
72955,2019-06-24,2,7,4,8.35,0
88266,2020-05-06,3,5,9,45.06,0
16926,2019-07-20,3,7,3,23.92,0
63343,2022-05-08,1,9,12,20.45,0
11595,2021-10-12,2,2,9,31.64,0
50699,2022-07-21,3,6,8,44.9,0
29621,2019-04-18,2,3,12,24.37,0
49394,2019-03-04,3,10,12,19.14,0
96911,2022-07-19,1,3,9,13.82,0
9891,2021-09-17,2,4,7,6.24,0
80353,2021-10-11,1,5,10,6.43,0
47687,2022-10-17,2,3,6,24.18,1
14578,2020-03-08,1,6,2,10.42,0
62282,2023-08-17,3,2,6,32.07,0
98527,2023-04-20,3,9,6,10.99,0
7770,2023-12-03,1,7,4,45.51,0
88258,2021-08-25,1,3,5,14.41,0
56094,2023-03-10,3,10,12,3.24,0
70954,2022-03-20,1,8,4,45.15,0
8631,2019-06-24,2,1,8,21.05,0
64367,2023-02-02,3,10,6,7.8,0
4184,2023-09-19,2,10,8,34.98,0
65078,2021-09-19,3,2,9,48.96,0
60503,2023-08-28,1,3,9,24.92,0
84798,2022-08-12,2,8,3,27.1,0
28577,2020-02-16,2,8,4,25.12,1
4454,2019-01-25,1,9,5,16.1,0
6410,2021-06-22,2,3,2,41.84,0
92197,2023-02-28,2,9,12,16.19,0
79735,2019-10-21,3,1,12,34.35,0
29499,2023-01-26,1,7,7,14.05,0
49904,2021-01-03,2,7,5,13.77,1
10657,2019-08-06,2,10,10,39.72,0
76725,2021-01-19,3,6,13,17.09,0
91027,2020-12-28,1,2,13,2.66,0
82443,2021-09-03,2,4,2,24.51,0
64899,2022-02-21,3,1,10,18.36,0
22389,2022-12-23,3,5,6,26.62,0
13482,2022-08-29,3,6,2,14.33,0
30706,2021-12-30,3,9,13,37.94,0
75928,2023-07-26,3,2,10,4.8,0
53116,2019-01-05,1,7,12,44.65,0
57632,2020-07-15,2,7,11,23.85,1
31271,2019-04-09,2,9,6,19.28,0
3463,2023-03-05,3,3,12,3.05,1
84957,2021-02-16,3,7,6,34.47,0
50900,2021-02-09,3,8,5,34.44,0
13877,2019-03-05,3,2,5,16.85,1
98280,2023-03-30,1,6,11,47.98,0
31366,2019-02-22,2,3,10,38.59,0
89611,2021-11-19,1,4,1,12.44,0
57663,2022-03-26,3,5,10,37.08,0
16373,2020-10-10,1,7,7,27.02,0
88312,2020-04-11,2,1,3,45.69,1
47914,2022-11-21,3,1,3,37.18,1
23285,2020-10-27,2,5,8,32.45,0
76661,2022-07-25,3,1,7,49.86,1
35866,2023-07-11,2,8,12,3.25,1
31155,2022-07-10,2,2,10,21.89,0
35194,2023-12-02,3,6,1,32.32,1
16079,2020-04-30,2,4,4,49.57,0
27094,2023-11-18,1,3,2,8.75,0
76648,2019-07-17,3,3,6,35.37,0
51344,2022-07-27,1,8,5,14.65,0
4812,2019-10-27,3,2,6,31.57,0
27693,2023-11-30,3,8,13,17.36,0
45722,2022-02-13,3,6,4,8.56,0
1642,2023-10-19,3,4,13,32.94,0
74683,2022-06-06,2,9,12,25.37,0
93357,2022-07-19,2,2,4,23.75,0
6869,2020-12-20,3,9,3,14.14,0
92909,2021-03-10,1,7,5,12.91,0
14211,2022-02-13,3,9,11,19.45,0
93591,2020-08-09,3,5,3,38.49,1
44833,2019-12-18,1,7,2,7.55,0
48142,2021-07-29,3,2,9,41.65,0
57205,2022-01-07,1,4,13,32.61,1
16903,2023-10-05,1,10,10,46.29,1
68438,2022-07-06,1,1,9,38.04,1
26414,2023-03-11,3,8,12,22.56,0
54164,2019-08-29,1,8,4,19.19,1
20175,2021-07-08,1,2,12,42.58,0
58278,2021-12-06,3,3,10,21.95,0
5814,2022-01-31,2,4,3,9.13,0
71205,2020-11-12,1,6,7,29.22,0
81419,2019-03-03,1,6,3,49.9,0
83774,2019-04-14,1,4,12,15.11,0
15030,2022-02-05,1,6,9,28.02,0
84349,2019-07-25,2,9,12,9.59,0
47364,2022-03-24,3,3,13,29.22,0
29364,2019-02-14,2,2,1,5.05,0
67671,2021-03-05,1,1,2,21.15,0
9549,2020-01-02,3,1,1,26.03,0
86946,2023-11-02,1,6,12,25.33,1
34928,2020-07-07,3,8,4,41.74,0
92012,2019-10-30,3,7,10,38.7,0
81812,2023-10-16,1,7,11,35.56,0
64056,2022-09-27,3,9,10,47.61,0
91425,2023-04-21,2,2,5,47.01,0
21373,2019-06-14,1,7,2,34.82,0
21431,2020-02-14,2,10,5,40.65,0
51232,2020-02-12,3,7,11,31.18,0
85397,2019-12-22,2,1,7,44.15,0
333,2022-02-07,2,10,12,11.91,0
36234,2021-06-18,3,5,13,49.68,0
80570,2020-01-22,1,8,2,44.51,0
25804,2021-08-09,3,3,5,42.03,0
34107,2021-11-05,2,6,7,32.67,0
73127,2019-10-01,3,2,3,47.2,0
1046,2020-10-29,2,4,10,26.62,0
78643,2020-04-02,1,8,2,8.98,1
64256,2021-07-14,1,5,1,18.83,0
55784,2019-05-04,3,5,3,23.32,0
24594,2019-06-11,3,10,9,18.12,0
92140,2021-03-10,3,3,10,26.81,0
6248,2021-01-09,3,8,2,12.17,1
75385,2021-06-12,3,10,11,21.63,0
7271,2023-11-08,1,10,11,43.86,0
14040,2023-12-14,2,3,2,37.05,0
52725,2020-03-22,3,1,7,11.52,0
88821,2021-09-21,3,2,8,8.36,0
54081,2021-05-25,3,1,3,47.1,0
99105,2023-02-20,2,2,6,41.42,0
13726,2021-01-15,1,2,2,20.14,0
30531,2022-06-25,1,5,7,37.36,1
20059,2022-01-04,2,9,9,23.95,1
62923,2021-06-14,2,6,10,6.63,0
19754,2023-03-30,1,5,6,36.4,0
60571,2019-09-29,3,10,1,27.41,1
44871,2019-08-01,1,6,1,43.04,0
41567,2022-05-18,2,3,6,23.69,0
26418,2021-03-09,3,9,4,21.29,0
92893,2021-11-09,1,2,13,13.75,0
90441,2019-07-27,2,10,10,20.19,0
11092,2022-09-01,2,1,3,11.33,0
27742,2022-07-12,3,2,6,33.95,0
93674,2019-02-23,1,10,6,12.58,0
13599,2022-04-11,1,7,11,40.69,1
79687,2020-04-03,1,3,9,19.37,0
47376,2021-12-23,1,8,13,6.89,1
56179,2019-11-20,2,2,3,34.49,0
84895,2020-01-30,3,1,2,42.68,0
35211,2023-06-18,1,3,7,8.81,0
90863,2019-06-13,2,5,1,9.45,0
43206,2020-06-14,3,3,1,44.76,0
74876,2022-07-11,2,2,10,39.11,0
59981,2022-12-11,1,5,5,25.7,0
70166,2020-04-21,3,3,5,14.32,0
54896,2023-06-02,3,9,11,46.61,1
21084,2020-06-21,2,10,3,33.69,1
30042,2019-09-11,3,9,9,9.25,0
94594,2023-12-15,1,5,2,16.87,0
43230,2023-05-06,1,3,12,21.23,0
82640,2022-09-12,2,6,10,27.23,0
11050,2021-06-26,2,2,7,46.49,0
33689,2021-12-04,2,6,13,44.99,0
64387,2019-06-23,1,10,6,17.38,0
44532,2019-03-13,3,4,13,48.42,0
88671,2021-05-08,3,7,11,13.14,1
31100,2021-05-18,3,4,2,30.68,0
72474,2023-02-02,2,5,2,2.12,0
86860,2022-07-27,3,10,11,35.83,0
41634,2023-06-27,2,10,12,41.88,0
64948,2019-11-25,3,6,6,12.55,1
67074,2021-10-07,3,5,11,15.96,0
80299,2023-07-21,3,10,6,8.94,0
71412,2021-08-28,2,1,3,48.63,0
80561,2021-09-07,3,5,13,41.24,0
25633,2020-05-11,2,10,6,12.84,0
87612,2020-09-18,3,2,5,15.29,0
82866,2019-08-17,2,1,13,42.85,0
14066,2022-09-21,1,6,2,17.71,0
89780,2021-04-07,1,1,10,40.48,0
30000,2022-06-28,1,10,1,25.32,0
99949,2021-09-18,2,1,10,38.07,0
31024,2022-05-07,2,6,10,43.44,0
22221,2022-09-28,2,6,13,29.19,0
24243,2023-06-07,1,1,9,28.47,0
36317,2021-06-25,3,6,9,40.92,1
37397,2021-04-06,2,3,9,46.68,0
93915,2019-12-22,1,4,9,17.25,0
31755,2023-12-02,1,8,8,42.69,0
82578,2023-02-08,1,3,2,7.29,1
37510,2023-04-17,2,4,3,30.48,0
99728,2023-10-02,1,3,3,41.17,1
35033,2022-03-21,3,7,12,12.44,0
71662,2022-05-26,1,4,6,19.43,0
16329,2021-01-16,2,2,3,26.3,0
90558,2022-09-12,1,4,5,18.49,1
71712,2023-12-25,1,5,7,36.55,0
53796,2020-12-27,2,1,2,5.7,0
3323,2019-11-23,1,5,10,39.98,0
93512,2020-03-08,2,7,1,7.62,0
70276,2020-03-05,2,7,5,14.81,0
23188,2020-03-07,2,2,4,28.18,0
3162,2020-05-14,1,7,11,38.11,0
76894,2023-12-28,1,2,2,4.01,0
33590,2019-05-12,2,2,10,28.52,0
63423,2020-05-21,1,10,4,38.81,0
7763,2023-12-25,1,9,4,6.67,0
22885,2019-07-31,1,1,10,48.71,0
95727,2020-04-26,2,8,8,8.81,0
75190,2020-04-05,2,9,11,36.23,1
34643,2019-09-19,1,7,9,7.02,0
91188,2022-09-12,2,9,9,41.6,0
26290,2019-12-01,2,7,13,38.82,0
4529,2020-03-05,2,10,7,36.76,1
75679,2023-04-08,1,10,9,44.47,0
35594,2020-02-27,3,10,6,20.22,0
51688,2022-06-17,3,6,5,40.47,0
47816,2019-05-02,1,9,9,3.57,0
12892,2023-08-17,3,8,10,8.88,0
41299,2019-04-13,3,1,3,27.1,0
49438,2021-11-16,3,3,13,28.2,1
2450,2023-08-04,2,4,7,28.76,0
82451,2022-01-08,1,1,13,33.18,1
98749,2022-09-19,2,7,12,41.28,0
75459,2023-02-17,3,4,3,4.3,0
32889,2020-10-10,1,6,8,2.14,0
83655,2022-08-20,1,7,8,17.75,0
8279,2020-09-16,3,5,7,10.36,1
49134,2021-12-14,3,3,7,35.09,1
43258,2023-11-22,3,8,12,17.11,0
46260,2021-03-17,2,9,2,44.05,0
64804,2021-01-07,3,8,7,8.0,0
59115,2023-01-10,3,6,8,35.14,0
12450,2023-11-03,3,3,7,42.24,0
51438,2023-01-24,3,3,4,9.22,0
54685,2022-11-19,2,2,1,25.77,0
7048,2020-08-03,3,7,8,45.96,1
37434,2023-09-04,3,7,7,17.46,1
79657,2021-11-14,1,3,9,32.11,0
67964,2023-11-19,2,9,11,42.08,0
70951,2020-07-29,1,7,6,2.4,0
49754,2022-01-17,3,5,12,24.57,0
83641,2022-08-01,1,1,6,29.28,0
59481,2019-12-29,3,3,6,17.8,0
8251,2021-08-30,2,1,9,26.21,1
51664,2020-04-12,1,10,3,5.56,0
46044,2021-09-16,1,9,9,18.13,1
88166,2020-03-16,1,10,9,34.02,0
14520,2021-06-07,2,1,9,16.3,0
68953,2020-08-02,1,9,9,43.1,0
37991,2019-11-30,1,2,3,14.64,0
89240,2021-03-10,3,2,1,45.68,0
10550,2021-09-17,3,3,11,49.26,0
96797,2019-07-16,3,2,3,31.38,0
21339,2021-09-25,1,4,2,25.28,0
97403,2019-04-01,3,10,8,5.59,0
67094,2020-11-25,3,6,8,49.6,0
65144,2023-07-27,2,4,5,5.36,0
8754,2023-06-27,1,9,4,34.43,0
71053,2023-05-22,2,3,12,38.63,0
39062,2023-11-19,1,6,7,5.32,0
33220,2020-11-03,2,6,7,48.66,0
12196,2022-01-08,1,10,5,16.26,0
81556,2022-04-12,3,5,4,22.44,0
92149,2021-09-18,2,2,8,8.06,0
7324,2022-04-09,2,3,6,35.77,0
92261,2021-11-11,1,1,8,46.73,0
35312,2021-04-29,3,10,2,15.39,0
71177,2023-11-10,2,10,9,8.74,0
4821,2019-02-19,1,9,10,46.21,0
141,2023-10-15,3,4,3,13.36,0
46608,2023-09-09,3,2,11,37.8,0
22846,2023-07-16,2,3,2,21.1,0
94475,2021-11-29,2,5,1,29.69,0
48810,2020-12-15,1,1,1,19.57,1
62347,2019-05-25,3,10,3,23.93,0
38826,2023-07-19,1,3,11,43.12,0
83542,2022-06-06,3,8,10,16.98,0
40648,2023-04-14,1,7,7,3.31,0
85934,2019-11-12,1,1,1,5.26,0
26252,2022-09-03,3,6,3,47.38,0
26471,2023-05-16,2,2,2,16.26,1
60347,2019-04-12,1,1,12,10.62,0
86474,2019-06-27,2,3,10,15.27,0
26055,2023-05-24,1,2,5,22.14,0
72580,2021-07-25,3,7,13,10.14,0
24354,2020-09-30,3,1,8,32.01,1
23489,2019-08-06,2,9,9,49.93,0
12880,2021-01-05,3,10,7,17.12,0
40398,2023-01-16,1,4,10,29.41,1
8781,2021-07-01,1,8,8,46.42,0
46742,2019-02-04,1,4,9,31.08,0
98630,2019-06-03,2,1,12,43.15,0
66322,2023-09-15,3,8,10,30.15,0
90171,2020-11-11,3,4,6,32.87,0
18069,2022-04-01,1,4,5,12.47,0
28336,2019-10-23,3,6,3,28.87,0
94588,2022-11-21,3,1,8,15.74,0
79871,2019-12-25,3,3,1,33.74,0
74324,2022-05-31,2,1,6,14.94,0
23472,2021-09-03,2,1,11,23.05,0
7683,2021-08-31,1,5,13,33.65,0
63773,2021-05-13,1,10,4,24.02,0
30862,2021-05-06,3,10,10,27.74,1
429,2021-10-22,2,3,7,19.76,0
70115,2022-07-10,2,10,2,31.89,0
55105,2022-08-30,2,3,7,44.79,0
16200,2021-08-14,1,9,7,28.3,0
71648,2019-12-02,3,9,1,18.23,1
22018,2020-07-16,1,3,10,14.17,1
64934,2023-06-11,1,2,5,47.86,0
83339,2020-10-07,3,2,12,47.56,0
42266,2023-02-14,1,8,3,42.73,0
36957,2020-05-07,1,10,9,24.11,0
66637,2023-11-05,1,9,9,29.7,0
85315,2022-04-15,1,8,2,30.98,0
38504,2022-02-19,2,1,1,21.48,0
47054,2021-05-19,3,1,1,19.18,0
76947,2023-10-09,3,4,7,44.94,0
64165,2022-02-06,2,4,9,46.9,1
45998,2023-04-24,2,9,6,33.4,0
17984,2020-07-31,3,3,10,35.38,0
383,2023-04-21,3,7,7,8.47,0
96894,2022-09-07,1,7,10,9.4,1
86609,2023-09-25,2,6,3,3.36,0
87015,2022-10-22,3,7,8,17.47,0
99172,2022-10-13,3,6,13,31.47,1
4108,2021-01-08,2,8,6,32.1,0
35062,2021-11-12,1,1,10,16.28,0
1096,2023-12-12,1,9,11,40.99,0
93106,2021-06-05,3,7,11,28.77,0
10575,2021-01-06,1,8,7,8.34,0
88069,2021-07-15,2,4,2,24.26,1
45312,2021-05-04,2,3,1,8.58,0
39118,2023-12-20,2,5,11,47.71,0
32787,2023-05-27,3,3,13,12.49,0
95174,2022-09-17,3,2,4,11.89,1
6670,2023-04-24,1,10,7,31.72,0
25070,2022-04-08,1,1,11,4.43,0
72607,2021-04-22,3,2,3,12.91,0
73749,2022-04-12,3,3,4,48.09,0
94550,2023-10-10,3,6,9,8.05,0
55909,2020-09-08,2,3,10,34.78,0
36594,2021-10-30,3,7,7,31.36,0
41904,2019-11-23,3,10,9,4.32,0
25626,2022-07-09,1,9,11,39.14,0
38903,2022-07-02,1,6,1,43.64,0
37555,2020-06-07,1,7,10,37.32,0
78702,2021-04-12,3,10,9,13.6,0
31554,2020-02-12,2,8,10,19.81,0
80947,2021-04-21,2,2,10,28.15,0
86129,2023-06-03,2,3,13,42.94,0
7650,2022-01-20,2,9,9,5.4,0
19184,2019-09-07,1,4,9,12.59,0
54806,2020-05-22,2,3,10,34.59,0
32522,2021-12-02,3,7,8,16.94,1
63760,2022-04-04,3,9,13,41.78,0
53065,2023-05-03,3,2,11,26.96,0
64110,2019-10-08,3,4,9,37.7,0
36672,2019-05-28,3,6,5,21.49,0
31257,2021-06-25,2,2,12,13.8,0
53182,2019-09-23,1,9,7,15.84,0
53428,2020-07-21,1,10,13,9.81,0
14886,2020-04-08,2,10,12,27.22,0
92560,2023-10-16,2,2,2,22.59,0
76721,2023-03-01,3,7,4,28.24,0
25662,2019-02-02,2,5,4,37.31,1
50631,2022-06-29,1,3,4,28.1,0
41223,2023-04-12,1,5,12,33.0,1
88764,2021-06-28,3,9,9,35.05,0
5353,2022-01-22,2,10,10,4.45,0
75447,2023-11-17,3,5,12,37.05,0
82119,2020-08-12,3,7,3,35.87,0
3090,2022-12-24,1,6,11,14.35,0
19253,2021-01-29,3,5,3,5.41,0
72016,2023-11-13,1,1,4,43.14,0
84589,2020-04-02,2,2,1,16.83,1
88191,2023-08-01,2,6,12,12.97,0
40512,2022-04-20,1,4,13,6.99,1
41414,2020-07-11,1,1,9,32.25,1
78840,2021-09-17,1,1,2,34.58,0
88542,2023-10-26,3,10,7,19.35,1
56874,2023-04-25,3,2,6,35.53,0
21458,2020-10-09,1,2,7,19.88,0
85227,2019-07-10,1,6,4,23.41,0
80319,2021-09-24,1,4,13,8.61,0
68496,2020-11-29,3,7,3,33.78,0
53257,2023-12-02,2,2,8,21.68,0
39657,2021-09-26,2,2,1,13.28,0
50650,2023-05-18,2,5,12,36.87,0
66722,2020-06-16,1,6,3,31.07,0
73686,2019-11-27,1,4,9,27.43,1
73672,2021-10-18,1,1,8,44.34,0
84108,2022-05-14,1,6,2,15.65,0
86835,2022-04-24,1,8,13,49.92,0
99297,2023-08-04,3,1,8,41.24,0
83174,2022-06-02,1,5,8,17.29,0
27310,2019-04-01,3,1,12,42.55,0
79097,2021-05-26,1,8,9,39.48,1
6891,2023-06-14,1,8,11,4.77,0
96905,2021-08-21,2,4,12,15.82,1
37304,2020-11-28,2,10,4,47.14,0
37982,2023-10-17,1,8,8,32.47,0
28273,2019-12-12,3,7,13,16.81,0
22129,2022-04-29,2,1,12,34.18,0
79003,2020-02-06,3,2,3,38.58,0
71849,2022-07-04,3,9,12,10.02,0
77571,2020-04-11,2,7,13,30.76,0
59058,2023-04-30,2,4,4,22.61,0
86006,2023-04-13,3,6,10,47.07,0
7620,2021-04-20,3,6,1,25.11,0
70458,2022-08-20,2,7,8,5.81,0
87428,2023-11-12,2,4,5,36.89,1
70802,2019-09-05,3,9,6,46.56,0
70926,2019-05-30,3,1,10,22.99,1
18413,2019-05-31,1,5,5,24.78,0
56800,2021-04-04,2,9,13,44.59,0
18152,2023-09-05,2,1,8,30.37,0
62096,2021-11-17,3,3,8,30.94,0
74348,2019-03-25,1,9,13,20.85,0
84193,2021-04-01,2,8,2,41.75,0
94101,2023-08-12,1,7,8,6.71,1
69812,2019-10-23,1,3,2,39.33,0
62530,2019-01-10,3,10,6,46.96,0
51857,2019-02-02,1,7,5,48.0,0
77411,2022-03-03,3,7,13,12.27,1
17881,2023-04-23,1,9,9,16.34,1
51863,2021-11-30,1,5,12,28.8,0
92109,2019-12-27,1,9,12,13.73,0
26893,2019-08-12,1,9,6,32.88,0
84687,2020-06-13,1,7,2,5.08,1
37093,2019-12-12,1,7,10,22.52,0
77668,2019-12-28,3,6,9,46.44,1
15997,2022-11-06,2,2,3,26.26,0
91357,2021-09-19,3,8,10,37.38,0
90764,2022-12-23,2,7,2,21.06,0
49898,2019-01-10,1,9,6,49.83,0
26167,2022-12-25,2,2,9,7.43,0
67122,2023-11-01,2,8,11,21.97,0
97958,2021-02-13,2,1,10,9.63,0
75449,2020-08-21,3,3,10,46.55,0
63898,2023-04-28,2,2,12,44.84,0
83820,2023-01-27,2,2,6,29.01,0
60999,2020-12-27,3,6,7,25.55,0
23060,2023-02-22,3,1,5,44.29,0
20702,2022-11-23,2,2,13,27.56,0
64016,2023-10-16,2,7,7,32.28,0
29188,2019-03-28,2,6,4,28.93,0
54709,2021-07-26,1,10,7,32.36,0
45587,2022-01-09,3,9,7,4.61,1
53226,2021-01-26,3,7,10,11.75,0
42935,2023-04-19,3,2,10,22.22,1
1609,2019-06-14,3,6,11,22.51,1
95860,2023-06-22,1,8,2,3.06,0
6517,2019-08-08,3,4,5,13.41,1
64763,2020-03-06,1,10,11,31.63,0
36592,2020-04-22,2,6,12,5.25,0
87907,2022-08-17,1,10,4,42.48,0
50307,2023-03-14,1,9,13,28.79,0
95838,2023-08-29,1,1,4,25.22,0
65051,2020-09-02,3,1,10,18.9,1
5661,2021-10-01,3,2,12,45.84,0
80365,2021-03-18,2,4,8,37.13,0
47014,2022-01-05,1,3,13,14.22,0
85375,2020-02-08,2,1,6,38.78,0
51944,2021-03-03,1,2,9,35.85,0
31154,2023-10-19,3,5,8,7.79,0
69230,2022-07-24,3,10,1,21.7,0
25546,2021-04-18,1,1,7,35.92,0
98281,2021-03-30,2,2,13,48.84,0
55345,2020-04-09,2,10,5,29.9,1
35640,2020-10-07,2,3,11,39.25,0
90647,2020-03-28,2,3,2,23.1,0
14582,2023-06-27,2,9,13,46.53,0
37087,2022-10-10,1,3,4,41.68,0
94492,2020-10-06,1,2,4,7.96,1
67768,2019-08-20,1,2,1,48.64,0
93184,2023-01-14,3,3,5,34.25,0
31861,2021-06-06,2,1,4,33.01,0
51214,2019-09-10,3,1,8,4.19,0
98890,2023-02-15,3,6,12,43.93,0
47926,2020-12-12,2,5,13,33.86,0
52591,2020-07-09,2,10,11,4.45,0
70703,2020-12-17,1,2,8,45.39,0
17014,2019-01-20,3,8,1,10.42,0
45119,2023-01-24,3,2,3,25.9,0
23512,2019-09-08,1,2,10,44.13,0
64088,2021-06-16,1,10,9,16.04,1
18860,2019-07-31,2,7,6,24.91,0
91798,2022-05-17,3,6,12,5.5,0
41366,2022-08-04,3,9,3,43.88,0
39696,2019-05-03,3,7,2,33.57,0
59349,2022-02-21,2,4,6,45.57,0
47199,2020-03-15,2,10,6,31.17,0
49553,2020-02-05,3,8,10,23.46,0
45363,2022-10-01,3,7,7,32.43,0
10025,2020-01-02,1,10,2,2.25,0
5133,2019-02-06,2,2,13,6.61,0
54857,2020-04-16,3,1,10,8.29,0
52702,2019-07-29,3,1,3,32.62,0
10610,2023-12-28,3,2,4,12.4,0
99953,2019-12-09,3,3,12,45.84,0
88146,2022-09-07,2,2,13,35.45,0
79291,2022-03-10,3,7,2,34.94,0
68012,2019-02-27,2,6,1,34.5,0
79727,2021-07-26,3,6,10,32.76,0
82577,2023-03-20,2,9,8,2.2,0
65840,2022-09-04,2,2,9,49.51,0
87072,2020-11-14,2,9,2,36.26,0
12806,2019-04-15,1,2,1,31.69,0
68818,2019-07-04,3,4,6,22.13,0
50397,2023-01-02,3,9,10,46.04,0
95975,2019-02-26,2,8,13,28.98,0
25037,2021-03-07,1,8,5,34.03,0
26774,2023-08-01,1,3,3,13.93,0
97933,2021-10-28,1,5,7,36.73,0
65039,2022-09-14,2,3,8,10.84,0
85444,2023-07-10,1,10,9,15.44,0
39634,2023-01-18,1,3,9,17.2,0
72127,2023-12-10,2,3,8,11.33,0
9346,2019-02-22,1,6,6,6.72,1
75322,2022-04-05,2,2,2,32.45,0
86265,2019-11-11,3,8,4,35.4,0
8903,2019-08-07,2,2,4,8.49,0
15305,2022-11-14,3,8,11,13.47,1
32843,2021-07-24,2,1,1,27.62,0
98538,2019-11-28,3,5,12,22.37,0
60539,2022-04-09,2,2,8,13.38,0
19940,2021-08-20,3,8,12,38.62,0
11655,2023-12-05,3,5,12,28.9,0
49631,2019-09-05,1,2,10,7.68,0
50630,2021-08-11,3,2,6,16.81,0
51532,2021-02-08,3,5,3,22.85,0
50897,2020-10-07,1,3,3,7.43,0
2466,2022-01-01,3,2,10,32.05,0
36134,2023-01-31,2,4,8,42.79,1
15434,2019-10-20,3,5,13,43.8,0
15892,2023-11-14,3,2,3,6.06,0
5386,2021-08-27,3,2,8,47.75,0
31464,2022-01-20,3,2,8,48.63,0
30026,2019-08-03,3,1,3,39.1,0
22253,2021-06-18,2,8,1,38.17,1
46226,2020-09-25,3,5,12,49.69,0
93733,2022-03-11,1,2,3,16.59,0
96593,2019-02-24,3,2,9,8.59,0
10750,2022-06-24,1,5,4,3.46,1
71004,2020-04-10,2,7,8,26.8,0
31613,2023-08-27,3,4,9,36.08,0
97756,2020-01-02,3,7,8,15.03,0
19948,2019-11-10,2,10,8,26.96,0
81922,2021-10-05,3,3,8,22.41,0
42273,2019-02-11,2,5,13,42.91,1
4386,2022-05-31,3,1,4,43.53,0
78807,2022-02-15,2,8,2,20.92,0
87143,2022-03-06,1,2,8,11.33,0
86522,2020-09-20,1,8,13,29.76,0
49529,2021-04-19,1,6,9,13.78,0
98829,2020-08-30,1,5,10,12.57,0
58039,2021-03-08,1,6,7,40.31,0
34924,2019-03-16,1,10,2,45.74,0
57438,2021-04-20,3,10,3,31.71,0
82051,2020-08-16,3,8,6,2.78,0
95934,2023-02-18,1,7,13,15.39,0
86618,2020-11-22,3,8,3,27.81,1
83572,2021-03-25,2,10,1,28.13,0
52677,2021-02-09,3,9,5,2.88,1
61830,2021-11-09,3,4,10,40.22,1
8864,2019-12-02,2,1,12,34.34,0
45556,2023-09-01,3,5,2,39.82,0
63013,2023-12-05,1,9,4,28.32,0
38809,2021-02-21,1,10,6,46.91,0
35795,2020-06-06,1,3,1,42.01,1
88741,2019-05-04,3,7,10,3.96,0
96158,2020-01-08,2,2,9,4.88,0
12714,2020-09-26,2,3,6,43.35,0
52351,2022-05-18,1,2,1,18.3,0
17861,2019-04-22,3,8,8,23.25,0
10836,2021-09-20,3,6,11,43.58,0
43216,2022-07-19,3,2,11,27.71,0
34760,2021-06-13,3,2,9,25.55,0
8126,2019-06-17,3,1,1,12.76,0
95383,2023-12-28,1,4,11,29.49,1
57736,2022-08-31,1,6,8,23.64,1
74292,2022-08-09,2,1,9,12.45,0
33510,2023-04-08,2,6,8,25.88,1
94081,2020-12-13,1,5,1,38.16,0
34072,2020-07-03,1,10,9,14.15,1
56435,2021-09-14,1,1,8,45.65,0
79929,2022-11-28,3,2,1,49.42,0
14534,2020-05-21,2,9,12,22.8,0
1870,2020-12-05,3,9,10,46.06,0
77614,2020-01-13,3,5,13,42.57,0
56081,2023-11-03,2,9,2,14.02,0
92286,2022-02-09,1,4,12,24.51,0
67381,2022-08-05,1,8,10,25.22,0
89179,2020-01-17,1,9,1,3.89,0
91399,2023-07-19,1,8,9,12.12,1
42924,2020-12-15,1,10,2,5.92,1
41843,2022-05-20,2,10,9,27.43,1
98310,2022-05-21,1,9,10,23.37,1
23816,2019-07-15,3,6,7,4.92,0
33879,2023-03-11,1,7,12,13.62,1
51380,2019-10-09,2,3,7,13.68,0
16277,2019-07-03,3,1,1,3.61,0
12907,2021-10-20,1,5,7,4.68,1
33989,2021-12-11,3,6,2,29.4,0
46776,2019-05-15,2,7,2,10.36,0
9673,2020-05-08,2,4,11,14.36,0
85547,2019-05-25,2,2,13,26.91,0
61821,2022-12-15,1,6,7,27.32,0
10573,2019-01-22,3,5,12,35.62,0
44926,2022-08-08,2,7,12,14.22,0
25174,2020-08-23,1,9,3,44.64,0
55604,2023-12-18,1,4,3,12.45,0
97310,2019-05-03,1,7,4,49.88,0
58761,2022-05-14,2,3,12,10.2,0
88883,2021-09-14,1,4,5,49.12,0
40156,2019-12-13,1,4,12,6.23,0
29218,2021-10-23,3,2,8,19.16,0
20566,2020-11-16,1,10,4,32.32,0
49477,2023-08-25,1,3,1,46.76,0
43787,2020-10-01,1,3,9,23.84,0
18625,2022-10-12,1,1,7,26.72,1
71818,2020-03-07,2,10,5,7.1,0
42741,2020-11-28,1,1,13,25.57,0
76885,2022-12-22,2,3,9,48.6,0
9245,2023-02-14,2,4,7,4.29,0
52147,2022-01-31,1,9,3,44.11,0
46850,2021-04-28,2,7,6,21.82,0
70925,2021-10-07,3,5,11,2.13,1
9044,2021-12-09,2,5,1,33.58,0
98602,2020-02-02,2,8,8,15.89,0
96444,2021-12-07,3,5,6,19.83,0
82524,2021-01-25,3,4,11,8.61,0
7874,2021-12-27,3,5,3,40.42,0
46428,2019-04-02,3,10,4,49.27,1
65799,2020-04-15,1,10,4,39.22,0
53200,2022-04-03,2,1,10,31.38,0
24332,2023-03-27,1,10,2,13.1,1
57707,2022-02-12,2,4,4,41.79,0
81582,2023-04-06,3,10,7,43.91,0
53476,2019-03-26,1,8,5,10.23,0
34024,2022-01-05,1,4,10,48.29,0
21626,2023-02-23,3,7,5,22.07,0
26187,2023-01-21,3,8,10,11.87,0
85785,2023-01-08,3,7,10,46.21,0
25279,2021-09-14,2,7,13,17.13,0
4592,2019-04-28,1,10,2,36.92,0
56716,2020-04-21,1,9,1,5.84,0
69725,2022-10-11,1,10,12,26.62,0
71502,2019-11-04,3,3,13,26.09,0
56822,2019-12-16,2,6,12,19.92,0
59899,2023-01-08,3,5,7,19.46,1
1016,2022-07-10,1,8,8,29.29,0
4400,2023-12-13,2,10,3,25.25,0
18962,2019-10-08,2,7,6,37.74,1
33910,2021-12-23,3,1,3,30.14,0
91890,2022-08-24,3,3,9,18.15,1
69498,2022-10-30,1,9,9,12.84,0
62865,2023-11-26,2,1,4,20.84,0
13589,2023-04-23,1,10,2,44.27,0
59622,2022-05-20,2,4,13,31.36,0
17696,2022-03-30,2,4,1,38.43,0
84034,2020-08-25,2,6,5,39.37,0
11962,2021-06-20,1,6,11,44.73,0
12922,2019-08-24,3,10,2,8.82,0
55774,2023-06-12,1,3,11,21.65,0
34134,2022-11-11,2,10,13,48.22,0
55113,2019-02-18,1,5,7,43.59,0
60382,2022-12-25,2,7,9,24.96,1
62591,2023-09-17,3,1,2,24.89,0
38628,2020-01-21,3,7,11,12.6,0
4052,2022-06-05,2,10,2,2.53,0
32057,2020-08-27,2,5,7,3.68,0
71795,2022-01-02,2,4,2,46.88,0
81004,2019-01-12,2,2,4,17.35,0
78080,2021-07-02,2,6,1,40.79,0
89507,2022-10-29,2,3,13,30.27,0
73193,2019-08-13,3,3,5,29.84,0
72603,2021-09-15,3,10,13,5.85,0
42484,2019-08-20,1,1,9,12.02,0
82825,2019-03-05,2,8,4,4.04,0
7497,2019-02-03,2,4,7,13.21,0
13516,2022-02-27,3,7,10,42.9,0
51332,2019-02-17,2,3,4,4.3,0
35780,2021-11-19,3,8,7,27.58,0
81578,2022-07-26,2,8,7,27.19,0
67030,2023-07-13,2,1,5,48.88,1
62527,2023-01-06,3,7,3,3.85,0
82776,2020-09-22,1,6,4,18.24,0
23429,2022-06-17,3,2,7,35.28,0
93680,2020-03-24,3,8,2,15.83,0
99766,2020-04-25,1,8,4,34.54,0
96645,2021-03-27,2,3,10,18.18,0
99488,2023-03-14,2,3,5,16.12,0
86669,2020-10-18,2,5,5,4.64,1
70534,2019-10-10,3,3,7,49.84,1
43798,2020-03-26,3,9,4,3.01,0
61421,2023-06-24,3,10,9,14.47,0
81899,2021-11-28,2,5,13,6.43,0
23434,2021-03-08,1,9,12,43.45,0
85522,2019-11-17,1,9,3,29.22,0
57110,2023-10-16,1,3,3,45.78,0
88330,2022-12-18,1,2,9,7.02,0
72153,2022-10-06,2,7,7,21.46,0
52670,2020-11-07,3,2,5,25.71,1
79576,2020-07-31,3,10,4,32.57,0
68763,2023-03-02,2,1,4,19.45,1
15407,2021-03-31,2,7,7,43.12,0
80533,2020-05-22,3,5,9,23.62,1
84770,2019-03-31,1,9,9,26.69,0
27181,2022-06-22,1,7,2,4.67,1
65994,2020-09-15,3,1,9,27.19,0
73881,2023-03-12,2,6,12,24.82,0
94529,2022-04-08,3,3,2,23.28,0
7256,2019-12-04,3,9,12,37.73,0
22106,2019-02-17,2,6,3,34.03,0
49049,2021-11-07,1,1,11,7.24,0
22929,2022-08-23,3,5,8,26.06,1
52021,2020-06-30,2,8,12,48.01,1
73931,2020-03-10,1,8,6,5.97,0
93233,2021-07-01,3,2,8,20.4,0
44263,2022-05-21,1,1,9,13.78,0
43584,2021-06-14,3,8,12,8.33,0
5604,2020-05-21,2,8,9,23.9,0
5218,2019-03-05,1,6,9,44.97,0
3685,2022-04-02,2,10,1,5.65,0
45795,2019-10-05,1,1,12,26.33,0
96399,2019-10-16,3,5,13,10.01,1
29145,2022-11-06,2,1,12,14.09,1
47833,2021-01-03,1,8,7,14.78,0
60515,2020-07-23,2,9,7,31.54,0
38103,2019-12-20,2,5,9,22.33,0
28650,2021-09-25,3,5,8,32.49,0
7642,2023-12-05,1,1,11,15.13,0
77639,2022-12-28,1,6,9,15.92,0
47469,2023-03-06,2,10,2,13.41,0
52317,2019-07-09,3,6,6,37.42,0
88983,2022-01-22,1,1,4,4.14,0
36252,2021-04-06,2,1,8,7.21,0
72557,2022-03-03,2,7,3,28.85,0
15803,2019-12-27,1,3,4,8.81,0
79405,2019-01-18,3,4,4,40.3,0
229,2019-06-29,2,8,2,20.72,0
65429,2019-11-08,3,10,11,12.99,0
89673,2020-09-09,2,6,3,13.59,0
5214,2019-08-12,1,9,12,3.3,0
36825,2019-11-07,2,9,11,26.84,0
62701,2023-06-05,3,9,13,9.0,1
96984,2019-08-19,3,1,7,28.12,0
83396,2019-01-18,2,9,8,42.25,0
44756,2020-10-10,2,1,11,31.1,0
75554,2019-11-15,3,10,4,49.29,0
74952,2023-11-08,2,7,2,24.87,0
37327,2020-11-07,1,5,6,5.72,0
24931,2019-02-25,3,6,4,29.6,0
10230,2019-01-28,3,3,9,44.85,0
63068,2020-10-08,2,1,1,36.53,0
88735,2020-08-18,3,10,8,16.67,0
69282,2021-07-02,2,2,5,7.01,0
23266,2020-05-20,1,1,12,13.0,0
45423,2020-03-05,3,6,10,16.02,0
90392,2022-03-18,3,1,9,19.59,0
58091,2020-01-29,2,4,1,20.19,0
59695,2021-01-16,3,3,12,30.28,0
21224,2021-12-01,1,5,3,6.35,0
20797,2023-09-07,3,5,1,24.18,0
30351,2022-01-08,3,3,2,2.42,0
26043,2019-01-11,2,2,7,36.59,0
57275,2023-10-24,3,5,1,35.9,0
705,2022-10-17,2,3,9,14.19,1
84213,2022-08-28,2,6,13,27.98,0
88328,2021-03-26,2,5,7,43.67,1
87059,2022-06-21,3,6,8,6.36,0
22755,2022-02-26,2,6,12,25.65,0
28934,2023-08-15,3,4,4,11.76,0
4971,2019-09-14,1,7,8,2.04,1
48672,2019-09-12,2,6,10,13.37,0
86099,2019-06-09,3,5,12,29.08,0
51766,2019-02-02,2,6,9,20.35,0
77832,2020-06-13,2,10,6,27.12,0
99887,2020-09-12,2,4,1,26.99,0
42156,2022-04-28,2,8,3,37.86,0
7052,2020-06-16,2,10,6,4.08,1
99179,2022-03-13,1,2,12,17.63,0
14859,2023-03-25,2,7,1,17.47,0
57296,2021-11-29,3,10,12,39.14,0
23296,2019-07-20,3,1,11,43.42,0
74662,2023-08-07,1,5,3,33.88,0
52211,2021-04-19,1,3,5,5.9,0
39500,2019-03-01,3,9,13,48.21,0
28152,2019-11-08,2,2,1,5.86,0
8741,2019-07-29,3,6,1,18.62,1
94456,2020-12-17,1,6,10,13.56,0
45007,2019-11-27,1,4,8,22.66,1
69957,2023-11-29,1,2,4,31.44,0
6172,2021-11-07,2,1,7,25.77,0
60832,2023-10-13,2,3,11,46.37,1
3650,2019-11-11,1,1,4,20.85,0
28583,2023-07-25,1,3,9,41.8,1
66680,2021-09-14,2,8,12,42.22,0
72789,2020-08-12,1,1,7,26.91,0
61475,2019-01-29,3,8,4,26.48,0
5161,2022-08-22,3,6,3,11.15,1
39605,2020-11-15,1,4,3,37.7,0
18285,2019-07-18,2,8,12,5.72,0
9339,2020-09-21,1,7,10,22.66,0
75722,2019-01-10,2,2,8,40.51,0
30871,2021-11-13,1,1,2,9.73,0
62990,2023-07-09,2,6,2,5.51,0
3249,2019-04-20,3,7,6,21.31,1
96483,2021-10-18,3,10,11,14.48,0
82822,2023-04-18,3,1,10,2.43,0
43284,2019-07-12,1,7,1,7.55,0
96045,2019-08-05,2,7,5,25.8,0
57102,2019-06-14,1,7,7,26.47,0
17447,2023-03-06,1,5,5,4.9,1
46565,2020-10-10,3,7,2,28.76,1
81907,2023-10-26,3,7,13,5.03,0
57190,2021-06-29,2,3,10,35.63,0
56354,2022-07-14,2,6,4,49.08,0
78746,2021-03-01,1,4,4,45.7,0
90992,2022-10-24,1,2,4,26.1,0
75749,2021-02-23,2,4,2,6.57,0
98078,2019-04-23,1,8,12,11.88,0
72447,2020-10-06,2,5,10,27.66,0
86233,2019-02-25,2,7,12,17.33,0
10638,2019-07-14,2,5,3,9.54,0
36459,2019-06-01,3,2,3,30.1,0
7507,2019-02-16,3,6,7,13.8,0
59003,2019-12-09,1,2,11,46.98,0
65691,2023-01-24,3,8,8,27.02,0
67993,2020-07-12,3,3,5,19.07,0
43927,2023-03-19,2,8,12,12.84,0
37449,2020-07-13,1,7,4,5.05,0
2190,2020-10-12,2,4,1,30.05,0
79288,2019-02-04,3,10,5,31.58,0
77222,2022-02-23,3,9,6,11.63,0
16348,2020-10-14,3,4,5,37.07,0
93517,2020-06-16,3,3,8,30.67,0
43072,2019-04-04,3,7,2,8.72,0
76574,2022-12-16,1,10,10,19.81,1
94900,2022-08-29,1,7,7,32.64,0
69270,2020-07-07,1,5,5,17.77,1
92209,2023-01-06,2,6,7,25.11,1
3564,2020-06-07,3,4,8,11.44,0
44040,2019-10-11,1,10,4,29.95,0
66968,2020-09-19,3,1,13,41.29,0
22407,2022-11-09,3,8,5,30.16,0
3068,2021-02-23,1,2,13,12.12,0
9841,2022-11-25,2,6,4,48.68,0
70507,2022-05-31,3,5,2,29.21,0
99658,2020-07-13,3,8,8,37.7,1
34537,2023-12-22,2,1,3,10.3,0
45880,2023-01-04,1,7,11,14.61,0
73727,2023-08-02,3,4,1,4.44,0
57726,2022-08-03,1,10,4,26.69,0
63103,2023-02-20,1,7,6,11.66,0
69857,2019-08-09,2,6,10,12.74,0
6518,2020-07-20,3,2,5,17.95,0
9277,2021-03-23,3,7,5,29.4,0
84894,2021-04-11,3,8,3,3.59,0
7332,2019-10-22,3,10,1,14.81,0
87286,2021-09-15,3,1,3,30.56,0
11069,2023-07-18,2,8,4,30.92,0
2987,2021-05-09,1,2,4,33.76,0
66781,2023-03-14,2,3,9,31.08,0
41693,2021-08-30,1,1,10,7.79,1
24048,2021-08-09,1,6,7,14.65,1
64501,2021-12-21,3,7,13,39.61,1
58076,2020-06-16,2,4,11,21.29,0
34844,2020-03-29,1,7,11,18.88,0
11231,2019-08-29,1,6,6,32.51,0
91247,2022-09-27,2,1,13,14.05,1
42183,2019-02-15,3,8,5,42.19,0
28302,2020-12-12,1,6,3,39.76,0
51089,2023-12-17,3,9,7,10.04,0
29748,2019-05-10,2,7,8,29.36,0
82371,2019-08-19,1,3,7,16.65,0
5978,2020-06-23,1,3,11,11.27,0
61239,2022-08-17,1,5,2,42.26,0
96324,2021-08-21,1,4,5,15.77,0
65900,2023-04-06,2,5,1,21.59,0
31758,2023-08-12,1,8,8,29.48,0
97711,2021-08-02,1,1,8,30.04,0
95234,2022-06-26,3,9,4,25.65,0
69041,2022-02-16,2,4,1,14.92,0
28390,2019-02-18,2,2,4,6.16,0
38394,2023-08-30,2,1,11,14.01,0
1570,2019-10-20,1,10,11,16.21,0
69243,2022-04-21,1,4,11,31.11,0
63711,2023-09-16,3,7,6,30.0,0
56633,2023-12-01,2,9,9,2.67,0
65989,2023-07-28,1,6,11,34.75,0
5769,2020-04-08,1,3,7,49.91,0
42469,2019-12-13,3,1,9,6.89,0
51593,2020-09-03,1,4,5,35.39,0
29009,2019-11-19,3,6,8,15.41,0
90758,2021-11-11,2,2,12,6.01,1
68411,2019-02-24,1,1,3,22.67,0
9680,2023-05-25,1,3,4,34.71,1
48705,2021-03-05,1,10,5,18.96,0
50459,2022-12-06,2,3,8,3.35,0
43782,2021-05-06,3,8,3,40.87,1
90132,2019-04-03,3,4,8,25.36,0
3764,2021-09-18,2,5,13,18.08,0
11248,2019-07-08,3,9,10,36.98,0
86337,2020-11-19,2,1,11,45.8,0
99543,2021-05-04,3,8,11,23.31,0
5116,2019-07-22,2,8,6,20.82,0
32984,2020-02-03,2,5,13,26.61,0
92185,2020-06-09,3,1,4,10.09,0
67088,2023-09-25,2,4,10,35.13,0
61581,2021-01-20,3,2,3,28.26,1
50484,2023-09-05,1,8,6,27.15,0
9230,2022-08-27,1,1,1,6.69,0
15817,2023-04-22,1,8,2,32.53,0
60942,2021-12-24,1,10,6,48.59,0
59830,2019-05-05,1,1,2,6.93,0
65515,2019-06-03,3,3,11,42.6,0
90804,2020-07-25,2,7,13,34.41,0
13425,2023-01-29,1,5,2,34.2,0
2885,2019-12-26,1,8,11,30.52,0
85802,2020-04-16,2,3,1,34.8,0
39614,2022-08-01,3,10,7,42.23,0
27327,2023-04-11,3,4,9,11.01,0
35264,2020-12-07,3,1,5,46.51,0
64152,2021-11-03,3,10,9,9.59,0
90001,2021-05-13,3,10,10,5.36,0
81082,2023-07-19,1,6,5,2.31,0
55896,2020-10-14,1,1,4,12.24,1
60073,2021-01-04,1,5,10,39.16,0
89347,2022-04-29,1,2,11,24.57,0
91584,2021-10-25,2,1,3,24.86,0
75453,2021-02-19,2,3,3,27.72,0
24739,2023-02-27,1,3,4,19.96,0
80945,2020-03-20,2,4,6,22.49,0
61451,2019-10-22,1,6,5,15.94,1
9917,2022-04-29,2,10,3,39.6,0
71314,2020-03-21,2,10,13,39.83,0
94882,2021-04-12,3,7,3,16.52,0
80892,2023-05-22,2,1,13,11.31,0
8707,2023-12-24,3,5,5,3.51,0
12211,2019-01-23,3,6,13,40.64,1
29657,2022-04-30,1,9,8,14.48,0
710,2020-01-10,1,7,1,41.52,0
23621,2020-02-02,2,1,7,39.89,0
39520,2022-02-03,2,1,9,28.93,1
45355,2023-07-19,1,5,13,45.27,0
39282,2021-09-13,3,4,4,30.71,0
25219,2022-10-25,2,4,2,11.41,0
68028,2019-10-16,3,5,6,24.48,0
46089,2021-06-01,3,6,2,42.48,0
78016,2022-01-03,1,6,8,37.84,0
9151,2023-03-27,2,4,8,39.19,0
5418,2023-03-08,1,5,1,26.56,0
80251,2021-11-22,2,7,7,9.27,0
20188,2023-10-14,3,5,12,27.47,1
17539,2022-09-22,1,3,6,24.04,0
29016,2023-01-29,2,4,13,12.04,0
84898,2021-11-05,1,9,8,32.24,0
54446,2022-12-24,3,9,10,34.87,0
75033,2022-05-29,3,3,3,47.51,0
54057,2019-02-13,3,1,13,23.97,0
26247,2020-07-11,1,6,2,36.2,0
6875,2022-09-05,1,8,3,30.02,1
87388,2023-05-29,1,2,5,35.06,0
83376,2019-05-04,3,6,9,38.59,0
33691,2020-07-28,3,7,4,10.07,0
5287,2022-08-29,1,4,5,14.88,0
16494,2020-08-21,1,9,6,7.75,0
36759,2023-05-09,1,10,6,12.45,0
93166,2020-08-21,1,1,9,28.45,0
96524,2020-01-01,3,10,2,39.16,0
52268,2020-08-27,1,5,1,18.74,0
44484,2021-06-15,2,5,13,12.89,0
78488,2020-11-27,2,3,9,37.24,0
24085,2019-04-12,1,9,7,35.25,0
81264,2020-02-18,3,10,4,21.01,0
90973,2019-01-26,3,4,9,29.27,0
48862,2023-09-18,2,7,12,36.83,1
65663,2019-09-30,3,4,2,47.29,0
78566,2021-01-15,1,6,4,14.82,0
72979,2021-12-18,1,3,11,12.37,0
69592,2021-08-05,1,10,3,31.94,0
73225,2022-08-05,1,7,9,11.84,0
47051,2022-11-30,2,5,4,37.34,0
31033,2019-07-21,1,7,7,47.57,0
59506,2023-07-16,1,5,5,11.06,1
44641,2023-10-26,2,7,12,39.39,0
613,2023-08-27,3,9,10,19.34,1
117,2019-06-19,3,9,11,4.87,1
30092,2020-11-02,3,7,9,36.26,0
56121,2019-08-23,3,10,2,4.32,0
2366,2022-07-28,2,4,4,24.13,0
22373,2020-11-20,2,10,11,3.71,1
37693,2021-05-23,2,3,4,31.01,0
27933,2023-04-11,1,4,4,10.15,0
38225,2021-11-18,1,3,2,14.17,1
86096,2022-09-15,1,9,2,4.94,0
11875,2023-05-06,3,3,5,34.43,0
49893,2023-02-24,1,6,11,29.82,0
57889,2019-05-03,2,1,5,12.54,0
74874,2022-12-08,2,3,2,37.5,1
73717,2023-08-21,1,5,5,26.7,0
78980,2023-08-12,1,1,1,37.09,0
56271,2021-07-06,1,8,12,36.2,0
5134,2019-07-02,3,2,1,45.99,0
7637,2020-08-10,1,4,2,7.8,0
21893,2022-05-06,1,1,8,38.99,0
61667,2020-11-23,3,2,4,29.74,0
55642,2020-12-06,2,2,3,46.59,0
7028,2020-07-31,1,7,1,9.4,0
10263,2019-08-08,2,10,1,20.58,0
52576,2021-01-21,3,2,3,29.44,0
70603,2021-03-18,3,8,9,23.35,0
19803,2022-04-17,2,7,3,16.27,0
27185,2022-04-25,2,6,8,28.34,1
14143,2022-04-22,3,1,4,45.77,0
42109,2021-03-10,1,10,4,28.49,1
24602,2020-08-24,3,9,7,9.37,0
53136,2020-08-10,1,10,5,41.47,0
66069,2022-11-21,3,10,8,5.62,0
2701,2023-12-04,1,4,2,13.79,0
98775,2020-09-28,1,9,6,13.88,0
24315,2020-12-26,3,4,4,31.28,0
90344,2020-07-24,1,9,4,37.34,0
82160,2023-02-11,1,1,8,7.72,0
42431,2022-04-18,2,6,7,9.84,0
44638,2021-08-25,2,9,6,47.2,1
74424,2020-01-02,1,3,4,30.08,0
14227,2021-03-12,2,1,2,5.41,0
28413,2019-01-04,1,6,13,9.27,0
81818,2023-11-29,3,7,9,5.74,0
77011,2021-07-05,1,2,3,21.0,0
33243,2021-11-20,1,1,7,42.07,0
80822,2020-09-22,2,7,1,36.25,0
66228,2020-11-11,1,8,5,48.61,0
12951,2023-11-05,3,2,5,37.58,1
9416,2020-05-09,3,5,5,36.22,0
22785,2020-07-08,2,1,4,38.25,0
71573,2019-07-22,2,3,13,8.65,0
25216,2022-01-11,1,7,10,35.27,0
78895,2021-03-08,3,7,10,35.0,0
25694,2021-06-20,2,2,6,2.53,0
8391,2020-10-03,2,2,3,34.46,0
20852,2019-04-05,2,5,12,7.46,0
66161,2023-12-24,2,3,10,47.63,0
77565,2021-07-31,2,2,1,34.82,0
33886,2020-04-28,3,8,7,19.27,0
66523,2019-12-27,3,1,6,12.07,0
12678,2020-03-28,3,1,9,19.37,0
41321,2021-01-04,3,4,10,14.39,1
64539,2020-01-14,1,10,6,23.58,0
65090,2021-06-05,2,6,9,6.83,0
75328,2021-05-17,3,3,2,46.05,0
43807,2023-03-15,2,2,3,5.05,0
20773,2022-04-24,1,6,12,13.64,1
29429,2022-03-21,1,5,1,22.78,0
34741,2020-11-14,3,2,6,21.04,0
52583,2022-09-25,2,6,1,26.54,0
9206,2023-10-05,2,9,2,13.28,0
37790,2020-11-14,3,2,9,4.72,0
61370,2022-08-09,2,1,12,43.07,0
46278,2019-10-08,3,5,4,7.5,0
74529,2022-01-31,2,9,5,34.33,0
87797,2019-07-06,2,3,10,33.97,1
82277,2019-12-04,2,7,13,6.34,0
22196,2022-01-09,1,3,1,26.6,0
31580,2019-01-21,2,8,8,30.09,0
67366,2021-10-30,3,1,8,18.03,0
86641,2021-06-17,2,8,11,18.45,0
90998,2022-07-29,2,6,3,41.97,0
6164,2023-05-22,1,5,9,30.79,1
23715,2019-10-15,3,6,3,25.04,0
2523,2021-03-14,1,8,5,16.46,0
40273,2020-02-03,1,4,7,25.32,0
84587,2022-10-20,2,2,8,19.07,0
91061,2020-07-28,2,3,11,15.36,0
49406,2019-01-02,1,7,11,21.42,0
81808,2023-11-20,2,10,10,15.83,0
20888,2022-02-04,3,8,6,26.63,0
9002,2022-03-13,1,1,1,30.46,1
78383,2020-12-07,1,2,3,31.38,0
17227,2022-09-18,2,3,7,43.33,0
15698,2019-08-30,3,2,10,32.85,1
77905,2019-11-27,2,3,10,13.8,0
28974,2019-11-21,1,8,6,42.02,0
13564,2023-02-11,1,6,11,11.86,0
48245,2021-07-04,3,2,8,41.08,1
71042,2021-03-19,2,8,9,2.44,1
71078,2023-08-10,1,10,2,19.57,0
19901,2022-10-30,3,2,1,49.76,0
62505,2022-03-05,1,1,6,41.48,0
4753,2020-12-12,1,9,1,29.77,0
4815,2021-06-24,3,7,5,22.5,0
8008,2021-10-08,3,4,9,34.81,0
20990,2022-05-08,1,3,2,48.99,0
71283,2022-09-18,2,4,11,38.63,0
5508,2022-06-02,1,1,10,11.8,0
90040,2022-12-29,2,6,12,2.79,0
41792,2022-11-27,2,4,5,41.94,0
73523,2019-01-01,1,9,9,27.85,0
71084,2020-05-14,2,5,6,47.92,0
46706,2019-12-01,2,10,4,42.14,1
30985,2022-10-28,2,8,5,9.34,1
91363,2020-03-22,2,4,13,6.47,0
69472,2023-06-06,3,5,4,16.97,0
67970,2019-04-25,2,1,2,44.02,1
41230,2021-01-07,2,3,8,36.1,0
55894,2021-11-30,1,1,11,40.94,0
55144,2019-02-08,3,1,6,5.52,0
72388,2022-03-29,1,6,3,12.98,0
11987,2023-04-12,3,1,10,6.77,1
58483,2023-01-25,2,1,7,38.9,0
82345,2023-02-03,1,2,11,26.29,0
40289,2023-09-13,3,9,4,35.04,0
27159,2021-01-19,3,2,10,14.18,0
19068,2021-11-14,2,5,4,3.06,0
11324,2022-02-21,1,7,6,5.79,0
64578,2022-12-31,1,2,1,15.67,0
15958,2019-09-05,3,9,2,40.27,0
3660,2021-10-12,3,2,12,17.48,0
81154,2022-03-18,2,1,11,33.8,0
35561,2019-07-08,1,3,11,9.1,0
96326,2020-11-10,3,4,11,14.27,0
42672,2019-03-08,1,2,13,5.29,0
3350,2019-12-25,2,6,2,37.68,1
54706,2021-06-10,2,10,7,3.86,0
10177,2022-12-11,2,10,12,6.28,0
8766,2023-05-08,1,5,10,13.13,0
49970,2021-03-10,1,4,9,3.86,1
44839,2021-07-11,1,8,8,46.57,0
97803,2021-03-25,3,4,7,46.72,0
91742,2020-02-25,1,4,13,18.36,1
37185,2022-12-06,3,3,6,30.01,0
33912,2020-02-29,2,6,4,43.98,0
21200,2022-12-25,2,4,12,10.78,0
76698,2021-11-19,2,7,13,34.12,0
73361,2019-11-17,1,7,6,14.89,0
52980,2022-09-11,1,7,12,8.28,0
13769,2020-04-13,3,10,11,6.81,1
21985,2023-07-30,1,8,5,19.46,0
48305,2019-02-28,1,4,11,46.86,0
3241,2022-06-28,3,4,3,45.47,0
21684,2022-05-02,1,3,3,48.69,0
6491,2019-07-23,1,1,10,35.45,0
5205,2021-05-15,1,5,2,12.47,1
47957,2021-04-23,2,6,6,33.7,0
89997,2020-11-03,1,4,10,40.98,0
25730,2020-11-13,3,1,12,9.76,0
30212,2022-11-06,1,4,2,41.91,1
37987,2021-04-27,3,4,7,34.66,1
28751,2021-10-26,1,3,8,14.27,0
55832,2022-02-11,1,1,1,31.9,1
14413,2021-01-30,3,4,5,18.22,0
38305,2020-06-22,2,7,5,35.28,0
32242,2023-12-18,1,5,5,31.29,0
66338,2022-09-08,3,3,11,2.23,0
70063,2022-09-17,2,5,1,46.53,0
44997,2023-12-02,2,5,13,23.53,1
78245,2022-10-10,2,2,1,26.06,0
17197,2020-08-14,1,4,8,32.31,0
75224,2019-04-15,2,5,10,42.74,0
25481,2020-02-07,2,1,7,46.13,0
32332,2023-09-12,2,8,7,23.89,1
51018,2022-05-02,1,5,7,43.46,0
83803,2022-09-27,1,3,12,2.95,0
77720,2022-09-09,3,4,2,41.92,0
76831,2022-05-17,1,3,1,44.64,0
24081,2020-06-01,1,3,3,37.6,0
28036,2023-10-26,1,4,11,47.68,0
89167,2022-07-27,1,6,1,21.9,0
22960,2019-04-08,3,5,3,13.5,0
99164,2021-08-08,1,2,12,32.77,0
3980,2020-05-05,3,7,13,43.15,0
83304,2019-08-29,3,10,11,46.38,0
74743,2022-10-15,3,9,6,48.43,0
60016,2022-01-06,1,3,7,10.81,0
50679,2022-07-19,2,2,6,28.98,0
62894,2021-05-22,1,2,13,24.15,0
90404,2021-04-08,3,2,2,16.37,0
20508,2019-09-09,1,2,5,44.57,0
79027,2023-06-02,1,6,9,44.45,0
23919,2019-08-10,2,4,11,9.97,0
95262,2019-06-14,2,3,3,19.43,0
52155,2022-03-09,3,10,11,22.55,0
9204,2022-09-21,3,6,6,10.01,0
78168,2022-12-07,2,3,2,49.81,0
97254,2021-12-22,3,3,2,13.07,0
51372,2023-08-12,2,1,10,16.66,1
25390,2020-04-06,3,3,4,36.17,0
7860,2019-05-13,1,7,11,37.67,1
24928,2022-04-08,1,4,13,39.36,0
93918,2019-03-09,3,3,10,24.15,0
44850,2020-01-11,2,4,8,13.91,0
54287,2020-03-10,2,9,3,13.79,0
14940,2021-07-31,1,7,9,14.91,0
57317,2021-10-21,1,4,7,45.05,0
61240,2021-12-15,3,9,12,7.52,0
46137,2021-11-29,2,4,1,8.28,0
87791,2023-04-26,3,8,1,18.25,0
30635,2022-04-11,2,8,7,7.62,0
23297,2020-07-12,2,2,7,3.08,0
66940,2019-06-30,1,5,12,45.55,0
62651,2019-12-25,2,9,1,29.01,0
45620,2023-08-20,2,3,5,37.47,0
86304,2021-06-08,2,1,5,14.83,0
92370,2023-05-30,2,9,9,13.46,0
33772,2019-06-21,1,9,11,26.75,0
92205,2020-09-01,1,10,10,41.0,1
29284,2022-09-01,2,6,5,13.55,0
43664,2020-09-28,2,5,4,2.68,0
37480,2023-06-21,2,6,4,10.65,0
53546,2019-10-31,2,8,11,16.85,0
55014,2019-06-28,3,3,5,27.98,1
68559,2022-07-04,2,9,13,10.23,1
39376,2022-08-28,1,9,2,20.96,0
18326,2023-04-14,2,3,13,25.19,0
15208,2019-03-22,2,6,1,15.96,0
21496,2023-09-28,2,9,7,34.24,1
95061,2021-12-24,1,7,1,15.85,0
70196,2021-03-21,1,6,9,20.34,0
63197,2021-03-21,2,9,2,16.12,1
86394,2020-12-16,1,1,2,20.77,0
86614,2019-06-03,2,3,13,42.23,0
94708,2020-07-21,1,3,5,44.18,0
52809,2021-12-14,1,3,5,26.45,1
83005,2021-10-23,2,7,10,45.49,0
49508,2019-03-25,3,5,5,12.21,1
4457,2023-12-05,1,4,9,14.88,0
58334,2020-10-19,3,6,1,34.68,0
63517,2020-01-03,2,9,9,45.1,1
74688,2021-08-13,1,4,6,17.27,1
65768,2022-01-26,1,8,11,22.92,1
2282,2019-10-04,1,1,8,24.3,0
48076,2021-03-07,2,2,13,47.49,0
56626,2023-11-12,1,10,7,31.39,0
7235,2019-08-31,3,9,9,37.4,1
14094,2020-02-01,1,10,6,16.83,1
20244,2023-09-04,3,9,5,19.45,0
68500,2023-04-06,3,6,5,23.11,1
78915,2023-05-12,3,6,2,11.77,0
49791,2020-09-12,1,2,4,27.97,0
17470,2022-04-01,3,2,12,45.58,0
73677,2023-06-03,2,10,4,5.34,0
28228,2023-07-03,1,6,5,14.46,0
17916,2023-03-29,1,8,9,11.95,1
17543,2019-10-25,3,7,9,34.14,0
14063,2019-07-08,1,2,8,44.84,0
29209,2022-07-18,1,2,1,39.72,0
72824,2023-09-30,2,3,4,28.99,0
54170,2020-04-10,1,8,8,36.51,0
46754,2023-05-31,3,2,4,39.44,0
75616,2023-02-18,2,2,11,26.41,1
45738,2019-04-25,2,3,1,2.75,0
65465,2023-12-12,2,5,11,8.03,0
32441,2021-01-09,3,1,8,19.64,0
265,2019-05-13,3,3,10,2.49,0
46993,2022-02-27,1,7,7,19.91,0
990,2021-03-07,1,7,6,33.0,1
91627,2019-03-22,1,3,10,14.34,0
3867,2022-12-04,3,7,13,40.82,0
69188,2019-08-26,1,7,5,23.13,1
77225,2022-07-15,1,2,2,8.3,1
55741,2020-01-02,3,10,11,44.29,0
59664,2023-04-14,3,9,8,8.22,0
54844,2020-02-14,1,2,9,20.23,0
93864,2020-10-16,1,3,9,45.86,0
4145,2022-11-26,2,8,12,24.51,0
46807,2023-11-27,3,10,13,13.74,0
42632,2023-06-13,3,3,13,18.73,0
30922,2023-10-05,1,1,13,8.78,0
960,2023-06-19,2,1,6,17.9,0
93422,2022-11-06,2,1,4,46.79,0
62242,2022-12-01,3,5,10,5.59,1
70245,2023-11-22,1,1,8,9.92,0
60368,2021-01-06,1,3,8,27.85,0
18999,2019-06-29,1,10,10,33.82,0
29608,2022-01-29,1,8,3,41.65,0
32449,2023-03-09,2,10,2,8.63,0
18145,2019-08-26,2,7,11,14.84,0
60907,2020-05-29,1,1,9,16.41,0
89795,2019-02-09,1,7,7,14.11,0
51455,2021-12-25,3,5,1,39.22,0
86426,2023-06-11,3,8,3,5.98,0
82674,2022-08-17,2,7,7,27.18,0
5458,2020-09-09,2,3,2,20.35,0
35966,2022-07-11,1,5,4,31.04,0
28329,2023-07-13,1,6,5,34.72,0
83902,2021-07-19,1,9,3,20.63,0
52453,2020-10-25,2,3,3,48.85,0
11449,2020-02-25,2,6,13,6.35,0
54296,2021-12-20,1,4,12,38.95,0
20121,2020-08-25,3,2,6,26.18,0
35603,2022-11-14,1,6,9,17.21,0
30019,2021-05-09,2,9,12,25.72,0
22041,2022-09-13,2,10,8,27.29,0
73190,2020-09-25,3,9,4,24.26,0
49245,2022-10-25,1,9,1,40.84,0
83734,2020-08-20,3,1,7,46.01,1
54198,2023-05-14,2,2,7,10.81,0
56539,2020-09-06,3,4,11,16.9,0
43362,2019-11-04,1,4,2,6.89,0
93930,2020-03-28,3,6,12,9.83,0
66286,2023-04-21,3,1,3,46.86,0
21596,2020-04-28,1,10,1,38.49,1
22412,2023-02-22,2,8,8,4.06,0
17344,2020-10-22,3,1,2,32.86,0
45240,2019-06-03,2,5,9,40.05,0
6476,2022-03-17,3,10,2,2.39,0
48667,2020-11-03,2,8,7,29.56,0
27093,2019-03-06,2,10,7,27.35,0
46331,2020-11-26,3,3,7,10.48,1
24218,2022-04-30,2,9,3,10.36,0
52803,2023-11-14,2,6,5,27.08,0
94770,2021-03-29,3,2,8,24.27,0
36445,2019-10-05,1,6,3,10.8,0
98391,2023-06-13,1,5,11,25.87,0
46654,2020-10-21,1,4,1,3.09,0
71160,2023-09-28,3,6,3,7.55,1
96916,2019-04-15,2,3,2,9.05,0
80451,2021-10-28,2,9,4,45.59,0
71440,2020-02-03,1,6,9,38.06,0
67604,2021-12-14,2,5,1,15.08,1
48128,2022-01-31,1,7,12,21.94,0
17596,2020-01-15,1,9,5,18.54,0
8697,2022-07-29,1,4,13,9.04,0
37252,2022-07-28,3,1,5,45.31,0
3302,2021-04-07,2,1,2,45.88,0
29534,2020-10-29,2,4,2,41.6,1
35774,2022-04-20,3,1,2,15.17,0
87468,2021-07-10,2,6,11,14.05,0
22030,2021-11-20,3,6,3,40.51,0
9317,2022-09-23,2,6,10,45.57,0
89079,2020-07-31,2,1,13,43.04,0
98461,2022-05-18,3,6,1,47.2,1
73729,2022-01-13,3,1,4,38.47,0
41719,2020-02-09,2,5,8,13.73,1
5758,2019-07-05,3,7,4,40.66,1
72995,2020-04-09,3,6,4,37.64,1
64791,2020-03-21,1,2,9,21.65,0
37671,2019-05-27,2,9,9,25.04,0
66119,2021-07-12,1,4,4,24.03,0
1830,2023-09-28,1,10,5,28.88,0
46424,2020-05-17,3,5,6,21.14,0
87292,2020-07-15,3,3,11,42.54,0
62290,2020-03-12,1,2,11,43.13,0
32960,2019-10-15,2,7,13,11.42,0
66590,2023-02-28,1,7,1,32.06,0
54264,2019-06-07,3,3,8,15.54,0
66259,2022-10-06,2,4,5,25.57,1
83908,2021-03-11,1,1,6,6.36,0
86462,2019-10-22,3,9,10,48.32,0
64533,2022-01-09,2,6,11,29.54,0
31936,2023-05-05,2,5,13,4.18,1
42772,2020-12-02,3,2,9,28.18,0
51923,2023-04-12,1,1,10,36.37,0
89595,2022-10-18,1,4,5,39.55,1
12183,2023-05-16,3,5,10,10.98,0
70554,2023-12-04,2,2,6,35.92,1
18474,2020-05-29,1,2,12,6.98,0
83999,2020-12-18,3,2,2,3.09,0
82918,2020-03-03,1,8,10,3.26,0
51606,2022-12-21,3,6,12,36.92,0
19167,2023-08-17,1,8,12,20.27,0
71594,2020-12-25,2,3,4,15.68,0
57089,2019-09-24,3,9,9,13.94,0
57357,2019-08-31,1,4,9,39.15,0
97866,2021-06-17,2,10,13,9.16,1
84775,2019-05-09,1,9,7,32.96,1
31048,2021-07-03,1,9,2,10.13,0
49280,2023-06-13,1,6,5,27.51,0
41826,2019-08-10,2,5,13,34.05,0
68501,2020-01-14,1,8,13,3.07,0
86561,2022-01-28,3,4,8,6.7,0
36047,2023-03-26,1,8,10,10.04,0
61753,2022-03-20,2,7,2,17.97,1
52824,2019-02-11,2,8,7,4.49,0
23654,2019-12-17,2,8,9,20.68,1
5875,2023-05-27,3,5,1,41.55,0
37954,2020-05-17,2,7,11,38.59,1
74722,2020-09-11,3,6,7,30.95,0
203,2019-04-18,1,7,5,22.87,0
49666,2023-03-07,1,7,5,19.8,0
44968,2021-10-20,3,5,12,16.44,0
94748,2023-10-26,2,6,13,15.95,0
33724,2020-02-23,1,9,13,42.67,0
34132,2019-11-18,2,4,10,47.17,0
81176,2020-03-05,1,2,7,44.79,1
83430,2019-12-21,3,9,1,9.91,0
4398,2019-12-29,2,6,1,30.22,0
15538,2022-09-24,1,1,7,25.72,0
47910,2019-12-04,2,7,1,7.46,0
87714,2023-10-05,3,8,2,7.59,0
88314,2019-04-27,2,8,1,38.17,0
32428,2021-12-17,3,2,12,22.55,0
6982,2023-04-27,2,4,1,16.77,0
95210,2022-11-05,2,4,8,18.34,0
35477,2023-01-03,2,6,5,41.59,0
88113,2021-01-13,1,8,6,19.11,0
93455,2020-10-21,3,8,4,33.58,0
3574,2020-03-17,2,7,11,18.47,0
54299,2021-09-06,3,10,13,29.77,0
92115,2019-11-28,1,5,9,17.66,1
49166,2022-01-23,1,2,3,48.93,0
36920,2020-05-14,1,10,5,29.25,0
8533,2019-10-16,1,7,8,40.5,0
2260,2022-04-26,1,2,5,13.58,0
12203,2023-12-19,1,4,13,32.57,0
76021,2022-01-07,1,1,8,46.64,0
87257,2021-08-05,1,6,3,48.2,0
85578,2020-01-11,1,3,7,30.45,0
43622,2020-01-30,3,5,1,5.32,0
57546,2023-06-26,1,9,9,46.4,1
54395,2022-08-16,2,5,2,23.31,0
60827,2019-06-12,3,10,9,18.22,0
49483,2019-02-18,2,7,7,34.37,0
69025,2020-05-27,1,6,1,6.14,0
6708,2023-03-13,1,10,10,23.95,0
81964,2019-05-11,1,7,1,38.02,0
38044,2023-03-07,2,10,1,46.81,0
38602,2023-03-17,3,7,8,27.7,0
61546,2020-07-17,3,9,13,45.72,0
71491,2021-05-09,2,7,3,5.85,1
31387,2021-03-24,2,1,10,40.38,0
58110,2023-06-22,3,6,13,22.71,1
91260,2019-07-13,1,5,13,28.93,0
68708,2019-11-16,2,1,9,12.18,1
44664,2023-07-25,3,4,8,30.03,0
71247,2022-08-10,3,1,12,40.49,0
96362,2019-03-26,2,9,8,29.12,0
96791,2023-03-24,1,5,8,30.18,1
33413,2020-06-06,2,9,3,42.13,0
38835,2019-11-22,2,9,2,8.98,0
99490,2019-09-14,1,3,12,45.46,0
30277,2021-10-17,3,7,12,3.81,0
74511,2021-04-11,3,10,11,14.01,0
27957,2019-03-23,1,4,13,26.07,0
53544,2022-03-22,2,9,2,41.83,0
75456,2019-03-14,2,3,3,14.48,0
39882,2020-07-29,1,3,10,29.74,1
31477,2023-05-19,1,6,8,33.36,0
42553,2020-10-09,1,1,5,4.43,0
88500,2022-04-22,1,8,3,40.53,0
32776,2019-12-03,2,2,12,33.85,0
68021,2021-11-28,1,8,6,45.61,0
84148,2020-06-02,1,6,3,48.31,0
62980,2020-09-02,1,10,1,40.12,1
42049,2019-06-02,2,6,5,27.25,0
18743,2020-04-18,2,6,6,26.74,0
15153,2019-08-05,3,8,7,35.7,0
30879,2021-06-04,3,1,4,20.54,0
85340,2020-06-29,2,3,6,37.81,0
21782,2019-10-20,2,1,6,39.22,0
61940,2019-06-24,1,8,5,23.12,0
91983,2020-04-17,3,4,3,43.71,1
15152,2020-06-19,2,1,4,2.57,0
8229,2019-04-01,1,2,8,25.8,0
42473,2019-04-13,2,2,10,28.35,1
39092,2023-11-10,1,8,3,31.67,0
596,2023-10-06,3,9,4,30.83,0
75061,2023-06-20,1,5,8,20.07,0
27520,2021-08-13,1,2,7,7.29,1
76154,2021-10-24,1,1,8,45.37,0
67455,2023-12-28,3,2,4,20.85,1
78584,2022-03-22,3,4,3,24.2,0
87965,2019-12-23,2,6,9,39.18,0
36416,2020-06-21,2,10,3,35.66,0
19282,2019-09-14,1,10,2,37.89,0
28116,2020-02-11,3,10,11,46.14,0
38242,2022-02-06,1,9,13,42.36,0
9402,2019-10-11,2,6,5,5.21,0
33502,2020-01-01,1,1,8,34.29,0
86977,2023-08-14,1,2,12,9.46,1
6256,2021-05-07,1,4,13,3.52,0
21875,2023-05-22,2,6,5,23.0,0
1274,2023-09-10,3,7,2,40.58,0
55926,2020-03-14,3,8,2,12.19,0
68530,2021-10-25,1,5,2,21.05,0
75475,2020-01-04,3,3,1,6.28,0
83420,2022-06-10,1,6,7,2.13,0
42685,2022-07-25,1,8,7,16.73,0
61973,2021-07-31,2,3,11,3.75,1
21074,2022-05-22,2,3,1,28.8,0
72012,2019-02-07,1,3,6,17.69,0
70283,2022-04-17,3,1,9,45.77,0
39226,2020-11-30,1,1,1,13.14,0
45640,2019-10-11,2,2,13,26.56,0
440,2021-11-19,1,1,1,17.75,0
15491,2022-06-20,1,5,11,26.21,0
75344,2023-03-15,3,3,13,3.76,0
15115,2023-08-25,1,5,10,31.48,1
27881,2021-03-08,3,3,13,38.96,0
38736,2021-05-03,1,4,9,2.96,1
3506,2020-04-18,3,1,1,44.96,0
34932,2019-12-03,3,1,6,14.91,0
7180,2021-08-07,1,10,12,40.18,0
16818,2021-12-23,3,2,1,49.9,0
997,2021-10-06,1,6,10,13.98,0
72848,2019-08-10,2,5,3,22.99,0
65101,2023-03-25,3,8,3,6.76,0
17423,2023-08-01,1,4,8,2.78,1
14423,2020-01-01,2,8,13,14.31,1
52222,2023-04-12,2,2,10,22.43,0
57178,2020-01-09,3,3,12,47.13,0
73195,2020-03-28,2,6,4,30.1,0
97547,2023-08-18,1,3,13,4.3,1
30303,2019-08-05,2,10,6,46.47,1
84261,2023-06-23,3,7,1,29.15,1
49462,2019-01-13,3,2,2,14.96,0
76288,2020-09-08,1,1,7,18.32,0
42559,2023-02-24,2,8,4,12.07,0
16846,2022-07-14,2,1,4,43.85,0
59140,2022-07-07,3,8,4,3.43,0
66541,2023-05-07,2,4,12,41.12,0
69575,2019-05-10,3,5,11,20.34,0
76417,2020-07-04,3,3,5,36.32,0
23980,2020-04-01,1,4,13,7.64,0
63500,2021-07-24,3,7,1,11.65,0
71698,2021-01-07,2,2,11,49.75,0
5402,2023-05-18,3,3,8,30.98,0
86684,2019-10-15,3,1,13,39.26,1
73963,2023-05-25,2,4,9,6.34,0
47081,2019-02-23,2,4,12,39.66,0
10020,2022-09-17,2,1,6,37.02,0
75448,2023-05-16,2,3,5,10.82,0
35987,2021-08-05,3,2,5,6.81,0
13000,2021-12-15,2,2,9,8.62,0
67727,2021-02-01,3,2,11,49.84,1
61725,2023-01-12,3,5,11,24.48,0
55388,2020-02-11,1,4,5,48.43,0
14470,2023-05-22,3,9,11,47.0,0
32309,2021-07-08,2,8,5,5.77,0
7706,2023-12-08,3,3,2,36.66,0
41768,2021-08-24,1,9,5,26.2,0
34288,2021-07-14,2,6,6,28.55,1
22002,2020-10-11,3,2,3,12.74,0
51413,2020-05-11,3,10,11,14.83,0
34783,2022-11-09,1,1,4,48.49,0
54846,2023-05-28,1,10,13,27.93,0
18863,2020-02-23,1,1,8,44.08,0
87192,2019-10-31,2,1,9,39.73,1
6419,2023-08-19,2,6,12,30.55,0
62936,2021-10-07,2,3,2,48.92,0
73184,2023-09-29,3,1,7,47.67,0
94039,2020-01-12,3,3,1,34.48,0
67253,2022-04-04,1,3,8,43.64,0
28304,2022-09-10,3,3,11,28.81,0
14134,2020-10-03,3,7,7,27.53,0
17973,2022-06-05,2,7,6,35.82,0
71500,2021-11-17,2,8,11,44.22,0
50883,2022-12-01,2,7,5,17.74,0
53826,2022-05-07,2,2,4,9.19,0
53993,2023-06-21,3,6,8,12.59,0
15902,2022-05-23,1,2,4,14.01,0
58819,2023-03-21,3,4,8,9.96,0
74695,2021-07-23,1,3,1,37.8,0
57019,2022-02-20,2,5,7,22.0,1
72216,2023-07-19,2,2,4,7.38,0
51667,2023-08-22,2,6,3,2.23,0
6147,2022-07-31,1,2,5,6.2,0
22967,2023-01-04,2,8,11,41.62,0
55040,2021-08-15,2,2,6,45.11,0
87942,2020-03-05,2,7,3,9.62,1
5154,2021-03-17,3,6,13,3.67,0
77912,2021-06-10,2,2,7,35.01,0
25627,2022-12-22,1,8,4,11.54,0
26580,2022-05-09,3,7,3,5.25,0
85095,2021-12-23,3,6,4,45.17,0
61910,2023-12-27,3,2,2,26.37,0
38726,2019-07-26,1,8,3,42.1,1
97374,2019-06-20,2,3,11,19.89,1
35046,2021-06-30,2,2,12,49.07,0
29602,2020-02-21,3,8,4,41.63,0
1006,2023-11-08,1,10,3,33.47,0
35469,2022-08-20,2,5,9,21.3,0
241,2020-08-08,1,10,10,15.54,0
49059,2019-08-17,3,10,3,38.02,0
78756,2021-02-07,1,10,4,8.87,0
61358,2022-12-16,1,5,10,22.71,0
36917,2019-05-17,1,2,5,25.13,0
31334,2022-04-03,3,3,12,16.0,1
49899,2023-08-02,3,8,4,13.23,1
82247,2021-12-13,3,10,1,48.5,1
99691,2023-08-13,1,7,7,17.0,0
29741,2021-04-25,1,6,11,31.19,0
54531,2021-03-31,1,7,7,20.11,0
96577,2021-08-11,3,9,10,22.09,0
51780,2019-04-17,3,6,6,35.81,0
47582,2020-01-16,1,8,12,31.35,0
30612,2020-11-25,2,10,2,49.15,0
99102,2019-04-15,1,9,2,30.84,0
27011,2021-01-03,2,7,5,2.78,1
18423,2019-11-22,2,9,3,27.15,1
91585,2020-01-19,3,6,1,6.2,0
90115,2020-10-06,1,3,12,36.69,1
11544,2022-02-17,3,10,4,47.56,0
2051,2019-05-12,2,2,7,28.77,0
65049,2021-02-18,3,10,1,7.22,0
34833,2020-05-28,1,9,11,2.7,0
65650,2020-12-02,3,2,9,17.73,0
1579,2023-07-27,1,8,4,33.67,0
91075,2023-06-08,3,1,11,14.28,0
33483,2023-02-24,3,5,7,12.99,0
81972,2022-04-19,2,7,1,13.96,0
44303,2019-04-14,2,1,2,47.9,0
3772,2020-01-31,3,7,12,26.95,0
45911,2023-05-04,3,5,13,5.2,0
17231,2023-12-11,2,5,8,35.42,0
71883,2020-06-28,2,8,8,46.2,1
73839,2019-04-21,2,10,9,23.25,0
8740,2021-04-21,3,3,13,3.79,0
74472,2019-12-07,2,4,12,36.86,0
87333,2019-04-25,3,1,7,15.47,0
54262,2020-01-06,3,6,3,33.5,0
37870,2022-12-25,3,6,11,10.4,0
23226,2019-06-17,2,3,6,16.25,1
39163,2021-07-17,1,1,5,24.22,0
4062,2020-09-25,3,1,3,29.77,1
72894,2023-04-01,2,6,9,40.4,0
6694,2021-02-16,1,1,5,13.16,0
71255,2021-07-31,1,10,9,20.22,1
76004,2020-04-15,3,2,10,17.79,0
6867,2019-11-26,1,5,4,31.84,0
4642,2023-10-30,2,5,8,22.44,0
91764,2019-09-27,3,2,2,4.37,0
15961,2020-10-12,3,8,10,49.8,0
89561,2019-03-28,3,4,13,4.39,0
29150,2022-04-20,1,8,12,38.0,0
34963,2021-09-19,2,4,2,41.21,0
41756,2022-09-19,1,3,2,4.06,0
98138,2023-11-03,2,7,7,42.32,0
742,2022-02-28,2,5,4,11.97,0
71622,2021-02-02,3,1,13,47.11,0
54236,2022-12-04,3,4,7,44.26,0
80975,2019-09-07,3,9,8,22.09,1
38176,2019-07-12,1,10,3,11.38,0
332,2021-09-28,1,1,10,21.33,0
64569,2021-01-26,2,9,12,7.47,0
31687,2020-06-18,2,7,8,30.85,1
73469,2020-03-27,3,2,7,17.88,0
20983,2022-11-30,3,9,1,33.29,0
82318,2023-05-05,3,5,12,2.72,0
13374,2023-09-08,1,9,11,7.58,0
98130,2022-03-21,1,10,1,11.8,0
22417,2021-02-17,3,8,2,32.95,0
36570,2021-03-22,3,6,3,46.06,0
51099,2021-03-26,2,6,7,6.3,0
14228,2020-09-28,3,4,1,22.64,0
36652,2021-05-02,2,3,9,37.32,0
59368,2022-07-19,3,6,10,33.93,0
93761,2021-02-08,3,6,11,25.59,1
55625,2022-10-31,3,8,4,8.47,0
43224,2022-04-30,2,8,12,29.4,0
8931,2021-10-16,3,7,8,32.92,0
4765,2019-09-03,2,5,5,41.82,0
43469,2019-04-28,1,7,3,18.73,0
69064,2020-09-10,2,4,3,35.47,0
19453,2023-06-04,2,1,3,37.56,0
19244,2019-09-08,1,2,6,44.88,0
88005,2023-05-21,3,1,13,33.06,0
19918,2021-08-19,2,7,5,9.07,0
20528,2023-10-29,1,6,11,8.75,0
68138,2020-03-07,3,6,9,7.54,0
86300,2023-07-31,1,2,1,31.56,0
26307,2023-07-17,3,8,2,47.76,0
36739,2023-05-29,3,10,13,20.18,0
51831,2020-11-21,1,3,13,20.27,0
43512,2021-12-01,2,1,13,48.42,0
67889,2021-07-30,1,3,7,32.51,0
44690,2022-07-01,1,6,6,29.3,0
15962,2021-06-22,3,8,9,13.41,0
64544,2020-11-29,3,8,5,41.3,0
7477,2019-10-02,2,8,2,12.12,1
55487,2023-12-04,1,4,10,37.17,1
49265,2023-01-16,3,3,2,47.89,1
65255,2023-02-19,1,10,2,49.16,1
59275,2022-12-14,1,7,10,13.71,0
53931,2019-08-08,1,3,1,13.66,0
74499,2020-06-17,2,4,11,15.55,0
82932,2023-11-05,3,10,5,33.05,1
65121,2020-05-29,1,6,5,33.67,0
36612,2019-11-11,1,9,9,7.02,0
45965,2019-02-11,1,5,10,11.53,0
8952,2020-11-21,1,4,11,13.71,0
19806,2022-10-05,1,5,10,36.37,0
60698,2022-12-07,3,8,12,28.66,0
3115,2021-03-21,1,8,3,39.44,0
80186,2019-06-09,1,4,4,19.02,0
61688,2021-11-03,2,2,2,31.08,1
89018,2023-09-13,3,7,13,30.92,0
89331,2023-11-21,1,8,4,41.47,0
7842,2020-09-21,3,3,5,7.31,0
54955,2021-07-26,2,9,4,36.46,0
2197,2021-04-06,3,4,1,7.57,0
57840,2022-09-11,3,7,3,31.91,0
44293,2023-03-29,1,8,11,37.93,0
74717,2020-06-22,3,9,7,31.82,0
17232,2020-05-30,2,8,6,44.65,0
32147,2021-09-12,3,7,7,43.97,0
44063,2022-08-26,2,6,1,33.66,0
45825,2021-11-18,2,5,10,34.8,0
11266,2023-08-06,2,10,12,33.03,1
9727,2019-11-11,2,2,11,36.17,0
94020,2021-08-07,3,3,10,21.63,0
44785,2022-03-17,2,1,1,3.9,0
93712,2021-05-26,1,6,10,13.19,1
95431,2021-02-13,1,9,8,31.42,1
48104,2021-12-14,1,2,5,21.52,0
37362,2022-11-02,2,10,7,7.55,0
12253,2021-04-10,3,5,1,42.03,0
8734,2023-11-18,1,1,9,25.02,0
64527,2021-12-17,2,7,11,41.54,0
34949,2020-01-09,2,1,8,30.12,1
98034,2022-09-17,1,8,7,8.68,0
88280,2023-10-02,3,9,9,35.79,0
73130,2022-05-26,1,5,10,46.29,1
9781,2023-11-21,1,6,7,40.88,0
99846,2019-03-02,3,3,10,35.94,0
14971,2020-01-06,1,9,5,14.68,0
93148,2021-12-25,1,2,3,27.45,0
17391,2020-04-12,2,10,12,7.95,1
57020,2023-08-19,3,8,6,39.14,1
35591,2023-09-22,3,7,7,21.58,0
36694,2021-06-25,2,6,9,20.22,0
97846,2022-11-21,2,10,7,44.31,1
54572,2022-04-07,1,6,3,6.9,0
85377,2019-11-08,3,4,9,26.74,0
93127,2021-03-08,2,2,7,45.94,1
76821,2021-07-26,3,8,9,38.34,0
98938,2021-03-02,3,6,2,19.86,1
20297,2021-04-03,3,8,6,37.1,1
40284,2021-03-19,2,3,5,29.51,1
11067,2023-04-17,1,5,11,46.7,0
39211,2020-11-15,2,8,1,34.48,0
50470,2023-01-24,1,2,5,46.93,0
60941,2023-10-16,3,6,12,21.02,0
3086,2021-12-17,3,5,2,11.36,0
84378,2020-05-08,1,8,6,13.78,0
39651,2022-07-20,3,6,2,13.9,1
39510,2020-06-07,3,1,2,18.81,0
15230,2021-03-06,3,6,8,12.94,0
75863,2022-01-23,2,7,10,36.82,0
38622,2022-12-01,3,6,8,18.54,0
69604,2019-04-28,1,9,7,46.06,0
2442,2020-07-03,1,7,5,35.83,0
45379,2019-02-08,2,1,13,6.61,1
20389,2021-02-22,1,5,12,31.39,0
78039,2023-09-21,1,9,3,18.3,0
25289,2022-09-20,2,7,3,33.47,0
36009,2021-11-11,1,7,10,35.34,1
79617,2020-03-31,2,10,2,11.06,0
13092,2023-05-02,1,8,6,20.13,1
19727,2020-05-08,1,8,12,7.09,0
46483,2019-02-03,2,10,6,25.64,0
22348,2019-11-05,3,8,6,22.95,0
84994,2020-12-28,3,8,12,18.17,1
22305,2019-09-21,2,10,10,44.64,1
63755,2022-05-30,1,9,9,48.41,0
15926,2021-11-28,1,6,7,45.52,0
5114,2022-12-31,3,3,13,17.82,0
53506,2019-01-01,1,7,6,16.48,0
3096,2019-10-19,3,1,1,31.65,0
48467,2023-05-20,1,9,9,14.42,1
247,2019-12-22,2,3,10,37.37,1
73617,2023-06-10,2,3,2,14.15,1
15724,2021-10-05,3,7,3,24.44,1
21696,2020-08-18,1,1,10,44.62,0
30606,2019-03-22,3,1,2,9.36,0
38283,2021-10-03,1,9,10,44.69,0
12184,2021-07-30,3,7,4,30.91,1
30633,2022-05-09,3,1,10,16.39,1
68802,2021-05-01,3,1,4,48.1,0
65140,2020-05-28,3,2,4,43.22,0
43946,2023-10-23,3,4,9,19.02,0
57413,2022-07-21,1,2,2,7.0,0
86132,2019-03-12,3,4,3,17.61,0
84369,2021-12-25,2,7,3,41.48,0
54404,2022-04-09,3,7,1,30.73,0
4203,2020-12-03,1,3,10,36.47,0
96403,2020-09-25,1,5,5,26.13,1
92256,2022-09-16,1,1,1,11.2,0
94431,2019-01-05,2,8,8,45.55,0
73732,2020-07-27,3,10,10,37.95,0
41066,2023-10-13,2,3,8,48.66,0
3785,2020-03-28,2,6,7,27.09,0
40145,2022-04-01,2,1,10,13.06,0
29866,2021-10-29,3,7,7,3.92,1
96756,2022-02-21,3,8,2,3.62,0
4733,2022-02-13,3,5,9,37.08,0
71494,2020-02-07,2,8,9,30.44,1
64283,2023-03-18,3,8,5,39.07,0
29941,2020-12-14,1,1,9,11.53,0
92671,2020-06-09,1,9,8,8.65,0
64653,2022-03-03,1,8,4,13.79,1
10630,2021-01-06,1,4,4,39.03,0
47844,2023-07-31,2,8,11,15.23,0
96027,2019-11-20,1,4,3,29.27,0
12705,2020-10-11,3,3,3,4.41,0
16418,2021-09-21,1,8,7,22.64,0
3129,2023-05-11,1,10,2,37.71,0
49719,2019-03-31,1,4,5,30.79,0
25103,2023-06-14,1,2,8,32.48,0
60018,2020-01-05,3,3,7,47.9,0
47868,2022-04-25,2,1,2,14.63,0
27102,2022-07-23,3,1,10,37.18,1
36503,2021-04-07,2,8,11,29.98,0
32615,2021-06-28,2,3,4,49.11,0
47220,2022-08-01,3,9,1,34.78,0
8779,2021-08-15,2,1,9,26.83,0
91879,2020-06-17,3,5,4,38.45,1
90180,2023-03-16,1,1,6,3.88,0
1089,2022-12-24,3,7,1,26.87,0
72826,2023-02-21,2,5,7,2.8,0
46835,2023-11-11,2,5,8,15.57,0
86683,2021-01-29,2,5,3,35.62,0
8293,2023-04-27,1,3,5,49.88,0
32035,2021-06-20,3,1,1,40.87,1
8918,2021-06-15,2,7,10,14.11,0
23282,2023-02-05,1,7,8,45.96,0
70041,2021-02-07,1,4,1,17.77,0
9085,2019-12-11,3,7,13,26.97,0
49856,2020-12-17,3,7,10,36.97,0
52417,2023-03-09,3,9,12,4.77,0
31944,2022-12-08,2,3,11,43.31,0
61201,2021-02-07,3,5,7,28.53,0
83290,2021-11-06,2,9,3,30.1,0
81860,2020-03-14,1,9,8,37.64,1
54332,2019-08-10,1,10,9,43.97,0
54443,2023-04-27,1,10,10,16.52,0
57845,2019-12-06,1,5,13,43.66,0
30078,2021-07-10,3,2,10,31.7,0
93693,2021-09-13,1,6,1,36.78,0
55846,2021-02-27,2,6,9,42.29,0
86350,2019-10-14,3,1,13,45.93,0
68194,2022-07-15,3,7,8,48.12,0
31197,2019-10-08,2,3,3,38.78,0
53327,2020-11-29,3,6,11,47.76,0
13506,2020-08-04,1,6,2,23.66,0
2113,2021-08-01,1,2,2,24.63,0
12163,2020-05-20,2,1,2,15.86,0
36836,2019-02-06,2,5,4,34.72,0
4635,2020-06-23,1,7,8,9.25,0
7831,2023-09-23,3,3,5,36.06,0
57907,2022-03-28,2,9,8,2.92,0
46308,2023-03-05,1,2,3,9.15,0
27244,2019-11-02,3,1,4,41.14,0
18874,2019-07-22,1,4,5,27.47,0
56367,2019-06-23,1,6,6,38.49,0
13513,2020-03-24,1,4,5,36.55,0
14027,2019-03-29,3,10,12,45.7,0
9436,2022-05-02,2,5,8,12.68,0
82147,2019-06-23,2,10,2,39.65,0
63622,2021-01-14,1,3,12,4.06,0
82327,2022-06-06,2,10,13,14.04,0
4935,2021-05-21,2,8,10,17.8,0
56302,2022-11-10,1,5,3,23.11,0
33569,2022-09-06,2,2,13,9.45,0
99062,2019-04-15,2,5,4,47.45,0
25485,2023-05-06,2,8,6,39.45,0
19408,2023-01-21,3,2,9,48.64,0
64050,2022-07-29,3,10,10,41.75,1
48376,2023-07-12,2,10,12,2.2,0
16525,2019-01-09,2,6,12,30.9,0
80493,2023-11-25,3,8,11,15.13,0
65991,2020-05-29,1,4,1,15.13,0
69460,2023-11-11,2,8,1,40.67,0
76680,2020-07-25,3,1,2,39.88,0
31249,2023-10-17,2,3,5,39.56,0
65837,2021-12-17,1,7,13,11.71,0
43681,2023-06-02,1,1,1,20.12,0
62157,2020-03-01,3,4,2,16.54,0
87323,2021-04-14,3,2,12,11.99,0
97122,2019-02-10,2,9,9,13.1,0
9089,2019-07-12,3,8,1,43.71,0
29205,2019-07-28,1,1,6,11.0,0
61750,2020-08-18,1,8,10,6.44,0
43989,2020-06-11,2,1,9,30.81,0
45305,2021-08-26,3,2,12,16.98,0
51840,2021-02-24,2,3,11,19.97,0
41024,2020-06-25,2,5,8,49.41,0
682,2020-08-06,3,5,13,14.92,0
49121,2019-08-14,1,5,5,3.22,1
51051,2023-11-21,1,7,11,12.59,0
950,2022-03-11,1,10,9,48.32,1
66763,2020-12-17,3,5,11,6.27,1
38651,2020-11-07,2,7,6,42.44,0
91654,2022-01-19,3,5,7,28.72,0
47363,2022-01-06,3,2,13,5.57,0
199,2019-01-09,3,10,3,22.92,0
18553,2019-01-12,1,4,13,46.0,1
46015,2023-06-06,3,6,11,8.26,1
87136,2021-07-13,2,4,9,39.9,0
77814,2023-09-09,1,3,7,41.96,0
31200,2019-09-09,2,5,3,7.3,0
7274,2021-09-21,2,5,4,11.9,0
32416,2023-04-18,3,7,9,19.0,0
66733,2020-07-02,2,10,9,45.43,0
41918,2020-04-29,2,7,4,27.0,0
57061,2022-04-19,2,10,5,24.03,0
86166,2022-11-11,3,4,3,36.09,0
65895,2023-07-09,2,6,9,22.22,0
16904,2023-10-28,1,5,8,36.94,0
62854,2020-12-29,1,4,12,11.2,0
27155,2020-04-05,1,10,7,34.24,0
2321,2022-11-25,3,10,5,34.32,0
39562,2021-06-08,3,3,1,10.89,0
48073,2021-11-06,2,7,7,5.98,0
12914,2021-06-25,3,5,13,3.83,1
12506,2021-11-30,1,5,4,31.0,0
89630,2019-06-03,1,8,11,4.4,0
60122,2022-07-29,2,7,10,36.42,0
78993,2022-01-11,1,1,1,2.45,0
33146,2022-02-16,2,10,4,39.14,0
79962,2022-11-10,2,7,9,22.9,0
52293,2020-07-15,3,6,9,14.2,0
84590,2023-06-20,1,5,7,42.09,0
17190,2020-11-01,3,5,4,30.36,0
49926,2022-03-15,2,4,1,36.55,0
81341,2022-12-04,2,2,2,37.39,0
51417,2021-01-16,2,3,2,36.97,0
79722,2021-02-07,3,9,4,44.41,0
16936,2021-05-21,2,4,12,21.82,0
79705,2023-06-25,1,6,1,23.39,0
94167,2019-11-13,2,10,7,21.47,0
50399,2020-05-18,1,1,4,7.17,0
94745,2020-09-01,3,9,4,43.21,0
76441,2021-12-27,3,4,9,6.15,0
37923,2023-11-19,2,6,5,13.42,0
97705,2021-06-15,1,10,9,17.62,0
75375,2021-10-18,2,9,4,24.98,0
86192,2021-12-28,2,2,9,2.77,0
55168,2023-11-10,1,2,9,24.4,0
1163,2021-03-11,1,9,3,19.36,0
79145,2019-08-19,2,7,6,3.19,0
119,2023-04-06,3,2,10,12.83,0
22102,2022-08-14,3,5,12,36.9,0
34982,2020-10-31,3,1,6,47.89,0
7397,2021-10-23,1,5,3,43.45,0
3771,2021-03-23,1,1,8,36.23,0
38740,2022-04-09,3,4,4,41.57,0
50620,2023-02-28,1,4,10,37.62,0
87698,2022-10-01,1,3,5,39.33,0
17392,2020-08-13,1,3,3,43.19,0
68163,2022-08-31,3,7,9,27.62,0
90943,2019-12-28,2,9,4,28.35,1
98414,2022-01-29,1,6,12,42.85,1
96837,2020-02-06,2,10,3,3.75,0
10339,2021-06-24,2,5,10,41.83,0
88931,2022-12-22,2,10,7,36.62,0
98807,2021-07-09,2,5,8,44.43,0
3865,2022-07-02,2,1,1,29.95,0
15456,2020-01-11,3,5,5,19.5,1
87063,2020-11-24,3,7,11,8.93,1
68034,2021-03-05,3,9,12,42.46,0
65801,2020-05-12,2,9,3,43.71,0
84120,2019-10-29,2,4,1,11.11,0
16507,2019-02-22,2,7,1,13.99,0
93017,2021-09-20,1,6,3,47.39,0
11804,2019-11-25,2,10,13,38.84,1
53444,2020-12-17,3,4,10,37.5,0
99513,2021-11-28,2,1,8,6.71,0
98409,2022-02-01,2,9,12,31.72,0
34622,2021-01-30,2,4,10,35.94,0
87445,2023-02-24,1,3,7,28.86,0
89557,2023-12-14,2,3,3,11.69,0
23574,2021-02-09,1,9,6,47.14,0
57330,2023-01-08,2,3,7,34.59,0
67760,2021-05-21,3,1,13,23.5,0
5031,2021-06-05,1,4,3,8.66,0
7661,2022-02-07,3,2,7,10.23,0
83303,2020-01-06,2,4,2,29.79,1
14445,2023-04-09,2,4,11,7.66,0
2223,2020-05-08,3,6,10,8.86,0
27712,2022-02-06,3,10,4,2.91,1
70274,2021-07-21,3,4,3,29.01,0
49456,2020-01-15,3,8,11,13.93,0
49247,2019-06-17,3,2,8,19.27,0
58861,2023-11-07,3,3,10,16.77,0
19429,2022-10-27,2,6,10,42.45,0
33009,2021-07-28,1,2,3,34.14,1
88268,2022-12-10,1,7,13,23.65,0
45097,2019-03-30,1,8,1,32.49,0
89664,2020-12-26,3,6,7,28.96,0
3196,2019-11-15,3,1,11,10.29,0
47981,2021-01-24,1,2,9,2.86,0
78950,2022-07-29,1,2,4,4.0,0
79435,2022-02-16,3,3,8,44.28,0
43701,2019-01-01,1,10,5,30.32,0
86857,2020-04-09,3,8,6,5.87,0
59088,2019-01-07,1,10,13,22.39,0
28126,2023-03-11,2,6,6,17.95,0
73828,2023-01-14,3,4,7,9.63,0
87173,2022-01-15,3,2,2,44.18,0
93556,2023-04-22,2,10,11,14.33,0
46837,2019-08-04,3,9,1,24.32,0
87988,2022-02-03,2,9,3,11.17,0
48568,2021-07-21,2,6,13,41.14,0
55742,2019-10-07,2,6,13,25.6,0
76750,2023-02-09,1,9,4,7.19,0
57891,2022-10-15,2,10,6,46.62,0
58683,2020-08-14,3,7,7,33.14,0
59836,2022-02-05,2,3,11,13.77,0
53308,2022-02-10,2,8,2,17.73,0
68180,2020-12-01,1,8,10,17.99,0
1685,2022-10-12,2,8,2,21.18,0
51357,2019-07-23,1,10,2,32.09,0
99673,2022-03-02,3,9,4,13.39,0
24890,2021-02-16,3,7,8,49.02,0
97897,2022-08-03,3,7,11,36.14,0
97905,2022-05-27,3,5,6,38.25,0
7311,2022-07-03,3,10,9,3.45,0
54265,2022-11-27,1,10,5,21.38,0
93462,2022-12-18,1,7,2,20.24,0
5497,2022-11-01,2,2,13,26.26,0
69583,2020-05-19,2,1,5,10.09,0
35627,2019-03-02,3,7,13,39.49,0
19998,2022-02-27,2,8,13,46.68,1
9213,2020-08-08,2,8,8,10.28,0
92605,2019-06-11,1,1,5,42.27,0
93125,2022-04-24,1,10,12,8.61,0
69079,2022-07-18,2,7,1,30.33,0
36174,2022-08-31,1,1,9,16.36,0
1604,2020-05-29,1,5,6,45.0,0
45742,2022-04-06,2,6,11,4.84,0
73776,2019-10-05,2,9,3,34.52,0
75184,2022-02-15,2,9,5,39.52,0
70790,2023-12-06,3,7,13,36.24,0
69030,2020-03-26,1,2,3,11.23,0
84003,2019-10-03,3,10,2,15.16,0
64839,2020-09-20,1,2,1,30.88,0
57635,2021-08-12,2,8,9,34.81,0
37226,2020-05-07,1,4,13,41.29,0
71702,2020-10-04,3,10,6,2.64,0
27576,2021-04-29,2,1,4,31.67,0
48701,2020-05-14,2,10,2,9.43,0
36018,2021-01-30,1,3,7,33.81,0
2716,2020-06-17,2,5,6,17.98,1
78249,2019-08-20,2,1,4,17.7,0
38079,2022-11-13,3,1,5,21.14,0
5442,2022-07-18,1,3,8,13.43,0
75700,2023-05-06,3,5,5,15.71,0
19284,2023-09-01,3,1,11,35.41,0
31981,2020-12-20,1,6,6,38.87,0
51463,2022-01-27,2,7,2,14.49,0
11385,2021-02-23,3,4,3,38.22,0
35943,2021-03-25,3,8,13,10.54,0
98652,2023-04-01,2,9,4,31.16,0
2279,2020-08-07,1,2,7,13.52,0
36049,2019-08-29,3,9,12,34.49,0
33386,2022-02-07,1,1,5,9.92,0
33281,2019-06-13,2,3,12,43.77,0
82916,2020-01-25,1,3,3,29.41,0
37844,2021-06-26,3,6,2,20.55,0
34220,2021-08-10,1,10,8,48.03,1
82555,2023-09-19,3,1,12,8.57,0
9083,2019-02-26,1,9,3,38.05,0
82278,2019-10-24,2,4,6,34.08,0
6529,2021-11-08,3,8,9,40.79,0
54600,2019-04-05,3,2,9,10.18,0
91751,2021-11-30,2,2,9,22.19,1
4072,2023-08-23,1,4,5,11.96,1
2077,2023-09-06,1,1,13,34.84,0
65572,2020-09-17,1,8,9,40.38,0
9491,2021-09-18,1,1,2,21.25,0
98149,2021-03-24,1,5,3,34.88,0
11214,2022-01-07,2,10,12,47.71,1
20883,2019-07-04,2,1,12,39.62,0
35387,2022-06-28,1,3,13,38.36,0
28251,2023-11-30,2,2,13,30.53,0
37222,2020-09-18,1,10,6,5.69,0
85273,2019-12-20,2,8,4,35.73,0
609,2023-09-21,3,5,1,24.71,0
24214,2022-11-25,3,3,7,21.49,1
71699,2019-05-16,3,1,13,46.41,0
20296,2019-12-16,3,2,13,4.65,0
62777,2023-03-15,3,5,11,24.78,0
39369,2021-01-22,1,10,12,15.97,0
28971,2023-07-07,1,6,4,39.98,0
58617,2021-04-16,1,7,3,34.4,0
93657,2023-11-29,1,2,4,35.04,0
9542,2023-03-19,2,2,3,4.66,0
79135,2020-11-28,3,3,2,33.71,0
23541,2021-03-07,1,9,2,34.63,0
50991,2022-03-06,2,2,2,45.27,0
50265,2023-07-03,1,5,1,41.01,0
91493,2019-01-25,2,5,4,20.03,0
97595,2019-10-26,3,10,5,15.79,0
84171,2019-09-02,1,5,5,18.67,0
55652,2020-12-21,2,1,1,31.42,1
90843,2022-11-22,3,10,1,29.78,0
90869,2019-11-29,1,6,10,16.42,0
12518,2020-07-11,1,10,7,40.65,0
47461,2020-12-17,1,4,10,33.52,0
8261,2023-01-01,1,2,4,47.46,0
26407,2021-09-07,2,4,6,3.6,0
80718,2020-07-24,1,2,1,2.98,0
35107,2022-08-03,1,6,5,17.43,0
34277,2023-04-22,2,1,9,26.77,0
68764,2019-09-09,1,3,3,36.87,0
18723,2019-01-18,1,1,1,21.86,0
43854,2019-02-01,3,1,7,10.78,0
35329,2021-02-01,2,10,4,23.71,0
74527,2023-11-08,2,3,5,24.45,0
79757,2019-11-24,3,7,2,10.6,0
11126,2023-12-06,3,3,11,31.82,0
25396,2022-04-10,1,9,3,45.46,0
73444,2019-08-10,2,8,5,47.36,0
55724,2020-07-03,3,4,1,20.3,0
22050,2023-03-29,1,9,8,8.16,0
74140,2021-03-25,2,10,11,31.76,0
10700,2020-03-27,3,9,10,20.0,0
81662,2019-05-11,3,6,7,42.92,0
20432,2020-11-22,1,6,12,48.64,0
31975,2020-08-28,1,7,6,25.4,1
3488,2023-12-31,3,9,9,12.54,1
45961,2019-10-02,3,9,12,47.57,0
24796,2020-09-03,2,4,11,34.65,1
18241,2023-07-17,2,8,8,33.18,0
72503,2023-12-11,2,2,11,7.38,0
64603,2020-06-16,3,9,11,12.2,0
60786,2021-01-20,3,9,9,19.42,0
68275,2020-02-18,3,9,1,9.02,0
8045,2020-10-06,1,9,1,35.38,0
66204,2021-12-02,3,10,9,47.08,0
21714,2022-01-25,3,9,3,45.4,0
55267,2021-08-16,3,7,4,29.12,0
86649,2019-05-31,1,10,5,37.11,0
65960,2019-06-22,2,9,2,19.93,0
16237,2019-12-30,2,3,13,38.92,0
18435,2019-09-12,2,6,7,47.84,0
31201,2020-10-04,3,9,5,32.5,0
35197,2023-09-24,3,1,8,41.31,0
59690,2021-01-27,1,3,4,10.11,1
2774,2021-02-17,3,5,2,4.17,0
70758,2021-09-27,2,10,11,45.26,0
25996,2020-10-09,1,10,10,44.32,1
70867,2021-06-15,3,10,1,4.56,0
50012,2020-12-22,2,7,9,23.23,0
52294,2021-11-29,3,7,9,47.37,0
68237,2021-05-27,3,1,10,49.05,0
79379,2023-09-27,2,5,4,30.5,0
64273,2020-04-27,1,10,11,43.41,0
37227,2022-06-07,2,1,5,14.03,0
19289,2022-12-31,1,6,4,35.9,0
20511,2020-02-17,3,6,11,30.76,1
71673,2019-02-01,2,6,5,29.45,1
54493,2022-10-02,1,9,3,8.42,0
74542,2023-12-10,1,8,3,47.6,0
87813,2020-05-15,3,7,12,13.41,0
61739,2019-09-03,2,5,10,42.89,0
94197,2019-07-02,3,2,7,9.91,0
78505,2019-05-21,2,9,8,28.29,0
95496,2023-11-25,3,9,10,5.6,0
53542,2021-11-27,3,3,3,36.42,0
15917,2021-12-06,2,10,10,22.68,0
5479,2022-09-06,2,7,8,30.33,0
80102,2022-08-25,2,5,6,16.09,0
80712,2020-07-11,1,6,7,25.74,0
22613,2023-01-21,1,5,7,4.48,0
158,2020-05-23,1,8,9,7.57,1
10094,2021-09-01,1,10,2,36.11,0
59799,2021-12-07,1,6,6,6.65,0
51585,2019-09-09,1,6,9,7.29,0
19334,2021-08-15,2,8,10,2.11,1
37017,2023-11-05,1,3,4,30.52,0
2568,2023-11-22,3,8,7,11.15,0
97106,2022-01-11,3,10,7,43.47,0
94111,2019-07-19,3,5,9,23.13,0
49895,2020-03-17,2,6,2,19.89,0
73245,2019-09-26,1,8,2,40.05,0
3815,2023-05-09,2,10,11,8.65,0
23234,2019-12-07,3,1,1,30.59,0
78469,2020-06-16,2,9,2,22.84,0
23459,2023-09-05,2,4,1,7.37,0
11610,2022-01-22,1,6,7,34.95,0
52348,2019-01-12,1,1,11,35.7,0
20534,2021-10-08,3,9,10,46.13,0
33586,2023-11-20,1,6,4,19.11,0
82757,2021-01-25,2,4,3,21.9,0
78151,2019-01-07,3,5,9,34.67,0
43123,2020-07-18,1,5,13,47.56,0
95457,2022-07-14,3,1,9,46.58,0
38639,2021-12-02,3,3,11,3.74,0
35386,2023-06-23,2,4,8,23.42,0
50450,2020-09-12,1,3,13,15.24,0
57267,2022-05-06,1,5,13,29.03,0
9259,2021-01-24,2,6,12,27.39,0
58593,2022-12-13,3,1,1,9.88,0
2133,2023-07-05,1,10,11,48.41,0
78802,2022-09-26,3,2,6,29.64,0
46674,2020-11-17,3,8,7,31.99,0
66525,2021-10-24,1,3,13,33.33,0
96807,2021-05-06,3,2,7,24.01,0
54086,2020-10-01,2,4,8,48.3,1
89668,2021-05-24,3,5,2,23.65,0
13565,2021-04-15,1,10,2,4.2,0
56071,2022-12-03,2,3,8,28.22,0
4383,2021-08-13,1,3,13,31.24,0
77029,2023-12-15,1,5,8,34.57,0
29262,2022-02-05,3,5,4,3.82,0
16140,2022-03-28,3,2,12,6.2,0
32012,2023-05-22,2,6,2,44.88,0
9883,2022-12-06,1,7,5,24.2,0
85382,2023-12-28,1,6,1,23.7,0
57068,2020-05-09,2,5,12,40.57,1
97827,2019-01-07,3,3,3,49.43,0
62098,2022-08-03,2,10,4,46.98,1
59598,2020-05-14,3,5,10,44.04,0
78139,2020-04-01,1,6,12,26.07,1
71208,2023-10-09,3,10,9,38.24,0
14555,2020-11-09,1,6,8,11.16,0
54539,2022-06-26,1,5,2,41.2,0
47785,2020-06-17,3,8,11,21.79,1
58879,2023-05-12,3,9,1,29.9,0
89771,2021-05-01,3,6,12,2.26,0
2911,2023-05-14,3,9,2,14.59,0
53913,2019-09-21,1,4,4,45.1,0
49852,2021-06-21,2,3,7,43.16,0
28300,2020-01-08,2,3,6,35.24,0
818,2022-10-03,2,9,1,44.44,0
4213,2021-06-07,1,10,13,20.91,0
12987,2022-05-18,3,5,7,25.59,0
81123,2019-04-19,1,9,2,5.64,1
78898,2022-12-28,3,8,5,31.6,0
27776,2022-05-16,1,3,13,12.76,0
86845,2020-12-18,1,10,9,26.26,0
52828,2023-04-19,2,5,7,21.95,0
49088,2020-06-14,3,3,12,16.98,0
22028,2022-01-26,1,7,6,23.41,0
83317,2023-08-12,1,5,10,5.92,0
53478,2022-04-27,1,4,7,12.54,0
22270,2022-03-03,2,3,4,11.32,0
45108,2022-03-20,3,7,2,34.46,0
19034,2021-01-26,3,1,5,35.73,0
89343,2023-09-09,2,8,11,29.89,1
19795,2022-06-27,1,5,6,17.95,1
15363,2020-06-13,2,9,9,33.69,0
54209,2023-03-05,1,7,5,5.96,0
24624,2019-11-27,1,10,3,37.61,0
162,2021-02-13,3,6,1,36.29,1
2122,2021-11-26,3,6,3,20.38,0
34363,2023-03-24,2,4,7,11.84,0
54529,2020-09-10,3,7,4,33.35,0
28399,2023-02-18,3,9,6,32.31,0
83347,2019-03-02,1,1,12,2.84,0
92451,2019-10-05,2,8,6,14.81,0
85269,2022-10-24,2,9,12,7.86,0
82379,2019-03-31,1,1,8,14.84,0
96411,2022-01-13,2,2,2,27.74,1
17223,2023-01-31,2,9,12,22.05,0
57464,2021-03-25,2,2,10,49.6,0
19049,2020-03-11,2,3,4,25.15,1
97851,2021-11-24,3,3,11,34.43,1
64373,2021-10-08,3,5,2,25.56,0
97372,2019-10-20,2,9,8,5.66,1
97058,2019-12-02,3,4,6,31.39,0
7385,2019-09-05,3,4,10,11.17,0
65394,2022-05-30,2,3,11,41.91,0
76829,2023-01-29,1,6,13,4.42,0
86449,2021-05-27,2,4,4,6.4,0
69323,2021-10-03,2,2,6,20.05,0
43560,2020-04-04,1,7,11,31.47,0
98983,2023-08-30,2,1,10,47.75,0
16122,2022-08-28,1,1,13,43.29,0
78789,2021-03-31,1,3,9,23.65,0
23275,2020-01-16,1,1,9,11.35,0
5009,2023-04-15,1,1,3,22.02,0
23438,2022-12-05,3,4,11,8.26,0
40338,2019-09-15,1,4,11,36.27,0
1776,2022-01-24,1,5,10,26.04,0
70399,2021-09-26,2,9,7,36.63,0
72165,2023-12-19,3,2,12,30.15,0
300,2023-10-13,2,10,12,22.35,0
52955,2021-04-15,1,7,11,15.84,0
91171,2021-07-08,1,1,10,35.27,0
47603,2021-12-01,1,1,4,14.76,0
76753,2022-03-30,2,5,6,6.88,0
12516,2022-03-09,1,3,2,15.98,0
46983,2022-06-03,2,1,12,11.31,0
98823,2019-10-03,2,6,1,7.35,1
64636,2019-11-21,3,1,5,38.27,0
12804,2022-03-20,1,7,7,26.44,1
28672,2022-07-20,3,1,11,21.55,0
91119,2022-07-03,1,4,12,49.23,0
32128,2022-10-22,2,10,1,9.85,0
95474,2020-05-17,1,7,11,10.92,0
63204,2022-07-30,1,3,11,20.33,0
87811,2022-09-10,3,6,12,8.17,0
1214,2019-02-15,1,1,1,45.29,0
49152,2023-08-27,1,7,10,27.74,1
531,2022-02-05,1,4,6,41.98,0
23329,2020-10-23,1,7,10,17.11,0
49851,2020-08-24,3,7,2,30.62,0
97723,2022-10-07,2,6,2,32.85,1
8687,2023-02-28,1,4,8,34.15,0
14730,2020-05-20,3,6,10,5.05,0
12853,2022-07-07,1,10,12,39.91,0
34726,2021-11-16,2,9,8,26.62,0
35882,2023-11-07,2,3,6,11.15,0
83870,2023-09-13,3,4,9,2.66,0
60670,2021-09-14,2,8,9,46.96,0
73020,2020-12-24,3,10,12,39.2,0
77118,2020-08-11,1,3,4,45.11,0
85499,2021-09-28,3,4,6,22.27,0
64815,2023-11-15,2,2,6,2.78,0
73574,2023-06-13,3,8,5,18.16,0
17929,2023-11-15,3,6,11,24.27,1
73638,2020-07-10,1,8,7,4.29,0
97774,2019-08-24,1,2,3,43.69,1
67034,2020-02-15,2,6,10,43.0,1
46857,2023-04-17,1,8,4,15.62,1
98688,2021-03-14,3,10,3,32.92,1
90970,2020-03-18,1,10,10,24.8,0
65174,2023-12-26,2,1,9,7.28,0
23749,2019-03-27,3,10,10,28.31,0
55783,2022-10-15,3,9,12,2.66,0
58768,2023-02-18,3,9,9,36.61,1
73478,2021-02-05,2,6,13,22.72,0
40894,2023-04-16,2,4,8,31.99,0
11573,2020-12-22,3,10,8,28.03,1
22759,2023-12-16,2,3,5,43.78,0
64396,2019-03-06,3,9,12,16.56,0
54042,2022-02-01,3,4,9,23.95,0
1398,2020-05-30,3,4,13,20.93,0
7473,2020-07-03,2,7,12,14.13,0
88165,2021-06-15,1,9,10,49.66,0
88136,2020-05-10,3,10,11,17.14,1
8946,2023-07-11,1,3,2,7.96,0
31529,2022-07-05,3,8,5,39.24,0
17921,2019-01-04,1,3,13,34.61,0
83329,2019-11-04,3,4,12,13.55,1
98548,2020-07-05,1,10,5,8.75,0
70221,2020-07-03,3,2,4,32.9,0
43354,2019-10-28,1,5,11,23.09,0
94343,2021-06-26,2,6,9,4.09,0
94801,2021-05-13,1,2,1,5.39,0
1139,2023-02-17,1,7,13,27.9,0
37363,2020-05-08,1,9,1,4.4,0
69219,2022-05-15,3,2,3,3.33,0
78810,2023-12-11,1,1,12,7.01,0
62133,2023-08-01,1,1,11,34.36,0
32273,2021-04-29,3,7,2,7.08,0
73233,2022-09-09,1,9,1,32.62,0
41046,2020-09-23,3,1,3,48.08,0
35727,2020-01-25,3,5,5,47.03,0
40822,2022-10-13,3,7,1,13.89,0
17931,2023-08-05,2,7,6,3.43,0
42169,2023-08-17,3,4,10,36.02,0
48006,2022-01-25,2,4,4,16.04,0
64167,2020-04-05,3,1,9,22.14,0
68547,2019-12-27,1,4,1,38.95,0
36035,2019-04-06,3,1,8,2.61,0
38625,2021-09-20,3,7,11,21.3,0
66749,2021-07-18,1,1,13,6.44,0
62140,2019-11-04,2,3,11,23.24,0
78860,2023-02-08,1,9,12,45.98,0
780,2020-07-04,3,3,1,13.8,0
68613,2021-07-19,3,4,7,22.61,0
57654,2021-09-11,1,9,1,24.19,0
41152,2019-04-12,3,4,1,44.59,0
87158,2019-05-15,1,1,2,4.65,0
43114,2021-04-09,3,9,2,6.04,0
29907,2019-05-06,2,3,2,4.63,0
19296,2023-07-20,3,2,11,46.44,1
15186,2022-10-13,3,10,8,40.48,0
18675,2021-11-03,1,10,10,18.63,1
52345,2022-11-21,3,2,12,38.24,0
49466,2023-07-10,1,8,9,36.13,0
14279,2019-08-04,2,4,12,32.1,0
71549,2022-03-15,2,1,1,6.04,0
50627,2023-01-26,3,3,1,27.73,0
18729,2020-09-23,2,2,10,33.96,0
76874,2023-02-03,2,4,9,28.46,0
55159,2019-04-19,1,6,3,12.51,0
2300,2023-03-11,3,2,2,41.55,1
54253,2021-02-28,3,4,5,34.01,0
39261,2023-07-14,1,8,7,46.45,0
26172,2019-12-30,1,5,8,5.77,0
67343,2020-08-03,3,7,11,30.29,1
97388,2021-11-30,3,2,11,31.89,0
16274,2023-09-04,3,8,11,25.44,0
6026,2022-07-10,1,9,13,36.61,0
46696,2021-07-12,1,5,11,44.72,1
3512,2019-01-22,1,7,6,15.09,0
68985,2020-03-28,2,4,12,24.33,1
97396,2022-05-08,3,4,6,36.32,1
46123,2022-09-21,2,10,13,3.6,0
14464,2023-04-02,1,1,9,46.9,0
2066,2021-05-16,2,8,9,42.89,0
36663,2023-04-10,3,6,3,15.22,0
34749,2020-09-21,2,7,1,19.26,0
3820,2019-08-14,1,1,1,20.34,0
55279,2022-07-02,2,10,13,37.18,0
89899,2022-02-07,2,5,9,24.95,1
12845,2022-01-21,3,6,1,22.51,0
5185,2022-08-07,2,8,7,30.03,0
51693,2022-08-17,1,4,13,36.64,1
40428,2023-03-20,1,4,4,6.65,0
47738,2020-12-27,2,3,7,11.64,0
22912,2023-06-05,1,1,1,4.14,0
13028,2021-04-17,1,2,3,34.92,0
62560,2022-08-21,1,1,12,26.92,1
87327,2022-05-17,3,3,12,10.47,0
30625,2023-04-10,3,2,7,14.22,0
32532,2019-05-16,2,9,5,10.35,0
44412,2019-08-26,3,7,7,48.43,0
9718,2021-10-19,2,3,9,45.6,0
8863,2023-10-23,1,9,5,29.99,0
90809,2023-11-06,3,3,10,23.32,0
35017,2020-10-30,3,9,3,24.34,0
96561,2022-06-13,2,4,13,9.57,0
41878,2022-01-19,2,9,8,26.96,0
72966,2023-08-15,3,5,2,18.37,0
39107,2019-01-16,3,4,13,37.39,0
34412,2023-10-06,3,10,2,15.41,0
87844,2022-10-29,2,2,9,44.42,0
88275,2019-10-04,2,10,12,40.46,0
81108,2022-06-20,1,5,8,9.27,1
97631,2021-05-06,1,2,4,41.81,0
66710,2022-07-18,3,5,9,21.85,0
1396,2020-08-31,2,2,13,24.77,1
2508,2021-11-07,2,9,7,42.22,0
61879,2021-07-09,1,4,2,23.32,0
19210,2019-01-22,1,4,13,36.63,0
15010,2021-10-13,3,10,9,39.05,1
82632,2022-03-24,3,8,1,24.45,0
21153,2019-09-30,1,9,6,39.98,1
42415,2021-09-29,2,10,8,4.07,0
64845,2021-05-18,3,1,9,6.1,0
67666,2019-01-16,1,7,13,10.14,0
67060,2022-12-24,3,1,11,9.81,0
22683,2021-01-03,2,4,2,16.55,0
47110,2021-04-30,2,9,7,12.43,0
86012,2020-06-03,1,6,7,32.74,0
78475,2022-09-27,2,5,6,30.65,1
94096,2022-04-21,1,3,3,40.53,0
66085,2021-07-18,1,7,4,46.53,0
61774,2021-06-27,3,5,12,34.71,0
9763,2021-01-31,3,2,12,11.67,0
80123,2023-04-29,1,5,12,20.63,1
12685,2020-08-06,2,10,13,39.03,0
25973,2021-01-25,1,10,11,40.58,0
67616,2022-08-11,1,6,4,25.6,0
27738,2020-11-25,1,6,9,3.35,0
12763,2023-08-26,1,4,8,21.2,0
23514,2022-09-14,3,4,6,11.03,0
68005,2020-09-24,3,9,6,39.19,0
9285,2022-03-13,3,1,6,22.58,0
66105,2020-08-17,3,6,10,28.41,0
21027,2022-05-12,1,9,3,11.88,0
41350,2021-04-17,2,6,6,41.45,0
38900,2020-02-13,3,10,12,22.87,0
71656,2023-09-07,3,9,10,20.59,0
13714,2022-07-01,2,3,5,48.84,0
46029,2019-01-16,1,1,1,16.73,0
25492,2021-06-25,3,6,4,29.25,0
50268,2020-03-12,2,7,6,48.97,0
61082,2019-12-08,2,7,4,46.91,0
39789,2022-04-06,3,5,8,8.07,0
36583,2021-12-20,3,6,6,8.86,0
58702,2021-10-18,1,1,9,24.79,0
62533,2022-03-11,1,4,13,29.55,0
8252,2019-03-19,3,8,5,25.63,0
1333,2023-10-03,2,3,6,28.7,0
81028,2021-05-10,1,3,5,5.08,0
55300,2021-03-17,2,8,6,13.02,0
37879,2021-05-16,1,5,9,31.56,0
32999,2023-11-20,3,2,9,32.93,1
90337,2023-12-06,1,10,3,43.03,0
15897,2021-05-18,3,6,13,25.39,0
24222,2019-02-05,1,2,11,5.4,0
57858,2022-08-12,3,7,11,33.87,0
62284,2019-11-18,1,10,7,22.57,0
34591,2022-02-20,1,9,10,16.79,0
59904,2023-07-15,3,2,5,2.51,0
36929,2022-01-18,1,2,9,36.56,0
39624,2019-12-27,2,5,1,45.23,0
69923,2023-08-25,2,7,3,12.98,0
44721,2021-06-22,3,3,9,49.87,0
48370,2023-12-05,1,8,8,9.53,0
31978,2021-04-16,1,8,10,12.94,0
28642,2023-07-06,1,7,4,37.23,0
21105,2021-07-17,3,1,10,19.38,1
46770,2022-06-26,2,7,7,17.05,0
94542,2019-10-03,3,6,8,19.54,0
56431,2021-09-10,3,1,3,7.05,0
77332,2019-07-07,2,8,5,11.59,1
86509,2019-05-01,1,9,11,6.94,0
77716,2023-08-23,3,1,11,22.41,0
1479,2023-02-21,3,4,3,37.32,0
2724,2022-02-13,3,5,9,40.31,0
80692,2020-11-11,1,2,5,45.65,0
4204,2022-01-28,3,5,4,10.97,0
57073,2022-08-13,3,2,4,8.79,0
12400,2022-11-28,3,6,6,24.28,1
10648,2023-06-03,1,2,10,18.23,1
21567,2021-06-14,3,2,3,27.14,0
6158,2020-10-28,1,2,1,35.95,0
21205,2022-11-20,3,9,8,44.79,0
91904,2022-08-22,3,4,6,32.93,0
56790,2019-03-06,3,6,4,24.15,0
16712,2020-10-02,3,8,6,34.06,0
54105,2023-04-26,3,10,10,4.59,0
33818,2019-03-09,1,5,10,16.58,0
37627,2022-07-15,1,3,8,40.54,0
29332,2021-07-27,3,10,6,4.09,0
90236,2020-03-02,3,1,4,33.24,0
71039,2021-05-08,3,5,11,28.19,0
99165,2020-02-11,3,2,7,42.19,0
38177,2021-12-27,2,7,1,6.08,0
90866,2022-03-21,2,2,13,46.33,0
7986,2022-07-06,1,5,9,34.8,0
68849,2019-02-03,3,2,6,39.97,0
73627,2022-08-30,1,2,12,29.05,1
74744,2021-06-27,2,2,5,41.26,0
2976,2020-03-05,1,6,12,18.93,0
81777,2023-04-27,1,3,10,37.65,0
93847,2021-01-29,2,2,12,34.72,0
27395,2021-06-19,3,6,4,33.19,0
9831,2023-09-21,3,10,13,13.56,1
4410,2020-01-06,2,4,4,2.05,0
84078,2019-02-19,2,1,4,22.65,0
47055,2021-01-15,3,10,9,8.37,0
76931,2023-07-22,1,6,7,9.52,0
25268,2022-04-12,3,8,4,17.05,0
6126,2022-10-03,1,10,9,19.77,0
21322,2021-10-29,1,2,2,19.84,0
734,2022-02-06,1,2,4,22.94,0
38692,2021-09-11,2,9,12,41.49,0
6362,2020-05-16,2,10,13,48.48,0
26710,2019-05-03,1,2,6,34.22,0
93851,2020-04-22,3,7,10,5.55,0
32144,2019-04-08,3,10,1,46.62,0
71992,2021-07-08,3,6,7,48.83,0
19679,2023-10-31,3,9,8,24.94,1
29836,2021-10-25,1,9,7,18.72,0
9473,2021-05-16,2,3,9,37.15,0
49173,2023-02-17,1,9,11,35.57,0
11375,2021-03-26,1,1,10,23.59,0
24776,2020-06-10,1,10,2,7.76,0
71971,2021-09-18,3,1,8,17.34,0
85615,2019-06-11,2,8,2,47.54,0
64244,2020-08-23,3,6,12,41.69,0
6288,2019-08-27,1,5,9,33.81,0
98460,2023-04-07,2,4,7,49.72,0
94452,2020-03-13,3,5,12,17.37,0
43349,2019-08-06,3,7,8,14.89,0
26374,2023-01-17,3,7,3,28.68,0
49331,2023-02-12,3,2,3,36.24,0
3161,2020-02-28,3,8,5,16.22,0
12635,2019-08-19,1,10,11,35.94,0
40118,2020-12-03,2,8,7,46.28,0
24430,2022-02-22,3,2,12,10.15,0
7496,2023-05-17,2,5,2,21.87,1
29526,2019-04-09,1,1,13,25.58,0
16286,2020-04-20,1,4,3,30.85,0
90828,2021-04-21,2,4,1,27.95,0
28814,2019-01-10,3,5,4,45.88,0
67485,2021-12-23,1,2,6,15.44,0
96824,2022-07-09,1,9,1,19.73,0
4280,2023-05-22,2,1,7,20.55,0
32001,2021-01-31,1,2,6,47.05,1
82507,2022-05-11,2,8,12,46.47,0
81851,2020-12-24,3,3,8,16.05,0
87082,2023-12-02,3,5,3,25.63,0
95957,2023-07-16,3,7,2,44.98,0
27717,2022-05-23,1,8,13,38.97,0
46660,2019-05-01,2,9,3,46.48,0
79118,2021-03-03,1,3,12,31.99,0
11083,2023-12-05,3,1,3,19.64,0
12041,2023-10-28,3,4,4,36.58,0
72298,2021-01-09,1,6,3,34.91,0
75153,2022-03-24,3,3,11,43.71,0
80198,2023-11-23,2,4,10,18.14,0
22383,2021-01-13,2,9,1,3.86,0
95104,2022-01-05,3,4,9,2.17,0
22263,2022-10-05,3,1,10,24.01,0
79259,2019-04-11,2,3,1,4.64,0
98207,2020-12-06,2,2,6,29.26,0
40753,2020-01-22,2,8,3,20.7,0
29811,2019-10-04,1,1,7,47.44,0
36789,2020-01-17,1,3,6,21.14,0
64680,2022-11-11,3,5,4,27.87,0
10382,2023-05-16,3,8,3,34.02,0
67920,2022-11-18,1,5,3,21.69,0
70845,2022-07-20,2,10,12,42.66,0
41314,2020-01-01,3,10,9,44.97,0
31351,2022-05-25,3,8,10,39.54,0
97567,2021-05-18,2,5,12,31.6,0
95502,2022-02-10,3,7,3,38.01,0
44185,2021-03-08,1,4,5,48.38,1
23243,2019-08-10,2,8,2,40.68,0
30912,2022-09-26,1,7,1,9.43,0
31491,2023-06-27,1,4,1,10.62,0
66424,2022-02-05,2,6,2,20.26,1
76609,2019-02-15,2,9,10,21.64,1
21226,2020-12-22,1,1,12,26.24,0
81724,2022-08-04,1,7,4,4.5,0
22285,2021-04-22,1,1,7,14.69,0
22897,2023-10-02,2,7,13,46.49,0
83169,2023-09-27,1,7,3,49.09,0
57179,2020-12-31,3,5,7,40.71,0
87595,2021-02-28,2,8,5,48.26,0
38113,2019-04-06,2,7,7,44.0,0
47896,2023-12-15,1,2,4,26.87,0
48575,2019-09-27,2,6,7,34.11,0
11811,2021-11-10,2,8,3,28.31,0
19312,2019-02-02,3,1,4,10.38,0
25597,2022-07-27,3,8,12,26.33,0
26197,2020-12-02,3,9,9,8.54,0
39071,2020-12-13,2,9,3,23.32,0
85048,2020-12-07,2,2,12,3.47,0
24537,2021-06-12,1,7,2,46.4,0
60932,2021-04-08,1,1,12,44.41,0
61864,2020-06-25,3,8,7,16.12,0
4718,2020-11-13,3,7,2,36.74,0
86447,2022-04-09,1,5,11,18.71,0
64738,2021-05-11,1,10,3,40.42,1
7059,2021-11-24,3,2,3,37.41,0
29360,2021-03-19,2,9,1,34.97,0
13312,2020-04-18,2,10,8,48.94,0
42622,2021-10-08,3,7,10,38.45,0
11843,2020-12-07,1,3,9,43.85,0
11712,2021-06-05,2,5,11,27.46,0
90358,2020-06-29,2,7,5,34.39,0
4628,2022-12-21,1,7,13,45.7,0
85973,2021-12-01,2,6,5,18.55,1
45699,2023-12-08,2,10,11,32.39,0
19477,2020-06-06,3,5,5,14.54,0
89707,2020-05-22,1,4,10,6.06,0
60017,2020-09-13,3,6,8,34.71,0
65688,2023-09-12,3,2,11,18.13,0
77827,2021-04-23,3,4,6,10.27,0
52269,2020-06-07,2,10,12,8.44,0
11858,2023-09-22,3,2,7,26.75,0
18459,2022-06-07,1,8,10,22.46,0
83113,2019-12-22,1,1,11,33.85,0
88963,2022-09-06,1,8,11,4.81,0
44617,2020-10-10,1,9,9,18.91,0
30702,2021-08-18,3,6,7,41.68,0
55752,2021-01-02,3,4,13,2.65,0
20447,2019-08-10,1,10,5,34.67,0
72316,2021-04-05,2,7,8,37.29,1
87322,2022-12-29,2,9,11,31.75,0
29076,2022-03-30,1,4,13,21.68,0
94725,2022-04-12,3,6,11,44.01,0
27106,2022-11-10,3,8,8,47.38,0
13394,2021-01-31,3,3,5,34.79,0
43659,2019-11-13,3,4,4,34.97,0
59568,2020-12-09,1,5,3,6.79,0
34454,2021-08-17,1,6,10,2.96,0
84888,2019-11-26,2,8,13,33.9,0
29192,2021-05-07,1,8,13,31.71,1
71297,2021-04-29,3,5,9,2.18,0
92123,2021-02-26,2,6,12,48.74,0
87851,2020-11-03,2,10,4,2.65,0
61224,2020-04-16,2,9,11,40.77,0
18802,2022-09-07,2,6,3,37.17,0
93835,2021-07-03,2,6,8,8.87,1
14847,2019-08-06,3,7,7,29.85,1
65583,2020-11-29,2,8,12,37.79,1
44524,2023-11-29,2,4,12,44.3,0
54721,2019-04-24,2,8,4,42.08,0
51657,2022-01-27,2,10,4,26.87,0
37291,2022-02-03,3,6,8,39.9,0
78951,2019-10-13,2,4,11,45.0,0
49126,2023-05-11,3,8,10,5.12,0
89519,2020-10-07,3,1,10,3.52,0
28285,2022-12-04,3,8,10,5.01,0
71678,2022-07-14,3,10,7,11.05,0
69247,2019-09-21,2,2,7,23.22,0
13663,2020-10-17,3,10,9,13.44,0
97245,2019-12-21,1,9,6,33.76,0
23328,2021-08-10,2,1,11,38.72,0
44118,2023-09-10,1,4,2,9.42,0
59242,2020-09-23,2,2,11,15.27,0
13894,2021-08-05,1,2,2,35.89,0
89948,2023-01-06,3,2,9,8.3,0
31987,2023-05-04,2,1,9,24.5,0
18278,2019-07-17,2,2,4,30.19,0
55544,2020-09-05,2,7,12,2.02,0
8132,2022-05-21,1,9,4,18.03,0
15282,2022-03-20,3,2,1,39.89,0
96466,2021-10-24,2,10,3,49.64,0
29391,2021-08-02,3,8,6,19.14,0
78997,2019-12-07,3,6,5,6.41,0
9227,2019-04-28,2,1,12,20.83,0
63854,2023-01-09,2,3,13,21.7,1
76703,2023-12-25,2,3,11,40.18,1
61175,2022-10-20,2,4,9,41.37,1
75643,2022-02-28,3,2,6,19.61,1
11897,2019-12-29,1,8,8,4.68,1
61091,2023-01-06,1,3,8,24.27,1
83307,2019-10-28,1,3,1,44.14,0
44559,2020-06-21,2,1,13,26.75,0
31436,2022-12-21,1,1,3,47.57,0
52139,2023-09-24,1,6,1,48.59,0
43930,2019-07-28,3,8,10,42.52,0
87249,2021-01-09,1,1,12,22.68,0
77468,2023-06-05,2,8,11,8.17,0
22820,2023-12-31,2,4,9,32.48,0
15004,2019-10-26,3,1,11,30.16,0
29075,2022-03-19,3,2,6,40.58,0
43057,2019-03-09,1,3,9,41.06,0
86665,2023-07-14,1,5,13,39.99,0
80794,2019-03-21,3,8,3,19.6,1
49262,2023-03-30,1,10,4,48.11,0
95677,2022-02-06,1,6,10,36.73,0
95338,2023-06-10,3,8,2,25.51,0
47340,2019-10-03,3,9,6,45.63,0
98769,2020-12-25,2,6,9,26.62,0
45599,2023-06-10,3,4,9,33.78,0
27662,2021-12-29,3,5,3,26.7,0
78078,2019-10-10,1,4,1,3.81,1
23538,2022-05-26,2,3,2,11.67,0
47278,2020-09-10,2,6,12,19.91,0
37528,2020-11-04,3,4,12,9.25,0
62578,2020-09-26,1,1,7,43.51,0
32571,2020-08-19,3,2,4,28.88,0
40293,2022-01-21,3,5,13,42.46,1
84484,2022-02-01,1,2,5,6.37,0
26156,2022-02-02,1,4,10,15.34,0
25516,2019-10-19,1,2,10,25.1,0
42080,2021-05-08,3,8,3,9.78,0
44877,2021-11-19,1,2,2,46.74,0
64355,2019-02-16,3,6,11,48.58,1
75081,2022-10-06,2,1,9,40.34,0
75444,2021-09-05,1,10,5,18.52,0
46949,2023-11-08,1,5,13,27.71,0
65427,2023-02-25,2,6,5,19.52,0
95618,2021-04-06,1,1,13,37.45,0
52008,2022-06-20,3,7,2,22.69,0
21103,2021-06-11,1,5,9,2.68,0
25419,2021-05-23,2,10,11,29.76,0
4908,2020-01-20,3,7,1,28.96,0
96048,2022-04-09,2,4,1,33.01,0
2117,2019-11-07,1,1,2,44.2,0
47842,2021-07-17,3,7,8,35.07,0
722,2023-12-19,1,2,3,34.08,0
98618,2023-01-02,1,10,1,3.89,0
26545,2022-07-11,1,1,1,47.16,0
21762,2023-02-05,1,8,9,5.52,0
19512,2019-05-26,1,7,5,44.16,0
65287,2020-02-19,2,8,1,16.73,1
24007,2021-12-16,1,5,10,8.88,1
60168,2019-01-27,1,8,4,34.29,0
1041,2023-03-17,3,5,2,16.03,0
32804,2019-05-23,1,9,2,10.25,0
74428,2021-01-24,3,7,2,12.33,0
3627,2021-04-10,2,7,5,18.77,0
6876,2022-03-15,1,7,12,6.94,0
26731,2020-01-21,3,5,3,27.61,1
90181,2021-01-07,3,4,4,26.62,0
14630,2019-04-14,1,9,4,27.01,1
69788,2022-12-13,2,7,11,48.84,0
32598,2021-04-22,3,9,1,5.73,0
32161,2019-02-22,3,10,12,25.51,0
7084,2020-04-11,3,5,6,5.93,0
85073,2021-02-27,1,10,6,33.77,1
13677,2022-10-08,3,6,6,37.37,1
5358,2021-07-09,2,9,8,10.39,1
77386,2022-10-20,3,9,10,16.96,0
50035,2022-10-01,2,6,3,18.12,0
75052,2021-06-19,1,3,3,14.21,0
59434,2023-02-13,1,7,7,39.84,0
53763,2019-04-26,2,9,5,23.99,0
4649,2022-01-13,2,10,4,2.79,1
5226,2022-01-28,1,5,1,16.08,0
34099,2021-10-26,2,8,12,47.99,0
59847,2022-08-09,3,10,4,20.55,0
65711,2022-11-26,3,4,5,17.59,0
86162,2023-06-22,1,8,11,22.94,1
90616,2020-04-22,1,6,11,39.6,1
94019,2019-12-25,2,7,5,31.33,0
72417,2019-09-14,1,7,6,16.15,0
85906,2022-02-17,1,9,4,26.32,0
50486,2019-08-11,3,8,2,40.6,1
75192,2023-10-11,1,5,4,45.72,0
76622,2023-11-15,2,4,6,24.81,0
1996,2020-09-15,1,5,11,47.17,0
26941,2021-01-12,1,1,11,13.02,1
68562,2019-10-25,3,4,12,43.23,0
61805,2023-07-10,3,9,2,46.2,0
83143,2023-10-23,3,10,12,48.96,0
15837,2019-01-27,2,6,6,22.7,0
32198,2020-07-16,2,9,3,39.75,0
23399,2022-05-30,1,2,10,38.12,0
92392,2023-11-21,2,3,11,45.78,0
96598,2019-01-20,2,5,3,49.4,0
91468,2023-12-29,3,3,13,42.17,0
79607,2022-12-29,2,9,6,8.6,0
49842,2023-05-09,1,9,10,20.62,1
8506,2019-10-05,2,1,7,9.29,0
51943,2020-04-01,3,3,3,32.58,0
64284,2023-05-08,2,2,7,23.96,0
1703,2021-03-30,2,5,7,25.46,0
93259,2021-09-28,3,3,5,49.69,0
43040,2023-08-23,1,9,9,28.75,0
29343,2020-03-08,2,8,10,36.2,0
57024,2019-05-04,2,9,7,45.71,1
74805,2019-06-05,3,4,11,11.76,1
81186,2019-06-26,2,5,5,36.1,0
48109,2021-09-21,3,5,6,31.95,0
74699,2022-11-08,1,8,9,19.66,0
69138,2019-09-13,1,7,9,24.71,0
46454,2019-01-16,3,4,8,45.06,0
45694,2022-05-12,2,4,11,45.68,0
55255,2023-11-14,2,6,4,14.27,0
87493,2021-12-30,3,9,13,45.04,1
13179,2022-04-14,2,5,6,8.1,0
16284,2022-08-01,1,8,6,30.83,0
22711,2023-04-09,1,10,8,24.63,0
6727,2019-09-03,2,9,1,30.41,0
60758,2019-01-09,3,5,8,41.33,0
45426,2021-12-23,2,10,12,29.29,0
46822,2022-03-12,1,4,2,36.28,0
12648,2023-03-10,2,3,4,45.33,1
21804,2022-07-14,1,6,6,6.73,0
94352,2020-03-15,1,3,13,19.14,0
98524,2019-09-16,2,6,6,19.66,0
17848,2022-12-16,3,9,10,33.77,0
94692,2021-07-22,1,6,1,11.22,1
37094,2019-06-21,2,5,4,12.79,0
51160,2019-08-15,3,1,5,26.68,0
70649,2023-02-19,3,4,5,37.07,0
24028,2019-01-04,2,5,3,49.26,0
53163,2020-01-27,2,1,13,11.99,0
95165,2022-11-21,2,5,2,8.39,0
64459,2022-10-06,3,9,6,17.27,0
80801,2019-12-07,1,10,4,2.71,0
77364,2023-08-28,3,1,12,30.09,0
89213,2020-02-18,2,8,6,12.61,0
87625,2020-09-21,1,9,1,12.37,1
46152,2019-11-20,2,9,12,39.31,0
96464,2022-02-18,2,3,4,19.45,0
84203,2023-02-13,3,3,5,46.3,0
58708,2022-10-14,1,4,12,30.59,0
23845,2020-06-30,1,4,4,22.14,1
3473,2021-07-07,3,2,1,47.28,0
82202,2019-07-05,2,6,2,46.57,0
64047,2019-08-02,1,3,11,28.86,0
91147,2019-10-09,2,5,10,22.69,0
34609,2019-12-10,2,3,9,41.36,0
49834,2021-09-17,1,5,7,35.08,1
71569,2023-03-27,3,3,6,45.92,0
89980,2023-01-23,3,7,8,42.2,0
64575,2023-07-21,2,8,6,45.69,0
48735,2019-03-24,2,3,13,10.0,0
13149,2023-05-14,1,8,12,44.0,0
15289,2020-08-22,2,6,4,19.58,0
97436,2021-12-19,3,9,11,4.83,0
5581,2023-03-20,1,1,12,29.79,0
21879,2021-10-27,3,5,3,14.71,0
54437,2023-04-04,1,7,3,35.52,0
69254,2020-09-19,1,3,9,48.56,0
22032,2021-12-09,1,4,2,40.11,0
30063,2023-10-29,3,5,11,15.09,0
18,2023-11-20,2,10,5,49.72,0
68129,2022-11-29,1,5,11,24.03,1
4569,2019-12-07,2,7,7,24.56,1
42776,2020-08-22,3,9,1,13.44,0
35334,2023-09-23,2,7,9,16.67,1
30198,2021-02-19,1,5,7,45.3,0
12730,2022-03-11,3,6,2,16.78,1
43053,2021-04-16,2,10,10,21.79,0
88561,2023-05-04,3,10,9,14.82,0
33154,2020-05-12,3,7,6,23.34,0
56069,2019-08-26,3,9,5,40.49,0
54347,2021-07-29,1,4,13,21.27,0
35043,2023-09-16,3,1,2,23.74,0
1746,2022-06-28,1,6,4,41.2,0
99995,2021-06-26,3,9,10,43.83,0
40674,2022-08-17,3,8,11,35.61,0
81431,2023-07-30,1,2,5,36.29,1
75619,2022-04-20,2,3,6,28.26,0
25852,2022-03-13,3,2,3,5.05,0
41953,2022-05-22,1,2,3,21.65,1
24974,2021-09-03,3,6,3,31.23,0
14170,2019-04-02,2,10,8,9.0,0
23468,2021-02-22,1,6,1,27.57,0
96036,2019-01-13,3,10,7,32.0,0
63280,2021-11-08,1,4,3,32.96,1
3368,2019-02-05,3,2,12,25.59,1
84376,2021-08-21,3,7,4,2.17,0
43750,2020-01-08,3,5,12,34.85,0
97779,2022-04-21,1,1,5,11.57,0
46206,2020-11-09,1,7,11,36.11,0
37424,2020-05-25,1,4,2,42.52,0
28553,2021-05-09,2,4,6,9.97,0
27892,2023-06-30,2,5,2,21.25,0
44066,2021-07-21,1,7,1,44.09,1
95595,2019-12-28,1,8,4,3.52,0
50521,2023-10-21,1,6,13,43.72,1
16461,2021-06-20,3,4,2,21.65,0
72395,2019-06-27,3,3,11,11.85,0
7698,2021-03-02,1,6,7,8.51,0
90780,2023-08-31,3,5,8,20.71,0
48708,2023-05-24,1,10,12,13.31,1
46056,2021-03-10,1,3,10,3.5,0
62143,2019-01-07,3,5,5,24.83,0
77602,2020-06-23,1,8,6,44.72,0
93273,2021-12-14,3,8,3,34.86,0
81740,2020-03-26,1,9,8,32.37,0
56142,2019-01-31,2,1,13,26.81,0
31377,2019-03-13,1,2,10,5.65,1
32268,2022-07-08,2,9,4,27.2,0
72375,2019-10-11,3,7,12,19.25,0
14633,2023-10-24,1,10,12,8.78,0
80229,2022-03-18,2,5,5,28.38,1
69425,2021-12-03,2,5,13,9.63,0
27280,2019-12-27,3,2,7,22.35,0
30178,2020-05-02,3,8,13,12.93,0
88630,2023-01-25,1,10,2,20.97,0
80779,2019-05-14,2,2,6,22.33,1
43181,2022-09-01,2,3,6,4.53,0
39673,2019-11-05,2,10,13,30.06,0
78155,2022-06-23,2,9,1,16.53,0
43502,2020-02-25,2,1,4,19.11,0
78555,2023-02-07,3,8,5,39.98,0
93882,2022-11-15,3,3,11,22.81,1
30850,2023-09-07,1,1,5,3.44,1
98946,2022-12-14,1,1,8,22.35,0
11350,2019-10-13,2,10,2,26.87,0
48884,2020-10-31,3,2,1,42.4,0
5777,2023-01-23,3,3,7,12.63,0
59023,2019-08-12,1,7,6,35.12,0
59801,2020-04-07,3,10,2,16.8,0
7631,2020-02-27,2,3,7,41.34,0
27176,2020-09-19,1,5,5,43.8,0
41626,2021-05-31,1,1,5,37.75,0
32224,2020-05-09,3,1,11,15.1,0
95936,2020-11-02,1,4,6,15.7,1
88750,2023-06-18,3,1,6,11.26,0
54194,2022-09-02,3,2,10,7.48,0
50654,2019-01-10,1,2,7,39.55,0
85852,2022-11-15,2,2,2,46.41,0
56372,2019-03-09,1,7,1,31.27,0
41383,2023-01-02,3,2,5,28.87,1
92739,2023-10-11,1,8,4,2.16,0
181,2019-10-18,2,5,13,40.64,0
16547,2023-07-04,2,7,4,47.08,0
81842,2021-09-08,2,7,9,10.22,0
99,2022-05-31,3,3,1,35.65,0
18194,2021-12-24,1,5,9,22.2,0
96758,2020-03-30,3,8,1,31.26,0
48395,2021-11-20,1,6,7,22.05,0
82486,2020-01-02,2,3,3,20.46,0
44857,2021-05-07,1,4,10,34.4,0
57208,2022-03-15,3,1,10,9.16,0
45920,2022-01-14,2,10,1,10.13,1
75016,2019-12-24,3,6,3,19.76,0
2850,2023-08-22,3,2,3,13.71,0
63596,2021-05-01,3,2,10,48.81,1
95147,2020-03-27,3,3,7,33.04,0
12110,2023-12-28,3,4,7,35.55,0
4536,2020-12-14,1,3,11,36.0,0
18842,2021-11-02,2,6,10,39.68,0
39640,2020-10-26,3,1,12,5.45,0
36805,2021-10-24,1,2,5,3.24,0
30596,2022-07-02,2,5,2,13.88,0
87037,2020-12-13,2,7,10,16.9,1
66344,2023-07-11,2,6,6,39.53,0
56001,2022-08-10,3,3,6,29.17,0
7082,2019-10-14,2,4,5,38.04,1
17386,2019-01-21,3,10,5,13.05,1
94222,2021-05-13,3,4,1,14.46,1
1085,2023-08-29,1,5,2,33.27,0
42562,2022-03-24,2,9,4,14.12,1
57171,2022-12-21,3,3,9,38.6,0
72205,2022-05-12,3,3,3,5.26,0
20963,2023-10-28,2,7,13,27.13,0
94683,2019-10-10,2,1,7,4.77,0
22135,2020-06-14,2,1,5,6.21,0
29176,2019-12-10,3,2,3,42.82,0
99467,2020-12-26,2,7,8,47.01,0
11055,2020-02-14,1,9,8,45.07,1
32367,2022-05-11,3,10,11,21.3,0
88273,2022-07-14,2,7,11,27.24,0
75305,2019-11-19,3,5,13,27.93,0
29313,2020-03-03,3,7,5,32.25,0
64801,2022-07-05,3,6,6,43.16,0
35907,2020-10-21,2,2,13,23.91,1
97534,2019-08-22,3,2,6,37.79,0
14206,2022-08-12,2,5,5,3.92,0
5102,2023-09-13,2,5,4,13.49,1
4919,2020-04-04,3,2,5,28.51,0
43739,2019-07-01,1,10,10,5.88,0
89574,2022-03-18,2,7,2,32.76,0
19401,2019-05-06,3,4,2,14.44,0
1977,2020-11-04,1,7,13,33.03,0
27187,2019-12-04,1,3,5,31.54,0
66132,2019-03-07,2,2,10,18.02,0
6242,2021-06-05,3,6,2,47.97,0
44812,2019-06-12,1,2,8,6.03,1
63589,2021-10-30,3,9,10,19.52,0
84166,2022-07-24,2,8,13,9.22,0
86680,2023-04-30,2,1,3,10.47,0
82424,2022-03-20,3,6,11,9.39,1
61192,2022-06-29,3,8,6,3.41,0
58816,2019-05-16,2,7,10,36.25,0
48481,2021-02-13,2,7,5,48.25,0
62716,2020-01-20,3,3,3,45.83,1
95371,2020-04-17,3,6,11,27.42,0
91338,2020-06-19,3,9,12,45.8,0
47497,2019-10-23,3,2,7,10.85,1
320,2023-07-05,1,6,9,14.26,0
73465,2021-10-02,3,4,4,4.9,0
98238,2022-01-17,2,6,10,34.29,1
26610,2023-11-11,1,1,9,23.43,0
93625,2019-04-14,3,10,11,20.37,0
20556,2019-06-26,1,2,10,38.82,1
8610,2023-01-07,2,4,1,40.89,0
51017,2020-04-11,3,5,1,25.88,1
44346,2023-07-02,1,6,8,24.76,0
11221,2021-01-10,3,3,12,21.76,0
22506,2023-07-24,3,2,10,47.69,1
27669,2021-09-14,1,9,7,29.99,1
59000,2023-04-04,2,10,6,45.97,0
76784,2019-02-06,2,9,1,35.46,0
19762,2020-12-04,1,5,9,27.99,0
5544,2022-09-30,1,9,10,30.79,0
10725,2022-04-02,1,4,5,16.31,0
95106,2019-05-21,1,4,10,32.18,0
234,2023-09-09,1,5,8,44.44,1
14296,2023-08-04,2,3,1,43.05,0
46423,2021-09-09,3,6,3,47.04,0
54322,2023-11-02,2,7,5,31.07,0
25454,2021-05-01,1,6,7,22.48,0
79038,2021-06-29,2,10,2,34.88,1
18942,2022-05-10,3,9,3,45.23,0
34199,2019-05-14,3,3,4,11.4,0
99142,2023-09-14,2,1,5,17.45,0
13520,2021-06-16,3,1,10,47.65,0
84841,2021-02-26,1,3,12,43.61,0
2326,2023-10-23,2,5,9,40.68,0
51057,2020-05-05,2,10,11,16.69,0
3491,2023-03-28,1,5,7,44.04,0
40355,2019-07-09,3,4,5,46.69,0
12374,2023-07-21,3,7,13,17.56,0
69935,2023-02-18,2,4,5,15.87,0
69961,2021-03-29,3,1,10,32.61,0
88944,2021-04-14,3,9,11,22.27,0
81051,2019-08-29,2,9,11,3.4,0
44505,2022-08-16,1,5,12,44.0,1
1780,2021-12-15,3,1,10,21.82,0
10958,2020-11-15,3,9,13,41.63,1
9995,2020-08-27,2,8,6,21.26,0
2016,2019-02-22,2,4,2,26.5,0
86465,2023-01-27,3,1,4,6.54,0
48266,2020-04-25,2,10,1,25.09,0
71093,2020-09-12,2,10,3,31.5,0
88662,2023-09-19,1,9,13,10.7,0
71753,2019-10-27,1,3,2,47.44,1
53030,2023-03-07,2,2,4,19.56,0
31693,2023-03-13,2,8,2,3.26,0
76390,2019-09-27,1,6,5,16.31,0
87577,2020-11-22,3,1,4,39.08,0
54769,2023-12-21,3,8,9,32.16,1
79734,2020-09-25,3,8,5,18.06,1
723,2019-07-02,1,9,7,32.84,0
9950,2021-12-21,2,3,4,37.48,0
92362,2023-03-25,3,1,13,37.12,1
50755,2022-07-24,2,2,6,24.2,0
71265,2023-07-18,3,4,2,27.01,0
29271,2019-06-05,3,5,1,30.93,0
67687,2022-05-03,3,7,13,7.6,0
80875,2020-08-20,2,1,3,39.28,1
1028,2021-01-01,3,6,9,49.6,0
31771,2021-07-01,1,2,3,37.67,1
93497,2023-09-17,2,4,8,30.51,1
74058,2021-10-06,1,5,12,43.38,0
79794,2023-03-25,3,9,7,32.26,0
76155,2019-01-09,2,3,3,11.84,0
31294,2019-08-21,2,5,13,8.61,0
9692,2022-09-08,2,7,11,25.48,0
4687,2023-11-08,2,7,6,43.12,0
41562,2022-01-09,1,1,11,34.32,0
82035,2022-04-24,3,6,7,24.41,0
73138,2019-12-05,2,3,11,17.7,0
37812,2019-08-01,3,10,2,46.21,0
69165,2020-06-11,3,1,8,20.3,0
40702,2023-09-08,3,1,2,5.96,0
28568,2021-09-21,1,4,4,46.96,0
64327,2021-06-24,1,1,8,19.41,0
35074,2023-01-05,3,1,11,28.03,0
83661,2021-03-09,3,7,3,29.26,0
70313,2020-02-04,2,7,5,7.03,0
92689,2021-05-25,1,7,4,9.62,0
67086,2023-12-02,1,1,4,37.51,0
87680,2023-02-17,2,7,4,42.72,0
77451,2019-07-10,1,8,2,37.45,0
86492,2019-11-20,3,1,13,11.44,0
3264,2021-02-11,1,7,11,46.31,0
84782,2023-12-13,1,1,13,4.15,1
27617,2019-07-18,2,8,5,4.83,0
62174,2019-02-11,2,3,6,36.21,0
53429,2020-07-05,1,2,6,31.74,0
80377,2019-10-29,2,5,7,3.83,0
6466,2021-11-26,2,1,8,48.05,0
36514,2019-11-27,3,2,13,11.64,0
76936,2023-06-25,3,9,13,37.17,1
99955,2020-11-12,2,10,5,14.81,0
68615,2022-05-03,2,7,2,28.06,1
63914,2021-07-12,3,4,4,40.8,0
35437,2023-01-03,1,2,12,4.94,1
50369,2019-10-02,2,10,6,40.05,0
38555,2022-10-18,2,2,7,9.25,0
13563,2023-05-12,3,10,11,29.78,0
17123,2023-08-06,1,8,7,43.3,0
79483,2020-06-09,3,4,4,12.1,0
1775,2022-03-04,1,10,11,38.1,0
16665,2020-03-25,3,7,10,40.43,0
7291,2021-03-02,2,6,4,14.25,0
68035,2020-08-07,3,8,10,39.25,0
24715,2023-02-03,3,2,9,16.59,0
96640,2022-03-18,3,8,7,23.35,0
13539,2020-02-07,3,1,1,40.66,0
79646,2020-04-17,2,5,10,4.17,0
32213,2021-02-14,2,3,9,29.91,0
58300,2022-10-19,1,3,12,24.76,1
12499,2020-03-27,2,3,2,48.18,0
55996,2021-06-18,1,2,12,27.84,0
76644,2022-12-02,1,2,2,13.62,0
982,2023-04-08,2,9,3,4.87,0
83444,2022-07-19,3,6,4,41.99,0
28250,2019-09-20,1,4,11,11.79,0
18153,2022-01-24,2,6,12,11.28,0
1155,2022-06-02,2,6,3,5.07,0
31900,2020-05-26,1,3,1,46.88,0
46302,2023-12-26,1,5,3,21.18,1
35111,2023-09-09,1,7,13,13.1,1
63818,2023-02-05,3,2,12,32.04,0
55956,2023-10-26,1,10,6,25.03,0
91958,2019-07-27,3,4,1,13.09,0
30497,2023-03-30,3,1,6,49.05,0
9464,2019-10-13,3,8,10,26.97,0
68117,2020-03-10,3,5,7,37.3,0
56968,2020-10-25,1,9,6,28.02,0
78018,2021-07-14,1,7,8,13.97,0
56717,2020-02-01,2,6,4,23.66,0
83523,2021-04-28,1,1,3,37.18,0
67532,2019-01-11,2,4,7,14.55,0
42718,2020-08-13,2,10,6,36.49,0
84552,2021-03-28,2,8,10,19.32,0
38490,2021-08-02,2,3,9,30.64,1
55272,2021-12-24,3,1,3,39.62,0
28644,2019-03-11,3,8,4,6.65,0
92568,2023-03-15,1,2,12,16.88,0
30831,2020-05-31,2,3,12,30.55,1
38966,2021-09-24,1,5,6,42.11,0
9658,2022-12-26,1,8,10,27.27,0
71944,2019-07-27,2,10,1,6.78,0
35208,2022-04-10,3,6,7,33.1,0
89440,2019-08-24,3,2,2,21.27,0
96637,2022-01-25,2,8,11,40.63,0
27370,2019-02-22,2,4,13,9.81,0
41169,2023-03-05,1,3,11,44.31,1
46718,2022-11-13,2,1,1,13.62,0
18290,2021-07-26,2,10,1,32.84,0
72696,2021-08-23,1,9,10,33.74,0
6292,2019-05-27,3,5,11,39.83,0
43008,2023-05-11,1,3,9,28.85,0
15402,2021-01-04,1,10,1,45.32,0
10234,2021-05-05,1,1,5,35.39,0
5991,2022-11-23,1,1,4,9.11,0
87825,2021-12-14,3,3,2,45.93,0
10110,2019-05-16,1,3,11,6.88,0
88,2022-04-13,3,5,1,17.44,0
602,2022-07-05,3,2,12,7.98,0
16542,2023-06-23,2,1,5,23.37,0
33793,2020-10-10,3,4,4,12.55,0
53230,2019-03-10,3,2,13,15.36,0
74130,2021-09-28,1,3,13,40.25,0
70235,2020-08-21,3,9,4,4.62,0
33397,2022-04-02,3,6,13,6.66,0
64672,2022-07-08,1,10,2,17.92,0
7598,2021-06-27,2,3,5,28.78,0
8323,2022-06-09,2,7,3,9.01,0
68122,2020-12-20,1,3,7,17.21,0
64426,2023-06-21,1,8,7,32.54,0
15815,2020-12-11,1,9,8,28.13,1
27637,2019-11-03,3,3,12,38.54,0
4562,2020-04-28,2,6,13,2.88,0
9744,2021-08-10,1,3,12,21.3,0
72448,2022-10-17,3,7,12,28.45,0
31193,2020-01-09,1,4,5,39.08,0
28193,2019-09-04,2,2,3,27.23,0
10823,2023-06-11,3,5,1,15.76,0
66770,2023-05-17,2,9,1,29.38,0
21741,2019-04-29,2,8,8,17.85,0
83246,2019-06-17,1,6,10,31.27,0
3367,2019-02-22,3,10,6,32.96,0
99731,2021-06-15,2,1,9,24.71,0
53851,2019-03-22,2,8,1,13.92,0
37894,2023-06-17,1,4,5,27.55,1
26943,2019-04-01,2,5,7,38.72,0
52014,2022-08-03,2,1,3,9.9,0
35370,2021-01-09,1,9,9,47.06,0
75698,2021-07-24,2,8,9,18.88,0
46283,2023-03-27,3,5,10,49.5,0
40068,2023-04-26,2,2,13,38.66,0
85982,2023-10-19,1,4,12,42.1,0
54100,2022-12-28,1,4,13,20.37,0
29470,2023-11-27,2,10,9,24.14,0
71134,2023-08-31,2,7,5,41.76,0
70633,2019-06-07,2,6,4,47.98,0
47743,2020-09-24,1,4,5,14.71,0
5051,2023-12-03,2,2,5,25.06,0
17608,2020-02-10,2,1,3,29.08,0
51093,2021-06-05,2,10,2,17.71,0
14597,2019-07-19,3,6,6,29.41,0
88204,2021-12-06,2,8,8,47.42,0
75432,2022-03-20,1,3,8,8.79,0
53799,2019-10-09,3,10,10,9.96,0
13658,2020-06-12,1,5,4,35.47,1
73208,2021-01-19,1,4,11,8.52,0
88326,2021-05-08,1,3,11,39.8,0
21443,2021-03-11,3,4,4,38.0,0
16505,2019-06-17,3,9,2,11.14,0
58174,2023-07-17,1,4,5,16.41,0
79033,2023-01-05,2,4,1,33.44,0
47918,2023-01-09,3,5,7,31.91,0
64980,2023-06-27,2,8,2,36.88,0
925,2022-06-17,1,3,4,4.08,0
99066,2021-08-31,2,5,12,27.57,0
54485,2023-06-23,1,5,4,25.46,0
35123,2019-07-21,1,5,12,36.79,0
36479,2019-08-20,1,8,7,20.15,0
95761,2022-03-27,1,10,2,15.16,0
99511,2023-08-09,2,7,9,13.14,0
72202,2023-11-27,1,10,13,48.55,0
46469,2023-11-13,2,1,6,30.7,0
19637,2019-08-24,1,9,4,38.49,0
72567,2023-12-18,3,1,1,44.02,0
45515,2019-01-04,3,1,6,8.76,1
81316,2020-02-25,1,4,2,38.66,1
52819,2021-04-18,3,9,2,38.31,1
56180,2023-02-03,1,8,1,18.26,0
84239,2019-09-04,2,8,5,43.2,1
21078,2022-04-28,2,5,5,17.8,0
38709,2022-04-04,2,4,13,7.66,0
74779,2022-11-24,3,2,8,41.04,0
42095,2019-09-19,3,6,6,47.41,1
40147,2022-11-18,3,2,13,34.87,0
52227,2021-06-14,2,5,6,19.18,0
33099,2020-07-31,1,8,4,10.0,0
32868,2020-11-15,2,10,4,37.31,0
33196,2021-05-20,2,4,7,49.3,0
336,2023-06-25,3,6,3,6.63,0
81430,2023-06-26,1,5,4,45.95,0
32962,2022-11-03,2,1,12,28.86,1
67031,2021-03-17,1,3,3,37.71,0
26383,2021-10-28,1,4,2,48.92,1
79533,2022-07-08,1,8,3,41.73,0
22666,2023-08-06,3,7,9,10.48,0
13852,2019-03-21,2,9,12,31.81,0
55238,2019-08-11,3,2,10,9.39,0
96173,2023-05-20,2,6,3,24.26,1
78386,2019-10-26,1,2,6,45.36,0
21857,2023-05-20,2,5,13,3.85,0
66399,2022-06-06,1,1,3,2.98,0
89332,2021-01-17,2,9,3,10.21,0
28832,2022-10-14,1,4,7,17.1,0
21998,2020-04-22,2,6,6,42.4,0
19341,2019-02-12,3,3,9,7.68,0
55668,2021-05-20,2,2,8,25.08,0
28459,2020-01-07,1,4,13,34.88,0
12562,2019-04-18,2,3,12,18.66,0
74524,2022-12-23,3,10,6,46.71,0
27545,2022-03-14,1,4,2,4.03,0
36087,2022-08-31,3,5,1,41.55,0
25953,2022-12-26,3,6,9,3.36,0
65191,2021-10-25,1,9,8,14.85,0
43666,2021-10-26,2,3,8,16.67,0
47990,2023-04-11,1,5,12,19.56,0
47704,2023-04-24,1,4,8,27.64,0
49554,2023-04-01,2,10,3,7.65,0
5005,2019-09-18,2,7,3,3.42,0
93510,2022-10-26,1,5,2,21.6,0
58413,2019-10-23,2,10,3,35.96,0
96674,2021-02-05,1,3,12,10.9,0
89202,2022-01-10,1,2,12,22.94,0
89483,2019-12-09,1,4,6,3.25,1
46885,2023-11-11,3,4,5,49.52,0
11651,2021-06-04,2,3,1,18.83,0
4534,2019-10-07,1,9,10,28.15,0
70670,2019-10-07,3,2,7,41.34,0
79639,2022-06-09,3,7,6,11.33,0
42165,2019-09-11,2,9,4,15.29,0
38563,2019-02-19,2,5,4,11.68,0
80275,2023-10-26,3,7,10,17.66,0
2761,2021-07-18,1,7,6,5.04,0
2105,2022-11-17,3,1,8,33.98,0
3915,2019-08-06,3,4,8,27.69,0
73530,2021-09-16,1,1,5,40.16,1
11463,2023-08-04,1,9,4,27.8,0
25584,2021-04-16,3,4,10,9.78,0
21654,2021-01-13,1,6,9,15.52,0
62295,2022-05-05,1,9,11,23.05,0
33952,2019-08-21,3,4,7,22.8,0
31220,2023-09-26,2,4,8,37.53,0
43784,2022-12-13,3,3,4,8.94,0
6012,2021-11-21,3,8,6,44.07,1
5671,2023-05-21,2,4,1,27.34,0
4349,2021-08-12,1,10,11,40.9,1
70588,2022-03-12,2,2,2,24.81,0
65263,2021-06-29,1,2,2,44.57,0
87986,2020-11-28,1,10,1,38.09,0
10498,2023-02-03,3,9,7,26.49,0
80663,2021-10-13,1,9,9,42.7,0
26456,2019-09-04,2,2,1,43.4,0
45350,2020-01-27,2,6,9,6.84,1
22876,2021-05-17,1,3,3,37.35,0
94901,2021-05-03,3,5,10,25.74,0
47894,2021-04-17,1,1,10,48.24,0
92653,2021-03-21,3,3,4,21.96,0
29930,2022-01-06,1,4,7,5.66,0
60297,2020-08-25,3,8,10,46.66,0
72935,2021-01-26,1,6,6,39.41,1
54651,2019-08-02,3,6,11,28.9,0
55954,2020-09-09,3,2,2,25.73,0
40091,2020-01-11,1,5,4,35.61,0
23709,2023-07-17,1,7,11,19.52,0
55640,2020-02-13,1,8,6,4.78,0
25102,2021-05-29,2,4,13,45.0,0
5346,2023-01-25,1,1,11,35.07,0
40663,2022-02-06,2,2,1,47.38,0
13964,2021-11-12,2,4,3,26.22,0
75037,2021-06-02,1,6,11,40.33,0
26422,2019-09-04,3,3,13,36.4,0
77921,2021-08-26,3,9,6,42.21,1
18195,2019-08-18,1,2,6,46.96,1
8680,2020-04-09,3,5,8,25.97,0
46413,2019-08-06,3,3,9,46.71,0
98562,2021-02-22,2,5,11,3.74,0
11116,2020-01-28,1,2,5,13.72,0
7796,2019-11-08,3,8,5,37.74,0
93690,2020-05-08,1,4,7,44.93,0
36816,2020-06-01,2,8,11,16.4,1
59297,2019-10-03,3,8,5,33.75,0
93312,2023-04-12,2,2,9,17.2,0
60398,2023-08-30,1,8,12,13.52,0
29685,2020-05-25,1,2,6,12.87,0
46062,2019-10-11,1,4,8,29.53,0
30816,2020-01-13,3,6,6,41.71,0
69384,2022-08-05,2,10,10,15.01,0
97329,2022-06-29,3,10,12,10.31,1
31930,2022-08-19,3,7,1,30.47,0
87372,2020-11-20,2,7,12,27.71,0
65850,2020-06-03,1,1,6,38.85,0
79241,2023-05-09,2,4,5,19.59,1
90733,2022-11-17,3,7,11,10.55,0
28916,2020-05-23,2,6,7,36.4,0
11996,2022-09-05,3,9,5,30.41,0
85843,2022-07-05,3,5,7,8.85,0
24336,2021-07-13,1,6,3,32.87,0
98880,2021-01-23,1,10,11,26.71,0
64833,2023-06-07,3,5,13,35.31,0
31916,2022-01-30,2,4,7,15.37,0
85378,2023-05-30,2,9,1,44.29,0
44233,2022-11-08,1,7,2,25.93,0
48253,2020-11-13,3,4,9,14.0,0
41889,2020-12-28,3,6,13,34.19,0
57006,2021-02-04,3,4,11,28.74,1
28628,2022-02-01,2,5,8,21.72,0
31457,2020-03-06,2,3,9,4.39,0
28908,2022-10-03,3,2,6,19.72,0
4960,2022-04-08,1,9,12,5.47,0
65450,2019-02-03,1,5,12,47.07,1
39462,2020-08-19,2,5,8,15.09,0
42368,2022-10-26,2,10,10,10.96,0
6502,2021-07-24,3,9,6,49.11,0
64140,2020-06-27,2,2,4,43.59,0
78388,2023-08-12,3,8,8,34.82,0
86489,2022-01-18,2,2,9,23.68,0
96062,2022-11-25,2,9,13,30.62,0
99815,2021-12-13,2,6,9,33.39,0
4340,2019-03-14,3,2,12,7.93,0
58850,2021-08-27,1,5,5,9.65,1
77283,2020-05-16,1,2,10,10.74,0
86014,2019-08-23,1,4,5,8.52,0
95124,2019-04-28,1,7,13,37.34,0
18728,2022-04-18,2,3,3,19.9,0
60051,2020-09-21,1,9,6,5.63,0
74139,2021-07-05,1,10,11,6.08,1
3485,2019-08-14,1,6,8,12.63,0
83152,2022-01-16,2,6,3,22.49,0
15358,2020-04-28,2,6,11,21.28,1
64158,2021-07-15,3,4,1,8.98,1
18084,2023-04-18,3,4,1,44.53,0
23330,2021-10-24,2,3,4,47.32,0
87267,2021-10-22,1,6,10,11.75,0
13942,2022-10-24,2,2,6,16.93,0
51496,2022-03-20,3,7,3,12.44,0
16407,2023-10-26,3,7,11,45.44,1
60329,2022-06-15,1,4,12,12.96,0
59658,2021-01-14,2,5,9,28.56,0
7434,2019-12-28,2,2,13,44.66,0
76646,2019-08-14,1,8,6,49.14,1
51271,2019-01-17,2,6,6,15.55,1
4514,2021-05-08,1,5,8,26.05,0
84550,2023-06-06,3,4,13,42.24,0
25947,2022-05-08,3,8,10,41.48,0
14763,2019-04-04,3,6,8,34.34,1
51883,2019-06-11,2,5,8,34.14,0
80069,2020-08-21,2,2,11,34.72,0
68785,2019-06-28,3,5,1,45.54,0
88092,2023-05-20,2,10,10,47.62,0
15717,2022-09-28,3,7,11,38.82,0
95556,2023-08-18,3,4,13,28.62,0
74509,2023-03-02,3,8,3,33.13,0
37166,2023-12-18,3,6,5,10.95,0
29544,2020-05-12,2,1,5,17.54,1
46227,2019-01-29,1,7,1,26.5,0
40247,2022-09-03,1,6,8,33.83,0
52474,2022-08-23,3,9,6,34.21,0
33623,2023-12-23,2,7,7,17.54,0
64249,2022-10-24,3,5,11,38.47,0
44078,2023-06-15,1,4,11,26.12,1
84712,2020-04-03,3,5,6,49.62,0
4119,2022-10-23,1,9,2,27.91,0
36579,2020-05-19,3,9,12,21.83,0
43388,2019-10-17,3,6,8,36.06,0
74138,2021-10-09,2,8,4,36.72,1
1388,2022-07-07,1,7,8,29.89,0
83104,2022-06-11,2,6,13,20.84,0
52311,2019-06-06,3,1,6,35.36,0
56555,2022-11-28,3,5,1,2.63,0
31498,2021-07-07,3,2,4,49.03,1
78835,2022-04-03,1,9,12,49.39,0
70252,2019-02-22,3,8,12,25.06,0
86906,2020-09-17,1,10,11,11.34,1
648,2020-01-28,3,3,3,3.16,0
31061,2019-05-03,3,3,9,36.27,0
22597,2022-02-11,3,5,1,21.98,1
37804,2021-02-02,2,5,5,4.68,0
95778,2023-05-16,1,7,4,45.54,0
48957,2019-06-30,3,6,8,26.75,0
6812,2021-11-10,3,1,2,37.08,0
80058,2022-10-13,1,8,4,5.19,0
70973,2022-07-22,1,8,7,13.2,0
56625,2019-03-24,2,3,3,10.66,0
34765,2020-03-24,3,10,10,6.1,0
76722,2021-05-09,2,2,3,48.16,0
42747,2020-10-20,3,10,9,9.42,0
72108,2023-11-22,2,5,7,2.81,1
90314,2019-02-07,2,8,2,36.71,0
34640,2019-10-01,3,8,13,13.46,0
10432,2019-12-05,2,10,13,8.83,0
49921,2023-04-23,1,1,3,42.68,0
77591,2022-08-09,3,9,8,17.53,0
95150,2023-07-08,3,7,13,7.73,0
77711,2019-08-31,2,5,1,31.3,0
98117,2019-03-30,1,5,5,37.61,0
45555,2021-08-28,3,2,10,41.58,0
9171,2019-11-10,3,5,10,20.1,0
56784,2021-05-15,3,10,13,9.11,0
19849,2023-05-16,3,3,6,23.67,1
34953,2021-06-12,1,9,11,32.75,0
72234,2019-10-19,2,1,9,39.96,0
2797,2019-03-04,3,8,11,38.31,0
3582,2023-07-11,3,10,9,10.33,1
23142,2022-03-29,3,4,11,36.1,0
15266,2020-05-29,1,6,9,34.65,0
16839,2022-11-05,2,8,1,2.66,0
49204,2020-02-09,2,2,4,3.0,0
37768,2019-07-02,1,2,11,9.65,0
8699,2022-11-06,2,9,12,23.19,0
54969,2023-06-12,3,10,6,37.19,0
87310,2020-08-17,3,8,5,30.75,0
48224,2019-10-21,3,9,13,44.81,0
42519,2020-01-23,1,1,3,4.33,0
26215,2019-03-27,2,10,13,5.91,0
96977,2023-10-18,3,10,5,6.87,0
27371,2019-11-07,3,4,2,32.39,0
98498,2023-07-17,1,2,10,23.59,0
33151,2020-12-26,3,10,1,14.34,0
25326,2022-06-05,2,1,9,29.72,0
21369,2019-06-01,2,6,5,32.77,0
9953,2022-08-28,3,9,5,26.54,1
39947,2022-04-11,2,2,11,48.65,0
14125,2019-01-28,3,6,9,46.96,0
54552,2022-06-16,2,4,6,38.38,0
16016,2020-05-31,2,6,1,40.64,0
6911,2022-06-29,2,3,9,46.02,1
37375,2021-03-27,2,5,5,40.09,1
75044,2023-11-20,1,10,9,15.94,0
73354,2020-06-13,2,10,2,6.7,0
6354,2021-03-08,1,4,6,28.68,0
14173,2019-01-25,2,5,6,49.8,0
62672,2021-11-08,1,2,9,11.51,1
69302,2023-07-05,2,9,11,15.76,0
95485,2019-11-28,1,7,13,6.71,0
99739,2019-03-09,1,8,5,38.57,0
76281,2019-07-17,3,9,8,17.78,0
76994,2023-09-03,3,10,4,49.96,0
67892,2023-11-06,3,6,1,44.86,1
33190,2022-04-16,2,9,13,16.19,0
10066,2023-08-02,2,9,6,14.33,0
21935,2021-05-08,1,9,6,30.55,0
32870,2022-03-16,1,8,3,6.24,0
45641,2022-05-05,1,10,9,47.12,0
55419,2019-09-26,3,2,6,3.58,0
97937,2022-07-11,2,8,5,33.16,1
12568,2022-12-08,1,2,5,5.22,0
62464,2019-01-09,1,7,4,22.69,0
38105,2019-10-18,2,2,1,25.8,0
6508,2022-03-02,3,8,11,43.88,0
91733,2019-06-01,2,6,7,32.44,0
16039,2022-12-04,1,9,11,47.15,0
57099,2021-12-21,3,3,11,16.59,0
54873,2023-02-02,1,10,9,5.63,0
65063,2019-02-17,2,6,11,17.82,1
45006,2020-11-10,2,9,13,46.53,0
51406,2021-06-19,3,4,12,6.49,0
38065,2019-01-22,2,6,11,14.72,0
54984,2022-10-15,3,4,12,19.72,1
79376,2023-04-05,3,5,5,14.76,0
77244,2019-12-20,3,8,6,49.44,0
73473,2023-03-03,1,4,11,48.66,0
14074,2021-03-07,1,7,3,7.92,0
77529,2020-02-18,2,3,7,9.12,0
54862,2021-02-27,1,3,13,29.9,0
58275,2021-12-22,3,10,6,25.47,1
60286,2021-05-22,2,6,9,3.21,0
246,2023-08-26,3,3,10,49.96,0
32527,2022-09-06,3,6,9,10.4,1
20641,2021-02-13,2,10,12,49.16,0
124,2020-07-15,3,1,1,36.19,0
44409,2020-11-08,1,6,4,5.77,0
37577,2022-04-03,1,1,12,7.35,1
44208,2020-12-07,2,6,13,42.48,0
33707,2021-06-20,3,1,1,45.96,1
88703,2020-07-31,1,2,7,49.65,0
64924,2022-01-25,1,2,13,42.96,0
32371,2019-06-05,1,9,7,19.99,0
78392,2020-10-24,3,2,13,12.95,0
95318,2021-03-28,3,10,7,32.73,0
4429,2019-03-10,3,7,8,7.5,0
55941,2022-02-03,3,9,3,11.91,0
91763,2023-11-01,1,6,11,27.81,0
54295,2021-07-27,2,10,11,39.51,0
39358,2023-10-29,3,1,10,34.52,0
68447,2022-01-31,1,2,12,49.66,0
49693,2022-06-27,2,1,3,45.64,0
78901,2023-10-15,1,5,4,23.36,0
58515,2022-05-15,2,5,11,42.66,1
19931,2022-05-01,1,3,6,3.44,0
70593,2021-05-21,3,9,7,26.14,0
34535,2021-09-09,3,3,6,49.97,1
47526,2020-06-29,2,5,13,12.5,0
57496,2022-12-11,1,9,1,38.84,0
78845,2020-09-01,1,2,4,32.28,0
8078,2019-03-28,3,5,4,46.83,0
14404,2021-10-13,2,10,11,36.1,0
74691,2019-09-30,3,5,13,32.1,0
73485,2021-02-12,1,10,3,6.02,0
17132,2022-05-27,2,7,9,14.83,0
1756,2021-04-25,1,2,8,9.03,0
76995,2022-04-11,2,9,1,15.11,0
18716,2023-01-16,2,5,8,12.75,0
57323,2023-01-09,2,2,1,6.84,0
81601,2019-03-13,3,9,10,5.19,0
34122,2023-03-05,3,2,1,18.21,0
35687,2021-05-19,3,8,4,32.16,1
51927,2022-09-28,1,1,13,29.18,0
79900,2021-01-05,1,8,13,13.26,0
40896,2020-10-31,3,9,6,23.66,0
13176,2021-01-15,3,10,7,45.06,0
39780,2019-05-06,1,9,6,35.42,0
39305,2019-10-21,1,8,3,36.82,1
66465,2023-10-14,2,10,2,2.34,0
83384,2022-09-23,2,6,11,47.78,0
29696,2022-05-23,3,6,1,26.69,0
61779,2023-09-19,1,7,2,34.97,1
77002,2020-01-25,1,8,1,49.09,0
73878,2021-08-22,3,1,1,4.61,0
84070,2020-04-12,2,7,3,42.27,0
17766,2021-08-20,3,2,13,40.7,0
14865,2019-02-17,1,5,7,29.37,0
8603,2023-09-22,3,8,2,16.97,0
85858,2020-05-02,3,8,8,47.8,0
34703,2020-04-13,3,1,7,33.34,0
7797,2022-02-26,3,1,7,40.65,0
48032,2020-11-23,1,9,12,10.76,0
42193,2020-08-30,3,10,12,24.14,0
87927,2021-08-07,2,1,13,5.77,0
79458,2022-01-13,2,5,3,6.75,0
39176,2019-10-29,3,2,12,48.09,1
53889,2021-05-02,2,8,6,45.37,0
1507,2022-10-28,1,3,9,44.57,1
51101,2020-03-04,1,5,1,18.85,0
44128,2020-11-02,2,4,3,19.56,0
4464,2021-05-17,3,10,10,44.14,0
1315,2023-05-29,2,10,6,14.99,0
18659,2020-08-03,1,7,2,49.43,0
21533,2023-02-26,3,4,5,11.95,0
63185,2023-12-16,3,8,8,31.39,0
44060,2023-03-16,2,9,4,27.09,0
9624,2019-05-27,1,1,12,7.51,0
69411,2020-08-27,2,1,13,26.93,0
23525,2019-10-18,2,6,5,9.31,0
51940,2021-10-14,3,4,4,13.6,0
68975,2019-01-23,1,10,2,36.97,0
18694,2021-08-29,1,1,13,6.61,0
67929,2022-05-30,3,6,9,13.87,0
2205,2019-01-06,1,10,11,21.73,0
40139,2022-06-16,3,9,10,2.48,0
65972,2021-06-14,1,7,1,40.01,0
12700,2023-12-27,3,8,3,29.97,0
47633,2019-06-01,3,2,9,38.77,0
91922,2023-01-27,3,3,1,21.08,0
60944,2023-02-27,2,7,7,40.69,0
86611,2022-06-27,2,10,1,38.26,0
75353,2020-12-04,1,8,10,41.21,0
51651,2019-01-09,1,8,6,16.5,0
79172,2021-06-17,3,9,9,24.06,0
84339,2019-09-30,2,2,4,32.16,0
50373,2022-02-03,3,5,9,8.35,0
14648,2022-09-14,3,3,5,3.65,0
95544,2020-08-17,1,10,3,23.75,0
37776,2019-02-23,2,3,13,20.64,1
23757,2019-07-29,2,9,8,26.6,0
16691,2020-07-15,1,5,13,12.77,0
38686,2023-02-09,2,2,3,37.96,0
70873,2020-05-27,3,3,10,17.41,0
27042,2019-09-24,1,2,7,40.12,0
57873,2023-04-23,1,10,8,20.03,1
30979,2022-05-10,1,4,6,35.7,1
13328,2022-02-12,1,4,11,43.54,0
93677,2023-01-28,1,6,12,39.5,1
59538,2019-12-10,3,3,7,13.43,0
88594,2022-02-03,2,6,1,26.02,1
34577,2022-05-04,1,10,10,23.77,0
75847,2023-03-11,1,7,2,4.96,0
77938,2022-12-10,3,7,4,9.76,0
45064,2021-12-09,3,10,7,48.17,0
3616,2020-05-05,2,3,2,13.75,1
9389,2019-02-07,1,4,4,11.65,1
75944,2023-07-19,2,3,6,16.46,0
62439,2019-09-25,1,3,1,10.98,1
20583,2019-04-24,3,10,10,47.91,1
8794,2021-11-19,1,4,12,36.93,1
8726,2021-04-06,3,4,9,49.35,0
72407,2023-03-25,1,1,2,22.31,1
5373,2020-02-18,1,8,11,36.59,0
26138,2020-08-24,3,5,1,7.61,0
13801,2020-06-29,3,2,8,46.51,0
10896,2023-10-20,2,5,4,21.42,1
75932,2023-07-17,1,10,12,36.32,0
46570,2021-02-18,3,1,8,42.02,0
94855,2023-12-02,1,5,9,8.71,1
78663,2021-05-09,2,7,3,33.94,0
57350,2019-10-22,1,8,8,25.82,0
50514,2023-01-12,1,6,12,32.7,1
38502,2021-01-06,2,9,4,10.02,0
30693,2019-04-25,2,6,4,10.97,1
8992,2023-03-03,3,1,6,6.45,0
96161,2020-11-14,2,7,4,28.16,0
44142,2023-02-18,1,10,2,36.28,1
93601,2020-01-28,2,1,8,27.37,1
6351,2021-12-03,1,10,3,9.97,0
12679,2021-07-11,1,4,8,3.45,0
69694,2021-01-28,1,4,10,44.8,0
27799,2021-12-10,1,3,13,48.02,1
4951,2023-12-25,2,4,6,49.84,1
77845,2019-12-13,3,9,1,7.32,0
82973,2023-01-05,3,9,6,23.72,0
74463,2019-03-09,3,1,9,2.43,0
76329,2021-11-18,2,1,3,46.92,1
75908,2021-01-18,3,1,13,10.12,0
80444,2022-08-28,2,8,6,25.04,0
58421,2019-10-18,1,10,9,25.17,0
28078,2021-06-21,2,8,13,29.24,0
63526,2020-10-04,3,7,7,42.77,0
2790,2020-10-08,1,7,10,7.26,0
38114,2021-06-02,1,6,7,8.8,1
18012,2023-05-14,2,1,3,30.44,0
65884,2019-04-22,2,7,4,3.98,0
37234,2021-03-04,3,7,5,42.07,0
36635,2023-10-21,1,10,4,15.66,0
81557,2019-11-24,3,8,4,10.65,0
80492,2020-09-12,3,6,9,48.4,1
33528,2022-11-07,2,4,7,43.99,0
34658,2019-05-09,2,2,11,7.59,0
63008,2021-11-12,2,10,6,37.6,0
71683,2019-10-13,3,1,5,41.44,1
8878,2020-05-14,1,3,4,14.13,0
13138,2023-04-19,3,8,11,42.17,0
67052,2019-05-29,1,5,4,48.74,0
1686,2019-12-14,3,4,8,6.31,0
27725,2023-07-25,1,10,2,7.28,0
43538,2022-10-30,2,8,10,13.71,0
66810,2020-10-26,2,2,12,4.37,0
20522,2020-01-20,1,5,7,36.22,1
2363,2020-11-01,1,10,8,46.81,0
6766,2022-12-23,3,9,8,10.75,0
57070,2020-01-07,2,7,11,39.78,0
71131,2023-05-03,1,7,2,8.22,0
23775,2022-01-19,2,6,4,6.16,0
37286,2022-08-29,1,1,3,22.75,0
11056,2020-11-13,3,10,5,38.21,0
98012,2023-05-06,1,4,1,35.86,0
9816,2023-01-15,2,4,4,4.26,0
60911,2021-04-08,3,6,3,38.23,0
9271,2021-01-19,2,10,1,2.14,0
5586,2019-01-27,3,3,13,11.84,0
84400,2021-08-30,3,2,12,37.13,0
10214,2021-12-05,1,10,12,28.2,0
58496,2022-07-04,3,2,2,25.34,0
65444,2020-09-05,1,9,5,10.25,0
73459,2019-08-13,1,7,5,21.78,0
6944,2020-03-14,3,6,8,3.61,0
12818,2021-11-12,3,3,3,28.21,1
95439,2023-02-05,1,8,3,4.48,0
67583,2019-01-06,3,2,4,34.83,0
63144,2021-06-04,2,1,7,31.0,0
46238,2019-05-28,1,1,4,12.93,0
18421,2023-01-16,1,8,3,49.46,0
48723,2022-05-30,1,8,10,38.18,0
72741,2021-07-29,1,4,6,31.19,0
96292,2019-05-19,2,9,6,45.33,0
85110,2021-01-08,3,6,5,40.36,0
57549,2022-05-26,1,7,9,47.36,0
54405,2022-10-10,2,9,8,21.99,0
43813,2021-08-01,2,10,10,11.25,0
69298,2022-08-12,3,6,12,22.07,0
5702,2019-11-27,1,4,5,25.61,0
81723,2020-08-30,3,7,2,26.62,0
19410,2020-07-18,1,4,5,8.67,0
43148,2023-09-19,1,4,12,45.09,0
92506,2022-05-10,2,5,9,43.73,1
49732,2020-06-16,2,7,7,23.28,0
83349,2021-07-16,2,4,7,13.14,0
50269,2019-09-24,1,4,9,7.89,0
61449,2023-04-18,3,9,1,44.22,0
92147,2020-07-20,3,8,8,10.42,0
72510,2023-08-30,2,2,11,33.79,1
39019,2021-02-04,1,3,13,41.19,0
42678,2023-09-30,1,4,11,49.84,0
97455,2023-04-21,2,1,10,20.7,0
34632,2019-09-19,1,8,8,9.68,0
13794,2023-08-28,1,9,11,40.66,1
37573,2021-12-27,2,8,8,21.43,0
72267,2021-05-06,3,4,13,15.28,0
82522,2021-12-25,3,1,8,23.35,0
19951,2019-02-19,3,5,5,27.27,0
27254,2022-07-07,1,8,4,46.06,0
37724,2022-07-18,2,8,11,29.69,1
71684,2020-05-11,2,4,13,44.99,0
85796,2023-11-20,3,7,12,34.68,0
85996,2020-01-14,1,3,11,22.45,0
37328,2023-02-24,1,8,12,16.23,0
96868,2023-08-08,2,1,8,25.91,0
94931,2020-02-12,2,5,11,4.66,0
67965,2022-08-10,1,3,4,17.83,0
92714,2020-06-23,3,6,2,4.32,0
59292,2021-07-05,1,2,3,10.57,0
74951,2022-09-29,2,5,4,34.34,0
71010,2022-07-13,1,4,3,46.87,0
87180,2022-09-14,2,5,9,43.63,0
80632,2021-09-05,3,2,7,44.02,0
7665,2019-04-19,3,7,8,37.7,0
85151,2021-10-08,1,7,8,27.41,0
5888,2020-01-10,2,7,6,3.41,0
40836,2021-04-30,3,8,3,7.37,0
17640,2019-09-30,1,2,5,24.67,0
84985,2020-11-15,3,6,5,43.89,0
97542,2020-01-20,1,3,8,23.8,1
2353,2019-09-24,3,9,13,19.28,1
57401,2021-09-17,1,8,4,25.5,0
8549,2022-06-21,2,10,13,44.08,0
90451,2021-04-14,3,6,8,28.5,0
20311,2023-03-08,2,1,5,14.19,1
23969,2021-10-11,2,8,2,44.25,0
52096,2022-07-20,2,10,7,32.69,0
89064,2019-07-18,3,3,8,33.3,1
22460,2021-10-10,3,4,12,16.82,0
51284,2020-12-22,2,9,9,39.34,0
49232,2023-07-12,3,7,2,45.0,0
43197,2021-11-29,2,7,4,8.98,0
8467,2021-06-24,2,1,4,16.86,0
52783,2019-03-10,2,9,13,3.57,0
27544,2019-11-23,2,7,5,28.84,0
83232,2021-07-23,2,1,8,28.21,0
83167,2023-01-22,1,7,7,25.53,0
84832,2022-11-08,3,7,12,48.88,0
99114,2019-02-11,2,2,1,17.16,0
34846,2021-12-03,3,9,8,10.24,0
47762,2019-06-30,3,5,5,44.3,0
12220,2023-10-15,1,3,2,18.16,0
69327,2023-05-25,3,10,7,31.47,0
28150,2019-01-22,2,5,13,26.73,1
27802,2019-10-08,1,1,5,2.34,0
36516,2019-09-17,3,5,3,36.18,0
31129,2022-01-01,1,3,12,29.76,0
36491,2023-03-15,1,8,1,24.55,1
67221,2023-04-30,2,6,13,23.19,0
35044,2019-11-03,2,6,10,35.28,0
47238,2022-08-30,1,3,3,41.96,0
63977,2020-09-14,1,5,2,42.05,0
53088,2019-04-29,3,9,2,48.21,0
86480,2019-10-03,2,5,11,2.33,0
57298,2023-09-22,2,4,6,7.59,1
9721,2020-12-23,1,3,9,40.01,1
81031,2022-07-07,3,9,3,27.95,0
67801,2020-05-25,2,2,10,11.83,0
74063,2022-04-03,2,2,11,47.1,0
22228,2022-04-21,3,10,2,27.79,0
92790,2023-09-02,2,2,1,3.11,0
35958,2020-05-07,1,7,7,32.69,1
75834,2022-10-14,1,3,3,2.99,0
35491,2019-11-21,3,2,2,37.83,1
84141,2023-07-23,3,8,3,35.25,0
3763,2023-09-24,1,3,2,39.61,0
67880,2021-01-21,3,1,3,22.58,0
39230,2020-07-28,1,8,2,14.76,0
48254,2020-02-12,1,3,12,34.18,0
29321,2021-02-22,1,4,6,29.59,0
24725,2021-11-15,3,5,11,6.73,0
83795,2022-10-02,2,5,7,49.38,0
38930,2021-03-23,2,1,5,17.54,0
56511,2020-12-06,3,10,2,26.56,0
75830,2021-08-19,3,9,11,28.68,0
95057,2020-09-13,1,5,7,15.92,0
40058,2022-08-08,1,4,10,30.54,0
16236,2021-12-14,1,2,12,45.71,0
36382,2020-03-21,2,6,9,28.12,0
54868,2020-01-08,3,9,4,38.46,0
15501,2019-05-26,2,7,10,46.03,0
78458,2022-08-24,2,1,10,44.54,1
40984,2023-08-24,3,3,11,33.38,1
42609,2022-09-22,2,1,7,7.04,0
79463,2019-04-15,1,8,6,20.73,0
97409,2021-08-29,3,1,11,21.7,0
36984,2023-11-24,3,5,11,4.09,0
49986,2022-12-19,1,10,5,31.33,0
40069,2023-08-01,3,6,7,23.16,1
45896,2022-12-04,3,10,3,13.34,0
60613,2021-09-10,2,1,1,5.97,0
5804,2023-12-01,1,9,2,34.28,0
14755,2021-09-24,3,9,9,19.76,0
31471,2021-11-01,3,10,10,10.13,0
70800,2023-09-05,3,6,10,32.91,0
47197,2020-10-21,2,9,7,16.84,0
15715,2023-05-13,1,5,13,39.76,0
24301,2021-11-12,2,2,1,7.06,0
89756,2023-10-27,3,8,10,30.22,1
19749,2019-04-05,1,8,6,20.58,1
44159,2023-05-10,3,10,1,13.13,0
90802,2023-11-20,3,5,2,39.92,0
37103,2021-10-02,2,3,3,41.32,0
47795,2020-11-16,3,8,4,44.01,0
66326,2023-01-29,2,6,8,30.0,1
24431,2019-12-12,2,10,6,17.64,0
2594,2021-12-06,3,3,10,8.61,0
54798,2020-10-10,2,1,3,8.52,0
33904,2022-07-12,3,7,11,35.95,0
13626,2023-10-11,3,3,9,4.38,0
99025,2019-01-17,2,5,5,31.2,0
84256,2019-12-05,1,8,11,13.76,0
25424,2019-03-25,1,5,2,29.49,0
348,2020-06-30,2,6,6,22.36,0
12633,2022-02-15,1,9,7,20.46,0
64734,2019-10-24,3,5,10,24.53,0
10171,2019-02-27,1,3,6,46.17,0
21263,2023-06-14,3,3,13,33.1,0
28159,2022-06-25,3,4,1,47.6,0
46666,2021-09-29,3,3,2,6.77,1
9664,2019-10-13,1,5,5,49.24,0
13800,2021-10-30,3,9,5,10.34,0
993,2021-11-19,1,10,8,5.42,0
62335,2023-12-09,3,1,13,25.21,1
68789,2019-03-12,1,7,3,46.35,1
94573,2020-04-22,2,10,6,15.49,0
80155,2023-06-23,1,9,9,25.15,0
42090,2021-02-19,3,4,3,24.43,1
12565,2019-02-15,2,1,8,21.18,0
98346,2022-05-04,2,3,8,34.12,0
10805,2022-05-17,2,4,7,41.27,1
64507,2023-01-28,1,4,1,31.04,0
25780,2023-12-18,2,7,3,42.32,1
11510,2023-04-06,2,2,5,30.93,0
49713,2023-10-14,1,2,1,24.66,0
34993,2020-03-27,2,8,4,38.34,0
9959,2023-01-14,3,7,10,33.05,1
44953,2023-11-16,1,9,6,30.6,0
49426,2022-10-25,3,8,1,13.09,0
69986,2023-07-24,3,4,12,10.95,0
94486,2020-04-04,2,10,12,38.15,0
39582,2022-10-26,3,3,9,2.95,0
66653,2020-08-28,2,5,1,4.85,1
11222,2021-06-10,2,10,13,6.52,0
48802,2019-12-25,1,8,2,39.0,0
34690,2020-09-10,3,1,3,2.77,0
90199,2020-07-20,1,7,3,43.69,0
23889,2022-09-15,1,3,3,30.01,0
50696,2022-09-15,1,10,11,24.6,0
34263,2022-02-24,3,8,12,4.16,0
89647,2021-08-06,3,10,8,30.23,0
12938,2021-01-15,1,5,12,38.47,0
20472,2023-10-06,3,10,6,19.22,0
44008,2022-02-27,1,4,6,9.32,0
27814,2019-12-15,3,2,1,22.98,0
94528,2023-07-08,1,1,7,6.62,0
64737,2022-05-21,1,8,9,38.92,0
52004,2021-06-27,3,4,13,38.48,0
10004,2019-10-22,3,2,10,17.06,1
38994,2019-08-10,2,10,1,9.76,0
94259,2021-04-20,3,8,5,17.82,0
53702,2022-01-21,1,3,3,22.21,0
5861,2019-12-08,2,9,10,49.39,1
50574,2021-11-18,3,5,4,16.65,0
39308,2022-05-27,2,5,2,31.84,1
29579,2022-10-18,3,6,3,34.45,0
74678,2022-04-21,3,1,1,27.41,0
83474,2021-01-11,1,2,6,41.25,0
28102,2022-01-29,2,7,5,33.61,0
89471,2019-03-10,2,9,3,30.14,0
9827,2021-08-15,2,8,2,45.02,0
91498,2022-11-01,2,10,3,22.82,0
46150,2019-06-28,2,3,5,45.51,1
62937,2021-08-17,3,2,6,46.33,0
35635,2022-06-16,1,8,13,8.48,0
64007,2021-10-11,2,5,3,17.75,0
64131,2019-10-19,2,9,2,2.44,0
20694,2022-05-14,3,5,1,20.53,0
9782,2020-10-22,2,10,8,36.53,1
83099,2022-03-26,1,6,3,19.12,1
67114,2021-08-13,1,1,9,38.36,0
87607,2019-09-27,1,8,11,2.84,0
21018,2020-12-28,1,10,5,25.98,0
30414,2019-05-25,3,2,2,38.85,0
98653,2021-07-05,1,4,3,6.1,0
8876,2020-11-23,2,10,7,49.75,0
92402,2023-07-04,3,2,13,30.68,0
70452,2021-04-03,1,9,2,48.62,0
46008,2022-09-23,2,6,4,17.15,0
8893,2019-03-28,1,2,10,26.93,0
96858,2019-10-25,2,7,12,26.17,0
40260,2021-03-31,2,6,3,2.87,0
25764,2023-01-12,2,3,3,28.68,1
99981,2021-08-24,2,7,5,21.08,0
82668,2023-12-22,2,3,3,43.37,0
48982,2020-11-26,3,3,9,23.78,0
71254,2023-10-16,1,3,7,36.19,0
12188,2020-07-04,3,2,5,28.09,0
23540,2019-08-02,2,6,7,4.35,0
39197,2021-04-12,2,6,11,29.07,0
70370,2023-06-18,1,2,6,2.61,0
79806,2022-08-08,3,5,10,49.06,0
19495,2022-05-25,3,1,7,15.44,0
24672,2020-01-01,1,9,4,35.34,0
45808,2021-01-07,1,6,2,43.41,1
45988,2022-10-04,3,10,8,46.01,0
46588,2019-10-20,2,3,4,46.87,0
87745,2021-11-08,3,3,1,18.82,0
66563,2020-09-02,3,10,1,7.75,0
61429,2022-06-23,2,5,3,42.65,0
39452,2019-05-08,3,5,5,29.43,0
57210,2019-12-29,3,2,13,5.34,0
76151,2020-09-17,3,6,3,10.79,0
7147,2020-02-13,3,6,2,14.74,0
34574,2021-07-03,2,4,7,8.49,0
47367,2019-12-03,3,10,9,46.04,0
34890,2022-11-09,2,8,13,49.96,0
98378,2021-03-10,1,4,1,2.62,0
53155,2019-04-23,2,8,6,37.45,1
60985,2021-01-19,2,3,6,28.12,0
16516,2021-12-22,1,8,13,43.32,0
4700,2019-12-10,3,10,1,47.71,0
33548,2021-01-31,1,6,8,20.51,0
17709,2021-12-05,2,1,11,39.21,0
42918,2021-03-04,1,9,12,36.71,1
16822,2023-10-27,2,10,7,48.05,1
6090,2020-08-04,2,4,10,35.86,0
30082,2021-06-11,1,10,4,25.86,1
94762,2020-12-08,3,9,2,32.64,0
14348,2019-01-05,2,1,9,38.25,0
80661,2020-06-23,3,2,4,38.83,0
66578,2021-02-24,1,2,13,39.41,0
18730,2019-01-04,2,1,3,8.34,0
28872,2023-04-21,3,8,4,8.54,1
58568,2023-02-06,3,5,3,35.79,0
62055,2020-06-17,2,3,1,10.22,0
62193,2019-05-31,1,9,10,15.63,0
93762,2021-11-03,3,5,7,46.35,0
4189,2022-07-11,1,2,7,16.69,0
87164,2023-11-25,3,8,8,40.79,1
36427,2023-09-16,1,9,4,9.4,0
5850,2023-07-04,1,10,10,42.69,0
79682,2023-04-19,1,7,9,14.55,0
73592,2020-02-12,2,4,6,3.21,0
96082,2022-05-10,3,6,13,44.36,0
5958,2021-02-11,2,5,1,40.78,0
76446,2023-11-20,2,4,4,30.33,1
54022,2021-06-24,3,1,11,10.98,0
70704,2023-11-09,2,6,6,30.67,0
503,2023-01-31,2,4,6,47.7,0
82610,2020-07-30,3,9,6,28.38,1
77181,2019-07-07,2,7,12,14.26,1
39526,2019-07-09,1,5,8,43.18,0
91467,2023-04-04,1,3,11,40.76,0
52759,2023-07-03,2,2,5,30.63,1
64309,2022-12-25,3,10,6,17.06,0
5468,2022-02-07,3,7,12,43.39,0
21992,2019-05-25,3,6,7,20.25,0
91170,2021-01-24,1,4,6,37.65,1
6751,2020-10-24,2,10,13,42.29,0
41519,2019-08-14,1,5,4,31.4,0
574,2021-06-23,1,9,7,21.8,0
84752,2021-05-16,3,1,7,43.12,0
28923,2021-12-05,3,7,7,17.66,0
70265,2023-08-13,2,9,10,39.75,0
81579,2022-12-23,3,1,3,29.64,0
38957,2022-09-22,2,2,9,39.73,0
93391,2020-05-15,1,8,5,27.82,0
70034,2023-06-22,1,6,4,9.68,1
74671,2023-01-13,2,2,11,41.72,0
58659,2022-01-08,1,10,13,39.19,0
24847,2019-11-17,3,8,3,49.77,0
79989,2019-11-23,3,5,12,13.64,1
89589,2022-10-31,2,2,8,43.81,0
55667,2020-01-13,2,6,13,28.8,0
9660,2022-09-23,1,8,9,15.2,0
33764,2019-01-25,2,9,10,6.88,0
41188,2020-06-09,1,3,3,15.26,0
37348,2019-07-11,2,5,2,42.51,0
35513,2021-09-21,1,5,4,21.07,0
80106,2022-05-07,3,3,11,42.38,1
61147,2020-03-28,3,3,7,24.18,0
90671,2022-06-23,3,2,2,10.52,1
88319,2021-11-09,1,7,9,7.96,0
48098,2020-02-05,3,1,3,28.46,0
88495,2019-10-04,3,7,4,31.34,1
40154,2023-10-13,2,4,5,46.38,0
70098,2021-01-29,3,5,2,35.02,0
16022,2021-10-31,2,6,7,30.59,0
36202,2020-08-16,1,2,4,29.63,0
27756,2021-08-25,2,6,7,36.35,1
88867,2020-02-16,3,1,8,42.28,0
77480,2019-08-10,1,9,6,12.13,0
73206,2023-10-18,1,2,5,4.69,0
24295,2019-12-30,3,5,8,15.36,1
7225,2022-05-12,2,1,5,42.93,0
28162,2023-03-08,2,5,7,18.08,1
47630,2022-04-11,3,2,7,11.12,1
43449,2021-07-15,2,8,1,22.3,0
60050,2020-10-23,2,10,8,42.74,0
32096,2022-01-24,1,3,7,43.57,0
65330,2023-12-23,1,9,8,49.7,0
83953,2023-11-03,1,3,2,17.04,0
64532,2022-02-28,3,6,2,21.86,0
38955,2019-09-13,2,7,12,6.84,0
76692,2020-11-28,2,2,6,48.7,0
99714,2020-04-03,2,4,11,49.27,0
24083,2020-03-20,1,10,8,20.58,0
7026,2021-10-17,1,5,2,20.24,0
68736,2020-08-30,2,2,11,32.52,0
44719,2021-05-17,1,2,13,6.43,1
235,2020-05-20,3,9,2,11.0,0
51510,2020-03-17,2,6,4,40.63,0
64075,2021-09-08,1,5,6,35.46,0
14979,2021-10-12,1,6,8,39.64,0
14671,2019-12-01,3,5,9,17.14,0
34110,2022-06-08,2,7,5,37.04,0
49570,2022-12-02,1,7,11,22.43,1
25939,2023-09-09,2,7,1,35.26,0
17773,2019-01-19,1,8,13,47.41,0
89314,2023-03-16,3,6,10,29.72,0
93688,2019-11-29,3,9,12,43.2,0
99441,2022-06-20,3,9,10,6.44,0
24052,2020-07-10,2,10,12,35.8,0
63061,2021-09-21,1,2,5,29.58,0
50786,2020-04-15,2,2,10,25.08,0
13026,2019-03-26,2,2,5,9.21,0
69129,2021-03-13,2,10,12,10.82,0
78893,2020-12-16,3,5,10,6.55,0
67582,2020-11-22,2,6,13,13.36,0
84880,2020-01-23,2,4,9,40.28,0
91839,2020-09-18,3,4,8,27.11,1
6659,2022-12-08,3,1,5,22.94,0
86443,2023-06-05,2,1,7,12.59,0
67898,2020-07-21,3,2,3,5.24,0
19007,2020-07-16,3,1,3,29.69,0
72619,2020-02-20,3,10,13,32.48,0
4728,2021-07-05,2,7,13,38.12,1
45234,2022-01-06,2,1,11,9.54,0
77208,2020-11-17,1,2,1,29.36,1
77149,2023-08-10,1,6,6,2.32,0
37365,2019-01-03,1,1,5,36.13,1
2369,2021-07-15,1,5,1,8.59,0
89021,2023-08-19,2,3,12,7.55,0
58626,2022-02-15,3,2,2,22.0,0
83255,2019-07-16,3,2,12,17.62,1
68989,2023-03-06,3,5,10,21.8,0
28384,2022-03-23,3,8,5,4.83,0
38520,2021-04-19,1,3,10,39.49,0
81275,2019-05-19,3,8,10,34.22,0
99348,2023-01-13,3,6,3,35.91,0
97528,2019-01-14,3,1,2,13.37,1
95108,2020-11-20,2,7,9,33.96,0
11425,2020-02-05,3,9,8,31.97,0
31718,2019-05-15,1,10,6,38.49,0
73542,2022-03-26,3,4,7,29.72,0
56102,2020-05-10,2,2,3,6.78,0
90235,2022-02-04,3,6,8,21.79,0
37180,2021-07-24,1,5,4,10.07,0
11410,2022-10-17,2,1,4,11.69,0
69466,2023-02-07,3,1,11,7.35,0
57780,2023-12-08,3,6,12,3.13,0
44742,2023-08-24,3,4,6,31.97,0
55631,2019-09-12,2,3,7,5.38,0
15347,2021-03-26,2,5,1,16.64,0
82245,2019-10-09,1,3,11,10.56,1
24272,2021-03-29,2,1,6,24.85,0
85576,2019-12-11,3,10,13,22.62,0
7985,2021-04-12,3,5,8,48.93,0
17020,2023-08-04,1,3,7,23.11,0
48161,2023-12-18,2,2,11,21.09,1
45112,2023-12-01,1,9,10,41.58,0
80282,2023-04-23,2,3,4,48.5,0
91241,2021-11-22,3,1,9,42.54,0
49731,2023-04-22,2,10,3,8.93,0
4988,2020-11-25,1,3,13,43.34,0
86907,2022-01-20,1,4,10,13.74,0
77604,2019-08-22,1,5,1,18.83,0
26028,2019-09-16,1,10,6,48.31,0
87374,2023-01-25,1,5,13,19.93,0
98577,2020-05-19,1,2,9,30.85,0
45362,2022-10-24,1,1,11,49.81,1
12325,2020-04-09,3,8,6,44.18,0
58790,2022-02-05,3,5,1,8.51,0
21754,2019-08-09,2,9,1,7.65,0
87650,2023-05-23,2,5,1,40.11,0
28600,2021-03-04,2,5,8,41.28,1
68781,2020-09-17,1,3,3,9.18,0
45103,2019-02-18,3,9,7,19.35,0
65692,2019-02-13,2,8,11,20.19,0
43938,2021-11-20,1,7,3,35.02,0
74086,2019-11-21,2,2,5,9.45,0
56988,2019-05-11,3,5,11,10.14,0
56461,2019-07-25,2,9,5,16.03,1
67232,2021-03-12,1,8,10,47.98,0
47316,2020-01-20,2,8,5,27.96,0
74944,2020-10-09,2,1,1,18.19,0
49960,2019-05-28,1,10,9,39.99,0
81802,2022-04-23,3,8,6,12.6,1
41103,2019-07-23,3,4,10,34.3,1
45696,2021-08-21,3,9,8,40.6,0
13383,2020-03-22,3,8,13,28.98,0
95582,2023-07-02,2,1,2,27.91,1
30380,2022-02-19,3,5,3,7.98,0
61011,2019-04-12,3,5,12,31.06,0
449,2020-10-08,3,2,8,20.91,0
71559,2023-05-07,1,8,10,24.94,0
50543,2020-03-31,2,4,7,24.31,0
4178,2022-03-06,2,5,1,30.84,0
62181,2021-04-22,3,3,11,27.83,0
85333,2021-02-13,2,9,10,13.96,0
80321,2019-12-11,1,10,12,42.08,0
61169,2020-02-02,1,4,3,36.91,0
53218,2021-09-28,1,3,7,10.07,0
98190,2023-04-15,3,3,13,6.5,0
58140,2019-09-21,2,3,9,14.74,0
98793,2022-05-30,3,2,2,35.19,0
53768,2023-05-24,1,2,7,38.67,0
86968,2023-06-27,1,8,9,40.28,0
80978,2021-12-26,1,9,12,7.29,0
94021,2021-07-24,3,8,13,32.92,0
41637,2023-11-28,2,4,8,36.43,0
9120,2019-09-12,1,1,10,3.96,0
54616,2023-12-14,2,10,3,23.45,0
35651,2020-03-26,2,8,2,40.4,0
42004,2021-02-09,2,5,11,46.26,0
49404,2023-08-05,2,10,9,10.82,0
45138,2022-12-25,2,3,10,34.34,0
69473,2019-12-01,1,6,13,14.81,0
83693,2022-04-30,2,7,1,40.43,0
12250,2022-10-07,1,8,7,28.59,0
48876,2023-02-02,1,1,6,8.42,0
42115,2022-02-16,2,8,2,20.26,0
60734,2022-12-22,2,2,6,22.71,0
76022,2019-09-11,3,5,12,16.96,0
40049,2021-02-21,2,5,10,11.94,0
67421,2022-05-28,2,9,11,20.72,0
96891,2021-01-07,3,7,5,25.9,1
17191,2020-12-29,3,4,13,18.19,0
5289,2023-09-03,2,9,1,43.17,0
16788,2020-05-10,3,10,1,15.86,0
36639,2023-01-12,3,8,1,9.22,1
28790,2023-08-23,2,5,3,26.01,0
71201,2022-06-22,2,4,4,49.71,0
54228,2021-03-18,2,2,12,4.18,0
28821,2019-02-14,2,9,9,15.2,0
21364,2023-02-03,2,3,9,12.64,0
3407,2020-10-07,2,9,11,27.21,0
49819,2022-05-30,1,1,8,10.51,0
62658,2019-09-03,3,5,7,22.76,0
59591,2023-08-12,2,6,13,39.09,0
92935,2023-03-02,1,6,6,34.2,1
60153,2019-11-18,3,3,7,46.11,0
8866,2021-08-04,3,2,4,41.21,0
50977,2023-07-12,2,8,2,44.33,0
72667,2021-07-29,3,8,3,15.1,0
8455,2022-01-02,2,4,13,6.7,0
24033,2019-07-20,2,1,8,18.92,1
2879,2022-09-24,2,5,5,21.67,0
98951,2019-05-12,2,6,12,42.23,0
43894,2020-07-30,2,4,1,45.26,1
15589,2020-10-12,1,1,2,45.67,0
18952,2021-01-08,1,6,1,3.22,0
82382,2023-10-27,3,10,2,13.67,0
27494,2022-09-13,2,3,6,28.33,0
10667,2023-09-01,1,10,2,28.5,0
78607,2022-06-12,2,8,8,49.26,0
91344,2020-02-04,2,4,7,35.19,0
45861,2023-03-19,3,8,11,48.13,0
68900,2023-12-28,1,10,3,43.77,0
72277,2023-02-25,3,1,10,37.9,1
32885,2022-03-24,2,5,8,23.46,0
74812,2019-11-12,3,4,1,21.11,0
42018,2020-06-24,3,5,4,2.82,0
53996,2022-02-11,1,4,6,23.12,0
28112,2021-10-21,2,10,2,18.39,0
73389,2021-06-23,3,6,2,7.52,0
67089,2020-05-31,2,8,11,19.13,1
63545,2020-07-26,2,4,8,27.94,0
55220,2021-12-19,2,5,4,19.98,0
679,2021-09-17,2,10,10,27.28,0
60803,2023-04-14,1,1,1,26.92,1
36742,2023-04-13,2,9,10,20.38,0
34838,2022-10-14,1,6,12,43.66,1
13440,2020-06-05,2,6,2,26.54,0
19425,2019-10-27,3,5,5,44.26,1
97211,2023-05-16,2,6,3,41.41,1
93804,2019-07-19,1,6,6,19.34,0
80116,2021-06-06,1,3,9,26.15,0
66915,2021-10-28,2,9,13,3.2,1
85050,2020-08-20,2,9,10,30.35,0
20499,2019-01-12,3,9,7,32.86,0
38933,2021-03-10,1,8,1,15.95,0
77426,2019-08-02,1,4,1,49.95,0
40868,2023-06-24,3,4,9,43.68,0
43767,2020-03-19,3,7,1,7.52,0
91513,2023-09-11,3,5,5,42.55,0
54988,2021-04-28,2,1,7,36.54,0
20441,2021-01-12,1,10,7,37.71,0
41200,2023-09-02,3,4,10,31.46,0
2733,2022-04-24,1,10,6,48.78,0
89125,2021-08-22,3,10,6,48.68,0
48451,2023-09-11,3,1,6,25.28,0
96893,2021-09-28,2,5,12,40.91,0
7384,2021-04-27,2,1,3,34.3,0
93310,2021-06-02,2,2,5,19.14,0
5305,2022-12-09,3,6,12,12.93,0
56238,2021-02-09,3,9,12,8.4,0
4610,2021-09-30,1,2,9,2.94,0
5244,2021-06-14,3,9,4,23.3,0
63482,2020-03-19,1,1,3,23.33,0
56024,2019-11-25,3,3,12,8.6,1
21250,2023-09-05,3,4,10,18.2,0
81169,2019-01-05,3,5,6,47.24,0
17557,2021-01-16,3,8,1,42.41,0
46951,2021-08-21,2,3,13,7.98,0
57990,2023-12-14,3,7,6,22.64,0
31380,2022-03-03,1,7,10,37.96,0
65683,2019-06-18,1,2,5,26.92,1
17192,2021-03-31,3,4,7,41.53,0
5779,2021-09-02,3,6,2,36.59,0
11942,2020-10-08,2,10,3,23.77,0
45562,2021-01-11,1,10,4,33.11,0
16258,2020-10-03,2,9,12,3.05,0
88881,2023-04-19,3,2,1,48.79,0
72039,2022-08-26,3,10,7,3.04,0
14390,2020-10-11,3,10,3,33.46,1
74703,2023-11-02,1,8,6,29.89,0
10898,2023-11-07,3,9,1,7.71,0
17697,2022-09-05,2,10,7,45.46,0
25579,2022-04-16,1,4,8,48.89,0
66544,2023-02-21,2,4,5,37.68,0
88541,2023-01-19,1,4,6,13.22,0
59148,2021-04-24,2,10,5,2.69,0
82450,2020-02-07,1,2,9,48.17,0
60351,2023-02-22,2,3,8,27.17,0
47834,2019-10-06,1,7,1,42.11,0
34891,2021-01-03,1,2,7,41.28,0
29174,2019-01-05,3,6,3,44.57,0
76018,2022-04-15,3,4,11,11.53,1
13803,2021-03-31,2,9,11,20.7,0
95480,2022-09-16,1,10,2,11.51,0
56827,2021-09-27,3,7,4,35.27,0
33429,2022-07-12,2,10,11,31.2,0
47094,2022-04-14,3,2,12,17.69,0
5327,2021-01-22,2,6,6,7.63,0
52097,2019-05-16,1,9,13,13.14,0
37184,2023-08-09,2,3,1,28.72,1
61212,2023-04-18,1,8,12,40.98,0
22521,2021-04-27,3,6,4,11.71,0
71501,2019-09-24,1,6,12,44.23,0
59018,2023-03-24,3,3,8,17.32,0
82656,2023-12-27,1,7,8,44.67,1
65373,2023-06-13,3,1,7,15.49,1
20609,2021-04-17,2,7,4,32.09,0
55716,2023-12-19,3,4,10,19.69,0
25863,2023-02-27,1,3,9,45.08,0
3853,2020-03-14,1,2,6,6.12,0
50087,2019-03-29,3,4,5,36.68,0
64863,2021-04-09,1,2,7,25.31,0
84235,2022-05-07,3,4,11,27.0,0
94226,2023-10-22,1,9,9,25.57,0
81147,2023-10-08,3,2,1,27.99,0
3936,2022-02-21,2,3,2,22.54,1
6118,2019-06-22,3,7,6,17.18,1
58066,2021-07-07,1,3,1,36.87,0
47411,2021-12-17,3,10,6,38.43,0
28127,2022-10-08,3,4,4,45.19,0
76335,2022-08-24,2,5,1,22.07,0
91981,2022-11-06,3,4,3,47.69,0
64073,2019-11-20,2,2,3,38.84,0
16404,2022-12-21,2,1,6,31.68,0
1755,2022-08-20,3,2,10,5.95,0
57249,2022-05-08,2,10,1,47.42,0
6990,2023-10-05,3,2,5,5.96,1
64930,2023-06-02,1,3,7,26.23,0
39066,2023-06-09,1,5,8,8.63,1
54033,2019-03-10,3,2,3,33.09,0
42044,2023-08-31,2,9,2,45.91,0
17001,2023-01-20,3,5,6,8.99,0
62216,2022-11-01,3,2,12,41.08,0
85724,2022-11-27,3,5,7,22.88,0
20829,2019-09-28,1,1,8,26.56,0
37368,2019-11-08,1,7,7,27.79,0
16824,2019-07-01,1,7,13,43.45,0
93164,2019-04-18,1,1,7,48.82,0
48685,2020-05-07,3,2,9,41.38,0
93160,2023-12-24,2,5,4,20.65,0
55857,2023-02-11,2,7,4,29.12,0
98681,2022-12-13,3,1,4,16.73,0
26957,2022-01-21,2,5,6,22.06,0
10410,2021-09-28,3,9,3,38.34,0
11882,2019-12-24,2,7,13,47.67,0
82689,2022-04-06,2,1,3,12.32,0
38334,2019-04-05,2,2,5,45.52,0
34570,2020-09-29,1,9,5,3.07,0
15260,2021-05-12,2,8,11,35.47,0
29754,2019-11-14,3,3,8,30.09,0
30508,2022-07-02,3,3,9,45.22,0
42567,2019-09-12,1,4,4,39.04,0
98845,2021-04-03,1,3,12,30.45,0
38223,2020-10-07,1,4,11,24.56,0
16731,2023-03-22,2,6,4,33.9,0
10463,2022-12-07,1,1,13,19.38,0
63481,2021-10-04,1,3,11,14.24,1
13291,2022-10-01,3,9,11,44.94,0
63020,2021-05-18,1,5,1,20.06,0
31706,2023-02-05,2,7,4,41.85,0
73091,2021-07-24,3,10,4,3.48,0
38163,2022-02-10,2,6,4,43.67,1
92446,2019-04-27,2,7,10,19.97,0
51356,2022-06-23,3,6,9,38.16,0
44183,2023-05-10,2,6,6,34.87,1
11091,2021-05-29,2,8,8,36.54,0
41737,2020-12-19,1,6,4,36.28,1
79046,2019-11-03,2,5,6,43.31,0
96636,2021-12-01,1,8,4,6.54,0
8482,2019-09-11,2,3,6,9.64,1
29596,2023-07-20,3,7,12,44.79,0
33145,2021-09-22,3,7,5,28.06,0
5654,2021-01-01,1,8,4,44.14,0
24350,2019-08-02,3,8,11,5.87,0
49840,2019-02-08,2,2,1,21.61,0
78648,2023-03-25,1,6,10,42.61,1
9506,2023-02-26,1,2,10,48.76,1
37641,2022-04-15,1,3,8,12.22,0
79656,2020-02-02,2,1,7,5.39,0
36208,2021-07-20,2,2,3,35.98,0
11815,2021-06-23,3,10,5,33.11,0
14472,2019-10-05,1,3,9,27.09,0
35057,2022-03-20,1,9,11,2.89,0
33568,2021-01-08,2,4,1,29.79,1
12445,2022-03-18,2,3,6,36.76,0
43246,2023-02-16,3,10,7,16.19,0
66494,2022-02-06,2,9,4,29.44,0
10286,2019-03-10,3,10,8,3.89,0
39103,2021-04-27,3,4,6,36.89,0
18776,2019-07-04,3,1,1,33.31,0
21928,2020-11-21,2,10,10,13.76,0
72574,2019-04-15,3,7,5,40.44,1
56558,2022-09-05,1,3,2,2.31,0
12104,2022-04-26,3,1,5,43.94,0
15377,2023-11-11,3,6,13,2.4,0
82966,2021-06-19,2,9,6,49.12,0
75421,2023-11-18,1,3,13,5.73,1
44056,2019-12-10,1,7,2,23.95,0
6285,2019-01-16,3,4,1,22.83,1
64860,2020-12-26,1,8,5,5.74,0
65957,2020-01-30,2,3,7,20.91,0
32645,2023-03-03,2,1,10,21.4,0
8944,2023-02-28,2,10,8,41.21,0
58998,2022-02-22,3,5,13,45.68,0
83261,2022-01-06,1,4,10,40.46,0
89224,2020-02-21,1,7,3,27.96,0
35120,2022-01-30,2,9,6,12.71,0
45177,2022-05-08,2,5,9,19.8,1
6303,2023-05-28,3,6,8,14.38,0
75254,2022-11-16,3,9,7,5.17,0
60392,2020-06-20,1,8,2,43.8,0
5692,2023-06-09,3,9,4,20.31,0
14319,2020-04-01,1,6,9,20.05,0
30660,2022-07-27,3,6,4,16.63,0
50061,2021-05-21,2,10,6,7.22,0
64147,2021-10-08,1,3,5,35.31,1
73455,2020-12-29,2,10,11,31.85,0
58060,2020-07-10,2,5,3,2.87,0
79693,2022-07-08,3,2,1,8.04,0
73281,2019-04-20,2,5,7,47.72,1
35911,2023-09-10,3,4,2,32.23,0
64200,2020-12-25,3,9,8,19.55,0
72262,2020-05-10,1,2,6,31.79,0
80056,2020-12-10,1,7,7,45.72,0
19017,2021-06-06,2,9,4,9.42,0
5977,2020-05-07,2,10,5,48.71,0
33987,2023-06-24,3,10,11,18.42,0
80949,2020-01-04,3,10,10,9.75,0
4129,2019-07-29,3,9,3,9.87,0
43950,2022-07-04,3,6,7,9.36,0
20665,2023-04-18,2,3,13,41.2,0
6454,2021-12-04,3,9,3,16.68,0
65034,2019-01-29,1,2,2,26.55,0
71144,2019-08-31,2,4,6,12.49,0
8403,2023-08-01,1,9,8,12.12,0
38712,2019-04-14,3,5,7,38.54,1
98397,2020-08-25,2,3,3,42.67,1
68825,2021-04-20,3,1,8,38.46,0
72190,2019-06-16,2,6,1,30.31,0
83090,2022-05-07,2,6,10,38.26,0
27138,2023-07-25,3,8,13,25.28,0
96102,2022-01-17,3,6,10,49.81,0
74393,2019-04-18,1,1,10,48.3,0
9785,2021-03-12,3,3,3,20.32,0
11002,2021-10-16,1,4,10,40.41,0
43496,2019-10-31,2,5,1,34.23,0
60273,2021-09-14,1,3,2,13.47,0
81691,2020-09-03,3,3,12,36.37,0
9882,2020-02-25,3,6,8,33.02,0
43370,2023-10-21,1,6,6,33.22,1
69524,2019-06-22,1,6,10,3.77,0
92595,2023-07-03,2,6,10,15.3,0
97535,2021-12-12,2,3,4,6.71,0
87858,2020-07-04,1,7,4,40.15,0
24495,2023-12-14,2,10,10,6.46,0
72077,2022-06-05,2,5,7,11.96,0
26573,2020-02-02,3,10,7,22.33,0
44882,2022-09-20,2,2,11,25.39,1
25444,2022-01-27,3,2,3,33.81,0
7962,2020-07-18,3,10,9,24.39,1
47677,2022-01-05,1,6,12,3.58,0
75871,2019-03-13,2,4,2,24.76,0
65916,2020-06-03,2,5,5,36.78,0
83109,2019-11-12,2,3,1,10.74,0
97900,2022-06-14,2,3,12,7.16,1
40525,2019-12-04,1,5,11,30.08,0
1758,2020-07-19,2,6,10,49.11,0
12538,2023-04-15,2,2,6,20.69,0
54583,2023-09-02,1,9,5,16.0,0
69044,2021-05-21,1,1,7,28.95,0
41788,2021-10-24,1,8,4,15.51,0
78701,2021-04-30,2,1,1,30.65,0
68904,2023-11-26,1,8,7,22.83,0
62332,2022-06-21,3,3,13,36.01,0
72801,2022-10-14,1,1,12,19.41,0
65762,2022-10-22,3,3,13,12.65,0
79814,2021-07-06,2,5,8,35.62,0
16275,2020-11-20,2,2,5,45.89,1
71779,2020-01-21,1,10,7,25.52,0
76148,2020-04-24,3,5,5,10.97,0
32274,2023-03-14,3,5,11,33.54,0
26207,2021-12-12,2,3,7,37.43,0
72184,2019-04-21,3,8,2,25.03,0
4244,2022-07-22,1,2,8,25.66,0
3454,2022-08-14,2,8,9,41.72,0
4181,2019-01-13,2,6,8,15.32,0
87763,2020-07-02,3,4,1,35.98,0
54897,2019-12-14,2,4,9,33.92,0
89550,2021-01-16,3,5,5,49.61,1
95435,2023-01-20,2,1,1,31.04,0
86343,2019-06-24,1,5,10,30.42,0
88726,2023-01-21,1,6,3,21.33,0
78026,2021-02-08,3,7,4,22.18,0
54509,2022-11-18,2,3,13,28.02,0
93226,2022-08-04,2,7,9,2.76,0
31413,2023-10-10,2,9,4,47.69,0
18177,2020-11-22,2,8,10,21.08,0
37452,2021-12-12,1,8,3,8.85,0
74128,2023-06-18,3,4,6,31.62,0
80107,2022-04-20,1,2,10,37.19,0
40032,2019-11-06,3,3,10,24.62,1
90061,2021-02-17,3,3,8,12.1,0
97360,2021-08-29,3,9,1,35.71,0
17909,2022-07-03,3,7,2,9.85,0
83466,2019-06-11,1,2,6,24.97,0
48558,2020-11-05,2,10,8,48.84,0
36485,2021-02-14,3,7,12,33.44,0
93301,2020-07-13,1,1,2,32.82,0
51694,2020-04-07,1,9,3,41.87,0
45842,2019-07-18,1,10,8,5.32,0
78108,2022-11-03,1,5,8,16.82,0
99055,2023-12-25,1,2,9,17.18,0
69589,2021-10-09,3,8,5,29.45,0
99871,2022-11-12,1,4,2,8.1,0
91825,2020-12-02,3,8,10,31.36,0
83017,2019-06-11,1,3,1,20.73,0
48668,2022-12-31,2,1,5,29.72,0
74961,2023-12-05,2,7,12,31.17,0
77043,2021-04-05,3,6,1,15.11,0
82621,2019-08-03,2,10,8,49.35,0
50426,2022-08-15,3,9,10,15.81,0
38217,2021-07-09,1,3,9,5.63,0
45118,2023-12-02,2,8,7,13.93,0
18199,2023-05-16,2,8,1,17.3,0
36778,2022-02-05,1,5,8,20.74,0
43721,2023-04-14,1,5,13,43.8,0
65416,2022-09-04,1,6,13,40.09,1
66196,2023-06-10,1,8,3,2.38,0
27562,2022-06-17,3,6,11,22.05,0
14855,2021-01-12,1,7,5,3.49,0
47260,2022-12-20,1,7,6,37.09,0
15844,2021-08-08,3,7,3,43.58,0
55483,2021-09-08,2,3,13,34.75,0
60743,2020-10-20,2,7,11,32.32,1
55308,2023-11-07,2,10,12,39.9,0
38634,2020-06-13,3,9,7,28.84,0
17542,2022-11-20,3,8,11,44.99,1
79606,2022-05-24,2,10,12,12.69,0
75535,2023-03-03,1,3,6,30.42,1
15016,2022-11-27,2,5,10,21.85,0
70320,2023-07-10,1,6,7,34.87,0
61797,2022-02-16,2,10,8,18.35,1
97970,2022-02-09,1,2,5,22.54,0
54867,2023-03-24,3,5,13,37.95,0
14644,2023-03-23,3,10,5,6.54,1
15444,2021-09-05,2,3,10,5.3,0
84767,2019-05-08,2,1,2,23.15,1
74567,2023-03-03,1,7,8,36.16,0
9773,2023-07-09,3,10,9,8.24,0
57919,2020-06-07,1,9,7,27.65,0
84047,2020-04-05,3,7,7,22.59,0
38553,2019-03-20,2,9,2,3.27,0
9477,2023-01-12,3,2,4,31.39,0
42912,2021-06-10,3,2,9,17.06,0
83180,2019-04-24,3,9,9,16.44,0
28449,2023-11-25,2,1,12,14.88,0
59273,2022-11-11,2,1,8,42.65,0
36253,2021-08-27,2,4,9,2.08,0
32558,2023-03-04,3,9,5,6.79,0
11631,2020-06-26,1,1,11,33.07,0
85103,2022-08-08,2,5,12,30.81,0
53338,2020-10-19,1,5,8,13.87,0
40127,2022-01-06,2,9,12,25.36,1
56594,2020-11-14,1,7,10,32.1,0
41836,2022-02-03,1,7,3,26.78,0
97244,2022-04-09,1,10,8,34.37,0
52502,2020-08-30,3,2,9,13.27,0
66309,2022-05-22,2,3,4,6.42,0
11741,2021-05-27,1,6,13,25.04,0
27757,2019-01-27,2,10,7,6.3,0
29407,2020-07-07,2,2,10,38.9,1
1459,2022-02-06,3,8,9,21.53,0
57397,2020-12-18,3,8,6,38.82,0
25598,2021-08-14,1,5,7,49.53,0
99900,2023-09-18,1,3,5,17.17,1
55678,2022-11-16,2,2,5,36.6,0
51989,2022-03-17,1,3,5,13.18,0
47556,2021-07-11,1,2,4,30.87,0
46119,2020-11-24,3,9,11,8.49,0
32195,2021-12-28,2,10,4,16.03,0
96739,2020-01-05,1,2,6,5.58,1
4669,2020-05-08,3,7,13,27.86,0
36194,2020-05-08,2,5,3,12.13,1
35952,2022-02-05,2,4,10,46.59,0
49813,2023-02-09,1,10,7,36.39,0
69110,2022-10-01,1,8,5,36.68,0
66482,2021-12-21,1,10,1,17.6,0
79849,2023-07-12,1,1,1,27.78,1
96689,2020-04-08,2,6,8,42.2,1
24673,2019-05-11,2,2,7,28.73,1
21327,2021-11-13,1,8,7,25.67,0
78365,2020-04-13,2,7,1,36.59,0
98830,2021-12-25,1,9,7,12.1,0
8241,2020-07-14,3,1,4,19.83,0
82174,2021-02-28,2,2,2,4.24,0
80255,2021-10-22,1,10,3,9.46,0
90734,2022-09-19,3,8,8,34.35,0
24687,2023-05-22,2,4,1,38.5,1
31329,2023-01-20,3,9,12,24.45,0
68472,2020-02-29,3,9,7,46.12,0
21358,2021-09-28,1,9,1,4.09,0
98504,2022-04-06,3,8,13,17.46,0
22051,2023-09-25,3,6,13,25.77,0
49286,2021-06-22,3,9,4,40.74,0
35348,2023-05-16,2,2,11,15.78,1
42660,2019-06-01,3,2,4,4.23,0
30902,2020-01-06,3,2,5,23.48,0
76399,2022-02-09,2,6,5,7.51,0
28206,2021-02-28,2,3,7,3.11,0
79696,2022-08-02,1,4,9,15.03,0
68651,2022-01-08,2,4,8,14.8,0
68837,2019-04-13,3,8,9,42.46,0
68203,2023-04-07,3,7,13,15.06,1
20708,2019-08-13,3,4,5,19.4,0
40783,2021-10-10,3,7,4,32.57,0
69991,2023-12-09,2,7,4,30.92,1
45387,2021-05-03,2,1,7,29.35,0
70026,2021-04-10,3,7,6,39.04,0
58813,2020-07-13,3,6,2,35.18,0
65385,2022-03-04,3,10,6,2.74,1
58559,2023-03-31,2,3,12,4.3,0
45973,2021-07-24,2,9,2,6.69,0
27074,2023-08-21,1,4,9,3.18,0
24334,2021-04-11,2,1,12,18.25,0
96115,2021-04-23,1,8,2,38.32,0
38216,2023-10-03,3,6,1,43.6,0
69661,2021-07-31,3,1,10,25.55,0
62570,2019-01-16,1,10,12,30.49,1
43757,2021-03-28,2,2,10,42.4,0
45101,2019-02-09,2,1,10,42.71,0
53392,2022-10-20,3,2,10,16.58,1
6739,2020-02-27,3,3,11,30.6,1
48331,2023-03-07,3,10,7,46.68,0
65261,2020-09-11,1,10,2,17.71,0
66743,2022-10-23,1,7,10,38.79,0
12790,2021-07-06,2,1,6,38.35,0
91449,2022-04-03,3,8,10,45.53,1
62610,2020-08-13,1,4,5,19.02,1
36366,2019-03-26,2,3,5,30.34,0
19098,2019-12-01,2,7,9,9.7,0
67840,2023-05-30,1,7,8,25.92,1
72021,2019-03-23,1,8,3,24.15,0
77139,2022-07-03,2,6,11,28.06,0
25129,2023-08-11,1,1,3,18.09,0
80625,2019-04-15,1,10,2,6.09,1
89663,2023-03-14,3,9,12,48.48,0
60123,2020-10-12,3,1,3,3.98,0
43086,2020-10-23,3,8,1,37.76,0
22890,2022-03-07,1,6,1,2.63,0
41245,2023-02-05,1,10,12,8.13,0
60162,2022-12-19,3,4,11,28.19,0
13739,2023-08-13,1,10,3,26.86,1
99607,2020-10-05,3,10,13,33.63,1
46107,2023-05-26,2,1,13,19.78,0
71922,2021-07-30,3,7,3,2.51,0
44772,2022-01-26,3,2,7,18.66,0
22380,2021-03-09,1,2,4,30.7,0
61390,2021-04-17,1,7,9,26.46,0
85154,2019-01-09,1,2,13,6.07,0
89421,2022-04-24,2,1,10,42.71,0
81420,2023-11-03,3,5,11,43.44,0
40945,2022-09-19,1,7,12,34.59,1
80989,2019-09-21,2,7,6,47.96,0
29649,2021-04-16,3,1,13,8.93,0
97283,2020-06-30,1,5,4,10.71,0
25294,2021-08-02,3,5,4,33.05,0
91918,2019-12-01,1,8,8,13.1,0
85279,2019-12-12,2,2,13,18.05,0
32959,2021-08-28,3,9,11,21.48,0
32628,2021-06-17,3,9,5,16.15,0
74978,2023-07-15,3,3,12,7.06,0
84980,2020-05-13,2,2,6,26.41,0
1723,2021-10-18,3,5,4,23.03,0
48684,2019-03-28,1,10,1,39.77,1
84914,2023-01-14,1,10,6,3.86,0
7771,2023-10-04,1,2,1,26.77,0
58232,2022-03-01,2,1,3,40.51,0
89159,2022-10-02,1,9,6,40.2,1
6110,2023-07-01,2,10,3,36.97,0
65863,2021-04-08,1,9,3,15.54,0
77453,2022-08-28,3,9,10,7.44,0
89494,2023-07-21,2,3,10,27.15,0
9573,2023-12-02,2,3,6,2.26,1
38962,2021-07-16,2,1,10,37.65,0
87008,2019-12-24,3,2,11,33.44,0
77691,2021-04-08,1,2,11,31.37,0
34104,2023-08-21,2,3,9,3.38,0
77335,2020-03-07,2,3,12,31.93,0
85519,2021-05-15,2,1,8,22.11,0
23671,2023-03-14,2,1,10,8.05,0
14851,2019-08-27,2,9,11,6.96,0
36204,2021-07-14,1,6,9,34.91,0
65891,2019-12-25,2,5,8,42.86,0
74604,2019-10-17,1,6,13,44.59,0
10331,2020-09-19,3,7,5,30.6,1
49836,2019-06-01,3,1,11,34.18,1
93696,2022-02-23,3,8,6,12.27,1
98275,2019-11-19,2,8,4,31.19,0
49271,2020-01-02,1,6,2,34.05,0
27564,2021-02-15,1,9,12,24.73,0
67587,2023-06-18,2,1,9,44.24,0
42316,2022-08-06,1,3,2,40.68,0
44005,2020-12-25,1,2,6,6.63,0
63221,2019-12-21,1,9,13,7.57,0
55928,2020-11-10,3,2,7,24.63,0
73131,2023-08-31,3,2,2,12.11,0
75029,2020-02-09,1,5,6,40.99,0
77179,2020-11-27,1,10,9,26.21,1
60935,2020-04-27,1,3,6,8.26,0
4093,2021-12-26,3,4,12,2.69,0
53900,2023-11-09,1,9,3,35.71,1
2203,2022-07-19,2,4,11,18.21,0
11458,2020-10-31,1,1,4,5.58,0
60547,2021-01-10,2,1,12,43.9,0
56830,2019-07-31,3,8,6,34.53,0
64242,2020-07-23,1,8,4,8.57,0
85289,2019-03-28,1,6,13,29.0,0
19394,2021-04-28,3,9,7,14.89,0
54740,2020-11-25,3,3,4,19.75,0
81340,2019-02-01,1,2,6,43.95,0
33988,2022-02-09,3,2,11,5.43,0
93302,2021-02-23,1,4,4,28.14,0
44267,2020-01-13,3,9,11,39.21,0
20982,2021-11-06,2,4,8,47.75,0
13452,2019-11-01,2,7,8,26.25,0
36839,2023-05-09,1,10,2,22.44,0
16782,2019-11-15,1,6,3,32.34,0
17375,2020-04-13,3,3,7,36.54,1
2681,2022-11-18,3,8,2,42.37,0
58096,2021-01-14,3,2,2,10.08,0
35530,2022-09-17,3,2,3,19.17,0
86734,2019-10-06,1,3,1,49.68,0
31483,2022-09-17,2,5,1,39.95,0
2128,2023-03-21,2,5,9,16.54,0
15580,2021-02-17,3,5,2,39.5,0
20154,2019-12-19,3,5,1,47.85,0
37261,2019-07-09,3,5,13,49.26,0
62415,2022-07-19,1,7,11,9.76,0
67308,2020-07-23,3,9,12,40.09,0
78047,2023-07-23,3,3,12,4.39,0
68681,2020-08-17,2,4,1,26.58,0
54177,2019-08-10,3,3,9,44.07,0
94659,2022-03-17,2,2,3,3.45,0
38147,2023-12-03,1,1,11,3.57,1
48399,2019-03-20,1,4,11,41.27,0
56015,2020-06-25,3,10,11,37.06,0
49026,2019-10-26,2,10,9,2.61,1
34807,2020-12-05,1,5,2,39.31,0
49302,2022-04-05,1,9,4,29.26,0
35927,2022-05-27,3,7,4,27.53,1
37134,2020-09-16,3,8,3,41.02,0
397,2022-11-28,1,8,3,17.03,0
65430,2021-05-18,1,7,1,32.7,0
35973,2022-07-23,2,2,9,42.06,0
14249,2019-05-01,1,5,4,10.32,0
61768,2019-06-25,3,8,2,47.91,0
76854,2021-01-31,1,10,7,25.23,0
41376,2020-07-30,2,6,7,12.84,0
93015,2020-12-25,2,8,9,25.07,0
95587,2019-05-04,3,5,4,31.54,1
71371,2023-02-09,1,3,12,11.42,0
56598,2023-01-29,1,9,11,2.33,0
15570,2021-04-06,1,10,9,9.07,0
52658,2022-04-12,1,4,2,3.68,0
23744,2023-06-16,1,3,2,21.82,0
25299,2019-08-16,1,2,6,28.16,0
27126,2020-10-19,1,2,3,37.04,0
93813,2023-03-10,2,6,5,8.39,0
30647,2022-04-24,1,3,11,44.97,0
99978,2022-04-30,1,4,5,9.4,0
39126,2020-10-18,1,6,11,32.43,0
53825,2020-12-17,1,5,12,25.46,0
27925,2020-11-03,1,8,7,5.44,0
14721,2022-10-09,3,6,10,9.42,0
46667,2021-11-09,2,10,10,49.0,0
72115,2021-12-29,1,10,6,6.37,0
93402,2021-05-31,1,1,12,29.43,0
45718,2019-07-27,2,2,6,27.69,0
74568,2023-02-27,2,10,2,4.81,0
4568,2020-04-22,3,8,12,12.69,0
26140,2019-01-04,2,6,4,10.4,0
62158,2022-04-12,3,9,2,46.12,0
44824,2020-02-22,2,1,3,6.58,0
41806,2023-11-26,1,6,2,28.05,0
28188,2021-05-07,1,9,6,32.9,0
44581,2021-05-23,2,9,8,21.6,0
33828,2022-07-25,1,2,4,24.45,1
23944,2020-05-22,2,9,10,41.05,1
17763,2023-11-05,1,3,8,30.01,0
42649,2019-06-18,2,8,4,46.62,0
70058,2020-02-04,1,10,11,3.82,0
44979,2022-09-11,1,6,8,48.33,0
45412,2022-04-27,1,6,13,47.96,0
28578,2021-07-02,1,8,10,18.9,1
95755,2023-11-09,1,6,3,45.57,0
64514,2020-12-01,2,6,6,33.53,0
280,2019-12-07,3,4,7,6.83,0
85855,2021-05-27,3,5,13,30.29,0
3538,2023-04-22,1,7,5,14.87,0
82594,2019-05-14,2,8,10,13.68,0
45889,2020-09-02,3,1,10,2.63,0
75346,2019-04-04,1,8,8,36.76,0
79674,2023-07-10,2,8,6,15.66,0
70788,2020-08-09,2,8,6,46.63,1
82007,2022-12-04,3,4,4,4.32,0
26434,2023-08-28,2,9,12,42.95,0
76973,2022-11-21,1,4,12,6.13,0
49033,2021-11-12,2,1,1,14.67,0
11535,2020-09-28,2,8,11,16.79,0
79092,2021-12-05,2,4,2,35.31,0
81065,2023-09-19,1,7,11,11.6,0
24314,2023-06-08,3,5,2,24.58,0
86643,2019-08-12,3,6,10,18.84,0
34806,2020-06-07,3,4,13,37.8,0
86437,2021-07-07,3,4,4,32.45,0
11169,2021-06-09,2,7,3,8.15,0
57710,2023-05-28,1,8,10,7.74,0
99775,2020-03-16,1,2,3,31.9,0
11968,2022-06-16,1,10,13,27.04,0
10280,2020-02-22,3,8,8,39.41,0
70829,2019-09-13,3,1,2,5.27,1
65776,2021-08-03,3,10,6,49.86,1
20667,2023-06-01,1,9,10,37.85,0
7903,2023-05-17,2,9,5,47.28,1
92050,2021-12-10,3,5,2,35.77,0
48416,2022-10-04,1,3,13,4.13,0
36602,2019-04-05,2,5,2,37.89,0
92511,2020-02-07,2,7,10,13.55,0
63932,2023-02-13,2,8,8,15.81,0
60280,2019-10-08,1,9,12,32.39,0
9705,2021-12-12,3,7,6,30.06,1
86073,2022-09-16,3,8,11,48.18,0
43486,2022-08-26,1,6,12,2.46,0
62811,2022-10-13,2,6,3,35.43,0
79162,2019-11-22,1,9,3,46.76,0
86750,2020-01-11,1,10,13,9.81,0
85699,2021-11-25,3,5,12,32.54,0
41481,2019-11-07,3,3,5,47.85,0
18896,2023-02-27,1,10,8,24.74,1
28246,2020-09-11,2,4,2,3.27,0
65633,2023-02-22,3,7,2,12.53,1
73990,2019-07-09,1,7,5,30.36,0
38695,2022-12-30,1,7,2,46.12,1
91715,2022-09-03,3,8,2,22.36,0
9598,2021-06-13,3,3,10,13.46,0
9972,2022-06-13,1,4,5,9.8,0
50975,2020-03-29,3,1,8,49.76,0
10760,2020-02-01,3,8,3,23.85,1
42205,2023-03-05,2,3,11,38.91,0
12391,2023-07-06,1,5,5,46.43,0
95826,2021-01-30,3,1,1,34.57,1
87031,2019-08-07,1,2,6,49.72,0
65699,2023-05-26,3,6,1,13.57,0
40754,2022-04-02,1,5,9,35.66,0
73671,2021-04-03,1,1,1,19.79,0
72284,2020-07-17,1,2,6,42.62,0
92915,2020-05-02,1,10,2,25.96,1
75392,2022-07-11,2,8,5,22.14,0
20656,2023-06-24,3,9,3,2.37,0
7554,2019-05-08,3,6,9,23.74,0
94412,2023-09-09,1,5,9,43.87,0
53995,2023-11-07,3,9,12,45.42,0
63086,2023-04-24,2,5,9,12.22,0
11394,2020-08-11,1,8,13,22.0,0
93931,2023-08-07,3,2,7,24.16,0
26803,2023-01-23,1,10,8,21.13,1
79236,2023-09-06,3,3,5,34.14,0
92707,2020-04-23,1,4,5,14.84,0
11465,2019-05-26,2,2,5,16.81,0
77838,2020-10-26,3,8,8,39.61,0
46316,2020-10-16,3,8,10,44.35,1
39209,2022-02-27,1,7,9,2.2,0
44598,2021-12-28,2,4,3,42.17,0
39394,2022-09-12,2,7,6,27.5,0
2417,2020-10-17,3,3,3,29.1,0
98981,2021-06-11,2,7,2,19.63,0
81629,2021-02-15,1,9,8,21.16,0
98911,2021-11-05,1,9,1,20.99,0
76539,2023-11-07,3,10,3,18.07,0
68349,2023-01-23,1,7,9,47.99,0
16499,2022-10-18,2,10,8,8.56,0
94394,2019-02-22,2,2,2,13.53,0
76623,2022-08-21,2,5,5,39.91,0
53936,2022-06-10,1,1,10,18.2,0
87504,2022-02-17,1,9,11,12.32,0
7939,2020-11-22,1,10,4,17.43,0
63404,2020-08-16,2,6,13,47.72,0
94346,2022-10-31,1,9,4,3.52,1
63780,2020-04-19,3,10,1,4.35,0
8238,2023-02-01,3,8,6,40.84,0
88951,2020-10-02,3,9,9,3.88,0
36405,2022-10-25,1,4,7,20.9,1
64404,2021-01-07,1,10,5,12.18,0
60615,2023-07-29,3,3,4,21.43,0
56204,2022-09-02,2,5,11,7.05,0
88538,2023-01-24,1,9,3,20.33,1
49104,2023-09-18,1,10,8,28.07,0
8776,2023-02-12,3,9,2,38.0,0
16683,2022-04-29,3,8,9,22.19,0
2356,2023-05-10,1,9,11,25.75,1
58004,2020-10-06,1,10,12,7.59,0
34223,2022-01-16,1,4,8,30.6,0
85717,2020-09-18,1,4,4,23.74,0
38626,2021-06-12,2,6,9,12.78,0
28117,2021-01-19,3,8,8,23.83,0
97741,2023-11-10,3,10,9,23.06,1
43630,2019-10-28,3,2,12,45.93,0
13251,2021-03-15,1,1,2,39.36,0
57297,2019-08-04,3,1,2,43.7,0
10139,2021-06-09,3,9,5,43.08,0
28921,2023-09-22,1,1,13,41.1,1
46548,2023-08-28,3,6,2,6.27,1
46800,2019-09-06,1,10,9,8.74,0
88604,2019-03-02,3,5,3,16.11,0
147,2020-10-20,1,6,3,43.24,0
70614,2019-09-23,3,2,5,18.75,0
57518,2021-09-21,2,10,13,34.87,1
37455,2023-12-29,2,4,3,13.95,0
18892,2020-02-24,1,5,5,46.15,0
1036,2019-07-16,1,6,3,31.0,0
99548,2023-12-02,1,9,8,29.1,0
8716,2021-04-09,1,6,12,36.06,0
83268,2020-03-19,3,6,4,13.49,0
89741,2019-05-17,1,9,7,46.11,1
80535,2020-07-05,1,10,4,33.22,0
37890,2019-03-02,2,6,5,5.67,0
88607,2020-03-08,2,5,13,28.24,0
40163,2020-05-07,2,9,2,26.62,0
80484,2023-06-20,2,10,2,27.57,0
44825,2019-04-04,2,4,6,44.17,0
26814,2022-12-18,3,2,6,16.46,0
97628,2020-01-12,3,5,2,6.8,0
66567,2019-06-24,1,6,12,20.36,0
15102,2022-12-30,2,7,7,49.87,1
23167,2020-07-05,3,5,5,48.14,0
55447,2023-01-01,3,10,3,44.46,0
60989,2021-04-10,3,7,7,2.44,0
18375,2023-09-21,2,10,10,9.52,0
45459,2021-10-18,1,1,4,33.69,0
39818,2023-03-08,3,9,4,8.49,0
68383,2023-02-15,2,5,8,33.95,0
81541,2020-12-21,1,10,4,19.72,0
33167,2022-05-26,1,5,7,32.4,0
14461,2023-09-07,3,9,10,47.3,0
48474,2021-07-01,2,8,12,29.06,0
35577,2021-05-03,1,4,5,24.69,1
22251,2021-11-15,3,7,10,25.9,0
11614,2019-02-25,1,9,11,23.32,0
25862,2020-11-02,3,6,5,47.22,0
21164,2022-03-18,3,8,2,27.24,1
68154,2022-12-05,3,6,3,41.49,1
81103,2020-08-21,3,6,2,45.54,0
913,2020-11-08,1,8,9,23.45,0
2070,2021-10-17,2,5,4,42.44,0
13917,2020-12-10,3,1,3,38.35,0
53966,2020-09-05,1,9,12,13.82,0
47819,2023-06-23,2,4,5,23.98,0
6769,2020-02-25,2,3,4,21.54,0
16136,2022-02-12,1,10,7,8.51,1
77174,2021-10-12,3,8,3,27.97,0
31063,2019-01-18,2,4,13,33.69,0
18206,2021-10-20,2,8,13,17.42,0
3373,2023-10-23,2,5,4,37.05,0
29960,2020-10-13,2,10,11,32.65,0
75172,2022-06-15,2,6,2,17.34,0
59586,2019-02-02,2,6,2,3.35,0
70291,2020-04-22,2,4,5,20.36,0
78800,2021-11-09,1,8,6,47.64,0
41065,2022-05-20,2,2,1,34.2,1
60205,2019-12-28,1,1,4,37.88,1
9646,2020-11-06,1,4,5,11.34,0
68364,2022-04-21,1,5,4,19.92,0
92173,2020-04-25,3,9,6,24.12,1
12894,2020-08-11,3,3,7,26.52,0
18744,2021-04-17,1,4,8,40.32,0
94554,2021-07-11,1,4,11,43.92,1
43942,2021-09-09,1,1,5,10.06,0
60276,2021-05-04,3,9,4,43.71,0
17436,2019-01-29,2,4,7,45.58,0
18198,2023-07-07,2,1,8,43.53,0
17633,2023-07-05,3,1,11,23.22,0
32451,2020-09-11,2,9,6,11.35,0
31186,2023-10-27,2,3,12,21.77,0
59004,2022-03-16,1,8,1,4.51,0
51483,2019-06-16,3,6,12,20.55,0
64375,2019-12-04,3,9,12,26.21,0
39776,2022-04-16,1,6,2,49.45,0
73702,2021-01-26,3,10,3,33.73,0
88699,2022-09-21,2,3,2,10.38,1
86091,2023-12-17,2,6,6,8.91,0
47598,2022-03-13,1,7,6,5.97,1
46689,2021-02-11,3,8,9,7.76,1
6918,2022-09-24,2,7,3,10.08,0
60272,2023-05-05,3,7,2,3.26,0
50599,2023-04-08,2,5,4,48.32,1
41431,2021-04-06,3,9,1,24.15,0
12434,2019-07-28,1,3,9,33.32,1
10796,2021-05-31,2,2,3,41.39,1
87668,2023-01-07,2,1,6,9.44,0
31025,2020-02-27,1,1,10,11.15,0
94382,2021-11-12,2,6,5,15.52,0
70056,2020-07-25,3,4,7,32.58,0
71234,2023-06-17,3,6,2,28.26,0
69159,2021-07-22,1,9,10,14.32,0
31997,2019-02-24,2,3,7,9.19,0
46669,2019-02-25,2,3,1,18.87,1
22582,2020-03-01,2,10,5,37.09,0
45031,2021-01-20,1,8,3,2.68,0
61341,2022-08-31,2,2,5,16.85,0
83938,2020-01-27,2,8,6,17.66,0
10431,2019-05-05,1,5,10,29.93,0
75405,2021-10-21,2,10,12,22.26,1
99219,2022-11-12,3,2,11,32.92,0
40610,2019-12-10,1,2,1,46.33,1
2864,2021-12-28,3,6,12,17.45,0
64390,2019-03-30,3,6,9,48.99,0
3750,2020-07-28,3,3,13,18.89,0
28781,2019-03-22,3,4,12,24.3,1
42669,2020-12-06,3,10,13,15.04,0
75946,2020-01-23,3,1,1,25.08,0
45913,2022-02-13,2,4,12,5.47,0
90518,2020-01-28,3,1,6,10.63,0
36449,2022-02-16,3,1,5,34.18,0
32777,2021-01-17,3,7,12,4.67,0
76324,2019-12-28,1,10,7,15.69,0
74996,2020-08-28,1,7,9,11.43,0
65460,2022-08-21,1,3,5,45.53,0
50149,2021-11-01,3,1,3,19.84,0
83089,2021-06-01,3,7,4,2.86,0
18402,2022-04-22,3,3,5,3.12,0
85361,2022-08-06,2,7,2,48.23,0
3059,2023-01-12,2,6,12,49.33,0
81328,2020-03-18,1,2,5,46.19,0
15636,2019-03-10,3,6,8,4.9,0
50558,2020-11-01,2,5,3,33.93,0
27225,2019-07-09,3,5,13,23.18,0
48361,2019-07-25,2,6,9,27.25,0
62266,2022-12-02,1,9,7,29.84,0
71956,2023-01-05,3,2,2,42.92,0
66425,2023-11-08,2,8,11,31.77,0
79694,2021-07-01,3,7,4,7.55,0
38169,2022-03-13,2,6,1,15.31,1
64433,2023-08-26,1,2,10,22.23,1
96328,2020-08-14,2,3,6,12.57,0
79798,2021-01-02,3,6,2,38.8,0
43210,2022-01-12,1,3,2,49.6,1
91980,2023-11-28,3,2,3,2.21,0
360,2020-05-04,3,3,12,28.7,0
71088,2020-07-11,1,5,9,13.93,0
94278,2022-05-21,1,1,8,4.74,0
76876,2023-01-21,3,5,4,40.63,0
15599,2019-12-15,3,1,1,13.6,0
11795,2020-03-03,1,10,13,33.56,1
34041,2019-06-17,3,4,9,37.91,0
39732,2022-01-09,1,8,4,13.78,0
23509,2019-01-11,3,2,9,24.74,0
95278,2019-06-03,3,4,12,45.45,0
81081,2022-04-15,3,4,9,31.72,0
74316,2023-05-09,2,6,7,27.08,0
36932,2020-03-05,3,6,2,42.51,1
73101,2019-04-16,2,2,6,25.94,0
86,2023-08-02,2,10,12,14.68,1
93416,2020-11-07,1,10,2,6.81,0
1300,2022-04-14,3,3,11,38.15,0
89423,2019-04-30,2,3,10,47.72,0
83228,2019-07-14,2,10,3,46.95,0
53063,2023-12-21,2,6,1,24.6,0
36785,2023-07-12,1,9,8,34.79,0
47322,2022-09-03,1,4,6,36.34,0
99402,2019-05-18,3,5,8,20.04,0
52754,2020-02-23,1,7,5,49.35,1
79678,2020-03-05,2,1,1,26.16,0
57346,2019-02-28,1,7,4,32.39,1
48965,2019-09-04,3,1,8,46.45,1
46561,2020-03-21,2,2,8,26.54,0
71094,2019-01-03,3,4,6,23.21,0
71643,2023-08-15,3,8,10,35.22,0
72022,2020-10-22,3,4,6,31.6,0
87588,2020-10-07,2,5,9,45.37,0
85135,2023-03-27,3,10,2,27.53,0
99579,2022-07-20,3,9,11,9.0,1
37307,2022-12-05,3,6,3,44.05,0
37063,2021-01-22,2,5,1,40.08,1
47664,2019-02-11,3,8,10,11.23,1
48166,2019-10-19,1,7,9,21.57,1
75625,2023-06-04,2,4,6,45.48,1
72893,2022-07-29,1,9,12,38.87,0
50943,2020-01-30,1,5,13,9.95,0
29326,2019-02-19,2,5,6,29.56,0
3901,2021-09-20,3,1,13,47.86,0
62203,2021-10-01,1,1,7,33.28,0
88682,2022-07-07,1,6,12,17.18,0
13498,2021-11-12,1,5,1,15.06,0
32551,2022-03-11,1,5,5,46.14,0
91580,2022-09-14,3,7,11,43.42,0
83786,2019-08-01,2,2,13,41.75,1
42594,2020-03-27,2,1,9,46.81,0
21763,2023-12-02,3,9,9,6.38,0
67733,2023-11-05,2,9,10,24.01,0
55597,2021-03-06,3,1,1,9.05,0
29765,2021-05-13,1,6,8,48.25,0
47259,2021-01-09,1,1,13,6.55,0
4713,2023-09-25,2,3,8,13.06,0
72815,2021-02-13,1,4,11,20.42,0
15664,2023-02-14,1,2,8,13.09,1
91491,2021-11-19,3,6,4,11.52,0
93197,2020-03-04,3,7,3,33.23,0
73548,2022-01-05,1,4,3,22.61,0
52206,2022-04-14,1,1,9,32.34,0
57292,2019-09-09,1,1,2,44.64,0
76563,2022-10-13,2,7,1,34.26,0
38462,2019-02-07,1,2,3,44.93,0
81036,2022-01-04,3,3,9,7.38,0
74736,2020-05-02,1,7,11,18.81,0
71107,2019-01-19,2,1,3,8.92,1
32842,2022-08-24,3,10,10,16.09,0
24557,2019-12-21,1,1,2,18.09,0
55893,2023-06-15,3,2,4,44.76,0
76481,2019-06-03,2,5,3,11.07,0
29838,2020-08-17,3,10,7,37.0,0
27005,2022-11-15,1,9,12,36.36,0
18913,2023-11-22,2,6,5,3.02,0
80532,2022-05-29,3,5,11,17.9,1
86571,2020-11-15,1,7,1,11.24,0
3592,2021-03-27,3,8,3,6.35,0
82194,2021-03-10,3,8,5,43.33,0
7723,2022-05-27,3,9,3,25.13,1
53816,2021-04-21,3,2,8,27.78,0
33077,2021-08-02,3,3,3,18.32,0
90876,2020-11-25,3,6,10,18.44,0
84237,2021-06-16,1,2,10,47.9,1
42684,2020-12-27,1,10,11,46.44,0
19645,2019-12-13,3,2,3,27.32,0
61225,2020-08-21,1,1,4,3.71,0
78262,2020-03-11,2,5,5,28.1,0
11176,2021-06-21,1,6,1,17.88,0
44662,2020-05-09,3,8,5,25.91,0
82564,2023-01-05,2,7,4,12.92,0
20640,2021-02-19,3,5,9,32.02,0
5646,2023-11-28,2,5,13,3.98,1
73919,2020-08-16,2,4,8,27.34,0
7186,2022-02-19,1,3,2,18.23,0
58791,2021-08-02,1,7,2,9.16,0
42227,2023-08-13,1,7,13,46.8,0
98620,2023-05-25,3,10,10,2.55,0
483,2022-05-13,1,2,13,17.8,0
83843,2022-01-01,3,10,8,10.07,0
15096,2020-07-28,1,5,12,14.84,0
92925,2019-04-25,3,6,5,19.6,0
20809,2020-03-11,1,6,2,4.87,0
51786,2019-12-13,1,9,1,35.82,0
25358,2019-11-30,3,7,6,4.65,0
40466,2022-10-09,2,9,9,19.25,0
25300,2020-03-11,2,8,2,38.09,0
87753,2021-06-14,1,5,10,43.39,0
13101,2021-11-08,2,5,9,32.64,1
53576,2019-04-13,3,9,11,9.69,0
72996,2023-11-05,3,6,7,10.31,0
46170,2023-07-01,3,2,3,15.08,0
64021,2021-04-26,3,9,2,9.05,1
90204,2023-04-15,3,1,5,48.08,0
19288,2019-04-16,3,1,12,6.61,0
43392,2021-06-18,2,8,1,23.81,1
75914,2021-08-28,3,5,6,33.85,0
23132,2021-12-21,2,4,5,45.15,0
83475,2020-09-27,1,8,9,42.34,0
22481,2021-09-09,3,10,10,26.57,0
74458,2022-03-20,1,7,6,2.84,0
13005,2022-09-19,3,5,7,5.45,0
1382,2023-01-19,1,1,10,18.22,0
98589,2019-11-03,1,7,1,30.61,0
18904,2022-10-03,2,8,1,43.57,1
74969,2021-03-16,3,8,6,20.2,1
5425,2021-11-20,3,9,8,35.48,0
22048,2021-08-14,1,3,4,45.68,0
65136,2021-09-22,2,10,4,30.66,0
66643,2021-12-09,3,9,8,33.45,1
4968,2020-12-06,3,4,4,9.61,0
79847,2022-10-19,2,5,11,37.61,0
84291,2023-11-21,3,4,11,23.62,1
61734,2023-08-28,3,4,7,47.23,0
90541,2020-07-17,1,8,8,9.92,0
35092,2020-09-16,1,9,9,44.64,0
31703,2023-02-26,3,7,6,30.67,0
51581,2021-07-06,1,4,7,42.97,0
27297,2022-09-22,2,7,12,14.29,0
5996,2023-08-18,3,9,7,30.66,0
24926,2019-02-10,2,9,10,14.09,1
59112,2023-01-31,3,7,3,9.89,0
53794,2023-06-19,2,9,6,11.92,0
47139,2019-07-23,3,2,6,2.65,0
47180,2023-09-30,2,5,2,44.4,0
46676,2019-06-28,2,4,3,11.05,0
63757,2021-11-18,2,9,5,35.22,1
55762,2021-10-08,1,1,1,3.88,0
91463,2019-05-30,2,3,4,37.31,0
28060,2019-10-12,3,2,9,47.23,0
42816,2023-03-31,2,5,10,30.48,0
40187,2020-05-29,1,6,1,45.01,0
48099,2019-09-26,3,4,13,19.44,1
52848,2022-06-25,2,3,13,38.64,0
60317,2023-09-09,1,2,3,49.65,0
17203,2019-05-12,2,10,7,2.99,0
30951,2022-10-26,1,7,10,49.66,0
69206,2023-02-09,1,3,13,17.55,0
36519,2022-02-01,3,6,2,27.78,0
53477,2020-06-26,3,10,1,25.76,0
97957,2022-11-11,1,4,1,33.04,0
64482,2023-01-21,3,1,13,27.34,0
94078,2020-09-27,1,2,6,47.59,0
75904,2021-10-10,1,9,2,19.11,0
46009,2020-09-19,3,2,1,5.95,0
17648,2023-07-23,2,6,10,19.54,0
98609,2023-09-09,2,5,12,3.73,0
31440,2022-04-21,1,2,11,15.5,0
18037,2020-12-05,2,7,1,42.74,0
74201,2019-12-20,1,6,5,29.77,0
30309,2023-07-29,2,5,6,15.87,1
35665,2019-08-20,2,2,3,27.72,0
15784,2022-05-09,3,9,8,20.67,0
80424,2023-02-25,2,8,10,25.16,0
93998,2020-06-03,1,5,7,42.57,1
81623,2019-05-04,2,3,2,29.98,0
47369,2021-08-04,1,4,4,29.55,0
43824,2019-09-08,2,2,4,39.29,0
87731,2022-06-12,3,3,9,6.79,0
19735,2021-12-21,1,8,13,43.55,1
59366,2019-12-03,2,2,6,35.34,1
63565,2020-08-02,2,9,7,29.06,0
49012,2022-01-03,2,1,13,11.88,1
17175,2021-06-04,1,4,7,21.09,0
37167,2021-03-19,2,6,10,34.05,0
4124,2022-06-01,1,5,9,19.4,0
42535,2020-04-04,2,4,4,29.37,0
75361,2023-03-25,2,9,9,13.87,1
14292,2019-12-20,3,9,10,39.84,0
82215,2023-05-12,1,10,11,10.64,0
75116,2020-03-26,1,3,4,4.12,0
80734,2019-11-17,3,7,5,39.4,0
66447,2019-05-18,2,4,4,18.62,0
1938,2019-06-06,1,1,11,33.84,0
27521,2021-07-04,3,8,10,9.4,0
82406,2021-05-08,2,5,6,27.25,0
55702,2019-05-17,2,8,12,16.04,0
27758,2022-06-14,1,6,13,39.94,0
43633,2021-07-24,2,4,10,39.63,1
43846,2022-09-04,1,4,7,44.31,1
11507,2023-02-13,3,10,9,31.05,0
5264,2023-06-05,3,10,3,18.71,0
5176,2020-12-14,1,2,7,19.1,0
97519,2023-04-12,2,4,1,43.57,0
1218,2020-01-04,2,1,8,27.1,0
48910,2022-12-13,2,3,9,7.03,0
72969,2019-09-10,1,4,10,49.0,0
48036,2023-12-06,2,6,11,15.09,1
10450,2020-03-29,3,5,12,24.52,0
38425,2022-04-27,3,4,5,49.54,0
2083,2019-05-09,1,2,3,35.88,0
85987,2023-06-21,3,1,13,38.22,0
13168,2021-11-12,3,6,13,37.1,0
51023,2022-06-16,2,9,7,10.5,1
51125,2020-09-16,1,9,6,38.35,0
30589,2020-03-11,3,3,6,31.46,0
62074,2022-02-25,1,4,10,14.87,0
52912,2022-09-21,3,2,6,25.55,1
88406,2020-04-14,2,6,12,26.69,0
29311,2023-03-16,3,1,10,13.89,0
23269,2022-03-05,3,6,10,37.37,0
75465,2019-01-30,3,5,9,42.09,0
72200,2019-09-23,2,5,9,27.67,1
78556,2019-01-01,1,5,5,35.36,1
39894,2022-12-29,1,10,12,38.01,0
54627,2022-01-26,2,8,8,10.45,0
64106,2021-10-29,3,6,2,48.72,0
43461,2020-02-05,3,6,2,19.75,0
3480,2021-02-12,1,3,3,34.46,0
44912,2020-10-21,2,10,4,34.48,0
89186,2022-03-03,1,1,13,24.14,1
68416,2020-11-21,2,8,13,2.81,0
54699,2019-07-21,1,5,11,22.3,0
61878,2023-02-15,2,10,3,22.6,0
659,2021-08-14,2,6,12,24.71,0
64625,2022-09-16,1,9,5,35.58,0
67787,2019-02-06,3,4,10,28.12,0
37253,2022-12-27,3,6,5,41.59,0
59933,2023-08-31,1,1,9,12.4,0
45328,2020-07-19,2,7,12,44.35,0
36091,2022-05-09,2,3,13,23.21,0
19869,2022-09-27,2,4,13,40.65,0
79571,2022-12-05,1,6,13,26.81,0
58933,2022-01-30,2,7,8,4.64,0
9652,2020-04-08,1,5,6,26.59,1
86494,2020-07-23,1,4,10,46.41,1
55415,2022-02-04,1,6,1,43.89,0
89133,2022-01-25,2,4,5,18.4,0
2477,2019-05-09,3,10,9,21.69,0
53760,2019-02-28,2,6,10,16.16,0
38329,2023-07-20,2,3,10,16.0,1
52376,2023-09-15,1,5,10,12.62,0
17077,2023-06-06,3,7,11,37.16,0
10467,2020-05-25,2,5,6,12.71,0
99144,2022-06-13,3,3,3,18.07,0
40951,2021-01-17,2,1,5,9.67,0
93333,2019-02-18,2,3,6,2.59,0
42313,2020-05-02,2,2,9,18.61,0
67713,2019-06-06,3,1,13,35.9,1
71504,2021-12-29,2,1,13,18.83,0
96179,2022-05-05,3,3,8,24.43,0
20241,2023-02-08,2,9,2,36.32,0
6212,2020-03-19,1,6,6,2.92,0
72082,2022-10-15,1,10,5,45.07,0
10864,2022-05-19,3,5,10,28.38,1
99292,2021-06-04,1,7,13,25.16,0
52885,2022-02-12,1,1,7,43.15,0
28641,2022-09-20,1,10,12,38.8,0
26017,2023-10-19,3,5,10,40.02,0
69268,2022-09-07,2,3,10,14.75,0
40120,2020-03-23,1,4,9,34.01,1
34603,2022-01-22,2,9,12,33.2,0
6984,2023-09-21,1,8,9,45.03,0
2114,2021-10-29,2,8,7,18.72,0
95624,2020-06-25,2,7,10,38.54,0
7472,2020-03-25,2,9,11,40.67,0
41753,2019-07-26,3,9,7,48.59,1
85125,2022-02-20,2,2,9,21.19,0
6389,2023-12-28,1,10,3,26.21,1
49069,2023-08-25,1,7,7,43.78,0
12816,2021-03-19,2,9,1,10.42,1
84827,2022-04-25,1,3,11,42.94,0
64587,2019-10-02,2,9,4,41.9,0
49980,2019-11-05,2,5,12,49.82,0
81827,2021-02-25,2,4,2,39.54,0
28455,2023-04-20,1,1,11,18.97,1
98812,2019-12-06,1,3,9,41.45,0
56534,2021-01-03,1,2,7,41.81,0
33898,2021-06-12,2,3,9,24.37,0
73791,2023-12-01,2,5,1,42.98,1
14443,2022-03-06,2,8,5,37.13,0
74149,2021-10-31,2,8,7,10.92,0
9758,2020-10-12,3,4,9,26.17,0
21598,2020-08-17,1,7,9,6.71,0
18973,2019-01-18,2,6,7,2.67,0
66412,2022-01-11,2,6,2,23.87,0
14497,2021-06-10,2,2,11,22.77,0
79593,2020-10-29,3,7,1,39.0,0
72922,2020-11-24,2,4,3,22.14,0
82445,2022-04-17,2,4,10,39.52,0
84006,2021-02-21,1,8,4,31.98,1
38107,2020-04-23,3,8,2,2.35,0
33043,2019-06-08,3,9,5,20.21,0
87316,2020-11-06,1,6,5,45.27,0
83963,2022-06-14,3,10,10,5.83,0
48924,2021-05-03,2,10,10,24.39,0
82306,2019-07-12,3,2,13,17.81,0
76578,2022-09-10,3,1,3,22.18,0
84781,2021-10-08,3,6,2,43.87,0
53554,2019-11-17,2,4,1,26.62,0
69388,2021-10-06,1,4,11,19.22,0
70212,2021-12-19,1,9,4,5.68,0
91757,2023-01-16,3,9,13,26.42,0
32772,2023-12-12,3,8,4,7.64,0
60874,2020-07-04,2,3,10,23.59,0
1892,2022-11-14,3,8,8,25.78,1
98379,2023-08-14,3,8,8,35.58,0
63165,2020-03-29,2,9,4,25.11,0
89235,2022-08-12,2,4,4,23.68,1
51090,2022-07-19,3,3,4,22.82,0
59045,2023-07-13,2,7,11,34.17,0
15481,2020-05-08,2,8,9,19.66,0
18960,2019-08-19,3,2,9,41.05,0
25969,2020-05-15,3,3,4,20.77,0
82899,2021-07-16,1,5,6,20.83,1
88851,2020-12-29,3,8,7,33.58,0
26689,2020-07-17,2,1,1,34.52,0
23428,2020-10-19,1,1,2,48.67,0
26014,2022-12-25,1,3,3,27.71,0
37949,2022-10-11,1,10,12,31.21,0
7204,2020-12-10,3,10,2,10.47,0
71186,2021-03-11,3,5,13,27.82,1
38959,2019-01-18,3,8,8,9.87,0
67631,2023-09-15,2,2,2,25.92,1
3364,2022-08-16,1,10,11,26.5,0
23967,2020-09-27,2,1,10,22.5,0
62916,2023-06-21,1,3,7,27.57,0
10330,2019-09-12,3,6,10,28.1,1
18861,2019-03-06,1,2,2,9.81,0
6332,2021-11-23,3,4,9,12.7,0
58339,2020-01-03,3,8,9,18.48,0
56117,2023-02-09,3,6,5,19.36,0
22907,2022-02-06,1,3,4,47.11,0
47584,2020-10-14,1,4,6,23.54,0
10592,2023-10-05,1,8,10,15.98,0
48872,2020-05-21,1,3,6,34.56,0
75552,2021-10-10,3,7,11,5.25,0
37874,2021-10-15,1,10,1,44.36,1
90731,2023-10-11,3,9,11,37.55,1
22793,2020-10-04,1,5,6,15.02,0
5404,2023-02-06,1,3,2,10.06,0
25483,2023-04-16,2,7,9,19.54,0
96314,2019-01-15,3,2,2,25.56,0
44442,2021-11-14,3,5,5,6.07,0
63183,2023-04-25,1,10,13,41.51,0
34253,2021-11-07,3,1,11,41.51,0
8762,2023-11-19,3,8,4,27.06,0
84301,2019-04-14,3,2,7,14.49,0
84101,2020-07-31,3,7,5,17.14,0
63747,2023-02-16,3,8,7,34.57,0
54487,2021-06-04,2,3,5,19.86,0
8427,2022-04-24,2,6,13,46.99,1
29665,2020-06-26,2,4,9,12.57,0
61915,2021-04-26,3,6,11,16.35,1
70187,2019-10-28,1,10,6,5.84,1
75989,2019-09-01,1,3,8,47.66,0
90709,2019-03-22,3,1,2,10.81,0
13217,2021-05-22,2,4,10,25.59,0
5625,2022-12-14,2,6,1,15.19,0
15420,2021-08-07,2,4,1,43.53,0
67211,2023-06-09,1,6,8,34.44,0
82478,2022-02-18,1,9,5,20.34,0
97156,2020-07-22,2,4,4,48.25,1
88320,2019-09-09,2,6,13,11.25,0
72224,2022-09-10,3,9,2,46.33,0
77704,2022-07-17,1,7,6,39.03,0
13135,2023-12-07,2,7,3,12.79,0
68653,2020-07-06,1,5,13,35.58,0
23788,2023-11-29,1,8,12,14.98,0
85219,2022-09-05,2,5,8,31.3,0
63060,2023-04-28,1,1,2,47.29,0
57478,2022-01-20,1,10,12,17.93,0
73815,2023-02-28,2,2,7,2.36,1
77526,2019-08-31,3,3,5,11.1,0
10246,2019-07-17,2,7,2,46.4,0
34252,2022-09-18,1,10,5,15.2,0
10184,2022-02-19,1,9,4,31.65,0
44814,2020-11-10,1,7,13,45.07,1
75253,2022-08-17,3,3,11,2.85,0
92490,2019-09-26,3,8,5,2.52,1
27855,2022-10-11,2,9,10,2.19,0
22927,2020-06-28,1,1,13,40.0,0
19091,2021-11-28,1,2,13,28.82,0
61087,2020-12-19,3,8,6,6.91,0
56898,2019-01-27,2,4,2,47.18,0
20262,2022-08-12,1,4,11,26.89,1
17305,2023-10-17,3,9,7,35.27,1
85185,2020-04-15,1,2,10,23.74,0
70998,2021-02-03,1,6,2,20.67,1
3361,2020-05-13,3,2,9,32.54,0
87230,2020-08-26,3,6,2,26.12,1
78037,2020-10-17,2,8,3,32.67,0
1727,2023-08-05,3,1,8,42.23,0
21833,2023-07-03,1,6,6,31.78,0
78484,2022-01-14,1,3,2,28.4,0
89862,2019-02-10,2,6,4,8.85,0
58979,2022-02-15,2,5,13,24.91,0
22005,2020-01-25,3,3,5,9.62,0
35341,2021-06-19,1,10,1,4.47,0
48515,2019-11-12,2,1,10,42.47,0
32544,2021-09-30,2,4,12,46.24,0
89545,2019-07-08,1,2,4,41.01,0
72917,2019-12-20,1,8,7,40.72,0
19226,2022-10-23,1,4,13,13.01,0
36322,2019-06-05,1,5,12,11.95,0
96315,2019-11-29,1,7,6,31.26,0
72885,2019-11-16,1,3,10,24.55,1
5349,2023-11-23,1,9,5,22.36,0
21819,2021-01-14,3,8,6,27.87,0
9113,2023-03-15,3,8,11,35.88,0
52306,2022-03-15,3,9,5,9.26,0
26660,2020-09-06,3,1,12,42.03,0
22392,2022-01-11,3,1,1,49.86,0
76266,2023-10-06,2,10,8,17.79,0
20876,2019-07-07,3,9,9,29.26,0
41452,2021-10-28,2,7,5,2.84,0
18632,2023-01-23,1,8,6,17.14,1
83985,2021-04-13,3,10,4,47.7,0
70824,2022-12-19,1,2,11,21.7,1
88473,2019-02-09,1,2,1,9.51,0
1920,2020-04-10,3,1,1,9.89,0
89565,2020-03-04,3,7,1,29.44,0
19557,2023-02-14,2,2,1,2.32,0
96001,2023-12-10,1,8,10,7.24,0
84371,2019-02-15,2,4,8,3.88,0
35263,2022-05-27,1,4,13,46.94,0
32677,2020-09-03,3,10,1,3.14,0
46341,2019-05-04,3,6,2,21.15,0
3274,2019-09-10,1,4,4,27.15,0
76048,2022-05-25,3,6,4,29.56,0
17860,2020-10-20,1,10,2,34.07,0
14765,2019-09-02,1,10,7,30.98,1
21208,2020-08-14,2,4,6,11.53,0
50254,2020-06-15,1,10,5,10.46,0
71393,2020-10-23,1,7,5,39.18,0
71748,2021-04-10,1,9,10,12.59,1
45613,2021-07-05,3,1,2,48.06,0
42773,2022-01-04,3,1,7,49.76,0
61491,2021-06-14,3,6,6,11.78,0
60393,2021-12-18,2,4,5,49.37,0
44115,2019-05-01,3,9,10,25.62,0
22476,2023-08-08,2,8,8,42.61,0
99930,2023-05-23,3,5,7,8.85,1
10500,2019-02-13,1,10,1,43.11,0
11457,2019-08-25,2,10,7,48.67,0
29424,2022-08-02,3,2,3,10.1,0
89646,2023-08-13,3,1,8,29.86,0
43762,2021-06-07,3,5,5,7.78,0
71870,2020-06-22,1,8,7,34.06,0
17292,2021-08-15,1,5,4,16.51,0
87695,2023-05-11,2,1,1,9.8,0
39122,2023-12-31,2,1,5,3.34,0
92414,2021-04-13,3,7,1,5.52,0
32958,2023-02-06,1,2,12,31.82,0
32256,2019-12-24,3,9,6,14.52,0
53153,2021-06-07,1,3,7,45.6,0
48946,2022-02-02,2,8,3,9.54,0
10329,2019-10-29,2,1,1,31.71,0
18761,2021-08-14,1,10,11,16.57,0
28306,2023-04-19,3,7,11,17.06,0
58795,2020-11-01,2,2,4,39.91,0
36532,2021-04-16,1,6,8,4.11,0
79810,2020-02-23,3,6,7,13.69,0
87835,2023-03-05,1,2,6,43.54,0
96508,2021-11-21,3,10,6,26.22,0
14225,2022-04-27,3,3,12,12.42,0
25510,2021-01-01,3,6,8,27.99,0
441,2019-12-22,1,2,13,34.14,0
20184,2022-12-20,2,5,12,4.26,0
35227,2021-09-26,1,6,10,3.62,0
46393,2021-04-22,1,6,3,29.56,0
4089,2023-12-21,1,2,11,24.36,0
38064,2021-12-23,2,7,4,14.26,0
64629,2020-06-09,2,10,6,40.07,0
83356,2019-04-13,3,8,6,34.48,1
54392,2023-04-29,3,5,9,43.97,0
4397,2023-01-18,1,5,12,3.63,0
66591,2021-03-29,2,3,2,7.86,0
5476,2023-06-15,2,6,12,22.52,0
58145,2022-02-04,2,9,9,12.39,0
87969,2022-03-04,1,7,13,11.44,0
51867,2021-12-06,2,9,13,48.63,1
37587,2021-11-21,1,10,5,8.78,0
86555,2023-09-01,3,10,7,21.93,0
83427,2023-10-01,1,1,11,28.54,0
35053,2021-06-12,2,5,7,39.26,0
32460,2020-06-22,1,1,12,34.3,1
1963,2020-05-02,3,2,3,31.79,1
50348,2023-08-11,3,9,9,47.35,0
30897,2019-06-24,1,1,5,16.05,0
50084,2019-07-06,3,3,2,5.82,0
5832,2021-03-26,3,8,10,13.9,0
90474,2019-04-04,1,8,1,14.98,0
80505,2023-10-10,3,6,13,9.39,0
29706,2023-03-07,3,2,5,27.19,0
3890,2021-09-25,3,5,8,13.4,0
48075,2019-09-12,3,8,8,47.44,0
90713,2021-09-12,2,2,4,4.16,0
53261,2022-01-12,2,10,6,35.49,0
43668,2023-09-28,3,7,12,40.82,0
18202,2023-05-23,3,7,9,45.64,0
70852,2019-04-08,3,9,3,35.75,0
8976,2022-10-09,1,6,6,4.06,0
60436,2019-10-25,2,2,13,3.28,0
4344,2021-02-13,3,9,3,21.82,0
48233,2020-05-09,3,8,7,43.19,0
90914,2021-08-07,2,7,9,2.23,0
16806,2020-06-17,3,2,1,7.55,1
63734,2019-03-11,1,6,4,43.14,1
75261,2023-03-04,2,10,10,32.2,0
35270,2023-02-14,2,4,2,22.56,0
10334,2019-08-28,3,6,1,16.09,1
41338,2021-11-17,2,6,10,3.29,0
63677,2019-02-18,3,9,4,2.75,0
58326,2021-12-01,1,1,2,34.85,0
57653,2019-09-25,3,3,10,49.11,0
60046,2022-04-10,1,5,6,25.67,0
20061,2019-05-10,2,4,5,7.41,0
53953,2020-07-07,2,7,11,38.0,0
38561,2021-01-07,1,1,5,17.62,0
73311,2020-01-13,2,5,1,21.67,1
91093,2020-12-06,1,9,2,37.31,1
52659,2023-04-01,1,4,13,45.65,0
80613,2019-01-01,3,9,8,31.89,1
7617,2022-03-25,3,1,7,47.39,0
39364,2022-08-05,1,1,7,37.62,0
94333,2020-02-05,2,3,13,47.11,0
23797,2022-11-03,2,10,1,36.11,0
5446,2020-10-02,2,10,3,27.67,0
48223,2021-07-06,2,6,7,6.14,0
83800,2019-09-13,3,6,10,16.76,0
45720,2019-02-01,1,8,10,49.27,0
14706,2019-04-25,2,6,10,9.44,0
57426,2020-11-04,1,10,6,13.62,0
32592,2022-07-21,2,6,10,29.47,0
69061,2022-02-14,1,5,11,33.82,0
51704,2020-10-22,3,6,5,39.9,0
566,2020-04-24,1,6,13,13.0,0
83812,2020-04-26,1,5,4,40.95,0
77610,2020-05-27,3,10,4,5.32,0
30241,2022-04-16,3,4,3,6.38,1
66006,2020-09-12,2,7,7,7.14,0
17211,2019-11-15,2,4,1,48.29,0
81397,2023-03-30,1,8,5,19.02,1
76364,2019-08-16,3,9,8,12.22,0
88545,2020-06-16,1,8,8,22.39,0
334,2022-11-21,3,9,8,18.08,0
24365,2019-11-18,1,3,10,33.98,1
99988,2022-01-26,2,4,5,16.37,0
34289,2023-02-12,2,3,13,39.06,0
90793,2019-06-14,3,9,6,6.16,0
25255,2022-01-04,1,9,9,7.93,0
67915,2023-01-13,3,6,7,40.73,0
81418,2020-08-27,3,10,3,25.32,0
75288,2019-03-05,3,2,2,28.47,0
43810,2019-11-25,2,6,2,14.99,0
31458,2020-04-20,3,9,12,49.98,0
22559,2021-10-26,2,4,11,22.56,0
24922,2022-04-20,1,10,7,30.38,0
83981,2023-09-06,2,1,12,21.81,0
93949,2020-12-22,1,10,13,29.07,0
15277,2019-09-28,3,10,10,40.67,0
38854,2021-01-25,1,3,9,49.44,0
31986,2022-07-31,2,9,13,47.48,0
54803,2023-12-04,3,8,8,2.11,1
51630,2019-11-11,2,5,2,4.84,0
28183,2021-05-23,3,4,10,28.67,0
16786,2021-01-23,3,5,9,17.61,0
36361,2021-03-31,2,6,3,32.61,0
26236,2022-08-29,3,2,11,4.1,0
1465,2020-02-20,2,5,6,7.24,0
97243,2023-12-10,1,10,8,19.24,1
71565,2020-05-25,2,5,4,31.12,0
69958,2020-01-21,1,4,10,4.26,0
63865,2022-06-07,1,1,7,29.54,0
87304,2023-05-01,1,6,8,47.87,0
55213,2020-10-09,2,9,12,47.36,0
92942,2019-07-30,1,7,6,41.34,0
56846,2021-02-26,3,9,13,35.37,1
82516,2023-04-29,2,3,13,33.75,0
26339,2019-02-20,3,10,3,48.67,0
97862,2022-11-02,2,7,10,26.27,0
83137,2019-05-05,1,8,13,15.55,0
84684,2021-12-31,3,7,13,36.4,0
61369,2021-09-25,2,5,6,26.95,0
900,2022-01-23,3,8,10,2.67,0
81116,2022-07-24,3,6,12,48.69,1
34996,2023-01-26,2,7,6,11.32,0
65262,2023-08-16,1,9,3,15.63,0
67116,2022-05-14,2,4,1,25.5,0
77223,2019-04-01,2,1,2,10.8,0
97538,2021-11-12,2,6,3,25.71,0
18304,2021-11-13,2,1,2,20.69,0
93755,2021-09-12,3,5,6,14.18,0
48336,2021-05-03,3,5,3,41.39,0
90062,2019-08-21,3,1,10,42.61,0
46586,2020-12-24,2,2,3,7.17,0
44050,2020-11-27,2,10,4,44.19,0
41549,2023-03-01,3,3,11,16.9,0
16217,2022-12-29,3,9,4,13.3,0
17556,2023-05-05,3,2,13,18.57,0
14952,2023-08-17,1,2,3,36.1,0
17202,2022-03-15,1,8,5,11.03,0
43754,2021-11-06,3,6,9,17.82,0
73853,2021-10-19,1,5,11,31.37,0
11784,2020-11-19,3,4,8,14.68,0
73614,2022-10-30,2,8,9,12.86,0
70469,2022-08-03,3,2,1,36.7,1
79632,2022-10-22,2,3,13,4.32,0
53896,2022-01-10,3,2,11,44.0,0
86741,2021-05-16,1,9,3,44.19,0
40259,2022-01-14,3,3,1,21.91,0
26693,2019-05-18,1,7,5,29.25,0
1342,2021-12-28,2,2,8,3.83,0
25604,2021-05-10,2,9,9,43.15,1
5826,2023-02-18,2,6,6,26.03,0
98594,2022-09-13,1,8,12,46.22,0
33530,2020-07-09,1,10,10,39.51,0
27025,2021-04-12,3,7,1,19.94,0
31428,2021-04-05,2,10,5,3.07,1
90090,2021-10-21,2,1,3,4.35,0
62375,2023-10-30,2,3,5,8.76,0
80889,2023-06-03,3,5,13,34.53,0
98764,2019-01-26,1,1,2,29.68,0
89817,2019-06-03,2,9,11,39.33,0
73164,2023-09-13,2,7,10,30.14,0
60055,2019-04-07,2,6,10,18.23,0
53903,2022-12-23,3,9,12,12.48,0
91078,2021-03-10,3,2,2,25.69,0
85348,2023-09-15,3,5,8,39.31,0
1458,2019-11-08,3,4,2,7.35,0
96041,2019-03-10,3,1,6,25.08,0
78009,2020-05-15,2,9,4,17.93,1
76757,2022-10-04,1,9,10,15.54,1
61791,2019-10-31,1,6,13,37.47,0
82547,2022-01-03,2,7,1,27.98,0
82628,2022-11-10,1,9,4,4.59,0
30529,2022-05-06,1,8,8,40.53,0
36339,2021-06-10,1,5,5,24.4,0
53241,2020-03-20,3,8,10,13.41,0
88917,2020-09-25,3,9,11,32.14,0
11051,2021-01-27,3,9,1,39.77,0
17251,2020-07-20,3,6,13,10.74,0
29904,2023-10-18,1,9,2,21.69,0
49908,2022-11-21,3,6,12,44.01,0
31901,2020-01-26,3,3,7,49.69,0
49034,2020-11-29,1,6,12,43.38,1
40720,2023-04-11,2,9,7,29.39,0
16062,2022-02-16,1,3,10,26.14,0
76164,2019-07-23,2,3,7,44.1,1
24169,2019-03-26,2,2,5,27.1,1
59027,2022-01-20,3,8,8,21.85,0
34775,2020-04-14,3,5,7,6.5,0
7830,2020-04-03,1,3,5,4.5,0
88042,2019-05-11,3,5,10,17.8,0
20758,2023-11-22,1,3,12,25.97,0
98598,2021-02-25,1,9,1,44.05,0
4722,2021-07-10,2,2,9,49.75,0
76474,2021-09-21,3,10,8,20.83,0
28663,2020-06-22,2,1,10,7.19,0
40726,2023-01-22,3,9,2,27.77,0
66594,2020-08-21,2,1,3,47.68,1
39806,2019-11-30,1,1,1,18.85,1
9422,2021-02-15,1,4,5,42.32,0
65709,2021-02-19,2,10,1,22.4,1
30698,2023-09-06,3,9,7,31.57,0
4077,2019-05-23,1,2,8,19.08,0
34393,2019-04-09,2,9,12,42.13,0
6654,2023-10-14,2,4,1,48.35,1
30209,2022-02-28,2,6,3,49.18,0
74416,2020-07-15,2,10,4,18.83,0
23139,2021-09-15,2,3,10,49.04,1
20238,2020-01-04,3,9,4,48.02,0
43073,2019-11-05,2,7,8,33.75,0
79812,2022-09-04,2,10,9,47.04,0
56245,2021-04-01,3,1,4,46.23,0
53781,2021-10-21,2,10,6,39.82,0
98120,2023-11-03,1,2,3,43.88,0
52402,2021-10-05,3,6,11,24.46,0
41242,2022-02-07,1,4,12,20.85,0
21451,2023-11-11,3,9,10,40.06,0
21157,2022-04-22,3,6,11,9.42,0
34853,2022-12-27,2,1,13,45.66,0
84995,2023-03-27,1,9,8,35.32,0
31097,2023-05-31,1,9,5,10.23,0
99868,2023-04-20,2,1,7,4.0,1
42757,2019-06-16,1,1,13,34.88,0
67815,2019-12-02,1,6,10,8.21,0
12604,2023-12-04,3,3,2,15.74,0
90999,2019-06-30,3,7,2,23.44,1
64788,2022-10-28,3,1,4,36.76,0
17070,2022-09-20,3,5,3,20.03,0
71139,2020-08-09,2,4,1,3.44,0
49883,2022-01-06,1,5,8,29.14,0
34538,2020-10-17,1,9,4,18.34,1
11467,2019-12-13,1,4,3,43.19,0
65892,2022-07-29,3,5,3,12.0,1
19369,2022-12-02,2,6,12,21.41,0
23798,2019-05-04,1,10,11,34.48,0
76038,2022-09-04,1,8,13,26.07,0
69013,2023-06-30,3,7,6,35.52,1
48964,2019-10-29,2,9,3,39.27,0
65610,2020-10-06,2,4,5,13.51,1
78373,2021-01-21,3,1,11,21.53,0
71352,2023-06-11,1,1,1,46.33,0
17677,2021-08-22,2,5,11,30.21,0
65377,2020-02-03,3,1,1,24.16,0
87929,2023-10-05,3,4,4,45.53,0
88179,2021-07-28,3,4,9,29.09,0
24173,2019-08-21,2,6,12,25.49,0
30384,2019-03-21,1,1,3,29.13,0
93513,2023-05-17,2,9,8,26.25,1
4403,2019-03-10,3,8,7,18.56,1
38099,2019-11-22,2,9,11,28.06,0
61645,2021-01-11,3,5,4,41.49,0
3611,2022-03-07,2,9,8,49.56,0
14703,2021-10-29,1,10,10,15.99,0
28432,2020-05-16,1,5,2,4.34,0
71426,2022-03-24,3,10,1,18.34,0
20544,2019-07-13,1,4,6,38.07,0
78984,2022-07-12,2,8,7,4.95,1
23585,2023-05-15,1,2,3,49.61,0
22470,2023-01-27,1,2,13,16.12,0
96544,2021-06-18,1,10,2,26.71,0
15189,2019-04-20,3,8,3,21.42,0
6892,2021-01-12,2,4,1,22.29,0
33305,2020-04-24,2,6,6,27.02,0
40675,2020-12-26,1,2,3,26.15,1
53436,2020-01-25,2,6,5,27.48,0
60621,2021-08-15,3,10,5,12.15,0
75610,2021-10-14,3,8,4,41.34,0
48055,2019-09-02,1,4,10,40.82,0
63775,2021-08-03,2,1,1,5.25,0
91042,2019-07-10,1,5,9,26.18,0
13581,2020-08-09,3,2,8,46.59,0
44570,2020-05-16,1,7,8,26.88,0
60642,2020-12-05,1,9,2,38.08,0
92960,2020-10-21,3,5,6,19.91,0
5206,2023-01-25,1,10,7,4.93,0
10158,2019-12-10,3,3,13,14.1,0
73158,2022-04-09,1,10,5,30.45,0
40041,2022-03-12,1,7,2,23.01,0
54823,2023-06-05,3,9,13,21.41,1
61707,2019-11-17,3,9,2,4.96,0
76303,2023-10-18,1,8,12,6.42,1
9123,2022-08-05,2,5,6,12.65,0
15396,2020-11-17,1,6,6,22.72,0
98220,2019-03-03,3,2,1,17.0,1
53389,2021-08-18,2,4,13,38.82,0
42479,2022-06-09,3,3,12,14.13,0
42163,2019-10-02,1,6,11,25.44,0
81261,2023-07-08,1,8,3,3.93,0
13224,2020-02-03,2,9,10,31.6,1
4209,2019-09-07,3,7,1,4.06,0
84016,2023-01-30,1,1,9,9.62,0
38421,2019-12-25,2,7,3,19.52,0
70705,2019-05-26,3,5,6,34.98,1
44144,2019-11-29,1,4,3,23.54,0
90704,2020-10-19,1,6,7,4.25,0
36723,2022-11-01,1,9,10,44.47,1
20695,2021-02-25,3,4,12,9.15,0
2520,2021-10-16,2,8,12,5.86,1
40226,2020-02-11,3,3,3,30.69,0
86405,2022-08-21,2,6,7,34.72,0
15415,2022-06-10,1,1,3,25.94,0
81269,2020-08-18,2,4,6,32.95,1
76980,2020-04-11,3,10,7,37.77,0
7609,2020-11-13,2,6,4,30.43,0
30510,2020-01-08,3,3,1,19.12,0
4304,2022-01-26,1,7,3,47.39,0
76549,2022-10-06,2,10,5,47.89,0
48688,2019-06-27,2,3,8,18.96,0
74804,2019-10-23,1,7,1,4.16,0
62206,2022-03-13,2,5,2,45.95,1
84943,2019-08-13,3,3,2,10.71,1
83170,2020-03-07,1,7,1,47.17,0
85015,2020-06-02,2,3,12,20.1,0
5616,2019-11-24,2,1,7,39.4,0
87115,2022-05-31,3,10,9,35.57,0
23246,2019-10-22,3,6,5,42.86,0
75617,2021-01-12,1,10,3,10.7,1
3580,2021-12-03,1,6,5,48.47,0
40703,2023-04-23,2,3,4,43.22,0
37112,2020-09-17,3,3,1,30.35,0
53585,2021-02-04,3,2,8,23.3,0
86780,2021-07-27,3,4,1,18.2,1
10869,2021-04-22,1,7,12,29.68,0
68690,2022-06-28,3,9,10,12.11,1
34189,2019-03-25,1,4,1,44.0,0
31091,2022-09-29,3,1,9,28.27,0
4401,2020-03-12,1,3,10,3.08,0
43405,2019-02-03,2,7,8,10.81,0
49017,2022-01-03,3,3,2,43.3,0
12551,2019-05-21,1,7,4,22.15,0
63488,2023-11-14,1,10,3,34.22,1
55618,2022-09-20,3,2,1,12.09,0
33585,2020-01-18,2,1,6,19.46,1
75507,2019-07-22,3,6,9,36.91,0
46420,2019-03-10,1,3,9,8.07,0
46658,2019-10-04,1,9,6,45.99,0
19541,2022-04-28,3,4,11,44.94,0
65013,2023-08-20,3,2,13,41.98,0
72470,2020-06-16,1,10,3,20.95,0
23483,2019-04-15,1,2,1,29.95,0
66828,2022-06-11,1,3,9,32.56,0
4654,2019-06-20,3,4,3,46.0,0
62361,2020-10-21,1,9,9,4.0,1
65134,2022-03-31,3,1,6,47.5,0
41429,2021-07-21,1,7,7,41.83,0
89019,2019-11-07,1,2,13,41.47,0
78826,2019-12-16,1,8,4,23.48,0
7626,2023-11-11,2,7,12,44.38,0
66000,2020-07-27,2,10,12,36.81,1
28575,2023-03-14,3,3,1,14.95,0
43125,2021-06-29,2,4,1,49.14,0
79089,2020-11-19,1,2,5,16.41,0
45629,2021-07-27,3,1,2,34.62,0
60857,2019-09-15,3,5,3,15.08,0
4563,2021-04-13,1,6,8,43.87,1
85034,2020-01-14,1,5,9,21.12,1
12876,2021-08-09,3,8,13,7.84,0
50640,2022-03-01,2,2,9,4.71,0
291,2020-05-07,2,2,11,12.22,0
74985,2021-07-24,1,6,3,42.84,0
88137,2020-05-23,3,2,11,8.93,0
38125,2019-01-21,1,5,2,2.09,1
1795,2022-07-13,2,10,9,12.33,0
43845,2020-11-09,1,3,4,41.44,0
79839,2020-07-08,1,10,10,49.31,0
18450,2023-06-23,1,8,2,15.43,1
15923,2020-03-12,1,3,3,16.06,0
62690,2023-08-02,2,4,10,19.32,0
42547,2023-08-20,2,5,1,10.72,0
1308,2021-11-10,1,2,4,33.31,0
3724,2023-03-25,1,4,1,13.64,0
25426,2020-02-23,1,6,2,14.76,0
7210,2022-04-17,2,9,6,42.72,0
18887,2023-07-13,1,1,12,4.94,0
39077,2023-04-11,2,5,2,24.4,1
47194,2020-03-29,2,6,9,37.44,0
20023,2021-09-04,3,9,6,47.55,0
32877,2021-09-20,1,1,5,30.51,1
91302,2019-10-13,3,1,11,25.19,0
88422,2023-09-27,2,10,10,14.21,0
53006,2021-08-29,3,4,3,16.68,0
48383,2019-07-05,3,1,13,9.51,0
75996,2020-09-03,2,1,9,5.69,0
89346,2022-05-07,1,4,4,3.99,0
60188,2020-05-09,2,3,13,43.67,0
46737,2020-03-29,1,4,12,34.5,0
13928,2023-01-12,1,10,8,2.73,0
82326,2019-07-20,1,6,12,48.83,0
16495,2023-05-04,3,2,3,37.54,0
52566,2020-03-22,3,3,8,33.14,0
33407,2021-07-25,2,10,3,37.67,0
31166,2021-03-06,1,6,2,14.28,0
16078,2019-04-12,1,7,3,32.02,0
22205,2020-12-26,2,3,12,44.53,0
39037,2020-04-26,1,8,6,15.9,0
32894,2021-08-04,1,10,4,14.73,1
8966,2022-01-02,3,9,7,47.36,1
52978,2022-06-23,2,4,3,19.15,1
34138,2019-12-26,2,10,2,24.33,0
21795,2020-02-06,2,3,1,8.08,0
93424,2020-10-23,1,2,1,44.28,0
27713,2019-09-20,2,10,12,17.91,0
94595,2023-09-26,1,4,2,17.46,0
18327,2022-05-10,2,1,3,21.74,0
95747,2022-01-25,2,6,13,31.22,0
63879,2021-12-31,2,4,9,8.12,0
20428,2020-05-11,2,2,8,8.25,0
95327,2019-10-05,3,1,12,14.96,0
44551,2023-09-10,1,9,11,37.1,0
93447,2021-04-17,1,8,6,40.4,0
49789,2020-12-17,1,5,11,9.82,0
22117,2021-10-22,1,9,1,41.67,0
9190,2020-10-20,3,9,11,22.63,0
63520,2020-06-26,2,10,8,23.67,0
21143,2019-04-26,2,6,12,33.79,0
85214,2021-04-24,3,2,12,25.35,0
38358,2022-09-18,3,10,9,40.17,1
24831,2019-12-01,1,8,3,23.27,0
35280,2021-06-01,2,9,12,25.84,0
53062,2019-03-22,2,8,7,15.93,0
95971,2023-10-01,1,10,1,2.87,0
95386,2020-10-29,1,2,3,26.32,0
23219,2019-03-04,2,5,2,37.05,0
50509,2019-02-02,2,6,10,10.28,0
38175,2023-07-27,2,1,11,23.34,0
72233,2020-10-17,1,3,3,36.56,0
92459,2022-08-31,2,4,1,18.81,0
6217,2020-09-06,2,10,10,16.09,0
6696,2021-04-11,3,6,8,3.98,0
57862,2021-06-18,1,9,9,13.37,0
5956,2020-11-29,2,6,12,19.71,0
32624,2023-10-26,2,8,13,11.35,0
43875,2021-07-18,1,10,10,15.64,0
48320,2022-10-23,1,1,10,23.65,0
49793,2022-04-21,3,6,9,21.79,0
65735,2019-07-25,2,2,12,21.56,1
66011,2019-05-11,3,5,6,42.8,1
25003,2019-08-23,1,8,3,20.76,0
81718,2019-01-18,2,7,9,35.58,0
70191,2020-10-09,3,7,12,20.88,0
738,2019-11-16,1,6,9,45.71,0
62320,2022-06-15,2,6,13,48.94,0
70280,2021-10-18,1,6,1,35.03,0
30950,2020-05-09,1,7,9,48.23,0
7639,2020-04-13,2,2,7,30.31,0
51710,2021-03-31,3,10,8,48.32,0
93156,2019-02-23,3,3,3,27.03,1
89308,2020-11-18,3,7,2,22.01,0
59720,2020-03-08,1,2,11,17.73,0
50568,2020-10-07,2,6,5,39.64,0
12164,2022-04-12,1,1,8,5.03,0
32723,2021-11-30,2,10,7,7.08,0
3674,2021-01-20,3,7,2,36.01,0
91499,2022-01-01,3,9,10,35.79,0
67330,2019-11-10,3,7,3,27.64,0
78587,2021-10-20,3,5,12,5.75,0
78667,2023-05-04,3,2,12,34.69,0
78983,2022-09-20,2,6,11,12.49,0
26144,2021-05-30,3,4,13,22.83,0
91727,2022-10-20,1,4,5,14.79,0
54021,2022-09-11,3,5,7,33.75,0
89403,2021-04-15,3,5,4,25.33,0
33878,2022-02-22,2,3,4,8.4,1
61286,2023-12-27,1,9,13,13.53,1
60801,2021-03-09,1,7,5,37.91,0
34004,2020-07-20,3,8,1,20.71,0
21266,2022-08-31,3,3,7,25.34,0
51422,2020-03-28,1,8,7,30.66,0
58952,2019-04-24,3,10,1,37.71,0
2211,2021-08-05,1,6,6,4.92,0
34521,2021-04-18,3,3,1,37.21,0
40023,2021-12-27,2,4,1,25.27,1
65977,2021-11-16,2,4,2,18.89,0
6376,2020-02-06,3,8,13,13.12,0
48206,2023-03-25,1,9,2,11.93,0
13229,2022-07-20,1,5,1,41.55,0
34910,2019-09-18,1,4,5,17.49,0
96204,2020-08-20,3,10,9,23.33,0
82593,2022-02-25,1,9,2,23.25,0
42583,2023-01-05,1,1,5,44.73,0
16722,2021-03-16,3,10,4,23.66,0
57756,2023-01-23,2,10,7,36.04,0
45151,2022-02-13,1,8,10,44.22,0
85665,2019-11-19,3,8,1,6.46,0
59347,2021-05-11,2,3,7,12.49,0
91774,2022-02-15,3,10,10,11.13,0
3722,2023-02-16,2,9,9,16.5,1
504,2021-07-09,3,9,1,27.8,0
24561,2020-08-03,3,4,3,19.44,0
68713,2020-05-24,1,3,11,36.63,0
1052,2019-09-22,3,6,13,5.61,0
12003,2023-03-07,2,2,12,41.44,0
88629,2021-09-06,2,7,10,49.65,0
53332,2022-10-24,1,8,3,14.62,0
39313,2020-11-30,2,5,3,21.86,0
13791,2019-11-20,3,6,5,5.11,0
37367,2023-06-17,2,5,2,18.56,0
53061,2019-08-11,2,5,13,11.23,0
71786,2021-06-06,3,8,13,20.88,0
10436,2019-04-08,1,6,8,28.95,1
10881,2021-05-08,3,5,11,49.18,0
70934,2022-12-09,1,7,8,10.47,0
11388,2021-03-17,1,4,11,32.16,0
66579,2023-09-17,1,2,3,11.68,0
67696,2021-05-09,2,3,8,30.85,0
59632,2021-10-29,2,3,5,4.32,1
3088,2023-07-05,1,4,9,49.56,0
81595,2022-01-07,3,6,6,48.84,0
86700,2023-03-04,1,2,2,24.11,0
35137,2022-11-19,2,2,2,44.97,0
90760,2022-11-04,3,5,8,22.39,0
26828,2020-02-17,2,8,9,35.2,0
62831,2020-02-02,3,4,2,4.52,0
32208,2019-09-24,3,2,3,32.8,0
64700,2019-07-05,1,1,6,45.92,0
73946,2020-02-29,2,3,7,28.71,0
90298,2019-03-20,3,3,9,43.52,0
8265,2021-10-05,3,7,5,42.37,1
79590,2023-06-19,1,1,1,34.67,1
84144,2021-11-26,3,10,12,9.4,0
84009,2023-07-22,1,5,5,39.31,0
13888,2020-04-19,2,6,6,34.69,0
40045,2020-09-05,2,5,1,45.23,0
54377,2022-10-02,1,9,6,10.54,0
2193,2019-08-02,2,9,12,29.04,1
43398,2022-01-26,1,7,13,35.17,0
61625,2020-07-20,1,8,12,23.84,0
92764,2019-09-16,3,8,3,33.3,0
41341,2019-11-19,2,9,3,26.45,0
77124,2022-02-03,1,4,9,23.66,0
65758,2020-02-08,2,8,4,35.2,0
52508,2019-02-07,3,6,2,28.75,0
18123,2020-02-21,3,5,11,33.7,0
26229,2019-12-08,2,8,5,10.45,0
1895,2021-11-04,3,4,6,26.03,0
74959,2020-10-16,3,6,4,26.8,0
74575,2022-05-31,2,9,13,43.64,0
45189,2023-09-14,3,5,13,6.08,0
57320,2023-06-30,1,2,12,2.07,1
58838,2023-12-29,2,8,5,19.97,0
2406,2020-12-03,2,3,12,6.93,0
83121,2021-03-06,2,4,8,19.5,0
4010,2019-04-12,1,10,4,8.09,1
99649,2023-10-29,2,2,7,14.97,0
74810,2022-10-28,2,1,13,25.09,0
80929,2022-04-05,3,7,3,2.89,0
63546,2019-11-19,1,1,4,6.05,0
36080,2019-12-31,1,5,11,2.01,0
17620,2021-07-18,2,5,7,20.56,0
71365,2020-04-20,2,7,7,49.98,0
98595,2021-12-20,3,8,13,28.48,0
54408,2019-07-02,3,6,1,12.75,0
43138,2022-09-02,1,9,11,10.1,0
75130,2019-05-21,2,1,2,17.06,0
44327,2023-06-30,3,8,2,20.27,0
92268,2021-09-04,1,8,4,14.17,0
11890,2021-05-03,2,2,9,40.19,1
50801,2021-12-09,1,10,6,36.13,0
37002,2020-10-23,2,6,3,39.3,0
92049,2021-03-10,1,9,6,20.04,0
36704,2021-10-08,1,7,3,48.53,0
63609,2019-12-09,2,2,11,34.37,0
93792,2023-08-01,1,10,11,36.47,0
17142,2023-02-24,1,4,11,44.38,1
22959,2023-11-27,1,9,10,30.0,0
38549,2020-02-03,2,4,3,2.36,0
67928,2023-10-04,2,7,9,2.11,0
58786,2023-12-29,3,3,1,9.64,0
4239,2021-05-13,3,9,2,30.57,0
37907,2020-07-19,2,9,4,38.39,1
79165,2022-09-14,3,10,11,46.85,0
32244,2021-01-09,3,3,12,7.89,0
79863,2021-10-17,1,2,8,2.6,0
97790,2022-06-23,1,7,9,13.42,0
50556,2020-08-18,3,1,4,4.27,0
9168,2020-01-26,1,3,9,18.33,0
17452,2021-09-17,1,4,13,47.04,1
57476,2022-05-28,3,6,12,23.0,0
93187,2023-03-19,2,10,5,7.7,1
48932,2023-05-17,3,9,13,42.97,1
35480,2021-12-25,2,5,9,36.07,0
26578,2022-04-17,1,5,9,11.87,0
22150,2023-06-27,1,4,7,33.42,0
41348,2020-03-28,1,6,3,30.37,1
59055,2019-09-06,3,4,13,14.69,0
56420,2021-04-16,3,10,10,35.82,0
51011,2021-10-25,3,9,10,47.88,0
91030,2019-12-07,3,2,7,11.29,1
59210,2019-04-24,1,8,6,43.47,1
25926,2023-09-30,2,1,5,27.39,0
77962,2023-05-08,2,4,3,3.67,1
28741,2022-12-16,3,6,11,35.73,0
69283,2023-06-21,3,1,8,34.93,0
25465,2019-10-03,1,8,8,24.24,0
64338,2022-06-24,2,4,7,3.13,0
10926,2023-10-21,2,9,11,17.52,0
43629,2022-12-17,1,5,10,15.39,0
37197,2022-08-09,2,10,5,13.4,0
49425,2023-06-17,1,9,2,26.4,1
29388,2021-09-04,3,6,1,24.98,0
80355,2019-05-16,2,1,10,44.9,1
25021,2020-10-22,3,2,9,49.62,0
26996,2021-02-01,1,9,12,3.39,0
89675,2023-10-10,3,10,3,24.46,1
77219,2021-09-18,1,4,9,26.33,0
7130,2023-12-21,2,7,5,33.45,0
52431,2020-12-30,2,8,1,49.12,0
9976,2019-04-24,2,9,7,41.87,0
76436,2022-01-28,3,1,3,23.86,0
95400,2020-09-30,1,4,5,44.7,0
14477,2023-10-26,1,10,8,33.8,0
15432,2023-04-03,1,8,5,6.6,0
95180,2019-10-31,3,9,6,5.77,0
1957,2020-05-19,3,7,9,11.71,0
51136,2020-03-06,3,4,9,20.19,1
96276,2022-07-25,1,10,9,14.32,1
60819,2023-07-21,2,6,13,27.03,0
32487,2020-03-10,1,6,6,8.24,0
82828,2023-01-31,3,2,8,20.43,0
10971,2019-04-03,2,9,8,41.34,0
22172,2023-09-24,1,6,5,41.37,0
27843,2020-04-05,1,5,4,39.37,0
13555,2020-08-31,1,3,7,9.33,0
10785,2022-10-30,2,2,4,12.8,0
53876,2021-07-22,2,1,11,27.3,0
50936,2021-11-30,3,5,7,10.4,0
26890,2019-07-01,3,7,4,38.25,1
9508,2021-09-09,2,6,9,39.46,0
4170,2021-01-10,1,9,6,33.93,0
15864,2021-05-04,3,5,12,9.51,0
5887,2021-01-14,2,6,7,25.55,0
13908,2022-11-15,1,4,5,46.48,0
99838,2021-02-18,2,7,1,10.39,0
86181,2020-05-05,3,9,9,19.05,1
71119,2021-11-12,3,8,1,34.87,0
97719,2019-07-21,3,3,2,31.68,0
50793,2019-10-15,2,8,1,23.19,0
2277,2023-05-23,3,5,4,21.28,0
31634,2022-04-29,2,9,10,46.76,0
4685,2021-08-16,3,6,1,18.11,0
78668,2023-01-03,1,8,8,39.32,1
6560,2021-09-08,1,8,5,6.25,0
36107,2020-11-01,2,8,2,37.92,1
96387,2023-05-25,3,3,8,33.82,0
85448,2020-10-24,1,9,7,47.5,0
94888,2019-01-14,1,3,5,22.18,0
4488,2023-10-12,1,2,6,42.57,0
39703,2023-10-30,1,10,2,16.09,0
5049,2020-04-30,1,10,12,32.23,0
28547,2023-03-21,1,2,6,32.43,0
34284,2021-08-29,3,10,9,16.62,0
81369,2020-09-27,3,4,10,48.75,0
81231,2019-02-02,1,3,2,40.82,0
1551,2019-02-15,3,7,13,46.44,0
44998,2023-01-17,3,7,4,46.31,0
24087,2019-12-28,3,5,7,4.79,0
88357,2020-08-19,2,3,7,36.4,0
48373,2023-04-14,3,6,8,19.72,1
68399,2022-12-20,1,1,2,6.71,0
16305,2019-08-02,1,8,7,37.68,0
14363,2020-12-12,3,3,12,10.9,1
70432,2022-01-25,2,9,13,7.43,0
59520,2020-05-31,2,7,4,42.66,0
46196,2023-09-30,2,3,7,13.49,0
39155,2020-03-28,3,6,4,16.34,0
12388,2023-02-14,2,7,7,38.46,0
72733,2022-06-21,2,2,13,45.69,0
54482,2021-01-26,3,2,9,4.06,0
81195,2021-02-23,3,9,8,41.18,0
38667,2021-03-21,3,4,2,10.42,0
95938,2020-09-12,1,7,3,22.13,0
41068,2023-09-05,2,4,12,34.17,0
89200,2020-01-28,3,4,5,42.23,1
71145,2022-06-08,3,4,7,47.47,0
90022,2020-03-01,3,9,8,15.64,0
23178,2022-09-04,1,3,5,23.69,0
91559,2019-10-18,3,2,11,46.19,0
70839,2022-06-29,3,6,8,17.34,0
30010,2022-06-27,1,10,2,18.52,0
61716,2020-06-24,1,7,10,6.19,0
65539,2022-07-12,3,5,5,2.24,0
79326,2021-03-07,2,5,13,32.52,0
33433,2022-12-25,3,9,8,11.79,0
97185,2023-11-07,1,9,8,43.09,0
8684,2020-09-30,2,8,2,17.99,0
87985,2023-10-31,3,8,7,45.44,0
82508,2019-07-27,2,10,1,18.68,0
86970,2023-12-27,1,8,10,44.57,0
47856,2020-12-21,1,1,3,35.33,0
21888,2023-09-19,1,1,6,2.7,1
12601,2023-09-09,2,9,7,43.17,0
49680,2020-11-05,2,3,8,40.64,0
78944,2020-04-10,1,6,7,31.47,1
74912,2019-06-18,1,4,5,37.27,0
99358,2020-08-20,3,5,6,21.71,0
94887,2023-03-08,1,2,13,19.92,0
414,2022-06-14,1,2,1,20.24,0
78205,2023-08-20,1,3,9,13.3,1
2833,2019-10-25,3,7,13,6.62,0
60400,2020-05-08,3,9,6,35.38,0
2668,2021-03-24,3,3,7,14.9,0
5752,2021-11-13,1,5,1,5.3,0
6865,2023-07-25,2,10,10,48.35,0
47992,2021-05-10,1,3,1,17.21,0
62616,2023-08-13,2,3,6,12.01,0
14788,2019-09-10,2,8,10,30.91,0
61702,2020-09-23,3,2,3,33.38,0
80742,2020-08-20,1,7,12,43.51,0
12901,2023-02-06,3,8,2,43.91,0
22761,2023-07-05,3,6,8,42.64,0
2983,2023-12-01,1,4,8,43.22,1
44451,2020-12-06,1,7,1,8.96,0
80432,2021-02-09,2,7,4,41.06,0
7403,2020-01-12,1,7,6,8.64,0
78822,2023-08-10,2,4,6,44.85,0
37516,2021-08-03,2,6,7,43.39,1
13260,2022-08-19,1,9,10,26.41,0
74803,2023-08-12,2,8,7,23.52,0
91019,2023-02-09,3,6,6,29.95,0
25541,2022-12-28,3,10,5,45.97,0
791,2021-01-12,1,3,1,45.75,0
19878,2019-07-05,3,8,9,49.79,0
49463,2023-06-21,3,8,12,49.18,0
61151,2023-09-12,2,9,2,9.37,0
89935,2023-09-05,1,4,11,27.92,0
42480,2019-05-12,2,4,1,38.21,0
38069,2020-07-17,3,10,6,47.48,1
78982,2022-08-06,1,7,8,8.22,0
69222,2020-11-25,3,3,11,38.49,0
83413,2022-05-28,3,2,6,18.36,0
85217,2019-05-28,1,4,13,10.87,0
1354,2023-10-26,1,9,2,27.37,0
41056,2023-03-26,1,2,6,30.9,0
34758,2020-05-18,3,3,4,39.74,0
87178,2020-06-08,1,8,7,16.69,0
96372,2022-06-10,3,10,7,4.02,0
77097,2019-01-25,1,9,9,11.83,0
52340,2023-06-21,1,2,2,35.47,0
17299,2019-10-11,3,10,6,30.55,1
54605,2020-07-04,1,10,11,41.43,0
75107,2020-05-08,2,5,12,21.95,1
41498,2020-07-18,3,4,5,32.03,1
31637,2020-02-16,2,3,7,26.48,0
8859,2019-05-09,3,5,6,38.92,0
38145,2020-12-08,2,9,4,23.25,0
77282,2020-03-10,1,8,4,11.05,0
86709,2019-02-27,2,8,5,41.38,0
9033,2019-03-04,1,9,12,19.22,0
79008,2022-06-28,2,8,11,24.97,0
34083,2021-07-22,1,7,8,44.02,0
59171,2022-02-24,2,3,9,6.35,0
39123,2023-10-21,2,9,7,22.01,0
11078,2021-08-25,3,4,7,16.15,0
56411,2022-07-19,2,6,10,26.49,0
42031,2023-05-31,3,2,4,27.0,0
1697,2020-03-21,2,1,1,43.24,0
24768,2020-05-31,1,5,10,11.48,0
1421,2021-11-12,2,3,7,9.62,0
57582,2022-05-07,3,5,9,5.29,1
79248,2023-11-22,2,10,12,7.71,0
94351,2020-04-13,1,7,3,4.55,0
30504,2022-08-01,3,10,8,32.06,0
9175,2019-05-10,1,5,5,49.98,0
1811,2023-05-26,1,7,8,29.5,0
66893,2020-06-16,2,4,4,29.4,0
56228,2022-09-06,3,9,4,39.74,0
33026,2023-08-14,1,1,6,8.89,0
45744,2021-06-22,1,5,12,2.93,0
34812,2020-11-26,3,4,5,35.31,1
7895,2023-03-09,3,10,9,48.48,0
42465,2023-07-31,1,1,10,12.88,0
36571,2022-04-24,1,9,3,15.76,0
68619,2021-11-02,1,8,5,46.77,0
53059,2023-04-06,1,5,6,3.87,0
77518,2020-10-08,3,3,11,39.94,0
7390,2021-06-26,1,10,5,32.05,0
25407,2019-03-28,3,10,6,30.49,1
53229,2019-12-10,3,1,6,34.14,0
4939,2021-04-15,2,7,6,6.94,0
96136,2021-06-05,3,4,6,44.55,1
18496,2020-08-01,1,10,2,49.31,0
95680,2019-06-23,2,1,6,22.63,1
97358,2019-01-31,1,4,3,22.87,0
41726,2022-01-15,2,7,1,3.35,0
24610,2020-08-04,3,3,5,7.05,0
72959,2019-10-09,2,5,13,40.04,1
25961,2020-10-06,1,5,1,40.41,0
10093,2021-06-25,1,9,12,34.5,0
71141,2023-06-22,1,6,6,38.32,0
81331,2023-06-06,2,7,1,44.84,1
55558,2020-10-11,1,8,2,17.49,0
9305,2020-08-27,1,2,8,14.12,0
1149,2019-06-19,1,6,3,34.15,0
41739,2021-12-19,1,10,10,3.99,0
31080,2023-04-23,1,2,12,26.62,0
52235,2022-07-22,1,2,1,9.21,0
90238,2023-11-23,2,4,9,41.28,0
27522,2021-07-17,2,5,6,10.02,1
5564,2023-04-15,3,1,5,10.82,0
74125,2019-11-01,3,6,13,17.62,0
27601,2019-08-03,3,8,3,12.69,0
77652,2020-12-26,2,1,7,45.09,0
78900,2022-11-24,3,5,9,40.64,0
66366,2020-04-16,3,9,6,31.9,0
19193,2022-11-24,1,5,10,47.68,0
44240,2023-10-31,2,6,6,46.11,0
33751,2023-10-11,1,7,4,34.16,0
87337,2021-07-15,2,8,5,2.76,1
93085,2019-09-27,2,4,11,26.76,0
27700,2019-10-29,3,5,4,47.2,0
44665,2019-07-20,1,7,1,32.52,0
99073,2022-02-23,1,5,5,10.16,1
93982,2023-12-31,1,5,10,20.74,0
13672,2021-10-30,3,7,7,38.35,0
91835,2021-10-29,2,6,9,26.22,0
32137,2021-08-28,1,10,1,18.16,0
4530,2022-04-30,1,2,13,15.41,0
52079,2023-03-26,2,1,9,20.15,1
84410,2020-12-01,2,6,8,3.06,0
63124,2022-12-21,1,8,3,3.26,1
88528,2019-01-06,2,8,9,30.58,0
28114,2019-03-24,3,9,13,6.68,0
24486,2020-08-11,1,5,5,32.97,0
15159,2020-02-06,2,3,4,27.7,0
60713,2022-03-19,1,1,2,12.09,0
92116,2021-02-27,3,3,6,30.08,0
88962,2023-11-06,2,3,1,24.25,0
30181,2023-01-27,1,10,5,14.33,0
63946,2022-06-18,3,9,2,8.23,0
42091,2023-01-06,3,7,2,32.06,0
4599,2022-07-14,2,1,8,28.68,0
56253,2021-11-23,3,7,2,38.15,0
25847,2021-02-19,3,6,6,45.61,0
30021,2019-02-23,1,2,11,37.48,0
10366,2019-04-03,2,10,3,27.1,0
51623,2022-10-25,1,3,7,32.72,0
99600,2020-10-03,3,7,11,4.4,0
28679,2019-09-04,3,9,9,28.89,0
16172,2022-10-28,2,8,9,12.98,0
71736,2022-08-07,3,1,1,14.65,0
13795,2023-07-11,1,4,3,44.16,0
94309,2019-11-19,3,5,3,18.59,0
29100,2022-02-02,1,4,13,29.45,0
98322,2022-07-25,1,4,12,37.19,0
16704,2022-01-10,3,10,3,40.74,0
947,2019-10-12,1,5,1,47.11,0
44131,2019-08-26,3,4,4,10.53,0
1439,2023-09-10,1,10,8,34.86,0
80982,2019-01-14,1,4,7,3.64,0
24960,2023-03-12,3,3,6,27.77,0
70257,2020-05-03,3,5,2,10.16,0
20747,2021-09-24,3,5,7,48.28,0
61901,2023-11-17,3,10,1,35.32,0
11478,2020-11-11,2,4,4,16.32,1
4086,2022-11-23,3,7,12,3.2,0
93704,2020-08-07,3,1,13,11.42,0
30754,2020-11-07,3,4,6,44.45,0
5416,2019-12-13,1,1,7,17.84,0
60990,2019-06-12,1,5,7,48.71,0
20110,2019-07-16,2,1,7,43.82,0
43640,2021-03-25,2,2,3,17.1,0
45839,2020-04-19,1,2,5,48.22,0
83850,2019-04-07,1,1,3,7.5,0
63330,2021-12-20,1,6,9,41.34,0
81503,2019-07-04,2,5,11,25.86,0
81493,2022-05-10,1,10,13,31.7,0
62396,2021-05-01,1,6,1,35.77,1
92210,2022-08-11,3,10,12,16.5,0
23756,2021-08-31,3,4,11,31.84,0
86238,2019-05-21,1,8,12,49.08,0
21911,2021-01-15,1,3,6,19.34,1
8357,2021-04-08,2,3,9,8.26,0
65786,2022-04-26,2,3,10,23.84,0
84497,2021-08-20,2,5,8,43.98,0
66265,2019-07-26,2,6,9,22.78,1
22284,2020-11-20,3,1,6,45.05,0
11348,2019-04-04,3,3,11,2.61,0
44277,2021-08-21,1,6,3,29.71,0
5918,2022-03-27,3,5,5,26.82,0
16093,2023-12-01,1,9,11,33.35,0
90228,2019-07-10,3,10,10,5.14,0
99888,2021-06-15,3,10,1,39.04,0
24084,2019-03-10,2,10,11,34.83,0
41540,2021-08-22,1,9,7,37.53,0
21129,2020-02-04,2,9,11,5.92,1
10169,2020-02-20,2,4,12,37.59,0
12408,2020-12-11,1,9,8,35.21,1
34207,2019-09-21,1,4,10,30.99,0
66071,2020-01-20,2,1,2,49.37,0
46804,2022-04-05,2,1,7,24.98,0
6522,2021-04-01,2,2,1,5.02,0
2227,2021-01-18,2,6,1,37.58,0
39870,2019-04-08,3,8,9,28.7,0
32584,2020-10-08,2,3,9,49.08,0
5909,2020-11-14,3,9,10,33.92,0
65169,2020-12-10,2,1,1,16.07,0
13836,2020-05-21,1,4,4,28.61,1
47420,2023-11-25,1,6,5,10.52,0
93428,2020-09-05,3,3,9,37.55,0
61415,2020-12-13,3,10,8,22.81,0
50999,2023-01-26,1,1,13,46.39,0
27977,2022-08-18,2,5,1,32.29,0
20190,2020-10-10,2,7,1,30.04,1
38211,2023-12-28,1,6,11,29.69,0
13379,2022-09-06,3,7,3,14.92,0
95570,2023-11-22,2,1,6,36.33,0
79853,2019-03-25,1,9,10,44.82,0
54104,2021-01-23,2,10,2,6.56,1
38943,2022-04-05,1,5,5,7.11,0
53897,2020-10-26,1,9,11,9.87,0
92835,2022-04-02,2,3,6,13.44,0
81130,2020-11-02,3,1,11,14.83,1
33737,2022-03-08,3,7,10,24.85,0
96841,2022-01-13,1,5,5,18.35,0
23403,2023-01-05,3,5,2,6.54,0
56655,2023-11-24,1,4,9,49.07,0
3970,2022-06-13,1,8,8,2.33,0
6707,2019-04-14,2,4,4,48.01,0
17479,2022-12-17,1,4,2,38.27,0
68896,2021-10-11,1,3,7,49.33,1
39411,2022-12-04,3,10,12,41.26,0
6175,2020-02-22,3,5,13,24.58,0
2155,2022-03-11,1,8,1,6.09,1
87642,2020-10-10,2,3,2,49.07,0
88346,2020-07-01,2,8,11,34.97,0
22593,2020-04-19,3,8,1,42.81,0
85687,2019-04-20,2,7,10,17.66,0
48146,2021-12-26,3,2,13,48.38,0
33561,2020-05-26,2,1,3,23.59,0
20325,2021-08-18,3,3,3,41.62,0
2890,2022-06-14,3,6,6,29.59,0
93604,2021-08-12,3,1,4,8.57,0
89859,2023-03-10,2,9,7,11.43,0
39309,2023-07-04,1,10,3,44.17,0
43498,2019-05-02,3,7,3,20.67,0
53432,2023-12-04,2,1,8,47.45,0
2411,2019-12-25,1,4,2,29.62,0
27464,2020-05-20,1,3,8,8.93,0
79192,2023-09-10,3,5,11,35.06,0
59835,2020-08-21,1,4,5,25.71,0
13089,2022-03-08,3,2,8,9.81,1
2563,2023-04-15,3,5,9,8.74,1
21967,2019-12-06,2,5,5,48.03,0
57798,2021-07-11,3,6,13,33.64,0
5113,2021-03-31,3,8,6,39.09,0
65220,2023-05-25,2,2,3,38.96,1
38911,2021-08-19,2,9,13,12.14,0
41779,2020-11-10,1,4,4,39.26,0
56449,2023-10-15,1,10,5,11.45,0
75647,2023-09-27,2,7,2,16.17,0
55310,2022-10-05,2,1,10,46.16,0
77513,2023-12-25,3,7,4,5.93,0
7719,2020-01-19,1,9,3,16.92,0
60721,2021-10-10,1,9,3,38.74,0
69827,2021-08-01,1,7,5,36.4,0
81181,2022-12-26,1,6,1,32.73,0
33733,2020-03-21,2,5,2,10.02,0
70033,2020-09-22,3,8,2,42.98,0
87693,2023-01-05,3,10,1,8.98,1
75639,2019-06-03,3,9,13,15.4,0
92248,2019-07-20,3,7,12,6.07,1
39349,2022-02-19,3,2,6,44.11,0
55514,2022-03-05,3,7,13,8.51,0
13929,2022-09-18,3,10,2,13.33,1
53517,2022-11-19,2,7,1,29.58,0
47866,2022-06-04,2,7,13,8.68,0
4493,2021-09-25,3,7,10,3.24,0
61103,2023-03-08,2,9,12,41.33,0
98013,2021-07-22,2,10,9,22.01,0
2748,2020-02-04,2,9,4,35.96,1
56022,2023-08-03,2,2,13,49.77,0
93237,2023-03-01,3,9,10,32.03,1
26686,2021-01-06,3,7,7,36.91,0
34882,2022-11-19,1,8,10,13.34,0
83241,2021-05-31,2,6,2,25.95,0
59241,2021-08-05,1,9,4,49.17,0
78007,2019-04-25,2,8,2,25.33,0
86367,2022-06-06,3,3,11,48.82,0
33157,2021-01-26,1,2,7,43.04,0
45956,2022-12-23,3,8,2,30.2,1
9838,2020-03-18,3,10,11,39.86,0
65576,2019-09-08,3,9,13,37.6,0
27206,2020-01-25,1,8,4,22.9,0
89702,2023-10-05,1,1,1,47.5,0
36247,2021-07-02,3,9,11,27.56,0
23820,2021-04-26,2,4,5,22.46,0
72663,2019-06-18,3,7,6,12.75,0
40526,2020-03-17,2,8,4,2.07,0
76645,2022-02-15,2,6,4,45.21,0
41083,2020-11-29,3,6,12,44.87,0
38642,2022-04-06,3,4,10,16.36,1
74432,2021-11-09,1,1,7,13.07,1
90701,2019-02-24,1,3,2,22.1,1
80549,2022-12-03,2,7,7,39.69,0
24127,2023-07-09,3,10,9,20.91,0
18498,2019-12-02,1,6,10,5.99,0
22361,2021-03-05,2,6,10,47.87,0
97174,2023-06-11,1,5,12,38.12,0
4998,2020-08-02,2,7,5,16.11,0
95265,2020-05-11,1,9,10,14.81,0
49846,2022-01-31,1,4,6,3.52,0
21001,2023-01-27,1,3,10,8.12,0
73861,2022-06-29,3,10,12,25.57,0
67546,2021-01-01,1,4,6,26.61,1
17963,2020-02-19,1,1,10,6.96,0
41266,2020-02-13,3,7,7,11.85,0
19445,2022-08-28,3,6,6,47.85,0
89962,2020-12-27,2,8,13,5.4,0
3919,2022-01-10,1,10,9,11.85,0
10384,2019-03-29,2,8,9,8.35,0
31868,2021-06-19,3,10,2,2.85,0
3280,2022-04-30,3,10,9,18.86,0
19830,2020-11-11,3,7,11,14.56,0
49464,2021-05-05,1,1,9,12.47,0
86965,2023-08-11,3,4,8,15.8,0
518,2023-07-20,3,4,12,6.82,0
54286,2023-03-07,2,1,12,22.31,0
78618,2023-08-21,3,5,3,17.86,0
72889,2020-05-22,1,3,9,23.5,0
74873,2021-11-25,3,1,9,42.88,0
7152,2021-10-15,2,7,5,23.26,0
49596,2021-11-18,1,2,13,35.67,0
66693,2022-11-06,1,1,13,19.58,0
36606,2023-11-07,3,7,5,11.62,0
3568,2023-01-07,2,6,12,24.01,0
60198,2023-11-27,2,3,9,12.98,0
69017,2019-06-05,3,6,13,39.51,0
68882,2023-01-24,2,5,12,31.31,0
44889,2019-08-02,3,7,5,35.89,1
23391,2023-11-25,2,2,5,24.85,0
63065,2019-12-18,3,2,3,47.5,0
86182,2023-10-10,1,1,9,39.36,0
99912,2021-07-30,3,1,5,10.3,0
62012,2020-01-02,2,1,5,49.51,0
21071,2019-06-29,3,3,6,15.16,0
4891,2023-10-31,1,7,11,32.03,0
90276,2020-01-30,2,5,1,26.68,0
35631,2020-03-11,3,8,13,17.46,0
17010,2022-08-31,1,4,1,34.15,0
64092,2022-01-20,3,8,8,25.06,0
5652,2023-02-16,2,6,9,34.68,0
92858,2022-07-10,1,10,13,30.86,1
59837,2021-12-06,3,4,4,18.22,0
53665,2019-11-26,3,8,6,35.93,0
54599,2022-02-04,2,3,3,49.06,1
87253,2022-02-17,3,3,1,37.12,0
16276,2022-01-26,2,8,10,47.97,0
72911,2021-03-05,2,2,8,32.92,0
94640,2019-02-17,3,9,13,26.91,1
92760,2020-05-17,3,10,3,48.8,0
52411,2019-05-02,3,2,2,15.97,0
76477,2021-09-16,2,6,1,3.75,0
3176,2023-07-27,1,4,2,24.25,0
8818,2020-11-10,1,8,2,30.75,0
11189,2019-09-28,3,10,10,15.66,0
36334,2020-09-17,3,7,3,19.72,0
62507,2020-09-21,3,4,3,8.21,0
21925,2019-07-05,3,3,1,7.01,0
23664,2023-05-14,3,7,6,20.63,0
75321,2020-07-30,3,9,5,7.71,0
17992,2023-10-27,3,1,4,49.93,0
77233,2020-09-17,2,4,8,6.32,0
41138,2021-02-05,2,3,10,16.99,0
38538,2023-10-14,1,1,6,3.2,0
34182,2020-01-20,3,9,1,11.14,0
51646,2021-10-08,2,1,1,17.81,1
58519,2022-05-09,2,6,4,3.58,0
98243,2022-04-01,3,6,1,42.97,0
37235,2022-11-21,1,7,7,18.47,1
17670,2019-04-29,2,4,13,47.41,0
66499,2023-04-17,2,1,1,47.27,0
25296,2021-02-24,3,9,11,18.06,0
4078,2023-01-20,1,3,8,34.86,0
99798,2019-05-29,3,4,2,31.16,0
58821,2023-06-16,1,3,9,11.96,0
78753,2020-07-03,1,7,10,5.68,0
33840,2019-08-06,3,9,9,4.26,0
88451,2021-12-07,2,2,4,28.21,0
26113,2021-04-13,3,3,4,35.55,0
56211,2022-10-29,1,3,9,3.46,0
25478,2023-07-02,1,9,4,24.48,0
34142,2019-07-07,3,7,3,6.36,0
69677,2020-02-28,3,4,3,4.67,0
62726,2020-11-03,2,4,8,38.4,0
86883,2019-06-19,1,6,1,36.13,0
74190,2019-11-30,1,8,4,37.6,0
38081,2022-04-04,3,9,13,22.45,0
76311,2019-07-04,1,5,2,12.85,0
94933,2019-10-30,2,5,7,43.52,1
78051,2019-09-04,1,4,11,4.29,0
28343,2023-05-25,2,3,9,32.33,1
77239,2019-05-21,2,5,2,36.92,0
31768,2020-06-29,3,9,13,14.39,0
81117,2020-10-11,2,7,3,9.77,0
56104,2020-06-07,3,2,5,13.46,0
24288,2022-12-24,1,8,13,23.86,0
23504,2020-11-06,3,3,12,28.67,0
68433,2022-06-12,3,9,4,29.42,0
54050,2021-12-13,3,9,2,39.85,0
20613,2021-06-06,2,2,6,35.74,0
51611,2020-08-13,2,3,4,35.87,0
86568,2021-04-16,1,2,6,14.88,0
97765,2020-02-19,3,1,4,46.57,0
14089,2019-09-01,1,3,4,33.12,0
29527,2019-06-12,2,3,8,29.04,0
23062,2023-10-06,3,5,1,35.08,0
61577,2019-01-07,3,4,10,23.14,1
18260,2022-10-06,2,2,1,32.53,0
49344,2019-05-20,3,1,5,21.05,0
8547,2022-06-21,1,7,11,26.17,0
84608,2019-12-20,1,7,3,46.53,0
63296,2019-03-14,1,7,10,41.34,0
96853,2022-04-20,1,7,3,4.75,0
97350,2022-10-08,3,1,1,40.8,0
37456,2020-02-24,1,6,11,32.03,0
40769,2022-02-09,3,10,6,35.46,0
55717,2023-07-30,3,5,1,35.23,0
30954,2022-10-03,3,8,1,36.7,0
34725,2019-08-09,1,5,6,8.61,0
71333,2021-09-18,1,2,1,49.33,1
91503,2021-08-25,3,2,11,11.96,0
49220,2023-09-08,3,4,1,22.13,0
57813,2022-04-29,3,4,4,10.92,0
94214,2022-08-09,3,10,2,25.15,0
10107,2020-12-11,3,10,12,8.67,0
76735,2022-08-08,2,10,13,8.92,0
9263,2022-06-03,2,7,8,33.45,0
86993,2022-10-11,2,2,11,41.42,1
21356,2022-04-05,2,10,6,30.66,0
40694,2021-08-18,2,2,6,4.02,1
72238,2021-01-28,1,3,9,35.76,0
68066,2020-06-04,3,4,6,31.51,0
567,2023-04-01,2,5,12,28.5,0
65358,2021-04-16,3,4,5,2.9,0
40013,2023-03-28,3,1,11,39.12,1
53430,2021-09-13,3,5,7,21.25,1
77479,2023-02-21,1,7,9,36.21,0
57494,2020-08-06,3,7,12,18.66,0
62090,2022-11-06,3,1,12,42.66,0
47182,2021-09-02,2,3,10,14.84,0
18864,2021-12-18,1,10,2,8.32,0
16851,2020-12-01,1,5,6,30.15,0
75638,2021-08-27,3,7,3,2.92,0
56766,2022-05-18,1,1,9,3.36,1
17612,2022-09-21,2,6,8,42.74,0
74676,2020-10-15,2,1,11,28.86,0
78248,2022-10-17,2,4,11,14.91,0
16521,2023-10-14,3,7,11,3.11,0
23922,2022-09-11,2,9,6,36.73,0
53042,2021-03-17,1,8,4,42.76,0
83560,2021-10-10,1,3,5,14.47,0
64102,2020-08-03,2,3,6,24.46,0
14997,2021-01-13,3,9,8,16.08,0
98374,2019-11-13,2,1,5,12.45,0
9250,2023-11-06,3,9,5,7.76,1
91445,2023-05-10,2,9,2,16.33,0
39408,2021-09-19,1,9,5,5.08,0
81715,2020-08-13,3,4,10,36.46,0
21880,2022-08-24,3,5,5,35.71,1
87648,2019-12-04,2,10,12,31.22,0
28338,2019-06-21,2,9,8,9.41,0
9638,2022-12-15,1,6,5,3.69,0
10729,2019-01-14,1,4,6,8.92,1
67130,2023-04-26,2,1,3,16.27,1
58538,2020-09-05,2,5,12,39.02,0
1146,2021-11-23,1,7,3,25.74,1
63961,2021-10-26,3,4,12,44.31,0
27618,2023-12-16,1,4,12,33.68,0
27900,2019-02-17,2,5,3,28.31,0
67422,2023-03-31,3,10,6,31.85,0
38345,2021-06-19,3,9,9,32.95,1
2514,2021-02-23,3,2,10,36.9,0
31502,2023-12-10,1,10,1,26.7,0
32030,2023-10-05,3,3,9,46.72,0
32444,2019-08-24,2,2,1,19.97,0
76315,2023-02-08,1,5,3,8.63,0
20439,2019-04-03,3,10,10,5.05,0
62424,2020-07-07,3,2,7,11.1,0
38967,2022-07-20,2,7,3,36.19,0
8214,2023-03-27,3,1,2,25.2,0
74539,2022-09-26,3,7,13,6.04,0
16745,2023-01-15,3,2,5,42.55,1
16433,2019-02-06,1,9,9,49.53,0
66370,2022-10-08,3,6,12,6.73,0
26934,2021-06-24,2,8,7,48.57,0
70864,2022-03-29,2,10,11,40.85,1
36239,2023-02-02,1,10,9,2.52,1
85291,2021-05-17,2,5,3,34.37,1
16446,2022-12-31,1,5,2,39.53,0
73983,2019-03-02,3,2,4,14.96,0
94097,2020-03-24,3,8,3,48.75,0
62198,2021-10-13,3,1,3,25.82,0
51215,2020-01-23,1,3,13,3.33,0
5139,2022-02-24,2,7,13,45.66,0
37285,2019-05-26,1,7,5,21.07,0
20654,2020-10-10,2,6,2,7.29,0
37985,2020-02-16,1,10,9,43.55,0
31774,2022-07-31,2,7,6,29.09,0
36682,2020-06-06,3,2,2,12.43,0
56917,2023-01-28,1,5,6,41.5,1
54348,2020-02-09,3,9,6,44.55,0
90519,2020-03-02,1,4,3,49.88,0
9431,2019-04-20,2,6,2,2.43,0
57053,2021-06-14,3,1,12,12.89,0
19983,2019-04-12,3,4,13,21.7,0
99421,2021-10-17,3,4,12,6.39,0
60511,2020-05-24,1,1,10,6.23,0
50065,2023-09-18,2,1,7,49.28,0
44515,2022-03-04,3,8,13,46.86,0
77823,2020-09-27,2,4,3,22.91,0
20022,2019-10-01,2,1,8,34.93,0
68943,2019-05-19,1,4,6,3.7,0
7525,2022-04-08,1,2,11,47.06,0
60038,2020-11-20,2,5,1,27.54,1
8031,2021-02-17,1,9,7,35.53,0
98345,2019-05-12,3,10,11,49.81,0
63413,2021-01-20,2,7,4,46.4,1
9716,2023-02-02,3,4,11,14.8,0
2371,2023-10-11,1,2,1,44.54,0
79455,2019-10-15,1,6,2,22.93,0
5409,2020-10-16,2,10,6,18.44,0
5938,2021-12-30,2,8,10,26.6,1
78038,2022-03-19,3,9,12,4.8,0
69252,2019-04-03,2,2,7,20.43,0
62446,2021-04-10,3,9,11,11.89,1
18338,2023-11-07,2,3,9,37.25,0
44910,2021-09-29,1,3,7,18.17,0
68121,2020-08-27,2,2,2,3.14,0
30868,2023-05-30,3,8,7,4.97,0
71090,2022-06-03,1,9,7,5.41,0
63048,2020-11-26,1,2,2,25.11,0
63112,2021-03-04,2,4,11,11.79,1
34420,2023-08-17,2,8,5,10.14,1
67028,2020-09-28,3,5,13,49.21,0
64266,2022-03-09,1,9,9,40.08,0
21032,2019-02-05,1,9,11,23.92,0
83950,2021-09-11,2,2,3,31.42,0
46710,2019-12-31,1,8,11,43.23,0
32044,2023-05-20,1,2,2,2.82,0
76468,2023-06-20,1,4,11,39.23,0
8475,2023-02-24,2,2,1,18.97,0
60879,2019-06-29,3,7,12,5.9,0
38940,2023-10-11,1,2,4,24.75,0
65371,2022-02-08,1,5,4,12.55,0
93280,2019-07-04,1,10,12,25.28,1
29325,2020-08-17,2,10,11,15.32,0
91778,2019-09-06,1,1,7,14.14,0
23850,2021-05-02,2,4,7,21.97,0
89242,2020-03-13,3,7,7,16.98,0
49486,2019-07-04,3,4,5,25.74,0
20753,2021-03-05,1,8,1,2.36,1
82686,2020-05-14,1,10,1,47.99,0
67070,2023-07-10,3,7,9,49.16,0
38263,2019-03-22,2,6,4,4.25,1
96349,2022-06-09,2,5,6,3.87,1
32170,2019-03-02,3,5,10,18.02,0
68048,2019-07-10,2,9,13,4.47,0
19095,2021-02-19,1,3,12,40.79,0
89391,2023-07-27,3,10,9,38.83,0
34208,2019-05-06,2,8,9,37.43,0
52555,2020-04-04,3,8,9,2.79,0
10233,2021-07-04,1,3,10,36.03,0
67992,2020-12-30,1,3,13,18.36,0
66833,2019-09-18,1,8,5,44.38,0
67378,2020-05-24,1,9,13,48.23,0
71224,2023-01-21,2,2,5,28.65,0
98654,2022-01-19,1,10,13,15.27,0
71023,2023-04-04,3,1,13,26.89,0
99257,2019-11-06,1,6,11,18.23,0
26137,2021-03-27,1,3,8,29.63,0
18798,2019-09-02,3,1,10,33.4,1
45657,2022-09-07,1,6,5,9.97,0
83516,2019-12-10,3,4,2,3.39,0
75418,2020-06-29,2,6,11,20.64,1
35448,2022-08-18,2,9,6,6.98,1
58315,2023-11-04,2,7,11,29.81,0
17283,2020-03-08,2,7,4,10.49,0
97880,2019-07-03,1,5,12,9.85,0
33207,2021-11-17,1,10,10,36.28,0
4315,2020-05-24,3,6,8,5.84,0
1874,2022-05-09,2,3,3,11.69,0
24869,2022-10-11,3,7,9,19.67,0
72692,2019-08-25,1,1,12,44.9,0
1159,2022-12-19,1,1,1,8.78,0
55526,2021-11-03,2,6,9,8.5,0
17882,2023-05-04,2,4,5,37.07,1
6427,2021-03-22,2,7,4,43.91,0
6651,2022-09-16,1,1,12,39.33,1
14212,2019-09-20,3,5,4,32.01,0
86969,2020-04-10,3,4,5,41.16,0
9084,2021-12-30,3,10,13,19.17,0
10090,2021-01-18,3,5,1,3.65,0
60147,2023-10-19,2,7,11,40.39,0
98781,2022-06-02,2,9,12,47.39,0
21315,2021-03-13,3,7,6,15.08,0
51296,2023-09-04,1,4,6,35.84,0
80506,2019-05-01,3,3,13,18.28,0
75741,2023-08-07,1,8,5,6.38,1
69794,2020-01-07,2,9,6,15.77,0
80050,2019-04-26,3,8,9,2.67,0
314,2022-06-01,3,9,2,8.74,0
87452,2023-05-20,1,10,6,26.77,0
36154,2023-11-16,1,8,8,27.11,1
47619,2021-05-11,3,4,13,41.72,1
22682,2021-01-25,3,8,6,41.46,0
59583,2023-06-03,3,3,6,23.03,0
87983,2020-02-22,3,5,3,46.26,1
49575,2020-07-12,1,1,8,44.74,0
51523,2023-09-21,1,7,1,8.76,0
54325,2019-06-29,1,5,5,43.02,0
64754,2020-02-25,3,9,12,48.56,0
89901,2022-09-03,2,8,1,49.59,0
6092,2020-09-01,2,4,8,12.49,0
94025,2019-06-18,2,9,12,8.0,0
50319,2020-09-14,3,7,11,17.86,1
96410,2020-04-03,1,8,12,30.31,0
23020,2023-11-29,3,6,5,44.16,0
82762,2020-09-08,2,10,4,10.98,0
48741,2023-02-21,1,5,5,23.94,0
3606,2019-07-30,2,8,1,36.56,0
66966,2023-12-25,3,1,8,6.98,0
66793,2020-05-21,2,5,1,18.14,0
74383,2021-09-28,2,1,10,38.29,0
35547,2022-02-14,2,6,6,17.6,0
95812,2019-11-09,1,9,1,11.53,0
65235,2023-10-26,1,9,6,19.35,0
44449,2019-10-20,3,5,10,2.35,0
2907,2022-01-04,2,4,9,10.49,0
45041,2022-03-26,2,4,11,14.44,0
75195,2022-04-16,3,4,8,41.79,0
63248,2023-09-10,1,2,4,28.52,0
46722,2023-09-13,1,8,8,20.11,0
31735,2021-01-20,3,3,4,45.93,0
13215,2020-06-22,1,5,6,21.78,0
54391,2019-06-28,2,5,13,29.73,0
62226,2023-05-11,1,2,12,19.56,0
14485,2022-12-26,1,8,5,11.79,1
68993,2022-05-17,1,5,2,31.99,1
92364,2022-04-19,3,10,11,39.77,0
71973,2019-02-17,1,2,5,35.29,0
82687,2023-11-02,1,1,10,4.03,0
14198,2021-04-21,3,9,9,12.02,0
87531,2020-12-28,2,2,4,7.31,0
38098,2019-01-08,1,8,10,15.87,1
61871,2019-10-12,3,1,12,46.3,0
5004,2021-02-07,1,1,5,49.23,0
92332,2021-08-23,1,9,5,10.8,0
7786,2020-05-13,2,4,12,19.87,0
35216,2022-02-13,1,3,2,30.83,0
33303,2021-08-10,2,7,5,44.43,0
66938,2020-07-06,2,1,10,28.77,0
26283,2022-07-19,1,4,3,35.14,0
55329,2023-01-17,3,6,7,29.6,0
20697,2019-09-23,3,6,8,19.98,0
33277,2020-03-12,2,2,9,24.42,0
63229,2022-04-19,3,7,3,23.97,0
2749,2022-11-27,2,8,10,21.12,0
51888,2020-01-29,3,10,6,47.98,1
46489,2021-08-06,3,3,12,28.42,0
57526,2023-11-20,1,6,12,12.4,0
50940,2019-02-24,1,3,13,10.51,0
51565,2021-10-20,3,2,3,27.49,0
57670,2019-05-25,1,6,2,42.09,0
74072,2023-10-25,1,9,10,23.97,0
303,2019-03-08,2,7,4,13.2,0
18737,2019-11-22,2,5,5,13.99,1
46671,2020-09-02,2,8,9,6.29,0
14347,2019-05-19,1,7,13,2.1,0
52271,2019-01-25,1,4,1,34.29,0
2317,2020-06-14,1,7,12,14.64,0
21407,2021-11-28,3,8,12,48.43,0
55158,2022-06-15,1,8,10,21.46,0
92229,2023-11-30,1,5,2,45.86,0
72710,2020-09-25,3,3,7,38.34,0
33464,2020-09-22,1,4,9,6.32,1
88520,2019-05-28,1,3,12,15.18,0
61670,2023-03-15,1,7,3,48.27,0
69413,2020-04-02,3,7,12,17.76,0
1886,2019-07-04,2,5,9,41.0,0
40782,2020-03-09,2,4,1,16.61,1
92383,2022-08-23,1,3,12,36.84,0
36280,2021-03-12,1,3,2,8.73,0
82495,2021-10-18,3,3,13,4.16,0
6370,2023-12-22,2,1,11,28.79,0
32344,2022-12-18,1,3,6,12.81,0
79592,2021-09-21,1,8,10,13.44,1
37552,2020-12-01,3,1,2,41.21,0
53959,2019-10-12,2,1,10,33.18,0
47131,2021-06-01,2,6,11,13.61,0
6831,2021-12-02,3,5,8,22.59,0
82803,2019-05-10,1,7,10,4.67,0
81581,2021-02-14,1,6,6,4.26,0
49559,2020-07-17,2,5,5,14.82,0
92832,2021-04-16,2,5,8,41.47,1
92501,2019-11-30,1,5,8,24.31,0
54764,2020-12-14,3,4,5,28.67,0
28409,2020-09-12,1,10,9,6.59,1
12638,2019-02-04,1,8,7,38.85,0
86903,2022-06-21,1,2,10,15.29,0
94187,2020-10-15,3,9,9,45.74,0
55594,2021-04-26,3,5,11,45.82,0
27656,2019-02-28,1,9,7,38.8,0
1334,2022-02-07,3,3,12,23.4,0
17722,2020-10-06,1,1,13,18.93,0
61680,2019-01-07,1,6,6,7.31,0
78775,2022-07-22,2,1,4,39.59,0
99635,2019-09-04,2,1,8,3.82,0
49129,2022-02-02,2,3,4,22.36,1
36240,2022-05-13,1,7,8,9.09,0
195,2021-04-18,3,6,9,17.45,1
12666,2020-09-24,3,4,11,25.05,0
79204,2023-04-03,1,10,3,11.87,1
90602,2020-12-03,2,5,3,43.23,0
90411,2023-08-17,3,4,5,25.8,0
60762,2023-12-15,1,5,10,38.46,0
90041,2019-10-13,1,7,5,38.22,0
91228,2023-07-06,2,9,4,19.91,1
97726,2020-08-06,2,7,13,41.61,0
25059,2020-05-09,3,10,2,12.61,0
13469,2021-09-02,2,8,13,28.0,1
24556,2023-01-14,3,6,1,34.25,0
99029,2023-04-01,3,2,13,7.26,0
81329,2023-01-11,2,3,13,2.85,0
77103,2021-01-19,3,5,7,45.58,0
66355,2023-01-25,3,4,1,31.27,1
63558,2023-01-13,2,9,6,30.64,0
76152,2023-07-27,1,1,1,12.7,0
79730,2020-11-13,3,4,7,47.04,0
15723,2020-05-08,1,5,12,29.51,0
52476,2021-01-17,3,7,8,31.21,0
91442,2022-05-06,2,1,6,15.16,0
74802,2022-11-23,2,2,5,25.33,0
15854,2023-12-28,3,3,4,47.51,0
53869,2021-06-23,2,7,8,20.77,0
38267,2020-05-10,1,7,5,41.45,0
78176,2019-01-07,3,5,3,7.2,0
8283,2023-12-05,3,9,9,37.92,0
70351,2021-10-06,1,9,13,38.82,0
83687,2020-12-01,1,9,12,19.71,0
81407,2020-10-13,3,2,12,30.38,0
30708,2021-10-27,2,4,12,8.54,0
19799,2019-08-14,1,4,9,19.66,0
2392,2023-01-17,2,6,4,44.73,0
91799,2023-10-26,1,1,3,2.58,1
29185,2022-09-26,2,5,11,44.59,0
28007,2020-07-29,3,3,12,13.87,0
47124,2019-06-12,2,2,13,38.31,0
42453,2020-09-02,2,3,13,19.36,0
17134,2022-02-19,2,4,4,3.69,0
57261,2020-08-29,1,7,13,37.18,0
35391,2023-03-09,1,2,1,47.06,1
13439,2019-06-23,3,7,6,10.24,0
24877,2022-09-17,2,9,11,23.82,0
66531,2019-01-19,3,6,8,28.16,0
13472,2020-10-13,3,7,5,23.24,0
34251,2021-04-18,3,5,7,18.88,0
57328,2020-06-04,2,5,9,20.8,0
76949,2020-08-08,3,6,6,25.05,0
50188,2022-11-13,3,3,12,32.29,0
41095,2022-10-15,2,8,2,17.25,1
50185,2023-01-23,3,7,10,21.74,1
35968,2023-11-08,1,9,12,17.56,0
72784,2023-12-09,1,3,6,17.12,0
93676,2022-11-06,1,9,13,12.15,0
79815,2021-05-19,1,3,11,41.34,1
11406,2019-04-15,3,2,1,34.12,0
26880,2023-11-22,2,3,7,31.51,0
63986,2022-11-13,1,7,9,2.0,1
82614,2020-11-02,3,2,6,36.61,0
92656,2021-07-23,2,4,2,25.21,0
69398,2021-07-17,3,9,3,39.33,0
35505,2021-07-09,3,5,8,14.96,0
44362,2022-03-21,1,2,1,36.06,1
8953,2023-12-02,1,1,9,28.51,0
20373,2020-11-05,3,9,4,39.67,0
80261,2020-03-30,2,9,8,39.62,0
70408,2020-10-07,2,6,7,3.55,0
90437,2020-03-14,3,3,4,10.52,0
29258,2019-01-11,3,7,9,43.56,0
89260,2023-11-03,2,3,11,11.2,1
68036,2023-06-12,1,10,13,43.69,0
94632,2021-05-03,3,1,9,30.45,0
42332,2021-11-01,3,1,6,3.5,0
50297,2020-01-16,2,8,9,39.07,1
40390,2019-03-18,1,2,2,15.09,0
21787,2021-05-12,1,10,12,4.76,0
74609,2020-12-17,3,7,13,35.52,1
62971,2023-09-21,2,1,3,41.49,0
18156,2021-10-01,1,9,3,34.77,1
1706,2022-06-20,3,4,2,45.51,0
13935,2022-02-22,3,3,13,32.8,1
95337,2019-06-18,2,3,1,42.75,0
16539,2020-02-27,2,9,2,25.16,0
51345,2023-01-05,2,8,1,35.59,0
78610,2023-05-24,3,5,3,47.61,0
76194,2022-05-16,3,8,11,41.81,0
5472,2020-09-26,1,1,6,45.02,0
25094,2019-03-08,1,2,4,35.83,0
65098,2023-01-11,3,7,5,2.95,0
62989,2022-05-20,3,1,6,33.59,0
47310,2020-12-15,1,2,3,48.27,0
98561,2021-06-22,3,2,6,36.07,0
81979,2020-09-17,2,8,13,26.97,0
92405,2023-02-26,1,3,10,43.3,1
14869,2020-10-09,3,9,6,22.8,0
83256,2019-05-18,2,9,6,38.73,0
18388,2020-01-19,2,3,13,20.56,0
44980,2023-03-12,3,1,9,3.89,0
8655,2023-09-26,3,3,3,20.65,1
40634,2021-08-21,2,2,5,30.19,0
57841,2019-09-11,1,9,8,43.51,1
61602,2023-05-25,3,3,12,48.07,0
50882,2022-06-20,3,9,8,11.2,1
11642,2020-11-22,1,4,7,37.16,0
31970,2021-09-13,2,4,5,46.29,1
42230,2020-10-21,1,5,7,38.1,1
5560,2023-11-12,2,8,8,40.34,0
55478,2019-11-08,2,9,12,22.44,0
62344,2023-06-25,3,6,2,14.31,0
71268,2023-12-29,2,9,3,49.78,1
54308,2020-11-29,1,1,6,17.74,0
23238,2021-06-27,2,9,10,47.44,0
60433,2019-03-18,1,3,12,21.36,0
45098,2021-10-17,1,8,7,33.44,0
25871,2023-07-25,1,5,3,6.54,0
59584,2023-10-02,1,10,2,33.33,1
86855,2023-10-16,3,1,13,17.55,0
6056,2021-01-10,1,6,12,24.18,0
60606,2023-08-13,1,1,4,26.59,0
57626,2023-09-25,1,10,5,24.72,0
61953,2022-08-01,3,5,9,45.72,0
14656,2020-04-30,2,5,13,34.48,0
61143,2022-05-11,1,9,2,12.43,0
87189,2020-01-29,2,3,11,22.44,0
164,2019-01-19,1,7,8,11.83,0
95810,2022-11-04,2,4,8,34.28,0
18380,2023-07-20,1,2,7,23.6,0
83567,2021-05-26,2,3,5,25.62,1
32750,2020-10-01,1,3,3,19.2,0
84466,2022-03-01,2,7,7,26.96,0
94546,2023-01-03,2,10,4,23.16,0
98801,2019-05-04,1,3,2,48.82,0
62941,2020-10-02,2,8,13,19.74,1
93188,2020-05-05,2,7,11,28.38,0
40960,2023-06-29,2,10,5,49.72,0
66636,2020-11-28,1,2,11,47.61,0
50287,2019-01-05,1,6,10,27.53,0
59951,2021-12-11,1,7,5,43.67,0
93004,2020-05-06,3,1,1,48.65,0
50498,2022-10-04,1,7,5,27.34,0
23587,2021-07-19,1,10,6,43.31,1
20045,2020-11-06,2,7,11,16.92,0
53849,2023-08-19,3,5,3,41.77,0
95693,2023-02-20,3,9,11,16.89,0
967,2021-10-25,1,2,2,27.21,0
7655,2023-02-06,2,8,8,12.8,0
55250,2023-03-31,1,7,7,25.4,0
43568,2019-03-23,2,4,7,14.8,0
61542,2023-01-24,2,1,5,45.89,0
77882,2022-10-09,2,8,7,42.67,0
25207,2022-02-25,2,2,6,37.58,0
89074,2020-10-07,3,6,2,15.6,0
79982,2021-05-16,3,9,1,31.74,0
47627,2022-04-04,1,2,8,46.91,0
7233,2023-12-02,1,8,2,44.47,0
31996,2019-02-17,2,4,12,22.28,0
58583,2023-11-09,3,6,10,15.05,1
75265,2022-01-28,3,7,1,34.76,1
41786,2020-04-03,2,1,10,37.74,0
86628,2019-09-09,2,7,11,44.96,0
9794,2020-04-12,2,9,8,16.43,0
91657,2020-11-24,3,7,5,15.9,0
11364,2023-02-27,2,2,9,36.97,0
22672,2019-12-03,3,7,8,26.68,0
81994,2022-11-03,2,2,5,35.63,0
40111,2022-04-05,2,6,8,44.6,0
26885,2020-03-11,2,10,11,27.04,0
60119,2019-11-19,2,9,4,44.4,0
68623,2023-01-28,1,2,12,38.28,0
45754,2021-10-06,1,9,1,9.08,0
11532,2019-10-23,3,7,13,12.06,0
88115,2023-04-23,2,7,2,32.4,0
59056,2020-06-13,1,1,5,46.46,0
18819,2020-06-24,1,3,4,15.36,0
51086,2022-03-15,2,9,13,20.83,0
58488,2023-09-06,2,10,8,35.15,0
59614,2021-12-16,1,7,2,29.09,0
306,2021-04-07,1,3,4,37.91,0
99049,2022-12-01,2,9,11,48.87,0
59276,2021-01-14,1,4,9,3.54,0
52084,2019-09-24,1,2,5,5.24,0
25634,2020-04-28,3,1,7,38.39,1
50582,2023-12-16,2,3,11,2.69,0
8411,2023-02-24,1,2,5,22.0,0
61411,2022-02-03,1,10,5,27.53,0
18577,2023-06-03,1,6,11,23.73,1
59744,2019-08-13,2,5,4,36.76,0
46343,2023-07-19,1,2,12,28.31,0
58213,2020-07-19,2,4,7,33.64,0
19001,2022-04-08,2,1,7,22.51,0
31609,2020-12-28,3,8,2,42.91,0
77050,2022-04-18,2,1,9,37.49,0
88892,2021-01-31,2,1,1,33.43,0
96530,2020-09-06,3,7,6,6.62,0
23986,2019-02-26,1,6,7,46.66,0
67674,2019-09-01,2,2,6,21.74,0
6792,2020-03-25,1,5,3,5.64,0
39753,2021-08-01,3,3,6,36.56,0
89138,2021-10-09,1,5,12,12.88,0
91230,2022-01-25,2,2,6,23.78,0
33920,2022-07-30,2,7,5,44.94,0
6437,2020-06-25,2,8,12,9.99,0
22789,2022-12-07,3,8,2,47.87,0
23893,2022-08-19,1,10,10,43.06,0
57375,2022-10-14,3,4,7,15.22,0
61582,2020-10-08,2,8,1,39.36,1
87915,2020-06-26,2,8,5,35.88,0
31230,2021-03-04,3,2,10,7.93,0
92661,2022-01-27,2,10,6,28.82,0
24706,2021-07-03,1,2,4,7.44,0
38836,2019-06-12,2,9,9,11.23,1
58416,2020-07-30,3,3,6,47.85,1
75252,2022-10-06,1,6,2,31.82,0
67763,2021-09-25,3,3,11,38.08,0
5477,2021-06-16,2,4,7,31.37,0
20903,2019-01-03,3,6,7,45.78,0
82482,2020-02-01,1,8,6,28.82,1
32888,2021-08-15,1,4,13,28.34,0
73460,2023-04-27,1,8,11,17.47,0
10466,2019-03-24,1,9,3,4.75,0
55338,2021-09-10,2,3,10,37.86,0
33881,2023-05-22,3,10,3,44.55,0
45997,2019-08-06,2,6,6,32.25,0
79155,2022-09-12,3,10,11,39.1,0
68875,2022-02-12,2,8,8,13.01,0
61111,2023-01-23,1,10,11,34.85,0
31086,2020-12-04,3,3,2,34.42,0
92265,2019-10-22,3,8,3,26.77,0
28898,2023-10-17,3,7,8,7.4,1
76582,2019-04-27,3,9,10,25.15,0
80758,2021-06-03,2,3,3,10.08,0
12116,2020-05-17,3,1,9,10.88,0
89251,2021-05-25,2,8,13,13.9,0
13721,2021-11-05,1,8,6,41.78,0
62006,2021-04-27,2,6,10,29.11,0
31311,2021-08-19,2,9,1,17.36,0
66124,2021-02-01,2,8,8,17.36,0
23305,2022-05-12,3,4,4,46.73,0
60058,2022-03-18,3,9,10,34.23,0
17151,2021-12-02,1,8,11,11.24,0
82920,2023-11-17,3,1,13,28.35,0
31701,2019-06-24,3,3,10,20.98,0
93620,2022-08-11,1,1,1,17.44,0
93117,2023-02-12,1,6,9,31.35,0
32407,2023-02-03,1,1,11,7.51,0
84912,2022-12-14,2,9,9,43.64,0
89078,2023-11-06,1,5,10,38.95,0
28106,2022-04-24,3,6,9,36.36,1
65183,2019-01-12,1,6,6,31.21,1
472,2019-03-07,2,6,11,30.51,1
7123,2022-03-19,1,9,4,4.54,0
37060,2023-03-01,1,8,9,19.89,0
3953,2023-02-15,3,2,3,3.5,0
45188,2020-12-21,1,10,13,16.03,0
96673,2019-03-25,2,5,7,5.49,1
67334,2023-09-26,3,3,7,34.59,0
62378,2021-12-06,1,8,12,45.18,0
8535,2021-07-21,1,8,7,38.87,0
90460,2019-03-17,1,10,11,41.1,0
79729,2019-09-25,3,2,10,21.23,0
67551,2019-10-03,3,8,12,49.34,1
54076,2020-04-30,3,4,9,12.02,0
16259,2022-11-08,1,7,9,34.45,0
69955,2023-02-10,2,8,1,16.83,0
62577,2022-04-16,2,5,12,41.55,0
9590,2022-06-06,2,5,13,29.1,0
49845,2019-06-02,3,3,1,25.55,0
52303,2021-01-30,3,2,10,7.17,0
96044,2021-02-10,2,3,5,14.03,0
71030,2023-03-26,3,8,5,13.01,0
16554,2022-03-29,1,5,2,27.53,0
12761,2022-07-23,2,1,1,33.55,0
21963,2022-05-08,1,5,12,16.59,0
51068,2019-04-01,3,9,10,16.63,1
44044,2022-02-18,1,6,1,27.11,0
3776,2021-07-10,3,1,8,15.48,0
31390,2019-03-24,3,10,12,20.28,0
61568,2022-07-06,1,8,6,48.31,0
2828,2020-03-31,3,9,4,30.32,0
52072,2022-01-28,1,1,6,37.99,0
19293,2019-10-28,1,6,11,31.41,0
51967,2023-04-18,3,2,1,23.63,1
74754,2021-02-08,2,6,3,38.55,0
9208,2020-05-25,3,7,6,28.12,1
3481,2022-12-21,2,6,2,34.87,0
11813,2021-08-08,2,4,2,38.75,0
63346,2020-06-06,3,8,7,6.19,0
77048,2022-07-23,1,7,9,31.06,1
1771,2023-06-22,1,8,3,4.23,0
68513,2020-07-10,2,8,10,7.66,0
60309,2023-07-19,1,1,11,7.61,0
25232,2022-08-09,2,9,6,27.89,1
15155,2019-07-04,3,7,8,2.82,0
98591,2019-01-04,3,2,6,23.57,1
44716,2022-12-22,1,4,12,30.02,0
24742,2020-07-28,1,2,12,5.2,1
8419,2023-03-26,1,10,2,17.95,0
94740,2022-06-24,3,2,9,22.82,0
95311,2019-01-10,3,8,8,26.85,0
64265,2021-09-17,1,1,11,16.69,0
13380,2019-01-13,3,4,7,35.48,0
59585,2020-06-12,3,7,4,41.82,0
11644,2019-12-22,1,1,1,45.49,0
27579,2022-05-23,1,7,4,19.16,0
87746,2023-01-15,2,3,6,37.87,0
40486,2021-09-20,3,8,3,7.84,0
7647,2020-05-13,1,3,13,5.29,0
52515,2023-03-23,1,3,5,10.44,1
63840,2021-09-01,1,5,12,44.92,0
66205,2019-06-01,3,1,7,2.53,0
60534,2022-05-28,1,4,5,10.83,0
19207,2020-04-24,1,3,7,14.46,0
98449,2023-02-26,3,7,13,10.45,0
70045,2021-01-11,1,10,13,5.35,0
31128,2019-04-11,2,4,12,39.97,0
41167,2021-02-16,1,10,10,29.67,0
55254,2020-10-12,3,10,11,3.19,0
87029,2020-06-19,3,1,1,6.06,0
8917,2019-02-04,3,3,13,13.9,1
30645,2021-07-25,1,4,10,14.53,0
42466,2019-11-07,2,4,3,38.29,0
12694,2022-03-11,3,6,13,49.56,1
47285,2019-07-13,2,4,13,8.78,0
86796,2020-02-02,2,6,12,41.23,0
50843,2020-03-28,1,3,12,27.54,0
78892,2022-01-03,3,7,11,26.62,0
5406,2020-10-14,3,6,13,5.34,0
97572,2022-06-19,2,2,11,3.3,0
94335,2022-11-09,3,7,11,4.26,0
30066,2023-01-08,1,10,9,32.24,0
43018,2022-03-13,2,7,10,28.1,0
92976,2023-08-22,2,10,8,43.28,0
79487,2023-07-24,3,6,3,33.97,0
48928,2021-05-22,1,10,13,4.21,0
63051,2020-11-18,3,10,11,25.27,0
47660,2019-04-21,1,2,12,18.37,0
80827,2022-04-27,1,4,10,42.88,0
37595,2021-06-08,1,6,4,21.81,0
8010,2023-10-15,3,6,4,28.11,0
79048,2020-08-03,1,5,2,49.42,0
12874,2020-09-16,2,5,9,20.12,0
53179,2023-07-28,3,7,4,37.32,1
93149,2023-03-19,3,10,10,7.87,0
62710,2020-07-31,1,3,4,5.02,0
99252,2021-04-18,1,8,3,46.15,0
96132,2020-10-10,3,5,6,26.78,0
75572,2021-04-13,1,9,2,35.12,0
43675,2019-06-19,3,1,4,9.31,0
71453,2023-02-14,1,10,11,3.97,0
42679,2023-11-23,1,10,12,38.26,0
87872,2023-03-13,3,1,3,30.88,0
69021,2023-12-23,1,2,13,26.24,0
90438,2019-10-06,1,7,2,22.16,0
29927,2023-03-16,3,2,1,38.34,0
2661,2022-08-07,3,10,8,29.24,0
92384,2020-04-06,2,1,12,35.52,0
67456,2019-12-04,2,10,10,48.55,0
38235,2021-06-06,1,3,2,39.67,0
65466,2021-08-22,3,7,10,17.91,0
73921,2023-01-12,2,4,3,6.13,0
20010,2023-06-01,3,8,1,20.63,0
97980,2022-12-01,2,5,2,22.36,0
70248,2019-06-01,3,5,13,4.86,1
80372,2023-03-15,1,5,4,30.86,0
89866,2021-12-07,3,3,7,42.99,0
86306,2023-08-31,1,8,7,16.42,1
65963,2021-11-05,2,8,1,29.55,0
68945,2019-05-07,1,10,4,21.11,0
3876,2020-10-18,2,8,13,34.88,0
56031,2020-03-14,3,10,7,13.72,0
22291,2019-10-24,3,1,13,13.13,0
27379,2022-10-25,2,4,10,38.6,0
45259,2019-10-01,1,6,5,25.16,0
91970,2022-05-27,1,6,13,4.89,0
89283,2019-03-29,3,1,1,21.58,0
53296,2021-01-14,3,8,2,36.67,0
70472,2021-06-12,2,1,12,22.07,0
91310,2021-09-06,2,8,4,22.04,0
73181,2020-05-31,1,7,4,26.07,0
66550,2021-02-25,2,2,13,25.63,0
36160,2019-05-17,1,4,8,20.46,1
42048,2019-02-28,3,7,3,16.03,0
52458,2021-10-03,2,8,13,35.83,1
43696,2023-01-26,1,5,5,34.36,0
54340,2020-06-27,3,7,9,9.57,0
66171,2019-01-06,2,6,2,37.64,0
23043,2023-05-31,2,9,1,18.29,0
43834,2019-07-05,2,7,7,24.27,0
66140,2019-11-10,3,6,11,26.77,1
41101,2022-07-16,2,4,7,34.51,0
39508,2021-04-07,3,3,8,5.06,1
86168,2022-09-03,3,5,10,49.46,0
59940,2020-12-05,3,6,2,25.88,0
88830,2023-10-29,2,2,1,19.37,0
75125,2023-01-30,1,2,13,19.85,1
59732,2022-12-07,1,5,10,31.96,0
74402,2023-04-04,3,1,4,6.02,0
6624,2020-05-10,3,6,4,6.24,0
85456,2020-12-29,2,7,9,44.17,0
40110,2019-08-10,3,7,13,24.06,0
61458,2022-06-21,3,7,6,28.31,1
54379,2019-06-09,2,9,12,39.57,0
55786,2021-12-08,2,3,11,30.17,0
98990,2019-03-04,1,7,11,34.63,0
22156,2020-10-20,3,6,5,21.39,0
30441,2019-02-24,1,4,1,4.53,0
72926,2022-01-28,3,4,6,5.55,1
93479,2019-02-04,3,8,2,27.86,0
18470,2021-03-30,3,7,6,40.62,0
19978,2022-10-20,3,3,7,47.41,0
24433,2020-09-20,1,3,3,19.01,0
99631,2023-06-25,2,5,12,37.31,0
78726,2023-06-24,3,1,2,33.31,0
57437,2021-09-28,2,8,8,17.57,0
8619,2019-11-27,2,7,1,45.6,0
53473,2020-10-28,2,1,9,47.3,0
24545,2023-07-21,2,1,7,38.6,0
49569,2021-04-18,2,4,12,16.18,1
96704,2019-11-27,1,7,5,19.82,1
97585,2020-05-23,3,1,12,21.66,0
85579,2023-11-19,2,4,3,17.39,0
40551,2022-10-29,3,9,6,13.83,0
312,2022-06-05,1,9,12,36.61,0
48185,2021-09-22,1,4,2,13.02,0
62836,2022-01-01,3,6,10,7.53,0
41905,2021-02-28,2,5,12,43.94,0
3468,2020-04-12,1,5,4,49.88,0
55663,2021-09-23,3,6,1,37.88,0
17886,2022-10-01,2,3,10,27.14,1
38183,2023-04-04,1,6,11,24.88,0
64608,2022-06-14,2,6,1,22.71,0
67294,2019-07-11,1,2,4,16.62,0
82054,2021-03-22,2,2,11,26.95,0
40681,2020-06-04,1,5,9,8.39,0
192,2020-12-28,1,8,3,9.86,0
30104,2022-06-03,3,8,5,9.58,0
91024,2023-08-16,3,7,6,11.06,0
89860,2021-02-12,3,7,12,15.25,1
16872,2020-02-21,1,5,11,25.28,0
96973,2019-10-15,2,10,13,35.72,0
31416,2022-08-09,3,2,5,13.39,0
15474,2022-07-01,2,4,12,21.68,0
72769,2021-09-04,2,7,10,20.2,0
59813,2019-02-25,2,2,10,34.16,0
31754,2021-05-14,2,5,10,8.46,0
25445,2023-06-12,1,9,8,12.13,0
94948,2023-04-16,2,3,13,19.2,0
40692,2022-06-11,2,6,12,40.42,0
60887,2020-05-04,3,4,10,40.82,0
30601,2019-04-12,3,7,13,7.45,0
51648,2020-07-14,2,7,11,4.04,0
6302,2019-02-11,1,7,5,44.7,0
25670,2020-08-21,1,1,7,20.81,0
14641,2020-06-10,3,4,12,12.43,0
66284,2022-06-12,2,5,9,8.13,0
89450,2020-12-12,3,10,8,29.18,1
81895,2022-04-16,2,2,11,36.52,0
46129,2020-07-28,1,1,7,19.42,0
13109,2022-08-01,1,2,1,17.03,0
32448,2022-03-08,2,7,7,46.71,0
3735,2021-06-19,3,5,2,37.38,1
43242,2022-10-10,1,3,7,29.96,0
19950,2021-11-20,2,2,2,17.58,0
35839,2021-02-12,3,5,10,28.97,0
99984,2023-03-12,3,2,8,4.51,0
13779,2020-03-19,3,9,12,34.81,0
47749,2022-04-04,2,4,6,26.01,0
6413,2023-02-05,1,1,3,13.63,0
12135,2019-11-11,3,7,10,26.01,0
82076,2019-03-17,3,4,3,7.7,0
87936,2021-09-16,2,3,1,46.52,0
42402,2021-08-20,1,2,2,17.79,0
21800,2019-03-16,2,4,7,36.4,0
46458,2021-10-04,3,7,1,46.88,0
91020,2021-12-30,3,4,3,48.4,0
16472,2021-06-08,2,6,7,47.54,1
79163,2021-11-09,1,7,6,32.8,0
88518,2021-06-19,1,5,2,37.99,0
82733,2019-03-12,3,7,8,44.63,1
69331,2021-01-28,2,4,2,31.82,0
60908,2023-11-30,3,4,4,15.2,0
67459,2022-01-19,3,3,6,11.04,0
47865,2021-10-27,1,4,2,9.46,0
66574,2021-02-17,1,9,3,14.37,0
74548,2019-05-16,1,1,11,41.42,0
58364,2023-11-16,2,5,5,24.94,0
26441,2021-03-05,3,10,3,18.97,0
71497,2021-09-19,1,5,2,22.57,0
20576,2019-05-02,3,9,1,16.01,0
8109,2020-03-22,1,1,11,19.95,0
86712,2022-06-25,1,5,6,11.12,0
21889,2023-01-08,2,6,4,44.13,0
35389,2019-10-09,1,7,9,49.62,0
33226,2022-03-25,2,5,5,11.65,0
23696,2019-09-30,3,5,13,27.45,0
30857,2021-06-07,3,7,4,11.39,1
28379,2021-04-20,3,4,4,30.4,1
69183,2023-01-04,1,3,5,47.83,0
94584,2019-02-11,3,2,6,22.17,0
96099,2019-02-15,2,3,1,17.88,0
83375,2020-05-24,2,3,6,6.15,1
26056,2020-12-09,3,6,7,45.29,0
85307,2021-09-07,1,8,10,24.71,0
80805,2020-09-24,2,8,12,21.38,0
41825,2023-10-15,1,7,3,23.55,0
49202,2020-07-07,2,7,13,17.54,0
28891,2019-10-11,3,2,11,4.23,0
59076,2021-03-04,1,10,13,46.06,0
55058,2020-02-01,2,9,13,12.73,0
21695,2022-10-16,3,4,1,19.22,1
92434,2023-02-09,1,2,3,34.74,0
32900,2020-08-12,2,8,6,45.85,0
90638,2021-11-03,2,1,11,21.12,1
51193,2020-03-24,2,6,12,32.31,0
98439,2023-01-05,1,5,11,37.45,1
452,2021-04-21,1,4,2,16.72,0
21664,2020-01-22,2,3,13,11.29,0
65285,2020-02-27,3,5,9,19.35,0
73611,2022-04-05,1,6,8,48.57,1
37649,2021-10-24,3,7,1,40.73,0
74429,2019-08-10,1,8,2,20.41,0
28491,2023-04-06,2,6,3,2.49,1
67868,2022-10-03,3,6,10,37.45,1
70490,2019-12-06,1,5,10,30.45,0
96933,2019-06-05,1,3,1,48.92,0
33827,2021-02-10,2,1,1,12.79,0
70409,2023-03-28,2,1,9,20.58,0
3301,2021-02-02,1,1,1,2.13,0
22008,2019-09-30,2,1,9,21.04,0
56430,2023-06-03,1,7,4,31.96,0
501,2022-12-30,2,2,12,28.83,0
84346,2020-03-23,2,4,13,37.74,0
89667,2019-06-08,3,3,1,16.97,0
91339,2021-02-14,3,6,1,47.61,1
63035,2020-03-02,3,4,11,45.14,1
59718,2021-09-30,1,10,6,10.52,0
19504,2022-03-24,1,6,3,14.83,0
51978,2023-03-31,2,2,11,34.92,0
60870,2021-02-03,1,4,9,7.45,0
71984,2019-06-13,2,3,9,49.08,1
98004,2023-08-24,2,8,12,26.57,1
17626,2021-03-03,3,9,9,11.73,0
70074,2020-04-15,2,7,6,19.0,0
56921,2022-01-19,2,4,10,15.83,1
33074,2022-01-28,2,10,7,16.84,0
53303,2023-05-20,3,10,3,33.3,0
26192,2021-01-20,1,10,1,24.04,0
53435,2022-11-12,3,9,11,30.36,0
40400,2023-11-22,1,2,9,12.24,0
69440,2023-04-18,2,8,2,7.79,0
56308,2020-07-25,2,7,4,38.13,0
46127,2022-06-18,3,1,9,33.18,1
87331,2023-04-14,1,5,8,49.03,1
51381,2022-02-03,2,9,1,49.84,0
18318,2021-01-20,3,6,4,32.34,0
31009,2023-10-15,1,10,2,10.52,0
96061,2020-09-25,3,3,6,5.1,0
70182,2023-05-13,1,1,3,13.96,0
48714,2020-07-16,1,5,2,9.46,0
796,2023-10-23,2,10,2,47.83,0
80855,2021-09-05,2,7,9,16.56,0
54586,2019-12-06,2,7,1,3.27,0
98351,2019-12-13,3,8,7,45.61,0
39823,2019-12-09,1,10,11,8.86,0
58167,2023-04-12,3,6,13,22.9,0
24855,2019-05-12,3,7,10,42.1,0
31190,2022-07-24,2,4,5,36.76,1
74435,2020-06-14,1,8,8,28.44,0
7034,2023-05-28,2,9,3,32.98,1
48311,2020-10-08,2,4,12,38.07,0
94724,2019-09-03,3,6,1,5.78,0
17817,2023-02-16,3,8,10,5.59,0
8744,2020-12-19,3,6,3,19.95,0
55173,2020-07-20,3,6,8,34.11,0
22354,2020-05-24,3,4,3,12.84,0
97975,2022-12-05,3,8,7,22.09,0
26437,2021-02-24,2,3,7,36.19,0
20257,2020-03-10,2,1,1,46.48,0
31976,2022-05-16,1,7,6,26.32,0
92857,2020-08-14,2,9,9,31.81,0
17314,2021-06-25,3,3,11,25.34,0
6926,2020-10-18,1,3,3,42.26,0
59403,2021-04-25,2,4,4,34.45,1
9103,2020-07-27,1,7,5,48.52,0
3444,2022-07-06,1,8,12,21.92,0
49480,2023-12-19,2,7,12,3.24,0
27278,2023-08-16,2,3,11,2.12,0
70121,2019-10-08,3,10,3,39.3,0
438,2022-06-28,1,6,6,4.33,0
53148,2019-01-19,1,4,11,20.81,0
41180,2022-09-07,2,8,13,20.44,0
17847,2019-10-26,1,3,13,41.56,0
71938,2019-11-13,3,6,1,16.0,0
22675,2023-12-02,3,2,11,44.61,0
52199,2019-02-23,2,9,1,37.91,0
82396,2022-05-23,3,9,1,19.31,1
47770,2020-01-08,1,2,10,35.65,0
15253,2020-01-06,3,10,10,21.65,0
73068,2023-07-02,3,7,7,29.66,0
8614,2019-02-06,1,3,3,26.12,0
99571,2020-11-16,2,4,7,49.22,0
77359,2023-05-25,3,7,13,25.7,0
77786,2020-04-28,3,3,11,25.45,0
36621,2020-11-07,1,1,6,37.49,0
87617,2019-12-28,1,5,2,48.56,0
63109,2022-09-20,3,8,9,27.17,0
83119,2019-10-04,3,9,8,30.98,0
63376,2019-03-22,2,5,3,39.52,1
88969,2023-10-11,2,5,3,15.13,1
28486,2022-02-13,3,6,12,25.18,0
60573,2023-01-11,1,6,9,30.84,0
75015,2021-03-16,2,9,9,15.26,0
69076,2022-02-17,1,4,13,8.63,0
15165,2023-12-15,3,3,1,20.22,1
39367,2022-10-29,3,3,7,7.15,0
876,2023-05-30,3,5,11,3.13,0
54508,2019-09-17,2,8,2,48.95,0
649,2020-01-22,3,6,13,7.76,0
12153,2023-11-06,1,3,6,9.44,0
75182,2022-05-17,1,1,2,20.98,0
8443,2019-11-26,2,7,13,47.25,1
83947,2022-05-30,3,2,13,42.92,0
55317,2023-10-01,1,6,4,16.7,0
9848,2023-05-18,1,8,2,24.73,0
3293,2020-05-16,3,5,12,40.15,0
24123,2020-01-06,1,2,1,9.85,0
29749,2023-03-31,2,9,3,15.9,0
28825,2023-12-25,1,2,2,21.29,0
78480,2021-05-14,1,10,13,41.41,0
25545,2021-12-17,1,5,10,2.92,0
22035,2023-01-28,3,1,8,16.28,0
35090,2022-05-02,3,5,9,5.86,0
98102,2020-06-22,1,7,9,33.39,0
98226,2019-12-18,1,5,3,39.99,0
91098,2023-03-07,1,6,11,41.77,0
38200,2020-05-28,2,8,1,2.78,0
21637,2022-02-05,2,5,5,7.88,0
98111,2021-05-07,1,3,5,27.75,0
77066,2022-10-14,2,8,2,6.85,0
35517,2022-08-02,1,6,2,16.64,0
92408,2022-07-23,1,2,3,34.44,0
88257,2022-02-01,2,3,6,29.84,0
1878,2020-03-27,2,3,10,45.45,0
21982,2021-10-14,2,2,9,13.19,1
24722,2019-02-01,3,4,8,49.9,0
9425,2023-03-17,1,4,2,24.42,0
47222,2022-09-14,2,6,9,47.25,0
90202,2023-10-16,1,4,7,45.99,0
18840,2022-06-29,1,6,8,17.1,1
94049,2020-04-28,2,7,3,33.74,0
77550,2021-01-09,3,2,6,20.32,0
52288,2020-05-26,1,4,11,49.45,0
12333,2021-03-16,1,2,11,15.39,0
56493,2020-02-12,2,5,13,14.7,0
4584,2019-10-27,1,5,1,48.89,1
82499,2019-08-04,2,7,5,20.27,0
7160,2021-09-03,3,10,4,21.25,0
8651,2019-09-14,1,4,7,15.1,0
52860,2023-05-09,3,6,6,28.56,0
18597,2020-03-04,3,4,4,38.49,0
95641,2019-07-11,2,2,8,16.7,1
93685,2019-11-16,1,1,10,11.04,0
50126,2020-07-17,2,5,12,16.89,0
46832,2020-06-17,1,4,1,20.82,0
24483,2019-08-20,1,9,1,9.99,0
78572,2019-06-27,2,8,7,19.1,0
31686,2023-03-13,1,8,10,40.41,0
15017,2021-06-02,3,9,5,10.98,0
50512,2022-01-02,2,1,1,18.96,0
32830,2021-11-25,2,8,1,47.34,0
46583,2023-04-23,1,3,2,6.76,0
53040,2019-11-15,2,8,8,20.31,0
44738,2021-05-31,3,8,10,4.37,0
16497,2022-08-20,2,10,4,43.75,0
17949,2021-06-03,3,8,3,33.38,0
98033,2020-07-07,2,8,4,2.04,0
4313,2022-07-17,2,9,6,9.48,0
66538,2023-07-27,2,6,13,2.45,0
62886,2023-11-11,3,9,9,44.93,0
38848,2022-08-14,2,8,11,35.77,0
89257,2019-08-22,3,2,12,16.74,0
82292,2019-08-25,1,2,12,16.48,0
82948,2021-03-31,3,6,2,9.07,0
93091,2020-07-10,2,7,10,37.7,0
5851,2019-01-10,1,2,11,32.84,0
24825,2019-05-03,2,5,12,26.3,0
3962,2019-06-27,2,7,1,33.76,0
33775,2020-03-26,2,1,6,22.59,0
43849,2023-12-24,2,9,13,11.06,0
94913,2022-08-20,2,6,8,10.26,0
23379,2022-07-09,1,8,5,5.04,1
21133,2020-12-25,3,3,7,5.84,0
47045,2020-10-05,3,7,2,18.17,0
28771,2021-11-03,2,3,5,3.15,0
8882,2021-02-24,1,4,9,46.59,0
50549,2020-12-28,2,8,9,21.91,1
79967,2020-05-06,1,9,13,22.68,0
54964,2022-10-08,3,5,2,32.07,0
33541,2021-07-30,3,9,7,5.83,0
52520,2023-01-23,1,2,13,33.8,1
96305,2019-10-16,3,3,5,21.44,0
29346,2022-04-10,3,9,8,25.22,0
10813,2023-11-12,1,9,7,36.62,0
53310,2021-06-27,3,6,5,37.18,1
70268,2022-08-14,2,2,6,2.68,1
75129,2020-12-04,1,6,13,17.49,0
3268,2022-03-29,1,4,11,45.77,1
78788,2019-12-22,3,1,5,26.84,0
62138,2023-11-01,2,3,10,38.88,0
7672,2022-03-25,2,6,2,41.68,0
89158,2022-01-27,2,2,7,6.9,1
79934,2023-05-17,3,8,3,30.17,0
7751,2021-11-29,3,10,12,45.62,0
95748,2020-05-25,3,4,12,47.33,0
88942,2020-07-23,1,5,9,16.04,0
25791,2023-08-14,1,2,8,23.97,0
65382,2022-08-15,3,8,6,18.58,0
13471,2022-08-05,1,8,1,39.18,1
6771,2023-05-31,2,10,11,5.15,1
97297,2021-07-23,1,2,9,15.96,0
79250,2023-06-13,1,5,11,34.36,1
79265,2019-06-29,3,9,8,46.85,0
86106,2020-08-30,1,7,6,23.09,0
13872,2021-05-19,3,3,13,27.81,0
72083,2019-02-18,2,6,13,8.68,0
8761,2023-03-11,1,2,8,39.23,0
37314,2023-09-10,1,10,2,29.05,0
19242,2020-03-13,3,1,7,16.69,0
78614,2020-04-13,1,10,1,10.61,0
90698,2019-07-22,1,10,13,10.29,1
26365,2020-10-01,3,10,6,13.5,0
82185,2021-12-20,1,6,7,40.88,1
35009,2020-01-30,2,7,13,37.27,0
56615,2022-12-27,3,5,13,8.32,1
20510,2019-01-16,3,5,1,39.07,0
64688,2021-10-18,2,5,12,18.58,0
4138,2020-11-05,3,1,9,14.2,0
75410,2021-05-16,3,7,1,41.66,0
52266,2019-01-04,3,7,3,25.46,0
10851,2020-04-15,3,4,12,7.47,0
52565,2021-03-02,2,2,3,12.18,0
52392,2019-11-20,1,2,7,34.18,0
8093,2020-06-14,2,6,7,47.1,0
35676,2022-01-22,2,10,7,47.06,0
88863,2022-05-26,2,3,9,7.72,0
47068,2023-04-02,3,10,6,35.41,0
49335,2021-07-31,3,8,4,14.28,0
63377,2023-06-13,3,10,8,29.35,0
97733,2019-02-07,1,2,6,20.25,0
68938,2020-02-27,2,7,6,47.05,0
91034,2020-04-09,1,7,13,14.01,1
53971,2020-01-26,2,4,4,17.73,1
31506,2019-06-20,1,7,12,2.33,0
35223,2023-06-04,3,9,9,46.17,0
42310,2020-03-22,3,4,10,23.93,0
65676,2021-12-10,2,3,9,9.61,0
29851,2023-09-14,1,8,11,20.72,0
23875,2023-04-04,3,10,3,41.08,0
34010,2023-03-21,2,8,7,19.86,0
98457,2019-05-07,3,2,4,43.29,0
4786,2021-05-10,3,4,6,44.59,0
88558,2019-03-06,3,5,2,7.57,1
82959,2023-06-17,2,7,7,19.55,0
7461,2020-02-15,1,4,2,38.16,0
86607,2020-07-23,2,4,4,17.43,1
39897,2021-12-23,2,8,6,34.98,0
93146,2023-05-04,3,9,6,35.24,0
55860,2021-03-30,1,3,7,17.17,0
60753,2021-04-07,2,7,5,34.53,1
45349,2022-09-26,1,8,5,47.67,0
9775,2023-10-03,3,5,5,40.26,1
36954,2022-07-26,2,8,1,44.94,1
32041,2020-01-22,1,8,6,32.19,0
31070,2019-01-07,1,9,1,13.51,0
85410,2020-06-23,3,2,5,46.11,0
20221,2023-03-14,1,9,7,6.4,0
48484,2019-07-28,1,3,12,38.97,0
68897,2023-05-21,1,10,2,20.21,0
77542,2021-02-28,1,6,6,45.14,0
91968,2022-07-22,2,2,10,8.62,0
50756,2019-07-21,1,6,5,39.24,0
68063,2023-05-01,1,6,13,44.98,0
6994,2020-08-06,3,7,3,36.44,0
96165,2022-03-11,2,8,10,17.91,0
24527,2023-03-25,3,6,8,38.86,0
78771,2021-09-01,3,5,9,16.05,1
57816,2021-04-12,3,3,2,26.74,0
16784,2021-12-08,3,5,4,12.18,0
55488,2020-04-06,2,10,3,6.38,0
42709,2019-08-28,2,4,9,3.59,0
49133,2023-02-09,3,5,3,16.78,0
34483,2022-05-02,2,7,2,13.5,0
78106,2019-05-04,3,2,1,24.01,0
95403,2019-05-27,2,1,9,45.03,0
12955,2020-08-24,2,8,13,42.06,0
9158,2020-01-18,2,4,1,31.64,1
26294,2019-04-17,2,7,7,17.38,0
85712,2019-03-18,3,10,5,38.97,0
20421,2019-05-15,1,1,2,10.39,0
97722,2021-04-04,3,10,4,29.34,0
48027,2023-01-01,3,10,11,33.91,0
91148,2023-03-18,1,2,1,36.2,0
10437,2023-12-14,3,10,13,36.16,0
15370,2019-02-23,3,2,8,28.61,0
14993,2020-01-07,3,7,12,26.62,0
2319,2019-11-21,2,8,1,24.97,0
32602,2021-06-16,2,2,10,5.93,0
62725,2022-12-10,2,8,2,41.24,0
63246,2023-12-31,3,9,6,34.57,0
88027,2019-09-10,1,1,11,37.09,0
40791,2021-11-22,3,6,13,32.41,0
23050,2021-01-15,2,10,8,16.03,0
20559,2020-04-23,1,7,1,31.04,0
90562,2023-10-07,3,8,5,46.95,0
59104,2022-03-13,2,9,3,3.91,0
79260,2019-07-17,1,2,3,47.95,0
66048,2021-10-13,3,7,10,13.14,1
72124,2022-02-15,2,1,11,42.22,0
46514,2020-09-02,3,4,6,43.95,0
92799,2022-12-09,3,2,4,24.43,0
3828,2019-09-28,1,8,6,5.54,0
53500,2020-07-11,3,5,1,12.78,0
42495,2021-05-27,1,1,13,46.92,0
63206,2023-03-03,2,6,7,39.11,0
28353,2019-08-02,3,7,12,8.81,1
8422,2020-03-16,1,1,4,47.09,0
7356,2023-02-17,1,1,12,2.74,1
36710,2023-07-22,2,5,10,27.15,0
6595,2022-05-11,3,2,10,4.73,0
52040,2019-07-18,1,9,2,6.9,0
25073,2020-01-03,3,3,11,21.12,0
56088,2019-12-18,3,1,12,30.3,0
49268,2023-08-25,2,6,4,26.14,1
16697,2022-04-26,3,9,13,13.83,0
15542,2020-08-09,1,9,3,35.86,0
27853,2019-12-08,2,9,1,35.54,0
15924,2023-07-14,1,10,11,26.54,0
93474,2019-08-05,3,7,8,23.54,0
16032,2022-09-27,2,9,9,47.66,0
48901,2023-07-25,1,2,6,14.44,0
71536,2020-10-01,1,3,2,18.92,0
5707,2020-10-01,2,9,9,20.99,0
81155,2019-03-13,1,7,3,40.92,0
55396,2022-07-07,2,10,10,19.67,0
9427,2021-04-23,2,8,2,47.72,1
43530,2023-04-11,2,5,5,16.93,0
25167,2020-09-12,3,9,7,5.38,0
43546,2021-03-27,3,3,2,6.91,0
71306,2019-04-04,1,8,3,22.41,0
34923,2023-10-04,3,10,10,42.54,0
42691,2019-07-23,2,8,4,41.14,0
52102,2019-09-18,2,2,13,8.36,0
79784,2023-11-13,1,10,13,47.11,0
30990,2019-07-20,1,1,5,16.29,0
95568,2022-06-04,2,2,10,20.14,0
43707,2020-09-02,2,7,7,43.46,0
93981,2021-09-20,1,4,11,13.9,0
47028,2021-12-29,2,1,12,15.21,1
80680,2020-10-26,1,4,13,37.77,0
524,2020-03-19,1,2,5,19.95,0
1575,2020-09-20,2,7,7,27.14,0
33454,2022-06-30,2,8,5,2.17,0
2490,2022-10-20,1,5,9,33.51,0
98199,2023-03-26,2,6,3,4.22,1
40383,2023-11-29,2,8,12,17.51,0
42393,2023-02-22,2,4,11,39.85,0
57269,2023-07-24,3,6,2,18.54,0
118,2019-09-01,3,3,11,24.69,0
94758,2022-01-07,2,10,10,46.14,0
20094,2021-11-16,2,6,7,30.49,1
34922,2019-09-06,1,7,6,3.52,0
43122,2023-03-16,3,2,12,45.17,0
82383,2022-02-26,2,10,9,14.46,0
66635,2022-06-28,1,2,10,37.75,0
17337,2020-09-01,3,5,10,46.7,0
24838,2021-10-20,2,7,2,37.38,1
43458,2023-06-07,2,2,10,3.21,0
6872,2021-03-21,1,8,1,2.71,0
75234,2022-12-18,3,7,11,31.52,0
20520,2023-08-12,2,7,2,21.88,1
5509,2021-02-26,1,5,8,28.02,0
9735,2020-11-10,2,8,9,46.22,0
47320,2022-03-13,2,2,1,10.79,0
78307,2019-11-19,3,6,9,10.39,0
65654,2022-03-03,3,7,12,45.85,0
39816,2023-03-05,3,9,11,4.08,1
14127,2021-01-24,2,1,8,44.79,0
17072,2023-02-17,1,3,9,32.82,0
18167,2023-09-01,1,5,5,45.55,1
32846,2019-02-10,1,1,7,25.41,0
90508,2021-08-30,1,5,9,25.79,0
30788,2023-11-28,3,10,9,12.12,0
52296,2023-08-03,3,2,13,2.56,0
20113,2022-11-04,1,5,4,34.19,0
52046,2022-03-24,3,6,7,12.77,0
5255,2020-09-15,2,6,7,30.1,1
41758,2023-07-17,2,1,12,28.53,0
33235,2020-08-05,1,10,1,20.25,0
7975,2023-03-03,3,6,5,33.68,0
82136,2022-01-26,1,8,9,10.07,0
66197,2021-09-07,2,2,13,8.17,1
55077,2021-01-15,3,9,2,49.2,0
14085,2020-02-26,1,1,11,29.5,0
48339,2022-02-13,3,9,4,29.15,0
71468,2022-09-29,2,10,1,8.16,0
5879,2021-02-21,2,6,13,40.47,0
57601,2022-03-16,2,10,8,48.93,0
23588,2022-11-06,1,2,13,3.28,0
40089,2023-05-02,3,6,6,30.22,0
21868,2020-02-24,2,3,2,43.94,0
69470,2023-12-14,2,7,13,26.08,0
25039,2019-11-27,1,7,3,19.02,0
16796,2020-05-03,3,9,12,13.91,0
36375,2022-08-04,2,4,9,13.97,0
37176,2022-10-11,3,6,5,6.02,0
49963,2019-08-08,2,10,4,25.16,0
57909,2021-09-23,2,3,11,3.79,0
70012,2022-05-01,3,9,6,17.51,0
15085,2020-04-24,3,8,3,26.7,0
25616,2019-12-14,3,8,12,4.63,0
89096,2023-01-17,3,2,9,20.86,0
38866,2019-07-31,1,1,5,38.7,0
83669,2021-11-07,2,8,2,5.51,0
17760,2022-09-11,3,4,6,47.15,0
58602,2022-07-06,1,4,5,32.47,0
7019,2019-08-08,3,8,1,25.45,0
78147,2023-06-16,3,2,10,39.61,0
15052,2019-04-22,1,7,2,11.83,0
84136,2023-06-18,2,9,5,19.03,0
3732,2020-12-21,2,2,13,8.6,0
74136,2021-02-26,1,8,5,7.07,0
13483,2022-10-05,3,1,8,34.47,1
99255,2020-02-10,1,4,13,28.9,0
75877,2022-06-07,1,4,13,34.09,0
96552,2020-06-06,3,3,10,43.93,0
98364,2023-01-30,1,4,8,38.07,0
85332,2023-05-03,3,7,10,20.84,0
53762,2023-11-28,1,1,2,32.89,0
49140,2019-01-13,1,5,7,49.8,0
57322,2022-11-17,3,3,8,2.25,0
25295,2022-07-23,1,7,8,6.49,0
38813,2023-10-22,1,4,13,13.03,0
67425,2023-09-19,2,6,10,25.46,0
93719,2020-12-25,2,3,3,6.8,0
67362,2021-05-02,3,1,11,19.23,0
59537,2022-09-16,1,9,9,31.97,0
26800,2019-12-11,1,2,1,44.04,1
42712,2023-03-01,2,5,7,20.44,0
45080,2020-02-29,3,7,11,15.46,0
8940,2021-10-27,1,10,13,5.4,0
60163,2020-02-23,3,10,6,25.25,0
48641,2023-06-14,1,9,11,35.25,0
22866,2023-09-14,2,1,10,47.28,0
59008,2023-11-10,1,4,4,12.66,0
73496,2023-11-01,3,2,1,9.31,0
10795,2020-06-28,3,1,4,10.17,0
4369,2021-07-30,2,3,3,4.97,0
34076,2023-10-24,3,9,2,7.33,0
47178,2023-08-25,3,2,12,25.27,0
51538,2019-12-22,3,10,13,37.1,0
59341,2020-02-03,3,6,2,41.2,0
95490,2020-06-22,3,1,10,6.58,0
82170,2021-07-24,3,2,4,8.43,0
20050,2023-11-25,1,9,8,24.89,0
84680,2022-02-14,2,6,11,40.16,0
80416,2022-12-04,1,3,13,36.35,0
79508,2019-03-14,3,7,8,36.64,0
56273,2020-10-18,2,3,6,32.43,0
28764,2021-03-22,1,4,3,11.07,0
23322,2021-04-01,3,3,12,31.94,1
95846,2023-12-22,3,3,2,16.27,0
98180,2022-02-24,2,2,6,30.76,1
84709,2021-09-07,2,6,9,29.03,0
37052,2020-07-16,2,7,6,23.66,1
38013,2020-08-26,3,2,1,31.71,1
61450,2023-06-13,1,9,1,47.61,0
49697,2023-08-16,3,10,4,21.23,0
33643,2022-01-31,3,1,3,13.88,0
23392,2019-01-03,1,8,11,18.07,0
19671,2022-05-10,2,10,8,14.05,0
26946,2022-08-07,1,4,7,15.08,0
17073,2019-06-19,2,2,10,11.72,0
54630,2019-01-17,1,6,9,41.8,0
43836,2019-08-29,3,8,8,4.76,0
94650,2019-02-07,2,5,2,10.1,0
8868,2020-12-14,3,1,8,8.91,0
18254,2023-05-08,2,6,3,5.9,0
40042,2022-11-05,1,2,10,37.45,0
90635,2023-03-08,3,7,12,50.0,0
59330,2020-01-17,2,9,9,4.59,0
54462,2021-01-02,1,5,5,9.65,1
80176,2021-11-02,3,9,4,11.75,0
53915,2020-01-29,3,5,2,17.19,1
27292,2022-09-07,2,2,9,17.12,0
69012,2023-03-22,3,7,12,44.24,0
83087,2021-12-09,1,7,5,29.22,0
97568,2021-08-16,2,6,8,9.42,1
28412,2020-08-27,1,9,11,18.59,0
30001,2019-03-10,2,1,10,20.34,1
90241,2019-12-13,1,8,7,28.57,0
6740,2022-10-30,3,5,11,34.1,0
56819,2021-07-26,3,1,5,25.59,1
79347,2021-05-02,3,10,9,2.64,0
17146,2019-01-03,2,2,6,26.53,0
95313,2020-03-31,1,1,13,20.31,0
1068,2021-02-21,3,4,7,23.45,0
89762,2019-01-19,3,8,5,14.76,0
15336,2020-10-25,1,9,2,11.39,0
63676,2022-10-02,1,4,4,39.97,0
51515,2023-04-01,2,4,12,15.45,0
58011,2020-10-26,1,3,11,31.89,0
39518,2020-09-18,2,4,6,17.6,0
30653,2021-10-30,2,10,4,47.71,0
19538,2021-06-05,2,8,6,47.38,0
71262,2023-02-24,1,1,10,43.38,0
12303,2020-11-13,2,8,7,7.2,0
16789,2022-08-17,3,2,3,24.87,0
25854,2022-01-14,1,8,13,31.74,0
94291,2021-11-15,3,4,1,12.94,0
96538,2020-07-08,3,6,13,5.44,0
88596,2023-07-02,3,1,12,44.24,0
16420,2023-04-07,3,6,8,41.69,0
94713,2019-11-21,3,7,5,27.02,0
10326,2022-05-13,3,1,13,15.96,0
48458,2020-04-15,3,7,11,16.14,0
48604,2022-05-27,2,9,2,3.55,0
45020,2023-08-07,2,4,8,9.8,1
68924,2019-09-18,2,5,1,25.85,1
87108,2020-12-30,3,4,8,26.94,0
30502,2019-05-05,1,4,4,24.45,0
95616,2019-08-01,2,1,4,13.66,0
81393,2022-01-07,3,4,2,41.59,0
54388,2021-01-15,1,6,4,6.92,0
44122,2023-01-27,2,2,6,42.9,1
9916,2019-04-24,1,1,8,37.47,0
59282,2020-06-17,2,3,9,24.88,1
9811,2019-06-27,2,10,2,35.53,0
48588,2022-05-20,3,1,8,30.26,0
96056,2019-02-22,1,4,9,47.46,0
70541,2020-05-25,1,1,9,24.77,1
37390,2020-06-27,2,5,8,12.57,0
86193,2021-09-22,3,9,13,39.73,0
9707,2019-11-11,3,10,10,25.51,0
74310,2022-12-05,2,5,6,18.56,0
46555,2023-11-09,3,4,5,28.18,0
27439,2022-04-24,1,4,7,22.65,0
75133,2020-09-19,1,10,10,27.46,0
75858,2022-06-13,1,10,6,30.33,0
92419,2022-02-12,1,8,6,43.94,0
52362,2023-12-28,3,2,5,2.92,0
45176,2023-04-21,2,8,11,28.66,0
65944,2021-07-12,3,3,2,22.43,1
32778,2021-02-27,2,3,11,36.57,0
86224,2021-11-19,3,8,10,37.19,0
19574,2020-02-23,2,7,6,3.87,0
59725,2022-10-16,1,3,3,32.2,0
32450,2021-02-04,1,9,9,5.96,1
54020,2020-06-13,1,4,3,18.58,0
18478,2022-06-18,2,9,10,25.89,0
96759,2019-06-13,1,5,6,44.69,0
52257,2020-06-25,2,4,5,31.05,0
19521,2021-05-15,2,4,9,20.22,0
17114,2023-01-24,3,6,11,3.69,0
77992,2019-09-15,2,2,13,34.78,1
77294,2020-04-24,1,3,11,24.65,1
80284,2021-01-21,2,10,13,48.64,0
62283,2020-06-14,3,10,5,33.32,0
35297,2022-12-18,1,6,2,42.28,0
41705,2020-09-29,1,1,3,29.42,0
65666,2023-11-03,3,4,8,5.83,0
42088,2023-07-15,3,6,3,40.47,0
15813,2023-03-10,3,1,11,9.28,0
86983,2023-10-15,2,6,9,45.26,0
12871,2023-04-26,2,4,3,49.27,0
57614,2023-06-09,1,3,12,21.51,1
3511,2019-03-10,2,6,1,27.72,0
10651,2022-03-11,2,2,5,3.31,0
27312,2021-01-13,2,1,7,40.98,1
4719,2022-05-29,2,8,13,13.58,0
52569,2020-01-13,2,4,7,21.07,0
76813,2023-04-13,3,2,1,27.8,1
12189,2020-10-21,2,4,8,30.17,0
18971,2020-09-27,3,5,9,47.0,1
92467,2020-05-23,1,8,13,47.51,0
89150,2020-11-09,1,7,11,3.47,0
92480,2022-02-07,2,5,8,42.22,0
34457,2019-04-23,2,7,4,20.41,0
21043,2020-05-05,3,7,3,14.72,0
66867,2019-12-01,3,6,10,26.2,0
46897,2023-01-17,3,7,9,5.65,1
75006,2022-12-17,3,7,4,10.42,0
10324,2019-06-16,3,2,7,47.16,0
20986,2023-03-27,3,10,4,15.96,0
6065,2022-05-27,3,7,1,47.83,0
5637,2020-01-18,2,6,10,14.25,0
11789,2022-07-28,3,5,11,27.87,0
33651,2022-05-17,2,2,3,46.38,0
60628,2023-06-14,1,7,4,49.77,1
832,2020-08-28,1,3,9,10.19,1
11362,2022-06-01,1,5,1,7.68,0
56018,2021-09-02,3,10,13,14.74,0
6220,2020-07-15,3,9,4,4.27,0
27299,2022-09-14,3,2,10,42.11,0
23247,2019-07-16,3,9,11,30.31,0
55069,2020-04-26,3,2,3,17.53,0
73084,2023-12-24,2,8,9,46.12,0
3583,2021-06-26,1,2,8,17.37,0
57826,2020-06-13,1,9,1,12.05,1
9437,2021-02-06,1,5,1,31.75,0
34254,2023-01-23,1,8,6,16.84,0
62403,2019-09-07,2,2,3,10.93,0
90872,2022-02-06,2,8,1,41.2,0
37423,2023-10-12,2,4,13,4.83,0
29987,2020-03-25,2,2,3,20.79,0
43100,2022-01-08,3,5,8,4.57,0
1876,2019-03-16,2,4,8,25.57,0
22874,2021-04-25,3,1,4,13.59,0
33316,2023-03-18,3,5,4,40.32,0
47800,2022-03-08,3,10,2,16.97,0
30931,2020-01-09,2,5,7,13.39,0
2425,2020-07-13,3,1,6,24.66,0
99093,2020-10-05,3,8,2,14.04,0
71739,2020-01-07,3,2,1,37.85,0
60298,2023-06-22,1,5,2,46.03,1
86149,2022-05-24,1,8,11,12.56,0
54723,2019-06-12,1,5,10,17.67,0
2261,2023-03-08,3,10,3,36.46,1
83711,2021-03-04,3,5,1,5.18,0
27500,2023-04-07,2,9,5,35.79,0
68954,2020-04-26,2,6,2,13.29,0
8409,2020-05-31,1,2,6,5.89,1
84973,2023-04-19,2,8,9,35.29,1
55049,2023-06-20,3,3,2,32.16,0
38649,2021-09-13,2,2,5,2.48,0
50152,2020-07-30,3,3,9,9.53,0
81821,2022-07-07,1,5,12,4.47,0
35232,2023-07-12,3,4,4,14.31,0
76141,2023-02-24,2,9,11,7.5,1
13104,2020-01-06,2,8,11,24.0,0
65159,2022-02-19,2,10,5,21.8,0
15388,2020-09-30,1,5,12,14.62,0
49371,2019-06-17,2,4,9,4.01,0
20989,2020-09-02,2,5,7,38.84,1
69952,2023-09-23,2,2,12,30.45,0
70598,2023-08-25,3,10,11,38.32,0
96081,2023-09-11,3,10,2,2.92,0
45707,2023-06-20,1,8,9,38.56,0
41742,2021-05-30,1,5,13,38.62,1
80952,2023-04-12,2,7,10,21.92,0
41802,2020-01-31,1,10,10,40.34,1
82839,2019-06-05,1,7,1,47.31,0
36178,2022-08-24,3,7,3,24.22,0
36782,2022-02-24,2,3,7,16.68,0
42282,2022-08-24,3,10,6,24.22,1
39739,2019-09-12,1,9,8,28.46,0
15449,2019-11-17,2,5,13,31.15,0
11098,2019-05-06,1,10,2,47.89,0
22898,2020-03-30,3,2,13,47.58,0
61690,2021-09-05,2,10,4,20.62,0
47393,2023-06-26,3,10,4,46.67,0
96551,2020-02-16,2,4,7,42.54,0
96789,2022-08-09,3,2,6,10.16,0
92068,2020-11-13,1,8,7,49.89,0
51122,2020-12-29,2,2,12,22.47,0
6675,2020-07-22,1,7,6,20.86,1
81689,2021-08-08,2,6,5,21.81,0
3116,2022-12-19,1,5,8,22.66,0
18436,2022-12-31,3,6,7,31.72,0
72920,2019-06-03,3,9,4,16.84,1
6211,2019-03-18,1,6,11,11.98,0
74725,2021-10-25,1,2,10,47.19,0
79737,2021-05-15,2,3,1,20.01,0
53259,2020-01-10,2,9,10,36.08,0
92272,2021-02-26,2,1,1,47.62,0
92636,2020-09-12,2,1,3,26.12,0
88660,2023-02-16,3,2,3,15.74,0
71275,2022-08-26,1,9,7,2.95,0
32214,2020-08-23,2,2,7,32.27,0
49415,2022-12-05,1,2,5,18.06,0
11555,2023-12-15,3,1,10,24.99,0
36588,2021-12-19,2,7,4,24.69,0
3130,2023-09-25,1,2,13,17.81,0
4235,2022-12-08,3,4,7,7.19,0
58002,2021-07-24,1,9,10,9.51,0
7262,2023-05-24,1,8,6,18.79,0
42990,2022-11-19,2,9,2,16.96,0
4926,2020-08-12,3,8,4,29.74,0
82680,2022-10-02,2,3,8,3.43,1
25429,2022-07-03,1,8,5,4.11,0
16165,2020-02-16,1,8,11,23.93,0
63004,2023-03-23,1,2,3,35.17,0
60514,2022-01-09,2,4,4,35.1,0
28733,2022-03-04,3,2,9,42.47,1
46525,2019-10-09,2,10,7,42.19,0
11601,2019-04-04,1,5,2,6.22,0
55800,2019-08-10,3,1,1,19.38,1
31898,2019-08-07,3,10,7,37.86,0
79206,2023-08-25,2,2,5,15.6,0
95126,2023-06-24,2,1,6,12.85,0
24712,2019-05-06,3,5,4,17.35,0
7252,2019-06-25,1,6,10,36.95,0
90909,2021-10-14,2,1,6,30.56,0
13859,2020-08-03,3,7,6,38.19,0
66514,2019-08-18,3,2,7,10.61,0
69778,2023-09-11,1,1,3,3.75,0
39858,2020-12-01,2,3,10,46.17,1
57095,2021-09-17,3,1,7,26.16,1
15332,2023-09-28,3,7,6,35.33,0
91752,2020-10-06,3,9,9,2.79,0
78774,2021-11-05,1,8,1,48.29,0
95446,2020-12-11,3,7,5,32.43,0
89632,2021-12-15,3,1,7,43.78,0
35985,2022-07-03,2,9,9,24.25,0
37647,2020-07-14,2,1,3,36.9,0
41463,2023-06-15,3,10,1,37.05,0
9153,2022-06-06,3,6,6,48.68,0
48291,2023-02-20,2,10,2,8.04,0
68820,2022-02-24,3,4,9,14.4,0
28258,2021-04-28,1,6,1,39.56,0
34576,2023-11-29,2,5,11,31.16,0
50328,2021-03-07,1,10,4,28.55,1
29991,2022-06-07,3,1,9,14.03,0
64568,2021-04-15,2,2,3,6.83,0
67821,2023-05-09,1,6,10,33.05,1
22522,2023-10-22,3,3,11,43.53,0
6378,2023-06-07,3,5,1,41.12,0
83385,2019-03-27,2,3,1,46.87,0
89446,2023-05-24,2,3,4,32.47,0
59616,2019-04-15,1,10,5,35.36,0
7613,2023-02-28,2,4,7,42.27,0
91055,2019-01-16,1,6,4,16.63,0
75897,2022-10-20,1,3,4,48.02,0
76933,2019-08-08,3,3,2,23.3,0
24242,2021-11-07,2,6,11,37.33,0
8344,2022-01-20,2,6,11,11.53,0
55873,2020-01-17,2,8,12,26.42,0
58862,2019-02-06,1,9,10,47.62,1
4943,2023-09-21,1,8,11,6.79,0
666,2023-02-12,1,10,2,36.91,0
16520,2021-06-16,1,9,12,32.09,0
75336,2022-08-29,2,2,6,32.15,0
27346,2023-08-29,1,6,1,46.69,0
80840,2021-07-17,1,9,12,28.38,0
22045,2021-06-04,2,2,11,28.02,0
24777,2021-10-15,1,7,12,28.57,0
20885,2019-03-21,3,5,12,48.87,0
99381,2021-09-23,1,7,1,12.68,0
19388,2023-11-02,2,8,6,32.54,0
4450,2021-12-03,3,5,13,31.27,1
41493,2019-04-18,3,4,12,47.88,0
76905,2020-06-10,1,5,12,22.89,0
79914,2020-01-26,3,6,3,19.09,1
27800,2021-04-06,2,9,9,8.77,0
84962,2021-04-01,2,4,6,34.5,0
98565,2019-10-06,3,1,4,25.74,0
42062,2020-01-02,1,7,1,6.49,0
16285,2023-11-23,3,6,6,17.37,1
21726,2019-07-12,1,7,6,25.33,1
64443,2020-10-25,3,10,9,28.84,0
76547,2019-11-21,3,8,4,8.08,0
59541,2019-02-21,2,5,7,38.52,0
29626,2019-06-27,2,5,2,44.23,0
41192,2023-12-04,3,10,10,37.49,0
67488,2023-01-11,1,2,10,42.63,0
46598,2021-09-01,2,10,8,31.18,0
67969,2021-12-25,2,8,3,8.11,1
44095,2020-01-06,2,8,6,15.83,0
11439,2022-07-31,1,7,5,24.74,0
26047,2023-10-26,1,4,3,48.38,0
72294,2020-03-01,2,3,6,5.94,0
36718,2021-06-20,3,10,7,31.06,0
3532,2020-05-24,3,3,13,48.24,0
71666,2021-11-24,3,2,10,48.71,1
39782,2020-04-02,2,3,13,27.42,0
16034,2021-09-20,2,4,11,15.54,0
38347,2023-08-16,1,7,8,41.89,0
19236,2023-06-26,2,5,3,9.13,0
73283,2023-03-17,1,1,10,38.73,0
2825,2020-12-12,1,6,7,19.33,0
14199,2023-06-25,3,10,8,21.31,0
15653,2020-03-31,2,5,7,35.72,0
81959,2019-03-01,1,7,2,30.54,0
33965,2019-06-26,2,5,5,28.09,0
93265,2021-08-13,1,6,12,13.83,0
43847,2020-03-24,1,3,7,44.39,0
42528,2023-04-02,2,6,11,36.63,0
21061,2023-08-22,1,3,3,16.24,1
26313,2020-05-29,3,8,3,22.91,0
30911,2021-06-30,1,1,9,35.36,0
19559,2022-02-26,1,6,8,11.82,1
40112,2021-07-15,1,4,2,10.58,0
43001,2022-05-01,3,10,1,33.6,0
50608,2023-08-11,3,3,4,12.32,0
87182,2023-10-02,2,10,6,4.08,0
31269,2022-12-13,2,10,9,36.71,0
89453,2023-12-18,3,6,3,37.92,0
43765,2021-11-13,3,6,9,35.71,0
76334,2021-01-30,3,1,12,39.74,1
18247,2022-11-02,3,7,10,27.49,1
37737,2019-03-24,1,1,5,18.24,0
62456,2021-04-07,2,10,12,38.9,0
23324,2019-08-18,3,2,13,9.93,1
13001,2022-08-07,2,1,4,20.43,1
60077,2020-04-29,3,3,5,38.06,0
15447,2020-03-05,3,7,7,38.58,0
41533,2023-07-14,1,9,9,3.3,0
65694,2019-01-14,2,5,5,10.86,0
41864,2023-01-02,1,7,2,13.73,1
65052,2019-04-14,1,6,11,9.35,0
46401,2021-06-06,3,4,6,45.01,0
64693,2023-10-11,2,6,10,5.53,0
25915,2019-05-22,1,1,9,34.76,0
18226,2023-02-19,3,7,3,22.89,0
14905,2020-01-24,1,10,4,18.32,0
59184,2022-11-04,3,4,9,4.46,0
84370,2020-12-14,2,8,9,8.22,0
48734,2022-01-25,3,9,5,2.09,1
88206,2021-01-31,1,9,10,45.49,1
92953,2023-12-31,1,9,1,46.39,0
5445,2021-01-13,3,10,9,7.19,0
99789,2019-10-23,3,7,6,7.88,0
12646,2023-12-18,2,3,1,25.88,0
40519,2019-08-30,1,6,6,17.83,1
53611,2020-06-13,2,7,3,12.55,0
2048,2023-07-17,3,7,3,33.34,0
8925,2022-01-05,3,3,1,2.83,0
7689,2023-10-15,2,4,1,29.49,0
6703,2022-12-26,1,8,10,20.19,0
31892,2022-06-06,2,3,12,13.43,0
43457,2023-02-20,2,10,3,34.75,0
53597,2022-09-16,2,2,4,29.22,0
95482,2023-02-27,1,7,11,3.63,0
42952,2019-03-17,3,9,13,40.86,0
70312,2022-02-18,1,9,5,10.16,0
80868,2019-08-12,1,7,10,13.34,0
9756,2022-07-04,2,9,3,48.3,1
71869,2020-11-16,1,1,8,26.24,0
92840,2019-01-24,3,9,4,39.26,0
70038,2022-12-08,2,9,8,34.66,0
79224,2020-01-22,3,7,13,46.67,0
77361,2023-08-10,1,9,12,35.93,0
1789,2022-03-12,2,7,1,23.38,0
48248,2021-10-26,1,1,12,5.1,0
2241,2020-12-15,3,3,10,6.01,0
62959,2021-02-03,2,5,9,17.2,0
89328,2022-09-30,1,2,9,45.91,0
74885,2022-08-10,1,4,3,28.21,1
77519,2022-06-10,2,8,4,11.14,0
39527,2021-12-25,2,5,3,18.65,0
92159,2020-01-17,3,10,2,21.74,0
37503,2021-12-26,1,8,7,47.63,1
57819,2023-01-25,3,9,9,13.46,0
15947,2020-02-28,1,10,5,3.04,0
60845,2023-10-28,3,7,6,39.0,0
11255,2023-08-09,3,3,4,5.93,1
10317,2023-02-06,1,6,12,3.17,0
97483,2020-05-02,1,7,13,4.86,0
21540,2022-04-30,3,6,3,49.78,0
82426,2022-08-28,1,9,5,16.38,0
65251,2021-09-15,1,5,11,3.85,1
50835,2022-05-19,3,8,13,35.17,0
83285,2020-07-28,2,10,1,37.69,0
49403,2021-08-01,3,8,9,11.36,0
36095,2021-05-08,2,4,11,16.65,0
71377,2021-08-28,1,4,6,12.29,1
55845,2021-02-20,2,7,1,36.68,0
84096,2021-01-03,1,5,11,48.58,0
15927,2022-11-22,2,7,7,18.61,0
38062,2019-03-09,2,8,3,27.88,0
67158,2020-12-03,1,9,7,42.93,0
8063,2022-06-09,3,8,5,44.7,0
54500,2019-05-15,1,9,8,8.97,0
49773,2022-09-29,1,7,10,27.98,0
67688,2019-02-14,1,3,5,10.23,0
28816,2020-04-26,3,9,12,10.62,0
43351,2022-01-10,3,7,4,10.87,0
67742,2021-02-14,3,1,11,43.99,0
56361,2020-11-24,2,4,8,17.65,0
16634,2022-01-23,2,1,12,32.84,0
16770,2019-05-06,2,2,9,36.73,0
71809,2022-09-17,1,3,13,47.01,0
17823,2022-10-07,3,7,8,10.3,0
63776,2019-08-24,1,4,2,6.94,0
77458,2019-10-29,2,9,11,41.21,1
75818,2022-06-22,2,5,5,3.78,1
51428,2022-03-01,1,8,8,47.12,0
75766,2022-01-07,3,7,12,4.78,0
45039,2023-06-04,1,10,2,11.96,0
12847,2022-08-24,2,4,3,47.18,0
53170,2022-03-21,1,8,8,4.41,0
47860,2021-01-10,3,2,10,15.1,0
11035,2022-10-24,1,6,11,28.29,0
7465,2021-08-15,2,7,6,28.59,1
79949,2023-07-14,1,9,9,15.95,1
46061,2020-02-07,1,10,3,28.11,1
18280,2022-06-03,2,9,7,15.48,0
46113,2020-04-29,2,5,5,2.38,0
70389,2020-08-03,3,6,10,24.16,0
84252,2019-05-24,1,3,2,13.64,0
17780,2019-03-16,2,1,4,45.87,1
63443,2019-08-01,2,3,12,41.73,0
43315,2019-02-27,2,9,12,23.2,0
21855,2021-08-06,1,1,6,21.63,1
25263,2019-04-01,3,4,10,19.2,0
12798,2020-07-22,2,6,5,47.51,1
31907,2022-11-17,1,2,8,35.65,0
86146,2020-01-17,3,4,4,38.66,0
78617,2020-07-25,1,9,10,46.21,0
14462,2021-11-10,3,8,11,38.87,0
73339,2020-01-01,1,6,10,19.54,0
47820,2020-09-23,1,7,4,23.89,0
76340,2023-08-10,1,1,12,21.9,0
33755,2021-06-13,3,2,10,6.81,0
67544,2021-05-22,1,3,7,9.69,0
97794,2020-02-10,3,2,5,43.88,0
43429,2019-10-01,1,10,3,12.44,0
40803,2023-09-30,3,8,13,32.92,1
2303,2021-01-19,1,9,13,47.92,1
2624,2023-04-27,2,3,4,41.74,0
95863,2020-03-04,2,3,10,5.25,0
5753,2020-07-25,3,7,4,18.46,0
4704,2023-08-06,3,3,11,21.14,0
22855,2019-08-05,2,10,2,46.57,0
56011,2020-03-12,2,3,7,31.96,0
32561,2022-04-14,1,2,13,22.41,0
28122,2022-12-11,2,10,9,44.39,1
34293,2021-10-10,2,10,6,49.39,0
25809,2019-05-04,2,1,6,6.88,0
42358,2022-03-09,2,7,4,16.79,0
65827,2020-03-05,3,2,10,33.34,0
41100,2019-04-22,2,1,3,21.81,0
96109,2021-06-18,2,5,9,14.06,0
36289,2019-03-27,2,1,7,2.6,0
31801,2021-11-03,2,6,6,42.63,0
22991,2020-01-30,2,9,6,40.05,1
59344,2021-03-11,3,3,5,5.4,1
12192,2023-12-12,2,4,9,25.33,0
15043,2022-04-05,2,5,3,42.77,1
7362,2023-07-23,2,2,12,10.0,0
35231,2022-08-23,3,9,4,6.81,0
35776,2020-05-28,3,1,6,10.02,0
4663,2021-06-01,2,1,8,24.56,1
2208,2019-06-26,1,2,12,37.02,0
94045,2021-03-12,1,8,2,43.23,0
64604,2020-02-27,3,6,7,21.35,0
54517,2021-06-17,2,6,8,40.0,0
56233,2020-09-14,1,3,3,29.49,0
14139,2020-02-23,2,3,6,12.83,0
1145,2022-02-02,2,9,9,5.66,0
66287,2023-02-17,2,1,8,15.75,0
40892,2023-08-07,2,2,12,27.51,0
1516,2020-07-22,3,5,12,25.74,0
93627,2020-10-13,1,6,13,20.54,0
87984,2019-07-07,3,3,9,30.01,0
53215,2023-10-09,3,9,6,48.76,0
50316,2020-01-02,3,2,10,18.71,0
97172,2022-10-17,3,9,2,6.14,1
35841,2021-03-04,3,7,13,33.2,0
74945,2023-12-26,1,5,11,6.33,0
72423,2019-06-29,1,10,6,38.54,0
46348,2020-05-07,2,3,9,3.07,0
22700,2019-08-12,1,1,2,38.15,0
36188,2023-12-30,3,1,9,20.55,0
42603,2023-01-06,2,3,6,44.84,0
83593,2022-09-13,1,8,2,18.16,1
4770,2023-06-15,3,8,11,11.33,1
10114,2022-06-30,1,10,6,18.51,0
99535,2021-03-03,2,3,12,18.7,0
82945,2020-09-07,2,2,6,30.65,0
86676,2021-07-28,1,4,8,2.98,0
94590,2023-05-02,2,2,6,41.84,0
61872,2023-01-29,1,9,11,46.47,0
14820,2023-07-31,2,1,12,24.28,0
44047,2020-01-11,3,9,5,33.44,1
11720,2022-04-23,3,5,5,13.44,0
18245,2022-06-29,2,2,10,43.89,0
66798,2019-05-03,1,4,11,49.8,0
70757,2019-02-26,3,2,1,33.96,1
93065,2023-07-21,1,10,10,36.38,0
55568,2022-12-05,2,4,3,26.42,0
80956,2022-02-09,1,2,5,26.83,0
61513,2022-08-19,1,8,11,22.32,1
83690,2020-07-01,2,8,13,27.71,0
50479,2019-10-22,1,9,11,36.74,1
40638,2023-07-02,3,5,5,21.81,0
40176,2019-09-05,1,6,2,21.76,1
25690,2021-12-28,1,1,3,24.22,0
99590,2019-07-13,1,9,1,31.24,0
45821,2023-06-23,3,10,8,43.11,0
97960,2021-08-09,3,4,1,4.63,0
46220,2023-05-11,1,1,8,45.76,1
37523,2022-03-28,2,8,1,49.07,0
10570,2022-06-10,1,2,11,6.86,0
62706,2019-03-12,3,1,2,14.94,0
53543,2023-11-04,1,7,13,5.17,0
5324,2021-07-29,2,3,7,12.72,0
76575,2019-10-14,2,3,8,21.44,1
86788,2019-12-11,1,10,5,14.07,0
38324,2022-03-29,2,2,9,14.46,0
43199,2021-05-06,2,5,6,35.41,1
59567,2020-04-25,2,2,10,13.72,0
1502,2022-01-10,2,9,4,38.78,0
82006,2023-04-16,1,5,8,21.0,0
27493,2021-12-22,1,3,9,11.06,1
21271,2020-04-19,1,5,9,12.88,0
92733,2023-06-05,3,3,5,5.99,0
36408,2022-05-21,3,2,7,42.38,0
93692,2023-12-22,2,5,8,14.97,1
48124,2019-04-27,1,7,12,38.67,0
83301,2019-01-06,2,1,6,38.71,0
5426,2020-02-04,1,3,11,24.67,0
39713,2022-08-05,2,4,11,48.61,0
73408,2022-11-03,2,2,11,27.64,0
84025,2023-11-06,3,10,3,27.4,0
18457,2020-04-02,2,10,13,36.04,0
58003,2021-04-03,2,1,6,44.88,0
25476,2019-02-03,2,3,12,24.36,0
38816,2019-05-31,3,4,8,9.94,0
36620,2019-07-28,2,6,4,14.62,0
23407,2023-11-10,1,5,13,33.39,0
8800,2021-06-20,2,10,4,4.75,1
79509,2022-04-12,2,3,8,22.0,0
68475,2021-11-17,1,9,3,21.68,0
34970,2021-08-29,2,5,10,23.22,0
82843,2020-04-08,2,4,13,8.89,0
60275,2022-08-22,1,9,2,41.35,0
69502,2021-11-18,2,3,1,6.0,0
64032,2019-08-16,1,6,7,33.4,0
67210,2021-10-13,1,8,9,47.52,0
30918,2020-10-13,2,3,3,7.02,0
92864,2019-10-25,1,7,9,42.57,1
71509,2019-09-22,3,9,3,2.07,0
64538,2020-09-04,2,5,6,47.53,0
89769,2022-08-12,3,4,9,15.38,0
14655,2020-12-15,1,1,2,2.12,0
65218,2019-03-14,1,5,5,19.95,0
94131,2019-03-06,3,5,6,26.9,0
66675,2021-08-20,1,6,12,24.43,0
58149,2021-02-03,1,3,13,27.81,0
94688,2023-04-30,2,10,4,17.76,1
60052,2020-11-15,1,1,13,19.34,0
38214,2023-01-24,1,6,6,20.04,0
67962,2022-05-24,3,10,2,2.23,0
29604,2023-08-22,2,2,12,45.7,0
11709,2021-06-05,1,10,11,40.53,0
38870,2020-02-10,3,3,10,30.94,1
45286,2022-05-31,1,7,5,32.45,0
12492,2019-06-24,1,3,10,40.09,0
38908,2022-01-05,1,9,10,8.92,1
35914,2022-12-10,2,8,2,43.75,0
54737,2021-06-29,3,5,4,14.87,0
80686,2022-11-13,3,2,5,44.92,0
41907,2020-01-04,1,8,3,9.02,0
39889,2021-12-19,3,3,1,16.72,0
21638,2020-03-30,1,6,5,44.09,0
48300,2021-11-28,1,5,12,6.23,0
44644,2021-02-06,3,2,13,43.8,1
49259,2023-03-27,1,3,12,25.66,0
90349,2022-03-25,3,5,13,46.78,0
90867,2020-09-13,3,2,12,11.75,0
35320,2020-01-18,1,2,1,46.22,0
58749,2020-03-03,1,7,9,48.99,0
10632,2020-12-16,2,7,3,5.75,0
49236,2022-05-04,1,3,3,37.64,0
41921,2023-03-30,1,8,11,3.84,0
10121,2022-07-05,2,10,5,27.84,0
85961,2020-06-19,1,3,11,29.34,0
76656,2019-06-26,1,3,3,8.33,0
48119,2019-08-24,2,2,10,36.01,0
1574,2023-04-14,1,8,12,39.57,0
78381,2022-08-25,2,4,1,7.25,1
35920,2020-03-19,1,5,7,18.53,0
74414,2022-10-19,1,5,3,26.7,0
73399,2023-09-18,2,8,1,37.59,0
78218,2023-06-30,2,6,5,3.22,0
80588,2022-12-29,1,10,3,48.34,0
4636,2021-07-16,3,2,9,5.19,1
9866,2020-03-21,2,1,5,12.45,1
96917,2022-01-02,2,8,6,31.29,0
85676,2022-10-09,1,1,3,38.8,0
34368,2021-11-04,2,9,9,49.95,0
87899,2019-02-22,2,10,6,46.25,0
34877,2023-02-12,2,4,10,15.42,0
32907,2023-11-11,1,4,12,18.35,1
45611,2021-04-04,3,6,10,7.44,0
50728,2022-09-04,2,5,2,5.21,0
95232,2023-08-14,2,4,2,16.62,0
35999,2021-03-07,1,2,7,40.34,0
86999,2022-08-07,3,3,10,16.6,0
33353,2022-06-25,3,1,5,36.36,1
14100,2022-05-17,2,1,6,41.76,0
78431,2020-05-24,1,5,6,2.09,0
81274,2021-12-05,3,8,12,29.82,1
77830,2020-08-30,3,5,3,18.83,0
79018,2021-06-24,2,9,6,26.52,1
24813,2022-01-24,1,3,6,17.13,0
18548,2019-06-03,1,3,2,26.76,1
60796,2019-12-09,3,4,6,46.4,0
47255,2020-04-11,1,3,7,21.0,0
21949,2020-01-11,3,1,7,16.58,0
4101,2019-03-03,2,10,4,47.49,0
44668,2022-12-28,2,5,2,2.47,0
60595,2020-11-29,3,4,5,45.71,0
26493,2021-04-12,1,6,5,22.11,0
40295,2021-11-12,3,10,1,9.56,0
44500,2022-02-25,3,3,4,31.96,0
77474,2020-12-23,3,2,11,17.48,0
37219,2022-10-28,1,5,5,43.89,0
12889,2019-01-23,2,7,2,38.81,1
75763,2020-11-21,1,3,13,45.02,0
42159,2019-02-02,3,6,1,27.25,1
6908,2020-12-21,3,5,10,8.28,0
41208,2022-12-05,2,5,8,47.47,0
19531,2021-01-05,1,5,13,13.07,0
13018,2022-09-25,2,1,8,6.72,0
50946,2021-08-21,3,6,4,45.84,0
42624,2023-07-23,3,8,3,18.73,0
71616,2019-12-28,2,10,4,9.92,0
56805,2021-05-23,3,7,1,7.2,0
71641,2020-03-15,3,1,2,33.21,0
30003,2020-01-23,2,1,5,30.66,1
40839,2022-09-27,2,3,7,13.84,0
27905,2019-10-28,3,6,12,23.3,0
32775,2023-12-11,1,3,9,27.37,0
71480,2021-11-01,2,7,4,17.06,0
32626,2020-09-26,2,4,6,49.87,0
21045,2021-02-10,1,7,1,2.43,0
26542,2023-03-02,1,8,9,10.38,0
61113,2020-11-10,2,10,5,38.64,1
41751,2019-02-11,2,3,7,5.57,0
18866,2022-01-30,3,6,11,39.17,0
6546,2021-10-01,1,5,9,24.29,0
81476,2020-01-23,3,2,4,14.9,0
61096,2021-12-04,3,1,6,41.52,0
19642,2022-05-19,3,8,8,11.28,0
21600,2022-04-23,1,1,2,27.68,0
91226,2019-09-30,2,8,13,13.89,0
92103,2023-07-11,2,10,12,46.16,1
12584,2019-12-05,2,9,9,48.57,0
12881,2022-06-07,2,9,6,42.93,0
1241,2023-09-10,1,5,12,49.99,1
60893,2022-03-03,1,6,6,32.6,0
43736,2022-10-04,1,6,12,40.24,0
4570,2023-02-11,3,1,10,42.09,0
95684,2020-06-07,2,7,7,13.22,0
14541,2020-10-22,2,10,12,35.88,0
11160,2022-06-04,3,1,10,25.34,0
78567,2023-03-25,3,5,3,37.49,0
2873,2020-02-07,2,6,11,26.74,1
72703,2019-06-09,1,1,1,43.47,0
76134,2019-09-29,2,7,4,10.53,0
2757,2022-07-25,3,1,13,5.63,1
86978,2023-06-02,3,3,5,42.67,0
37952,2021-02-13,2,2,7,41.4,1
26560,2023-08-04,1,9,12,21.62,0
26275,2020-07-22,2,7,8,16.7,0
81092,2019-08-30,2,10,8,45.84,0
79264,2020-03-23,1,5,11,49.83,0
89301,2020-03-28,3,7,12,20.47,0
86395,2020-07-07,3,8,1,17.2,0
44868,2023-02-25,2,5,8,42.16,0
9892,2020-10-15,2,4,10,19.11,0
75887,2021-03-28,2,5,11,10.1,0
95507,2019-05-02,1,2,12,5.99,0
43907,2022-01-31,3,1,8,4.62,0
48692,2021-05-18,1,7,8,38.59,0
30460,2023-01-23,3,2,11,20.32,0
79267,2022-10-31,3,7,6,39.57,0
15600,2022-08-10,1,2,5,39.95,0
19595,2021-01-24,2,8,2,46.07,0
19820,2020-06-14,2,4,1,26.58,1
88505,2020-07-29,2,3,3,3.83,0
58250,2020-07-26,1,6,2,29.96,0
32225,2023-05-05,2,1,10,28.25,0
78936,2020-04-10,2,8,6,32.71,0
72257,2019-02-11,1,7,8,37.13,1
27305,2020-07-08,1,8,5,19.14,0
50873,2020-11-12,2,7,5,31.56,0
33789,2021-03-17,3,2,9,15.48,0
71212,2020-11-11,2,8,11,19.24,0
49402,2020-12-27,2,6,9,33.25,0
96730,2023-03-24,1,1,2,9.15,0
71780,2022-03-23,1,4,10,5.96,0
37057,2022-07-29,2,8,11,18.79,1
8055,2020-06-20,2,9,12,18.37,0
75152,2021-08-06,1,8,5,42.55,1
15108,2021-12-15,1,7,13,11.22,0
38075,2019-09-05,2,3,3,13.67,0
32024,2020-06-10,2,4,4,32.56,0
69339,2020-07-06,1,5,5,6.45,1
73790,2021-08-28,3,3,13,17.33,0
87054,2021-11-12,1,8,4,34.43,0
63073,2023-08-31,3,4,6,27.88,0
95411,2021-12-13,2,10,2,40.65,1
42534,2021-03-31,1,3,4,18.82,0
65532,2022-03-28,1,5,8,13.65,0
3730,2019-12-28,2,4,5,30.15,1
50425,2023-03-20,3,3,5,14.24,0
28510,2019-12-16,3,9,10,35.67,0
4358,2021-07-03,2,6,2,22.74,0
64665,2023-08-13,3,3,6,35.71,0
13551,2019-02-05,1,9,1,20.55,0
7524,2020-08-06,2,10,2,41.03,0
30355,2021-09-03,2,2,4,8.98,0
92669,2023-07-28,2,8,12,11.28,0
69330,2022-12-24,1,2,9,34.66,0
66413,2020-07-02,2,10,2,49.05,1
85393,2023-03-26,3,7,2,25.4,0
93359,2021-01-31,1,3,8,18.35,1
67234,2020-12-28,2,3,1,42.7,0
66526,2023-07-30,3,5,8,36.42,0
20315,2019-10-20,2,8,4,2.46,0
71729,2022-02-02,3,2,4,18.42,1
60934,2019-08-02,3,9,3,7.11,0
46392,2019-01-06,1,5,2,2.39,0
19161,2020-10-23,3,4,10,29.61,0
6357,2019-12-04,1,7,1,32.45,0
34470,2023-07-22,1,7,11,34.66,0
44197,2022-08-03,2,3,13,4.12,0
32259,2020-04-05,3,2,5,41.92,0
28366,2023-09-10,1,7,6,13.32,0
86387,2022-08-17,1,8,13,24.58,0
37126,2022-03-26,2,8,7,17.75,1
39593,2021-02-08,2,7,5,40.12,0
69043,2022-04-16,1,4,8,6.09,0
34116,2023-08-08,1,10,12,19.85,0
52120,2020-01-01,3,2,5,48.18,0
37766,2021-06-12,2,7,2,21.49,0
91275,2023-04-17,1,4,10,10.02,1
58859,2019-04-21,2,3,2,3.52,0
94984,2019-05-30,1,6,11,47.51,0
85854,2019-01-08,1,7,1,33.29,1
51346,2019-02-12,2,6,2,14.05,0
88746,2020-09-27,3,6,9,25.45,1
65418,2019-08-24,3,1,4,26.64,0
12781,2019-08-09,2,1,7,31.57,0
3861,2023-09-16,3,3,1,25.14,0
95640,2023-07-31,1,9,10,37.07,0
26388,2019-10-10,1,10,6,8.47,0
9523,2022-06-17,1,1,6,5.65,0
81314,2019-02-26,1,6,10,5.96,0
324,2022-10-11,3,4,1,28.78,0
55746,2019-05-30,1,9,3,31.89,0
58026,2020-05-08,2,3,7,21.72,0
8195,2019-09-03,3,4,11,5.05,0
44565,2021-08-27,2,8,3,24.85,0
72396,2019-03-12,3,2,1,6.05,0
39682,2023-12-27,3,2,11,47.53,0
67550,2023-08-15,2,8,11,18.23,0
67391,2023-10-14,2,7,10,41.58,0
24393,2023-09-25,2,1,10,48.12,0
79984,2022-08-15,1,2,13,41.93,0
32313,2019-09-04,1,6,4,2.22,1
51254,2023-11-04,3,4,1,21.25,0
46889,2022-08-19,1,5,13,4.31,0
92032,2023-05-19,1,2,11,42.02,0
77322,2021-09-08,2,4,2,46.19,0
83891,2019-04-21,3,2,9,28.24,0
37138,2022-06-14,1,6,3,7.65,0
41171,2019-04-21,2,7,12,47.44,0
994,2020-11-08,3,2,6,24.5,0
51146,2022-11-11,3,6,7,27.15,0
6336,2022-01-13,2,7,6,18.47,0
78963,2023-07-08,1,8,2,35.64,0
28975,2020-03-15,3,6,6,18.92,0
8270,2019-02-28,2,9,1,9.78,0
25033,2021-04-19,1,9,9,40.18,0
62474,2021-08-24,2,4,5,11.1,0
16925,2021-02-23,1,1,3,4.77,0
25344,2023-05-27,2,4,7,37.51,1
75555,2021-11-14,3,1,5,16.25,0
15315,2020-04-21,3,2,1,15.6,0
50951,2023-01-25,2,8,6,2.1,0
46764,2023-11-03,2,6,11,8.95,0
91466,2023-04-28,2,10,7,35.64,0
45689,2020-08-03,1,9,4,13.12,1
58810,2020-07-01,3,3,8,45.41,0
68983,2023-08-06,3,10,13,29.61,0
88242,2022-04-13,1,2,10,45.34,0
30949,2020-05-27,1,2,10,42.2,0
67492,2019-07-31,1,9,11,46.96,1
17112,2021-12-03,2,8,1,18.58,0
6829,2023-01-10,2,3,11,30.48,1
96344,2022-06-06,2,4,2,22.27,0
26767,2019-03-18,3,2,3,24.34,0
29998,2020-02-12,1,8,8,10.77,1
99839,2023-11-27,3,5,13,23.26,0
57237,2020-06-19,1,1,2,16.03,0
71028,2019-10-17,2,1,6,47.95,0
45978,2020-02-19,2,6,2,17.08,0
13620,2022-06-16,2,9,9,48.46,0
80221,2021-02-16,1,8,5,22.39,0
59635,2021-11-26,3,5,7,41.23,0
22512,2023-06-27,1,1,10,17.62,0
9551,2022-12-06,3,6,12,26.58,0
14349,2021-02-15,3,2,1,27.62,1
14577,2023-04-07,2,2,2,8.1,0
14126,2020-03-14,1,6,8,7.96,0
71215,2022-07-02,1,1,9,12.4,1
3701,2019-08-05,1,5,4,14.16,1
80113,2021-08-17,3,3,13,27.05,0
8257,2021-04-29,3,7,12,12.3,0
22571,2019-03-11,3,9,11,34.86,0
88720,2020-07-27,3,7,11,15.05,0
74761,2020-11-12,3,6,6,27.5,0
2881,2021-01-24,2,4,7,5.99,0
47581,2022-08-25,1,1,5,49.39,0
68140,2021-10-19,2,10,9,11.57,0
1217,2021-03-05,1,6,8,48.27,0
7425,2022-07-03,3,9,11,31.32,0
18630,2020-02-10,1,2,6,25.25,0
32033,2019-09-24,1,9,5,42.85,0
88925,2021-12-26,1,1,1,45.39,0
13674,2019-03-02,1,10,2,7.75,0
26478,2022-05-19,1,2,3,37.12,0
44608,2023-12-27,3,10,4,19.03,0
8420,2020-02-08,2,9,4,43.53,0
59029,2021-11-24,1,1,13,34.64,1
52774,2019-09-25,1,10,1,5.38,0
23442,2019-05-16,3,8,10,10.87,0
28870,2023-04-08,1,2,7,39.88,0
47699,2023-06-18,2,5,12,18.83,0
69212,2019-12-21,2,2,11,48.33,0
44479,2021-02-17,3,8,12,27.86,0
97113,2020-03-21,2,9,1,19.75,0
78093,2023-03-14,2,4,5,12.47,0
67150,2023-05-20,1,10,9,36.4,0
52720,2022-06-07,1,8,7,23.03,0
73987,2019-03-29,3,5,11,36.91,1
30652,2021-09-26,1,10,7,23.94,1
74227,2023-07-23,3,4,6,6.63,0
54775,2019-12-16,2,10,13,18.61,0
1209,2021-10-18,1,4,3,38.61,1
88776,2023-01-08,2,9,11,42.43,0
74664,2021-12-22,3,9,11,21.22,0
45806,2019-11-26,1,3,3,38.45,0
91690,2020-12-12,1,9,10,5.02,0
6129,2023-06-26,2,7,13,20.53,0
54762,2020-01-27,1,4,9,31.0,0
26733,2020-08-14,3,5,12,6.56,1
51448,2019-01-09,2,9,12,39.4,0
74498,2020-06-27,3,9,1,24.23,0
67019,2020-12-10,1,4,12,11.87,0
8269,2020-06-03,1,5,10,46.55,0
41831,2021-10-25,2,10,1,25.83,0
52395,2019-04-08,3,3,3,35.45,0
21450,2020-10-22,1,1,11,2.93,0
62511,2020-07-13,3,9,13,26.93,0
95131,2021-03-28,3,10,5,13.56,0
55245,2022-05-17,1,2,3,42.28,0
46344,2019-09-08,1,3,1,15.84,0
15053,2022-10-15,3,3,9,13.96,0
17771,2020-11-13,2,8,5,34.36,0
72738,2023-01-30,1,6,7,45.83,0
40434,2022-06-28,1,6,1,9.01,0
68220,2019-08-11,2,4,8,38.69,0
89580,2020-09-22,2,1,10,29.4,0
67170,2019-02-22,2,9,4,40.88,1
43352,2019-01-06,2,8,13,18.99,0
20019,2019-03-28,1,7,11,36.25,0
94288,2022-01-30,2,10,2,20.9,0
85075,2020-09-22,1,10,4,19.64,0
40687,2023-07-16,3,6,5,6.4,0
77486,2023-04-26,1,6,5,33.98,0
23156,2022-02-21,2,9,5,42.46,0
35843,2019-12-15,2,2,7,35.82,0
42896,2019-05-12,3,2,3,5.28,1
20955,2023-10-15,3,9,6,2.49,0
6104,2021-01-25,2,8,13,4.1,0
56670,2020-03-14,2,2,7,36.07,1
17178,2021-05-27,3,10,10,30.22,0
16581,2023-10-31,3,8,10,30.18,1
42557,2022-07-05,1,4,8,32.67,0
79257,2022-01-24,2,9,12,46.27,0
43174,2019-03-15,2,2,12,9.47,0
30801,2019-03-22,2,5,11,37.22,0
54830,2020-01-18,2,7,8,49.6,0
51913,2021-03-22,1,6,11,22.02,0
14884,2019-03-28,3,2,10,49.27,0
99444,2020-08-17,2,2,3,29.89,0
18283,2023-04-16,3,2,13,21.31,0
13169,2021-05-12,2,10,7,45.4,0
92812,2023-11-09,1,8,13,33.54,1
82044,2022-04-20,1,9,2,8.36,1
32336,2020-08-09,3,6,7,24.17,0
80721,2019-12-12,3,7,10,30.15,1
53433,2020-05-17,3,6,13,48.89,1
98789,2023-04-25,1,4,9,34.69,0
7715,2020-06-18,3,4,13,47.75,0
61274,2022-05-10,2,5,13,24.7,0
83298,2019-08-25,2,9,5,22.1,0
56536,2020-01-21,1,7,8,19.54,0
74665,2020-07-22,3,8,2,41.68,0
10678,2020-07-03,3,3,5,46.11,0
99904,2019-10-07,1,1,2,4.83,1
48476,2022-04-01,3,7,11,13.59,0
57198,2020-03-11,2,5,8,46.75,0
89467,2022-04-05,1,6,13,31.89,1
29982,2019-02-20,1,2,8,12.12,0
45346,2019-06-18,3,5,2,38.0,0
88065,2020-08-24,2,8,6,35.35,0
82832,2019-07-16,3,8,10,42.98,0
15502,2023-08-26,1,10,7,46.35,0
55550,2022-02-24,3,3,10,44.2,0
19696,2020-10-14,3,5,7,27.05,0
611,2019-02-05,3,3,11,30.39,1
83346,2023-08-26,2,3,2,2.35,0
83263,2023-09-03,3,1,6,39.05,0
55391,2020-11-10,2,7,5,23.95,0
78049,2023-03-31,3,3,2,6.93,0
52799,2019-12-29,1,7,10,42.91,0
16094,2020-11-02,1,1,9,48.13,0
71274,2019-08-31,1,4,9,40.8,0
56916,2020-11-01,3,5,7,11.74,0
15383,2021-09-26,2,2,1,25.92,0
78095,2023-09-11,2,3,5,15.92,1
57550,2019-03-25,3,7,8,5.13,0
89185,2019-02-08,1,8,5,9.29,0
30755,2021-03-12,1,7,3,5.51,0
19463,2020-02-20,3,4,9,35.17,0
23117,2021-09-28,2,8,9,7.16,1
85671,2022-12-18,3,5,7,4.84,0
4916,2021-03-02,1,9,2,11.86,0
75165,2023-05-20,3,6,6,44.52,0
7765,2022-07-21,2,10,11,26.68,0
81422,2022-08-08,2,8,3,13.41,0
10994,2021-04-04,3,7,4,22.74,0
95059,2023-01-05,3,4,3,36.56,0
50899,2020-07-25,3,9,6,43.94,0
35135,2019-02-10,2,3,11,18.7,0
12776,2023-04-29,3,5,8,26.33,0
95011,2022-01-06,2,6,4,7.49,0
80425,2021-06-13,2,8,4,6.63,0
13595,2023-03-01,1,5,10,31.56,0
77754,2020-11-05,1,2,11,41.09,0
36209,2022-06-27,2,4,7,32.54,0
62455,2023-10-19,2,2,2,48.18,1
37520,2019-11-13,1,10,1,8.75,0
74247,2020-06-25,3,3,10,5.8,0
57263,2023-05-26,3,9,9,4.19,1
54613,2021-11-05,2,3,3,43.57,0
45637,2022-07-16,2,3,10,35.83,0
4270,2020-05-01,3,9,8,19.04,0
44414,2019-07-30,1,4,5,22.64,0
99914,2022-03-18,2,2,8,27.24,0
53280,2020-09-02,2,4,6,20.71,0
4691,2022-04-08,1,9,5,3.79,0
56193,2021-02-21,1,8,10,17.22,0
59473,2020-07-24,2,5,5,22.54,0
77787,2023-04-08,3,8,12,37.39,0
25742,2019-07-13,1,3,4,30.82,0
13261,2020-04-12,3,10,8,26.1,0
71189,2020-02-23,3,1,12,9.38,0
25158,2021-06-14,2,7,1,46.51,0
64397,2023-09-12,3,1,11,43.98,0
73961,2022-09-18,2,2,10,22.58,0
23614,2019-09-15,2,4,4,22.43,0
83313,2020-01-21,1,9,10,43.08,0
99449,2022-09-15,2,8,12,40.48,0
49156,2022-12-03,1,8,3,28.71,0
87849,2021-05-10,2,7,9,6.62,0
54991,2020-07-24,3,10,11,12.95,0
42112,2022-06-12,2,9,11,18.17,0
32271,2020-02-10,1,4,11,4.48,0
84162,2022-03-04,3,9,10,29.4,0
24384,2021-10-11,1,5,7,20.63,0
48059,2020-12-21,1,6,8,4.8,0
53139,2019-08-23,1,6,1,4.71,0
47302,2022-05-08,2,8,12,18.95,0
70690,2022-03-29,1,6,13,33.14,1
22249,2019-09-23,2,10,5,49.76,0
75930,2023-01-20,1,2,7,33.68,0
53569,2023-06-24,3,10,13,34.61,0
61402,2021-06-26,2,8,10,5.1,0
3747,2019-12-20,2,8,8,14.04,0
75284,2020-01-02,1,8,7,44.98,0
45084,2021-07-06,1,9,4,3.24,0
34194,2019-12-05,3,1,2,15.59,0
15665,2022-02-28,3,8,4,34.93,0
31566,2019-12-05,1,2,7,20.2,0
27259,2020-03-21,1,2,9,47.84,0
15171,2020-08-19,1,7,3,20.29,0
15421,2020-06-30,1,6,1,7.45,0
32992,2022-09-28,1,6,8,8.03,0
5928,2023-12-18,2,3,6,2.88,0
24361,2019-12-21,1,9,2,39.39,0
94578,2023-04-21,1,9,1,46.21,1
33762,2020-12-15,3,9,12,19.62,0
59197,2021-12-15,3,4,10,28.02,0
66528,2020-03-09,1,4,5,14.62,0
23698,2020-05-12,1,9,13,23.85,0
83978,2021-04-12,2,2,12,30.82,0
53142,2023-08-05,1,7,10,37.35,1
63085,2019-05-07,3,3,13,9.12,0
84662,2022-12-11,3,10,1,21.05,0
79706,2023-09-23,2,4,11,9.38,0
5565,2021-01-23,1,10,6,3.59,0
95718,2020-03-24,1,7,6,38.41,0
15400,2020-12-30,3,9,7,35.43,0
97559,2023-03-11,2,5,1,34.74,0
68640,2023-03-17,2,3,12,18.76,0
48538,2022-08-25,3,9,11,23.97,0
36075,2023-12-23,3,3,11,33.92,0
34200,2021-03-11,1,3,5,3.62,1
2968,2019-10-20,1,6,2,28.38,0
78036,2019-03-11,3,8,5,21.46,0
26123,2019-04-26,1,9,10,48.73,0
11696,2023-03-17,3,5,10,8.09,0
32548,2019-08-23,3,6,8,20.2,1
68839,2019-12-27,1,6,11,27.51,0
68093,2023-12-02,1,4,13,43.42,0
49218,2021-03-13,2,4,4,19.26,0
75274,2019-07-25,2,2,9,20.21,1
713,2021-10-03,3,6,13,17.74,0
39054,2021-12-19,3,3,8,45.21,1
10259,2021-06-27,3,7,4,48.74,0
10160,2022-09-11,1,8,7,19.93,0
27442,2019-03-26,1,5,2,36.85,1
72017,2023-12-09,1,5,13,33.66,0
4552,2023-09-21,2,1,11,25.6,0
82897,2023-08-27,1,1,10,23.08,1
76889,2021-02-11,3,7,9,35.88,0
27986,2019-06-18,2,7,5,5.97,0
54025,2019-09-13,2,10,5,11.12,0
33222,2019-08-04,3,6,6,34.15,1
82709,2020-05-07,1,5,3,21.38,0
69457,2020-05-07,2,9,3,35.67,1
87242,2020-04-13,3,5,13,21.29,0
73748,2020-07-17,1,4,6,41.15,0
34965,2019-04-17,2,8,11,32.14,0
53172,2019-07-06,3,1,6,26.19,0
24072,2021-12-17,3,9,3,27.15,0
29744,2019-08-07,3,10,4,26.99,1
76467,2023-01-19,1,3,2,27.59,0
43789,2023-07-04,1,7,12,19.01,0
88526,2022-03-11,3,7,10,43.74,0
43233,2021-12-04,3,6,1,34.15,0
36488,2023-12-04,2,8,1,18.83,0
29964,2021-04-02,1,2,9,26.75,0
34947,2019-09-12,3,10,4,18.11,1
8190,2021-05-09,1,5,6,39.82,1
61371,2023-02-26,1,4,7,49.11,0
33873,2023-09-08,2,4,1,39.12,0
10479,2019-03-03,2,5,13,23.69,0
30631,2020-10-09,3,1,3,2.77,1
16141,2019-06-23,3,1,12,31.72,0
89757,2021-01-30,3,8,2,29.47,0
55993,2020-01-09,2,7,6,41.8,0
4485,2020-02-09,3,5,7,9.27,0
6263,2023-07-18,1,2,11,46.72,0
8920,2023-05-24,2,9,9,20.23,0
382,2022-07-10,3,4,4,34.58,0
56725,2019-03-08,2,3,7,20.1,0
74926,2021-09-03,1,7,8,44.26,0
39863,2021-10-04,2,7,8,9.61,0
63445,2020-12-12,3,1,10,34.06,0
99192,2021-05-02,3,2,4,30.96,0
85109,2023-09-16,2,9,5,8.0,0
46305,2022-12-07,2,3,2,41.82,0
50263,2020-09-08,1,8,13,24.1,1
17908,2022-01-31,1,10,12,8.73,0
1744,2022-01-11,1,8,12,24.31,0
39940,2019-03-09,3,2,11,28.74,0
10844,2023-03-14,3,6,13,34.67,1
30174,2019-04-15,2,10,3,10.34,0
23606,2023-12-06,2,2,2,40.03,1
50665,2023-07-25,1,5,3,22.21,0
78738,2022-01-29,2,2,7,37.85,0
83651,2021-11-10,1,8,13,26.81,1
56331,2023-08-29,1,4,13,22.22,0
5682,2022-01-09,2,3,13,36.1,0
83742,2022-09-16,3,2,8,25.85,0
17725,2023-04-20,2,7,7,43.19,0
31017,2019-05-07,1,5,4,8.17,0
56782,2021-02-18,2,2,8,24.46,0
70647,2019-07-09,3,5,12,35.05,1
3104,2022-06-17,3,1,1,44.95,0
79041,2023-12-16,3,9,6,47.51,0
53985,2021-12-30,3,10,5,19.4,1
40877,2020-01-31,1,3,7,38.82,0
61746,2022-10-25,2,9,4,39.45,0
32748,2021-03-31,3,6,3,31.94,0
98308,2023-11-09,2,2,5,35.3,0
95428,2023-09-30,3,4,9,9.49,0
29221,2022-10-14,2,8,2,33.32,0
30907,2023-01-23,2,4,10,35.54,1
15430,2023-11-23,1,2,4,45.89,1
41635,2021-03-31,1,4,1,12.87,0
85138,2022-11-20,1,6,11,28.31,1
19039,2022-04-06,1,4,12,45.29,0
40762,2022-11-10,2,9,9,43.93,0
43061,2022-02-10,1,10,4,16.39,0
1640,2023-07-04,3,5,7,34.65,0
60831,2020-01-20,3,8,12,4.05,0
82108,2020-10-16,2,3,13,47.73,0
37664,2023-10-06,1,8,2,30.88,0
79060,2020-09-05,1,1,13,36.46,1
91186,2023-09-19,2,10,1,20.82,0
49400,2020-11-28,3,2,11,14.76,0
71324,2022-07-10,3,4,10,21.61,0
6271,2023-08-18,3,3,9,22.53,0
62229,2022-04-20,3,7,8,4.19,0
94148,2023-09-30,3,4,7,23.1,1
50407,2019-05-25,1,2,3,5.17,0
61326,2020-01-14,1,2,12,45.2,0
2468,2022-03-26,2,3,11,3.02,0
56013,2022-06-11,2,10,12,17.94,0
35520,2023-10-18,3,9,10,33.89,0
18699,2022-09-27,2,3,5,35.22,1
15700,2022-09-25,2,10,4,25.16,0
91125,2023-04-22,3,3,2,40.78,0
3985,2020-01-19,1,9,9,26.83,1
71744,2023-06-30,1,1,6,29.77,0
86685,2020-08-26,3,3,5,36.5,0
62747,2023-03-06,3,3,10,3.26,0
55887,2019-04-01,1,3,4,45.05,1
1670,2023-03-09,2,10,9,32.28,1
64308,2019-04-08,2,9,12,25.16,1
26973,2021-09-17,3,5,2,29.97,0
35449,2022-08-31,2,2,1,44.3,0
22279,2022-12-05,2,3,7,27.43,0
24060,2019-12-27,1,1,12,49.85,1
22264,2023-11-06,1,10,1,40.14,0
43190,2023-02-21,2,5,3,22.01,0
12975,2022-04-23,1,6,2,20.55,0
60894,2022-12-01,3,5,9,18.64,0
99132,2020-12-14,2,7,3,19.33,0
53368,2019-07-23,2,3,5,47.08,0
59332,2022-05-17,1,3,10,36.31,0
2256,2019-09-15,2,1,4,48.65,0
45203,2020-11-17,3,1,1,2.52,0
63839,2022-07-03,1,9,12,20.02,0
40563,2021-09-14,2,4,7,42.49,0
27282,2023-01-19,3,2,3,5.34,0
51470,2020-08-24,1,8,3,37.19,0
87749,2020-07-28,2,2,8,24.12,0
58418,2021-11-27,3,9,9,15.23,0
89137,2019-10-09,3,2,13,19.65,0
2591,2019-11-05,2,4,11,2.55,1
86722,2019-04-09,2,1,12,13.77,0
98892,2023-05-23,3,1,11,49.08,0
82962,2021-04-01,3,4,11,26.1,0
27686,2019-11-18,1,5,13,49.89,0
72243,2019-10-09,1,4,6,38.08,0
35098,2021-04-11,1,6,4,32.86,0
50309,2019-11-12,3,7,9,47.62,1
24503,2019-04-13,2,3,8,42.09,0
10699,2020-02-09,3,9,1,27.09,0
14350,2019-12-17,1,1,6,40.72,0
40205,2022-01-28,3,9,5,2.11,0
94249,2020-10-22,2,6,10,32.63,0
65320,2022-01-01,1,4,10,13.48,1
40387,2022-01-23,1,7,5,7.65,1
93132,2022-01-26,1,8,3,6.46,0
17752,2020-09-29,1,6,3,9.75,1
8354,2022-06-22,1,2,1,46.92,0
60487,2022-06-08,1,1,13,35.11,0
68490,2021-07-23,3,4,13,21.51,0
28161,2021-10-04,1,4,10,15.1,0
11958,2022-12-28,2,2,13,47.91,0
39994,2019-09-30,1,1,7,24.11,0
16625,2022-06-21,1,5,13,49.87,0
34307,2022-01-09,3,2,7,20.0,0
65222,2022-06-24,2,4,3,23.27,1
13218,2023-01-26,2,2,5,32.91,0
91461,2020-07-08,1,7,13,19.08,0
9189,2021-11-23,2,8,5,26.59,0
14488,2021-04-23,2,2,4,13.99,0
30084,2020-12-11,1,9,3,19.52,0
68712,2022-10-02,3,8,3,34.47,1
28614,2021-12-28,3,4,12,8.24,0
98704,2021-04-19,2,6,6,28.27,0
89115,2023-03-14,3,10,11,46.37,0
30844,2021-06-14,2,7,11,30.53,0
38885,2023-11-25,2,1,1,14.18,0
72156,2019-09-23,2,4,7,33.56,0
59850,2019-07-12,1,7,9,15.19,0
27566,2022-08-01,2,5,7,10.68,0
17682,2022-04-30,3,1,11,19.23,0
14570,2020-10-26,2,1,2,26.02,0
97134,2020-08-31,1,9,2,22.96,0
92249,2020-01-28,1,9,3,34.62,0
27255,2020-09-04,3,1,4,9.25,0
23622,2023-04-26,2,6,11,14.32,0
92195,2021-11-18,2,7,9,45.37,0
84714,2022-11-29,2,7,7,47.64,0
57043,2023-10-15,3,5,5,8.46,0
34551,2020-05-28,2,5,7,18.65,0
1061,2023-04-13,2,4,2,8.81,0
46659,2020-07-06,2,2,13,25.7,1
13259,2021-02-24,3,7,6,19.81,0
52290,2021-10-07,3,5,13,4.32,0
74217,2021-11-13,2,4,3,39.93,0
21537,2021-07-17,3,5,6,10.98,0
94300,2020-09-26,2,10,8,2.34,0
38016,2019-06-30,2,8,1,9.74,0
53321,2023-10-15,3,7,13,5.15,0
73970,2019-01-18,1,8,5,24.11,0
69483,2020-05-28,3,9,6,48.02,0
34892,2020-03-30,3,9,8,4.91,1
38409,2023-09-21,2,4,9,10.35,0
59430,2022-09-02,2,4,1,23.57,0
49776,2020-04-07,2,3,4,26.63,0
79279,2022-11-25,1,7,7,24.06,0
93228,2021-09-06,1,7,4,14.03,0
56318,2021-04-23,3,7,8,33.82,1
56749,2019-10-19,1,9,8,26.13,0
88430,2022-11-24,3,5,7,3.72,1
5746,2023-09-30,1,4,5,4.64,0
30116,2022-10-30,3,6,7,44.86,0
25071,2019-12-07,3,1,10,39.96,0
35789,2019-06-19,1,5,4,32.04,0
89863,2020-07-25,1,9,4,38.62,0
27749,2022-05-21,3,9,10,47.84,0
83391,2020-12-20,1,7,9,24.39,0
31149,2020-06-22,1,6,9,4.63,0
31339,2023-07-24,3,1,9,14.76,0
25356,2022-01-15,3,10,2,47.36,0
27381,2019-09-02,1,1,3,19.46,1
26632,2023-04-24,2,8,9,8.53,0
3308,2019-06-27,2,3,13,35.43,0
26240,2019-01-18,1,5,13,41.08,1
56542,2023-07-24,3,5,8,22.31,0
93819,2023-01-30,3,10,5,21.31,0
42734,2019-06-09,3,10,3,47.12,0
4707,2020-11-15,1,1,6,36.1,1
76783,2020-07-19,3,6,3,19.21,0
29418,2023-10-14,2,8,12,35.0,0
7249,2020-02-16,2,5,6,34.58,0
58182,2020-04-22,3,7,3,15.14,0
36596,2023-10-26,1,3,6,29.04,0
32327,2019-07-27,2,7,2,46.06,0
30372,2020-05-31,3,7,4,44.26,0
4219,2021-09-25,3,4,1,46.5,0
66176,2020-10-26,3,1,4,36.34,0
9675,2022-05-22,2,4,7,23.66,0
45269,2023-11-20,2,1,2,4.2,0
55939,2019-11-13,3,3,7,22.47,0
89547,2019-09-29,2,2,9,6.41,0
48035,2023-10-27,2,5,9,14.63,0
904,2019-06-30,3,8,5,25.92,1
39216,2022-04-10,2,4,12,38.63,0
28216,2022-04-29,3,2,8,34.11,0
73133,2019-09-14,1,5,3,38.32,0
44700,2021-06-16,3,5,1,8.91,1
23151,2022-07-04,3,2,9,20.34,0
63697,2022-10-14,3,6,13,9.88,0
52643,2021-07-29,3,8,10,40.74,0
38732,2022-02-28,3,2,3,17.23,0
56505,2023-05-18,3,1,4,45.04,0
78405,2020-07-06,2,7,8,34.95,0
96477,2023-09-12,2,9,11,36.66,0
77156,2023-12-11,2,2,11,33.78,0
24296,2022-09-09,1,8,6,44.26,0
6985,2022-08-09,2,6,2,49.63,0
44390,2023-10-25,2,2,13,13.3,0
52165,2023-08-24,3,8,1,20.13,0
82865,2022-08-31,2,8,12,35.21,0
56337,2021-01-08,2,2,1,2.44,0
88432,2021-12-15,3,3,3,8.58,0
72682,2020-10-30,2,10,1,49.16,0
3527,2020-11-22,2,10,3,32.96,0
2473,2020-07-25,2,1,8,8.95,0
88387,2021-05-18,3,6,2,20.84,0
96491,2022-12-29,3,2,9,42.79,0
22296,2019-10-01,1,3,8,24.1,1
17018,2022-04-01,2,5,12,6.45,0
96368,2022-10-03,3,1,6,10.04,0
23028,2020-05-30,3,4,1,24.08,0
73436,2020-05-21,2,2,4,32.56,0
80498,2020-07-21,2,5,2,47.2,1
29208,2023-02-19,3,10,4,48.57,0
91415,2021-08-07,3,1,9,8.84,0
81823,2020-07-17,2,4,4,27.22,0
46922,2022-07-25,1,5,4,24.3,0
7789,2023-05-28,2,9,3,33.56,0
66112,2019-01-05,3,3,9,38.0,0
38468,2021-08-02,1,10,13,12.82,0
48968,2020-03-18,2,4,1,46.0,0
51102,2020-03-07,1,3,8,35.11,0
27835,2021-01-02,3,7,6,21.26,0
41803,2021-06-26,3,6,6,48.47,0
74485,2020-05-26,1,8,8,40.78,0
38255,2023-08-25,2,1,4,42.57,0
13974,2020-06-14,1,3,13,16.22,0
70296,2022-02-08,1,10,6,32.18,0
29718,2019-06-08,1,5,12,26.84,0
95236,2019-11-13,3,4,8,18.86,0
46968,2023-10-18,1,6,10,19.59,0
1279,2022-04-20,2,9,12,16.37,0
90980,2020-06-28,1,7,12,40.37,0
48041,2019-05-12,3,3,7,48.59,0
63673,2019-10-25,1,5,9,8.13,1
30249,2019-04-26,1,3,4,24.19,0
99604,2022-11-22,2,1,12,11.01,1
75909,2021-04-21,1,6,6,2.86,1
47059,2022-08-08,3,5,6,18.22,0
27237,2022-01-27,2,6,6,33.27,0
41595,2019-10-04,1,2,10,6.16,0
70672,2019-02-07,2,4,2,35.24,0
93684,2020-01-23,1,9,10,25.59,0
71819,2023-10-03,2,3,6,31.62,0
44579,2022-04-10,2,4,8,17.55,0
67813,2020-03-01,2,5,13,28.27,0
21578,2019-07-23,3,7,10,35.52,0
71118,2022-06-02,1,1,6,40.65,0
90812,2020-08-13,3,2,10,27.78,0
86941,2021-08-11,1,2,8,40.52,0
12786,2019-06-23,1,3,9,27.76,0
53057,2021-08-18,2,9,6,7.04,1
61758,2021-05-16,1,3,11,37.34,0
10068,2022-11-02,2,2,12,25.32,0
81864,2021-08-23,3,4,6,35.71,0
57001,2019-07-23,1,2,5,10.04,0
9348,2019-06-11,3,4,7,12.5,0
87514,2019-06-14,1,10,3,16.59,1
46836,2019-04-03,1,10,2,17.98,0
26308,2019-08-22,3,7,4,44.75,0
57344,2023-08-06,1,3,3,36.77,0
37692,2021-10-17,1,6,7,17.83,0
99608,2021-08-07,1,1,5,5.57,0
78061,2019-09-04,2,5,5,38.35,0
31823,2022-12-27,1,9,7,48.76,0
40496,2020-01-01,1,7,9,37.51,0
9187,2019-01-08,3,3,12,10.32,0
2200,2019-06-29,1,1,10,38.45,0
36218,2022-08-11,2,7,13,14.39,0
27111,2019-08-11,2,6,7,28.9,0
88618,2022-04-29,1,6,4,46.35,0
93794,2020-10-12,3,7,10,43.56,1
75967,2021-02-17,3,7,3,38.06,0
96591,2019-08-21,2,7,5,20.27,0
59623,2019-10-08,1,3,5,8.82,1
87049,2020-02-08,2,3,7,24.05,0
51124,2021-08-12,2,8,4,41.34,0
53404,2021-09-22,2,10,3,46.17,0
69324,2019-11-05,1,9,4,38.72,0
19300,2019-06-03,3,2,11,43.81,1
4362,2021-02-23,2,10,9,39.97,0
44885,2023-02-15,1,6,8,48.13,0
15888,2020-03-22,3,7,7,4.05,1
78439,2019-03-30,3,7,5,4.02,0
70448,2022-04-23,2,10,9,34.91,0
74836,2021-09-03,1,4,13,7.82,0
69556,2021-10-15,1,8,9,40.85,1
52917,2021-11-10,3,8,11,21.64,0
50663,2019-10-23,1,5,13,12.82,0
69010,2022-09-28,1,10,7,5.28,0
28779,2023-12-11,1,1,2,45.28,0
16895,2020-06-09,3,6,4,8.15,0
6042,2019-05-29,1,8,13,34.26,0
45494,2021-10-22,2,4,10,30.92,0
23556,2022-09-23,1,7,9,22.08,1
32076,2022-08-25,2,7,7,49.9,0
16773,2022-08-23,3,7,1,17.37,0
97191,2023-09-01,2,7,6,45.08,0
89180,2019-05-27,2,2,9,12.32,0
63367,2022-12-16,3,1,5,36.9,1
26864,2021-06-30,3,3,7,45.6,0
13664,2021-11-05,1,4,11,46.28,0
41424,2019-03-14,3,2,4,28.68,0
36201,2022-11-20,2,10,1,6.33,0
41511,2019-05-10,1,1,10,19.09,0
72758,2023-12-14,2,2,12,6.53,0
44329,2020-12-07,3,2,5,13.91,0
20777,2023-05-15,1,10,13,36.86,1
41685,2023-06-08,1,2,4,9.13,0
67398,2019-08-26,1,3,3,29.29,0
54788,2023-04-23,3,1,5,11.95,0
27763,2020-01-14,1,3,11,15.12,0
49188,2019-02-13,2,4,4,42.9,1
53446,2023-03-21,2,8,2,9.25,0
15994,2022-02-08,1,5,5,37.26,1
90835,2020-07-31,3,2,11,8.12,0
76823,2021-12-17,2,3,9,11.36,0
25698,2022-05-19,3,10,5,48.34,0
25340,2022-03-16,1,10,4,43.94,0
31767,2023-12-20,3,5,7,47.87,0
73239,2019-08-24,2,8,6,20.81,0
83009,2021-05-27,3,8,7,45.0,0
51781,2023-10-06,3,1,2,20.73,0
49356,2022-07-19,1,4,1,5.1,0
17638,2019-12-24,2,4,13,14.12,0
32625,2019-01-01,3,4,6,13.73,0
76799,2023-03-31,3,6,6,34.41,0
40740,2020-07-23,3,4,8,34.98,0
83106,2019-03-13,3,3,3,12.98,0
11791,2020-12-17,1,6,5,48.52,0
84259,2022-07-12,1,8,8,7.6,0
90408,2023-07-27,2,5,5,7.69,0
45727,2023-07-04,3,2,12,26.48,0
64431,2021-12-22,3,9,10,4.38,0
42962,2021-04-09,2,10,9,6.88,0
16048,2021-08-05,3,7,1,49.9,0
92513,2022-01-16,2,7,13,44.94,1
37316,2021-06-01,2,2,1,49.17,0
66044,2022-01-09,2,7,2,28.26,1
18993,2019-06-13,3,9,6,10.77,0
21907,2022-03-24,2,8,3,9.66,1
47173,2023-07-04,3,7,12,26.16,0
87152,2020-08-17,3,9,1,45.29,1
97640,2023-04-15,3,3,3,16.29,0
8886,2019-06-26,3,7,11,5.54,0
26808,2023-07-24,1,3,1,43.57,0
96252,2021-11-04,3,5,8,40.16,0
5343,2022-08-11,3,3,12,13.51,0
77953,2022-01-20,1,8,6,19.41,0
40493,2023-08-27,2,3,5,5.55,0
35245,2019-05-28,1,9,12,30.5,0
70714,2020-05-10,2,8,7,30.53,0
31192,2022-02-25,1,8,7,38.48,0
85107,2020-02-07,3,8,6,14.6,1
57510,2023-08-03,3,10,4,2.21,0
42943,2019-04-04,3,10,7,42.73,0
50635,2022-04-20,2,6,4,38.14,0
52679,2021-01-22,3,4,11,16.39,0
33795,2021-08-12,2,2,5,46.32,0
77457,2022-07-27,3,7,8,17.16,1
75976,2023-07-30,3,2,4,38.22,0
82143,2019-02-25,3,1,5,26.43,0
66699,2021-01-25,2,8,8,16.99,0
32821,2022-01-20,3,10,7,2.73,1
22248,2020-07-09,1,4,6,35.22,0
10543,2020-06-17,1,4,12,7.51,1
51444,2019-05-30,2,4,4,20.44,0
79355,2020-02-27,2,10,12,27.92,0
16623,2019-09-05,1,2,13,38.16,0
85445,2023-03-25,2,8,13,22.55,0
71035,2021-05-30,3,1,9,2.67,0
14868,2021-01-16,3,2,1,8.97,0
92141,2023-10-31,1,5,7,14.65,0
42983,2020-06-21,1,6,3,35.16,0
31115,2019-04-06,1,5,3,33.57,0
31871,2019-05-24,3,7,1,36.65,0
89774,2019-11-24,3,3,9,12.4,0
8038,2020-07-26,3,9,13,49.63,0
30149,2021-03-30,3,1,2,28.58,1
14682,2021-08-01,2,2,1,31.84,0
93469,2023-04-26,1,8,7,14.14,0
31522,2023-10-09,1,6,6,29.73,0
17733,2022-03-21,2,1,9,41.19,0
78435,2022-03-08,2,6,13,46.55,0
82875,2021-09-14,3,3,6,10.62,0
11762,2023-09-08,2,3,5,36.37,0
95882,2020-04-16,1,5,1,10.52,0
57589,2023-07-14,2,9,13,39.02,0
48278,2019-09-26,2,6,6,41.34,0
34274,2022-06-01,1,8,3,19.9,0
73520,2020-04-16,1,9,7,43.39,0
99954,2023-04-13,1,4,11,48.3,0
80967,2023-02-02,3,5,5,32.19,0
18175,2022-03-01,2,10,10,12.45,0
94999,2021-06-18,2,8,3,7.85,1
60312,2022-11-02,1,3,10,39.28,0
8444,2021-10-15,2,2,6,6.55,0
47861,2021-07-03,1,3,8,8.25,0
76807,2023-10-14,1,4,1,17.07,1
77538,2022-02-10,2,2,2,15.38,0
24323,2020-12-04,2,10,11,27.51,0
87414,2019-10-29,3,5,11,36.03,0
62296,2021-12-18,3,4,12,26.51,0
64190,2022-01-29,2,6,7,31.58,0
8178,2019-06-02,1,6,10,13.01,0
78703,2022-04-27,2,5,12,37.03,0
76461,2023-04-09,2,8,9,22.79,0
77842,2023-12-01,3,9,13,32.51,1
17258,2023-06-13,1,1,11,35.15,0
91509,2020-11-18,3,2,13,25.72,0
22003,2023-09-08,3,7,8,11.67,0
57786,2021-04-14,1,2,9,41.5,0
5554,2022-10-08,1,1,3,8.76,0
66827,2023-03-13,2,1,11,46.41,1
74778,2022-07-09,3,10,7,5.44,0
12528,2023-10-27,2,4,3,41.25,0
18047,2020-08-28,3,6,1,44.32,0
40379,2021-08-22,3,8,5,40.55,0
51685,2021-08-17,3,2,13,26.23,1
53982,2021-05-15,3,10,5,23.97,0
21461,2022-12-27,3,9,6,42.3,0
99696,2021-03-30,1,10,7,2.36,0
72513,2020-01-05,1,1,1,13.21,0
91860,2019-08-20,1,7,2,27.95,0
96029,2020-06-27,2,6,6,44.0,0
19894,2020-09-30,2,4,5,17.0,0
31183,2023-01-16,3,9,7,4.16,0
48851,2021-09-26,1,1,10,41.47,0
75218,2022-09-28,1,6,9,36.8,0
53746,2020-05-22,1,10,5,48.49,0
48594,2021-08-23,1,5,5,4.86,0
51974,2020-01-25,3,2,1,37.45,0
28783,2023-04-12,3,9,7,13.56,0
83780,2020-07-25,3,6,12,26.03,0
82922,2021-09-19,3,6,7,16.02,0
91575,2021-12-16,2,4,13,40.65,0
71066,2020-12-26,1,10,9,12.67,0
5936,2023-10-24,1,1,3,42.38,0
46293,2020-08-26,2,5,9,20.32,0
42271,2020-10-19,3,9,4,27.56,1
24929,2020-09-01,3,4,13,9.13,0
52623,2019-08-26,1,2,4,39.68,0
98632,2019-09-15,1,3,10,36.65,0
23847,2019-09-25,3,3,2,6.84,0
53714,2019-10-25,2,6,9,25.15,0
45126,2022-12-29,1,8,6,26.42,1
20980,2019-02-26,1,2,6,44.62,1
73373,2021-04-19,2,8,5,46.39,0
68171,2019-04-15,3,7,10,10.05,0
61641,2019-08-07,3,2,12,41.12,0
13767,2020-09-02,2,5,4,3.08,0
92206,2019-10-31,1,3,11,37.74,0
31510,2020-09-26,3,9,6,4.93,0
70684,2021-06-16,2,4,12,29.69,0
44009,2021-08-20,1,4,5,22.99,0
23401,2022-02-15,1,6,13,47.75,0
16397,2020-10-02,3,10,4,7.53,0
34185,2020-11-04,1,10,8,47.03,0
63969,2021-12-07,3,2,1,28.31,0
78179,2022-03-29,2,3,8,26.47,0
5041,2021-05-01,3,1,10,39.17,0
44445,2023-08-24,1,6,8,20.45,0
34798,2019-05-29,2,7,1,42.16,0
3358,2019-11-18,3,4,11,4.49,0
3199,2021-02-25,2,8,9,28.37,0
6815,2020-02-08,1,1,8,45.12,0
6138,2019-09-23,2,7,9,19.84,0
41285,2021-09-09,2,8,4,27.16,1
47381,2019-07-03,3,7,5,5.7,0
19324,2021-08-20,3,3,7,30.27,1
37600,2019-03-03,3,4,5,43.26,0
520,2020-05-09,1,9,1,30.85,0
6553,2022-07-25,1,1,4,34.69,1
15605,2023-04-20,1,9,4,17.98,0
16577,2023-07-27,3,5,13,25.33,0
98222,2022-03-28,3,6,2,17.0,0
39468,2019-12-05,3,10,2,20.57,0
60780,2022-07-11,2,2,9,23.61,1
60563,2023-01-25,1,4,4,24.97,0
75598,2022-03-04,2,8,1,39.9,0
70279,2019-09-11,2,8,1,17.65,1
64107,2019-11-03,1,6,9,13.5,0
37110,2021-07-17,2,8,12,27.1,0
23906,2022-01-25,2,3,3,15.45,0
95253,2021-05-05,1,7,7,27.48,0
39354,2019-01-25,3,9,8,32.56,0
68729,2022-05-23,2,6,10,44.35,0
86244,2023-07-29,1,8,3,26.14,1
41072,2022-02-13,3,4,11,32.12,0
805,2021-12-18,2,2,2,20.7,0
40941,2021-07-15,2,2,8,42.54,0
97884,2022-02-26,3,6,1,37.45,0
30259,2020-11-09,3,4,8,29.62,0
12013,2022-05-26,3,9,2,42.84,0
93478,2020-08-02,2,7,12,26.64,0
76195,2023-09-15,1,4,4,17.88,1
29203,2023-12-30,2,1,3,6.79,0
67841,2020-01-26,2,10,7,7.46,0
51788,2022-04-06,3,5,5,26.74,0
99826,2021-10-14,3,6,9,3.86,0
86419,2019-01-08,2,9,4,8.61,0
12989,2019-12-01,1,4,12,17.84,0
19252,2023-12-21,1,1,5,15.46,1
65540,2021-08-05,1,7,9,7.1,1
99876,2019-11-09,3,5,3,6.32,0
78074,2023-06-24,3,5,5,23.14,0
71899,2019-08-21,1,1,7,49.91,0
8811,2021-06-11,1,10,10,11.2,0
52923,2019-03-06,1,3,7,24.44,0
50957,2020-05-02,2,3,4,10.15,0
35105,2022-02-28,2,6,11,22.67,0
941,2022-03-02,3,9,11,3.28,0
72453,2023-06-08,3,5,12,46.18,0
24436,2023-10-03,3,9,9,24.7,0
26674,2021-02-15,3,8,11,40.82,0
68461,2019-12-13,3,7,3,48.77,0
8310,2020-08-22,2,5,6,47.23,0
37853,2019-12-26,1,8,1,39.55,0
34981,2021-08-16,3,5,3,34.96,1
98820,2021-06-20,3,3,5,49.91,0
9665,2020-12-02,2,3,6,15.96,0
23187,2019-01-30,2,4,7,2.63,0
79175,2020-12-17,1,3,7,35.54,0
76015,2022-03-25,3,4,13,11.53,0
962,2021-11-08,3,3,10,31.36,0
41670,2020-11-21,3,3,3,33.15,0
24759,2021-05-08,3,9,6,30.81,0
41168,2019-04-13,2,9,5,18.97,0
93177,2020-02-08,2,9,11,47.79,0
61064,2022-04-22,3,9,11,33.6,1
37616,2019-05-07,2,7,10,35.2,0
19487,2022-02-07,3,7,1,27.07,0
17204,2020-12-11,1,7,13,43.84,0
50161,2022-06-18,2,3,1,21.69,0
95558,2023-10-27,2,7,3,48.83,0
79589,2021-05-12,3,6,12,41.47,0
12639,2021-11-01,2,7,10,46.75,0
10441,2021-03-03,3,4,9,43.81,1
21534,2020-09-06,3,10,3,20.04,0
17316,2020-11-24,2,6,1,41.35,0
23748,2023-02-03,3,10,6,45.24,0
26097,2019-07-21,3,1,6,28.16,0
50298,2019-03-20,3,6,8,19.52,0
62605,2023-01-06,2,1,6,27.81,0
45212,2019-07-30,1,8,4,9.44,0
30298,2023-05-07,2,5,2,9.5,0
22103,2020-03-17,3,3,6,18.04,0
72041,2022-04-23,3,7,4,47.9,1
77362,2020-09-12,2,1,5,24.84,0
88184,2021-06-27,1,1,4,10.39,0
38009,2021-11-29,1,2,3,45.41,0
16703,2023-06-07,3,9,6,24.09,0
25846,2021-10-31,3,6,13,39.99,0
91674,2021-10-08,3,10,11,44.54,0
95397,2021-12-30,1,2,9,42.83,0
32949,2020-11-04,3,6,5,46.27,0
45153,2021-08-20,1,3,3,18.39,1
12397,2022-02-24,2,8,1,26.96,0
92865,2021-10-18,2,1,9,23.91,1
54378,2022-04-22,1,2,13,45.11,0
6229,2022-11-27,1,7,1,2.95,0
18983,2023-01-08,3,5,1,49.28,1
43808,2020-04-24,2,4,6,48.66,0
58833,2019-06-15,1,9,9,44.61,0
48129,2023-09-22,2,10,5,11.88,0
69113,2019-02-25,2,6,12,11.27,0
49620,2023-12-20,2,10,10,19.77,0
75030,2021-04-29,2,5,6,21.93,0
81025,2020-05-17,3,5,8,15.55,1
89032,2022-03-23,1,9,13,42.38,0
63054,2022-11-28,2,1,13,21.86,0
3225,2023-01-31,1,6,3,37.55,1
38703,2023-05-23,2,3,12,10.73,0
6800,2019-12-31,1,2,3,41.22,1
19047,2020-11-12,3,5,8,39.16,0
98536,2021-09-08,2,6,7,14.27,0
14175,2023-11-02,1,8,6,6.23,0
63432,2019-04-17,1,2,4,47.17,1
16557,2020-02-11,3,10,2,35.98,0
64879,2023-10-26,3,8,2,20.73,0
58611,2023-02-26,2,8,8,19.53,0
43445,2019-09-02,2,5,4,29.08,1
80323,2020-04-06,2,3,1,32.49,0
93953,2019-02-16,1,10,7,46.78,0
2900,2021-03-17,1,2,5,47.08,0
70841,2020-06-02,2,6,7,4.29,0
25715,2021-05-30,1,7,10,9.39,0
91536,2023-10-26,1,7,12,43.21,0
49800,2019-10-07,1,8,12,17.12,0
33752,2021-02-09,2,2,3,17.62,1
48123,2020-08-29,2,4,5,33.4,0
90510,2021-10-19,1,9,12,11.52,0
60790,2019-08-06,2,5,4,31.18,0
86321,2021-01-11,2,1,5,4.18,0
95487,2022-08-25,2,9,5,14.89,0
76071,2019-06-24,3,1,4,40.39,0
29184,2022-12-27,3,2,12,4.63,0
47944,2023-05-26,2,3,8,34.52,0
18003,2022-07-06,2,6,6,40.55,0
16830,2020-11-06,2,2,13,10.64,1
2044,2019-05-04,3,3,13,12.32,1
74994,2019-02-12,2,7,3,27.48,0
88163,2023-06-26,2,10,11,24.57,0
17311,2020-05-25,2,5,12,24.24,0
52353,2021-09-01,1,9,12,19.77,0
21055,2020-07-25,3,2,2,6.4,0
22180,2020-10-19,1,3,2,33.22,0
80043,2022-05-11,2,4,11,43.98,0
29276,2022-11-03,3,7,5,15.96,0
172,2019-08-06,3,10,9,31.99,1
58511,2019-06-21,3,3,9,30.34,0
51222,2023-08-26,3,6,4,43.55,0
38830,2019-11-10,3,9,2,43.36,0
87141,2020-02-07,3,2,8,44.93,0
7603,2020-04-10,3,2,7,46.93,0
79552,2019-07-23,2,7,7,20.02,0
23543,2022-08-12,2,1,1,21.91,0
15032,2019-02-21,2,5,11,30.16,0
35016,2021-08-06,1,10,3,37.58,0
37998,2019-03-28,3,4,10,33.91,0
46637,2021-05-24,2,3,8,33.67,0
12221,2019-05-23,1,2,2,45.73,0
49860,2019-10-24,3,6,7,13.31,1
73890,2020-01-09,3,6,1,33.59,0
81093,2023-09-28,1,4,6,24.82,0
47004,2022-12-12,2,1,2,32.01,0
10313,2020-01-22,1,10,12,8.09,0
28270,2022-09-24,3,9,2,21.62,0
38952,2021-08-28,1,7,13,30.34,1
27067,2021-06-04,1,3,6,13.62,1
50671,2023-07-26,1,10,12,9.43,0
39748,2019-10-17,2,2,1,2.74,0
99090,2023-09-23,3,7,2,2.7,0
43183,2023-07-08,3,5,7,32.98,0
20944,2022-12-17,3,9,5,9.39,0
94769,2023-01-31,3,7,10,27.65,0
49549,2019-03-12,1,8,9,23.54,0
97292,2019-06-05,3,8,1,8.61,0
90851,2019-08-26,3,3,11,15.22,1
65257,2020-03-17,3,9,4,25.78,0
66600,2022-09-27,1,4,7,46.56,1
19245,2023-03-06,1,10,11,36.39,0
19819,2021-03-11,3,6,10,2.57,1
28854,2021-11-26,3,1,9,12.69,0
44891,2019-02-22,2,8,4,7.88,1
86875,2022-06-06,2,5,1,42.25,0
28818,2020-07-26,3,6,10,4.53,0
49587,2022-01-12,3,1,5,35.79,0
49627,2020-12-18,1,5,8,32.86,0
54202,2022-02-06,3,10,6,10.9,0
61077,2020-03-24,3,7,4,30.48,0
10806,2021-03-02,2,9,5,42.1,0
65234,2020-11-29,3,5,4,29.53,0
763,2023-07-15,3,5,7,38.25,0
80874,2019-12-07,2,1,7,47.19,0
38028,2022-08-05,1,10,10,45.21,1
53820,2022-04-25,2,1,5,34.94,0
70658,2021-11-29,1,9,12,15.35,0
37211,2020-11-16,2,8,6,43.76,0
22467,2020-09-19,2,8,12,10.58,0
13560,2019-12-07,2,1,3,9.38,0
92987,2023-08-10,3,3,6,46.31,1
84073,2022-02-05,2,4,12,43.88,0
9689,2023-02-14,1,10,3,30.3,1
7470,2019-03-05,3,4,10,36.96,0
49428,2021-11-11,2,8,10,31.94,0
60506,2019-02-01,1,10,10,24.18,0
44236,2023-04-21,2,10,10,40.07,0
84554,2020-03-08,1,10,5,2.75,0
14688,2019-07-08,3,10,8,22.78,0
32648,2021-08-04,2,6,12,31.26,1
64464,2023-07-31,1,3,4,44.4,0
96375,2022-05-16,3,10,3,8.99,0
71890,2023-05-25,1,10,8,42.57,0
61902,2022-05-16,3,6,5,31.7,1
29419,2019-10-28,3,10,13,16.25,0
24107,2019-07-18,2,6,8,8.66,0
15896,2021-02-11,3,3,4,25.99,0
52948,2022-05-20,1,8,2,32.6,0
57085,2019-12-15,3,6,3,40.49,0
68498,2022-02-15,1,4,5,21.42,0
688,2020-06-01,1,6,10,43.98,0
130,2023-12-22,2,2,7,2.34,0
7492,2022-08-13,3,6,4,29.22,1
32847,2022-03-14,2,9,8,16.81,0
96556,2023-07-11,2,4,13,19.01,0
48371,2020-01-22,1,5,4,2.21,0
43772,2021-06-27,1,4,2,15.79,0
86159,2019-09-15,1,10,3,45.3,0
86137,2019-09-10,2,10,12,27.99,0
69904,2022-02-02,3,1,10,20.65,0
24035,2021-08-24,1,2,13,21.14,0
48494,2023-10-24,1,4,8,27.39,0
50740,2022-09-24,2,10,9,32.13,0
79860,2020-06-04,3,1,8,5.96,0
99289,2023-10-02,1,4,6,16.16,1
50147,2022-02-05,2,9,7,31.0,0
26711,2019-04-21,1,8,9,2.89,0
27172,2021-07-22,2,1,1,40.43,0
58936,2020-12-27,1,5,9,48.69,0
71072,2019-11-21,3,3,13,48.32,0
95384,2022-04-10,2,10,10,11.58,0
32714,2021-08-15,3,7,6,20.83,1
79109,2020-03-06,1,6,8,21.23,0
73868,2021-10-27,1,5,8,13.37,1
31934,2021-06-09,1,4,9,29.4,0
9711,2020-08-10,2,7,6,45.25,0
38460,2023-02-13,3,6,6,44.05,0
81063,2021-06-30,2,3,4,49.65,0
94061,2023-06-11,3,10,9,45.81,0
24895,2020-09-03,3,6,1,12.75,0
20905,2020-08-21,1,8,10,8.42,1
29728,2022-11-17,2,2,13,14.39,0
93906,2020-10-17,2,1,6,14.23,0
51026,2021-06-05,1,3,13,25.5,0
41884,2019-04-10,1,4,6,16.21,0
2499,2020-03-05,1,4,10,18.24,0
7537,2020-01-25,2,7,4,34.67,0
15691,2019-10-11,2,5,10,37.94,0
75122,2022-05-13,2,7,8,17.46,1
77801,2019-11-24,1,5,4,29.67,0
43511,2023-05-12,2,8,8,20.44,0
26085,2021-01-28,2,2,3,26.07,1
47777,2023-12-14,3,1,1,28.67,0
34012,2020-09-23,3,3,12,18.29,1
68710,2023-05-30,3,5,6,48.87,0
47280,2020-06-24,1,6,2,3.11,0
51906,2019-06-25,2,7,3,31.68,0
73224,2022-12-05,1,5,2,12.64,0
32927,2019-07-13,3,3,3,29.53,0
27035,2021-09-14,3,9,5,5.85,0
86896,2020-02-14,3,8,10,42.8,0
39747,2021-06-15,1,7,7,48.62,0
15590,2021-05-14,2,5,2,10.63,0
6903,2023-11-27,2,7,10,39.3,0
7832,2022-06-25,3,2,5,22.03,0
54102,2022-08-07,1,3,11,42.78,1
88434,2019-06-17,1,10,13,47.7,1
77984,2019-05-08,1,1,13,3.58,0
47532,2019-08-16,1,3,3,3.24,1
87429,2022-08-17,3,1,12,46.97,0
31595,2021-05-18,2,4,8,14.96,0
91777,2022-05-21,1,2,13,47.29,0
35566,2019-01-29,2,3,8,45.65,0
36509,2023-04-13,3,4,12,38.72,0
30738,2023-12-08,3,6,9,21.78,0
39297,2023-07-11,3,8,7,8.0,0
60497,2020-09-20,2,6,6,38.06,1
1464,2022-09-08,3,1,10,5.63,1
14471,2019-08-05,3,9,10,9.07,0
93196,2019-09-18,1,5,11,17.1,0
34866,2020-04-27,3,3,5,9.95,0
26063,2021-10-04,2,1,5,40.52,0
53983,2020-12-14,3,8,8,26.55,0
70955,2021-09-11,2,4,13,3.25,0
87024,2023-10-19,1,2,1,8.98,0
96957,2020-09-02,3,8,8,38.88,1
44574,2019-05-17,1,9,5,20.13,0
76524,2019-06-22,2,5,12,15.43,0
81178,2023-12-09,3,10,10,20.72,1
16564,2022-03-14,1,9,13,35.29,1
50535,2022-12-14,3,9,1,31.17,1
80074,2019-08-30,3,5,4,42.54,0
50314,2021-09-03,1,4,1,3.22,0
80257,2022-09-03,1,8,2,15.16,0
87550,2019-08-25,3,2,9,33.57,0
3683,2020-06-09,2,7,1,35.05,0
9219,2023-01-24,2,1,12,8.93,0
2829,2023-01-22,3,5,9,28.06,1
78296,2023-01-06,3,10,2,17.67,0
46508,2019-05-30,3,10,2,3.76,0
30667,2022-12-27,3,7,10,29.35,0
59565,2022-04-26,2,3,3,28.42,0
35143,2021-12-10,3,8,4,44.92,1
39289,2020-06-02,2,7,10,21.6,1
88426,2021-04-20,1,10,3,25.34,0
6585,2022-03-12,3,9,13,23.6,0
75660,2021-05-27,3,1,6,16.31,0
67181,2020-08-26,1,7,11,5.94,0
81515,2023-04-03,2,6,11,22.52,0
14257,2023-09-08,2,7,1,14.82,0
55061,2020-04-10,3,2,4,38.11,0
16883,2022-12-08,1,9,12,30.18,0
56608,2021-09-18,1,1,10,47.29,0
91441,2021-07-06,1,3,7,7.53,0
79475,2021-03-07,2,8,6,9.61,0
38262,2019-02-02,1,5,12,36.35,1
99345,2023-08-04,2,1,7,3.34,0
86778,2020-07-04,3,2,9,32.36,0
74589,2019-09-11,1,7,9,8.74,0
81819,2021-05-11,1,9,6,10.22,1
71075,2023-05-11,1,4,9,2.49,0
73491,2023-11-16,3,2,10,44.61,0
39251,2023-07-17,3,8,3,19.16,0
66857,2020-12-03,2,9,2,31.0,0
54697,2023-04-26,1,10,13,45.17,0
24709,2022-01-15,3,10,6,48.49,0
84093,2019-12-29,3,2,12,8.71,0
4667,2022-01-04,2,8,13,8.52,1
81673,2021-08-09,3,8,2,18.94,1
86124,2022-02-14,3,5,10,40.89,1
69842,2022-05-01,2,6,6,43.34,0
11526,2021-07-27,1,2,9,37.51,0
94798,2023-09-06,1,9,9,12.64,0
38797,2023-07-04,1,1,10,8.73,0
37146,2021-05-16,3,9,6,23.28,0
83059,2023-10-16,1,8,4,19.4,0
59311,2022-07-05,3,6,6,24.72,0
89989,2023-07-20,2,8,4,2.41,0
64100,2019-06-07,2,10,4,35.19,0
26515,2019-09-16,1,1,2,34.85,0
71402,2020-10-10,2,4,2,34.73,0
8829,2021-01-11,2,8,9,9.3,0
33247,2019-01-03,1,7,3,37.55,1
6520,2019-02-05,2,6,13,20.45,0
1249,2022-05-13,3,7,12,10.18,0
18041,2020-04-02,3,5,3,49.72,1
10603,2022-11-02,1,3,3,30.16,0
42311,2019-06-04,2,6,10,46.05,0
93355,2022-08-12,1,6,3,4.5,0
79232,2022-08-30,2,5,6,26.67,0
22729,2021-04-08,3,8,13,3.59,0
99011,2020-05-09,1,9,13,36.36,0
18223,2022-11-02,3,5,7,11.16,0
26077,2019-06-13,2,1,10,49.73,0
73357,2023-12-10,3,5,12,24.5,0
8834,2020-12-01,2,5,1,16.52,0
99008,2022-05-30,1,2,8,20.78,0
39708,2023-07-26,1,10,10,22.14,0
57934,2023-12-03,1,6,1,42.98,1
6033,2020-02-28,3,7,13,14.62,0
61262,2023-08-25,1,9,10,39.05,0
64259,2019-01-03,1,7,3,36.2,0
42767,2023-07-26,3,7,3,29.02,0
87332,2019-10-13,2,5,12,14.56,0
80869,2019-07-18,2,2,8,42.36,0
81091,2023-12-15,2,1,9,39.02,0
19216,2021-01-20,2,3,8,16.53,0
56077,2019-03-12,3,10,4,19.15,0
49987,2021-02-26,2,3,5,31.02,0
7552,2023-02-17,3,6,11,43.08,0
89987,2022-12-25,3,4,1,40.54,0
37473,2023-03-10,2,4,1,34.12,0
41365,2020-04-26,2,10,11,22.77,0
35680,2020-09-16,1,3,2,5.56,0
34419,2023-03-30,3,3,6,22.88,1
51711,2023-01-16,3,5,2,46.17,0
83372,2019-04-19,3,4,11,44.7,0
57993,2022-11-12,1,8,1,28.57,0
7928,2020-02-06,2,10,3,26.9,1
37827,2020-01-22,2,10,2,31.68,0
15196,2021-04-11,3,3,3,30.25,0
70621,2020-09-22,1,2,1,40.53,0
95852,2022-09-15,1,6,12,33.9,0
36121,2020-08-04,1,5,6,39.1,0
85,2020-04-08,3,5,3,2.05,0
12302,2020-03-15,3,1,9,47.07,0
15024,2022-10-07,1,4,5,16.21,0
638,2020-04-24,2,3,4,19.51,0
24961,2021-01-09,2,3,13,38.71,1
2744,2020-05-06,3,9,1,48.39,0
87842,2019-08-02,2,9,4,37.76,0
9022,2021-07-25,2,10,4,7.41,0
96866,2020-06-25,2,9,7,29.7,0
73141,2022-10-13,2,2,13,31.21,0
9124,2023-07-18,2,10,7,4.3,0
13840,2023-02-18,2,9,1,10.98,0
83924,2023-10-04,2,1,11,49.61,0
79251,2019-01-30,1,5,2,2.13,0
82898,2020-04-03,3,7,9,30.6,0
87241,2023-06-17,3,2,1,24.51,0
59704,2022-01-03,3,2,10,11.46,0
23261,2019-03-09,1,8,11,13.12,0
87415,2022-02-09,1,2,7,22.95,0
1696,2021-03-14,1,6,7,14.48,0
96840,2023-05-06,3,7,10,47.54,0
64694,2022-01-31,3,9,10,29.72,0
87155,2019-09-12,3,5,7,45.0,0
12589,2021-08-20,1,2,4,6.25,1
79360,2020-02-03,1,7,5,19.16,1
24582,2021-02-20,2,7,1,13.63,0
45343,2020-09-08,1,8,13,18.34,0
2575,2023-10-04,1,4,11,43.89,0
99440,2023-08-27,3,8,13,21.44,1
74014,2019-04-11,1,1,13,8.16,0
14002,2019-11-07,1,7,1,14.89,0
76789,2020-10-25,3,10,3,30.66,0
84936,2023-06-20,1,1,6,5.02,0
25291,2022-03-25,3,6,11,20.42,0
36224,2019-07-20,3,8,5,49.13,0
14670,2019-09-23,3,9,10,38.56,0
52202,2020-09-15,1,2,12,42.51,0
9667,2020-12-14,3,6,9,21.25,0
94356,2020-05-08,2,8,6,4.17,0
43269,2022-10-01,1,4,7,42.09,0
23787,2021-07-11,1,2,8,22.08,0
24757,2023-05-22,1,9,4,3.42,0
35052,2019-12-14,2,4,7,5.92,0
32693,2020-01-09,2,7,4,23.81,0
94481,2022-09-16,2,6,1,4.15,0
68727,2022-04-21,3,5,1,27.5,0
42119,2023-03-04,1,7,9,3.4,0
33761,2022-11-27,1,8,4,34.36,0
33346,2019-06-09,3,10,5,48.08,1
3509,2019-05-02,1,2,6,35.52,0
26408,2019-01-23,2,8,5,13.47,0
44535,2019-11-21,2,1,12,2.7,0
66907,2020-05-14,1,8,6,19.09,0
1724,2023-01-10,3,3,11,5.09,0
72633,2019-03-31,1,8,1,4.12,0
34325,2019-05-03,1,9,6,31.94,0
72488,2020-09-30,3,6,6,11.49,0
99189,2019-05-13,3,7,5,40.39,0
27077,2022-12-10,3,3,5,14.38,0
28744,2022-08-14,3,3,10,29.78,0
60924,2020-12-23,3,9,7,4.41,0
37860,2019-10-17,1,9,10,48.18,0
86184,2021-10-04,1,3,10,38.33,0
53405,2019-05-13,1,7,9,7.9,1
63812,2019-05-29,1,4,9,24.73,0
2253,2019-11-04,2,5,6,24.25,0
92202,2023-05-20,3,4,12,14.13,1
70753,2020-04-06,1,8,1,19.79,0
42620,2023-02-09,2,10,12,18.43,1
33427,2023-07-29,2,1,6,29.67,0
94571,2019-10-19,3,3,9,23.64,0
12069,2019-03-25,3,10,6,16.45,1
28515,2022-08-23,2,3,2,10.27,0
78645,2020-11-28,1,7,12,39.19,0
15913,2021-07-05,3,3,11,3.57,0
5941,2022-02-23,1,7,3,6.69,1
33866,2022-08-09,1,4,3,37.62,0
20397,2021-12-06,2,2,3,46.25,0
27734,2021-06-20,2,5,6,47.14,0
83504,2022-09-07,3,5,1,22.21,0
35261,2020-11-26,3,7,1,44.94,0
20940,2020-10-25,1,3,10,33.54,0
59857,2019-09-10,1,1,9,7.79,0
35647,2023-06-29,1,1,3,35.15,0
10982,2021-03-13,1,6,2,38.0,0
30687,2019-06-12,3,3,7,28.15,0
35072,2021-01-06,2,6,7,23.98,0
63033,2020-05-01,3,2,4,29.59,0
11714,2021-01-05,3,3,1,11.43,0
30276,2023-04-28,3,8,10,21.28,0
85804,2023-09-08,2,10,9,18.37,0
47457,2019-12-26,2,6,13,27.17,1
45680,2021-09-20,3,6,10,48.4,0
74727,2023-06-22,3,1,4,3.25,0
52393,2022-01-16,2,4,11,17.77,1
30632,2021-09-23,2,5,2,5.67,0
94262,2019-06-05,2,7,3,6.72,1
73774,2020-08-29,1,9,13,2.7,1
8090,2021-03-17,3,10,12,42.29,0
28124,2020-01-17,3,4,1,17.89,0
25784,2022-12-25,3,6,10,16.5,1
87153,2019-04-26,1,1,3,14.58,0
28428,2022-06-24,1,9,11,7.48,1
4028,2022-06-20,2,6,12,23.02,0
87723,2019-01-06,1,9,13,11.39,0
74398,2021-02-11,2,9,1,46.96,0
18511,2020-09-03,1,6,8,37.97,0
335,2022-12-22,3,2,10,37.21,0
30459,2021-10-04,2,8,13,21.01,0
5326,2023-05-02,2,8,6,17.23,0
32967,2023-11-09,1,10,12,28.91,0
37487,2023-01-20,3,3,7,40.04,0
44615,2021-02-28,3,9,3,5.07,0
95592,2022-09-22,3,9,5,34.88,0
32257,2020-05-22,1,8,12,11.15,0
39604,2021-01-20,3,6,4,45.08,0
30489,2022-03-30,1,10,7,22.16,0
93195,2021-04-16,3,6,1,30.96,0
16816,2022-11-18,2,8,10,46.01,0
72496,2022-02-22,1,2,8,26.24,0
62251,2020-09-30,3,2,7,8.58,0
36243,2021-12-20,3,3,1,49.87,0
76309,2022-01-20,1,2,2,29.21,0
69811,2022-10-10,2,6,4,22.89,0
95221,2020-11-09,2,2,13,43.88,0
44767,2023-07-26,1,8,10,37.93,0
44134,2021-08-17,3,1,3,43.45,0
79720,2023-10-09,1,6,6,18.12,0
12448,2023-08-25,1,8,3,36.1,0
44136,2022-04-21,2,6,9,31.69,0
42595,2019-10-20,2,7,10,35.26,0
89734,2023-11-26,3,9,13,12.67,0
39365,2022-01-20,1,4,1,5.7,0
77193,2020-06-27,2,6,6,10.5,0
416,2022-11-21,3,10,9,21.9,0
52174,2019-08-28,1,6,1,4.08,0
82901,2023-06-17,3,2,3,45.01,0
96191,2023-10-08,3,3,10,24.53,0
62905,2021-07-24,3,2,11,22.57,0
25213,2022-02-03,1,5,12,27.43,0
66400,2019-12-13,1,8,13,16.47,1
14466,2019-07-02,1,5,7,36.36,0
17312,2021-10-17,2,2,6,6.33,0
71203,2023-11-19,2,9,4,11.88,0
40923,2019-06-30,1,3,6,16.04,1
16860,2019-06-08,2,6,4,22.47,0
73767,2021-05-09,1,5,11,41.34,0
9780,2023-06-21,3,7,6,7.45,0
66993,2020-01-21,3,1,11,24.21,0
23699,2019-04-24,3,10,13,42.65,0
5172,2019-04-11,2,8,6,47.57,0
6343,2023-06-01,1,6,2,25.07,0
81488,2019-10-14,2,5,2,15.76,0
95667,2021-04-24,2,5,1,41.22,0
32971,2020-11-16,1,6,4,31.82,0
38714,2021-04-27,2,6,8,42.82,0
38681,2021-08-21,1,9,4,35.31,1
12771,2020-01-11,1,7,11,31.18,0
2284,2019-11-10,2,6,4,8.4,0
84955,2020-06-25,1,10,11,46.8,0
94853,2019-06-05,1,2,7,29.9,0
66739,2021-06-21,2,3,8,38.19,0
69169,2021-04-12,2,1,11,39.44,1
93128,2023-08-19,3,1,7,42.86,0
74268,2023-10-27,3,6,3,45.46,0
8578,2019-12-08,1,5,9,32.5,0
96711,2023-01-17,1,10,7,28.33,0
70285,2019-06-30,1,1,7,10.6,0
97219,2023-01-24,2,10,2,15.44,0
50404,2019-10-13,3,8,3,13.77,0
80442,2021-09-18,1,9,2,48.66,0
623,2019-12-23,1,2,5,5.38,0
6945,2019-05-26,3,4,12,14.71,0
93735,2022-11-02,3,2,10,46.77,1
42686,2022-10-04,3,4,1,14.92,1
56210,2020-11-29,1,7,4,43.25,0
55216,2020-12-21,1,3,5,14.74,0
60634,2020-02-29,1,3,7,45.53,0
37460,2019-11-24,3,3,12,44.86,0
44227,2020-05-30,1,1,7,38.71,0
46799,2020-07-03,1,3,8,11.96,0
49811,2021-06-14,2,1,13,42.74,0
89198,2023-01-28,1,9,7,45.51,1
3441,2020-09-17,2,5,1,19.65,0
87528,2022-12-12,2,7,13,10.7,0
87133,2021-03-13,3,7,3,11.33,1
78687,2022-06-18,2,5,7,20.5,0
66173,2020-08-27,1,10,7,13.25,0
27682,2022-12-05,1,10,12,49.56,0
95689,2023-01-09,3,1,4,41.9,0
45881,2023-02-09,2,10,13,32.27,0
63788,2019-05-10,2,4,4,12.17,0
18510,2021-10-21,1,1,10,8.19,0
38091,2022-03-30,3,9,3,27.85,0
96619,2020-09-29,2,3,7,43.76,0
30649,2021-08-06,2,5,12,2.77,0
44260,2020-01-09,2,1,10,26.04,0
44215,2022-12-25,1,1,2,17.38,0
49613,2019-08-13,3,9,9,48.98,0
37657,2021-04-08,1,3,6,21.74,0
87442,2023-10-26,3,5,9,9.99,1
45117,2021-05-18,1,8,2,37.44,0
30535,2020-03-05,3,7,8,14.08,0
52957,2022-10-02,2,8,10,22.09,0
28978,2023-07-31,2,7,3,48.55,0
29094,2023-04-02,2,9,12,11.2,0
20326,2019-09-26,3,8,13,26.15,1
64767,2021-07-16,3,4,5,21.86,0
14419,2020-04-08,2,9,6,48.18,0
64472,2021-01-25,3,5,4,45.76,0
13821,2020-01-27,2,2,13,29.86,1
99036,2020-08-10,3,8,5,36.1,0
24723,2021-12-13,1,1,7,27.08,1
93944,2022-05-29,1,5,3,28.3,0
89311,2020-09-05,3,10,4,4.27,0
5839,2019-08-15,2,7,9,4.11,0
55481,2023-06-03,1,8,9,38.29,0
15346,2019-12-20,1,1,2,48.68,0
21289,2023-04-01,2,4,11,33.64,0
26966,2023-01-09,3,10,5,15.54,1
84956,2023-07-30,1,2,3,31.69,0
64097,2019-02-01,3,10,6,26.43,0
31047,2020-01-16,2,4,3,22.4,0
59401,2021-12-01,2,2,6,9.3,0
9998,2022-09-03,2,3,3,15.46,0
17617,2020-06-23,1,10,9,21.34,0
37850,2021-01-01,1,6,11,43.75,0
20414,2022-12-15,2,8,12,44.57,0
76221,2019-01-16,1,7,7,3.29,0
68386,2021-01-30,2,3,5,42.59,0
48962,2021-08-17,1,1,1,7.29,0
27861,2022-04-11,1,10,3,42.58,0
1215,2020-03-19,1,4,2,24.84,0
15516,2020-04-10,3,7,10,4.66,0
69996,2019-08-10,1,6,13,9.36,0
37309,2022-09-03,3,9,5,45.65,0
26361,2021-09-26,2,6,12,13.88,0
35523,2020-09-15,1,7,1,13.78,0
35773,2021-10-13,1,8,4,32.95,0
78594,2022-02-06,3,3,3,21.53,0
42928,2021-09-07,3,10,6,42.86,0
85193,2022-01-07,1,10,2,17.81,0
11567,2020-07-07,3,5,9,20.57,1
25143,2023-07-23,3,3,1,16.6,0
4409,2022-12-15,2,7,12,22.07,0
70021,2023-06-22,1,3,4,40.72,0
65553,2021-07-07,3,9,12,29.9,0
35822,2023-06-20,1,2,10,35.33,0
38662,2019-03-16,1,4,13,22.0,0
65064,2022-01-01,3,3,9,29.47,0
58915,2023-01-18,2,9,3,30.62,0
82352,2022-01-16,1,2,3,17.83,1
90837,2022-02-22,3,4,13,21.19,0
65627,2023-03-13,3,8,13,26.86,0
12628,2023-04-08,2,9,4,42.85,0
13724,2019-07-16,1,4,11,16.18,0
58866,2021-11-25,3,4,13,37.25,1
45760,2020-06-15,3,7,12,39.4,1
22461,2022-11-03,2,10,8,11.22,0
88539,2019-05-15,2,4,4,32.47,0
10492,2020-06-12,3,10,12,30.33,0
40577,2020-05-18,1,9,12,41.7,0
85157,2022-10-09,3,9,3,8.23,0
29447,2023-07-02,2,7,9,5.66,1
40008,2020-02-22,1,1,2,41.76,0
33313,2021-12-15,1,10,7,43.23,0
18411,2021-10-15,3,3,1,47.68,0
22740,2020-06-15,3,9,12,49.55,0
89401,2019-06-01,3,3,11,41.35,0
21223,2022-04-26,3,5,9,39.82,0
61498,2023-09-07,2,2,11,32.67,0
45614,2023-08-06,2,6,13,25.16,0
16365,2021-09-10,2,9,10,47.42,0
29985,2021-07-24,1,9,10,48.84,0
68133,2020-04-19,2,5,6,25.53,0
84580,2021-04-24,1,8,8,28.75,0
97152,2020-04-17,1,2,6,34.96,0
27166,2019-04-30,3,6,4,27.29,1
4520,2023-09-20,3,1,7,11.86,0
6836,2021-04-01,1,6,12,16.72,0
31884,2020-08-10,2,2,6,42.02,1
96830,2023-09-09,2,8,8,14.67,0
56899,2022-04-19,3,7,8,33.26,0
77291,2019-01-12,1,3,4,14.02,0
27281,2021-04-23,2,5,7,7.37,0
76025,2019-04-22,3,5,6,22.43,0
48261,2023-12-02,3,7,2,40.77,1
49911,2023-04-22,1,5,10,21.19,0
79783,2023-09-04,3,4,7,34.85,0
5699,2019-01-15,1,4,4,15.8,1
15212,2023-05-06,3,8,6,40.92,0
68692,2021-01-08,3,3,12,9.6,0
81069,2021-11-06,1,6,10,47.67,0
20805,2019-04-26,1,4,4,39.91,0
5790,2019-07-10,1,2,12,16.78,1
21267,2019-07-11,1,6,4,46.26,0
82530,2019-09-29,3,10,13,34.82,0
57064,2019-07-15,1,5,11,20.16,1
55982,2019-05-15,1,8,8,6.97,0
55697,2021-09-16,1,3,4,17.31,0
98677,2020-08-16,1,4,4,49.47,0
64858,2020-06-13,3,8,5,21.85,0
91016,2022-05-30,2,8,9,17.85,0
65031,2021-04-17,3,9,12,25.1,0
23943,2019-07-26,1,7,9,37.68,0
99539,2020-01-05,1,4,4,48.35,0
46301,2021-07-12,2,7,5,33.08,0
54710,2022-09-04,2,6,2,28.43,0
48529,2021-11-02,3,1,7,39.4,0
60676,2019-12-31,1,10,1,29.68,0
57335,2020-12-03,2,1,13,36.02,0
61403,2023-02-15,3,9,3,7.29,0
21965,2022-01-17,1,2,8,47.6,0
67191,2021-08-22,2,1,11,35.93,1
43552,2023-10-18,3,3,4,34.62,1
86089,2020-07-27,1,6,10,36.83,0
25015,2019-09-21,2,10,6,15.71,0
87970,2022-07-31,1,9,10,32.06,0
93299,2020-10-30,1,6,3,36.34,0
43663,2021-03-30,2,5,10,17.92,0
45893,2020-02-25,3,3,2,44.4,0
92117,2022-09-21,3,9,2,49.85,0
8929,2019-11-13,2,7,7,31.65,0
31507,2022-11-02,3,8,7,43.44,0
25387,2019-10-16,1,7,10,9.34,0
92541,2019-04-11,1,3,4,18.06,0
59196,2020-03-04,1,10,7,12.13,0
47840,2019-08-11,3,7,11,13.79,0
97373,2022-04-05,2,7,5,49.71,0
36711,2019-12-15,1,5,9,16.0,0
87096,2020-06-27,2,7,1,34.76,0
68114,2020-05-22,1,4,5,4.34,0
63797,2019-09-07,3,5,4,26.67,0
92640,2021-11-19,3,3,9,27.45,0
39642,2021-05-12,1,4,4,34.32,0
17718,2022-12-12,2,2,5,22.36,0
77719,2021-07-16,2,9,6,9.26,0
82643,2023-12-02,1,8,1,47.08,1
3008,2019-05-28,2,4,9,38.64,0
26395,2021-10-17,3,3,11,30.86,0
18575,2020-07-14,1,3,3,44.19,0
37223,2019-07-13,1,6,4,35.77,0
85958,2019-01-24,2,4,1,47.52,0
33307,2021-05-21,1,2,1,6.79,0
22069,2022-03-25,3,3,9,43.55,0
28942,2020-01-24,1,3,13,17.84,0
13895,2021-07-14,1,8,2,31.0,0
79451,2020-12-27,1,9,6,47.34,0
7218,2021-08-09,2,2,5,41.77,0
3622,2021-04-04,3,2,5,33.08,0
13382,2022-07-21,1,8,9,33.04,0
40746,2020-11-01,3,5,11,38.65,1
3403,2023-06-11,2,10,4,44.76,0
16168,2023-06-30,2,6,7,18.49,0
87244,2021-08-30,2,2,9,31.88,0
48535,2021-03-23,2,10,7,43.61,1
16370,2021-10-05,2,7,12,9.66,0
59867,2019-12-10,2,7,5,14.1,0
96989,2021-09-30,1,9,13,18.79,0
99199,2019-03-03,2,6,12,10.71,0
45339,2022-09-08,3,6,3,27.44,1
12073,2019-10-09,3,7,2,48.33,0
24133,2019-08-22,3,5,9,18.75,1
4393,2022-07-06,2,9,6,36.77,0
61732,2021-03-01,1,1,13,42.0,0
1882,2020-08-05,3,1,3,9.52,1
94827,2021-08-13,1,2,8,40.29,1
46351,2022-04-22,3,9,5,30.01,0
89326,2023-11-26,2,7,3,24.15,1
64599,2019-11-06,3,9,8,35.35,0
35087,2021-10-11,3,6,4,44.25,0
90133,2019-01-28,3,8,8,3.02,0
88352,2021-08-22,3,7,7,21.01,0
68671,2023-01-07,2,10,6,45.98,0
51960,2019-10-26,3,7,3,29.97,0
89534,2020-09-04,1,7,8,12.19,0
56762,2021-12-21,2,8,4,22.15,0
43751,2023-12-04,3,3,5,44.42,0
56486,2022-06-13,2,7,6,35.8,0
79961,2019-01-24,3,1,10,44.51,0
18634,2022-11-09,3,6,13,5.26,1
75258,2021-02-14,2,3,8,29.82,0
28840,2023-03-20,1,7,9,16.63,0
12503,2023-08-07,1,4,8,4.02,0
37901,2023-08-10,2,6,10,5.16,0
69070,2023-01-28,3,5,13,41.03,1
36465,2023-12-31,3,1,11,40.83,0
56697,2020-04-17,2,1,10,30.73,0
33347,2023-08-23,2,7,12,41.7,1
43506,2019-01-16,2,5,7,39.88,0
61566,2022-01-17,3,10,5,16.99,0
55988,2019-08-01,3,2,9,10.14,0
24542,2022-05-31,1,9,8,18.65,0
69395,2021-02-11,1,8,3,21.65,0
19196,2022-03-14,3,1,12,36.58,0
20804,2023-05-01,3,2,13,14.07,0
43188,2022-09-08,3,6,3,39.93,0
9385,2023-05-01,3,5,2,17.77,0
34100,2021-06-05,1,7,4,9.47,0
4521,2023-04-02,3,7,10,7.17,0
54776,2023-01-27,1,4,5,39.12,0
12940,2020-09-19,3,6,3,42.45,0
99804,2022-11-25,1,10,5,38.28,0
10010,2022-09-04,3,1,5,11.86,0
81375,2022-06-11,3,5,3,26.31,1
86232,2022-04-22,2,9,12,21.27,1
57214,2020-01-24,2,8,13,22.79,0
15067,2022-03-03,1,4,2,35.2,0
12775,2023-06-30,1,5,4,26.32,0
67423,2021-08-26,2,6,13,42.3,0
30109,2019-11-25,3,9,10,40.64,0
35705,2019-01-09,1,3,2,17.82,1
29256,2023-11-09,1,4,5,47.45,0
80702,2023-06-18,2,8,10,48.44,1
23447,2020-02-14,3,4,7,15.44,1
8369,2019-07-16,1,4,5,6.3,0
60003,2022-05-19,2,2,10,24.78,0
90636,2022-10-23,1,5,5,32.43,0
83052,2020-07-01,2,8,4,22.31,0
66084,2020-02-05,2,9,3,44.2,0
37726,2019-05-19,2,2,3,23.02,0
8543,2020-12-22,3,4,13,11.99,0
16538,2020-06-17,1,6,13,39.34,0
88848,2019-10-05,2,5,7,27.85,0
42457,2023-03-22,3,4,5,3.07,0
77402,2020-07-23,1,6,2,42.48,0
14361,2019-03-24,3,5,2,32.49,0
59607,2021-02-14,2,9,6,12.4,0
1960,2020-04-25,2,10,5,29.08,0
36543,2023-02-19,1,3,6,40.7,0
41207,2020-01-05,1,10,4,18.36,0
80684,2023-04-01,2,3,2,22.61,0
25701,2019-11-30,2,6,9,43.54,0
74793,2020-08-21,1,4,11,44.86,0
18207,2022-05-02,3,1,1,36.39,0
5357,2021-03-31,1,7,13,28.34,0
26751,2022-03-16,2,6,4,38.39,0
86668,2023-03-22,3,1,9,14.43,0
36997,2019-12-30,2,6,2,47.46,0
40948,2019-09-13,3,7,11,18.11,0
14556,2020-05-05,2,8,3,20.32,0
78815,2023-01-25,2,10,3,46.06,0
48531,2022-08-30,3,9,11,18.26,0
95343,2022-08-22,1,3,13,18.11,0
7012,2022-03-21,3,5,2,3.5,0
85592,2021-04-23,1,5,1,17.04,0
89234,2020-07-03,1,8,11,22.32,0
24244,2023-12-03,2,5,10,23.7,0
3780,2022-02-01,3,4,13,30.86,0
52354,2019-12-27,3,5,3,31.29,0
16182,2021-10-23,2,1,5,31.44,0
14482,2021-12-09,1,3,7,11.1,0
60394,2019-12-03,2,5,11,39.18,0
45095,2021-04-23,2,6,1,47.81,0
65634,2020-12-12,2,10,9,37.69,0
97059,2019-08-27,1,6,5,42.6,0
21113,2021-03-19,1,10,13,44.47,0
52730,2020-07-15,3,8,6,21.13,0
86945,2022-05-05,1,10,2,48.81,1
4730,2021-06-03,3,8,7,34.32,0
57486,2019-12-05,1,7,7,43.96,1
33556,2021-04-22,2,10,11,15.57,0
74182,2019-07-06,1,7,3,23.49,1
70468,2021-06-27,2,3,2,38.25,0
27524,2023-12-04,1,10,8,29.66,0
65597,2021-07-27,2,1,9,23.57,1
18601,2023-05-13,1,3,10,40.47,0
8626,2019-09-29,1,7,8,41.57,0
89951,2023-06-13,1,5,2,4.03,0
85857,2019-02-26,3,2,6,17.58,0
3553,2020-07-14,2,7,10,15.16,0
51548,2019-05-23,3,6,7,35.11,0
78864,2020-01-30,2,9,5,40.31,0
91481,2022-06-30,2,4,5,11.73,0
34967,2022-09-13,2,6,5,22.02,0
22892,2022-11-13,3,8,9,7.95,0
20114,2023-03-03,3,4,2,39.95,0
99075,2021-03-03,3,5,6,41.96,0
49880,2022-12-20,2,3,10,10.04,0
73667,2023-08-03,3,5,3,33.32,0
86793,2023-07-05,1,1,9,27.51,0
65907,2023-09-22,3,2,5,16.81,0
51638,2022-08-04,2,3,3,13.63,1
82140,2019-03-16,1,4,12,21.42,0
18055,2020-05-24,3,1,11,34.1,0
44497,2020-04-10,2,3,9,28.09,0
22946,2021-05-16,1,2,3,33.0,0
51446,2022-05-31,1,6,11,32.98,1
90857,2021-03-14,3,5,6,4.11,0
1273,2020-03-30,3,2,8,37.44,0
50464,2023-07-28,3,9,11,5.92,0
55316,2020-06-15,2,1,2,43.71,0
88382,2022-09-08,2,10,13,20.84,0
85697,2022-06-22,1,8,4,16.01,0
18772,2020-07-09,1,10,10,33.54,0
1981,2023-02-22,1,5,7,38.34,0
36283,2019-01-15,2,8,1,6.1,0
99112,2020-08-23,1,7,3,2.37,0
10027,2023-06-11,1,5,13,2.09,1
64594,2021-08-09,3,8,10,38.51,0
75178,2020-09-28,1,7,1,28.46,0
46012,2023-09-18,2,9,6,10.01,0
26216,2020-07-24,1,4,6,25.02,1
40570,2020-05-22,1,9,1,24.99,0
751,2023-10-05,3,3,9,40.46,1
22680,2022-07-24,1,8,7,9.14,0
59254,2022-11-12,2,4,13,7.68,0
30763,2020-08-29,3,10,3,16.58,0
80147,2020-06-30,3,10,3,13.49,0
95450,2020-01-24,1,7,7,31.99,0
69568,2023-07-27,1,3,6,49.29,1
39984,2023-01-24,1,10,7,16.36,0
38022,2020-11-05,3,6,13,23.47,1
97805,2023-10-26,2,1,2,29.19,0
33717,2019-01-09,1,8,3,7.76,0
63886,2023-09-12,2,5,2,30.75,0
95037,2019-06-13,1,6,1,17.16,0
12075,2020-11-10,1,5,11,48.24,1
17237,2022-11-22,3,8,1,48.55,0
53729,2020-08-14,1,6,9,26.93,1
19972,2021-09-22,2,8,11,13.07,0
36522,2019-03-27,1,10,10,14.07,0
73780,2019-12-08,3,10,5,22.57,0
68722,2023-02-21,3,6,6,30.1,1
41885,2021-05-28,2,5,5,38.37,0
26151,2022-02-08,2,8,8,24.41,0
17879,2020-09-05,3,5,6,26.29,0
14251,2019-09-11,1,10,2,20.9,0
7539,2023-11-09,2,6,12,31.25,0
61834,2021-10-15,3,10,10,3.84,1
75883,2022-01-13,2,3,8,32.85,0
88436,2023-11-20,2,6,8,12.45,0
84578,2022-09-04,3,8,11,4.86,0
63873,2023-09-17,1,6,9,5.13,0
52687,2020-05-30,3,10,4,15.59,0
1856,2019-04-27,1,6,2,42.68,0
50856,2020-01-28,2,1,1,4.19,0
85370,2021-06-29,2,4,11,7.84,0
36344,2022-01-28,1,6,5,22.9,0
82721,2021-08-26,1,1,6,32.63,1
78828,2023-01-14,3,6,4,2.77,0
92599,2019-11-08,2,10,3,20.28,0
36773,2020-07-17,1,2,10,28.15,0
44671,2022-12-12,2,7,7,47.93,0
50539,2019-09-28,2,7,3,6.89,0
54445,2023-02-21,1,3,3,28.78,0
99779,2022-03-21,3,6,9,3.76,0
1770,2022-12-26,1,1,3,43.89,0
62416,2022-11-17,3,8,6,12.39,0
40253,2023-10-18,3,6,12,46.89,0
61640,2023-05-26,3,2,12,29.74,0
40201,2022-07-09,2,10,8,32.08,1
72829,2021-08-03,1,3,13,37.39,0
64363,2023-09-08,3,4,10,40.04,0
67480,2023-08-24,2,5,2,38.26,1
87678,2022-05-26,1,3,1,28.52,0
72728,2020-06-07,3,3,6,38.36,0
83338,2022-08-04,1,5,2,18.78,0
43425,2021-07-28,2,5,2,15.5,0
56852,2023-01-31,1,4,6,34.47,0
80566,2022-07-03,3,2,4,34.19,0
25672,2021-02-06,3,1,8,13.18,0
84271,2020-10-05,1,4,12,34.71,0
76977,2023-04-14,2,5,10,28.83,1
78578,2019-09-20,2,7,2,7.24,0
72239,2022-10-14,2,9,9,40.14,0
4927,2020-12-30,1,9,7,37.24,0
1172,2023-04-14,2,1,4,41.28,1
1497,2021-01-09,3,5,1,11.82,0
51537,2019-12-28,2,2,1,49.19,0
14574,2023-05-20,2,6,10,4.54,0
54127,2022-07-07,3,2,1,39.6,0
20911,2023-06-21,1,1,4,24.41,0
36469,2023-08-10,3,3,4,6.25,0
51846,2022-03-20,3,2,1,11.35,0
28262,2019-11-11,3,6,8,5.12,0
95032,2019-12-30,3,3,1,37.6,0
74044,2020-04-12,2,7,12,19.8,1
1644,2020-09-11,1,2,7,2.01,0
8999,2022-05-16,2,9,1,45.34,0
50742,2020-10-12,1,5,12,21.15,0
69848,2019-08-07,3,1,11,46.82,1
24380,2021-10-19,2,6,11,37.62,0
82768,2019-08-13,1,3,12,35.91,0
8412,2020-12-05,2,7,13,39.75,0
83388,2020-08-16,3,7,12,12.09,1
84382,2023-09-29,2,7,9,9.07,0
10439,2023-09-11,3,9,1,10.81,0
16693,2020-05-14,3,7,8,7.39,0
56232,2023-10-07,3,1,7,26.63,0
82242,2021-03-07,1,7,1,13.7,0
16265,2022-12-19,3,4,7,45.94,0
52841,2023-11-24,3,10,3,45.68,0
7697,2020-01-19,2,9,8,24.71,1
1772,2019-05-03,2,1,2,33.83,0
49726,2020-03-03,3,7,4,3.02,0
6178,2019-05-05,2,3,9,8.07,0
95513,2023-09-26,1,6,5,8.98,0
59708,2023-02-14,1,4,3,6.95,0
13273,2020-01-05,1,1,4,33.09,1
73132,2020-08-27,3,9,2,22.52,0
12753,2021-11-09,3,2,7,42.28,0
77267,2019-10-14,1,1,8,17.46,0
52049,2023-08-16,2,2,12,29.12,1
71163,2022-10-15,3,4,10,17.76,0
22688,2019-11-21,2,5,3,24.15,0
75922,2019-09-19,2,2,13,13.38,0
65790,2019-01-21,1,8,10,28.01,0
9645,2020-06-03,2,2,5,37.18,0
16219,2022-07-07,2,1,5,37.49,0
20459,2022-09-08,1,6,9,7.06,0
46218,2023-12-11,3,7,5,5.0,1
70579,2022-08-16,2,2,1,3.69,0
92448,2020-01-28,2,2,6,43.4,0
5727,2019-02-16,3,10,2,4.44,1
90037,2021-09-01,2,6,3,21.41,0
88405,2021-07-10,3,8,10,3.5,0
12980,2021-01-30,2,7,11,42.85,0
41473,2020-05-16,2,2,9,44.67,0
67257,2021-08-06,3,8,4,27.19,0
27240,2022-12-11,3,1,12,44.36,0
12204,2020-10-26,1,5,11,45.78,0
59161,2020-12-05,3,5,9,19.19,1
31057,2022-10-25,2,5,3,28.28,0
3259,2023-04-30,2,6,11,17.13,1
77487,2023-04-13,3,2,9,6.26,0
62809,2021-12-13,3,2,11,31.32,0
22475,2019-03-24,2,3,9,29.67,1
82996,2023-12-14,2,3,8,3.64,0
57645,2023-09-22,1,6,7,6.49,1
4697,2021-03-10,1,8,13,45.65,0
61293,2023-12-14,3,7,5,28.43,0
53194,2022-03-05,2,1,5,29.99,0
68314,2021-01-13,3,9,8,7.85,1
69299,2021-12-28,3,2,9,46.45,0
36387,2022-06-20,3,6,5,42.16,0
66327,2020-08-06,3,7,13,3.3,0
3475,2020-07-12,3,3,9,48.41,0
30811,2022-07-09,1,2,4,5.25,1
24292,2021-08-21,3,4,12,13.06,1
14037,2021-08-27,2,7,11,24.04,0
69187,2020-04-23,1,5,11,16.08,0
38684,2020-11-13,3,6,5,7.78,0
37784,2019-01-31,3,4,5,2.94,1
51418,2023-10-07,3,4,2,7.04,1
7676,2021-10-03,2,6,8,20.81,0
84785,2019-06-19,2,7,7,35.03,0
35850,2021-06-20,1,2,3,15.63,0
38026,2019-02-06,2,6,2,15.6,0
53805,2020-04-08,1,7,13,34.5,1
83883,2023-06-02,3,2,4,14.5,0
92852,2023-06-09,3,9,3,15.87,0
71518,2020-07-17,2,1,3,31.5,0
54777,2023-08-12,1,2,4,41.09,0
25553,2020-06-15,1,10,2,18.16,1
60488,2021-08-23,1,10,2,11.03,0
12532,2020-01-30,3,9,11,2.64,0
68181,2022-08-04,2,5,1,11.87,1
24376,2022-08-20,3,4,7,33.31,0
3471,2019-08-01,1,1,7,2.83,0
42274,2020-10-05,3,2,3,9.7,0
60890,2019-05-07,1,8,11,22.03,0
49190,2023-10-08,2,7,6,27.59,0
14295,2022-03-26,1,4,10,5.4,0
19765,2021-10-22,1,6,10,6.52,0
52746,2021-11-20,2,7,10,27.07,0
81084,2022-04-17,2,10,9,10.33,0
6171,2020-10-09,2,8,7,42.74,0
32566,2020-12-28,1,2,4,30.99,0
57590,2019-09-06,2,10,1,45.5,0
87905,2022-10-20,1,3,6,4.59,1
21120,2021-08-08,3,6,4,20.61,0
14189,2019-05-30,1,9,2,25.1,0
30813,2022-03-01,3,6,12,4.39,0
18129,2021-06-01,1,4,7,32.73,0
39817,2019-12-09,1,8,10,16.4,0
88379,2021-11-02,1,7,8,3.46,0
96249,2021-12-30,1,10,10,33.76,0
64656,2020-08-24,2,9,1,4.32,0
10079,2022-04-24,3,10,13,35.63,0
48337,2022-07-18,3,6,5,5.83,0
28085,2020-09-24,1,7,5,26.1,1
55639,2022-12-30,3,9,3,34.25,0
16800,2022-01-03,3,6,5,32.19,0
92013,2023-01-15,1,5,2,36.31,0
87081,2021-04-10,3,4,7,25.96,0
83195,2020-12-08,2,9,3,17.42,0
55871,2020-09-29,1,9,4,16.41,0
24120,2020-02-03,1,8,1,12.24,0
61466,2020-06-02,3,7,2,6.86,0
47206,2022-02-02,2,4,13,4.79,0
25402,2023-09-19,2,4,4,21.39,0
43097,2022-09-08,3,3,13,48.46,0
36837,2023-11-23,3,10,11,42.92,0
27735,2019-05-07,3,2,9,31.39,0
73104,2023-07-06,3,8,10,40.28,0
21862,2020-02-19,1,10,5,30.55,1
61622,2021-06-05,2,4,5,8.62,0
58135,2021-05-07,3,9,1,29.39,0
95547,2020-08-22,3,7,2,48.26,0
89594,2021-08-19,2,4,13,8.88,1
42958,2021-11-04,2,1,9,35.94,0
92723,2022-05-16,3,8,3,41.82,0
30032,2020-12-13,1,5,1,26.19,1
34424,2019-01-23,1,6,2,28.99,0
67750,2019-10-14,1,10,1,18.83,0
67358,2021-12-14,1,5,4,39.95,0
29049,2019-08-08,3,10,2,39.17,0
25497,2022-12-30,2,2,9,31.43,0
82134,2022-12-07,3,5,11,35.33,1
78498,2021-06-09,2,7,12,29.59,0
50818,2021-02-24,1,5,6,21.11,1
94952,2022-07-05,1,9,13,4.08,0
6153,2023-08-13,2,10,13,32.86,0
2501,2022-04-23,3,10,8,35.55,1
5424,2023-10-19,2,6,11,31.72,0
95160,2023-07-01,1,1,1,27.77,0
75674,2022-08-07,2,10,7,29.89,0
63450,2019-11-18,3,10,8,49.26,1
18438,2019-07-07,2,7,12,38.74,0
5115,2019-02-17,1,6,4,26.03,0
99889,2020-06-17,2,10,2,36.27,0
93126,2022-04-10,3,6,2,15.59,0
71280,2019-12-28,3,6,13,18.53,0
99675,2022-08-15,3,3,11,3.69,0
99411,2019-11-09,2,2,3,43.72,0
866,2019-12-22,1,6,5,18.11,0
45549,2022-06-01,3,1,10,42.32,0
8469,2020-06-21,1,6,1,9.88,0
91702,2021-04-14,2,5,2,47.43,0
857,2022-12-07,1,3,10,15.26,0
28128,2023-06-28,2,9,12,31.13,0
49160,2021-06-29,1,2,2,27.2,0
6279,2020-11-10,3,10,8,36.14,0
48184,2022-10-28,1,7,5,21.2,0
68937,2022-12-30,2,4,6,7.71,1
8984,2021-08-25,3,8,12,37.01,0
67266,2023-05-17,3,7,8,28.05,0
38229,2020-03-30,3,8,2,44.49,1
1429,2020-01-14,2,1,4,42.7,0
19265,2019-06-06,3,8,13,47.99,0
23295,2022-02-22,3,3,1,3.5,1
79659,2022-07-28,1,2,7,17.46,0
36776,2021-05-05,2,5,10,29.88,0
498,2020-07-07,1,4,10,42.74,0
63082,2021-01-31,3,1,11,33.08,0
37950,2021-06-02,3,3,11,45.97,0
78476,2023-08-14,3,5,5,37.86,0
68960,2022-02-05,2,8,2,26.58,0
33812,2023-05-10,2,2,11,22.64,0
74320,2020-01-05,2,4,13,27.63,1
22703,2022-03-17,2,10,12,42.16,0
61980,2019-07-31,2,10,9,32.09,0
22347,2023-04-25,2,3,1,34.84,0
59736,2020-02-07,1,1,1,25.46,0
96406,2022-06-23,1,8,9,9.33,0
69818,2020-12-08,3,10,9,22.38,0
96743,2020-08-07,1,9,2,4.96,0
52716,2019-12-09,2,10,2,43.35,0
65665,2020-11-21,1,1,11,20.9,0
37289,2022-11-15,3,8,3,16.75,0
89614,2020-10-09,3,3,3,26.73,0
52406,2019-04-30,1,9,7,39.63,0
14908,2021-01-16,3,6,11,30.4,0
30823,2019-08-09,2,7,2,19.71,1
55523,2023-03-03,1,2,11,5.89,0
20214,2022-03-11,3,9,2,34.48,0
20661,2023-12-10,1,1,3,20.28,0
20063,2020-09-09,2,8,10,36.92,0
48440,2020-09-02,2,10,8,40.03,0
75917,2022-10-31,3,10,3,15.55,0
76965,2022-07-24,2,2,13,6.01,0
17858,2022-09-06,2,4,10,36.56,0
70148,2023-12-26,1,3,9,37.0,1
25980,2019-12-03,2,3,9,37.83,0
58892,2019-06-01,1,5,10,4.76,0
70295,2022-09-25,1,1,3,36.05,1
56212,2023-09-28,3,2,6,33.82,0
89405,2019-05-10,2,3,13,25.99,0
88958,2022-03-24,3,9,2,39.92,0
4556,2022-03-24,3,4,12,27.17,0
93063,2020-01-19,1,8,8,19.46,0
60396,2022-06-17,1,2,13,21.41,0
86939,2021-09-15,3,8,13,48.66,0
9767,2022-07-14,3,1,11,20.75,0
15295,2019-11-19,2,3,4,12.79,0
25697,2020-02-27,1,8,4,40.98,0
92118,2019-03-03,1,10,4,28.52,1
82355,2020-04-02,1,9,12,21.08,0
19981,2019-11-15,1,2,13,35.69,1
2348,2019-05-06,1,9,7,42.0,0
31391,2019-02-12,2,4,7,16.98,1
51851,2020-11-17,3,5,8,17.8,0
8667,2021-12-23,1,9,3,39.99,0
59397,2019-01-13,2,7,1,42.02,0
63240,2022-09-08,1,1,7,43.94,0
69833,2021-03-26,1,2,4,46.68,0
15278,2019-02-05,2,8,12,4.97,0
97169,2021-08-25,2,10,7,36.69,0
29970,2022-08-22,1,7,4,9.01,1
2096,2023-03-23,3,5,5,35.33,0
68354,2022-03-19,2,3,4,28.23,0
78933,2022-09-02,1,9,3,45.23,0
70933,2020-09-25,1,8,12,33.3,1
19406,2022-03-07,3,3,10,21.31,0
96333,2021-12-01,2,10,12,41.2,1
67303,2019-12-10,2,4,2,9.82,0
63433,2023-09-12,1,7,1,24.96,0
36199,2020-02-26,3,8,9,22.06,0
65372,2022-08-07,1,8,3,2.82,0
95405,2021-02-14,3,7,13,27.64,0
53374,2021-09-28,2,5,13,49.79,0
90333,2022-09-25,1,4,9,13.26,0
91268,2021-07-14,2,10,12,22.71,0
38379,2022-02-05,3,3,4,14.35,0
23016,2020-04-23,1,4,9,3.46,0
85820,2020-12-13,1,1,3,5.38,1
88787,2020-03-16,3,9,3,27.0,0
30034,2019-01-10,2,5,9,43.76,1
12172,2021-03-18,1,4,10,11.24,0
54733,2022-10-19,3,10,11,11.41,0
91913,2021-06-08,2,5,6,47.3,1
6311,2021-08-19,1,7,1,11.78,1
28069,2019-08-16,1,2,3,3.22,0
69758,2023-04-21,1,6,8,10.62,1
53434,2019-08-17,3,2,9,19.96,0
27013,2020-01-23,2,5,5,47.68,0
96719,2021-02-04,2,1,10,29.51,0
37006,2019-11-12,1,8,2,44.36,0
82827,2020-05-29,2,4,5,49.47,0
73367,2021-10-12,1,3,9,9.69,0
69342,2021-11-12,2,3,11,11.18,0
23674,2019-06-17,1,1,11,3.93,0
44075,2019-05-04,3,5,3,17.35,0
84111,2022-12-22,2,3,3,20.44,1
74713,2020-02-17,3,4,11,32.03,0
20735,2023-02-03,3,6,11,4.4,0
55008,2023-04-06,3,2,10,22.57,0
74585,2023-04-16,3,1,12,11.97,0
54238,2021-01-25,1,10,2,46.43,0
15060,2019-12-28,3,3,10,47.66,0
47702,2020-04-11,3,5,1,6.73,0
81291,2023-04-10,1,10,3,18.63,0
99717,2022-02-04,1,10,7,10.84,0
36175,2019-12-11,2,7,5,17.99,0
51310,2019-03-06,1,6,10,23.2,0
11944,2023-11-23,2,9,4,35.36,0
32333,2022-10-25,1,6,3,25.9,0
48105,2023-07-07,2,6,1,9.68,0
49318,2022-08-02,1,2,7,22.09,0
75003,2019-03-20,1,8,12,10.4,0
5623,2021-12-12,3,4,12,25.47,0
97799,2022-10-19,1,6,12,22.21,0
40353,2023-04-08,1,4,5,40.18,1
31567,2021-02-24,3,6,6,11.16,0
43184,2020-01-08,3,10,12,45.23,0
99445,2023-08-01,3,5,9,5.61,0
18359,2019-03-23,3,3,12,38.12,0
82455,2020-11-28,2,4,10,36.44,0
46088,2023-09-29,1,7,1,17.11,1
68887,2023-12-22,3,3,13,32.02,0
97668,2023-06-27,3,9,13,40.99,0
65383,2022-08-25,1,8,4,2.38,0
99269,2021-04-16,2,6,1,31.0,0
37757,2022-05-14,2,8,10,14.04,0
67102,2020-11-07,1,7,8,40.06,0
31144,2021-02-03,2,3,12,4.34,1
30060,2020-02-07,2,6,9,11.61,0
99646,2022-06-11,3,6,11,38.78,0
65425,2021-09-12,2,5,13,39.89,0
48286,2020-03-04,2,1,4,43.56,0
65802,2022-05-22,2,10,11,25.9,0
39943,2021-05-19,3,9,8,24.76,0
34053,2023-12-02,3,6,9,18.34,0
88631,2023-05-09,1,4,3,14.89,0
43356,2019-10-20,1,5,4,7.22,0
35609,2022-08-11,1,5,3,48.54,0
14553,2021-06-04,1,1,7,24.34,0
25785,2021-05-02,3,9,2,34.03,0
83133,2023-08-14,3,6,10,4.08,0
20236,2020-04-13,3,5,13,22.77,1
68572,2023-04-29,1,9,7,42.41,0
11487,2022-06-22,3,10,10,48.84,1
91529,2020-01-04,2,8,13,28.06,0
35900,2019-05-29,2,8,11,3.13,1
26612,2021-02-15,1,6,9,29.08,1
21934,2023-01-07,3,7,6,12.35,0
38592,2019-02-11,3,8,2,3.29,0
92177,2022-05-31,3,4,4,38.55,0
70251,2023-08-04,1,4,7,33.58,1
90815,2020-02-07,3,1,13,32.32,0
68578,2023-09-21,2,10,3,40.43,0
14801,2023-08-25,2,10,10,21.7,0
9706,2019-07-06,1,9,5,9.59,0
78350,2019-08-29,2,6,12,21.89,0
61658,2020-04-14,2,8,4,33.36,0
24540,2020-02-02,2,3,6,40.39,0
91866,2020-07-20,1,5,11,5.19,0
81458,2021-01-11,3,7,12,11.88,0
47523,2019-11-23,1,9,8,37.94,0
80135,2022-07-27,2,7,7,34.18,0
44762,2021-12-27,3,1,9,21.47,0
672,2021-05-23,3,3,6,19.89,1
92585,2021-01-06,2,1,12,45.46,0
67722,2022-08-27,3,4,3,24.3,0
6177,2021-11-14,1,4,7,32.55,0
18598,2021-04-02,2,6,13,9.93,0
1803,2022-02-13,2,6,1,27.7,0
27219,2020-03-04,2,7,3,33.34,0
38218,2020-08-20,1,5,4,40.59,0
29268,2021-11-22,3,10,5,42.32,0
59515,2023-06-28,2,7,2,43.02,0
84351,2021-03-11,1,9,2,47.2,1
69858,2022-01-28,1,7,12,10.65,1
18662,2023-12-26,2,3,5,26.48,0
35664,2022-06-11,3,3,7,28.1,1
17873,2019-05-05,2,8,4,13.66,0
95452,2019-03-31,2,8,1,39.22,0
20605,2020-02-29,2,7,4,46.23,0
59312,2019-02-17,1,3,2,45.63,0
86864,2022-06-07,3,3,6,2.39,1
17505,2021-05-16,1,3,4,38.88,0
14370,2022-11-11,1,4,6,19.04,0
55790,2019-03-06,1,7,7,9.96,0
60387,2022-08-09,3,5,11,27.56,0
67332,2021-08-22,1,3,9,26.82,0
43274,2019-12-31,2,3,11,27.96,0
63681,2020-07-26,2,4,11,18.63,0
22388,2020-10-24,3,9,2,27.69,0
43076,2019-07-09,3,8,11,28.03,1
46855,2019-10-05,2,6,5,10.31,0
79167,2022-07-27,3,10,12,14.85,0
33627,2020-11-23,1,10,2,13.13,0
8803,2023-06-05,3,3,13,17.71,0
44967,2023-06-25,2,8,13,9.36,0
11886,2023-01-19,1,3,8,5.27,1
51033,2022-06-22,3,10,5,24.17,0
48934,2019-10-18,2,8,6,17.74,0
63583,2022-12-06,1,6,2,15.22,0
6444,2021-08-12,3,10,6,17.67,0
37377,2019-08-08,2,7,11,19.94,1
96380,2019-07-03,1,9,8,41.33,0
97479,2021-07-21,3,6,10,40.85,0
76627,2022-03-21,2,7,3,4.17,1
7898,2019-04-24,3,4,12,7.18,0
2060,2023-07-26,2,3,8,12.71,0
72554,2022-06-25,2,5,9,42.44,0
2740,2021-08-02,3,5,3,15.83,0
42449,2019-05-28,2,2,1,46.9,0
75804,2023-06-29,3,2,10,5.25,1
34205,2023-04-23,1,3,9,30.52,0
40683,2022-06-09,1,6,1,48.2,0
6411,2023-06-24,3,2,12,27.44,0
16832,2019-11-17,1,6,5,4.28,0
51663,2023-03-11,2,9,12,9.03,0
57681,2019-05-22,3,4,2,10.96,0
54190,2022-10-20,3,4,11,6.56,1
17267,2022-06-18,3,5,2,8.1,0
73559,2019-02-26,2,3,11,47.92,1
20719,2019-10-12,3,2,2,49.09,0
64903,2022-08-04,2,4,12,34.46,0
6418,2020-11-23,1,9,13,38.59,0
41148,2023-07-18,3,7,11,12.74,0
88431,2021-03-30,2,9,11,10.84,0
63415,2019-04-11,2,2,4,33.11,1
48724,2020-04-16,3,2,4,47.52,0
94879,2023-03-30,1,4,12,6.75,0
76771,2021-10-19,2,3,2,7.15,0
74307,2020-09-09,2,9,10,30.88,0
78258,2023-01-13,1,2,10,9.82,0
43058,2022-09-06,1,4,5,34.5,0
70228,2022-01-19,1,4,12,11.37,0
69566,2022-11-04,2,9,7,37.53,0
73889,2022-09-05,3,10,7,3.31,0
10921,2019-05-24,2,3,6,46.56,0
32290,2021-09-14,3,4,2,8.45,0
18208,2023-09-24,3,7,13,15.11,0
87571,2020-12-18,1,8,4,18.19,1
39345,2022-10-24,2,1,8,19.5,0
5950,2021-04-25,2,8,7,20.82,0
54772,2019-05-15,1,6,1,9.63,0
97739,2022-07-07,2,6,3,13.75,1
96839,2021-04-23,3,3,3,46.66,0
6451,2022-06-13,2,9,1,34.7,0
50163,2019-08-14,1,7,5,18.2,1
22034,2023-03-09,1,5,3,5.86,0
65157,2022-07-25,2,1,6,23.2,0
97222,2019-12-15,3,4,11,40.49,1
42390,2022-12-16,2,9,2,27.69,0
178,2023-01-24,3,10,7,5.66,0
77657,2023-01-12,1,9,3,11.58,0
15766,2019-03-02,2,6,5,9.26,0
20344,2019-06-19,3,1,13,30.33,0
3464,2019-11-10,1,9,1,32.04,0
59278,2023-05-06,1,10,5,26.79,0
48977,2023-11-01,1,8,8,36.03,0
41915,2019-03-21,1,7,12,37.18,0
79856,2020-09-11,2,2,4,43.98,0
50639,2022-03-16,2,3,1,43.45,0
86524,2021-12-25,3,10,2,38.19,0
36411,2019-03-20,3,1,11,3.77,0
62691,2021-09-08,3,2,2,49.96,1
93044,2021-09-05,2,6,7,20.32,0
97706,2023-04-08,2,2,13,30.33,0
22599,2023-02-03,2,6,11,36.8,1
34019,2021-10-23,1,2,11,20.11,0
52358,2021-04-08,2,9,8,43.24,0
52866,2019-09-11,3,3,1,37.16,0
22074,2020-04-15,3,4,1,4.53,0
61072,2021-02-18,1,7,7,39.99,0
88683,2022-03-21,3,8,2,49.61,0
51431,2020-08-31,1,9,6,21.58,0
54306,2020-07-23,2,8,12,43.61,0
46604,2019-03-26,3,3,9,14.09,0
99462,2021-10-02,1,3,11,38.73,0
77718,2021-09-22,1,1,3,30.59,0
41016,2020-05-27,3,3,10,15.9,0
68323,2023-12-30,1,5,11,41.96,1
58248,2021-01-18,3,1,12,15.35,0
57365,2020-11-11,1,2,10,10.31,0
90078,2021-02-23,2,6,3,10.96,0
89649,2019-09-07,2,4,9,42.24,1
17522,2020-12-06,3,2,13,48.51,0
95757,2022-11-17,2,9,1,43.45,0
65585,2021-12-03,3,6,11,34.26,1
53590,2021-08-28,2,3,1,48.38,1
20915,2022-08-26,1,6,7,17.58,0
57914,2019-11-10,1,10,10,43.96,0
72432,2020-01-30,3,3,10,14.66,0
13962,2022-11-23,2,7,11,41.4,0
6603,2021-07-23,2,7,1,40.41,0
1003,2022-01-18,1,10,11,15.79,0
11928,2021-01-31,3,1,9,9.57,0
10897,2020-08-17,1,3,4,34.06,0
22724,2023-08-19,3,4,2,10.05,1
5097,2022-06-22,2,1,13,44.42,0
25725,2022-10-11,2,2,2,17.62,0
77840,2019-01-26,2,8,2,21.92,0
96940,2022-01-22,1,5,2,11.13,1
961,2023-03-05,1,4,13,48.42,0
45763,2022-03-08,1,1,2,39.19,0
30982,2022-08-12,3,3,11,21.04,0
41585,2022-10-26,2,4,12,41.96,0
40288,2019-09-27,2,7,11,18.29,0
9934,2022-06-27,1,2,13,28.41,0
92577,2022-07-28,3,5,4,5.1,0
45908,2019-11-15,3,8,8,9.41,0
42451,2019-10-03,2,10,6,39.26,0
7854,2023-10-13,2,2,9,48.4,0
76256,2023-03-15,2,8,6,45.16,0
76795,2020-07-20,3,8,12,47.07,1
45775,2023-01-07,3,5,3,27.89,0
46859,2022-02-26,2,10,1,30.45,0
94544,2020-08-04,2,4,6,16.08,0
92242,2019-11-22,3,2,3,31.57,0
54221,2020-07-03,3,5,8,20.12,0
25983,2019-12-13,2,5,3,5.99,0
53927,2020-12-13,3,8,3,47.17,0
96348,2020-11-12,2,5,4,38.16,0
39302,2019-03-10,1,5,8,45.79,1
72007,2020-03-12,3,5,1,3.43,0
80359,2022-01-11,2,4,9,6.78,0
91871,2022-06-16,3,4,13,11.8,0
86208,2022-10-16,2,5,8,7.62,1
81412,2022-05-07,3,4,5,46.89,1
80163,2020-03-20,2,1,13,41.31,1
59011,2022-05-11,1,10,7,41.75,0
33972,2022-05-11,2,3,7,30.32,1
76769,2021-01-18,2,5,6,36.08,0
78278,2022-10-21,1,4,10,24.36,0
8018,2020-08-13,2,6,2,38.62,0
30246,2019-03-11,1,7,2,10.34,0
445,2021-10-01,2,10,6,29.8,0
55921,2019-06-02,3,1,11,26.64,0
62168,2023-03-01,3,8,13,49.07,0
18862,2021-08-03,3,1,13,30.82,0
85801,2021-12-26,2,4,10,10.34,0
77576,2023-08-13,3,5,12,18.93,0
79372,2019-11-17,2,9,1,22.85,0
72426,2020-02-29,3,9,4,28.19,0
57364,2020-10-06,3,1,12,6.09,0
97740,2019-04-26,3,8,13,27.99,0
25653,2023-10-05,3,1,9,36.8,1
27146,2019-02-06,3,7,13,4.37,0
36533,2022-07-09,2,8,11,16.99,0
47916,2019-05-21,3,10,10,25.04,0
52380,2023-11-10,1,5,4,11.89,0
79885,2021-09-14,3,2,6,29.91,1
27348,2022-07-29,2,3,7,9.98,0
47622,2021-10-09,3,7,7,42.25,0
47589,2023-01-18,1,3,10,41.06,0
1018,2019-02-11,3,7,6,22.66,0
1924,2022-01-14,3,1,8,17.76,0
83146,2022-03-28,2,3,1,37.09,0
81426,2022-07-07,1,3,3,38.11,0
26565,2020-05-08,1,4,7,26.71,0
98906,2023-04-29,1,2,4,14.63,0
7251,2023-04-22,3,3,8,17.31,0
26734,2019-02-13,1,2,5,38.88,0
95119,2021-11-19,1,3,11,9.55,0
5128,2022-06-13,2,3,4,20.67,0
63289,2020-06-26,2,9,6,7.17,0
20332,2019-09-27,2,3,7,19.44,1
81549,2020-03-18,2,3,3,8.78,0
44973,2022-01-10,1,3,13,5.76,0
89896,2021-12-03,1,8,13,8.96,0
84735,2019-09-05,1,5,7,11.91,0
75735,2019-06-21,3,1,11,45.25,0
39220,2022-03-03,1,6,10,39.36,0
52665,2021-11-19,3,2,10,42.2,0
30432,2022-06-11,2,7,2,11.19,0
32062,2022-12-30,3,10,8,42.02,0
44366,2022-09-01,1,5,3,9.0,1
75933,2023-02-04,3,4,4,37.72,0
78532,2021-07-14,2,4,2,22.24,0
5033,2023-06-06,3,7,5,41.75,0
68305,2020-06-12,1,10,4,32.12,0
24760,2021-05-29,1,6,3,15.44,0
34329,2021-01-14,3,3,7,35.36,0
67469,2019-04-13,2,10,10,37.21,0
49093,2019-01-28,3,10,13,17.74,0
31779,2019-03-25,3,3,9,32.05,0
45736,2019-08-11,1,6,2,39.88,0
32346,2021-01-03,3,4,4,17.15,0
47789,2022-08-11,2,7,6,26.11,0
37077,2021-11-21,1,2,10,18.12,0
31389,2022-02-13,3,8,5,49.1,0
52688,2021-08-23,2,3,12,10.95,0
37983,2019-03-27,3,7,6,29.17,1
65225,2021-01-06,2,1,2,43.37,0
34034,2020-09-07,2,1,10,42.92,0
88112,2023-05-21,2,4,11,4.31,0
5073,2023-03-04,2,4,4,37.75,0
18979,2021-05-25,2,7,6,28.83,0
95006,2020-11-25,2,4,1,22.89,0
91712,2019-04-13,3,4,6,25.73,0
32386,2020-10-17,2,4,12,15.99,0
65684,2019-03-27,2,4,3,42.84,0
79121,2022-02-28,3,4,9,42.46,1
70900,2019-09-07,2,9,4,11.79,0
66623,2022-03-17,3,6,2,25.17,0
11059,2021-10-21,3,6,10,36.82,0
43967,2023-10-14,3,8,10,24.49,0
87461,2021-12-05,2,4,7,8.6,0
51135,2023-08-16,1,6,12,35.77,0
13610,2023-06-20,3,10,2,29.94,0
52062,2022-06-17,3,8,13,6.58,1
4866,2020-05-10,2,7,9,5.89,0
32474,2023-02-20,2,5,1,42.86,1
42338,2019-04-16,2,9,12,49.49,0
19340,2019-08-20,1,10,3,17.75,1
53664,2023-04-21,1,8,9,13.36,0
89025,2022-04-01,2,6,2,41.97,0
46670,2023-02-17,1,5,6,14.21,0
65956,2023-05-13,1,1,9,39.26,0
73566,2019-03-14,1,2,12,5.04,0
68733,2022-09-25,2,7,13,25.53,0
13244,2023-12-21,2,10,8,26.78,0
84041,2019-08-14,2,7,8,9.84,0
77846,2021-07-15,3,1,4,24.07,0
23092,2021-05-12,3,8,13,12.52,0
36372,2022-10-22,2,7,13,45.49,0
32839,2023-10-08,3,8,4,44.61,0
79009,2022-04-04,3,2,9,38.11,0
94205,2023-09-26,3,3,4,16.94,0
50102,2020-03-17,2,8,4,26.23,0
25738,2023-11-01,1,1,3,20.35,1
21297,2023-03-15,2,1,11,8.59,0
10765,2020-01-12,3,7,5,36.46,0
4083,2021-04-20,1,4,2,21.44,0
58154,2020-07-19,1,1,5,6.38,0
16452,2019-04-16,2,3,1,39.82,0
99328,2022-06-13,2,6,6,28.82,0
61138,2022-05-31,3,5,9,35.84,0
67700,2020-10-04,2,7,11,33.04,0
49581,2019-05-19,2,2,13,45.62,0
94980,2023-07-26,1,1,4,44.13,0
37482,2023-03-21,3,3,3,47.19,0
44978,2020-07-14,2,9,6,15.57,1
54890,2020-02-26,2,6,8,5.36,1
94124,2019-10-14,2,9,3,9.37,0
18538,2023-12-15,3,1,4,47.45,1
55811,2023-02-20,1,4,5,22.01,0
65356,2021-05-21,1,1,13,47.28,0
14802,2020-07-31,2,6,8,3.05,0
18680,2019-10-13,2,5,4,2.25,0
68148,2022-07-08,2,4,6,3.82,1
35324,2020-10-02,1,6,10,22.31,0
5575,2023-08-31,2,4,2,27.27,0
10644,2021-08-16,1,2,9,2.63,0
84664,2021-01-06,1,6,5,30.03,0
63014,2023-02-24,3,4,8,32.41,0
94742,2021-05-03,3,10,10,8.77,0
58157,2021-06-10,1,1,13,11.15,0
94968,2020-01-07,2,2,6,23.19,0
64469,2022-02-17,1,6,4,25.36,1
34814,2019-05-28,3,8,5,2.52,0
49552,2020-07-08,2,8,3,2.16,0
5345,2021-08-03,2,2,4,25.89,0
95845,2021-06-25,1,2,1,5.66,0
31347,2021-08-15,2,3,12,45.95,0
21147,2021-01-18,2,6,10,10.21,1
99284,2021-02-03,3,7,7,27.24,0
48643,2019-04-19,3,9,1,21.81,0
26134,2020-10-31,2,6,12,26.59,0
44748,2020-02-01,3,7,5,47.89,0
84505,2021-01-19,1,3,13,22.2,0
7949,2020-04-14,1,10,3,22.89,0
96325,2019-08-12,1,9,8,4.48,1
73251,2019-08-10,1,5,9,38.22,0
89926,2019-10-03,1,7,5,29.43,0
3154,2019-07-12,2,6,11,4.32,0
22681,2023-03-13,3,9,10,3.98,0
66466,2020-12-27,2,6,8,41.34,0
70501,2021-12-31,1,2,2,32.17,0
2876,2021-05-05,2,6,2,17.03,0
64956,2022-10-10,3,3,1,34.96,0
49768,2020-03-24,3,3,10,22.26,0
5800,2023-08-06,1,8,6,45.05,0
51896,2021-04-27,1,7,3,39.82,0
38032,2019-05-09,1,2,5,22.97,0
41830,2022-10-13,1,3,13,35.43,0
75891,2020-08-12,1,7,11,36.73,1
51383,2021-05-19,3,7,1,29.17,0
99618,2019-02-18,2,10,13,37.47,0
83172,2021-10-16,3,10,5,21.32,0
82229,2021-07-20,3,2,5,25.91,0
88590,2023-02-14,1,7,8,18.99,0
18109,2021-04-06,1,7,7,35.29,0
63487,2019-03-19,2,3,7,24.41,0
28528,2022-05-07,3,6,8,38.67,1
44491,2023-09-25,1,1,7,40.67,0
47517,2023-10-03,1,4,13,4.3,0
63266,2021-11-27,3,10,9,36.26,0
77200,2021-04-11,1,5,3,45.47,1
98770,2021-09-28,2,3,12,39.47,0
69675,2021-06-26,2,6,5,39.43,1
410,2023-03-23,2,4,10,4.85,0
4194,2022-05-02,1,2,5,46.55,0
83835,2023-05-18,3,1,10,30.88,0
23169,2019-01-27,3,8,6,32.19,1
32154,2021-12-08,3,2,2,38.72,0
92330,2022-09-16,3,2,1,37.69,1
34127,2021-10-16,1,7,13,6.2,0
40689,2022-10-29,1,5,6,4.91,0
30675,2019-03-09,1,1,2,28.45,0
89419,2020-10-31,3,9,1,45.42,0
78264,2019-08-10,1,3,4,23.96,0
82485,2022-07-04,2,2,8,34.68,0
34211,2023-12-31,1,5,12,41.31,0
49523,2022-10-30,2,8,5,4.37,0
54810,2023-05-16,2,10,2,16.03,0
84968,2019-09-22,2,8,2,44.72,0
38932,2021-02-01,3,9,1,36.99,1
53513,2023-12-30,2,3,6,11.42,0
85744,2022-01-17,3,5,1,6.21,0
72556,2023-03-18,1,1,5,10.37,0
70405,2019-09-15,3,3,1,47.82,0
73562,2022-05-10,1,4,7,18.38,0
78647,2019-07-05,2,1,9,25.91,0
75440,2022-01-14,1,10,1,26.46,0
92080,2021-05-19,1,1,1,28.87,0
6737,2023-02-08,2,10,6,2.68,1
29042,2022-06-05,3,6,9,43.06,0
38487,2019-01-06,1,10,10,32.5,0
14496,2020-05-09,1,4,9,25.99,0
6119,2020-01-21,2,8,12,42.0,0
98554,2023-08-08,2,10,5,26.58,0
60151,2021-03-25,3,5,9,21.9,0
39266,2021-08-03,3,2,3,40.71,0
95471,2022-01-02,3,6,5,8.18,0
79256,2023-07-22,2,7,9,15.7,0
55641,2019-12-15,3,3,12,45.17,0
47557,2020-07-19,3,9,6,11.31,0
36979,2019-12-01,3,6,3,10.13,0
80705,2023-01-26,2,6,10,46.37,1
9034,2023-08-15,3,4,1,20.75,0
56726,2019-06-07,2,2,1,6.15,0
8445,2021-09-16,1,8,4,20.58,0
7730,2021-05-29,1,7,5,23.74,0
88010,2021-10-06,2,5,3,3.19,1
8250,2022-07-08,2,9,13,25.98,0
82127,2019-12-20,2,8,13,43.53,0
21750,2020-08-19,1,6,9,47.35,0
85255,2020-01-25,3,10,6,24.5,1
55512,2023-02-01,2,6,3,41.73,0
68361,2021-08-17,3,5,3,2.69,0
2836,2022-05-30,3,9,12,34.31,0
9025,2023-11-07,2,5,5,35.76,0
24782,2019-01-16,2,7,5,4.63,0
63695,2023-12-16,3,6,1,40.92,0
41085,2021-11-08,1,7,12,37.84,0
93349,2020-12-20,1,4,6,19.51,1
29089,2021-06-03,1,9,1,20.45,0
45121,2021-11-21,3,7,7,11.7,0
89068,2021-06-11,2,8,13,29.98,0
10241,2019-02-28,3,6,13,24.25,0
84238,2020-04-12,3,8,9,8.01,0
44956,2021-05-26,1,6,9,5.76,0
9901,2020-05-14,2,9,6,27.63,0
98642,2022-04-07,2,9,3,23.59,0
88707,2019-07-09,1,5,1,37.89,1
4161,2022-07-05,2,2,4,26.98,0
4019,2023-11-15,3,1,6,39.37,0
25515,2020-03-29,1,5,2,25.52,0
2750,2023-02-12,1,4,7,24.28,0
73086,2021-12-20,3,6,5,11.81,0
63001,2019-02-26,1,8,13,20.08,0
28787,2021-07-25,3,1,9,16.94,0
83432,2019-04-05,2,7,7,12.34,0
65912,2020-07-18,3,10,1,48.4,0
45980,2020-02-17,1,4,5,48.26,1
72353,2021-10-02,3,1,7,21.57,0
81165,2023-12-20,3,4,1,34.91,0
94845,2021-12-15,3,1,4,20.05,1
25861,2023-07-24,1,2,12,25.5,0
70860,2021-12-30,3,1,1,14.29,0
69349,2023-12-26,2,9,2,11.98,0
65439,2020-07-30,3,10,5,8.02,0
60655,2021-05-01,3,3,5,42.2,0
93169,2022-10-09,2,7,5,16.61,0
87840,2020-04-28,2,3,7,32.76,1
86645,2022-09-05,1,4,13,10.32,0
13985,2023-07-02,3,9,2,22.64,0
77019,2021-12-12,2,6,6,33.51,0
28225,2023-05-29,3,4,11,38.05,0
75623,2020-03-25,3,8,8,11.32,0
98912,2021-08-25,2,6,3,6.75,0
7959,2020-08-08,1,6,11,28.09,1
18656,2020-01-11,2,10,3,12.35,0
90617,2023-02-20,1,6,9,7.71,0
23335,2020-08-26,2,4,10,19.67,0
41123,2022-10-03,1,2,2,46.82,1
15903,2023-04-14,1,4,11,7.87,0
83746,2019-06-16,3,5,10,3.62,0
47247,2022-05-28,3,2,4,22.17,0
66464,2023-06-28,3,8,3,18.53,0
44722,2022-11-02,1,5,12,36.78,0
46944,2021-04-04,1,6,5,41.29,0
79716,2021-01-14,2,3,10,11.9,0
89041,2020-06-11,2,3,9,42.02,0
830,2023-11-27,3,7,8,43.85,0
68134,2023-11-18,1,6,4,23.93,1
79492,2019-02-06,2,4,3,40.12,0
89909,2019-11-04,1,5,5,15.4,0
84347,2021-02-02,1,6,5,16.55,1
13038,2021-05-16,3,8,4,39.31,0
34607,2023-01-19,1,5,11,4.69,0
45902,2019-11-17,1,1,1,12.08,0
18734,2021-12-25,2,7,8,17.65,0
55379,2019-06-07,3,2,13,5.7,1
60605,2019-08-07,2,4,2,47.94,0
70423,2021-01-08,1,8,4,35.5,0
43922,2022-05-18,1,4,13,9.57,0
27556,2020-05-18,3,5,10,15.87,0
33416,2019-11-02,1,10,1,20.97,0
82190,2019-04-12,3,5,2,18.73,1
4456,2021-11-16,1,3,11,46.51,0
86973,2023-07-02,2,6,5,26.78,1
90076,2020-09-17,2,3,5,3.46,1
71202,2020-01-10,1,6,4,8.47,1
97914,2021-12-12,2,4,3,47.01,0
70369,2020-07-28,2,5,1,4.69,0
3802,2022-11-29,2,4,12,42.41,1
13271,2022-01-22,3,1,5,46.71,1
83887,2022-03-22,1,4,7,2.64,0
1184,2022-07-01,3,5,11,34.23,1
90873,2020-07-26,1,3,9,30.34,0
405,2022-02-20,2,3,4,47.82,0
28147,2022-12-25,1,5,4,23.83,0
64765,2021-02-01,3,9,5,16.7,1
36475,2023-01-03,2,1,7,45.21,0
42208,2021-05-17,1,3,11,12.9,0
97828,2021-05-08,3,6,1,12.03,0
32125,2022-06-07,1,7,13,7.96,0
75147,2023-07-03,2,6,5,49.54,0
59800,2020-01-08,3,1,9,35.47,1
26593,2022-08-14,3,8,10,4.81,0
97072,2019-06-29,3,6,2,33.98,0
12988,2020-07-11,1,10,4,39.23,0
95927,2023-09-12,3,1,3,26.98,0
36293,2019-10-26,2,9,11,33.63,0
49915,2021-10-16,1,10,12,31.32,0
55368,2022-04-26,1,10,8,17.59,1
86813,2019-09-20,1,8,10,34.03,0
3854,2019-09-16,2,2,9,16.33,0
24710,2020-11-25,2,8,4,6.89,1
33102,2020-10-10,1,3,7,17.33,0
60049,2022-06-17,3,1,2,18.99,0
32458,2019-01-04,1,8,2,24.43,1
60528,2019-01-25,1,2,3,28.25,1
21502,2021-01-07,2,4,3,2.5,1
64485,2022-10-19,2,8,11,8.74,0
63945,2019-06-09,3,1,12,25.8,1
6770,2023-08-30,1,5,5,23.22,0
6400,2020-07-13,2,5,4,34.86,0
56496,2022-09-07,2,4,13,37.18,0
15258,2022-01-16,3,3,10,46.04,0
76100,2020-08-21,1,8,10,49.85,1
62684,2022-11-10,3,4,4,21.39,0
88557,2019-12-12,3,7,3,3.02,0
12312,2019-04-10,2,6,1,9.79,0
86108,2023-05-10,3,8,4,46.95,0
57294,2019-11-13,3,2,11,27.35,0
74442,2022-08-24,3,6,3,45.68,0
43156,2023-05-31,1,10,6,34.52,0
7000,2020-01-05,2,6,3,36.26,0
23763,2022-08-10,1,8,4,11.0,0
89514,2021-11-29,2,2,1,32.89,0
18590,2023-08-11,2,4,7,32.68,0
37556,2019-04-16,2,4,11,5.98,0
13457,2019-10-11,1,2,12,17.15,0
97944,2019-08-11,3,4,3,46.85,0
14624,2021-01-03,1,2,4,39.32,0
28607,2020-03-12,2,1,10,12.06,0
94816,2020-01-03,3,6,6,41.45,0
44384,2022-12-02,1,8,3,47.62,0
65621,2021-09-17,1,6,1,27.53,0
58803,2021-12-24,3,5,6,26.69,0
6007,2023-04-05,1,3,12,11.03,0
44070,2023-11-25,3,9,10,24.14,0
98415,2020-04-05,2,3,2,13.16,0
45115,2020-07-25,2,6,13,6.1,0
59912,2019-06-10,3,9,7,41.79,0
44318,2019-08-19,2,2,7,30.74,0
64721,2019-10-02,3,9,3,30.16,0
20953,2022-01-20,1,9,4,49.2,0
68173,2021-11-05,2,3,3,20.96,0
47462,2023-08-04,1,4,8,34.61,0
61666,2021-02-08,3,1,1,19.61,0
68644,2021-04-18,2,4,13,34.48,0
75975,2023-04-23,2,7,11,33.64,0
1665,2020-07-15,3,1,8,2.14,0
23568,2023-03-20,3,3,3,39.74,0
27634,2021-02-25,2,3,13,7.4,0
20415,2022-06-29,2,5,11,37.39,0
86539,2022-03-23,2,8,2,41.11,0
88174,2022-09-23,2,6,8,48.54,0
12559,2022-07-23,2,10,11,18.44,0
75204,2023-04-12,1,7,11,40.54,0
70298,2020-08-09,2,1,10,29.42,0
42070,2023-07-18,3,6,9,7.15,0
3671,2022-02-06,1,8,3,15.56,0
9020,2022-11-17,2,3,4,10.27,0
20097,2019-07-04,3,10,11,45.4,0
73886,2021-05-12,3,8,7,28.6,0
59234,2022-01-13,2,6,9,7.24,1
41026,2021-04-06,2,9,10,32.28,0
23526,2019-08-14,2,4,3,13.11,0
11489,2021-05-27,2,10,4,32.56,0
6600,2022-05-03,2,10,7,10.69,0
4805,2019-07-22,2,6,8,29.45,0
32115,2020-01-07,2,10,2,24.5,0
24266,2022-12-29,1,2,2,15.3,0
870,2021-11-20,3,3,13,9.38,0
51204,2023-04-16,3,4,5,41.78,0
51984,2023-11-16,3,5,6,4.05,0
13514,2022-07-15,2,1,12,23.62,0
84889,2022-03-02,2,2,10,26.0,1
91592,2023-12-11,2,4,12,9.42,0
40006,2020-04-12,3,4,10,45.32,0
49355,2021-03-06,2,9,12,4.78,0
76832,2019-11-15,3,5,5,15.64,0
79104,2020-11-17,2,10,8,21.21,0
28856,2021-06-27,2,10,1,39.49,0
32650,2020-11-25,2,8,13,29.8,0
36844,2022-09-28,1,4,2,10.43,1
46222,2022-09-02,2,10,1,38.26,1
7694,2020-08-30,1,5,4,24.89,0
20744,2022-01-30,2,4,5,27.39,0
7389,2019-08-30,1,9,2,47.33,0
21228,2019-08-27,2,9,6,4.86,0
97031,2021-11-23,3,5,5,17.32,1
77644,2023-02-02,3,1,9,8.63,1
93249,2020-06-21,1,5,5,19.06,1
53340,2019-02-02,2,4,4,37.01,0
46711,2020-02-27,3,2,7,12.96,1
13456,2021-04-20,3,8,3,3.13,0
47327,2021-10-16,1,3,5,5.09,0
67925,2019-09-05,3,10,12,36.72,0
4371,2020-04-29,2,8,5,19.73,0
29622,2019-02-15,2,7,7,35.1,0
61490,2019-04-06,2,8,1,10.74,1
81980,2019-02-24,1,10,11,47.08,0
24416,2022-03-09,3,1,8,10.45,1
60635,2019-10-29,2,10,2,28.19,0
17313,2023-11-07,3,1,5,4.38,0
58889,2019-07-27,1,5,13,15.31,0
45512,2020-08-19,3,5,3,15.96,0
23127,2021-05-04,2,7,5,17.59,0
46496,2022-03-19,3,6,13,3.97,0
62122,2020-11-17,1,6,13,41.49,0
87000,2021-05-04,1,2,1,41.76,0
9822,2023-11-16,2,8,5,46.45,0
43821,2020-07-26,2,3,8,10.66,1
75836,2021-08-03,1,3,4,16.45,0
14912,2019-01-23,1,5,13,17.76,0
2301,2021-12-25,1,6,1,32.23,0
93607,2023-03-04,3,8,8,38.32,1
57185,2020-01-28,1,8,1,47.35,0
1539,2022-04-19,2,5,1,4.07,0
430,2021-10-23,2,2,11,33.72,0
62144,2022-12-10,2,2,11,7.07,0
47645,2021-05-11,2,9,13,2.45,0
95063,2021-05-11,1,9,12,38.61,0
58751,2021-09-19,1,4,3,32.73,0
39948,2023-09-18,3,2,10,44.04,0
75059,2020-05-29,1,8,7,18.35,1
29062,2023-01-18,2,6,13,33.57,0
68854,2022-02-28,3,5,9,34.68,0
3408,2020-04-23,2,4,7,12.21,0
78124,2022-06-26,2,8,9,16.28,0
83449,2022-06-12,1,4,8,45.89,0
33106,2022-11-21,1,6,5,9.27,0
30346,2022-02-05,1,1,1,5.98,0
73804,2019-02-10,2,9,2,4.6,0
49145,2020-07-10,2,10,8,19.76,0
80248,2021-04-28,1,6,1,40.82,0
6939,2023-07-25,3,1,11,9.15,0
56678,2022-12-15,3,7,12,37.96,0
48460,2022-04-30,3,4,9,8.08,0
49336,2020-08-19,2,5,10,46.69,0
70470,2021-06-27,1,6,7,4.51,0
32794,2021-08-26,2,10,8,49.11,0
80098,2023-04-25,2,1,13,16.01,1
91988,2020-05-21,2,10,13,39.73,0
35115,2019-10-08,3,10,10,31.91,0
95247,2019-04-08,1,9,10,15.92,0
82407,2020-05-17,1,7,12,26.62,0
36815,2022-02-28,1,4,1,23.38,0
89853,2022-05-13,1,5,9,34.88,0
84263,2019-02-13,3,5,6,5.99,0
11461,2021-04-08,1,2,5,26.75,0
55620,2021-12-20,1,1,8,4.26,1
64468,2022-05-03,2,10,11,44.62,0
35047,2022-09-22,2,1,12,15.42,0
48819,2021-02-15,3,10,5,8.29,0
81750,2022-08-19,1,10,10,19.52,0
35875,2022-07-02,2,4,2,10.02,0
75992,2019-04-04,3,3,12,19.75,0
29921,2023-08-22,3,2,13,47.65,1
96376,2022-01-21,3,6,8,15.37,1
20851,2023-10-28,2,4,3,42.81,1
139,2023-12-22,2,5,5,31.1,0
44402,2020-06-15,3,1,8,32.23,0
33933,2020-06-04,1,4,10,25.54,0
2362,2019-04-30,1,1,3,23.39,0
77888,2019-03-31,1,10,12,17.05,0
1921,2020-06-07,3,7,3,31.44,0
16934,2023-12-05,1,6,5,13.95,0
42770,2021-10-03,1,7,12,36.04,1
20239,2019-11-20,1,6,6,13.96,0
56244,2020-11-15,1,7,4,20.61,0
15811,2019-07-28,3,6,9,16.15,0
34442,2023-11-27,3,5,6,40.08,1
62563,2020-07-28,2,6,8,35.78,0
40249,2022-01-03,2,8,10,8.11,0
26920,2022-02-26,1,5,5,21.49,0
27773,2023-06-24,2,4,2,11.59,0
14932,2023-03-30,3,2,8,45.19,0
87909,2019-03-20,3,9,9,49.44,0
60116,2019-09-28,1,3,1,25.68,0
43695,2022-02-19,3,4,9,32.57,0
73289,2020-10-24,1,3,8,37.07,0
3682,2020-05-03,2,8,1,35.05,0
59083,2019-05-17,1,5,5,34.44,0
54750,2022-10-30,2,5,10,34.05,0
70723,2020-12-08,1,10,1,39.04,0
71404,2023-08-21,2,10,8,2.06,0
81436,2021-02-13,2,6,11,47.39,0
30375,2020-03-09,2,7,6,16.68,0
26563,2022-08-23,1,2,5,44.05,0
33861,2023-04-23,1,4,12,49.34,0
99331,2019-07-28,1,8,1,39.95,0
18284,2020-10-28,1,3,6,13.7,1
13095,2023-09-17,2,2,4,18.0,0
36933,2019-09-19,2,6,3,15.02,0
71273,2022-02-25,3,8,13,25.79,0
92829,2023-12-10,3,4,6,18.38,0
70160,2023-03-17,3,7,9,18.08,0
32074,2019-04-13,2,3,9,19.4,0
30646,2022-07-03,1,4,5,35.65,0
46468,2019-08-23,3,7,2,6.12,0
3775,2022-05-16,3,1,1,6.66,0
18100,2021-04-26,3,2,8,36.17,0
9164,2023-05-13,1,4,3,31.16,0
70439,2021-11-08,2,3,2,11.81,0
32682,2020-04-01,1,1,10,40.66,0
90537,2022-06-04,1,2,5,18.93,0
9621,2019-11-12,2,7,5,17.15,0
9672,2019-10-04,2,10,7,6.18,0
39565,2019-02-27,1,7,13,6.14,1
32455,2021-06-18,3,2,5,40.56,1
18563,2023-04-30,1,7,5,29.8,0
73929,2022-05-07,2,5,9,30.9,1
86309,2019-07-13,1,9,1,48.52,0
98254,2020-05-04,2,2,5,7.06,0
92920,2021-03-04,2,4,11,33.52,0
68588,2021-11-25,2,8,2,25.66,0
58382,2021-02-16,1,7,11,34.65,0
54138,2022-03-06,1,2,11,4.21,0
74737,2020-12-21,1,8,4,23.65,0
48589,2020-08-03,2,5,5,12.5,0
7410,2022-05-29,3,10,6,2.21,0
56724,2023-12-22,2,9,10,32.27,0
5308,2020-10-15,3,1,1,41.87,0
15422,2023-12-24,2,7,6,26.46,0
30282,2022-05-19,2,8,11,33.2,0
56462,2021-01-22,2,6,11,16.51,0
91465,2023-09-24,3,4,12,16.85,0
66904,2021-07-09,2,8,8,45.17,0
68497,2022-11-12,3,2,6,33.85,0
69762,2020-10-31,1,6,4,2.85,0
17603,2020-01-03,2,4,12,28.97,0
16192,2023-10-15,3,6,5,20.56,0
28529,2020-04-08,2,7,9,30.44,1
4818,2021-07-31,2,10,13,12.08,0
97527,2023-07-30,3,1,2,18.32,0
59974,2020-01-24,2,7,4,48.63,0
39598,2020-06-07,2,5,8,38.6,0
23183,2020-08-26,1,6,12,34.21,0
68812,2022-10-09,2,10,12,7.62,0
11179,2022-11-09,3,8,3,25.58,0
28351,2019-03-25,3,6,9,8.21,0
97865,2021-03-04,3,1,10,17.81,1
62932,2019-09-11,1,1,10,17.3,0
41989,2020-01-26,3,3,6,48.84,0
28896,2021-08-23,2,9,12,9.14,0
59225,2019-08-12,3,10,9,49.78,0
87820,2023-02-18,3,1,13,36.69,0
88224,2019-04-22,2,4,2,16.27,1
74025,2021-07-10,2,4,10,28.11,0
16613,2019-04-18,3,2,2,7.13,0
50785,2021-12-15,1,10,6,38.43,0
99033,2023-05-16,2,9,5,20.93,0
14416,2019-05-20,1,7,10,46.09,1
14124,2023-05-24,3,9,2,22.97,0
91015,2020-01-11,2,8,11,9.0,0
22845,2020-07-08,1,4,5,5.54,0
31223,2021-05-05,2,4,8,14.17,0
97497,2021-11-23,3,8,8,47.69,0
63277,2020-11-19,2,4,10,43.17,0
82469,2019-10-02,2,9,4,36.93,0
99934,2023-09-02,3,5,6,45.4,0
32973,2019-05-23,3,7,8,41.07,0
22528,2022-02-17,3,5,8,20.81,0
75547,2021-11-17,1,9,4,43.48,0
36476,2020-09-27,3,8,4,33.82,0
38500,2020-03-09,1,6,9,38.0,0
86027,2021-07-21,1,4,3,47.48,0
237,2019-02-19,3,9,1,26.88,0
86727,2022-05-09,1,9,8,17.53,1
48464,2021-08-28,3,7,3,46.74,0
44542,2019-06-02,3,3,13,45.35,0
40633,2020-02-12,3,1,9,25.18,0
70516,2020-04-18,1,5,3,32.92,1
88617,2019-01-19,1,7,7,3.33,0
93011,2019-08-22,1,3,11,6.49,1
78776,2020-01-16,2,10,9,44.81,1
80530,2020-10-22,3,9,9,44.18,0
18946,2022-09-14,1,2,6,27.92,0
16888,2019-09-04,3,1,2,41.54,1
30957,2022-08-06,3,6,3,4.43,0
94647,2019-06-10,1,4,4,47.22,0
97945,2021-03-27,3,2,10,34.23,0
53453,2022-03-25,1,1,13,27.39,0
96596,2023-09-20,3,9,8,15.01,0
88447,2021-10-26,3,6,2,26.01,0
5871,2020-05-09,2,4,6,16.83,0
60637,2023-01-18,1,3,10,10.67,1
68162,2023-03-04,2,1,11,27.71,0
56454,2019-03-02,1,9,6,5.45,0
20324,2023-05-02,3,1,11,45.83,1
92773,2021-10-26,1,7,4,49.37,0
36597,2023-05-05,3,7,12,22.1,0
23520,2023-06-09,3,4,3,29.08,0
42174,2020-07-02,1,5,6,44.95,0
18567,2019-04-24,3,6,5,32.97,0
44306,2019-02-01,2,9,1,25.37,0
10187,2021-05-25,1,8,10,5.41,0
41821,2023-10-15,1,8,11,8.21,0
93562,2023-06-18,3,9,10,26.04,1
93300,2022-03-08,2,7,7,15.38,0
49054,2022-08-25,2,1,3,4.78,1
13924,2023-02-01,2,3,3,6.73,0
57899,2021-04-23,1,9,2,30.17,0
81134,2022-02-20,1,8,1,49.3,1
2677,2021-12-24,1,1,11,32.16,0
32629,2022-11-20,1,7,7,10.01,1
50107,2023-04-18,3,6,12,31.99,0
28380,2022-05-31,1,2,11,46.68,0
81217,2022-01-07,3,9,2,43.82,0
34786,2023-08-05,1,5,11,14.25,0
73265,2019-09-01,2,5,3,47.47,0
48690,2020-05-06,2,3,3,33.85,0
13813,2019-06-27,1,5,12,35.31,0
87696,2020-06-29,2,3,12,19.35,0
84461,2021-01-15,3,2,8,17.33,0
59558,2021-05-09,3,3,4,46.73,0
73897,2021-08-02,2,9,1,14.09,0
36643,2023-02-05,3,5,3,44.48,0
38620,2023-08-02,1,1,10,9.81,0
2549,2021-01-12,3,9,5,48.66,0
92264,2023-01-07,1,1,9,12.25,1
60948,2019-07-04,1,5,9,14.57,1
1231,2022-01-13,1,1,13,25.5,0
43548,2019-11-18,2,7,10,37.12,1
11982,2022-07-12,3,2,11,38.88,0
7628,2020-07-03,1,4,9,22.28,0
94073,2023-02-01,3,10,9,7.09,0
17260,2019-04-08,2,7,4,30.34,0
99596,2021-09-19,3,2,8,17.19,0
3911,2023-03-07,1,7,11,32.6,0
78443,2020-11-22,1,6,12,17.67,0
52911,2023-02-27,1,6,3,40.81,0
9738,2023-09-04,2,3,8,33.49,0
42113,2023-01-07,2,8,6,19.75,0
34954,2023-09-16,2,6,10,40.52,0
52531,2022-04-15,2,6,8,18.73,1
59017,2019-10-25,2,2,12,17.34,0
13184,2021-05-07,2,8,7,49.28,0
63126,2020-01-09,3,5,6,15.27,0
910,2019-09-10,1,2,10,30.37,0
36729,2019-12-27,3,4,5,44.2,0
16928,2019-01-01,3,5,4,31.96,0
2502,2021-07-05,3,7,3,43.72,0
99370,2019-04-10,3,10,5,27.9,1
52195,2022-10-20,2,10,13,18.62,1
7433,2020-07-31,2,5,5,47.65,0
42209,2022-05-17,1,3,9,14.9,0
3684,2020-06-04,3,4,8,19.35,0
30208,2020-09-06,1,6,4,36.45,1
39647,2020-03-18,2,9,2,33.49,0
32732,2020-09-16,3,4,1,3.51,0
81741,2022-12-24,2,3,7,3.93,0
30837,2020-11-10,1,7,6,28.69,0
36063,2022-03-31,1,2,5,18.61,0
43371,2019-11-25,2,2,9,37.19,0
96713,2022-11-03,3,1,11,22.35,0
48138,2021-08-14,3,8,5,13.96,0
12376,2023-09-19,2,3,4,33.99,0
79144,2021-04-26,1,1,4,37.5,0
58338,2021-06-12,3,10,2,42.44,0
41202,2019-03-09,1,9,4,26.21,1
62986,2021-11-01,2,9,12,32.22,0
46010,2019-02-14,2,3,3,25.99,0
50145,2019-12-05,1,10,1,6.9,0
49472,2020-12-25,1,5,8,45.41,0
24172,2023-06-21,2,3,6,13.71,0
10572,2021-02-12,2,1,1,23.09,0
81542,2019-10-28,3,6,2,10.65,0
86104,2019-01-03,2,8,10,34.62,0
83244,2023-05-03,2,3,10,35.71,0
48022,2020-01-21,2,3,8,19.78,0
12127,2019-07-07,2,5,12,30.87,0
56432,2023-02-05,2,4,7,4.6,1
70858,2022-08-24,1,2,7,28.08,0
65410,2020-07-20,1,9,11,12.7,0
35738,2019-01-30,2,8,2,28.18,0
26139,2023-03-27,3,1,8,18.37,0
55,2023-04-12,1,10,6,18.93,0
51404,2022-05-29,3,3,12,29.55,0
26375,2022-03-23,2,1,3,6.12,0
70134,2020-05-26,2,3,8,29.01,0
38660,2021-06-22,1,6,10,36.8,0
25043,2021-09-28,2,9,5,15.94,1
55366,2023-11-11,1,10,6,37.88,0
24639,2020-11-28,2,10,13,20.53,0
49234,2023-09-19,1,4,13,13.7,0
3324,2020-05-03,3,8,9,8.56,0
68074,2021-01-10,3,5,9,14.17,0
10925,2020-09-30,2,10,6,8.02,0
50587,2022-10-18,3,2,6,16.71,0
60927,2019-03-12,3,10,7,11.33,0
99021,2022-10-12,1,7,7,27.84,0
82310,2019-08-26,2,10,11,4.79,1
64141,2020-08-12,3,1,10,13.52,1
32630,2023-02-25,2,8,12,8.03,0
50393,2023-06-25,2,8,11,23.72,0
90127,2023-06-01,1,5,2,6.42,0
3869,2023-06-22,1,6,9,37.76,1
16732,2020-07-11,2,1,12,10.44,0
56382,2021-01-25,2,8,9,23.33,0
90431,2023-11-15,3,8,9,39.83,0
36510,2022-11-28,1,8,7,42.06,0
49179,2019-04-25,1,8,10,18.14,1
71997,2019-06-25,2,10,12,28.48,0
43069,2022-06-10,1,9,6,6.65,0
53396,2020-01-31,2,1,1,2.25,0
19839,2020-06-07,3,6,11,33.55,0
29743,2022-08-21,3,6,12,18.46,0
71313,2020-11-06,3,1,13,7.2,0
34792,2019-08-03,3,1,4,18.38,0
72428,2020-07-02,2,1,4,42.81,0
55350,2019-05-06,2,9,8,11.39,0
26451,2021-03-23,3,1,9,47.03,0
52318,2023-11-19,1,5,10,40.43,1
87325,2022-11-11,1,9,8,34.83,0
92008,2020-12-25,1,1,2,20.29,0
14701,2022-08-21,3,5,9,49.3,1
40440,2023-08-06,3,1,8,48.45,0
33890,2022-02-23,1,2,6,2.96,0
10335,2021-04-19,2,4,11,36.28,0
63937,2023-08-23,1,3,9,20.52,0
56668,2019-11-05,1,10,2,41.1,0
33551,2019-05-21,2,2,1,26.24,0
38884,2023-12-20,3,5,3,34.68,0
46527,2023-04-11,2,4,13,43.47,0
88841,2023-03-06,3,5,12,5.33,0
2650,2020-12-06,2,1,4,15.51,0
69540,2022-05-05,3,8,6,24.11,1
79272,2019-09-13,3,7,8,29.02,0
57700,2023-11-23,2,3,2,23.88,0
42349,2020-10-15,2,8,2,34.61,0
64495,2022-12-03,2,10,10,2.38,0
63563,2023-02-13,1,2,11,9.68,0
1007,2021-04-28,2,10,5,35.18,0
71850,2021-11-27,1,7,11,46.0,1
40998,2019-09-01,1,2,5,39.47,0
65642,2020-05-18,3,2,9,4.4,0
63725,2019-10-15,1,10,1,11.71,0
78729,2022-12-27,3,7,3,25.2,0
99239,2020-04-06,2,4,5,13.24,0
70083,2022-10-03,1,3,6,13.87,0
42783,2022-01-20,2,5,13,33.55,0
81519,2019-10-07,2,10,9,37.76,0
59909,2023-07-10,2,1,7,33.0,1
17121,2019-04-13,1,3,1,39.19,0
56851,2022-01-17,3,5,7,38.9,0
583,2022-08-22,3,10,11,3.39,0
50324,2021-01-13,1,6,13,38.5,0
52924,2019-09-23,3,10,7,32.09,0
54476,2019-12-31,2,6,1,10.6,0
75005,2023-01-17,3,10,13,11.9,0
17919,2022-09-14,3,3,7,38.72,0
18791,2021-08-10,3,4,4,16.0,0
82551,2022-12-21,2,5,10,31.96,0
86724,2021-06-07,1,7,13,47.3,0
88672,2020-02-22,1,8,9,44.87,0
95876,2023-08-22,2,8,10,47.2,0
37217,2023-05-27,1,4,1,23.88,0
91645,2023-10-16,3,3,1,15.68,0
16983,2023-08-13,2,4,7,14.91,0
57831,2023-01-01,2,5,4,47.75,0
96700,2019-07-04,2,5,9,46.57,0
60657,2023-02-22,1,2,3,18.23,0
60026,2023-01-19,2,4,12,41.92,0
97517,2020-03-02,2,9,6,18.27,0
9913,2022-10-08,3,5,11,4.63,0
13324,2023-02-04,3,1,9,36.51,0
70218,2019-05-25,3,1,2,37.19,0
52080,2020-06-02,2,3,11,6.15,0
52644,2022-10-22,2,1,4,9.48,0
72139,2019-10-04,3,7,1,34.6,0
65278,2022-08-07,3,1,7,27.24,0
22628,2019-06-06,2,9,1,12.93,0
85081,2023-07-15,2,2,7,16.9,0
26120,2019-01-05,2,3,12,37.39,0
86823,2023-04-08,3,8,2,38.36,0
8807,2023-04-07,3,6,13,41.79,0
76879,2022-12-19,3,7,3,46.5,0
4724,2021-05-09,2,8,11,20.66,0
65259,2023-10-14,3,9,3,24.4,0
9795,2019-09-30,3,5,1,44.37,0
90054,2021-06-05,2,9,3,2.72,0
96625,2020-09-28,1,5,4,19.09,0
29031,2023-04-22,1,4,8,43.41,0
25695,2022-09-22,2,10,8,14.94,0
69722,2021-08-20,3,9,1,33.78,0
67227,2020-05-06,1,10,6,14.2,1
79335,2022-09-12,2,6,11,21.54,0
22384,2023-05-05,2,6,5,39.98,0
93448,2021-11-23,2,5,10,26.89,0
30616,2023-11-26,3,7,8,29.48,0
61698,2019-01-13,3,3,1,44.76,0
16721,2021-04-22,3,8,13,20.91,0
63912,2019-12-09,1,6,8,35.83,1
34955,2020-12-11,1,7,11,24.32,0
9698,2021-10-22,3,7,7,10.02,0
18565,2021-02-14,1,7,11,20.3,0
10839,2023-07-18,2,2,7,12.69,0
59721,2019-10-20,2,5,6,10.5,0
30216,2022-08-08,1,9,2,18.6,0
87416,2023-01-28,3,4,1,6.97,1
74871,2020-03-06,3,10,1,17.23,0
29078,2023-02-10,1,6,3,2.92,0
66394,2019-03-08,3,2,8,19.06,0
71535,2020-03-21,2,9,1,49.96,0
9390,2022-01-22,3,6,12,43.97,0
56341,2023-02-10,1,2,8,8.2,1
33686,2022-03-23,1,6,10,41.75,0
8688,2022-01-09,2,6,11,46.66,0
26988,2019-01-01,2,9,3,14.47,0
51734,2020-06-26,1,4,9,39.63,0
86584,2019-12-04,1,3,6,25.11,0
60620,2020-12-09,3,1,7,37.79,0
20626,2019-04-24,3,4,3,11.59,0
89038,2019-07-05,3,4,4,29.79,0
62576,2022-08-17,1,2,5,28.19,0
2436,2019-01-17,3,10,6,6.39,0
37794,2019-08-04,3,1,3,36.62,0
36762,2019-06-22,3,7,10,3.31,0
68277,2020-10-22,2,7,13,17.26,0
895,2020-08-15,1,1,10,25.56,1
30011,2019-09-05,2,10,3,44.04,0
41650,2020-07-21,1,2,10,4.39,0
52868,2022-11-07,1,4,12,44.69,0
67978,2019-10-29,3,9,6,18.18,0
58974,2021-08-05,1,8,1,20.75,0
86769,2022-01-10,1,2,13,40.86,0
5917,2020-06-29,2,9,1,12.64,0
68565,2020-06-28,1,3,11,12.49,0
44808,2020-06-14,1,8,5,8.27,0
96250,2019-12-03,1,10,7,49.87,0
23406,2022-04-06,1,2,11,20.48,1
50697,2019-12-04,1,5,5,9.46,0
85893,2022-08-04,3,6,6,30.97,0
97139,2023-03-09,2,4,10,13.3,0
24105,2019-01-16,3,1,7,4.44,0
48259,2023-07-23,2,3,12,16.81,0
6189,2019-04-19,2,2,9,45.67,0
11508,2023-10-18,2,8,3,40.62,0
86452,2023-12-10,2,1,12,16.26,1
95038,2019-12-21,2,9,1,43.19,0
80165,2022-10-02,2,4,10,10.3,0
66362,2019-12-22,1,9,6,40.6,0
70208,2019-09-04,3,3,11,10.7,0
98636,2020-05-04,2,4,9,4.81,0
83802,2020-01-28,3,1,2,6.75,0
40874,2022-04-09,2,9,11,32.07,1
89684,2022-08-19,2,5,7,43.68,0
96231,2019-05-15,1,6,4,19.36,0
27995,2019-07-15,3,5,2,42.3,0
56672,2019-08-26,1,5,8,40.43,0
3069,2022-08-22,1,2,10,37.66,0
1528,2022-01-24,2,1,10,2.12,0
96597,2022-11-14,1,10,3,48.68,1
52573,2019-03-26,1,5,10,49.63,0
67709,2021-12-14,2,7,3,3.05,0
83967,2020-11-20,2,1,6,11.11,0
66773,2022-12-03,1,6,11,8.82,0
91006,2023-08-13,3,10,8,5.75,0
45429,2021-10-23,3,9,2,25.13,0
52814,2019-10-11,2,2,6,39.35,0
49347,2020-07-10,1,4,3,45.67,0
24364,2022-06-30,3,7,3,44.02,0
83958,2020-05-17,3,6,5,32.33,0
64098,2021-06-10,2,6,4,20.41,0
44488,2021-01-05,2,1,12,41.8,0
59111,2021-07-12,2,6,12,14.71,0
39010,2021-02-26,2,10,8,9.81,0
33525,2023-01-13,1,8,7,28.31,0
49585,2021-09-10,3,4,9,8.96,1
39371,2022-09-23,1,10,9,17.83,0
37408,2019-12-29,1,2,12,5.3,0
9894,2020-07-09,1,4,12,8.05,0
18191,2023-05-07,1,6,12,36.22,0
51514,2020-07-04,1,9,9,2.53,0
32420,2020-03-15,1,2,13,34.93,0
95942,2020-12-29,2,3,12,8.88,0
90397,2021-06-30,3,4,10,2.93,0
50638,2021-03-23,3,2,7,24.79,0
29092,2021-01-18,3,10,6,33.4,0
64428,2023-07-13,2,2,12,19.81,0
33678,2021-01-13,3,3,1,18.25,0
30132,2020-11-06,3,2,12,49.87,0
3931,2023-05-10,2,5,1,37.54,0
93229,2021-12-15,2,9,2,46.65,0
75023,2022-11-30,2,8,2,13.12,0
15684,2022-08-30,3,2,8,31.59,0
37004,2020-08-16,3,7,7,23.17,0
28952,2022-12-12,2,7,10,13.35,0
6567,2019-04-26,1,9,6,3.75,0
58012,2022-05-07,1,10,5,32.65,0
85087,2019-02-04,1,7,10,25.75,0
47880,2020-08-30,3,8,11,17.62,0
25967,2021-11-09,3,2,12,3.16,0
40944,2020-09-21,2,6,2,46.46,0
78479,2019-08-01,3,9,6,13.42,0
87594,2021-09-23,2,10,10,31.22,1
79338,2023-10-05,2,8,11,16.41,1
78486,2022-08-23,1,9,5,38.03,1
43028,2020-06-01,3,3,7,11.86,0
6254,2023-11-16,2,9,10,2.14,0
48313,2023-11-15,2,1,10,44.1,1
56856,2023-05-27,2,4,4,5.74,0
34802,2020-01-08,2,3,1,43.99,0
48880,2021-02-18,1,5,2,31.71,0
75163,2023-05-24,1,9,13,15.29,0
18261,2021-07-09,1,1,4,16.15,0
1362,2020-06-15,1,5,8,49.89,0
5189,2022-06-24,1,9,10,28.84,0
99002,2020-12-04,3,8,6,36.02,1
96260,2020-01-06,2,2,11,26.35,0
8705,2023-12-01,2,1,11,2.82,0
21463,2019-04-02,3,1,10,10.34,0
44198,2020-01-16,3,2,11,26.5,0
36811,2022-05-10,2,5,10,15.11,1
80292,2020-06-17,3,5,12,36.2,0
43594,2020-11-17,3,2,11,11.86,0
81326,2023-07-02,2,2,6,28.09,1
63959,2022-10-28,3,3,9,23.99,0
51937,2019-01-13,3,5,11,14.89,0
9619,2021-03-17,2,10,5,36.69,0
93382,2019-04-02,3,9,6,4.39,0
67950,2019-11-01,1,6,4,31.03,0
4989,2021-12-21,1,6,7,47.91,0
95769,2020-01-05,3,8,6,20.86,0
62926,2020-04-17,2,6,9,13.91,0
96076,2021-01-15,2,2,13,49.35,0
52919,2023-07-27,2,8,11,33.84,0
45510,2019-08-24,1,2,5,15.85,0
31143,2023-08-02,3,9,12,9.51,1
98337,2020-02-04,3,5,10,3.63,0
89539,2021-11-25,3,9,11,7.63,0
60282,2021-01-06,2,2,3,28.24,0
65875,2020-11-11,3,3,10,19.29,1
39865,2022-07-22,1,6,2,48.6,1
88425,2023-03-14,3,3,12,6.23,0
36534,2020-06-12,2,6,11,3.52,0
73118,2023-04-08,2,10,6,44.69,0
98313,2023-06-24,2,4,10,6.71,1
45870,2019-04-16,2,5,5,41.87,0
93699,2019-11-07,1,10,8,10.41,0
52428,2023-08-20,2,1,12,6.02,0
67388,2022-02-10,3,7,6,9.56,0
68124,2019-03-26,1,3,9,45.12,0
29548,2022-08-17,3,6,5,20.34,0
36633,2019-01-20,3,7,12,23.76,0
31513,2019-04-18,1,5,12,18.65,0
2545,2021-09-14,1,2,3,46.8,0
89890,2022-01-01,2,5,7,7.25,0
10816,2023-03-21,2,10,6,11.05,0
26652,2023-06-18,3,6,10,15.6,0
57788,2020-05-10,2,3,9,3.04,0
51167,2019-12-16,1,10,5,16.43,1
5080,2021-12-04,2,8,1,44.27,0
91706,2022-06-22,3,9,12,3.85,0
25240,2023-04-17,2,3,6,14.55,0
18698,2022-05-08,3,1,3,41.43,0
6447,2020-06-28,2,10,8,36.89,0
54748,2021-06-07,1,10,3,41.38,0
98212,2020-01-04,3,4,3,3.6,0
72850,2019-03-15,1,3,10,26.57,0
40319,2019-11-10,3,10,8,42.75,0
40893,2021-12-24,2,10,5,41.98,0
94000,2020-01-23,2,8,9,23.32,0
29040,2022-04-20,2,5,6,41.9,1
15391,2019-10-29,2,10,10,27.68,0
44385,2023-10-10,2,1,12,47.37,0
60152,2022-09-04,3,1,12,39.73,0
37927,2021-01-09,2,10,11,22.73,0
14433,2021-06-11,2,7,10,10.62,0
57332,2022-09-11,2,1,8,40.68,0
72365,2020-12-20,3,1,9,46.99,0
8832,2022-01-25,2,8,7,25.43,0
89123,2022-03-07,3,4,6,5.85,0
86672,2021-04-12,3,2,13,32.94,1
84290,2021-06-10,2,8,8,43.69,0
78627,2020-04-20,2,10,7,19.46,0
62166,2023-02-19,3,8,6,40.81,0
69640,2022-07-13,3,3,6,13.7,0
42166,2020-03-07,1,9,5,47.19,0
27104,2020-06-14,2,3,2,4.16,1
45395,2021-12-09,2,8,7,16.02,0
26759,2023-01-17,2,7,11,10.71,0
99088,2023-01-01,3,9,13,25.24,0
39786,2019-02-11,2,9,2,36.07,0
52,2023-09-10,2,7,1,19.67,0
14383,2019-09-19,1,5,13,26.92,0
24970,2020-05-31,2,10,8,42.16,0
20992,2021-03-22,3,10,11,11.06,0
20478,2021-09-15,2,2,1,21.01,0
13306,2021-12-21,1,3,11,3.78,0
99041,2023-02-22,2,8,3,3.31,0
26379,2020-02-06,1,8,6,44.0,1
32394,2019-01-12,2,2,8,17.81,0
82637,2020-09-04,3,8,11,46.53,0
8592,2023-03-22,2,8,5,25.15,0
94975,2022-10-23,1,3,4,4.81,1
18879,2022-06-19,2,5,5,19.63,0
69468,2023-08-16,3,7,3,24.38,0
63424,2020-09-09,1,7,4,16.49,1
71657,2019-07-19,3,8,3,24.78,0
39179,2021-09-18,2,5,4,23.2,1
31914,2021-05-22,1,1,12,32.99,0
66306,2022-03-21,3,9,2,35.61,0
14920,2020-04-09,2,9,11,30.03,0
13578,2021-10-07,1,4,12,14.73,0
26380,2020-08-22,3,3,13,28.17,1
43414,2022-11-10,3,8,4,25.91,0
94366,2021-08-04,1,1,12,12.78,0
12954,2021-03-06,2,6,2,23.98,0
51407,2019-04-06,3,3,7,37.91,0
68998,2021-12-23,3,4,10,41.76,0
67196,2021-07-29,2,8,4,33.66,0
8027,2022-09-16,2,1,8,17.58,0
91801,2022-05-11,2,3,13,44.39,0
58671,2022-05-08,3,8,7,38.95,0
7510,2021-10-07,2,1,4,12.05,0
35643,2023-09-13,1,2,5,3.11,0
98444,2020-05-06,1,2,10,38.32,1
74066,2019-07-09,3,4,5,31.99,0
3081,2020-10-24,1,2,10,40.92,0
71674,2022-08-07,2,4,9,43.6,0
1048,2021-05-11,3,7,13,8.99,0
76359,2019-04-24,3,8,7,5.63,0
51668,2020-11-09,2,6,9,18.91,0
76362,2022-02-27,1,1,6,17.85,0
33725,2022-12-18,2,4,6,19.23,0
96167,2021-10-04,2,10,13,43.0,0
12412,2023-02-21,3,9,4,47.46,0
98060,2023-02-11,3,5,7,7.52,0
3354,2021-09-02,1,4,5,44.56,1
38130,2020-04-02,1,1,2,24.77,0
67716,2023-02-07,2,5,10,7.41,1
23856,2021-09-11,1,3,3,14.35,0
51208,2022-07-10,2,5,13,10.46,0
34108,2023-04-10,2,8,11,13.59,0
73150,2023-07-06,3,1,7,36.06,0
59625,2023-04-06,3,3,13,39.5,0
31881,2020-03-12,1,10,3,11.12,0
26269,2021-04-04,3,4,10,39.65,0
43957,2021-01-17,2,4,10,16.82,0
74350,2019-06-04,3,4,3,12.96,0
29109,2023-01-29,3,7,6,35.07,0
54814,2020-09-04,2,10,13,5.94,0
88525,2019-04-16,2,4,2,9.72,0
45826,2023-02-10,3,9,11,2.46,0
68142,2022-10-31,1,5,3,30.21,0
77424,2021-12-21,1,9,11,11.75,0
70076,2021-11-08,3,8,1,41.49,1
62638,2020-07-15,2,8,9,15.94,0
35879,2022-08-02,3,8,9,2.06,0
95387,2019-03-27,3,3,4,4.93,0
45074,2019-07-26,1,9,9,16.13,0
11273,2019-03-17,3,9,10,23.69,0
41722,2019-08-04,3,9,3,38.23,0
44023,2021-05-04,1,2,11,11.6,0
34169,2023-07-11,1,6,3,47.15,0
40990,2020-07-22,1,6,3,22.89,0
80781,2023-09-19,1,9,2,38.53,0
8417,2019-12-24,1,3,4,32.62,0
7565,2020-07-31,1,2,2,23.5,0
95339,2019-06-01,3,7,12,40.82,0
65489,2020-05-14,3,2,4,39.3,0
89650,2020-05-11,1,5,8,2.2,1
78519,2021-02-03,1,5,12,48.24,0
29958,2022-10-09,1,2,2,32.96,0
17948,2022-09-25,3,10,1,8.33,0
19720,2023-08-18,3,5,6,44.15,1
73313,2023-07-10,2,4,12,30.69,0
78111,2019-03-06,3,6,7,3.69,0
61935,2023-07-02,2,1,2,49.86,1
85249,2022-06-20,2,10,6,41.45,0
25900,2021-11-10,2,5,12,8.78,0
80863,2022-02-27,2,7,9,10.14,0
45957,2021-03-17,2,10,3,32.5,0
66421,2023-01-29,2,10,1,24.85,0
83230,2021-12-24,2,5,6,16.95,1
19332,2023-01-21,2,4,2,46.11,1
51616,2020-05-08,3,9,8,34.57,0
74359,2023-08-16,2,4,6,30.96,0
19101,2019-08-27,2,3,8,48.58,0
87555,2022-02-16,2,7,9,2.77,0
44358,2022-09-26,2,8,8,11.94,0
41118,2021-05-05,2,2,9,6.3,0
46956,2021-03-09,3,1,3,27.3,1
14458,2022-08-14,1,9,4,33.01,0
32822,2022-10-01,3,6,12,44.0,0
74663,2020-11-25,2,6,5,37.89,0
13295,2023-03-02,3,5,13,4.4,0
88859,2021-06-19,3,7,3,5.57,0
36152,2023-02-06,1,5,7,48.58,0
69495,2021-07-07,1,1,4,21.26,0
12698,2022-11-26,1,2,11,24.69,0
98431,2020-03-23,3,9,13,9.01,0
97162,2020-05-06,2,3,4,44.11,1
72576,2021-10-12,1,3,8,12.89,0
71709,2023-09-15,3,5,13,45.1,1
57015,2023-03-09,3,3,6,13.2,0
87271,2023-03-17,3,9,1,38.75,0
17372,2021-06-12,3,5,2,42.79,1
42704,2022-12-09,2,6,11,16.52,0
33838,2022-10-06,1,8,11,16.64,0
51755,2020-03-26,1,10,4,36.27,0
22120,2021-08-04,3,10,7,9.14,1
4585,2023-02-04,3,4,2,5.87,0
22780,2019-09-08,3,2,4,30.34,0
57637,2023-11-12,2,5,9,29.19,0
97915,2019-05-17,2,7,13,37.55,0
16568,2020-08-27,2,9,7,37.34,0
76040,2020-03-07,1,9,2,11.26,0
87083,2019-02-21,2,2,4,8.07,0
69367,2020-11-15,1,6,7,32.93,1
90313,2022-12-19,2,4,4,10.35,0
83633,2023-10-08,3,5,10,47.03,0
26753,2021-05-27,1,10,11,46.38,0
96668,2022-08-17,3,8,3,32.73,0
43341,2019-10-23,3,1,3,48.18,0
14469,2021-03-13,2,6,11,5.92,1
62234,2022-07-26,2,2,12,34.16,0
88323,2020-09-05,3,3,9,4.19,0
44584,2023-09-04,2,6,9,27.08,0
66554,2023-07-05,1,2,9,43.85,0
79298,2021-04-20,3,7,1,33.31,0
45434,2020-04-03,2,10,9,20.14,0
75164,2020-12-29,2,5,12,18.03,0
99929,2022-05-18,1,6,11,32.6,0
40910,2019-01-20,1,3,13,31.04,1
82810,2023-09-16,1,10,1,26.72,0
52969,2021-10-13,3,7,3,8.38,0
11765,2019-05-30,1,9,10,36.31,0
8167,2022-07-12,3,4,8,21.42,0
96241,2020-08-10,1,6,13,3.54,0
6330,2019-02-18,2,7,9,12.39,0
34899,2020-11-10,1,7,9,24.56,0
83223,2020-04-01,2,3,11,16.18,0
75348,2023-04-29,3,8,13,22.72,0
52875,2022-03-05,3,7,7,20.49,1
99367,2021-07-14,1,4,11,42.17,0
54670,2022-04-14,2,3,12,44.45,0
27287,2019-10-23,2,2,8,40.3,1
63138,2022-12-12,2,10,11,46.97,0
47923,2020-07-16,1,10,2,5.81,0
93559,2021-03-10,3,3,13,6.83,1
81041,2022-04-03,1,8,10,31.96,0
15999,2021-07-12,1,1,11,39.59,0
2428,2023-05-02,1,5,9,47.78,0
451,2021-12-03,3,9,8,15.26,0
74853,2019-09-14,1,4,13,35.34,1
58332,2021-07-10,1,9,10,20.51,0
32010,2021-01-15,1,8,6,18.5,0
44940,2023-10-19,3,3,2,27.08,0
73597,2023-12-26,1,8,13,8.15,0
9051,2023-08-09,2,3,9,47.51,0
91525,2019-10-06,3,2,4,26.95,0
15588,2022-10-10,3,5,12,31.68,0
71079,2019-02-08,3,7,11,12.91,0
71362,2023-08-24,3,10,9,4.37,1
75851,2019-05-28,1,1,11,20.65,0
19121,2022-04-16,3,10,1,21.59,0
94991,2019-04-17,2,6,9,21.28,0
80665,2022-11-10,3,2,13,48.07,1
40664,2023-09-15,2,6,5,6.65,0
5074,2022-12-14,1,1,1,21.64,1
47973,2020-02-04,3,4,1,29.86,0
92762,2019-03-17,1,7,1,17.01,0
36949,2023-06-22,3,10,3,45.28,0
19953,2021-03-05,3,5,1,27.75,0
28571,2023-10-22,1,1,8,32.77,0
54632,2023-06-07,1,10,11,28.06,0
7971,2022-11-24,2,4,8,29.44,0
45193,2021-04-16,3,2,2,10.18,0
45966,2019-03-12,3,8,11,17.18,0
44521,2021-12-24,1,10,2,34.08,0
44230,2023-07-29,1,10,6,46.23,1
18083,2021-09-19,1,3,7,46.37,0
74646,2020-02-11,1,10,8,16.51,0
80114,2022-08-25,1,1,10,2.08,0
16823,2023-07-15,1,10,2,13.53,1
88578,2023-11-27,3,2,6,46.96,0
58878,2019-08-25,1,8,9,11.78,0
90604,2021-06-14,2,3,12,7.93,0
53551,2023-05-28,1,9,10,17.04,1
37834,2020-08-30,3,5,6,44.92,0
3521,2019-03-24,3,2,5,14.53,0
75333,2020-02-17,1,7,3,15.53,0
61516,2019-03-22,1,2,1,42.0,1
64962,2023-02-10,2,9,5,30.75,0
77782,2022-10-04,3,7,5,44.93,0
24534,2021-04-13,1,1,1,26.9,0
68008,2022-06-09,1,10,6,32.62,0
5573,2021-07-18,3,6,4,8.02,0
92836,2020-08-29,2,9,4,34.01,0
13628,2023-10-27,3,8,9,9.38,0
51702,2019-01-24,1,5,1,46.31,0
39755,2022-12-12,2,6,10,7.82,0
95048,2020-06-10,1,6,8,36.49,0
16434,2020-07-27,1,9,6,12.04,1
19062,2023-06-19,3,6,1,48.21,0
87647,2023-07-19,1,9,6,38.39,0
43928,2020-07-04,1,7,10,18.49,0
18831,2019-01-24,3,5,11,30.56,1
83044,2022-07-14,1,6,13,22.29,0
87348,2020-04-28,1,1,9,29.05,1
34962,2023-07-09,3,6,8,3.98,0
88711,2019-01-06,1,10,1,39.28,0
47163,2021-09-02,3,4,5,16.28,0
51173,2021-12-20,1,9,12,23.56,0
16251,2020-08-07,1,9,11,27.45,1
60335,2020-05-09,2,2,11,5.86,0
29050,2023-08-24,1,10,6,24.51,0
1366,2022-05-09,2,9,12,10.6,0
24034,2020-05-11,1,3,5,12.25,0
32779,2019-04-15,3,2,4,10.8,0
82980,2021-03-17,2,4,13,5.28,0
30068,2023-10-23,3,5,6,22.28,0
36866,2023-05-07,3,3,1,21.3,1
7483,2022-03-03,2,5,7,31.14,0
31632,2023-01-15,3,9,11,25.81,0
64880,2023-05-02,2,5,7,5.14,0
18614,2019-10-01,3,2,9,21.35,0
31832,2020-09-12,1,10,8,39.88,0
37392,2021-02-15,1,1,6,30.37,0
77329,2023-10-19,3,9,2,43.85,0
22000,2023-09-19,3,8,9,5.76,0
25509,2022-11-18,3,5,2,37.14,0
30523,2019-10-25,2,8,3,34.88,0
45837,2020-03-18,1,9,8,26.49,1
95662,2019-02-21,1,2,8,44.12,0
47213,2021-02-07,2,8,5,10.03,0
16127,2022-12-26,2,10,8,15.01,0
15756,2023-11-20,1,2,3,22.37,0
87210,2019-02-11,2,6,10,11.7,0
55187,2023-09-24,2,6,8,45.84,0
5469,2023-10-02,2,6,12,40.81,0
3041,2020-08-22,1,8,11,7.9,0
11581,2021-07-28,3,5,2,48.42,1
45130,2020-12-03,3,5,11,46.89,0
47624,2020-03-02,1,5,3,30.78,0
8590,2020-02-02,1,8,5,40.42,1
81603,2023-08-02,3,7,11,10.15,1
45256,2020-08-11,1,5,12,12.41,1
94015,2021-06-17,3,4,8,46.82,0
45600,2023-11-02,2,6,1,21.16,0
42654,2023-03-21,2,10,13,49.32,0
49756,2022-11-30,2,9,11,41.48,0
28474,2022-01-04,1,4,12,28.63,0
41876,2020-03-08,2,1,2,16.54,0
77897,2022-08-05,2,5,5,39.36,0
7371,2021-11-11,2,1,4,2.36,1
58832,2021-12-17,2,5,6,17.87,0
83878,2023-02-27,2,6,7,43.55,1
70914,2021-08-07,2,9,13,41.15,1
79983,2022-11-27,2,3,2,2.51,0
35355,2020-08-01,3,6,1,31.42,0
36860,2022-12-18,2,1,12,26.16,0
21785,2021-07-29,1,7,9,5.23,0
26100,2020-04-17,3,6,5,40.34,0
47608,2022-01-31,2,6,6,33.95,0
21163,2020-11-29,1,9,4,3.67,0
99323,2020-12-15,2,8,12,13.39,0
17654,2020-01-19,1,3,9,33.2,1
39752,2020-03-08,1,1,8,26.6,0
54628,2022-06-05,2,7,1,49.12,0
15082,2019-09-01,1,2,12,48.0,1
47812,2023-02-26,3,4,8,27.49,0
89329,2019-12-27,1,5,7,13.28,0
606,2023-10-19,2,10,2,37.36,0
61671,2022-04-26,3,2,12,2.88,0
63052,2019-05-04,3,3,8,7.58,0
28964,2019-07-15,3,8,4,43.99,0
90878,2023-04-10,2,4,3,30.48,0
79791,2020-06-22,2,3,13,36.18,0
65022,2021-02-20,1,8,8,17.75,1
23912,2020-03-09,1,9,9,31.4,0
12546,2019-10-07,2,3,10,48.12,0
89925,2019-02-25,2,9,2,4.38,0
29467,2021-02-11,3,9,1,23.55,0
7086,2023-08-01,1,8,13,17.7,0
99465,2023-04-16,1,5,10,20.46,0
19346,2023-01-13,1,9,8,46.61,0
80706,2023-04-27,2,7,2,13.82,1
94653,2023-06-03,3,9,11,22.6,0
65942,2021-10-10,3,9,10,30.85,0
48942,2022-12-16,3,5,6,35.51,0
53847,2020-04-04,1,1,12,31.57,0
94279,2023-05-17,3,7,5,2.52,0
51203,2021-07-29,3,10,2,24.19,0
54368,2023-08-01,3,6,9,45.33,0
83393,2022-06-17,3,8,9,3.78,1
67123,2022-02-12,1,7,3,7.66,1
39960,2023-12-01,1,2,13,48.08,0
41908,2019-01-22,1,6,12,29.57,0
7151,2021-10-13,3,6,10,9.74,0
61200,2019-06-20,3,7,8,47.05,0
54656,2021-10-04,3,7,4,4.08,1
96369,2022-06-10,3,2,7,39.26,0
29854,2020-01-18,3,10,1,49.14,0
26166,2021-12-07,3,9,13,13.26,0
3020,2021-04-24,1,9,4,49.74,0
15310,2022-01-01,1,4,6,18.41,0
15883,2021-06-29,1,7,12,27.6,1
60749,2019-02-10,1,6,5,43.41,0
87070,2021-09-07,1,6,12,47.33,0
18678,2022-02-16,1,4,12,16.32,0
48433,2020-11-15,1,6,8,30.74,0
88780,2019-01-15,2,4,8,29.15,0
50674,2023-01-10,3,3,13,40.39,0
76806,2022-04-01,3,8,13,3.32,0
54580,2023-09-19,2,9,13,29.92,0
33187,2021-04-01,1,5,5,5.52,0
61705,2022-03-01,3,6,8,15.58,0
57810,2022-04-13,1,8,7,19.74,0
68375,2023-04-04,2,1,13,9.39,0
983,2023-02-04,1,6,1,34.49,0
19468,2021-11-18,1,4,9,40.92,0
3790,2019-02-17,1,9,12,42.5,0
28714,2021-10-08,2,6,5,48.74,0
25138,2020-08-03,2,8,11,20.68,0
68617,2020-05-11,1,5,3,48.13,0
17342,2023-04-24,3,5,2,16.21,0
26114,2023-11-01,2,1,11,41.83,0
30169,2020-02-02,2,10,5,49.22,1
26811,2020-02-11,2,9,5,43.07,0
91953,2020-10-27,3,5,4,39.66,1
23192,2023-03-08,2,4,7,27.48,0
11037,2021-04-13,3,8,4,12.11,0
41369,2022-08-16,3,9,9,25.44,0
28864,2020-02-17,2,7,6,45.6,0
60005,2023-05-17,3,9,3,26.52,0
52426,2020-10-09,2,7,3,15.91,1
81164,2021-04-19,3,3,8,42.49,0
50648,2023-12-20,1,8,1,23.64,0
75123,2023-09-26,2,10,13,23.85,1
93199,2019-02-21,3,1,10,8.5,0
72308,2023-08-24,3,4,6,8.3,0
39258,2020-08-22,3,10,2,22.54,1
27547,2022-07-15,2,6,12,40.56,0
61594,2020-06-16,1,4,10,13.85,0
891,2023-08-16,3,1,10,2.1,0
16504,2023-09-20,3,4,10,36.7,0
19579,2019-02-14,3,1,7,12.31,0
87864,2023-08-13,3,3,10,20.09,0
36861,2021-09-08,1,2,3,9.48,0
43334,2021-09-22,1,3,2,25.42,0
21292,2021-04-20,1,4,2,12.93,0
48695,2019-01-01,3,10,10,16.65,0
5854,2022-03-25,2,6,2,11.89,0
73053,2021-03-11,1,5,7,3.44,0
20090,2021-11-16,1,4,5,33.89,0
30764,2020-12-06,2,6,6,39.6,0
74213,2022-01-08,3,7,6,11.07,0
82761,2020-04-21,2,7,6,19.81,0
34355,2023-10-24,1,6,4,3.77,0
4186,2020-04-13,1,6,2,41.32,0
22062,2021-04-28,3,7,8,26.77,0
50816,2019-10-18,1,1,4,44.04,0
16340,2019-06-19,1,7,9,18.48,1
12836,2019-07-04,2,10,1,30.96,1
66179,2023-06-13,1,4,3,11.61,0
98916,2022-10-21,3,8,5,29.33,1
15998,2021-07-29,1,2,9,16.11,0
88389,2020-04-12,1,4,3,18.1,1
52263,2022-01-29,1,5,4,29.55,0
41535,2021-10-08,2,3,10,24.1,0
21778,2019-08-16,3,10,9,20.03,0
65969,2021-05-03,2,3,5,16.6,0
4341,2022-06-05,1,3,7,46.26,0
98022,2020-11-21,3,9,10,41.21,0
77205,2023-06-05,1,2,8,26.44,1
59001,2020-01-11,1,4,7,3.7,1
64067,2019-11-26,1,4,13,30.65,1
67105,2019-09-24,3,5,7,43.02,0
45141,2021-06-07,1,1,6,21.34,0
3105,2021-10-17,3,1,6,5.71,0
54912,2021-03-11,1,2,4,8.77,0
59571,2019-04-06,3,6,12,27.15,1
19109,2022-07-06,3,9,12,27.15,0
45530,2021-08-23,3,4,12,25.25,0
11562,2023-08-13,1,6,3,27.0,1
26959,2022-01-14,2,1,3,19.38,1
97922,2023-12-12,3,5,5,5.12,0
37099,2023-05-25,2,7,5,35.63,0
10197,2022-05-28,1,7,6,33.11,0
87782,2020-08-22,3,3,3,24.27,0
33375,2020-02-20,1,5,12,31.48,0
70898,2022-12-16,2,8,2,43.64,0
27543,2020-03-29,3,9,6,46.24,0
80503,2021-07-07,2,6,12,13.7,0
63707,2019-01-29,2,2,6,46.19,0
27496,2019-03-26,3,6,3,17.55,1
7793,2022-06-29,1,5,2,46.73,1
48846,2020-03-14,2,4,12,9.08,0
28356,2022-08-07,2,10,2,2.28,0
34186,2022-06-04,2,4,3,34.98,0
23648,2019-04-21,2,7,3,48.42,0
71484,2023-01-19,3,1,11,6.42,0
20250,2021-10-13,3,6,10,33.1,0
71960,2023-04-19,1,4,2,49.92,0
20803,2022-10-21,2,8,8,14.86,0
14998,2019-09-25,2,3,6,11.68,0
92298,2022-10-24,1,8,11,17.35,0
77924,2022-11-26,3,4,1,37.91,0
80948,2023-10-22,3,6,10,42.6,1
32925,2019-06-22,2,8,3,5.77,0
51713,2019-09-08,1,6,7,23.55,0
9669,2022-12-18,3,6,1,26.77,0
61471,2023-03-15,1,3,4,12.63,0
9315,2023-06-19,1,5,11,39.02,0
50176,2020-06-13,1,5,6,16.1,0
89375,2022-08-04,3,3,12,3.8,0
30896,2019-06-06,1,6,11,21.58,0
41616,2020-10-16,2,5,4,27.45,0
17069,2021-08-30,1,1,2,34.11,0
47485,2020-01-11,2,7,1,14.47,0
39590,2023-09-17,3,4,10,39.18,0
18157,2020-02-08,1,1,10,44.49,1
11718,2022-01-31,2,4,5,42.55,0
46839,2023-09-24,3,7,3,10.22,0
50784,2022-07-16,3,9,1,10.07,0
7296,2021-06-10,3,6,13,46.67,0
13191,2021-07-22,3,5,1,49.35,0
70400,2021-03-05,3,8,7,33.25,0
96160,2022-09-28,2,10,11,4.1,0
40655,2022-09-14,3,2,8,23.31,0
83580,2019-08-26,1,1,9,37.82,0
95222,2021-09-01,1,7,1,7.82,0
88829,2019-12-18,1,7,1,35.21,0
83469,2021-07-08,3,7,13,44.56,0
37885,2022-06-11,3,2,10,26.96,0
50117,2021-04-10,1,8,4,3.1,1
97390,2020-02-19,2,1,12,36.98,0
67346,2020-11-25,2,2,11,28.86,1
49005,2021-09-21,1,2,4,45.74,0
62859,2020-01-14,3,4,12,8.74,0
37821,2023-09-21,3,3,13,2.69,0
20938,2020-06-14,1,6,1,16.99,0
91303,2021-09-30,2,1,8,39.94,0
82606,2020-10-18,1,7,5,20.24,1
84337,2019-10-06,2,6,12,16.36,0
20906,2022-02-06,2,5,10,33.83,0
93536,2023-09-06,1,6,10,30.99,1
33038,2023-06-17,2,9,3,24.86,0
83610,2021-03-07,1,4,12,35.41,0
57458,2019-02-17,3,3,7,22.11,1
12588,2021-03-07,1,1,11,43.42,0
50606,2019-10-10,3,2,11,37.49,0
99514,2019-08-15,1,6,13,45.42,1
27453,2019-04-13,3,7,3,30.51,0
45827,2019-06-28,3,10,2,27.69,0
15221,2020-08-03,2,8,1,21.87,0
77629,2023-04-12,3,3,8,17.44,0
7932,2019-04-12,1,6,5,48.97,0
92092,2020-11-14,3,7,9,31.71,0
77646,2023-03-16,3,3,2,37.47,0
55703,2020-08-16,2,3,9,4.84,0
79434,2023-05-27,3,2,11,17.42,0
4261,2021-07-28,3,4,8,38.05,0
16795,2023-08-20,1,5,12,41.01,0
86056,2021-04-19,3,8,11,36.75,1
45859,2022-09-13,2,7,5,24.44,0
72128,2022-12-03,2,1,9,7.44,0
66145,2021-05-07,1,7,11,28.5,0
30566,2023-12-08,2,4,4,16.3,0
34712,2019-10-28,3,9,12,25.84,0
97442,2023-06-08,2,5,13,16.71,0
89618,2019-05-07,3,5,1,33.33,0
48267,2020-04-04,2,6,9,2.79,0
70818,2023-06-04,3,1,13,30.44,0
51965,2020-08-10,3,10,8,21.98,1
11287,2022-11-18,1,8,13,16.51,1
39979,2022-07-31,1,9,4,44.82,0
98289,2021-12-23,3,2,8,8.92,0
8621,2020-11-05,2,9,2,38.62,0
16997,2023-02-22,1,3,8,28.74,0
48682,2023-08-20,2,10,5,36.41,0
94530,2023-03-15,2,2,12,9.39,0
91324,2021-02-17,1,10,7,11.29,0
54794,2021-11-04,2,3,3,27.57,0
83626,2020-12-31,1,10,10,42.96,0
75842,2020-10-13,3,6,13,11.96,1
24113,2022-03-10,1,3,10,8.69,0
1961,2023-09-01,2,5,4,12.11,0
50129,2023-09-05,1,7,10,11.95,0
28414,2023-07-19,1,6,13,36.36,1
78149,2021-09-18,1,3,6,25.68,0
71554,2023-04-22,3,1,11,37.95,0
55039,2021-02-04,2,9,10,13.79,0
91282,2022-09-15,2,10,4,11.93,0
70348,2022-04-10,2,3,4,20.25,0
69679,2023-08-28,3,6,8,21.68,0
20887,2019-09-16,2,4,9,43.06,0
36628,2021-08-25,2,10,5,37.93,0
93728,2020-12-16,2,6,4,31.03,0
9693,2019-06-27,3,2,9,17.92,0
59222,2019-11-15,1,4,7,12.95,0
47358,2019-02-28,3,7,12,28.57,0
98040,2023-06-12,2,2,7,44.38,1
52185,2022-10-27,1,3,4,43.88,0
1560,2022-01-20,3,9,5,6.6,0
37216,2022-02-06,3,4,10,36.5,0
88060,2019-12-23,2,10,10,36.58,0
93435,2019-12-09,1,1,11,3.16,0
90063,2020-09-15,3,10,5,38.22,0
73681,2022-01-22,2,8,8,30.52,0
49181,2020-04-18,1,5,11,3.69,0
7540,2023-10-20,3,3,4,30.75,1
88103,2020-01-07,2,8,6,47.32,0
30624,2022-09-17,2,7,10,16.27,0
29710,2023-12-01,2,9,7,26.4,0
38551,2020-10-05,1,9,13,44.41,0
75166,2019-06-13,2,1,13,4.85,0
68431,2019-04-07,3,6,7,45.49,0
44264,2020-05-03,2,6,13,21.8,0
18943,2023-07-13,3,2,1,26.71,0
48343,2023-05-08,3,7,13,14.28,0
86751,2022-08-22,2,5,11,37.6,0
96002,2019-04-20,1,5,1,17.83,0
63219,2021-02-07,3,6,10,40.4,0
29114,2019-12-09,3,5,13,32.37,0
58966,2020-05-05,2,8,5,17.81,0
59035,2023-01-26,3,7,11,12.32,0
38440,2023-12-27,1,3,12,32.77,0
34766,2019-10-16,1,3,5,6.16,0
89570,2020-11-05,2,9,11,40.89,0
63434,2022-02-05,3,9,11,45.09,0
96947,2019-04-10,3,2,11,20.89,0
72132,2019-02-28,1,10,1,3.8,0
14554,2022-11-15,3,8,12,48.07,0
13757,2022-09-07,2,3,8,25.07,0
71732,2023-01-20,3,1,1,45.99,1
81044,2020-06-13,3,5,10,49.61,0
1131,2022-07-25,1,5,3,34.65,0
84604,2023-08-19,3,5,4,17.18,0
21575,2020-11-14,2,2,6,34.37,0
42641,2023-07-30,3,10,4,48.73,0
30436,2023-10-02,1,2,13,8.09,0
15863,2019-06-26,1,8,12,24.46,0
18605,2020-01-27,1,5,13,19.42,0
86305,2023-01-09,3,6,12,13.52,0
62783,2020-01-04,2,9,3,26.3,0
25321,2023-04-03,2,10,11,3.76,0
14084,2023-10-03,2,7,2,16.74,0
18637,2020-06-04,3,1,11,12.93,0
96999,2019-12-29,2,8,7,37.74,1
53672,2020-04-17,3,10,9,5.79,0
6556,2021-02-13,1,8,6,31.01,0
48175,2019-12-23,3,9,11,16.88,0
52510,2019-07-23,2,6,10,39.7,0
1148,2021-06-19,3,1,12,7.49,0
96904,2021-07-13,2,8,6,33.71,0
75406,2023-08-24,2,1,12,17.16,1
7075,2019-08-19,2,10,8,8.03,0
26817,2020-04-26,1,8,9,16.74,0
54342,2020-05-23,2,4,12,19.91,0
91640,2021-12-22,2,2,4,11.67,0
74492,2022-07-11,3,2,10,25.15,0
59723,2020-12-03,1,3,13,2.94,0
78947,2022-11-13,2,6,6,48.29,0
26821,2021-03-18,2,5,3,27.16,1
72032,2022-06-06,2,5,1,4.85,0
85160,2019-03-13,1,9,5,40.82,0
74094,2021-07-12,2,4,4,9.0,0
13112,2023-01-01,1,9,10,28.96,0
3728,2020-04-16,2,3,7,38.24,0
18000,2022-12-14,2,6,8,15.94,0
6942,2019-08-12,2,1,7,12.45,0
34822,2019-11-02,2,9,2,17.56,0
1834,2021-07-31,2,7,11,12.23,0
75263,2022-01-10,2,9,13,18.3,0
46752,2019-10-31,1,9,12,34.38,0
45441,2019-08-25,3,10,13,4.01,0
614,2020-06-24,2,3,8,5.03,0
75611,2023-01-05,1,3,11,26.73,0
79598,2021-09-15,3,3,1,21.18,0
75711,2022-10-12,3,9,6,8.69,0
83231,2023-06-16,1,10,9,8.73,0
69191,2020-06-06,3,1,4,32.42,0
23695,2020-09-23,2,2,3,7.03,0
70990,2022-10-15,1,2,7,17.83,0
13446,2022-10-06,2,8,10,18.58,0
74397,2022-05-03,1,7,7,15.17,1
63127,2021-12-08,1,6,4,41.55,0
41408,2019-01-27,3,8,6,9.28,0
32465,2022-04-13,2,3,9,44.13,1
90147,2022-02-27,3,3,10,11.03,0
63479,2020-04-10,3,7,8,47.34,1
53287,2020-08-29,1,1,13,38.84,0
59731,2021-03-21,2,3,8,11.5,0
54130,2020-08-06,3,6,13,14.6,0
45774,2023-01-14,1,4,10,45.44,0
35427,2020-12-15,2,6,3,43.71,0
30842,2019-08-17,1,8,3,43.07,0
19515,2023-04-17,3,1,8,41.94,0
42870,2023-11-12,1,7,7,28.97,0
76650,2021-02-22,1,9,7,28.39,0
15149,2023-08-31,1,4,5,36.08,0
12918,2021-09-23,3,3,8,47.55,0
35978,2021-10-11,1,6,13,24.61,0
80547,2019-04-28,3,8,10,37.38,0
71351,2021-11-02,1,2,5,24.74,0
86981,2022-07-30,1,6,7,33.85,0
32651,2019-06-12,3,6,3,16.02,1
1481,2021-04-11,3,4,13,40.5,0
98972,2020-11-03,2,9,10,15.79,0
1713,2020-10-05,3,9,7,9.72,1
92004,2021-10-21,1,2,10,16.29,0
21184,2022-08-23,3,2,13,40.43,0
33529,2021-05-30,2,9,8,24.26,0
98543,2021-02-23,1,1,1,33.63,1
92811,2022-01-18,1,8,4,48.29,1
7948,2019-11-12,1,9,1,32.76,0
72232,2023-02-20,1,2,12,34.71,0
35751,2019-10-20,1,8,2,41.18,1
89808,2021-11-19,2,3,11,34.33,0
4566,2021-04-28,2,5,9,2.72,1
82268,2019-04-29,3,2,7,16.38,0
80033,2020-06-12,3,10,10,37.22,0
66859,2021-10-30,1,9,1,2.46,0
54147,2020-04-26,2,8,1,28.16,0
70876,2021-01-09,1,3,10,49.27,0
29411,2020-12-15,3,3,8,45.77,0
69696,2023-11-13,2,5,7,47.8,0
45004,2019-06-12,3,10,12,42.3,0
27089,2023-04-22,3,2,6,35.35,0
35876,2020-07-23,2,8,7,6.69,0
33141,2023-04-26,2,7,2,12.37,0
79564,2023-01-04,3,3,9,41.47,0
36394,2023-10-04,1,6,6,12.39,1
2891,2020-09-12,3,8,2,20.07,0
63351,2019-09-27,2,4,9,17.82,0
82505,2020-05-18,3,3,13,21.35,0
73153,2019-01-15,3,1,4,46.65,0
90289,2022-01-13,3,7,9,9.41,0
16688,2022-12-25,1,4,9,29.72,0
9324,2019-12-28,2,9,11,12.15,0
56671,2019-09-29,1,3,1,34.54,0
4351,2022-09-14,1,7,2,48.27,0
8050,2021-01-07,2,5,12,16.28,0
49359,2021-01-23,3,3,10,8.8,0
39829,2023-08-13,3,5,13,7.62,0
19257,2019-01-27,3,4,9,9.28,0
41140,2020-06-25,1,10,8,36.92,0
64819,2023-06-28,3,4,8,39.62,0
16358,2023-07-25,1,5,12,5.86,0
34852,2022-11-20,2,8,11,12.43,0
49792,2022-07-17,2,1,11,38.38,0
79520,2020-04-07,1,10,3,4.04,0
44887,2023-01-09,3,2,5,14.04,1
74746,2022-07-01,1,8,9,46.2,0
7182,2022-03-05,3,7,12,18.86,0
90565,2021-05-13,3,8,9,3.32,0
5579,2019-10-31,3,1,7,18.66,0
16361,2022-07-12,2,5,3,35.04,0
65271,2020-02-11,2,9,12,8.59,0
35158,2021-05-01,2,1,7,26.59,0
91512,2022-09-30,2,9,7,25.64,0
61835,2020-06-29,1,6,12,43.47,0
83462,2019-08-26,3,5,6,28.9,0
50183,2022-10-27,1,7,2,35.77,0
52194,2020-05-20,2,2,7,30.2,0
26463,2022-05-28,3,8,4,41.97,1
72034,2019-11-27,3,8,10,8.63,0
53840,2023-10-12,3,2,4,31.85,0
73607,2023-10-17,3,2,5,14.42,0
3402,2021-03-15,2,10,7,40.14,1
75719,2020-08-01,3,1,9,40.05,0
5095,2023-11-21,1,7,11,46.71,0
26584,2020-02-23,3,8,7,7.35,0
92827,2019-06-21,3,10,2,46.27,1
77108,2022-03-29,2,8,2,35.03,0
38720,2021-10-24,1,10,7,31.66,0
6017,2023-08-07,2,2,12,42.71,0
12655,2021-05-03,2,10,6,35.93,0
80023,2022-11-08,1,9,9,7.75,0
94555,2019-02-15,1,3,3,7.98,0
39569,2021-07-23,3,1,2,6.9,0
79229,2021-09-13,3,2,5,10.33,0
8749,2021-04-17,2,3,1,29.25,0
78449,2021-11-24,2,7,2,49.66,0
3744,2023-01-25,3,5,13,34.28,0
63348,2022-02-18,1,1,9,46.36,1
75949,2021-08-05,1,8,4,35.16,1
41472,2022-11-17,1,1,5,42.02,1
32606,2021-07-17,1,5,11,45.58,0
867,2019-03-15,1,7,9,41.23,0
23209,2020-10-26,1,4,3,11.8,0
43385,2020-04-08,3,10,5,34.66,0
13665,2020-01-03,3,2,8,43.7,1
43980,2020-11-01,3,1,3,26.11,0
81363,2021-07-28,1,8,11,47.38,0
79717,2021-12-31,1,2,8,48.62,0
77505,2022-07-09,1,4,9,16.18,0
14913,2021-04-20,2,10,5,40.89,0
63917,2021-03-31,2,10,7,6.03,1
17665,2021-07-01,3,9,7,33.3,0
11068,2020-10-30,1,9,5,24.64,0
92287,2020-11-10,3,5,3,11.62,0
74611,2019-02-10,2,4,4,23.32,0
3677,2019-04-23,1,4,11,36.59,0
28287,2019-01-11,2,6,5,46.86,0
93842,2019-01-18,3,10,9,15.03,0
27398,2020-09-20,3,2,5,25.53,0
57849,2023-06-01,3,4,13,39.58,0
61590,2019-03-11,3,5,12,45.99,1
49125,2021-02-23,3,4,8,11.55,0
95992,2022-01-29,3,4,5,33.5,0
37098,2023-10-18,1,7,12,39.37,0
91484,2021-06-05,1,7,1,46.46,0
87113,2022-02-09,1,5,2,17.45,0
39095,2019-12-29,2,4,9,36.28,0
81820,2021-10-19,2,10,4,34.39,0
8068,2020-01-01,2,6,13,14.33,0
94453,2021-02-07,3,5,10,3.77,0
94836,2023-04-22,2,4,7,44.5,0
65113,2023-09-04,3,3,5,14.66,0
83637,2022-05-15,1,7,6,35.48,0
78657,2019-01-14,1,5,9,10.64,1
86511,2019-03-15,3,8,11,19.8,0
85389,2019-09-25,2,10,11,45.14,1
66860,2020-09-01,1,8,13,32.42,0
32591,2021-10-27,3,9,13,44.27,1
9424,2020-08-10,3,6,8,17.42,0
55021,2019-04-08,2,1,1,21.94,0
64225,2021-06-08,2,5,4,23.17,0
89297,2022-04-10,3,9,8,42.97,0
41579,2021-11-19,3,7,4,20.06,0
35895,2021-12-09,3,6,3,18.32,1
23997,2021-12-23,1,4,13,41.93,0
15183,2020-02-15,3,8,2,17.49,1
24224,2019-04-06,2,7,7,17.98,0
75860,2022-12-28,3,4,4,46.47,0
10400,2020-05-13,2,1,8,46.53,1
17599,2020-08-09,2,8,8,5.4,1
9879,2022-01-04,1,7,2,48.07,0
51247,2020-11-21,2,5,10,26.67,0
67536,2023-10-04,2,4,12,46.97,0
20219,2021-02-05,2,9,4,40.62,0
44823,2021-03-30,3,7,13,7.87,0
47,2019-03-30,2,10,2,15.59,0
87087,2020-09-14,2,3,5,33.74,1
84013,2019-06-26,2,5,4,12.99,0
99171,2019-05-01,1,3,6,41.07,0
58044,2021-11-16,1,1,10,17.67,0
33654,2021-08-24,1,1,6,41.39,0
43692,2022-03-20,1,10,1,12.44,1
32970,2021-04-29,2,9,8,32.38,0
85241,2021-09-06,3,5,4,32.36,0
84319,2021-06-18,2,9,5,40.86,0
55890,2020-11-09,1,5,8,2.09,0
23566,2022-06-21,3,1,9,15.43,0
19944,2020-01-30,2,2,10,33.3,0
18310,2019-03-31,2,1,9,39.33,1
68597,2019-10-28,2,2,3,7.68,0
33094,2020-10-12,3,3,12,16.64,0
5248,2023-07-31,3,10,3,18.16,0
94753,2019-05-30,2,1,5,14.87,0
85019,2021-09-20,1,1,7,4.0,0
19602,2019-04-22,1,4,8,42.14,0
2714,2019-01-11,2,2,6,48.48,0
39669,2023-02-08,1,4,6,9.8,0
60399,2021-08-14,2,10,6,31.07,0
89638,2023-09-17,2,10,5,10.35,1
12855,2022-09-24,1,8,11,35.6,0
67761,2022-04-01,3,1,12,36.77,0
89553,2019-03-26,3,8,9,20.39,0
8274,2020-02-12,1,7,3,33.31,0
10136,2019-08-27,2,7,5,11.51,0
33588,2021-11-08,3,5,9,36.38,0
71770,2020-10-17,3,9,1,8.34,0
67484,2023-10-06,1,9,2,19.73,0
99566,2023-11-03,1,6,9,46.1,0
63525,2023-07-09,3,2,3,15.22,0
66310,2021-04-13,3,1,9,26.05,0
80457,2022-08-17,2,3,10,29.03,0
16545,2023-02-20,1,2,5,12.38,0
45313,2022-10-19,2,10,11,36.41,0
35436,2021-01-03,3,4,11,46.78,0
75132,2019-08-09,3,2,5,15.9,1
6314,2021-06-16,1,7,4,18.53,0
54854,2020-03-30,1,7,10,25.35,0
66480,2022-05-20,1,10,2,25.87,0
27065,2023-12-20,2,5,5,17.87,0
78798,2020-07-18,1,1,9,40.52,0
95602,2023-09-12,2,1,1,2.88,0
25479,2023-08-01,3,3,12,39.65,0
63811,2023-03-13,1,4,9,35.3,0
25049,2022-01-11,3,5,12,11.62,1
52970,2023-10-24,3,1,11,13.3,1
27588,2019-05-10,2,2,3,3.68,0
45342,2023-12-21,3,4,7,33.93,0
16250,2021-01-29,1,8,3,43.47,0
50908,2019-11-08,2,5,10,6.68,0
55433,2023-03-13,3,7,12,44.48,0
38821,2019-04-01,1,6,3,42.13,1
50009,2020-10-01,2,5,10,29.08,0
63835,2023-04-27,3,3,10,15.84,0
92018,2021-07-15,3,1,7,25.75,0
44766,2023-09-08,2,1,1,27.49,0
64048,2019-10-10,1,4,13,8.9,0
98266,2023-11-27,3,3,4,2.03,0
11985,2021-06-10,1,7,12,23.51,0
58485,2020-07-24,1,3,6,4.66,0
58654,2019-06-15,1,9,4,16.42,1
39854,2019-09-02,3,1,13,13.55,0
74008,2022-04-06,3,7,8,19.35,0
73753,2023-05-10,3,9,10,34.13,0
29881,2022-08-08,3,4,12,18.36,1
15823,2023-07-23,2,7,8,44.85,0
7574,2023-10-09,3,9,10,40.11,0
84864,2020-11-03,1,2,2,35.65,0
76119,2020-10-06,3,2,2,31.61,0
86257,2020-05-22,1,10,5,47.06,0
91255,2021-01-01,1,4,12,2.25,0
25212,2019-09-21,1,9,2,36.39,1
65016,2022-12-17,3,7,3,7.53,1
21269,2023-10-03,2,4,4,4.22,1
27647,2019-10-28,2,5,10,12.53,0
19964,2019-02-03,1,7,6,12.92,0
86865,2022-04-16,3,9,3,23.83,0
44931,2023-03-22,3,1,13,33.63,0
53863,2019-10-22,2,3,4,4.07,0
58970,2019-02-18,2,2,9,5.28,0
6704,2019-09-01,3,10,7,21.2,0
60896,2019-06-09,2,5,12,34.47,0
71317,2022-11-03,2,4,1,19.18,0
36993,2019-10-20,3,1,7,3.41,1
57355,2023-08-04,1,6,10,45.45,1
13611,2023-04-08,1,8,13,10.62,0
31196,2020-11-21,3,8,11,43.93,0
92167,2021-02-05,1,2,10,46.23,0
49073,2021-10-30,3,5,7,43.33,0
4684,2021-06-25,3,4,4,35.21,0
77317,2023-06-13,1,4,1,11.86,1
16848,2023-04-23,3,7,6,11.66,0
76486,2021-08-07,2,5,13,3.66,0
50669,2020-09-15,2,9,3,37.59,0
11599,2020-05-30,2,8,8,3.68,0
18883,2021-01-17,2,2,5,23.13,0
73664,2023-07-28,1,10,3,38.31,0
23728,2021-10-11,2,2,6,44.18,1
4683,2023-02-11,1,8,12,13.98,0
43096,2022-11-05,3,1,6,43.8,0
77564,2023-05-13,3,7,13,2.54,0
51480,2023-12-19,3,8,10,11.22,0
72771,2022-12-05,2,2,7,43.79,0
29720,2020-08-24,2,7,1,25.28,0
91065,2021-07-13,2,8,7,44.67,0
70436,2023-07-12,2,5,3,43.19,1
8799,2022-03-14,3,5,1,45.55,0
81027,2019-11-02,3,7,13,25.68,1
16591,2019-09-17,3,10,4,43.68,0
88348,2022-08-29,3,2,12,29.42,0
51049,2020-06-21,2,5,10,29.03,0
27150,2019-08-03,1,10,13,26.19,1
92533,2019-01-18,1,2,7,42.81,0
81530,2019-02-15,1,2,8,26.54,0
70523,2020-05-16,3,7,7,11.16,1
75622,2020-12-19,3,7,4,17.8,0
25339,2021-06-13,1,4,13,18.96,0
29740,2022-02-24,1,3,9,19.16,0
47148,2021-07-17,3,9,11,15.57,1
87285,2023-11-23,3,10,11,23.92,1
91430,2019-01-24,2,5,10,46.95,0
99107,2020-12-20,2,5,7,46.06,0
61692,2023-02-19,2,10,10,47.33,0
71294,2019-05-10,3,1,12,39.34,1
32063,2020-10-04,1,1,9,27.98,0
59722,2021-12-30,2,3,8,3.33,0
99052,2019-12-04,3,5,8,43.43,0
60848,2023-11-04,1,2,12,29.84,1
85064,2021-04-21,2,1,4,29.67,0
32111,2021-06-13,2,7,5,8.45,0
2027,2021-03-21,3,1,1,27.44,0
90319,2020-01-15,2,4,10,16.33,0
70237,2023-05-07,3,2,4,14.77,0
37202,2021-08-27,3,10,5,26.19,0
34321,2023-08-13,2,7,1,24.14,0
96210,2020-08-29,1,10,6,9.43,0
25625,2019-08-02,1,9,10,3.01,0
35845,2020-12-14,1,7,2,28.79,0
22067,2020-12-22,2,1,10,48.91,1
92562,2019-06-22,3,6,6,22.17,0
69235,2023-02-18,2,1,5,38.42,0
75307,2021-02-11,3,2,4,41.28,0
76283,2019-02-21,1,1,10,15.91,1
86011,2021-07-12,2,7,3,33.54,0
29249,2021-06-17,3,8,10,24.28,1
45991,2020-08-04,1,1,4,15.95,0
77826,2019-01-14,1,3,5,24.01,0
38181,2023-11-16,1,4,9,32.77,0
40901,2021-09-17,2,8,6,5.47,1
49807,2020-08-04,3,10,1,17.4,0
48830,2019-07-28,3,8,6,30.55,1
93278,2022-03-15,1,1,5,6.6,1
10814,2022-06-12,2,1,12,18.54,0
28208,2021-08-27,2,10,6,3.72,0
6554,2023-01-03,3,8,7,49.9,1
67731,2019-07-10,2,8,6,11.76,0
66240,2019-09-21,3,7,1,39.95,0
55027,2022-10-29,1,5,9,17.22,1
58013,2023-04-24,3,1,7,36.19,0
88444,2023-12-06,3,2,10,22.04,0
33892,2022-07-06,1,7,3,3.99,0
46801,2023-08-16,1,1,2,12.32,0
66087,2019-11-27,2,8,6,33.8,0
81703,2019-10-27,3,6,1,4.66,0
18312,2019-12-18,1,9,6,44.01,0
61167,2019-11-25,1,8,11,19.37,0
81932,2021-10-05,1,10,4,29.79,1
908,2019-02-08,2,7,7,45.96,0
84787,2020-01-01,2,1,13,23.45,0
57287,2022-09-30,3,4,6,42.49,0
34735,2023-12-17,3,4,2,33.41,0
73069,2021-08-09,2,10,5,23.63,1
56799,2019-09-02,2,10,12,18.47,0
68816,2020-02-08,2,4,12,17.22,0
87400,2019-08-28,3,9,4,24.33,0
11681,2021-10-29,2,5,7,35.88,0
67458,2020-10-05,3,10,1,23.96,0
71560,2019-01-01,3,8,7,39.3,0
77472,2020-04-06,2,5,7,4.68,1
93535,2019-05-31,3,4,4,42.5,0
41346,2022-01-10,2,5,1,15.27,0
92611,2020-04-20,3,9,3,49.19,0
41808,2019-08-18,1,10,6,36.99,1
44427,2021-11-25,1,5,2,22.78,0
24671,2022-11-10,2,5,1,46.56,0
53475,2021-07-24,3,3,9,4.55,0
33565,2020-08-21,2,6,11,18.78,0
33834,2019-05-13,3,6,11,35.71,0
81532,2021-07-10,1,5,4,46.15,0
98395,2022-08-20,3,4,2,49.0,1
85489,2022-04-18,3,9,1,41.82,1
21656,2019-01-15,2,8,6,9.02,0
56506,2023-06-24,1,9,4,17.31,0
87628,2020-01-03,1,3,12,39.43,1
81853,2023-04-14,3,2,10,20.17,0
43065,2020-04-11,1,3,4,15.47,0
82719,2022-07-18,3,1,10,14.57,0
36141,2020-02-17,2,8,3,11.33,0
57852,2022-06-11,3,5,4,11.63,0
13703,2020-12-04,2,3,11,6.84,0
83216,2019-03-01,3,7,4,34.18,0
474,2020-07-25,1,10,5,42.23,0
79315,2023-01-01,3,9,2,2.05,0
61997,2020-02-11,1,3,2,38.28,0
70617,2020-04-20,2,3,8,33.95,0
39712,2020-10-13,2,10,8,3.86,0
82533,2019-05-16,2,4,12,8.9,1
15406,2023-01-29,2,1,6,6.67,0
76615,2019-07-20,3,9,1,26.46,0
33089,2021-01-07,1,7,3,5.28,0
49155,2021-06-21,1,6,4,39.29,0
77605,2022-11-22,1,6,6,49.06,0
29061,2019-02-20,1,5,13,33.01,0
86752,2022-10-13,2,8,4,43.75,0
68344,2019-03-22,3,3,7,29.71,0
654,2021-11-28,1,9,5,5.03,0
97623,2020-02-08,2,5,8,15.94,0
64085,2021-09-23,3,9,9,15.52,0
20308,2021-12-01,2,5,5,14.94,0
51065,2019-04-06,1,6,2,18.81,1
56388,2020-10-08,1,7,9,6.14,0
61078,2019-08-11,3,4,3,3.16,1
28774,2020-04-14,1,7,13,18.23,0
96303,2022-11-03,3,9,11,21.95,0
71610,2023-05-07,3,7,13,28.01,0
10412,2019-09-16,2,9,2,47.37,0
28900,2021-04-01,2,7,8,31.54,0
11177,2019-01-05,2,8,10,4.8,0
57997,2023-03-13,3,2,2,45.92,0
67335,2023-01-18,3,2,3,33.83,0
91608,2021-08-24,2,1,8,26.12,0
12586,2020-11-10,1,3,5,3.81,0
77932,2020-09-10,1,1,10,32.1,0
85950,2019-02-15,2,10,4,48.59,0
5439,2023-04-14,3,7,3,3.01,0
18579,2023-07-12,2,6,3,47.88,0
11503,2019-08-03,2,7,5,45.78,1
77115,2020-03-17,1,8,6,28.0,0
57976,2022-07-04,3,7,3,8.72,0
934,2019-02-28,3,1,10,20.08,0
5760,2023-12-07,3,7,10,20.7,0
48544,2019-06-10,2,1,3,16.32,0
48573,2023-07-03,2,1,12,3.28,1
88803,2021-12-21,3,5,7,42.3,0
6308,2021-05-06,1,3,11,21.68,0
51414,2021-07-24,2,10,13,38.17,0
68439,2022-06-02,2,8,5,25.42,0
46356,2023-07-06,2,1,11,8.95,1
11619,2019-09-11,3,2,7,8.29,1
77551,2019-07-04,2,5,11,12.76,0
61813,2022-05-10,2,5,5,9.69,0
43708,2022-04-20,3,9,8,19.09,0
56480,2020-05-08,3,2,5,4.86,1
26020,2022-03-31,1,10,7,17.4,0
21054,2019-11-22,1,7,2,30.05,0
55815,2023-08-31,3,4,13,34.41,0
73002,2020-12-16,3,9,10,35.71,1
88695,2020-12-17,2,10,10,37.05,0
71827,2023-03-19,3,9,13,5.72,0
39144,2020-03-29,3,10,6,46.82,0
25168,2022-09-11,2,8,6,29.02,1
51754,2021-08-19,2,8,10,19.76,0
80737,2022-06-26,2,10,4,43.1,0
33292,2022-11-24,2,7,7,3.71,0
3695,2022-11-05,2,8,1,41.01,0
61749,2020-02-01,1,2,11,48.92,0
23890,2023-02-03,1,7,2,49.19,0
86296,2023-03-25,1,3,12,4.69,0
56546,2021-03-07,1,3,2,33.51,0
88988,2020-01-07,2,7,13,48.03,0
19268,2020-05-25,3,1,4,38.54,0
18918,2019-09-16,1,2,4,38.58,0
77437,2021-11-07,1,1,13,43.34,0
29130,2022-10-26,1,9,8,23.99,0
49689,2023-03-04,3,8,2,37.12,0
28503,2019-04-11,3,4,12,19.72,0
89786,2022-12-29,1,2,5,49.9,0
85521,2022-06-02,2,6,2,7.2,0
97490,2020-12-02,1,6,2,24.17,0
38274,2022-07-22,2,4,1,39.99,1
8789,2020-12-14,3,2,2,10.37,0
74276,2021-05-29,1,7,4,3.81,0
58014,2023-08-11,2,8,8,41.64,0
74304,2021-09-25,3,2,1,8.17,0
88609,2021-04-09,2,3,13,24.82,1
68029,2020-02-29,2,2,1,34.62,0
15123,2020-01-09,3,7,4,36.21,0
77524,2022-06-15,3,9,9,8.94,0
65397,2023-05-22,1,5,1,7.31,0
49467,2019-06-22,2,9,10,38.88,0
13211,2023-09-14,2,8,1,18.68,0
70495,2019-02-11,3,10,13,28.41,0
26977,2019-08-01,1,4,11,43.17,0
69084,2021-03-18,1,10,2,19.12,0
45291,2023-06-14,2,10,12,37.17,0
79926,2021-09-09,2,6,8,34.02,0
52804,2020-01-24,3,7,5,43.23,0
2423,2020-05-23,1,10,6,5.34,0
48382,2023-01-27,2,4,2,37.64,0
70837,2020-01-13,3,5,13,39.66,0
91337,2023-08-19,2,3,8,41.51,0
92059,2023-10-24,3,10,7,43.85,0
84565,2023-11-18,1,6,5,28.23,0
89134,2021-04-09,1,1,12,13.86,0
28252,2019-09-05,1,4,10,38.6,0
8386,2021-11-28,2,2,11,21.07,0
66052,2020-08-10,2,10,1,35.3,0
21025,2021-08-23,2,8,7,11.77,0
17551,2020-03-21,1,5,7,46.99,0
96525,2022-11-05,1,3,4,13.31,0
89704,2023-03-02,3,2,5,27.21,0
63544,2022-06-28,3,1,10,26.94,0
60904,2019-08-23,3,7,12,35.24,0
78932,2022-02-09,1,5,2,3.61,0
319,2021-04-22,3,7,5,47.17,0
63267,2022-11-07,3,6,1,40.56,0
605,2020-12-28,3,8,4,41.68,1
55319,2021-08-14,3,6,3,12.19,0
1821,2020-07-27,1,5,4,39.74,0
68775,2022-12-05,2,6,10,6.13,0
59012,2021-04-29,3,1,12,34.68,0
12083,2019-08-20,2,5,10,45.54,0
27816,2022-06-29,2,4,3,11.5,1
47474,2021-09-22,1,8,9,15.14,0
50937,2023-04-08,2,6,7,31.85,0
68782,2020-09-30,3,7,13,33.28,0
15712,2022-11-16,3,2,6,30.16,1
9087,2023-12-24,2,3,4,3.68,0
90273,2020-01-26,3,1,2,44.35,0
48925,2020-08-20,2,3,6,10.8,0
86152,2022-04-29,3,5,7,17.67,0
18282,2021-05-07,2,1,1,37.18,0
71746,2021-04-07,1,4,9,2.98,0
86583,2020-09-25,1,9,5,6.56,0
3157,2020-03-25,2,8,4,41.61,0
60673,2021-07-22,1,7,9,17.04,0
39455,2023-07-10,2,10,1,16.97,0
27574,2022-12-14,3,9,11,7.2,0
51207,2023-09-14,2,9,12,22.99,0
7374,2020-11-07,3,10,13,31.1,0
87297,2023-06-27,1,4,8,48.31,0
60182,2019-04-10,3,7,6,48.14,0
86140,2023-03-12,3,4,4,10.22,1
34168,2023-02-02,3,3,8,7.43,0
66100,2019-05-05,1,3,1,4.33,1
55086,2023-01-08,3,6,11,7.05,0
22604,2023-09-16,2,9,11,10.75,0
63530,2021-06-29,1,9,2,45.15,0
41530,2023-09-21,1,5,8,48.5,0
65120,2023-05-25,2,8,2,33.97,0
92625,2019-04-25,1,5,12,30.84,0
62352,2022-04-06,2,3,11,12.18,0
15881,2021-07-25,2,1,11,28.03,0
25068,2023-09-27,3,7,5,3.28,0
46896,2022-03-20,1,8,9,10.84,1
67165,2019-04-08,1,8,3,48.22,1
36484,2021-12-19,2,1,10,42.67,0
41477,2022-12-03,2,6,8,21.22,0
46739,2020-04-15,2,3,12,36.17,0
50990,2022-04-23,1,3,3,13.4,0
25430,2023-05-06,1,6,11,35.86,0
99510,2021-05-05,3,4,1,48.63,1
49809,2023-03-11,1,8,1,22.7,0
54181,2020-05-25,2,7,1,15.95,0
2580,2020-06-20,1,2,3,29.4,0
25318,2023-05-24,1,5,1,18.89,1
41144,2021-01-02,1,10,4,5.7,0
90135,2023-12-21,1,3,9,12.34,0
62324,2020-10-16,2,5,9,8.44,0
4079,2020-08-11,2,8,3,29.84,0
41604,2021-10-31,1,1,1,49.73,0
99246,2021-01-08,1,1,2,5.19,1
97606,2019-10-05,2,7,7,35.05,0
39438,2022-03-13,3,7,8,31.59,0
11339,2022-04-21,1,2,1,16.47,1
33876,2019-08-20,3,10,2,4.4,0
79518,2020-07-21,1,10,3,41.23,0
77071,2019-08-08,3,5,6,13.99,1
16035,2022-10-07,1,1,8,44.49,0
17866,2020-10-03,2,3,6,22.22,0
55420,2019-04-19,1,7,6,22.67,1
98260,2021-06-07,2,2,6,43.4,0
16947,2019-10-15,1,2,12,36.54,0
17414,2022-11-02,2,6,4,38.7,0
443,2019-09-21,2,4,3,24.02,0
49582,2023-01-30,1,8,7,32.44,0
43585,2022-04-13,2,7,7,2.56,0
94634,2022-12-18,2,7,11,48.09,0
49973,2022-07-30,2,8,1,40.59,1
81259,2019-12-24,3,2,8,20.52,0
95827,2021-02-01,3,2,7,18.96,0
85402,2022-10-23,2,9,5,7.22,0
25161,2021-04-11,3,4,5,33.6,0
11691,2021-08-27,1,5,8,25.97,1
32537,2020-09-29,2,3,11,27.31,0
64407,2022-10-28,2,9,1,39.01,0
38480,2023-04-11,1,3,7,6.42,1
64168,2019-04-01,3,6,12,15.71,0
77436,2019-07-09,3,1,1,12.31,0
92986,2021-04-27,3,5,9,48.39,0
83481,2022-10-24,1,9,7,48.96,0
31136,2020-04-05,2,9,12,13.2,0
11568,2022-03-04,2,9,2,45.79,0
41182,2019-06-21,1,8,11,10.36,0
11501,2023-12-21,2,6,6,3.52,1
97802,2021-11-03,1,4,8,15.39,0
17946,2022-02-14,2,1,2,8.68,0
10239,2020-06-11,1,1,10,10.22,0
51358,2023-05-01,1,8,12,22.63,0
6214,2021-03-31,1,4,7,28.45,1
65628,2021-06-15,3,8,4,14.62,0
29705,2020-04-16,1,10,8,43.81,0
76523,2019-10-18,2,3,3,10.14,0
18316,2023-02-03,2,3,4,48.32,0
10041,2020-12-04,2,10,4,27.53,0
20368,2020-03-28,1,7,9,47.72,0
79313,2019-12-18,1,9,1,34.04,0
76272,2020-11-04,3,5,1,27.34,0
63572,2020-10-15,2,6,5,27.8,0
12969,2020-10-10,1,1,12,5.91,0
91353,2021-03-07,2,2,2,36.19,0
28865,2020-05-07,3,1,7,46.9,0
22516,2019-02-10,1,9,7,20.44,0
58327,2022-06-01,1,3,5,14.11,0
10308,2021-03-06,1,8,7,24.59,0
44750,2023-04-13,2,5,2,40.75,0
45994,2022-08-21,2,1,12,30.35,0
52663,2021-08-12,3,1,2,3.98,0
18273,2020-01-26,2,5,10,42.58,0
68246,2021-12-18,1,10,8,5.05,0
87789,2023-05-18,2,6,3,41.67,0
2949,2022-10-13,1,5,2,17.44,0
74001,2020-07-30,1,7,6,4.25,0
86785,2020-02-13,1,7,11,21.28,0
7336,2019-03-20,3,7,10,35.41,0
93397,2020-03-05,1,2,4,44.05,0
70420,2021-01-30,3,4,5,6.1,0
82179,2019-08-12,1,4,12,30.61,0
80124,2022-02-27,2,9,13,24.26,0
84592,2023-11-27,3,6,7,26.99,0
7957,2021-06-05,3,10,3,14.9,0
7154,2020-10-13,2,7,10,31.19,0
71178,2023-01-01,3,4,3,42.47,0
33698,2020-08-22,2,3,3,33.98,0
21420,2021-12-29,2,2,13,18.44,0
56560,2023-08-02,1,9,11,39.0,0
58927,2023-03-21,3,6,5,30.7,0
74255,2019-07-13,3,4,1,18.19,0
46873,2020-01-29,1,8,5,19.76,0
48829,2020-08-15,2,9,1,25.66,0
36492,2023-01-14,1,10,5,25.29,1
1721,2021-10-22,2,1,6,38.76,0
60365,2019-09-03,1,7,10,39.58,0
81421,2020-03-20,3,9,9,17.65,0
47196,2019-03-23,2,3,1,39.41,0
58047,2022-02-14,2,6,4,4.24,0
86496,2019-08-08,1,5,3,21.3,0
32100,2020-03-22,2,10,12,11.74,0
27641,2020-01-13,1,5,8,2.67,0
70662,2019-02-17,3,8,1,14.45,0
84012,2021-06-04,2,1,12,48.67,1
88573,2020-09-05,2,8,5,11.45,0
42725,2019-12-05,2,4,1,23.04,0
72615,2020-10-05,1,8,13,42.74,0
30968,2019-09-27,1,5,5,49.99,0
15615,2020-05-05,3,8,9,44.22,0
18311,2021-04-03,3,10,3,30.89,0
10211,2021-12-17,1,10,10,2.91,0
41611,2022-10-30,1,5,3,18.18,0
46087,2023-03-13,2,9,8,19.7,0
49329,2023-04-13,3,9,12,37.1,0
17161,2023-05-20,1,3,4,4.33,0
18148,2023-03-28,1,7,6,35.59,0
53515,2022-02-12,2,7,13,5.41,0
86585,2019-02-26,2,10,3,20.13,0
43250,2022-06-02,3,8,13,7.77,0
1433,2022-06-12,1,1,1,35.06,0
56617,2021-09-12,1,10,6,11.45,0
85704,2019-05-19,2,1,7,31.93,0
64024,2019-11-02,2,7,6,12.17,1
20452,2021-01-22,3,9,1,32.11,0
45820,2019-10-19,1,1,6,15.93,0
26267,2021-03-31,1,9,5,39.2,0
93655,2021-03-01,2,5,11,26.24,0
69990,2020-06-06,2,8,12,23.91,1
2276,2022-01-18,1,1,4,15.02,0
53394,2023-07-31,2,2,8,40.37,0
97129,2021-03-30,1,2,11,2.48,0
79755,2023-04-30,1,10,2,41.48,0
16877,2022-11-07,1,3,2,47.87,0
17007,2022-10-12,1,10,2,37.59,0
84706,2020-01-13,3,7,10,16.45,1
1005,2020-07-15,3,4,4,5.32,0
40307,2021-08-27,1,2,5,16.69,0
23805,2020-09-16,2,3,2,21.83,0
12654,2021-02-18,1,1,3,26.56,0
80962,2020-08-31,2,7,4,47.63,0
45414,2022-12-11,3,10,12,43.76,0
63738,2020-01-04,3,9,11,18.15,0
94443,2021-01-10,3,5,12,32.39,0
7996,2022-06-15,3,10,4,10.53,0
49207,2022-09-12,3,8,1,8.86,0
18351,2020-09-08,3,10,3,40.61,0
83369,2020-11-20,1,10,12,38.78,0
34057,2020-05-05,1,8,1,33.21,0
7883,2021-01-25,3,10,2,27.41,0
81444,2020-02-05,1,8,13,49.23,0
31873,2022-10-02,2,7,9,6.56,0
93459,2023-08-11,3,8,5,33.64,0
72602,2020-12-16,2,6,9,2.96,0
90923,2022-02-18,3,1,10,22.58,0
62120,2022-04-01,3,6,10,40.19,0
77697,2020-04-26,3,9,12,35.54,0
29255,2019-05-03,1,10,13,36.8,0
23570,2020-06-15,1,10,9,42.66,0
76611,2022-05-23,3,2,8,2.7,0
88595,2022-10-20,1,4,10,40.15,0
58807,2022-07-10,2,8,1,2.58,0
93485,2019-05-14,2,5,8,49.91,0
59465,2023-04-06,3,9,12,37.35,0
51311,2023-05-02,2,7,13,49.87,0
78354,2022-11-25,3,1,2,27.13,0
70883,2023-07-08,1,4,3,48.25,0
43984,2023-08-04,2,7,9,22.39,0
26224,2019-05-26,1,10,5,36.19,0
76745,2020-02-07,1,4,4,14.88,0
53684,2023-03-20,1,6,3,40.39,1
60815,2021-02-21,3,4,3,19.66,0
11666,2019-09-12,2,4,3,36.75,0
5422,2019-05-14,2,5,2,47.42,0
34723,2023-08-01,2,8,10,44.05,0
81680,2022-07-19,2,6,12,27.44,0
21196,2019-11-01,2,5,6,29.17,0
2412,2023-09-29,1,2,12,41.01,0
81140,2020-10-27,3,6,12,28.99,0
78125,2022-09-26,2,10,7,19.41,0
7004,2022-05-17,3,3,9,43.67,0
8104,2020-02-25,1,2,4,26.07,0
67829,2020-03-28,3,8,7,35.19,0
66965,2020-03-08,1,3,2,39.76,0
36931,2022-02-27,3,6,7,17.94,1
11565,2022-05-29,2,2,11,37.5,0
63838,2022-11-13,3,1,9,18.7,1
14866,2021-12-22,1,10,3,20.55,0
34334,2022-02-14,2,9,11,14.47,0
1186,2023-11-08,2,10,5,6.19,0
73896,2023-08-14,2,6,12,9.94,0
79122,2021-01-08,1,3,13,29.59,0
32902,2019-03-05,3,1,6,10.15,0
72158,2022-01-02,2,7,2,28.7,0
72361,2020-01-08,3,6,9,16.13,0
33045,2022-09-12,1,3,3,32.19,0
17238,2020-12-11,1,6,9,46.4,0
51238,2021-09-25,2,2,10,10.66,0
72193,2020-11-28,2,4,1,5.55,0
8376,2021-04-13,1,7,1,4.58,0
59317,2019-07-14,3,8,1,47.42,0
96844,2023-06-27,3,6,12,10.39,0
30471,2022-05-07,2,8,4,24.52,0
69530,2020-11-09,1,5,3,11.57,0
17989,2019-01-11,2,9,11,16.62,0
74481,2021-10-03,1,10,13,9.0,0
30973,2019-05-02,2,6,7,31.05,0
55646,2023-10-18,3,2,5,40.57,0
18029,2020-05-22,3,6,3,21.69,0
88511,2022-06-11,3,8,3,36.71,0
88411,2023-09-21,2,8,5,42.21,0
70542,2020-02-06,1,6,8,41.52,0
23360,2021-05-20,3,7,12,30.19,0
95627,2022-06-28,1,10,13,14.96,0
63408,2022-02-16,3,4,5,9.47,0
70525,2021-09-20,1,7,1,37.68,0
3944,2023-02-11,2,1,8,28.25,0
15877,2019-04-16,2,2,10,5.16,1
13409,2021-08-22,3,2,5,8.38,0
72988,2023-05-25,1,4,5,44.61,1
35657,2019-10-22,3,3,1,12.06,0
68788,2020-02-11,3,2,7,8.91,1
86580,2021-04-04,3,1,13,22.16,0
15731,2019-04-04,2,6,9,3.78,0
46759,2020-11-16,2,6,7,4.57,0
60959,2022-04-05,2,3,6,38.37,0
36545,2020-08-22,1,4,10,10.7,0
48855,2023-10-26,2,4,3,44.72,0
95186,2022-11-10,3,8,8,30.38,0
10557,2021-01-06,2,2,6,44.44,0
75888,2022-06-18,1,1,3,32.59,0
54677,2020-11-24,1,6,8,49.47,0
12441,2023-04-18,2,4,13,28.7,0
99774,2019-02-13,3,8,11,39.53,0
79505,2023-01-20,3,6,9,39.86,0
83215,2020-12-07,1,1,8,40.58,0
62163,2023-07-31,2,8,1,24.54,0
17676,2022-01-24,3,2,7,5.63,0
96511,2021-11-25,1,10,8,11.79,0
81233,2020-08-12,2,2,6,40.68,0
83434,2019-11-03,2,6,3,17.92,0
31244,2020-09-03,2,4,11,28.76,0
16030,2021-07-17,1,7,5,39.55,0
97783,2021-09-14,3,9,9,25.92,0
51600,2021-06-01,1,7,1,32.8,0
77113,2023-05-30,1,4,8,45.75,0
85765,2019-09-08,1,2,8,26.39,0
68973,2019-09-30,2,8,5,14.42,0
29563,2020-10-05,3,8,7,30.4,0
60686,2021-08-08,2,8,7,8.16,0
27363,2021-04-27,3,7,10,29.98,0
8235,2020-04-17,3,1,6,16.05,0
5894,2022-10-02,3,5,7,6.16,1
12462,2023-03-15,3,1,8,45.16,0
2903,2022-04-28,3,2,10,40.39,0
72218,2023-04-05,2,7,11,33.17,0
6791,2020-03-28,2,6,1,35.78,0
19871,2023-04-08,2,2,3,25.2,1
31614,2023-02-27,1,6,13,46.55,0
38844,2021-03-01,1,7,7,10.05,0
75935,2020-10-12,3,3,11,8.88,0
52876,2021-11-14,1,9,7,47.05,0
8857,2021-07-04,2,3,13,48.34,0
19258,2023-01-24,3,6,7,43.3,0
84306,2019-04-24,2,5,6,8.28,0
21996,2020-03-14,1,8,5,9.06,0
69746,2021-03-28,2,2,9,25.32,0
36477,2019-08-24,2,10,2,4.75,0
862,2023-05-12,1,6,2,2.97,0
60402,2023-10-10,1,9,13,27.8,0
89254,2023-12-10,3,5,8,39.26,0
49763,2019-08-05,2,3,5,22.77,0
34803,2019-06-05,2,7,4,27.54,0
15328,2023-01-25,1,10,3,42.97,0
97336,2023-01-05,3,3,10,44.62,0
27702,2023-07-29,2,7,8,42.53,0
27863,2020-12-15,3,7,3,4.2,0
70721,2022-08-05,3,3,4,2.94,0
67267,2020-11-21,2,2,3,2.01,0
9483,2019-01-31,1,7,1,4.47,0
52148,2022-05-07,3,5,5,25.78,0
88390,2019-01-05,2,3,2,22.02,0
30977,2022-03-21,3,2,11,41.9,0
4503,2021-12-17,1,4,11,10.22,1
34206,2020-11-07,2,5,1,48.72,0
80388,2019-08-18,1,1,6,2.89,0
15682,2020-11-23,2,5,1,25.43,0
75438,2020-02-24,3,6,6,24.19,0
82356,2019-05-12,1,10,7,6.63,0
85670,2019-08-10,2,4,8,25.31,0
83765,2021-09-24,2,6,7,27.83,0
77056,2019-12-06,1,5,4,18.94,0
1123,2020-05-28,3,5,8,14.43,1
94421,2022-12-10,3,3,6,7.01,0
65028,2020-10-09,3,5,12,46.46,0
92523,2023-08-31,3,1,7,46.54,0
81427,2021-07-31,2,10,2,13.23,0
99937,2019-04-20,2,10,13,44.25,0
4011,2022-04-23,1,5,1,44.71,1
81687,2022-06-24,1,5,4,16.95,0
15437,2019-10-16,1,8,13,24.4,0
81752,2023-02-01,2,10,3,24.92,0
86349,2023-03-27,2,1,11,23.22,0
66169,2022-09-10,2,2,10,10.64,0
70155,2020-04-01,2,7,1,23.46,0
84039,2019-07-05,3,5,7,44.26,0
68639,2021-01-09,2,6,11,22.36,0
62312,2020-10-28,2,1,3,38.09,0
22644,2021-12-26,3,4,1,44.4,1
92170,2019-05-20,1,2,3,42.07,0
56569,2020-07-30,1,9,2,47.04,1
6635,2021-02-10,1,6,6,41.4,0
79474,2023-04-24,3,7,12,40.21,0
3035,2023-06-16,1,2,8,41.35,0
48088,2021-06-09,1,9,3,18.51,1
2175,2019-06-16,3,9,7,15.93,0
14784,2023-02-01,1,9,10,17.01,0
72335,2019-10-11,1,10,11,32.3,0
5934,2019-01-24,2,2,13,30.62,0
75349,2020-04-02,1,6,2,18.8,0
2383,2022-07-18,1,2,3,17.45,0
45638,2019-06-06,3,6,11,15.53,0
17106,2022-07-28,3,3,10,3.8,0
73365,2020-10-19,3,1,5,19.12,0
83625,2020-11-05,2,9,3,22.78,0
89609,2022-06-20,1,7,4,21.95,1
48760,2023-09-17,1,8,1,13.32,1
10154,2023-03-10,2,4,3,12.96,0
66353,2020-08-16,1,10,11,33.28,0
40265,2023-02-19,1,7,3,36.23,0
50329,2019-12-09,1,8,2,46.06,0
90571,2021-03-12,3,7,7,38.93,0
92768,2023-11-13,1,4,13,5.18,0
16927,2023-04-07,3,10,12,15.24,0
89542,2023-04-20,2,5,2,43.15,0
32155,2023-12-19,1,1,5,25.85,0
41037,2023-02-03,2,4,10,20.65,0
7936,2020-04-22,3,5,1,23.18,1
58279,2021-12-14,3,6,10,25.03,1
17127,2019-07-19,2,4,4,12.11,1
80146,2020-09-08,2,6,11,19.7,0
90222,2019-01-23,1,9,1,14.01,0
48241,2019-12-24,2,5,13,15.27,0
10791,2020-11-17,2,6,10,8.42,0
48063,2022-12-07,3,5,2,48.41,0
8658,2019-06-18,2,8,12,26.54,0
19165,2020-03-10,2,6,8,33.18,0
68014,2020-11-04,2,2,10,35.06,1
17526,2020-06-02,3,8,12,9.49,0
94678,2019-04-25,3,10,10,8.59,0
18890,2022-02-03,1,10,5,39.72,0
43084,2023-06-05,1,8,4,34.6,0
51277,2020-09-28,3,1,1,17.16,1
38567,2021-01-06,3,1,6,49.53,0
93212,2020-05-26,1,2,10,38.88,1
88011,2019-02-17,3,7,9,4.13,0
21422,2022-04-18,3,5,10,5.9,0
4850,2019-11-08,3,4,12,47.08,0
78404,2019-01-19,1,10,2,38.79,0
4402,2021-11-20,2,7,6,38.98,1
97691,2023-03-10,1,8,9,29.95,0
78063,2020-11-24,2,1,5,40.79,0
82116,2023-04-10,1,8,7,43.85,0
97954,2019-04-30,1,7,6,30.16,0
75634,2021-11-10,2,9,9,46.72,0
36807,2021-01-21,1,9,8,17.28,0
20791,2023-10-02,3,8,12,36.29,0
87829,2020-10-31,3,5,7,46.46,0
9234,2022-10-08,2,10,3,21.28,0
85648,2023-12-09,3,2,3,44.61,0
82931,2019-01-28,1,6,3,40.21,0
31202,2019-02-17,1,2,5,42.52,0
34536,2022-01-20,2,6,2,42.84,0
10937,2019-11-08,1,6,13,24.63,0
39983,2022-01-30,1,9,5,45.33,1
29405,2019-05-05,2,10,11,15.74,0
50411,2020-12-30,1,8,13,46.1,1
77797,2022-04-18,1,10,5,6.0,0
98173,2019-03-01,2,3,7,7.78,1
26064,2019-05-03,3,7,8,25.57,0
55196,2020-07-15,1,4,7,31.79,0
92193,2022-10-10,3,9,10,9.45,0
33727,2023-12-01,3,4,11,22.04,0
51592,2021-09-17,2,10,9,3.92,0
9946,2019-07-22,2,6,12,41.43,0
81789,2023-11-29,2,5,8,27.85,0
48053,2021-11-29,2,10,11,47.05,0
43577,2022-04-02,2,1,8,45.74,0
59777,2019-11-20,2,6,2,43.92,0
7283,2023-12-20,1,6,9,24.5,0
15413,2019-01-24,2,2,7,25.51,0
33179,2022-09-13,1,8,5,32.06,0
28202,2021-12-27,3,7,4,39.78,0
81208,2022-08-27,1,9,9,10.01,1
43048,2021-04-15,3,1,13,27.01,0
43914,2023-01-22,3,2,11,11.7,0
78801,2021-09-11,3,9,5,6.44,0
93379,2022-11-12,2,1,5,49.47,0
57649,2023-02-11,2,3,13,10.25,1
93336,2023-07-21,3,6,7,7.64,0
86164,2020-08-14,3,10,13,42.37,0
82274,2023-10-04,2,5,2,49.32,0
36169,2023-12-08,1,6,7,25.6,1
30676,2021-02-13,2,8,5,33.35,0
77086,2019-04-24,3,6,7,31.65,0
56991,2020-12-24,1,9,2,46.45,0
83539,2021-10-18,3,1,10,16.32,0
82388,2019-09-16,1,10,10,22.75,0
55847,2019-07-15,3,1,5,8.51,0
39654,2021-10-18,3,5,9,9.97,0
10048,2021-03-14,1,10,2,25.53,0
41570,2021-04-09,3,2,3,21.22,0
29815,2020-07-29,1,1,6,17.57,0
75947,2020-11-07,3,5,7,23.4,0
40055,2019-04-26,1,4,5,8.69,0
55475,2022-04-20,3,1,2,29.61,0
67894,2019-11-27,1,1,5,29.15,0
23822,2023-11-04,3,9,2,12.23,0
43292,2019-06-19,3,9,8,39.91,0
82123,2023-03-29,1,7,7,14.45,0
68701,2023-10-16,3,1,9,10.14,1
39101,2022-04-08,1,8,9,9.92,0
73939,2022-05-15,3,7,5,13.02,0
5543,2019-08-26,1,6,1,6.67,0
12924,2022-03-06,2,9,2,45.02,0
35483,2021-09-26,1,7,2,34.04,0
27978,2021-09-15,1,8,10,9.72,0
37508,2022-10-31,1,7,11,14.79,0
85644,2019-12-06,3,3,7,38.52,0
20317,2022-04-13,3,2,11,17.98,0
20629,2022-04-06,3,5,2,4.5,0
77616,2020-02-11,1,7,8,28.96,0
84470,2021-12-27,1,8,3,26.34,0
79077,2023-06-13,3,9,4,33.2,0
77342,2019-05-19,3,3,3,12.97,0
74901,2021-12-31,1,9,3,30.68,1
841,2021-01-12,2,1,8,27.91,0
36512,2019-03-03,3,10,6,48.37,0
28083,2023-10-31,1,7,3,22.54,0
66663,2022-10-05,1,4,10,10.73,0
26452,2020-09-09,2,2,13,47.59,0
56728,2021-03-02,2,8,9,12.25,0
88001,2023-07-18,1,2,5,10.74,0
8114,2022-07-21,2,5,5,28.27,1
36262,2019-04-20,1,9,1,14.58,0
70412,2023-03-28,1,2,1,31.95,0
32510,2021-03-04,3,10,4,12.29,0
70890,2023-04-21,1,6,8,7.41,0
74602,2022-05-24,3,3,1,2.94,0
97979,2020-09-30,3,1,13,34.9,1
13180,2021-07-29,3,6,4,49.15,0
63895,2020-08-22,2,7,3,39.04,0
70053,2023-10-10,2,7,12,7.54,0
43098,2019-10-23,1,10,10,6.76,0
66110,2022-04-27,3,7,13,44.17,0
27512,2023-10-24,1,1,6,20.49,0
22339,2020-12-02,2,8,8,16.03,0
65599,2019-05-11,1,7,2,26.19,0
52170,2019-06-18,1,9,9,5.45,0
72067,2022-06-01,1,9,11,20.72,0
88856,2019-09-04,1,6,4,10.28,0
43159,2021-11-19,2,9,2,38.04,1
56936,2021-03-19,3,2,5,21.0,0
62652,2020-04-02,1,4,3,33.34,0
23938,2021-04-27,2,4,1,43.64,0
33342,2022-09-14,2,5,11,21.87,0
85398,2021-07-06,2,3,8,7.95,0
76618,2021-07-12,3,8,11,38.53,0
32838,2021-01-22,3,9,7,13.1,0
42934,2021-08-08,1,2,12,11.35,0
9888,2020-10-21,2,7,2,21.76,0
11398,2020-10-20,2,2,9,42.15,0
27997,2020-02-03,1,8,8,15.71,1
23523,2022-02-26,1,4,11,32.45,0
55294,2021-12-29,3,6,11,31.6,0
90979,2022-05-29,2,7,5,44.6,0
97087,2020-10-19,3,6,4,14.51,0
30607,2023-05-22,2,8,9,17.84,0
44735,2023-10-04,3,3,13,43.65,1
32552,2023-10-03,1,1,1,24.11,0
40799,2019-09-01,2,1,1,26.62,0
44,2019-05-18,3,10,10,40.11,0
72704,2019-01-10,3,5,4,48.53,0
62482,2019-08-02,2,10,10,34.29,0
75702,2021-09-05,1,1,8,23.88,0
25428,2022-03-02,3,2,2,21.64,0
92020,2020-03-29,1,9,5,41.71,0
44391,2019-02-09,1,3,5,23.49,0
18389,2023-04-06,3,1,5,19.39,1
65451,2019-03-17,2,7,5,37.22,1
92089,2020-06-21,3,5,5,29.69,1
49211,2023-12-21,1,6,2,42.21,0
49550,2023-12-14,3,4,3,20.14,0
58343,2022-03-31,3,5,12,13.79,0
88198,2020-07-20,1,9,2,37.42,0
61711,2020-07-05,2,8,6,25.46,1
20247,2020-01-08,2,7,3,14.32,0
8625,2020-11-16,2,4,5,22.45,0
48979,2021-05-06,1,7,2,42.63,1
60755,2019-11-22,2,2,13,43.89,0
81604,2020-12-24,3,4,13,9.66,0
24457,2020-12-31,2,7,5,4.38,0
66785,2021-09-13,3,10,8,28.34,1
57668,2022-11-14,2,2,8,44.72,0
57975,2023-06-07,1,8,12,48.54,0
34485,2022-10-11,1,8,6,7.49,0
53890,2019-12-14,2,3,5,48.41,0
83383,2021-10-03,2,4,6,24.29,1
69801,2020-09-22,1,1,11,16.86,0
28519,2021-02-15,3,7,5,15.64,0
65388,2023-10-31,1,7,10,29.06,0
54732,2022-07-03,1,5,13,29.03,1
89462,2019-06-08,2,7,4,43.93,0
55675,2020-07-22,3,3,13,32.19,0
68303,2019-01-22,1,8,2,5.47,0
57669,2019-04-06,1,8,6,17.73,1
6363,2022-10-09,3,5,7,45.62,0
58069,2020-04-24,3,10,8,22.94,0
97071,2023-02-15,1,10,1,22.36,0
20268,2023-11-12,2,8,6,38.13,0
10098,2019-07-07,1,3,5,2.39,0
22566,2021-02-16,2,1,5,44.58,1
19277,2022-01-20,2,10,10,7.18,1
1243,2022-09-01,3,10,13,44.23,0
51462,2019-09-18,3,10,5,2.36,0
67866,2023-06-04,3,6,12,39.13,0
46559,2023-09-08,1,8,10,44.77,0
88395,2022-03-03,2,4,12,7.14,0
91404,2022-07-12,2,5,4,36.08,0
16060,2019-02-15,2,4,3,44.67,0
10322,2020-02-18,2,8,1,19.15,0
99629,2022-01-22,2,10,6,33.19,0
52232,2020-12-21,3,7,5,32.6,1
53173,2022-01-21,1,3,5,41.37,0
91550,2022-09-13,1,6,9,45.76,0
75925,2020-12-09,3,9,10,27.21,0
94837,2023-07-28,1,6,9,20.35,1
11213,2020-01-06,1,4,13,39.26,0
38134,2022-01-08,3,6,11,25.99,0
24915,2020-10-30,2,8,10,12.0,0
29113,2023-09-22,3,10,6,35.85,0
15584,2023-06-28,1,6,10,11.99,0
61726,2020-01-13,3,10,1,2.16,0
71104,2021-06-10,1,1,4,11.55,1
81361,2019-03-20,3,1,10,49.89,0
47403,2019-05-04,3,3,13,42.98,1
49615,2020-07-17,3,2,11,3.59,0
75437,2022-07-30,1,6,4,36.88,0
80133,2023-10-26,1,6,10,34.89,1
84871,2022-05-07,2,1,6,18.42,0
82599,2021-03-21,1,4,7,19.35,0
56437,2021-11-12,1,7,12,47.94,0
94567,2021-01-11,3,1,1,15.04,0
76037,2022-11-11,3,3,3,4.52,0
54188,2022-01-30,1,7,6,36.9,0
69122,2021-01-28,1,2,12,42.52,1
98625,2020-12-09,2,4,8,37.89,0
62313,2023-09-26,2,2,2,46.31,0
56266,2021-10-30,2,5,13,10.52,0
81118,2021-02-06,1,5,5,16.16,1
44660,2020-06-24,2,5,3,45.49,0
84027,2021-06-05,1,6,7,31.21,1
6589,2022-07-09,2,9,1,16.21,0
21217,2022-03-02,2,7,9,37.42,0
26917,2021-02-26,1,7,13,3.86,0
14073,2019-11-18,1,3,2,5.07,0
57380,2019-01-05,3,4,9,7.78,0
13350,2019-04-29,1,5,2,45.4,0
61767,2023-09-30,2,3,7,45.43,0
25139,2022-11-04,2,10,2,13.71,1
22289,2021-06-12,1,6,1,27.82,1
92374,2023-01-06,3,10,4,48.29,0
31044,2021-05-11,1,10,9,35.02,0
97405,2021-07-04,3,2,2,19.46,0
23116,2020-05-01,2,3,3,28.11,0
79688,2022-04-25,3,10,11,46.83,1
9997,2020-09-11,2,1,11,25.89,0
47499,2022-09-22,2,10,2,40.43,0
70967,2022-03-31,1,7,5,31.4,1
64385,2020-06-18,3,6,13,32.26,0
38384,2023-09-12,3,6,5,39.73,0
81785,2022-09-19,3,4,3,37.53,0
49342,2019-02-20,1,4,4,16.01,0
62897,2023-07-06,3,6,4,11.5,0
85526,2022-10-26,1,7,6,39.99,0
51956,2021-12-06,1,9,12,11.32,0
78953,2019-04-02,3,5,7,49.37,0
76287,2021-04-21,2,6,2,22.44,0
69450,2019-09-10,1,6,8,27.23,0
42186,2020-11-04,2,4,2,20.18,0
2447,2019-03-19,3,4,1,46.28,0
6245,2021-07-19,2,2,13,20.54,0
52568,2020-03-24,3,3,12,4.13,0
49592,2020-04-14,3,6,5,2.09,0
68149,2019-05-05,3,4,6,3.1,1
22555,2020-07-10,1,2,2,29.78,0
36034,2020-03-30,2,7,12,41.25,0
13190,2023-09-21,2,7,10,45.14,0
80000,2020-09-05,2,4,5,37.63,1
29240,2019-01-03,1,7,7,32.32,1
81511,2019-10-06,1,1,12,20.57,0
56551,2020-06-18,2,6,3,21.91,0
26683,2022-12-21,1,7,1,41.98,0
97808,2022-03-06,2,4,3,9.1,0
18518,2021-04-01,2,5,13,41.26,0
46002,2019-08-12,3,4,4,17.56,0
22640,2019-06-12,3,5,9,16.97,1
18263,2020-08-12,2,9,11,4.1,0
10944,2023-12-14,2,1,1,42.48,0
47652,2019-04-22,1,2,8,8.41,0
41804,2022-07-09,1,9,5,29.87,1
49372,2023-07-08,3,1,11,36.06,0
3377,2021-12-03,1,9,13,37.08,0
1483,2023-10-31,3,1,11,27.19,0
50437,2022-06-22,3,6,4,45.06,0
89153,2023-02-24,3,7,7,11.79,0
6063,2020-12-25,3,1,7,8.45,0
84902,2019-09-24,3,10,9,46.11,1
86044,2022-11-27,1,4,13,3.62,0
48268,2021-12-07,3,5,5,11.94,0
68225,2023-09-13,3,6,1,43.39,0
40262,2023-12-10,3,9,10,6.56,1
14770,2020-06-21,3,6,7,38.97,0
44589,2021-07-07,3,1,1,15.26,0
61061,2023-08-10,1,2,5,25.81,1
61525,2019-03-02,2,3,12,9.44,1
26042,2023-01-22,2,10,3,22.26,0
12071,2021-12-13,2,3,4,38.76,0
12078,2019-05-21,1,5,1,36.15,0
28756,2021-06-11,2,1,3,23.33,1
68518,2019-12-10,2,4,7,4.97,0
95870,2019-01-11,2,1,3,34.06,0
31038,2023-12-18,1,9,13,49.54,0
9406,2022-02-19,3,9,3,16.77,0
74600,2021-09-12,3,9,6,47.83,1
71583,2021-10-10,1,9,7,42.04,0
66054,2020-07-31,3,10,1,49.24,0
63555,2023-08-28,1,10,12,38.63,0
87788,2022-04-15,1,7,3,13.98,0
13155,2023-12-30,2,3,2,14.89,0
36472,2020-09-19,2,10,7,16.58,0
24021,2019-04-02,1,8,8,38.27,1
88040,2023-08-08,1,6,9,36.7,0
73947,2019-04-17,1,3,4,37.82,0
93938,2023-09-30,3,1,6,38.35,0
21331,2023-03-21,2,1,3,28.89,0
32637,2021-05-30,3,2,2,26.21,0
28317,2022-09-01,2,5,2,2.06,0
78806,2023-02-07,2,4,8,31.07,0
18074,2020-10-27,2,6,5,29.21,0
69894,2019-08-14,2,10,7,5.86,0
82595,2019-12-09,2,10,9,42.15,0
34943,2019-02-10,2,10,4,22.2,0
24448,2020-03-04,3,5,12,26.61,0
47534,2020-06-15,2,10,12,2.62,0
73042,2022-04-01,1,9,4,27.31,0
21962,2019-03-23,2,1,2,7.62,0
62279,2021-12-24,1,4,4,46.73,0
25869,2021-05-14,1,9,6,3.82,0
32177,2023-03-08,2,3,13,17.24,0
71925,2021-12-12,1,10,8,21.84,1
90253,2021-09-24,3,8,11,41.93,0
83112,2023-04-27,3,4,3,27.32,0
61299,2021-09-10,2,10,3,44.9,0
70081,2022-10-12,1,8,6,22.36,0
55706,2023-12-04,2,9,10,31.5,0
41890,2020-04-30,3,9,3,42.8,0
39443,2020-09-10,2,6,11,20.16,1
80993,2021-09-22,1,1,6,33.69,0
86415,2022-11-23,2,1,5,3.21,1
86963,2022-05-09,1,7,12,11.72,0
9143,2021-03-01,1,9,6,22.61,0
95550,2020-11-20,3,7,12,6.25,1
74048,2020-10-20,2,8,1,7.3,0
25650,2022-10-31,1,6,3,5.81,0
64454,2023-09-01,2,7,5,11.48,0
42762,2021-04-14,1,6,8,46.12,0
17094,2020-04-25,3,1,9,35.57,0
28333,2022-07-07,1,7,11,25.22,0
26947,2022-07-10,2,4,2,27.63,0
4151,2019-10-29,1,5,7,41.57,0
51216,2019-03-31,3,10,9,45.32,0
98637,2020-12-19,1,3,2,40.83,0
1054,2022-02-24,1,1,12,4.14,0
88871,2019-05-04,1,2,5,3.46,0
28221,2020-09-07,3,3,5,4.39,0
2453,2019-12-12,3,9,12,16.17,0
17207,2023-03-15,3,4,2,14.97,0
22290,2022-06-02,1,1,11,30.75,0
56552,2022-01-09,1,1,11,40.6,0
70319,2019-05-17,1,1,4,48.89,0
9686,2023-12-21,3,2,3,26.09,0
9058,2019-12-07,3,9,3,21.94,0
5886,2021-06-19,3,3,2,44.74,0
86798,2022-05-06,2,1,10,29.06,0
86242,2021-04-14,1,9,4,8.01,0
53951,2023-01-28,3,9,7,39.97,1
81059,2022-03-03,3,9,1,10.85,0
23373,2021-02-05,2,3,7,31.36,0
31950,2020-02-04,1,7,2,24.68,0
12810,2021-05-22,1,2,4,22.84,0
76668,2020-12-04,1,1,3,40.94,0
61635,2023-08-04,1,9,1,16.25,0
58478,2023-06-04,1,7,1,41.22,1
95460,2022-11-24,1,3,4,14.93,0
61058,2019-04-29,2,3,7,13.53,0
52434,2020-11-23,2,10,4,18.84,0
2503,2021-07-02,1,8,11,19.43,0
12372,2023-11-17,1,5,1,6.96,0
42217,2021-02-14,1,6,8,30.45,0
6077,2022-10-10,3,3,1,20.32,0
37605,2023-12-16,2,4,11,4.36,0
90800,2022-05-25,2,5,12,24.04,0
88013,2021-04-17,3,2,13,36.99,0
54619,2023-03-21,2,3,10,14.96,1
95752,2019-05-03,1,3,6,10.76,0
86334,2022-10-09,2,10,11,40.28,0
5129,2020-09-21,1,7,5,16.31,0
95904,2020-06-07,1,7,4,47.2,0
86227,2022-08-14,1,8,3,42.05,0
6105,2023-09-03,1,3,2,26.77,1
18066,2021-12-20,1,6,11,45.81,0
1244,2021-11-21,2,3,5,34.52,0
66532,2020-06-03,3,9,7,40.85,0
57339,2020-05-21,3,3,8,35.33,0
38433,2021-09-03,2,6,7,35.19,0
5916,2020-10-04,1,7,8,15.28,0
46034,2019-04-14,2,9,5,36.69,0
91123,2019-08-07,3,7,8,2.34,1
73064,2021-08-03,3,9,3,46.23,0
1299,2019-12-18,1,10,6,37.82,0
16999,2020-12-25,2,10,4,23.74,0
25284,2021-06-13,2,2,9,37.73,0
6619,2021-01-13,2,10,3,30.1,0
98116,2022-01-18,1,8,6,30.16,0
21464,2020-05-31,2,2,11,39.3,0
90795,2023-07-26,1,5,4,46.0,0
97541,2021-11-16,1,7,8,6.81,0
17859,2021-03-27,1,1,1,12.73,0
79721,2020-02-02,3,9,3,7.5,0
27258,2019-08-26,2,10,3,31.73,1
98385,2020-11-17,1,8,2,32.98,0
61515,2021-02-06,3,10,3,12.9,0
1047,2019-08-24,3,2,5,27.03,0
86165,2023-02-13,2,4,4,23.03,0
19517,2022-04-08,3,3,8,3.65,0
18758,2020-04-26,1,7,7,22.62,0
80344,2019-12-18,1,8,2,18.92,0
22379,2019-10-07,3,10,9,14.79,1
64779,2019-10-13,2,8,4,24.59,0
12882,2020-02-15,3,9,3,31.36,0
84308,2020-08-19,3,1,4,12.21,0
13473,2022-03-05,3,3,13,14.22,0
65105,2020-11-26,3,3,1,17.7,0
81583,2022-05-27,3,4,7,9.14,0
28231,2019-04-14,3,4,8,24.3,0
55522,2022-08-16,2,10,13,2.85,1
75937,2019-07-01,3,7,10,29.11,0
64711,2019-05-27,3,4,8,5.87,1
15673,2023-04-21,2,4,10,48.95,0
31891,2023-10-20,2,10,9,43.2,0
29874,2019-08-05,2,10,6,3.85,0
61668,2023-03-28,3,10,10,14.53,0
75378,2019-06-06,2,3,12,41.9,0
63380,2021-04-06,2,6,5,49.47,0
68762,2021-03-20,1,5,2,42.41,0
70014,2019-02-28,2,4,4,20.52,0
10178,2023-06-03,3,3,12,31.82,0
56915,2022-10-05,3,8,5,45.02,0
88504,2022-11-07,3,7,12,31.18,0
4085,2020-01-04,2,7,12,26.96,0
32345,2019-10-12,1,8,9,32.33,0
94617,2019-10-20,3,7,8,14.22,0
27436,2020-10-15,2,3,1,38.35,0
43662,2020-04-18,3,3,9,47.34,0
95622,2020-10-23,2,5,2,44.15,0
94251,2021-04-19,2,10,2,35.16,0
73079,2020-02-26,1,4,6,4.85,0
93905,2020-12-30,3,8,11,3.41,1
89270,2019-10-20,1,9,9,42.67,0
75956,2022-10-16,2,9,7,2.51,1
45810,2021-07-25,1,5,12,43.72,0
31618,2020-03-26,2,9,11,20.29,1
26905,2021-04-30,3,3,11,32.11,0
54274,2021-03-05,3,6,13,23.65,0
50532,2021-07-08,2,9,3,10.43,0
94915,2021-07-26,1,3,5,30.15,1
16167,2020-09-14,1,6,5,6.92,0
20469,2020-03-25,3,3,3,7.18,0
25733,2020-06-01,2,4,11,12.92,0
41740,2021-08-09,3,9,1,6.89,0
1496,2021-03-15,2,9,7,39.92,0
82919,2019-11-11,1,5,8,48.04,0
95185,2022-09-15,3,2,6,34.79,0
33225,2021-02-28,3,10,12,44.9,0
64109,2021-10-06,1,9,9,32.58,0
78522,2020-03-13,1,9,4,48.12,0
22243,2021-01-29,2,4,3,24.02,1
23755,2022-03-05,3,3,3,36.18,1
88050,2020-05-02,2,4,5,37.63,0
78619,2023-02-01,3,3,13,21.62,0
80524,2022-01-01,1,7,1,25.81,1
79626,2021-03-20,3,8,12,28.97,0
32800,2022-08-01,1,1,9,34.89,0
22328,2020-04-27,3,10,7,40.74,0
25630,2021-04-27,3,9,4,25.56,0
6109,2019-05-12,2,8,9,12.75,0
60101,2023-06-03,1,6,11,49.71,1
57484,2023-05-05,1,7,7,14.62,0
55623,2022-01-22,3,4,10,7.8,0
28498,2021-11-18,3,8,13,26.1,0
11081,2023-08-13,2,4,4,37.19,0
48960,2022-08-24,3,2,1,37.0,0
7542,2019-11-05,1,4,10,43.55,0
77702,2020-08-18,1,5,1,25.48,0
21890,2021-04-23,2,3,6,12.72,0
56466,2022-07-10,1,5,7,20.01,0
80320,2019-02-07,3,7,11,8.98,0
89937,2023-11-21,1,9,6,15.59,0
44575,2019-01-19,1,10,3,44.0,1
60923,2023-11-06,1,2,3,18.91,0
7370,2023-03-27,2,5,2,17.98,0
46714,2019-10-13,2,5,13,10.5,0
73657,2022-01-30,1,10,3,37.26,0
65040,2020-03-18,1,7,11,16.03,0
24054,2023-08-01,2,8,12,26.69,0
42200,2022-05-06,2,9,3,13.33,0
71400,2019-10-23,2,2,5,38.92,0
20456,2019-06-20,2,4,13,11.86,0
27144,2023-09-28,2,1,10,14.11,0
28572,2021-01-05,2,4,9,49.18,0
69214,2019-05-25,3,3,1,5.47,0
99505,2022-12-21,3,5,13,23.12,0
70552,2019-05-14,2,6,9,32.24,0
62968,2020-05-05,2,5,10,20.05,0
19917,2020-07-02,2,7,4,47.84,0
85844,2019-04-17,3,5,1,5.96,0
73595,2019-12-03,2,9,5,21.96,0
95229,2023-11-15,2,10,3,41.3,1
79460,2023-12-30,3,5,5,2.03,0
3390,2020-02-22,2,6,1,24.5,0
62077,2020-03-11,2,7,10,13.17,0
69073,2023-04-07,3,8,12,11.12,0
75726,2022-01-01,2,7,7,30.88,0
4823,2022-10-15,1,8,13,14.35,0
6039,2020-01-28,3,5,7,23.88,0
93838,2021-01-03,2,1,6,29.13,0
46950,2021-03-14,2,1,4,6.97,0
92652,2021-01-23,2,1,5,43.24,0
42705,2023-07-30,3,1,11,18.76,0
10693,2020-01-31,3,9,2,44.92,0
68215,2021-03-05,1,7,11,5.06,0
83399,2023-09-06,1,1,11,3.12,0
79071,2019-04-14,1,7,13,36.48,0
27326,2022-02-03,2,10,12,12.06,0
50618,2022-01-02,3,10,5,10.64,0
82678,2023-03-24,2,10,8,28.27,0
85601,2022-03-07,2,2,12,28.22,0
17394,2020-05-02,2,8,13,26.97,0
67463,2022-05-12,1,2,1,29.04,0
20075,2021-03-06,3,10,2,31.02,0
76353,2023-11-23,3,2,10,8.25,0
86390,2023-01-14,2,9,3,24.78,0
25170,2022-12-06,3,1,10,49.66,0
14193,2019-01-17,3,7,6,5.7,0
45322,2022-12-03,1,1,11,18.89,0
27175,2021-09-07,3,2,4,36.03,0
74180,2021-06-29,1,1,9,18.3,1
30173,2023-10-19,1,6,7,8.93,0
53908,2022-02-07,2,8,6,29.13,0
75920,2020-08-16,2,1,8,31.14,0
58202,2021-08-01,3,8,8,43.98,0
81192,2021-08-21,3,10,6,27.48,1
18673,2019-02-24,2,4,8,45.63,0
50790,2020-10-25,1,8,10,44.99,0
96912,2021-06-05,3,1,9,5.39,0
83105,2019-07-03,2,1,1,7.63,0
73356,2022-10-07,2,10,1,5.48,0
67380,2020-02-21,1,7,2,2.09,0
29454,2019-05-06,3,7,12,20.77,1
4471,2019-12-27,2,10,4,15.54,0
69554,2023-09-08,2,1,11,30.28,0
86953,2023-04-18,1,10,2,9.86,0
84266,2019-04-29,2,9,11,29.67,0
38396,2020-06-07,2,5,10,12.43,0
40767,2021-11-04,1,1,8,19.87,1
46517,2021-10-26,3,6,11,13.97,0
13428,2019-12-22,1,6,2,49.06,0
72006,2021-01-23,3,6,2,39.18,1
97666,2023-10-10,3,8,8,4.19,0
1836,2021-04-08,2,2,3,43.34,0
95777,2022-05-21,2,4,10,30.07,0
29480,2020-07-18,2,2,8,33.02,0
85179,2020-09-04,3,2,8,14.2,0
74065,2023-12-20,1,6,3,22.53,0
49712,2020-10-18,3,8,11,43.49,0
52727,2020-02-29,3,5,1,13.72,0
22607,2022-03-11,2,5,4,27.08,0
64287,2022-02-09,3,7,5,11.81,1
70733,2023-10-19,1,4,13,47.92,1
92151,2020-07-12,2,4,3,37.48,0
98404,2021-07-20,2,10,3,14.95,0
93253,2022-07-17,2,6,2,37.27,0
35658,2020-01-25,2,3,9,27.26,1
26531,2023-04-11,2,10,10,3.72,0
5290,2023-07-26,1,5,4,45.41,0
49873,2023-09-09,3,4,7,12.28,1
83993,2019-04-09,1,9,11,11.14,0
31576,2022-05-03,3,2,11,35.59,0
16081,2021-10-30,2,9,12,9.14,0
27247,2021-08-11,1,9,10,43.95,0
57662,2021-12-19,3,10,13,23.71,0
51874,2023-02-23,3,5,8,45.51,0
75755,2022-09-12,1,3,6,6.83,0
66687,2021-12-05,1,10,6,29.17,1
36168,2021-01-04,3,8,8,6.96,0
16183,2019-06-17,1,9,5,45.49,0
16413,2020-07-16,3,7,4,21.19,0
601,2019-03-15,1,9,4,43.39,0
65635,2020-09-09,2,3,5,12.08,0
19439,2020-08-29,1,7,6,37.52,0
16938,2023-09-01,3,10,4,14.9,0
17026,2021-03-30,1,3,5,7.94,0
46879,2020-08-20,3,7,4,3.34,1
42794,2023-06-11,1,6,5,6.87,0
85838,2023-10-30,3,5,3,37.47,0
6968,2023-02-04,3,10,7,7.68,0
60852,2019-12-04,1,4,4,22.29,0
40240,2019-11-30,3,7,1,25.1,0
64933,2019-09-01,2,1,13,22.04,0
24015,2023-01-12,1,5,3,24.05,0
755,2020-05-14,1,1,7,38.07,1
14635,2020-08-10,1,6,4,2.71,0
2108,2021-05-21,1,3,12,40.63,0
51880,2021-10-18,2,8,11,26.99,1
26371,2020-09-26,1,9,5,24.4,0
86937,2019-09-22,3,3,3,47.32,0
92983,2022-04-23,1,10,7,11.63,0
64217,2020-03-27,3,5,12,2.99,0
938,2023-07-19,2,8,2,23.08,0
85827,2022-02-09,3,7,13,2.26,0
29698,2022-11-05,1,2,8,16.6,0
24111,2021-02-10,3,2,4,36.02,0
90806,2020-03-21,1,6,8,22.19,0
86345,2022-06-28,1,10,10,3.08,0
75808,2020-05-08,3,8,7,42.88,0
19432,2022-06-01,1,6,5,31.58,0
1276,2023-03-09,2,4,7,31.51,0
84771,2022-12-02,2,6,10,6.01,0
63250,2020-08-14,3,2,2,27.7,1
36758,2023-07-30,2,9,7,31.77,0
91328,2019-12-13,2,1,4,7.87,0
71640,2022-05-28,1,10,4,16.77,0
62127,2020-01-06,1,8,2,24.87,1
25195,2021-10-27,2,9,13,27.97,0
79312,2019-02-28,1,3,5,46.07,1
17902,2022-03-02,1,5,1,33.3,0
12068,2021-11-06,1,4,8,49.35,1
76620,2021-05-08,2,6,2,17.55,0
27419,2021-07-16,3,5,2,39.74,0
24640,2019-06-14,1,5,5,19.0,0
49333,2019-03-02,1,1,2,5.24,0
32811,2021-04-11,1,4,1,23.24,0
80760,2021-04-01,2,9,1,21.71,0
11536,2020-02-24,2,4,3,12.51,0
84906,2019-11-12,3,8,11,14.64,0
90723,2023-05-23,2,6,7,4.25,0
84167,2019-02-26,2,8,6,26.76,0
19551,2019-04-20,1,2,13,20.84,0
81344,2022-04-08,3,4,5,30.02,0
44163,2023-03-03,1,8,8,46.76,0
88427,2021-10-28,1,10,3,45.72,0
34436,2019-05-18,1,8,1,5.98,0
47030,2022-09-04,2,10,7,34.98,0
39067,2023-07-07,2,2,1,35.52,0
56772,2021-12-24,1,8,3,44.02,0
95948,2020-11-27,1,1,2,38.55,0
12834,2019-12-16,1,4,13,19.45,0
79925,2023-09-27,1,10,1,44.79,0
47839,2022-05-08,3,5,12,24.52,1
49847,2019-08-20,3,8,1,19.3,0
97716,2020-07-29,3,7,3,26.63,0
58403,2020-03-11,1,8,5,39.32,1
93440,2023-02-03,2,10,11,32.62,1
37039,2020-02-20,3,1,5,37.35,0
90846,2022-10-21,1,1,3,16.33,0
53553,2021-07-11,1,3,6,28.59,1
16466,2019-11-03,1,10,4,18.58,0
75108,2019-06-26,2,8,1,38.33,0
58224,2023-11-05,3,1,7,23.68,1
90271,2019-06-01,1,4,7,10.66,0
59113,2019-10-16,3,2,3,35.4,0
6317,2020-05-01,2,4,2,12.64,0
30199,2023-06-06,3,6,3,26.1,0
49702,2021-05-28,1,5,9,4.5,0
25890,2022-06-28,3,6,8,29.32,0
78777,2019-02-06,2,5,1,29.08,0
54115,2023-06-16,2,2,12,12.37,0
27355,2021-02-27,3,8,11,30.08,0
76519,2022-12-29,1,3,5,5.2,1
77885,2021-11-11,1,7,2,24.53,0
1221,2021-11-09,3,2,10,31.98,0
53787,2021-01-26,2,7,5,6.26,0
68994,2022-03-15,3,2,5,3.49,0
66728,2023-12-05,1,2,4,34.16,1
3344,2023-11-23,3,2,7,11.18,0
97179,2019-11-19,3,6,10,7.71,0
3535,2020-03-25,2,7,2,33.78,0
48521,2019-01-12,3,6,12,5.24,0
55817,2021-04-23,3,2,8,2.76,0
8645,2022-08-25,2,5,5,32.69,0
91602,2022-12-01,3,9,8,32.07,0
66620,2022-08-25,3,2,11,29.44,0
81454,2021-08-30,1,10,5,25.72,0
62107,2023-05-27,2,10,4,45.69,0
4647,2019-10-20,2,5,10,18.9,0
36276,2020-06-17,1,8,5,37.56,0
750,2019-03-25,2,5,6,42.69,0
28699,2019-12-19,1,6,5,22.94,0
74510,2021-06-15,2,6,9,20.25,0
12410,2022-10-24,2,8,9,12.6,0
77532,2022-11-14,2,6,7,12.71,0
46031,2021-12-09,2,8,3,42.05,0
27051,2020-08-25,2,3,4,38.32,0
4009,2022-10-30,1,6,2,5.36,0
5099,2020-01-13,1,9,7,15.9,1
34139,2023-12-12,3,10,2,25.2,0
14654,2021-06-11,2,2,7,11.38,0
31043,2023-03-16,2,7,9,23.32,0
84092,2020-11-25,2,6,10,18.78,0
93019,2020-04-20,3,1,4,15.84,0
22987,2020-11-08,3,8,2,35.32,0
12488,2019-07-01,2,8,9,48.76,0
88062,2020-02-28,1,5,4,41.32,0
32355,2023-10-25,1,6,5,47.84,0
6894,2023-03-14,2,5,4,11.95,0
82366,2021-05-24,1,6,3,33.7,1
59671,2020-12-13,2,8,4,21.26,0
79196,2020-05-25,3,9,13,16.44,1
73280,2022-12-25,1,6,4,3.05,1
62982,2023-03-19,2,9,2,33.55,0
62294,2020-05-28,2,3,4,45.81,0
69227,2022-09-30,2,6,10,27.53,0
19022,2023-01-25,1,10,6,32.08,0
46382,2019-10-23,2,4,12,21.91,1
33000,2021-11-27,1,3,8,20.35,0
12838,2019-07-03,3,3,8,32.03,0
2853,2020-03-02,2,1,10,8.06,0
31330,2022-03-24,1,5,7,4.97,0
5231,2021-11-29,2,5,1,24.12,0
8516,2020-03-19,1,10,12,15.36,0
69123,2020-08-09,3,5,1,26.12,0
59906,2019-05-26,1,2,4,12.08,0
6796,2021-07-20,2,3,1,22.85,0
69785,2021-03-16,3,8,7,22.16,0
52652,2021-07-27,1,2,3,38.45,1
25128,2023-03-01,2,2,6,15.73,0
4946,2020-07-05,1,1,4,14.54,0
98400,2020-02-29,2,8,13,20.71,0
86187,2023-11-10,2,2,9,7.2,0
54363,2021-12-15,3,7,10,23.16,0
62566,2021-06-01,2,5,1,23.65,1
47711,2019-10-08,3,7,3,18.05,0
7531,2021-07-25,1,8,2,48.33,0
18794,2019-01-19,2,2,12,30.47,0
80596,2022-02-08,2,2,2,22.01,0
38550,2023-08-27,1,5,1,38.75,1
12661,2020-06-18,2,1,6,20.63,0
33922,2019-08-23,2,1,8,2.95,1
17353,2023-06-19,2,5,5,37.18,0
60395,2020-01-14,2,7,7,6.98,0
31028,2022-04-17,2,6,13,41.45,0
14022,2022-05-19,1,10,7,31.33,0
77314,2020-03-08,1,2,10,25.28,0
19,2020-03-29,2,4,7,32.31,0
5211,2023-08-12,1,10,6,6.46,0
64182,2019-09-01,3,7,7,25.68,1
66560,2019-03-11,1,4,9,12.86,0
35336,2021-08-30,3,6,3,46.04,0
99030,2022-05-04,2,5,12,6.69,1
68200,2023-06-14,1,3,9,47.54,0
75760,2022-07-28,3,2,4,22.76,0
73451,2019-11-18,3,7,5,40.86,0
43811,2020-04-20,2,3,12,48.96,0
81283,2023-01-19,1,7,7,16.01,0
49510,2020-02-01,2,1,8,38.95,1
47763,2019-11-06,1,3,11,46.09,0
48663,2020-06-26,3,8,11,27.93,0
61430,2021-10-04,3,7,9,42.16,0
33457,2022-12-16,3,10,4,5.1,0
59554,2023-05-28,2,10,9,3.49,0
92462,2023-06-05,2,6,10,18.29,0
33437,2021-01-15,2,9,12,2.52,0
50229,2021-10-01,1,9,6,2.54,0
96651,2022-06-19,2,2,2,31.85,0
64055,2022-03-07,2,10,3,42.03,1
65498,2021-07-14,3,10,11,15.17,0
16225,2023-10-24,2,1,13,8.14,0
70794,2020-08-04,3,9,5,6.85,0
13290,2019-09-16,1,7,1,46.5,0
53343,2023-08-01,1,9,5,6.86,0
13612,2022-01-01,1,1,11,20.8,0
24560,2023-10-11,1,2,4,13.13,0
72754,2021-08-19,1,1,10,9.47,0
53586,2022-11-20,1,9,12,29.48,0
75546,2019-10-18,3,5,8,47.38,0
59183,2020-05-15,1,9,5,27.28,0
85187,2021-04-11,3,1,13,25.14,0
56652,2023-10-24,2,4,1,31.31,0
63200,2019-08-09,1,7,7,11.91,0
77441,2020-01-03,3,6,4,2.75,0
40921,2021-05-03,1,5,13,30.02,1
94240,2021-12-05,2,7,6,39.7,1
45266,2022-04-23,3,3,2,5.07,0
55540,2019-10-06,1,3,2,14.35,0
62855,2021-10-20,3,4,3,6.1,0
91118,2023-05-18,1,5,2,4.62,0
51459,2020-04-22,3,8,12,23.07,0
10235,2019-08-06,1,9,5,9.28,1
40180,2022-01-22,3,1,10,33.32,0
33750,2021-05-27,1,10,12,18.93,0
85703,2020-08-04,1,2,12,18.66,0
72957,2019-01-28,1,7,1,22.96,0
53606,2019-08-23,1,2,13,8.89,1
74461,2020-05-09,2,1,5,8.92,0
49579,2019-10-31,3,10,9,21.31,0
72941,2022-08-10,1,3,1,46.84,0
61272,2023-10-05,3,5,9,44.95,0
30825,2022-06-04,3,6,12,17.53,0
26087,2021-09-18,2,2,7,39.63,0
1673,2019-11-16,2,2,12,21.8,0
2713,2023-09-27,3,9,11,42.45,0
23045,2023-04-09,3,3,1,45.34,0
92854,2022-12-04,2,10,8,6.29,0
42012,2020-01-21,2,7,9,48.81,1
3084,2022-12-04,1,3,4,26.99,0
35289,2023-09-28,2,6,11,34.03,0
86220,2022-10-24,1,3,7,41.83,0
18276,2020-02-19,2,8,9,3.87,0
82168,2023-03-04,3,8,1,27.76,1
41632,2020-10-16,3,7,11,38.97,0
83070,2022-03-03,1,5,7,35.84,1
89612,2023-05-17,1,9,11,41.5,0
28630,2020-02-18,1,7,11,49.72,0
78970,2023-08-10,3,2,11,37.81,0
46511,2022-07-23,2,4,6,24.06,1
59808,2020-12-22,1,10,10,27.27,0
31720,2021-10-11,1,10,13,49.01,0
30257,2022-11-25,3,5,5,24.71,0
25256,2020-07-24,1,2,11,45.7,0
67139,2021-05-31,2,9,8,12.13,0
45280,2020-12-04,2,1,9,15.6,1
90365,2019-01-28,3,8,13,25.65,0
65390,2021-03-10,1,1,2,43.18,1
781,2023-04-17,1,1,2,9.86,0
27869,2019-08-30,2,8,13,21.38,0
87401,2019-10-18,2,6,6,38.86,0
37137,2021-09-14,2,6,1,33.03,0
83057,2021-03-25,1,7,2,45.86,0
89875,2022-12-10,1,5,7,48.53,0
22509,2023-06-09,1,8,4,43.14,0
67134,2020-12-20,3,9,7,2.15,0
78086,2023-12-03,2,8,6,3.32,0
62650,2021-03-07,1,5,2,5.76,0
35068,2020-07-10,3,5,7,44.89,0
54484,2022-01-27,3,2,6,38.69,1
48879,2023-05-07,2,1,9,21.14,0
12991,2021-09-19,1,6,8,2.45,0
15940,2020-07-24,2,9,8,19.89,0
13004,2021-06-03,3,1,11,5.88,0
34003,2022-07-24,3,9,7,31.34,0
74243,2020-11-20,3,7,9,13.43,0
81690,2022-07-27,1,6,12,28.72,0
23389,2021-11-17,1,6,1,48.53,0
33362,2021-02-06,3,5,4,27.17,0
70901,2020-08-22,3,2,3,42.49,0
72475,2021-02-24,3,7,5,46.27,0
49326,2022-12-23,2,3,1,26.06,0
94462,2019-09-21,3,7,8,25.54,1
68961,2022-09-18,3,5,5,49.23,0
56344,2021-11-25,2,7,9,44.18,1
67218,2020-05-01,2,5,2,43.31,0
34821,2022-09-25,3,5,9,27.41,0
42284,2021-03-02,1,5,10,29.69,0
15002,2021-12-13,3,4,1,14.6,0
92901,2021-12-16,3,8,6,34.86,0
96394,2022-08-16,2,9,3,7.03,0
80208,2020-12-03,3,4,1,12.03,0
9559,2019-07-25,1,10,3,19.22,0
51001,2023-06-13,2,8,7,7.31,0
19008,2022-02-09,1,10,8,3.21,0
64025,2022-02-18,2,5,1,9.37,0
37450,2019-10-26,1,9,13,5.58,0
99536,2023-07-25,2,2,12,22.47,1
34718,2020-06-04,2,2,11,25.09,0
34152,2020-11-25,2,6,11,41.52,1
28812,2021-02-15,1,2,11,4.49,1
45135,2020-09-22,3,1,6,4.13,1
84262,2022-07-01,1,10,9,28.67,0
35871,2020-11-07,3,10,12,12.35,0
70030,2020-10-02,3,9,10,42.54,0
29797,2022-03-14,1,10,2,49.04,0
61627,2023-04-02,2,10,8,6.46,0
77036,2023-03-10,3,1,12,6.9,0
95987,2019-11-25,1,3,4,11.36,0
45803,2022-07-17,3,8,4,28.51,1
49641,2021-08-20,2,5,10,26.04,0
18076,2019-12-18,3,7,9,37.65,1
31876,2023-09-10,2,5,10,7.71,0
1598,2020-05-30,3,7,12,30.16,1
68658,2019-01-04,3,1,2,27.19,1
58670,2020-12-12,1,6,9,37.09,0
79137,2021-12-12,3,10,8,10.17,0
61719,2020-04-23,3,3,1,28.27,0
90581,2022-05-30,2,5,8,17.93,0
97576,2023-08-15,2,9,9,28.1,0
10499,2019-11-15,3,2,7,39.84,1
51837,2022-01-04,1,8,6,19.29,0
50748,2020-04-06,1,7,9,39.58,0
16142,2020-05-03,1,10,1,3.14,1
24160,2020-06-19,3,10,13,42.23,0
29435,2019-04-30,1,5,2,7.85,0
65188,2021-01-30,1,7,6,19.34,0
52593,2023-11-30,3,8,9,26.21,0
83190,2023-09-28,2,7,4,48.17,0
65798,2021-09-07,3,5,10,4.09,0
11803,2023-08-20,2,3,12,28.57,0
75117,2021-06-17,2,7,6,35.54,0
63624,2021-08-26,2,2,13,45.07,0
79331,2021-05-26,3,7,9,11.23,0
47065,2023-01-25,1,1,10,12.8,0
12007,2021-09-30,1,5,4,39.45,0
16475,2020-11-23,3,6,9,10.29,0
93068,2023-09-11,2,4,4,16.91,0
64827,2019-01-18,1,9,2,4.17,0
31489,2023-09-22,2,5,8,48.26,0
54704,2023-03-02,1,3,13,13.07,0
22027,2022-01-09,2,6,9,19.88,0
13851,2022-06-03,2,10,11,11.83,0
96043,2022-08-04,2,3,8,40.92,0
60882,2020-03-18,3,3,13,28.53,0
28728,2019-06-06,3,2,8,19.86,0
29506,2022-12-12,3,4,12,13.03,0
13502,2020-10-06,3,3,9,44.34,0
68978,2022-02-25,2,5,4,13.52,0
74630,2022-02-18,1,7,13,9.81,0
94674,2021-06-10,2,2,3,3.67,0
14236,2021-06-17,3,3,5,47.52,0
95930,2019-12-25,2,10,13,25.25,0
39557,2022-09-11,3,5,9,40.1,1
13547,2022-07-20,1,3,6,25.03,0
19921,2020-07-29,1,3,12,7.57,0
29863,2019-04-09,2,5,11,9.83,1
94006,2021-06-26,3,8,2,5.26,0
9655,2019-08-04,2,7,1,35.02,0
43229,2022-10-22,1,4,6,15.55,0
15948,2020-03-12,1,7,6,38.26,0
37601,2020-12-29,3,10,2,49.28,0
90687,2021-04-17,3,4,1,11.02,0
73145,2022-01-09,2,5,7,34.16,0
83258,2023-08-29,2,7,2,36.51,0
69839,2020-11-13,3,2,12,45.94,1
27981,2023-12-29,1,9,3,15.23,0
60746,2023-09-16,1,10,2,38.86,0
62837,2021-05-18,3,5,1,31.82,1
71681,2020-02-15,1,7,1,45.78,0
45871,2023-06-23,3,10,1,26.89,0
13568,2023-03-20,1,8,8,49.16,0
11100,2019-01-02,2,4,2,19.07,0
7518,2020-06-29,2,10,12,12.69,0
59674,2019-02-18,3,4,8,20.35,0
2967,2022-04-05,2,6,8,32.87,0
47890,2022-09-19,1,3,2,25.09,0
66340,2022-01-05,3,5,11,41.35,0
78973,2023-08-31,3,7,13,16.87,0
1113,2020-05-11,3,3,9,37.18,0
99494,2021-07-04,1,7,9,35.21,0
89818,2022-05-30,3,4,4,44.89,0
97890,2021-04-11,1,6,3,36.65,0
64823,2022-04-20,3,7,8,6.34,0
46810,2021-12-15,2,3,8,3.21,0
14287,2019-01-15,3,8,8,40.8,0
59325,2022-03-11,1,3,2,8.7,1
31224,2021-03-16,1,3,1,16.58,0
21558,2019-07-05,1,1,3,8.31,0
89114,2021-09-14,1,6,2,31.81,0
78579,2019-11-06,1,7,2,23.23,1
25362,2019-05-08,2,2,7,33.48,0
51553,2023-08-05,2,1,2,7.58,1
24476,2019-02-09,2,5,2,20.88,0
87020,2021-01-05,1,8,4,35.07,0
2467,2019-11-28,1,4,9,11.22,0
58276,2019-10-01,3,1,4,6.54,0
56222,2020-01-22,1,2,2,32.42,0
2745,2021-01-06,3,5,2,2.33,0
53333,2019-08-13,1,2,7,24.69,0
91401,2019-12-30,2,4,5,19.47,0
46907,2021-04-29,3,5,9,25.19,0
38663,2022-07-12,1,9,10,36.84,0
77261,2023-02-06,3,8,4,26.31,1
30974,2020-06-19,2,8,8,22.95,0
72351,2020-09-03,1,3,1,29.02,1
24421,2020-07-11,3,10,4,39.48,1
11363,2023-08-24,2,8,11,7.42,0
54029,2021-12-25,3,6,2,30.43,0
21453,2020-09-05,3,2,4,13.96,1
9375,2021-03-15,1,1,13,44.79,0
46182,2023-10-26,3,2,2,16.79,0
54474,2019-08-05,1,10,4,31.24,0
719,2022-12-23,1,3,11,24.6,0
43597,2022-08-09,1,6,4,22.8,0
75018,2020-07-31,3,6,8,15.16,0
31551,2020-11-28,3,5,4,35.21,1
83021,2020-05-31,1,6,12,48.63,0
33100,2021-04-11,3,2,6,47.63,0
51897,2020-04-25,1,1,13,8.17,0
58168,2021-02-02,2,10,3,22.4,0
15136,2022-05-12,1,7,7,20.22,0
12523,2020-12-19,3,5,6,12.09,1
47963,2023-05-15,1,10,2,42.75,0
39038,2022-12-17,1,2,8,35.08,0
46996,2021-03-21,3,3,3,26.43,0
64831,2023-10-24,1,7,1,30.61,0
84069,2020-01-25,3,7,9,34.49,0
79011,2023-07-31,1,8,7,39.9,0
43205,2022-09-21,3,9,7,12.61,0
33734,2020-05-01,3,6,1,49.87,0
6572,2023-04-06,2,3,13,28.13,0
74407,2021-10-09,1,5,2,44.72,0
63029,2020-02-29,1,1,7,49.39,1
3175,2019-12-06,2,9,8,43.86,0
85260,2019-12-02,1,3,1,37.05,0
66324,2020-05-20,2,3,2,46.29,0
46140,2022-04-25,3,7,1,17.56,1
19108,2023-07-31,3,9,5,33.57,0
95724,2023-02-22,3,9,6,30.24,0
32969,2022-10-19,1,7,3,34.55,1
2902,2020-07-02,1,9,2,2.59,0
73328,2021-07-16,3,8,3,17.71,0
74577,2021-12-19,3,7,6,30.78,0
45612,2022-02-22,2,8,9,38.62,0
42932,2022-03-20,1,7,3,11.94,0
83796,2020-09-15,3,4,7,29.86,0
4439,2023-03-02,2,3,9,26.95,0
26316,2023-07-13,3,3,13,10.2,0
85819,2020-01-18,2,5,10,47.69,0
58696,2019-08-26,1,7,11,9.3,0
99031,2021-04-21,1,5,12,22.86,0
68610,2019-06-01,3,2,1,6.72,0
19434,2020-07-11,3,6,13,23.93,0
11498,2022-10-09,2,10,13,33.1,0
83943,2019-06-06,3,9,13,25.06,1
3188,2020-10-15,1,3,6,25.44,0
77,2020-12-25,1,1,11,16.06,1
89040,2020-12-23,1,5,9,19.02,0
26664,2021-03-18,2,3,2,7.27,0
63108,2023-10-04,3,1,10,46.47,0
76960,2021-04-24,1,6,2,21.46,0
2040,2019-10-29,1,1,2,38.62,0
16998,2022-08-05,2,6,2,29.25,0
33258,2021-02-02,2,5,7,8.76,0
81661,2022-06-24,1,3,11,39.75,0
33174,2022-06-14,1,10,5,22.36,0
47096,2019-06-14,1,8,13,18.08,0
46134,2023-10-30,1,8,3,45.11,0
73514,2022-07-11,2,5,10,34.79,0
88920,2020-10-11,1,4,2,21.25,0
16366,2019-04-14,1,9,1,45.78,0
98081,2020-02-16,1,4,13,42.14,0
86622,2022-07-26,1,9,2,19.8,1
81009,2022-09-10,3,10,3,33.27,0
51342,2020-11-02,3,6,7,37.69,0
86500,2023-08-12,3,4,12,3.34,0
58455,2022-12-02,2,4,3,10.69,0
32609,2023-07-03,1,2,10,31.87,0
90059,2022-06-18,1,5,10,48.94,0
21550,2021-09-01,2,5,2,41.62,0
10815,2020-05-13,1,2,7,4.14,0
38617,2020-12-08,2,1,5,7.98,1
23372,2023-09-03,3,9,13,22.45,0
63685,2021-11-28,3,10,7,35.63,0
98106,2022-06-12,3,6,11,36.14,0
86593,2020-02-02,1,7,8,46.3,1
77173,2019-11-08,3,4,3,24.95,0
83691,2021-12-17,2,3,5,8.99,0
82940,2022-08-24,1,7,13,18.99,0
68316,2022-03-02,1,10,3,37.0,1
45570,2020-07-15,1,8,8,25.97,0
20590,2021-04-09,3,4,4,31.0,0
60203,2023-03-06,3,2,7,40.56,0
64545,2019-12-06,3,4,3,6.39,0
69590,2021-05-23,2,10,11,24.12,1
49896,2020-01-24,2,8,13,26.85,0
21520,2022-09-23,1,1,8,45.69,0
35364,2020-07-14,3,10,4,42.93,0
5908,2020-12-09,3,1,4,23.84,0
24589,2020-05-06,1,4,11,43.9,0
78376,2019-09-08,2,7,3,21.58,0
16911,2023-01-05,3,2,12,38.14,0
98272,2023-04-04,3,8,9,32.29,0
2338,2021-08-20,1,2,8,32.21,0
21884,2021-07-24,2,1,1,36.28,0
61500,2019-12-12,3,6,1,9.41,1
15175,2020-06-27,3,4,11,5.41,0
42057,2023-10-05,3,6,12,30.61,0
23458,2023-06-30,2,4,13,13.18,0
32943,2021-08-05,2,7,11,18.44,0
79873,2019-09-04,2,6,2,33.1,0
54564,2022-06-29,2,2,12,29.54,0
77848,2023-12-20,2,2,1,7.59,0
4759,2019-06-12,2,10,3,22.27,0
64405,2022-09-22,2,5,7,48.98,0
15581,2022-01-29,3,1,3,49.98,0
78028,2023-03-24,3,9,9,21.22,0
44276,2019-03-06,3,9,5,43.02,1
22080,2021-12-23,2,1,4,7.63,0
57655,2023-08-01,3,4,4,22.86,0
43608,2022-10-11,3,1,5,48.18,0
2191,2022-01-29,3,6,4,41.88,0
76633,2019-07-11,1,4,6,40.17,0
81483,2021-03-04,2,2,5,24.51,0
50578,2021-07-28,2,4,2,4.24,0
83847,2020-03-17,1,7,8,38.88,0
20712,2019-12-13,1,9,3,40.17,0
32158,2023-12-25,3,6,3,40.38,0
93071,2022-01-12,1,7,12,24.48,1
73012,2019-07-04,1,9,10,3.26,0
68456,2021-09-17,2,5,13,34.08,1
40538,2023-04-27,3,7,9,25.07,0
8168,2023-07-06,1,4,6,48.6,0
26999,2020-11-25,2,6,10,34.12,0
83622,2022-06-29,2,7,6,22.61,0
1967,2020-08-24,3,3,3,49.72,0
66849,2022-07-03,3,2,8,31.74,0
71448,2021-01-16,2,5,13,47.7,0
19246,2019-07-29,3,3,12,27.19,0
49787,2021-04-07,3,10,13,44.91,0
32920,2023-04-01,3,7,6,13.81,0
48670,2022-09-14,2,2,12,25.38,0
41069,2020-02-29,1,8,6,35.42,0
53302,2021-09-09,2,5,5,17.56,0
61392,2023-04-01,1,6,9,24.63,0
27189,2021-06-13,1,4,13,40.56,0
92106,2022-12-29,2,1,5,26.03,0
79079,2023-08-05,2,9,9,11.87,0
4285,2021-03-10,2,10,2,36.81,0
71496,2023-06-09,1,2,2,16.93,0
67091,2021-08-12,1,10,11,46.38,1
76666,2019-07-17,1,5,1,47.5,1
2225,2021-06-09,3,9,2,22.09,0
67644,2020-04-01,2,8,13,38.12,0
84508,2020-11-19,1,3,2,5.47,0
8618,2020-07-21,2,5,3,16.01,0
76566,2021-07-20,2,7,10,30.29,1
1646,2019-04-28,2,6,1,49.0,0
37475,2020-11-02,3,1,12,48.8,0
25997,2021-03-09,3,4,9,9.14,0
62443,2021-10-29,1,9,12,44.76,0
1132,2019-10-26,3,5,8,18.17,0
12273,2021-07-12,1,8,3,10.1,1
87404,2023-06-03,2,6,13,33.56,0
69573,2019-02-07,2,7,7,2.19,0
58909,2021-10-07,3,1,5,22.25,0
71629,2020-12-17,3,5,3,41.59,0
50703,2020-07-09,2,2,7,16.34,0
64241,2021-01-26,2,2,12,8.81,0
61785,2023-12-28,2,10,3,19.29,1
33488,2020-12-03,3,3,11,42.3,0
17170,2023-07-22,3,10,8,38.53,0
55169,2019-05-18,3,8,10,8.62,0
70029,2022-11-17,2,6,9,37.61,0
14410,2019-01-06,2,4,12,14.25,0
9130,2020-07-29,1,8,10,41.82,0
72003,2019-10-31,1,5,4,12.01,0
47921,2021-01-10,2,4,12,30.59,0
77236,2019-07-05,2,4,3,9.17,0
96127,2023-12-16,1,4,6,14.56,1
67706,2020-10-26,2,5,8,17.99,0
5337,2021-05-19,3,8,10,38.01,0
35584,2021-04-01,2,10,1,41.99,0
34318,2020-07-23,3,7,7,20.19,0
96265,2023-09-26,1,3,7,12.5,0
88694,2021-07-07,3,4,4,8.85,0
12439,2021-06-18,3,8,12,31.03,0
56698,2022-10-06,3,8,1,47.24,0
12805,2019-06-22,3,2,9,13.92,0
94944,2020-10-12,1,7,4,40.07,0
36622,2023-09-10,1,6,6,15.97,0
4222,2020-01-28,3,8,12,5.1,0
84810,2022-11-01,2,2,7,48.36,0
33555,2023-03-16,3,5,6,37.09,1
58218,2022-06-12,1,6,2,49.18,0
85211,2023-02-20,3,7,5,30.64,0
35656,2022-05-22,3,7,10,47.26,0
58162,2020-08-29,3,10,7,29.27,0
49058,2023-04-01,2,4,4,8.13,0
61310,2019-08-25,2,4,2,48.57,0
55452,2021-11-06,2,4,11,31.58,0
31545,2020-02-27,1,9,2,6.34,0
85655,2020-02-27,2,6,5,23.07,1
47899,2021-08-22,3,8,3,36.87,0
42036,2023-09-28,3,10,7,10.52,0
74631,2020-05-16,2,1,13,24.25,0
98679,2020-12-17,1,10,3,43.98,0
33841,2022-05-01,2,4,2,6.33,0
28266,2022-10-20,3,2,12,27.43,0
6141,2019-08-17,1,3,11,5.82,0
10598,2020-01-08,3,6,6,22.9,0
65480,2020-09-25,3,5,11,21.94,0
44084,2020-07-17,2,1,3,12.09,0
45900,2023-10-19,1,4,6,8.73,0
37840,2022-08-28,2,2,4,40.57,0
65843,2019-10-12,3,8,2,19.41,0
97332,2019-11-25,3,9,11,23.74,1
80610,2023-08-20,1,7,8,44.28,0
38912,2022-10-15,3,8,10,18.59,0
73750,2022-11-03,1,5,8,43.81,1
20359,2021-08-10,1,1,5,47.37,0
77143,2022-01-31,2,5,13,2.73,0
60791,2020-09-08,1,5,11,19.59,0
25097,2023-08-30,2,10,9,7.0,0
7515,2022-02-27,2,10,5,23.58,0
77944,2022-06-29,1,8,9,9.46,0
3047,2020-06-19,1,7,9,26.0,0
97663,2021-07-07,2,4,8,35.67,0
70383,2023-07-13,1,5,9,34.15,0
47423,2021-12-13,2,10,10,12.08,0
11917,2023-12-22,3,8,5,9.1,0
5257,2019-10-11,1,10,13,35.15,0
10835,2023-03-16,1,4,2,49.77,0
5314,2023-07-28,2,9,2,32.69,0
5823,2023-09-21,3,3,9,4.23,0
63284,2020-06-21,3,8,3,40.44,1
68661,2020-02-16,3,5,7,15.64,0
61385,2021-12-04,3,4,3,18.78,0
60507,2022-07-26,3,5,10,43.0,1
26974,2021-09-13,3,9,4,43.46,1
42898,2021-05-14,2,3,7,40.53,0
85035,2020-08-09,3,5,6,3.23,0
70051,2019-09-29,2,7,2,34.18,0
42631,2023-03-05,2,1,1,46.65,0
25061,2020-08-29,1,3,4,42.41,0
36379,2022-06-25,1,8,7,43.56,0
3543,2019-11-17,2,9,13,41.8,0
3782,2022-01-16,2,2,8,34.44,0
39959,2020-03-27,1,10,12,42.62,1
58857,2019-06-07,1,5,9,46.72,1
14032,2020-02-18,1,1,1,37.62,1
15748,2021-09-18,3,1,11,6.45,0
83814,2023-11-01,3,7,6,43.9,0
30348,2021-11-02,3,3,2,10.19,0
76521,2020-01-07,1,9,3,46.72,1
43993,2023-10-27,1,1,13,37.98,0
63329,2021-08-27,2,5,13,49.04,0
81359,2023-10-09,3,5,13,27.42,0
66726,2021-12-01,2,6,8,37.56,0
41655,2022-07-09,3,3,9,31.59,0
80371,2021-04-03,1,3,1,46.51,0
37444,2022-03-29,1,5,10,42.32,0
39802,2022-01-15,3,5,13,2.82,0
7437,2023-01-15,2,10,13,37.9,0
68689,2021-06-21,2,7,12,40.18,0
27586,2020-02-08,1,7,13,21.36,0
27633,2023-05-16,3,9,7,3.64,0
60489,2022-02-17,3,9,9,17.41,1
91613,2023-06-16,2,2,4,45.09,0
8069,2022-01-25,2,5,10,45.14,0
56821,2023-03-11,2,8,1,26.36,0
87567,2021-08-21,2,9,5,31.09,0
75127,2019-06-24,3,1,13,37.92,0
47441,2020-08-03,2,4,2,42.65,1
29369,2023-06-28,1,4,4,14.55,0
78483,2023-02-25,2,7,2,40.81,0
27660,2022-10-27,2,8,13,28.97,0
1510,2021-01-02,3,6,11,4.46,1
13460,2022-03-19,2,2,11,28.92,1
79333,2020-12-23,3,8,10,8.7,0
77619,2022-02-16,2,6,11,17.39,0
9740,2022-04-27,3,6,10,16.28,0
89147,2023-10-10,3,10,3,23.94,0
7008,2019-05-27,3,3,3,27.9,0
26716,2022-11-17,3,6,3,13.46,0
71175,2023-10-13,1,2,11,12.64,0
29880,2021-06-16,2,6,11,46.81,1
30033,2023-01-08,1,9,9,19.83,0
87340,2020-06-28,2,3,2,5.7,1
23505,2022-08-02,3,3,11,29.24,0
48423,2021-12-23,1,1,9,18.36,1
5293,2020-02-07,3,9,9,5.21,0
8881,2023-02-27,1,3,12,20.33,0
91656,2023-06-12,2,3,4,36.63,0
42010,2022-03-07,2,4,11,15.11,0
57659,2023-03-29,2,10,9,15.12,0
5271,2023-03-11,3,1,11,49.84,1
91214,2021-12-31,1,1,12,33.52,0
64958,2021-02-20,1,1,1,16.88,0
87245,2021-05-25,2,10,6,49.45,0
43297,2020-10-12,1,5,2,19.73,1
73558,2022-09-19,3,5,13,25.65,0
35479,2023-04-12,2,2,6,15.86,0
5947,2021-06-01,3,1,13,48.92,1
31071,2019-12-31,1,3,4,29.4,0
86834,2019-07-03,2,5,11,25.98,0
27769,2019-03-29,2,3,9,25.06,0
85351,2023-10-31,1,4,8,8.3,0
69602,2020-08-25,2,1,1,21.96,0
94425,2019-09-09,1,5,2,30.88,0
54436,2022-10-14,2,10,4,40.58,0
2424,2022-09-01,2,1,8,33.9,0
66432,2019-08-31,2,3,5,47.88,0
36872,2022-11-06,2,1,10,16.51,0
3492,2022-07-25,2,3,8,9.36,0
54924,2019-09-28,1,8,7,16.73,0
55493,2021-05-24,3,3,3,33.92,1
45755,2022-07-25,1,2,8,20.06,0
56239,2022-10-22,1,5,9,6.41,0
53286,2020-01-22,2,10,7,15.58,0
72604,2022-06-15,2,10,10,16.9,0
10049,2021-01-02,1,4,5,36.07,1
75369,2021-03-10,3,2,11,20.92,0
52772,2021-09-13,1,1,6,36.9,0
96499,2020-04-22,2,7,8,38.88,1
62159,2020-11-28,2,6,3,16.99,0
64832,2021-07-02,2,7,4,10.8,0
8775,2021-08-05,2,4,8,12.21,0
9183,2022-10-26,1,6,10,36.8,0
74154,2023-07-30,1,7,3,35.25,1
38473,2022-08-24,1,8,13,13.67,0
48449,2020-11-30,3,3,5,4.32,0
70908,2019-01-18,2,2,10,29.41,1
29178,2019-02-09,2,3,5,22.74,0
33710,2020-03-29,1,7,10,30.87,0
55935,2020-03-14,1,10,13,32.24,0
97282,2019-12-06,2,10,5,35.79,0
1810,2019-11-21,2,5,1,37.3,1
81874,2023-12-03,3,6,9,15.7,0
8433,2021-11-02,3,8,3,11.85,0
79439,2023-07-06,1,1,11,22.91,1
47961,2020-03-16,1,10,10,23.7,0
75681,2022-03-01,2,3,6,20.66,0
10257,2020-06-08,3,2,3,14.34,0
94365,2020-03-14,1,6,12,23.55,0
14271,2020-01-26,2,3,7,31.57,0
36473,2021-06-29,2,9,7,47.03,0
88474,2021-10-28,2,6,6,32.69,0
76601,2019-08-27,2,10,13,46.35,0
80308,2021-09-11,1,3,11,42.13,1
89754,2019-01-04,2,5,4,31.4,1
68160,2022-01-04,3,5,5,14.68,0
85693,2023-07-13,1,5,10,19.08,0
25533,2019-06-06,3,8,1,30.49,1
34616,2022-03-19,2,5,12,6.66,0
81888,2020-01-02,3,4,9,42.48,0
18635,2019-10-04,2,4,1,24.62,1
56335,2023-06-28,3,1,2,11.67,0
49433,2020-01-25,1,3,12,34.65,0
41411,2021-05-13,3,2,11,34.73,0
61114,2023-02-23,3,9,1,21.95,0
38373,2022-01-23,1,10,4,18.27,0
54440,2019-10-06,1,1,4,32.17,0
32296,2019-03-16,3,5,8,28.64,0
90887,2020-12-10,1,1,11,42.05,0
95731,2023-06-28,3,7,11,4.96,1
54754,2019-07-23,2,7,9,40.88,0
64260,2020-05-31,2,9,6,26.3,0
20273,2023-10-11,2,6,13,7.39,0
97823,2023-10-02,2,4,3,47.22,0
26838,2021-09-20,1,3,3,17.05,1
4049,2023-12-07,3,5,5,23.1,1
4139,2019-06-16,1,5,10,38.17,1
64223,2023-06-04,2,5,1,41.08,0
8870,2022-10-22,2,10,6,39.54,0
1948,2023-08-03,3,3,2,23.1,0
74824,2019-06-10,2,10,6,47.71,0
85870,2020-03-14,1,8,6,24.24,0
63799,2020-07-25,1,2,7,42.76,0
4889,2022-07-31,3,9,9,40.61,0
78787,2023-06-01,3,8,12,12.34,0
30376,2021-06-03,2,5,1,2.6,1
72528,2021-03-24,2,8,5,44.41,0
19399,2022-07-26,3,5,8,46.44,1
27912,2019-08-27,3,8,11,10.38,0
13366,2022-02-04,2,4,7,37.4,1
97798,2020-10-26,3,10,9,29.44,0
87338,2020-08-15,1,6,2,44.82,0
79181,2022-09-16,2,3,10,17.87,0
62604,2022-06-28,2,6,9,27.0,0
18640,2019-01-22,1,10,11,48.73,0
32685,2021-03-11,2,9,11,22.07,0
35250,2023-12-20,2,2,10,24.33,0
94058,2022-07-29,1,5,8,40.09,0
73630,2020-06-06,2,10,2,43.78,1
95087,2023-01-24,2,2,12,49.31,0
69697,2019-08-27,2,3,8,10.27,0
76147,2021-11-12,3,2,3,49.2,0
55143,2023-02-12,3,3,9,37.05,0
12690,2021-07-30,1,9,11,5.04,0
90487,2023-11-12,3,5,4,49.6,0
5048,2019-07-01,1,6,5,41.5,0
14857,2019-10-19,2,9,8,14.66,0
62476,2020-06-03,1,5,8,43.49,0
9927,2021-05-25,3,7,11,47.72,0
79515,2022-11-21,1,6,11,10.73,0
51445,2023-06-11,3,2,2,41.24,1
50780,2020-10-10,1,8,12,48.81,0
25673,2023-11-26,2,9,9,34.41,1
9850,2019-06-09,3,5,2,5.25,0
81746,2021-05-05,2,5,13,22.34,0
21241,2019-05-15,1,8,12,5.96,0
42796,2023-11-14,1,3,8,47.27,0
58222,2020-10-25,2,3,5,28.08,0
33639,2019-02-11,1,1,11,3.07,0
62099,2022-11-07,3,7,1,43.27,1
20402,2023-06-05,3,5,10,32.99,0
73256,2023-12-05,1,2,12,9.64,0
252,2021-11-23,3,10,8,38.59,1
74820,2020-09-27,3,9,6,3.32,0
45571,2019-05-04,2,7,4,7.53,0
92537,2020-05-10,1,9,4,15.43,0
53268,2021-07-15,1,2,9,10.06,0
8227,2021-05-22,2,8,2,28.11,0
23955,2021-11-06,3,10,12,45.55,0
98841,2019-01-26,3,9,8,11.53,0
90956,2020-10-21,1,10,9,40.3,0
44656,2023-08-23,3,10,1,20.06,0
81791,2023-03-11,1,6,8,7.33,0
16759,2023-10-21,1,10,10,18.44,0
26148,2019-07-31,3,7,3,10.29,0
98184,2019-01-07,3,10,11,20.38,1
65146,2019-11-04,3,8,6,28.92,1
76224,2021-06-20,2,2,11,34.82,0
4958,2021-07-14,3,1,1,35.49,0
56113,2022-09-18,2,10,4,45.44,0
46245,2020-08-26,1,4,11,7.58,0
86406,2019-02-18,2,10,8,17.8,0
87948,2023-06-25,3,1,4,34.43,1
28590,2020-06-25,1,1,12,43.68,0
11373,2019-09-18,1,4,7,46.73,0
26769,2019-09-14,2,9,10,41.9,0
84678,2022-03-28,1,1,2,49.48,0
57793,2020-07-08,3,2,11,46.5,0
85304,2019-07-05,1,7,2,37.2,0
59335,2022-04-21,2,5,9,39.86,0
70352,2022-05-07,1,9,1,18.24,0
59108,2023-08-21,2,7,9,11.02,0
69082,2019-03-27,1,8,2,14.14,0
71056,2019-06-23,2,1,2,12.43,0
88385,2019-11-06,2,7,8,42.99,0
476,2020-01-14,2,1,4,7.65,0
82770,2023-12-26,3,7,2,6.9,0
99698,2019-06-01,1,9,6,46.28,0
17658,2023-02-11,3,1,5,36.72,0
96367,2021-05-29,2,9,6,42.76,0
57851,2020-06-28,3,6,13,17.89,0
34406,2020-09-09,2,10,10,9.25,0
82713,2019-03-13,1,2,2,12.62,1
18032,2021-11-12,1,3,12,33.7,0
81913,2022-04-08,3,2,4,27.31,0
93200,2019-03-11,3,6,1,11.82,0
16932,2022-06-10,1,8,5,3.95,0
51111,2022-10-05,3,8,7,39.95,0
32547,2021-02-16,2,6,5,32.48,0
50439,2021-01-21,3,1,10,26.93,1
45577,2021-07-13,2,10,13,7.12,0
24823,2022-03-24,2,1,6,47.31,1
3859,2021-07-09,1,9,8,6.75,0
4504,2020-06-10,2,2,10,20.28,0
16150,2023-10-24,3,5,4,8.17,0
89210,2023-02-05,3,7,11,43.97,0
19614,2019-03-10,2,5,10,19.68,0
63699,2020-12-21,3,6,6,36.29,0
19527,2020-03-21,1,5,7,37.65,0
28508,2023-07-02,1,9,3,6.1,0
44783,2019-02-08,2,6,8,19.8,0
76844,2020-12-12,3,10,10,6.66,0
29750,2019-07-09,1,2,8,2.33,0
74723,2023-12-17,3,5,10,11.08,1
48445,2022-12-01,2,9,5,2.18,0
57348,2022-09-19,2,8,8,37.42,0
69838,2020-05-07,3,3,13,6.79,0
46900,2020-01-20,1,2,1,48.3,0
60333,2022-06-14,3,4,2,18.23,0
63018,2019-12-10,3,5,6,28.99,1
63083,2020-09-20,3,9,9,30.69,1
50245,2022-02-11,1,2,12,11.93,0
47948,2019-01-04,3,1,5,35.59,1
54165,2023-10-27,1,6,13,48.08,0
64035,2023-08-22,3,9,10,37.37,0
22716,2021-08-30,1,5,10,30.88,0
22905,2020-12-08,3,10,6,5.53,0
41393,2021-09-05,1,5,2,8.06,1
27087,2020-09-24,2,9,10,3.94,0
64733,2020-07-31,2,9,6,27.26,0
8514,2019-02-25,3,9,4,38.68,1
66916,2022-05-12,3,1,7,30.07,0
49623,2020-04-30,2,5,8,13.77,1
56085,2022-08-05,2,4,11,25.9,0
84035,2023-03-02,1,3,3,2.28,0
91315,2022-02-11,2,8,2,15.68,0
94765,2019-06-19,2,4,6,23.34,0
22491,2020-10-23,3,4,3,37.5,0
36577,2020-09-30,1,4,12,2.63,0
69211,2022-05-20,1,7,5,29.03,0
80526,2022-05-25,3,6,1,10.11,1
1997,2023-01-18,2,10,11,20.56,0
12267,2019-05-11,3,3,3,6.64,1
57539,2019-03-20,3,4,2,40.91,0
11372,2022-09-18,1,10,10,38.81,0
3166,2019-03-04,1,7,11,48.68,0
38569,2021-12-26,1,5,11,49.85,0
9443,2023-11-17,1,9,1,37.07,0
89584,2020-01-15,1,8,13,4.57,1
65624,2022-06-21,2,6,9,5.8,0
73387,2019-04-01,3,5,4,2.71,0
84586,2023-03-25,2,3,3,14.41,1
64230,2019-10-10,2,4,8,39.83,0
65615,2021-07-29,1,2,13,6.86,0
45996,2021-07-05,3,8,8,16.86,0
85088,2021-03-27,3,8,3,30.8,0
84856,2019-01-31,3,1,12,44.35,0
18110,2023-09-18,1,1,11,34.18,0
27790,2019-07-29,3,5,2,15.87,0
14333,2023-02-02,3,9,7,41.21,0
68851,2023-02-28,3,6,1,5.41,0
60062,2021-10-09,1,6,6,12.46,0
89644,2020-01-06,3,5,10,17.02,0
2770,2023-11-26,1,1,11,48.67,0
5453,2022-12-31,2,9,1,28.37,0
78598,2022-06-23,2,10,1,19.73,0
59447,2022-12-05,2,9,2,6.93,0
67885,2021-03-08,1,6,9,20.46,0
53427,2022-08-04,1,5,13,25.61,1
3066,2021-11-30,3,9,5,16.5,0
74012,2021-06-29,3,10,10,32.56,0
57131,2022-09-05,1,10,12,14.16,0
3439,2022-06-04,3,9,4,34.2,1
28706,2019-05-29,3,6,10,39.65,0
82514,2022-02-23,2,5,11,13.19,0
37999,2019-09-19,2,8,13,37.1,0
27451,2021-11-02,2,6,7,14.04,0
56439,2022-02-16,2,7,1,27.2,0
29025,2021-09-07,1,5,12,20.37,0
88138,2022-12-24,2,8,12,10.64,0
80886,2023-07-04,2,1,11,39.67,0
28077,2023-06-01,2,2,9,29.56,0
58196,2019-02-19,2,3,11,23.46,1
7135,2019-05-14,3,8,3,41.76,0
48485,2020-03-28,1,8,9,44.56,0
30373,2019-07-31,3,10,1,9.36,0
49137,2020-06-26,1,2,3,3.47,1
93927,2022-01-02,3,6,1,18.3,0
48510,2021-11-09,2,9,6,38.43,0
69808,2019-07-01,1,1,1,46.24,0
31951,2021-03-24,3,6,2,44.82,0
55968,2020-06-02,1,10,8,11.68,1
11296,2020-03-24,3,8,5,6.87,0
97611,2022-04-27,2,6,2,14.15,0
53149,2019-03-15,2,1,10,28.05,0
99159,2023-09-28,2,9,1,43.58,0
97536,2019-10-08,2,9,7,21.15,0
36946,2022-04-15,2,9,11,39.33,0
36277,2019-07-26,2,3,9,46.93,0
51898,2021-11-19,3,10,12,30.08,0
57928,2021-04-04,3,6,2,39.29,0
72701,2022-06-26,3,9,9,22.93,0
8043,2023-03-03,2,2,5,22.34,0
85736,2019-12-26,1,4,6,25.26,0
15633,2022-04-10,2,10,2,12.09,0
72516,2019-06-17,1,6,8,11.02,0
35113,2022-05-14,1,4,4,41.38,0
23528,2021-04-26,3,8,13,21.35,0
68410,2022-01-05,3,7,13,18.46,1
53452,2021-01-22,1,7,11,43.63,0
35315,2023-06-23,1,9,8,49.78,0
50492,2022-11-28,2,6,11,44.01,0
97218,2022-09-06,2,1,8,19.47,0
25734,2019-08-18,1,9,8,39.78,1
35872,2022-02-09,3,8,12,46.71,0
71191,2021-05-11,3,8,6,34.76,0
61832,2020-01-01,2,3,11,41.73,1
92030,2020-04-01,1,8,3,46.57,0
77134,2019-11-20,3,10,2,11.19,0
18722,2019-07-28,2,4,5,30.3,0
43485,2021-10-20,3,10,2,21.61,0
44296,2019-01-22,3,7,1,34.55,0
14709,2019-11-15,3,3,1,2.78,0
26277,2021-04-14,1,5,6,21.2,0
60186,2021-09-08,3,4,4,36.46,0
42732,2021-02-12,2,10,13,21.48,0
71563,2021-09-22,1,10,10,23.81,0
98519,2020-09-19,3,5,3,16.82,0
54227,2020-12-28,3,1,5,16.84,1
86654,2019-01-15,2,3,4,8.41,0
34049,2019-10-10,2,3,11,17.13,0
1081,2022-12-17,2,6,10,44.79,1
49297,2019-06-13,3,6,12,40.98,0
21669,2023-01-13,1,4,4,39.37,0
92713,2019-10-26,1,6,12,18.02,1
27597,2023-08-04,2,10,12,27.98,0
30609,2023-01-11,3,7,2,2.02,0
22530,2021-05-26,2,8,8,8.51,0
56514,2021-05-07,2,7,1,48.92,0
94997,2019-05-02,1,7,12,13.1,0
41276,2020-10-24,1,6,12,32.21,1
47087,2021-10-27,3,2,5,20.5,0
70342,2022-09-09,2,1,6,47.42,0
1552,2022-04-04,1,6,4,26.64,0
85239,2020-12-24,2,3,9,44.59,0
2142,2023-12-08,3,4,11,20.42,0
52756,2020-04-25,3,3,12,20.72,0
76689,2023-04-08,2,2,5,24.99,1
16949,2019-01-19,2,6,7,9.25,0
3080,2022-05-09,1,1,9,22.73,0
96180,2023-03-15,1,10,1,18.13,0
31107,2022-03-14,1,10,12,49.21,0
47050,2021-03-01,3,4,5,3.07,0
25151,2021-11-01,2,5,5,27.83,0
47303,2022-11-20,2,9,5,49.68,0
23738,2023-12-01,2,10,3,47.88,0
99997,2020-05-20,1,7,5,10.88,0
8074,2020-05-10,1,8,6,20.82,1
61545,2023-06-28,2,10,9,39.3,0
23565,2023-10-20,2,6,6,34.57,0
12708,2021-02-05,3,10,8,12.13,0
49544,2021-01-21,2,4,13,20.59,1
38723,2022-08-24,1,3,5,35.01,0
37140,2023-04-23,1,2,1,22.64,0
38187,2022-07-02,3,4,4,31.92,0
36629,2019-01-30,3,8,13,36.08,0
22459,2022-10-07,1,1,3,34.95,0
56956,2020-11-15,2,5,12,30.01,0
35744,2020-10-22,3,1,3,37.72,0
59761,2022-05-23,2,7,5,18.4,0
64686,2023-11-10,3,10,2,48.51,0
41402,2020-05-27,3,2,10,22.57,0
90075,2023-02-23,3,4,6,34.15,0
5574,2022-09-08,2,9,13,45.29,0
92941,2023-06-06,3,7,13,22.45,0
72489,2023-09-07,1,2,3,3.01,0
45406,2019-05-11,1,7,8,42.62,0
54495,2019-08-30,3,6,10,21.42,0
96741,2023-06-23,3,8,10,38.71,0
55260,2020-10-24,2,6,1,16.3,1
44661,2021-09-25,3,6,9,18.62,0
50303,2023-10-28,3,10,9,23.74,1
10935,2022-11-01,1,1,12,32.06,0
84030,2023-06-11,1,9,8,17.53,0
70518,2022-10-18,2,4,9,28.0,0
54060,2022-11-22,3,10,11,18.15,0
64994,2020-04-19,2,3,10,33.53,0
87817,2021-12-01,1,7,2,42.61,0
26832,2020-09-03,3,6,11,35.96,1
38139,2023-08-22,3,3,8,38.92,1
30933,2023-03-12,2,5,5,29.92,0
40357,2021-04-09,2,8,6,40.0,0
33778,2022-06-30,2,4,5,9.83,1
2812,2020-02-23,1,1,8,31.44,1
90155,2023-03-25,1,3,4,47.07,0
53190,2022-05-15,3,8,2,26.42,1
71245,2023-03-24,3,3,3,31.49,0
50026,2019-08-09,2,2,8,43.2,0
72718,2020-04-05,3,5,4,5.94,0
72595,2020-06-21,1,3,4,25.2,0
58561,2022-01-31,3,2,6,29.56,0
28029,2021-02-25,1,10,9,47.77,0
57388,2021-12-22,1,1,8,29.42,0
2275,2022-06-03,1,9,8,15.29,0
18353,2022-10-29,2,2,3,49.12,0
43164,2019-08-27,1,10,1,11.54,0
51437,2019-01-07,2,10,4,11.07,0
13748,2022-02-08,1,2,5,30.77,1
86178,2019-05-24,1,3,12,35.72,0
45321,2020-09-12,2,2,2,35.06,1
30683,2019-01-22,2,2,10,13.39,0
4991,2022-03-28,2,9,8,30.53,0
64299,2021-04-01,3,1,9,32.77,1
37115,2019-09-15,1,9,9,42.21,0
96031,2021-08-11,1,7,13,33.33,0
12281,2020-07-05,2,6,8,49.54,0
95404,2023-03-06,3,10,1,14.04,0
55207,2020-05-02,2,10,8,11.95,1
62038,2020-04-30,2,5,13,26.34,0
64704,2022-10-03,2,7,11,2.11,0
22790,2021-01-12,2,8,9,14.74,0
67707,2019-12-23,1,6,4,13.11,0
79521,2019-12-28,3,6,2,45.08,0
5709,2019-02-25,2,5,13,14.83,0
90718,2023-01-31,1,7,5,16.27,0
18920,2020-10-17,2,1,11,38.94,0
66984,2020-06-01,3,2,13,16.53,1
36444,2020-05-15,3,10,3,5.2,0
69276,2023-05-14,3,9,8,9.54,0
30345,2019-10-12,3,6,11,18.46,1
48683,2019-12-23,3,4,13,18.46,1
61968,2023-10-11,2,2,6,10.07,0
88267,2019-01-11,3,8,7,20.46,0
27316,2021-12-08,3,5,5,44.73,0
18314,2023-10-21,2,10,6,21.31,0
76268,2019-11-24,3,9,12,4.46,0
30960,2020-05-10,3,3,4,3.75,0
29371,2022-03-10,3,6,12,41.32,1
24310,2023-04-05,2,1,8,24.15,0
12201,2021-03-06,2,7,9,14.35,0
94576,2019-02-25,3,1,7,44.32,0
54780,2020-12-22,1,9,5,13.1,0
2707,2019-05-10,1,7,1,27.97,0
3097,2019-01-31,1,6,4,26.59,0
39935,2019-09-23,1,3,4,28.28,0
60653,2023-11-02,2,7,6,2.57,0
3726,2019-10-01,3,4,8,18.22,0
77947,2022-08-07,3,9,3,23.95,0
29472,2022-09-21,3,10,12,13.6,1
85602,2023-08-10,2,8,6,32.45,1
45428,2020-05-06,1,4,3,37.04,0
28532,2021-10-23,3,6,1,13.19,0
64487,2022-01-19,2,8,8,2.55,0
36988,2023-07-15,1,3,11,22.5,0
80200,2021-02-10,1,3,11,22.45,1
18088,2021-01-02,2,4,10,13.75,0
85356,2023-03-20,2,10,9,19.56,0
73918,2020-08-01,1,4,2,30.19,0
98161,2019-07-30,3,1,5,37.3,0
35363,2019-09-11,1,8,12,46.24,0
16186,2019-04-19,2,7,10,6.37,0
36963,2022-12-13,1,9,10,38.14,0
25203,2023-03-22,3,3,1,13.57,1
94199,2022-04-15,1,4,10,43.7,0
30311,2019-07-05,3,5,1,43.17,1
57159,2021-08-22,1,3,5,42.75,0
4675,2021-12-26,2,10,10,6.82,0
59964,2021-10-19,1,8,11,22.81,0
29196,2021-05-13,1,9,3,12.44,0
38507,2020-08-28,1,2,12,43.49,0
56653,2023-01-13,3,2,9,34.99,0
47249,2019-09-11,1,5,7,36.39,0
21411,2022-05-10,2,3,1,24.12,1
24251,2019-06-30,2,7,5,14.68,0
61234,2020-05-15,2,9,10,29.14,0
20153,2019-06-22,3,4,5,45.25,0
68787,2022-07-02,1,3,4,8.55,0
34648,2023-01-11,2,4,3,5.44,1
51069,2022-07-31,3,10,5,41.86,0
98989,2021-01-29,2,5,4,28.72,0
21725,2021-02-26,1,3,13,18.27,0
70791,2023-03-10,2,7,1,9.22,0
31619,2020-12-22,1,10,6,14.5,0
82550,2019-07-24,1,2,2,10.95,0
17586,2020-07-03,3,10,11,4.99,0
18878,2022-12-08,1,3,8,41.51,0
38595,2020-08-15,2,10,12,39.42,0
44928,2020-09-25,2,4,2,20.46,1
11686,2023-04-15,3,6,3,18.91,0
39224,2021-11-20,2,7,7,18.58,0
5101,2021-02-09,3,9,6,19.1,1
68990,2020-07-07,2,8,7,2.52,0
26638,2023-10-31,2,9,5,18.98,0
70055,2022-07-11,3,5,10,35.2,0
92516,2023-06-25,2,9,3,46.07,0
5598,2023-01-20,2,3,12,8.25,0
97877,2021-11-17,1,10,8,9.82,0
93769,2022-03-11,3,1,12,48.91,1
53804,2020-02-05,3,9,10,9.57,1
34507,2019-08-11,1,5,7,30.28,0
40031,2019-02-25,3,2,8,33.69,0
58006,2021-07-06,2,7,13,4.95,0
62432,2020-10-19,3,2,4,44.81,0
38110,2022-11-16,3,1,8,8.66,0
71492,2022-01-14,3,5,12,9.82,1
68667,2022-03-16,2,6,4,13.62,0
7587,2020-04-29,2,2,2,28.31,1
50893,2019-01-05,2,8,9,26.19,0
22975,2020-08-06,2,5,2,18.19,0
28802,2021-11-11,3,5,6,20.29,0
53421,2019-02-14,2,9,9,28.01,0
56386,2020-09-04,1,5,3,36.58,1
34489,2020-11-03,3,2,8,42.38,0
95916,2022-09-10,3,8,12,2.14,0
1154,2023-05-29,1,3,1,40.12,0
86791,2022-10-08,1,10,5,10.75,0
65190,2023-03-18,1,7,10,28.8,0
32644,2021-08-29,3,8,1,41.47,0
9369,2021-12-26,2,5,12,7.17,0
50218,2019-08-17,1,8,3,23.3,0
20467,2021-10-02,3,9,2,27.78,0
8938,2021-03-01,1,4,12,4.07,0
24808,2022-06-15,3,3,7,12.73,0
85353,2021-10-18,1,7,1,49.75,1
65543,2023-09-16,3,7,8,38.13,0
38429,2019-11-09,3,5,10,15.6,0
68007,2021-11-25,3,6,8,12.55,0
30513,2019-07-18,3,7,1,43.46,0
7259,2023-08-29,3,4,13,30.84,1
21284,2019-02-08,3,6,7,28.66,1
47314,2021-02-10,2,5,2,21.76,0
69218,2021-06-14,3,2,5,46.19,0
12872,2023-12-22,1,2,1,12.79,0
53131,2020-12-25,3,5,7,4.4,1
49815,2022-09-16,2,7,6,13.3,0
85017,2023-10-22,2,10,8,36.86,0
67828,2020-01-18,1,6,4,24.38,0
46411,2022-11-27,1,8,3,18.12,0
77058,2020-12-29,3,9,7,8.73,0
7338,2022-02-19,3,4,12,12.79,0
28869,2021-12-02,2,7,12,17.7,0
878,2023-07-16,2,6,5,34.82,0
19663,2023-04-19,3,6,4,21.45,0
93913,2020-08-11,2,3,9,28.92,0
85734,2019-08-23,3,3,13,2.02,0
22950,2019-04-15,1,10,8,12.22,0
65712,2021-09-13,1,3,10,2.41,0
67508,2022-09-01,3,5,10,40.92,0
22919,2022-08-15,2,2,10,30.99,0
4478,2021-03-24,2,4,13,20.7,0
53518,2023-11-27,2,6,6,10.63,0
58221,2021-03-31,3,6,10,45.81,0
25199,2019-08-22,3,2,4,11.34,1
36453,2023-12-09,2,5,1,49.08,0
7815,2021-10-02,2,6,9,27.33,1
38001,2019-08-18,3,6,10,39.59,1
97387,2021-03-30,2,10,9,30.27,0
73114,2023-11-11,3,7,7,23.72,0
13035,2023-04-12,3,3,2,45.6,0
17570,2023-10-21,1,10,12,49.64,0
1270,2022-07-23,1,3,4,40.3,1
1619,2023-10-21,2,4,13,31.73,0
18621,2019-04-19,3,3,7,39.79,1
90013,2019-03-06,2,1,1,7.74,0
47406,2020-03-01,3,8,6,19.84,0
39293,2021-02-25,1,5,4,20.76,0
24535,2019-07-01,1,2,11,15.91,0
86484,2020-06-26,1,2,13,4.86,0
62059,2022-10-15,1,5,4,17.91,0
28477,2021-01-21,3,6,12,42.2,0
73274,2019-10-06,2,4,10,27.61,0
27286,2020-11-25,2,1,12,22.04,0
55262,2020-05-21,2,2,2,21.66,0
32414,2019-08-03,1,7,2,13.9,0
47443,2023-05-15,3,4,13,35.3,0
44549,2020-06-18,1,7,11,48.04,0
6899,2023-11-21,3,4,9,38.09,0
36028,2022-08-23,2,7,9,21.97,0
72359,2020-10-01,3,7,10,12.38,0
85360,2021-04-07,1,10,5,22.45,0
74762,2020-09-03,3,10,5,35.05,0
29893,2020-08-29,2,8,5,16.1,0
32688,2023-07-08,2,8,4,47.1,1
32881,2021-11-07,1,8,9,6.6,0
39165,2022-10-24,2,6,13,23.78,0
8728,2021-11-28,2,7,4,17.87,0
75230,2021-11-18,1,3,7,23.28,0
83564,2020-04-03,1,7,13,36.31,0
13857,2022-01-21,1,9,11,5.16,0
66292,2023-10-30,3,2,2,14.82,0
98893,2023-02-08,1,7,9,34.35,0
47766,2021-10-08,3,7,8,47.07,0
16006,2022-12-29,2,9,9,45.54,0
88284,2022-05-17,3,1,3,11.53,0
17678,2020-11-22,2,7,3,43.38,0
48,2020-04-19,1,9,8,14.84,0
51899,2023-09-20,1,8,7,44.72,0
17383,2019-02-02,1,3,1,9.18,0
83273,2023-11-11,1,1,5,17.61,0
17701,2021-03-17,3,9,2,20.93,0
97070,2021-12-03,1,1,6,26.91,0
6282,2022-05-13,1,2,1,9.7,0
45619,2022-04-03,3,10,11,12.9,0
11207,2021-09-01,2,6,4,32.65,0
731,2023-02-11,2,1,13,31.46,0
44309,2019-11-28,3,4,11,12.52,0
76900,2021-05-11,2,6,7,38.2,0
6678,2020-06-08,3,1,7,13.66,1
36296,2019-11-04,3,8,8,28.93,0
96432,2022-12-20,2,9,8,44.47,0
81257,2019-04-10,3,9,8,28.1,0
91979,2020-06-20,1,3,11,41.85,0
57754,2022-03-01,2,8,9,22.7,0
23736,2020-08-24,3,5,11,16.82,0
76638,2020-12-22,2,2,8,8.38,1
40768,2022-08-24,1,5,3,8.83,1
66059,2019-01-10,1,8,3,45.3,1
55973,2019-04-21,3,2,5,3.4,0
13408,2023-08-06,2,9,6,36.72,0
80572,2021-09-03,1,10,6,17.18,0
5504,2021-03-25,3,6,5,47.72,0
78166,2020-02-27,1,3,8,9.65,0
61007,2020-11-20,2,3,7,7.69,1
30961,2019-06-20,1,6,7,8.51,0
37652,2023-06-22,3,6,2,41.8,0
71524,2020-03-05,1,7,5,41.81,0
28580,2020-04-29,3,10,1,15.81,1
88331,2023-05-18,2,5,11,8.93,1
44965,2020-10-09,3,10,11,12.31,0
66711,2019-08-30,2,8,1,44.47,0
31895,2022-07-26,2,1,2,16.03,0
75087,2019-03-12,3,7,9,18.84,0
97642,2021-05-07,2,9,8,29.24,0
88842,2023-10-24,3,9,3,28.93,0
19617,2020-02-24,3,6,5,6.99,1
51316,2022-03-08,3,5,6,9.03,0
6298,2023-04-15,3,3,12,2.02,0
38808,2020-11-03,1,1,7,31.11,1
74858,2023-10-07,1,3,9,2.29,1
14459,2022-10-04,3,6,4,24.73,0
94263,2021-04-13,3,7,1,49.23,0
32102,2019-01-08,1,7,7,21.25,1
80485,2019-10-18,2,2,4,45.85,0
93734,2022-03-01,3,5,6,36.34,0
38624,2020-03-22,1,10,10,5.22,0
42067,2020-09-05,3,10,4,10.33,0
85978,2019-09-05,1,6,11,27.02,0
26446,2020-09-16,3,7,7,32.1,0
63906,2019-03-24,3,2,1,9.05,0
69317,2023-06-10,3,1,9,46.14,1
96732,2022-09-19,3,10,10,27.71,1
95829,2019-01-06,2,4,3,33.44,0
63752,2022-09-13,2,4,4,9.02,0
63605,2019-09-25,3,2,10,9.62,1
44904,2022-06-06,3,5,5,3.69,0
81631,2019-05-28,3,5,6,37.95,0
28352,2023-03-21,1,9,13,27.69,0
81054,2022-04-26,3,2,9,43.94,0
71054,2021-08-08,2,10,10,15.76,0
91104,2019-04-21,3,6,1,15.99,0
98743,2022-06-25,1,2,6,43.89,0
58923,2022-05-17,2,6,10,37.35,0
26592,2020-08-14,3,10,5,42.7,0
80174,2021-09-03,2,7,10,9.6,0
23006,2019-11-16,2,6,6,26.71,1
89092,2022-03-06,2,8,9,33.2,0
13370,2022-06-13,2,5,4,37.25,0
62744,2021-01-01,3,3,7,8.76,0
71495,2021-02-06,3,8,9,25.21,0
61019,2021-09-24,2,8,7,21.83,0
42232,2020-10-25,2,7,13,42.64,0
97695,2019-10-05,2,4,6,4.55,0
68711,2022-04-21,3,2,2,3.39,1
89140,2020-05-14,3,8,7,3.25,0
98534,2022-09-02,3,2,9,16.4,0
29507,2019-07-31,3,5,9,8.28,0
3040,2021-09-21,2,8,6,14.78,0
44199,2023-05-01,2,5,12,6.75,1
85585,2021-08-03,3,3,6,3.03,0
10736,2019-11-05,1,8,13,44.48,0
95695,2020-06-14,2,8,1,48.83,0
82372,2023-02-01,2,9,4,39.17,0
45326,2021-06-27,1,7,1,4.87,1
38806,2021-12-29,2,10,12,35.59,0
29193,2022-12-24,3,2,8,4.08,0
88237,2022-04-25,2,5,6,39.35,0
33663,2023-09-02,2,7,7,13.68,0
71517,2021-07-12,2,8,9,23.96,0
75906,2020-10-26,3,10,6,26.52,0
48560,2020-03-27,3,4,9,17.65,0
61644,2022-08-19,1,10,6,31.29,0
50660,2023-11-01,2,5,10,21.73,0
16729,2023-04-11,3,10,3,5.98,1
26191,2022-05-09,1,5,4,7.05,0
44548,2023-03-16,3,9,10,13.89,0
55314,2019-08-03,1,9,3,3.53,0
61148,2020-01-20,3,5,4,6.01,0
64463,2023-07-19,1,3,4,25.42,0
72836,2019-03-26,3,4,6,13.04,0
70604,2022-02-19,1,10,1,21.39,1
29342,2019-03-06,1,8,6,14.91,0
16878,2022-06-19,3,3,9,43.36,0
38191,2019-01-17,3,7,3,49.27,0
8291,2023-11-10,1,2,11,2.38,0
99576,2023-03-24,1,5,5,23.54,0
52836,2022-02-24,3,1,1,35.57,0
36191,2023-01-08,2,3,8,3.64,0
21254,2020-06-29,1,7,2,4.64,0
71436,2019-07-10,3,10,12,21.49,0
18967,2022-05-11,3,3,5,32.56,0
14903,2022-07-23,3,9,11,31.05,0
26423,2020-07-18,3,6,9,45.86,0
65686,2023-12-19,1,3,7,25.51,0
33807,2019-07-05,2,1,3,35.58,0
49504,2023-02-13,3,5,12,20.28,0
99938,2021-10-01,3,8,11,44.99,0
25463,2020-09-27,2,9,4,4.81,0
37914,2019-07-08,3,9,8,49.56,0
47950,2020-09-15,1,2,12,39.92,0
48835,2022-09-29,1,9,6,34.57,0
6557,2022-01-30,2,1,11,28.52,0
61003,2020-10-30,1,2,7,46.56,0
50089,2020-02-08,3,2,8,32.7,1
16530,2022-10-09,1,9,9,27.47,1
45263,2022-01-07,3,9,12,14.85,0
75902,2021-11-21,3,3,5,16.29,0
97110,2021-04-06,3,4,2,40.22,0
75379,2022-10-04,2,2,7,39.94,1
28521,2022-03-21,3,6,12,42.02,0
83189,2019-12-16,3,3,4,35.85,0
11417,2021-02-03,2,7,5,20.95,0
11521,2023-10-23,3,8,10,2.68,0
62414,2019-08-10,3,7,8,41.57,0
98131,2022-12-28,1,2,3,41.79,0
819,2020-10-25,2,2,8,37.16,0
26231,2022-10-19,2,10,5,44.26,0
88540,2020-07-23,3,2,3,21.01,0
18608,2019-01-02,3,5,11,32.55,1
70281,2021-08-17,3,8,9,12.43,0
66520,2021-06-13,1,4,9,46.52,0
52322,2022-07-20,3,6,11,26.62,0
82257,2019-06-19,2,3,4,28.39,0
5321,2022-04-14,2,1,10,30.2,0
43623,2023-06-26,1,7,11,2.6,0
26026,2022-05-26,3,8,7,15.45,0
94474,2023-11-18,2,10,10,47.24,0
35685,2019-09-18,1,3,5,44.58,0
42489,2020-11-04,1,8,8,37.76,0
80267,2020-08-01,1,10,11,43.15,0
98560,2020-10-26,2,1,7,2.56,1
57167,2020-03-11,3,9,13,4.67,0
32140,2023-09-22,3,3,1,38.82,0
20265,2021-06-27,1,10,11,3.7,0
59676,2021-10-03,1,2,2,20.95,0
42143,2021-08-11,2,8,8,12.42,0
83323,2023-09-18,2,4,9,21.85,1
78412,2022-07-02,2,10,1,43.28,0
63980,2021-04-22,3,2,13,40.8,0
11175,2019-07-11,2,9,2,46.63,0
34440,2021-01-30,2,2,9,42.49,0
73110,2020-12-24,1,5,2,20.53,0
64114,2019-01-31,2,6,2,49.15,0
64269,2023-02-15,3,3,5,16.67,1
55457,2021-07-12,3,8,10,41.33,0
42329,2020-04-25,3,2,1,9.02,0
91050,2019-05-27,3,10,11,8.95,0
31364,2019-12-27,1,7,9,15.4,0
77707,2021-06-17,2,5,3,33.73,0
84742,2021-04-16,3,7,12,14.48,0
55123,2022-08-06,1,8,8,48.44,0
17012,2023-06-28,2,1,10,5.92,1
94869,2021-05-06,1,7,8,48.34,0
4937,2019-08-21,2,5,1,11.79,0
39834,2023-04-28,1,1,7,3.42,0
33156,2020-10-30,1,10,5,29.98,0
45400,2019-03-01,2,6,7,13.29,0
20366,2019-02-15,3,1,6,3.62,0
89476,2021-09-09,3,5,4,4.68,0
7310,2019-08-27,2,6,11,22.21,0
52856,2019-03-22,1,4,7,28.26,0
73978,2022-01-03,3,1,3,49.39,0
94965,2023-03-31,3,9,3,12.22,0
92395,2020-01-08,2,6,4,3.74,0
73722,2022-01-08,1,3,12,13.47,0
2946,2019-12-30,2,10,7,46.74,1
48812,2021-04-28,3,4,11,42.26,0
95686,2022-06-12,2,6,2,35.38,0
78389,2020-06-21,3,2,2,20.17,0
24986,2022-02-06,1,6,4,47.43,1
50157,2022-02-09,2,7,2,9.66,0
17566,2023-09-26,3,8,1,18.46,0
98122,2019-02-23,1,8,7,8.01,0
716,2023-06-17,3,4,8,6.81,0
71457,2020-06-28,3,1,8,38.61,0
1766,2020-07-31,1,5,3,44.37,0
3964,2020-10-29,3,8,11,13.01,0
86377,2022-08-15,3,7,4,11.59,0
179,2019-07-21,2,2,3,48.72,0
79922,2020-06-17,3,5,10,14.89,0
92668,2019-12-09,2,1,13,38.97,0
63398,2023-02-26,3,7,13,43.63,0
70580,2019-02-27,1,4,7,37.29,0
57228,2023-01-31,3,5,9,47.57,0
81409,2019-01-01,3,2,7,32.98,1
20646,2021-03-18,2,4,10,10.97,0
57730,2019-04-01,2,2,4,8.41,0
14929,2020-07-25,1,3,13,19.5,1
42661,2020-04-21,3,10,10,5.38,0
40087,2022-01-26,1,9,2,22.85,0
10547,2022-08-27,1,8,13,32.85,0
29714,2019-04-22,2,9,6,35.29,1
87399,2020-04-18,3,1,11,35.3,0
19374,2020-08-01,3,3,7,10.24,1
40195,2023-02-12,3,8,10,31.99,0
72984,2021-10-03,1,7,13,40.17,1
52913,2021-12-21,2,2,7,41.59,1
21488,2022-08-14,3,1,13,19.36,0
67440,2023-01-03,1,4,4,6.74,0
16831,2020-09-24,3,9,11,4.57,0
34929,2019-09-14,1,1,13,36.96,0
15905,2020-08-11,1,6,12,46.71,0
51848,2019-06-04,2,10,1,33.72,1
16893,2019-06-24,1,4,13,2.6,0
8955,2023-08-30,3,10,10,41.11,0
36346,2020-05-14,3,10,1,36.5,0
17400,2020-08-21,3,9,6,30.16,0
18279,2019-11-28,1,7,7,49.55,0
89456,2020-11-22,1,1,11,47.43,1
62305,2022-02-23,2,4,6,31.23,0
91132,2023-06-17,3,9,12,10.85,0
65114,2021-12-02,2,6,10,9.01,0
4200,2019-05-19,3,1,6,44.79,0
10861,2020-06-04,2,3,8,21.36,1
19796,2023-08-12,1,1,13,11.37,0
34840,2020-01-08,2,7,5,9.56,0
52352,2020-12-25,1,2,11,40.63,0
80574,2021-11-24,3,9,2,26.69,0
24779,2020-10-15,3,8,12,30.46,0
28747,2021-10-14,2,3,4,24.71,0
81948,2021-07-16,2,9,5,36.51,1
89341,2020-02-20,1,7,8,16.53,0
14184,2023-09-21,1,1,10,4.69,0
79131,2023-04-02,1,4,3,14.71,0
18554,2022-02-12,1,10,7,11.91,1
51583,2021-05-31,2,5,12,8.67,0
14891,2019-05-22,1,10,10,48.66,0
68338,2019-01-16,3,6,2,15.66,1
93162,2019-07-22,1,8,1,25.69,0
3292,2021-04-26,3,5,11,5.7,0
14261,2021-09-01,2,4,12,21.89,0
66342,2023-09-14,3,8,9,40.86,0
71228,2023-08-27,2,5,4,35.78,0
24564,2021-05-21,3,4,2,30.4,0
33037,2022-08-28,3,9,2,40.54,0
16640,2020-09-12,1,7,9,35.58,0
49543,2020-02-02,1,2,5,49.52,0
14013,2019-02-16,1,6,2,33.69,0
70517,2022-08-17,3,5,11,25.62,1
99418,2022-05-08,1,9,4,33.49,1
91769,2022-05-30,2,1,5,2.5,0
62273,2019-06-23,2,9,9,19.4,0
69003,2019-07-31,1,4,11,24.18,0
11010,2020-09-19,1,3,11,14.7,0
97090,2019-02-08,2,8,5,43.87,0
97237,2023-04-08,3,8,8,45.8,0
13849,2023-12-11,1,7,8,7.18,0
27898,2021-01-30,3,10,7,16.05,1
91429,2021-11-12,1,8,6,46.47,1
94479,2023-05-06,1,10,4,42.23,0
44872,2022-04-08,2,7,5,12.14,0
42185,2019-07-01,1,8,13,11.16,0
72679,2022-06-02,2,2,12,17.99,0
44787,2022-07-15,1,2,3,47.84,0
31734,2020-03-01,2,8,3,25.51,0
17906,2021-07-07,1,3,9,35.26,0
33580,2021-03-20,2,6,2,40.51,0
73,2021-07-07,3,4,8,20.25,0
69912,2019-07-29,3,3,8,46.26,1
98664,2023-06-10,1,9,5,24.93,0
97667,2020-11-07,3,5,9,19.45,0
47982,2023-03-22,1,8,10,31.97,0
82591,2020-12-20,1,9,9,33.96,1
37043,2021-08-27,2,7,10,12.08,0
32808,2021-09-26,2,2,1,21.26,0
57547,2023-04-08,3,6,10,22.7,0
22872,2022-11-29,1,3,10,2.9,0
68511,2023-10-30,3,2,2,13.4,0
2130,2020-09-05,3,7,11,35.29,1
54906,2022-03-12,2,6,2,30.69,1
35535,2021-09-07,1,8,5,4.8,0
62711,2021-07-07,2,7,11,15.08,0
53596,2019-01-26,1,9,8,35.23,0
76870,2023-02-07,1,7,5,21.9,1
45033,2019-12-20,1,9,12,42.89,1
86369,2020-01-09,1,9,9,31.32,1
86409,2022-02-13,1,2,4,39.57,1
9355,2020-11-29,1,7,3,16.6,0
1350,2020-08-27,3,4,5,4.81,1
99534,2020-01-31,3,2,3,17.98,0
29124,2022-07-08,1,2,9,31.18,0
31725,2021-11-06,3,8,2,24.84,1
63936,2020-11-24,2,2,13,3.76,0
12932,2023-02-19,1,7,10,41.0,0
5548,2022-11-30,1,5,12,13.53,0
36161,2022-01-01,3,10,5,45.62,1
19203,2019-08-22,3,3,13,26.0,0
51269,2021-02-18,1,9,12,7.29,1
63849,2022-02-02,3,3,5,46.72,0
94398,2022-03-16,1,7,5,31.96,0
90157,2019-10-21,2,4,7,42.45,0
95537,2023-06-20,1,5,1,23.88,0
10247,2019-11-02,1,9,13,38.78,0
91438,2021-07-17,3,8,4,33.29,0
25496,2020-01-07,2,10,4,21.94,0
59741,2020-02-14,1,3,8,22.42,1
49551,2020-03-09,2,1,2,21.38,0
54281,2021-01-29,3,7,3,18.24,1
41332,2019-08-12,2,7,10,30.84,0
77803,2023-05-17,3,7,13,22.73,0
4852,2022-05-25,3,3,9,22.67,1
1486,2023-12-05,3,4,4,19.85,0
30158,2021-09-28,1,2,10,30.03,0
9490,2019-12-05,2,5,9,45.88,0
72401,2020-05-24,2,9,4,49.85,0
53372,2023-04-03,3,3,12,12.41,0
50447,2021-04-17,3,4,6,32.24,0
35854,2022-09-21,2,6,4,16.82,0
34762,2022-06-06,1,6,13,46.58,0
3234,2020-08-13,3,10,1,46.63,0
22969,2019-12-02,3,3,7,16.15,1
69883,2019-08-08,3,9,6,8.79,0
94643,2020-04-08,2,1,13,44.97,0
16363,2020-07-25,3,4,13,22.9,0
83755,2021-04-27,3,3,9,42.33,0
45454,2020-08-06,2,8,8,46.33,0
35358,2023-04-02,3,3,6,29.07,0
10868,2020-10-08,2,1,5,23.38,1
86167,2020-06-29,2,3,7,21.1,0
25758,2019-11-24,3,8,8,26.81,0
9314,2023-12-23,2,1,1,10.05,0
89238,2021-11-20,2,7,9,35.56,0
50353,2023-08-01,2,6,2,49.39,1
83920,2023-02-17,3,9,9,31.69,0
57898,2019-10-22,3,3,1,41.81,0
2244,2022-11-14,3,10,2,49.13,0
20388,2022-12-22,3,4,6,28.32,0
81239,2023-04-24,1,10,4,40.33,0
97289,2023-04-13,1,9,6,43.69,0
33739,2023-07-30,3,2,4,28.83,0
85335,2021-11-03,3,10,8,33.45,1
64304,2021-07-18,2,8,2,19.65,1
91660,2021-06-12,1,10,1,29.78,0
65579,2020-03-11,2,8,9,36.81,0
60462,2020-11-24,3,10,12,14.74,0
81452,2019-12-13,2,9,9,12.68,0
19431,2019-10-23,3,2,5,14.11,0
94780,2022-08-25,2,6,13,6.48,0
58735,2021-10-26,1,1,2,21.09,0
23482,2023-01-04,2,10,7,26.25,0
62760,2023-03-23,1,10,3,40.11,0
88705,2022-10-30,2,8,4,37.2,1
42942,2019-06-29,1,8,1,42.91,0
67111,2019-03-14,2,9,1,29.17,0
41339,2019-07-04,2,5,9,6.77,0
73415,2023-11-27,2,2,2,5.33,0
67226,2019-08-04,1,9,11,27.41,0
36944,2022-08-01,1,1,9,4.93,0
69855,2019-03-16,3,5,3,16.66,0
66529,2023-08-31,1,7,10,45.17,1
58402,2022-11-11,1,8,5,36.93,0
75500,2021-05-20,3,1,9,6.11,0
59601,2021-07-18,3,6,1,42.77,0
68524,2023-09-07,2,9,13,11.11,1
36307,2019-02-07,1,7,10,3.38,0
17442,2022-10-09,2,6,11,48.88,0
13420,2022-07-23,2,7,7,36.41,0
31486,2019-09-08,1,6,10,17.86,1
75032,2021-01-31,2,2,2,24.13,0
93965,2020-12-13,2,5,2,22.34,0
50267,2022-12-25,2,1,12,15.74,0
59806,2020-05-15,1,5,10,31.18,0
75154,2019-05-18,2,4,11,39.0,0
39214,2022-05-08,1,5,10,34.96,1
13189,2021-11-20,2,7,3,12.02,0
56023,2021-06-02,1,8,5,12.66,0
60189,2022-02-20,1,7,13,14.8,0
49047,2019-08-11,3,8,13,13.41,0
63653,2020-03-14,3,4,3,2.84,0
53234,2019-12-28,1,6,9,26.3,0
92866,2022-03-05,1,5,8,45.53,0
34801,2022-03-07,3,6,3,27.05,0
11040,2022-03-09,1,7,8,28.3,0
85443,2023-10-26,1,8,9,28.65,0
36560,2023-03-03,2,2,1,32.97,1
56186,2019-03-16,2,2,6,19.73,1
35238,2019-03-10,2,5,4,30.44,0
85385,2020-08-15,2,5,11,15.57,0
96164,2019-05-20,1,5,13,28.98,1
85417,2023-05-31,2,10,11,21.88,0
87852,2022-08-03,1,9,4,8.89,0
98973,2023-12-03,3,9,7,35.7,0
4841,2020-08-15,1,8,6,48.08,1
43991,2020-03-25,2,6,3,46.41,0
67712,2022-05-25,2,4,9,24.14,0
45283,2020-11-22,2,2,4,17.99,0
72495,2022-09-27,2,9,3,15.07,0
95919,2022-08-05,2,5,7,13.67,0
96915,2019-09-04,2,9,2,14.11,0
10695,2021-05-25,2,2,5,11.94,0
77976,2019-04-02,3,1,12,35.5,0
2887,2023-04-28,2,5,11,30.35,0
31455,2021-12-22,3,10,5,15.38,1
43857,2021-02-07,3,9,12,6.19,0
42955,2020-01-10,2,10,10,42.61,1
5837,2021-05-27,1,6,8,36.54,0
35637,2019-01-23,3,3,3,12.06,1
26775,2022-10-16,1,8,5,3.18,0
14720,2020-05-18,1,6,10,41.07,1
74155,2019-01-20,2,4,12,26.78,0
60680,2019-01-20,2,5,10,16.88,1
23811,2023-08-14,2,9,9,24.95,0
84433,2023-11-19,3,3,2,12.99,0
50136,2022-10-26,1,5,12,8.53,0
42421,2019-06-09,1,8,11,28.74,0
8644,2020-01-17,2,6,12,25.72,0
90467,2021-09-21,1,1,2,17.82,0
69637,2019-06-01,1,4,5,20.37,0
49141,2023-01-24,2,7,7,2.03,0
61237,2019-08-02,1,3,4,30.74,0
97240,2019-07-16,1,6,11,12.0,0
5676,2022-10-24,2,7,10,42.09,0
76495,2020-01-14,3,4,13,23.13,0
18941,2020-02-26,1,2,9,2.5,0
17183,2019-10-31,2,10,13,12.85,0
76369,2023-02-01,2,5,9,5.32,0
57987,2021-08-12,3,9,1,29.26,0
25940,2022-09-02,3,10,6,41.0,0
28554,2021-03-02,3,8,11,11.75,0
66890,2022-09-27,2,3,4,36.78,0
91134,2019-07-18,2,8,6,26.69,1
48380,2023-12-31,2,7,13,20.43,0
17502,2022-09-12,2,3,11,36.48,0
89775,2020-12-13,3,9,3,12.64,0
87947,2020-11-29,2,9,8,23.81,0
29886,2021-04-22,1,9,6,42.52,0
40849,2022-06-17,2,2,6,33.79,0
66970,2019-08-04,1,2,1,19.58,0
2305,2019-08-27,2,6,8,16.09,0
80839,2019-01-09,3,5,12,37.3,0
41122,2021-10-27,3,7,1,44.95,0
30424,2022-06-06,3,6,2,24.64,0
7557,2020-08-06,3,4,1,31.6,0
64889,2019-10-25,2,1,11,32.62,0
75069,2021-11-12,1,4,13,37.11,1
52984,2020-03-02,2,8,3,7.44,0
33964,2023-10-28,3,5,3,24.59,0
87702,2020-02-17,3,1,8,39.15,0
99619,2022-07-14,3,1,13,26.56,0
53039,2019-02-23,3,3,1,7.82,0
58400,2020-02-23,2,5,12,16.34,0
59891,2020-01-12,2,2,3,18.42,1
59274,2022-03-05,3,9,6,29.59,0
21162,2022-10-06,1,1,2,30.58,0
36420,2023-10-10,3,1,5,18.18,0
62727,2021-05-13,3,8,12,25.84,1
60862,2019-07-07,1,7,1,20.37,0
34672,2023-03-05,2,5,4,32.23,0
81997,2019-10-10,2,8,4,28.74,0
92696,2021-09-04,2,2,1,25.76,0
78293,2022-04-01,2,9,9,45.13,1
81828,2019-04-24,2,9,10,30.02,0
49506,2020-01-06,1,2,13,12.97,0
93337,2020-09-21,2,9,6,5.04,0
10549,2021-02-07,1,9,10,18.45,0
47366,2020-06-07,2,3,12,26.07,0
96958,2021-09-03,1,4,6,12.67,0
10386,2019-07-20,2,2,10,41.63,0
65734,2021-05-19,3,8,3,15.96,0
378,2021-01-31,3,3,8,22.98,0
34458,2021-11-04,1,3,2,28.65,0
21301,2019-12-14,2,8,12,6.76,0
18235,2020-06-10,3,6,13,37.97,0
73435,2020-07-06,2,9,9,24.51,0
33631,2019-12-22,2,8,8,27.94,0
38546,2023-03-26,3,7,11,13.11,0
67486,2022-02-08,3,3,3,49.45,0
46955,2020-11-01,3,10,1,15.5,0
67183,2019-01-23,1,10,11,31.35,1
16719,2022-04-18,1,1,7,6.66,0
25032,2023-11-17,3,7,13,30.08,0
28793,2022-05-06,1,2,11,28.35,0
39537,2020-02-14,3,8,6,12.5,1
44800,2020-06-23,3,9,7,13.05,0
28662,2022-06-18,3,2,3,34.82,0
99194,2020-11-10,3,4,9,15.92,0
46155,2020-02-03,1,4,9,12.37,0
18859,2023-09-23,2,2,13,10.4,0
77647,2019-11-07,2,6,1,31.84,0
70576,2020-10-11,3,8,5,12.86,0
97348,2022-02-02,2,10,5,4.77,0
46510,2022-09-25,3,9,11,17.58,0
39288,2019-01-07,2,3,1,18.86,0
16185,2022-08-11,2,1,6,39.31,0
88130,2020-07-10,3,8,4,40.7,1
11030,2020-04-16,3,7,13,23.11,0
35935,2021-05-29,2,1,13,32.75,0
42628,2019-03-22,2,1,6,31.18,0
9534,2022-06-10,3,2,13,25.27,0
81754,2023-04-05,1,2,5,13.4,0
66139,2019-04-07,1,6,11,43.1,1
55490,2021-10-16,1,9,5,3.91,0
4212,2022-11-06,3,7,5,33.16,1
44781,2021-01-06,3,8,11,39.09,0
48740,2023-04-18,2,8,6,46.89,0
31127,2021-03-17,1,10,9,23.63,0
25856,2021-09-17,2,10,8,25.2,0
62510,2019-10-11,2,1,1,13.04,0
17538,2020-06-18,2,5,5,19.39,0
72175,2020-05-23,1,5,5,12.23,0
84080,2023-06-27,2,4,13,26.43,0
64014,2020-12-21,2,5,10,9.69,0
59442,2023-01-11,1,1,9,37.01,0
72079,2020-11-27,1,10,6,48.77,0
22757,2020-12-31,3,10,4,46.2,0
7841,2023-08-24,3,1,8,19.42,0
77413,2020-11-07,3,6,2,8.59,0
87574,2021-10-18,1,5,1,38.44,1
81337,2023-08-17,2,10,3,30.58,0
35553,2020-02-16,2,10,13,48.13,0
63767,2022-12-23,2,4,12,26.15,0
18248,2022-11-11,3,1,1,20.59,1
60002,2023-05-31,1,4,13,15.67,0
7280,2020-07-07,2,2,9,8.04,0
23754,2023-07-20,1,6,7,14.38,0
13956,2020-10-12,3,10,3,9.3,0
19926,2020-12-15,1,10,11,18.83,1
77484,2021-04-28,1,6,2,10.32,0
82162,2022-03-09,3,4,5,39.31,0
48697,2019-08-06,1,1,6,3.84,0
60445,2023-04-08,1,3,7,4.0,0
41104,2020-02-15,1,4,3,15.63,0
86582,2021-08-11,3,10,12,23.39,0
42550,2020-11-11,3,10,10,11.9,0
75393,2023-03-28,3,8,9,48.02,0
79150,2021-10-17,2,9,12,2.07,1
65509,2020-08-23,2,6,5,17.3,0
27391,2022-03-17,3,5,10,41.81,1
13720,2020-01-15,3,7,8,18.01,1
71817,2019-07-28,2,5,9,42.36,1
88602,2020-11-18,3,3,11,25.03,0
33915,2020-05-17,2,9,4,10.62,0
90663,2022-01-25,3,8,8,28.06,0
5883,2020-03-19,2,1,4,48.94,0
2717,2023-12-26,3,3,8,24.58,1
9439,2022-06-05,3,4,13,10.94,0
62436,2019-09-04,3,7,12,8.89,0
65544,2021-05-26,1,6,7,34.71,0
28479,2023-03-15,2,3,13,47.6,0
37911,2021-12-04,2,7,8,26.53,0
79276,2022-10-15,1,1,6,18.7,0
20164,2022-09-14,2,7,11,11.77,0
24584,2021-08-25,2,6,2,48.9,1
94741,2023-05-20,3,8,8,30.11,0
9368,2021-02-10,1,2,7,26.92,0
82303,2022-07-27,3,2,3,20.96,0
5795,2019-12-22,3,5,2,46.82,0
72551,2020-11-28,1,2,7,41.98,1
46054,2020-05-22,3,5,5,16.4,0
2313,2022-03-07,1,3,4,13.45,0
93809,2020-10-15,2,8,9,2.8,1
21715,2021-03-26,3,2,3,34.78,0
57303,2021-06-10,2,10,8,29.52,0
4230,2021-07-05,1,8,6,4.58,0
81255,2019-01-19,1,10,2,18.87,1
18843,2019-02-24,1,10,7,47.23,0
57811,2022-08-07,3,5,10,15.26,0
4888,2023-04-04,2,5,2,24.45,0
25819,2021-11-09,3,3,11,5.58,0
51518,2021-08-09,2,8,3,39.64,0
37732,2019-04-01,1,7,10,19.07,1
13741,2020-11-03,1,9,5,21.0,0
99313,2020-05-16,2,3,7,18.99,0
83778,2020-02-13,3,7,9,29.01,0
92912,2021-05-25,1,8,9,36.66,0
1825,2023-10-17,2,4,5,6.88,0
96855,2022-11-01,1,2,7,6.74,0
99137,2023-09-23,1,9,2,7.82,0
27457,2020-12-07,3,1,7,9.64,0
32397,2019-06-23,1,6,2,16.72,0
33884,2021-05-08,3,4,13,25.22,0
7387,2021-10-11,3,1,5,17.93,0
27975,2023-10-11,1,4,7,40.85,0
72370,2022-05-02,1,10,11,11.05,0
19545,2022-05-08,3,1,5,20.62,0
62103,2019-01-25,3,5,4,9.08,0
27200,2021-12-02,2,8,5,25.38,0
23080,2019-07-16,2,10,3,43.34,0
31679,2019-01-26,1,7,6,49.65,1
42133,2019-10-26,2,9,8,7.96,0
40389,2019-07-17,3,2,1,19.07,0
54361,2019-05-25,3,8,3,6.01,0
87187,2020-06-16,1,1,7,14.24,0
16447,2019-08-22,1,4,8,11.46,1
66186,2020-08-30,1,3,8,5.85,0
29160,2023-04-19,1,5,7,27.68,0
45302,2021-09-30,2,7,9,17.58,0
53077,2020-12-09,2,4,8,35.63,0
63238,2020-05-18,2,2,13,29.41,0
75574,2019-11-30,1,4,3,14.61,0
32782,2021-03-22,3,3,2,32.21,0
76275,2023-08-18,2,10,5,23.93,0
31018,2019-03-24,2,6,9,20.03,0
4165,2021-03-19,2,6,2,5.92,1
48823,2023-08-26,1,5,5,31.21,1
272,2022-06-25,1,8,7,8.85,1
69513,2021-04-12,2,3,8,42.23,0
68493,2023-01-11,2,5,1,10.25,0
58788,2019-10-03,3,8,10,34.35,0
15562,2020-02-09,1,7,4,31.63,0
15929,2021-10-15,3,10,2,31.72,0
97578,2021-03-29,3,3,4,34.7,0
64776,2021-03-04,2,1,9,16.09,0
75112,2022-09-16,2,2,7,23.69,0
2012,2021-07-19,3,3,3,9.47,1
53747,2023-03-01,2,2,10,44.29,0
98396,2021-11-30,3,5,8,17.63,0
17173,2023-09-25,3,4,1,31.74,0
98671,2020-07-29,1,9,10,26.34,0
48149,2019-01-17,2,5,1,16.39,1
3839,2022-09-16,3,10,2,28.88,0
37509,2020-12-11,3,9,4,49.24,0
78454,2022-11-09,2,10,10,18.94,0
67695,2022-12-21,1,8,4,19.06,0
26403,2021-12-03,1,8,1,49.18,0
12199,2020-10-27,3,7,6,7.6,0
94938,2022-04-13,3,9,11,49.12,0
92273,2023-06-04,3,3,13,36.66,1
47453,2022-06-22,2,5,4,3.95,0
36435,2023-05-10,1,6,4,17.43,0
78754,2021-06-03,1,4,8,29.8,0
30615,2023-08-13,2,1,5,13.6,0
37572,2019-09-25,1,2,11,46.84,0
63116,2023-01-20,2,4,10,47.06,1
2033,2023-04-05,2,1,12,34.05,0
60543,2019-10-16,1,2,1,5.41,1
32567,2019-04-07,1,1,9,40.29,0
51302,2022-09-02,3,10,7,2.89,0
72612,2020-09-15,1,6,6,5.36,0
74992,2022-05-22,1,10,8,15.05,1
74270,2021-02-24,1,5,2,19.44,0
27570,2020-03-17,3,3,3,18.58,0
61330,2023-10-31,3,2,9,39.49,0
8102,2021-06-18,1,6,13,43.26,0
66742,2020-08-16,3,1,4,25.89,1
51760,2021-05-16,3,3,6,8.08,1
4898,2022-06-15,3,7,10,15.35,0
90465,2023-08-12,3,7,2,48.57,1
80500,2023-05-01,2,1,10,36.15,0
48761,2021-09-02,3,9,10,2.33,0
76128,2020-04-14,3,4,4,41.26,0
85945,2023-10-31,2,1,12,30.05,0
52617,2022-05-20,3,4,11,27.24,0
63373,2023-04-26,2,4,13,46.46,0
11474,2021-08-09,1,4,6,35.39,0
50577,2023-06-27,1,1,4,49.17,0
96766,2020-09-20,1,8,4,21.43,0
74643,2020-07-13,3,9,7,42.95,0
2835,2023-06-26,3,1,4,10.45,0
89823,2022-10-09,2,8,12,36.79,0
47668,2019-12-12,2,8,5,19.19,0
54850,2020-02-08,3,5,10,20.53,0
34977,2023-01-07,2,4,9,22.72,0
58431,2019-02-26,3,1,1,34.03,0
24882,2022-07-25,2,7,3,23.42,0
69048,2023-11-06,3,10,13,43.51,0
32135,2020-09-16,2,7,10,41.52,0
15438,2023-12-06,3,3,3,36.78,1
63736,2020-04-28,1,3,8,35.84,0
14035,2021-11-17,1,3,7,48.63,0
29376,2019-07-29,2,9,10,34.52,0
45813,2021-02-24,3,4,5,42.73,0
42105,2023-03-11,1,8,13,41.44,1
54510,2023-02-18,2,3,8,38.08,0
25607,2022-08-07,3,5,1,32.22,0
17854,2023-12-30,1,1,12,29.92,0
16768,2022-09-08,3,1,7,19.68,0
48696,2019-09-20,3,5,1,33.83,1
82584,2019-05-30,1,6,10,14.62,0
64883,2021-07-06,3,3,8,17.87,0
80595,2021-08-16,2,4,12,46.29,1
49576,2022-02-14,3,2,1,18.56,0
4416,2023-04-24,1,2,4,22.01,0
23263,2019-03-26,1,7,1,40.5,1
30690,2020-11-11,2,3,9,42.53,0
45869,2023-07-27,1,10,4,18.9,1
19075,2022-02-12,2,8,2,41.22,0
97617,2020-11-10,3,1,4,35.76,1
65092,2021-02-17,1,4,7,29.87,0
83235,2021-06-29,1,3,3,10.24,0
24070,2019-04-04,1,9,7,38.58,0
12229,2023-02-18,3,1,13,17.77,0
883,2019-12-08,2,6,3,17.93,0
20012,2021-06-24,1,3,7,19.36,1
2741,2021-03-16,3,3,5,39.42,0
79330,2020-12-21,2,10,8,26.88,0
67948,2023-05-03,1,10,4,8.55,0
75267,2019-02-19,3,3,1,31.25,0
68750,2022-02-01,1,9,3,29.37,0
76184,2019-07-25,3,4,1,44.64,0
54215,2023-02-09,1,6,13,47.26,0
5975,2021-08-21,1,8,4,7.25,0
23384,2019-02-22,2,5,10,40.48,1
8067,2022-09-05,3,3,7,42.98,0
69346,2020-01-08,1,9,13,42.53,0
6874,2020-11-22,1,8,4,15.41,0
18924,2020-11-14,1,9,7,27.39,1
48426,2021-03-19,3,1,12,12.97,0
91177,2022-06-01,1,5,4,19.95,0
82137,2021-02-05,3,10,7,19.42,0
1238,2021-05-02,2,8,13,34.3,0
27163,2020-11-21,2,9,13,32.85,0
58579,2022-03-27,2,1,12,16.7,0
31669,2020-01-28,3,4,3,10.72,1
95735,2022-07-17,1,3,2,28.35,0
42606,2022-10-15,3,3,13,20.18,0
89249,2019-10-06,1,2,10,2.05,0
8844,2020-06-07,3,6,7,26.12,0
65471,2023-07-25,2,2,6,25.46,0
68059,2019-10-07,3,5,6,5.87,0
84929,2023-01-17,1,10,10,43.26,0
16959,2020-01-09,1,2,10,27.58,0
33611,2023-05-30,1,7,4,16.59,0
92441,2020-03-20,1,5,5,45.5,0
22588,2023-01-02,3,9,4,16.43,0
70193,2023-06-08,3,3,1,19.33,0
53779,2019-08-27,1,5,3,8.64,0
15576,2022-12-07,2,3,7,32.91,0
35375,2020-10-15,1,6,3,27.47,1
32277,2020-01-10,2,5,1,44.17,0
79230,2023-02-07,3,1,10,44.7,1
62444,2021-01-23,3,2,1,30.11,0
81758,2019-03-22,3,1,13,22.54,0
16156,2023-05-11,2,10,1,6.59,0
42992,2023-06-29,1,1,5,4.65,0
39625,2022-06-05,3,4,8,37.33,0
30151,2022-02-15,3,1,1,40.17,0
54853,2020-03-30,1,7,5,25.48,0
56783,2019-08-06,1,5,6,24.14,0
84581,2022-02-04,3,9,7,12.02,0
65901,2022-03-01,3,7,12,36.97,0
3392,2022-03-21,2,8,8,16.41,0
2815,2022-02-21,1,10,12,44.39,1
99758,2020-12-07,1,4,2,7.54,0
26382,2023-11-06,3,1,8,25.43,1
45864,2022-09-10,1,2,9,49.54,0
15228,2021-12-21,2,7,2,16.62,0
81711,2023-07-23,2,10,1,3.66,0
18137,2022-06-24,1,6,11,42.45,0
50451,2021-03-24,1,8,11,20.46,0
6484,2021-08-13,3,6,3,9.91,0
80466,2020-02-17,1,3,11,18.74,0
47928,2021-07-14,3,10,8,31.38,0
68331,2022-08-30,3,5,13,8.9,0
70608,2021-09-07,1,8,1,23.77,0
48620,2019-08-09,1,1,3,4.83,0
81074,2021-05-14,3,7,1,41.65,0
59286,2022-09-03,2,5,9,28.07,0
18762,2023-06-18,3,2,4,41.38,0
87606,2021-07-03,1,5,2,38.54,0
36164,2023-09-10,2,5,12,40.84,0
4125,2023-01-18,1,2,11,24.61,1
87453,2021-10-05,1,4,9,36.83,0
32204,2021-04-04,2,6,10,25.51,0
51832,2022-09-13,1,7,4,29.51,0
39939,2022-04-29,3,8,11,15.07,0
40942,2022-05-20,2,9,12,9.61,0
39969,2023-12-05,2,3,8,13.23,1
62555,2021-03-23,2,10,1,6.24,1
19407,2023-08-14,1,6,4,11.48,0
55707,2021-08-13,2,1,9,18.76,0
2183,2019-06-21,2,3,2,17.89,0
38834,2022-06-11,2,7,10,14.4,1
1704,2021-02-02,1,6,3,28.69,0
37437,2019-09-25,2,5,10,5.75,0
52870,2020-08-01,3,10,3,13.47,1
82201,2021-10-30,1,5,5,41.23,0
75591,2021-05-27,1,8,8,12.81,0
99216,2020-11-15,1,9,12,20.87,0
57071,2023-05-28,2,5,9,34.47,0
87783,2019-01-31,2,7,6,35.4,1
15452,2023-09-16,2,8,7,38.18,1
15367,2021-10-07,2,7,11,45.65,0
98628,2019-02-04,2,6,5,22.69,0
49072,2019-07-31,1,2,3,5.54,0
42267,2020-09-02,3,4,13,24.42,0
71626,2022-05-12,3,9,5,41.14,0
96724,2023-10-06,3,2,7,24.13,0
62969,2022-10-10,3,8,2,28.62,0
72751,2023-11-16,3,6,3,7.58,0
15493,2023-06-03,1,10,8,22.0,1
50094,2020-06-24,1,4,2,27.49,0
95549,2021-04-18,1,10,8,24.73,0
82710,2020-03-15,3,5,3,43.37,0
44498,2021-08-14,1,1,10,13.53,0
7742,2020-09-08,3,7,4,12.87,0
79667,2020-08-02,1,6,1,4.15,0
68322,2023-01-14,3,7,2,42.13,0
22590,2021-04-10,1,10,7,12.45,0
43088,2019-09-30,2,9,1,24.94,0
45968,2019-05-03,2,5,4,48.56,0
95972,2019-01-24,1,7,1,47.2,0
46191,2020-05-01,1,10,6,42.32,0
59415,2020-12-15,2,10,7,16.36,0
37305,2020-10-25,3,1,10,27.84,0
30416,2019-03-06,1,3,12,26.93,0
55050,2020-03-12,3,7,13,7.63,0
27694,2020-03-20,2,10,8,5.85,0
39924,2023-01-02,3,3,10,6.98,0
51239,2023-06-16,2,5,7,12.6,0
27424,2020-03-01,3,4,6,42.72,0
45582,2022-03-08,1,8,13,25.86,0
97184,2020-02-13,1,3,7,36.43,0
69724,2021-07-03,3,6,7,21.25,0
60369,2020-07-07,3,9,7,5.4,0
16708,2019-06-08,3,7,9,21.02,0
10190,2023-10-30,3,4,12,41.47,0
91886,2019-04-12,1,7,10,28.48,0
98304,2023-02-21,1,4,5,33.79,0
25550,2019-10-24,3,7,4,44.98,1
97157,2023-10-15,1,8,4,33.35,0
74878,2021-04-06,3,3,12,20.24,0
81139,2022-11-24,1,7,9,18.26,0
79239,2020-12-03,1,9,8,46.87,0
27963,2022-12-24,3,7,13,31.67,1
39202,2020-07-29,2,5,5,37.98,0
61463,2023-06-19,2,4,10,30.04,1
40474,2021-08-06,3,10,13,6.77,1
27890,2019-05-03,2,7,1,41.7,0
63294,2020-08-21,3,3,11,30.18,1
44029,2019-07-01,3,2,13,43.13,1
97004,2020-10-24,1,4,5,2.74,1
32667,2019-10-29,1,2,2,20.73,0
71783,2019-01-07,1,9,10,9.88,0
82312,2019-05-19,3,9,8,48.96,0
84716,2019-11-10,2,10,10,23.74,0
57983,2019-03-17,1,7,3,15.26,0
5782,2022-11-20,1,3,10,31.34,0
67206,2023-05-11,2,1,5,44.53,0
57473,2021-02-24,2,3,11,29.34,0
36939,2022-09-04,2,3,1,16.48,0
35251,2022-10-22,3,10,4,28.76,0
87250,2021-09-08,1,4,7,44.31,0
84103,2021-01-03,3,7,1,16.16,1
48064,2023-09-10,2,5,1,23.53,1
81045,2021-12-06,2,5,5,41.61,0
40447,2020-02-18,1,9,10,21.24,1
3182,2022-05-08,3,8,6,18.23,0
36312,2022-05-17,3,2,8,27.09,1
44289,2021-04-20,1,5,7,2.53,0
88950,2019-03-22,1,6,8,31.84,0
49832,2023-02-21,1,6,2,25.49,0
29180,2021-08-12,1,8,7,22.56,0
8458,2023-10-22,3,3,10,20.59,0
74271,2022-08-29,2,4,5,36.89,1
4295,2020-04-15,1,9,2,38.69,0
41053,2021-10-20,2,4,13,3.68,0
32466,2019-12-21,1,7,8,34.73,0
26008,2023-08-27,3,10,1,20.95,0
83727,2022-09-15,3,4,9,30.02,0
84814,2023-01-10,3,4,1,41.5,0
76489,2023-12-19,3,5,10,15.42,0
59025,2022-05-06,2,5,6,10.64,0
27191,2019-05-12,2,3,13,43.25,0
68170,2023-08-06,1,4,2,33.97,1
4211,2023-11-29,3,8,1,38.74,0
87645,2022-01-14,3,6,4,49.11,0
10419,2020-09-20,1,6,8,49.53,0
91515,2020-11-20,2,3,10,6.93,0
16083,2020-03-13,1,9,6,45.28,1
14304,2019-10-07,1,8,3,14.0,0
26399,2021-05-20,1,3,13,9.02,0
54792,2022-12-26,3,8,11,15.76,0
83912,2021-02-17,1,7,12,49.26,0
15097,2021-06-18,2,1,7,8.02,0
6470,2023-06-20,2,6,8,5.59,0
79611,2023-06-24,3,2,3,29.47,0
53636,2019-07-07,3,5,4,44.45,1
54738,2021-09-07,1,2,10,38.85,0
9378,2020-08-04,2,6,5,34.38,1
57268,2021-03-18,2,6,1,30.91,0
64872,2022-09-07,2,1,12,25.64,1
69609,2023-03-16,1,5,6,44.87,0
24261,2022-09-22,1,9,11,47.38,0
42400,2022-06-01,2,8,5,45.09,1
53471,2020-08-10,2,9,11,17.03,0
33757,2022-09-13,1,2,10,13.62,0
90599,2020-12-07,2,5,8,18.74,0
3932,2021-06-30,1,3,7,48.57,0
63041,2020-07-17,3,7,13,13.26,0
6293,2021-03-06,2,6,8,22.38,0
18643,2022-06-30,3,7,11,44.01,0
17401,2021-04-16,2,9,5,35.07,0
26529,2019-10-27,1,1,6,42.01,1
12335,2020-05-23,1,1,13,26.36,0
14942,2023-04-29,3,7,11,32.41,0
64071,2021-08-02,2,4,11,43.48,0
13398,2022-11-07,3,9,10,48.01,0
43091,2021-05-27,1,4,11,13.1,0
19428,2022-12-05,1,9,10,40.73,0
20690,2020-06-21,1,3,6,5.72,1
78489,2020-07-03,1,1,8,39.12,0
2228,2022-05-23,2,9,10,39.82,0
55180,2020-11-04,3,6,10,13.67,1
46026,2019-09-02,2,5,12,30.3,0
28063,2019-02-19,3,5,5,4.09,0
40957,2020-03-25,1,1,12,49.56,0
61181,2019-05-07,1,1,12,6.66,0
56455,2023-04-18,2,9,7,41.09,1
83838,2021-11-13,2,6,11,36.28,1
59378,2019-11-21,3,9,1,46.29,0
97453,2019-01-01,2,10,1,49.05,0
32641,2019-03-09,1,2,1,23.07,1
51959,2021-05-30,3,4,6,31.2,0
54962,2022-09-23,3,4,13,30.77,0
88222,2023-10-08,3,2,3,40.91,0
15099,2022-05-08,2,2,10,40.08,0
28437,2022-06-24,2,3,8,11.82,0
90047,2023-07-17,2,10,7,49.01,0
56047,2021-09-27,3,10,1,11.71,0
54319,2023-03-16,1,2,3,4.24,0
37963,2023-02-20,2,3,7,47.56,0
23731,2022-04-14,1,2,6,13.07,0
93850,2022-06-01,2,4,13,38.94,0
48814,2023-12-28,1,6,4,12.1,0
68247,2020-10-11,3,9,3,44.04,0
88083,2019-03-22,3,8,10,4.25,0
81885,2021-01-08,2,10,2,15.56,0
32546,2023-03-14,1,4,6,27.69,1
6683,2021-01-20,1,2,11,2.49,1
84255,2022-05-03,1,4,7,38.64,1
97768,2020-02-23,2,6,1,49.16,0
98079,2020-05-02,1,10,4,5.65,0
86067,2020-07-21,3,7,4,18.74,0
24733,2023-12-26,2,8,13,13.02,0
35948,2021-08-04,2,5,7,39.96,0
64263,2020-06-12,3,10,10,11.15,0
73842,2022-03-21,2,1,6,19.76,0
18210,2023-01-06,1,3,11,7.63,0
85696,2022-03-28,2,9,9,16.88,0
1224,2020-08-26,3,10,5,31.57,1
47095,2019-08-17,2,5,7,5.54,0
22830,2023-01-21,1,4,12,29.24,0
22058,2019-01-30,3,7,3,3.98,0
17553,2022-09-09,1,5,8,33.68,1
71261,2020-08-19,2,2,3,15.57,0
60092,2021-02-02,2,9,11,16.13,0
19980,2020-08-04,1,4,6,9.4,0
2365,2019-08-05,3,2,1,14.71,0
37613,2023-10-08,2,9,1,33.86,0
94261,2023-09-17,1,1,9,30.64,0
87071,2020-06-22,2,5,10,26.02,1
44935,2020-11-08,3,5,4,10.7,1
69432,2021-08-08,2,3,12,15.67,0
96003,2019-01-28,1,2,12,16.6,0
4487,2019-01-25,1,3,8,10.15,0
38050,2019-05-10,3,10,11,9.87,0
99231,2020-09-27,3,9,3,40.11,0
32231,2021-02-12,3,4,8,25.07,0
23088,2021-08-21,2,7,7,4.21,0
76974,2021-06-08,3,8,5,38.97,0
74356,2019-03-13,2,4,5,2.29,0
70855,2020-09-06,3,10,11,38.89,0
25459,2022-09-19,1,6,6,41.82,0
16946,2021-01-07,1,8,9,21.89,0
59303,2020-11-13,1,10,2,21.16,0
69755,2023-09-23,2,2,1,29.27,0
66106,2022-04-06,2,5,11,22.29,0
39298,2019-01-27,3,7,11,40.17,0
92563,2019-01-26,3,2,8,19.82,0
73196,2019-05-06,3,5,1,42.02,0
71868,2022-10-14,2,6,13,25.1,0
94477,2023-05-17,2,5,2,7.0,0
81798,2019-04-08,1,1,2,13.39,1
4384,2019-05-04,3,6,12,21.51,1
67919,2021-04-18,3,8,10,47.21,0
61648,2019-09-26,1,5,6,15.85,1
26789,2022-02-26,3,1,11,42.22,1
6490,2021-08-09,2,7,11,21.15,1
28962,2022-04-22,1,8,4,18.52,0
82049,2022-09-02,1,9,13,14.24,0
45923,2023-03-30,3,4,3,25.84,0
89678,2022-01-07,1,7,4,6.81,0
44209,2023-09-06,2,6,3,37.57,0
50253,2023-08-23,3,9,11,26.49,0
39410,2023-05-19,3,2,12,38.56,0
67121,2019-02-06,1,5,5,41.93,0
80752,2023-03-22,3,10,2,8.61,0
58447,2021-09-22,1,10,5,40.39,0
23627,2021-06-05,2,3,11,40.21,1
88562,2023-11-04,3,8,3,35.46,0
10212,2021-07-07,3,8,5,3.68,0
80390,2023-08-05,2,5,9,26.55,0
17605,2023-11-26,3,3,8,21.04,0
6801,2020-05-22,1,9,4,35.21,1
67402,2019-11-04,3,1,10,39.03,0
95723,2023-08-03,1,9,13,25.29,1
17128,2019-08-29,2,4,13,48.89,0
19337,2023-11-07,1,3,4,43.26,1
20489,2021-04-18,2,8,6,27.75,0
14059,2023-06-09,2,4,3,27.12,1
23623,2023-09-09,1,6,5,46.02,0
60353,2022-03-09,1,8,2,39.84,1
50646,2021-06-17,1,5,3,14.66,0
49538,2021-04-23,3,5,10,7.84,0
68963,2020-05-22,3,2,11,24.21,0
44017,2022-03-04,3,4,9,16.56,0
6345,2019-10-08,1,6,12,14.74,0
10701,2021-09-06,2,2,9,26.15,0
39720,2023-07-10,1,10,7,16.27,0
57270,2020-05-07,2,7,10,5.78,0
80132,2020-02-03,1,2,12,15.31,0
47152,2022-04-08,2,1,10,30.18,0
40537,2021-05-04,1,10,2,43.78,0
39069,2021-04-13,1,6,13,46.79,0
58988,2022-12-02,3,5,3,5.62,0
39995,2023-05-12,1,4,4,38.61,0
41962,2019-03-17,1,5,12,27.2,0
69981,2022-10-03,2,1,12,4.38,0
46655,2020-03-28,1,1,5,8.7,0
48817,2023-03-27,2,4,12,26.59,0
32222,2019-01-04,3,3,10,28.2,0
23994,2019-06-27,2,3,4,43.02,0
89457,2020-03-30,3,3,13,28.05,0
10812,2022-06-14,3,10,3,46.15,0
7880,2023-01-03,1,8,1,30.57,0
21219,2021-11-29,3,6,1,34.45,0
18479,2023-10-02,1,6,9,26.86,0
11952,2021-11-01,1,2,13,20.32,1
66126,2023-05-25,2,9,9,48.65,0
55606,2020-09-04,2,5,12,32.92,0
89136,2021-02-09,3,8,10,28.36,0
5125,2020-08-19,1,10,1,25.3,0
49690,2022-09-24,1,1,12,15.05,0
71272,2023-02-15,1,8,13,15.53,0
59902,2020-09-17,3,5,12,12.5,0
35608,2022-12-25,2,2,7,31.97,0
75825,2023-08-21,2,10,1,43.19,0
12020,2020-11-15,3,4,12,23.92,0
90121,2019-09-08,3,8,6,14.07,1
20670,2020-02-08,3,4,6,6.88,0
2728,2020-07-20,1,10,9,7.44,0
8385,2020-06-16,1,6,1,42.06,0
52872,2020-08-07,1,1,4,28.56,0
50992,2022-03-05,1,4,5,8.71,0
30096,2019-11-06,1,7,2,10.76,1
902,2023-09-26,3,7,10,45.91,0
82700,2023-08-22,2,9,11,35.83,0
3148,2021-04-12,3,9,1,17.31,0
12269,2023-03-13,3,5,3,23.94,0
29682,2022-07-18,3,2,4,4.69,0
59028,2019-12-16,2,9,3,38.39,0
60720,2023-02-25,3,3,10,43.6,0
64113,2019-10-16,2,4,1,37.85,1
36195,2021-04-18,2,10,7,30.7,0
3312,2020-03-08,2,6,6,26.94,1
72199,2023-02-14,1,4,4,47.44,0
1557,2019-09-22,2,4,9,42.11,0
6927,2023-04-01,3,8,6,2.4,0
16519,2023-07-14,2,1,13,43.77,0
6639,2021-01-25,3,7,7,43.28,0
96316,2019-11-19,1,3,9,26.14,0
3979,2022-11-15,2,6,3,38.26,0
20536,2021-04-20,3,3,7,10.53,0
51170,2022-12-08,1,2,9,7.63,0
1828,2019-07-08,1,9,10,20.7,0
98882,2022-02-22,3,2,8,22.52,0
95195,2022-04-11,1,5,8,32.25,1
41209,2019-02-26,1,5,12,45.01,1
24613,2019-04-30,2,9,9,21.25,0
6571,2023-03-29,1,10,9,26.98,0
4497,2021-11-18,2,1,4,37.82,0
65824,2019-12-17,2,4,9,41.61,0
88392,2019-11-09,2,1,7,42.72,0
45261,2019-02-04,2,4,3,9.49,0
39719,2022-11-09,2,2,1,19.66,0
52175,2019-11-18,2,10,2,40.44,0
33262,2019-04-15,2,1,10,27.4,0
60971,2021-08-15,3,9,13,17.55,0
74418,2022-04-07,2,1,11,17.24,0
64615,2020-12-31,2,2,4,16.58,1
84357,2020-11-30,2,1,8,34.76,0
47728,2021-04-19,3,4,7,31.2,0
37753,2019-05-20,2,8,10,43.4,0
69925,2022-12-15,2,7,2,4.21,0
45052,2019-04-21,3,7,2,36.7,0
70108,2021-11-28,1,4,13,6.61,1
26188,2021-02-23,3,10,5,22.13,0
25601,2023-05-13,1,5,2,32.12,0
85173,2019-07-03,3,4,5,27.93,0
32379,2022-06-30,3,5,3,34.14,0
26076,2020-10-08,1,5,2,10.78,0
40801,2021-12-14,3,2,4,41.22,0
58487,2021-04-19,3,5,10,37.65,0
53568,2020-07-13,2,8,10,39.05,0
64927,2020-01-24,3,3,2,3.51,0
23891,2021-02-17,1,10,9,20.9,0
53573,2022-05-04,3,6,10,7.5,0
26062,2023-03-22,1,9,1,24.11,0
7615,2019-11-26,2,4,1,26.7,0
76280,2022-07-18,3,8,11,34.3,0
69116,2019-03-06,3,6,4,22.05,0
85596,2022-06-01,1,8,8,38.43,0
4507,2022-10-18,1,10,7,44.17,0
7646,2020-12-21,1,9,3,4.05,0
28496,2023-01-04,2,9,1,8.58,0
41532,2019-06-06,2,4,2,17.36,0
43717,2019-08-14,2,5,13,19.42,0
92502,2021-09-18,1,4,2,26.46,0
3009,2020-05-05,1,3,12,3.69,0
96688,2019-02-01,2,6,5,24.89,0
84842,2023-01-03,2,3,5,34.55,0
60296,2019-03-17,1,5,11,46.36,0
88530,2019-04-10,2,7,5,18.45,0
18447,2020-03-27,3,6,6,49.56,0
46195,2019-05-13,1,7,13,18.54,0
40193,2022-11-02,2,2,4,4.89,1
74117,2023-12-12,2,7,1,9.58,1
82024,2023-12-15,2,1,11,30.02,0
79703,2021-01-25,1,5,11,15.74,0
52949,2022-02-04,3,10,6,22.46,0
53669,2022-08-02,3,7,2,44.21,0
14747,2022-06-04,1,9,13,35.53,0
87838,2022-12-23,2,1,5,40.41,0
2005,2023-12-07,3,4,4,9.74,0
68631,2019-11-15,3,4,7,26.59,0
43518,2022-04-25,3,3,13,31.46,0
33708,2023-03-15,2,2,6,40.99,0
74068,2021-08-22,3,2,5,16.01,0
6587,2021-01-13,2,9,4,36.81,0
83001,2020-09-07,1,10,7,2.09,0
16045,2023-02-28,1,6,5,2.23,0
42410,2022-03-03,3,4,5,3.15,1
32054,2020-11-10,2,9,10,34.3,0
1684,2021-01-15,3,4,8,25.96,1
70859,2022-11-18,2,1,4,25.25,0
45111,2019-09-25,2,5,13,46.88,0
51972,2023-03-11,3,8,9,13.16,0
65294,2021-05-30,2,8,13,10.67,0
6992,2023-09-25,2,10,11,15.66,0
80477,2019-07-19,3,3,2,29.81,0
92664,2019-01-05,3,7,4,19.58,0
67328,2019-04-03,1,7,8,49.66,0
16680,2020-09-07,2,4,7,19.46,1
8965,2023-01-19,2,10,2,48.24,0
36136,2021-12-06,1,8,6,47.05,0
85010,2020-03-28,2,6,4,49.02,0
79817,2022-08-20,2,9,6,3.92,1
44049,2020-05-23,2,6,8,25.08,1
32237,2020-02-27,2,2,3,13.61,0
76007,2021-01-04,2,2,2,20.67,0
42111,2019-12-21,3,7,10,18.74,0
65930,2023-04-14,2,7,6,43.42,0
77763,2019-01-05,3,1,6,44.44,0
85027,2021-09-25,3,9,10,3.14,0
77730,2021-01-06,2,4,12,27.49,0
26179,2021-08-04,3,3,1,20.47,0
211,2020-02-21,1,8,12,14.46,0
80324,2020-09-12,2,4,3,22.03,0
98685,2019-08-04,3,1,6,8.19,0
3320,2023-03-09,3,5,3,26.77,0
74911,2019-10-14,3,6,4,10.0,0
85613,2019-02-21,1,2,9,21.54,0
8615,2021-06-29,1,3,4,25.91,0
60259,2021-02-26,2,4,1,15.67,1
39740,2023-06-30,2,1,5,45.15,0
85286,2023-02-07,2,5,3,39.55,0
97355,2022-03-31,1,3,9,27.34,0
17613,2022-07-07,1,9,13,46.23,0
28123,2020-01-19,2,5,3,26.33,0
59582,2019-11-21,2,2,13,48.35,0
61487,2022-06-23,2,2,8,27.55,0
2837,2022-07-15,1,1,7,44.44,0
2986,2022-10-11,3,3,7,23.69,0
48985,2020-10-28,2,4,4,16.15,0
94631,2021-06-23,2,3,3,10.92,0
98974,2019-08-09,3,6,4,21.36,0
63842,2023-11-12,1,7,13,44.26,0
88972,2021-10-27,3,4,9,21.56,0
36214,2020-08-10,3,1,1,13.76,0
28544,2020-01-17,1,2,1,34.71,0
31593,2021-05-16,2,3,10,15.79,0
81692,2022-10-19,3,3,2,9.65,0
54608,2020-05-19,1,6,4,25.43,0
50264,2019-02-26,1,9,1,7.02,1
64822,2021-02-11,3,8,2,14.43,0
11884,2023-11-21,2,3,7,17.07,0
44706,2020-01-07,1,2,13,10.23,0
21396,2019-06-04,1,5,13,13.89,1
20105,2023-12-18,3,10,2,16.29,1
90756,2019-01-02,2,7,13,20.51,0
97077,2023-01-04,1,6,11,36.43,0
84418,2023-08-29,2,3,12,7.72,0
23687,2021-12-04,3,1,10,23.16,0
76479,2021-04-20,3,10,3,12.73,0
400,2019-04-23,2,2,6,19.68,0
81721,2019-02-21,3,1,7,19.86,0
24020,2021-09-27,1,9,5,36.92,0
58491,2022-04-20,2,7,12,14.72,1
29245,2019-08-07,3,10,6,7.63,0
86828,2023-02-22,1,8,2,21.8,0
1442,2022-06-06,1,4,7,35.89,1
87274,2021-10-18,2,5,7,20.01,0
68625,2020-09-24,2,6,4,31.92,0
90845,2022-12-23,3,7,13,16.1,0
6471,2022-04-17,1,8,3,42.36,1
22275,2019-11-07,3,3,13,49.35,0
45693,2020-01-13,2,9,3,14.51,1
38320,2023-07-05,2,4,2,33.01,0
80762,2021-10-04,2,1,11,33.85,0
7585,2021-01-05,3,2,9,31.59,1
42430,2021-06-14,1,10,6,38.26,0
87703,2020-02-13,2,6,4,35.17,0
96613,2023-09-10,2,5,3,45.76,0
49298,2021-01-29,1,5,6,4.37,0
66290,2023-06-22,3,2,6,16.04,0
85213,2022-09-29,1,7,12,10.5,0
25260,2022-01-18,3,5,8,26.11,1
62091,2019-05-31,2,1,12,36.25,0
76833,2022-10-17,1,6,13,15.7,0
43109,2020-01-13,1,2,11,43.18,0
37233,2020-01-29,3,6,3,25.26,0
45076,2020-11-16,1,8,8,26.42,1
38160,2021-02-03,2,9,13,39.19,0
18823,2019-06-07,2,3,5,31.16,0
73172,2021-03-02,2,5,4,11.16,1
25700,2019-09-19,2,5,12,31.78,0
38405,2021-12-21,3,9,13,46.54,0
4392,2020-07-16,3,2,10,39.9,0
76293,2021-03-15,3,2,3,44.79,0
9853,2022-10-25,2,8,2,9.62,0
55521,2021-08-22,3,1,6,37.83,0
21921,2019-05-07,2,9,5,20.28,1
56515,2021-10-10,1,1,1,15.85,1
45102,2022-09-09,3,3,4,32.05,0
83493,2020-03-24,1,2,8,19.58,1
3092,2022-07-15,3,9,6,35.8,0
31555,2019-06-09,3,3,13,20.02,0
99275,2021-09-24,2,3,8,9.1,0
41317,2019-05-13,1,8,1,47.99,0
16735,2020-09-24,1,7,10,19.31,0
50789,2021-10-18,1,3,1,32.83,0
55508,2020-10-22,1,4,5,3.69,0
35067,2020-02-19,1,6,8,49.59,0
98011,2022-06-21,1,3,11,46.32,0
55962,2022-02-01,3,6,1,11.94,0
73199,2020-10-26,1,6,8,38.57,1
29833,2019-08-30,1,6,4,11.33,1
3125,2022-02-14,1,10,2,39.66,0
76026,2020-09-17,2,4,10,29.45,0
16948,2023-07-17,3,5,3,45.82,0
50634,2023-05-13,1,10,3,19.12,0
76428,2019-09-16,1,5,4,40.55,0
74525,2023-04-09,2,10,1,34.87,0
14012,2023-12-22,1,9,5,50.0,0
52857,2019-10-21,1,9,1,43.66,0
68347,2023-09-08,2,1,11,40.01,0
41187,2022-03-14,3,2,6,12.24,0
48520,2019-02-25,1,7,1,34.33,0
38583,2019-11-15,3,8,5,32.56,0
4455,2022-08-17,3,8,2,28.44,0
4366,2023-09-02,1,6,9,11.55,0
67708,2020-03-05,1,8,8,31.8,0
78631,2023-04-23,2,6,12,46.66,0
2954,2021-09-05,2,10,1,41.37,0
67986,2020-03-04,2,4,1,41.4,0
80277,2019-01-28,3,7,1,8.56,0
25559,2021-01-28,3,2,5,16.01,1
26260,2019-04-10,3,6,9,16.61,0
99214,2021-08-27,3,9,7,14.17,1
58314,2022-12-06,1,7,1,20.73,0
32766,2021-06-01,3,9,7,30.09,0
4964,2021-02-08,2,1,7,36.98,0
17657,2023-10-15,3,8,6,33.76,0
78503,2020-03-15,1,4,9,36.39,0
60516,2022-07-31,2,2,3,2.1,0
38371,2021-09-19,2,10,12,24.98,0
55693,2023-09-22,3,3,13,15.86,0
68325,2019-05-31,3,4,1,26.23,0
76420,2021-09-18,2,6,6,18.02,0
60825,2023-10-14,3,6,10,48.42,1
82439,2019-04-13,3,6,1,5.94,0
53070,2023-01-02,3,1,11,8.75,0
13384,2021-12-15,1,10,2,4.91,1
42142,2022-02-11,1,3,7,25.01,0
11541,2023-03-04,1,3,3,44.92,0
26561,2019-05-28,1,3,1,19.53,0
75079,2022-06-03,3,9,2,18.82,0
59692,2023-04-11,3,8,6,36.76,0
27675,2021-07-10,3,8,4,19.56,0
51511,2023-04-21,3,7,2,4.46,0
61049,2019-02-15,3,8,4,6.04,1
87375,2019-07-25,3,7,3,24.35,1
10035,2023-04-04,2,8,7,39.45,1
44388,2020-07-01,2,5,1,17.35,0
42897,2019-11-02,2,4,13,10.15,0
41919,2023-08-21,3,10,10,15.52,0
2674,2020-06-09,2,9,2,9.8,1
55946,2020-04-16,3,4,8,44.98,1
42994,2021-03-16,3,10,10,43.29,0
89954,2023-03-14,2,4,6,43.03,0
9207,2020-03-06,1,6,6,29.07,1
98093,2021-11-23,2,8,7,43.21,0
68986,2023-03-16,1,2,8,40.26,1
36972,2022-10-11,2,4,12,21.53,0
43888,2019-07-16,3,2,5,40.02,1
57516,2022-10-29,2,5,4,12.62,1
24212,2023-08-25,1,1,6,18.88,0
89252,2021-12-08,3,8,9,20.22,1
37511,2020-03-24,1,2,9,44.96,0
61882,2022-10-28,3,10,10,19.62,0
15182,2020-01-11,1,3,3,6.98,0
46678,2022-12-31,2,7,8,27.43,0
63850,2020-07-08,3,9,11,25.72,0
60224,2020-10-30,1,9,7,19.67,1
90977,2019-07-31,3,7,6,13.05,0
412,2020-09-15,3,9,4,6.0,0
70874,2019-12-25,2,5,1,39.93,0
20335,2022-05-06,1,9,2,5.52,1
66717,2023-02-09,3,7,4,9.62,0
96454,2020-02-04,3,8,7,47.68,0
40009,2019-08-20,1,8,5,29.89,0
84305,2020-09-01,3,8,9,42.66,0
71858,2023-01-11,3,1,13,28.09,0
94437,2020-08-19,3,3,8,5.48,0
96023,2022-05-08,3,7,5,17.14,1
5658,2020-11-06,2,6,13,15.94,0
38444,2022-09-29,3,2,12,37.89,0
36314,2023-12-22,1,6,10,11.69,1
65116,2022-08-11,2,4,6,47.38,1
93833,2020-09-12,1,9,11,13.51,0
15499,2021-12-28,2,1,4,3.48,0
29122,2023-03-03,1,6,5,38.37,0
69550,2022-12-11,3,7,7,22.95,0
44152,2019-07-21,2,6,10,35.31,0
70373,2020-11-06,1,5,3,19.38,0
65155,2023-03-25,3,10,5,30.39,0
26495,2020-03-16,1,5,2,40.56,0
85301,2019-01-04,2,7,12,5.86,0
60113,2020-04-26,1,1,11,41.25,0
20564,2019-02-13,1,1,13,47.89,0
75276,2022-10-31,3,8,13,4.47,0
14229,2021-06-07,3,3,5,18.15,0
94548,2021-11-06,1,3,10,7.11,1
29853,2021-07-16,3,2,5,38.79,1
30724,2021-12-19,1,2,10,49.81,0
23823,2023-10-29,1,1,13,44.33,0
64582,2022-12-15,2,6,10,33.75,0
14000,2023-04-21,1,2,1,40.42,0
20497,2021-11-19,2,3,4,44.67,0
58499,2021-02-01,3,6,7,44.51,1
19123,2021-05-31,1,2,4,18.5,0
59257,2022-04-02,3,2,2,17.91,0
39838,2021-11-28,1,9,4,28.76,0
42957,2021-11-03,3,5,4,34.92,0
27722,2020-10-18,2,4,13,2.83,0
41857,2021-08-24,3,3,6,25.61,1
76814,2023-10-04,2,7,2,23.64,0
57245,2021-11-03,2,2,9,31.34,0
37980,2023-02-01,3,9,7,9.0,0
40618,2021-02-04,3,4,3,36.59,0
22662,2020-07-24,3,7,4,8.71,1
44580,2019-10-06,1,6,5,48.35,1
27915,2023-04-14,1,6,13,3.9,0
79444,2022-02-05,1,2,1,47.68,0
91852,2021-05-29,3,6,10,34.52,0
12517,2020-07-09,1,10,11,35.31,0
96129,2022-02-27,3,9,7,37.74,0
91366,2022-12-16,1,1,6,48.94,1
39170,2023-05-17,3,3,3,31.67,0
16287,2022-11-22,1,9,13,38.03,0
70273,2020-10-15,1,10,10,20.58,0
41216,2021-04-10,2,5,9,15.35,0
4472,2020-08-21,3,3,13,6.29,0
64478,2023-11-13,2,2,10,37.44,0
54210,2020-07-25,1,10,10,15.7,0
18259,2023-06-22,2,7,12,7.53,0
72424,2019-11-01,2,6,2,17.44,0
12191,2019-10-30,2,2,3,15.7,0
47177,2019-08-11,3,3,3,9.4,0
63121,2023-05-01,1,6,5,22.37,0
17498,2023-02-15,2,5,1,43.91,0
2913,2022-01-01,3,7,9,6.28,0
945,2020-10-19,1,8,4,43.45,1
57760,2023-03-21,1,4,7,34.15,0
98858,2023-07-16,2,9,9,3.16,0
8650,2021-07-20,3,8,11,34.01,0
23966,2020-01-30,2,4,11,34.53,0
1541,2021-11-12,3,3,11,34.74,0
6223,2023-08-26,1,5,6,37.02,0
81209,2021-06-10,2,8,5,7.85,0
52017,2020-02-20,1,7,1,25.42,0
6096,2022-11-29,3,7,3,47.59,0
14071,2019-10-25,1,1,4,3.26,0
27290,2021-01-25,3,10,9,4.47,0
52879,2021-10-06,1,3,12,25.8,0
4761,2021-03-17,3,10,1,19.75,0
26611,2022-06-21,1,8,6,34.24,0
28903,2020-10-30,3,6,5,11.76,0
98508,2022-10-26,1,7,12,45.14,0
81937,2020-02-18,2,5,9,7.1,0
25087,2020-03-28,3,10,10,21.16,0
85817,2023-04-08,1,6,8,42.54,0
32788,2020-06-30,3,5,1,39.38,1
45058,2019-01-20,2,9,2,44.1,0
73782,2021-12-10,3,6,10,9.47,0
47248,2019-10-21,3,3,10,38.88,0
32486,2019-12-28,1,5,8,43.89,0
91212,2023-03-22,1,1,11,4.49,0
7911,2023-11-18,2,6,13,49.37,1
58688,2020-01-28,1,6,5,13.44,0
60607,2021-02-16,2,2,12,5.23,1
84281,2021-05-26,2,1,13,36.07,0
56604,2022-05-17,3,10,13,38.81,0
47301,2023-03-05,2,4,5,40.57,0
44160,2022-07-26,1,7,8,37.39,0
84095,2022-07-02,3,5,1,19.83,0
70334,2020-02-25,3,1,2,48.11,0
81643,2022-10-22,3,10,5,17.55,0
12100,2019-10-07,1,5,12,34.91,1
93941,2023-03-06,3,3,12,38.09,0
46872,2021-12-29,2,8,8,24.41,0
64425,2021-03-08,1,6,2,29.87,0
52330,2020-02-17,3,2,1,31.43,1
30333,2021-09-10,2,4,11,37.0,0
87194,2019-08-15,1,5,9,12.0,1
71708,2021-07-02,1,9,13,46.25,1
1250,2022-01-30,3,4,10,42.29,1
77136,2022-10-26,1,8,5,36.91,0
54024,2019-02-01,3,5,4,39.21,0
97912,2019-06-10,2,3,4,17.96,0
49396,2023-12-18,1,9,1,48.61,0
90623,2019-03-12,3,4,11,12.25,0
49738,2022-06-14,1,1,6,8.07,0
79395,2019-01-08,1,3,8,38.35,1
31560,2020-08-09,1,9,11,22.95,1
83752,2023-04-09,1,9,9,31.42,0
99019,2021-12-13,1,5,10,44.99,0
43718,2019-10-06,3,5,9,6.56,0
98593,2022-04-12,1,8,9,32.34,0
43396,2019-03-27,3,6,5,37.02,0
28988,2021-08-21,2,8,5,2.27,0
70097,2019-08-18,3,4,11,3.27,0
86051,2020-04-21,1,3,7,3.35,0
16342,2023-02-27,2,9,7,44.71,1
1173,2022-10-14,3,10,6,4.34,0
12560,2021-03-28,1,6,11,16.84,1
23535,2019-04-07,2,6,5,39.07,0
69009,2023-07-26,3,3,2,22.78,0
84677,2023-09-12,2,4,13,33.51,0
21690,2022-09-20,1,9,4,29.81,0
92410,2020-12-21,3,4,10,37.29,0
11124,2022-05-14,3,4,8,40.71,0
43257,2023-07-23,3,9,1,18.98,0
60484,2022-04-05,2,1,2,32.3,0
91473,2019-09-30,3,5,13,18.3,0
66772,2022-07-19,1,10,4,33.78,1
91796,2021-10-29,1,6,13,3.99,0
26082,2021-02-06,2,10,6,7.59,0
81055,2020-08-27,2,9,8,44.41,0
23085,2019-04-15,3,6,12,13.09,0
4431,2019-05-06,2,10,4,31.21,0
8387,2023-04-30,3,2,4,39.47,0
68389,2021-05-18,3,10,9,35.03,0
54201,2020-05-11,1,5,10,15.05,0
93092,2021-10-18,3,4,6,11.86,0
94496,2019-11-05,1,10,6,48.99,0
65661,2021-01-28,2,8,6,19.37,0
48309,2023-07-11,2,5,1,48.05,0
2672,2022-08-24,3,4,7,26.22,0
37338,2022-03-23,1,1,2,21.13,0
98861,2019-01-03,1,10,6,23.65,0
7321,2023-01-23,3,4,10,34.76,0
37623,2020-03-14,3,2,10,42.42,1
27976,2022-11-25,2,4,7,33.06,0
65130,2023-06-13,1,2,12,27.1,0
33591,2021-12-05,1,4,9,25.77,0
40543,2021-05-24,3,10,1,3.09,0
91145,2019-12-06,1,10,10,46.04,1
84102,2023-08-28,2,4,6,29.38,0
23682,2023-08-07,2,8,9,11.56,0
70035,2019-09-17,1,8,12,13.98,0
38100,2023-11-12,1,5,6,13.75,0
98195,2021-11-25,3,10,13,16.48,0
51287,2020-11-30,3,2,2,35.54,0
93290,2020-02-18,3,2,7,12.45,0
47999,2022-11-15,1,9,4,8.65,0
59122,2020-02-18,2,10,2,28.36,0
93305,2019-07-15,3,3,8,18.85,0
57608,2021-02-13,3,2,1,34.04,0
39928,2021-08-26,2,3,6,2.44,0
16502,2023-06-14,1,5,1,26.98,0
70489,2019-03-17,1,2,2,2.39,1
27980,2019-04-10,2,1,6,43.57,0
31940,2021-10-29,1,10,10,35.09,1
5077,2019-02-14,1,3,1,13.13,0
65048,2019-05-23,2,9,3,47.65,0
85529,2021-11-29,1,9,10,7.12,0
92778,2019-06-30,1,10,11,46.16,0
86746,2023-02-17,3,8,1,37.06,0
56082,2022-05-24,1,3,5,19.85,1
28190,2019-05-21,1,7,8,15.16,0
85099,2022-10-10,3,1,3,48.12,0
48256,2021-07-07,2,5,9,30.13,0
59670,2022-04-11,2,4,10,37.62,0
14538,2020-12-29,3,7,8,46.77,0
27092,2020-10-01,1,3,5,46.39,0
58231,2023-03-09,2,2,2,3.69,1
4830,2019-10-03,3,5,6,48.92,0
4595,2019-08-08,2,8,8,49.54,0
66300,2019-01-20,1,7,11,48.7,0
85750,2019-08-30,3,3,5,39.86,1
84438,2020-12-30,1,5,10,46.57,0
52675,2019-01-08,3,1,5,26.6,0
44730,2020-08-02,2,9,8,31.28,1
80642,2021-09-18,3,6,3,40.97,0
24410,2021-06-20,2,2,10,15.36,1
97033,2022-12-07,3,7,2,26.46,1
40777,2023-06-02,2,3,5,36.38,1
80381,2019-01-28,2,2,9,37.75,0
51206,2023-05-23,3,7,7,46.23,0
51909,2021-12-31,3,9,7,17.13,0
90757,2019-06-24,2,8,5,12.52,0
52807,2023-03-05,3,4,6,11.23,0
53607,2021-08-15,3,7,11,27.17,0
63614,2021-06-03,2,5,2,21.92,1
68598,2022-02-15,3,4,9,2.6,0
48587,2020-02-14,3,10,5,12.66,0
75940,2020-01-30,2,4,7,32.3,0
83760,2022-03-29,1,8,12,47.52,0
42885,2019-08-27,2,2,13,21.93,0
12442,2022-05-02,1,6,9,33.89,1
35941,2020-05-29,2,1,1,7.81,0
85925,2019-06-12,3,6,11,24.09,0
48883,2019-08-17,1,6,1,19.15,0
38910,2023-09-10,1,2,11,41.89,0
52622,2023-10-23,3,8,6,36.64,0
87326,2023-10-11,1,10,10,4.95,0
73273,2023-03-26,2,4,5,43.18,0
99788,2021-04-04,3,10,10,29.7,0
64368,2020-08-28,2,9,9,29.44,0
57123,2023-05-27,2,10,11,46.26,0
77128,2022-02-10,3,10,2,26.18,1
15967,2020-02-14,1,7,12,9.83,0
97728,2021-07-05,2,7,9,45.94,0
59829,2023-03-05,2,4,3,26.04,0
84212,2023-12-11,3,2,4,18.48,1
36748,2021-04-16,2,3,9,25.1,0
87726,2023-08-22,2,3,13,29.47,0
72736,2022-12-25,1,3,12,41.47,0
88503,2022-10-16,3,1,4,21.76,1
91300,2023-02-23,1,8,3,10.64,0
91246,2020-01-11,3,9,11,22.13,0
90858,2022-02-18,1,5,8,30.13,0
25229,2023-02-21,3,8,6,6.73,0
22837,2019-10-31,1,4,5,19.28,0
22539,2022-02-24,2,7,1,16.66,0
60849,2019-10-22,3,3,1,14.71,0
84789,2020-04-24,3,3,10,17.84,0
77293,2020-09-16,3,2,4,14.0,0
60876,2019-01-27,3,10,4,17.68,0
9649,2019-12-26,2,7,2,15.55,0
991,2022-01-29,2,2,10,29.84,0
83762,2021-04-21,2,4,1,15.41,1
50075,2020-03-28,1,2,6,46.46,0
22494,2023-11-24,1,6,2,19.4,0
8972,2023-06-02,3,8,12,33.33,0
9106,2021-07-12,2,6,13,11.89,1
97927,2020-08-09,1,3,3,46.36,0
95427,2020-11-28,2,6,2,6.64,0
64188,2022-03-25,2,4,1,27.25,0
14005,2022-04-05,3,5,8,25.35,0
96128,2020-03-16,2,1,2,6.76,0
38271,2023-04-20,3,8,11,6.68,0
35196,2021-12-21,3,7,3,32.85,0
44717,2023-08-12,3,9,12,44.05,0
37563,2023-11-25,3,6,3,13.27,0
6544,2020-01-19,3,10,11,8.33,0
31520,2021-04-21,2,8,6,37.18,0
81877,2020-05-15,1,2,2,36.89,0
51624,2023-08-26,2,1,4,20.94,0
72056,2020-01-05,3,4,11,9.85,0
83547,2021-01-01,1,4,1,27.26,0
32882,2022-12-08,3,9,6,6.0,0
51131,2023-05-28,3,3,5,45.96,0
45116,2019-11-23,3,10,4,8.27,1
29460,2021-06-08,1,8,13,10.35,0
49799,2021-02-15,1,3,10,21.58,0
75283,2023-10-17,1,5,11,42.33,0
85654,2021-11-25,3,9,2,9.88,0
54069,2020-05-19,2,7,12,7.58,0
94926,2020-09-09,2,4,9,15.69,0
27396,2023-02-09,2,2,3,47.34,0
78884,2021-06-18,1,4,4,8.19,0
32086,2022-02-28,2,4,2,46.64,0
71129,2021-09-14,3,1,1,10.83,0
59187,2019-04-19,3,8,2,24.37,0
99483,2021-07-02,3,2,8,29.48,0
34017,2019-07-04,1,6,7,27.29,0
33512,2022-02-10,1,10,8,21.77,0
86923,2020-09-28,1,1,8,46.69,0
70911,2023-12-22,1,10,12,17.97,0
17821,2019-07-18,2,9,13,2.83,0
52904,2023-02-07,2,2,10,38.75,0
72378,2020-10-08,3,5,5,23.33,1
87967,2021-11-17,2,2,8,36.76,0
52621,2020-06-13,3,7,6,24.1,0
57075,2019-12-22,2,3,1,39.62,0
17583,2021-04-05,1,3,1,10.68,0
71128,2023-11-04,3,4,11,20.21,0
19738,2023-09-11,1,10,9,19.84,0
96020,2019-09-16,3,8,1,34.29,0
91949,2022-08-05,2,7,1,48.43,0
44257,2021-10-30,2,6,10,8.32,0
29055,2023-04-13,3,7,8,28.91,0
29651,2023-07-17,2,6,8,12.58,1
96435,2022-10-27,3,4,5,35.64,0
21212,2021-06-16,2,1,1,44.32,0
95276,2022-09-10,1,9,3,10.77,0
80228,2023-11-09,1,5,3,35.77,0
83554,2021-04-22,1,4,9,13.15,0
11983,2020-11-24,1,1,4,33.06,0
36466,2022-08-23,1,7,3,49.14,0
11038,2022-06-09,1,9,9,40.61,0
14122,2023-08-14,1,8,8,12.29,0
39295,2020-01-02,3,5,10,40.9,0
50025,2021-05-11,3,2,13,9.76,0
97995,2020-07-19,2,5,1,28.39,0
97235,2023-10-02,3,3,5,23.38,0
90626,2019-09-11,3,4,2,5.63,0
50401,2020-10-02,2,3,10,4.87,0
16655,2021-11-09,1,3,10,8.55,0
96087,2021-04-01,2,2,6,31.87,0
3223,2020-06-19,1,1,10,14.51,0
38015,2020-08-22,3,1,11,23.72,0
41954,2022-12-09,2,6,6,33.95,0
83037,2022-06-26,1,4,5,24.57,0
49010,2022-05-22,3,5,7,7.27,0
82118,2019-01-19,1,1,2,40.98,0
61263,2019-03-05,3,9,10,21.22,0
48341,2023-08-01,3,5,12,37.13,0
29638,2022-02-06,2,9,6,2.83,0
33722,2020-07-18,2,5,10,9.91,0
26225,2019-01-03,3,10,9,22.1,0
55166,2020-12-03,3,1,3,19.9,1
33656,2022-11-30,1,1,4,13.7,1
37303,2019-03-31,2,3,2,19.33,0
61706,2019-07-23,2,2,5,30.41,0
23882,2023-05-20,3,2,12,40.25,0
59588,2021-03-27,2,5,2,40.24,0
47723,2019-03-04,3,9,7,49.81,0
55662,2019-07-27,1,1,9,31.38,0
40828,2019-07-09,3,7,6,2.45,0
9713,2023-06-08,2,10,4,27.51,0
37118,2021-03-16,1,8,7,42.83,0
88835,2019-04-09,2,1,5,21.81,0
16414,2020-12-29,3,10,7,21.44,0
55964,2023-12-04,1,5,12,9.65,0
15507,2020-03-20,2,8,12,38.76,0
30446,2023-03-08,3,7,8,22.27,0
27046,2023-06-13,1,2,8,24.67,0
88625,2023-06-10,1,2,11,24.49,1
4955,2020-12-05,1,6,10,16.81,0
15389,2022-04-03,2,3,7,44.53,0
17514,2019-03-26,3,1,3,16.69,0
8007,2019-09-13,1,7,5,5.07,1
77445,2021-03-08,1,10,9,15.66,0
83455,2023-12-31,3,3,7,12.32,0
29955,2022-12-03,3,1,1,12.29,0
48747,2022-03-17,2,3,5,21.74,0
27276,2021-12-06,2,8,10,7.41,0
87135,2023-08-28,3,4,4,4.68,0
91289,2022-11-08,2,4,9,11.94,0
60141,2021-11-28,3,1,5,17.81,0
71728,2020-06-03,1,6,8,37.82,0
75485,2023-07-29,1,3,11,23.38,0
68798,2023-11-12,2,7,3,46.48,0
98216,2022-09-24,3,4,11,28.45,1
90302,2020-07-14,2,1,2,28.27,0
12820,2020-09-11,1,2,7,22.06,0
83680,2020-03-07,2,9,12,4.64,0
99197,2023-03-13,3,4,2,6.33,0
5806,2022-12-21,1,6,7,31.1,0
74519,2022-10-28,2,6,8,19.83,0
90652,2020-05-26,1,4,5,22.81,0
61956,2020-10-04,3,10,9,33.95,0
78724,2022-08-11,2,9,2,32.75,0
90500,2019-04-05,3,6,1,17.77,0
90557,2023-10-08,3,2,9,46.13,0
57791,2023-04-04,2,4,10,26.77,0
9132,2023-08-18,1,3,2,18.12,0
14505,2020-08-01,3,9,2,25.13,0
4643,2020-07-15,1,9,4,49.38,0
59738,2019-10-03,3,8,5,36.39,0
95459,2019-10-10,3,8,13,25.01,0
40215,2023-07-18,3,3,7,36.0,0
10209,2019-11-21,2,7,10,43.62,0
69255,2022-02-04,3,4,7,31.46,0
47729,2019-03-20,3,9,9,38.54,0
89696,2020-12-28,1,9,1,40.57,0
73510,2022-07-25,3,6,10,29.59,0
8950,2019-08-31,2,7,4,28.78,0
3200,2021-12-09,1,8,13,31.47,0
72358,2021-04-16,1,1,5,6.63,0
8747,2020-10-30,3,2,12,30.94,0
78818,2020-04-28,2,8,4,11.48,0
77300,2019-01-06,2,8,2,21.08,0
30840,2023-09-11,2,9,1,31.42,0
57713,2021-06-25,2,6,9,49.15,0
29816,2022-07-09,2,2,13,43.86,0
18372,2019-02-11,3,10,4,6.79,0
79904,2023-06-09,2,6,4,13.17,1
85919,2023-03-27,1,3,5,37.73,0
24051,2022-03-04,3,6,13,3.52,0
69882,2023-04-06,2,8,7,39.45,1
29725,2020-06-20,3,3,7,17.01,0
4681,2019-09-08,2,3,3,47.53,0
36551,2022-11-06,1,6,6,40.47,0
38322,2021-01-29,3,10,8,8.35,1
80635,2020-05-28,3,7,3,40.32,1
53497,2020-01-15,1,1,4,25.64,0
99200,2022-12-04,3,4,12,33.77,0
9702,2022-12-25,1,2,9,44.11,0
30205,2022-01-22,3,3,12,30.23,0
71185,2020-12-31,3,3,13,18.9,0
55571,2021-04-07,3,3,1,26.63,0
49659,2021-07-17,1,4,13,3.74,0
97627,2019-04-28,1,1,8,46.38,1
63071,2022-11-12,1,2,6,30.14,0
20055,2019-11-19,2,10,13,40.87,0
52728,2021-05-07,3,3,5,44.09,0
91249,2023-12-05,2,6,12,14.5,0
24848,2021-09-14,1,1,11,23.48,0
66640,2022-10-25,1,7,3,6.47,0
96991,2023-04-26,2,5,13,35.8,1
24304,2023-02-11,3,1,6,7.54,0
16351,2020-03-04,3,2,2,35.85,0
9410,2023-02-14,3,7,13,10.85,0
72035,2019-06-23,1,10,12,48.26,1
90145,2020-07-10,1,8,4,28.47,0
39121,2022-06-09,1,1,12,11.88,0
37490,2023-03-04,2,7,2,26.48,0
22119,2023-01-07,3,8,3,4.66,0
80339,2020-12-08,3,5,5,27.05,0
85995,2020-10-10,3,10,9,45.08,1
15225,2021-05-30,2,2,12,28.52,0
47066,2020-04-11,3,1,3,19.42,0
93432,2019-01-31,2,3,3,31.7,0
94511,2021-08-15,1,6,2,18.99,0
30204,2019-05-01,1,6,9,9.42,0
83513,2020-02-22,3,8,8,34.49,0
13886,2022-02-11,2,1,12,26.4,0
82401,2021-12-02,3,3,2,39.01,0
60509,2022-03-02,3,1,4,30.85,0
15928,2022-10-12,3,9,10,5.31,0
41686,2020-03-03,3,1,1,29.46,0
89387,2022-01-06,2,7,1,41.89,0
69288,2022-11-10,2,3,13,11.19,0
43879,2020-01-11,2,7,11,48.94,0
17090,2021-04-15,1,9,13,32.91,0
30745,2019-05-31,3,2,12,7.89,0
46861,2023-07-11,3,2,4,9.72,0
84524,2020-09-08,1,1,1,25.81,0
59285,2020-10-30,2,7,5,7.2,0
39473,2021-10-15,2,5,10,31.71,0
84793,2020-12-29,1,5,3,5.07,0
49444,2020-02-28,3,1,12,41.91,0
14325,2019-10-21,1,7,4,18.8,0
3452,2019-04-13,2,6,8,23.62,0
80092,2022-07-15,1,9,4,36.41,0
72785,2022-01-31,1,8,13,10.79,0
74957,2021-03-06,2,4,5,27.64,0
30689,2021-08-11,1,10,5,3.61,0
97863,2019-01-10,3,8,10,21.83,0
24356,2021-07-27,2,9,13,21.44,0
29597,2021-03-27,2,7,1,47.17,0
37940,2019-05-04,3,1,10,47.16,0
43410,2020-08-23,3,4,9,46.5,0
31603,2022-05-03,1,8,5,42.13,0
428,2021-03-12,2,6,1,4.6,0
91007,2019-12-31,1,8,3,32.75,0
64142,2023-01-10,3,6,3,18.51,0
22536,2021-05-22,3,7,7,14.68,0
63315,2022-06-25,2,1,10,2.97,0
24873,2020-01-06,3,6,4,40.12,1
8948,2020-03-08,3,7,4,23.66,0
81666,2023-03-04,2,4,1,36.64,1
8222,2019-06-08,3,10,12,17.94,0
56405,2020-11-29,3,7,6,2.79,0
52309,2021-05-03,3,4,2,17.34,0
7548,2022-04-13,3,3,10,32.1,0
29018,2020-02-14,1,7,7,12.66,0
19661,2023-05-26,2,1,12,4.96,0
38938,2023-02-04,2,1,7,47.27,0
1942,2023-09-12,1,7,7,11.86,0
24096,2021-03-20,3,6,2,22.09,0
18677,2020-07-19,1,9,7,31.3,0
69627,2019-05-05,2,4,7,48.9,0
18038,2021-09-26,3,8,11,24.38,0
65826,2021-07-27,1,4,1,36.7,0
94466,2022-08-07,3,8,2,3.28,0
26007,2019-03-04,1,4,5,49.96,0
48097,2023-09-21,2,6,3,27.81,0
45625,2019-02-25,3,3,11,36.55,0
31778,2023-11-13,3,5,1,40.63,1
275,2022-07-29,1,10,10,20.51,0
67157,2023-04-24,2,5,13,35.13,0
2377,2020-11-23,3,2,1,30.17,1
65179,2023-08-03,1,1,10,8.98,0
45364,2023-12-01,3,8,8,9.97,0
44308,2022-06-27,1,10,10,20.17,1
68528,2021-02-05,2,8,9,18.16,0
92802,2019-10-26,3,7,4,8.87,0
32109,2019-10-21,2,3,1,3.07,0
15268,2020-03-17,3,4,13,16.41,0
65724,2023-06-27,1,1,4,23.09,1
59485,2023-10-11,3,8,10,10.97,0
40765,2023-01-20,1,6,4,14.19,1
36859,2019-04-21,3,2,13,38.56,0
82223,2021-06-26,2,5,9,49.74,0
92253,2019-08-23,2,9,5,15.62,0
82908,2020-06-13,1,8,11,22.97,0
22427,2023-08-11,1,10,8,10.98,0
47793,2022-11-23,2,10,7,10.6,0
64663,2022-04-11,1,1,7,15.8,0
16610,2023-10-27,3,8,7,18.53,0
81735,2020-02-20,2,7,13,15.33,0
48599,2023-02-26,2,9,5,28.51,0
9930,2019-12-30,3,7,13,7.04,0
87826,2021-01-17,3,1,12,10.0,0
22805,2020-09-20,1,6,9,49.65,1
29829,2021-04-04,3,9,6,19.77,0
36132,2021-02-14,3,1,12,42.52,0
69108,2023-07-02,1,9,12,43.93,1
30685,2021-05-31,1,10,4,43.07,0
72936,2020-05-30,3,5,13,23.03,0
32358,2021-01-30,3,9,10,12.73,0
35108,2021-02-19,3,2,10,25.26,0
18219,2023-09-06,1,4,4,39.92,0
42075,2022-01-23,2,2,13,29.15,0
80556,2021-07-30,2,9,7,8.86,0
5513,2019-08-15,2,7,9,41.55,0
85030,2023-12-01,3,1,3,2.51,0
4300,2021-01-22,3,6,9,36.94,0
53181,2019-04-05,1,2,5,21.54,0
32306,2019-06-14,1,8,13,2.58,0
27681,2022-07-27,3,4,8,32.63,1
15187,2022-03-04,1,5,4,45.08,0
42499,2023-02-09,3,8,13,44.49,0
69886,2020-12-23,1,7,8,2.87,0
47798,2023-10-05,1,5,11,22.46,0
3258,2021-04-07,3,3,7,21.54,0
15624,2023-06-18,3,9,11,47.06,0
34364,2021-08-09,3,7,1,6.15,0
50469,2019-12-08,3,2,10,10.95,0
76793,2019-10-04,1,8,1,27.75,0
69223,2022-08-06,2,5,4,3.82,0
58195,2020-02-10,3,3,2,21.01,0
20425,2021-09-26,3,9,13,16.68,0
88690,2023-11-12,2,2,10,24.96,1
13708,2020-11-11,3,2,6,20.71,0
62902,2020-06-13,2,4,2,34.38,0
20838,2022-11-26,3,3,4,14.05,0
78641,2023-01-07,3,7,9,49.23,1
91615,2019-02-17,3,6,3,32.88,0
91758,2023-04-12,2,2,10,35.48,0
10397,2019-09-10,2,10,11,6.22,0
63464,2020-06-08,1,2,12,32.95,0
94469,2019-11-07,1,3,7,26.16,0
78829,2022-02-07,1,9,9,34.54,0
62541,2020-01-30,3,9,3,9.19,0
12868,2020-03-26,3,9,6,20.52,0
94574,2021-06-12,3,3,10,11.65,0
69750,2020-05-26,1,7,6,43.29,0
76188,2020-06-29,1,3,9,17.99,0
3345,2021-08-22,1,6,7,12.89,0
39229,2022-12-06,1,7,5,36.97,1
40600,2021-08-23,3,1,10,44.37,0
59283,2020-10-29,2,8,1,22.31,0
45518,2021-03-31,1,6,7,33.43,0
14760,2021-09-02,3,3,9,33.79,0
58234,2019-04-04,2,1,13,21.47,0
4776,2021-11-27,3,10,5,13.74,0
30449,2023-11-18,3,4,8,6.62,0
67552,2023-04-25,1,1,8,22.2,0
98019,2021-12-15,1,2,12,47.86,0
79103,2021-12-05,1,5,1,43.84,0
41508,2022-10-15,2,2,9,12.47,1
29786,2021-10-09,3,2,13,8.28,0
38706,2019-05-17,2,1,11,43.55,0
4241,2022-11-14,2,1,11,18.07,0
50852,2021-06-15,3,4,5,3.94,0
16378,2019-02-01,1,10,12,44.44,0
29872,2019-03-09,3,4,7,18.47,0
69285,2023-03-15,3,5,3,28.55,0
78190,2019-02-14,1,9,10,44.83,1
33575,2021-05-04,1,9,10,34.03,0
75524,2020-11-29,1,4,8,8.77,0
40962,2020-08-20,3,10,11,26.59,0
50178,2021-01-24,3,2,7,10.24,0
14625,2020-01-08,1,10,3,40.59,0
52509,2023-02-14,3,1,13,20.84,0
5408,2021-11-12,3,10,8,35.64,0
39256,2022-03-11,3,5,12,39.16,0
92368,2022-11-23,3,1,3,3.95,1
44493,2023-08-02,1,9,10,39.66,0
53918,2021-03-17,3,5,7,28.0,0
74875,2022-06-30,1,10,2,36.3,0
61054,2019-02-12,2,8,7,33.25,1
16071,2022-03-30,3,7,3,45.72,0
31659,2021-05-10,3,8,7,40.57,0
99550,2022-10-27,2,7,13,23.84,1
9288,2022-09-18,3,1,13,7.68,0
13862,2021-11-05,1,8,3,15.64,1
53329,2020-10-12,1,2,9,39.69,0
88900,2023-01-16,3,2,9,38.76,0
19600,2019-10-27,2,8,7,9.58,0
49935,2019-07-14,3,5,5,16.84,0
41896,2021-02-17,3,10,1,37.82,0
46976,2020-06-21,3,1,2,4.88,0
53096,2021-06-20,3,1,7,19.33,0
55524,2023-06-30,2,8,13,36.49,0
25808,2021-10-23,2,4,12,34.51,0
56197,2019-01-27,2,3,8,20.22,0
44499,2020-01-27,2,9,2,39.15,1
95659,2019-06-27,1,2,9,16.03,0
77911,2022-07-02,2,7,1,32.5,0
49223,2020-03-28,3,10,2,36.07,0
34940,2023-09-17,2,8,13,45.9,0
13084,2019-05-21,2,3,2,8.26,0
99809,2023-03-15,2,1,4,39.14,0
70712,2020-04-27,3,2,13,44.51,0
47736,2021-01-31,1,7,11,2.51,0
36355,2019-09-12,3,2,8,2.01,0
67345,2021-09-09,1,10,1,21.9,0
48388,2021-12-05,2,9,1,47.94,1
42781,2022-09-09,3,10,2,5.21,0
74289,2023-09-29,3,8,8,34.19,0
52764,2022-07-16,2,6,10,30.5,0
80104,2023-04-01,1,4,11,4.34,0
95998,2023-05-16,1,3,5,23.14,1
71374,2022-04-14,3,6,1,13.21,0
55042,2023-05-25,2,7,4,43.6,0
1043,2022-10-06,2,4,7,44.21,0
74449,2021-06-26,2,1,12,37.53,0
5665,2023-08-12,3,2,11,27.65,1
84342,2021-08-07,2,1,7,9.44,1
96976,2019-08-13,1,4,12,10.5,0
39735,2022-05-02,2,7,12,31.25,0
83879,2021-12-16,2,7,9,45.78,0
16840,2022-11-27,3,10,3,5.33,0
12096,2021-03-18,3,8,3,19.54,0
42188,2019-02-10,3,3,10,49.38,0
93205,2023-07-11,3,10,1,27.66,1
3032,2023-04-25,1,4,12,25.41,0
73179,2021-11-22,1,6,2,24.45,0
2975,2021-10-24,3,10,2,3.85,0
67460,2021-08-09,3,5,10,37.42,0
15162,2023-01-08,1,7,3,44.66,1
94897,2021-05-29,2,5,11,35.19,0
28713,2023-03-22,3,3,8,9.93,0
77025,2021-08-20,2,4,6,39.58,0
13059,2022-03-13,3,1,12,30.21,0
41913,2019-06-13,2,8,7,48.88,0
39822,2023-06-02,3,1,7,42.36,0
96537,2023-04-22,2,3,5,4.47,0
78175,2020-03-31,1,6,7,40.7,0
86868,2021-10-24,2,2,2,47.83,1
82063,2019-01-19,3,9,13,32.29,0
46479,2022-08-05,1,5,10,41.75,0
44037,2021-06-09,1,6,1,38.23,0
70585,2019-03-09,3,4,12,23.82,0
42350,2019-06-18,1,2,8,11.95,0
52264,2022-11-23,1,8,8,35.89,0
31279,2021-04-12,2,9,3,36.19,0
45666,2020-07-09,3,10,6,3.52,1
29415,2022-02-24,1,5,9,14.59,0
24835,2021-09-08,2,1,12,24.8,1
42742,2019-09-17,2,9,9,3.15,0
16139,2022-02-27,1,4,12,17.79,0
38497,2022-07-22,3,6,6,25.62,0
29432,2023-07-04,2,6,10,44.2,0
24562,2021-06-24,2,8,9,46.85,0
27415,2023-07-04,1,1,9,38.31,0
30570,2022-09-04,2,4,8,46.98,0
12288,2019-12-23,3,1,3,46.11,0
22533,2021-07-24,3,9,3,19.0,0
68175,2022-11-26,1,9,9,36.45,0
85910,2023-09-06,2,10,6,31.04,0
89897,2022-12-09,1,6,13,37.67,0
73126,2022-01-05,3,8,11,14.28,0
35365,2019-03-11,2,1,2,44.77,0
15098,2021-02-21,1,7,10,20.97,0
9681,2021-05-30,3,2,6,47.07,1
14733,2023-01-31,2,2,5,42.31,0
15299,2023-11-21,2,1,5,9.34,0
8731,2019-01-18,2,10,13,32.32,0
27334,2020-11-02,2,4,4,43.95,0
64907,2022-09-19,3,6,4,40.0,0
70263,2019-05-27,1,4,9,43.15,1
20926,2023-08-07,2,9,7,36.02,0
77242,2019-01-20,2,3,8,44.59,0
21677,2021-10-26,1,6,12,7.84,0
90192,2021-02-11,2,7,2,30.59,0
59712,2020-11-08,1,1,6,15.58,0
77406,2019-07-26,2,5,10,7.62,1
80643,2022-05-10,2,9,11,42.91,0
8647,2019-08-21,3,4,1,2.06,0
43574,2022-12-24,1,7,5,16.42,0
82806,2020-09-22,3,2,9,33.76,0
89172,2022-12-16,1,6,2,32.41,0
39778,2022-11-16,1,2,1,3.42,0
8993,2022-06-26,3,6,11,33.49,0
6087,2022-01-23,1,7,6,45.19,1
96371,2021-10-10,2,2,1,24.29,0
61444,2022-08-05,1,7,12,49.34,0
57154,2023-09-12,1,10,5,4.31,0
46806,2021-08-30,1,8,7,35.0,0
65350,2019-07-12,2,4,7,44.06,0
22515,2020-07-03,3,7,8,20.35,1
67360,2023-09-18,2,1,1,25.87,1
80609,2019-12-18,2,7,4,9.9,0
30220,2023-05-04,2,10,12,32.21,0
57240,2023-11-13,2,2,8,20.81,0
10604,2023-08-12,3,7,5,5.44,0
8352,2019-04-06,3,1,12,37.41,1
52673,2019-06-15,1,8,5,40.04,0
54070,2021-11-22,1,10,1,13.13,0
49478,2019-11-24,1,4,5,11.0,0
88029,2022-09-13,1,10,3,30.33,0
99352,2023-12-09,2,7,2,42.72,0
58844,2023-03-07,2,6,2,11.74,1
41639,2022-11-10,1,4,10,7.85,0
64707,2020-12-25,1,9,11,25.31,0
86246,2021-01-09,2,6,3,4.58,0
91191,2022-03-26,3,2,3,42.14,1
7710,2019-08-22,2,3,5,15.11,0
93225,2023-07-07,2,2,11,32.73,0
14965,2019-08-18,3,7,6,47.34,0
47666,2019-11-12,3,7,10,16.36,1
58703,2022-06-09,3,9,3,26.73,0
78326,2020-07-23,1,9,6,11.73,0
12365,2023-12-23,1,3,12,49.95,0
3383,2022-10-13,3,10,11,14.01,1
97014,2019-04-06,2,3,6,42.44,0
54747,2019-04-08,1,3,2,4.51,0
40431,2021-09-09,1,9,11,31.78,1
69666,2022-09-05,3,6,3,14.6,0
43806,2019-01-17,3,3,6,41.81,1
23911,2023-07-24,1,8,7,13.23,0
47168,2019-07-26,2,1,1,24.63,0
27612,2019-04-22,3,8,5,2.68,0
25874,2022-05-14,2,10,4,14.95,0
35570,2021-11-01,2,3,2,23.58,0
25307,2020-04-29,3,9,11,29.97,0
28910,2022-10-06,3,10,10,2.64,0
8335,2021-02-23,3,6,1,6.18,0
61347,2022-08-09,3,8,9,44.8,0
89626,2020-11-04,3,6,10,44.27,0
72060,2021-07-03,3,10,13,20.2,0
32485,2021-08-23,3,6,1,14.6,0
14025,2023-01-10,2,5,8,27.74,0
86612,2020-05-31,2,2,7,23.04,0
62593,2019-02-15,3,7,9,16.21,0
25704,2022-11-27,3,4,3,23.18,0
35166,2020-10-30,1,4,3,42.09,0
15891,2023-01-10,1,10,5,27.1,0
43420,2021-05-20,3,9,13,23.52,0
7417,2020-02-19,1,4,3,39.61,1
5602,2020-12-22,2,9,10,44.56,0
41875,2022-06-03,3,5,1,16.34,1
87201,2019-02-22,1,10,6,41.15,0
66253,2020-07-18,2,2,2,34.97,0
15093,2020-11-09,1,4,10,7.8,0
41950,2019-08-12,3,1,9,36.12,0
47040,2021-04-14,1,3,13,15.53,0
6401,2019-04-07,3,9,12,27.95,0
67888,2023-02-20,3,7,9,2.07,0
79537,2019-06-08,2,9,12,30.73,0
23347,2023-12-25,2,1,4,9.2,1
43339,2022-10-27,1,4,11,12.59,0
94142,2023-10-25,2,9,5,43.88,1
31739,2019-11-04,1,7,10,28.92,1
97393,2019-08-16,3,2,11,46.87,0
22986,2021-01-13,3,2,10,29.26,0
7589,2019-11-24,1,5,3,25.22,0
30707,2022-05-20,2,7,13,26.55,0
3585,2021-08-06,3,2,8,13.1,0
27423,2022-04-23,3,8,7,23.91,1
71398,2021-02-10,3,6,8,44.56,0
64654,2020-01-17,1,1,12,48.23,0
52654,2019-12-20,2,3,11,23.1,0
47827,2022-11-24,1,9,4,12.38,0
63155,2019-04-17,2,5,4,28.23,1
49094,2022-05-01,1,9,4,44.78,0
35155,2019-08-24,1,6,7,5.67,0
48992,2020-07-30,2,2,1,18.38,0
31058,2022-08-30,2,9,9,40.74,0
41244,2020-01-23,2,2,1,3.24,0
16203,2019-03-26,3,6,7,7.22,0
69359,2021-08-12,1,8,4,11.05,0
71034,2020-03-20,2,3,1,43.93,0
76225,2022-06-09,1,9,6,35.99,0
96531,2023-09-04,3,2,2,30.09,0
88553,2020-04-14,3,3,9,12.25,0
69759,2019-07-16,2,2,5,42.16,1
38299,2021-02-12,3,4,2,37.97,0
91336,2019-05-01,1,7,13,40.46,0
55979,2021-02-23,2,2,4,31.74,0
60966,2019-07-07,2,10,3,21.26,0
99054,2019-11-11,3,3,3,39.76,0
36881,2022-01-03,3,6,8,39.99,0
98119,2021-10-14,2,1,5,49.97,0
71721,2022-05-18,2,2,5,36.95,0
41835,2022-12-27,2,4,9,46.98,0
95372,2023-11-15,3,7,11,5.6,0
74116,2021-03-03,2,7,7,27.65,0
13258,2019-05-05,3,5,8,31.88,0
59818,2021-10-30,3,5,8,33.79,0
74399,2023-01-08,1,6,5,41.05,0
24049,2023-05-05,1,2,11,48.47,0
26752,2020-06-17,2,5,9,2.27,0
84847,2023-05-06,3,10,5,2.35,0
14761,2023-08-24,2,1,1,13.67,0
25976,2022-05-29,2,3,6,14.77,0
77696,2020-10-27,3,10,6,30.23,1
48539,2022-07-03,1,7,3,25.37,0
65196,2020-06-22,2,1,10,33.83,0
70780,2021-08-01,1,4,2,37.71,1
61735,2020-11-09,2,1,11,5.01,0
90958,2023-07-04,3,10,12,26.35,1
10288,2022-12-30,1,8,10,11.89,0
71806,2020-05-08,2,3,6,16.22,0
16191,2020-03-27,3,6,2,28.26,0
58448,2022-02-28,1,10,2,4.02,0
33621,2021-11-04,3,6,9,45.07,0
2140,2021-08-26,2,9,10,40.75,1
16659,2020-06-08,1,10,2,47.22,0
57863,2021-09-09,3,1,8,43.78,0
23844,2022-04-13,2,1,6,17.73,1
60611,2021-11-11,2,1,1,11.32,0
76934,2020-08-31,2,7,12,44.41,0
28696,2019-02-11,1,3,3,25.95,0
6045,2022-05-12,2,5,5,44.37,0
82121,2021-01-21,3,3,3,11.44,1
80814,2019-11-07,3,10,10,42.13,0
35628,2020-11-17,3,9,5,16.39,0
33674,2021-06-19,2,7,2,32.32,0
10790,2020-12-05,3,9,7,17.87,0
42698,2019-02-14,2,8,8,46.02,1
86281,2021-03-29,3,4,13,27.42,0
43603,2020-04-22,3,7,2,35.47,1
68050,2019-06-09,3,5,1,14.66,1
47952,2020-04-25,2,3,8,16.66,0
38510,2021-07-03,2,7,2,36.41,0
73547,2020-01-16,1,3,8,28.92,0
21838,2022-07-12,2,5,8,3.86,0
96594,2020-05-04,2,4,9,7.59,0
24745,2020-05-22,3,4,7,22.61,0
44944,2019-06-19,2,6,8,14.9,1
57451,2020-01-29,3,5,12,38.4,0
83423,2022-05-10,2,3,10,35.5,0
39934,2023-12-17,2,6,1,49.06,0
14014,2020-04-11,1,7,3,13.24,0
48198,2021-10-28,2,4,11,29.74,0
14704,2022-07-13,3,2,12,32.63,0
11244,2022-09-13,1,9,5,27.79,1
67831,2023-02-12,2,2,8,29.35,0
42124,2023-05-31,3,6,8,3.85,1
36863,2023-01-10,2,8,7,33.87,0
16213,2019-04-09,1,3,3,41.86,0
99928,2022-08-18,2,10,9,29.95,0
88634,2020-12-28,1,9,12,20.41,0
40561,2023-04-27,1,6,9,24.3,0
8780,2023-06-10,2,10,4,22.37,0
36513,2022-12-17,2,8,5,13.28,0
42500,2022-02-15,3,2,4,5.98,0
10817,2023-10-21,3,7,11,43.16,0
43054,2019-08-06,2,8,4,34.31,1
68236,2021-05-30,2,8,12,32.06,0
60839,2023-12-24,2,5,3,3.78,0
49330,2021-03-22,2,8,12,20.94,0
69937,2023-07-08,2,6,5,8.73,0
86949,2019-09-16,3,2,5,13.32,0
4739,2021-07-18,3,1,10,39.5,0
1367,2023-01-25,2,8,2,44.43,0
85538,2019-08-05,3,7,4,35.14,0
96192,2021-08-24,2,2,13,8.59,0
19320,2023-12-06,3,8,1,29.73,0
65653,2022-12-15,3,2,5,10.78,1
89352,2019-09-09,3,3,1,7.92,0
8113,2022-12-29,3,3,12,42.88,1
57021,2023-06-07,3,4,6,6.12,0
2006,2021-11-06,3,3,8,48.63,0
38879,2021-12-31,2,7,4,19.3,0
68351,2023-04-23,1,9,6,14.94,0
86689,2023-06-29,1,7,6,8.83,0
66304,2023-10-08,2,5,5,12.43,0
30720,2023-11-09,1,3,7,43.42,0
43090,2022-10-01,2,1,9,14.82,0
90024,2022-05-09,1,10,1,14.79,0
69665,2019-02-20,1,6,1,44.88,0
94702,2021-06-06,2,10,1,3.19,0
27914,2021-10-20,1,8,11,24.55,0
2020,2020-10-06,1,9,5,31.18,0
12170,2019-09-25,3,8,7,16.11,0
69102,2020-08-11,3,3,9,38.91,1
50417,2022-10-07,1,9,8,13.84,0
5263,2022-08-11,3,6,6,31.94,1
63247,2022-03-03,2,6,1,10.39,0
90208,2020-02-15,3,1,12,31.91,0
32173,2023-06-27,2,9,10,49.16,0
32899,2019-04-05,1,6,13,24.13,0
29381,2021-03-10,1,1,13,31.64,0
85142,2021-01-16,2,10,7,34.19,0
93647,2023-07-14,3,5,13,39.83,0
63701,2022-12-15,2,9,10,48.07,0
1762,2023-06-26,1,1,13,27.86,0
24485,2022-01-03,2,2,9,28.25,0
66138,2023-02-04,1,2,1,39.42,0
75879,2022-07-21,3,7,2,34.4,1
25191,2021-08-25,1,1,4,40.98,1
53219,2021-11-13,1,5,11,3.1,0
20016,2019-03-21,2,4,3,49.17,0
71917,2023-12-22,2,8,4,20.71,0
7848,2022-10-23,3,2,5,42.79,0
45469,2023-08-17,2,5,11,29.64,0
94377,2022-03-15,2,2,10,7.69,0
41666,2022-04-02,2,3,9,12.3,0
65562,2019-05-19,1,2,2,33.44,1
6252,2023-09-22,2,6,13,48.99,1
24806,2021-08-29,2,6,9,45.66,0
29303,2020-01-18,3,5,8,22.7,0
72591,2022-01-25,1,8,13,26.52,0
93102,2020-01-03,3,3,4,19.2,0
3192,2019-12-18,3,5,11,2.95,0
30299,2021-10-24,1,7,12,16.1,0
24809,2020-11-29,3,4,1,27.28,0
84299,2022-02-17,1,2,8,38.06,1
4879,2019-11-02,2,10,8,29.69,0
30793,2021-11-27,3,10,13,20.01,0
67837,2023-09-25,2,1,7,11.47,0
17261,2019-12-26,1,1,8,13.82,0
82720,2023-08-28,1,2,8,7.09,0
40889,2019-12-21,1,5,3,24.63,1
91930,2021-07-06,1,5,6,31.08,1
11621,2023-12-31,2,2,1,8.05,1
5127,2023-06-10,1,1,5,35.89,0
97102,2020-12-21,2,7,13,16.27,0
91925,2020-11-09,1,2,1,29.6,0
18491,2022-04-10,3,4,1,30.6,0
10724,2022-03-05,1,9,4,17.08,0
32478,2022-06-20,2,4,12,8.36,0
81713,2019-02-19,1,1,13,22.31,0
47262,2020-03-31,3,4,13,31.52,1
54696,2022-10-22,1,2,8,40.39,0
17196,2023-12-13,3,10,13,24.21,0
84599,2019-04-02,1,3,5,39.98,0
75630,2022-07-19,2,9,2,3.73,1
71251,2019-11-27,1,2,8,10.98,0
81602,2020-07-16,3,6,10,41.76,0
46841,2021-03-02,1,2,11,28.43,0
89900,2022-02-01,1,1,2,35.16,0
3686,2022-07-24,1,10,10,47.03,0
45330,2023-08-08,2,3,11,44.92,0
99265,2023-08-27,3,1,11,4.63,0
82766,2021-01-14,3,2,2,16.61,0
46361,2020-07-02,2,8,2,2.18,0
69328,2019-05-23,2,3,5,28.38,0
75519,2020-01-27,1,8,12,27.52,0
57436,2022-11-14,3,9,1,43.67,0
46910,2021-07-03,3,8,3,9.58,0
55923,2020-07-31,3,7,3,37.96,0
51669,2019-07-13,2,1,2,32.11,1
49482,2021-02-28,2,10,12,36.17,0
14203,2023-09-02,1,3,7,41.26,0
80835,2023-05-17,3,5,1,18.64,0
74933,2020-01-07,2,7,2,37.36,0
46974,2022-01-01,2,1,7,32.33,0
5194,2020-12-28,2,7,3,33.93,0
94069,2019-09-17,2,7,6,8.99,0
29687,2019-01-03,2,2,13,14.58,1
60204,2022-05-22,2,10,5,44.11,0
6206,2023-04-29,3,6,3,35.75,0
75618,2019-03-12,3,7,11,11.19,0
62359,2020-08-15,2,9,3,11.85,1
27323,2019-10-14,1,1,10,37.61,0
51391,2022-04-09,3,3,12,23.06,0
5388,2021-07-23,3,6,6,27.69,0
91446,2019-12-06,3,4,13,13.58,0
18592,2022-02-27,3,4,8,31.69,1
48412,2019-03-27,2,2,11,11.97,0
64702,2021-09-07,2,7,11,44.82,0
78309,2023-11-06,1,5,2,8.46,0
6457,2022-02-10,2,3,6,13.74,0
94071,2022-08-07,2,2,9,46.23,0
16454,2019-10-25,2,1,11,4.96,0
29301,2023-05-07,3,6,11,22.16,0
60221,2020-11-10,1,5,4,26.99,0
13914,2019-06-30,1,2,7,19.71,0
27454,2022-10-23,2,5,10,35.84,0
27307,2019-06-12,2,8,10,11.6,1
78020,2022-02-24,1,2,5,10.04,0
52000,2020-09-24,3,4,8,25.27,0
2953,2019-01-14,3,7,3,17.27,0
3908,2023-03-18,3,4,10,32.23,0
61002,2020-06-30,1,3,2,12.34,0
28593,2021-04-15,1,9,8,5.68,0
4202,2019-12-30,1,3,11,43.28,0
87807,2019-11-02,3,3,2,14.39,0
23165,2022-03-19,2,3,13,10.63,0
25062,2021-05-01,1,6,13,47.89,0
10625,2020-11-07,2,4,12,36.87,0
96512,2019-08-01,3,2,12,12.7,0
70181,2022-09-06,2,2,1,29.09,0
11033,2019-12-04,1,4,7,41.31,0
2996,2020-12-28,2,3,6,29.9,0
21755,2021-08-30,1,5,10,3.46,0
76911,2021-11-22,2,10,9,25.96,0
79471,2021-08-10,1,3,6,5.44,0
36098,2019-12-15,2,6,4,6.88,1
72346,2019-11-17,2,5,2,34.87,1
46575,2022-12-16,1,2,7,30.11,0
49528,2019-06-19,3,10,7,32.68,0
30338,2022-08-04,3,7,4,41.54,0
99866,2023-02-04,2,5,12,2.71,0
74283,2022-03-24,1,3,7,41.78,0
96193,2019-12-17,2,6,1,44.59,0
5016,2022-08-09,2,8,10,21.73,0
80545,2021-02-09,1,7,8,20.79,0
10609,2022-01-24,3,10,6,21.74,0
99241,2022-09-19,3,7,9,7.35,0
28857,2019-11-30,3,9,8,20.9,0
63447,2020-10-20,2,3,8,29.55,0
34171,2022-09-07,1,1,7,18.78,0
64502,2019-03-21,3,6,11,36.51,0
80465,2022-11-21,3,5,2,20.72,0
39363,2022-09-02,3,7,7,21.28,0
20494,2019-06-15,1,2,8,32.42,0
47300,2023-03-29,1,10,4,41.83,0
10867,2021-06-27,2,3,6,10.49,0
78290,2021-02-04,2,7,6,42.48,1
19640,2022-06-30,3,7,6,49.07,0
73092,2022-06-15,1,3,1,43.04,0
70827,2021-01-31,3,6,5,22.63,0
8320,2019-05-12,1,6,7,8.25,0
63117,2021-07-12,3,6,6,42.13,0
67672,2022-12-02,2,8,3,24.12,0
75180,2023-07-15,1,6,11,38.29,0
12217,2021-09-13,2,7,8,11.7,1
81354,2019-05-24,1,4,7,46.93,0
41482,2021-10-03,1,10,4,17.81,0
34539,2020-05-31,1,1,13,34.4,0
2394,2019-03-15,3,8,11,34.42,0
20890,2022-11-17,1,7,2,31.62,0
6085,2019-09-25,1,10,13,37.63,0
13270,2019-08-09,3,7,2,19.68,0
95197,2019-11-19,3,4,8,29.24,0
35071,2019-07-01,3,8,9,26.38,0
51723,2019-06-12,3,9,5,19.86,0
51071,2022-09-29,2,8,2,11.26,0
72249,2022-01-08,1,2,11,19.74,0
33680,2020-05-26,2,4,4,24.07,0
6064,2019-10-06,1,7,13,35.1,0
45220,2020-05-12,3,9,12,33.31,0
68655,2023-07-02,3,5,5,19.4,0
56948,2022-03-08,1,7,1,6.88,0
77248,2021-01-24,2,9,7,25.05,0
36014,2021-10-09,2,7,8,20.41,0
29084,2019-05-09,3,1,5,49.8,0
87575,2019-10-05,2,2,7,15.16,0
98885,2022-06-06,2,7,2,46.75,0
52967,2019-07-30,2,1,7,4.82,0
24248,2023-03-11,1,6,3,49.85,0
5110,2021-02-12,2,6,13,32.32,0
79203,2022-10-08,1,10,3,23.69,0
6506,2023-10-02,2,6,12,3.84,0
83416,2023-12-20,3,10,9,23.01,0
76093,2022-10-10,1,2,11,18.2,0
66396,2023-10-28,1,9,12,12.94,0
8597,2020-10-26,3,5,9,47.68,0
18539,2020-12-19,2,5,9,5.91,0
89031,2019-09-10,3,5,9,48.12,0
96703,2020-09-28,2,4,12,34.6,0
6531,2023-03-20,3,2,2,34.16,0
1344,2019-02-04,3,1,2,23.22,0
28670,2022-09-03,3,5,8,23.03,0
53129,2020-09-10,2,5,12,19.15,0
90725,2021-03-06,1,8,8,9.56,0
96670,2019-08-30,1,8,13,28.16,0
93614,2019-11-14,1,5,5,42.65,0
73336,2023-05-29,1,2,9,4.34,0
87227,2019-05-11,2,10,10,34.86,0
32206,2023-10-13,2,5,6,2.13,0
82685,2019-02-26,2,5,11,42.5,0
61221,2023-08-20,2,10,13,4.38,0
52065,2022-09-09,2,9,2,25.33,0
74890,2019-09-23,1,8,4,18.82,0
31499,2023-11-10,1,6,10,14.0,0
15523,2019-06-06,3,6,12,17.94,0
85735,2020-12-09,1,6,4,39.92,0
71401,2023-03-19,2,5,12,12.12,0
30581,2022-07-07,3,2,8,10.91,0
43327,2023-07-20,1,9,11,12.34,0
73066,2022-03-05,3,3,6,13.4,0
82561,2022-10-02,3,2,4,32.76,0
78914,2020-05-28,3,7,8,27.54,0
37355,2019-01-04,1,7,4,14.8,0
63243,2021-08-19,3,4,1,5.95,0
20318,2021-09-01,2,4,1,19.25,1
87392,2020-08-04,3,4,2,39.69,0
98541,2020-10-17,2,7,4,11.84,0
8714,2023-03-09,3,7,3,7.79,0
11043,2021-05-25,3,7,8,27.43,0
83825,2023-11-06,3,1,8,11.44,1
41577,2022-11-16,3,1,12,17.63,1
24174,2021-01-03,1,5,8,46.3,0
5605,2021-02-12,2,8,5,42.24,0
33916,2023-10-14,1,10,9,5.54,0
6441,2022-12-02,3,1,12,14.46,1
29063,2019-06-16,1,1,9,31.95,0
62640,2022-10-07,1,5,10,24.13,0
21746,2020-04-27,3,6,9,34.66,1
33769,2019-09-06,3,2,10,32.55,0
22079,2023-09-02,2,9,7,18.81,0
2620,2021-02-11,1,7,13,41.11,0
26458,2020-09-18,1,3,1,19.7,1
86650,2023-10-02,2,1,5,16.44,0
5284,2023-01-01,2,10,2,19.63,0
9494,2022-10-16,1,3,11,16.2,1
58127,2023-12-12,2,4,8,23.96,0
54766,2023-01-16,3,8,5,39.59,0
44911,2022-10-24,1,4,10,28.04,1
30064,2021-06-13,2,4,10,34.24,0
23074,2020-09-11,2,9,4,46.21,0
29707,2019-01-21,1,10,10,33.87,0
50033,2021-10-15,1,9,11,23.93,0
34215,2022-10-28,3,3,11,4.21,0
91424,2023-01-07,1,8,2,5.5,0
68306,2020-12-05,1,9,2,28.21,0
92282,2022-03-11,2,6,3,48.17,0
27114,2019-12-12,2,1,4,13.89,0
11895,2019-09-26,1,4,1,6.39,0
55082,2020-01-12,3,9,13,30.14,0
61986,2022-05-06,1,10,11,40.8,0
59271,2022-11-03,2,8,12,27.58,0
74286,2022-05-02,1,8,3,21.63,0
33730,2023-10-11,2,8,7,7.14,0
16474,2022-07-03,1,3,3,25.94,0
8431,2021-09-01,3,8,4,46.54,0
30481,2022-01-09,2,9,9,46.58,0
97769,2020-10-22,2,8,13,35.64,1
1053,2019-12-24,3,9,3,27.54,0
29916,2020-06-19,1,4,1,48.88,0
30357,2019-06-02,1,3,4,16.9,0
80239,2020-03-18,2,5,3,23.15,0
6428,2023-05-06,3,2,4,16.54,0
83065,2022-01-15,1,8,1,30.25,0
52468,2019-09-05,2,7,3,36.22,0
5410,2022-10-13,1,8,1,47.24,1
97557,2023-03-01,3,6,8,2.18,0
24775,2023-01-14,2,8,2,34.99,0
82935,2021-09-01,1,10,7,9.82,0
67410,2022-03-07,2,10,9,17.58,0
78164,2022-04-04,3,2,5,20.41,0
65151,2021-07-31,2,3,7,18.09,1
26261,2020-01-21,2,2,6,32.26,0
84605,2020-12-05,2,8,6,35.28,0
89356,2023-03-30,2,4,3,40.34,0
83281,2022-12-10,3,7,1,31.45,0
70537,2019-05-27,1,2,8,31.64,0
40630,2020-02-26,1,8,6,7.25,0
95545,2021-10-08,2,8,1,5.61,0
42884,2023-01-19,1,9,10,25.97,0
75764,2021-06-25,1,3,7,7.56,0
29852,2023-09-14,2,2,12,13.33,1
40410,2021-12-16,3,2,5,18.26,0
38754,2023-09-05,1,9,5,41.39,0
42844,2021-08-11,2,6,5,41.85,0
44018,2021-02-19,3,1,3,21.18,0
65328,2020-04-29,2,4,13,10.75,0
74580,2022-11-15,2,10,5,5.62,0
37156,2023-10-25,3,3,9,7.42,0
59834,2023-11-28,3,8,8,40.01,0
30883,2019-07-29,1,10,1,46.19,0
74321,2019-01-14,2,8,3,4.78,0
87030,2019-05-17,3,3,3,4.71,0
53080,2019-03-20,1,3,8,46.75,0
17298,2022-05-13,1,3,11,19.11,0
11871,2022-11-25,2,8,4,49.79,0
69837,2021-11-18,3,7,3,26.27,0
46931,2023-02-17,3,5,10,9.57,0
97261,2020-09-07,2,8,11,44.24,0
94695,2020-09-09,1,9,12,31.22,0
25461,2022-09-16,2,9,6,43.92,0
15301,2022-11-12,1,8,9,10.2,0
58475,2019-10-05,3,3,6,49.85,0
75407,2022-03-05,3,1,7,48.04,0
91743,2021-04-19,2,8,9,22.39,0
91521,2023-08-23,3,6,11,37.72,0
43443,2022-04-17,3,6,7,23.38,0
68367,2023-06-15,1,10,13,44.34,1
99950,2019-04-18,1,9,4,48.46,0
8884,2021-07-14,1,3,5,41.38,1
51495,2019-05-12,3,8,11,49.49,0
76239,2021-01-15,2,7,2,43.79,0
97758,2021-10-25,3,10,7,11.64,0
20395,2021-08-15,1,10,2,35.4,0
89535,2022-01-06,1,7,5,7.78,0
56452,2020-11-21,2,7,12,45.51,0
7112,2019-08-27,1,1,1,23.96,1
10794,2020-12-26,3,8,10,11.43,0
77373,2021-09-23,2,2,13,23.26,0
79207,2023-12-15,1,10,12,15.49,0
2401,2020-02-07,3,5,3,35.58,0
44707,2020-12-18,3,3,4,45.34,0
69903,2021-05-11,2,8,6,38.72,0
43705,2020-10-06,2,10,8,35.28,1
34731,2023-05-22,1,5,2,11.63,0
42490,2021-07-30,1,1,1,33.61,0
11814,2021-06-07,3,8,7,21.16,1
25860,2021-03-09,2,4,2,8.2,0
40167,2020-12-01,3,6,7,42.36,0
81349,2022-04-17,2,9,13,14.09,0
52784,2023-12-19,1,1,3,17.49,0
73343,2022-09-16,2,1,13,28.63,0
44222,2023-08-13,2,6,4,43.21,0
93920,2021-04-14,1,10,6,40.89,0
88199,2020-11-05,3,5,2,32.84,0
36770,2019-10-13,3,7,10,32.88,1
99564,2020-04-02,3,10,3,18.36,0
71260,2022-09-08,1,1,6,36.97,0
21031,2020-12-28,3,8,3,42.99,0
76839,2020-11-09,3,8,4,41.22,0
88052,2022-06-01,3,6,6,32.48,0
4307,2023-10-22,3,7,4,11.83,0
18786,2023-10-25,1,8,13,12.45,0
8140,2019-11-05,2,8,8,48.88,0
27034,2021-07-01,2,8,11,9.4,1
9407,2021-01-25,1,9,8,40.82,0
47892,2019-12-21,3,6,11,7.77,0
45924,2022-02-11,2,10,5,44.97,1
13899,2019-03-25,1,4,4,22.95,0
2969,2022-02-25,2,3,10,46.34,0
70493,2019-11-21,1,2,1,28.0,0
20220,2021-08-18,1,7,4,15.63,0
37636,2021-05-19,1,1,7,30.87,0
5415,2022-09-04,3,8,6,16.61,1
2528,2020-03-09,3,5,10,23.96,0
82093,2020-04-29,3,9,2,21.04,0
85766,2019-02-12,2,2,9,43.9,0
45499,2019-07-02,2,3,12,30.33,0
3013,2021-10-20,1,6,8,8.2,0
43682,2022-05-29,2,3,7,40.13,0
65189,2022-11-04,3,2,1,42.12,0
73932,2021-07-14,3,3,8,15.66,0
59724,2022-02-20,1,4,10,14.14,1
67084,2020-11-06,2,7,11,31.88,1
55109,2020-09-11,2,6,10,36.89,0
17439,2020-10-21,3,10,3,3.86,0
28234,2021-01-11,2,1,4,23.98,0
84307,2020-03-05,2,4,11,18.09,0
62870,2022-05-04,2,2,7,27.65,0
52007,2022-12-14,1,5,5,31.0,0
32000,2021-01-08,2,7,8,28.7,0
10521,2023-08-31,2,1,9,23.08,0
34835,2020-04-05,3,10,7,23.36,0
10281,2023-07-14,3,2,3,41.13,0
71799,2021-01-02,1,6,1,44.31,0
2252,2021-05-17,2,6,3,48.41,0
9845,2021-02-26,1,10,5,34.24,0
55261,2021-11-15,2,1,5,43.79,1
78182,2020-08-11,1,6,13,21.61,0
12978,2021-03-02,1,7,10,29.68,0
64684,2021-03-20,3,9,9,11.08,1
45987,2023-05-09,3,6,3,38.1,0
97962,2023-03-23,3,3,11,22.47,0
85542,2021-07-17,2,7,3,42.68,1
97704,2022-11-01,2,10,12,14.21,0
17219,2020-08-10,1,2,10,48.79,0
78082,2023-08-18,2,1,3,46.64,0
25970,2019-02-11,1,9,1,23.68,0
48386,2022-01-10,3,10,9,10.34,0
80134,2023-01-21,3,1,8,12.28,0
53195,2019-01-07,1,6,8,24.69,1
57318,2022-03-13,3,5,3,5.11,0
81946,2021-03-11,1,9,12,27.48,0
86987,2023-01-13,1,3,12,20.2,0
75248,2023-07-20,1,1,7,4.22,0
47511,2023-10-26,2,10,8,39.03,0
32528,2023-04-09,3,10,1,13.72,0
23707,2021-07-10,3,1,8,41.53,1
85053,2021-01-06,2,2,9,3.33,0
55135,2020-08-28,1,8,9,12.32,0
9269,2020-10-15,2,8,1,16.77,0
75563,2023-02-13,2,4,1,13.05,0
54461,2022-05-29,2,9,13,16.37,0
18738,2022-11-23,2,1,9,39.13,0
91418,2020-09-14,1,10,12,13.99,1
26080,2020-03-08,1,7,2,26.67,1
50027,2019-03-18,1,7,11,33.73,0
63100,2021-03-11,3,2,1,22.95,0
30485,2020-03-02,2,8,7,7.25,0
88037,2021-08-29,1,10,2,26.92,0
69864,2020-10-15,1,2,8,10.34,1
21119,2023-07-29,1,4,11,47.42,0
45650,2022-01-19,3,7,9,22.72,0
25378,2020-05-02,2,10,11,27.07,0
13588,2019-02-15,2,9,11,18.02,0
28179,2020-04-06,1,4,11,33.79,0
18600,2022-12-26,3,10,7,19.37,1
46501,2022-05-03,3,3,6,26.31,0
77579,2021-09-07,3,7,10,35.83,0
91420,2020-04-15,3,9,8,42.25,0
37599,2019-10-21,3,7,4,26.56,0
6460,2022-04-08,3,9,1,8.12,0
96952,2021-05-08,2,1,2,34.95,0
27542,2021-10-12,2,9,11,48.83,0
48090,2021-06-03,2,6,9,5.45,0
60775,2022-08-23,1,7,5,8.62,0
44452,2020-05-01,2,9,10,20.69,0
43376,2022-03-26,2,4,8,26.96,0
48013,2020-10-19,2,8,9,29.77,0
76314,2023-03-15,1,5,7,23.13,0
643,2022-08-02,1,9,6,7.12,0
74060,2019-07-07,3,7,6,49.33,0
61873,2021-01-10,2,5,8,38.78,1
95443,2020-10-20,3,4,3,16.67,0
68491,2021-01-23,1,3,12,9.69,0
14161,2021-04-29,3,3,12,17.63,0
82266,2022-02-10,3,4,4,27.29,0
67312,2023-05-01,3,9,4,5.88,0
18329,2023-06-24,1,2,12,39.45,0
54085,2020-11-16,2,8,1,38.44,0
61652,2020-09-03,1,7,13,48.11,0
86133,2022-03-21,3,9,9,47.71,0
45945,2021-11-09,1,3,13,47.4,0
70884,2022-09-16,3,7,5,5.65,0
69000,2021-08-15,2,9,9,27.56,1
59267,2021-10-14,1,10,3,43.78,0
89473,2023-04-17,3,7,11,16.98,0
28416,2023-05-30,2,6,4,31.27,0
25312,2022-01-27,3,4,1,30.62,0
15851,2023-02-12,2,4,3,26.73,0
94146,2021-09-03,3,5,9,5.91,0
39133,2019-05-11,3,6,4,35.07,0
28046,2021-11-18,1,4,2,33.36,0
61492,2019-10-12,3,10,7,8.17,0
19825,2020-07-08,2,10,7,19.61,0
50909,2022-10-12,2,4,4,19.7,0
2465,2023-10-30,3,3,13,46.67,1
88365,2020-03-04,3,3,13,27.28,0
20897,2019-09-04,1,9,7,19.92,0
40272,2023-11-26,2,1,13,45.63,0
67407,2019-08-13,3,3,6,5.69,0
80369,2023-03-30,3,1,11,18.05,0
37856,2022-04-18,2,2,11,36.12,0
16548,2023-03-13,2,9,10,45.23,0
38532,2022-01-05,3,7,3,15.71,0
60023,2021-09-14,1,1,7,37.54,0
57529,2023-04-07,1,10,12,36.19,0
40239,2019-11-07,3,6,13,11.24,1
98746,2023-06-19,1,7,5,22.57,1
82995,2020-10-14,2,6,11,35.75,0
75964,2022-06-22,3,1,8,12.41,0
50258,2020-12-21,3,6,8,29.27,0
4155,2019-09-13,1,3,10,15.3,1
85477,2021-03-31,3,1,7,11.19,0
81764,2023-04-21,1,2,10,11.08,0
92366,2023-07-23,3,3,8,3.61,0
7675,2022-05-06,1,9,9,15.92,1
60519,2022-05-28,3,6,6,41.81,0
20068,2019-07-22,2,9,9,30.11,0
66081,2023-10-09,2,3,8,7.59,0
36045,2020-10-31,1,3,6,26.14,0
97928,2020-09-28,1,10,2,20.16,0
78114,2019-05-26,2,8,6,8.05,0
61027,2023-09-27,1,5,10,36.83,0
63575,2019-09-27,3,1,12,41.68,0
10684,2021-04-13,3,10,5,31.43,0
53595,2020-01-01,3,7,6,33.36,0
6569,2020-11-30,2,9,12,26.67,0
68231,2022-05-28,1,7,7,21.44,0
51838,2023-04-08,3,1,11,32.75,1
77375,2020-04-27,1,1,2,46.78,0
16115,2020-03-05,2,3,5,45.61,0
38252,2022-01-20,3,10,8,7.66,0
70924,2020-03-12,2,8,9,48.18,0
23271,2019-03-26,3,9,10,17.36,0
74745,2022-03-25,3,9,7,9.66,0
85621,2019-06-22,3,7,3,22.36,1
94819,2022-04-06,2,9,9,35.37,1
70151,2021-12-23,2,5,9,31.24,1
53677,2020-07-01,2,9,6,32.48,1
64229,2021-11-12,2,9,3,11.37,0
23900,2023-03-24,1,6,3,43.41,0
46830,2022-06-14,3,10,3,41.01,0
42443,2020-10-20,3,9,3,26.72,0
40599,2021-06-17,1,5,10,8.03,0
11407,2019-02-16,2,6,5,42.3,0
7867,2022-04-22,1,5,3,25.26,0
98276,2021-04-15,1,3,7,30.67,0
93243,2023-08-01,2,5,7,23.4,0
91474,2019-02-11,1,3,4,24.13,0
17280,2020-09-23,3,8,9,10.93,0
85161,2023-03-16,2,8,6,25.72,0
46628,2023-06-27,3,9,11,26.98,0
26970,2023-11-08,2,5,8,12.49,0
85722,2022-01-30,3,3,13,19.41,0
56396,2022-05-26,1,8,5,46.85,0
1434,2021-10-11,2,1,11,29.18,1
38535,2019-05-27,2,8,7,20.52,0
25004,2022-06-07,3,9,6,5.79,0
28226,2022-04-22,1,6,6,4.65,0
52588,2021-02-14,3,10,6,19.1,0
50408,2022-04-28,2,3,4,48.29,0
56794,2020-08-24,1,2,5,21.74,0
33051,2022-12-11,1,9,11,41.46,1
33261,2019-04-03,2,3,12,18.76,0
28683,2023-01-10,3,1,11,33.34,0
7170,2020-01-27,1,1,9,37.85,0
864,2022-06-14,3,7,9,18.15,0
49158,2020-12-11,1,2,2,10.88,0
58100,2023-04-24,2,1,4,7.94,0
52399,2022-08-09,2,2,2,3.24,0
65739,2020-03-19,2,2,9,42.19,0
76187,2019-10-23,1,4,2,16.22,0
24795,2020-09-29,2,3,1,46.7,0
92898,2022-01-11,1,3,13,32.4,0
68880,2023-09-07,2,8,7,9.27,0
57515,2021-11-24,2,2,12,6.77,1
58297,2023-10-02,3,3,6,38.91,1
44067,2020-04-12,2,3,7,45.76,0
43920,2023-04-26,1,6,10,5.22,0
11685,2022-04-21,1,1,6,30.07,0
2927,2020-09-30,2,6,12,31.89,0
89300,2020-05-18,2,1,12,3.75,0
30575,2020-12-28,3,4,9,4.7,1
37698,2023-01-16,3,1,13,20.05,0
3508,2023-10-04,3,9,12,20.47,0
5781,2021-09-23,2,4,7,18.0,0
26820,2021-09-17,1,4,12,48.46,0
20645,2019-02-18,1,3,4,3.16,0
67445,2019-07-16,1,4,9,26.57,0
54928,2020-03-19,3,3,7,47.52,0
10055,2022-05-06,2,7,9,5.53,0
26841,2023-01-19,3,2,10,10.33,0
73165,2021-05-05,1,3,2,33.68,0
23113,2022-03-14,2,5,10,23.89,0
95575,2022-05-29,1,4,6,6.47,0
96485,2021-07-07,1,9,2,5.22,0
59236,2022-12-13,3,8,12,16.49,0
9048,2021-05-05,3,3,6,8.14,0
25933,2021-05-28,2,6,11,4.94,0
84106,2020-01-16,3,10,11,33.11,0
95017,2022-11-27,3,7,2,13.1,1
63269,2022-11-12,2,4,7,41.92,0
18299,2022-09-08,1,6,13,3.17,0
42929,2022-06-06,1,8,9,4.44,0
94323,2019-01-03,3,10,13,13.14,0
62795,2021-10-08,2,8,7,36.07,0
81882,2023-05-29,1,10,3,46.41,0
18750,2020-04-22,1,2,6,10.91,0
70769,2020-04-28,1,1,1,6.44,0
87865,2020-04-27,1,7,5,34.5,0
98610,2023-01-23,2,6,8,31.24,0
9017,2021-06-17,1,8,8,40.17,0
17855,2020-05-19,3,10,1,7.04,1
24792,2022-04-26,3,3,6,25.78,0
82090,2019-02-23,1,7,4,47.8,0
86871,2022-06-06,3,5,2,5.83,1
31087,2021-04-06,1,8,10,16.7,0
56172,2021-09-12,2,2,11,4.02,0
23929,2021-08-18,1,3,7,14.41,0
27926,2021-01-29,1,7,9,17.6,0
89339,2020-02-27,2,3,11,28.65,0
51603,2022-03-06,2,1,10,35.15,0
16874,2021-07-21,2,10,11,9.5,0
9319,2023-03-13,2,6,10,3.88,0
49255,2021-03-19,2,8,3,6.47,0
31596,2020-06-14,1,6,5,5.68,0
12260,2022-09-04,2,8,5,8.31,0
20134,2020-06-06,3,5,3,31.95,0
67326,2022-08-29,1,2,9,34.89,0
79334,2023-01-08,2,1,9,49.82,0
90136,2023-08-09,3,10,8,5.11,0
49937,2021-08-30,2,2,2,47.33,0
34317,2022-06-24,2,8,13,8.58,0
89084,2021-05-11,2,7,12,27.94,1
20259,2021-06-25,1,9,1,22.49,0
45799,2021-11-13,2,8,1,28.25,0
18453,2020-02-15,2,2,9,3.85,0
30758,2023-05-13,1,6,10,36.74,0
68861,2020-04-25,3,8,11,17.52,0
28015,2019-12-21,2,4,12,9.32,1
57664,2023-11-27,1,4,5,12.04,0
39603,2022-02-13,1,1,3,22.89,0
2475,2022-12-24,2,6,3,10.56,0
25156,2019-02-23,2,9,3,26.8,1
8630,2020-11-17,1,8,11,17.28,0
87878,2019-10-08,2,10,1,34.27,0
95042,2019-05-11,2,9,6,42.11,1
46679,2020-06-11,2,10,8,42.55,0
91021,2023-06-19,3,5,12,21.7,0
83335,2019-07-25,3,3,8,15.67,0
46738,2022-08-30,2,7,8,26.96,0
86876,2021-01-28,3,1,6,41.97,0
61819,2020-05-29,3,4,8,22.45,0
34359,2021-10-04,1,4,2,28.62,0
34571,2022-05-05,1,7,4,39.07,0
78849,2023-07-20,3,4,2,30.53,0
12860,2019-09-04,1,5,3,37.64,0
81203,2022-10-14,3,6,10,7.8,0
79160,2023-11-15,2,10,1,47.57,1
44100,2020-10-17,3,8,1,36.19,0
71417,2021-02-19,2,4,13,26.64,0
82487,2023-11-12,2,6,7,15.04,0
50519,2021-06-23,2,2,1,17.65,0
18125,2020-03-26,1,5,9,37.14,0
28559,2020-06-22,1,3,8,34.29,1
7432,2022-05-04,3,10,13,47.24,1
9037,2022-11-27,1,6,2,44.65,0
41059,2023-05-09,3,8,13,15.55,0
41862,2021-08-31,1,10,12,42.92,0
34466,2020-03-20,1,9,10,45.88,0
86670,2019-06-07,3,5,5,36.92,1
18050,2023-11-13,1,6,2,34.36,0
17089,2020-01-02,2,5,8,39.29,1
75187,2020-09-27,1,1,7,14.25,0
89815,2021-09-10,2,10,10,25.23,0
7463,2023-08-22,2,1,10,9.51,0
57592,2020-08-05,3,10,12,19.92,0
57147,2021-11-08,1,5,11,12.46,0
42681,2023-01-01,2,6,3,19.85,0
32742,2020-09-17,1,10,13,33.46,0
44929,2020-09-04,2,5,9,41.44,0
27798,2020-02-01,1,3,2,44.33,0
87044,2021-02-05,2,10,3,3.42,0
65729,2023-06-14,2,7,3,40.41,0
79310,2023-05-14,2,8,11,22.48,0
69333,2023-06-06,1,4,2,29.45,0
21649,2022-04-01,1,3,13,13.42,0
1739,2019-08-08,3,8,7,49.76,0
36970,2020-10-26,3,7,10,20.45,0
76205,2019-09-19,1,6,10,8.8,0
12829,2020-08-04,1,4,10,32.36,0
98441,2019-06-15,3,8,13,48.64,0
34020,2022-08-17,3,7,3,9.69,1
56937,2022-10-06,2,8,1,22.37,1
287,2019-08-22,1,10,11,38.2,0
82669,2020-01-14,3,9,3,16.36,0
49250,2022-09-16,1,2,13,18.48,0
89631,2021-10-03,3,9,9,3.43,1
26967,2022-08-02,1,2,7,34.4,0
32725,2021-03-19,3,9,6,26.77,0
95227,2023-07-12,3,6,3,43.46,0
12223,2022-09-30,2,3,4,33.91,0
67141,2019-06-24,3,2,3,34.95,0
39234,2022-02-10,2,5,11,31.8,0
29477,2023-10-27,1,4,9,47.7,0
35998,2022-06-04,1,4,10,11.96,0
34820,2020-03-07,3,4,4,23.78,0
96422,2021-07-01,3,4,7,13.5,0
81868,2023-05-25,2,1,6,46.47,0
15745,2022-05-29,1,9,8,33.66,0
4107,2020-03-14,3,1,1,33.57,0
57041,2019-11-13,3,2,7,26.77,0
34308,2021-09-19,3,5,13,7.72,0
88501,2021-04-22,2,3,1,5.57,0
38174,2022-01-07,2,10,11,19.38,0
3875,2019-03-16,3,5,8,19.81,0
26359,2022-09-05,1,2,10,30.48,0
34706,2023-03-04,2,3,1,26.86,0
73488,2019-11-10,3,10,7,35.2,0
50559,2020-06-22,1,4,3,21.64,0
46165,2022-09-02,3,3,1,41.22,0
40847,2022-12-14,1,10,9,34.6,0
85554,2021-11-06,3,5,2,21.04,0
44898,2023-06-24,3,3,4,4.24,0
81159,2019-08-30,2,2,12,4.58,0
98096,2022-07-01,2,6,10,34.44,0
11377,2019-06-01,2,2,13,19.76,1
32721,2023-11-28,1,4,3,48.44,1
18623,2023-03-10,2,7,1,25.85,0
65853,2021-05-03,1,9,4,5.15,0
59077,2020-10-05,2,3,4,19.94,0
92468,2021-12-12,1,3,7,29.75,0
37371,2022-09-04,1,10,6,17.99,1
78720,2019-09-15,2,6,13,24.46,0
82878,2023-08-12,1,9,4,14.43,0
87687,2023-02-21,2,3,10,17.68,0
83684,2020-04-29,2,9,12,32.29,0
62827,2021-03-16,3,10,10,24.92,1
33593,2023-08-22,2,7,9,2.18,0
49476,2019-05-04,3,9,8,42.65,0
43833,2020-01-02,2,4,11,11.38,0
31935,2022-11-11,2,3,13,25.59,1
43330,2019-12-21,1,3,7,9.62,0
61727,2020-07-21,2,2,12,47.88,0
10822,2020-04-24,1,6,13,42.75,0
59781,2019-11-18,1,10,7,26.41,0
64605,2023-03-05,1,2,13,8.45,0
9643,2021-01-11,3,7,5,16.11,0
11095,2021-03-19,3,8,7,28.63,0
30550,2019-06-29,2,3,6,12.42,0
64434,2023-06-18,1,2,4,7.14,0
84087,2021-09-21,3,8,1,9.07,0
67838,2023-02-21,2,6,11,13.84,1
87992,2021-04-12,2,2,8,47.97,0
66941,2020-06-21,3,2,9,23.41,1
50335,2020-10-31,3,2,2,29.83,0
96058,2020-03-10,3,8,9,26.05,0
68141,2020-08-14,3,5,5,32.93,0
5144,2020-03-01,1,3,13,30.43,0
18150,2021-03-08,1,7,5,2.98,0
15554,2019-12-23,3,6,4,39.38,0
42699,2023-05-29,1,9,9,45.28,0
87347,2023-09-17,3,7,1,7.8,0
64617,2022-06-08,2,6,8,43.71,0
27621,2019-06-21,3,5,7,46.88,0
30524,2020-06-26,2,3,12,28.35,0
60888,2019-12-06,3,8,1,34.87,0
10290,2019-11-22,3,7,9,14.7,0
22061,2022-12-13,2,8,6,43.37,0
550,2020-07-10,2,6,1,10.08,0
84529,2021-08-10,3,10,11,45.36,0
81844,2019-01-02,2,10,10,26.37,0
90434,2019-07-26,1,5,1,11.57,0
98052,2023-05-11,3,9,6,4.25,0
69599,2021-12-09,1,9,4,15.72,0
3288,2023-04-08,3,5,7,46.99,1
33390,2021-06-04,3,4,7,21.01,0
84636,2021-02-28,2,10,1,34.81,0
36725,2019-08-16,2,9,7,11.99,0
99812,2023-07-30,3,4,8,44.1,1
45265,2020-06-17,3,3,12,15.1,0
66829,2022-03-22,2,1,12,35.99,0
25056,2020-10-03,3,10,8,38.86,0
64661,2020-10-11,2,10,3,47.8,0
21375,2023-11-26,2,4,6,17.93,1
95129,2022-05-27,1,5,7,43.68,0
96861,2023-10-10,3,8,8,27.77,0
98914,2023-09-09,1,3,2,46.85,0
87869,2022-06-07,2,5,7,15.5,0
17618,2021-06-25,3,3,9,13.38,0
8402,2021-12-24,2,6,10,26.17,0
16944,2021-05-22,2,5,11,43.54,0
21773,2022-12-08,2,4,13,45.84,0
82667,2019-03-31,3,4,11,34.88,0
72540,2019-10-17,2,5,12,34.43,0
10520,2021-04-02,3,10,4,22.64,0
47183,2021-04-05,2,4,9,20.28,0
25746,2023-03-12,3,6,10,10.1,0
11151,2022-06-25,2,9,7,13.81,0
50734,2022-02-11,3,8,12,9.17,0
35697,2021-07-13,2,4,7,34.66,1
60010,2020-09-22,3,6,5,38.6,0
21174,2022-12-14,3,2,7,18.25,0
71801,2019-09-03,1,4,3,27.06,1
61971,2023-08-18,3,5,3,5.21,0
35116,2021-07-06,3,8,11,20.37,0
52812,2019-11-22,1,7,13,37.95,0
56103,2019-03-29,2,1,5,13.89,0
7063,2020-06-21,2,10,4,31.17,1
52219,2020-07-26,1,6,2,30.86,1
74877,2020-11-19,1,3,12,43.7,0
58065,2021-06-11,2,7,2,15.73,0
51244,2020-06-28,3,3,8,17.64,0
61173,2023-05-18,2,1,4,18.6,0
56906,2022-05-16,1,6,10,23.97,0
57183,2022-09-18,2,2,7,43.65,0
83023,2020-09-06,3,1,9,15.48,0
40940,2020-01-24,1,2,6,38.05,0
37484,2022-03-23,2,7,5,13.55,0
37290,2023-05-08,3,3,13,46.6,0
9869,2022-12-05,1,8,1,36.7,0
60483,2023-02-13,1,9,9,37.79,0
47359,2022-08-28,3,8,10,37.55,0
25759,2022-10-11,1,8,2,17.12,0
23983,2020-05-10,3,3,11,3.84,0
33426,2020-08-02,3,8,2,28.42,0
22434,2022-10-01,1,9,4,27.58,0
27070,2020-01-01,2,7,8,17.67,0
61368,2021-02-06,2,8,6,4.3,0
103,2021-07-02,2,5,13,24.98,0
2110,2019-06-24,1,9,1,17.85,1
17717,2022-02-14,2,7,13,23.99,0
80329,2019-05-11,2,6,12,18.49,0
79698,2019-10-16,1,7,11,18.04,0
77274,2022-07-17,1,7,2,8.35,0
44768,2022-10-23,2,1,5,36.74,0
27304,2023-02-05,3,5,9,10.26,1
58280,2019-10-05,3,6,9,9.62,0
47542,2023-05-13,1,3,7,44.46,1
54745,2021-04-20,2,3,9,9.72,0
22577,2022-09-12,1,8,4,3.02,0
13619,2020-03-08,3,8,5,32.53,0
22532,2023-04-09,1,9,10,35.31,0
77390,2019-11-04,2,6,4,44.34,1
67895,2020-02-01,2,2,10,36.92,0
86076,2020-08-03,1,10,9,17.44,1
12596,2019-01-27,2,8,6,26.0,0
49577,2019-12-15,2,3,8,3.95,0
13523,2020-09-30,1,10,5,38.39,0
54607,2022-04-08,1,1,1,32.6,1
75169,2020-02-18,2,7,11,36.64,0
87924,2023-03-15,1,9,5,5.22,0
58054,2020-05-17,3,6,11,10.8,0
34093,2021-09-25,2,10,9,46.68,1
57379,2022-08-20,2,2,1,14.07,0
60008,2022-11-12,2,2,4,24.33,0
57581,2020-09-16,2,4,11,22.57,0
87843,2020-10-14,3,10,7,34.82,0
97149,2023-03-16,2,9,8,18.68,1
31173,2021-12-15,3,7,13,14.72,0
75629,2022-01-05,3,6,9,23.9,1
47898,2022-11-23,3,8,10,41.91,1
50494,2021-05-19,3,8,13,46.41,0
13843,2019-07-31,3,3,11,34.41,1
83744,2023-11-02,1,8,4,38.28,0
72584,2022-05-02,3,4,5,23.34,0
91060,2020-10-05,3,6,6,47.03,0
72005,2022-05-20,1,9,13,25.23,0
92021,2020-01-22,1,3,11,8.51,0
82813,2020-09-12,1,1,4,20.69,0
11153,2019-05-26,1,1,1,28.65,0
5582,2021-01-28,3,1,2,8.17,0
2806,2020-01-14,1,9,5,28.23,0
69660,2021-06-05,3,8,9,15.98,1
44934,2023-11-10,1,5,6,21.62,0
14395,2019-09-13,3,4,3,23.96,1
77632,2023-07-31,1,6,8,45.12,0
68098,2022-06-19,2,3,7,37.73,0
87419,2021-06-03,3,10,12,34.01,0
32201,2021-11-21,1,1,13,26.27,0
40098,2023-05-05,3,5,1,18.29,0
89616,2023-06-25,3,8,3,15.98,0
42000,2021-05-05,3,3,11,19.78,0
44586,2020-10-18,3,8,5,31.58,0
37704,2023-05-14,2,1,10,37.36,0
53638,2022-10-20,1,3,3,20.82,0
57843,2020-04-04,3,2,9,12.14,0
45383,2021-02-27,2,7,9,13.48,0
77429,2019-02-08,1,4,13,14.75,0
55500,2020-06-05,3,1,8,26.94,0
1743,2023-11-10,2,1,3,39.29,0
77077,2019-11-24,2,7,8,9.67,0
18362,2019-01-24,3,5,1,21.15,0
87491,2020-09-26,1,5,10,40.23,0
69469,2023-04-18,1,5,5,15.02,1
63533,2021-03-11,3,7,3,40.86,0
90318,2021-02-19,2,3,1,20.86,1
50384,2023-05-26,2,3,1,35.09,0
31039,2021-04-27,2,8,9,24.76,0
83886,2020-06-14,3,8,1,4.77,1
67906,2021-05-02,1,6,9,4.99,0
48462,2021-10-14,2,1,9,20.41,0
18970,2019-11-18,3,8,6,42.39,0
53874,2020-07-20,2,5,12,11.51,0
93969,2021-05-14,2,10,11,12.15,0
1914,2022-01-06,3,5,13,45.27,0
49567,2023-04-11,1,9,4,26.34,0
60319,2023-08-16,1,3,1,49.67,0
16090,2020-07-16,2,4,3,22.81,0
64083,2020-08-07,3,6,9,26.21,0
84405,2021-05-22,2,10,12,27.41,0
47644,2023-09-24,3,8,6,15.02,0
71135,2019-09-10,3,2,7,7.6,0
57860,2020-06-11,3,10,1,42.0,1
13920,2021-01-14,3,6,4,38.65,0
27527,2019-12-05,1,9,1,15.37,0
12801,2021-07-11,3,5,12,15.6,0
59971,2019-12-09,3,2,11,48.02,1
79132,2022-03-17,2,3,3,26.44,0
87772,2021-03-02,2,3,8,31.93,1
13508,2022-02-02,1,2,6,19.16,1
4708,2021-06-25,2,6,9,14.16,0
94773,2022-06-05,1,5,1,10.15,0
29861,2019-03-07,1,1,8,8.55,0
77434,2020-03-23,2,5,7,15.98,0
53531,2022-04-24,2,4,10,30.97,1
47018,2019-08-19,3,3,3,42.38,0
64904,2020-03-26,2,4,7,44.46,0
44680,2020-07-30,1,3,2,5.01,0
71752,2019-05-28,1,3,6,46.87,0
3064,2021-10-05,2,7,5,12.13,0
65042,2019-10-26,1,7,6,26.29,0
65631,2019-04-25,1,5,12,47.08,0
6131,2020-06-09,2,5,8,24.94,0
3305,2019-09-04,1,8,11,18.91,0
93797,2021-04-01,2,9,2,38.45,0
13162,2021-02-10,3,9,6,5.55,0
94169,2019-04-14,1,7,7,33.98,0
37401,2019-10-11,2,8,6,46.41,0
15787,2020-01-06,1,5,13,37.34,0
2576,2023-10-14,3,6,13,16.06,0
25993,2019-06-17,2,8,10,16.26,0
92593,2023-01-28,3,9,13,37.98,0
7878,2021-06-09,3,8,2,18.47,0
82307,2023-09-29,2,6,4,45.84,0
38779,2022-11-21,2,1,7,31.52,0
84129,2019-07-23,2,10,6,7.32,0
22277,2019-12-09,2,5,3,42.72,0
48766,2020-03-29,1,9,3,44.41,1
26997,2023-05-30,3,3,9,23.22,0
80435,2019-12-13,3,5,7,49.85,1
43477,2021-09-19,2,3,6,33.54,0
3442,2023-04-07,2,8,1,32.94,0
19040,2023-12-14,2,10,9,41.17,0
58573,2023-12-16,3,1,3,23.01,0
48765,2022-08-21,2,1,9,39.54,0
88752,2019-04-27,2,1,2,43.4,0
23064,2021-04-19,1,1,12,16.62,0
72195,2021-02-26,3,4,4,20.63,0
21047,2023-07-13,3,2,4,36.47,0
84302,2022-04-25,2,9,1,44.13,0
78300,2020-10-18,3,3,13,3.64,0
84812,2020-11-21,1,8,10,20.63,0
27707,2023-12-08,1,6,1,3.16,0
15842,2020-12-18,1,3,13,16.87,0
62856,2021-03-29,2,6,13,41.64,0
97305,2021-06-07,2,8,13,7.81,0
59079,2022-05-21,3,4,11,9.1,0
45626,2020-04-03,2,9,5,4.94,0
96931,2020-09-22,2,9,3,18.5,0
90719,2023-11-06,2,3,7,28.18,0
89253,2019-02-15,3,3,9,39.73,0
32175,2019-01-08,2,4,7,4.53,1
81743,2022-08-19,2,9,13,21.25,0
42125,2022-05-03,3,3,6,8.08,0
47208,2019-02-20,2,6,7,18.87,0
85372,2019-01-30,1,2,3,40.52,0
91864,2021-11-01,1,5,8,40.59,0
80744,2022-02-05,1,7,4,19.78,0
40301,2023-03-31,3,6,2,28.08,0
15433,2023-10-02,1,4,7,45.56,0
72614,2020-09-01,2,1,8,40.42,0
52631,2022-07-29,1,7,10,19.15,1
11534,2023-09-21,3,10,1,46.2,0
34733,2022-08-08,1,8,12,22.07,1
66908,2023-06-27,3,1,8,20.53,0
6202,2021-02-03,1,8,1,28.84,1
24490,2023-12-28,1,1,6,40.94,0
74807,2023-02-18,2,10,5,27.94,0
48923,2019-11-27,2,3,4,39.04,0
1254,2022-08-08,3,7,2,49.85,0
2924,2019-03-20,3,9,13,3.25,0
40198,2022-05-18,3,4,3,34.8,0
65125,2021-08-16,1,10,11,26.61,0
95559,2019-06-10,1,8,1,3.4,0
30006,2021-10-22,3,5,3,27.33,0
59486,2020-02-11,1,6,12,39.6,0
95551,2019-11-03,1,8,12,49.72,0
33894,2020-01-01,3,2,1,40.44,0
70821,2022-04-16,3,3,5,7.99,0
95167,2021-02-15,2,9,8,14.87,0
1701,2019-07-21,1,4,9,36.91,0
49681,2023-11-20,1,1,5,19.49,0
39348,2019-07-21,1,2,10,22.82,0
84908,2022-11-10,2,10,7,31.73,0
23388,2020-11-27,2,8,8,11.07,0
5301,2020-08-17,3,1,2,21.6,1
3523,2019-02-04,1,3,5,31.14,0
15853,2020-04-21,3,3,2,34.85,0
27572,2020-07-29,1,9,1,2.24,0
23895,2019-10-19,2,1,2,20.81,0
25849,2020-10-19,1,10,1,22.85,1
94862,2022-10-07,1,3,1,24.74,0
33699,2022-07-06,2,1,11,38.7,0
83267,2019-01-17,3,1,8,9.92,0
70264,2021-09-15,2,4,1,25.74,0
53651,2022-01-30,1,6,8,19.54,0
36901,2020-03-22,2,4,13,48.03,0
24989,2019-02-23,3,7,6,12.16,0
21806,2019-12-19,2,3,11,23.45,0
56952,2021-10-29,3,1,11,25.91,0
51552,2023-11-08,2,5,13,25.78,0
88719,2020-10-11,2,1,10,4.52,0
55598,2023-05-07,2,7,10,42.84,0
70785,2019-08-21,2,9,1,39.02,1
58070,2020-11-07,3,8,10,48.16,0
41512,2022-05-24,3,8,1,10.47,0
4430,2023-04-12,1,4,10,46.61,0
9377,2022-01-22,1,1,4,2.9,0
55229,2023-05-02,2,8,8,12.21,0
94147,2021-05-22,3,7,13,34.69,0
39701,2020-03-13,3,5,4,35.11,0
84037,2019-05-05,3,8,7,33.74,0
54396,2022-02-23,3,6,2,40.28,0
30366,2021-03-13,2,5,2,14.73,0
22578,2021-04-17,2,2,13,10.75,0
93736,2021-10-03,1,2,3,35.64,0
40621,2020-06-01,1,1,11,17.27,0
64294,2021-08-04,1,8,8,5.88,0
83082,2022-10-17,3,2,1,32.75,0
26223,2020-06-25,1,6,5,44.91,0
93272,2021-06-10,1,2,7,46.52,0
46455,2023-07-23,2,2,13,7.34,0
38042,2023-08-30,2,5,8,3.83,0
86693,2020-07-05,2,6,6,19.56,0
84341,2021-08-05,2,6,13,11.87,0
98283,2019-06-21,2,10,9,33.34,0
83175,2019-03-18,3,7,13,37.97,0
20574,2023-08-31,3,10,8,25.54,0
44167,2020-02-20,3,9,13,43.56,0
15716,2019-11-08,1,6,7,22.67,0
97786,2023-09-08,1,9,6,13.78,0
67997,2021-05-24,3,9,2,7.78,0
89350,2020-06-12,1,1,5,38.34,1
43149,2020-04-05,3,10,9,48.74,1
80136,2020-10-18,3,8,10,6.58,0
79517,2020-12-09,2,5,10,32.89,0
99057,2023-06-12,1,1,10,23.78,0
37131,2022-02-16,2,2,6,9.0,0
47977,2023-07-05,1,1,13,40.88,0
53538,2023-04-17,3,8,10,48.52,0
5334,2019-11-30,2,2,3,19.97,1
52661,2020-01-21,2,1,10,17.72,0
4130,2020-01-08,1,2,13,8.05,0
24815,2023-01-06,1,7,1,49.44,0
62213,2022-12-02,2,6,5,15.75,1
77875,2022-05-27,2,1,10,40.66,0
77669,2020-07-12,1,8,1,49.43,1
64624,2021-10-25,1,10,10,13.15,0
20062,2021-07-25,3,5,8,49.14,0
20436,2019-03-07,2,10,6,6.58,0
74563,2019-06-24,3,2,7,22.85,0
5526,2021-08-09,2,5,8,48.63,0
7503,2021-11-04,2,7,9,10.35,0
95245,2022-01-19,2,2,3,42.0,0
51145,2023-04-18,3,1,12,2.3,0
22726,2022-04-17,2,3,3,17.2,0
70935,2019-03-05,3,9,4,4.14,0
22989,2023-02-09,1,9,3,39.89,0
50981,2020-07-17,2,4,9,19.02,0
93958,2020-03-25,1,4,7,7.57,0
90960,2019-02-25,2,7,10,6.35,1
45979,2023-03-12,3,4,9,21.81,0
93859,2023-08-22,1,4,12,6.61,0
53224,2020-03-02,1,1,2,19.97,0
41816,2022-05-15,3,7,7,14.51,0
6986,2022-04-10,1,10,6,20.56,0
26894,2020-11-10,3,9,5,27.17,0
92240,2019-04-09,3,8,5,14.24,0
38963,2023-05-31,1,10,10,26.01,0
75844,2019-07-02,1,6,6,37.08,1
55655,2021-04-01,1,5,1,46.33,1
91937,2019-03-10,1,2,11,2.45,0
88733,2019-03-08,1,8,12,43.75,1
19224,2022-09-18,3,6,5,28.11,0
27546,2020-01-26,1,10,13,37.68,1
33065,2019-05-27,1,6,1,32.47,0
13201,2022-09-08,1,10,9,24.74,0
93561,2021-05-12,1,1,1,12.11,0
63411,2021-08-03,3,6,13,27.3,0
21436,2019-01-16,2,6,5,20.06,0
58949,2021-02-19,1,10,6,11.55,0
98297,2020-02-16,3,10,1,37.53,0
35374,2019-01-16,2,1,1,45.62,0
85890,2023-12-25,1,10,9,14.81,1
81814,2023-09-22,3,6,10,42.48,0
58508,2021-06-08,2,6,9,17.72,0
68680,2019-04-21,2,7,12,36.52,0
20093,2023-08-10,2,10,9,34.86,1
66914,2020-04-25,2,4,9,20.94,0
90423,2020-11-21,2,10,2,17.57,0
26297,2019-10-11,1,7,2,40.34,0
80115,2020-06-06,3,6,13,28.71,0
12490,2023-07-22,1,6,12,42.75,0
89800,2022-03-20,3,2,3,40.72,0
8596,2023-11-13,1,8,6,4.68,0
20973,2023-09-09,2,10,13,48.75,1
77974,2023-06-01,2,2,5,48.75,0
65073,2020-05-28,2,10,5,44.1,0
90035,2023-01-24,1,6,1,48.46,0
2451,2022-04-22,3,6,5,7.7,0
43244,2021-05-28,3,2,4,6.59,0
45168,2019-02-10,1,6,1,28.3,0
43247,2019-09-17,1,8,4,45.43,0
57544,2020-02-13,1,10,1,14.21,0
28671,2023-01-01,2,5,12,18.94,1
26945,2022-10-06,3,8,12,2.42,0
68987,2019-02-09,3,2,3,38.7,0
44907,2021-11-16,3,8,3,10.06,0
22569,2022-06-11,2,6,2,41.84,0
44301,2022-09-25,3,1,12,2.89,0
2357,2022-12-23,2,8,4,27.34,1
92400,2022-05-06,1,7,5,22.73,0
89628,2023-03-19,3,4,2,21.87,1
15553,2021-02-11,2,6,3,24.17,0
21,2019-07-14,2,8,1,33.1,0
47543,2021-02-22,1,5,5,28.7,0
18452,2019-04-09,1,5,12,4.72,0
87259,2021-01-17,2,4,8,41.59,0
37653,2019-12-12,1,4,11,46.77,0
39359,2021-05-24,3,4,7,17.79,0
4257,2022-08-20,1,6,6,35.58,0
42426,2019-08-06,1,8,1,42.68,0
78536,2021-06-21,2,6,10,2.59,0
58244,2021-01-10,1,1,8,5.6,0
80486,2019-08-02,3,2,7,4.53,0
77599,2019-02-28,2,2,11,43.79,1
61544,2022-09-29,2,7,1,4.02,0
89206,2019-10-28,2,5,7,22.23,0
98291,2021-06-06,2,8,2,44.8,0
53671,2021-10-31,2,6,7,4.99,0
44622,2020-08-25,3,6,1,42.2,0
22308,2021-11-06,3,4,8,27.54,0
74101,2023-05-22,3,4,8,42.1,0
18945,2023-03-10,2,1,1,11.32,0
98459,2023-05-14,1,8,13,38.4,0
72770,2021-12-19,1,5,10,40.54,0
16330,2021-11-25,2,1,13,2.89,0
72480,2023-12-06,2,8,1,17.3,1
62201,2021-06-19,1,4,4,28.53,0
99300,2019-11-07,2,10,2,45.13,0
20448,2022-09-09,1,4,1,16.12,0
42722,2019-02-27,1,8,3,41.54,1
81725,2022-10-02,1,10,1,32.78,0
28761,2021-08-04,2,8,2,12.91,0
26758,2022-02-06,1,7,13,25.06,1
39580,2019-12-14,3,4,10,3.24,0
17444,2019-03-18,1,9,13,21.16,0
31035,2022-06-08,2,5,8,44.24,0
60513,2020-09-27,1,6,2,16.28,1
2238,2022-08-10,2,4,10,24.32,0
33802,2022-09-14,1,4,7,36.95,0
26606,2020-11-11,2,10,9,8.95,0
18707,2019-12-18,3,10,1,35.23,0
46705,2021-02-28,1,6,10,25.86,0
73912,2020-06-26,1,4,2,28.2,1
87919,2021-12-29,2,3,3,8.28,0
48699,2019-09-24,3,6,13,36.29,0
97166,2019-10-05,1,3,12,4.62,0
8001,2022-01-10,3,3,5,24.47,0
14379,2023-01-29,1,3,2,17.89,0
74508,2019-10-24,2,10,13,35.01,0
3484,2021-09-22,2,5,11,14.87,0
42147,2020-10-15,2,7,10,8.85,1
3927,2022-04-16,1,9,2,35.06,0
84704,2022-12-24,2,8,6,7.87,0
46568,2019-01-17,2,3,5,45.47,0
28495,2022-10-27,1,7,9,38.1,0
50171,2023-07-22,1,10,8,23.01,0
42035,2020-06-01,1,2,2,16.23,0
72978,2023-03-24,2,1,9,34.41,0
91062,2019-01-21,2,1,9,33.57,0
46039,2019-05-25,1,4,7,27.59,0
63009,2022-01-30,2,4,5,17.58,1
47225,2019-06-22,2,8,11,28.89,0
51701,2019-02-23,1,4,12,40.44,0
47722,2020-11-08,1,3,12,18.89,0
40909,2022-12-01,2,3,6,6.86,0
90449,2020-05-09,1,1,13,41.66,0
91334,2020-07-20,2,4,2,22.04,0
42089,2023-01-04,3,9,4,49.1,0
48994,2019-04-29,1,7,13,9.95,1
43382,2023-05-03,2,4,12,7.83,1
46400,2020-07-09,3,8,13,23.89,0
63584,2023-01-19,3,7,10,43.29,0
77543,2021-09-06,3,6,12,43.92,1
57865,2019-04-27,1,2,1,42.97,1
39674,2023-05-30,3,6,9,38.4,0
4140,2019-11-05,2,7,4,10.28,0
91069,2019-12-22,1,6,7,47.27,1
48771,2023-02-03,1,5,5,45.08,0
47606,2020-03-20,3,6,11,25.42,0
28088,2019-05-19,2,5,7,6.66,0
52342,2022-09-29,3,2,5,8.59,1
1773,2019-06-25,3,6,12,21.51,0
30747,2022-05-17,2,4,7,24.72,0
1319,2023-04-14,3,6,8,3.81,0
89629,2019-02-09,1,1,2,2.34,0
88338,2022-12-28,2,8,8,20.64,0
64825,2022-04-25,1,2,3,45.79,0
57081,2022-08-10,3,2,2,30.99,0
91634,2020-06-24,1,6,4,38.74,0
30030,2022-04-17,3,2,9,37.25,0
58299,2021-12-27,1,6,13,21.16,0
27646,2022-10-05,3,6,6,44.38,0
73920,2019-05-14,2,5,4,22.51,0
92499,2021-12-20,2,4,9,6.72,0
44544,2022-06-03,2,10,3,4.68,1
25671,2023-07-04,1,3,9,13.83,0
70284,2022-07-31,1,4,6,17.26,1
21233,2019-07-20,3,7,5,19.46,0
34654,2019-05-01,3,2,13,24.64,0
80510,2020-01-30,2,10,5,28.31,0
10167,2021-08-26,2,1,11,23.23,0
51117,2023-04-10,1,7,5,20.58,0
78871,2023-08-17,2,1,4,5.54,0
59968,2021-04-22,2,1,8,23.18,0
91771,2021-04-11,2,9,12,38.07,0
6752,2020-03-16,1,4,4,32.24,0
20571,2022-12-08,1,2,3,44.25,0
14909,2020-10-23,2,7,12,31.79,0
79764,2023-09-27,3,3,5,12.32,0
81078,2022-09-10,3,8,12,35.32,0
3134,2022-10-30,2,6,6,45.36,0
82165,2019-01-31,1,10,13,37.01,0
47296,2022-01-18,1,10,8,12.23,1
11909,2023-01-09,3,10,7,32.59,0
18446,2023-07-13,3,6,6,26.44,1
58789,2019-02-06,1,8,7,46.78,0
92731,2021-11-02,2,7,5,37.77,1
36231,2022-04-21,2,1,12,21.26,0
11927,2021-05-17,3,8,10,24.47,0
41557,2019-08-31,3,8,5,31.88,0
25859,2022-09-21,2,6,10,14.83,0
75650,2020-02-25,1,3,2,18.47,0
12501,2019-09-27,2,8,1,49.47,0
89554,2021-08-23,2,6,1,41.75,0
49346,2022-07-18,2,2,13,9.05,0
94875,2020-04-04,2,6,4,8.4,0
70696,2022-09-03,2,6,12,36.51,0
94151,2021-09-11,2,1,9,30.87,0
24787,2022-06-16,3,4,8,18.61,0
98613,2023-07-29,2,10,13,34.8,1
11185,2023-09-12,2,3,11,7.33,0
79054,2019-07-30,3,3,8,31.37,0
55136,2019-02-14,2,3,8,4.9,0
89740,2021-01-11,2,3,5,21.75,0
24617,2019-10-24,2,4,4,38.15,0
31908,2019-09-13,1,1,12,29.46,0
40402,2021-09-13,2,2,10,32.12,0
51468,2020-07-25,2,3,6,7.51,0
98109,2023-03-27,1,8,2,46.88,0
377,2022-10-10,3,7,6,9.7,0
46526,2019-10-01,2,5,10,29.78,1
25357,2023-10-06,1,8,8,39.69,0
67584,2023-08-30,2,7,6,16.55,0
61099,2022-09-01,1,2,1,5.63,0
58507,2022-06-21,2,1,1,4.28,0
22782,2023-12-31,2,10,2,25.27,1
33940,2019-08-10,1,9,6,12.69,0
86651,2020-01-29,3,1,11,29.59,0
95734,2022-11-07,3,4,11,47.54,0
78909,2019-11-14,3,9,10,43.47,0
68288,2020-11-01,1,2,6,49.36,0
31647,2019-01-19,3,5,7,15.16,1
87805,2019-05-06,1,2,6,29.02,0
46091,2021-09-18,2,2,5,28.68,0
23646,2022-06-29,1,3,1,24.65,0
15426,2021-07-07,1,6,9,49.67,1
86255,2020-04-17,3,3,11,3.46,0
39033,2022-01-31,3,7,8,48.27,0
26255,2022-02-07,1,9,2,40.23,1
6339,2022-06-13,3,4,2,49.82,0
32442,2021-06-22,3,5,7,24.07,1
75339,2020-02-11,3,10,2,22.84,1
35466,2019-11-04,3,7,4,40.36,0
58622,2023-10-30,3,3,10,21.31,1
5841,2019-10-01,2,9,11,15.29,1
49446,2019-10-09,1,9,11,37.84,0
7784,2022-09-15,1,4,6,47.66,1
51567,2021-10-22,1,4,13,11.8,0
39656,2021-11-03,1,5,11,40.03,0
36424,2020-11-28,3,6,3,35.21,0
67756,2019-07-31,1,10,7,39.72,0
36754,2022-12-25,1,6,13,4.9,1
40588,2022-04-07,2,1,6,49.43,0
96875,2021-03-12,2,4,10,32.77,0
48342,2021-04-02,1,9,11,20.91,1
52553,2023-12-25,3,2,6,30.19,0
36223,2022-01-05,3,9,13,27.75,0
10545,2023-12-11,1,2,1,18.25,0
59435,2020-04-05,1,10,12,6.51,0
2759,2019-04-15,1,8,2,42.06,0
48308,2021-04-19,1,1,11,25.17,0
47345,2021-04-12,1,9,13,32.79,0
68574,2020-01-21,1,2,6,46.66,0
30757,2021-02-15,3,10,13,34.09,0
46542,2023-07-22,1,1,1,18.94,1
93551,2023-05-30,2,1,11,45.42,1
69225,2021-03-04,2,1,12,46.36,0
144,2023-04-15,2,4,4,10.6,0
53984,2020-08-29,3,4,6,26.76,0
36987,2023-08-28,3,6,6,8.4,0
50158,2023-09-29,1,6,9,15.55,1
35489,2022-12-29,2,3,2,21.92,0
60664,2020-01-08,2,10,6,16.91,0
3039,2020-10-29,1,2,11,40.72,0
45003,2020-09-13,1,9,10,32.92,0
73025,2022-01-17,3,2,13,14.29,0
16734,2019-05-14,3,4,7,20.51,0
89363,2022-02-06,2,7,6,48.58,0
14681,2019-10-23,1,6,4,5.74,0
5188,2020-05-26,1,4,11,24.02,0
36399,2022-06-30,2,8,8,37.3,1
78740,2023-04-11,2,6,5,26.42,0
75496,2022-06-21,3,1,9,24.26,0
42972,2021-12-29,1,3,13,22.48,0
21390,2020-05-02,3,3,12,47.89,0
51230,2019-09-13,3,4,7,43.79,1
17744,2020-01-15,3,4,12,9.13,0
54851,2023-10-25,3,8,12,35.64,0
96576,2020-07-04,3,4,5,49.26,0
50680,2021-10-09,3,10,2,24.37,0
54114,2021-04-18,2,7,2,19.8,0
77569,2023-01-26,3,1,11,19.03,0
19881,2021-06-19,2,3,3,40.68,0
84173,2021-02-12,1,1,4,20.71,0
95729,2022-04-08,1,7,5,19.04,0
11960,2020-04-19,2,5,10,22.09,1
99699,2021-06-20,2,9,1,18.45,1
95499,2019-07-07,1,7,8,5.29,0
14398,2023-11-20,1,1,13,26.18,0
10956,2019-08-11,2,8,8,20.68,0
51789,2021-03-24,3,4,10,32.93,0
19414,2021-05-17,3,7,5,10.46,0
57981,2019-07-07,2,8,11,26.19,0
53565,2021-12-28,2,7,10,11.89,0
69269,2020-11-14,3,8,9,30.22,0
51721,2021-03-16,2,7,7,7.27,0
79366,2022-11-10,3,6,4,19.29,0
57168,2021-03-16,1,7,13,48.22,0
9408,2022-10-30,1,5,9,28.7,0
57517,2022-08-13,1,10,6,12.26,0
56797,2020-07-05,1,1,4,12.03,0
58580,2023-10-19,2,7,10,31.09,0
64850,2021-12-17,2,2,10,36.03,0
52762,2020-03-07,3,4,1,36.19,1
54889,2021-07-08,3,7,9,15.77,1
38607,2023-09-03,1,9,10,27.74,0
11016,2022-02-28,3,1,13,42.28,0
56199,2022-02-06,2,7,8,16.85,0
70147,2019-08-05,1,7,9,27.01,0
18234,2021-12-31,2,10,13,25.68,0
5220,2021-10-18,1,5,12,42.23,0
18045,2021-09-15,1,5,13,19.39,0
64053,2022-07-05,2,5,9,31.41,0
74660,2021-02-23,1,4,3,13.61,0
60146,2022-05-28,2,8,2,10.59,0
83570,2023-10-15,3,3,8,19.99,0
50567,2023-08-26,3,7,8,18.48,0
8301,2021-02-04,2,5,13,32.15,0
43311,2021-02-25,3,5,4,20.93,0
24524,2023-10-29,2,9,11,14.87,0
61988,2020-01-31,1,5,8,27.1,0
20742,2023-09-28,2,3,9,36.29,0
20305,2020-05-21,3,6,6,46.4,0
82947,2020-04-17,3,8,13,7.7,0
50807,2020-07-20,3,6,13,8.21,0
33779,2019-07-10,3,10,4,12.63,0
48056,2022-07-30,3,1,12,28.15,0
61318,2022-05-10,3,10,6,44.03,0
23902,2023-08-11,1,1,6,38.41,0
43786,2019-08-18,3,4,5,28.77,0
15752,2019-06-08,3,9,11,14.27,0
7346,2021-08-20,2,5,2,6.93,0
94292,2022-01-21,1,8,9,16.82,0
83594,2021-08-14,2,7,13,10.09,0
90759,2022-08-24,1,9,3,25.6,0
84180,2022-08-12,3,8,13,24.43,0
35844,2022-01-23,3,5,11,41.97,0
34513,2023-03-23,2,1,4,46.82,0
27989,2023-04-04,1,10,13,48.48,0
5233,2020-09-03,3,9,4,39.47,0
79992,2021-12-20,2,7,11,14.57,0
1827,2022-08-31,3,8,10,13.69,0
83791,2022-04-01,2,4,6,15.85,1
95749,2020-02-27,1,2,5,9.71,1
77893,2020-06-11,2,7,9,30.82,0
3389,2019-01-11,2,5,8,48.46,0
29105,2020-02-24,2,8,1,2.93,0
4524,2022-07-30,2,3,5,37.53,0
9398,2023-12-17,3,1,4,45.93,0
46103,2021-11-16,2,10,13,30.12,0
32897,2019-03-21,3,3,6,15.5,0
86897,2019-08-03,3,2,4,23.15,0
92341,2023-01-14,3,7,10,11.52,0
83351,2021-07-14,2,6,6,25.59,0
54913,2020-08-22,1,10,3,21.47,1
29024,2019-12-06,3,8,4,8.32,0
74570,2019-07-19,2,5,2,3.79,0
47747,2020-05-30,2,10,12,40.43,0
99927,2019-09-01,1,4,6,21.25,1
1200,2020-10-30,1,6,13,21.18,1
16805,2023-03-19,2,6,3,49.19,0
41932,2022-03-13,1,7,8,10.4,0
58946,2023-05-24,2,2,2,19.17,0
68264,2021-08-30,3,8,4,28.02,0
55091,2019-02-19,3,5,12,7.99,0
8638,2019-09-23,3,6,10,16.52,0
56409,2020-06-07,2,7,1,32.44,0
77302,2020-02-18,2,5,4,4.76,0
71474,2019-04-03,1,9,2,47.69,0
17791,2023-11-28,1,3,13,47.75,0
36518,2022-04-26,3,5,8,46.91,0
25024,2023-05-19,3,7,12,18.02,0
79013,2023-04-21,1,1,13,45.14,0
65522,2020-11-12,1,4,11,8.86,0
72219,2021-01-12,1,4,1,7.01,1
59093,2022-06-19,2,2,10,36.27,0
5700,2023-09-05,2,4,2,6.61,0
11020,2022-09-21,1,10,5,43.15,1
84778,2020-03-24,3,2,10,7.17,0
74939,2021-06-08,2,4,1,8.31,0
58340,2019-04-07,3,5,5,10.38,0
71044,2023-08-10,3,3,1,16.65,0
50363,2020-11-24,3,4,5,37.93,0
49591,2022-05-27,2,7,4,9.62,1
90104,2022-10-03,3,9,7,35.64,0
95298,2023-12-31,1,4,10,17.68,0
2294,2019-03-25,2,6,3,45.61,1
28944,2022-07-16,2,1,11,48.18,0
46016,2021-12-19,1,2,3,33.7,1
71635,2023-08-07,3,1,3,15.36,0
39857,2022-11-30,3,4,8,38.37,0
12305,2022-05-05,2,1,8,20.69,1
45107,2019-05-16,2,6,11,32.9,0
82783,2022-03-11,1,5,13,44.1,1
21070,2019-04-15,1,3,6,48.19,0
78000,2019-06-10,1,10,3,34.44,1
670,2021-06-02,3,10,8,25.8,0
81837,2019-05-25,2,10,4,49.03,0
99350,2019-01-14,1,8,10,49.68,0
55553,2023-04-21,2,8,4,16.33,0
84672,2020-12-20,2,8,4,7.4,0
91671,2021-01-23,2,10,8,41.51,0
69685,2020-11-04,1,8,4,41.74,0
54687,2022-08-29,2,3,1,13.78,0
49228,2019-08-26,1,2,7,26.38,0
10779,2020-02-19,3,9,8,7.5,1
69,2023-02-03,2,5,7,40.54,0
57056,2022-06-22,3,9,3,7.72,1
92424,2022-12-31,2,9,1,22.25,0
78626,2023-04-26,2,3,4,45.21,0
69305,2019-10-14,2,1,9,38.53,0
31912,2022-11-19,3,8,6,19.96,0
60197,2020-08-04,2,3,4,38.62,1
52846,2019-03-11,2,6,8,34.83,0
36268,2019-10-07,1,4,1,11.91,1
29533,2021-08-25,2,6,4,40.0,0
76204,2022-06-25,1,10,2,8.93,0
51656,2019-10-10,3,1,4,13.99,0
48922,2020-05-18,1,10,3,13.14,0
92569,2020-11-22,2,7,2,35.19,0
72103,2020-03-28,3,2,11,38.93,0
73615,2020-09-03,1,10,7,44.89,1
19491,2020-05-17,3,2,10,31.64,0
25943,2023-09-17,2,1,1,39.66,0
42894,2023-12-15,2,3,11,6.54,0
19808,2022-06-09,2,3,5,11.11,0
6122,2019-07-31,1,2,8,21.38,1
39760,2023-11-30,1,2,7,9.94,0
42419,2023-02-25,2,8,13,19.43,0
17928,2022-05-17,1,8,9,19.68,1
23581,2019-05-26,2,8,4,5.92,0
998,2019-06-12,2,4,1,43.42,0
96750,2023-09-17,2,10,6,8.32,0
92782,2023-06-02,3,2,1,24.72,0
83955,2022-09-20,1,7,4,26.28,0
20748,2020-02-20,2,2,9,4.33,0
34859,2020-04-20,2,1,10,10.49,0
16747,2021-06-18,3,3,7,46.84,0
68400,2019-08-14,1,2,10,40.68,0
22518,2019-05-03,1,6,1,49.99,0
31158,2020-10-08,2,5,8,46.54,1
93251,2022-10-29,3,10,6,6.7,1
50881,2019-02-27,3,10,1,3.09,0
22216,2020-01-21,3,2,11,22.3,1
9366,2023-08-04,2,6,5,28.45,0
16063,2019-09-21,1,2,12,26.62,0
48674,2023-07-17,2,3,4,41.18,0
79197,2021-10-07,2,9,11,27.22,0
92134,2023-06-25,3,4,2,46.24,0
52993,2022-01-17,1,3,9,25.82,0
36118,2019-01-24,1,9,6,31.38,0
54797,2019-11-09,3,8,6,41.45,0
25892,2021-08-20,1,10,3,23.36,0
22366,2021-10-23,1,1,8,42.91,0
59642,2019-06-13,3,10,10,2.17,1
33771,2020-06-19,3,2,1,19.66,0
74975,2022-03-22,2,9,10,33.92,0
22493,2022-10-31,1,5,8,39.61,0
45075,2022-01-01,2,6,3,24.99,0
94564,2023-09-14,1,5,5,32.97,0
84707,2020-01-06,1,9,12,21.03,0
68146,2020-10-31,1,9,13,16.69,0
24210,2023-11-30,3,6,3,28.53,0
74251,2019-07-08,3,6,10,28.28,0
44897,2023-06-05,1,10,6,22.21,0
93204,2019-04-27,3,5,7,36.93,0
73882,2019-12-28,2,6,2,23.27,0
39283,2020-04-25,3,2,2,37.03,1
32264,2020-02-03,2,6,8,35.15,0
75916,2021-12-08,3,2,13,7.34,0
7579,2023-11-06,2,1,3,3.19,0
29414,2020-11-08,1,9,11,34.2,0
20301,2023-02-27,3,1,9,33.01,0
26984,2022-04-11,1,5,3,25.12,1
48894,2021-10-25,3,2,1,35.45,0
6971,2023-12-18,2,5,1,10.89,1
58484,2019-01-17,1,9,2,9.77,0
83402,2021-01-16,2,7,11,21.53,0
68835,2023-01-19,3,6,3,32.7,0
9965,2021-03-20,3,4,5,48.5,0
97408,2021-01-22,3,5,12,44.33,0
18257,2019-07-26,2,2,4,10.71,0
77183,2023-06-25,1,9,7,41.68,0
94282,2021-09-23,2,2,7,40.37,0
55562,2020-06-07,3,3,13,7.33,0
35022,2021-06-01,1,5,2,38.59,0
39223,2019-08-08,2,9,12,47.12,1
90150,2020-04-05,2,5,9,41.92,0
96816,2019-04-09,2,5,12,23.68,0
58260,2022-02-20,1,4,9,38.38,0
65203,2020-12-06,3,6,4,41.45,0
23432,2020-02-15,1,4,6,46.66,1
73676,2022-08-07,1,2,8,7.81,0
94399,2021-08-30,3,4,1,2.55,0
17911,2023-08-06,2,9,8,30.67,0
9798,2022-09-17,3,2,12,43.33,0
43366,2020-07-22,3,1,5,25.5,0
67352,2021-08-28,2,3,9,5.37,0
72706,2022-04-04,1,6,5,33.5,0
36184,2022-07-09,3,1,5,48.13,1
91840,2020-02-26,3,8,6,20.62,0
15672,2019-05-17,1,8,13,19.87,0
13905,2020-09-16,2,9,8,34.93,0
20362,2019-10-20,2,2,11,45.36,1
75275,2023-09-03,1,10,11,40.25,0
99039,2020-12-23,2,1,9,48.69,0
13081,2020-12-18,2,5,4,36.22,0
70111,2023-06-19,1,2,7,12.46,0
93855,2021-10-14,1,10,9,49.17,0
76245,2021-04-07,3,9,13,14.78,0
89725,2020-08-03,1,7,2,7.3,0
20767,2023-10-29,3,3,2,17.43,1
50295,2021-09-06,2,10,5,15.68,0
48566,2021-11-21,1,5,2,3.79,0
25480,2022-12-29,1,10,7,46.33,0
22399,2020-01-19,1,8,5,25.61,0
38339,2023-12-17,1,1,5,25.22,0
37266,2021-03-10,1,7,8,47.3,0
76755,2021-04-12,3,2,6,8.56,0
13505,2022-12-17,1,8,8,41.75,0
82961,2023-07-07,3,1,6,33.9,0
81998,2022-07-28,1,6,7,18.87,0
18921,2019-01-20,3,3,13,7.3,0
88979,2023-05-05,1,5,7,21.65,1
64627,2022-09-05,3,9,10,45.14,0
17690,2020-05-14,3,3,8,44.13,0
50326,2019-07-25,2,8,10,46.54,0
95281,2020-05-08,2,6,9,34.35,0
15966,2022-03-11,2,2,13,44.51,0
6259,2023-09-30,2,2,12,39.67,0
61423,2023-06-19,1,6,8,9.5,1
66503,2020-06-07,1,7,10,17.28,0
67464,2022-11-03,3,4,12,11.55,0
88643,2021-10-30,2,3,4,43.78,0
71710,2020-07-26,3,4,3,16.26,0
51321,2022-01-19,2,3,10,48.76,0
24420,2023-11-21,3,6,11,7.47,0
10912,2022-05-28,2,7,2,18.52,0
75661,2019-03-20,1,2,8,42.43,0
86194,2022-04-25,2,4,7,29.55,0
75477,2021-09-07,2,5,9,44.41,1
26309,2023-05-18,2,1,13,45.53,0
88838,2021-10-29,1,5,11,40.18,0
65345,2020-08-29,2,3,2,25.37,0
12585,2021-02-05,1,9,4,5.37,0
92872,2020-08-11,3,9,5,49.62,1
88410,2019-12-16,3,8,4,32.08,0
10924,2020-04-25,3,10,1,30.58,0
95601,2023-03-15,3,8,8,10.11,0
82633,2020-08-05,1,1,7,24.81,0
29967,2023-02-18,1,7,8,16.47,0
92996,2021-06-27,1,1,7,25.06,0
7173,2022-07-13,2,8,12,46.21,0
26910,2021-11-13,2,1,13,6.34,0
95261,2022-07-28,3,5,4,35.4,0
54430,2019-04-17,3,10,6,35.46,1
5610,2021-02-08,2,4,2,20.51,0
68525,2020-08-25,1,10,4,44.58,0
89174,2022-09-20,3,10,9,48.43,0
77951,2021-09-01,1,3,5,39.83,0
16344,2022-03-25,1,2,10,11.76,0
52953,2020-07-17,1,1,10,2.21,1
96169,2020-11-26,1,1,2,32.65,0
18996,2020-02-26,2,3,11,8.37,0
24570,2021-01-15,3,7,4,13.27,1
60984,2020-08-31,1,8,13,20.13,0
24982,2021-02-25,2,4,11,6.78,0
59874,2019-10-22,2,6,9,33.77,0
98099,2020-02-03,2,10,5,26.42,0
32059,2019-11-11,3,9,4,8.33,0
24913,2021-02-27,3,9,7,38.63,0
11144,2021-08-16,1,8,7,40.91,0
55025,2019-09-02,1,9,8,35.46,0
23555,2022-04-15,1,2,6,35.22,0
52274,2020-02-21,2,10,6,11.22,0
25675,2021-09-17,2,7,1,37.24,0
95613,2022-07-05,3,2,4,37.89,0
37387,2022-07-11,2,9,6,48.21,0
85401,2023-05-04,1,9,5,47.59,0
2385,2019-12-13,2,7,3,8.04,1
25894,2020-05-05,3,4,8,20.21,0
52751,2019-06-26,1,2,12,12.34,1
15601,2019-02-23,2,4,1,27.6,0
7886,2021-12-25,3,9,9,3.14,1
31921,2021-07-06,1,7,5,36.03,0
26320,2021-05-30,1,10,7,8.32,0
36254,2019-04-05,3,6,2,31.75,0
46904,2022-03-14,1,5,11,37.94,1
71083,2021-10-27,2,3,11,35.15,0
57521,2019-05-30,3,8,7,8.62,0
68656,2021-04-09,3,7,11,48.99,0
89543,2023-09-17,3,8,10,27.99,1
38047,2020-10-08,1,1,5,29.13,0
16129,2023-04-20,3,3,9,37.3,0
64667,2020-11-18,2,4,13,12.37,0
21801,2022-08-13,1,7,12,8.51,0
98706,2021-05-13,1,8,7,34.49,0
17959,2019-04-07,2,5,5,9.21,0
42152,2022-01-26,2,5,2,40.24,0
11274,2022-01-24,2,7,7,34.33,0
35283,2019-10-08,1,1,5,18.44,1
34721,2020-07-25,1,5,2,49.3,0
87174,2019-05-08,3,10,13,34.14,0
57174,2019-10-11,2,10,5,32.87,0
46055,2020-08-30,3,6,5,13.03,0
68576,2023-06-06,1,10,8,36.69,1
82465,2022-07-11,2,5,2,9.7,0
32543,2020-08-11,3,10,9,44.95,0
4050,2020-01-29,2,10,5,4.53,0
16711,2019-03-17,3,9,7,26.06,0
64345,2023-06-03,2,9,4,36.34,0
85258,2023-10-11,2,3,7,27.55,0
76291,2019-08-06,3,6,11,22.0,0
50443,2019-05-04,2,1,6,28.25,0
10740,2023-09-11,2,4,7,29.75,0
68384,2023-08-24,1,3,2,49.47,0
10886,2020-10-21,3,3,4,30.76,0
91448,2023-07-14,2,1,11,28.89,0
16227,2021-06-12,1,4,10,31.14,0
35478,2021-02-09,2,3,11,42.77,0
41735,2021-03-10,3,5,7,22.07,0
21614,2021-05-16,2,9,7,9.9,1
74113,2023-01-24,3,4,8,14.59,0
8334,2021-10-26,1,9,6,17.53,0
72629,2020-10-20,3,8,6,47.46,0
61277,2022-12-21,3,10,4,36.61,1
92454,2023-02-17,3,9,7,4.53,0
50278,2019-09-16,2,1,8,20.36,0
23836,2019-04-02,3,1,6,33.01,0
99959,2020-08-17,2,4,3,46.92,0
44086,2019-11-18,2,10,13,14.2,0
90778,2020-09-01,2,4,7,44.32,0
60014,2020-09-27,3,3,9,21.58,0
4644,2019-03-10,3,4,4,12.98,0
78212,2021-02-13,1,3,4,10.34,0
97364,2023-02-07,1,5,6,39.13,0
92194,2019-11-14,3,5,13,28.14,0
78445,2023-11-08,1,5,5,23.13,0
20660,2023-08-19,1,1,3,39.3,0
33875,2022-03-27,1,10,5,27.24,0
83657,2021-03-18,1,9,3,4.65,0
15199,2019-11-07,3,9,9,12.26,0
67457,2023-06-27,2,7,1,45.14,0
87971,2021-06-12,3,5,7,5.77,0
36890,2020-06-21,1,3,4,43.54,1
29924,2023-01-22,2,8,12,11.79,0
71065,2019-08-03,3,4,2,26.0,0
46656,2022-08-10,3,6,13,42.21,0
7703,2023-02-05,3,10,2,32.77,0
58303,2020-02-07,3,6,10,6.78,0
24398,2020-06-14,2,4,12,40.96,0
433,2022-08-28,2,8,2,14.98,0
66314,2022-09-06,1,6,3,23.61,1
86222,2023-05-22,1,2,13,8.75,0
2868,2021-10-24,2,3,3,47.93,0
77289,2022-06-07,2,5,10,24.3,0
40722,2019-08-04,3,4,1,2.45,0
96547,2022-08-23,3,9,10,23.36,0
7383,2022-04-05,3,5,2,5.57,0
73991,2022-10-03,1,4,11,41.19,0
68564,2020-01-13,3,2,1,20.14,0
8429,2020-08-22,2,4,12,16.13,0
14393,2019-10-07,1,5,10,37.67,0
17158,2022-10-07,1,9,2,9.18,0
20434,2020-07-05,2,2,13,4.56,1
82784,2020-11-25,3,4,10,38.81,0
24781,2022-03-08,2,2,5,33.1,0
66592,2020-07-28,3,2,6,3.14,0
20627,2020-01-15,1,8,3,15.61,0
10589,2021-01-03,1,10,10,28.63,0
39821,2021-11-17,2,7,13,32.04,0
72652,2023-11-30,3,8,6,38.11,0
21302,2022-11-04,2,9,1,28.54,0
31938,2023-11-21,1,8,4,33.17,1
86059,2021-02-18,2,10,7,29.04,0
16392,2021-07-28,1,6,8,25.37,0
62200,2023-12-07,2,3,9,44.17,0
9516,2021-12-18,1,5,10,40.17,0
15953,2023-04-14,1,3,3,46.86,0
80178,2021-08-06,1,6,3,19.46,0
91073,2023-05-27,3,8,4,8.22,0
18077,2019-01-11,3,2,12,38.74,1
15450,2020-09-12,3,7,4,4.52,0
58754,2019-11-17,2,7,7,10.04,0
98252,2019-09-21,2,7,10,40.53,0
86081,2019-11-14,3,3,5,44.39,0
43002,2022-06-14,1,6,12,10.15,0
13582,2022-11-08,3,1,11,45.23,0
56305,2022-03-07,2,9,5,36.81,0
38476,2023-11-18,3,9,3,25.73,0
76942,2019-07-27,2,7,7,23.37,0
18018,2023-07-02,1,1,1,46.09,1
48848,2020-11-09,1,10,4,44.95,0
93227,2023-03-21,2,7,5,16.4,0
86183,2023-04-26,2,5,3,28.28,0
7578,2023-02-26,1,2,9,28.1,0
83193,2019-05-08,3,7,12,12.7,0
68295,2019-08-21,2,8,8,15.49,0
94457,2019-01-01,1,4,5,46.38,0
70463,2020-12-24,2,2,7,33.46,0
9983,2021-10-19,2,7,5,3.46,0
26706,2022-07-07,1,3,8,30.67,0
34204,2019-12-19,3,2,9,41.95,1
87980,2022-03-04,3,8,1,16.71,1
57227,2019-05-10,1,1,6,14.07,0
24948,2020-11-22,2,1,3,4.44,1
17330,2020-03-06,2,7,9,27.58,0
37194,2023-01-24,2,6,8,22.35,0
1488,2020-04-23,1,1,12,5.44,0
70752,2019-12-24,1,6,11,25.84,0
7769,2021-07-03,3,5,9,29.79,1
73500,2020-04-20,1,9,12,42.24,0
39167,2022-09-04,1,3,1,9.99,0
42539,2023-03-07,1,1,9,22.65,0
98856,2020-07-28,2,4,12,18.17,0
78237,2023-01-23,1,3,2,15.69,0
68506,2023-12-07,1,2,8,18.2,0
44212,2021-05-25,1,8,4,3.29,0
64818,2022-04-16,1,6,1,12.03,0
30580,2019-10-19,3,4,11,37.8,0
11796,2021-09-16,3,6,13,28.28,0
65640,2023-02-19,2,1,12,28.85,0
8852,2023-12-30,1,8,10,9.4,0
88197,2023-08-13,3,8,4,37.88,1
70960,2023-01-19,1,7,5,22.04,0
23766,2021-10-11,2,10,13,26.43,0
25308,2023-07-30,1,3,1,24.35,0
39041,2023-08-25,3,3,8,10.81,0
47024,2021-01-29,2,2,13,44.79,0
55566,2019-07-10,1,3,13,12.74,0
90428,2022-09-28,2,2,3,41.89,0
64319,2022-03-29,2,6,9,30.18,0
31963,2021-07-13,3,6,7,25.28,0
40242,2019-08-06,3,5,12,27.26,1
96400,2020-11-24,2,1,5,12.68,0
46205,2020-04-07,3,8,10,9.68,0
43331,2022-10-13,2,3,3,32.02,0
10981,2021-04-29,3,4,7,41.87,0
10722,2023-04-19,1,4,10,14.92,0
66194,2020-02-23,1,7,5,10.93,1
82115,2019-02-19,1,3,3,32.56,0
28943,2020-01-04,3,10,4,18.23,0
45630,2023-04-17,2,5,4,10.25,1
71394,2020-03-06,1,9,4,41.35,0
62979,2020-08-12,3,3,9,34.38,1
99563,2023-06-28,3,4,12,11.11,0
53055,2021-04-04,3,8,2,10.74,0
29120,2019-04-07,1,4,13,45.12,1
30163,2022-12-22,1,2,1,20.82,0
35310,2022-02-22,3,5,4,34.02,1
51079,2019-06-07,3,9,4,3.36,0
73161,2019-05-17,2,3,1,18.87,0
14880,2020-12-13,3,7,7,27.47,0
42372,2021-05-25,2,3,9,23.21,0
93530,2021-10-25,3,1,9,26.48,0
42195,2021-11-24,2,2,4,15.12,0
84754,2020-02-04,2,8,10,32.16,0
69424,2020-07-19,2,5,3,9.55,0
83417,2022-05-06,1,1,12,5.74,0
8030,2022-07-14,1,5,3,6.61,0
84788,2022-01-10,3,5,1,33.62,0
27023,2022-09-06,3,10,13,43.6,0
51088,2019-10-08,1,4,12,19.1,0
52625,2021-08-11,2,5,12,46.64,0
99118,2023-12-20,2,2,8,18.02,0
78437,2019-10-26,1,9,10,45.66,0
63076,2020-12-28,2,6,4,43.01,0
26496,2023-10-18,2,4,6,12.2,0
31308,2020-06-01,2,1,4,29.5,0
71589,2020-02-07,1,1,2,2.88,0
4265,2022-10-11,2,3,7,31.78,1
850,2021-02-21,3,5,13,4.13,0
81930,2019-01-03,3,4,2,38.41,0
61453,2019-06-17,1,10,7,30.38,0
56582,2023-07-01,2,4,7,15.29,0
37067,2019-10-14,3,10,2,23.98,0
27361,2019-10-31,3,5,2,36.35,0
10495,2019-11-23,3,1,7,36.03,0
13912,2019-12-14,1,1,3,18.89,0
13694,2022-08-19,2,8,4,29.36,0
32226,2021-06-11,1,9,5,17.54,0
20728,2023-09-26,3,9,3,34.15,0
24716,2023-01-19,2,5,1,15.56,0
85846,2022-05-10,1,4,11,15.82,0
76286,2022-07-31,2,2,7,30.02,0
79854,2023-12-04,2,9,6,4.58,0
92094,2019-08-23,2,1,8,44.28,0
37761,2022-05-27,3,9,5,13.77,0
42241,2023-05-17,1,6,10,25.52,1
66416,2019-03-27,1,1,7,19.13,0
3379,2023-11-02,2,2,7,23.04,0
92425,2021-12-20,3,3,1,46.14,0
51103,2021-07-01,3,8,3,6.57,1
42056,2023-10-13,2,6,13,43.5,1
4835,2020-11-12,1,10,6,34.42,0
7947,2020-02-28,1,8,12,39.15,0
90260,2022-05-20,2,7,9,12.71,0
98166,2023-12-12,1,1,12,4.65,0
41984,2019-01-29,2,7,2,28.29,1
92396,2022-08-05,1,10,5,35.43,1
8199,2023-10-29,2,1,4,47.1,0
62402,2019-08-29,3,1,8,9.15,0
64834,2021-10-01,3,5,3,2.91,0
32600,2019-03-25,1,2,3,24.77,0
48666,2019-11-13,3,1,6,27.02,0
76903,2021-01-08,1,4,2,47.94,0
38058,2019-07-15,3,3,4,22.99,0
86666,2022-09-18,2,5,10,42.81,1
4273,2019-04-20,3,6,12,47.02,0
28283,2021-02-17,1,8,8,4.95,0
67922,2019-02-11,1,9,1,15.82,0
55013,2019-06-23,1,3,7,12.1,0
5831,2022-04-20,3,3,13,27.37,0
43221,2022-01-29,1,8,7,37.34,0
66881,2023-07-07,2,1,3,24.68,0
10683,2021-03-16,2,6,5,17.29,0
72173,2023-11-19,1,10,5,16.38,1
32844,2022-08-08,1,5,8,4.99,0
65131,2021-11-05,3,7,2,30.9,1
70970,2021-04-06,2,6,11,30.34,0
76992,2021-08-15,2,8,1,37.03,0
41662,2023-02-25,2,5,6,26.1,1
76570,2022-03-11,3,5,4,16.25,1
85782,2020-05-01,1,5,12,29.48,1
54448,2023-03-01,3,7,4,30.84,0
33672,2022-12-30,2,9,1,25.01,0
49114,2022-10-07,2,10,2,20.16,1
29537,2021-03-30,3,2,2,17.99,0
53577,2020-03-29,1,8,6,16.4,0
53010,2019-01-29,1,4,7,19.52,0
44030,2021-07-05,3,6,13,27.39,0
1452,2022-05-22,2,3,2,45.37,0
73474,2019-05-14,3,1,8,6.75,0
41752,2021-01-23,3,6,13,7.42,0
48540,2021-02-20,1,4,1,33.84,0
64975,2021-12-21,2,4,13,4.34,0
9169,2019-11-22,3,5,4,15.57,0
97964,2021-07-07,3,9,6,30.84,0
76023,2023-06-20,2,5,4,5.73,0
37244,2021-05-22,1,10,13,7.73,0
63225,2019-06-09,3,1,4,11.14,0
29573,2020-03-26,3,10,6,38.47,0
33613,2020-11-12,2,10,11,9.46,0
23639,2022-09-24,2,8,4,31.95,0
42283,2019-04-11,2,9,9,42.79,0
47265,2021-10-24,2,6,7,44.14,0
92770,2022-08-07,3,9,8,14.42,0
35942,2019-03-22,1,8,9,24.02,0
10776,2021-05-07,3,5,7,21.32,0
94609,2023-12-05,2,1,2,35.05,0
59041,2022-05-27,1,7,1,20.32,0
28845,2022-03-16,1,7,6,42.53,0
35726,2019-02-23,1,9,7,48.83,0
3857,2022-06-26,2,3,11,45.82,1
69591,2020-04-22,1,8,12,41.09,1
26239,2022-09-22,1,6,10,27.39,0
34425,2022-01-08,3,5,7,20.04,1
46309,2023-12-23,3,5,4,45.54,1
22649,2019-04-03,3,4,10,7.06,1
80177,2022-07-20,3,10,13,7.2,1
71878,2021-09-17,1,5,1,24.19,0
81390,2019-08-26,1,10,13,27.54,0
26291,2023-04-02,1,1,7,24.42,0
33122,2023-08-13,1,5,7,18.64,0
91159,2022-09-08,3,7,5,45.43,0
49828,2020-08-15,2,2,6,45.83,0
62434,2019-08-28,3,10,5,31.25,0
62735,2023-10-16,3,9,9,42.59,0
26059,2021-11-10,3,3,3,31.86,0
17587,2019-02-23,3,2,8,26.86,0
45337,2020-05-01,1,2,10,35.2,0
35736,2023-12-04,1,1,13,44.65,1
3321,2022-06-27,1,6,4,34.66,0
52478,2020-10-13,3,3,1,15.07,0
35961,2019-09-04,3,5,7,2.15,0
30053,2020-05-07,3,2,9,38.48,0
18186,2020-08-29,3,7,12,36.93,0
49734,2019-04-20,1,2,9,11.86,0
14266,2021-01-20,2,7,3,37.24,0
63191,2020-04-22,3,1,6,26.64,0
88810,2019-04-18,1,3,6,41.82,0
99253,2022-05-03,3,5,3,26.78,0
86825,2022-07-30,3,6,9,5.31,0
42647,2020-08-16,1,9,4,16.66,1
35444,2022-09-02,2,3,11,47.48,0
56221,2023-06-18,2,9,4,3.27,0
34492,2020-03-11,2,10,9,12.36,0
81137,2020-02-12,2,3,3,40.71,0
78453,2020-09-02,3,4,1,33.85,0
77877,2019-03-22,2,2,12,27.71,0
17920,2021-09-16,3,1,10,17.23,0
30843,2021-02-16,1,9,4,27.09,0
62659,2020-11-11,2,8,10,11.78,0
74773,2020-06-08,2,3,9,4.92,0
33327,2022-10-28,3,6,13,16.31,0
79567,2023-05-13,3,10,5,28.77,0
17642,2023-07-25,2,7,4,42.02,1
8787,2020-05-29,3,2,2,3.87,0
36358,2020-05-07,2,3,13,28.46,0
11701,2020-04-12,2,8,11,30.66,1
15234,2022-07-21,3,8,7,11.4,1
83144,2023-08-19,2,9,12,17.76,0
24456,2023-07-03,1,6,1,6.23,0
87910,2020-11-25,1,1,11,36.1,0
79689,2019-04-05,2,8,11,2.38,0
55743,2020-09-15,3,6,5,14.77,0
52526,2022-06-10,3,3,7,21.75,0
42261,2020-01-28,1,4,6,40.62,0
83194,2021-09-02,1,10,12,20.56,0
95774,2020-07-29,1,8,9,34.78,0
36327,2021-05-07,1,4,3,21.74,0
89442,2023-10-15,1,2,2,39.7,0
6383,2022-02-14,3,10,4,33.55,1
7893,2019-05-31,3,8,2,26.61,0
72260,2021-10-18,3,9,6,4.59,0
15069,2019-11-13,1,6,6,26.32,0
70797,2020-02-03,3,10,10,30.4,1
91511,2020-01-27,1,1,7,30.4,0
26302,2022-04-06,3,7,4,3.55,0
5882,2022-02-01,2,7,7,38.63,0
24093,2020-10-09,2,2,5,29.7,0
9136,2023-07-05,2,6,12,27.67,0
91877,2019-07-18,3,7,13,32.09,0
127,2020-06-07,1,7,10,29.12,0
3310,2023-07-08,1,2,10,26.86,0
89655,2020-05-09,3,6,12,33.66,0
53689,2023-11-08,1,4,10,13.16,0
71823,2022-10-09,1,8,5,6.35,0
16074,2022-10-28,3,9,2,24.74,1
79148,2023-03-30,1,6,12,23.11,0
65743,2020-12-30,1,1,11,11.17,0
86652,2019-01-12,1,7,8,20.86,1
71366,2023-09-20,2,3,5,43.51,1
94311,2021-08-24,3,2,2,12.45,0
60001,2021-06-10,1,6,9,42.81,1
77344,2019-07-10,3,3,4,9.4,1
32055,2023-10-10,3,10,12,13.66,1
80518,2020-10-13,1,4,13,24.66,0
76891,2021-05-09,1,8,3,29.32,0
40723,2020-06-23,1,1,1,38.54,0
97864,2020-01-01,2,7,11,41.45,0
97021,2023-06-28,3,3,13,18.29,0
64644,2020-09-18,1,4,9,27.2,0
4702,2021-10-10,2,9,10,21.75,0
52871,2019-07-28,2,10,11,42.45,0
99232,2023-12-15,3,6,3,20.37,0
98777,2020-02-16,3,3,12,15.28,0
31519,2020-05-30,3,1,12,20.1,0
63900,2020-06-16,3,9,8,10.13,0
42823,2020-04-10,3,3,11,19.0,0
4625,2023-01-28,1,10,12,3.99,0
11932,2022-12-02,3,3,5,31.65,0
85942,2021-07-13,3,6,4,45.61,0
45294,2021-08-04,3,8,11,34.04,0
20921,2020-07-26,3,8,1,14.35,0
15145,2020-01-14,3,9,2,12.62,0
36040,2022-02-02,1,6,1,47.52,0
47905,2022-11-04,2,8,6,24.96,0
84422,2022-04-07,1,7,3,14.51,0
58399,2020-06-22,1,3,4,14.82,0
57789,2019-02-14,2,1,13,39.76,0
24936,2022-12-17,3,8,4,48.94,0
25748,2020-06-07,1,4,4,5.19,0
82888,2023-09-27,3,1,4,19.6,0
84288,2021-04-16,2,6,2,32.44,0
2346,2023-04-19,1,1,2,36.37,0
70163,2019-08-04,2,6,2,39.77,1
93720,2022-03-13,1,7,1,13.84,0
67106,2019-07-05,2,6,4,3.19,0
42619,2023-05-27,2,8,6,42.3,1
51335,2020-08-24,3,1,1,26.89,0
79425,2023-11-17,1,7,6,10.84,1
44191,2020-11-19,1,6,13,16.75,0
58362,2020-07-27,1,10,8,45.75,0
44372,2021-03-15,3,3,12,20.31,0
65502,2021-04-11,3,4,2,25.97,0
37756,2020-01-12,3,7,9,48.73,0
37024,2021-05-18,2,5,3,48.98,0
4425,2022-09-10,3,8,10,49.12,0
12665,2020-09-26,2,10,13,37.44,0
19813,2023-10-25,3,4,12,37.0,0
17831,2020-07-15,2,9,11,35.12,0
40556,2022-03-24,2,6,4,6.68,0
200,2019-02-22,3,2,8,49.5,0
19575,2023-04-27,3,4,8,19.22,0
4091,2021-11-08,1,7,13,12.97,0
43714,2022-12-23,1,5,9,8.76,1
68814,2022-02-01,3,5,9,3.84,0
44541,2021-06-07,1,8,8,12.8,0
47595,2019-11-17,2,6,6,27.41,0
71355,2019-03-19,3,1,8,2.21,0
66012,2020-10-21,1,3,2,4.91,0
76408,2020-02-03,2,1,8,43.23,0
8020,2022-12-31,2,6,13,44.41,0
55728,2023-09-03,1,7,1,36.69,0
7729,2020-03-14,3,2,5,47.04,0
91100,2023-03-21,2,2,7,28.91,0
27514,2019-06-30,1,1,6,27.89,1
56359,2023-06-30,3,10,1,18.49,0
66883,2022-01-27,1,9,5,29.8,0
83500,2019-12-09,2,7,5,10.14,0
94090,2020-07-12,2,10,12,45.86,0
15631,2021-12-03,1,6,7,36.27,1
14894,2020-08-29,1,4,8,21.22,0
46769,2023-01-12,1,1,12,26.59,0
64237,2021-12-21,2,9,3,46.0,0
10344,2023-09-22,1,8,10,30.74,1
65701,2023-12-12,2,4,8,15.19,0
89455,2019-10-21,2,9,11,10.53,0
77672,2021-10-10,1,5,1,43.42,1
88598,2021-05-07,3,1,1,29.65,0
55099,2020-04-20,2,4,11,16.49,0
83251,2020-02-26,1,10,13,14.46,0
12529,2022-01-19,2,6,11,17.39,0
24724,2022-11-17,1,5,11,16.11,0
92961,2020-10-19,2,1,5,20.8,0
89952,2023-06-14,2,1,8,12.87,0
1593,2020-04-26,2,6,5,22.72,0
28794,2022-12-17,3,2,3,33.2,0
12263,2020-07-03,1,8,3,47.15,0
94746,2021-01-17,3,7,8,24.87,1
69135,2020-09-14,1,3,1,10.92,0
92150,2021-06-06,3,8,12,20.95,0
55264,2022-09-16,3,8,6,22.44,1
337,2021-11-09,2,9,6,4.7,1
15231,2019-03-06,2,9,12,30.75,0
174,2021-02-23,1,2,1,11.93,0
31999,2020-10-08,1,2,3,11.82,0
79110,2020-04-06,3,7,6,20.19,0
69094,2020-01-06,3,1,8,32.05,0
39051,2019-01-29,3,8,2,26.13,0
25274,2019-12-20,3,7,1,43.84,0
73723,2023-02-23,1,4,8,25.82,1
33236,2021-05-04,3,6,2,43.39,0
29469,2020-12-21,1,2,12,32.65,0
6487,2023-08-04,2,3,8,47.49,0
96280,2023-06-24,1,2,4,13.77,0
63360,2020-12-01,3,5,11,36.36,0
69142,2020-02-06,1,10,6,30.35,0
13015,2023-07-21,3,8,11,40.81,0
22654,2023-10-29,1,2,9,27.89,0
17009,2019-04-26,2,5,12,46.42,0
73857,2021-10-23,1,1,10,41.14,0
16072,2021-02-20,3,10,9,37.94,0
50749,2022-06-28,2,7,5,48.69,0
14061,2022-04-18,2,5,5,28.7,0
30628,2023-04-13,3,6,7,22.64,0
48721,2022-03-19,3,9,13,10.02,0
76400,2023-05-11,3,3,9,47.84,0
39409,2023-08-30,1,2,10,37.65,0
76964,2019-10-27,1,2,1,4.27,0
30214,2022-02-20,3,5,5,27.55,0
55126,2021-11-27,2,5,7,49.69,0
86950,2023-06-21,3,3,12,30.76,1
39547,2023-08-05,1,2,4,35.03,0
53883,2023-04-19,1,9,8,37.95,0
82290,2020-02-18,1,6,13,11.16,0
96039,2021-04-05,2,8,4,29.57,0
73355,2020-11-05,2,8,2,16.55,0
88235,2023-06-16,2,9,5,49.3,0
83282,2023-02-10,2,10,11,37.97,1
18184,2023-05-19,2,9,11,22.86,0
97143,2022-03-07,1,4,10,17.95,0
42202,2020-10-08,1,8,5,7.88,0
32924,2020-06-09,2,6,7,24.14,0
8526,2023-06-17,1,6,12,29.4,0
9247,2019-09-02,1,4,3,17.89,0
68214,2023-12-06,3,8,10,14.78,0
22085,2020-07-29,2,6,11,21.89,0
53406,2022-10-30,2,2,5,48.46,0
74410,2019-02-25,1,9,4,19.38,1
53964,2021-11-13,1,2,11,9.31,0
73836,2023-09-08,3,3,12,14.88,0
31451,2023-06-16,3,7,3,35.64,0
57083,2020-05-08,2,3,8,23.47,0
96817,2022-09-02,3,10,10,20.93,0
82601,2023-03-24,2,7,12,21.97,0
84940,2021-01-14,1,6,4,40.61,0
86009,2021-07-17,2,5,4,12.5,0
15806,2020-09-14,1,1,2,39.68,1
14265,2019-10-02,2,1,11,36.24,0
10523,2020-10-20,1,1,3,33.23,0
81916,2019-01-01,2,6,12,9.51,0
99906,2020-12-05,1,1,7,28.69,0
30563,2020-01-14,1,3,10,25.99,1
215,2021-02-08,1,6,6,28.2,1
7426,2022-10-03,3,3,6,13.88,0
27751,2023-12-29,2,8,12,19.13,0
66440,2023-03-17,1,6,2,19.73,0
14441,2022-03-12,3,8,8,23.61,0
85582,2023-02-14,1,7,4,7.83,0
36755,2023-08-30,1,8,9,20.16,0
78441,2023-02-28,3,6,13,44.09,0
35742,2022-12-01,3,4,3,17.45,0
54809,2019-05-11,1,4,7,20.73,0
97575,2022-02-08,2,5,5,42.68,0
40851,2019-06-07,2,3,5,17.54,1
17594,2020-06-13,3,10,10,19.55,0
18991,2020-01-15,1,6,6,6.57,0
69423,2019-03-18,2,6,2,36.69,1
37783,2019-06-01,1,2,5,49.27,0
17591,2019-09-19,2,7,2,37.71,0
21886,2023-03-17,3,1,3,18.02,1
87261,2022-10-27,2,2,13,49.31,0
77412,2022-11-23,1,6,9,30.3,0
90895,2022-08-06,2,6,9,43.39,1
9741,2022-06-15,1,8,12,27.24,0
34386,2021-07-25,3,10,1,2.0,0
48738,2020-12-13,2,1,8,33.06,0
68204,2021-09-18,1,10,7,42.3,0
64869,2019-09-29,2,1,7,17.08,0
96050,2020-04-28,1,7,10,15.03,0
58997,2021-08-31,3,9,8,5.75,0
71665,2019-03-15,2,10,11,17.76,0
96536,2021-08-03,1,5,12,35.09,0
48583,2023-01-15,1,3,10,25.8,1
47562,2019-07-11,3,3,8,19.98,0
42939,2020-09-22,2,2,6,24.37,0
76901,2020-09-02,2,4,9,46.26,0
65872,2023-12-30,1,8,12,10.68,0
74679,2020-01-31,2,8,12,29.63,0
61751,2022-12-13,3,4,7,20.88,1
53441,2021-10-14,1,9,4,45.0,0
22819,2020-06-20,1,6,7,12.6,0
69744,2021-09-27,2,9,9,39.52,0
92303,2019-07-04,2,3,2,28.94,0
85874,2020-10-24,2,6,5,31.84,0
61972,2020-05-27,2,8,8,49.94,0
42184,2019-04-11,3,3,2,44.95,1
39047,2023-09-19,1,5,7,47.59,0
3646,2020-01-19,1,3,12,48.86,0
94799,2023-02-07,2,4,5,41.48,0
5710,2022-03-28,3,2,6,33.67,1
35426,2020-07-23,1,7,1,37.73,0
16819,2023-03-26,1,3,11,14.55,0
35692,2021-08-17,2,5,13,48.26,0
84413,2019-06-20,3,6,12,14.4,0
2311,2019-08-29,2,9,3,39.48,0
45340,2022-01-19,1,4,12,37.67,0
34214,2022-03-06,2,10,12,27.52,0
78358,2022-05-07,3,3,7,4.22,0
14453,2023-12-14,3,9,4,13.49,0
18710,2021-02-04,2,3,3,29.02,0
6125,2019-01-15,2,1,9,45.04,0
44987,2019-12-09,3,9,4,35.59,0
29444,2023-01-22,1,1,1,24.24,0
60885,2023-02-16,2,2,9,31.91,0
60452,2022-07-16,3,7,11,13.27,0
34475,2019-03-29,1,3,9,39.66,0
67567,2021-04-03,2,6,10,47.24,0
12620,2020-05-30,2,7,13,5.41,0
76983,2022-08-31,2,9,6,48.43,0
4721,2022-05-10,3,6,2,37.31,0
3906,2023-10-19,1,7,8,12.89,0
65700,2022-10-22,2,4,11,45.02,0
8913,2021-01-19,3,6,2,4.79,0
63663,2020-11-18,3,3,12,31.66,0
86422,2023-06-27,1,3,11,21.98,0
52525,2021-07-23,1,10,10,15.34,0
19473,2019-11-08,1,3,9,48.91,0
51737,2022-01-24,1,8,3,47.11,0
89936,2020-10-04,1,1,9,35.53,0
80630,2023-02-10,2,8,4,7.54,1
98993,2023-11-06,1,2,6,19.56,0
20823,2023-09-28,1,10,1,3.29,0
50684,2019-01-22,1,4,5,32.88,0
91194,2022-10-18,1,3,2,22.82,1
92426,2020-07-25,1,1,1,33.84,0
43752,2021-02-18,1,7,2,24.17,0
35878,2019-01-02,1,3,2,49.13,0
85120,2019-07-12,3,3,1,42.46,0
24649,2020-05-31,2,2,7,32.76,1
69314,2023-01-30,3,10,6,28.09,1
60137,2020-09-25,1,1,7,18.35,1
86755,2020-03-04,1,3,5,24.4,0
17996,2023-09-17,3,4,7,13.05,0
57146,2023-08-23,3,10,4,43.8,0
54305,2021-06-16,3,6,3,37.05,0
13598,2022-11-27,3,7,1,37.35,0
91789,2023-10-12,1,1,9,31.82,0
85673,2023-07-02,1,8,12,9.76,1
31813,2021-07-19,3,10,3,19.78,0
65292,2021-05-16,1,6,4,9.52,0
25524,2022-06-28,3,2,3,48.58,1
86310,2023-06-26,2,6,7,40.12,0
79959,2021-10-23,2,1,9,9.17,1
82492,2022-02-10,3,2,13,15.34,1
48325,2023-04-25,2,7,10,17.35,0
3228,2022-02-12,2,9,3,24.93,0
28851,2020-07-20,1,5,4,14.56,0
60738,2020-11-02,1,2,6,37.2,0
22372,2021-01-16,2,5,9,24.89,1
60829,2021-03-31,3,5,13,43.87,1
18264,2022-02-06,3,2,12,6.96,1
94037,2020-03-27,2,10,12,49.54,0
66603,2019-01-24,3,9,6,31.93,1
69355,2022-04-10,3,5,3,5.33,1
61639,2023-04-04,3,9,2,11.18,0
74133,2021-08-26,3,6,5,33.13,0
36085,2023-03-09,1,7,2,21.68,0
60337,2020-10-27,1,6,9,7.63,1
29805,2019-01-24,1,2,6,35.39,0
41959,2021-11-18,2,4,13,40.92,0
70592,2023-09-25,2,3,4,4.45,0
83991,2019-07-14,1,7,8,35.4,0
48930,2019-05-18,1,7,5,36.72,1
7166,2022-04-27,1,2,11,46.73,0
76165,2020-12-20,3,4,8,45.34,1
65928,2023-11-23,2,1,5,36.5,0
57097,2019-09-01,1,10,10,42.06,0
84113,2022-06-13,1,6,7,10.25,0
90773,2021-06-20,1,9,3,37.39,0
12351,2022-06-15,2,6,8,42.8,0
36705,2019-02-22,2,7,2,48.43,0
25966,2022-06-04,2,4,12,3.19,0
79371,2020-07-22,3,1,11,38.24,0
44444,2021-04-02,1,9,1,30.96,0
34916,2019-01-07,1,9,13,44.04,0
3899,2021-02-05,1,9,7,12.28,0
99327,2019-04-14,2,4,9,24.29,0
18886,2020-01-21,3,1,11,40.76,0
94651,2023-02-12,1,6,7,46.73,1
73979,2021-07-03,1,7,3,25.01,0
16847,2021-04-11,1,10,3,20.06,0
23968,2021-07-03,2,10,5,5.39,0
37683,2020-10-14,2,8,4,16.06,0
82743,2020-08-05,2,6,10,43.68,1
73337,2021-10-19,2,7,8,41.2,0
59424,2020-01-20,2,10,2,34.49,0
7736,2022-06-22,2,6,11,38.95,0
27939,2023-09-17,1,7,3,12.49,0
88156,2023-10-15,1,3,10,29.71,0
20658,2020-12-19,1,6,10,38.37,0
90152,2019-04-17,3,5,9,9.34,0
49637,2019-08-31,1,3,1,18.66,0
35511,2019-03-01,3,9,7,24.7,0
67562,2022-07-12,1,1,5,32.63,0
49936,2022-09-04,2,8,5,2.82,0
17621,2021-10-04,1,2,2,14.52,0
3133,2019-07-07,3,9,2,45.43,0
46493,2021-01-09,1,7,9,17.06,0
15782,2021-03-06,3,3,9,39.83,1
53124,2021-11-03,2,5,3,17.37,0
6201,2020-08-30,3,8,4,19.98,1
55079,2022-02-18,1,3,11,24.93,0
21309,2022-05-10,2,7,4,5.43,0
68395,2022-03-31,3,8,1,22.18,0
27128,2020-03-13,3,5,2,8.21,0
92775,2021-08-07,3,7,13,39.12,0
31443,2023-10-24,3,10,9,32.34,0
29969,2022-04-07,3,2,8,6.56,1
76459,2022-01-08,3,6,3,25.48,0
72740,2023-05-18,2,1,7,27.72,0
33990,2020-07-30,1,4,6,18.81,0
53887,2020-04-21,2,10,7,40.56,0
13798,2019-09-11,2,8,13,45.36,0
73534,2021-02-19,3,8,6,42.8,0
85809,2023-05-22,1,6,11,26.94,0
11453,2021-10-16,1,9,11,45.36,1
47425,2023-02-07,2,2,11,30.24,0
41842,2020-12-19,2,3,7,25.99,0
56460,2023-11-16,3,1,11,36.0,1
78999,2019-08-13,3,8,2,39.26,0
4105,2022-11-03,2,1,3,29.46,0
89436,2019-01-12,3,7,13,34.34,1
70010,2019-06-28,1,6,1,11.92,0
24686,2020-05-27,2,8,7,7.98,0
66364,2019-04-19,3,9,8,2.62,0
78477,2022-03-01,1,1,9,5.57,0
99883,2021-11-08,2,4,6,41.29,0
93983,2019-06-13,1,8,1,39.53,0
7512,2019-08-25,2,8,9,36.84,1
57155,2022-06-04,1,9,3,10.05,0
76295,2020-05-11,3,4,5,31.5,0
84360,2019-07-17,1,3,5,4.49,0
27872,2022-10-01,3,4,4,5.14,0
52128,2020-10-22,1,9,5,47.19,1
94905,2021-11-05,3,3,8,27.95,0
34897,2019-05-16,2,6,1,18.11,0
41324,2022-03-30,2,5,9,11.92,1
40975,2023-04-29,2,7,5,24.04,0
45715,2022-09-25,3,9,7,27.87,1
63405,2019-04-04,1,10,12,16.22,0
47355,2022-12-04,2,1,5,43.85,0
86588,2021-01-02,1,9,2,47.99,0
66535,2023-03-03,2,3,4,48.77,1
10636,2022-12-08,3,9,12,41.83,0
56736,2023-08-22,1,2,6,24.65,0
80121,2019-09-29,1,5,9,3.15,0
45367,2020-04-05,3,10,1,47.57,1
87218,2019-01-04,2,9,12,21.3,0
55100,2020-12-02,3,5,5,2.26,0
21372,2023-11-22,2,3,11,30.23,0
43367,2022-10-21,1,2,13,28.71,0
47531,2020-07-05,3,5,4,37.32,0
4752,2022-05-22,2,2,4,19.3,1
45365,2021-07-03,3,10,5,4.89,0
60925,2023-05-25,2,6,1,5.57,0
3309,2022-08-26,3,4,9,32.49,0
68482,2020-09-25,2,10,5,42.33,0
40204,2022-08-29,2,1,6,36.54,0
94547,2020-08-24,3,4,10,29.32,0
6772,2020-07-14,2,8,11,30.14,0
28322,2023-12-25,3,1,8,46.45,0
89010,2022-12-29,1,6,7,17.94,0
80150,2022-12-28,1,5,12,6.65,0
20382,2021-03-18,1,8,5,39.49,1
3109,2021-05-26,2,4,6,20.69,0
30013,2023-11-26,1,7,10,45.76,1
17993,2023-12-04,1,1,1,6.22,1
81383,2020-12-04,2,8,2,29.63,0
27482,2021-10-28,2,4,6,7.21,0
283,2023-04-22,2,9,8,31.75,0
61965,2023-08-17,2,8,7,41.04,0
48387,2022-12-15,1,2,2,43.42,0
72157,2023-01-10,2,4,11,45.52,0
52933,2020-04-24,3,8,1,27.01,1
10185,2021-06-14,1,9,8,34.76,0
93173,2023-02-06,2,7,4,47.29,0
20313,2019-05-31,1,6,8,13.28,0
25918,2023-08-04,3,3,10,21.23,0
97825,2020-05-02,1,8,13,37.72,0
26109,2023-05-23,1,3,6,8.51,0
3959,2023-03-22,1,1,7,32.06,0
41483,2021-10-10,3,9,5,33.62,0
3025,2021-05-22,1,2,13,33.7,0
64094,2021-08-02,2,7,9,14.28,0
84001,2022-01-23,1,4,8,19.0,0
66055,2023-03-09,3,1,11,15.05,0
37050,2022-11-19,3,3,8,45.97,0
25069,2020-06-01,2,7,8,7.63,0
48517,2021-06-09,2,3,3,5.57,0
61620,2020-05-20,2,10,13,2.08,0
42242,2020-05-17,3,8,13,42.17,0
18488,2019-10-28,2,7,1,4.67,1
68211,2019-11-24,1,7,3,8.67,0
68274,2021-07-26,2,7,10,24.36,0
89093,2019-12-17,1,5,11,11.8,0
71385,2019-11-16,2,10,8,42.72,0
89058,2019-09-16,2,4,4,36.37,0
17796,2019-07-07,3,2,11,31.98,0
39228,2019-03-28,2,3,2,47.92,0
65050,2021-10-23,1,9,7,18.12,0
59856,2021-11-02,2,5,12,26.7,0
97624,2022-11-29,2,4,8,40.42,0
16465,2022-09-11,3,7,6,34.62,0
39901,2019-03-21,1,7,6,11.96,0
20757,2021-09-08,2,1,8,28.73,1
59984,2020-03-04,1,5,8,8.75,1
43929,2023-04-09,3,6,8,43.1,0
47433,2023-01-22,1,1,3,5.25,1
7253,2021-01-20,1,5,2,7.7,0
64795,2021-10-01,3,10,7,15.28,0
81656,2022-06-27,3,7,12,46.32,1
64465,2020-05-21,1,4,1,18.17,0
48662,2020-11-18,1,7,11,38.78,0
26234,2023-03-24,1,8,13,4.25,0
32172,2021-11-02,2,5,9,42.06,0
67002,2020-12-07,1,3,2,24.45,0
62845,2019-08-20,3,1,6,17.64,0
27108,2021-01-21,1,3,10,36.17,0
61198,2019-01-23,3,7,8,11.68,0
32563,2020-07-29,2,2,10,5.47,0
67390,2019-06-09,1,10,3,18.32,0
90356,2021-03-18,1,1,13,3.83,1
10622,2021-12-10,2,3,8,33.75,0
581,2020-11-12,3,1,3,2.39,0
72548,2019-03-29,3,10,2,35.23,1
54633,2022-12-03,2,3,13,42.06,0
5092,2021-11-14,1,7,13,47.27,0
93675,2019-03-12,1,10,9,43.17,0
64236,2019-04-24,1,1,10,9.83,0
19610,2020-05-25,3,8,11,11.71,0
34177,2021-07-10,3,7,7,28.88,0
51118,2022-02-24,3,1,5,23.61,1
6342,2020-01-14,1,1,3,5.5,0
61112,2021-12-15,2,2,7,7.35,0
84499,2019-06-12,2,10,3,2.49,0
63446,2023-04-27,3,5,3,30.86,0
31796,2021-04-22,3,10,10,16.89,0
28888,2020-05-12,1,2,10,19.02,0
96956,2020-09-05,2,10,13,48.11,0
1010,2022-09-26,3,3,5,21.42,0
15737,2019-09-28,2,5,6,40.76,0
29568,2021-04-20,1,6,11,25.86,1
12091,2019-11-13,1,3,13,38.31,0
32424,2022-03-20,3,10,6,41.93,0
33836,2020-05-16,1,9,7,12.37,0
56366,2019-10-13,3,10,5,18.91,0
10769,2023-05-28,1,4,2,21.35,0
20732,2020-08-05,1,8,4,22.67,0
55578,2022-07-11,2,4,2,28.86,0
26678,2021-10-12,3,6,8,32.25,0
36033,2020-04-28,2,8,10,30.42,0
49311,2019-02-28,1,8,10,4.29,0
15654,2022-02-21,3,3,11,36.21,0
25443,2022-04-08,2,9,4,15.4,1
43689,2020-08-18,1,6,1,17.66,0
485,2020-03-02,3,7,9,31.17,1
21887,2020-04-19,3,10,11,13.24,0
47309,2021-12-20,2,2,10,18.87,0
60982,2021-06-22,1,10,10,43.33,0
98478,2019-04-22,3,1,11,27.7,0
1816,2021-09-28,2,6,4,8.96,0
60727,2023-11-24,2,4,7,14.87,0
45435,2021-07-11,2,5,11,49.44,0
43133,2022-12-10,1,3,11,24.79,0
28852,2021-11-12,1,3,2,10.06,0
57101,2019-12-07,2,7,13,7.92,0
7761,2023-09-24,2,6,8,9.2,0
96666,2020-04-07,2,3,3,12.59,0
63410,2020-04-11,3,9,9,22.75,0
37926,2020-09-24,1,4,5,26.26,0
73402,2020-05-25,1,3,10,28.73,0
6207,2023-04-11,3,3,13,5.41,0
14278,2022-07-09,2,5,5,19.42,0
64412,2019-01-25,3,5,1,34.17,0
6919,2020-05-09,3,5,8,28.52,0
89259,2020-06-23,1,6,1,33.98,0
1709,2020-04-26,3,9,13,40.18,0
46811,2022-08-08,1,7,6,9.85,0
25628,2021-09-30,3,9,3,40.96,1
5054,2021-12-10,2,2,6,46.68,0
83083,2020-01-19,3,8,5,13.78,0
35461,2023-04-21,2,7,11,14.22,0
1338,2019-07-04,1,9,13,33.96,0
36197,2020-07-27,1,1,7,19.44,0
87725,2019-01-30,1,3,10,30.1,0
33781,2021-02-20,1,10,11,25.48,0
22100,2022-06-29,2,10,2,41.71,0
31438,2020-05-16,1,3,1,12.89,0
39269,2023-06-08,3,9,1,39.18,0
51708,2019-05-20,2,3,7,14.44,1
48891,2023-07-24,2,7,8,8.02,0
59048,2021-01-10,3,8,9,10.09,0
39436,2019-05-07,2,7,2,43.02,1
27878,2021-09-14,3,8,9,24.62,0
82210,2022-02-02,2,1,11,48.85,0
12271,2022-07-18,1,9,11,10.52,0
60754,2021-07-05,1,5,13,19.83,0
94329,2022-10-24,2,3,5,43.91,0
75754,2022-08-13,3,9,6,23.73,0
30420,2022-12-12,2,6,8,13.69,0
83552,2020-01-11,1,5,9,28.18,0
92691,2021-12-11,3,5,9,28.45,0
54271,2020-02-01,2,3,5,31.29,0
74218,2023-01-07,1,7,12,35.5,1
86259,2022-08-22,3,6,9,30.29,0
34670,2020-05-26,1,6,3,7.51,1
63975,2023-05-12,2,8,1,18.01,0
95422,2020-11-13,1,3,2,32.36,0
70494,2021-02-13,3,5,9,30.53,0
57881,2023-03-13,3,9,11,20.99,0
1526,2021-08-20,3,8,8,15.57,0
62792,2022-09-18,3,1,5,11.86,0
90743,2020-11-11,3,9,3,20.65,0
46414,2022-10-13,3,10,5,25.95,0
53744,2023-11-27,3,10,3,40.58,0
59398,2021-11-13,3,1,12,20.81,0
73793,2021-01-14,3,2,12,11.28,1
52628,2020-04-25,2,4,3,4.55,0
69642,2023-01-25,2,4,2,12.51,0
67442,2023-05-22,2,7,2,43.58,0
6477,2019-12-19,2,10,8,13.6,0
1729,2022-11-30,2,4,10,21.97,0
57405,2020-10-02,3,2,3,46.33,0
47492,2019-03-14,1,1,4,23.32,0
7017,2021-04-14,3,6,12,37.58,0
73048,2023-04-15,2,1,9,18.66,0
4156,2019-12-02,1,3,2,44.49,0
38137,2021-04-16,3,5,3,20.57,0
10122,2019-12-25,1,4,9,34.57,0
72772,2019-08-15,3,7,10,2.48,0
35126,2019-12-30,2,2,4,43.63,0
8181,2023-03-28,2,5,7,29.39,1
56310,2019-02-22,3,2,6,29.5,0
79124,2023-04-19,1,4,6,37.88,0
71805,2021-09-13,3,8,10,3.41,0
27541,2023-07-08,1,3,2,39.78,1
95763,2019-04-11,1,9,5,7.5,0
53790,2021-09-16,3,8,1,32.71,0
96859,2020-03-16,2,5,7,36.35,0
28597,2023-12-15,1,7,12,25.03,0
59900,2020-01-28,2,4,11,11.16,0
94202,2021-11-16,2,7,3,32.79,0
43014,2023-03-15,1,4,1,39.28,1
98612,2019-03-31,2,7,5,4.84,0
67040,2020-12-05,2,8,5,14.5,0
86386,2019-08-05,3,1,2,47.99,0
51293,2023-10-12,3,9,1,22.99,0
76487,2021-02-27,2,10,9,31.87,0
90505,2021-01-03,1,2,3,24.97,0
54716,2022-04-10,2,8,9,2.73,0
28972,2019-07-05,2,10,11,47.07,0
57679,2020-01-30,3,2,7,6.86,0
31433,2020-09-17,1,8,11,12.62,0
21400,2021-08-06,3,8,13,24.54,0
30602,2019-01-22,3,9,4,9.49,0
39227,2021-01-19,1,7,1,20.02,1
25927,2021-09-22,1,3,13,38.29,0
70577,2021-10-04,1,1,3,42.7,0
16571,2023-01-09,3,1,12,30.59,0
7480,2021-10-18,3,5,7,45.39,0
28555,2022-09-06,1,8,8,41.88,0
60258,2021-10-19,3,10,6,3.85,1
83722,2020-08-20,2,10,3,11.31,0
53892,2020-06-16,3,2,8,49.43,0
65670,2021-12-21,3,1,2,3.37,0
68089,2021-03-16,1,10,3,12.37,0
16118,2021-02-13,2,7,3,28.94,0
63816,2021-05-19,1,9,9,27.04,0
35526,2021-06-22,3,10,13,3.35,0
87686,2021-11-06,1,2,11,33.91,0
22318,2022-11-23,1,8,8,31.2,0
91235,2023-04-10,1,6,13,42.27,1
80187,2023-03-15,3,9,3,9.94,1
18850,2020-04-26,2,7,12,46.9,0
92742,2022-05-30,3,6,1,29.93,0
27770,2019-11-23,2,1,6,32.61,0
27313,2020-09-25,2,7,9,13.18,0
13934,2020-07-22,2,6,6,28.97,0
64282,2023-02-13,2,8,1,16.76,0
47787,2023-10-08,3,9,5,45.43,1
46323,2023-06-11,2,4,1,45.52,0
38946,2019-05-19,3,6,11,5.22,0
92708,2021-02-11,3,2,5,48.3,0
63510,2021-08-23,2,8,5,23.41,0
2616,2022-06-10,3,1,3,2.12,0
6581,2022-09-10,1,3,2,23.72,1
96256,2019-03-01,1,7,8,49.15,0
31838,2023-03-30,3,3,9,9.6,0
20082,2019-11-12,1,9,1,4.76,1
93759,2021-05-21,3,1,5,29.54,0
96244,2022-09-28,2,9,8,8.8,0
75837,2022-08-16,1,8,8,7.48,0
15974,2019-12-05,3,1,11,32.8,0
41618,2023-11-16,2,2,3,8.71,1
143,2019-10-20,3,10,6,2.48,0
4807,2023-04-09,3,1,5,38.82,0
89030,2022-10-17,3,1,3,42.67,0
60731,2023-10-24,3,8,6,16.0,0
35880,2023-04-26,1,3,3,21.05,0
32304,2022-12-29,1,8,2,25.62,0
4798,2022-02-23,1,5,8,21.22,0
94050,2019-11-06,1,7,10,44.69,0
93109,2019-08-11,2,7,13,4.7,0
91832,2022-11-28,2,2,7,36.44,0
60251,2021-08-04,2,5,11,36.36,1
51747,2023-12-13,1,4,1,8.43,0
78601,2021-02-09,2,10,8,41.28,0
62274,2023-11-03,2,7,12,32.5,0
43033,2023-08-04,1,1,9,20.67,1
56149,2021-09-09,2,3,2,2.14,0
46786,2020-04-16,2,1,13,2.29,0
81478,2019-06-15,1,5,1,21.36,0
46019,2020-09-22,3,1,3,27.92,0
85290,2022-11-15,3,6,9,34.33,0
51478,2021-07-13,2,7,6,9.38,0
30561,2022-11-11,3,6,13,7.54,0
20749,2019-03-29,1,6,11,11.6,0
37145,2021-11-27,3,9,5,6.5,0
51727,2020-01-27,1,4,13,27.73,1
28073,2023-08-30,2,5,6,46.8,0
57657,2021-11-13,2,1,9,31.36,0
97354,2022-03-11,2,2,7,16.92,0
11313,2022-09-30,3,2,1,35.48,0
31743,2019-08-22,1,6,9,10.56,0
53521,2023-06-18,2,7,7,39.78,0
41389,2019-10-20,2,9,10,40.05,1
43267,2021-01-08,1,6,5,38.81,0
4008,2019-02-10,1,10,7,48.46,1
82440,2022-07-18,3,7,10,20.71,0
39844,2022-05-19,2,9,2,4.09,0
35323,2022-01-15,3,10,7,20.78,0
4959,2022-10-27,3,9,12,19.9,1
69892,2020-12-12,2,1,2,25.2,0
38572,2021-03-01,2,10,3,23.69,0
36022,2020-05-27,3,10,4,14.89,1
60937,2023-08-21,2,7,5,16.73,0
62008,2021-12-09,2,6,2,28.39,1
55722,2021-10-09,3,4,9,30.66,0
54986,2023-07-29,2,6,6,42.55,0
60699,2021-08-02,2,7,3,47.71,0
34354,2019-01-19,2,3,10,9.27,0
23817,2021-10-24,1,6,2,41.72,0
78066,2021-12-29,3,6,6,49.59,0
48664,2022-10-08,2,1,8,33.52,0
69416,2021-08-16,2,3,12,38.2,0
42716,2021-05-08,2,3,7,24.19,0
34196,2020-12-08,2,4,1,42.02,0
11965,2019-10-13,1,3,13,23.8,0
47230,2023-02-06,3,7,7,39.95,0
57772,2019-11-04,1,7,8,10.59,1
194,2020-05-17,1,7,8,40.06,1
98039,2020-02-16,3,4,3,13.1,0
58128,2019-10-11,2,1,4,30.27,0
84320,2022-03-20,2,4,9,20.41,0
51410,2020-10-22,2,4,9,26.26,0
69392,2021-05-09,2,2,13,5.28,0
24646,2019-07-13,1,9,2,8.18,0
21592,2019-05-13,3,1,11,31.36,0
6386,2023-07-30,3,7,6,38.86,0
33930,2021-05-09,3,5,10,5.02,0
59926,2019-04-20,2,3,8,18.51,0
85357,2023-03-24,1,6,11,25.14,0
90025,2019-02-07,2,6,7,40.22,0
44694,2020-04-19,3,7,1,32.31,0
71791,2021-02-02,3,6,2,37.49,0
97586,2020-09-16,1,4,5,40.46,0
17663,2020-01-08,3,4,4,8.14,0
7358,2019-05-12,1,7,4,23.8,0
42260,2022-06-11,3,3,10,39.88,0
83316,2021-02-22,2,5,6,43.57,0
22922,2020-09-02,2,6,9,13.26,0
6445,2022-12-25,1,4,4,11.16,0
15021,2020-04-06,3,1,13,5.47,1
39164,2022-05-11,2,4,2,20.69,0
36439,2021-01-18,1,10,6,38.32,0
66750,2019-09-25,3,3,10,30.06,0
23559,2019-04-01,3,4,7,13.33,0
17118,2019-10-12,2,7,3,2.14,0
95235,2021-08-02,1,4,5,38.9,0
96518,2019-10-18,2,4,8,23.98,0
36142,2020-07-01,2,3,2,40.69,1
97112,2019-11-12,2,1,5,31.98,0
28021,2021-07-03,1,8,6,21.04,0
87721,2020-03-17,1,5,6,25.2,1
66630,2022-01-05,1,3,1,36.87,1
27002,2020-01-17,2,3,12,26.62,0
67282,2022-10-05,3,4,5,31.05,1
71259,2021-09-04,2,2,1,5.84,0
46813,2019-10-19,1,2,10,8.87,0
94669,2023-05-21,1,8,2,16.75,1
10204,2023-02-13,3,9,11,21.95,0
12619,2021-03-07,3,6,11,9.38,1
27319,2022-11-26,2,2,11,4.13,0
68057,2022-04-23,1,9,13,33.59,1
54182,2020-08-02,3,2,11,38.82,0
55818,2021-03-12,1,3,12,8.29,0
7114,2023-03-14,1,10,12,47.4,0
23000,2023-10-08,2,10,6,30.06,0
63574,2019-11-05,2,3,11,18.19,0
76730,2020-07-01,2,1,7,26.12,0
16973,2023-02-15,2,4,12,7.88,0
14492,2021-04-16,1,1,5,14.96,0
83182,2020-09-03,1,9,7,27.99,0
65400,2022-07-29,1,8,10,15.69,0
69428,2020-12-07,3,7,3,13.32,0
41883,2023-06-20,3,6,4,40.4,0
99489,2023-06-15,2,5,3,22.55,1
24811,2023-05-29,3,7,6,18.46,1
64128,2021-03-21,2,6,4,15.22,0
49198,2023-06-19,2,6,13,14.23,0
99592,2019-09-28,2,8,10,30.33,0
54000,2019-11-17,1,2,2,27.24,0
26343,2023-10-07,1,3,2,9.69,0
63234,2023-11-03,3,2,4,19.5,0
40094,2022-02-06,3,5,3,36.06,0
2544,2021-06-14,1,6,12,21.83,0
94809,2023-09-23,1,4,9,28.15,0
52374,2021-01-31,2,2,6,4.31,0
10405,2019-07-19,3,9,11,10.02,0
92061,2022-05-31,1,6,3,36.83,0
36115,2020-04-17,1,1,2,45.07,0
20704,2023-02-27,1,7,3,18.35,0
3946,2019-01-09,3,7,11,37.73,1
95699,2021-03-13,2,4,9,2.61,0
21171,2020-11-21,3,7,9,48.16,0
12125,2022-09-15,3,3,7,36.58,0
25674,2021-02-06,3,1,11,49.04,1
53113,2020-11-15,1,10,1,30.18,0
53852,2021-11-13,2,1,7,20.97,0
43573,2023-12-14,1,2,9,13.23,0
83534,2020-02-15,2,10,11,18.2,0
22472,2019-04-26,1,5,11,29.86,0
35439,2023-01-16,2,8,10,35.22,0
38904,2020-08-12,3,10,11,9.49,0
30059,2022-12-14,1,1,1,13.87,0
85492,2021-02-11,3,7,2,11.74,0
99982,2019-03-22,3,3,11,32.86,0
35826,2021-11-27,1,4,11,45.45,0
30729,2020-03-13,3,3,4,11.6,0
6249,2020-09-04,2,4,6,37.41,0
20442,2020-06-22,3,5,3,24.06,0
71951,2020-09-08,2,8,4,29.53,0
70325,2022-01-06,1,5,9,11.85,0
41985,2019-05-27,2,8,9,27.5,0
92774,2019-05-28,1,10,6,9.83,0
6043,2023-02-17,1,2,9,38.91,0
27895,2019-09-01,1,6,3,20.93,0
29645,2021-05-24,3,3,8,5.29,0
53557,2020-11-17,2,4,13,21.77,0
67487,2022-08-27,2,2,6,7.98,0
23571,2020-01-31,3,1,5,30.27,0
21127,2022-07-13,1,3,13,18.52,1
75864,2021-12-06,3,6,13,42.58,0
13906,2023-02-03,1,6,11,45.11,0
22419,2022-05-15,3,9,10,35.73,0
20878,2021-04-10,3,8,8,2.18,0
37481,2023-01-01,3,9,3,46.72,1
48222,2022-03-09,2,8,3,3.09,0
88461,2021-06-23,1,10,1,30.69,0
99296,2020-10-24,2,1,12,4.78,0
22077,2022-05-29,2,9,13,19.35,0
73601,2023-08-06,1,10,2,28.75,1
89076,2022-04-07,2,9,10,12.81,0
74394,2023-07-09,2,10,13,8.45,0
45642,2022-11-26,2,2,1,39.42,0
56074,2019-05-29,3,1,12,9.79,0
88232,2019-03-31,3,9,2,9.24,1
76206,2023-08-20,2,10,9,34.84,0
5523,2019-01-27,2,8,1,6.39,0
86185,2023-05-11,1,6,11,12.27,0
42399,2020-11-08,1,6,1,40.65,0
56061,2020-02-02,3,4,6,22.11,0
1078,2019-11-12,1,8,6,6.58,0
88552,2022-06-29,3,3,7,48.65,0
47415,2023-07-22,3,4,1,12.52,0
93960,2022-04-20,1,3,2,20.28,0
85932,2021-03-16,3,8,4,24.43,0
79789,2019-03-30,1,5,3,29.88,0
85835,2021-03-17,1,10,3,23.34,0
45,2021-02-10,1,2,13,37.25,0
99757,2020-01-22,3,9,2,5.27,0
48989,2023-01-09,2,5,1,46.66,0
67764,2021-07-06,2,6,5,34.42,1
1764,2022-05-02,2,5,7,28.79,1
7798,2019-10-28,2,8,7,11.15,1
68969,2020-07-17,3,4,5,19.1,0
76736,2021-10-02,2,9,13,37.2,0
99911,2020-09-29,3,6,10,38.24,0
79096,2023-06-10,2,2,13,26.24,0
53064,2021-07-02,2,5,3,13.98,1
69704,2022-06-01,2,5,13,42.04,0
50141,2020-07-25,2,4,2,12.16,0
36664,2022-10-01,2,4,6,45.59,0
56073,2020-07-26,2,8,4,20.82,0
20501,2020-03-26,3,7,1,27.51,0
55691,2022-01-16,3,1,10,48.8,0
64985,2021-11-02,3,5,4,33.8,0
59316,2019-03-01,1,5,9,13.25,0
99577,2022-12-10,2,8,6,2.56,0
24514,2020-08-11,2,6,12,38.23,0
76740,2019-03-25,2,5,3,29.07,0
56933,2023-06-29,3,6,9,11.95,0
19539,2022-05-09,3,1,4,39.98,0
11308,2019-02-15,1,10,9,5.02,0
93623,2022-05-24,2,1,6,18.97,0
57107,2019-12-07,3,1,6,27.08,0
91330,2020-01-30,3,4,10,3.22,0
32130,2019-10-08,1,4,7,8.48,0
44224,2022-09-15,2,7,13,12.9,1
47044,2023-08-10,3,8,2,44.02,0
59796,2020-06-15,1,4,12,34.82,0
87123,2022-06-18,2,5,12,44.48,0
48401,2023-03-26,1,10,6,27.58,0
95426,2023-01-02,3,3,4,38.83,1
74123,2020-07-04,1,8,10,38.7,0
93449,2020-03-17,2,4,4,21.07,0
82926,2021-09-11,1,2,6,27.28,0
68330,2023-09-05,1,1,5,44.99,1
87084,2022-11-01,2,5,11,19.59,0
18115,2021-01-23,1,1,4,47.21,1
73220,2023-09-23,1,9,6,46.67,0
55088,2020-05-14,2,10,5,8.03,0
80971,2022-07-24,3,3,2,48.55,0
35020,2022-12-26,1,10,13,49.64,0
71505,2023-01-13,1,1,3,10.01,1
91251,2023-12-23,2,8,10,48.65,1
25837,2023-09-27,1,8,13,45.1,0
76451,2023-01-10,2,7,10,16.49,0
50600,2019-05-12,1,3,2,21.13,0
11428,2023-02-22,1,6,1,26.36,0
28606,2020-09-05,1,7,7,35.39,0
93340,2023-10-18,2,2,4,44.86,1
92304,2022-10-04,2,6,10,42.65,0
86291,2019-03-08,2,8,8,13.99,1
87895,2023-04-20,3,3,9,20.87,1
41860,2022-06-12,1,2,7,26.47,0
72650,2022-09-21,2,5,4,24.15,0
89931,2022-07-05,2,10,9,43.94,1
67996,2023-04-18,3,6,5,3.42,0
72764,2023-07-29,1,7,7,19.41,0
91842,2021-06-12,1,8,6,35.53,0
3486,2022-03-30,3,7,3,36.61,0
98675,2020-03-24,2,2,3,9.51,0
20946,2023-08-01,3,10,9,46.29,0
42526,2020-09-26,2,7,2,5.95,0
32574,2021-03-27,1,8,9,13.59,0
40736,2022-05-04,3,6,3,30.76,0
20956,2022-08-29,1,6,1,6.5,0
1778,2020-05-23,2,4,11,31.56,0
10723,2021-11-17,3,4,8,49.46,0
65981,2020-04-30,3,4,12,36.97,0
74431,2021-08-03,3,10,6,9.82,0
23441,2019-08-27,3,3,4,34.63,0
79512,2019-02-02,3,4,9,24.01,0
4303,2019-02-06,1,5,5,14.58,0
74597,2021-03-29,1,3,8,7.72,0
78766,2022-06-30,3,9,7,9.44,0
68178,2023-10-12,1,5,2,25.98,0
12097,2020-10-04,2,2,2,12.05,0
57972,2023-10-19,1,7,4,37.08,0
67288,2023-01-26,1,8,1,5.02,1
51169,2023-12-17,2,6,5,20.29,1
86347,2019-04-27,2,5,1,9.58,1
32761,2022-07-28,1,4,12,47.04,0
14649,2021-12-20,2,7,6,3.25,0
81450,2019-09-16,3,1,8,36.11,0
32307,2023-07-07,2,8,12,33.04,1
78495,2022-08-13,2,10,10,23.71,1
8066,2019-05-24,1,3,12,48.9,0
1833,2019-06-23,1,9,3,48.76,0
63787,2020-08-02,1,8,5,43.58,0
49090,2020-03-18,3,2,1,13.08,0
62311,2023-12-22,3,9,13,29.22,0
27744,2022-06-19,2,5,12,6.82,0
84983,2022-07-15,3,3,3,34.05,0
41931,2023-07-14,2,5,12,22.64,0
6226,2023-09-29,3,9,9,12.54,0
11356,2023-12-30,2,6,6,39.48,0
10840,2022-03-17,2,6,3,30.53,0
10045,2021-11-24,1,6,1,10.81,1
17517,2022-03-31,2,8,11,30.97,0
89703,2022-08-05,3,4,9,7.54,0
50008,2020-12-17,3,7,11,43.35,1
32285,2022-07-26,3,5,5,7.16,0
54093,2022-03-12,1,6,10,11.63,0
81075,2022-06-29,2,8,4,7.01,1
54635,2023-10-26,2,4,4,41.76,1
93707,2019-06-22,2,6,2,6.67,0
2670,2019-04-29,1,10,1,21.25,0
50165,2019-01-16,3,3,6,26.41,0
94831,2020-03-25,3,5,10,10.77,0
51609,2020-06-28,2,5,5,2.54,0
45781,2021-01-28,3,2,10,41.23,0
81479,2021-01-26,1,6,8,9.08,0
68167,2023-07-15,3,1,10,42.85,0
81912,2019-10-29,3,10,8,18.45,1
30381,2021-08-29,1,6,6,5.1,0
95041,2023-04-02,2,2,11,18.27,0
32003,2023-10-16,2,1,6,8.93,0
90251,2020-10-01,3,8,10,34.75,0
18521,2022-05-11,3,3,4,30.69,1
36060,2022-06-19,1,10,4,14.36,0
64252,2019-01-13,1,4,5,49.42,0
57763,2021-06-08,3,7,9,41.92,0
90068,2019-07-04,2,2,13,42.16,0
78967,2023-02-27,1,1,2,48.3,0
58351,2020-02-07,3,3,7,37.7,1
7547,2019-03-24,3,1,1,20.52,0
17152,2023-01-31,2,1,4,31.59,0
28248,2022-09-21,1,9,2,35.45,0
48710,2022-01-09,1,1,9,12.33,0
29446,2022-02-06,1,6,10,40.34,0
27811,2022-05-01,2,5,12,46.5,0
90250,2023-09-21,1,10,10,12.15,0
31447,2019-09-27,1,5,11,26.88,0
87025,2019-02-15,2,5,9,14.7,0
11283,2021-05-10,2,10,10,41.01,1
50071,2023-10-27,3,8,5,31.28,0
62354,2020-12-13,1,7,5,8.34,1
30465,2020-03-02,1,1,6,30.63,0
68286,2022-02-09,1,9,1,4.1,0
41137,2021-10-24,3,2,4,35.97,1
97614,2021-06-26,2,9,4,38.38,0
37031,2020-06-19,3,5,6,39.31,0
68002,2019-09-15,1,6,9,30.1,0
42233,2021-03-14,1,9,11,32.15,0
31608,2020-08-29,2,10,8,12.08,0
23015,2021-01-04,1,8,8,3.29,0
63237,2021-02-05,3,10,12,5.02,0
13365,2019-09-06,2,7,7,25.61,0
20618,2020-04-01,1,9,2,24.95,0
49755,2021-02-06,1,3,4,19.3,0
82188,2023-08-25,1,6,3,17.56,0
36315,2021-03-05,3,6,4,42.7,0
8223,2020-11-17,3,8,3,47.5,0
46824,2022-04-08,3,7,6,26.2,1
32497,2020-09-01,1,2,2,3.14,0
45202,2023-11-25,2,7,12,16.7,0
75729,2020-10-17,2,6,3,44.54,0
64057,2022-11-01,2,6,9,40.4,0
22423,2019-10-13,2,5,13,42.17,0
59814,2019-04-09,3,8,9,22.04,1
88123,2020-10-14,2,6,3,26.11,1
93816,2021-03-02,1,2,12,17.85,1
3221,2019-12-28,1,6,11,43.33,0
1912,2021-09-10,2,4,5,39.13,0
44285,2019-09-22,3,5,9,20.37,0
55423,2021-09-18,1,4,6,4.07,0
27223,2021-03-02,1,10,10,8.62,1
58660,2020-02-25,1,3,12,30.32,0
50462,2020-09-04,3,4,1,37.95,1
34709,2023-07-27,2,8,2,47.56,0
71703,2021-06-05,2,4,11,41.07,0
69951,2019-06-29,2,6,5,35.13,1
34102,2019-08-29,2,8,9,47.16,0
82597,2021-10-03,1,3,9,29.01,1
45091,2023-12-16,1,3,2,11.38,0
70665,2023-02-20,2,8,5,11.12,0
53783,2019-09-15,3,9,7,27.68,0
79790,2021-05-02,3,4,2,42.79,0
31052,2019-08-30,1,3,5,35.22,0
53355,2019-03-22,3,4,13,33.55,0
22391,2020-12-31,3,3,3,5.38,0
49882,2022-08-19,1,2,13,32.89,0
30770,2023-07-28,3,3,11,9.52,0
2579,2022-08-20,3,10,3,43.67,0
49643,2022-03-06,1,6,2,2.29,1
88984,2019-03-20,3,1,11,24.93,0
76878,2022-02-01,1,4,4,16.23,0
5395,2023-12-15,2,8,8,45.55,0
54753,2020-09-23,2,8,9,39.66,0
28610,2020-05-09,2,3,12,28.3,1
84633,2019-11-06,1,6,11,22.3,0
42414,2019-10-02,2,1,4,25.44,0
58107,2019-04-30,2,10,7,39.71,0
27366,2020-07-04,2,3,8,40.57,0
31542,2022-09-21,1,4,2,16.41,0
35447,2022-04-14,2,3,12,41.32,0
23598,2023-12-06,3,8,7,2.49,0
54536,2023-07-25,3,4,12,30.79,0
45214,2023-11-23,1,10,3,6.35,0
57482,2022-03-16,2,10,6,28.73,0
69051,2020-03-29,2,6,6,20.54,0
18130,2020-07-13,1,7,8,41.98,0
39620,2021-09-10,3,9,12,5.3,0
22557,2021-04-01,2,2,11,37.31,1
74819,2020-11-07,2,8,2,6.68,1
11518,2023-12-05,2,7,1,29.18,0
99679,2022-08-15,2,8,8,30.57,0
80698,2021-06-11,3,1,12,48.19,0
92529,2020-06-16,1,5,12,25.83,0
34834,2020-11-04,1,5,5,12.88,1
23629,2023-07-26,3,3,5,27.5,1
59066,2023-09-14,3,4,2,49.56,0
38375,2019-04-27,3,8,11,9.55,0
1658,2023-08-28,2,7,5,32.92,0
29224,2021-11-11,1,8,13,2.12,0
52019,2023-11-04,3,2,3,41.87,0
99156,2019-03-10,1,6,3,27.85,0
62394,2021-01-17,3,7,6,28.9,0
67125,2020-12-17,2,5,12,16.68,0
83884,2020-03-31,2,8,9,3.47,0
40282,2019-12-20,1,1,2,27.19,0
25803,2022-12-23,3,9,6,40.23,0
39509,2023-11-10,2,2,1,7.32,0
91367,2021-10-19,2,6,8,42.75,0
34379,2022-10-06,1,9,13,17.35,0
36708,2022-07-02,3,8,13,10.21,0
48028,2023-10-06,2,3,11,40.36,0
45711,2023-08-28,3,10,6,29.52,0
68744,2020-07-05,3,10,7,30.55,0
41036,2020-04-12,1,3,13,46.8,0
68308,2023-09-29,3,3,2,46.48,0
41507,2023-08-20,1,9,8,37.45,0
66099,2019-01-08,2,10,3,39.76,0
81925,2021-03-18,1,9,6,17.95,0
15721,2022-12-02,1,9,3,25.56,0
81917,2023-09-19,1,10,9,18.33,0
68468,2023-09-02,2,3,7,33.37,0
73770,2022-12-27,1,1,2,35.11,0
26445,2023-10-23,3,7,7,8.37,0
14051,2021-01-27,3,4,13,42.61,0
59998,2019-02-16,1,9,13,4.05,0
15281,2019-10-03,1,9,3,39.06,0
80325,2020-01-26,3,5,2,19.32,0
39427,2020-01-25,3,2,2,6.62,1
47157,2020-01-12,2,8,6,6.57,0
28906,2023-09-21,3,3,6,31.69,1
72807,2022-08-22,1,4,7,30.22,0
22099,2020-10-28,2,5,9,49.21,0
18339,2019-03-02,3,10,3,26.52,0
11466,2022-09-11,1,8,11,31.47,1
3951,2023-01-24,3,8,1,36.48,0
90129,2019-04-24,1,2,2,4.84,0
75100,2020-09-19,2,8,7,36.95,0
18384,2023-11-01,2,2,1,34.77,0
44344,2022-05-10,3,3,13,33.91,0
35084,2019-05-13,3,2,9,4.27,0
90086,2019-06-09,3,9,13,23.16,0
18549,2019-04-22,2,9,12,20.54,0
13412,2019-11-15,2,6,9,3.48,0
39175,2021-03-09,3,8,13,27.52,0
14023,2021-03-15,3,3,13,43.3,0
91340,2020-12-09,1,6,3,3.37,0
34900,2020-10-11,2,5,7,45.06,0
48366,2020-02-04,2,5,10,14.95,1
74692,2019-06-30,3,5,12,41.73,0
29963,2023-12-07,2,10,3,19.12,0
55910,2022-06-12,1,4,9,48.46,0
31073,2021-03-09,1,5,6,6.11,0
71943,2022-01-09,2,3,6,43.41,0
8774,2023-01-18,2,8,4,27.6,0
51343,2021-12-22,3,6,13,49.35,0
44280,2023-01-18,1,8,12,16.44,1
96558,2023-05-08,1,5,2,24.92,0
20568,2020-11-26,2,1,1,29.36,0
45659,2021-01-22,1,3,1,40.61,0
7779,2023-01-07,1,9,1,40.27,0
3206,2021-04-25,1,6,9,19.38,0
84612,2020-11-13,3,1,8,31.44,0
72900,2021-12-22,3,3,6,5.16,0
1317,2023-08-16,3,10,2,36.32,0
20064,2020-02-23,2,2,8,44.55,0
76249,2023-01-02,1,4,10,45.72,0
87553,2020-08-19,2,8,3,8.84,0
93324,2020-08-18,2,2,5,13.09,1
81779,2019-01-29,3,6,10,5.05,0
21053,2022-10-30,1,3,10,8.87,0
6738,2021-11-29,2,6,6,23.38,0
52610,2020-08-12,1,1,8,9.16,0
12611,2023-04-15,1,6,10,14.32,0
12087,2020-01-27,1,7,2,10.17,0
11141,2019-08-14,1,1,9,7.24,1
20141,2020-02-13,3,10,9,14.36,0
18422,2019-11-22,2,9,8,20.41,0
6008,2020-07-17,1,5,6,26.78,0
43618,2021-07-06,3,9,12,16.03,0
9771,2020-07-30,1,1,2,44.96,0
63291,2022-01-31,3,1,1,15.32,0
72461,2022-11-25,3,10,11,41.97,0
50986,2023-02-07,3,5,12,35.81,0
20086,2022-06-22,2,5,1,38.44,0
49040,2019-04-18,1,4,13,26.79,0
93351,2020-11-30,1,2,13,3.69,1
97326,2020-10-08,3,10,12,12.26,0
70772,2019-03-20,2,9,13,41.33,0
67627,2021-06-23,3,6,3,38.13,1
4655,2020-06-01,2,5,10,3.04,1
66835,2022-01-28,2,3,12,39.25,0
64430,2023-12-01,1,8,2,43.95,0
15387,2020-09-02,1,6,12,34.32,1
30838,2021-07-05,3,1,4,29.51,0
51457,2019-11-14,2,10,12,21.69,0
39826,2023-09-01,2,6,13,25.43,0
60807,2021-01-28,3,7,7,26.38,0
38159,2022-03-05,1,4,10,19.67,0
81816,2020-08-05,1,3,10,8.56,0
37297,2019-12-03,2,4,9,33.28,1
31393,2021-11-11,2,2,9,11.63,0
29592,2020-03-01,3,9,4,49.11,1
35188,2021-12-07,2,3,13,29.7,0
37068,2019-12-22,3,1,3,12.72,0
771,2022-03-20,3,5,6,38.86,0
88102,2020-07-10,2,9,10,4.49,0
10067,2022-04-08,2,1,7,34.68,0
46353,2020-11-17,1,7,1,9.39,0
41594,2022-07-12,2,10,2,38.02,0
34221,2023-07-29,3,1,12,21.98,0
35301,2019-02-14,3,10,7,23.99,0
6458,2019-01-12,2,2,9,37.98,0
43948,2019-01-31,2,8,4,17.71,0
2557,2021-05-16,2,9,13,41.72,0
98825,2021-05-09,1,2,7,8.49,0
2548,2021-02-28,1,7,3,5.49,0
44455,2019-06-22,3,7,11,7.44,0
14793,2022-05-04,3,7,13,37.86,1
69204,2023-03-13,2,9,1,23.63,0
89484,2020-07-02,2,3,10,10.15,0
78203,2020-03-06,3,1,6,4.56,0
7808,2020-01-01,2,4,4,4.81,0
72709,2019-12-18,2,2,1,32.64,0
62734,2023-08-14,3,10,1,18.47,0
28918,2021-04-15,2,4,5,26.89,0
15850,2021-07-25,3,8,2,32.64,0
99993,2021-11-14,3,6,13,18.64,0
62832,2021-10-29,3,4,4,12.18,0
30054,2022-07-11,2,3,6,32.99,0
70473,2023-07-22,3,2,13,4.39,0
12024,2022-06-07,1,2,11,15.59,0
14345,2023-01-08,2,9,9,20.44,1
85892,2022-08-01,1,4,11,29.84,0
23783,2020-08-18,1,7,2,46.3,0
19583,2022-12-25,3,5,6,24.03,0
85848,2020-12-26,2,10,7,28.39,0
44156,2020-02-08,1,2,11,39.22,0
44492,2020-03-26,2,7,5,46.58,0
40044,2023-05-08,3,5,8,6.74,0
78625,2023-09-02,2,7,9,39.88,0
48722,2021-07-18,2,1,9,4.8,0
67521,2019-04-25,3,7,6,27.45,1
86942,2023-02-24,2,6,13,6.36,0
77645,2019-03-04,1,9,5,16.76,0
53791,2023-06-21,1,7,7,11.65,0
21092,2019-04-09,1,2,7,19.25,0
44896,2019-06-05,1,6,11,21.7,0
79562,2020-02-21,1,2,3,20.54,0
94052,2020-05-13,1,6,7,14.87,0
93868,2022-10-10,1,3,4,14.25,0
64740,2019-03-12,2,9,11,26.22,0
40709,2019-05-25,3,2,5,6.35,0
82706,2019-11-03,3,8,11,35.62,0
5354,2023-01-29,2,8,7,47.05,0
46777,2019-04-01,2,1,7,27.58,0
48787,2019-02-20,3,4,9,3.21,0
38783,2022-11-13,2,5,8,2.64,0
88762,2022-04-12,2,5,7,36.41,0
15215,2023-08-18,1,9,12,15.25,0
94137,2021-12-30,2,6,7,14.06,0
80616,2020-03-15,3,3,8,44.65,0
89164,2020-08-02,2,8,6,49.94,0
38330,2020-10-25,2,6,7,24.81,0
57277,2020-04-29,3,4,13,19.93,0
41003,2022-08-31,2,5,5,21.05,1
65158,2022-03-17,1,7,13,35.45,0
67424,2019-12-20,1,8,4,13.58,0
96930,2021-12-19,2,8,8,26.96,0
94362,2023-05-14,2,4,4,30.58,0
15567,2023-05-07,1,8,9,35.82,0
5615,2019-08-12,3,6,2,22.06,0
28636,2019-01-16,2,7,12,22.51,0
25935,2021-07-04,3,3,10,36.36,1
59517,2019-02-04,1,10,7,6.92,0
99667,2020-08-03,2,10,4,15.97,0
25385,2022-03-16,3,1,6,14.07,0
61029,2020-02-20,1,9,2,4.16,0
49629,2019-08-23,1,5,4,22.73,0
260,2022-10-31,1,3,9,43.71,1
51768,2022-03-29,2,7,9,11.45,0
67245,2023-07-09,1,4,8,26.54,0
88795,2020-03-25,3,1,7,42.92,0
1845,2019-06-29,3,8,5,9.28,0
83145,2020-09-23,1,10,7,27.94,0
52430,2019-08-26,2,4,4,43.54,0
22772,2019-11-29,2,5,1,29.43,0
24637,2019-02-05,1,4,2,49.41,0
68755,2020-02-03,2,5,8,28.28,0
76670,2019-12-17,3,9,4,22.71,0
4966,2023-01-16,1,2,6,44.42,1
77805,2022-07-19,1,10,9,44.71,0
27409,2022-10-21,1,4,4,46.62,0
59409,2023-10-23,1,5,2,32.35,0
79304,2023-08-22,2,8,9,39.7,0
62089,2023-10-30,2,9,5,3.4,0
91029,2021-10-08,2,8,2,30.46,0
97903,2020-04-08,2,1,7,29.77,0
70398,2019-09-17,1,1,3,31.46,0
63763,2022-09-05,3,2,8,47.92,0
2682,2019-10-10,1,3,13,45.06,1
28523,2021-09-05,3,5,7,37.27,0
40509,2021-06-22,3,9,2,47.85,0
21937,2021-12-28,2,2,7,23.32,0
36499,2019-05-17,1,2,6,32.88,0
57712,2021-11-01,3,7,9,29.79,0
12567,2021-05-17,1,9,8,24.85,1
58019,2023-08-03,1,4,7,19.21,1
37020,2022-05-28,3,1,9,12.98,0
33189,2020-01-24,1,1,5,6.06,0
78432,2023-06-23,2,10,9,9.91,0
1889,2022-09-27,2,1,13,47.49,0
57959,2019-07-25,2,9,13,8.57,0
50834,2022-02-14,2,7,12,48.82,1
65279,2019-12-21,1,1,2,16.39,0
46221,2021-06-17,1,7,2,28.69,1
17995,2021-07-19,3,10,4,8.08,0
18574,2021-02-11,1,8,1,36.18,0
27587,2021-09-20,2,1,1,32.3,0
77863,2021-09-11,1,5,11,7.59,1
67270,2019-02-02,2,6,6,44.88,0
83309,2022-04-29,2,9,10,49.74,0
73996,2023-01-26,3,2,5,16.34,1
99249,2022-02-19,2,5,4,49.45,0
43201,2021-01-16,2,2,3,9.01,0
15334,2022-09-17,1,5,7,36.49,0
40714,2021-04-02,2,2,11,49.35,0
94802,2020-10-27,2,4,6,16.04,0
39891,2023-02-17,1,3,8,10.12,0
49707,2021-12-09,1,4,9,10.02,0
24692,2020-02-29,1,10,8,41.58,0
22952,2020-07-03,2,3,5,9.8,0
83381,2020-05-07,1,7,5,32.93,0
58092,2019-06-17,1,1,5,15.92,0
28164,2020-12-12,3,10,2,19.28,0
81070,2022-09-11,2,2,12,7.66,0
17549,2019-08-16,3,7,3,32.97,0
3432,2022-05-15,2,5,8,28.55,0
84555,2021-05-25,3,6,3,11.35,0
20936,2022-06-08,2,5,11,9.81,0
91831,2022-03-07,1,3,8,44.27,0
66809,2023-05-12,1,6,3,4.98,0
22513,2019-08-20,1,7,3,26.53,1
42596,2019-05-12,1,1,1,2.43,0
84920,2021-10-20,3,8,9,36.94,0
90720,2021-08-28,2,4,4,30.66,0
63644,2020-08-11,2,1,2,28.11,0
32036,2021-03-24,2,9,5,22.99,1
29580,2021-01-10,3,5,1,14.96,0
89945,2022-07-16,2,5,6,17.03,0
48162,2023-10-30,2,2,4,17.37,1
49825,2020-06-28,3,9,8,11.77,1
11226,2023-09-07,1,4,3,48.54,0
14500,2019-05-24,2,9,6,38.73,0
14946,2020-03-25,3,10,8,40.03,1
99304,2020-05-29,2,4,13,29.24,0
52118,2019-07-12,2,3,1,25.46,0
30385,2020-04-12,2,1,9,43.95,0
54429,2021-05-10,2,6,4,32.47,0
84761,2023-09-08,3,2,11,7.05,0
1346,2021-04-22,2,6,9,47.21,0
76002,2022-08-07,1,8,2,26.24,0
99103,2020-01-19,3,3,11,46.38,0
4633,2021-06-16,2,7,13,31.68,0
58903,2021-07-23,1,5,2,25.75,0
6989,2020-03-12,3,9,12,31.13,1
21568,2021-09-17,3,4,13,48.27,0
51824,2020-12-07,1,8,7,25.96,0
53485,2021-11-23,1,9,11,25.32,1
59361,2021-02-08,1,3,11,37.56,0
70889,2019-07-28,1,2,5,16.62,0
22480,2023-12-05,2,10,5,41.98,0
12897,2022-05-29,1,5,4,16.82,1
74335,2023-08-15,3,1,7,14.34,1
3165,2023-11-17,2,10,8,49.26,0
34519,2023-10-21,1,10,7,44.63,0
81850,2020-03-04,2,7,4,49.81,0
88846,2023-10-04,1,2,8,39.25,1
71421,2021-06-10,3,6,5,23.5,0
17322,2020-05-07,3,6,9,9.55,0
43383,2019-07-06,3,1,5,3.01,0
48919,2023-06-23,1,9,5,15.07,0
18805,2019-03-26,3,10,5,12.37,0
38166,2019-04-25,1,2,13,17.26,1
87403,2023-09-13,3,7,4,37.88,1
28930,2019-06-13,2,2,13,5.85,0
87454,2021-08-08,2,1,9,32.31,0
42629,2020-09-20,3,3,3,21.3,0
8076,2020-07-06,1,4,12,6.93,0
93367,2022-03-07,1,4,12,25.58,0
16269,2020-06-12,3,6,1,5.73,1
56771,2021-06-16,2,4,3,47.69,0
4233,2019-11-19,3,3,4,16.0,0
73923,2023-02-06,3,2,13,10.9,0
89009,2021-04-02,2,4,3,36.63,0
94076,2023-10-12,2,4,13,41.44,0
1962,2020-02-15,1,4,13,43.12,0
9778,2021-07-31,1,2,8,46.09,1
85163,2020-02-29,1,7,8,8.81,1
42520,2023-04-06,1,4,3,46.39,0
56225,2021-08-30,1,8,13,11.04,0
52682,2019-04-30,3,8,11,17.5,0
45476,2022-01-25,2,2,3,12.24,0
40011,2021-02-17,3,1,1,8.31,0
17415,2020-12-06,3,9,10,22.54,0
44149,2022-05-24,2,1,1,41.61,0
3503,2023-05-14,2,4,7,47.83,0
5413,2022-12-23,1,3,11,25.33,0
16563,2021-07-09,1,9,1,5.62,0
99282,2023-01-24,3,8,3,10.52,1
56932,2019-06-04,2,1,11,30.8,0
37270,2022-08-29,1,6,8,29.25,1
24472,2023-01-11,1,4,6,16.33,0
6505,2020-12-18,2,9,10,4.89,0
32405,2022-01-27,1,2,6,48.76,0
87542,2020-12-30,1,3,6,38.99,0
39260,2021-06-04,3,1,10,35.0,0
90065,2019-11-01,1,10,13,25.8,0
16593,2022-07-26,3,7,11,14.24,0
58055,2019-03-15,1,7,3,18.69,1
9605,2019-05-13,2,4,9,19.41,0
58201,2020-06-12,1,10,4,45.7,1
57503,2022-01-08,3,1,10,9.1,0
10363,2022-07-06,2,3,9,43.48,1
95583,2019-03-02,1,1,1,12.85,0
5653,2020-08-22,1,9,6,14.66,0
22902,2020-03-06,3,10,3,40.1,0
12314,2023-07-22,1,4,4,44.27,0
10379,2021-01-07,1,3,11,28.72,1
40339,2020-06-13,3,7,7,29.06,0
67029,2019-12-31,2,1,7,7.55,1
27055,2019-02-15,3,3,6,17.34,0
20593,2019-02-24,2,8,6,44.75,0
25038,2020-09-19,1,8,11,28.04,0
24492,2020-04-04,2,10,1,8.88,1
34187,2019-05-05,3,5,12,46.27,0
4043,2021-08-31,1,10,5,8.56,0
90486,2021-08-24,3,4,13,22.82,0
46606,2020-02-01,3,3,4,46.06,0
39570,2021-03-15,2,6,3,16.16,0
89835,2021-11-20,2,9,6,25.28,0
90655,2020-07-18,1,3,12,35.85,0
26174,2020-12-24,3,8,4,28.16,0
93096,2019-01-31,2,10,4,41.65,0
43542,2023-10-06,2,3,5,38.13,0
96799,2019-02-02,3,10,9,37.49,0
63027,2021-06-30,1,10,10,24.16,1
44682,2023-01-14,2,5,10,18.49,1
49382,2022-06-19,1,9,2,38.49,0
66613,2023-05-23,1,3,6,14.39,0
19708,2019-03-15,2,9,2,31.0,0
5999,2019-10-27,1,2,7,36.55,0
57940,2021-02-27,2,10,3,49.4,0
36889,2023-07-29,1,8,13,24.09,0
52336,2023-07-25,3,8,8,28.79,0
17091,2021-12-13,1,8,7,24.28,0
85346,2019-02-15,3,1,9,32.67,0
74869,2019-04-29,3,3,6,6.18,0
46164,2019-10-29,3,2,13,29.8,0
1674,2023-11-01,2,7,13,30.61,0
4561,2023-11-18,3,4,12,28.86,0
85556,2021-05-07,2,7,2,24.13,0
25120,2019-01-19,1,5,11,39.56,0
20900,2019-02-23,3,8,9,31.76,0
54744,2020-08-05,2,2,7,6.75,1
68626,2020-10-05,3,7,9,12.85,0
22543,2021-11-26,3,8,2,45.22,0
81206,2023-03-08,2,4,5,35.83,0
31749,2022-12-15,1,8,7,39.48,0
13731,2020-02-21,2,2,5,33.71,0
31557,2022-05-09,3,4,3,7.98,0
61305,2020-01-17,2,8,2,7.34,0
21570,2023-10-26,3,3,5,37.74,0
58613,2020-06-20,2,4,9,47.3,0
62244,2019-02-11,3,10,1,27.33,0
3872,2019-12-07,3,5,11,39.71,0
73215,2019-11-30,3,8,3,20.01,0
30422,2021-12-26,3,7,12,32.3,0
48686,2022-09-25,2,10,3,14.62,1
55068,2022-05-03,3,9,12,29.1,0
82748,2022-02-01,2,5,7,35.25,0
74156,2019-11-06,1,5,2,11.7,0
95621,2022-04-20,1,6,8,36.31,0
69920,2020-08-07,2,4,2,36.5,0
58752,2020-07-13,1,3,3,6.89,0
28096,2021-06-18,3,3,8,27.8,0
66387,2021-08-03,2,6,8,26.93,1
15610,2021-03-18,3,3,2,42.64,0
19934,2022-12-10,2,9,8,41.64,0
28466,2021-06-04,2,6,6,25.94,0
63654,2019-06-04,3,1,9,39.09,0
86720,2021-03-13,2,5,4,21.85,0
16291,2021-01-25,3,7,2,32.03,0
38991,2023-08-21,2,7,12,10.32,0
32018,2021-11-20,1,5,11,48.28,0
1271,2023-03-11,1,10,8,46.98,0
40545,2019-01-07,3,4,13,10.02,0
29380,2019-04-06,1,3,12,24.71,0
28378,2022-10-13,3,8,2,3.02,0
89555,2022-12-12,2,10,4,22.16,0
79736,2023-02-11,1,2,8,33.27,0
25520,2022-07-23,1,7,12,48.79,1
3236,2021-07-29,2,7,6,49.49,0
46490,2023-03-27,1,7,1,30.61,1
92340,2019-09-07,3,8,6,23.55,1
56474,2023-10-03,2,2,11,27.5,0
16448,2022-11-20,1,4,5,35.49,0
61678,2022-06-22,1,10,7,10.33,0
49430,2020-01-27,3,1,8,17.6,0
13993,2019-11-19,1,6,6,25.18,0
62453,2021-12-27,1,8,10,12.22,0
3843,2023-10-19,1,7,12,35.08,0
15644,2023-06-12,2,4,6,43.41,0
3752,2020-06-03,2,1,5,29.27,0
61345,2021-03-17,3,4,1,16.27,0
20585,2021-02-20,2,5,3,31.88,0
97566,2023-01-05,2,2,3,5.87,1
74250,2020-03-08,1,7,9,37.96,0
17575,2023-02-26,2,2,7,14.19,0
64381,2022-10-27,1,5,10,18.32,0
52671,2023-08-08,2,4,6,35.21,0
27999,2021-07-15,1,3,13,20.66,0
77130,2023-05-14,3,10,4,25.32,0
21728,2023-11-15,1,3,6,11.46,0
24415,2022-01-25,2,3,2,4.59,0
90087,2021-04-18,3,7,5,47.59,0
91698,2021-12-01,2,2,11,6.52,0
34898,2021-06-17,3,8,2,33.88,0
86020,2020-06-12,3,1,9,23.64,0
78564,2019-03-11,2,7,4,25.54,0
79924,2022-06-25,2,7,6,21.53,0
88039,2020-12-08,1,1,5,11.54,0
14691,2019-08-17,2,8,9,39.1,0
29972,2022-07-28,2,4,7,33.75,0
24558,2020-12-20,1,7,3,24.36,0
99687,2023-04-06,2,1,2,23.84,0
18949,2023-06-11,1,1,8,18.5,0
12040,2021-10-27,2,2,6,4.8,0
80494,2021-05-29,1,5,6,17.64,0
54735,2023-11-06,3,5,6,20.4,0
74879,2022-03-25,3,10,4,35.71,0
97062,2019-06-04,3,5,8,6.37,0
62317,2021-08-20,2,10,3,22.1,0
71949,2021-02-21,3,4,13,2.5,0
4606,2021-02-28,2,5,13,46.85,0
81495,2021-03-07,2,6,11,40.4,0
99188,2019-11-17,2,2,3,6.26,0
14021,2021-01-30,2,2,4,35.32,0
28640,2023-12-11,3,1,12,40.17,0
14728,2019-01-03,3,8,6,40.71,0
83485,2023-08-11,2,4,3,42.06,0
75936,2020-06-18,3,8,2,37.35,0
94426,2023-10-13,1,2,11,5.92,0
14092,2023-02-03,3,6,5,42.86,0
74780,2023-12-14,2,8,12,16.9,0
40965,2020-12-15,2,4,5,2.73,1
82660,2021-08-07,3,1,13,49.83,0
20487,2021-05-01,2,9,4,49.12,0
80266,2023-03-25,3,2,1,13.48,0
78730,2019-12-20,2,4,7,9.64,0
73894,2023-11-19,3,8,7,31.92,0
55342,2019-01-18,1,9,11,47.21,0
19596,2019-03-14,2,5,11,38.65,0
93553,2022-08-04,1,2,1,27.48,0
28290,2020-02-18,3,1,11,14.21,0
46441,2022-02-22,1,10,11,47.12,0
78912,2021-04-10,3,10,5,12.25,0
39153,2020-03-12,2,7,2,14.79,0
30243,2019-01-06,2,6,2,41.18,0
64042,2022-08-14,3,2,6,46.9,1
67833,2019-03-09,3,9,4,11.43,0
70301,2023-09-03,1,10,6,33.11,0
55773,2020-10-02,3,4,11,47.99,0
77527,2023-12-11,2,6,4,16.66,0
3792,2023-10-02,2,7,13,13.96,0
90097,2022-06-04,3,8,10,27.07,0
14592,2020-08-01,2,10,11,14.34,0
96141,2019-01-13,3,5,4,35.61,0
71140,2021-04-12,2,1,4,35.79,0
79553,2020-01-27,3,5,5,37.56,1
33405,2022-02-11,1,1,1,18.35,0
24249,2019-06-18,3,10,12,45.91,0
81608,2019-02-11,3,5,8,18.23,0
27972,2020-01-10,2,2,4,2.54,0
65858,2023-09-01,3,4,8,12.26,0
71113,2019-10-29,2,7,12,4.97,0
54174,2023-03-26,3,1,9,34.88,0
44246,2021-01-07,1,5,2,30.18,0
59089,2023-06-28,2,7,9,23.3,0
17734,2019-03-26,1,5,4,19.98,0
29722,2019-09-15,1,1,10,46.84,0
95342,2020-09-08,1,2,1,42.82,1
78177,2019-07-17,3,8,13,40.54,0
82367,2022-03-09,2,5,3,47.39,0
63805,2021-11-20,3,4,2,34.13,1
8601,2020-04-15,2,8,5,9.89,0
50884,2022-02-12,3,2,8,7.56,0
23800,2020-09-28,3,2,6,21.37,0
80753,2023-05-02,2,1,2,34.7,0
78533,2022-08-20,1,5,2,42.0,0
63754,2021-10-22,2,3,1,48.54,0
18603,2021-06-30,1,9,7,42.95,0
40075,2020-08-25,3,1,2,43.88,0
245,2023-01-30,3,1,1,38.78,0
50688,2020-01-17,2,4,9,16.92,0
14440,2020-06-02,3,7,7,20.04,0
60015,2021-03-19,3,8,6,24.33,0
20077,2021-11-13,1,2,8,30.21,0
88221,2023-03-13,3,9,8,34.19,0
74689,2021-12-28,2,8,2,33.18,0
97060,2020-05-23,1,10,2,8.3,0
52928,2019-03-28,3,4,5,29.89,0
61494,2021-04-22,1,4,12,35.48,0
70620,2023-07-03,2,1,3,41.5,0
45086,2022-03-31,1,4,11,49.77,1
13529,2020-10-11,2,3,1,9.67,0
99847,2021-06-30,2,10,2,41.86,0
545,2022-07-23,3,10,7,45.36,0
15193,2020-04-20,1,10,2,26.0,1
49716,2020-05-05,1,8,12,43.43,0
52325,2020-09-30,3,8,5,8.32,1
79638,2023-05-02,2,6,11,44.36,1
27805,2020-02-19,2,7,11,27.02,0
37909,2023-05-02,2,6,2,12.56,1
91982,2022-12-01,2,2,2,12.42,0
49969,2023-12-13,2,4,6,17.44,0
75398,2021-04-10,2,3,9,48.39,0
21968,2023-08-15,3,8,12,16.7,0
51503,2022-07-26,1,4,13,38.38,0
67507,2023-04-05,2,10,2,43.56,0
50564,2020-01-17,2,4,5,26.85,0
32890,2023-05-05,1,8,8,9.89,0
9640,2019-01-11,3,10,11,13.98,0
2940,2019-03-19,2,5,3,49.46,0
6706,2022-10-24,3,10,5,38.39,0
9252,2021-11-12,3,3,11,18.75,0
87406,2019-08-27,3,8,13,37.01,0
76418,2023-03-31,3,6,13,10.74,0
51279,2021-04-26,3,10,2,45.11,0
54756,2020-11-06,3,8,12,19.25,0
44356,2023-12-18,1,4,9,38.44,0
91200,2023-08-28,3,9,13,3.14,0
16040,2019-07-31,3,8,2,34.15,0
79777,2022-02-24,3,2,13,20.39,1
92896,2021-09-15,2,5,1,21.07,0
52929,2020-05-24,3,4,2,7.45,0
42502,2019-04-14,1,3,10,45.74,0
84568,2019-02-19,3,5,2,5.41,0
70266,2019-02-27,3,5,13,28.61,0
20931,2019-01-18,2,5,2,42.93,0
18303,2022-01-16,1,8,6,26.26,0
17053,2020-06-06,3,7,12,32.35,0
73342,2021-12-16,1,8,13,20.2,0
80185,2023-05-22,1,9,1,9.77,0
10504,2022-12-19,3,2,1,18.6,0
4225,2023-11-05,3,5,1,34.36,0
83067,2021-09-25,3,7,12,21.82,0
15048,2023-01-28,2,6,7,25.46,0
29961,2021-01-30,2,9,7,21.82,1
7606,2021-06-30,1,7,7,2.19,1
20603,2022-07-16,3,5,9,5.92,0
1032,2021-05-29,1,2,4,2.39,0
29673,2021-06-09,2,7,5,29.12,0
41960,2023-06-21,2,4,12,11.14,0
7522,2019-08-10,3,1,2,3.49,0
14953,2022-04-27,3,5,3,4.65,0
34855,2022-09-02,1,1,1,13.46,0
41163,2020-03-06,1,10,6,28.55,0
32860,2022-03-20,1,6,10,21.18,0
29897,2019-07-28,2,5,6,20.54,0
33505,2021-03-18,1,8,13,3.6,0
22403,2022-03-29,2,3,4,23.63,0
20769,2021-06-28,1,6,1,21.44,0
52881,2022-04-20,3,1,9,29.78,0
16194,2021-02-22,2,1,2,41.25,0
79072,2019-11-25,3,6,3,32.27,0
973,2019-09-30,3,7,7,46.59,0
92670,2021-02-25,2,3,7,42.99,0
67942,2022-11-18,1,10,4,33.23,0
30150,2023-03-05,2,7,7,34.46,0
81935,2019-11-29,2,9,4,18.6,0
47857,2019-10-02,1,2,11,16.63,0
85083,2019-01-18,3,4,11,23.05,0
5686,2021-08-16,1,8,13,6.45,0
17842,2021-01-19,3,10,12,42.59,0
39629,2019-04-07,1,5,9,12.49,0
37398,2021-06-09,3,9,9,17.63,0
40571,2020-12-21,3,1,1,25.7,0
25929,2022-03-06,1,5,4,20.82,0
5242,2020-02-16,3,5,4,34.59,0
81204,2020-08-24,1,3,12,22.12,0
15233,2023-03-14,1,1,4,11.45,0
65820,2020-05-12,3,8,4,20.15,0
88956,2022-06-07,1,9,4,39.95,0
71278,2020-12-20,1,7,1,16.12,0
46657,2022-07-06,2,10,3,19.56,0
64150,2021-08-17,3,4,2,24.42,1
5742,2021-02-25,3,2,5,42.92,0
40797,2020-03-27,3,3,1,33.14,0
98068,2021-04-26,1,4,13,31.96,0
34553,2022-06-07,2,6,6,8.63,0
61073,2020-11-17,3,5,8,42.6,0
23857,2019-05-10,3,3,12,4.18,0
80516,2021-09-11,1,8,3,25.9,0
47808,2023-12-02,3,8,6,14.83,0
49606,2022-11-19,1,3,9,44.59,0
55595,2021-09-26,3,5,7,25.31,0
80160,2019-11-27,3,8,6,40.16,1
18889,2020-02-28,2,1,7,19.46,1
25131,2022-09-23,1,4,11,24.58,0
19232,2022-11-29,1,8,5,35.74,0
15718,2022-06-23,1,4,4,32.2,0
73376,2019-07-03,2,9,8,23.49,0
96856,2022-11-01,3,9,9,36.68,1
24344,2023-11-02,2,1,8,37.07,0
2965,2019-08-05,3,8,8,20.3,0
21964,2022-01-06,1,6,12,3.42,0
13576,2023-04-04,1,4,7,16.44,0
44773,2020-03-08,3,5,4,15.05,0
97308,2022-10-21,2,9,9,21.69,0
33624,2021-06-23,2,4,9,4.9,0
73266,2021-08-19,1,1,7,20.04,0
27291,2020-04-24,1,1,4,34.74,0
63458,2022-02-07,3,8,2,10.78,0
41457,2023-12-27,1,3,5,44.43,0
97552,2019-09-19,1,5,10,41.64,0
24010,2019-05-08,2,7,1,45.45,1
39215,2022-02-25,3,3,7,44.25,0
43579,2021-11-09,3,2,5,42.14,0
82037,2022-10-17,3,10,3,23.7,0
61135,2023-11-25,2,6,3,46.5,0
93522,2020-12-27,3,6,13,25.08,0
62938,2022-03-31,1,8,8,16.0,0
64898,2023-04-29,3,1,4,42.45,0
53533,2021-09-06,1,1,3,42.57,1
2971,2019-10-07,2,5,12,24.95,0
59629,2019-12-14,1,4,11,3.06,0
17807,2020-12-15,2,7,5,6.08,0
94761,2020-06-28,2,7,11,49.87,0
16914,2022-06-25,2,6,10,9.81,0
93749,2019-04-06,1,4,1,29.29,0
25259,2019-09-07,3,6,10,42.28,0
22727,2021-10-16,3,10,12,49.0,0
85757,2020-01-18,3,6,2,27.87,0
89679,2021-05-27,2,5,7,9.94,0
29200,2020-12-13,1,7,4,29.0,1
99383,2023-07-13,1,5,8,46.6,0
30691,2020-01-15,2,8,8,21.49,0
72008,2022-07-01,3,4,12,34.06,0
40843,2021-03-18,2,2,3,46.06,0
93217,2019-11-01,3,5,11,36.55,0
91624,2020-01-07,3,8,9,46.12,0
26396,2021-02-12,2,1,1,41.46,0
19829,2023-12-25,3,8,12,35.59,0
63251,2022-05-27,2,6,8,24.56,0
93956,2022-06-30,2,1,5,14.01,0
90547,2022-02-28,2,4,13,46.24,0
15906,2019-05-08,1,2,2,5.32,1
93414,2019-05-25,1,7,10,28.97,0
3083,2022-11-25,2,9,8,19.51,0
54522,2022-02-20,3,8,1,6.67,0
68309,2022-01-30,3,10,1,46.18,0
19593,2022-02-04,3,1,6,10.2,0
22882,2022-06-24,2,3,13,13.85,0
15722,2020-09-09,3,4,9,48.47,0
53186,2023-03-31,2,9,11,40.28,0
91622,2023-07-04,2,3,13,40.01,0
53278,2021-06-15,3,3,5,32.43,0
69825,2021-09-20,1,9,2,35.19,0
74730,2019-12-31,3,2,10,45.25,0
68871,2019-09-23,3,5,7,8.07,0
60160,2022-10-11,1,10,10,16.27,0
40209,2021-08-14,2,1,9,20.2,0
41261,2023-09-19,3,10,13,21.4,1
76733,2022-05-05,2,7,10,46.94,1
42418,2022-10-15,3,8,3,45.57,0
21906,2023-11-21,3,9,6,27.48,1
78285,2022-06-09,2,10,1,15.56,0
8328,2019-10-31,2,4,12,19.57,1
62115,2021-09-23,1,6,13,38.92,0
98237,2019-08-27,1,7,10,38.08,0
12712,2022-04-07,2,5,4,40.24,0
32176,2020-08-06,2,2,7,49.81,0
21462,2019-10-02,3,2,11,15.06,0
45022,2021-09-09,1,5,9,47.29,1
68081,2023-06-24,2,6,13,16.08,0
79494,2022-06-02,3,10,3,8.75,0
20772,2023-07-25,2,1,1,18.23,0
16654,2022-11-17,3,1,13,25.99,0
72345,2023-09-01,1,6,7,28.46,0
23643,2023-10-10,1,4,7,43.06,1
49941,2020-03-19,3,1,4,11.91,0
10208,2020-11-23,3,6,5,22.1,0
16560,2021-12-05,3,9,12,49.7,0
44863,2023-12-05,1,3,6,23.75,0
12536,2023-02-11,2,9,2,39.26,0
70253,2021-10-25,1,5,9,42.34,1
1402,2020-02-14,3,2,3,19.04,0
69976,2020-06-05,1,10,5,26.48,0
19318,2019-11-03,3,10,6,38.82,0
35192,2023-12-24,3,9,9,32.59,0
35406,2020-03-19,3,9,13,14.91,0
79548,2023-11-05,3,5,3,2.84,0
67893,2023-03-27,2,8,6,48.43,0
5994,2019-05-18,3,9,1,8.73,1
61118,2020-06-22,3,7,9,13.71,0
39412,2021-05-03,1,3,4,14.47,1
37308,2020-11-13,3,4,10,48.88,0
79397,2022-08-11,3,8,7,20.74,0
59034,2020-06-01,1,6,13,11.07,1
60906,2023-08-25,2,6,4,37.59,0
48703,2019-04-27,1,5,3,41.6,0
68127,2019-04-18,1,9,3,40.64,0
7331,2021-09-20,2,10,2,36.69,0
13361,2021-03-22,2,10,13,39.41,0
60472,2019-12-24,2,4,8,45.51,0
70969,2020-04-29,1,4,1,37.01,1
41002,2019-07-03,2,2,6,25.6,0
26952,2023-05-06,3,1,13,27.12,0
99612,2020-01-08,2,4,8,33.32,1
88289,2023-10-23,2,8,1,26.3,0
8361,2021-09-01,3,10,5,44.71,0
10455,2021-01-23,3,3,13,24.37,0
55519,2023-11-28,2,9,2,18.91,1
22594,2022-08-11,2,2,12,22.67,0
39585,2022-03-02,2,3,9,10.72,0
18928,2021-07-19,3,1,13,29.11,0
84275,2019-10-24,1,3,5,26.7,0
89351,2020-09-04,3,1,13,26.53,0
32588,2022-12-30,1,8,3,32.99,0
48856,2022-07-27,1,8,3,37.54,0
28136,2023-06-30,1,7,4,48.82,0
34094,2022-07-20,1,3,2,17.16,0
24469,2021-01-19,2,8,3,25.79,0
15630,2020-04-19,2,2,11,14.65,0
60243,2022-01-18,3,10,5,26.03,0
31399,2019-02-15,1,3,1,27.59,0
30946,2021-06-23,2,4,7,6.6,0
7128,2023-04-01,2,4,12,19.12,0
29355,2019-02-26,3,2,5,34.69,1
38877,2023-12-10,2,7,6,10.08,0
9365,2019-03-03,1,3,10,22.54,0
63561,2023-08-22,1,2,5,16.57,0
30858,2021-04-15,3,2,4,2.47,0
73718,2023-07-05,1,1,9,28.74,0
26672,2023-10-21,1,8,5,30.06,0
54836,2020-07-26,2,9,5,32.77,0
15207,2019-06-16,1,5,2,24.29,0
25788,2020-12-06,1,6,13,22.72,0
81126,2021-06-07,1,7,13,37.25,0
51517,2019-11-22,1,4,8,45.65,1
23670,2019-05-24,1,3,8,23.72,0
96066,2020-04-17,1,4,10,32.07,0
29247,2020-02-21,3,3,10,39.0,0
75467,2020-09-11,2,1,13,28.35,0
94405,2021-09-20,2,9,7,2.44,0
5984,2021-02-19,3,6,7,29.34,0
63300,2022-10-05,3,6,8,29.56,0
38992,2023-05-26,1,4,2,44.23,0
80215,2023-06-23,1,4,3,43.46,1
5372,2019-10-11,2,1,5,3.35,0
3803,2019-07-28,3,10,11,46.17,0
70962,2022-10-14,1,8,7,20.38,0
87125,2022-06-18,2,7,4,24.85,1
70715,2021-03-02,1,1,8,8.6,0
39267,2023-03-15,1,1,2,44.81,0
96172,2020-03-23,3,2,8,15.63,0
35913,2023-05-18,1,6,7,18.01,1
53683,2023-07-28,2,3,9,37.93,0
88446,2022-12-07,2,9,13,11.31,0
35983,2020-05-29,1,7,11,38.02,0
80891,2020-06-06,3,5,7,30.25,0
25338,2020-09-23,2,1,4,35.8,0
13289,2023-05-03,2,1,4,12.33,0
20699,2022-04-09,2,8,12,14.09,0
69097,2022-08-07,1,2,3,39.94,0
84566,2021-01-30,2,7,4,45.2,1
6577,2023-07-11,2,9,13,44.86,0
77760,2019-03-23,2,8,2,37.0,0
25569,2019-01-15,1,4,9,5.48,0
7713,2019-03-08,2,2,1,22.81,0
53643,2022-07-13,3,5,4,19.22,0
95237,2019-04-06,2,4,11,48.8,0
73622,2021-12-07,3,2,13,47.33,0
78031,2022-06-20,1,9,9,40.07,0
84043,2019-07-11,3,2,6,48.5,0
1774,2019-03-31,1,7,11,42.47,0
49309,2023-07-31,3,8,12,23.26,0
78001,2020-06-01,2,10,1,44.48,0
41151,2023-06-22,2,8,2,3.91,1
58908,2021-04-30,2,2,12,26.43,0
88066,2021-06-09,3,10,6,26.01,0
31150,2020-01-08,3,10,3,8.39,0
94232,2019-09-02,2,6,9,49.45,0
36810,2021-03-08,1,9,13,11.68,0
7690,2020-10-20,2,8,5,34.78,0
63808,2019-05-24,3,6,1,36.17,1
44178,2020-10-17,3,5,12,34.52,0
4361,2021-10-10,3,4,13,27.84,0
29471,2019-07-02,3,6,5,35.03,0
34388,2022-09-16,2,3,1,5.1,1
24707,2021-08-07,2,8,2,11.31,0
301,2022-02-06,3,7,2,3.43,0
41669,2020-08-18,3,10,9,22.31,0
97539,2019-10-01,3,7,11,13.9,0
31386,2020-11-04,2,4,4,47.12,0
15557,2020-10-09,1,7,10,6.76,0
68706,2022-06-27,3,9,6,12.35,0
67057,2021-04-07,3,5,13,5.82,1
42881,2021-12-30,2,2,7,26.48,0
99553,2022-03-06,3,1,9,30.54,0
87660,2019-11-18,2,5,12,26.57,0
10161,2019-07-27,1,10,9,14.31,0
20751,2019-05-20,2,9,11,29.63,0
70963,2022-08-23,3,8,5,22.13,0
3460,2022-05-10,1,9,13,33.28,0
81704,2023-01-26,3,1,11,46.81,1
90530,2022-05-02,1,6,11,9.38,0
74441,2022-07-05,3,1,12,19.64,0
81415,2022-01-25,1,6,1,26.87,0
78744,2020-06-27,3,6,3,28.28,0
65760,2021-01-20,1,7,1,38.61,0
16559,2019-02-19,2,8,13,5.1,1
29235,2020-12-30,1,3,10,25.66,0
1807,2020-07-26,1,10,7,30.18,0
8682,2022-01-10,1,3,5,44.19,0
61869,2022-07-03,2,9,3,30.43,0
42006,2020-04-09,2,10,6,12.61,0
24194,2021-05-01,3,9,10,14.72,0
96729,2019-08-17,1,7,11,3.82,1
13683,2019-09-28,3,7,3,31.33,0
64139,2022-01-13,2,2,6,24.46,1
3437,2021-09-14,1,7,8,22.69,0
16075,2022-12-31,3,6,3,18.61,0
25456,2022-05-24,3,4,7,4.85,0
97131,2019-06-18,2,5,10,31.97,0
35713,2021-04-13,3,4,9,13.64,0
34594,2022-06-04,2,4,6,11.27,0
32735,2019-01-28,2,6,7,22.12,0
24578,2022-09-18,2,10,11,3.43,0
42556,2023-09-29,2,4,6,48.49,0
23518,2022-10-16,1,4,11,38.26,0
22170,2019-03-28,1,9,11,5.41,0
26925,2023-12-02,3,5,1,13.45,0
69179,2019-04-05,3,5,1,16.11,0
44918,2023-03-30,3,10,12,48.61,0
53058,2019-10-07,1,8,10,40.64,0
93597,2019-11-08,3,3,10,45.11,1
93946,2021-06-20,3,10,9,31.03,0
41743,2023-09-07,3,10,12,35.08,0
56939,2019-06-16,3,1,3,35.34,0
33104,2020-02-13,1,8,8,8.51,0
47765,2020-11-20,1,2,12,5.37,0
30283,2019-07-17,1,5,13,18.19,0
65055,2021-08-05,2,8,10,15.14,0
4771,2019-12-18,3,5,3,25.97,0
24079,2022-03-10,3,6,6,23.67,0
94378,2023-07-13,2,5,10,14.74,1
25523,2021-04-20,1,8,2,11.24,1
80022,2022-04-10,3,10,9,14.64,0
4857,2022-06-03,1,3,9,30.33,0
53318,2022-11-19,1,3,12,2.19,1
35202,2022-09-04,2,3,11,31.55,0
15319,2019-10-09,3,9,3,31.94,0
36176,2019-01-27,2,10,6,23.21,0
85889,2019-09-14,1,3,2,17.67,0
9193,2021-03-21,2,10,10,10.11,1
71197,2023-10-27,3,2,2,31.82,0
34568,2019-02-08,1,2,11,29.45,0
46033,2021-05-03,2,5,12,5.34,0
56097,2019-07-09,2,1,3,18.77,0
13926,2019-05-22,1,3,9,18.06,1
43753,2021-08-11,2,2,11,49.12,0
7136,2021-08-24,1,7,7,21.65,0
62821,2020-06-19,1,9,12,35.29,0
26708,2023-10-13,3,6,1,25.62,0
23301,2020-11-07,2,8,8,23.43,0
47712,2019-03-03,1,7,4,37.56,0
80792,2019-12-11,1,5,1,28.51,0
31700,2022-11-16,2,8,1,44.62,1
6627,2020-11-02,1,4,4,3.84,0
35330,2019-11-11,2,4,7,31.13,0
88507,2022-01-13,3,10,4,23.05,1
39579,2020-04-30,3,10,10,49.33,0
75211,2022-07-21,3,6,13,35.11,0
95743,2020-10-25,2,1,11,22.4,0
66991,2021-07-06,1,2,6,12.0,0
49610,2020-04-20,3,8,8,4.34,0
79450,2021-10-10,1,9,10,32.39,0
87867,2019-05-10,2,5,4,16.61,1
5494,2020-12-30,1,10,2,4.5,0
60292,2020-08-21,1,8,6,22.65,0
42979,2020-09-11,2,5,10,26.97,1
32819,2019-06-15,2,8,1,24.77,0
82011,2019-11-04,1,3,2,41.73,0
76242,2020-07-26,2,2,13,44.17,0
55247,2020-06-29,2,6,3,25.41,0
8332,2020-02-02,2,6,3,49.19,1
51682,2020-05-14,2,4,1,47.46,0
3138,2021-01-17,2,5,7,31.06,0
88227,2021-03-28,3,7,9,21.28,1
80854,2020-11-04,1,8,2,10.42,0
34244,2022-03-29,2,8,13,9.43,0
10361,2019-03-24,2,10,12,6.8,0
30512,2023-06-10,2,1,1,26.15,0
86802,2022-12-10,1,10,12,36.88,0
55246,2022-03-14,1,10,11,6.62,0
90675,2019-05-25,2,3,11,17.5,0
78803,2023-12-12,3,4,5,27.04,0
98558,2023-12-14,2,7,9,27.81,0
61296,2022-07-25,2,9,13,30.83,0
85580,2023-04-15,2,1,7,46.22,0
74202,2019-05-13,1,7,11,18.86,0
59384,2019-02-17,1,5,5,47.5,0
30877,2019-07-19,2,6,11,14.86,0
83741,2021-11-23,2,4,7,27.77,0
25968,2022-09-09,1,7,6,26.48,0
44466,2022-09-11,2,6,9,5.93,0
18787,2019-03-06,3,3,2,32.81,0
47965,2023-03-07,2,2,3,17.94,0
67333,2019-05-26,3,1,7,11.94,0
70863,2022-09-09,1,10,9,19.52,0
99663,2019-06-29,1,2,7,19.11,0
32678,2022-01-09,1,7,11,15.33,0
90163,2021-03-27,2,6,9,28.0,0
85245,2019-11-24,1,4,2,26.08,0
21354,2023-04-29,3,1,6,10.11,0
94919,2022-08-07,3,4,6,32.79,0
55479,2022-07-22,1,7,6,37.51,0
53087,2020-11-15,1,5,4,11.13,0
88377,2021-06-01,1,3,10,39.9,0
61131,2022-10-12,3,2,6,31.5,1
32080,2019-06-27,3,7,5,22.06,0
84268,2022-03-22,1,10,13,12.46,1
23090,2021-07-24,2,2,1,4.77,1
3539,2022-01-04,3,8,8,32.5,1
45776,2022-03-12,1,7,11,23.28,0
80242,2019-12-29,2,2,9,23.36,1
52981,2023-07-29,1,7,7,11.79,0
59360,2022-09-05,3,9,7,44.8,0
78870,2023-07-17,1,2,5,7.28,0
97878,2020-11-28,3,7,9,27.94,0
11070,2023-03-20,2,10,10,3.58,0
48943,2023-10-08,1,1,7,13.17,0
68792,2022-03-10,2,7,4,18.16,0
65814,2020-10-31,1,8,6,40.78,0
83217,2023-04-19,1,6,12,16.12,0
76649,2021-11-21,2,3,13,49.71,1
49083,2023-06-02,3,4,11,46.9,0
18688,2023-06-05,1,8,4,46.02,0
35804,2021-12-18,2,5,2,35.67,0
95911,2023-11-22,3,8,4,25.58,0
37282,2021-09-02,2,10,10,11.99,0
94267,2020-08-11,3,10,8,15.26,0
21659,2021-06-29,3,5,4,21.22,1
40670,2023-08-19,1,4,2,7.32,1
38787,2020-01-10,2,9,9,13.17,0
24953,2022-05-03,2,2,9,5.38,0
21894,2020-05-25,2,8,10,26.61,0
45198,2023-11-17,2,1,11,43.23,1
7506,2021-01-10,2,9,10,31.53,0
5558,2019-01-05,1,1,10,39.71,0
24047,2022-05-24,2,8,8,33.04,1
10587,2021-11-10,3,9,10,6.07,0
47072,2023-04-24,2,7,2,20.8,0
55842,2019-05-06,2,8,4,16.68,0
24655,2023-03-05,3,1,13,7.85,0
2896,2019-01-05,2,4,7,9.56,0
13669,2022-12-24,1,2,6,45.53,0
50810,2021-10-19,3,6,2,25.42,0
94621,2022-01-14,2,9,5,14.57,0
88340,2020-04-12,1,6,8,14.71,0
8267,2023-08-05,1,3,5,49.62,0
38154,2020-12-18,3,4,9,34.45,0
78244,2023-10-09,2,6,13,27.81,1
51852,2020-01-27,2,8,10,43.9,0
1672,2020-01-20,3,9,10,43.74,0
91805,2022-04-19,1,7,5,8.87,1
69148,2019-10-25,2,7,6,46.85,0
77607,2021-03-18,2,9,8,14.33,0
51061,2020-05-14,3,5,12,20.16,0
26265,2021-01-23,2,9,2,49.3,0
95096,2019-10-17,3,10,9,37.68,0
90904,2021-01-15,3,2,13,6.33,0
58228,2019-09-07,2,8,6,2.71,0
25829,2023-03-18,2,3,12,46.23,0
43680,2020-07-07,1,8,4,36.89,0
91299,2023-02-05,2,6,3,27.56,0
29536,2019-04-10,3,4,1,31.65,0
7223,2019-05-03,1,2,6,32.32,0
5689,2021-03-13,1,3,4,33.93,0
6296,2022-02-22,1,1,3,47.49,0
62406,2019-06-23,3,8,6,49.3,0
96574,2020-06-10,2,9,13,23.78,0
46407,2020-01-07,2,7,12,47.7,0
44042,2022-10-12,1,10,6,23.66,0
40666,2019-11-19,1,10,3,41.65,0
87043,2021-11-04,3,6,9,46.37,0
41158,2022-08-09,3,3,2,42.42,1
86596,2020-02-18,2,7,11,4.56,0
22,2019-03-27,3,1,9,2.9,0
94001,2022-04-17,2,10,6,48.93,1
77824,2020-08-18,1,3,9,8.71,0
23815,2022-01-16,2,7,5,14.43,0
63943,2019-05-18,2,10,2,32.7,1
79123,2021-09-13,1,1,1,38.2,0
26181,2019-06-13,2,7,9,12.78,0
25845,2021-07-03,2,3,1,7.68,0
43933,2021-06-24,1,6,2,36.89,0
10775,2020-02-02,2,9,1,38.56,0
69584,2023-08-14,1,1,8,3.48,0
90560,2019-08-23,3,6,4,4.28,0
98239,2023-09-08,1,6,6,44.33,0
69659,2019-02-19,2,2,9,41.18,0
3654,2020-10-10,3,7,10,45.81,0
15042,2023-04-21,1,3,9,32.74,0
14024,2020-01-11,3,7,2,25.97,0
3591,2020-01-28,1,8,7,13.58,0
26328,2022-01-11,1,10,7,10.7,0
34680,2023-03-01,3,4,12,27.96,0
93377,2020-10-27,1,9,6,32.94,0
64321,2021-01-09,2,6,9,3.69,0
31300,2023-08-05,3,3,6,15.32,0
71376,2023-12-01,2,8,10,38.43,0
45120,2021-06-10,3,2,2,43.31,0
67677,2021-08-14,3,2,13,41.56,0
32005,2021-08-19,2,1,1,27.46,1
34747,2020-11-02,2,10,12,32.88,0
1923,2022-12-03,1,6,13,24.75,0
71600,2020-10-13,3,5,1,32.62,0
50613,2021-09-26,1,4,4,13.57,0
2658,2021-04-02,3,2,8,23.5,0
9209,2019-02-14,2,8,1,30.24,1
38589,2022-11-05,3,9,8,22.29,0
37472,2022-02-09,3,10,2,5.36,0
12315,2019-12-18,1,2,7,22.99,0
37667,2019-04-30,3,6,12,36.85,0
30264,2022-08-12,3,10,13,2.95,0
23122,2023-04-11,2,5,4,26.17,0
49524,2022-11-04,2,1,7,19.24,0
5423,2022-11-03,3,5,10,6.19,0
31856,2020-06-05,1,10,4,35.08,0
11054,2022-03-04,2,1,6,5.16,0
17935,2021-03-18,3,1,10,30.28,0
31746,2020-07-20,1,8,13,39.18,1
39667,2019-04-13,2,3,9,6.05,0
84158,2019-10-04,2,10,8,14.93,1
82778,2023-02-28,1,5,4,16.12,0
2092,2023-10-03,1,8,11,7.83,0
63456,2020-06-27,2,7,10,18.38,0
86797,2020-02-08,2,10,4,14.46,0
98420,2020-09-22,1,1,2,29.04,1
1357,2021-11-21,2,10,10,28.4,0
544,2022-11-05,1,1,8,44.62,1
44546,2020-09-18,3,7,1,2.06,0
30603,2020-02-13,3,8,11,37.96,0
4245,2023-04-26,3,6,10,34.67,1
39722,2020-09-30,1,1,9,27.04,0
50874,2022-06-22,1,10,10,25.14,0
16620,2020-03-29,2,5,7,11.38,0
56000,2023-08-30,2,6,8,39.83,0
32722,2022-09-14,1,2,2,14.28,0
19650,2022-04-07,3,10,11,3.9,0
60109,2022-06-27,1,8,12,31.29,0
43598,2019-12-26,2,10,6,45.44,0
5507,2023-08-29,1,3,10,39.71,0
30126,2023-03-18,2,8,8,21.58,0
52579,2019-02-21,1,7,11,32.47,0
79591,2020-01-11,3,2,1,41.95,1
64450,2023-11-01,3,8,12,31.91,0
51868,2021-01-13,2,3,12,6.67,0
15160,2021-04-28,2,9,5,45.5,1
56527,2021-04-13,1,8,11,8.45,0
36976,2022-01-23,2,7,11,48.73,0
78054,2022-01-27,3,7,3,21.66,0
61876,2023-03-05,3,9,6,20.64,0
98465,2022-07-08,1,9,5,41.92,0
