Date,Product_ID,Supplier_ID,Warehouse_ID,Purchase_Qty,Unit_Cost
2021-02-20,1200,35,6,838,279.08
2020-05-28,1714,43,6,567,392.97
2023-08-30,796,2,3,458,352.43
2021-11-13,41,41,10,996,47.19
2019-01-13,515,26,7,806,116.93
2022-01-14,235,2,3,243,29.91
2020-01-30,520,33,5,304,250.35
2019-08-21,1552,15,7,963,324.57
2019-10-02,122,1,1,794,101.31
2023-09-04,1367,32,10,766,132.94
2022-10-05,1169,50,10,557,295.23
2019-09-17,1565,19,9,677,131.97
2020-09-18,1254,14,7,733,127.24
2023-09-13,348,41,8,203,261.59
2019-01-28,74,48,3,100,27.6
2021-08-28,1029,8,1,415,315.56
2020-07-14,1591,12,3,320,47.67
2022-09-09,414,15,5,831,36.52
2023-12-13,1383,50,3,621,217.55
2023-04-11,1331,50,1,655,312.4
2023-06-16,874,44,10,759,184.54
2022-02-18,1701,50,7,632,46.74
2021-07-15,1769,34,8,765,193.78
2020-09-22,907,6,8,241,378.17
2020-11-25,744,27,1,968,240.02
2020-01-26,806,27,6,110,202.21
2020-10-17,1447,27,8,403,60.66
2019-06-25,538,38,10,519,45.76
2019-11-10,126,10,10,603,309.07
2021-01-25,1633,48,10,248,328.02
2022-10-24,1852,43,10,761,35.4
2023-02-07,480,37,1,451,363.62
2023-11-26,1107,27,8,125,221.9
2022-04-04,933,45,9,495,211.65
2019-04-22,1738,28,6,239,273.2
2019-09-26,1039,9,2,527,148.49
2023-05-09,1914,28,3,822,314.13
2023-09-14,1639,31,1,215,350.71
2020-07-02,1066,41,6,920,126.56
2022-04-30,1171,49,7,572,173.28
2021-07-07,1490,4,4,402,61.28
2019-03-24,1483,48,6,916,315.9
2019-02-21,960,50,8,434,123.78
2021-10-26,1133,22,3,264,202.41
2022-06-22,995,33,9,384,25.43
2022-10-31,1030,25,5,458,202.36
2020-10-13,219,20,6,215,18.59
2020-10-12,723,1,2,583,94.98
2022-08-18,1344,16,6,328,29.53
2021-06-26,912,2,3,68,20.71
2019-07-19,424,9,1,371,69.68
2022-07-14,739,13,2,469,158.88
2020-06-05,90,6,6,998,124.2
2019-10-12,1692,49,9,301,105.81
2021-04-26,1403,12,3,161,125.5
2019-05-05,163,41,10,104,12.71
2022-02-06,416,13,1,135,348.66
2023-06-22,1354,8,4,900,394.25
2023-05-20,186,41,7,203,23.09
2021-07-23,1559,1,5,476,246.15
2020-06-01,1779,10,8,428,362.13
2020-07-10,1816,1,1,531,275.12
2023-09-12,438,17,9,899,64.4
2021-09-15,1596,21,8,399,308.1
2019-12-13,1948,43,9,806,370.9
2020-06-29,1816,12,9,525,183.0
2022-12-24,1105,6,7,742,281.25
2021-04-04,1782,2,3,500,248.87
2020-09-15,889,36,3,678,308.44
2021-06-27,840,3,2,264,96.94
2019-06-16,1507,44,4,897,180.38
2019-01-18,1354,18,1,347,82.76
2020-02-02,1934,30,7,708,221.65
2022-03-29,1789,20,1,761,75.28
2023-12-28,161,32,5,449,379.24
2021-02-06,1841,21,2,734,259.98
2021-03-14,953,24,7,550,357.31
2019-04-20,106,20,6,723,208.61
2021-05-10,778,38,9,652,353.98
2022-03-21,925,10,2,598,28.69
2020-02-17,1301,46,4,688,338.95
2023-03-26,1895,6,10,984,232.75
2021-08-20,59,17,9,460,175.57
2022-01-16,157,37,8,295,361.42
2023-05-14,252,2,7,387,128.57
2021-05-18,1696,20,9,711,20.05
2020-10-23,1510,15,9,709,97.81
2022-01-06,1830,29,10,628,82.0
2021-06-12,1252,7,8,215,33.27
2023-03-18,1161,36,6,395,125.26
2019-12-08,1698,47,9,708,353.57
2021-11-13,174,48,10,476,363.69
2022-03-15,221,28,7,423,375.09
2021-02-24,39,25,10,428,356.17
2019-06-30,719,45,2,788,307.75
2019-03-04,215,5,4,354,217.83
2022-02-13,1108,50,9,443,224.58
2021-09-16,674,46,1,407,175.15
2023-02-17,1293,30,7,54,338.03
2021-04-02,1671,30,7,334,304.02
2023-01-30,195,34,7,989,121.22
2022-12-14,684,7,2,147,360.75
2021-09-24,24,50,3,301,229.63
2022-07-16,389,50,7,143,172.18
2022-07-18,818,49,3,113,254.52
2019-11-04,1673,17,1,800,205.4
2023-06-14,1519,5,3,792,374.63
2022-02-14,61,39,1,707,80.88
2021-07-08,255,14,1,642,35.52
2022-12-11,887,9,10,257,29.97
2023-01-14,1920,1,7,400,106.85
2020-09-10,808,19,4,265,399.85
2020-11-10,1693,33,5,449,304.11
2022-02-20,1579,50,6,797,214.67
2023-10-31,228,49,9,956,66.91
2023-03-25,314,18,10,79,63.75
2021-11-04,367,8,10,443,171.15
2020-09-22,1054,2,6,267,119.64
2022-01-17,169,6,3,898,238.35
2020-12-03,1288,38,9,648,161.15
2020-09-09,1423,29,8,436,295.22
2023-09-09,1243,4,9,442,253.63
2019-06-16,1268,46,1,809,201.77
2020-02-28,1717,7,3,603,266.4
2020-06-26,1111,22,3,529,103.89
2022-01-18,790,44,5,122,387.4
2021-07-22,1131,1,8,319,298.37
2020-03-07,1016,17,8,454,201.14
2022-05-31,115,42,1,697,82.45
2023-09-07,240,40,6,990,7.59
2022-08-17,1985,40,8,606,12.81
2019-01-15,384,24,4,590,105.2
2022-09-12,321,44,9,924,218.09
2023-12-17,829,29,10,425,96.35
2019-03-05,544,8,6,216,204.46
2019-11-26,1079,17,7,830,129.87
2022-07-08,1697,50,3,635,146.96
2021-01-19,519,17,3,895,336.97
2021-09-02,1258,38,3,859,74.75
2019-04-19,395,43,5,91,369.64
2020-10-10,970,20,1,116,307.15
2020-11-18,1249,32,3,583,306.42
2021-03-09,1362,17,4,256,362.25
2023-11-10,1927,26,9,370,338.65
2021-09-29,1678,30,9,434,29.71
2023-09-03,1472,44,10,953,364.73
2021-01-23,1672,48,1,988,252.12
2022-12-04,1203,21,4,103,180.58
2021-02-05,641,48,10,769,12.28
2020-06-24,992,23,4,575,351.65
2022-04-12,729,26,5,939,329.51
2022-06-01,925,13,5,831,229.3
2022-10-25,1867,3,9,971,56.26
2020-01-18,1130,1,6,360,210.63
2020-08-26,567,22,5,261,160.85
2020-02-18,1838,45,5,255,227.84
2021-11-15,1670,21,5,406,64.69
2023-06-10,292,50,4,792,198.6
2020-09-12,862,43,9,551,292.15
2020-02-14,943,38,8,670,187.32
2019-06-22,462,20,5,812,317.56
2021-04-12,100,25,10,743,130.35
2020-07-05,1069,18,3,939,37.31
2019-03-28,1710,45,4,79,218.96
2022-09-07,1304,13,7,92,374.72
2019-10-25,1447,19,6,749,243.83
2020-09-21,1353,1,2,80,183.35
2023-03-27,507,39,6,744,165.63
2023-10-01,1184,18,6,97,308.54
2020-11-24,128,23,8,821,247.85
2021-08-16,630,25,2,200,299.48
2020-12-17,1319,45,9,145,45.45
2020-10-02,1430,40,1,629,339.36
2019-12-27,1971,43,1,904,379.26
2020-06-22,265,17,5,113,157.61
2021-12-20,660,42,10,500,219.73
2019-05-03,1938,22,5,658,26.76
2023-07-22,1483,36,8,640,385.87
2021-05-08,545,37,8,426,275.16
2019-08-20,892,16,1,877,20.52
2022-03-11,1269,26,2,404,133.76
2020-09-17,1311,32,8,222,169.38
2021-11-18,1005,18,1,922,167.91
2022-03-17,1884,50,6,705,77.16
2020-07-02,1380,37,10,306,346.09
2022-12-19,36,30,5,867,7.62
2020-10-23,1137,21,10,829,5.23
2021-07-14,514,25,9,707,314.7
2019-05-08,66,16,2,730,27.72
2023-09-15,362,9,3,342,376.44
2019-11-10,1489,35,4,867,390.23
2021-02-18,1549,32,10,296,67.56
2023-10-28,1942,38,6,774,384.14
2023-04-11,873,10,9,456,321.25
2020-09-03,1047,2,10,174,249.98
2019-12-22,929,24,7,660,8.86
2022-06-17,641,34,3,745,325.71
2022-02-15,1060,29,5,671,164.37
2023-12-15,935,39,9,893,319.61
2020-12-01,996,30,6,155,386.62
2020-06-20,445,41,6,629,99.63
2021-08-22,419,31,10,407,279.58
2020-04-19,1906,46,9,52,238.49
2021-07-21,1677,40,10,365,353.33
2019-03-17,1133,48,3,366,211.37
2021-07-23,854,16,10,999,191.0
2019-10-05,1888,30,2,191,98.15
2019-07-22,1599,35,8,883,232.55
2019-09-23,1067,38,5,263,358.63
2022-10-11,1524,11,5,114,311.75
2022-02-22,471,43,5,409,203.18
2022-09-05,232,6,9,474,200.44
2021-04-29,451,18,4,402,15.52
2022-06-26,139,45,9,858,307.82
2023-11-15,669,7,8,278,341.95
2022-12-21,821,15,9,584,177.43
2020-09-11,1065,43,1,686,376.25
2021-10-15,346,29,1,637,232.22
2019-05-19,1229,38,7,96,95.86
2021-11-05,806,4,8,420,155.53
2019-06-02,1360,29,2,592,301.51
2019-11-07,1525,16,9,664,100.89
2021-08-20,387,16,2,843,231.24
2019-07-13,1534,50,7,453,83.67
2021-07-11,85,5,2,574,231.29
2022-04-12,556,18,10,177,90.68
2022-03-08,1471,21,5,463,166.61
2023-09-30,134,25,6,941,158.53
2022-02-20,933,1,2,724,70.85
2023-08-19,463,36,9,658,170.74
2022-04-10,1753,42,3,150,26.81
2022-09-20,120,43,8,736,395.12
2023-01-17,1659,6,1,750,106.13
2022-08-27,1949,4,4,557,289.14
2019-12-01,1247,4,4,636,286.29
2020-09-03,1101,1,10,785,277.83
2023-11-16,359,33,9,786,362.4
2023-12-14,1623,3,5,853,45.64
2022-10-24,29,7,9,386,24.13
2020-04-22,1566,16,6,136,21.92
2019-02-09,222,23,3,63,196.55
2023-09-30,614,16,9,996,366.2
2020-08-09,1635,1,2,925,227.38
2023-08-28,1781,45,7,430,148.59
2021-01-19,973,2,7,971,189.72
2019-11-05,1414,44,4,980,101.73
2022-09-13,822,44,8,999,293.41
2023-10-11,179,11,3,506,311.75
2021-12-24,755,42,6,883,103.57
2021-06-15,1690,1,8,913,314.54
2021-07-23,12,14,6,508,98.94
2022-08-02,785,2,3,498,155.92
2019-07-31,1364,32,1,363,25.04
2020-03-02,1838,30,5,762,57.59
2022-07-26,1552,32,2,176,124.87
2021-01-31,1643,16,2,80,203.6
2019-09-02,1710,43,7,898,345.27
2020-05-06,148,27,6,172,327.67
2019-01-31,1252,37,8,537,297.6
2021-09-09,1769,30,8,272,129.17
2023-09-29,1899,1,6,437,301.12
2022-04-18,104,11,10,458,266.56
2022-11-14,974,33,6,817,165.66
2019-10-30,114,29,8,704,310.08
2022-01-28,364,28,1,371,262.42
2019-01-17,1360,29,9,284,172.25
2019-02-16,615,46,2,622,149.89
2019-04-29,902,18,3,56,310.99
2021-12-15,494,38,7,164,17.75
2019-02-16,958,11,9,440,64.22
2023-10-21,231,18,10,869,38.13
2022-01-02,1239,26,10,323,371.28
2023-04-13,119,44,3,793,58.69
2022-12-19,259,23,2,385,228.41
2019-02-25,1531,35,4,904,335.69
2023-05-21,346,36,3,745,241.24
2021-02-01,1676,10,9,869,90.89
2019-11-23,580,25,5,434,162.09
2019-05-16,1640,23,5,916,342.25
2021-07-17,1799,14,7,165,336.39
2019-11-17,153,46,3,297,337.46
2023-04-16,680,18,4,566,217.35
2020-04-04,1537,32,8,616,194.09
2023-09-13,1658,7,5,453,163.76
2021-05-05,1129,15,10,74,66.79
2019-07-27,508,44,4,433,45.8
2019-07-28,624,33,1,557,90.61
2023-02-26,1519,14,1,393,79.63
2022-04-17,1608,2,7,780,357.91
2022-03-08,1890,14,9,512,296.43
2022-03-22,324,36,5,659,130.09
2023-09-12,1771,27,10,400,197.09
2023-06-01,318,50,6,375,299.99
2021-05-18,734,7,4,488,348.12
2021-07-23,915,28,5,258,136.18
2021-08-08,1669,10,6,507,224.76
2023-09-23,50,6,1,284,86.8
2020-05-07,1841,28,1,257,49.89
2023-07-11,1595,3,3,545,100.15
2019-01-04,201,46,1,233,243.02
2020-06-03,1875,30,6,349,46.14
2023-09-07,364,34,6,886,58.82
2019-03-01,1758,40,9,711,196.52
2020-03-15,1852,26,8,282,312.48
2020-01-28,449,50,10,364,41.55
2020-09-15,1494,36,6,539,71.32
2021-05-25,251,3,3,961,31.29
2022-01-06,1156,44,7,376,190.02
2023-09-28,1700,44,10,360,265.27
2019-06-13,1121,44,3,841,359.66
2019-08-03,1681,3,5,68,72.28
2022-04-04,1402,3,1,638,335.12
2022-07-23,1379,44,7,212,241.8
2019-12-16,430,28,6,819,363.57
2023-06-19,286,28,7,453,172.4
2020-11-20,8,26,6,979,162.3
2023-07-24,1514,16,10,786,156.99
2020-08-14,861,11,5,568,280.77
2023-12-08,196,32,5,654,79.99
2021-09-06,1582,26,4,883,42.33
2021-06-20,1227,7,4,581,163.56
2021-01-11,1454,46,5,178,154.51
2019-03-31,1746,35,2,795,75.41
2022-09-27,1120,45,1,694,55.84
2020-09-25,975,34,10,813,29.98
2021-01-22,741,28,4,977,45.25
2021-06-29,1608,48,6,406,288.88
2023-07-27,905,5,7,244,81.16
2020-07-11,1539,12,3,211,45.57
2020-01-13,224,27,6,391,122.22
2020-05-08,1743,17,5,562,90.48
2019-02-08,150,23,8,281,5.97
2020-07-21,1670,25,2,54,151.97
2021-02-14,1035,13,8,875,8.79
2023-03-25,1365,8,1,163,17.26
2020-10-29,1466,18,5,869,310.54
2021-10-04,1169,16,2,215,133.93
2022-11-08,1295,13,5,187,175.79
2020-03-14,1556,6,5,467,245.27
2019-08-04,1924,24,9,82,88.51
2021-09-02,932,28,1,84,298.75
2020-03-20,1142,26,10,118,157.95
2021-11-29,1220,15,2,439,365.07
2022-09-04,1921,32,10,147,37.37
2022-11-28,1742,45,8,651,92.19
2021-04-23,311,33,10,531,12.1
2020-07-17,1579,26,6,177,43.52
2021-04-02,700,49,2,984,190.24
2020-05-25,966,43,9,410,192.77
2019-09-08,1359,36,3,111,74.78
2021-04-23,1576,49,4,932,188.61
2022-08-06,1910,48,4,385,203.68
2022-12-04,1262,11,6,452,399.16
2023-05-10,643,36,5,843,394.11
2021-05-22,927,28,1,700,331.28
2023-11-01,993,14,1,785,375.26
2019-10-14,324,31,5,805,318.42
2021-09-15,1269,2,7,815,191.7
2020-03-23,523,12,3,249,87.87
2020-02-05,505,37,6,625,326.6
2021-12-06,1559,44,10,699,148.3
2020-10-01,1991,17,10,805,168.15
2023-01-24,481,40,2,385,273.72
2023-09-24,882,29,6,648,366.21
2022-10-30,906,9,9,539,137.03
2023-04-14,294,1,5,453,363.95
2020-05-01,1628,1,8,892,352.38
2021-06-23,599,38,5,233,318.94
2021-07-03,1495,6,9,497,333.03
2019-11-11,1774,19,7,331,151.51
2019-08-10,656,26,2,198,261.07
2021-10-25,1935,22,6,527,377.7
2020-06-03,139,1,1,931,329.49
2020-04-03,1076,36,1,101,83.94
2020-07-15,162,4,10,236,377.21
2023-05-17,867,16,2,918,384.01
2021-05-08,270,24,3,619,353.2
2020-06-08,281,47,6,847,370.89
2022-08-13,1151,17,2,965,287.41
2020-05-08,315,14,3,93,131.82
2020-02-10,1559,28,4,375,78.41
2022-11-19,630,43,2,687,220.67
2023-08-10,981,20,7,866,125.08
2019-08-04,1826,15,7,413,114.53
2022-06-23,116,48,6,188,193.38
2021-12-11,1365,18,9,405,15.13
2021-01-22,732,33,1,133,275.25
2019-12-15,88,21,1,487,192.56
2020-02-13,1662,34,2,388,272.98
2022-08-01,511,44,3,354,274.71
2020-07-27,161,9,4,743,115.08
2022-11-16,553,37,1,909,125.89
2020-04-05,1829,10,1,860,71.17
2020-03-04,718,44,10,586,184.31
2020-06-05,798,4,1,960,391.8
2019-09-27,168,30,10,772,310.2
2023-05-14,658,38,6,840,23.32
2022-06-16,1033,17,6,521,131.14
2023-04-09,85,44,8,549,95.71
2019-05-24,1052,23,10,401,111.31
2020-05-05,1941,5,10,846,228.83
2020-08-09,358,35,9,724,86.85
2019-11-02,1837,24,4,880,54.44
2022-06-20,1470,25,1,668,208.37
2023-04-15,773,23,1,106,300.41
2019-05-10,1620,34,9,868,306.12
2022-12-12,1242,15,4,232,287.58
2023-02-20,1238,11,10,571,160.08
2023-07-01,458,35,4,228,391.67
2023-04-21,50,10,7,804,302.23
2019-01-13,1132,3,10,825,45.08
2023-12-02,1765,27,6,661,304.16
2021-07-19,613,10,8,317,371.89
2019-08-29,1801,10,2,372,322.17
2019-06-20,1360,1,2,948,237.48
2021-10-15,1846,9,6,380,124.35
2022-11-03,1606,49,2,524,232.23
2022-10-05,1427,27,8,324,356.65
2023-02-01,1000,31,4,487,280.55
2022-11-16,1622,7,4,61,273.16
2023-12-04,1029,17,1,469,108.89
2020-05-21,1654,39,10,979,220.15
2020-08-10,1784,19,10,116,257.71
2019-09-28,1070,43,8,164,5.85
2023-05-17,105,3,2,648,17.38
2020-10-20,1616,34,7,871,277.49
2022-04-05,966,13,3,342,55.82
2019-05-09,1610,48,9,615,71.54
2020-08-28,1250,16,6,281,312.56
2023-02-22,1586,29,4,838,157.05
2021-07-01,979,4,5,279,185.8
2019-09-04,895,16,7,248,75.56
2019-06-01,1883,19,10,356,354.6
2020-04-29,61,27,9,864,351.8
2019-10-12,1388,39,6,238,233.17
2021-12-21,750,33,1,315,252.82
2019-08-07,237,16,1,852,112.91
2022-10-03,1072,46,10,191,393.34
2021-10-31,1770,22,10,407,291.64
2023-11-03,295,24,3,689,361.69
2019-09-18,1582,38,2,736,256.8
2022-12-24,1279,47,3,493,237.81
2023-12-16,77,15,1,182,145.34
2020-05-04,1655,11,7,819,353.26
2021-06-06,1579,25,2,957,37.45
2023-07-14,563,41,1,598,301.06
2019-04-24,1910,8,4,524,139.09
2023-11-10,1580,16,8,77,245.34
2021-01-01,21,17,3,87,125.56
2023-07-16,1957,39,10,705,277.78
2021-08-08,1708,35,9,941,297.57
2022-04-26,1706,48,8,64,22.67
2019-04-02,296,1,2,815,35.77
2021-06-21,860,50,8,392,296.17
2022-08-21,1439,22,4,714,222.55
2023-08-27,828,28,3,90,214.6
2021-08-10,888,47,7,816,228.77
2023-08-18,1432,22,10,401,130.58
2019-12-08,1812,2,3,802,101.78
2023-01-22,739,6,1,280,9.28
2021-03-25,4,15,2,753,71.2
2020-07-19,1277,45,4,462,311.48
2023-01-21,311,30,2,242,395.83
2022-04-06,1032,22,6,153,137.01
2023-01-06,990,13,4,243,363.89
2023-08-28,1680,29,4,951,15.33
2022-05-24,56,37,5,428,359.83
2023-03-06,285,38,6,51,244.48
2020-04-25,139,21,10,864,297.24
2022-07-16,459,50,10,950,306.0
2020-04-29,689,30,1,289,191.2
2020-08-05,1456,17,6,159,383.02
2022-07-29,1446,47,10,771,27.28
2022-02-03,227,30,6,93,8.22
2020-04-16,350,34,1,191,323.92
2023-11-19,1264,37,10,292,95.9
2023-06-17,1393,30,4,515,360.19
2022-10-01,831,32,9,63,365.1
2019-02-25,1759,36,5,670,106.74
2019-04-06,630,34,4,406,76.72
2023-04-25,676,7,6,620,289.69
2023-11-03,1465,17,2,162,245.3
2023-07-09,969,49,5,534,157.78
2021-04-08,441,40,10,220,129.3
2023-08-08,728,44,1,236,247.54
2023-05-13,1625,27,10,881,374.47
2021-08-17,1348,43,2,889,156.32
2021-06-13,1522,29,3,237,155.48
2022-03-30,589,48,6,985,24.0
2019-02-25,433,50,6,866,308.38
2023-06-23,1916,37,1,750,106.57
2022-06-08,661,6,4,923,188.87
2021-07-26,665,25,9,428,377.61
2022-04-13,2000,38,9,486,104.94
2020-02-08,1309,15,9,669,281.45
2022-10-18,1258,23,7,453,151.44
2023-08-07,200,37,1,397,160.59
2020-03-29,1065,40,10,791,273.44
2020-10-13,229,24,4,631,65.79
2022-10-14,1009,43,3,364,15.66
2023-07-22,1205,33,9,959,143.55
2023-08-08,273,47,1,887,296.92
2021-04-12,292,21,3,365,165.62
2020-03-21,664,35,7,294,50.55
2021-08-25,921,30,1,94,228.7
2020-12-11,455,40,9,272,16.55
2021-01-24,1507,30,10,569,121.27
2019-11-11,1531,26,8,733,97.76
2021-04-21,1651,48,9,779,160.95
2023-10-18,134,31,10,567,303.47
2023-02-06,1878,23,8,511,148.87
2020-01-22,1902,34,10,210,184.1
2023-06-22,1286,47,6,928,111.3
2020-01-15,68,25,3,282,258.68
2023-04-19,1075,10,7,665,176.85
2021-05-04,459,12,8,751,331.9
2022-06-04,18,7,6,329,324.44
2020-02-03,873,29,2,412,6.91
2019-03-06,621,31,3,237,96.57
2021-08-07,1858,34,6,909,369.23
2021-12-23,781,44,6,981,369.28
2022-07-12,106,16,10,480,205.3
2022-08-24,910,19,4,622,241.19
2020-12-13,1102,13,10,778,7.69
2020-04-24,1070,25,5,418,125.3
2021-03-26,378,32,5,902,235.15
2021-01-22,1984,25,3,135,292.8
2023-12-16,1173,10,4,440,392.39
2023-06-15,10,47,7,992,357.25
2023-05-11,1694,18,9,384,198.59
2023-05-30,918,38,9,817,42.96
2023-06-28,312,41,3,566,151.51
2023-06-15,1439,23,3,87,377.04
2022-05-22,502,34,6,416,306.15
2020-08-12,176,48,1,303,193.56
2020-02-10,821,2,5,74,125.16
2019-09-19,967,28,4,686,12.08
2022-05-26,208,45,10,314,334.44
2021-10-10,390,8,1,372,61.29
2022-05-03,32,37,8,541,321.63
2021-02-08,769,5,3,628,94.13
2019-08-18,1820,29,9,285,5.85
2021-07-19,1656,18,1,111,376.54
2019-03-29,1633,37,9,329,310.12
2023-06-11,729,50,5,547,176.57
2020-10-05,1303,19,6,211,264.44
2020-08-28,1464,19,4,177,293.06
2021-08-29,1633,3,2,577,287.5
2019-04-05,418,49,10,157,17.76
2023-05-14,925,6,8,922,191.51
2020-06-09,1786,27,1,618,165.03
2023-02-12,1994,8,8,745,181.65
2022-06-18,1478,10,3,314,71.57
2021-04-03,660,37,4,275,52.48
2021-03-24,43,9,10,984,131.76
2022-12-09,1425,19,4,653,385.9
2022-06-06,916,49,3,325,353.02
2023-02-01,218,33,10,946,217.99
2022-04-11,1768,35,3,845,233.35
2021-12-02,1778,31,5,97,254.24
2021-08-24,1528,45,7,241,115.92
2020-02-04,1577,16,3,623,335.38
2023-06-06,386,14,3,283,121.24
2019-12-07,1429,20,6,661,182.34
2021-01-19,1317,34,8,659,140.5
2021-04-19,633,48,8,878,139.93
2021-03-31,748,37,1,838,352.93
2022-08-09,1589,8,6,122,183.08
2023-04-06,878,5,3,156,72.8
2020-04-02,1856,7,9,124,218.88
2019-09-05,1993,1,1,100,66.35
2020-07-01,1835,16,8,838,87.0
2019-02-25,1353,26,10,616,197.82
2020-06-30,466,9,10,773,215.82
2021-07-27,151,29,7,854,231.17
2022-09-11,1590,27,4,125,361.25
2022-05-29,200,42,8,465,101.03
2019-08-16,1136,24,9,100,31.33
2022-02-11,324,46,2,359,174.89
2019-05-09,1755,10,10,217,305.43
2023-05-02,51,7,8,501,123.9
2021-06-29,1394,28,5,812,244.61
2021-08-30,789,20,2,718,371.92
2021-02-15,534,44,3,696,331.73
2021-09-22,48,49,1,848,179.29
2020-06-04,861,34,2,534,327.4
2019-03-18,867,29,10,850,200.54
2020-08-15,1559,49,4,680,304.57
2020-11-12,1542,41,1,848,273.38
2020-12-09,132,2,9,757,266.01
2019-09-19,1252,2,1,194,378.85
2020-11-10,1982,17,10,990,216.75
2020-10-28,641,30,8,839,211.56
2022-01-27,715,10,9,104,127.48
2023-07-23,689,32,2,962,80.05
2021-11-03,529,7,9,539,336.95
2022-02-18,1840,22,9,611,120.52
2023-09-11,1593,17,10,432,262.0
2023-07-08,844,15,5,508,169.91
2022-08-27,898,38,5,197,320.17
2022-02-07,393,15,1,387,307.71
2020-07-25,631,27,10,964,291.43
2019-10-01,150,45,9,888,52.19
2022-10-02,1680,46,5,185,300.89
2019-04-09,658,1,8,888,160.09
2020-01-19,1342,43,5,578,348.95
2022-12-14,1386,30,2,611,238.23
2023-11-27,1638,45,4,434,68.73
2020-05-09,1257,9,6,672,159.74
2022-05-07,363,40,6,547,360.47
2019-09-16,1057,24,9,472,313.71
2023-03-24,415,45,7,818,206.93
2022-08-02,1301,41,4,677,12.73
2019-02-09,785,8,6,391,259.37
2023-04-28,1954,38,3,85,310.69
2022-10-03,427,11,5,832,28.13
2022-10-18,1394,29,9,878,31.22
2021-10-23,1527,49,10,387,142.57
2022-01-11,678,26,4,872,115.25
2022-03-16,1915,7,9,991,33.65
2021-02-27,1640,40,6,230,305.53
2023-01-16,321,10,3,856,142.79
2021-05-25,1974,27,10,544,105.08
2023-10-25,90,4,3,340,329.17
2022-07-28,574,35,8,890,200.4
2021-01-22,1340,40,1,947,78.43
2023-10-23,1135,37,5,931,63.11
2023-12-14,575,24,3,740,7.47
2023-07-21,1634,26,6,598,102.89
2022-11-29,425,46,9,135,134.82
2020-03-25,489,27,5,928,305.56
2023-04-29,284,42,9,908,304.27
2021-06-26,1160,30,1,551,139.87
2019-07-01,1383,32,8,886,315.16
2022-11-05,879,49,2,913,5.39
2022-07-06,908,26,3,53,327.71
2021-05-26,488,29,4,627,331.82
2022-08-31,1226,42,4,314,69.35
2021-08-16,1394,20,9,973,92.16
2022-10-11,1978,24,7,390,82.68
2019-11-16,493,37,10,685,127.94
2019-04-03,1235,34,5,74,360.51
2023-11-15,1458,1,3,796,108.86
2021-06-04,702,17,3,628,70.59
2023-11-21,522,32,4,606,217.65
2021-04-26,52,50,3,972,155.12
2021-11-01,40,22,10,970,376.35
2021-05-28,330,23,5,852,106.06
2021-01-20,891,25,7,471,380.09
2021-09-20,61,38,5,659,56.8
2021-04-15,1847,31,5,338,169.85
2021-11-05,756,17,1,446,191.75
2020-09-04,902,22,10,126,274.13
2022-08-31,625,15,10,686,238.2
2020-06-13,1199,29,7,138,357.94
2021-02-23,284,47,1,773,203.65
2020-12-11,366,17,6,122,181.33
2019-09-16,931,7,1,433,56.4
2023-08-28,1238,26,10,831,34.9
2021-11-30,789,25,5,407,76.59
2022-01-26,370,49,6,580,80.58
2023-03-08,105,43,3,93,336.05
2020-09-29,1429,36,9,688,226.22
2020-06-16,1829,6,9,777,346.81
2021-08-14,1192,39,5,455,361.18
2020-06-02,1662,41,9,778,42.07
2022-11-12,1761,4,2,868,198.31
2020-06-18,1327,14,1,174,175.34
2020-06-25,63,22,3,873,179.13
2021-04-01,1259,22,3,247,248.33
2019-01-25,399,46,8,628,395.48
2019-09-24,1719,25,2,93,6.81
2023-01-21,700,31,7,352,336.25
2022-09-09,402,48,6,880,317.31
2023-03-22,935,42,6,145,267.64
2021-07-16,1925,5,6,312,20.1
2020-09-27,500,41,5,911,284.92
2019-09-17,501,28,7,217,105.52
2022-03-06,62,9,10,639,152.9
2021-03-21,725,45,1,267,308.19
2019-04-22,55,48,6,952,52.09
2022-11-18,1442,25,8,704,142.85
2019-11-16,1008,31,2,550,17.95
2021-11-17,1948,2,6,603,15.76
2019-06-26,428,14,9,697,332.98
2020-01-05,899,37,4,448,380.85
2021-06-13,1444,9,5,605,106.33
2021-07-31,1539,30,6,705,256.19
2019-01-13,366,21,9,247,387.46
2023-12-29,1296,28,2,942,227.4
2021-06-06,1589,34,6,538,319.51
2021-03-31,1079,42,7,922,209.52
2022-12-16,1441,35,10,386,237.62
2023-05-09,828,40,6,540,220.19
2023-01-28,465,10,9,579,367.62
2021-06-05,492,36,6,404,324.23
2022-07-17,1079,13,10,818,313.93
2022-10-07,1682,34,2,326,56.69
2022-10-18,772,26,9,219,144.61
2022-04-25,1430,18,1,461,371.66
2020-04-02,1770,9,6,702,103.56
2021-06-03,1673,26,5,968,353.24
2020-03-11,1543,2,8,465,257.63
2021-09-13,568,48,10,100,241.12
2023-01-11,188,48,9,845,64.16
2019-02-10,798,10,3,973,362.04
2020-10-07,531,5,8,478,179.45
2019-07-12,1468,28,5,424,6.7
2020-06-28,58,16,10,655,10.79
2022-11-18,937,31,2,769,45.38
2020-03-09,1369,41,10,883,351.88
2021-09-04,101,39,2,962,204.12
2020-03-01,1143,24,9,708,177.75
2021-12-22,124,50,8,292,399.2
2021-11-29,1948,10,9,50,29.01
2019-05-19,952,37,8,332,124.38
2019-02-13,794,45,7,657,115.97
2022-05-19,1992,24,8,882,171.93
2020-08-26,742,37,3,61,168.48
2019-08-18,1827,48,2,535,330.09
2023-08-15,1201,46,8,575,137.46
2019-10-30,1616,26,3,439,28.52
2020-11-01,1201,20,3,911,240.55
2022-11-03,1342,13,3,70,331.52
2019-11-15,971,22,1,122,113.89
2020-08-09,1267,21,7,761,34.6
2021-11-02,418,30,1,909,57.17
2019-10-21,253,45,8,524,374.85
2019-11-20,1455,4,1,641,214.33
2020-02-13,1554,8,1,676,175.53
2020-12-04,1555,22,5,985,74.97
2023-09-02,519,47,2,570,104.08
2020-09-07,1687,49,1,491,352.52
2019-06-23,1091,49,5,866,301.87
2023-04-02,1027,13,3,700,24.32
2020-06-01,494,36,8,531,224.77
2021-11-25,821,33,4,653,186.74
2020-12-31,1565,14,4,874,312.04
2022-01-01,481,26,5,140,201.85
2021-09-01,580,11,7,234,25.15
2021-12-16,41,7,2,860,170.61
2023-04-03,695,11,4,928,375.78
2019-08-05,443,3,10,621,307.08
2021-03-29,1397,18,3,454,380.57
2022-10-30,1730,4,1,468,151.51
2021-07-26,256,10,1,281,33.5
2023-06-02,463,31,7,318,265.49
2019-07-18,807,12,7,897,274.44
2023-04-14,1965,34,5,528,373.35
2022-11-10,1406,21,9,333,341.18
2022-08-11,1334,16,10,599,310.13
2023-07-26,1898,28,2,636,367.27
2021-10-28,927,29,9,478,218.04
2022-09-13,1037,37,8,296,332.65
2020-05-19,422,38,4,321,69.6
2019-03-28,247,6,4,529,108.23
2019-10-11,411,27,10,198,365.88
2021-01-07,875,20,2,224,46.24
2022-04-21,1316,22,4,197,178.22
2020-05-30,28,2,8,702,270.48
2019-06-01,291,18,5,806,270.19
2022-11-16,722,21,7,666,149.11
2019-03-21,201,6,3,499,349.95
2023-12-28,117,23,9,814,288.28
2021-07-08,1949,34,6,759,140.42
2021-04-08,770,14,2,255,92.35
2019-01-26,1136,4,1,466,378.43
2023-05-31,678,16,1,606,116.9
2021-06-13,1630,39,9,404,275.09
2020-03-11,1597,21,7,227,94.54
2023-04-30,220,19,10,953,295.6
2019-10-01,732,29,5,956,258.06
2022-02-19,421,25,6,715,53.38
2022-08-28,1761,49,4,840,47.18
2019-06-13,229,40,1,957,241.91
2021-05-07,455,19,1,759,54.09
2021-03-16,1883,13,7,291,179.91
2022-04-20,1983,22,5,319,206.22
2021-04-21,700,38,7,544,343.77
2022-12-02,1737,28,10,418,11.2
2020-10-22,1875,9,5,342,123.74
2020-12-11,630,17,1,497,312.77
2019-06-22,750,34,6,669,386.51
2022-11-14,1444,5,5,972,327.9
2022-10-22,391,7,10,599,25.67
2019-06-23,419,31,8,870,129.52
2021-08-07,1710,41,4,409,136.94
2019-10-16,1285,29,7,483,127.53
2020-02-09,188,7,7,94,210.96
2021-07-05,343,8,10,627,359.11
2022-08-22,180,50,6,662,229.79
2023-07-31,1352,34,1,955,267.52
2019-11-13,955,39,5,564,44.23
2020-09-23,1905,17,8,101,118.55
2023-11-23,1702,48,2,942,21.77
2022-02-13,1117,48,7,294,198.76
2020-02-18,419,4,2,161,369.02
2021-12-09,1112,46,9,230,15.0
2019-01-28,1119,24,5,840,146.69
2021-01-21,739,31,4,820,40.14
2023-06-09,148,12,10,128,375.55
2022-01-02,1578,24,4,578,236.14
2023-05-26,96,9,7,254,300.39
2019-05-31,204,5,4,832,381.68
2020-07-20,1733,33,2,83,129.67
2020-09-28,386,49,2,230,98.79
2022-07-28,888,33,5,179,294.6
2023-03-31,375,41,10,960,134.39
2020-08-25,1704,48,4,860,145.11
2021-10-23,1918,45,10,673,279.18
2021-05-20,365,21,5,825,275.53
2021-01-31,552,5,9,676,251.32
2022-11-26,1834,7,1,126,238.41
2023-09-29,163,41,7,508,67.38
2022-02-25,1828,28,9,852,302.75
2021-05-06,633,8,4,268,136.94
2019-12-01,1866,36,7,917,93.17
2020-09-27,1757,14,9,770,235.18
2020-04-07,1252,4,5,567,78.87
2022-03-13,1680,24,4,267,261.99
2023-11-01,1906,36,9,646,296.15
2019-06-01,1904,8,9,527,252.16
2023-06-02,731,34,7,143,175.39
2020-05-11,742,33,10,209,71.24
2023-12-28,121,23,2,224,258.73
2022-02-03,890,16,1,987,76.0
2020-03-03,1693,20,9,542,238.43
2021-02-27,1664,18,8,784,136.62
2022-11-30,354,36,5,61,264.75
2022-04-11,499,41,5,905,351.73
2023-06-09,651,20,4,348,175.89
2020-09-26,1759,14,8,798,195.95
2021-03-11,1210,17,8,301,160.78
2019-08-13,1830,7,4,797,239.03
2022-01-28,1784,17,7,562,192.42
2021-09-17,1007,37,5,600,40.88
2023-10-10,1944,1,10,501,25.98
2022-10-23,55,47,9,425,330.85
2019-04-04,1769,41,9,353,359.78
2020-10-17,1913,29,9,73,322.08
2022-03-08,1880,41,7,747,54.04
2022-10-30,1954,19,4,890,383.06
2019-11-09,1748,33,3,117,257.03
2020-02-24,1463,16,6,253,88.23
2019-09-02,1857,39,5,574,57.35
2022-06-16,1871,4,2,444,302.39
2021-11-26,390,35,7,905,120.47
2020-12-30,1366,5,10,404,231.88
2020-02-25,358,16,5,679,103.33
2019-09-25,1188,43,4,304,34.9
2022-08-18,1823,28,5,475,167.38
2020-07-09,717,2,2,795,295.65
2020-08-02,490,34,9,274,290.91
2019-09-09,1819,14,8,164,79.06
2020-12-27,1782,28,3,479,105.51
2021-05-14,1155,23,9,332,174.25
2023-11-15,514,39,2,94,317.72
2023-04-22,1601,45,2,867,277.33
2020-06-18,675,17,5,985,292.88
2023-10-26,1391,17,6,56,149.56
2022-02-04,701,14,4,316,343.77
2020-06-14,780,39,7,398,331.94
2019-05-05,540,26,7,955,72.64
2023-09-10,956,32,10,346,152.52
2023-10-14,496,30,1,609,300.89
2020-06-02,448,44,8,628,248.52
2023-07-05,766,36,8,781,302.37
2020-05-12,1715,13,6,405,257.35
2019-02-01,215,42,7,834,152.18
2019-10-23,109,13,10,706,77.78
2023-03-22,1936,26,2,594,205.33
2021-06-23,1218,30,3,112,150.71
2019-10-27,1474,37,7,980,64.29
2020-10-27,1967,47,9,805,164.84
2020-12-31,1062,34,6,793,235.68
2019-07-29,1479,2,2,727,288.47
2019-02-21,584,47,8,379,89.74
2019-12-10,1065,26,6,689,322.99
2021-11-24,1643,28,7,375,133.37
2023-11-22,888,45,7,278,104.69
2021-09-10,1862,1,6,103,135.84
2022-11-28,1229,7,10,316,298.91
2022-08-15,1854,3,2,665,260.27
2020-09-18,1359,31,9,59,207.65
2022-06-13,1751,49,1,169,155.3
2022-09-21,1969,3,8,674,320.35
2022-03-16,70,41,8,244,37.56
2023-05-28,1070,15,7,60,64.45
2022-02-15,1768,35,6,431,29.85
2023-06-05,1045,33,10,83,141.73
2021-12-26,1967,18,9,709,311.23
2023-06-28,313,15,5,705,392.75
2019-03-23,1507,2,3,249,355.32
2021-10-31,803,15,6,871,120.42
2019-09-05,1391,46,4,299,273.0
2022-02-03,1338,16,9,509,132.89
2021-06-04,1180,24,7,320,89.95
2023-05-23,1231,32,2,798,19.46
2022-11-07,1486,44,8,798,131.34
2023-11-13,464,5,10,213,95.94
2021-08-14,1821,16,8,846,46.2
2019-02-04,300,24,3,471,398.19
2023-07-24,1708,48,10,645,17.07
2022-11-18,843,22,2,912,270.36
2020-01-18,935,14,6,493,229.96
2022-10-20,315,15,4,683,126.22
2020-06-15,1945,17,4,642,272.5
2022-06-22,1030,19,6,150,228.96
2019-08-11,1072,14,1,947,213.53
2023-09-19,1808,22,7,731,383.44
2020-09-11,1206,11,3,959,209.15
2019-12-23,493,42,9,287,329.12
2020-01-04,1917,34,7,224,211.81
2022-06-26,1439,50,2,924,344.21
2020-08-15,1122,1,6,504,103.39
2019-04-01,1530,22,2,62,282.18
2021-04-16,1683,14,2,694,63.7
2021-07-02,1628,11,10,202,222.88
2019-12-06,189,50,2,150,367.2
2020-08-03,208,3,8,299,19.73
2021-11-27,1196,12,9,96,101.56
2023-02-21,789,41,4,300,395.91
2021-11-08,1826,6,6,945,385.32
2021-05-28,470,6,2,621,80.81
2023-12-06,1464,20,7,330,140.69
2022-02-12,1068,15,9,871,396.39
2019-05-26,662,20,6,306,250.41
2023-01-01,708,11,9,149,99.96
2023-08-28,743,10,9,985,267.3
2022-02-22,1871,30,3,939,226.09
2023-05-19,1407,47,1,609,277.36
2023-05-10,554,4,9,866,215.93
2019-04-22,286,22,2,54,385.1
2019-03-08,469,48,6,382,391.03
2019-09-06,1390,28,5,407,118.06
2020-04-20,1679,48,3,185,217.45
2020-05-11,621,23,7,868,142.08
2019-05-11,259,33,3,580,17.7
2022-11-21,1817,8,6,986,50.99
2022-01-04,1766,16,4,85,212.83
2023-07-04,662,26,7,663,171.1
2020-09-28,156,12,2,547,279.27
2022-07-08,5,50,4,439,172.32
2019-07-27,930,41,3,501,17.39
2020-09-10,1071,36,6,617,158.15
2021-02-25,1228,44,1,763,23.39
2023-09-22,825,2,5,749,280.04
2023-12-24,1026,16,6,621,224.75
2021-04-21,468,31,2,987,345.92
2020-05-25,924,29,3,293,325.91
2021-07-09,1336,14,7,716,258.45
2022-08-26,217,5,5,496,348.59
2020-07-10,1530,5,3,393,24.25
2020-05-17,1205,23,8,801,53.72
2023-12-09,570,37,7,167,22.28
2023-12-06,1724,9,8,977,102.16
2023-04-12,1992,38,8,340,139.56
2020-07-19,371,13,7,990,194.7
2022-01-30,41,36,4,948,75.05
2023-08-17,1287,6,8,874,325.76
2021-03-11,1596,50,4,699,77.53
2022-12-06,875,29,10,448,235.46
2020-10-18,1387,24,2,227,226.76
2023-02-26,443,36,6,632,204.55
2019-01-19,1526,37,8,194,378.88
2021-05-06,1458,10,3,947,197.15
2019-10-23,1774,21,10,928,236.17
2019-10-25,1994,19,8,317,258.0
2022-08-23,1369,7,5,57,250.85
2023-07-10,1141,38,6,52,289.81
2021-12-05,1440,49,2,268,304.72
2022-03-20,848,5,3,251,355.96
2021-02-25,1794,49,2,563,33.0
2021-04-04,78,50,6,444,310.26
2019-04-27,259,47,6,896,185.04
2022-04-25,1237,48,7,119,133.43
2019-12-02,875,9,6,377,53.78
2021-11-14,783,27,6,580,344.02
2023-06-05,1808,3,9,368,383.28
2022-05-28,1152,8,8,414,186.59
2021-11-20,1652,20,10,511,358.55
2022-06-21,738,10,5,797,83.02
2023-10-01,666,16,9,191,302.64
2020-12-11,543,12,10,707,289.13
2021-01-19,1366,2,10,488,125.38
2022-10-11,177,40,6,576,133.21
2019-05-27,1974,42,1,972,201.33
2019-03-17,1309,3,10,661,99.31
2021-07-18,905,25,3,234,306.87
2020-01-19,1756,9,2,743,373.46
2021-06-14,1455,46,2,415,280.14
2023-08-29,1425,31,5,240,42.77
2019-12-07,416,36,2,768,201.68
2019-03-12,1414,21,5,752,154.79
2019-09-11,887,7,5,263,97.49
2020-08-05,683,43,8,518,143.18
2022-08-03,176,20,4,960,12.4
2020-02-25,1324,37,7,847,136.66
2019-08-24,1428,30,8,921,384.69
2021-04-25,1348,47,2,424,292.21
2021-12-18,1363,39,6,696,202.88
2019-10-15,1064,34,4,754,331.81
2023-11-22,215,46,3,294,283.98
2022-01-18,1331,4,9,140,318.54
2021-08-25,1607,29,5,921,379.22
2023-01-25,1336,6,7,166,202.82
2023-10-09,1882,40,1,912,299.46
2021-06-12,1794,19,1,377,257.43
2021-08-16,1707,49,10,886,339.7
2019-05-25,1897,10,8,885,379.16
2022-08-29,41,34,10,889,215.62
2020-02-06,1579,41,3,455,104.37
2019-03-04,1582,16,10,894,379.95
2021-08-01,1514,3,9,242,345.33
2022-10-01,231,22,4,815,174.58
2023-01-27,5,16,3,279,243.74
2022-04-04,1642,31,8,867,160.7
2020-09-05,1368,17,4,105,303.04
2023-12-02,814,37,9,420,266.22
2020-03-16,1593,23,6,130,307.74
2022-01-29,199,38,10,110,290.23
2022-05-18,200,27,4,730,380.24
2022-08-27,1559,5,4,688,300.07
2019-06-17,1985,25,3,157,244.75
2022-06-01,7,11,6,876,70.93
2021-09-01,1798,9,2,424,38.86
2020-08-24,1113,5,4,743,383.26
2021-01-15,705,24,4,429,303.09
2022-02-28,1377,16,3,176,373.12
2020-01-05,1709,2,7,576,7.08
2023-09-25,1813,2,6,747,350.13
2019-12-03,1501,20,7,426,196.34
2021-04-21,1743,4,7,728,287.9
2020-09-28,614,34,1,718,75.37
2022-08-10,1366,8,9,733,137.08
2023-07-03,160,2,6,800,355.92
2023-07-25,422,15,2,148,146.2
2023-05-13,209,42,1,166,328.48
2022-10-19,1252,8,4,864,60.5
2023-12-14,1293,24,9,543,53.12
2021-02-11,294,45,3,420,318.02
2019-09-10,300,33,9,583,187.26
2022-07-01,498,29,10,980,54.24
2021-08-02,1239,1,10,648,41.63
2019-08-10,1477,26,10,790,147.72
2021-12-07,403,48,4,318,377.21
2019-03-01,1656,4,2,264,352.43
2019-05-01,1133,2,6,734,145.6
2023-10-14,1361,24,6,492,102.47
2023-01-28,82,5,9,896,49.32
2021-02-16,1818,6,4,902,241.06
2022-11-13,1481,31,1,756,93.23
2020-05-19,444,27,9,128,342.85
2022-07-02,827,49,7,610,30.61
2023-05-25,110,32,9,605,40.45
2023-06-15,603,31,7,785,52.66
2021-07-25,566,17,3,274,39.41
2021-03-01,213,36,2,755,346.67
2019-12-17,858,17,8,770,247.03
2022-11-02,1881,43,8,304,194.8
2021-07-01,1166,15,8,408,339.84
2020-03-06,138,33,2,65,208.79
2022-06-07,1791,22,9,669,384.87
2021-05-20,709,14,7,195,48.99
2020-01-20,1683,26,9,165,199.74
2020-09-11,145,15,1,486,386.56
2022-04-03,902,2,3,500,29.4
2023-08-03,1291,28,8,886,315.75
2021-06-19,989,12,8,448,296.65
2020-03-26,1326,6,7,349,345.12
2021-01-12,439,40,1,781,339.68
2019-01-03,115,42,3,923,261.72
2019-01-04,1568,4,5,627,70.72
2023-07-27,1017,12,1,104,38.16
2020-09-09,1826,9,7,655,280.49
2023-12-20,468,18,6,58,143.09
2019-02-05,513,4,3,128,392.7
2023-06-28,1490,5,9,993,43.15
2020-06-04,112,28,5,316,284.52
2019-08-24,1238,41,2,550,296.14
2020-01-12,1598,2,5,640,117.42
2020-08-14,203,24,1,796,383.53
2019-04-05,463,4,5,209,271.86
2023-08-11,1143,40,10,282,269.75
2022-03-29,235,41,8,888,184.12
2023-12-26,1007,28,5,353,83.49
2019-12-28,1361,15,2,885,182.59
2021-05-31,919,4,6,166,251.41
2019-09-06,718,32,6,305,9.51
2022-12-26,1880,19,6,972,163.07
2022-05-10,1554,22,4,976,300.47
2020-01-04,323,2,10,808,349.44
2019-06-14,1853,8,4,657,291.13
2020-08-24,1594,36,8,87,317.24
2020-08-04,327,8,6,263,317.49
2022-01-02,1042,24,9,813,82.33
2020-06-13,588,40,3,912,395.84
2019-03-05,218,33,10,415,115.88
2023-05-16,373,5,9,745,317.78
2021-05-30,184,10,5,92,56.87
2021-11-10,299,38,2,60,178.05
2022-08-20,1073,12,5,640,232.79
2021-02-18,1392,14,8,974,399.98
2020-02-02,1855,41,7,317,255.48
2021-03-12,1922,25,2,341,123.53
2023-12-19,472,48,7,633,333.67
2023-04-10,1800,35,7,454,61.12
2023-04-18,1268,25,3,481,360.94
2023-07-13,1298,44,10,605,140.72
2022-11-02,404,22,4,628,187.52
2021-11-25,953,46,9,920,170.04
2020-03-24,916,4,3,260,60.17
2021-10-19,1129,19,4,370,182.03
2020-03-29,7,20,1,685,79.25
2019-06-29,1167,27,5,456,309.88
2020-06-15,1831,23,10,549,150.8
2020-12-10,1782,39,8,580,242.14
2019-12-13,1338,47,7,460,371.8
2019-04-28,1426,46,5,797,260.47
2021-10-20,985,13,8,65,224.71
2020-01-14,676,44,9,821,392.26
2023-08-02,362,47,8,637,55.7
2020-01-12,514,15,8,462,189.26
2019-09-05,1881,16,1,831,141.5
2023-02-04,1733,39,5,183,108.5
2023-02-25,998,42,2,839,288.63
2022-06-10,1975,48,7,980,213.87
2022-07-23,116,44,2,912,387.49
2022-05-23,1603,26,6,343,81.24
2019-03-10,1244,44,2,722,103.44
2023-02-11,649,26,1,964,276.75
2019-08-31,1212,7,7,987,259.91
2019-03-08,1788,1,8,721,302.56
2022-08-03,1666,9,2,520,212.6
2022-09-04,598,8,9,789,382.03
2023-05-12,707,23,10,142,337.52
2023-06-17,799,49,1,759,222.98
2021-08-05,1132,15,4,463,377.4
2023-08-25,857,18,7,344,201.44
2021-05-12,418,44,1,409,15.29
2022-09-18,643,19,9,688,229.59
2019-10-27,233,49,3,303,289.85
2021-05-28,1563,39,4,971,161.98
2019-05-08,1125,49,4,683,338.25
2019-05-04,459,26,5,695,51.44
2019-04-28,1555,12,2,759,212.19
2020-09-13,1317,37,2,854,338.68
2022-03-20,565,36,7,646,12.55
2023-05-30,1702,7,8,900,266.91
2023-08-16,222,9,3,421,15.27
2022-05-30,777,31,5,955,89.39
2022-01-09,869,38,4,432,210.04
2022-02-09,1050,22,10,141,216.52
2020-01-09,241,43,8,148,332.82
2023-02-01,1363,12,3,137,179.7
2023-01-13,169,34,2,893,116.94
2022-09-21,1240,40,5,139,231.61
2019-05-08,1933,2,4,509,219.95
2020-06-17,1094,44,9,949,38.27
2023-01-28,276,32,7,849,262.24
2021-03-19,112,1,1,460,44.49
2021-06-04,481,25,9,288,315.64
2019-04-09,1521,4,3,985,45.3
2020-07-31,92,38,1,240,100.93
2022-02-24,1326,45,1,851,120.44
2020-12-29,1786,4,2,894,134.28
2020-06-21,1626,9,8,442,144.5
2022-02-05,1012,18,2,342,326.19
2021-04-07,1887,41,2,438,174.16
2022-12-09,1255,48,10,455,32.36
2021-01-27,1428,11,4,258,192.23
2019-06-10,1592,6,4,334,18.85
2020-08-16,505,16,10,638,195.17
2022-10-25,1680,8,6,959,157.94
2022-11-01,94,19,4,669,176.97
2020-05-11,1437,5,9,284,146.98
2021-09-10,103,40,10,818,44.06
2019-01-14,1365,26,7,821,377.28
2021-03-02,1239,25,3,971,204.5
2023-09-03,762,25,1,152,235.86
2019-12-26,1078,9,8,646,202.74
2019-03-10,563,35,7,866,111.31
2019-07-04,1110,1,10,887,372.12
2023-10-20,498,47,1,990,343.7
2023-08-03,629,2,8,390,225.06
2023-09-17,1415,44,2,841,224.17
2019-12-21,1728,42,6,177,127.63
2022-08-15,526,25,5,673,295.66
2021-06-05,1961,36,1,385,333.79
2022-04-27,1856,36,1,575,113.93
2022-10-10,1921,12,9,570,286.06
2023-08-20,210,29,1,262,293.16
2021-09-18,520,12,7,681,244.63
2020-01-12,691,13,6,284,248.35
2020-02-18,1740,11,6,325,177.61
2019-12-02,1158,7,2,267,191.37
2020-07-03,1810,39,5,649,135.01
2021-12-25,233,22,5,338,100.34
2023-05-08,1833,9,5,181,279.7
2021-05-27,69,39,6,288,9.82
2023-10-12,389,32,10,916,219.87
2022-09-14,1104,14,2,253,319.45
2020-12-05,1404,29,6,342,221.85
2023-07-10,66,35,1,918,194.15
2022-01-14,611,42,7,494,328.14
2019-12-07,274,12,7,159,113.13
2022-03-15,805,31,8,894,189.79
2022-12-05,515,38,9,69,291.3
2019-09-04,1377,35,8,547,326.25
2019-04-18,890,50,2,686,256.26
2022-03-14,1194,15,8,195,340.49
2020-01-18,1385,50,7,543,301.25
2022-02-17,469,16,3,873,28.68
2022-11-18,1907,19,3,602,154.81
2023-10-25,1125,16,6,871,136.82
2020-08-24,1308,29,4,820,338.16
2023-01-27,1016,29,10,262,99.55
2021-02-17,1068,29,6,571,219.43
2019-11-12,1022,30,9,545,143.99
2022-05-01,1167,21,5,261,146.92
2021-06-05,674,25,1,903,42.2
2019-04-09,1093,8,1,667,141.97
2022-01-07,444,14,1,507,309.07
2021-07-16,1111,18,3,786,183.82
2020-09-12,119,8,4,738,143.85
2021-01-29,1513,32,1,270,52.14
2020-12-14,289,39,10,794,377.48
2022-09-11,563,34,9,833,286.02
2019-12-09,302,49,10,247,297.92
2019-06-03,353,15,8,559,251.81
2019-01-05,1789,18,5,346,226.03
2020-10-25,1479,12,5,908,31.72
2023-01-24,1596,14,8,331,326.71
2021-08-31,1332,39,8,945,86.03
2023-06-07,1012,19,8,149,152.64
2021-10-22,406,19,5,913,83.08
2020-07-11,15,38,5,647,49.32
2022-06-18,434,47,3,144,256.49
2022-03-23,179,38,5,733,193.58
2022-02-04,456,4,8,573,346.92
2022-12-09,1769,28,4,573,139.9
2022-12-09,976,26,4,66,166.68
2021-07-04,1921,21,5,297,59.03
2021-03-05,541,36,10,212,290.95
2022-04-28,1954,16,9,906,291.21
2021-05-21,1845,2,4,108,280.41
2023-12-16,1795,17,1,745,340.65
2023-12-25,1840,1,9,915,220.67
2021-05-24,404,27,4,923,140.92
2023-11-17,1785,42,7,189,307.18
2021-12-15,1089,7,9,467,251.38
2022-07-01,253,17,9,556,194.82
2022-04-12,1415,2,5,152,225.92
2022-11-22,460,1,10,920,283.35
2022-02-02,1300,39,9,301,189.53
2021-04-17,1881,44,5,296,337.4
2020-09-28,1067,18,3,770,37.18
2021-08-29,1389,31,8,340,11.13
2021-06-21,441,15,1,252,284.44
2023-01-27,1657,35,7,585,255.85
2021-05-20,1363,15,9,650,268.3
2021-07-03,45,42,1,273,32.43
2019-09-06,1608,11,2,64,56.27
2020-11-05,391,17,5,989,35.08
2020-05-21,1967,2,7,320,119.01
2020-02-19,482,27,4,719,196.16
2020-11-08,513,10,8,816,91.33
2021-04-19,316,35,4,623,284.09
2021-05-23,1866,8,10,73,323.11
2021-03-24,1490,7,8,799,137.72
2021-08-27,1764,5,5,113,169.4
2022-01-09,1737,9,8,228,58.22
2020-07-20,376,10,5,920,33.62
2019-06-15,1207,26,4,110,96.32
2022-05-30,1960,25,5,60,387.25
2022-07-23,259,8,9,577,115.55
2022-08-09,356,47,8,104,70.57
2022-07-30,779,30,2,761,164.49
2020-10-01,765,30,7,361,242.11
2020-06-23,299,10,6,174,311.03
2019-08-26,301,45,6,823,276.55
2020-05-28,264,50,9,269,338.93
2020-03-15,1244,44,9,590,62.11
2019-10-07,1262,11,1,648,173.99
2022-11-01,679,46,2,273,67.89
2021-01-20,1008,45,3,275,34.55
2019-02-28,1396,39,8,264,9.55
2023-08-22,1534,2,2,211,202.28
2023-11-29,1963,23,1,161,150.1
2022-10-03,359,5,5,899,96.72
2019-10-20,1185,1,8,916,329.99
2021-12-20,797,32,9,121,305.29
2022-03-29,1222,47,9,898,349.07
2021-04-18,1682,49,2,801,356.9
2021-12-22,889,30,3,598,299.55
2021-06-11,430,26,3,622,330.3
2019-05-18,8,38,2,899,331.51
2020-01-13,1769,9,2,310,371.64
2019-09-09,1924,12,10,413,225.81
2023-12-01,1645,7,2,389,286.52
2020-04-11,1197,29,1,179,283.81
2021-08-30,247,43,9,464,25.99
2019-08-11,271,8,1,502,96.94
2022-04-02,821,4,5,424,75.67
2021-09-17,1987,30,1,721,69.17
2019-12-09,1019,23,8,833,138.51
2020-11-01,735,29,7,81,158.45
2021-08-15,1088,48,7,907,301.53
2021-11-05,189,39,10,916,52.01
2020-07-21,846,49,5,406,320.32
2020-09-28,754,12,4,218,362.11
2020-04-14,312,12,7,617,115.39
2019-01-09,1174,18,3,312,383.74
2019-08-01,713,21,10,826,84.64
2020-01-13,790,27,3,678,367.21
2020-11-20,1196,19,6,590,86.28
2021-10-21,1262,4,1,826,204.98
2019-02-15,1150,50,3,989,335.89
2020-08-13,1335,20,6,578,354.91
2023-07-29,939,16,8,152,157.64
2021-03-24,1684,50,4,413,28.37
2022-07-30,1045,6,5,403,207.42
2019-04-07,1033,22,5,475,389.34
2022-11-26,1779,24,7,209,367.93
2022-09-11,521,39,7,250,292.54
2023-08-15,1146,37,6,996,26.84
2023-04-11,1268,32,6,310,28.81
2023-12-05,840,33,3,487,351.55
2019-02-09,1487,7,3,604,260.52
2022-05-07,1871,41,6,826,80.37
2022-08-06,1046,29,5,525,354.44
2022-10-05,219,30,8,730,106.51
2019-08-31,172,19,10,447,134.25
2019-07-06,1207,13,1,724,388.23
2023-10-15,1315,50,8,668,190.52
2020-02-03,208,22,3,835,65.04
2022-09-25,1691,39,10,847,326.45
2022-10-09,1694,29,5,706,234.21
2022-02-05,1249,42,1,946,137.98
2021-11-01,79,50,3,863,214.07
2019-02-10,1725,18,2,424,240.83
2021-07-12,738,8,1,352,128.17
2023-08-16,1797,7,4,715,94.03
2020-05-01,780,37,10,60,327.13
2021-06-19,1699,34,8,488,167.19
2019-06-01,1202,41,8,652,211.94
2020-06-24,389,36,8,63,20.51
2022-03-26,1155,10,8,498,65.07
2023-07-20,540,40,5,273,94.9
2019-01-12,790,35,6,509,360.78
2020-06-03,754,5,8,344,124.86
2021-08-04,31,26,4,154,336.69
2021-12-06,457,7,7,406,191.67
2023-05-01,1179,7,8,212,151.15
2020-05-10,391,12,3,463,11.76
2022-02-27,1518,39,3,190,42.61
2022-10-15,917,45,8,401,287.31
2019-04-28,1956,40,1,128,144.32
2021-01-19,1849,44,6,919,386.68
2022-04-14,1869,25,4,846,230.36
2021-03-28,272,42,8,339,286.42
2023-04-16,271,47,4,271,367.72
2020-03-25,1449,42,10,157,320.26
2019-11-01,1484,48,7,436,130.41
2023-10-11,1440,6,2,871,140.62
2019-03-26,1971,8,8,907,63.08
2021-02-18,1764,9,6,399,146.41
2019-04-28,1683,1,3,394,248.12
2022-06-16,173,39,3,757,287.41
2023-03-06,1996,9,10,652,268.77
2022-02-01,60,33,6,759,188.83
2019-05-11,132,23,3,515,124.02
2019-03-08,525,37,6,205,155.31
2023-12-22,415,7,5,956,142.78
2019-05-05,1503,38,1,577,73.36
2022-07-27,1351,14,2,804,225.6
2020-07-05,844,17,5,469,227.64
2023-12-28,1003,33,4,720,135.01
2023-03-19,591,39,2,904,148.98
2021-02-16,1368,6,7,129,248.44
2022-06-23,1456,15,8,732,86.53
2022-01-20,239,44,10,738,252.5
2021-12-23,237,48,3,398,365.4
2023-02-13,1352,31,8,407,63.31
2020-09-29,252,39,3,571,79.19
2023-04-07,1537,48,8,695,328.09
2023-08-08,1470,36,7,548,120.69
2019-06-18,331,5,8,88,331.38
2019-11-04,1279,38,1,263,37.36
2020-10-05,408,29,2,103,182.23
2020-01-12,423,8,5,244,138.83
2023-05-07,962,40,7,480,223.95
2019-05-26,443,31,6,555,190.61
2019-08-02,1750,47,9,147,100.46
2021-03-29,353,30,1,897,274.5
2020-10-06,785,33,9,545,349.32
2023-09-15,1472,32,3,793,131.13
2019-03-17,1391,33,3,710,215.6
2023-04-19,980,39,1,274,228.22
2020-07-06,1453,27,6,154,63.35
2019-11-21,1026,1,2,785,263.17
2023-11-30,1459,50,8,918,17.5
2022-08-04,1894,20,10,806,148.94
2022-08-16,1531,42,9,802,163.96
2019-07-07,708,31,3,831,26.51
2020-07-30,631,45,2,464,117.86
2019-05-10,769,15,4,870,309.46
2023-04-30,1872,3,7,595,248.38
2022-06-04,222,4,9,837,55.59
2019-01-08,739,43,2,745,372.7
2019-02-27,1534,50,4,721,345.7
2020-07-16,781,18,2,326,17.71
2021-08-09,1356,12,6,440,118.17
2021-04-14,167,32,2,584,337.02
2020-04-16,523,13,1,237,30.86
2019-04-11,699,19,3,728,282.66
2020-05-24,832,44,3,439,239.46
2020-02-12,257,20,8,205,270.2
2022-03-20,191,39,1,654,329.42
2022-07-25,342,35,3,721,346.92
2020-06-08,1808,9,2,504,75.2
2021-02-15,1773,50,4,919,75.91
2020-02-11,1845,26,6,514,118.08
2019-10-08,1844,3,5,515,28.15
2021-09-08,1795,4,6,132,113.52
2022-10-16,905,50,8,855,365.89
2022-04-13,922,13,10,637,178.78
2021-12-18,1035,10,5,625,7.64
2022-01-26,105,26,1,294,138.29
2020-12-24,563,10,4,119,104.76
2020-11-22,557,46,4,101,251.48
2019-10-24,1130,30,8,413,219.19
2021-07-01,1821,7,9,470,12.97
2020-02-28,918,26,7,278,96.87
2021-11-17,1152,22,5,718,81.94
2021-10-18,475,45,6,679,233.11
2020-07-06,1564,42,8,178,116.23
2023-06-03,1073,50,2,403,290.29
2019-11-30,957,33,7,493,85.05
2020-08-07,875,41,10,157,224.68
2021-10-26,936,6,8,804,362.89
2021-07-06,502,11,2,436,370.3
2021-10-21,655,42,2,668,236.95
2020-04-30,1859,23,3,239,159.88
2021-01-05,1877,45,8,572,319.86
2023-11-27,763,41,10,956,334.57
2022-09-30,344,27,9,490,27.8
2023-04-12,1640,25,3,55,135.71
2021-06-29,959,40,3,418,79.89
2022-01-25,1120,18,8,862,199.06
2021-12-03,701,31,2,454,134.85
2023-07-08,452,5,7,561,265.61
2021-07-15,559,32,7,991,354.35
2021-04-16,167,23,5,972,141.81
2020-11-30,1397,30,6,119,353.24
2023-11-18,618,47,6,528,255.68
2023-11-13,1660,20,3,827,241.06
2020-09-11,561,9,3,855,297.16
2023-10-27,148,2,4,779,165.43
2021-12-03,606,11,6,761,241.8
2023-01-26,1991,16,3,140,75.0
2023-01-03,1449,7,6,491,52.17
2020-12-03,733,36,7,101,371.89
2021-07-13,440,50,6,172,320.5
2019-12-22,888,27,1,415,76.7
2019-09-27,924,44,1,448,293.24
2023-10-14,1034,40,5,73,283.26
2021-01-02,617,44,6,842,271.38
2021-02-13,1484,13,8,211,211.16
2019-09-16,965,12,6,483,28.69
2020-11-23,1180,20,6,949,37.61
2023-10-30,1353,50,10,822,50.4
2019-02-01,1795,50,1,650,30.21
2020-05-20,1415,38,2,847,128.41
2019-12-31,1172,17,1,290,225.81
2021-04-02,1089,35,7,541,139.74
2019-09-29,337,25,10,763,355.49
2023-04-04,880,21,9,449,99.6
2022-05-08,508,36,9,758,24.62
2020-07-07,1174,47,6,390,84.37
2023-07-24,1213,17,2,242,238.88
2023-03-22,1565,36,7,62,385.78
2020-09-03,1955,7,3,397,309.18
2022-02-14,1243,15,7,685,242.69
2022-07-29,856,26,3,661,34.88
2020-08-27,247,18,5,187,29.28
2022-09-09,491,37,9,174,272.38
2019-10-25,239,43,5,687,219.47
2021-03-28,874,12,4,402,397.78
2022-02-18,1851,28,9,512,192.16
2021-12-22,1981,28,7,925,394.33
2023-03-15,655,45,9,850,14.39
2023-03-20,1032,24,6,657,336.97
2019-10-16,1828,16,2,751,230.08
2021-05-10,246,24,8,379,174.72
2021-12-13,1319,6,8,898,377.48
2023-04-10,1316,25,5,206,177.48
2020-05-02,1786,28,6,269,157.52
2023-12-23,1048,19,8,916,106.85
2023-07-04,1049,27,9,298,330.93
2022-10-02,1749,39,3,894,195.23
2020-11-03,323,6,5,509,354.01
2019-07-18,710,18,7,249,382.71
2023-10-26,1836,1,2,892,103.97
2021-09-03,494,39,4,925,33.21
2021-12-25,1226,11,4,819,195.87
2023-01-13,839,9,1,842,45.32
2019-10-11,1141,2,4,238,365.33
2020-04-27,1709,37,8,624,310.29
2020-04-11,1086,8,8,258,91.05
2020-04-28,30,6,3,897,311.88
2020-04-30,1979,6,8,601,101.1
2019-04-26,2000,22,5,616,322.39
2023-04-08,621,28,4,813,21.27
2021-06-18,848,6,4,990,140.3
2019-08-06,601,4,5,976,16.06
2021-04-26,346,25,7,789,27.16
2022-12-21,406,22,1,734,146.19
2021-06-23,597,43,3,455,18.78
2019-04-08,1611,18,7,304,260.87
2021-03-11,1883,9,1,417,126.32
2019-07-18,1382,15,7,589,308.36
2020-01-26,459,24,6,491,136.16
2022-04-16,1200,41,1,812,375.82
2020-07-05,1711,27,3,670,393.07
2021-08-06,957,45,9,515,128.72
2022-01-09,1817,29,1,492,379.2
2021-10-07,610,35,1,385,216.21
2021-07-22,1141,31,2,640,293.72
2022-11-12,1234,26,8,469,160.58
2021-04-27,1940,24,8,247,213.67
2020-07-24,565,46,10,795,42.77
2022-04-16,783,37,1,342,377.77
2020-03-23,526,23,5,577,231.18
2021-05-13,458,44,6,201,331.04
2020-08-22,1768,40,7,461,155.07
2020-10-21,703,48,4,728,314.29
2019-09-21,450,42,6,164,294.62
2020-07-04,663,49,5,336,60.7
2020-09-21,1596,22,9,236,229.73
2019-07-14,505,20,1,680,319.66
2019-03-13,644,33,5,217,24.93
2019-08-14,1679,30,5,938,306.14
2023-03-30,1841,21,7,323,373.53
2023-01-31,1708,48,2,451,385.05
2022-11-29,271,46,1,947,226.1
2021-07-21,1640,45,7,340,381.45
2019-07-14,29,17,3,236,212.72
2023-10-03,1889,50,2,985,20.22
2019-06-03,53,43,8,683,155.47
2019-04-25,1780,12,4,641,95.89
2022-05-17,1016,29,5,806,142.23
2019-01-03,391,7,3,982,90.97
2020-07-21,1746,26,9,332,19.27
2020-06-19,1814,43,7,385,359.84
2019-03-17,729,9,4,843,389.55
2021-04-07,772,6,1,389,88.78
2020-12-17,570,26,5,405,109.14
2022-07-28,1645,19,10,254,265.5
2021-01-03,1861,49,5,973,374.9
2021-08-17,396,47,1,456,241.95
2021-07-23,187,4,9,230,12.59
2020-04-24,86,32,10,526,346.75
2019-06-25,504,15,4,737,87.39
2020-08-02,809,3,10,668,368.38
2019-02-17,151,2,4,244,353.66
2021-01-25,1722,42,9,649,254.17
2021-01-11,1220,14,7,898,391.18
2023-12-02,1947,50,1,755,308.04
2020-01-08,632,19,4,794,389.81
2022-01-02,1858,45,5,715,333.92
2021-08-14,1320,11,9,789,90.53
2022-04-18,676,33,3,688,56.25
2019-03-25,1939,21,9,81,254.83
2023-02-20,1160,21,6,462,266.14
2019-12-26,1267,19,9,183,118.11
2021-04-02,922,50,4,210,316.38
2022-11-12,761,29,1,939,99.35
2023-05-29,463,38,4,858,227.78
2020-03-24,1222,8,8,835,39.22
2020-04-13,272,40,10,352,348.93
2020-11-10,428,32,7,395,165.54
2021-06-25,1711,48,1,415,79.38
2019-12-20,701,44,7,281,141.72
2023-06-25,1775,34,3,702,243.97
2022-05-25,280,21,2,773,11.09
2022-05-06,518,20,3,90,323.17
2023-12-17,591,27,3,635,211.1
2019-10-03,1859,50,10,555,22.0
2020-09-05,748,23,9,379,375.55
2021-07-24,923,16,8,133,40.48
2023-07-06,1134,13,6,959,219.22
2021-07-18,1138,21,7,978,9.81
2019-01-07,830,7,4,307,109.28
2023-09-07,836,25,5,325,90.78
2019-10-31,1272,16,1,579,141.48
2019-01-29,1799,37,3,151,144.93
2019-02-16,230,21,4,295,171.64
2019-01-02,869,49,10,791,223.96
2023-07-26,1626,29,6,389,282.94
2019-07-02,1543,49,4,165,379.85
2021-07-05,1602,36,7,706,125.88
2019-03-08,629,30,6,841,333.18
2023-11-20,1451,46,6,920,98.56
2022-04-16,1896,21,1,673,282.73
2019-06-03,1080,34,6,674,27.37
2022-06-12,1884,49,2,226,230.94
2022-07-24,1245,28,1,478,224.93
2022-07-23,1206,20,4,406,40.76
2020-07-17,1712,3,4,361,345.1
2023-05-02,42,24,7,881,24.36
2021-01-23,1985,14,5,216,287.89
2021-09-26,786,48,10,740,381.42
2022-05-28,275,20,10,848,133.43
2023-10-01,624,8,3,670,255.93
2023-12-14,1197,18,4,739,261.74
2022-12-09,276,49,10,856,67.61
2020-11-11,1438,17,1,292,62.95
2021-01-10,94,4,6,560,193.65
2020-01-27,1543,23,6,872,22.01
2020-09-30,791,50,5,725,94.66
2020-12-17,1507,12,2,671,133.93
2023-08-14,527,34,5,435,357.21
2023-06-03,1955,50,7,799,25.88
2022-10-31,256,1,5,581,328.89
2022-09-30,202,35,5,790,82.08
2023-06-09,1304,30,4,624,134.53
2020-08-05,1475,21,1,139,93.86
2022-04-17,817,50,9,918,376.13
2023-06-13,1837,35,7,583,11.6
2020-01-17,1146,23,2,320,381.25
2021-12-12,1552,15,5,811,107.43
2023-09-01,1718,23,9,203,135.24
2019-06-04,156,44,2,408,241.12
2022-01-10,218,1,10,862,353.22
2022-12-25,1480,31,10,329,22.43
2019-08-28,994,27,8,376,172.26
2021-01-04,822,45,8,212,95.17
2022-03-12,346,23,6,597,390.88
2019-04-22,1020,20,9,820,215.47
2022-07-07,967,39,7,371,199.4
2019-06-13,1700,32,3,809,124.03
2021-10-26,185,32,7,573,303.5
2022-03-19,436,45,5,100,175.02
2023-01-15,1055,20,8,609,78.9
2023-05-15,798,28,7,782,152.2
2020-12-27,679,22,5,763,262.71
2019-04-05,1919,5,8,828,320.43
2023-04-11,1517,3,1,68,371.64
2019-01-11,1559,47,1,413,210.03
2021-09-07,379,33,6,782,224.19
2023-01-25,1844,37,5,726,149.99
2023-06-15,144,17,8,930,24.52
2023-05-05,640,36,1,350,110.2
2022-05-10,730,35,3,942,374.28
2023-11-15,21,11,9,920,391.92
2023-07-30,1293,36,10,159,138.8
2023-01-15,1370,9,1,84,61.36
2022-12-23,1097,48,5,957,398.92
2022-11-03,1350,3,10,984,342.83
2023-05-26,1212,27,9,211,252.0
2021-09-15,534,39,5,65,355.51
2021-07-29,1556,44,1,138,149.12
2022-05-25,1496,23,7,347,186.53
2023-11-12,857,7,1,294,84.88
2022-05-01,865,11,4,281,345.21
2022-11-24,810,41,2,577,10.96
2020-03-05,828,47,5,919,108.14
2019-05-11,1235,35,3,740,146.67
2021-03-21,679,38,1,112,330.0
2022-03-30,1800,42,10,567,201.64
2019-03-12,12,19,10,973,381.96
2022-06-19,1725,10,10,508,110.25
2020-09-11,1308,41,6,607,112.01
2022-02-20,1503,28,9,115,42.13
2023-03-31,1963,46,3,756,228.96
2023-01-19,400,9,5,636,352.3
2019-10-08,1253,5,8,140,109.01
2019-01-01,1822,28,10,658,95.93
2019-07-11,1711,47,2,831,121.29
2020-12-14,1787,19,8,280,182.02
2019-08-26,822,15,7,922,229.85
2020-06-11,1606,48,3,541,317.01
2019-07-03,1146,50,1,650,328.67
2022-03-09,1837,50,6,216,5.59
2019-12-11,185,46,5,734,287.45
2020-04-15,1049,27,3,742,72.11
2021-04-25,1336,45,10,234,365.74
2019-05-16,1875,1,8,235,297.09
2021-12-31,1272,37,6,449,267.76
2019-03-31,189,28,5,868,344.23
2020-03-25,1822,4,6,917,148.56
2023-05-28,42,13,9,806,217.41
2022-07-03,1189,15,9,862,182.05
2019-10-24,663,40,1,529,206.06
2020-11-30,860,44,9,616,25.56
2023-04-05,1050,12,8,242,86.45
2021-09-24,258,45,4,156,258.61
2023-02-03,68,12,8,629,362.74
2020-08-12,232,38,6,719,358.22
2021-04-05,1130,41,8,867,302.22
2019-08-18,423,32,8,89,318.44
2019-04-21,296,25,2,825,145.91
2021-09-14,1653,18,8,640,29.09
2020-01-15,1255,31,8,639,336.96
2022-12-30,1444,12,3,874,348.13
2020-10-29,1942,18,5,921,237.23
2020-09-01,1863,6,3,876,69.32
2020-05-08,280,3,8,697,342.42
2019-07-13,145,13,2,834,147.76
2021-04-14,1536,6,1,786,136.54
2021-11-26,1055,12,4,891,324.08
2022-01-23,1881,7,4,964,315.76
2019-03-05,676,21,10,551,324.54
2020-04-08,773,4,1,784,275.15
2019-06-06,468,32,3,957,201.17
2023-02-25,1962,12,9,366,388.3
2022-03-04,81,7,7,94,221.96
2020-11-14,1877,43,10,770,351.66
2019-12-31,470,30,10,277,301.62
2020-11-29,799,44,6,579,53.42
2020-07-07,1186,41,3,881,396.48
2021-05-19,796,19,10,426,370.94
2020-09-27,1221,33,7,835,226.96
2023-07-10,368,29,9,995,365.34
2022-03-15,1689,45,8,328,128.94
2019-02-14,750,12,10,805,277.19
2021-08-11,1855,21,5,667,178.34
2021-03-04,1573,3,9,813,300.49
2023-07-15,280,42,8,812,163.73
2020-06-08,700,23,9,765,29.53
2019-10-19,1800,14,6,564,16.66
2020-05-05,1915,41,5,872,358.85
2019-03-07,609,45,9,362,39.38
2023-04-18,1862,23,7,208,101.03
2021-07-12,1839,12,8,793,71.91
2021-02-01,695,18,10,859,178.14
2019-12-08,123,45,10,812,356.44
2021-12-05,1294,26,8,679,112.97
2020-06-18,376,33,4,782,180.59
2022-10-12,1505,17,7,651,388.61
2021-07-23,109,19,7,152,175.3
2019-08-28,902,41,9,764,290.24
2022-03-20,1788,45,5,866,102.01
2020-03-12,850,49,6,681,282.01
2022-05-08,1934,17,6,599,100.23
2023-06-19,1327,9,6,635,392.15
2020-04-09,927,12,1,722,124.84
2023-02-14,914,40,9,962,208.9
2021-10-01,316,41,8,552,155.64
2022-03-20,936,7,5,210,30.49
2021-12-08,929,47,4,605,365.63
2023-11-02,308,2,7,652,270.63
2020-02-16,1519,3,1,698,350.75
2023-03-31,1651,36,10,738,178.67
2022-11-29,1879,9,1,573,368.9
2022-11-14,760,28,9,475,321.73
2020-01-27,1816,40,5,65,288.6
2019-02-02,1957,46,10,532,117.77
2019-05-29,1491,5,8,768,204.75
2019-12-07,995,23,9,948,236.47
2019-11-26,638,6,9,593,62.77
2021-05-21,1513,41,9,196,304.61
2019-11-20,1776,28,5,367,19.58
2023-07-31,1112,35,4,90,132.8
2022-05-30,1556,33,8,566,275.37
2023-07-11,1184,22,10,554,324.77
2019-01-28,1269,45,10,878,49.77
2022-05-30,880,4,9,711,15.52
2022-09-28,145,27,9,622,269.79
2021-04-21,1376,36,6,395,200.33
2021-07-22,1116,37,8,869,265.99
2023-01-30,466,20,10,211,258.93
2019-04-16,218,32,8,55,399.55
2019-12-19,904,35,3,511,262.48
2022-03-22,1113,15,2,141,248.53
2023-04-06,353,50,7,863,255.4
2020-06-11,499,33,2,55,268.85
2022-07-05,1757,20,3,214,169.21
2022-08-19,1445,23,4,368,387.74
2021-03-14,532,34,6,313,381.68
2019-06-14,1932,22,6,217,50.4
2020-01-30,1900,8,10,687,334.15
2019-04-23,1570,9,9,213,376.5
2020-10-08,1939,3,10,181,115.23
2021-02-06,65,43,7,898,114.2
2020-07-06,628,26,1,554,7.04
2023-12-04,1420,19,9,443,32.67
2023-05-08,247,13,6,380,87.04
2020-09-17,1640,30,4,256,304.39
2019-11-15,1979,39,3,751,247.81
2023-09-20,1231,28,3,657,280.45
2023-09-01,1888,23,4,545,154.65
2019-12-13,1447,45,4,248,311.35
2020-06-28,1269,43,7,60,68.55
2023-03-24,36,35,10,981,31.57
2023-01-19,613,35,4,513,357.99
2021-10-21,629,25,9,872,189.72
2019-11-13,1372,29,10,850,147.64
2021-03-10,1189,48,10,409,236.98
2020-04-23,156,18,6,852,236.74
2020-01-22,1569,45,1,865,164.93
2023-02-01,1115,34,3,144,101.48
2020-03-28,428,44,10,600,104.27
2022-04-10,23,11,8,658,165.69
2021-05-19,1460,50,6,342,347.78
2021-06-28,876,34,1,544,382.35
2019-01-24,1717,7,5,859,307.54
2022-06-01,382,50,2,313,284.65
2021-09-02,481,15,1,567,364.61
2023-11-13,1865,43,8,360,42.8
2022-03-21,794,20,10,789,243.66
2019-09-22,1847,38,3,829,72.77
2019-08-29,833,14,2,622,200.25
2021-04-27,368,10,10,187,119.14
2022-06-12,1778,41,8,703,59.88
2022-07-03,808,28,2,550,362.86
2020-05-07,91,16,2,383,88.73
2023-04-25,1176,23,5,750,392.11
2023-10-19,1344,31,10,654,11.47
2021-06-29,162,31,10,778,342.12
2022-12-08,407,24,10,130,379.23
2019-06-19,234,1,9,379,190.32
2019-09-26,447,6,4,336,313.97
2020-06-16,225,8,4,357,65.28
2021-05-19,982,47,9,986,299.72
2019-12-01,146,30,8,624,31.54
2020-10-02,185,32,6,725,364.95
2020-07-23,790,17,5,132,325.98
2023-03-08,332,38,5,339,357.39
2023-08-07,753,36,1,805,202.47
2022-12-07,1284,8,5,929,304.52
2019-03-28,518,26,6,71,388.48
2022-06-18,1538,25,3,261,345.94
2021-09-05,1418,45,10,106,126.77
2022-12-13,599,40,10,679,233.04
2023-07-07,1322,35,8,149,158.36
2023-07-17,53,21,8,883,327.81
2023-09-17,851,5,2,406,393.07
2020-01-03,984,1,4,971,388.72
2019-01-27,1622,45,5,716,243.65
2019-03-01,1998,10,3,78,100.41
2022-10-09,1961,3,1,219,43.12
2023-07-01,1459,33,9,643,371.38
2022-10-23,1882,23,10,626,214.67
2021-12-17,1878,29,8,93,374.95
2022-07-10,1815,50,5,405,373.49
2023-05-31,321,48,2,548,196.71
2020-03-07,1767,46,3,354,163.63
2022-08-12,865,35,2,684,368.83
2021-01-21,346,40,7,997,122.4
2023-12-07,219,30,3,72,156.53
2021-07-06,1588,6,4,929,331.49
2020-08-10,435,33,8,599,161.73
2022-09-04,1440,33,8,303,97.5
2021-05-09,1848,32,6,472,55.4
2019-10-04,35,34,6,126,123.67
2021-05-21,472,28,7,404,149.15
2021-03-16,716,6,10,268,83.86
2021-12-08,1804,8,1,273,176.06
2022-01-07,164,33,8,312,171.98
2022-08-04,570,12,5,555,110.22
2019-03-11,1862,37,2,391,209.98
2019-10-16,1448,36,9,359,128.13
2019-03-24,1197,5,2,788,375.87
2020-05-12,554,28,5,528,292.46
2021-01-07,1312,30,9,286,15.84
2019-06-07,856,2,10,817,391.79
2019-01-27,1981,33,2,832,268.82
2019-10-09,1192,3,5,96,212.1
2021-04-03,1003,32,5,547,49.89
2020-08-21,1371,10,6,774,230.08
2020-11-29,1475,15,9,771,236.04
2023-08-19,1206,6,1,445,48.76
2021-10-24,224,28,7,517,154.37
2023-10-05,632,47,2,749,393.96
2020-02-09,1304,22,7,393,165.43
2021-04-20,1991,38,5,976,169.29
2020-01-02,352,26,7,566,321.3
2021-11-01,1372,17,8,862,282.71
2021-01-11,1142,24,10,358,226.41
2023-11-28,1912,11,1,974,388.65
2023-09-16,1993,20,8,474,103.46
2023-10-17,329,47,9,379,122.44
2021-09-27,1860,10,8,909,47.4
2022-09-11,678,48,1,523,82.6
2022-01-24,292,23,10,589,256.59
2020-09-18,259,20,7,330,45.91
2021-10-07,989,31,6,282,181.0
2022-06-08,647,50,1,68,54.97
2019-07-01,41,33,5,218,285.78
2023-04-13,583,2,5,531,72.46
2022-05-10,1610,34,10,907,173.93
2020-12-20,1540,5,9,880,291.34
2022-02-14,1626,34,10,939,34.75
2020-09-28,831,9,9,990,313.91
2019-12-06,836,17,7,284,266.18
2022-08-28,1433,25,5,734,186.21
2020-08-20,1741,39,10,921,51.43
2023-03-08,1206,14,4,943,125.91
2020-07-07,345,25,2,857,339.03
2021-04-08,475,39,1,285,32.8
2021-03-02,1474,32,8,805,376.55
2020-08-28,411,41,3,528,14.46
2022-10-01,578,46,8,64,94.25
2023-05-27,1511,27,3,606,85.69
2019-10-09,334,10,8,573,9.03
2019-06-24,809,49,4,833,369.12
2021-07-06,631,21,6,230,152.61
2020-11-18,1516,16,8,689,333.93
2020-02-28,1122,8,3,833,373.62
2020-01-31,1302,32,6,216,278.56
2020-07-29,99,33,3,879,128.96
2020-01-28,978,34,4,67,85.24
2019-08-10,1606,24,3,85,87.53
2022-12-15,1294,15,10,413,176.51
2022-03-15,1837,49,9,705,343.81
2019-10-23,1590,25,2,627,266.98
2019-10-18,1863,27,3,54,298.79
2020-05-15,1882,25,5,267,398.84
2020-10-21,375,18,4,923,199.34
2020-03-20,154,20,7,650,166.41
2019-05-20,1834,36,2,752,266.61
2021-12-18,21,28,7,112,190.44
2021-01-14,532,14,6,558,323.67
2021-10-02,1086,38,4,924,28.47
2019-04-30,1470,11,1,200,336.14
2021-07-28,1477,28,5,589,191.34
2022-04-03,1922,15,6,460,283.05
2023-11-07,1981,30,9,462,75.25
2019-10-22,545,5,7,203,269.42
2020-11-25,1433,4,1,803,32.43
2022-03-27,1685,7,10,512,7.81
2023-05-22,547,39,9,747,229.63
2022-02-11,682,40,3,947,263.9
2019-11-24,1728,35,7,967,269.55
2020-07-18,1866,3,7,685,263.89
2023-09-02,842,28,1,870,80.12
2019-10-11,1454,37,8,707,174.92
2020-05-01,913,4,10,332,301.96
2023-05-10,1599,50,7,225,361.11
2019-07-12,1572,11,2,516,137.03
2023-06-05,1138,4,1,662,175.68
2022-07-18,1111,4,2,620,14.6
2023-10-11,297,44,6,222,266.49
2020-06-07,776,26,7,412,104.05
2021-09-26,951,26,1,531,286.43
2019-11-13,1214,50,8,922,374.06
2022-03-16,1608,9,1,375,42.91
2020-08-23,414,13,4,767,253.16
2021-07-29,1178,15,9,554,208.8
2022-06-28,5,43,2,370,313.79
2023-09-27,1164,27,7,142,38.57
2021-01-27,1495,9,5,561,399.47
2022-11-02,1071,18,5,60,183.92
2019-10-28,155,32,9,398,107.7
2019-04-17,15,10,1,737,181.89
2023-03-28,1201,38,5,409,92.11
2021-12-31,81,36,10,396,266.92
2020-11-20,356,38,7,198,323.89
2023-11-14,332,41,5,994,71.51
2019-08-12,1070,10,7,122,89.31
2022-09-27,1392,50,1,216,28.49
2021-11-03,1457,7,4,157,181.06
2021-09-02,748,15,2,797,43.7
2021-10-15,636,11,9,283,399.38
2022-07-26,1677,43,8,167,363.07
2023-01-25,1569,10,4,526,220.69
2022-06-18,497,5,5,752,81.21
2022-05-16,41,19,2,467,58.44
2020-11-04,110,32,1,296,247.61
2021-07-27,514,13,8,513,238.93
2019-05-01,1802,47,10,797,120.2
2021-04-29,1122,41,5,687,355.76
2022-11-04,1498,8,10,362,284.28
2020-11-05,1158,11,7,495,65.48
2020-04-17,657,2,2,296,43.54
2019-06-30,613,46,8,632,244.28
2019-05-22,1193,12,1,791,348.62
2023-02-16,363,17,6,379,157.62
2023-06-28,1268,10,10,308,390.36
2019-03-08,657,12,10,521,8.06
2023-09-26,1273,39,9,257,88.32
2023-02-18,477,43,9,84,284.7
2023-05-10,440,50,6,701,357.92
2022-08-14,1963,37,9,524,265.91
2019-03-27,56,36,7,276,95.53
2022-09-30,125,45,7,605,56.0
2023-08-17,923,46,10,710,353.78
2020-12-12,1223,38,2,744,104.35
2022-03-24,984,17,4,696,359.52
2021-06-06,1117,36,2,211,316.27
2022-01-17,520,42,8,758,362.91
2023-07-21,1096,32,2,576,123.5
2021-03-16,1552,21,8,114,132.46
2019-12-15,1354,24,1,433,108.26
2019-04-15,1796,21,7,496,77.71
2021-11-08,1012,5,4,687,93.0
2020-01-14,1432,43,7,954,288.98
2023-05-13,678,32,2,744,253.97
2019-09-19,322,48,5,655,226.9
2019-02-13,1991,15,7,457,283.61
2020-05-27,1795,31,6,606,287.82
2019-08-13,1683,19,1,805,227.52
2021-05-25,1033,10,2,266,232.95
2023-08-21,1185,9,7,504,319.86
2020-12-20,620,11,5,447,205.23
2023-01-29,1181,24,7,982,96.64
2023-10-09,670,4,7,356,364.16
2019-06-28,1459,33,5,713,186.29
2023-05-18,96,48,10,104,307.66
2022-10-12,1910,50,7,313,11.16
2019-01-29,403,31,2,586,163.13
2019-03-21,580,24,4,295,146.03
2020-06-11,1493,2,5,305,70.55
2021-06-12,659,6,3,606,143.38
2020-03-05,127,33,3,930,379.9
2023-08-15,1175,3,3,928,386.66
2022-02-07,1256,36,2,330,378.25
2023-10-29,447,33,6,368,383.98
2021-01-17,287,4,1,52,327.31
2021-12-02,747,38,1,746,148.59
2022-09-20,636,24,10,969,202.96
2020-07-01,524,7,1,684,256.99
2020-06-10,1859,41,3,929,194.02
2023-01-26,128,6,3,187,172.8
2021-03-24,43,8,2,313,325.7
2019-02-07,253,11,10,136,74.07
2020-10-22,426,5,5,307,160.3
2020-09-21,819,12,9,827,244.97
2020-04-17,852,31,7,790,285.61
2023-03-09,497,20,9,97,25.77
2021-05-22,346,15,7,636,64.87
2022-03-22,678,1,10,973,107.89
2023-09-11,646,34,8,250,145.45
2021-11-07,54,23,5,547,162.3
2020-05-30,944,26,6,894,60.88
2019-05-31,1033,18,3,599,299.98
2022-03-22,568,6,9,973,58.45
2019-06-07,34,39,2,84,136.07
2019-08-11,153,23,2,470,141.49
2022-05-22,1948,24,5,168,151.53
2022-05-14,1699,6,1,87,124.23
2019-04-23,112,44,5,198,39.45
2019-06-23,1737,18,6,438,142.75
2019-02-07,380,20,6,602,301.14
2021-03-12,1362,50,9,406,324.85
2020-08-15,284,44,3,615,267.21
2023-10-06,182,40,9,893,381.83
2019-02-27,1036,17,6,179,243.85
2023-11-11,214,49,10,884,77.63
2019-10-27,384,36,3,366,305.64
2022-01-29,1834,49,8,717,7.62
2020-06-28,537,45,5,68,209.56
2019-09-08,1954,3,7,835,337.89
2020-08-01,1706,42,6,270,55.21
2023-07-22,1245,50,2,310,249.64
2021-09-16,1842,44,9,689,212.46
2021-08-10,1216,46,7,330,200.26
2022-07-02,1673,26,9,817,256.67
2020-04-17,861,33,4,938,174.38
2020-01-03,1148,42,7,118,123.54
2019-01-09,834,17,6,360,310.92
2021-02-08,179,26,1,889,174.77
2023-08-05,28,13,7,756,200.48
2021-07-30,1019,23,10,263,108.11
2022-02-03,197,30,9,68,111.85
2022-07-27,666,4,6,284,284.99
2020-02-29,833,8,6,994,123.79
2023-04-14,1072,31,4,540,387.5
2022-01-15,84,8,7,453,61.36
2022-08-20,277,4,6,872,234.27
2023-10-07,130,25,4,517,317.8
2023-08-17,397,15,7,326,233.56
2020-04-14,1116,34,10,989,35.24
2020-10-24,1645,48,8,205,239.06
2023-06-19,1744,33,3,939,44.02
2021-03-08,126,40,10,516,186.68
2019-07-07,1594,50,9,676,303.07
2023-10-20,322,50,6,152,190.22
2023-11-01,247,27,1,71,346.14
2023-09-21,765,18,4,946,130.88
2019-11-08,1937,47,7,428,285.29
2023-07-27,376,27,8,75,61.96
2020-05-08,1578,15,4,509,349.34
2022-02-18,841,4,4,262,350.62
2019-09-19,1478,6,3,503,17.72
2022-05-01,962,28,5,990,251.17
2021-02-26,891,41,9,627,147.33
2023-12-24,1248,14,8,859,105.33
2023-04-18,1073,5,9,719,17.49
2019-12-07,697,6,1,118,41.4
2022-01-03,532,15,8,728,168.39
2020-05-08,405,33,8,850,188.27
2019-03-06,1752,5,1,854,310.11
2020-09-10,544,38,9,552,181.11
2020-09-17,111,16,10,697,230.25
2023-08-05,117,1,9,285,37.24
2021-09-05,1487,7,4,84,159.65
2020-01-22,1137,4,8,367,224.04
2021-11-04,116,22,8,917,315.98
2022-03-26,871,48,10,615,68.55
2023-07-11,1008,30,9,825,267.38
2019-07-01,1643,13,4,913,159.27
2020-11-18,1080,27,6,499,377.98
2023-09-25,1900,30,9,851,231.53
2021-11-07,1138,46,3,954,12.24
2021-01-03,557,12,7,826,187.49
2019-01-10,918,4,3,908,177.32
2019-07-10,1446,11,10,790,30.0
2020-12-31,420,41,10,773,82.92
2022-11-11,117,17,3,189,385.27
2020-12-20,1680,9,2,734,158.47
2020-01-29,1348,15,9,179,210.75
2020-09-24,746,5,2,113,184.14
2020-11-13,968,7,4,956,123.1
2022-01-20,1529,10,1,670,194.97
2020-10-01,353,31,5,181,396.84
2021-08-09,216,4,7,333,392.18
2019-10-22,526,13,4,524,356.53
2022-10-28,88,42,3,819,36.23
2021-06-08,16,32,1,431,9.25
2020-07-06,1066,2,2,354,60.17
2023-08-04,766,33,4,330,269.14
2021-10-05,633,46,9,375,295.18
2023-02-06,1502,45,10,360,36.56
2022-06-18,215,7,3,653,242.2
2023-11-19,1807,18,7,939,197.06
2023-11-21,380,2,4,792,253.0
2023-05-12,1686,38,9,843,41.15
2019-09-17,680,37,6,231,272.76
2019-06-11,165,37,3,875,293.13
2022-07-21,338,12,2,564,72.55
2019-10-05,717,50,3,873,337.11
2021-04-22,84,7,7,209,30.18
2022-01-01,290,12,1,496,7.07
2019-04-08,1765,14,8,668,319.16
2023-09-01,196,24,1,346,211.13
2020-08-16,4,33,2,377,127.18
2022-03-19,905,10,2,362,66.63
2020-02-29,716,46,2,780,369.5
2021-02-16,1203,6,10,106,178.31
2023-09-22,918,28,9,970,144.05
2023-12-20,224,1,8,162,15.62
2023-11-30,781,38,8,439,205.3
2022-02-20,1191,40,10,471,24.17
2021-08-24,1076,38,7,182,236.3
2022-05-08,1258,3,8,269,224.52
2021-05-13,1724,29,6,618,131.61
2023-09-21,775,38,3,369,162.96
2022-08-16,1838,50,1,244,214.89
2022-04-26,314,36,6,979,178.22
2021-07-10,1687,49,5,396,186.47
2023-10-07,320,50,6,635,220.86
2020-06-23,360,6,2,339,358.46
2023-05-30,1422,4,8,683,92.17
2022-06-23,1191,42,1,104,391.94
2020-01-31,1297,15,4,485,32.63
2019-04-25,1799,46,9,597,349.52
2021-10-15,1072,27,7,545,177.99
2023-10-22,1449,12,4,104,112.63
2019-01-29,1084,26,4,570,253.98
2020-11-24,979,27,1,763,244.53
2022-04-18,329,48,3,693,347.87
2023-11-28,311,16,2,926,12.33
2019-06-17,1027,37,5,152,242.94
2019-03-28,175,14,10,588,310.36
2022-08-23,1877,32,5,595,341.02
2020-10-26,1510,45,4,849,287.36
2023-04-02,77,44,3,788,101.7
2021-10-27,1867,20,7,219,251.3
2021-01-15,1367,13,7,742,187.65
2020-03-17,718,47,2,612,230.89
2021-01-03,1234,37,9,780,94.77
2019-03-11,266,37,7,593,40.34
2020-08-29,1562,35,8,706,173.62
2019-11-24,710,39,10,976,194.44
2023-12-26,1303,11,6,892,9.32
2023-04-29,232,47,6,877,45.97
2020-12-13,1968,5,6,612,389.87
2019-02-21,133,9,4,850,229.86
2020-06-26,359,6,1,566,363.09
2019-10-29,1382,41,6,287,197.82
2021-10-07,1308,47,4,59,301.02
2023-09-12,1228,30,4,989,79.52
2021-07-30,843,29,10,773,244.4
2019-08-18,89,23,9,546,281.83
2019-01-29,288,26,9,55,135.55
2020-12-20,686,22,10,445,229.49
2021-05-18,1772,21,1,394,248.07
2021-04-19,1501,6,10,810,207.41
2023-01-16,251,23,9,714,382.7
2023-06-24,73,22,7,459,258.79
2021-09-04,1784,18,3,793,39.75
2020-05-29,1814,46,2,248,345.76
2023-10-28,1804,39,1,756,108.93
2022-09-10,314,18,2,558,151.43
2020-08-06,107,30,4,709,300.15
2020-03-11,196,33,7,247,295.53
2019-02-06,647,6,1,836,224.13
2020-08-10,1433,19,9,408,11.98
2020-02-06,1972,12,3,838,87.12
2022-01-19,1156,37,7,480,307.59
2023-05-26,64,18,7,930,118.0
2023-05-02,720,44,7,412,290.91
2023-10-13,1148,14,4,370,33.7
2022-06-09,97,12,10,894,388.59
2019-04-24,1349,4,6,620,204.15
2020-12-22,580,37,6,912,277.26
2021-05-17,1117,49,7,403,273.26
2022-03-26,1299,7,6,229,381.11
2021-02-24,610,33,3,360,174.53
2021-04-16,1616,38,9,406,46.3
2021-08-14,1401,34,2,411,25.1
2023-07-20,1320,45,5,123,280.13
2019-06-18,1849,10,9,282,282.17
2022-03-22,578,14,5,198,54.38
2021-04-12,777,14,3,73,183.34
2021-01-18,1024,12,4,489,58.67
2022-01-03,417,9,6,191,314.98
2020-12-18,1107,7,3,478,134.69
2020-11-19,1982,16,5,284,324.87
2020-07-12,1258,5,3,194,305.6
2021-06-19,1693,39,5,99,349.11
2022-12-02,530,28,8,453,135.68
2021-04-17,974,40,8,823,394.04
2020-04-09,1671,40,5,280,196.7
2023-09-20,1779,7,8,745,80.35
2022-02-20,716,35,7,147,14.57
2019-11-27,1928,32,7,699,64.05
2020-06-25,1103,48,6,429,211.49
2022-03-09,951,14,8,794,48.99
2019-05-23,1679,17,2,277,211.41
2020-10-15,1335,21,10,212,157.64
2022-03-05,1544,32,2,547,228.62
2020-09-15,568,1,2,974,313.43
2022-08-20,1684,46,10,893,240.01
2021-06-27,771,41,1,408,297.29
2023-12-25,203,46,4,531,220.15
2020-07-14,1211,2,8,398,389.55
2023-04-11,118,35,9,325,137.72
2020-03-15,1947,29,8,458,188.17
2021-03-19,1709,27,3,84,169.03
2023-08-31,1762,38,8,727,393.59
2020-01-17,1967,28,4,349,314.8
2021-02-03,158,26,4,893,105.22
2021-11-12,1316,7,6,201,89.28
2019-07-08,866,20,2,657,349.2
2020-06-10,1699,37,3,382,197.21
2020-05-27,770,43,3,563,49.92
2023-03-12,149,34,9,930,53.59
2019-07-29,471,50,10,130,189.25
2023-05-04,1423,45,9,364,225.21
2020-04-01,1224,32,8,284,139.77
2023-07-19,22,17,1,449,300.89
2022-09-07,811,16,2,69,132.74
2020-07-15,1721,48,8,915,156.72
2019-11-29,1479,47,6,461,11.03
2021-11-03,22,2,2,728,176.19
2022-05-09,1791,19,2,136,19.73
2020-06-21,805,31,5,202,300.11
2020-04-24,538,40,1,696,157.43
2021-06-17,1802,41,2,644,121.96
2020-02-06,1232,24,3,347,46.24
2020-04-13,577,27,7,802,72.98
2022-08-03,481,25,4,429,326.35
2022-05-24,1443,4,2,567,279.48
2022-08-06,836,32,10,571,123.07
2019-10-25,1904,10,8,665,160.35
2022-09-10,152,22,3,973,136.16
2020-12-03,1679,18,2,289,19.87
2020-06-27,1285,42,3,793,23.47
2020-12-25,924,29,8,788,267.92
2023-11-09,1082,20,4,836,340.46
2023-04-12,985,11,5,617,331.63
2022-06-02,905,33,1,116,11.09
2021-06-17,1384,43,5,523,179.28
2022-05-19,641,17,3,585,282.33
2021-10-13,109,37,2,878,87.17
2021-10-21,1983,43,4,863,135.76
2019-08-25,1683,41,6,307,346.92
2022-10-31,54,25,6,634,336.06
2019-11-20,1232,5,7,419,374.85
2021-04-05,242,42,4,414,73.41
2019-08-07,1937,12,9,406,187.73
2019-07-02,626,18,9,966,395.02
2021-10-09,689,17,5,546,258.26
2019-08-22,642,28,5,392,292.3
2022-01-15,1207,19,7,736,205.63
2020-08-02,948,33,9,502,300.47
2022-03-17,54,17,1,317,7.49
2020-10-13,1237,14,9,498,358.02
2019-04-05,1432,35,9,726,253.21
2023-05-28,1866,9,2,426,290.44
2020-12-17,1518,24,10,252,363.51
2021-07-18,1478,10,5,959,231.82
2021-01-06,629,42,10,854,54.44
2023-08-31,782,33,7,408,191.09
2021-01-27,660,27,8,57,322.36
2020-03-05,1103,35,4,303,330.74
2019-06-07,1490,7,7,950,264.76
2021-07-31,1309,18,10,274,92.75
2023-07-17,1641,25,8,608,295.85
2021-07-30,767,7,6,723,256.92
2022-03-19,1616,48,3,898,17.15
2021-10-27,1590,24,2,690,181.75
2023-11-14,873,19,5,715,235.59
2023-04-21,1082,36,4,714,267.43
2019-07-28,1232,10,4,967,227.12
2020-06-04,1221,8,4,69,76.42
2022-08-15,640,34,6,778,14.6
2019-05-12,366,6,5,751,169.06
2021-11-27,1691,28,4,988,346.2
2021-07-12,1339,32,9,473,202.28
2023-06-06,1079,22,1,343,364.92
2020-03-28,1436,47,4,930,331.16
2021-01-26,672,32,7,312,257.04
2019-09-15,774,18,2,756,170.86
2021-02-17,1985,8,2,364,343.39
2019-06-07,1716,20,8,104,170.85
2019-06-21,1835,14,9,794,349.11
2021-05-08,1547,21,3,746,398.99
2021-11-04,200,8,6,238,290.07
2020-12-28,277,13,2,868,74.85
2022-05-19,234,26,8,697,199.53
2022-12-18,590,9,8,980,69.12
2019-07-01,665,36,4,110,309.25
2022-12-30,142,22,2,239,218.35
2020-10-29,924,18,2,157,126.7
2021-07-06,937,31,5,930,15.99
2021-08-13,651,30,10,815,79.07
2023-12-22,1417,43,7,397,117.3
2019-09-08,531,11,2,687,243.58
2023-10-12,1176,15,6,374,309.86
2019-09-22,1582,21,9,289,83.34
2023-07-30,169,31,3,921,16.74
2019-06-20,981,17,1,691,8.01
2022-12-31,1107,4,7,698,93.94
2021-11-11,682,1,8,100,101.02
2020-05-25,213,13,10,530,393.23
2022-08-29,1129,15,8,948,203.04
2022-07-05,102,41,2,994,398.84
2022-02-22,177,36,1,942,181.19
2019-05-01,1997,48,7,727,376.69
2022-06-06,1750,45,6,288,93.0
2021-08-23,1538,38,4,639,93.63
2022-07-14,596,3,3,311,356.14
2019-12-09,756,13,7,235,378.09
2019-04-17,1466,27,2,683,344.18
2022-04-21,68,5,6,416,257.82
2021-02-25,1377,19,6,677,365.89
2019-06-19,248,39,4,698,67.38
2020-10-25,52,21,3,477,179.97
2021-10-30,287,42,2,329,386.75
2023-03-12,221,36,9,256,128.69
2021-09-19,1733,28,10,327,268.62
2020-04-10,388,17,5,684,88.8
2020-03-04,564,23,1,478,86.01
2023-08-09,3,15,2,830,10.72
2020-09-12,1388,18,10,747,366.77
2022-01-11,802,48,10,548,233.8
2023-06-12,198,25,2,560,21.03
2019-01-25,1376,39,5,102,199.14
2022-08-12,1873,24,9,446,124.78
2020-05-25,1306,2,7,551,367.16
2023-05-18,1464,26,7,670,198.73
2022-04-29,1428,17,7,994,335.04
2020-03-22,1836,35,5,713,5.51
2021-08-17,1260,45,3,521,180.54
2019-02-04,364,3,9,880,240.14
2022-03-25,144,8,1,212,174.07
2023-02-08,1601,22,6,977,241.27
2020-02-01,1650,3,2,639,251.05
2023-06-29,753,6,3,129,40.14
2021-05-04,799,1,9,769,377.89
2023-01-29,1131,3,7,895,139.92
2023-10-06,156,14,8,532,308.38
2022-01-18,474,17,10,401,249.48
2022-07-03,1528,33,9,794,165.38
2019-09-01,1503,47,6,298,217.18
2022-07-24,1504,29,7,588,97.36
2019-11-08,1062,47,8,366,349.76
2023-07-12,229,38,10,459,355.33
2021-03-24,662,10,6,372,387.05
2022-11-02,649,39,8,984,16.11
2022-03-18,537,39,5,167,330.72
2021-05-28,1572,42,8,723,387.19
2019-12-09,1455,36,2,560,150.56
2021-12-29,1485,21,8,934,80.28
2020-07-28,745,33,5,271,292.91
2019-01-29,1694,49,2,363,228.62
2023-05-20,1061,32,4,439,244.31
2023-07-31,990,13,1,899,377.54
2023-01-14,1001,25,9,583,308.36
2020-09-22,717,2,10,347,371.44
2021-06-23,875,36,4,639,192.66
2019-10-07,1987,13,10,556,70.51
2023-02-24,750,2,7,611,253.46
2023-02-08,45,2,6,138,201.51
2023-12-23,849,29,6,728,47.07
2023-11-18,513,9,10,533,163.22
2019-09-29,843,30,4,683,92.38
2019-07-18,1860,34,7,577,243.12
2023-04-02,1389,36,10,632,192.06
2023-02-28,1421,39,3,337,39.36
2021-09-23,661,26,7,848,125.18
2021-01-11,296,50,10,795,276.65
2021-11-23,928,33,4,164,168.57
2019-10-02,371,32,5,59,288.8
2023-07-30,1153,28,5,113,162.58
2022-03-20,1045,20,9,528,330.84
2023-12-13,1484,12,8,210,129.92
2020-11-28,1545,16,3,997,377.75
2020-10-15,1204,46,7,658,167.18
2020-08-16,1199,2,4,393,145.21
2022-02-10,1572,28,7,757,382.09
2022-01-17,238,16,1,525,213.41
2021-12-20,757,29,2,497,384.91
2023-05-10,1417,11,9,668,151.7
2019-10-27,384,27,10,499,88.2
2022-12-29,1450,45,3,84,116.69
2021-03-03,701,2,9,393,139.44
2022-06-01,726,45,7,276,233.73
2023-04-10,1603,39,5,727,274.28
2022-09-01,1666,14,10,205,285.29
2022-07-28,1376,46,9,120,144.02
2022-04-29,633,10,4,506,380.84
2019-08-16,1340,25,8,698,156.96
2021-08-25,1162,19,2,128,241.66
2020-09-03,1635,20,7,630,267.08
2022-02-18,502,31,9,112,302.66
2023-11-24,1147,32,8,833,265.18
2019-04-14,944,22,3,324,273.62
2019-12-02,363,14,7,202,381.51
2023-01-27,132,17,1,58,286.31
2019-05-14,485,41,10,779,348.42
2020-06-09,1513,50,2,238,175.78
2020-12-29,971,42,5,986,31.51
2022-10-19,406,44,2,265,76.14
2019-12-14,177,34,10,212,85.27
2020-06-01,415,10,3,802,104.94
2022-07-03,298,22,9,284,41.99
2021-07-21,879,17,2,107,333.65
2021-04-21,1596,35,1,601,16.62
2023-11-09,1696,28,2,216,343.05
2021-06-21,998,34,2,993,141.0
2019-03-16,1442,22,4,665,47.87
2023-12-09,587,8,6,474,218.79
2019-01-09,1169,46,6,267,34.4
2020-01-24,485,10,4,686,181.19
2019-08-07,1852,18,9,871,30.7
2019-09-12,148,40,6,442,398.51
2019-04-16,64,35,10,482,241.04
2021-12-06,560,22,6,317,263.94
2019-02-09,1379,36,9,899,102.6
2022-06-29,748,34,7,628,367.38
2023-01-08,1728,44,2,768,324.01
2022-09-13,269,37,7,164,242.45
2021-02-07,409,26,4,441,385.29
2022-12-20,1887,22,4,378,94.14
2023-04-17,1488,39,5,50,375.35
2021-08-23,1813,26,9,237,327.65
2019-11-10,1098,21,3,561,257.79
2023-12-29,225,24,1,845,222.25
2021-10-16,1514,50,10,489,52.19
2019-02-15,295,40,1,182,108.65
2020-08-03,1710,40,2,472,181.99
2020-01-18,1970,45,10,94,79.71
2020-02-09,1631,40,1,90,73.01
2021-10-03,143,30,8,806,164.16
2022-10-02,1033,16,7,904,134.75
2020-11-11,844,42,7,998,107.69
2022-06-26,241,30,6,569,199.14
2019-11-09,1326,41,7,711,82.53
2019-08-15,849,38,6,659,202.82
2021-12-07,1943,7,6,760,123.61
2022-10-29,1955,35,8,159,97.25
2023-05-05,928,39,1,893,286.13
2023-12-21,233,25,8,557,19.75
2020-08-25,771,6,6,398,341.9
2020-12-11,1126,40,8,774,126.2
2022-05-26,361,14,7,848,248.31
2023-01-06,1152,11,7,619,14.97
2023-01-12,1112,31,8,972,291.21
2022-12-06,140,30,9,962,279.51
2023-04-06,1853,30,5,883,185.02
2022-12-15,1389,22,9,943,189.33
2019-09-29,1945,10,3,437,123.79
2020-03-13,324,38,5,180,242.46
2020-09-28,353,2,8,969,291.28
2022-07-05,129,34,3,281,5.33
2023-12-13,1125,34,9,226,399.98
2023-12-12,801,17,6,984,205.25
2021-06-11,243,32,8,189,277.02
2022-07-19,183,1,10,748,93.53
2023-10-26,1457,44,3,855,310.58
2023-10-31,1492,45,7,613,306.14
2023-05-23,1536,32,7,128,310.95
2020-11-28,1073,38,4,360,329.37
2023-06-09,904,44,8,844,261.61
2021-03-05,190,4,10,684,301.84
2021-03-02,1236,40,4,341,100.65
2019-07-17,1727,18,2,88,270.36
2019-06-11,1348,13,4,719,222.59
2022-12-21,1391,3,6,506,175.28
2022-05-18,1951,37,2,751,47.07
2019-10-04,963,46,7,597,170.3
2021-09-01,814,29,8,453,194.55
2019-06-07,1387,8,10,618,112.55
2019-02-10,200,32,1,214,296.25
2023-11-21,465,47,4,138,5.04
2021-10-12,1536,30,2,564,278.49
2022-07-09,559,45,2,903,260.2
2020-02-25,1126,22,4,434,310.05
2021-11-04,263,41,4,444,323.27
2019-01-18,1674,4,10,744,395.61
2020-06-05,1831,25,2,198,346.26
2020-08-01,1607,16,7,753,368.08
2022-10-02,690,24,5,273,240.29
2021-02-04,260,46,7,959,316.09
2021-12-21,1857,29,3,259,351.95
2021-06-25,1304,46,5,344,40.97
2022-10-05,661,13,2,642,98.11
2019-07-11,1900,40,10,343,63.3
2023-03-02,422,27,9,371,95.41
2020-01-20,1798,40,4,799,241.07
2022-09-13,29,35,4,918,287.72
2022-09-16,1463,29,7,825,279.75
2023-12-12,834,2,9,446,289.38
2022-10-23,723,35,3,962,319.4
2019-09-22,757,43,9,772,230.45
2022-12-22,1446,10,8,150,394.68
2023-08-31,175,47,5,65,236.9
2020-12-16,1420,16,6,647,131.43
2019-01-14,401,5,9,347,134.41
2022-08-28,410,32,1,712,114.97
2019-01-06,1325,11,10,498,383.82
2019-07-24,213,38,9,400,31.29
2021-02-25,410,36,4,560,172.51
2020-10-17,1045,32,8,493,339.11
2019-10-12,812,34,9,171,250.42
2022-08-21,1450,20,4,536,318.21
2022-05-02,1397,30,10,222,80.22
2020-08-31,1109,22,3,643,128.02
2020-05-11,1102,50,5,547,75.07
2023-07-23,291,27,3,224,241.8
2021-10-13,630,46,5,718,53.7
2022-02-27,784,39,7,585,290.54
2020-07-11,397,15,7,676,336.96
2022-06-30,1392,39,2,587,89.44
2022-10-15,1829,17,8,113,319.13
2019-06-15,1982,45,9,520,120.15
2023-02-10,1863,16,10,219,73.84
2021-06-10,1952,1,8,350,385.29
2023-08-18,1722,2,10,816,51.48
2019-02-09,887,18,1,474,162.84
2023-12-01,1794,14,9,760,171.71
2023-04-01,1132,35,6,253,190.18
2019-09-10,1536,26,9,625,311.5
2019-04-29,176,42,5,167,167.22
2022-09-05,182,49,4,390,216.49
2021-11-29,1089,18,5,390,12.71
2022-08-04,1096,32,4,279,183.0
2022-01-14,1581,46,10,806,310.6
2021-11-20,35,5,7,664,299.33
2019-12-01,1254,20,2,961,308.68
2022-04-09,1758,45,2,833,120.44
2020-06-19,1057,50,8,285,335.87
2019-07-20,1430,47,6,215,305.94
2023-11-30,859,18,8,104,301.26
2021-12-26,1992,22,6,84,160.02
2023-05-21,1710,5,2,651,136.86
2022-10-15,1814,5,1,447,177.48
2021-05-12,1031,49,6,288,103.61
2021-07-11,190,10,9,435,147.68
2019-04-15,1195,33,2,751,281.58
2020-08-15,223,41,7,478,322.58
2020-08-08,1274,8,7,169,46.02
2020-09-05,1121,40,3,195,10.72
2023-08-02,880,29,1,617,94.69
2020-01-14,438,11,7,905,139.92
2022-04-03,1799,10,4,192,206.11
2023-08-02,79,13,1,812,285.87
2020-11-05,1515,10,3,419,277.66
2020-11-20,951,31,2,623,354.86
2022-12-09,1924,43,1,946,267.12
2019-12-14,116,22,2,876,202.62
2022-09-18,1099,24,8,718,62.94
2021-03-11,279,31,3,529,116.63
2021-11-03,1449,21,2,824,262.42
2020-04-23,1351,13,4,711,107.22
2022-05-27,255,26,1,434,317.68
2023-10-25,47,28,6,884,90.08
2022-05-12,1081,16,8,287,298.14
2022-10-06,1837,13,2,386,14.01
2020-01-19,1500,3,6,857,111.87
2023-09-26,194,20,10,400,88.97
2019-05-11,1469,44,4,884,378.18
2023-09-03,785,12,8,269,236.66
2020-08-29,408,14,2,752,145.59
2023-05-11,1327,3,1,203,215.79
2022-12-06,685,20,1,349,399.73
2022-12-12,443,6,3,822,147.12
2020-11-02,1632,4,10,853,88.39
2019-03-01,1571,23,7,195,50.68
2021-06-30,1148,5,5,343,152.26
2023-11-09,1662,12,6,476,379.99
2023-09-23,1089,26,3,394,66.48
2022-02-01,1939,32,4,884,245.89
2021-09-03,151,26,6,676,213.43
2022-06-18,1104,29,4,778,393.61
2021-04-30,1440,44,8,490,16.45
2021-09-26,1187,13,9,216,251.17
2023-06-25,1532,9,4,602,73.82
2021-08-17,1449,9,2,849,96.59
2022-07-31,850,34,3,553,360.38
2022-12-10,264,43,10,616,204.89
2020-03-26,981,23,7,730,373.36
2023-12-30,1164,25,3,453,63.66
2022-04-22,1380,22,9,960,41.5
2023-10-14,383,18,7,275,131.35
2023-10-29,94,42,5,189,283.28
2020-11-23,1252,49,3,809,216.58
2022-04-01,753,32,6,150,205.62
2019-12-11,1316,20,9,411,187.77
2022-03-23,1018,8,10,113,293.24
2023-03-07,1456,31,3,848,78.36
2019-08-26,1523,21,10,977,154.32
2021-03-16,946,15,1,279,174.01
2021-11-16,390,1,4,422,159.74
2022-01-10,725,27,3,501,93.34
2020-03-21,1399,18,9,132,42.65
2021-11-15,717,14,7,440,20.38
2021-10-12,1454,45,4,856,364.86
2019-11-14,76,10,4,242,310.47
2021-08-31,1079,49,1,626,299.4
2019-05-15,986,49,9,856,281.99
2021-08-04,287,32,7,300,108.52
2021-11-06,1245,49,1,613,7.5
2023-03-26,1178,43,1,956,98.29
2022-07-13,323,5,7,464,228.52
2023-01-22,379,1,1,359,23.34
2020-04-08,364,48,8,636,332.82
2023-03-01,1664,23,2,870,295.86
2019-11-22,1658,43,9,864,332.99
2020-04-30,1640,32,3,531,15.12
2020-04-20,367,47,7,314,178.53
2022-08-09,1545,43,1,293,189.78
2019-04-17,1159,48,9,195,281.75
2019-05-02,1655,12,10,708,361.76
2022-12-03,15,33,10,581,237.28
2019-08-14,583,48,4,988,212.12
2021-11-14,616,8,1,748,63.13
2023-03-17,127,8,7,432,113.78
2019-02-24,1416,11,6,94,110.61
2023-11-11,479,43,5,849,276.99
2021-04-01,39,21,1,632,186.2
2022-12-29,395,45,7,273,352.61
2022-12-25,999,33,6,386,215.82
2021-11-24,1145,16,4,325,69.48
2020-02-25,817,10,2,954,337.3
2020-05-08,1228,18,10,370,67.43
2022-07-14,1882,34,5,822,93.05
2020-04-26,593,15,2,364,71.95
2019-12-16,1759,36,3,187,113.66
2020-01-20,1240,21,10,234,186.38
2022-08-30,1352,4,4,853,388.19
2022-10-04,384,48,8,628,5.81
2020-11-27,899,33,7,621,239.01
2021-07-13,508,23,8,159,33.41
2023-07-31,443,32,3,882,356.36
2019-08-31,613,9,8,140,162.33
2021-04-30,874,44,10,851,292.81
2019-05-30,976,5,3,68,389.69
2020-06-11,761,37,9,760,159.02
2020-01-15,1227,24,7,372,182.73
2022-09-27,1491,26,8,870,106.04
2022-08-24,156,20,4,410,133.5
2022-10-11,1775,33,4,317,210.47
2019-02-14,215,48,2,186,274.37
2020-12-06,1322,18,1,946,308.87
2020-10-21,175,37,4,260,99.46
2023-01-16,93,34,9,981,174.94
2020-04-20,1778,6,8,799,124.45
2019-10-03,1290,20,2,623,298.01
2019-04-01,543,30,10,63,387.04
2023-12-13,830,29,10,558,304.54
2021-05-20,1941,14,10,575,149.36
2023-10-15,1267,41,6,713,33.32
2020-11-06,1594,8,5,431,75.45
2020-08-29,212,28,1,988,198.18
2023-02-15,1739,29,1,704,96.56
2019-06-18,1285,14,7,318,17.34
2021-09-14,518,26,10,605,209.91
2021-09-27,1215,34,1,156,155.48
2019-11-27,1017,22,1,489,282.8
2020-06-28,1719,24,6,92,246.38
2020-03-04,1974,49,9,226,331.5
2020-01-17,723,40,3,354,183.86
2022-06-20,690,1,9,128,263.7
2020-01-26,1085,11,5,884,198.64
2021-04-05,1623,41,5,636,16.17
2019-01-04,1719,15,4,564,171.9
2023-09-17,271,25,3,476,50.75
2019-11-16,1187,47,2,807,63.37
2021-06-27,1600,17,10,582,255.42
2023-12-18,673,18,10,163,44.2
2022-06-09,1071,29,6,870,161.35
2021-08-26,1619,24,1,256,36.64
2020-07-19,989,7,8,992,337.87
2020-11-21,1039,31,9,538,80.04
2022-10-26,116,3,6,431,167.32
2020-11-25,658,15,10,71,250.31
2021-11-28,1766,2,6,575,66.69
2019-10-08,1746,34,4,814,273.06
2023-12-31,1942,43,1,237,273.65
2020-11-16,1027,36,9,227,166.21
2022-05-11,1906,47,1,805,341.65
2019-05-31,1538,7,10,859,76.01
2023-11-24,457,45,7,249,156.26
2020-06-24,1397,48,10,576,139.64
2021-01-09,427,9,5,242,251.09
2021-07-09,429,32,9,222,262.34
2021-01-25,734,41,9,430,310.92
2022-07-28,876,42,3,422,344.52
2023-07-06,905,41,4,435,27.73
2021-06-27,1580,31,6,654,216.86
2021-06-21,1702,24,10,681,310.68
2021-02-26,1641,2,8,193,142.67
2019-05-15,364,11,9,965,62.5
2021-12-26,17,2,3,893,367.38
2022-01-25,827,8,9,979,37.33
2022-01-09,714,50,10,294,393.69
2020-09-02,1586,3,10,79,76.48
2020-09-06,1342,20,8,590,104.86
2019-07-08,1290,9,3,275,149.78
2020-07-07,24,11,1,78,6.15
2020-10-06,721,28,4,274,264.2
2021-03-29,618,26,8,135,58.16
2020-06-30,1212,24,9,194,224.71
2021-04-04,904,37,5,170,61.9
2019-09-09,1427,43,9,607,110.57
2023-03-05,463,13,5,485,57.67
2020-03-17,651,20,2,486,256.24
2019-07-19,1964,31,5,742,355.38
2021-12-08,1933,18,6,450,31.74
2021-11-10,1388,26,7,918,182.56
2021-07-20,494,50,5,412,264.4
2023-06-23,720,48,1,139,123.6
2020-06-15,990,50,6,189,183.29
2019-06-22,770,37,1,309,372.62
2021-01-11,873,2,10,456,246.36
2022-02-20,689,50,6,226,303.65
2022-06-21,1727,27,5,840,287.78
2020-03-05,1129,19,8,615,163.05
2021-11-03,1475,18,9,940,214.47
2021-07-03,17,3,1,240,340.1
2022-09-11,1570,41,4,568,131.3
2022-11-02,1488,26,8,733,92.39
2023-07-21,811,48,3,795,23.83
2020-11-21,931,50,2,87,20.96
2022-10-21,213,45,8,228,163.27
2020-04-22,430,25,10,848,173.28
2023-11-30,1139,39,6,424,253.22
2023-11-30,1850,1,3,453,186.82
2022-12-29,88,1,6,508,106.95
2023-09-14,351,30,7,721,124.04
2023-04-19,1870,2,3,315,309.15
2020-11-28,184,49,3,501,228.16
2019-08-23,1194,28,4,270,180.45
2019-01-03,656,27,7,341,240.61
2022-05-29,860,8,8,624,296.48
2019-01-21,1979,47,1,656,196.99
2023-06-09,678,25,4,986,54.08
2020-05-29,1434,19,5,958,180.77
2019-06-14,22,13,3,413,267.92
2019-01-17,408,31,8,906,336.66
2021-07-06,1086,4,9,981,345.62
2022-07-13,995,6,3,953,199.22
2021-03-22,1952,35,4,702,308.13
2020-07-16,1473,13,5,155,206.68
2020-10-09,414,8,8,195,108.3
2020-11-12,1677,23,2,861,317.52
2019-04-24,1899,35,4,402,97.01
2023-10-06,1969,42,3,681,216.89
2020-06-09,436,13,5,873,115.95
2020-10-18,268,47,6,705,86.76
2021-01-30,1956,22,3,631,83.5
2020-06-12,1976,40,5,249,248.42
2019-12-16,1789,42,5,518,132.41
2022-04-10,355,29,2,101,368.74
2022-07-16,1787,6,7,302,251.45
2020-06-01,1600,16,5,621,302.84
2020-12-23,1266,23,6,665,155.09
2020-06-21,1910,39,3,183,240.89
2022-11-01,1513,40,5,369,100.63
2023-10-07,1025,32,2,763,287.15
2022-06-22,1941,23,10,140,263.59
2020-10-31,1679,3,8,998,38.41
2023-07-18,1121,9,2,712,213.2
2022-06-07,60,6,7,693,281.18
2021-03-28,1522,4,10,936,365.65
2021-03-01,1146,20,5,813,317.31
2023-09-29,847,37,8,869,103.73
2021-05-29,1679,5,6,316,241.15
2020-06-06,141,42,10,733,49.72
2023-11-25,1714,14,10,75,332.7
2019-09-30,1823,3,5,197,147.51
2023-12-17,384,19,10,298,249.45
2023-04-15,401,27,3,823,81.89
2020-04-05,1477,30,10,791,352.13
2019-03-24,320,35,1,745,243.65
2022-08-03,897,2,3,734,122.08
2019-07-18,552,2,1,919,260.66
2022-06-14,1945,15,2,670,271.02
2019-03-09,967,8,1,292,59.31
2019-03-13,690,30,3,607,60.46
2023-03-28,90,38,10,967,308.49
2022-11-24,1960,49,4,782,88.31
2019-11-12,600,23,9,139,349.59
2020-10-10,620,31,8,706,297.41
2021-08-03,591,33,9,140,160.69
2021-02-15,225,4,7,790,393.95
2022-06-29,1389,39,10,663,160.27
2023-09-12,894,10,3,69,216.68
2019-06-23,795,1,4,918,9.11
2022-09-06,1007,26,7,79,44.53
2021-03-13,1291,39,10,515,103.42
2022-10-17,104,45,10,343,60.59
2023-04-09,1547,33,9,502,372.9
2021-11-16,50,28,6,878,253.32
2020-07-02,73,30,3,448,101.14
2020-02-15,1093,9,10,599,95.35
2019-11-16,1134,35,8,336,133.63
2019-06-11,474,42,1,153,376.67
2021-08-25,1144,34,9,283,222.89
2022-06-03,1271,46,5,671,46.9
2023-04-06,483,6,10,706,222.76
2021-07-19,890,19,2,320,195.96
2019-01-17,1398,30,3,831,34.4
2023-03-09,242,19,1,489,193.83
2020-08-21,1551,11,7,365,336.13
2021-08-25,221,18,7,806,11.17
2022-09-21,726,17,8,581,203.85
2020-03-03,1830,10,3,423,120.11
2019-01-12,1398,16,1,351,95.0
2022-05-30,1989,7,6,858,198.97
2023-04-09,1127,32,4,498,118.77
2021-06-01,283,40,10,62,202.72
2022-10-17,461,9,9,93,113.28
2021-02-18,1161,19,1,498,87.87
2019-01-22,180,25,1,769,243.84
2019-07-28,1626,34,4,959,204.63
2023-01-15,1185,41,2,813,224.95
2020-04-25,529,1,7,443,316.87
2020-08-23,672,48,8,391,313.79
2020-07-21,1565,3,3,876,367.49
2020-02-03,1050,32,1,633,22.36
2019-12-27,204,16,8,854,229.99
2022-09-24,1780,22,3,799,62.91
2021-04-27,1951,5,6,910,377.6
2020-10-31,1402,7,4,617,97.99
2019-11-25,1140,34,5,133,20.97
2023-10-16,662,41,10,56,100.24
2020-02-21,474,15,1,609,246.28
2020-04-27,609,46,8,102,243.32
2019-02-17,1552,35,5,703,161.54
2020-03-31,456,32,6,483,240.59
2019-04-18,336,48,8,210,383.74
2021-06-07,1054,46,10,979,247.43
2021-07-23,251,25,5,750,120.57
2021-10-12,779,40,6,485,307.9
2020-09-05,1968,21,6,146,81.62
2020-02-29,235,41,7,387,365.11
2021-03-24,878,15,1,353,286.7
2023-04-01,144,30,5,323,398.36
2021-08-10,471,14,6,573,204.58
2022-08-23,573,30,3,150,282.11
2021-01-11,514,23,9,895,142.14
2019-05-15,1102,4,9,167,63.17
2020-11-17,1295,27,7,577,280.85
2020-01-12,1048,24,4,994,278.2
2022-12-15,36,30,5,714,38.76
2023-10-19,66,14,5,790,78.18
2022-04-13,1071,8,7,754,392.69
2020-12-13,1762,4,4,256,298.78
2021-07-12,926,30,8,412,192.71
2020-12-16,1264,32,3,609,381.3
2020-01-17,357,41,2,650,235.96
2021-12-06,624,12,9,973,43.28
2020-12-20,1930,14,1,172,242.65
2021-05-01,166,5,5,497,385.28
2023-04-29,1926,27,5,201,142.1
2023-02-08,1328,49,7,76,289.81
2022-03-01,1749,36,3,715,99.88
2022-10-19,435,11,6,588,109.15
2020-09-27,1554,9,6,681,158.54
2023-10-12,342,46,6,262,84.57
2019-05-25,795,17,10,329,280.74
2022-10-09,568,7,7,370,223.12
2019-01-10,357,27,5,985,141.42
2020-02-18,393,40,6,475,68.06
2021-09-18,879,8,7,255,293.31
2020-08-27,1338,27,6,931,215.06
2021-08-30,1940,26,3,501,199.38
2019-06-28,1152,37,6,885,294.75
2020-12-13,1435,3,2,449,392.11
2019-04-26,765,22,2,808,312.31
2023-05-25,928,18,6,414,320.16
2023-08-11,12,9,6,901,227.44
2019-10-06,1363,50,2,785,236.31
2019-11-11,1890,29,2,983,189.76
2019-03-09,1659,33,1,988,178.25
2019-05-19,677,45,7,402,185.8
2021-01-06,1933,7,5,671,88.19
2022-09-25,863,33,8,130,338.15
2023-10-18,1930,5,4,909,19.45
2020-09-15,142,37,3,76,206.15
2022-05-02,924,10,6,578,39.59
2023-02-20,1807,48,2,378,6.61
2021-11-09,464,8,4,526,287.28
2021-03-11,983,1,4,563,71.73
2023-11-29,487,40,6,524,251.24
2022-04-05,897,17,8,848,149.12
2023-01-30,159,14,3,667,97.73
2019-01-13,1861,30,5,943,123.83
2021-02-19,132,21,3,113,347.93
2020-05-26,1250,37,2,670,219.46
2019-09-18,48,21,10,971,358.16
2020-11-04,1052,48,4,508,177.44
2022-04-04,1906,9,2,507,82.54
2019-08-28,1776,20,3,408,242.65
2022-08-24,573,12,10,572,111.04
2022-09-01,1861,30,7,844,281.3
2022-01-20,195,2,8,644,259.82
2022-05-09,1362,4,9,257,361.52
2022-11-11,532,32,8,202,342.27
2019-05-31,755,3,8,653,61.08
2023-03-10,1237,31,2,278,106.52
2020-07-14,1121,29,3,902,173.82
2021-08-28,1311,48,9,728,298.29
2019-11-07,1547,14,4,400,6.59
2019-04-02,1988,24,9,61,204.0
2023-02-27,208,32,3,452,244.27
2019-03-20,641,13,6,556,224.59
2022-10-09,855,18,7,255,343.68
2019-03-26,48,22,3,480,7.03
2019-07-05,25,11,10,847,120.2
2020-02-28,301,31,5,274,245.79
2022-09-14,1027,48,3,338,360.27
2022-03-15,1261,46,7,330,154.75
2022-05-15,4,24,9,270,200.84
2022-08-28,882,5,6,392,127.62
2021-05-21,202,8,8,599,32.21
2022-06-11,1155,13,10,551,141.37
2022-04-01,1655,44,2,760,97.87
2022-10-19,1955,14,7,99,105.31
2022-11-18,1714,10,5,575,108.51
2023-11-12,1280,23,4,336,42.29
2019-09-20,1088,13,4,812,378.55
2021-05-04,41,3,4,878,127.48
2020-07-21,1013,10,6,436,242.37
2021-09-19,133,39,6,920,236.17
2019-11-29,1135,26,10,515,148.11
2020-09-25,990,34,8,705,273.6
2022-07-25,1731,28,9,320,203.71
2022-11-07,1694,46,4,563,325.69
2020-09-21,1283,42,6,988,148.7
2019-10-06,364,21,7,204,136.48
2022-08-16,525,45,9,906,210.14
2019-08-07,1730,11,4,459,125.51
2023-07-21,679,20,6,750,6.71
2022-06-14,305,24,10,229,332.56
2021-11-10,640,46,10,822,299.66
2020-01-16,925,22,8,917,27.81
2019-03-24,583,9,8,600,105.26
2020-07-20,420,36,8,220,58.96
2023-02-11,1638,45,10,981,310.63
2022-06-29,1507,50,10,338,240.63
2019-02-19,1088,28,5,191,63.78
2021-11-07,1559,22,10,161,367.6
2022-06-26,1287,31,10,655,109.2
2020-09-05,1219,37,7,182,359.25
2020-05-17,1211,20,7,339,206.29
2022-07-30,172,49,9,501,149.14
2020-09-20,458,21,5,285,110.93
2023-08-26,146,35,2,844,366.41
2020-11-03,1257,9,3,833,91.15
2023-01-31,1250,37,6,241,200.17
2021-11-14,798,37,6,538,255.12
2020-03-14,1865,10,10,189,31.74
2023-06-08,992,25,10,817,129.08
2022-11-08,312,10,4,108,5.9
2023-10-07,522,1,6,77,317.76
2021-05-04,1332,12,9,349,141.01
2020-04-20,1779,42,8,829,85.05
2023-05-15,1693,34,1,701,183.9
2021-02-26,78,21,7,526,77.8
2020-05-25,582,31,9,277,378.91
2019-05-29,1861,32,2,990,398.31
2021-03-16,1916,15,10,658,247.69
2019-11-08,119,20,2,285,327.65
2019-07-14,1813,34,7,85,237.15
2019-12-08,1540,7,1,310,262.48
2022-03-31,646,40,10,308,315.92
2023-12-07,1746,28,10,948,177.97
2019-11-02,1736,3,5,521,30.91
2023-08-08,44,10,4,971,12.05
2022-01-11,963,22,1,977,288.96
2023-09-20,65,45,2,773,22.68
2021-12-28,677,20,8,739,276.01
2023-09-29,1534,18,3,523,149.94
2023-08-25,727,32,8,980,117.47
2021-07-17,411,4,6,231,167.05
2021-02-21,1636,33,5,944,75.59
2021-01-20,1965,2,5,295,393.82
2023-05-13,429,16,3,944,399.84
2020-01-21,1492,8,6,943,7.49
2021-04-03,972,37,6,676,284.44
2020-11-06,1059,7,8,766,91.82
2022-09-27,1029,17,4,630,126.53
2021-06-20,1789,26,3,517,387.54
2021-01-15,897,43,10,366,284.14
2022-10-13,465,14,6,389,126.03
2023-04-14,928,8,9,568,98.1
2020-05-21,895,19,3,344,276.5
2022-01-08,1668,28,8,568,150.31
2020-01-19,1602,13,3,888,90.43
2022-06-26,1330,37,5,768,12.97
2022-01-27,729,3,4,569,187.16
2019-03-04,83,9,6,902,118.69
2021-11-30,467,40,7,311,245.89
2023-09-02,430,48,3,805,76.41
2020-08-04,1622,42,8,58,306.85
2021-04-10,1228,14,4,315,205.24
2022-10-09,377,11,7,273,134.83
2021-05-24,376,36,8,782,183.07
2023-02-21,1219,14,2,625,103.62
2021-12-21,1907,22,9,721,299.66
2019-10-17,1928,26,9,250,292.98
2020-10-26,631,40,10,623,90.69
2019-04-02,989,32,2,738,64.56
2022-12-16,1945,48,8,601,23.29
2019-06-23,211,43,4,961,144.53
2021-09-28,878,36,10,399,195.39
2020-10-14,1099,27,6,234,147.24
2020-02-27,794,12,10,850,247.45
2023-09-18,1987,36,9,788,399.36
2023-06-23,1007,21,9,633,55.78
2023-05-22,1646,3,6,56,83.46
2023-09-14,951,31,8,443,168.42
2023-02-16,392,44,6,965,192.01
2020-09-27,1301,43,6,541,265.82
2019-11-05,1267,19,4,631,366.62
2020-03-10,1857,18,9,455,111.92
2023-04-14,1247,49,3,828,299.99
2022-09-27,1086,14,1,327,218.28
2022-09-12,1258,36,8,866,266.02
2021-12-21,597,27,2,57,298.0
2020-10-06,1958,37,6,78,9.45
2022-08-23,1846,42,7,113,16.16
2019-11-13,1051,4,4,984,156.34
2020-05-05,893,1,4,131,127.7
2019-02-07,1657,46,4,939,161.93
2020-10-11,353,20,8,877,385.25
2023-03-15,1135,4,4,426,46.15
2020-03-24,1798,1,3,212,155.32
2019-09-21,67,25,6,266,343.55
2021-05-03,1936,19,7,214,269.32
2020-01-06,1475,43,4,790,135.36
2022-02-19,1087,23,8,740,328.66
2023-07-22,1293,33,3,574,220.43
2022-09-27,933,17,1,557,337.27
2019-07-05,771,33,6,341,190.53
2021-04-26,1681,11,2,108,200.98
2023-02-19,1527,38,4,573,213.31
2019-10-13,332,39,1,629,104.82
2021-11-07,1972,44,3,253,294.99
2019-03-11,1018,7,6,219,37.04
2021-06-04,553,21,5,680,351.79
2019-05-20,1265,30,3,924,207.68
2019-04-27,1761,25,1,68,293.58
2019-12-25,471,8,1,453,230.29
2021-05-27,671,30,1,358,321.23
2020-07-31,750,8,2,207,266.4
2019-11-22,446,20,7,911,181.94
2022-05-22,690,35,4,745,158.6
2023-09-04,1803,3,8,569,319.42
2021-06-18,1598,17,1,420,56.44
2019-07-01,1533,25,3,894,388.43
2022-03-12,1656,45,6,709,348.77
2021-11-26,18,47,3,858,198.13
2022-10-25,651,4,7,408,258.59
2023-08-24,1245,32,2,190,330.32
2019-10-13,991,12,1,818,342.55
2022-04-25,1368,4,2,510,285.66
2019-08-21,91,42,8,403,257.61
2020-06-13,1683,45,9,535,392.89
2021-03-18,852,45,4,411,138.75
2022-11-22,529,15,7,125,237.53
2021-05-24,496,27,2,193,22.13
2023-03-03,652,6,8,154,187.23
2023-03-14,194,33,1,185,188.61
2020-03-02,1320,7,6,795,252.03
2019-07-31,437,3,7,932,236.96
2021-01-09,1260,46,10,107,33.3
2019-09-03,556,35,10,757,336.01
2019-08-28,1183,19,2,371,213.8
2022-02-10,39,5,4,312,34.81
2023-02-01,1454,14,1,527,331.1
2023-08-28,35,5,2,174,242.07
2019-01-28,748,43,6,505,338.7
2023-04-02,1087,7,4,382,359.2
2023-10-29,962,40,7,736,337.68
2019-10-01,729,45,2,218,396.34
2021-07-10,1924,37,8,818,202.98
2019-10-23,741,32,8,994,12.42
2023-07-20,1205,42,1,490,397.48
2019-03-08,699,5,7,921,303.67
2023-01-09,999,10,6,471,140.92
2022-12-23,356,44,6,948,22.35
2023-03-15,1090,10,9,714,236.73
2022-07-18,1208,18,9,814,276.48
2020-09-24,1007,20,5,878,262.58
2019-11-21,1749,11,4,899,68.61
2023-02-06,370,39,3,376,7.72
2020-04-24,1828,43,7,555,36.09
2019-11-01,993,9,3,384,222.49
2020-07-05,1360,27,5,398,365.96
2023-05-13,487,14,1,335,129.91
2019-06-23,60,11,5,924,67.47
2019-08-04,1424,38,8,669,191.64
2019-10-28,1549,13,7,706,59.86
2023-11-20,1016,10,4,259,148.53
2023-03-14,1869,15,6,406,35.0
2023-02-01,627,8,8,426,251.05
2022-04-09,56,24,4,288,106.88
2019-03-14,1260,33,8,986,20.03
2020-06-21,1908,34,2,377,304.34
2021-05-04,744,15,6,695,48.77
2022-12-04,701,47,1,477,326.63
2019-04-03,135,43,9,328,259.06
2021-03-22,1307,38,10,736,329.64
2020-09-26,700,40,7,536,305.47
2020-04-04,857,41,1,218,226.83
2021-05-02,1470,11,2,969,148.97
2022-04-29,1523,8,6,131,78.89
2021-02-10,1321,18,5,712,212.03
2022-10-12,250,6,1,978,158.95
2019-05-14,596,14,2,759,201.43
2019-01-19,1111,22,4,812,326.18
2022-04-14,788,48,5,720,55.7
2023-10-31,785,1,6,688,164.42
2020-05-31,1478,41,3,193,334.03
2022-08-27,816,16,8,288,275.26
2020-06-24,392,18,2,301,109.78
2022-03-16,1307,22,4,996,61.47
2023-07-10,1066,40,3,674,8.17
2020-03-31,508,43,2,466,307.93
2023-07-29,650,33,4,976,379.24
2023-03-29,1705,48,4,273,381.46
2023-01-05,1189,18,5,542,20.46
2021-09-16,1923,24,5,656,385.98
2022-07-03,1467,48,7,235,295.22
2022-08-14,979,40,10,271,124.02
2022-11-27,658,47,1,280,330.28
2021-02-11,872,31,7,403,309.29
2021-10-25,324,33,4,979,218.97
2020-06-08,1163,6,3,751,73.39
2020-05-19,287,17,6,966,357.14
2022-12-18,321,34,9,826,215.12
2020-11-28,788,47,5,391,72.48
2021-12-11,953,37,5,586,186.66
2019-07-10,1484,42,5,128,258.61
2020-02-26,790,20,3,623,156.59
2023-01-08,762,4,4,166,328.71
2023-03-28,597,24,8,467,308.53
2020-01-16,627,11,3,749,373.74
2019-11-02,1057,43,1,958,20.77
2019-01-01,519,22,3,983,331.05
2019-08-13,505,49,7,850,188.76
2022-09-05,930,47,8,88,164.6
2023-02-01,178,27,9,138,194.63
2019-01-04,1270,36,7,355,392.61
2019-05-09,173,29,1,800,348.55
2022-06-04,1137,11,10,253,91.75
2023-04-27,864,31,8,854,19.31
2021-10-20,943,2,3,751,21.15
2020-06-19,470,16,6,248,177.79
2020-05-14,616,18,3,546,250.8
2019-10-04,1724,12,9,868,317.11
2023-08-28,1821,39,9,276,89.5
2019-01-18,1537,13,9,287,287.65
2023-09-04,188,30,5,635,114.13
2019-01-03,1640,18,3,271,34.04
2019-06-06,1077,5,5,294,85.09
2020-01-21,222,30,8,852,56.92
2020-03-08,1875,37,7,282,254.06
2021-05-05,140,3,1,359,202.73
2020-03-29,1449,1,6,460,88.93
2023-06-14,701,35,9,591,84.67
2021-09-20,475,8,2,540,99.93
2019-06-18,1122,8,3,476,267.6
2020-07-21,1558,36,10,594,375.66
2020-03-05,1714,11,2,457,116.74
2019-05-31,934,10,7,951,77.35
2022-08-20,133,17,5,438,376.95
2019-10-22,864,36,5,184,130.24
2019-02-12,1115,41,2,446,166.33
2023-11-05,581,30,3,674,164.46
2020-04-26,1830,13,10,297,351.07
2022-01-30,295,10,3,803,178.91
2021-03-20,859,45,3,139,276.39
2023-01-31,1614,40,2,269,69.37
2023-10-23,1259,3,2,858,63.39
2020-11-02,104,32,1,354,172.8
2022-03-17,768,18,4,511,47.6
2021-08-15,538,36,9,802,308.52
2023-07-30,220,36,5,213,223.65
2020-08-22,1669,19,6,998,236.65
2020-10-08,23,32,7,957,142.94
2021-12-21,1187,36,9,409,208.61
2021-08-16,441,4,3,772,88.13
2020-02-14,730,5,4,971,226.11
2023-04-03,345,49,6,812,291.91
2019-08-18,483,45,4,290,68.11
2020-05-09,191,46,4,788,204.27
2020-11-27,931,32,9,138,51.75
2019-06-18,1948,7,10,467,176.9
2022-04-21,1882,8,3,534,132.57
2023-01-23,1790,3,9,204,326.89
2021-12-09,1058,32,9,951,90.16
2020-06-19,1759,36,9,932,42.85
2019-01-08,858,34,1,991,177.11
2021-06-23,1101,38,8,591,254.33
2019-01-09,1234,33,2,380,215.25
2019-10-02,1820,24,8,155,44.81
2021-12-13,1151,20,4,614,55.81
2019-04-25,448,11,4,144,295.97
2023-05-17,725,39,8,141,298.2
2023-07-22,481,2,8,201,395.75
2022-03-13,1631,47,9,311,163.09
2022-01-26,1807,1,4,458,27.72
2019-07-12,447,46,3,552,362.7
2022-11-04,688,7,8,195,174.15
2022-02-22,1365,14,7,451,189.93
2023-02-27,1921,3,8,414,248.99
2019-12-06,1155,16,7,633,144.04
2020-11-20,921,49,1,486,214.84
2020-01-16,1447,31,8,430,238.49
2022-03-25,1402,16,2,941,14.81
2020-06-23,393,2,9,787,199.81
2019-08-01,1178,21,7,877,243.23
2019-08-18,1656,34,9,701,66.15
2022-05-11,400,48,4,718,83.67
2019-09-25,352,10,3,608,342.48
2023-12-23,703,9,1,99,46.86
2021-01-11,1565,14,4,414,30.82
2023-09-20,1601,16,4,326,386.84
2022-03-06,1023,29,2,629,142.69
2023-07-04,1131,19,3,363,53.33
2021-04-15,922,22,8,253,258.45
2022-03-01,159,50,2,893,18.31
2021-08-01,721,24,9,245,310.4
2022-05-15,1597,17,5,68,92.96
2021-07-30,1538,50,6,728,161.49
2020-11-06,1881,38,5,385,156.67
2022-05-10,1626,9,6,143,348.49
2023-11-02,743,50,6,612,350.07
2021-04-21,12,30,4,262,230.21
2021-12-01,1640,27,5,907,370.24
2023-12-13,1628,37,6,733,240.82
2020-06-09,1101,46,7,922,21.32
2021-06-02,1155,11,5,903,178.33
2022-04-13,288,6,3,423,64.05
2022-11-12,1664,22,3,458,61.08
2019-06-13,1550,26,3,935,334.4
2022-12-17,940,15,3,784,24.56
2023-09-24,1487,40,1,727,320.54
2021-04-07,1148,15,7,496,317.79
2019-06-19,629,44,10,935,341.22
2020-07-07,680,49,4,745,10.11
2021-10-11,115,10,4,90,32.22
2019-09-21,412,6,3,105,131.0
2023-10-17,1164,49,4,793,13.52
2022-06-07,57,38,8,101,366.36
2022-02-21,1805,26,6,575,345.89
2023-03-15,802,17,8,358,123.7
2020-09-17,365,5,2,67,102.31
2020-02-29,174,43,3,643,29.3
2023-01-27,1214,2,7,947,166.68
2023-04-12,1293,26,1,773,321.98
2020-07-10,1292,17,1,364,361.14
2023-12-19,1508,41,9,567,203.58
2022-05-27,1973,15,6,752,257.75
2021-07-08,1941,26,10,114,94.26
2022-03-08,1077,41,7,229,63.52
2021-04-27,1918,24,7,183,15.75
2019-08-28,1055,39,5,260,111.21
2020-03-12,1847,27,1,631,128.25
2021-11-17,879,38,5,763,281.21
2020-06-06,1475,13,6,744,336.28
2022-04-18,1140,8,1,63,237.21
2019-12-06,1146,12,7,789,196.34
2020-06-28,1488,29,5,779,99.14
2023-12-04,1346,19,10,738,141.76
2019-09-23,1786,40,10,170,277.4
2021-06-11,1026,5,1,216,294.67
2023-02-19,122,36,6,950,308.1
2023-09-05,47,22,3,178,75.5
2019-06-25,560,33,6,546,354.95
2021-01-15,1506,33,4,111,93.57
2021-10-09,1371,9,2,745,76.03
2020-10-04,1273,30,7,962,109.49
2020-10-06,666,10,4,176,287.61
2019-08-18,1803,25,1,192,13.63
2023-03-17,1451,21,8,306,391.15
2019-06-13,534,23,1,335,316.67
2021-02-18,451,34,10,287,389.69
2021-03-09,714,19,10,792,317.09
2022-04-07,364,10,1,108,96.5
2023-02-06,417,6,4,359,64.3
2019-08-14,1345,46,4,602,87.16
2021-05-26,1377,21,9,947,49.33
2021-03-17,383,31,3,648,301.77
2022-02-06,1231,27,4,265,52.26
2019-07-27,562,22,4,388,60.84
2023-02-04,1546,17,1,772,184.5
2021-09-29,30,5,9,187,188.25
2023-02-16,1741,19,1,534,370.12
2023-03-07,944,21,3,998,200.36
2021-06-19,1254,1,4,543,173.61
2019-11-17,1211,15,7,695,97.85
2022-10-17,1626,11,10,874,103.46
2023-10-04,25,23,9,307,63.3
2020-10-09,1505,46,6,851,157.34
2020-10-21,1386,39,8,234,274.25
2021-03-13,15,27,8,368,286.42
2023-03-08,1754,17,1,140,264.53
2019-04-04,1460,20,8,268,261.46
2022-08-22,1086,35,6,941,244.61
2023-04-30,1205,47,4,452,281.81
2023-04-30,986,16,3,514,136.09
2020-03-06,1270,13,10,467,257.94
2023-08-19,698,12,5,478,166.58
2022-07-30,1773,13,6,593,184.43
2020-03-13,621,19,9,276,250.11
2023-04-22,1425,39,1,763,367.79
2021-03-13,94,47,4,806,157.8
2019-05-27,1011,42,10,705,323.75
2020-03-12,1808,48,9,758,72.29
2019-12-28,746,43,5,614,276.98
2022-08-13,1922,31,10,230,398.91
2023-11-18,1228,43,2,508,263.19
2019-04-12,1252,29,7,71,180.13
2022-03-01,653,5,7,480,146.24
2023-01-14,1373,27,3,795,119.95
2023-10-04,709,41,7,389,334.82
2020-01-10,1592,10,4,693,186.51
2022-01-03,797,42,9,468,108.42
2019-02-14,492,30,7,742,319.96
2020-02-16,343,23,9,821,119.51
2020-05-02,486,39,6,317,33.98
2019-11-20,1977,42,8,524,182.93
2021-08-03,1835,31,8,237,351.25
2019-06-16,408,26,4,412,20.43
2022-11-11,1815,10,6,739,71.23
2023-04-19,617,46,9,153,203.94
2021-05-28,972,3,6,134,253.26
2022-05-21,1169,8,5,977,77.99
2020-06-20,736,1,10,455,260.2
2021-03-23,1303,8,1,575,34.85
2019-03-08,1862,33,3,422,355.89
2022-05-17,1906,23,10,835,335.28
2023-03-14,1575,6,9,947,86.82
2020-08-21,1794,17,9,147,242.6
2022-03-14,434,33,6,184,309.74
2020-08-19,1737,15,8,563,61.81
2020-04-07,1603,32,8,52,25.12
2022-02-12,617,6,3,512,95.36
2021-01-30,214,17,7,726,376.23
2021-02-24,1787,28,3,511,204.07
2022-08-26,100,39,7,337,225.02
2023-08-14,687,3,5,334,291.31
2023-12-14,1518,33,9,284,82.08
2019-03-18,651,26,7,900,202.05
2020-01-19,1319,21,7,434,181.64
2021-03-28,1070,24,10,354,175.06
2020-07-24,1855,30,9,890,382.61
2021-11-04,39,44,2,236,363.09
2019-06-30,652,47,2,576,336.01
2021-08-10,1668,27,8,497,99.79
2021-04-23,243,4,3,154,375.28
2023-08-16,564,44,3,879,241.3
2020-01-01,1414,18,5,247,68.4
2021-08-27,1279,35,9,340,66.7
2023-01-02,1719,27,10,363,88.28
2022-09-02,612,7,1,625,104.56
2023-09-15,591,24,5,73,374.43
2021-06-06,143,14,9,54,288.65
2019-11-29,936,45,3,795,376.21
2022-09-07,948,43,6,747,168.16
2023-09-09,890,41,7,306,147.7
2022-02-07,1526,28,6,414,336.35
2020-06-13,1749,24,3,986,187.52
2019-12-20,1502,45,9,238,29.76
2019-11-04,529,7,7,494,52.44
2019-06-11,76,39,5,820,274.34
2023-07-22,1991,32,5,836,344.48
2020-02-09,1011,43,8,462,147.69
2020-11-13,425,10,7,612,164.11
2020-04-01,1226,47,6,734,86.3
2021-02-25,80,13,7,244,396.3
2022-03-07,6,22,4,93,51.59
2019-02-03,341,39,9,830,251.63
2022-05-14,1814,43,2,715,224.41
2020-07-17,1895,34,2,139,31.68
2023-01-11,1069,38,9,749,276.42
2019-09-21,909,39,6,287,276.22
2021-01-10,1024,37,10,573,356.2
2020-02-21,363,24,5,183,375.55
2022-01-26,1349,36,2,287,384.89
2019-05-24,260,39,6,529,121.49
2023-10-07,596,14,6,168,49.64
2022-10-14,195,3,10,74,35.8
2020-06-22,1560,2,5,884,118.56
2022-12-17,1494,46,6,522,200.42
2021-01-06,951,31,2,56,229.58
2023-03-20,947,46,3,851,105.4
2022-01-29,1097,9,7,96,327.29
2021-09-11,1119,8,1,958,109.68
2020-08-09,1423,36,10,708,264.18
2021-06-25,1194,14,9,941,165.95
2020-02-10,455,40,3,897,237.6
2020-08-12,975,42,2,671,9.71
2022-04-05,464,15,3,405,7.47
2020-01-21,998,7,2,158,203.89
2019-12-20,1168,32,9,301,201.78
2019-01-11,1860,1,5,347,77.67
2021-04-03,1569,36,4,896,353.8
2019-08-25,793,4,10,453,162.07
2023-01-16,132,40,3,417,92.54
2022-08-23,1039,8,9,977,121.89
2020-12-31,1292,47,9,533,39.3
2019-07-29,1901,19,3,581,347.64
2021-09-18,1641,20,5,954,183.35
2021-04-14,36,13,8,134,155.6
2021-08-09,680,39,9,848,192.32
2019-04-24,970,14,7,307,125.03
2020-04-15,130,4,7,436,220.17
2021-06-14,1352,40,10,231,80.23
2020-03-31,1476,48,3,243,119.24
2021-03-24,1496,4,5,138,15.25
2022-02-19,1220,26,5,153,53.5
2020-08-08,1264,28,8,952,40.88
2023-05-26,501,45,2,773,383.07
2023-08-29,396,17,7,426,321.63
2021-11-13,1264,48,2,958,374.93
2021-01-29,1108,41,10,706,352.94
2022-05-24,675,36,5,415,339.29
2023-06-17,675,9,4,337,320.36
2021-07-08,1417,40,6,114,218.86
2020-07-04,1739,19,6,606,300.9
2022-02-28,952,17,2,245,276.58
2019-04-12,1054,8,9,618,246.4
2019-08-27,37,32,1,285,345.54
2023-12-23,1106,10,5,760,391.55
2023-01-15,676,1,3,672,375.57
2022-09-17,822,32,7,89,91.29
2021-12-28,1152,46,3,547,164.25
2019-09-06,316,41,9,549,48.82
2021-11-07,1389,12,3,215,62.18
2023-07-25,462,26,1,190,198.35
2020-04-30,214,24,7,89,218.11
2023-03-15,1734,32,3,779,205.47
2021-07-01,1635,20,3,441,358.33
2021-05-06,580,27,4,332,333.98
2021-09-09,1894,4,3,704,263.76
2022-10-27,63,37,3,505,104.04
2020-08-07,751,30,7,430,305.89
2023-06-29,510,14,7,749,66.16
2022-04-20,497,10,7,289,136.49
2020-08-20,905,46,7,309,229.48
2023-09-16,1280,8,6,705,222.53
2023-06-27,1406,10,2,167,84.53
2020-06-24,1500,50,1,272,332.49
2022-02-20,1792,33,8,533,21.02
2021-10-06,1997,33,6,176,55.03
2023-05-18,1011,24,7,787,237.62
2023-08-03,167,6,3,425,183.3
2022-04-12,571,8,4,379,16.26
2023-10-24,138,41,3,552,398.95
2022-05-18,1694,21,7,748,398.26
2023-08-07,249,39,6,978,150.17
2020-05-01,459,49,8,486,10.1
2022-08-02,82,26,8,701,251.79
2022-04-11,1964,8,8,432,52.55
2021-07-05,318,16,7,430,383.75
2023-06-10,1245,8,1,947,175.11
2022-02-09,10,2,9,253,320.06
2022-03-22,1094,2,10,298,192.82
2023-06-18,1484,12,9,711,69.99
2023-01-17,632,38,5,374,198.63
2020-01-12,20,49,7,498,348.23
2022-08-17,817,24,2,237,232.86
2020-07-22,1354,8,8,697,322.31
2019-10-12,1744,25,7,943,337.83
2019-05-15,46,40,6,367,59.49
2019-10-12,1454,42,3,342,285.21
2021-05-28,1985,40,7,103,62.79
2022-08-31,1826,4,9,761,198.7
2023-07-09,752,49,2,936,215.57
2021-02-15,634,36,2,427,198.41
2023-10-11,1841,22,3,342,124.85
2019-01-21,400,50,4,109,372.92
2021-02-27,1643,31,2,823,174.69
2020-01-14,1777,42,3,930,293.38
2022-08-18,549,46,2,696,173.5
2019-05-25,977,46,6,661,190.76
2021-07-03,1105,30,8,107,124.92
2019-12-11,842,18,3,824,113.83
2019-12-19,1657,31,9,253,76.97
2023-04-14,1358,33,7,929,26.73
2023-03-09,1448,41,5,875,296.59
2020-04-17,1275,21,9,379,106.33
2020-11-23,1329,48,2,125,397.04
2021-08-01,1575,21,2,900,360.81
2021-05-11,304,12,5,899,284.76
2021-10-27,1792,3,9,705,321.46
2021-02-04,885,10,10,846,337.57
2022-08-06,1879,8,5,713,169.16
2022-04-07,496,17,2,928,200.79
2019-09-06,547,47,9,917,52.91
2019-05-17,1862,43,4,118,96.17
2020-07-14,540,30,9,648,131.52
2019-04-07,936,39,10,747,24.13
2019-08-17,377,3,5,445,252.78
2020-11-20,1298,14,4,320,269.46
2020-05-31,1062,16,4,405,59.88
2019-06-14,755,18,2,91,37.01
2021-01-03,180,5,5,338,334.15
2019-12-01,600,12,2,973,341.14
2023-06-23,445,38,10,641,198.07
2023-06-20,1613,15,2,64,387.17
2023-08-24,1347,34,8,445,173.09
2019-09-28,1839,12,6,566,28.68
2023-12-19,292,36,8,715,185.7
2023-05-20,653,15,9,743,298.29
2019-11-04,1587,38,1,432,329.07
2023-05-04,1679,40,1,659,321.92
2019-02-03,160,3,3,108,20.94
2021-07-21,563,43,1,293,393.4
2023-10-04,1746,30,5,353,25.22
2020-12-08,10,37,1,838,39.52
2021-02-23,969,13,10,160,50.92
2019-02-21,643,43,1,796,375.96
2020-05-10,157,4,4,634,197.09
2019-07-14,1679,48,2,397,315.17
2020-09-26,503,22,6,772,60.23
2020-09-11,265,43,1,269,146.81
2021-04-07,1823,2,3,187,239.02
2020-07-22,608,9,8,493,319.7
2021-06-15,325,49,2,368,381.92
2019-07-31,1877,36,1,971,384.33
2022-05-16,1155,37,9,448,237.22
2020-07-18,1905,32,1,937,371.19
2023-10-14,1136,38,3,615,8.6
2023-07-09,484,23,6,556,366.67
2021-10-15,347,18,4,941,103.33
2019-07-16,1355,38,9,811,95.66
2021-07-30,1352,3,10,64,384.46
2022-08-29,1333,39,7,825,370.8
2019-11-06,591,28,6,985,270.29
2022-10-14,1037,18,9,803,274.07
2023-11-06,1032,29,5,535,15.16
2021-10-31,611,11,4,996,380.52
2023-03-08,1646,31,1,185,191.07
2021-03-02,680,50,2,958,14.86
2019-11-26,1220,42,2,361,113.9
2022-01-29,1783,19,3,675,166.72
2020-12-20,1022,13,3,267,26.49
2020-01-14,1929,29,4,194,101.42
2023-10-08,1600,43,8,497,157.8
2019-08-31,290,31,5,60,141.1
2020-06-04,833,33,2,879,191.67
2019-08-11,1562,48,5,92,272.62
2021-05-05,1120,26,5,683,318.92
2022-01-29,418,3,10,134,222.01
2021-10-30,1308,27,2,520,75.96
2020-06-18,719,17,6,322,242.0
2022-09-03,1879,34,2,341,290.49
2020-08-01,655,10,10,457,198.63
2021-05-27,1937,26,2,494,387.38
2020-06-21,1367,37,9,670,292.23
2019-04-24,779,32,2,845,258.53
2019-08-19,1124,6,6,719,11.78
2021-03-31,817,26,4,122,87.42
2019-09-12,110,41,2,422,274.41
2023-01-16,1045,17,2,721,270.43
2022-04-21,799,23,10,198,47.51
2022-08-12,383,40,9,991,373.53
2022-01-13,852,45,6,492,144.54
2023-09-14,1920,32,5,717,244.38
2023-06-27,284,32,2,232,311.76
2020-07-09,1750,43,9,365,336.71
2021-08-27,21,38,8,66,54.36
2023-05-26,637,29,4,108,122.68
2020-10-16,1639,4,9,943,237.0
2022-09-17,1318,11,10,381,83.13
2023-06-13,823,24,9,265,368.26
2021-04-18,658,25,10,593,121.83
2020-12-07,1432,9,8,360,114.75
2020-06-13,1088,31,10,555,116.76
2022-08-01,1706,30,2,835,94.16
2023-11-21,1574,17,4,572,327.92
2020-11-09,482,10,3,460,88.86
2021-12-13,1144,19,7,66,31.9
2019-02-26,1145,38,10,604,179.97
2021-11-02,976,33,5,953,300.39
2019-07-24,679,28,3,658,343.75
2021-08-22,1264,8,4,930,388.4
2023-11-25,986,22,6,199,170.19
2022-06-20,967,4,2,248,164.75
2020-10-07,1922,29,1,652,366.86
2019-10-08,1600,19,3,156,354.73
2023-06-02,1028,39,10,714,163.28
2022-05-28,1736,41,10,264,314.91
2020-04-11,693,20,7,315,375.41
2022-11-22,937,41,7,665,319.81
2021-01-25,1351,32,7,537,388.98
2022-06-15,1093,35,4,579,301.76
2021-02-21,1608,44,6,931,188.77
2020-07-29,78,1,1,265,244.48
2021-10-12,184,9,3,145,253.15
2021-07-05,642,32,2,62,203.98
2019-04-26,367,16,5,408,28.8
2021-11-04,1175,20,2,821,299.57
2022-10-01,118,17,3,434,85.48
2023-06-05,387,3,2,709,236.52
2023-12-15,626,50,8,51,57.4
2022-12-31,378,6,5,488,51.03
2023-09-19,1535,27,10,399,346.08
2023-02-09,1682,21,1,163,125.55
2023-04-14,1362,35,10,352,301.48
2021-09-20,1368,2,10,276,367.2
2019-04-24,1485,1,10,904,65.95
2020-03-13,47,39,1,669,7.28
2023-02-11,1913,36,5,823,13.98
2019-03-15,316,28,9,739,173.35
2019-02-22,1324,2,6,818,361.32
2022-04-23,906,45,5,203,176.56
2023-03-22,1258,12,10,540,186.66
2019-07-04,1927,38,8,702,271.36
2021-03-28,275,8,4,685,397.76
2021-04-15,72,22,3,531,184.19
2023-02-14,1491,17,9,466,11.01
2023-10-15,303,4,10,274,109.99
2023-07-23,999,15,3,241,290.5
2021-01-09,406,16,9,182,210.01
2021-11-05,1940,30,4,905,154.58
2023-12-02,1758,32,10,759,108.99
2022-03-13,1633,23,7,370,158.47
2020-05-19,426,16,3,387,71.15
2019-08-17,141,30,2,419,83.1
2022-07-09,974,13,2,262,210.89
2021-11-18,872,34,7,138,380.53
2019-11-19,64,48,4,816,292.12
2022-12-20,1639,45,4,917,139.37
2023-08-11,1332,25,1,187,158.15
2021-09-25,443,20,4,68,147.98
2023-03-05,769,6,10,143,262.57
2019-05-13,973,25,6,683,338.0
2022-04-07,1441,38,1,457,214.27
2020-08-12,536,31,3,507,92.68
2020-11-24,1079,32,6,72,353.21
2020-09-19,1809,7,3,865,41.14
2023-02-18,1775,17,9,881,98.79
2022-06-27,1780,35,6,134,200.95
2019-05-11,73,36,3,64,64.46
2020-04-30,875,43,1,801,226.36
2022-03-22,281,39,1,789,134.88
2021-05-16,209,32,6,439,159.61
2022-07-20,242,39,3,961,181.89
2020-11-05,1667,12,1,356,273.81
2023-01-23,156,40,2,206,66.64
2023-11-03,1147,23,6,59,387.37
2023-04-10,766,40,3,794,74.56
2021-12-25,1493,16,1,105,96.39
2023-04-13,192,36,1,175,5.67
2021-03-30,1320,47,7,837,385.79
2023-10-15,1406,31,10,625,180.0
2023-01-15,2000,35,9,376,224.34
2020-12-08,1247,17,3,994,393.97
2023-12-16,1345,46,7,436,336.13
2021-02-18,1279,5,10,943,371.79
2020-10-28,1106,43,2,941,321.11
2021-02-22,1241,35,7,393,259.68
2022-01-05,698,4,10,390,142.45
2021-07-18,1370,4,3,197,90.48
2019-08-24,930,26,4,494,172.29
2019-11-29,837,17,5,883,339.65
2022-05-13,1158,24,4,718,390.15
2023-07-14,1344,33,10,897,372.42
2020-08-27,1500,3,1,271,176.7
2022-11-27,1499,49,6,207,79.66
2020-06-05,214,12,1,878,158.13
2019-05-26,236,43,6,478,384.66
2023-03-16,370,16,2,825,368.82
2021-08-09,735,20,3,689,177.61
2020-06-03,1803,16,7,917,74.16
2021-08-06,20,34,6,255,337.4
2022-08-20,729,5,6,74,262.4
2019-04-08,109,8,6,587,109.74
2019-09-07,145,18,10,619,307.73
2023-01-19,168,22,8,318,380.45
2021-04-25,1048,31,2,967,78.52
2019-10-19,775,27,10,648,83.35
2023-06-15,1412,47,10,52,291.19
2022-11-04,1883,15,1,301,34.62
2023-07-01,1129,41,1,55,217.22
2019-04-27,877,33,3,825,141.79
2020-07-22,1433,40,1,118,89.35
2019-12-08,1067,19,4,838,129.83
2019-02-16,296,5,2,267,282.01
2019-03-09,662,14,5,297,161.07
2022-12-04,979,30,1,869,339.37
2023-03-30,765,38,7,520,337.8
2019-05-16,491,4,9,863,260.2
2021-07-31,1554,20,10,413,249.12
2023-02-08,1895,32,5,683,34.79
2021-11-22,1165,44,1,497,319.71
2023-06-10,590,19,8,922,366.59
2023-01-25,1702,42,7,451,337.11
2022-07-12,965,8,4,76,93.54
2023-12-21,552,24,7,600,71.85
2023-04-17,43,15,10,771,165.85
2023-10-05,1543,24,7,360,368.78
2023-08-29,1796,32,3,764,260.62
2021-09-01,34,49,8,215,175.47
2020-05-02,840,38,5,519,85.29
2022-08-20,1387,44,9,604,313.78
2022-06-19,5,33,3,222,309.43
2021-02-12,1910,48,8,721,110.37
2023-04-03,431,8,1,88,268.33
2022-04-29,1044,22,6,940,105.72
2022-04-28,674,46,6,930,313.3
2023-03-08,1300,8,9,125,16.55
2023-10-02,582,47,7,570,353.45
2023-02-14,1950,44,3,303,219.72
2023-04-23,1983,26,2,50,82.75
2022-07-03,57,16,5,225,238.77
2022-07-28,59,1,4,975,291.87
2023-08-02,882,38,1,718,296.92
2022-12-07,1806,5,5,91,380.4
2021-07-11,1776,1,8,553,157.97
2022-11-13,102,27,9,149,345.85
2020-12-03,124,10,1,116,22.71
2020-04-28,730,34,1,437,126.14
2022-03-20,1365,1,9,990,210.57
2023-03-29,1565,22,8,805,345.28
2019-08-16,1203,21,7,973,197.24
2019-05-04,1637,34,8,583,240.88
2021-02-01,1118,17,1,632,97.27
2019-02-09,162,11,4,267,117.73
2022-05-21,1882,25,5,673,279.67
2023-07-31,934,1,1,814,399.9
2022-04-28,1618,23,1,144,359.41
2019-05-10,417,3,8,943,310.23
2022-01-17,1491,25,8,897,67.42
2019-03-06,1609,17,5,102,323.4
2023-10-02,890,29,5,654,306.32
2021-01-05,1657,2,7,74,41.33
2020-11-02,1683,37,5,943,97.47
2019-10-04,1969,45,1,401,141.56
2019-01-22,1158,43,2,787,261.09
2020-09-25,1503,6,9,760,126.53
2019-11-18,1627,15,8,247,51.31
2021-02-04,926,27,8,218,22.61
2020-07-23,506,33,7,232,270.36
2022-03-07,982,8,1,249,79.8
2019-11-17,1064,47,3,667,343.47
2023-11-25,1408,2,5,363,393.1
2019-10-28,1814,15,2,991,140.19
2020-11-13,263,34,1,855,366.86
2019-02-13,1947,19,6,331,252.95
2023-09-15,1541,1,2,750,178.0
2019-01-10,497,14,4,523,22.09
2019-12-29,200,35,10,388,160.52
2019-04-11,947,24,5,175,337.54
2019-09-21,198,48,6,960,322.63
2021-06-18,441,29,2,765,387.89
2022-02-16,1398,39,5,563,291.04
2023-03-09,1649,48,8,486,259.7
2023-08-25,1825,37,3,400,242.68
2020-11-26,1950,40,8,346,60.42
2020-06-21,1720,48,1,612,25.12
2021-07-13,905,14,7,297,184.19
2019-02-28,189,41,1,290,355.44
2021-08-25,257,20,10,364,381.75
2020-09-30,396,46,3,501,368.18
2022-04-20,1688,12,10,912,87.6
2019-05-07,792,48,3,400,259.11
2019-10-02,1710,34,1,257,347.5
2019-01-08,1504,30,1,349,8.08
2022-07-02,156,34,8,304,47.48
2023-03-28,1736,23,4,443,368.37
2022-01-10,940,17,8,330,387.8
2022-11-21,1549,22,4,102,6.53
2019-08-31,347,9,10,496,131.82
2022-05-02,1425,19,5,290,326.21
2023-08-10,1116,21,6,729,35.68
2021-09-09,540,49,1,84,194.28
2019-08-12,1035,43,2,566,378.8
2022-12-02,799,23,5,505,261.95
2022-02-07,1066,48,4,142,364.46
2021-05-30,1865,2,2,510,275.11
2020-09-25,191,32,3,950,398.03
2019-03-15,1886,19,5,802,76.0
2019-06-11,1596,6,7,391,9.4
2022-02-07,322,44,2,405,62.38
2019-03-17,110,23,3,703,213.16
2022-03-11,1104,7,9,93,129.22
2021-05-25,445,12,4,713,45.37
2022-01-15,668,32,10,516,28.58
2021-02-07,1332,50,3,481,14.45
2022-01-31,759,31,2,736,44.73
2021-07-01,1365,38,7,363,287.19
2020-01-02,380,40,2,526,318.37
2021-05-14,1415,32,10,58,305.47
2023-01-26,1728,11,7,624,233.41
2022-09-08,1012,47,1,394,210.38
2022-03-21,681,44,6,874,399.93
2019-01-17,1544,28,2,889,360.4
2019-06-15,1582,2,3,561,128.85
2021-10-13,1202,29,4,853,97.13
2021-07-10,996,32,2,830,150.23
2023-12-10,806,7,8,284,204.5
2021-04-23,1233,29,7,250,115.67
2021-08-10,1022,5,9,836,216.65
2021-04-26,1148,29,10,589,215.28
2019-01-19,1447,37,6,698,107.41
2019-06-14,710,2,6,513,35.11
2019-11-23,595,49,8,453,186.45
2022-11-21,31,39,7,914,187.16
2019-09-18,1841,29,1,537,11.8
2023-03-04,260,42,3,464,293.81
2022-01-09,25,21,1,429,148.73
2022-01-24,1188,40,5,327,229.43
2020-08-09,416,12,10,690,10.41
2019-07-11,640,26,6,65,43.52
2021-02-13,553,32,7,222,132.05
2022-11-30,1256,20,7,274,386.87
2021-06-19,1670,5,5,522,357.69
2022-11-16,1548,4,1,904,391.08
2023-06-02,643,41,9,809,178.24
2019-06-06,913,10,5,967,14.22
2021-09-15,1392,12,7,918,174.98
2019-06-18,1879,33,9,661,175.8
2022-08-14,1529,46,7,391,391.21
2023-10-24,683,5,5,62,51.05
2019-04-02,346,11,10,295,49.31
2023-11-17,846,37,2,628,167.9
2019-12-08,1993,30,8,220,267.81
2022-12-02,1176,27,6,109,328.27
2019-04-10,947,49,3,817,259.94
2019-10-07,324,30,5,306,361.27
2021-09-21,1271,43,4,697,144.39
2021-10-22,1185,46,3,339,271.98
2022-08-12,1394,13,7,889,211.22
2022-05-09,1838,25,7,910,105.03
2022-03-17,424,15,5,104,240.06
2022-09-10,442,47,6,692,292.18
2019-06-28,915,2,2,548,352.95
2019-01-20,1160,42,8,608,275.48
2020-09-11,395,11,7,500,277.0
2020-08-14,277,1,6,716,36.5
2023-06-26,1926,22,5,283,146.63
2021-12-26,1278,1,6,208,213.25
2022-07-22,401,44,8,451,249.46
2022-10-02,1726,35,6,65,170.51
2020-11-26,1346,46,1,335,364.52
2021-04-28,1864,10,7,957,58.74
2021-07-07,864,32,2,951,307.7
2021-02-17,707,13,7,206,198.44
2022-12-14,1388,6,9,358,28.24
2022-08-24,1890,34,1,271,102.29
2020-05-03,333,9,7,929,71.59
2020-08-19,471,20,7,714,21.07
2021-06-10,1037,9,8,98,251.4
2020-07-26,216,31,8,277,204.41
2019-07-06,458,20,1,970,295.86
2022-01-13,1053,43,1,903,71.45
2021-03-24,860,4,6,396,383.65
2020-09-15,1444,38,3,517,103.56
2019-10-14,400,39,10,957,312.02
2023-09-22,1281,29,1,133,393.0
2020-09-27,1480,38,1,988,61.6
2019-05-09,1727,17,1,657,57.03
2022-06-07,1712,40,8,928,257.56
2020-02-22,496,17,10,270,386.12
2021-03-31,690,39,6,125,72.69
2021-09-07,258,34,5,153,123.92
2021-04-26,1196,39,5,106,91.55
2021-11-15,1226,35,10,900,249.77
2022-02-14,293,44,5,319,156.27
2020-08-03,1579,43,3,610,312.82
2022-08-17,595,36,1,448,210.65
2019-08-31,155,22,6,493,252.9
2022-08-09,1930,21,2,942,59.6
2023-01-21,688,18,6,725,85.46
2019-02-17,175,47,9,917,392.28
2023-10-15,1444,14,7,342,243.17
2023-10-23,1770,48,9,461,354.4
2019-09-23,1109,28,3,180,118.41
2021-02-18,949,18,9,504,137.78
2022-10-05,1224,33,6,683,27.39
2020-03-26,1866,28,5,764,360.55
2022-11-18,1925,19,8,895,62.84
2022-02-14,646,34,8,905,131.53
2021-07-05,1563,15,4,470,166.24
2019-05-09,176,15,2,395,328.22
2020-01-07,138,20,4,363,252.35
2020-08-21,994,37,3,816,14.53
2021-05-07,1405,28,2,539,166.86
2023-11-17,1889,36,5,802,394.56
2020-08-18,1862,49,10,833,293.29
2019-03-19,1476,50,7,362,91.23
2022-07-19,556,13,10,862,390.67
2020-02-05,1470,7,3,311,265.12
2023-03-29,273,21,6,469,130.29
2021-07-05,1991,18,6,587,349.57
2019-01-25,1334,10,4,985,47.37
2022-08-29,1338,39,5,827,75.59
2019-10-13,992,3,6,708,57.56
2022-03-03,270,23,2,97,249.55
2019-01-17,1565,6,3,898,231.16
2019-12-08,613,38,6,394,258.09
2021-04-03,459,27,6,455,249.41
2023-02-04,1376,30,5,539,364.93
2019-07-27,644,47,2,832,48.85
2020-09-29,1102,30,10,244,173.04
2022-08-07,1207,15,5,89,69.18
2022-12-20,1891,2,4,628,83.27
2019-09-10,1780,3,4,815,391.4
2019-03-05,1993,10,5,394,124.62
2022-11-26,1784,30,1,471,316.97
2022-03-20,826,20,6,93,91.85
2021-03-01,1759,10,9,376,22.58
2022-08-17,1085,16,1,478,114.26
2022-09-15,1497,36,4,288,366.1
2022-11-24,125,38,1,808,77.01
2023-06-18,104,4,2,207,367.43
2021-06-10,332,24,7,541,95.72
2021-09-18,177,24,10,261,26.36
2021-10-11,1306,49,9,905,16.69
2022-03-07,1817,6,6,233,96.08
2021-12-31,863,9,9,617,67.58
2020-05-11,1675,2,4,140,9.58
2022-05-15,1922,42,5,338,217.18
2020-05-19,1268,12,5,130,205.83
2023-12-15,585,19,4,400,251.46
2022-12-26,1224,16,7,872,389.1
2021-02-05,440,32,5,728,374.41
2022-07-27,337,10,4,808,37.58
2021-02-28,1919,48,2,146,387.37
2023-04-25,1747,3,3,760,262.33
2020-12-25,1417,21,6,608,380.66
2019-08-03,1380,44,3,848,137.48
2023-10-27,783,37,5,907,185.31
2021-10-30,54,32,4,244,227.17
2020-08-29,1501,11,10,561,162.28
2019-08-09,818,43,2,242,78.19
2022-03-22,1932,49,6,130,344.44
2022-09-05,243,11,2,764,292.68
2020-01-18,513,44,5,975,384.58
2020-10-05,579,42,2,573,206.01
2020-05-17,924,4,9,57,209.55
2020-05-21,1079,13,4,337,207.07
2021-10-18,640,11,3,127,75.41
2022-07-21,1885,34,10,111,311.56
2021-09-07,933,1,3,401,147.25
2022-01-21,354,35,7,126,307.39
2022-09-14,44,6,7,619,337.5
2022-05-14,355,18,3,550,97.93
2023-12-15,396,9,6,232,21.24
2022-11-27,1932,23,3,91,151.65
2020-06-04,370,25,6,578,371.37
2019-12-04,1906,38,6,625,260.33
2023-08-25,580,42,5,212,110.85
2022-11-18,1294,22,7,395,224.04
2020-07-02,1675,17,7,521,378.58
2022-03-09,426,49,9,232,193.08
2021-11-21,1256,9,3,188,20.22
2019-04-20,1247,50,3,785,215.54
2022-06-09,1139,49,8,503,124.21
2023-04-14,684,38,3,672,157.92
2023-05-25,810,41,5,230,364.09
2022-07-04,611,13,6,454,255.85
2023-08-10,1026,18,2,101,78.47
2021-02-07,785,10,1,321,32.55
2022-01-22,40,15,4,527,142.83
2022-10-19,404,49,5,554,366.26
2020-03-28,1019,37,1,283,311.28
2022-10-19,946,18,6,166,151.92
2022-08-08,916,5,9,376,373.78
2022-05-17,767,36,10,172,343.28
2020-03-24,1124,5,1,409,186.7
2020-07-22,1516,37,1,799,91.49
2021-11-01,1718,45,5,919,45.09
2022-02-16,1341,8,9,237,320.3
2021-06-28,845,20,8,495,80.12
2023-04-19,366,49,7,104,143.82
2022-01-09,908,34,1,975,345.59
2022-01-01,283,26,7,517,319.89
2021-10-29,23,40,7,240,43.25
2020-09-13,52,47,3,65,308.71
2020-02-18,5,42,3,240,377.44
2022-12-19,299,15,2,423,354.94
2020-04-27,363,25,10,512,132.76
2019-10-01,904,47,4,81,394.93
2022-12-22,886,31,6,264,52.31
2019-08-01,816,9,3,734,344.13
2022-11-02,1536,37,9,195,117.62
2023-03-19,836,35,6,802,79.38
2021-06-28,1663,26,8,850,382.47
2022-11-19,399,4,2,233,300.58
2023-04-22,1296,26,3,390,237.55
2022-07-13,296,11,5,928,180.11
2021-05-02,1455,39,4,285,239.1
2023-12-13,1267,5,1,392,181.36
2023-04-23,1778,20,1,70,290.93
2021-10-20,1089,23,10,696,343.39
2023-12-29,1823,37,3,741,5.25
2022-03-01,337,3,9,972,392.12
2022-02-26,1598,44,1,921,165.34
2019-09-11,348,13,6,965,54.99
2019-04-25,786,36,9,166,261.95
2022-04-18,940,33,10,825,12.03
2019-10-15,301,21,1,62,318.69
2020-11-18,1033,20,1,952,372.97
2021-07-15,1775,18,2,854,175.31
2023-10-17,1434,28,10,268,347.05
2023-08-28,604,27,4,550,14.84
2019-03-13,1025,24,8,92,199.04
2022-02-10,1796,33,7,167,290.94
2021-12-05,1878,6,4,945,12.63
2021-10-07,1976,36,4,414,89.87
2019-05-04,518,36,7,76,379.22
2021-12-01,1539,48,1,309,247.22
2020-03-23,155,10,10,813,390.49
2023-02-09,1383,27,1,374,27.08
2020-03-19,198,15,9,88,272.9
2019-10-31,475,35,7,152,146.72
2023-07-20,721,32,3,466,321.49
2020-11-03,1699,29,6,652,186.3
2023-10-19,1621,38,4,992,392.04
2022-04-14,274,3,3,575,329.26
2021-06-16,801,16,7,974,50.97
2020-01-24,330,36,8,565,37.48
2022-11-22,468,39,6,308,240.5
2019-06-12,844,12,10,704,126.12
2021-06-28,176,31,7,684,186.98
2021-09-25,1696,36,3,165,146.74
2023-12-16,759,34,10,815,357.09
2022-09-21,1201,27,7,814,44.45
2022-10-28,1751,5,2,238,61.68
2019-03-23,1201,35,5,782,107.72
2019-01-02,1775,11,3,488,223.34
2021-10-13,469,19,1,378,8.0
2020-01-18,155,14,7,747,63.1
2021-04-14,1296,48,2,845,274.51
2021-08-24,1573,34,8,908,200.7
2021-09-27,1298,38,7,555,377.05
2020-01-14,1205,14,8,704,332.78
2019-01-12,1030,14,7,155,262.27
2019-07-27,1779,21,8,961,209.91
2019-05-06,113,14,6,142,296.4
2020-02-23,623,4,1,449,311.41
2021-12-15,146,19,3,614,383.47
2023-12-29,1958,36,10,419,313.54
2019-03-15,1859,50,6,200,277.12
2023-08-24,1811,18,8,986,369.58
2019-05-24,1185,23,1,888,7.87
2019-12-09,1846,19,4,735,392.91
2020-10-31,1419,28,7,892,200.92
2020-11-16,1524,12,1,553,298.67
2019-11-24,3,1,6,394,188.22
2019-03-06,805,19,4,886,375.79
2020-04-01,1716,30,8,70,316.8
2021-05-14,619,35,2,608,52.07
2021-09-02,210,37,10,317,69.04
2022-07-07,809,7,5,187,379.44
2022-02-12,540,7,1,561,210.33
2022-07-10,1127,44,8,286,61.14
2019-04-04,1060,5,1,605,302.46
2021-04-14,1348,7,2,618,193.69
2022-04-20,400,33,1,607,84.62
2020-12-11,379,47,6,348,134.11
2022-10-01,1621,45,4,559,54.22
2022-12-02,539,34,10,307,268.02
2020-09-25,15,21,3,174,297.97
2019-07-27,180,8,7,529,11.63
2020-05-12,593,23,9,388,268.65
2019-11-14,1284,34,7,341,129.61
2021-08-25,1212,23,7,626,376.99
2021-01-21,938,36,9,237,92.4
2019-11-09,1578,11,3,198,158.29
2022-03-28,693,10,5,582,387.34
2023-06-09,918,38,5,759,249.97
2023-12-08,1751,37,2,767,51.45
2020-06-25,1938,37,7,931,118.66
2023-02-10,113,2,4,631,228.99
2020-05-13,1125,3,8,123,248.4
2020-01-30,1958,11,10,449,20.88
2021-10-11,1739,44,5,865,276.77
2019-04-25,1148,26,2,296,122.73
2023-09-12,1279,24,3,262,142.23
2021-01-11,885,44,2,995,239.59
2023-05-31,324,37,6,774,227.27
2021-09-12,1858,14,3,369,74.74
2023-06-30,451,27,7,823,209.07
2019-07-09,285,7,3,401,271.09
2022-12-06,1586,2,9,998,265.72
2021-08-26,218,15,5,142,35.07
2020-12-14,814,30,7,219,283.02
2023-12-12,1087,6,9,622,148.59
2021-07-16,1963,27,7,396,147.08
2023-03-09,517,22,2,568,373.5
2022-02-16,1412,5,7,154,352.75
2020-12-16,1024,29,1,816,130.95
2022-07-20,1817,34,4,461,125.46
2020-04-01,559,17,6,50,52.5
2020-04-10,1451,8,10,940,46.85
2023-07-15,1503,15,3,510,44.39
2022-10-04,1024,16,10,592,66.37
2019-06-02,1207,26,1,388,29.14
2021-06-27,316,18,1,325,147.68
2019-04-23,1530,36,4,744,266.02
2019-12-23,1470,7,2,258,263.4
2019-01-12,247,29,4,809,123.16
2021-10-17,655,3,1,488,93.48
2019-02-14,321,8,4,299,55.09
2019-10-18,725,21,2,959,192.51
2021-05-03,324,7,6,833,170.09
2022-01-07,1938,28,2,862,308.48
2022-07-10,1618,32,4,216,380.39
2023-02-18,1064,48,3,438,271.49
2020-09-22,705,34,4,218,104.5
2023-09-30,712,33,10,939,36.42
2019-06-22,249,29,5,351,156.73
2023-10-31,318,42,5,471,218.63
2020-03-21,843,19,7,914,372.36
2021-03-27,138,23,5,330,232.61
2019-07-17,1925,20,1,528,219.55
2021-01-24,908,24,6,390,180.47
2021-01-23,513,3,8,756,84.52
2022-02-24,1586,14,4,406,19.99
2022-01-11,1695,26,2,319,27.57
2020-04-25,614,1,4,882,187.09
2022-11-13,318,24,6,158,163.92
2021-12-06,1393,6,8,560,282.94
2020-02-09,1179,4,7,219,367.42
2020-08-13,993,29,2,531,279.26
2020-10-28,1068,9,9,922,304.38
2022-05-30,1940,4,4,426,225.1
2019-01-05,1443,4,8,151,129.99
2019-05-31,648,15,8,885,196.49
2023-09-06,477,31,9,123,71.48
2022-08-13,1806,47,6,437,167.32
2020-04-13,847,24,3,883,280.06
2019-07-12,1608,22,6,995,149.0
2020-12-13,1387,30,9,736,159.24
2022-08-27,1071,45,4,315,349.02
2023-02-14,193,35,9,532,255.13
2021-09-18,491,26,10,480,14.68
2021-04-17,1828,2,4,855,15.84
2022-09-28,998,15,2,379,296.67
2023-01-27,990,50,3,938,381.04
2020-10-18,1799,28,10,271,373.33
2020-06-09,1003,29,10,443,13.17
2020-06-10,942,28,6,741,174.84
2021-10-03,1158,14,5,658,162.04
2023-04-27,968,4,7,552,68.71
2023-01-15,434,22,3,424,254.34
2021-09-24,734,37,10,911,64.31
2023-09-02,376,39,5,236,238.41
2023-07-11,1904,25,9,371,300.88
2020-05-22,1336,1,3,833,130.27
2019-08-06,743,16,10,761,103.35
2019-07-17,1238,13,2,702,78.92
2021-10-12,783,25,4,398,119.34
2021-09-12,193,32,5,948,10.62
2020-04-24,1677,23,8,763,207.67
2022-07-22,1784,48,7,228,305.38
2023-09-10,1585,46,2,844,120.68
2020-09-11,1453,23,9,937,231.1
2020-02-26,641,33,2,695,238.56
2023-02-25,1600,18,6,887,71.28
2023-12-20,1904,37,3,469,220.56
2023-08-01,942,6,8,913,35.24
2020-07-11,1247,2,8,370,215.97
2023-09-21,992,41,7,267,397.6
2019-09-06,1621,11,3,878,163.34
2019-12-26,649,9,7,846,128.98
2021-02-20,1852,48,10,779,85.84
2023-01-21,491,15,3,97,319.88
2023-10-23,696,11,5,339,185.37
2021-06-23,388,7,9,265,319.46
2019-09-11,1418,22,4,852,366.8
2021-11-11,1102,41,8,242,346.85
2021-08-21,601,49,10,831,341.86
2023-07-05,375,4,2,392,90.66
2022-07-20,972,6,5,384,219.75
2023-09-10,348,7,5,257,243.21
2021-11-23,299,32,1,793,70.52
2022-10-22,181,15,4,170,299.87
2023-08-31,1394,4,1,487,26.08
2023-01-16,1289,26,10,573,294.84
2022-11-22,1856,39,5,131,111.43
2023-12-06,352,43,5,822,62.66
2021-09-25,782,32,1,510,78.49
2022-10-22,1703,31,8,564,174.7
2019-06-02,104,31,2,860,184.31
2022-10-26,586,28,6,472,192.1
2023-03-06,1994,36,1,408,190.56
2021-01-01,129,21,1,728,273.06
2022-06-15,237,39,5,349,63.24
2019-11-17,340,27,3,993,154.52
2020-09-05,1170,9,9,767,132.08
2021-04-17,1577,48,10,102,49.14
2019-05-12,829,28,2,762,378.07
2019-04-18,1315,10,7,97,51.43
2020-06-13,584,32,10,659,395.44
2022-02-22,1484,47,7,966,106.68
2023-10-29,290,37,4,988,150.13
2020-06-11,866,21,3,733,371.82
2021-08-22,1313,26,10,937,266.16
2021-02-10,917,37,5,722,209.64
2023-10-31,1814,28,9,373,260.11
2023-09-22,1477,25,10,420,36.85
2023-10-05,664,13,7,336,30.96
2019-05-03,818,28,6,103,376.17
2022-01-08,754,7,9,340,239.53
2019-01-23,919,31,7,811,308.33
2021-03-29,830,46,1,194,365.71
2023-01-15,1434,17,9,553,324.01
2022-11-29,434,12,5,644,95.85
2022-10-09,1141,18,5,492,17.84
2023-11-22,512,43,7,782,137.76
2019-08-30,755,19,6,162,68.0
2023-06-14,110,18,7,92,108.66
2019-12-25,574,20,4,530,371.07
2023-08-18,1550,5,9,152,26.41
2019-10-03,285,14,10,211,235.0
2023-09-05,1778,14,7,433,363.26
2022-08-17,1835,7,6,756,294.55
2022-12-15,1530,33,5,264,99.94
2022-12-18,1419,19,2,114,111.36
2023-06-12,63,22,7,174,87.12
2020-02-07,1112,38,5,607,120.23
2020-09-21,566,5,3,709,176.04
2019-05-26,1711,10,9,526,380.14
2019-08-23,840,31,6,709,182.24
2021-02-12,645,23,9,993,29.4
2023-12-12,1817,38,7,442,36.91
2021-01-11,1061,46,9,375,375.19
2023-02-05,1651,15,7,193,149.99
2020-03-09,101,3,1,395,256.55
2023-01-11,986,33,7,622,61.56
2019-06-10,1979,21,4,157,136.95
2021-07-11,1824,9,8,951,208.59
2022-09-14,913,31,3,229,125.36
2021-05-14,432,7,2,97,42.17
2021-08-12,577,36,7,709,105.61
2021-01-14,1018,23,6,111,145.83
2022-10-28,1325,48,4,739,317.14
2021-09-22,1218,24,3,507,7.99
2022-10-05,300,11,8,413,386.16
2022-12-18,1607,34,8,768,58.76
2019-09-29,1222,2,8,916,227.1
2019-10-04,319,16,7,61,373.19
2019-02-12,1895,23,5,305,187.0
2020-11-09,1561,43,5,699,379.32
2019-07-01,137,6,2,94,148.86
2020-08-07,762,2,9,449,132.88
2023-11-08,692,22,6,720,138.04
2023-09-30,1197,5,7,548,290.39
2019-12-16,1173,45,5,518,342.14
2022-04-12,919,27,7,805,263.28
2023-09-06,1885,24,2,704,338.56
2020-04-16,396,19,10,206,136.13
2019-09-23,1448,34,6,367,241.48
2020-11-24,1423,4,3,986,30.39
2019-10-17,918,3,1,700,6.04
2021-06-12,1562,34,2,682,42.27
2021-06-05,1386,7,10,697,361.33
2022-08-04,763,9,4,52,98.58
2021-09-12,297,1,1,835,103.15
2021-04-04,1412,49,2,140,263.91
2020-10-29,1863,28,3,747,35.33
2022-03-02,1403,36,6,824,199.86
2019-09-03,792,8,1,306,142.49
2019-03-12,1285,46,9,694,273.82
2019-08-02,223,10,7,728,140.44
2019-01-28,1618,47,4,67,229.4
2019-12-10,412,25,2,547,387.75
2019-01-25,1453,27,1,429,397.99
2021-02-04,1972,3,9,321,102.18
2022-12-12,1710,36,1,457,100.25
2021-11-16,687,48,6,125,204.32
2019-11-13,941,25,1,449,32.59
2021-04-04,593,45,4,157,386.96
2019-08-25,957,30,4,783,102.05
2019-01-08,531,16,7,491,287.58
2021-07-27,488,35,10,386,279.69
2019-08-20,811,21,8,499,30.77
2020-01-02,25,45,1,792,152.24
2021-10-01,109,40,10,117,199.36
2019-01-14,4,22,10,668,304.24
2019-09-15,545,4,9,269,327.36
2021-01-29,162,33,7,790,324.39
2020-02-28,1823,31,1,819,293.21
2021-07-08,1883,33,7,686,148.64
2020-05-05,863,40,3,290,333.82
2022-05-03,815,44,8,308,293.37
2021-02-07,345,20,7,426,127.98
2020-02-16,1881,12,1,228,170.32
2021-11-15,916,30,9,886,91.99
2022-05-25,1335,33,2,88,15.79
2022-12-05,107,27,1,416,46.66
2021-02-16,1495,20,4,871,54.03
2021-06-05,139,42,2,61,149.22
2021-12-18,1860,21,5,990,63.71
2022-05-24,958,4,2,831,289.91
2023-12-29,763,29,1,52,289.16
2019-09-06,131,4,2,299,102.46
2023-07-16,1027,11,2,668,119.71
2023-07-03,97,35,1,926,133.1
2020-01-17,5,36,9,302,142.75
2020-10-02,1509,25,10,783,123.68
2021-10-01,791,43,5,965,16.43
2021-12-25,323,34,2,580,114.02
2020-10-16,485,6,5,653,30.63
2020-03-31,1549,45,8,799,291.65
2022-07-16,288,11,1,757,258.07
2019-06-03,905,29,10,991,183.69
2022-01-16,1093,42,6,719,112.97
2022-02-14,1574,28,5,474,297.46
2023-03-17,1072,2,4,195,100.82
2023-03-21,1780,35,8,465,34.78
2022-12-19,1632,42,6,371,45.24
2023-09-01,224,3,5,731,87.43
2021-12-12,191,28,4,858,16.68
2022-03-16,1559,2,6,517,323.53
2020-04-04,524,45,10,146,193.3
2023-01-20,124,12,9,657,39.4
2020-07-22,1045,48,5,774,285.18
2021-06-16,36,6,3,857,390.16
2019-11-24,283,50,1,833,123.54
2022-07-13,304,41,2,944,360.94
2021-01-02,127,28,9,265,324.53
2019-12-09,1432,46,1,208,189.88
2023-12-24,212,37,7,742,25.21
2022-10-22,120,14,10,930,59.64
2021-04-08,105,23,3,236,319.43
2021-03-15,1139,12,9,647,332.64
2021-04-27,654,40,2,330,6.28
2021-07-27,1141,45,10,854,129.48
2020-08-30,184,28,8,415,155.82
2020-12-17,177,10,2,85,243.81
2022-07-09,205,7,6,437,73.12
2021-08-15,271,8,1,196,96.6
2019-12-09,439,17,3,818,399.31
2020-03-23,138,41,1,676,304.6
2023-04-21,1991,30,4,461,319.76
2020-09-18,1551,29,5,470,368.36
2020-07-25,1798,46,5,105,383.1
2019-07-08,483,19,10,838,222.56
2020-06-06,531,42,5,776,11.83
2019-05-04,332,41,3,91,362.59
2021-09-16,437,38,8,716,107.01
2021-11-04,928,3,3,594,294.35
2020-12-21,1804,6,3,842,159.49
2021-01-03,1112,46,3,547,332.83
2019-10-05,675,8,7,347,206.61
2019-07-26,190,15,6,731,157.55
2019-09-16,682,7,2,205,26.31
2020-08-19,1777,12,4,575,394.44
2022-12-25,1218,1,6,432,280.04
2020-01-19,1287,45,5,828,143.47
2023-09-11,1756,50,7,324,233.01
2019-06-28,781,16,6,719,126.69
2019-04-20,1965,28,4,483,212.55
2019-05-17,720,12,2,286,78.41
2020-05-08,1827,34,5,389,286.85
2020-05-06,1265,50,1,603,292.09
2023-07-22,1614,33,9,650,144.04
2019-06-30,626,20,5,892,325.0
2021-06-29,1678,20,1,988,282.47
2020-10-23,257,48,4,370,120.71
2023-08-27,395,43,2,190,11.51
2022-04-21,10,7,1,834,368.81
2019-04-07,680,25,10,451,317.1
2022-04-14,590,13,8,680,21.6
2019-03-26,959,47,2,957,73.65
2023-02-02,1318,34,10,163,234.95
2020-01-26,353,18,3,785,143.74
2022-09-10,925,48,2,765,51.56
2019-09-02,947,46,8,318,295.67
2021-06-16,1981,16,2,422,399.04
2023-04-07,1800,28,3,900,342.65
2021-04-17,1505,46,4,497,255.27
2019-02-27,829,36,8,820,197.07
2020-08-01,131,40,9,317,206.94
2022-04-23,649,35,10,436,179.31
2021-02-10,269,19,6,447,336.29
2019-10-29,1542,20,8,193,278.24
2021-06-06,634,32,5,970,355.4
2023-07-06,1572,11,1,551,132.71
2021-01-17,763,30,5,600,321.99
2019-11-14,1766,19,1,316,12.11
2023-08-04,1221,33,3,484,380.64
2023-10-31,1670,13,10,313,138.21
2023-07-18,271,32,4,878,114.99
2022-11-27,1311,17,8,544,191.34
2020-11-04,164,41,1,783,22.88
2019-10-28,1017,3,1,209,297.24
2020-07-14,225,5,5,863,307.9
2020-07-09,1671,26,4,262,39.27
2022-07-11,576,7,4,447,337.75
2022-11-18,659,18,6,621,371.66
2021-07-05,1079,49,7,203,304.61
2021-02-25,502,39,2,729,256.13
2021-08-16,898,45,7,459,329.81
2019-08-30,98,38,1,520,379.2
2021-04-22,313,13,9,614,384.32
2021-10-29,1392,1,5,560,132.0
2019-02-28,1525,35,10,525,11.73
2023-11-09,1587,23,4,968,160.36
2020-11-14,676,20,10,999,387.99
2019-12-06,1443,46,10,444,99.8
2020-09-14,1317,38,3,857,332.56
2019-08-25,36,29,4,572,233.9
2022-08-10,1029,45,9,721,290.48
2022-01-02,1370,37,8,822,263.45
2021-12-20,1429,6,9,640,270.97
2021-06-04,1333,13,3,258,103.25
2021-02-07,1881,23,8,941,281.72
2023-11-25,1837,4,2,319,280.45
2021-11-18,241,36,7,107,117.36
2020-06-26,1753,15,1,623,327.6
2023-11-06,1996,11,9,608,104.27
2023-06-14,806,22,10,122,294.44
2021-07-04,494,30,4,240,193.31
2023-07-18,1990,44,2,191,8.25
2021-01-26,7,18,8,298,337.34
2023-11-13,520,50,2,667,11.58
2019-11-22,798,10,8,432,307.95
2022-06-17,1748,5,7,512,257.17
2021-01-04,763,31,8,897,97.48
2019-05-25,1129,33,4,189,375.33
2019-08-28,1778,18,7,474,92.83
2023-07-10,717,50,3,620,168.08
2022-08-26,208,7,5,492,86.56
2020-01-14,408,25,9,961,370.21
2020-09-28,81,21,1,455,370.98
2021-03-02,120,34,1,107,123.43
2020-07-23,1613,23,1,151,257.66
2021-08-08,1124,16,2,764,172.86
2023-04-04,852,27,4,176,301.97
2023-11-12,1356,13,6,401,282.14
2023-07-15,1941,13,1,441,98.94
2022-08-13,1446,25,5,480,352.08
2019-02-15,805,42,2,160,129.32
2021-12-10,1621,33,7,672,144.67
2022-01-26,21,17,2,209,15.54
2019-01-03,124,25,4,155,384.31
2019-03-04,739,18,8,339,88.23
2020-02-26,481,48,10,728,277.94
2022-03-14,1862,48,9,616,126.83
2020-01-13,1137,18,3,397,309.17
2020-12-23,901,49,7,512,25.29
2019-09-03,1693,16,10,786,20.46
2019-09-07,661,27,3,637,352.36
2021-12-22,1475,10,9,590,268.32
2020-08-11,716,24,3,487,221.18
2019-01-09,47,24,4,983,336.85
2020-10-31,256,1,7,651,298.63
2021-11-13,636,32,5,977,100.51
2023-09-16,1214,19,8,661,259.56
2023-10-09,1675,9,7,650,13.6
2022-04-21,13,5,2,90,265.37
2020-02-08,1805,22,6,169,322.94
2023-05-05,1578,24,6,168,175.24
2019-06-09,958,30,1,895,158.82
2019-05-15,142,12,8,800,157.53
2021-03-14,695,16,5,514,11.13
2022-07-08,1231,12,5,105,95.98
2023-07-21,921,21,7,223,24.1
2020-01-19,1576,11,10,210,265.13
2020-10-10,1686,21,6,824,196.77
2019-10-09,1134,2,1,171,160.37
2020-04-09,1272,27,10,905,320.11
2019-10-13,1296,42,8,610,389.34
2019-09-18,1404,25,3,792,290.11
2019-06-20,841,11,3,717,35.86
2023-08-11,973,41,5,599,179.15
2023-11-17,1737,17,4,411,148.54
2023-11-13,1491,33,9,685,352.77
2020-01-03,19,35,9,954,243.33
2022-03-05,716,20,2,582,398.99
2022-06-01,138,26,5,668,263.14
2020-08-10,269,48,1,408,36.62
2020-08-24,644,15,10,779,294.38
2022-04-26,129,19,1,231,149.56
2019-10-03,1871,1,4,462,116.51
2021-05-21,578,25,9,674,235.33
2023-10-07,968,34,2,530,265.07
2019-12-10,830,50,4,665,342.48
2021-01-07,1985,41,9,395,99.85
2019-09-29,312,32,1,835,213.83
2020-10-22,1527,13,6,68,223.1
2023-07-18,306,19,9,976,181.67
2020-05-14,685,40,4,629,10.63
2021-01-28,925,50,2,802,219.45
2021-08-11,701,21,6,301,131.87
2022-01-14,727,18,5,833,50.13
2021-01-04,1585,8,5,906,291.78
2023-06-09,1959,19,7,545,292.73
2023-10-05,559,21,3,586,362.78
2019-10-04,297,37,9,351,19.12
2023-09-04,1553,35,1,813,110.41
2022-09-29,1101,21,7,874,258.29
2022-01-09,1855,3,7,530,341.63
2022-02-23,591,30,3,217,61.38
2020-01-24,1717,43,7,400,100.18
2020-01-30,904,31,4,823,222.49
2023-10-02,1696,3,1,714,56.97
2019-03-11,629,30,1,891,99.68
2023-08-20,263,46,7,511,238.19
2020-09-24,176,42,9,618,151.27
2021-02-02,1997,4,9,620,249.87
2020-02-27,1773,48,4,743,175.86
2019-05-14,1615,30,4,928,364.73
2019-01-06,1234,27,2,341,361.57
2022-09-25,174,5,9,110,398.79
2019-06-04,700,46,10,282,39.26
2021-11-04,1105,29,2,718,209.2
2022-01-16,1839,31,7,781,193.6
2020-12-12,1531,50,6,495,266.77
2022-06-03,427,9,9,92,95.18
2019-03-08,1873,49,8,899,17.67
2020-09-20,573,47,8,498,326.13
2019-11-28,557,24,7,622,396.18
2021-05-10,448,12,7,548,122.46
2022-02-11,388,18,3,161,312.48
2021-10-29,1791,50,5,289,213.39
2023-12-16,1087,2,5,536,281.96
2019-12-11,1721,42,7,436,154.68
2020-05-14,931,9,1,801,268.94
2021-03-12,1678,24,2,893,143.9
2023-12-26,1895,6,1,277,103.54
2020-03-18,1460,5,4,315,44.35
2023-04-08,1260,33,2,516,65.35
2023-04-23,1449,41,3,692,101.47
2023-01-30,1615,24,7,718,293.12
2021-01-21,702,7,7,56,304.93
2019-01-15,1622,1,3,596,93.33
2023-07-09,1141,40,10,458,362.67
2020-11-20,1216,8,7,133,163.16
2022-11-02,63,33,4,850,320.82
2021-10-08,30,35,1,268,94.86
2023-05-29,476,24,7,278,292.47
2021-08-07,1245,3,6,434,176.42
2023-03-29,1263,4,10,352,50.27
2021-12-28,1052,28,1,950,38.53
2019-06-22,954,8,10,679,68.6
2023-08-19,1282,24,8,905,275.77
2020-03-22,1439,10,8,336,146.19
2021-01-03,1781,22,5,945,389.69
2023-10-03,51,7,8,544,267.64
2022-03-08,585,25,3,402,9.41
2022-07-28,1187,28,2,415,49.88
2021-11-26,1232,40,1,771,305.99
2020-02-06,92,29,4,371,115.74
2023-05-06,1944,7,7,130,340.49
2021-08-08,1021,12,3,427,234.18
2020-01-31,1133,38,5,86,230.07
2020-01-21,1952,20,10,792,35.76
2019-05-09,1683,33,1,673,27.64
2019-09-30,494,38,1,502,7.75
2022-07-27,1226,38,1,191,341.16
2019-06-14,124,4,3,964,354.24
2020-07-01,1866,20,10,923,210.05
2019-06-06,1285,35,9,768,133.24
2021-07-28,607,2,8,886,234.11
2022-05-20,1886,38,7,356,207.59
2021-12-10,1252,19,7,80,364.08
2021-07-30,732,40,7,136,103.27
2022-04-26,1473,16,3,723,386.86
2020-09-13,1304,16,7,609,19.85
2021-12-31,16,2,1,397,317.1
2021-08-25,288,40,9,805,343.08
2022-06-24,1197,41,9,79,93.64
2020-07-13,1287,21,1,505,20.07
2020-10-23,237,17,5,964,136.03
2021-11-14,1781,21,8,862,21.05
2021-04-20,21,40,7,532,107.91
2022-01-09,1717,32,5,956,12.89
2022-07-20,1230,46,1,111,131.29
2019-08-03,1922,8,5,408,157.58
2019-10-07,1831,42,3,339,15.7
2020-05-04,521,12,8,943,180.81
2022-11-11,687,23,3,543,359.75
2022-07-18,449,48,2,225,350.23
2022-06-30,1183,16,10,905,336.58
2021-07-29,1123,46,2,945,219.77
2021-10-22,1579,27,6,102,106.47
2023-10-31,837,7,2,173,78.58
2023-12-07,977,40,4,56,224.49
2023-08-04,1859,15,9,939,62.42
2019-07-10,1719,8,3,637,79.55
2019-09-26,764,23,5,767,156.55
2020-03-27,1731,50,7,901,154.75
2019-07-31,121,33,8,785,6.35
2022-09-23,1826,30,1,467,386.1
2019-08-28,1835,23,7,299,325.13
2020-05-27,42,48,7,481,233.64
2021-03-21,1977,41,3,521,69.06
2021-08-17,1650,49,6,96,73.21
2022-04-13,1066,41,10,726,269.92
2019-04-17,1898,43,5,876,123.96
2019-09-06,1259,24,6,462,274.74
2020-06-13,1976,3,7,650,373.3
2021-02-06,365,14,10,326,334.59
2023-10-20,534,2,5,907,285.63
2019-09-29,1009,6,3,789,213.61
2020-11-29,823,32,3,99,75.17
2019-02-12,535,19,10,399,337.03
2021-03-12,1222,10,6,672,93.01
2021-06-15,1480,46,10,507,315.21
2020-07-26,1209,34,3,771,86.72
2022-06-13,1799,26,10,920,307.65
2022-08-31,132,25,4,746,68.14
2021-07-22,313,4,4,649,117.06
2023-03-24,1282,19,1,964,40.32
2023-02-17,1252,2,9,904,68.31
2019-04-02,32,47,9,289,23.25
2019-06-25,45,50,2,949,79.54
2020-09-24,1699,30,6,431,216.47
2020-06-14,517,16,9,360,380.45
2020-03-14,1756,39,7,762,14.18
2020-04-17,331,9,8,513,246.32
2020-12-25,1481,15,9,452,360.88
2023-06-26,804,14,1,998,128.35
2020-06-10,1383,39,9,630,247.87
2019-12-09,66,32,2,929,260.11
2019-01-31,1990,24,6,70,354.91
2022-01-27,86,41,9,523,148.55
2020-12-12,862,9,4,266,119.84
2023-10-06,698,24,10,968,166.94
2019-04-25,517,29,8,747,13.71
2022-05-30,605,44,2,859,252.74
2019-06-19,326,35,10,811,182.76
2023-06-06,1654,27,6,473,63.38
2021-10-13,1408,35,1,470,286.78
2023-11-08,500,40,8,470,159.63
2021-11-20,1406,3,4,900,121.96
2021-07-30,1853,40,4,403,391.26
2023-07-05,1132,16,3,210,175.23
2019-11-27,257,3,6,341,195.11
2019-12-04,1474,27,1,631,10.21
2019-09-29,1510,16,10,822,69.77
2022-06-13,1847,8,6,976,351.52
2021-12-19,1322,4,2,543,22.11
2021-12-30,836,12,5,221,286.4
2019-05-23,904,42,10,346,242.2
2022-09-22,277,37,2,737,267.65
2021-10-07,201,18,7,457,310.96
2022-02-18,614,21,10,750,145.74
2020-09-23,1634,6,3,629,259.97
2023-01-23,832,42,2,276,118.62
2019-03-16,309,7,6,176,158.36
2020-12-14,1548,13,9,331,317.44
2019-05-02,1324,33,4,95,336.42
2022-01-21,143,9,7,462,37.85
2020-11-02,603,40,3,391,312.47
2022-10-23,1424,46,1,109,135.66
2023-12-15,1797,34,7,387,304.78
2023-02-01,479,13,1,797,242.98
2023-06-30,1893,23,10,924,334.02
2023-10-22,1464,12,7,278,66.0
2022-09-19,1302,43,7,637,337.25
2021-05-09,813,43,4,728,219.41
2023-05-03,732,36,1,100,370.6
2021-12-20,1774,20,10,953,71.31
2019-11-03,768,44,3,868,39.11
2021-06-11,1295,1,4,495,286.08
2022-05-16,1103,18,6,333,6.15
2019-02-26,957,45,10,921,294.23
2022-06-26,985,47,5,884,82.13
2022-09-18,1082,18,6,171,279.85
2021-11-19,1133,3,5,776,342.75
2022-08-20,99,35,8,172,21.34
2020-11-07,1963,26,2,836,148.99
2020-08-17,1169,41,7,855,232.79
2021-04-29,1930,36,3,112,256.22
2020-06-01,56,29,9,284,324.63
2021-10-16,158,35,9,65,278.76
2023-08-17,996,47,1,958,75.15
2019-06-06,1145,10,10,587,37.3
2023-04-05,930,30,1,652,372.42
2022-06-29,1706,7,8,546,152.66
2019-02-06,251,14,10,197,198.58
2021-11-01,1056,29,3,890,113.46
2022-10-25,124,33,7,964,141.57
2023-06-28,1610,48,5,288,229.56
2019-08-08,1393,28,10,204,193.09
2019-01-18,120,14,1,964,394.67
2020-12-10,512,28,1,829,178.59
2019-07-13,359,50,2,645,224.68
2021-11-19,1448,24,3,348,324.67
2019-05-20,1725,14,6,271,378.68
2022-05-05,1287,33,9,352,339.42
2020-03-14,1913,43,8,527,254.86
2022-08-11,1947,43,3,678,44.53
2023-11-22,1336,43,10,569,370.41
2020-03-25,193,38,10,442,385.43
2023-06-26,964,45,5,887,230.08
2019-09-21,1901,4,1,807,79.61
2020-07-14,746,5,7,445,31.2
2022-12-27,452,6,6,828,9.38
2021-10-26,377,14,5,996,280.53
2020-08-09,123,41,5,120,151.04
2023-01-06,1097,45,8,858,139.94
2019-12-17,847,37,1,804,73.99
2021-10-30,842,33,7,281,223.84
2022-10-12,1480,14,8,361,391.15
2019-07-08,1433,38,9,447,144.95
2022-02-09,1679,8,8,786,209.23
2021-11-11,452,1,6,970,127.94
2023-08-24,1037,22,6,139,60.81
2023-05-18,660,30,3,787,205.3
2020-01-28,1729,22,6,663,80.67
2021-03-14,1882,43,10,748,236.7
2021-03-01,1507,50,3,938,108.37
2021-03-25,1069,42,10,66,175.11
2022-03-28,191,28,3,504,330.4
2019-08-01,312,6,8,897,93.68
2020-06-06,242,32,4,877,300.39
2023-02-08,1745,25,2,943,257.27
2021-07-29,1721,13,5,121,350.14
2019-12-11,855,45,9,767,388.9
2019-11-13,614,10,3,466,71.68
2020-04-09,1241,17,10,604,369.09
2020-12-27,1715,14,2,808,253.46
2021-12-21,1577,16,6,309,189.64
2022-01-28,334,49,9,323,243.96
2023-11-12,287,28,5,345,210.16
2023-09-22,1421,13,3,540,380.93
2022-12-17,832,27,3,840,81.83
2023-11-23,146,17,10,185,111.08
2021-06-16,1874,46,8,727,284.98
2022-05-11,779,10,4,61,309.89
2019-03-17,1267,46,5,856,270.46
2023-07-26,108,35,8,693,236.97
2020-06-16,111,38,7,88,82.83
2019-10-21,1711,10,5,81,286.58
2023-03-21,710,46,5,915,240.53
2022-11-10,581,42,1,380,203.27
2023-01-06,635,33,4,197,213.84
2020-11-05,967,37,3,405,84.22
2019-05-04,1443,26,3,580,175.91
2021-11-24,641,49,10,307,293.61
2020-06-09,14,46,3,421,174.89
2021-04-01,1790,26,7,589,318.97
2019-10-24,1787,32,5,547,73.55
2022-09-28,718,40,3,324,224.31
2022-01-25,106,22,7,317,182.79
2022-05-13,1464,30,5,927,368.12
2023-04-10,1222,40,4,250,181.26
2023-06-06,1043,6,3,285,351.42
2022-06-29,1971,24,7,178,30.97
2022-03-18,649,42,1,583,16.69
2023-02-18,1048,15,8,638,177.76
2021-05-31,1894,49,6,488,252.21
2020-08-23,75,46,1,824,190.74
2019-03-05,1694,47,4,64,188.59
2023-07-11,1677,38,7,847,372.56
2022-03-09,862,11,7,202,395.89
2019-01-31,1667,33,9,901,129.1
2020-08-10,1125,27,4,152,279.86
2020-05-14,1352,8,10,431,156.95
2019-06-08,123,45,4,233,83.95
2020-10-04,506,38,10,297,207.07
2021-03-12,1695,46,3,560,124.91
2023-03-10,1982,8,1,116,58.54
2019-08-07,1104,11,2,967,36.62
2021-12-06,270,19,2,462,155.33
2022-11-29,981,33,7,989,41.93
2021-11-10,1552,46,2,677,291.69
2021-02-07,1621,15,10,351,115.44
2023-12-26,930,7,4,661,175.36
2020-04-07,1729,9,4,150,81.49
2021-11-19,1695,10,4,171,200.84
2019-07-16,1617,12,8,193,173.37
2020-12-27,1506,14,6,338,317.32
2022-04-18,1910,3,10,895,356.89
2023-07-04,1251,23,9,924,32.73
2019-09-15,150,41,4,822,163.48
2019-03-09,1332,28,4,124,329.14
2020-07-23,656,37,8,236,312.75
2022-02-27,1290,43,1,184,131.15
2023-10-20,1134,49,7,866,55.99
2023-08-24,1458,8,7,295,200.86
2022-02-08,271,33,3,450,122.19
2019-08-08,110,12,5,367,272.33
2020-08-01,1503,21,8,508,104.17
2019-08-10,1655,22,8,981,6.21
2020-02-27,1407,19,5,859,237.78
2023-03-11,420,41,9,871,338.9
2020-02-08,1117,37,5,297,339.83
2022-12-18,681,26,7,137,59.5
2020-12-21,1826,3,9,933,248.56
2019-10-24,866,26,8,558,308.33
2022-02-15,1668,23,2,668,79.79
2021-07-04,448,33,1,197,150.32
2021-04-25,608,12,4,831,183.19
2020-10-15,929,17,10,821,92.59
2023-03-15,1175,23,1,598,114.69
2019-11-13,1484,6,10,864,7.13
2020-07-08,1324,46,8,440,93.71
2023-09-27,1450,4,7,633,98.86
2022-11-02,1731,32,9,889,218.76
2021-04-11,509,13,9,769,102.18
2021-06-24,1007,48,5,721,13.79
2022-07-06,466,28,4,201,294.34
2023-03-08,834,39,3,368,43.6
2020-10-15,1609,42,4,937,37.98
2021-06-10,1296,36,4,241,168.26
2022-02-17,630,47,5,735,186.82
2019-07-20,278,21,10,774,271.34
2020-11-03,1757,11,9,971,67.57
2020-06-28,1230,1,9,104,212.48
2020-10-17,1913,32,9,198,198.47
2020-03-30,1705,36,10,671,331.22
2022-01-12,415,13,6,135,82.42
2022-05-28,474,33,7,66,131.21
2021-05-11,734,35,6,299,260.18
2019-03-01,413,43,10,956,63.13
2020-03-19,413,5,7,697,130.73
2021-07-10,52,17,1,654,97.71
2021-01-21,354,44,5,246,20.51
2022-04-05,1045,22,8,836,305.46
2019-11-04,198,14,2,626,273.6
2021-08-12,1040,10,1,115,41.1
2022-05-26,435,35,4,770,93.71
2020-02-27,506,45,7,389,18.11
2023-10-04,885,36,1,850,129.57
2023-06-26,1308,23,2,560,207.85
2021-09-04,1968,44,2,471,22.85
2019-10-11,265,40,3,848,71.07
2022-05-08,444,41,5,240,155.99
2020-07-05,245,19,2,508,102.8
2019-09-10,1990,36,8,575,113.57
2023-03-20,670,27,4,207,144.27
2023-08-06,1225,3,5,540,267.92
2023-08-12,416,5,2,764,114.6
2022-09-20,1820,25,2,556,301.42
2020-07-16,153,5,6,908,244.63
2019-03-01,1436,45,3,501,390.97
2022-06-15,400,50,8,489,304.51
2022-01-04,1398,50,9,226,180.64
2019-07-16,1037,6,7,418,82.31
2020-08-01,395,1,9,769,88.09
2023-01-18,793,31,6,199,30.28
2023-01-21,650,43,7,118,90.19
2023-01-13,759,36,7,800,295.41
2021-02-17,1134,43,9,793,47.92
2023-12-31,406,32,2,142,71.66
2021-12-04,946,7,2,426,278.53
2020-10-22,1099,32,8,189,216.82
2020-01-22,619,5,4,214,38.75
2023-09-14,1008,8,3,859,27.69
2021-03-20,1578,14,3,859,388.9
2021-05-04,716,10,8,58,296.53
2019-11-02,215,28,10,312,361.95
2019-07-05,433,28,3,370,178.01
2023-04-18,1953,25,5,295,232.39
2020-01-23,127,34,10,740,198.19
2019-07-17,537,6,8,268,158.94
2021-05-30,1039,24,7,689,317.01
2023-02-02,229,34,5,929,186.85
2021-08-26,300,13,5,786,102.61
2020-11-02,802,1,2,570,189.11
2021-02-07,1246,41,1,619,203.52
2019-09-05,1280,48,10,744,232.64
2019-04-12,1341,19,9,718,254.64
2022-12-21,996,40,6,424,227.45
2019-07-05,1043,44,5,638,332.9
2019-08-16,1966,21,2,438,64.65
2021-02-11,467,9,1,912,329.93
2021-07-19,573,42,4,852,293.72
2021-10-11,424,36,2,889,232.72
2019-08-26,840,9,9,629,43.23
2020-10-31,1937,49,6,226,92.03
2022-02-26,1946,4,2,93,58.48
2019-08-27,10,47,10,855,88.11
2020-03-10,1800,34,7,511,31.14
2019-04-10,1499,1,10,636,221.05
2021-08-07,972,36,2,979,201.3
2020-07-15,1771,42,9,250,222.75
2021-04-05,762,6,8,892,128.41
2022-11-23,314,41,9,459,317.96
2020-07-31,236,4,1,563,155.7
2019-09-22,856,50,9,948,36.83
2022-06-28,309,13,9,945,96.8
2019-02-01,611,1,2,514,115.28
2021-02-11,245,24,2,630,360.43
2019-06-12,226,27,3,814,157.82
2020-07-12,841,10,5,724,72.12
2023-07-30,1664,42,10,867,192.13
2020-09-27,898,6,9,384,336.03
2020-12-07,1956,45,6,916,101.41
2022-09-08,774,42,2,607,124.57
2019-12-19,232,50,9,895,382.34
2021-02-25,1307,13,5,611,122.82
2021-10-16,1776,16,8,515,85.8
2019-06-25,55,5,2,451,341.22
2021-05-11,973,29,9,573,319.93
2022-04-09,42,36,1,606,46.16
2022-01-07,1966,26,2,990,231.96
2022-05-30,634,26,7,970,168.9
2019-07-05,1816,47,6,81,167.07
2021-08-25,1455,7,10,748,186.32
2021-06-18,258,2,4,709,202.6
2023-06-17,727,41,7,809,339.86
2019-01-22,339,41,2,138,17.36
2022-02-04,1878,9,7,933,396.93
2022-06-24,824,9,6,997,173.94
2023-03-23,503,38,2,553,151.25
2022-02-03,1391,2,5,253,147.45
2021-01-23,1657,13,3,764,277.66
2021-10-06,835,35,9,559,260.04
2019-09-12,184,6,2,670,271.88
2019-01-12,1179,23,5,692,268.74
2019-11-16,252,7,7,461,213.3
2020-05-23,363,37,8,623,260.7
2023-02-16,42,30,8,105,26.07
2022-11-11,689,47,5,166,358.52
2021-11-02,872,39,3,262,11.93
2022-01-24,965,2,10,614,8.7
2021-02-15,499,6,1,715,301.27
2020-02-18,1933,3,7,229,144.41
2023-05-17,216,39,6,398,182.08
2021-09-17,607,14,1,947,141.02
2019-06-20,864,14,7,582,48.77
2022-09-11,399,15,3,118,280.48
2019-09-25,1828,47,3,754,21.18
2019-03-28,623,46,10,971,255.52
2019-02-26,1712,25,8,253,377.73
2021-07-31,1785,38,7,271,165.05
2023-10-10,540,38,9,843,120.5
2019-09-08,96,47,6,73,213.01
2021-10-07,309,18,6,695,231.74
2021-06-30,23,45,10,179,375.97
2022-09-26,1129,27,7,519,245.31
2023-10-30,1251,46,5,821,222.9
2019-02-27,603,18,3,992,40.65
2019-05-22,186,7,8,690,355.09
2022-11-14,192,46,5,858,313.81
2023-01-19,331,8,4,199,143.69
2023-09-25,635,18,4,118,34.45
2023-08-17,334,44,7,966,70.14
2019-09-21,1627,7,5,846,328.03
2022-09-11,1684,42,7,334,331.81
2023-07-28,749,6,9,947,54.18
2023-06-29,1197,46,6,272,174.44
2022-12-05,48,14,3,211,245.6
2020-03-11,61,16,8,926,142.89
2023-12-26,1293,18,7,660,205.56
2022-12-27,1008,48,10,398,85.13
2019-05-29,702,39,7,964,308.33
2023-01-15,849,43,1,822,337.73
2023-06-08,1266,10,5,660,248.79
2020-07-28,482,17,2,574,181.03
2022-11-09,416,10,7,967,289.36
2023-12-06,1976,24,8,150,375.12
2020-11-01,372,25,9,729,213.43
2023-01-15,367,11,8,61,123.11
2021-08-21,1045,2,5,679,168.65
2022-10-20,1706,6,4,448,189.4
2020-01-26,674,39,7,910,98.43
2020-05-01,15,11,4,328,60.78
2022-05-24,1052,14,10,50,218.1
2020-09-25,1621,34,10,109,59.59
2020-12-19,1835,34,10,534,295.93
2021-04-28,1415,37,6,987,313.62
2023-03-04,473,40,10,626,230.09
2021-03-09,877,15,8,794,386.16
2021-06-23,1238,30,5,919,273.15
2021-10-20,1078,47,1,752,330.42
2023-02-08,335,11,10,205,254.9
2020-03-09,92,20,8,764,15.93
2022-11-13,1752,25,7,449,107.86
2022-08-11,305,28,10,968,157.01
2019-06-10,1400,13,10,224,39.4
2022-03-28,1161,49,9,140,358.71
2019-09-01,1976,23,8,125,295.31
2022-02-28,178,11,10,177,160.79
2020-04-30,1440,15,8,88,175.08
2023-03-17,335,48,10,743,321.95
2023-08-04,1130,27,7,850,124.65
2022-01-01,1227,50,3,222,233.54
2022-03-02,1569,9,6,444,392.5
2021-10-27,908,22,3,677,89.34
2022-06-18,198,29,8,351,285.93
2020-07-12,1770,1,2,591,245.73
2023-03-23,283,19,5,298,171.52
2023-01-13,1108,39,10,411,25.51
2020-07-24,770,35,10,855,188.86
2023-07-08,1139,32,1,577,37.63
2021-02-07,653,15,2,205,168.85
2021-09-25,1655,8,10,78,254.89
2022-12-08,265,14,5,222,102.4
2019-09-06,1931,41,10,103,333.27
2023-08-31,319,7,3,679,310.16
2019-06-02,762,43,5,347,11.44
2022-05-17,1607,7,7,402,85.0
2020-02-25,1753,32,4,782,232.15
2022-11-13,1351,40,2,864,223.98
2021-10-16,1942,20,10,630,41.5
2019-01-05,411,34,1,679,82.27
2020-11-09,1184,6,10,291,177.26
2019-03-28,751,21,2,168,256.39
2019-11-11,1712,27,9,522,259.07
2020-07-05,780,14,5,583,130.27
2020-10-18,1427,28,1,658,302.42
2022-01-09,1820,7,2,477,216.78
2020-07-19,1740,25,1,135,98.22
2020-03-22,1683,48,2,596,209.61
2020-03-04,1700,44,5,409,114.69
2022-05-05,1870,11,1,724,92.34
2021-06-05,1939,40,6,558,357.5
2020-10-28,694,45,5,793,297.49
2021-09-02,1763,5,1,248,244.51
2020-05-19,1181,41,7,586,8.06
2019-11-18,293,38,3,502,177.2
2019-07-08,1925,4,1,108,261.81
2020-09-09,1975,2,1,945,277.15
2019-10-26,1489,28,5,526,328.09
2021-01-12,378,49,1,746,127.73
2023-07-27,860,4,4,909,40.07
2023-11-22,1521,33,9,458,326.18
2022-03-08,1140,26,4,639,304.14
2020-01-16,1955,19,1,730,47.99
2020-03-25,1034,29,4,561,111.82
2019-08-29,1795,11,6,694,207.67
2019-08-11,135,41,10,643,25.07
2022-07-04,1305,45,5,863,184.01
2023-01-27,1169,15,4,532,114.73
2022-08-05,664,17,4,806,10.95
2023-08-09,1172,50,3,509,382.73
2021-05-09,415,45,2,283,262.72
2021-01-21,1555,27,2,427,311.08
2020-10-24,670,4,10,899,192.16
2022-02-17,829,12,1,207,246.07
2023-05-13,709,39,2,983,49.16
2019-04-07,1482,5,8,743,231.92
2020-10-12,921,2,2,586,50.05
2023-04-26,79,8,8,777,272.85
2023-11-13,1004,39,7,944,261.74
2019-06-11,1010,31,1,986,173.7
2023-01-15,688,28,3,278,121.05
2021-12-14,1808,32,7,712,63.31
2023-05-15,413,50,3,632,264.7
2021-11-04,486,25,8,987,377.34
2021-11-08,1131,13,1,384,180.31
2023-12-25,877,46,8,578,380.14
2023-04-13,1244,42,8,473,312.17
2022-09-16,1189,22,2,534,319.47
2021-12-30,1928,45,2,860,308.75
2023-10-31,15,16,3,216,24.14
2022-09-23,1120,24,9,655,370.34
2021-06-03,1280,30,8,475,304.27
2021-02-21,562,27,8,876,16.83
2021-04-29,831,45,2,158,82.81
2021-10-30,1525,18,8,153,138.02
2022-07-31,656,47,5,75,259.72
2020-10-13,216,8,4,758,260.5
2021-01-13,656,3,5,208,214.07
2022-08-17,313,15,6,836,268.38
2022-03-13,136,9,5,756,155.58
2023-12-27,1743,33,3,543,358.76
2023-08-26,1140,50,10,825,5.32
2020-10-19,15,48,5,298,148.99
2020-06-06,1542,40,3,481,170.12
2020-02-24,16,25,2,801,175.35
2020-07-07,1099,49,8,578,107.57
2019-11-19,1025,7,10,215,214.12
2022-03-05,1043,19,7,962,177.72
2022-09-07,1201,17,1,491,168.32
2020-12-21,206,10,5,885,143.58
2021-12-24,1768,7,1,143,379.09
2021-11-04,1354,42,4,865,326.18
2022-09-15,1735,6,2,467,237.46
2023-06-05,1490,7,4,561,106.4
2020-10-04,1858,23,6,569,129.78
2020-11-26,75,24,8,458,59.18
2020-09-11,584,4,4,736,57.0
2020-08-26,1862,6,8,83,304.25
2022-09-22,1832,2,5,674,124.18
2022-10-09,1963,8,9,762,92.45
2020-09-07,346,4,3,510,156.58
2019-03-05,1638,22,8,253,295.55
2019-03-09,1294,49,1,891,84.39
2020-06-14,92,14,2,475,176.53
2019-01-15,1826,45,3,214,217.36
2023-06-13,593,9,1,656,298.0
2023-11-25,1014,46,1,198,21.04
2022-06-13,953,31,9,816,151.34
2023-06-04,570,3,3,575,245.59
2022-08-02,1485,46,6,764,338.94
2023-05-02,1758,26,8,668,364.97
2019-03-28,257,3,8,202,157.1
2019-11-30,870,31,4,952,13.5
2020-11-20,1671,26,10,400,25.27
2021-08-10,116,2,2,284,217.22
2022-09-18,1216,29,3,654,207.45
2021-05-10,583,33,8,76,102.44
2023-12-21,1070,48,10,407,209.93
2019-02-12,1738,32,5,469,268.21
2021-10-11,806,20,1,220,176.16
2021-03-03,1691,3,3,210,43.07
2023-05-14,1635,48,1,66,134.12
2023-12-15,1403,40,2,284,262.2
2023-03-02,703,19,1,313,151.87
2020-03-27,1091,39,5,123,41.9
2022-03-27,1298,49,9,250,183.71
2023-09-20,569,36,4,227,195.16
2020-12-16,642,15,6,484,203.07
2021-11-17,276,34,7,775,195.13
2022-03-18,536,12,2,745,142.4
2022-08-24,1716,40,9,899,223.51
2021-08-14,1243,23,7,65,57.39
2020-06-21,906,42,2,454,154.32
2022-08-23,1990,13,6,171,120.45
2022-06-21,1479,34,9,318,100.1
2021-12-19,1408,2,1,817,188.53
2019-06-18,1664,42,5,238,312.32
2019-10-01,1803,47,4,593,253.55
2021-08-02,1620,31,6,958,43.62
2019-10-13,89,25,9,330,194.81
2020-01-28,1410,17,7,909,347.29
2020-03-06,119,4,5,891,374.59
2023-01-10,1990,26,1,305,246.06
2019-07-11,1334,50,9,503,234.61
2021-12-17,1147,24,1,893,236.52
2023-06-17,1603,44,2,67,306.27
2022-06-22,238,8,1,312,341.32
2020-11-07,745,25,7,451,211.65
2023-09-15,878,10,9,647,158.31
2021-11-23,1090,47,1,987,382.41
2023-02-21,472,49,2,293,110.87
2022-10-10,205,26,5,344,161.16
2023-10-14,1285,19,2,241,322.84
2022-05-01,133,24,5,772,31.2
2019-08-12,1027,24,10,958,179.94
2023-06-05,1983,48,9,96,179.73
2023-10-15,1443,9,7,892,318.44
2022-10-01,1527,27,8,167,250.31
2022-03-30,1186,28,4,330,68.73
2021-06-10,386,38,3,572,132.5
2021-11-26,704,3,8,462,267.0
2021-09-14,1074,39,10,885,115.09
2019-09-06,173,41,8,883,269.69
2022-07-31,492,6,2,318,43.89
2023-11-25,1065,36,6,263,88.68
2023-12-11,1687,41,5,703,258.46
2023-04-18,1166,2,3,898,29.43
2019-04-01,1489,47,8,287,384.92
2023-02-12,151,4,1,576,322.87
2021-07-04,1864,29,3,600,240.81
2022-07-15,885,16,6,756,107.27
2020-07-05,743,43,5,165,269.29
2020-01-24,1772,29,2,551,212.22
2020-04-22,1003,9,10,451,260.94
2019-02-08,13,42,7,262,229.52
2022-09-05,1871,16,1,133,34.91
2020-08-20,583,2,3,413,347.33
2020-10-31,494,8,3,198,114.13
2021-09-16,1497,19,9,361,104.98
2022-05-31,932,7,2,307,118.85
2020-01-25,1475,47,5,599,147.3
2023-11-30,1226,4,10,962,62.98
2023-08-04,673,30,2,480,102.53
2020-07-27,64,31,1,564,140.13
2019-09-22,24,42,5,697,60.48
2023-07-28,1252,48,7,758,222.98
2023-12-29,782,46,3,117,56.2
2020-11-01,841,47,7,885,57.4
2022-06-20,1917,3,4,696,265.85
2023-05-06,13,28,3,665,376.39
2020-08-20,520,32,6,197,184.67
2021-10-13,483,44,9,222,140.59
2023-02-11,797,42,9,907,298.22
2023-02-05,822,28,1,557,222.28
2021-09-17,1727,44,5,579,196.33
2023-10-12,1058,16,2,787,226.17
2023-04-20,1304,18,1,133,391.16
2019-01-21,1204,36,7,529,330.47
2021-12-08,1125,5,8,820,386.3
2020-04-24,361,43,9,619,159.26
2019-07-03,1163,37,7,737,268.3
2022-10-20,420,6,8,324,289.85
2022-01-14,1400,3,6,303,14.14
2019-06-07,966,32,10,795,235.4
2020-05-11,1243,26,2,178,152.75
2019-04-16,197,34,2,710,346.95
2022-05-17,311,3,5,680,49.01
2019-05-08,1250,40,7,400,12.87
2019-01-16,1761,30,6,116,216.42
2019-12-17,858,2,2,215,272.55
2023-10-31,677,45,3,344,240.19
2021-05-24,565,41,3,51,187.81
2023-01-02,1652,1,4,974,371.04
2023-05-16,953,21,4,456,7.44
2022-07-22,957,42,7,493,76.6
2019-03-08,1205,7,1,928,176.78
2022-11-20,882,19,3,320,23.92
2023-09-06,1151,34,8,340,390.45
2021-09-20,1394,27,2,388,128.66
2023-08-10,334,18,1,215,125.88
2019-01-27,610,9,10,550,299.97
2022-07-26,1566,14,9,387,203.76
2023-12-29,1993,42,5,258,122.81
2021-04-12,1399,24,1,492,220.82
2023-06-23,489,7,2,269,295.46
2021-03-07,634,30,4,551,8.57
2022-09-10,1699,40,10,872,365.71
2021-08-24,1358,5,7,802,372.24
2021-05-01,207,10,7,682,362.6
2020-05-02,1634,11,5,476,108.63
2019-09-14,185,48,10,986,96.4
2021-06-16,1089,4,10,294,36.7
2021-08-03,1075,2,1,555,37.09
2023-01-18,1544,45,10,123,224.04
2020-06-12,1574,49,6,266,15.62
2020-04-24,289,40,6,456,179.11
2021-06-26,603,40,6,211,242.59
2019-02-11,955,21,7,896,113.89
2020-05-02,1730,10,7,393,264.88
2022-07-03,1721,30,5,513,38.08
2019-04-15,92,9,7,516,49.01
2020-07-19,1965,7,10,480,260.84
2021-10-07,1143,48,1,188,227.17
2022-04-22,1794,19,7,375,113.83
2023-08-10,868,16,1,409,274.83
2023-09-17,1510,42,5,612,100.74
2021-09-23,1845,29,6,991,13.46
2023-08-01,1905,18,3,913,78.04
2023-09-12,621,14,2,543,266.85
2019-10-14,263,50,8,701,190.07
2021-12-30,49,10,4,725,258.77
2022-06-19,167,12,6,914,167.61
2019-07-17,1155,44,8,985,190.11
2020-07-14,948,35,9,262,25.96
2022-12-17,1846,21,2,164,352.7
2023-12-05,1676,46,9,202,69.45
2022-02-06,1288,22,9,970,40.27
2022-12-30,1228,33,5,270,242.44
2020-11-30,584,10,1,483,126.31
2022-08-14,1842,16,10,990,376.37
2023-03-31,1291,18,5,719,133.71
2023-07-10,686,43,1,315,375.7
2021-05-24,1373,22,10,301,238.94
2020-10-04,962,6,9,787,388.68
2022-07-30,162,35,8,188,37.27
2021-07-17,1372,46,6,578,390.58
2020-11-11,1210,43,3,131,185.58
2023-02-09,1751,7,1,908,164.67
2019-10-06,738,26,7,103,269.64
2023-02-20,508,38,6,709,324.13
2021-01-21,460,10,8,453,361.23
2021-03-29,734,41,2,405,314.83
2023-03-04,1265,45,9,469,207.22
2021-11-25,1173,36,5,323,328.94
2019-02-04,1802,45,6,255,279.85
2019-10-22,1290,10,3,992,250.07
2023-09-06,862,16,2,518,208.01
2020-05-20,1925,37,6,446,156.63
2023-10-22,1049,6,9,986,16.4
2023-08-15,939,24,1,59,5.86
2020-10-17,1449,42,5,125,81.09
2019-04-09,537,18,2,95,263.14
2021-12-25,883,12,7,428,300.81
2019-10-16,772,47,2,734,394.06
2019-05-28,1368,23,7,98,374.72
2022-08-14,1805,50,3,750,371.92
2021-09-23,215,44,9,266,45.81
2021-12-29,1745,19,1,788,356.37
2023-03-05,1710,26,3,378,353.04
2022-05-03,575,25,2,207,70.43
2022-10-01,734,28,6,992,210.05
2019-08-12,1476,27,1,513,356.21
2019-08-10,163,38,5,493,40.65
2021-07-06,1621,47,7,649,27.83
2019-07-03,1786,3,1,991,343.39
2021-03-04,1475,39,7,983,350.98
2019-07-16,767,46,8,60,23.33
2023-02-20,1044,45,5,381,88.03
2019-03-29,1654,36,9,423,360.18
2019-06-03,430,24,7,617,71.33
2020-06-10,1230,39,2,605,290.43
2021-06-21,567,3,6,396,118.72
2020-05-25,319,4,10,403,369.75
2023-08-21,1017,5,2,371,248.64
2021-11-09,382,47,5,945,376.57
2020-06-02,1271,43,5,294,315.54
2023-04-22,1170,17,4,313,166.65
2022-05-02,545,8,9,609,381.61
2023-09-18,1086,49,10,427,170.73
2019-08-11,1785,9,1,779,106.78
2021-10-25,1792,10,6,565,333.32
2020-01-28,1810,37,6,665,264.53
2020-02-29,1951,10,6,863,53.89
2021-05-21,1308,28,1,262,10.69
2022-06-07,647,39,7,305,185.0
2020-09-14,1124,10,10,994,275.13
2022-04-17,171,37,3,803,342.23
2019-01-24,676,24,1,369,382.77
2020-11-29,1844,24,8,773,312.42
2021-02-10,1700,48,2,492,343.15
2019-06-15,1785,41,9,313,163.9
2019-12-23,1961,43,3,202,29.76
2023-07-28,1386,13,1,654,205.77
2022-11-30,1429,32,10,172,227.42
2019-08-30,1958,39,3,981,203.05
2021-08-18,246,42,3,206,36.1
2020-11-27,1024,15,9,130,154.26
2021-01-03,834,34,10,512,41.51
2020-07-24,1321,8,5,430,387.5
2021-08-25,821,39,1,433,74.56
2020-02-12,1314,2,5,527,107.8
2023-06-15,1348,19,6,993,115.04
2019-10-17,1032,15,9,345,161.68
2019-08-04,1512,5,3,770,307.97
2022-03-24,927,11,4,847,102.06
2020-01-23,1618,40,1,624,328.17
2021-12-12,699,21,8,153,26.93
2020-04-15,1619,7,3,549,284.54
2021-07-10,1499,30,3,774,309.65
2019-09-11,1905,29,6,483,8.66
2023-02-12,597,39,8,179,82.66
2023-08-27,346,10,5,895,158.82
2023-06-27,917,33,8,554,80.61
2020-10-01,368,18,10,946,341.98
2019-04-25,1796,47,3,190,111.97
2019-05-13,777,40,4,215,79.61
2023-09-16,1971,24,9,655,65.47
2023-05-04,440,31,6,979,290.42
2023-02-21,954,50,1,230,344.8
2021-05-24,1860,46,1,712,41.41
2019-06-15,703,6,7,713,370.22
2019-10-07,1066,21,1,307,320.95
2020-02-18,103,36,6,653,52.15
2019-03-16,547,7,5,222,290.68
2022-04-21,1846,5,6,614,396.15
2019-12-16,1296,34,3,879,145.77
2019-11-20,1105,24,3,646,290.83
2020-05-06,1479,14,3,140,33.17
2019-06-11,1347,47,4,537,353.96
2023-04-28,804,29,2,406,233.48
2023-05-18,548,13,10,443,130.93
2020-03-05,822,38,10,705,217.59
2022-02-26,697,14,10,150,350.16
2021-05-22,1264,15,3,388,100.89
2020-12-25,37,47,6,206,44.65
2019-02-15,1849,10,7,561,97.35
2023-06-02,591,11,1,320,49.71
2019-03-12,1328,49,6,387,198.06
2020-01-03,1062,47,10,579,238.88
2022-10-15,1873,19,10,426,179.65
2020-09-03,1718,17,7,302,28.38
2023-04-28,263,48,4,415,230.14
2023-05-26,772,50,7,160,171.34
2019-07-05,1134,5,4,527,317.56
2023-12-31,123,17,3,687,347.41
2020-03-08,1546,31,5,480,378.56
2023-02-16,1745,37,10,184,251.47
2019-06-24,1615,11,8,307,355.71
2021-10-09,274,10,9,593,161.57
2020-04-15,702,34,9,348,303.23
2021-04-04,919,24,5,838,6.87
2022-09-09,190,13,8,998,28.76
2020-07-23,911,34,5,957,269.93
2022-07-20,439,15,7,779,379.05
2023-02-03,1911,35,8,461,305.49
2020-06-14,1180,16,6,216,13.59
2019-09-02,722,34,10,879,396.22
2019-02-09,1613,43,5,162,251.37
2021-02-04,890,23,10,123,65.06
2020-09-26,164,47,7,490,85.82
2020-02-16,794,33,10,431,294.59
2023-04-21,13,30,5,540,144.77
2019-06-24,134,2,4,352,389.15
2019-12-20,505,11,5,96,301.51
2022-12-01,53,23,5,278,251.87
2022-11-28,1625,47,3,813,320.73
2019-04-10,1053,29,7,129,137.48
2020-09-11,1764,18,9,235,147.43
2022-07-18,808,18,3,814,271.74
2019-09-25,877,40,6,433,329.77
2023-11-26,1502,27,5,888,53.18
2019-04-03,660,20,7,174,356.19
2022-10-27,1852,25,3,247,13.79
2022-04-02,1381,3,6,413,395.25
2021-07-12,1424,31,7,675,265.58
2023-12-07,1690,17,8,106,382.74
2019-07-03,1207,47,3,330,184.18
2019-05-17,1750,6,5,716,262.32
2020-09-07,1748,31,8,789,245.84
2023-04-01,1495,28,1,190,298.89
2021-08-27,135,22,9,391,177.18
2021-01-09,1856,25,6,742,89.0
2021-02-22,1918,47,10,845,360.27
2022-12-07,787,28,4,159,184.1
2022-09-10,1242,21,2,696,46.77
2023-10-18,1390,49,3,152,59.61
2022-08-25,1314,28,3,643,251.58
2019-08-14,957,48,1,972,25.76
2023-05-23,1178,40,2,795,257.55
2022-10-28,1688,4,6,667,47.58
2020-02-16,1376,50,10,546,292.34
2019-11-21,40,2,4,774,87.09
2020-09-14,939,31,5,555,320.67
2022-04-29,13,39,4,584,142.68
2022-06-05,323,22,5,251,276.69
2021-04-20,526,23,4,82,194.63
2021-08-01,1543,11,3,855,398.43
2020-02-05,1593,5,7,335,169.58
2022-02-07,320,27,10,946,346.57
2021-02-09,564,27,9,988,366.04
2020-03-25,54,34,4,739,243.09
2022-09-22,1146,3,5,547,89.41
2021-08-07,1291,22,8,654,335.33
2022-09-16,1893,35,7,675,343.93
2022-01-02,233,28,6,950,19.33
2020-04-19,1125,16,9,427,385.24
2019-12-12,1531,43,2,598,294.77
2021-01-02,1471,7,1,147,152.54
2020-02-09,1402,3,8,468,315.28
2022-05-11,1945,45,5,273,207.39
2019-02-23,1324,32,7,646,20.5
2021-03-08,507,13,7,923,82.39
2021-05-29,1415,30,10,947,246.54
2019-06-15,165,21,5,481,269.46
2021-10-24,1010,12,2,536,364.89
2020-01-22,1833,48,4,857,313.46
2019-12-11,1255,49,6,839,297.25
2021-04-15,867,20,6,514,223.79
2023-12-14,1960,34,1,533,73.14
2019-05-11,1929,10,3,337,301.98
2020-06-12,819,27,5,86,182.8
2021-12-06,1353,48,2,522,68.88
2020-05-30,1857,5,4,581,153.36
2019-11-22,474,11,5,428,271.83
2020-02-17,1344,47,1,354,218.07
2021-11-25,1133,50,10,810,303.42
2020-05-26,234,16,5,204,313.11
2022-05-14,235,10,4,846,385.0
2021-08-14,476,25,7,806,90.94
2023-07-10,1368,6,5,117,83.84
2019-02-18,1463,41,1,666,254.21
2023-04-17,1444,11,1,608,121.2
2020-01-04,1857,20,4,898,237.19
2021-10-08,977,15,9,936,70.32
2020-11-17,1516,4,8,840,150.57
2020-05-31,487,4,4,420,198.92
2022-02-12,1612,20,5,785,40.95
2023-01-12,1318,44,7,329,218.94
2020-02-10,229,43,3,492,232.23
2020-12-24,487,50,9,809,209.91
2019-08-31,989,5,10,744,21.19
2023-09-20,654,33,4,448,210.87
2023-04-09,1382,18,9,541,319.72
2023-01-05,867,25,3,568,301.92
2022-08-17,395,3,6,86,95.23
2020-01-11,978,13,2,926,61.37
2021-12-20,1418,12,5,595,100.06
2021-10-13,448,48,3,971,333.39
2019-03-08,113,9,5,864,299.73
2019-01-22,841,28,9,621,236.0
2023-11-17,1929,47,10,435,329.56
2019-09-24,1714,8,4,465,331.88
2022-08-07,349,10,3,660,384.47
2023-01-07,1932,19,1,177,19.76
2019-11-28,423,31,2,403,47.23
2023-03-02,464,44,1,900,386.93
2019-11-16,568,4,2,683,309.5
2020-12-23,1419,16,10,205,375.86
2019-05-17,363,1,6,395,143.63
2021-01-01,706,4,4,951,267.83
2020-08-14,1706,50,8,644,181.49
2022-09-22,1068,30,2,632,146.51
2020-04-28,210,28,5,744,386.1
2019-08-21,1475,14,7,846,104.39
2019-06-09,640,18,1,193,111.9
2021-06-13,367,46,2,318,53.52
2021-10-01,1376,4,1,121,163.51
2022-12-17,1767,1,5,98,118.48
2019-09-24,570,22,10,793,215.09
2019-09-26,1320,11,6,71,283.05
2023-03-09,1312,19,5,683,390.08
2020-12-03,839,7,10,145,176.05
2019-10-19,931,27,5,324,58.18
2022-09-01,104,28,1,405,283.32
2023-03-25,1742,34,1,860,302.76
2023-11-15,129,3,2,612,85.31
2019-10-27,1190,43,5,632,127.44
2022-06-09,105,13,9,249,92.28
2021-06-20,1900,35,3,159,301.87
2021-10-02,391,33,7,762,143.86
2022-03-21,1518,22,8,57,397.98
2020-06-30,1890,33,5,504,228.61
2020-11-07,385,40,9,998,316.27
2020-03-05,760,48,4,127,152.91
2023-09-02,590,4,1,373,241.28
2021-11-19,1523,21,8,99,96.09
2020-12-16,1116,48,4,558,226.2
2020-08-20,661,37,3,198,30.96
2020-09-15,1275,25,7,372,346.0
2022-05-18,885,3,4,905,43.22
2022-03-20,57,9,2,981,97.77
2019-03-29,539,5,2,95,297.05
2020-01-31,1947,19,10,188,204.04
2023-10-12,584,40,6,259,381.25
2020-08-17,1485,41,2,489,32.79
2022-06-26,1197,24,1,594,315.95
2019-03-21,754,41,2,222,294.94
2021-04-16,50,20,5,128,115.72
2019-08-26,1829,6,9,824,102.27
2020-09-23,741,1,9,334,131.81
2021-12-30,832,32,2,419,169.47
2023-08-15,1255,42,8,660,297.52
2023-06-19,1240,21,5,196,237.94
2023-07-29,77,29,3,712,121.85
2019-08-31,685,8,3,217,18.38
2020-09-26,1599,3,2,878,340.93
2021-06-07,1620,15,3,606,215.51
2023-02-09,883,8,9,211,356.0
2022-05-20,1742,26,10,995,42.41
2022-12-28,1348,15,3,674,95.11
2020-12-04,79,17,6,459,207.54
2021-02-11,1331,40,7,941,135.63
2020-12-26,217,1,7,706,131.26
2023-04-24,1217,26,4,875,317.6
2023-09-18,1221,48,1,353,112.44
2020-08-10,910,19,5,204,123.63
2021-09-28,1650,27,6,878,126.96
2020-03-11,549,38,8,232,123.07
2022-05-16,1724,14,5,984,81.17
2022-11-09,1167,14,2,223,289.22
2019-07-16,1095,43,4,576,139.63
2021-02-13,1356,9,5,735,119.85
2022-03-31,67,43,9,906,331.83
2020-01-20,1331,35,8,89,213.0
2019-02-10,1326,27,6,872,236.2
2022-11-18,980,24,4,999,241.5
2023-09-05,651,31,2,135,249.33
2020-10-04,84,41,9,920,170.66
2019-01-15,119,49,10,295,241.31
2023-10-03,1458,7,3,86,335.13
2022-11-04,184,42,1,204,250.01
2023-01-15,1694,28,4,820,143.34
2019-01-03,1322,40,5,828,48.43
2021-08-20,1262,14,8,244,159.93
2021-02-09,39,43,2,190,393.32
2023-11-01,726,14,2,821,237.57
2021-03-06,927,30,8,76,395.61
2019-04-18,415,32,9,127,87.42
2023-08-20,933,11,7,501,88.64
2020-01-13,1223,42,2,593,134.19
2021-01-06,1305,20,8,196,358.05
2023-11-21,1890,42,7,284,10.87
2022-09-26,524,17,7,475,260.93
2022-06-27,1695,46,6,787,266.35
2023-11-25,1581,18,2,413,37.62
2021-05-11,1003,1,6,288,372.5
2021-08-29,678,33,1,98,280.14
2022-08-03,1470,9,8,377,177.39
2019-10-14,1935,11,6,501,390.23
2022-04-12,1730,38,9,294,213.19
2021-05-26,416,46,9,531,134.76
2023-02-17,739,3,1,521,211.32
2019-05-11,473,49,6,669,281.86
2020-05-04,86,40,3,53,388.85
2023-07-10,1165,14,3,337,182.49
2023-01-10,374,4,3,245,150.91
2023-10-03,1707,23,3,785,374.61
2019-02-21,1228,12,6,645,312.45
2019-10-30,1803,38,2,757,185.46
2021-07-07,662,31,6,264,151.74
2023-11-04,482,26,9,779,168.39
2023-10-08,1206,30,8,732,11.1
2023-08-30,1973,32,5,776,191.08
2023-03-03,1495,37,3,927,29.4
2023-01-29,451,17,4,329,274.02
2022-03-09,976,19,5,714,369.82
2020-02-29,1013,14,2,374,392.85
2022-09-19,1326,4,2,257,256.77
2022-05-27,241,12,6,346,146.18
2020-11-14,810,7,1,871,219.49
2020-04-25,1776,4,3,118,344.07
2021-11-07,1475,36,7,712,281.78
2019-03-06,18,40,4,227,206.63
2019-08-12,1733,4,4,118,107.21
2019-07-31,28,42,2,602,242.15
2019-03-03,1385,1,3,895,60.94
2021-11-25,360,21,1,586,207.48
2022-03-26,761,33,10,285,291.5
2022-01-17,866,36,8,863,69.88
2023-06-08,1198,2,1,306,279.43
2020-11-22,1444,43,7,429,63.61
2019-11-11,936,4,1,773,333.39
2021-07-26,1554,37,4,460,349.46
2021-01-01,1436,9,6,858,184.69
2022-12-02,3,28,5,615,267.98
2022-05-24,908,11,3,589,40.28
2019-10-06,1277,46,9,66,10.4
2019-09-14,355,20,9,149,71.68
2023-05-04,143,13,8,87,276.71
2021-08-05,1566,2,8,345,228.52
2021-10-04,1587,13,8,131,169.14
2019-06-09,546,3,3,221,294.26
2020-08-03,1770,1,5,293,257.35
2021-11-04,621,41,8,753,210.19
2023-03-26,912,19,10,661,64.69
2019-02-02,931,23,1,889,150.46
2022-04-06,1818,42,9,520,227.44
2023-04-08,196,1,6,756,140.91
2022-04-28,1081,44,6,734,160.65
2019-08-18,67,30,2,850,310.64
2021-11-19,29,31,6,476,268.03
2023-03-27,1471,1,8,644,266.04
2021-06-11,1836,43,4,927,352.66
2022-08-21,1571,6,1,288,188.15
2019-01-20,1817,11,1,623,329.19
2021-09-24,1810,5,1,705,99.42
2021-04-15,1335,20,7,371,325.93
2022-06-11,1525,25,5,129,34.21
2019-11-15,57,24,10,264,295.38
2022-03-12,1744,36,5,320,251.01
2020-10-18,474,42,10,378,381.0
2021-02-26,777,43,5,565,88.53
2020-04-30,48,26,8,310,331.07
2021-01-31,958,16,5,778,125.66
2021-10-27,595,46,1,585,354.81
2023-10-04,58,22,3,956,192.17
2021-02-01,1962,10,8,806,48.17
2023-04-24,1964,12,7,217,35.17
2020-12-07,1865,44,1,727,91.32
2020-09-21,1871,29,2,583,155.58
2023-09-07,549,30,4,818,280.3
2023-02-09,130,49,1,996,143.7
2020-09-05,634,50,9,916,117.18
2020-04-16,1951,12,3,951,392.29
2021-03-31,337,25,9,729,139.07
2023-06-05,1340,14,10,395,326.18
2019-05-11,267,24,7,153,69.0
2019-09-22,261,40,10,98,155.83
2019-06-03,615,46,2,65,25.59
2021-03-25,938,4,2,730,331.16
2019-02-19,1784,41,3,376,161.59
2020-12-11,1746,48,10,952,147.04
2019-11-29,116,15,6,179,396.32
2023-02-03,693,36,4,394,217.6
2021-08-21,1145,46,6,103,64.41
2019-02-06,162,11,2,609,209.46
2022-08-01,1105,5,10,248,37.67
2022-03-30,932,7,9,122,292.38
2021-02-27,247,44,9,841,13.52
2022-02-09,696,13,4,548,302.5
2019-11-02,378,27,10,670,60.15
2020-04-11,531,18,3,587,366.8
2021-08-22,423,29,6,945,381.67
2019-06-23,1330,39,3,121,153.33
2022-04-06,1256,49,4,96,296.09
2020-11-09,1126,42,5,483,395.93
2020-05-04,902,48,3,76,349.76
2019-06-01,1723,39,5,358,376.06
2019-02-19,1688,40,8,709,382.24
2021-05-26,825,15,9,752,343.42
2019-05-04,1896,2,9,941,184.21
2022-02-10,999,17,6,306,248.05
2022-06-24,953,10,8,421,200.86
2023-05-02,499,40,2,754,303.16
2020-09-07,1505,10,1,757,213.65
2019-06-24,829,45,1,766,309.57
2021-09-20,270,3,1,311,127.64
2020-02-08,1022,25,9,743,25.51
2022-12-28,1642,30,8,581,343.98
2020-05-20,1348,10,2,187,342.72
2022-03-14,1653,12,3,341,304.81
2022-07-16,725,20,5,388,235.19
2023-06-18,910,25,10,570,253.54
2022-07-04,508,16,7,863,124.06
2023-03-24,1233,40,9,399,191.35
2019-05-26,1073,12,6,328,348.27
2022-11-09,1700,40,5,396,353.26
2020-02-08,1014,11,1,526,238.0
2022-10-12,1485,46,6,487,148.78
2020-04-29,1542,47,4,502,381.27
2020-06-21,1269,36,2,267,96.41
2019-08-22,751,30,6,354,294.12
2019-03-02,226,20,3,572,347.82
2019-12-08,1168,1,8,697,383.72
2019-09-06,690,50,3,588,19.09
2023-09-21,296,49,4,319,250.4
2020-12-30,1193,9,9,439,102.4
2022-03-03,778,12,3,359,51.64
2021-12-31,1123,25,2,842,71.78
2020-11-18,627,3,7,806,20.61
2023-02-19,189,19,5,219,165.0
2019-09-13,957,12,6,655,155.96
2019-04-25,787,19,9,709,160.08
2020-12-13,1301,22,1,917,263.15
2022-07-10,1961,3,8,622,62.2
2021-11-15,622,19,3,170,210.22
2021-11-07,219,34,9,348,119.87
2023-07-19,1640,20,1,311,151.88
2022-01-26,1703,29,9,112,248.02
2019-01-24,743,25,7,696,274.36
2021-06-15,1948,35,7,410,213.58
2023-02-23,1623,43,2,975,355.08
2023-03-21,1353,12,5,401,146.84
2020-06-28,859,3,8,506,323.98
2020-11-26,1349,41,1,997,30.7
2022-06-23,1000,30,1,700,390.46
2020-01-11,160,5,10,737,188.1
2020-03-08,1373,41,6,60,330.45
2021-04-27,1829,2,7,640,165.48
2019-02-02,1597,30,6,249,132.41
2023-07-21,636,10,4,460,48.7
2019-08-05,1666,30,4,586,279.01
2019-05-31,1264,33,1,504,104.42
2021-06-20,433,37,1,773,109.7
2023-05-22,916,8,7,129,8.83
2020-03-17,1336,5,7,552,111.37
2019-01-19,829,32,1,987,314.86
2020-06-25,344,47,4,743,71.84
2020-11-10,183,26,7,903,129.68
2022-05-24,1310,9,1,406,143.96
2021-07-30,582,17,10,999,340.93
2019-10-25,1987,28,7,761,52.75
2021-09-15,1117,40,6,209,29.41
2022-07-20,616,10,3,834,40.17
2020-02-26,291,26,5,291,146.25
2021-09-27,385,23,1,728,52.18
2022-12-24,1450,45,10,642,299.75
2021-05-27,413,14,7,559,105.31
2022-12-22,1272,3,9,337,175.21
2020-07-30,838,30,7,678,170.68
2020-10-17,1529,40,1,684,43.84
2022-01-04,316,22,4,342,335.92
2022-09-16,1757,3,5,396,377.18
2020-12-14,982,44,6,90,213.65
2019-09-01,292,19,2,465,47.72
2021-06-17,1144,34,5,697,390.33
2019-04-03,1120,13,5,806,5.43
2021-09-20,544,46,9,755,376.58
2021-12-27,1921,3,3,319,223.04
2023-12-29,1716,8,9,422,208.59
2020-05-25,1190,36,9,581,342.98
2020-01-22,1668,47,7,809,391.01
2022-12-23,1355,7,9,870,190.13
2019-06-27,723,7,3,963,267.35
2019-10-01,511,4,9,611,110.78
2020-11-08,1606,4,10,156,399.78
2020-09-25,304,41,7,623,275.63
2022-01-14,575,48,2,888,183.24
2020-01-03,347,18,8,673,187.66
2020-09-13,1048,43,7,159,358.51
2020-07-28,255,36,7,963,339.61
2020-03-28,847,4,10,585,67.0
2023-02-24,685,23,1,714,135.6
2020-08-19,358,31,2,419,118.03
2023-01-16,193,32,2,83,134.87
2021-08-09,947,28,10,932,105.8
2021-01-29,1976,32,3,709,12.92
2020-04-18,78,37,4,668,384.37
2019-08-02,257,4,2,537,391.89
2023-07-31,72,16,8,91,227.29
2019-10-05,279,9,8,866,145.72
2019-09-06,863,22,5,550,101.99
2022-06-14,22,26,8,189,206.29
2020-04-04,1713,2,2,591,362.71
2022-02-03,793,41,2,102,386.35
2019-11-14,121,11,5,896,330.25
2021-06-05,603,15,6,355,81.68
2020-08-11,836,37,7,348,104.97
2023-11-02,833,28,8,896,168.29
2021-10-13,181,20,8,716,214.03
2022-11-13,1637,3,6,508,85.58
2020-10-04,1941,5,3,350,19.34
2020-09-20,1066,25,10,281,191.54
2022-03-17,1300,37,2,822,262.22
2022-01-07,528,4,10,405,391.99
2022-05-28,1856,12,5,996,242.63
2019-01-05,1073,28,9,284,109.24
2019-04-30,1217,5,8,956,290.56
2020-07-16,1875,39,2,200,47.2
2021-01-03,1191,44,1,686,275.03
2020-04-06,1975,22,9,233,179.35
2020-12-05,406,15,7,664,386.15
2023-01-06,1228,20,8,275,290.3
2022-08-15,148,10,4,862,186.06
2021-04-18,1173,48,10,534,276.03
2022-05-29,920,36,4,348,53.8
2021-01-24,512,48,8,555,379.44
2019-03-13,1489,22,2,717,270.88
2019-01-21,764,7,8,929,70.83
2021-01-11,1696,37,1,831,139.19
2020-06-30,1668,40,4,410,218.48
2022-04-08,509,6,9,178,78.34
2022-06-21,646,24,6,142,368.06
2022-10-02,1384,34,3,562,133.67
2021-08-03,1239,21,4,54,346.14
2023-10-06,1982,37,1,867,279.15
2021-08-07,1630,34,7,158,300.47
2019-05-28,1585,42,5,383,69.41
2022-08-11,390,2,6,210,371.33
2022-05-21,575,13,3,729,13.64
2022-04-12,1693,22,2,855,46.99
2023-12-16,1661,47,7,950,95.28
2019-07-24,1997,44,4,266,308.5
2021-02-09,1709,46,9,500,379.47
2022-08-20,1041,45,4,141,250.73
2019-08-14,283,32,1,476,201.51
2019-08-07,1910,40,10,55,261.25
2023-09-16,597,35,5,216,15.16
2021-09-04,529,10,2,299,13.34
2021-10-23,688,18,6,741,256.39
2021-03-15,1440,22,3,310,361.02
2020-03-26,241,37,10,745,183.24
2022-12-31,1124,28,8,354,232.34
2021-03-16,1884,12,5,375,54.7
2020-09-03,662,16,5,478,7.14
2019-01-17,1547,38,9,593,182.92
2022-06-12,1334,31,3,107,72.39
2023-02-06,1242,40,1,370,75.93
2022-10-22,752,38,6,336,330.84
2023-09-21,1792,11,10,769,345.75
2021-11-07,121,4,3,866,333.47
2021-03-03,235,7,6,281,254.93
2022-10-21,96,41,10,983,326.23
2021-01-09,1044,7,6,413,232.17
2020-06-28,1624,24,9,882,39.21
2022-03-28,1462,13,9,373,106.55
2021-02-14,795,17,10,777,264.0
2021-09-20,985,34,8,904,213.58
2023-02-20,478,21,2,728,48.17
2023-01-01,119,41,7,333,396.4
2020-05-24,256,34,5,623,268.97
2021-02-26,731,9,1,123,246.73
2020-03-03,1860,20,10,118,395.39
2022-12-21,1598,18,9,694,14.0
2020-07-24,604,10,8,355,231.52
2020-06-21,1159,23,3,476,155.07
2020-09-15,1805,30,5,862,37.5
2019-12-11,152,3,5,548,376.17
2019-10-12,979,46,7,718,147.14
2023-09-20,434,38,1,696,228.49
2023-08-02,442,17,10,863,93.03
2023-03-22,1224,19,7,494,221.17
2020-11-19,292,44,6,210,335.8
2019-01-24,1839,21,9,844,43.32
2023-07-08,1899,22,7,700,210.78
2022-04-21,798,18,10,984,159.18
2019-04-13,257,15,3,184,378.42
2023-08-01,618,4,3,351,132.5
2020-01-01,1458,31,1,805,222.45
2019-01-29,1117,5,10,438,314.98
2022-07-02,586,45,2,653,356.93
2023-01-16,775,26,10,150,40.14
2023-09-11,654,41,1,336,298.5
2019-04-20,1589,24,9,206,309.86
2019-04-10,1879,10,5,277,293.0
2019-11-29,947,33,10,272,88.37
2021-05-06,1888,7,10,250,64.35
2023-08-02,1023,44,5,939,130.12
2021-04-15,1572,30,4,51,388.92
2021-05-14,172,2,7,660,106.31
2023-08-07,795,47,2,685,266.96
2021-01-23,1680,28,5,386,308.2
2023-04-24,1312,24,2,545,250.17
2019-04-15,15,47,7,286,204.82
2019-08-27,892,28,3,946,378.52
2022-01-08,976,27,9,613,348.66
2021-03-30,1550,31,3,122,112.23
2021-11-03,812,14,2,535,390.02
2021-02-21,1027,30,4,581,164.75
2021-08-10,1768,32,4,341,316.77
2020-07-08,1505,49,7,636,126.07
2022-01-28,666,34,10,409,364.95
2021-09-22,741,10,2,355,368.91
2022-10-15,340,47,6,515,28.53
2021-06-09,251,46,9,751,50.03
2020-04-24,809,35,4,303,248.92
2019-05-30,289,39,1,69,377.13
2021-03-29,1690,37,8,429,69.91
2019-08-27,1519,29,8,381,31.46
2019-09-05,883,10,6,797,214.75
2023-07-11,1726,16,6,582,339.71
2021-02-08,1996,11,9,685,104.85
2020-06-04,1101,32,4,196,141.09
2019-08-24,576,49,6,981,241.21
2021-11-17,1335,42,7,353,339.54
2022-12-24,830,33,5,217,96.15
2021-12-02,1799,42,2,752,366.15
2021-04-20,691,49,10,523,355.8
2022-08-12,838,47,9,513,311.5
2022-12-12,726,50,8,777,355.61
2021-04-12,623,42,3,636,121.88
2022-07-01,1285,11,5,630,65.04
2020-05-23,963,36,3,673,237.73
2019-06-20,936,50,1,338,60.23
2019-01-27,858,1,7,371,327.55
2019-04-19,1482,9,5,171,231.64
2022-04-19,1244,1,10,192,286.53
2022-11-04,445,36,4,82,311.14
2020-10-18,1759,27,6,981,304.11
2020-08-01,488,9,5,541,380.9
2022-04-30,92,26,8,780,30.93
2019-03-01,1363,28,5,280,345.74
2022-01-10,433,38,1,453,121.58
2022-05-26,1587,9,3,596,297.97
2019-01-16,844,14,6,658,340.15
2022-01-10,858,45,5,306,21.12
2021-05-29,116,29,6,538,57.05
2023-01-20,738,5,2,797,249.58
2020-08-11,1611,5,2,455,162.49
2022-05-12,1913,26,9,588,147.12
2023-05-19,1756,13,3,230,380.21
2021-03-08,1124,48,1,839,94.8
2022-04-22,863,31,7,471,168.44
2021-07-16,551,34,10,826,244.53
2019-07-16,1351,34,10,603,201.21
2020-09-01,1292,19,2,521,213.41
2022-03-09,807,23,7,520,125.45
2023-08-15,431,40,2,809,208.35
2021-11-22,7,23,1,686,106.9
2023-06-30,534,2,9,855,320.68
2019-11-18,1966,36,3,358,392.76
2023-11-12,502,44,7,614,218.91
2020-11-06,1840,3,6,94,80.86
2021-05-31,1804,41,5,851,15.79
2021-03-31,986,19,4,102,279.71
2021-06-20,1043,30,7,936,152.0
2020-02-29,424,41,4,131,53.01
2023-06-20,1784,40,1,129,156.26
2023-08-25,1431,39,5,212,253.27
2022-10-08,442,9,8,995,32.83
2023-12-11,945,40,2,96,146.36
2019-01-15,783,32,4,704,348.56
2021-04-28,521,43,4,944,134.93
2019-05-03,1131,40,3,589,40.33
2019-04-02,297,18,7,485,175.26
2020-07-23,1353,38,10,288,96.21
2023-11-04,668,24,10,656,324.03
2023-10-22,1969,18,5,738,64.2
2020-10-20,1504,43,8,315,277.27
2022-07-22,588,4,2,948,126.43
2023-11-24,1861,47,3,832,167.17
2023-12-01,372,6,8,582,242.04
2019-04-20,1165,36,7,229,398.25
2023-11-10,96,50,5,984,268.73
2023-03-23,279,26,10,180,72.36
2022-11-21,6,9,8,910,395.96
2020-04-04,1548,38,2,530,63.58
2022-01-02,1326,1,9,151,191.06
2020-05-11,585,23,5,915,82.09
2019-03-20,1771,9,5,141,397.54
2020-02-27,801,28,10,782,146.82
2022-03-27,740,14,3,225,92.85
2021-05-22,1502,22,9,942,221.51
2019-10-16,960,5,4,815,337.71
2020-04-13,1268,15,4,665,9.1
2023-09-22,98,15,8,889,134.69
2022-04-21,925,35,7,410,197.33
2021-01-07,1896,31,10,81,379.0
2020-07-31,1573,25,1,106,134.02
2022-03-16,1026,10,5,633,66.17
2021-12-01,1307,38,9,799,98.8
2020-12-02,1182,35,2,665,281.05
2019-01-27,1177,35,7,873,7.14
2023-03-23,1159,6,6,610,336.57
2020-07-05,1907,46,6,848,207.07
2020-03-24,53,47,2,341,247.13
2022-09-09,986,17,5,990,224.06
2022-11-24,923,8,4,644,25.34
2020-10-28,605,37,10,904,306.31
2020-08-05,41,31,4,525,272.2
2019-02-18,170,7,4,941,82.4
2023-12-15,501,34,2,498,147.33
2019-11-17,1216,17,1,567,339.71
2021-08-10,921,37,8,832,97.85
2022-02-25,206,6,10,656,86.8
2019-07-12,1123,13,7,406,325.76
2022-08-16,1726,14,9,64,72.55
2021-10-31,1100,22,5,219,357.04
2021-08-23,475,26,4,314,90.71
2020-10-24,1736,8,6,796,48.9
2021-04-06,231,37,10,115,13.31
2021-08-09,340,46,3,891,73.5
2021-02-13,1819,12,3,928,203.98
2021-07-27,65,11,4,494,224.68
2021-04-09,866,50,10,622,397.12
2023-08-27,1068,9,8,598,333.02
2019-02-28,987,33,8,332,283.6
2022-04-14,1227,19,7,672,165.35
2022-02-11,1719,10,1,846,89.54
2023-10-05,1894,38,1,881,310.0
2020-07-18,1331,3,1,403,390.36
2021-12-08,1034,34,6,675,246.3
2021-07-28,958,46,1,445,178.56
2021-10-03,67,32,9,913,241.01
2021-06-15,1181,46,10,739,82.36
2023-11-05,319,44,9,779,347.82
2021-03-30,1212,31,4,608,47.07
2019-05-30,1376,46,7,59,224.14
2019-04-05,843,43,5,573,271.83
2021-04-25,710,25,2,873,332.6
2021-08-27,1540,31,5,600,234.89
2019-06-22,326,27,6,882,42.91
2020-09-22,1711,33,5,441,43.66
2023-02-16,1567,15,1,296,206.82
2021-01-24,460,36,10,994,228.53
2021-07-17,1722,42,3,214,322.26
2021-10-13,460,39,8,382,203.1
2021-08-19,67,21,2,957,182.26
2021-11-04,1779,34,9,320,117.49
2022-09-17,1855,19,4,207,234.59
2020-06-03,905,8,3,52,136.35
2021-05-19,455,18,8,880,168.23
2019-03-23,1068,12,1,914,6.71
2022-07-16,1002,22,9,233,282.49
2019-05-11,1387,13,10,484,303.13
2022-04-10,1348,12,6,773,223.13
2021-05-11,1563,3,5,185,200.51
2023-02-05,318,22,1,363,209.9
2023-10-31,467,38,4,976,87.59
2022-12-05,896,14,7,622,166.83
2023-03-31,682,36,4,903,236.09
2020-11-22,359,49,9,575,255.84
2020-01-16,1560,48,7,616,265.72
2023-02-18,985,45,9,775,99.75
2022-02-11,118,9,9,409,132.44
2019-02-25,535,4,10,216,226.29
2022-06-01,373,1,2,784,320.22
2022-03-04,1450,4,10,353,395.19
2020-08-15,122,16,2,687,234.52
2022-05-09,1427,27,9,492,290.58
2019-12-25,1361,44,6,955,230.7
2022-08-02,409,22,6,735,17.13
2023-11-13,1725,44,5,990,94.77
2021-07-18,1905,2,3,742,310.63
2020-09-25,300,25,5,180,141.11
2019-10-26,197,16,5,789,396.48
2019-02-15,1421,34,10,789,236.3
2023-07-05,637,28,10,356,23.58
2021-01-02,1215,22,1,822,94.93
2021-02-10,1098,10,10,238,93.51
2022-02-19,822,4,4,938,19.51
2023-06-12,870,12,2,469,168.87
2020-11-16,368,36,2,188,263.72
2022-03-26,1327,49,1,757,72.96
2022-11-26,1229,22,1,921,52.51
2022-12-23,1105,26,3,534,69.0
2019-12-23,1716,19,9,660,388.62
2019-06-16,361,50,9,683,360.0
2020-10-18,614,31,6,965,359.45
2019-10-22,58,41,6,168,347.64
2019-11-05,1719,17,3,150,140.34
2020-12-19,1141,35,5,110,333.26
2023-01-21,1745,35,5,292,375.8
2020-01-05,1405,45,10,980,356.86
2019-06-03,74,38,10,443,26.1
2023-02-20,900,13,9,807,330.7
2022-01-07,1432,48,7,622,214.65
2022-04-02,1466,32,2,761,225.17
2023-12-09,961,2,6,942,93.02
2023-08-19,2,18,7,702,221.45
2019-12-04,993,42,9,414,323.98
2023-03-10,883,32,6,736,380.84
2020-05-14,326,1,7,85,191.36
2021-06-17,737,31,5,591,222.94
2020-02-14,1806,47,9,850,252.84
2021-07-11,1125,36,3,747,371.2
2023-07-07,1728,18,2,614,360.11
2023-09-23,63,34,5,970,385.06
2019-05-24,987,44,3,424,309.91
2022-08-29,436,34,4,577,358.58
2023-09-06,389,1,6,693,217.54
2019-03-25,1857,48,2,661,164.85
2022-03-16,171,36,9,512,227.85
2021-02-02,880,33,6,292,112.26
2021-10-24,1557,49,2,788,220.43
2021-11-28,1036,11,8,117,197.96
2019-08-22,1986,32,1,975,91.67
2020-07-14,967,21,2,950,150.58
2019-04-25,880,37,9,201,223.54
2019-07-06,504,19,2,698,300.15
2021-01-10,97,45,3,184,139.99
2023-11-21,483,23,8,576,154.56
2020-06-28,970,45,5,300,127.19
2020-03-24,1106,16,7,268,264.84
2020-07-26,675,30,10,722,143.0
2020-07-31,551,31,8,240,381.48
2022-12-25,955,2,7,101,52.6
2019-07-04,447,18,6,301,8.8
2023-11-07,1136,45,7,483,94.58
2020-11-02,1959,9,3,338,135.57
2020-11-28,1668,14,7,337,179.66
2023-09-06,1363,7,9,431,319.39
2021-05-06,178,25,3,758,190.37
2021-10-08,1641,10,3,188,292.68
2022-01-07,447,4,8,929,22.82
2020-09-05,322,35,5,209,17.59
2021-06-11,754,29,7,56,116.95
2021-05-15,1447,13,1,136,186.15
2020-11-21,1482,15,6,594,97.03
2021-04-25,1466,14,4,198,293.36
2021-01-18,401,22,8,235,200.4
2021-12-01,1896,9,2,240,399.07
2023-08-30,296,44,2,381,190.38
2023-03-14,593,25,4,581,309.72
2023-07-31,567,3,2,205,64.98
2020-04-30,629,41,2,759,21.78
2020-11-17,333,9,5,377,219.44
2023-04-16,237,42,1,551,10.93
2022-06-24,1370,27,2,180,152.11
2021-06-30,223,18,4,424,273.82
2022-06-10,1310,19,5,778,215.48
2020-07-23,1630,50,9,909,221.95
2019-04-08,1256,3,2,896,121.07
2021-05-04,1295,29,10,936,64.49
2020-09-20,1059,15,2,88,264.65
2020-06-13,1054,36,5,364,284.16
2023-03-26,463,39,10,58,34.22
2023-07-20,1623,37,3,723,63.07
2019-11-01,970,4,6,599,146.44
2021-02-27,1793,46,7,672,370.12
2019-01-19,1579,6,5,145,327.14
2023-10-05,1984,37,1,575,12.73
2020-10-08,519,9,2,922,97.35
2022-02-25,1786,17,1,983,328.84
2022-03-01,715,42,8,385,41.0
2022-01-10,1167,31,9,59,382.55
2023-05-01,546,20,8,241,367.53
2019-01-17,769,50,9,579,144.63
2021-03-07,1862,28,7,369,72.5
2021-11-17,118,3,5,491,367.93
2023-10-29,1491,50,3,716,235.53
2020-06-23,132,45,6,561,249.46
2020-10-05,575,21,1,416,295.27
2022-01-22,1547,5,8,146,176.19
2021-01-25,1946,5,3,795,218.64
2019-01-04,1204,23,4,342,161.33
2023-02-17,630,12,10,453,279.35
2021-05-28,801,26,1,948,242.37
2021-06-25,914,20,10,774,118.54
2020-12-05,1209,2,9,509,16.55
2023-03-10,89,19,1,354,95.12
2021-03-27,1251,5,7,185,177.48
2021-07-20,1710,18,10,662,245.48
2022-10-18,1614,21,9,761,253.84
2020-07-23,1652,6,2,669,239.18
2019-03-28,1630,50,2,448,307.07
2020-08-24,997,49,5,52,238.23
2022-01-07,1601,13,10,648,220.64
2021-08-16,324,28,3,357,368.18
2023-03-19,1924,8,3,252,60.22
2023-08-22,1261,27,1,623,68.93
2020-09-11,645,50,5,903,195.43
2019-06-27,714,13,8,487,214.32
2019-11-07,377,28,6,547,179.04
2022-06-02,591,42,9,543,178.63
2020-12-03,1190,29,6,824,372.96
2023-05-14,62,1,2,245,324.52
2021-03-05,1445,14,7,195,91.79
2019-01-25,1341,10,3,353,141.02
2023-06-04,582,21,9,361,291.27
2020-10-07,1783,45,2,734,292.98
2023-08-01,598,42,5,781,194.4
2023-11-26,339,27,1,273,42.52
2020-06-21,1400,39,1,959,340.43
2021-02-12,1481,21,5,438,190.13
2022-11-29,1559,17,3,542,260.11
2021-06-14,1114,28,6,157,103.86
2021-09-28,1111,46,3,729,176.89
2021-11-11,144,30,6,195,367.05
2022-12-18,1372,27,9,462,181.58
2020-07-12,1505,20,10,672,112.88
2022-05-19,776,36,7,305,70.34
2019-10-11,741,39,5,966,83.99
2022-05-13,921,32,8,531,33.01
2022-08-24,1123,43,2,198,163.02
2023-02-03,173,5,6,805,236.47
2019-08-09,828,48,6,602,86.65
2019-01-12,610,41,3,915,119.2
2021-07-08,891,35,9,231,91.06
2019-01-24,1859,49,7,432,264.26
2019-05-17,1019,39,3,504,352.69
2020-01-01,802,22,9,67,76.64
2019-12-19,1045,9,1,835,82.93
2022-12-13,931,42,6,614,197.94
2023-12-16,808,12,5,367,14.52
2023-02-08,1635,16,10,684,289.28
2022-04-23,746,9,9,894,188.76
2022-02-26,1177,18,3,280,322.63
2020-03-08,119,50,9,526,172.2
2023-07-01,770,30,10,856,297.04
2020-11-28,1734,3,4,586,21.56
2022-12-18,494,33,6,611,16.2
2019-08-18,1927,28,4,195,292.99
2021-09-14,567,16,1,281,331.52
2022-11-05,1636,28,4,570,110.62
2019-11-14,1260,25,7,765,320.03
2022-05-11,54,39,5,124,141.06
2021-07-05,1959,41,10,938,151.63
2022-09-25,774,30,1,518,228.15
2022-11-09,1084,35,5,696,47.96
2019-09-01,1011,26,1,576,66.16
2019-08-29,1576,42,9,353,366.6
2019-10-04,410,44,9,133,156.72
2019-01-07,1084,5,1,848,321.36
2022-07-19,955,35,3,839,53.07
2023-05-09,1301,29,4,327,293.3
2023-05-18,1490,13,1,890,229.93
2021-03-30,242,46,3,429,319.88
2023-10-16,1617,26,6,223,92.89
2020-10-15,416,9,10,783,395.78
2022-10-13,1599,34,4,459,131.13
2021-10-22,448,20,6,174,186.3
2022-03-17,181,24,4,644,92.67
2023-05-23,432,46,9,515,130.9
2019-12-24,1326,50,3,135,387.97
2023-09-02,1716,50,10,190,176.19
2022-07-31,709,33,4,955,28.98
2019-05-29,1558,38,5,378,198.82
2022-11-05,900,47,2,629,346.85
2022-10-08,363,18,6,267,257.99
2023-11-30,1914,10,9,962,197.89
2022-11-03,1181,32,9,767,369.54
2020-09-02,1398,33,9,136,201.17
2021-07-03,1723,36,8,710,22.13
2022-02-26,1587,42,6,407,160.74
2019-04-07,1339,17,1,245,364.5
2023-02-20,389,14,7,858,48.02
2021-09-16,558,40,7,397,248.73
2023-03-17,1029,21,8,220,198.2
2021-10-24,879,3,6,650,283.64
2021-02-05,205,23,4,889,77.48
2022-06-13,960,28,7,139,386.95
2019-01-04,1117,42,3,468,286.61
2019-11-27,1759,9,1,678,155.37
2021-02-01,1421,37,3,924,80.15
2019-01-04,1346,43,1,557,34.91
2019-04-17,1159,47,10,254,17.38
2022-01-09,1313,21,3,825,33.83
2021-05-13,661,46,10,573,353.95
2021-07-25,1834,5,6,178,308.15
2023-04-19,863,44,1,882,54.23
2020-05-02,276,11,1,728,343.82
2023-11-28,1172,38,4,524,184.38
2023-05-19,1698,34,7,782,351.52
2022-03-17,386,38,7,966,214.21
2019-10-06,1286,41,8,537,141.92
2021-08-25,908,10,4,62,61.81
2021-02-20,668,11,5,155,173.39
2019-10-22,821,9,6,414,49.46
2022-08-19,550,42,8,960,231.13
2023-01-20,1991,2,10,237,330.14
2020-04-02,471,21,10,826,152.53
2022-02-11,1777,39,3,393,109.58
2021-11-29,1513,11,6,815,100.81
2023-10-15,1192,7,7,299,31.14
2019-06-18,1280,10,2,471,266.5
2023-12-13,891,33,8,796,83.41
2021-06-13,1480,34,1,893,325.36
2019-10-18,660,45,7,646,294.92
2023-05-15,1233,14,6,104,292.52
2022-01-11,118,16,6,976,302.05
2022-05-31,1527,15,8,517,51.99
2022-03-14,825,7,7,328,273.96
2022-03-23,173,27,4,994,13.87
2020-09-20,253,11,7,323,62.07
2021-07-01,831,34,5,353,124.73
2021-08-13,1714,39,2,837,215.59
2023-10-05,110,23,2,669,185.2
2023-10-07,853,4,6,964,365.99
2023-09-27,1636,21,8,120,300.06
2021-11-07,1104,35,1,263,16.65
2021-08-06,1701,37,3,406,180.07
2022-04-26,586,24,5,450,117.04
2022-12-24,1237,44,2,872,345.61
2020-03-13,1599,16,3,508,290.93
2021-05-18,1140,11,9,668,228.37
2019-08-09,478,32,9,867,188.78
2022-05-28,751,1,5,669,117.04
2021-04-10,1039,20,9,314,59.23
2023-08-17,565,39,8,723,121.0
2023-09-16,1053,29,2,193,125.01
2023-03-08,1107,9,8,473,104.19
2020-04-18,733,35,1,462,183.58
2023-08-26,1350,38,6,137,150.32
2023-02-09,859,6,3,367,231.27
2019-05-13,780,13,1,447,257.72
2019-12-15,1098,11,5,219,35.06
2020-08-23,218,27,9,900,352.01
2022-12-10,25,49,8,143,239.56
2020-04-11,448,6,8,745,120.76
2023-07-11,283,43,6,357,38.0
2023-04-23,622,27,7,362,199.02
2021-03-03,1943,11,10,862,70.48
2019-04-05,888,50,4,174,219.21
2023-07-22,177,15,10,907,117.5
2021-03-03,86,26,7,89,192.98
2020-08-08,187,24,7,401,152.87
2021-01-10,1831,26,1,361,178.17
2019-12-07,1967,44,4,688,40.1
2019-05-01,1468,3,10,373,261.42
2023-01-19,1909,45,6,325,109.16
2023-04-25,383,47,10,780,335.63
2023-01-17,1483,28,4,92,102.73
2023-04-15,1123,21,5,126,118.38
2020-05-07,1601,26,8,550,34.65
2019-02-20,154,32,7,642,278.84
2019-04-18,754,27,8,893,46.26
2022-03-21,1642,20,10,523,396.81
2019-01-08,12,30,7,211,341.55
2023-03-24,1135,50,3,687,199.82
2023-09-20,1263,49,6,642,99.75
2022-12-09,1787,25,2,477,37.82
2019-10-28,778,42,2,202,34.24
2019-04-23,1627,11,7,428,9.56
2019-03-04,1214,23,4,881,218.87
2022-10-16,1005,28,9,158,108.57
2021-12-27,978,41,10,872,182.72
2019-08-25,720,7,9,897,254.58
2023-07-24,1986,41,1,246,255.67
2023-12-19,958,4,2,531,187.21
2021-09-07,1447,43,5,445,85.67
2022-04-01,1418,50,2,620,356.16
2021-10-19,486,46,2,146,43.48
2022-08-11,27,44,5,965,158.49
2022-10-07,1229,2,7,299,316.94
2021-12-16,844,14,2,929,202.84
2021-12-28,446,3,9,273,116.01
2019-03-06,1964,27,2,981,324.01
2022-12-09,846,2,8,728,318.76
2019-06-24,427,40,5,189,214.95
2019-12-12,1856,16,2,310,123.66
2020-04-18,897,7,3,434,333.13
2020-08-21,1482,50,2,160,67.56
2022-06-10,846,36,8,411,363.87
2021-02-23,1458,49,1,563,273.62
2019-08-15,1813,12,1,752,24.4
2020-04-11,1675,30,4,735,383.42
2019-04-19,210,50,5,799,280.34
2022-02-09,1066,5,9,586,283.38
2021-12-28,307,28,10,429,82.63
2023-10-23,1597,43,2,274,223.18
2019-07-06,571,26,8,892,336.65
2020-08-23,1570,35,9,950,287.8
2020-04-20,1378,21,8,463,64.32
2020-10-30,417,40,2,292,126.3
2020-03-02,1145,4,2,670,37.5
2022-01-27,760,45,1,266,59.32
2019-04-23,1190,22,2,161,143.97
2022-03-06,311,26,4,745,143.44
2021-02-16,589,44,5,351,373.05
2023-01-05,201,7,2,958,92.1
2020-04-08,1035,41,2,86,351.8
2022-01-07,929,46,5,403,346.37
2023-01-30,1973,2,4,321,195.32
2021-05-24,1700,6,1,501,330.79
2023-04-05,156,6,5,79,269.62
2021-05-29,1905,30,5,126,73.38
2020-11-24,1910,49,3,684,80.06
2019-08-19,859,11,10,392,95.4
2021-06-04,1128,29,2,273,306.28
2021-06-10,814,6,2,659,175.37
2021-09-03,57,31,5,369,44.66
2019-10-02,1512,8,8,777,343.75
2023-06-23,1535,49,6,743,165.98
2023-11-06,1810,24,3,456,95.47
2020-07-01,14,16,7,70,154.62
2022-12-31,545,50,2,389,217.26
2019-12-23,46,18,5,764,246.11
2021-07-21,982,7,9,913,204.65
2022-08-02,1783,49,7,793,7.44
2022-09-23,925,8,7,204,267.57
2021-03-07,528,36,7,299,234.05
2022-06-11,239,31,4,717,28.94
2022-09-30,1696,20,5,493,230.86
2019-07-20,232,9,2,142,158.76
2022-04-26,1482,4,6,972,227.0
2021-03-14,1573,23,2,368,370.82
2022-06-04,1248,39,1,619,89.65
2019-02-23,1438,39,5,63,74.29
2019-06-10,1989,26,8,865,346.96
2023-04-10,1394,24,8,175,361.01
2023-08-30,997,35,3,104,361.76
2023-03-25,1254,13,8,671,333.86
2022-10-30,30,43,10,351,248.78
2023-11-13,1625,9,10,592,292.22
2022-11-10,785,48,3,114,20.44
2021-11-29,236,34,5,322,85.62
2020-02-13,589,23,8,673,109.55
2023-08-29,241,34,9,408,397.4
2023-10-08,375,10,8,561,371.87
2022-02-08,555,42,3,516,98.59
2021-01-12,1632,47,2,613,60.63
2023-05-04,1294,31,1,812,181.0
2019-07-10,118,42,6,134,353.17
2023-02-23,1054,19,1,753,122.73
2020-07-22,1896,23,9,855,333.5
2023-01-13,1460,28,2,979,68.61
2023-03-05,1581,45,10,716,65.11
2020-05-17,564,10,9,196,222.52
2019-03-15,797,38,10,169,51.57
2019-04-17,1756,34,2,476,398.33
2023-07-25,1210,1,10,738,132.39
2022-12-05,551,43,6,819,8.64
2022-06-10,1564,21,4,428,154.25
2023-12-27,1684,50,3,791,147.08
2023-10-29,1291,32,10,152,210.95
2023-07-22,1860,45,8,831,218.64
2021-07-02,865,9,9,985,98.07
2020-11-28,1230,11,1,196,380.67
2021-11-16,902,13,8,52,220.85
2021-12-20,805,27,2,71,152.9
2021-04-10,1779,37,2,410,291.09
2019-03-24,1375,18,7,111,11.06
2019-11-10,762,18,7,363,283.07
2021-01-27,1883,11,3,806,249.6
2022-03-14,1622,39,1,386,125.41
2019-09-17,1673,29,3,821,246.13
2022-06-05,1551,47,8,177,146.69
2022-03-18,189,22,3,786,48.67
2019-09-24,1155,31,8,591,251.87
2021-04-27,1157,10,6,594,71.66
2019-10-01,500,44,8,145,270.92
2022-07-20,1362,50,2,466,188.16
2022-11-04,1538,2,8,537,203.26
2021-06-28,1235,7,3,108,56.76
2019-11-14,875,38,4,362,192.34
2021-05-22,17,44,10,223,265.79
2023-04-19,1465,4,6,916,388.43
2023-09-20,1138,40,2,650,18.5
2022-02-12,301,6,8,266,281.24
2023-03-08,1299,15,1,389,89.05
2019-03-07,67,28,10,961,90.36
2021-09-21,791,2,2,384,296.3
2020-06-11,1980,43,4,214,137.65
2022-04-02,431,19,5,135,185.45
2020-05-04,1173,26,10,776,370.65
2021-07-12,1379,46,5,423,8.47
2019-09-25,1539,16,5,820,107.15
2020-08-07,710,25,4,175,92.42
2020-08-17,1296,33,1,993,50.96
2023-05-07,301,28,1,315,334.86
2022-11-12,1615,24,2,848,111.15
2022-01-02,811,28,10,815,388.23
2019-08-31,1125,24,6,483,206.47
2023-10-03,414,24,10,970,280.2
2022-01-21,969,31,8,710,45.21
2019-04-02,317,12,6,805,285.2
2021-12-11,500,42,6,914,97.81
2021-03-02,330,7,9,226,307.39
2019-09-02,1471,28,1,316,378.86
2021-05-12,1373,27,5,760,156.06
2022-11-14,908,26,5,263,219.6
2020-02-23,444,48,4,314,137.44
2021-05-26,999,10,1,949,18.6
2022-11-21,1574,33,4,323,36.25
2021-11-30,1123,26,8,242,181.83
2020-04-28,428,7,10,389,399.88
2020-08-27,256,24,2,305,356.64
2021-05-27,1992,8,7,873,112.74
2023-08-21,1916,37,7,571,381.52
2023-04-07,1921,45,10,527,107.62
2022-12-06,106,4,1,117,363.82
2022-09-20,47,9,8,679,74.16
2023-12-03,679,22,3,398,373.12
2022-08-12,1663,45,5,102,94.29
2023-07-17,1289,11,5,155,51.24
2019-06-19,999,15,4,411,231.15
2023-07-06,154,36,8,978,108.32
2020-06-09,465,19,5,738,55.46
2020-09-11,1194,18,3,919,168.18
2019-08-20,1920,12,3,360,377.8
2023-09-19,1278,23,9,916,370.12
2022-02-20,270,33,9,804,14.64
2021-09-14,1601,18,6,478,257.53
2021-12-13,1469,18,7,926,225.35
2020-02-18,1098,40,1,472,288.95
2019-01-01,1382,13,10,316,151.35
2023-01-19,781,30,3,389,188.12
2023-12-20,183,44,8,585,79.59
2022-12-15,795,43,10,997,281.93
2021-07-29,1504,23,9,909,332.5
2022-07-27,614,21,9,555,59.79
2022-05-22,1516,3,8,934,101.04
2019-01-01,1959,18,3,758,216.69
2019-09-17,1999,29,3,891,166.56
2019-04-19,798,20,1,304,116.92
2022-03-14,939,49,8,275,194.17
2019-07-21,648,6,4,634,39.63
2023-03-01,221,10,10,109,145.14
2021-01-27,732,10,3,295,180.13
2019-12-03,1798,37,1,800,36.92
2022-02-17,1002,15,8,750,363.86
2021-07-27,115,8,2,166,55.99
2022-05-18,883,48,8,556,223.69
2019-12-21,1005,49,1,580,300.68
2022-02-12,909,7,4,90,25.31
2022-03-17,1584,50,5,254,16.96
2020-08-11,165,36,3,635,244.26
2023-10-02,436,47,5,637,110.43
2021-02-03,1639,20,8,451,97.4
2021-05-16,1932,28,1,575,240.96
2019-10-16,1280,38,3,660,392.98
2022-06-29,236,7,4,768,125.08
2022-01-11,1383,26,7,479,320.22
2020-09-11,487,1,8,535,293.11
2021-04-04,1744,24,1,51,104.79
2019-01-25,169,9,3,330,22.6
2020-07-17,450,10,2,672,173.59
2020-11-28,918,3,4,338,378.14
2023-01-04,1812,22,1,521,5.03
2019-11-18,752,42,7,901,238.21
2022-09-11,491,45,8,665,188.82
2021-08-19,48,8,4,69,248.64
2019-03-13,122,19,7,863,231.04
2021-02-14,278,47,10,356,78.73
2021-09-22,1939,21,1,117,275.8
2021-01-12,578,47,7,899,151.73
2020-12-02,398,23,10,549,79.28
2022-10-17,772,46,9,728,132.69
2021-06-05,1223,11,3,727,118.66
2019-12-22,1750,37,7,133,95.59
2021-01-07,1582,20,2,125,46.55
2023-02-11,1828,23,5,638,364.61
2020-04-09,321,22,4,57,398.95
2019-03-05,669,19,3,763,270.02
2021-03-08,740,4,3,871,360.62
2021-08-04,731,42,1,362,193.54
2019-03-27,787,3,3,839,52.58
2019-02-06,1309,49,9,938,247.01
2023-12-16,653,13,7,813,40.82
2022-09-21,1347,27,10,177,37.64
2020-10-05,1124,7,8,429,383.85
2023-05-07,1909,27,7,113,360.62
2022-12-16,702,7,8,489,314.76
2021-06-07,908,15,10,867,233.19
2023-06-24,537,2,5,178,283.64
2022-02-26,811,47,2,628,123.08
2023-04-19,80,13,10,541,196.64
2023-12-28,139,44,5,405,309.74
2020-06-30,91,21,4,462,204.58
2022-02-06,297,48,5,894,351.53
2019-05-19,104,39,7,121,170.43
2020-09-26,1531,28,9,184,6.59
2022-07-21,97,8,9,716,257.84
2019-11-22,899,36,4,377,76.3
2019-09-03,57,25,1,564,168.89
2022-04-10,1982,34,10,88,86.31
2020-12-29,617,22,2,776,314.01
2021-12-02,214,17,1,209,282.66
2019-03-16,171,41,10,791,291.02
2021-03-13,1896,49,5,625,173.37
2023-08-05,1567,41,2,695,264.97
2020-08-29,1702,50,5,153,35.43
2019-08-01,409,14,6,923,102.64
2021-12-08,1114,4,1,723,52.29
2021-04-14,191,35,5,999,304.36
2020-12-25,974,32,7,906,237.09
2022-01-15,871,4,2,385,49.26
2021-10-30,1113,24,5,477,358.32
2023-09-20,1441,24,8,778,180.83
2019-02-01,148,40,3,525,220.31
2022-06-03,138,20,6,645,187.58
2021-12-16,28,34,8,736,6.05
2022-01-03,109,23,4,477,397.78
2022-05-27,1014,15,1,188,190.82
2019-01-29,1298,8,1,543,300.56
2020-08-01,280,4,6,953,360.57
2022-07-27,892,37,2,882,390.47
2022-03-24,557,19,9,400,316.26
2022-05-16,1873,30,3,200,196.19
2022-07-18,1532,14,6,450,334.04
2019-12-05,1904,25,4,538,200.19
2022-10-22,914,45,8,901,208.88
2021-11-17,1587,8,4,90,200.85
2019-04-18,76,18,8,189,321.14
2021-04-17,1912,13,2,582,301.85
2022-02-16,1659,25,10,452,91.48
2019-01-01,69,18,2,74,44.14
2019-12-24,727,26,5,669,135.64
2020-02-08,1738,15,3,103,110.63
2021-10-19,271,46,7,508,67.34
2021-08-24,73,35,4,868,15.64
2021-03-06,55,43,1,155,155.47
2019-01-02,1382,8,5,604,15.21
2021-03-27,1737,26,3,510,85.19
2022-09-10,285,22,9,808,29.95
2019-04-26,847,28,3,304,311.31
2022-09-03,1318,12,2,820,244.76
2019-05-15,1022,43,9,56,205.26
2021-10-16,932,48,5,939,359.86
2023-07-30,1960,6,9,936,98.87
2022-12-21,44,9,10,179,328.96
2023-09-09,1558,9,1,234,173.17
2019-04-22,755,42,3,594,357.11
2022-01-20,1203,47,5,390,372.25
2022-02-23,1763,43,4,143,83.58
2022-12-03,1767,48,6,880,222.11
2023-09-24,1943,16,6,283,33.41
2021-05-27,339,27,8,671,55.91
2023-08-14,337,12,1,230,355.35
2021-08-12,22,35,9,937,379.34
2019-03-27,1958,37,8,83,264.63
2019-06-02,1538,14,3,52,398.88
2022-03-30,1167,38,8,353,232.02
2020-08-31,1762,30,8,672,312.67
2022-10-20,1785,21,5,650,357.3
2022-03-11,351,20,4,725,391.28
2019-05-09,1611,23,4,866,285.85
2023-11-23,1738,24,6,170,107.0
2019-02-24,68,40,7,246,66.49
2019-12-25,993,11,1,741,75.85
2019-06-01,732,10,5,415,365.05
2019-05-20,242,37,1,792,346.03
2023-03-29,109,35,9,654,40.46
2023-12-20,614,14,8,212,170.62
2022-05-04,108,15,9,873,11.54
2022-06-07,1352,2,2,480,385.25
2021-07-11,96,7,10,533,51.04
2020-08-30,514,24,5,749,371.56
2022-10-18,1700,35,8,812,208.59
2023-02-07,10,24,3,634,317.99
2022-04-25,281,2,2,131,382.15
2022-11-04,1984,25,8,931,253.83
2022-06-28,1958,41,3,157,120.65
2020-12-05,1497,24,8,475,297.87
2022-08-25,19,16,3,789,34.14
2022-03-09,147,19,9,887,13.29
2023-03-23,1558,27,9,991,79.55
2021-05-20,442,46,3,578,298.13
2021-08-15,1776,2,3,886,241.53
2020-03-10,1108,32,3,241,347.3
2021-09-02,611,21,2,316,339.62
2023-02-08,723,49,4,924,153.65
2021-12-10,1537,45,1,591,77.9
2021-12-09,846,3,8,702,40.04
2023-01-03,1273,43,8,437,166.3
2019-03-04,949,15,9,996,361.28
2022-02-03,847,21,6,943,202.44
2022-02-25,1137,8,7,192,207.46
2022-08-16,1533,27,4,810,122.67
2020-04-26,399,11,8,869,389.61
2019-05-17,1099,42,5,690,63.68
2021-01-14,316,3,3,404,292.87
2021-07-21,374,12,10,724,170.31
2022-05-22,1081,22,10,663,273.54
2020-07-15,1559,29,7,785,136.05
2019-04-29,446,40,4,66,131.66
2019-07-23,1571,3,5,342,343.04
2022-09-12,65,30,4,710,175.3
2021-09-30,1904,12,2,512,66.98
2020-04-18,627,17,9,112,110.0
2019-06-14,55,38,7,70,10.83
2023-01-17,1927,13,1,475,109.99
2019-12-13,1501,36,6,706,24.94
2022-12-05,1186,31,6,384,81.21
2023-08-20,562,20,1,859,378.79
2019-10-17,293,48,1,719,127.83
2020-09-03,752,34,4,234,306.95
2020-08-29,266,39,4,345,195.34
2021-12-20,1324,22,6,348,359.45
2021-01-02,470,39,5,940,232.18
2021-09-08,552,14,9,615,146.37
2020-12-11,1472,3,8,995,152.59
2019-02-26,1484,16,2,220,335.06
2021-08-26,1261,1,7,289,330.81
2023-04-03,1612,48,4,984,334.49
2019-01-12,192,49,4,299,185.96
2020-04-11,701,9,7,462,135.26
2021-10-20,34,49,6,523,199.81
2020-06-27,1635,4,7,733,221.41
2021-08-25,1014,4,8,764,383.42
2021-08-19,1924,28,7,491,220.39
2021-10-30,36,5,10,376,54.95
2019-11-09,1391,3,8,527,225.72
2023-06-23,547,37,8,81,311.84
2020-10-12,197,10,5,533,102.31
2022-05-28,589,2,2,693,138.79
2022-01-08,1983,19,1,631,377.09
2021-03-29,511,20,3,376,374.46
2021-10-06,326,1,9,288,40.22
2020-11-11,1914,44,9,496,385.82
2019-06-14,274,21,2,112,282.27
2023-06-19,163,23,2,154,365.88
2023-03-14,482,15,8,935,191.93
2023-12-24,1005,38,9,936,234.06
2022-03-29,1745,1,2,297,79.92
2022-02-09,1363,16,9,100,100.78
2019-02-01,113,15,9,912,60.08
2023-01-19,1214,20,2,783,107.09
2022-07-06,1764,18,4,957,21.25
2021-02-06,1953,4,1,469,387.39
2020-05-17,440,1,8,694,270.32
2023-02-17,1452,11,5,258,27.0
2021-08-15,566,25,5,210,142.01
2020-04-06,550,3,8,930,251.21
2023-06-01,800,35,8,389,194.07
2020-04-04,455,21,1,664,19.92
2022-06-07,375,44,2,974,321.52
2021-04-29,1907,18,9,121,268.63
2020-01-22,438,1,1,549,213.48
2020-05-31,243,4,6,424,27.13
2022-05-09,49,29,6,247,391.96
2019-09-18,392,15,9,173,88.61
2020-11-09,1178,14,3,220,256.94
2021-08-15,1825,11,7,66,166.85
2022-08-19,877,43,9,87,127.31
2021-04-26,1056,23,7,601,321.11
2021-01-23,589,7,6,803,207.33
2019-08-11,982,46,3,733,312.19
2020-08-03,1430,43,8,908,69.16
2019-06-09,723,18,5,589,263.84
2022-07-14,1154,7,8,247,257.43
2022-09-21,1570,9,2,695,69.63
2021-03-04,1252,25,6,841,218.0
2022-08-31,1621,22,10,56,316.32
2020-08-30,214,19,7,238,30.37
2023-10-25,436,49,5,52,178.75
2019-03-21,1503,42,5,745,375.77
2022-02-19,269,10,4,434,130.45
2020-02-20,625,16,9,698,65.0
2021-07-12,495,33,8,177,123.06
2019-09-16,1903,6,6,289,384.06
2020-12-24,1259,9,3,885,17.05
2023-01-13,1743,36,4,911,108.52
2021-02-22,696,32,7,605,161.19
2020-01-08,1668,16,8,621,269.54
2022-07-12,1562,35,1,511,363.61
2020-05-12,883,35,7,704,63.27
2019-09-02,824,11,9,647,60.41
2019-06-26,1160,32,6,811,377.05
2020-06-26,1960,28,1,920,293.21
2023-01-15,387,45,2,530,151.19
2021-02-27,1383,30,7,319,159.61
2020-03-30,600,22,1,73,197.38
2020-08-09,596,24,4,647,100.36
2020-08-25,532,2,10,663,180.47
2020-03-02,363,30,5,601,136.07
2023-07-19,1714,42,4,875,10.33
2021-12-25,1755,33,10,239,239.32
2019-10-21,273,50,2,213,165.75
2021-10-08,1889,47,3,867,137.13
2021-04-08,831,38,7,647,43.24
2020-04-23,863,24,6,961,179.55
2023-10-16,17,38,2,780,241.02
2019-12-25,1479,40,2,940,38.42
2021-09-07,1532,18,1,223,179.5
2020-06-24,400,17,5,407,236.79
2022-04-05,227,47,3,843,227.14
2020-06-03,1424,29,4,453,323.57
2023-02-26,1232,49,9,356,372.58
2021-12-19,289,15,8,900,86.04
2021-05-15,1989,10,1,931,201.51
2020-11-26,1414,15,9,571,314.74
2020-01-18,1905,38,2,186,284.48
2022-05-02,1485,17,8,587,10.68
2019-03-29,1308,22,6,110,32.55
2022-05-26,1490,20,1,330,58.84
2022-01-26,1587,15,5,786,141.32
2020-03-11,1891,19,5,78,382.18
2022-04-05,1296,20,2,149,385.6
2019-11-09,1745,12,7,207,321.21
2021-03-23,81,16,3,679,100.27
2021-02-09,1252,34,2,787,100.7
2020-02-06,1499,44,6,656,385.4
2022-09-10,1897,41,7,822,320.2
2020-04-26,1059,20,6,116,308.45
2021-07-06,412,24,7,728,253.07
2022-09-07,1091,36,3,475,222.03
2020-11-25,1888,30,10,248,391.46
2021-12-05,1196,20,2,257,57.36
2021-06-21,455,25,3,954,163.51
2019-04-04,391,5,6,269,29.33
2021-07-30,751,37,7,410,339.72
2023-12-18,1742,15,6,423,154.33
2023-02-28,1737,21,1,565,342.5
2021-07-24,824,17,3,351,238.94
2019-04-02,1836,1,6,826,356.58
2022-12-12,1277,38,6,116,134.77
2019-11-08,1330,37,4,186,162.74
2023-01-04,433,30,10,902,82.44
2022-10-28,5,35,9,280,189.19
2023-05-24,1148,20,9,851,392.9
2023-06-08,1297,4,1,183,163.13
2023-03-16,143,50,2,474,255.27
2021-06-02,525,24,6,178,80.54
2019-12-02,897,34,1,969,306.07
2022-11-06,216,36,7,111,242.84
2021-09-28,15,14,1,686,74.59
2019-02-16,811,30,6,672,84.93
2019-06-06,1529,45,5,528,249.47
2020-06-27,1298,3,5,887,255.36
2020-03-28,145,22,7,958,268.83
2023-07-27,1214,17,9,442,223.45
2021-12-28,1138,34,3,227,246.56
2021-10-08,844,12,8,344,129.13
2022-12-14,1061,17,2,629,75.62
2021-04-27,640,5,6,768,13.65
2019-11-07,782,18,8,460,12.1
2022-12-25,1339,5,8,894,23.54
2021-04-10,548,11,5,155,280.99
2023-10-25,1961,7,9,793,126.97
2022-08-24,874,5,2,621,215.36
2020-02-12,846,6,1,211,213.61
2021-01-02,492,24,2,151,356.82
2021-11-19,1999,34,4,361,166.64
2020-11-08,520,18,6,329,107.57
2019-03-18,584,33,8,239,160.49
2022-06-02,972,37,9,758,19.54
2019-02-21,92,11,2,320,36.57
2023-01-19,838,38,1,454,270.78
2019-10-22,293,17,9,288,41.39
2022-08-24,315,41,3,727,147.86
2023-12-08,831,30,2,182,164.28
2023-06-23,787,36,10,985,151.0
2023-04-05,1857,20,6,307,310.47
2021-03-29,476,50,2,263,68.72
2021-04-12,341,2,2,414,137.06
2020-07-11,570,49,6,711,204.13
2019-01-18,112,47,6,153,94.18
2021-03-30,1371,13,5,679,20.34
2023-07-04,1569,34,9,718,266.38
2022-12-07,1293,34,2,908,342.99
2023-04-16,1462,40,4,718,261.01
2020-01-09,1965,49,2,203,95.69
2020-08-23,408,44,10,206,85.0
2021-01-24,1009,16,10,886,117.4
2023-11-28,1518,7,5,592,242.19
2020-10-07,1459,17,2,237,367.49
2019-09-30,1779,39,8,588,362.03
2022-02-21,1443,18,3,869,85.99
2023-03-25,1123,14,3,51,153.77
2021-12-24,695,44,4,88,341.61
2023-12-12,1750,2,10,293,372.77
2022-11-25,632,12,10,426,282.59
2019-11-08,911,14,7,231,306.22
2022-02-25,1865,12,6,112,300.58
2021-10-06,1474,32,8,929,69.46
2023-09-10,1138,16,10,792,23.88
2022-05-01,1368,20,9,827,338.89
2021-07-11,1849,39,1,163,87.7
2022-08-23,323,21,7,136,393.03
2019-03-11,93,15,5,235,351.28
2023-08-11,788,44,3,511,276.15
2023-03-06,1825,19,10,682,343.06
2023-06-06,1992,29,5,952,235.2
2021-08-22,56,17,3,569,197.36
2020-04-06,1464,9,7,474,179.13
2020-03-20,1600,37,7,558,364.74
2019-10-14,1072,5,3,624,151.46
2019-09-07,28,3,3,584,321.04
2020-02-06,1563,9,10,61,346.13
2022-06-20,722,11,3,817,103.85
2020-06-13,504,35,6,746,266.38
2023-01-17,1529,47,9,229,37.02
2021-03-13,1678,13,10,424,207.96
2020-02-26,1028,18,8,623,131.25
2020-10-04,1157,16,10,978,385.92
2022-08-01,492,2,7,378,359.22
2019-02-08,204,6,8,85,25.23
2019-06-29,992,25,5,72,119.79
2023-04-24,743,21,3,901,26.7
2019-11-10,644,32,2,527,388.94
2019-08-16,1003,40,4,802,49.61
2023-02-21,1167,23,7,821,174.87
2023-02-01,369,42,4,409,255.82
2023-07-16,809,2,2,722,295.06
2023-02-20,1080,21,2,106,52.63
2020-05-08,608,50,10,228,121.7
2019-02-25,52,26,9,388,360.15
2022-10-30,267,44,4,390,184.67
2019-11-10,1683,38,2,236,59.79
2023-07-26,1382,33,9,891,261.85
2021-12-16,1804,13,5,733,76.29
2020-01-14,50,4,8,302,80.72
2022-09-01,894,41,3,945,270.17
2023-05-20,77,36,5,437,141.1
2022-06-16,316,29,9,458,20.36
2023-03-31,267,50,6,251,174.34
2020-02-08,1209,1,8,446,248.1
2019-01-10,218,23,6,376,140.72
2020-06-15,944,31,5,78,260.1
2019-12-23,241,16,4,521,334.01
2019-08-01,581,37,3,320,87.47
2020-09-12,565,44,1,61,50.26
2020-04-12,1132,39,3,792,272.98
2023-06-19,1583,7,9,401,191.79
2023-03-13,291,1,10,396,106.4
2020-09-05,1715,32,4,946,254.65
2023-05-06,1253,31,4,411,221.56
2020-06-08,1981,23,10,603,115.25
2022-02-18,143,40,1,529,167.48
2023-12-07,792,28,6,722,65.16
2023-11-27,650,2,6,148,380.83
2022-07-03,1258,11,6,945,10.81
2022-03-25,174,34,8,657,77.58
2022-09-20,1739,45,9,910,180.1
2020-04-20,915,20,8,855,15.73
2023-12-26,480,49,8,465,237.52
2020-09-27,170,42,9,623,379.21
2021-09-22,1898,14,4,172,54.38
2022-09-06,530,25,8,903,340.1
2021-06-02,1414,32,7,806,72.61
2021-06-08,784,9,5,696,362.65
2020-12-27,733,44,2,273,137.79
2022-12-14,1789,32,9,842,180.6
2021-03-03,1305,48,4,50,390.98
2020-11-29,198,21,9,866,387.18
2021-03-29,434,48,6,733,356.84
2020-01-15,1570,2,3,561,205.86
2019-03-22,1876,2,5,886,245.4
2022-09-13,1336,20,1,214,170.87
2020-01-22,1598,21,8,147,216.86
2021-08-16,133,17,7,874,226.96
2022-05-09,636,37,7,486,71.13
2019-04-17,1933,12,4,959,235.3
2020-10-26,322,27,3,926,158.86
2020-06-23,1181,43,8,643,62.05
2020-05-21,1991,7,6,456,158.46
2019-02-14,58,5,3,611,21.1
2022-12-14,1691,48,9,115,397.33
2023-08-27,920,25,5,548,86.25
2023-08-08,1657,46,3,263,332.34
2023-09-28,440,32,8,331,46.19
2021-11-16,37,21,3,968,368.4
2022-03-17,1942,37,1,69,144.92
2022-03-13,602,43,10,976,349.87
2023-11-09,479,11,7,102,99.58
2022-07-20,1881,34,6,256,392.21
2021-06-02,1987,15,2,532,103.55
2021-07-02,827,47,2,241,257.72
2020-03-26,1108,20,6,939,94.91
2022-12-27,842,4,2,110,200.2
2022-09-16,82,27,4,568,192.84
2023-12-09,481,19,2,752,373.23
2023-10-19,359,26,1,269,156.42
2020-07-02,863,5,5,205,131.24
2021-07-01,46,39,5,72,206.78
2022-08-16,127,41,2,231,185.6
2021-01-07,284,26,4,324,262.42
2021-09-06,758,29,8,954,177.19
2019-02-27,139,38,7,885,324.31
2023-10-11,1989,7,5,218,63.7
2023-06-08,1492,40,1,992,262.17
2021-02-09,1136,24,9,56,195.52
2021-06-15,1812,33,7,72,232.15
2019-12-14,510,18,4,472,297.19
2023-07-22,1313,45,6,437,181.05
2021-12-06,1303,50,9,734,329.52
2019-08-18,1983,45,9,352,129.79
2021-10-13,712,22,1,248,250.85
2021-10-20,828,19,5,635,101.91
2023-07-15,1951,30,10,421,120.21
2020-03-29,368,29,3,242,78.2
2020-08-20,841,26,8,254,266.0
2019-02-26,970,30,4,232,384.04
2021-11-02,1721,36,4,629,78.72
2021-09-26,434,50,10,667,147.94
2019-09-17,170,46,1,490,35.3
2021-01-18,664,12,3,879,363.27
2023-10-18,1700,20,1,403,46.24
2021-02-16,198,26,10,354,116.79
2023-06-30,730,50,8,415,56.52
2019-07-13,999,25,10,504,365.02
2019-07-27,820,22,7,806,305.8
2020-12-14,146,36,7,192,373.22
2022-06-24,102,10,7,833,21.7
2020-10-10,1314,8,2,544,245.29
2021-01-28,1391,10,7,207,299.8
2023-10-20,1738,24,2,940,259.88
2020-07-27,106,28,5,270,88.51
2019-05-15,781,31,1,557,339.16
2022-07-19,176,37,6,464,295.46
2021-04-09,1263,11,1,312,145.76
2021-02-08,1263,42,10,823,32.98
2022-08-10,756,28,7,903,63.37
2021-09-14,334,37,6,497,216.1
2022-12-04,1411,1,6,374,325.2
2019-03-19,1526,36,5,493,127.99
2023-10-02,791,36,8,795,286.74
2022-11-19,986,43,4,158,384.15
2020-02-21,1047,12,4,90,24.54
2021-02-02,78,27,10,111,28.42
2020-08-11,53,49,1,256,19.48
2020-09-06,1639,11,4,830,358.85
2021-10-02,926,22,6,694,167.01
2023-05-25,1379,35,3,135,144.51
2020-02-07,1039,18,4,147,150.45
2020-08-26,1171,2,8,100,131.8
2021-03-02,477,49,8,762,28.61
2020-10-25,1822,45,9,512,337.84
2020-02-23,1967,8,7,158,231.12
2020-05-11,99,37,8,802,51.94
2023-12-04,412,13,10,247,121.46
2021-08-26,959,33,8,504,150.09
2023-03-17,819,46,2,759,208.07
2021-01-24,460,4,10,318,329.44
2019-02-21,307,25,5,812,324.75
2020-03-29,443,24,10,492,369.68
2023-11-05,1912,32,9,991,158.89
2023-12-09,698,6,10,598,263.27
2023-04-13,1707,31,3,533,294.58
2023-06-28,1002,8,3,752,135.95
2021-10-17,1180,22,8,560,125.43
2019-10-21,1963,31,2,251,187.88
2019-08-08,210,24,1,437,383.26
2023-12-23,949,20,8,535,224.55
2021-06-01,797,27,5,141,79.43
2022-06-04,1968,50,6,348,265.83
2022-03-15,568,40,2,776,8.25
2023-02-07,1215,15,7,678,232.64
2023-05-12,1148,24,6,808,105.46
2023-03-11,1755,30,4,90,239.88
2021-04-04,1886,10,4,218,28.27
2020-07-15,195,15,6,515,376.88
2021-10-30,1580,16,6,916,211.86
2019-02-16,527,7,1,649,161.97
2019-05-24,449,35,5,464,59.92
2022-09-13,1191,38,9,308,19.04
2022-09-01,305,42,4,710,32.64
2023-10-01,1613,45,5,838,335.95
2023-06-01,847,39,4,926,159.15
2021-04-01,285,9,1,551,304.72
2020-07-24,154,48,5,384,241.33
2019-02-13,23,15,9,736,229.14
2020-07-13,169,22,4,888,106.39
2019-08-27,816,29,9,332,35.42
2020-12-15,1756,11,3,445,235.18
2019-11-05,1776,6,8,821,107.8
2021-07-19,1916,26,4,737,374.54
2023-05-24,799,43,6,458,293.96
2019-06-06,311,8,10,913,35.63
2019-12-09,889,17,3,892,260.76
2022-08-24,1740,13,4,168,5.49
2021-11-26,407,37,10,978,18.47
2020-09-25,779,46,5,535,202.08
2023-02-01,808,39,4,855,348.89
2019-08-14,983,23,5,692,310.76
2022-08-06,933,2,3,951,22.81
2021-11-06,1365,22,6,82,186.38
2023-05-04,895,2,4,498,265.03
2023-03-02,265,46,2,535,104.18
2021-11-02,1880,8,8,722,122.14
2023-09-24,127,44,3,351,41.0
2022-11-13,1264,37,4,647,356.83
2023-06-19,1991,50,1,185,18.54
2022-06-22,658,42,1,953,298.89
2023-10-11,390,44,7,947,136.17
2020-04-16,1430,2,3,933,354.38
2021-09-03,600,33,10,127,125.9
2022-06-15,1827,36,2,414,372.45
2023-06-04,1184,12,2,502,128.47
2020-12-30,873,21,7,511,100.1
2021-08-28,146,50,7,777,333.22
2019-06-01,896,37,6,863,83.49
2023-03-02,1046,25,4,175,83.94
2022-01-23,1445,45,9,441,46.73
2023-08-29,502,3,7,728,107.36
2020-05-30,1822,1,2,153,327.0
2023-12-03,1569,23,7,586,203.87
2019-06-11,381,46,4,377,72.3
2020-03-05,1581,35,6,790,94.25
2019-09-12,1575,12,9,509,129.81
2021-07-07,1367,31,9,316,5.63
2020-10-19,834,41,6,285,290.12
2022-08-10,265,14,4,688,378.49
2022-01-29,1366,9,7,50,313.76
2023-03-06,381,22,3,196,214.02
2023-10-11,1597,11,4,944,146.81
2021-11-21,513,27,7,323,392.09
2021-01-21,1077,8,9,947,89.6
2022-02-10,1226,33,3,322,40.26
2019-03-04,352,42,3,243,265.6
2023-08-13,686,29,2,963,206.19
2023-01-22,903,24,7,880,216.58
2022-11-05,74,34,1,481,305.68
2021-05-26,1068,6,4,928,180.82
2023-07-18,1263,4,5,508,25.18
2021-11-24,685,46,6,318,51.04
2021-08-15,1232,19,3,254,145.83
2022-06-24,772,46,2,781,379.61
2020-10-12,1657,7,6,129,320.55
2023-12-17,556,33,2,651,301.84
2022-01-02,1509,4,5,290,87.74
2020-06-23,531,29,9,174,292.75
2022-09-01,1089,36,7,628,91.22
2021-07-31,1817,16,9,611,129.93
2019-06-16,19,14,3,571,354.56
2023-10-26,384,47,7,361,310.26
2020-09-20,832,23,3,294,326.56
2019-11-23,1711,18,6,834,35.66
2020-11-28,347,1,4,94,386.18
2021-06-17,666,18,6,172,132.85
2022-12-02,867,10,7,96,376.2
2020-10-08,1527,50,3,244,302.76
2020-08-03,940,38,8,759,189.09
2020-07-16,851,31,5,414,259.88
2021-04-21,1616,17,5,483,162.43
2023-04-06,1052,9,5,655,252.31
2020-06-12,1462,14,3,576,383.8
2022-01-22,1333,5,6,487,277.4
2020-03-29,431,20,1,361,130.43
2023-11-15,1353,44,5,618,167.07
2023-06-15,622,32,9,74,252.95
2023-02-28,1448,16,9,188,352.82
2019-01-04,242,27,3,651,84.23
2020-12-03,1202,21,9,455,191.28
2022-03-23,17,33,4,338,173.38
2023-11-28,961,25,9,355,161.44
2020-05-05,1488,42,9,192,320.78
2022-06-18,347,20,9,874,47.23
2020-03-31,897,3,1,532,275.32
2019-09-03,1462,7,9,394,260.89
2021-04-15,1223,9,10,483,177.75
2020-02-23,1561,6,6,443,131.64
2020-09-25,481,10,3,556,70.23
2020-08-17,964,17,2,129,149.48
2020-09-13,1052,23,7,292,197.33
2022-04-05,167,28,6,842,314.55
2021-08-21,1431,4,8,314,128.79
2023-11-03,349,32,10,519,30.17
2023-02-07,1439,1,7,319,67.23
2020-10-09,883,5,9,229,383.15
2020-04-29,1253,12,10,937,119.75
2022-10-04,1083,46,7,341,50.2
2020-09-29,456,1,10,819,51.23
2019-06-09,238,6,2,199,308.97
2020-03-05,1749,4,9,620,265.52
2022-11-18,1218,30,9,838,386.71
2023-12-16,1368,11,5,888,216.14
2021-02-06,1282,17,5,745,29.94
2020-03-12,28,42,9,283,246.46
2020-10-19,658,41,4,978,58.22
2022-04-28,1974,38,5,852,256.12
2023-11-25,1916,28,10,547,180.47
2020-06-25,1434,6,4,119,294.0
2021-09-15,9,34,1,832,281.83
2023-02-02,501,18,3,915,139.43
2019-02-13,882,41,3,498,190.11
2022-04-13,551,48,3,344,359.9
2021-07-07,331,28,1,269,397.79
2019-03-03,1271,9,6,194,181.22
2023-09-21,181,26,1,912,267.84
2019-07-01,1253,5,1,748,26.26
2019-01-09,902,1,3,323,153.92
2020-12-15,1829,6,9,769,140.69
2022-07-24,1145,6,4,290,56.74
2023-01-22,373,7,2,832,82.73
2022-01-23,1759,6,9,474,362.38
2023-06-20,1736,10,2,634,271.43
2023-04-26,175,43,10,658,75.65
2022-07-19,1620,32,2,274,268.5
2023-11-10,1657,20,5,537,23.4
2022-05-12,47,3,10,227,148.37
2023-03-26,1740,34,7,569,66.13
2022-05-06,352,13,1,735,24.75
2022-01-29,1078,17,9,638,166.47
2021-05-01,1584,46,2,961,152.89
2019-10-18,1838,26,3,125,235.45
2022-06-08,1443,42,9,903,124.34
2021-04-22,56,21,5,587,133.46
2023-03-18,1800,5,5,525,282.4
2023-03-15,906,42,8,588,226.98
2023-12-16,1729,45,6,189,202.82
2022-12-04,1608,31,8,712,98.2
2021-07-19,303,12,9,883,289.88
2019-07-09,883,25,6,384,234.64
2021-10-01,1486,9,4,927,164.63
2023-07-24,172,9,1,757,165.44
2019-10-01,1952,17,6,305,273.91
2023-08-21,1999,13,5,860,318.46
2022-06-30,784,4,6,482,100.79
2021-02-27,613,37,2,908,393.18
2020-05-18,1441,5,5,95,105.41
2022-11-21,1690,38,1,708,131.56
2020-02-15,1909,25,3,462,191.43
2021-12-25,1714,24,4,312,47.24
2019-09-03,982,36,4,734,11.09
2022-11-04,406,31,9,937,129.54
2019-10-12,418,5,2,149,209.06
2022-10-02,1116,11,2,230,41.7
2020-01-14,45,50,1,678,104.12
2023-10-16,148,43,4,345,372.06
2020-07-23,1159,12,2,757,330.64
2022-12-09,1272,28,6,392,137.47
2023-09-08,976,44,4,575,140.57
2023-06-04,1727,5,6,154,113.46
2022-06-30,1001,28,8,518,265.38
2020-05-27,273,44,1,758,15.73
2019-04-11,695,22,6,487,105.09
2021-01-17,219,42,8,952,252.74
2023-11-30,1359,26,2,552,103.5
2022-02-28,119,26,9,832,284.25
2019-02-22,1388,46,4,86,367.1
2020-04-01,1038,49,4,51,300.26
2022-09-17,1040,16,5,853,311.6
2021-01-11,1101,36,10,777,242.62
2020-09-02,729,19,2,113,212.95
2021-03-18,1571,14,1,531,152.87
2023-08-15,1551,43,6,85,399.79
2020-05-20,1465,40,1,207,254.94
2022-12-28,1350,17,4,744,75.0
2023-08-25,20,35,8,943,170.73
2023-07-14,184,34,8,625,209.1
2022-07-06,690,43,3,384,370.43
2020-02-22,216,41,6,319,176.95
2023-04-12,1918,40,4,692,165.6
2022-05-05,1759,1,3,167,333.45
2021-03-04,1313,36,7,829,227.39
2020-11-12,1871,3,1,573,343.0
2022-12-21,1564,44,6,447,26.44
2023-01-09,12,1,3,469,28.02
2021-10-15,1331,3,4,986,256.14
2022-11-03,652,15,7,651,336.37
2020-01-07,1411,34,8,243,379.26
2020-04-08,712,33,8,781,225.36
2022-01-05,1223,39,6,502,22.65
2020-07-07,1531,48,8,496,86.46
2019-08-31,1101,34,4,73,348.9
2019-08-31,976,30,1,97,347.84
2021-12-30,1905,12,10,164,121.44
2019-07-03,1923,44,6,780,155.36
2019-08-07,700,38,5,224,152.49
2023-04-11,706,49,7,273,193.29
2019-05-11,637,42,1,744,326.88
2022-09-16,310,19,9,452,113.56
2021-04-16,1824,11,9,470,204.44
2023-01-23,584,6,7,775,270.31
2021-05-15,127,18,4,718,58.6
2020-02-19,219,26,4,879,135.97
2021-06-30,481,34,8,313,225.45
2021-05-22,1751,50,1,253,150.51
2022-11-28,1863,45,8,605,256.16
2019-04-05,1639,21,10,494,372.4
2023-10-31,1821,28,4,718,86.64
2019-02-13,1987,15,1,250,269.53
2021-09-04,98,32,9,741,303.48
2019-01-16,1917,19,7,874,65.77
2020-08-03,1041,5,4,869,60.6
2020-05-12,1551,17,1,958,180.78
2019-11-11,1138,43,7,676,235.59
2019-02-01,84,48,5,205,195.87
2020-05-13,234,12,10,221,23.64
2021-09-05,36,4,6,568,214.03
2021-07-27,1209,48,6,710,389.59
2022-10-26,22,34,9,841,371.29
2019-01-23,1064,42,4,640,157.94
2019-02-14,67,41,1,590,135.93
2021-12-17,1350,35,6,974,242.46
2019-07-16,1474,42,6,400,232.74
2019-08-10,1128,33,6,726,284.03
2022-03-01,1777,18,6,187,277.14
2021-07-23,714,6,1,825,89.91
2023-03-19,1875,26,10,570,396.8
2021-12-23,639,13,3,109,111.73
2020-09-18,461,34,7,964,31.75
2021-02-19,490,6,4,112,43.97
2023-09-10,1702,39,6,825,255.99
2023-02-10,1311,20,2,841,21.07
2019-04-14,475,5,5,818,252.96
2019-03-27,1238,5,9,63,193.78
2022-09-14,1479,26,4,647,200.45
2022-02-14,1294,27,7,294,53.95
2019-04-29,99,28,7,119,203.4
2020-08-08,8,48,10,586,398.28
2019-12-26,935,22,1,787,128.2
2020-11-26,32,7,7,501,69.68
2023-05-18,1398,20,1,672,97.53
2020-11-10,1480,31,5,621,309.3
2022-12-27,293,36,10,130,330.29
2022-05-17,10,24,7,846,44.77
2021-11-30,1130,30,1,986,371.65
2021-06-03,1894,46,3,282,196.25
2023-10-02,1110,6,2,459,306.95
2020-08-31,979,35,8,311,265.37
2023-05-14,1168,7,4,717,238.23
2019-09-29,1490,42,9,680,246.77
2022-08-01,845,5,6,148,347.38
2020-05-03,1863,31,1,262,203.79
2023-04-05,394,34,2,500,356.87
2023-07-16,1990,8,6,979,178.12
2022-04-21,898,15,7,465,49.41
2023-12-15,528,20,7,699,290.27
2021-06-20,1956,11,10,736,87.05
2021-05-22,1123,29,2,973,304.24
2022-01-20,1507,28,1,498,280.8
2019-11-10,520,44,9,573,371.37
2021-07-30,300,18,6,923,107.47
2023-12-09,1858,32,8,587,176.97
2023-04-04,896,48,9,293,46.18
2019-05-16,590,19,7,934,373.03
2019-12-23,183,20,1,732,251.58
2022-09-01,1490,45,5,179,136.85
2019-08-28,135,1,10,966,188.12
2019-03-05,1293,12,5,824,288.16
2023-02-21,1033,36,10,657,35.04
2023-08-08,463,4,9,327,358.9
2019-03-05,201,23,10,58,103.58
2022-01-28,1899,16,8,991,55.26
2019-11-02,836,24,2,139,247.56
2023-02-01,1669,49,1,935,247.81
2020-01-18,360,48,2,375,5.69
2019-03-01,586,42,2,793,152.13
2020-02-06,1662,19,2,330,88.26
2022-05-27,1207,33,9,453,89.04
2021-11-08,20,17,6,119,262.08
2023-10-24,509,3,7,780,296.75
2020-12-04,1216,18,7,887,226.63
2021-07-12,146,15,6,510,271.79
2022-10-12,1714,14,3,283,327.23
2021-04-16,1206,49,7,357,307.39
2023-09-18,345,30,7,335,396.58
2022-10-04,114,25,6,974,207.91
2021-06-23,1323,8,7,608,365.53
2023-02-05,1269,26,7,920,67.12
2019-02-16,308,10,8,179,272.24
2023-05-11,300,10,9,250,74.19
2023-07-28,658,46,5,312,298.21
2020-01-11,1245,14,4,401,293.13
2021-06-26,1030,4,3,138,56.32
2022-08-18,704,30,6,417,74.64
2019-01-30,1234,48,6,103,201.42
2020-01-04,1315,24,2,536,387.9
2022-04-25,1456,2,7,423,87.04
2021-03-22,905,18,4,672,135.81
2022-06-22,1471,16,1,649,203.46
2020-06-04,1247,44,4,802,113.76
2021-07-24,475,39,4,982,94.19
2019-09-12,447,30,9,246,365.74
2022-04-12,710,10,4,896,85.77
2022-07-30,1773,48,4,972,297.6
2019-01-10,763,4,7,386,183.06
2019-12-30,1546,24,7,104,80.52
2021-08-17,1190,1,3,551,344.07
2021-04-23,529,25,6,690,86.82
2023-05-11,837,29,3,339,304.66
2022-12-25,359,25,10,477,57.52
2023-12-09,1003,49,1,675,173.11
2021-03-06,1438,34,7,743,286.3
2021-12-18,64,38,5,261,124.27
2021-12-21,277,27,4,643,227.49
2022-04-02,217,5,8,386,205.66
2019-09-12,1498,22,7,598,11.87
2022-11-23,396,19,3,288,105.38
2021-02-15,1679,44,10,797,10.9
2023-01-29,1641,22,7,761,17.35
2022-02-23,1346,8,10,488,158.87
2022-06-09,1336,25,7,468,164.85
2020-08-25,1833,36,10,845,366.72
2022-12-02,1684,27,7,900,369.89
2022-08-06,924,19,2,92,99.32
2019-06-24,1616,48,3,325,212.76
2023-07-06,1469,29,3,274,93.78
2020-01-09,1346,29,3,354,124.58
2019-09-22,1817,16,7,313,161.55
2021-07-13,351,40,7,815,223.09
2020-07-13,1300,33,4,145,123.07
2022-01-10,2,41,1,84,73.75
2021-07-12,1972,48,6,107,122.15
2019-10-04,1510,21,1,711,329.05
2022-06-04,1125,45,7,789,245.74
2019-02-18,235,17,1,663,65.74
2021-11-12,1638,35,9,944,75.03
2023-04-14,1786,27,7,296,84.57
2022-01-29,1320,50,9,815,264.46
2021-09-22,1164,39,6,457,205.72
2021-05-01,249,38,9,915,348.01
2019-09-24,1736,38,6,147,82.38
2020-12-03,600,38,7,377,81.92
2022-06-27,70,46,5,522,112.57
2021-11-27,1120,3,7,194,179.12
2019-01-21,1277,22,2,481,227.17
2021-07-15,301,27,9,856,187.18
2020-12-17,481,17,6,144,316.89
2021-06-02,723,8,1,647,131.26
2019-11-07,1421,36,1,617,238.61
2021-08-09,933,2,9,308,107.93
2022-05-18,1850,44,8,437,200.52
2021-03-24,753,20,9,329,240.5
2023-03-22,77,44,6,643,232.39
2020-02-14,1041,39,9,725,26.39
2023-08-27,1271,14,7,404,167.41
2019-03-04,27,11,1,129,205.66
2022-09-09,1042,5,4,325,373.3
2023-06-20,1301,6,3,891,216.18
2020-10-03,1806,26,4,884,250.08
2023-09-15,1892,31,1,416,14.61
2020-04-14,1160,33,1,689,327.82
2019-05-21,955,50,4,252,384.4
2019-09-25,1980,42,7,286,213.39
2022-02-15,1407,29,4,141,148.86
2020-12-07,320,27,2,869,76.98
2021-04-19,1265,1,4,108,253.51
2019-09-06,1993,7,5,220,253.05
2022-12-18,1401,30,5,828,199.92
2023-06-17,1252,50,9,514,323.83
2021-10-09,1618,5,2,65,260.1
2023-09-16,1319,37,6,574,41.07
2019-03-27,256,8,9,572,67.27
2021-04-10,629,19,3,662,379.39
2022-03-22,242,30,7,205,302.66
2021-10-28,268,39,2,382,84.68
2021-03-10,1488,11,5,317,26.86
2020-07-10,1757,24,1,390,106.64
2019-10-09,582,15,3,374,266.3
2022-08-05,728,2,5,464,190.04
2022-03-10,982,18,6,613,161.51
2022-06-01,639,28,6,895,333.45
2019-05-08,1591,41,6,824,257.13
2023-02-28,1305,37,1,639,348.79
2021-07-27,621,40,3,88,250.46
2019-05-22,1443,23,3,846,153.21
2019-11-09,1753,20,1,749,31.05
2021-09-25,1578,49,6,292,105.16
2023-08-28,1408,2,10,514,258.1
2019-06-10,916,22,2,601,322.04
2020-02-07,1211,4,1,235,306.97
2023-04-05,1712,21,8,883,221.86
2019-11-03,103,7,1,127,343.82
2020-11-21,1539,34,6,691,339.99
2020-12-13,453,29,10,289,266.96
2019-01-26,1680,26,10,77,134.51
2019-07-09,1013,42,7,956,228.64
2023-04-18,1640,5,10,884,129.8
2023-12-04,699,12,1,248,382.31
2023-09-12,1301,30,10,659,283.9
2023-10-04,864,50,3,403,11.58
2019-08-08,1807,23,4,66,143.82
2022-07-01,1767,1,9,565,245.79
2021-02-11,724,48,7,989,318.46
2023-08-27,1574,46,5,991,240.9
2023-07-18,814,36,6,534,81.03
2023-05-07,810,48,7,472,73.07
2019-05-25,1067,42,7,722,281.87
2019-04-02,1790,32,8,62,135.93
2022-11-10,1957,7,10,822,282.75
2021-05-03,1852,21,9,258,338.78
2023-03-01,319,44,3,895,34.64
2022-04-25,1535,18,6,776,217.2
2019-05-26,55,7,7,982,40.08
2021-11-06,315,48,7,722,188.67
2019-03-04,1702,20,6,479,158.96
2021-12-23,878,40,2,58,280.9
2020-04-24,1003,44,7,979,79.07
2019-02-08,1855,45,6,113,310.29
2020-07-02,1023,39,10,945,120.56
2019-02-07,112,4,6,760,69.47
2023-06-17,912,20,3,322,118.23
2023-11-14,176,5,4,621,334.71
2023-09-08,644,10,4,417,254.23
2019-11-20,479,41,6,796,244.44
2023-11-09,314,45,2,982,330.02
2020-08-21,1231,6,9,280,234.35
2022-11-23,1389,23,3,624,338.3
2019-01-17,1307,5,7,174,294.34
2023-08-15,283,23,6,350,39.63
2022-02-19,1782,12,5,180,108.71
2022-12-18,437,27,9,825,226.43
2021-01-05,1920,26,7,50,254.38
2021-08-20,348,47,8,180,36.78
2021-11-22,922,10,10,97,270.06
2021-09-29,1489,5,6,569,187.7
2023-02-27,413,26,1,565,20.92
2022-05-17,295,49,4,494,176.37
2023-05-13,222,30,2,293,274.64
2019-02-06,1818,29,7,416,7.29
2020-09-11,507,16,10,546,310.47
2023-12-11,462,21,5,879,136.66
2021-07-29,1648,7,5,608,336.06
2020-10-29,395,50,9,342,69.7
2022-04-08,832,21,4,58,211.03
2021-11-27,1279,36,3,603,267.06
2022-12-08,1917,36,1,484,93.19
2022-02-20,904,13,5,967,221.64
2023-10-16,525,16,3,249,377.57
2019-05-05,627,17,6,534,380.88
2020-04-23,117,42,8,231,294.43
2023-03-18,367,7,2,895,17.13
2022-11-24,1202,16,1,425,396.02
2021-11-20,1537,32,4,559,231.83
2019-12-14,1473,38,9,823,173.88
2021-09-19,43,36,4,645,43.25
2020-07-20,1638,43,4,326,88.67
2023-04-30,1416,14,5,552,341.26
2019-11-24,929,16,2,399,368.95
2023-03-14,1017,11,2,501,224.99
2023-01-06,952,14,2,108,152.79
2021-07-22,147,32,7,306,295.75
2020-04-04,604,13,10,336,154.54
2021-06-25,1782,1,7,334,47.06
2020-09-16,351,39,9,380,198.72
2022-05-08,661,39,10,305,68.14
2019-01-14,790,30,9,672,284.46
2020-09-13,631,24,2,171,227.23
2019-08-05,1046,17,4,752,52.14
2020-11-02,691,15,7,298,61.94
2023-11-28,561,41,4,297,65.45
2020-06-26,1544,31,2,552,350.56
2022-05-19,324,30,3,272,336.34
2022-08-23,1927,42,6,444,198.81
2021-07-21,229,39,4,839,349.87
2022-09-05,1360,5,4,754,297.23
2023-08-13,1341,9,7,247,58.89
2023-11-18,863,36,9,529,261.93
2020-02-04,970,4,7,578,132.18
2019-05-20,501,4,9,722,220.53
2021-06-28,1651,1,6,109,347.6
2023-04-10,598,50,1,385,111.41
2023-01-21,1166,24,5,617,146.86
2023-05-10,1734,32,4,376,262.34
2022-01-03,1483,38,2,782,280.84
2022-09-12,1407,11,10,389,292.52
2020-05-02,368,23,4,157,119.22
2019-06-23,1720,11,7,737,44.53
2020-02-29,1252,26,5,633,327.41
2022-10-18,806,6,8,917,115.27
2021-11-26,927,21,2,878,98.63
2023-05-26,918,42,3,358,162.87
2021-12-31,1458,47,6,80,184.63
2022-06-09,594,19,3,799,304.73
2021-12-06,1281,27,5,142,344.57
2020-06-07,1322,28,6,395,367.18
2023-04-17,174,2,10,683,103.33
2021-12-09,1089,40,4,935,323.0
2020-10-20,1759,35,6,840,357.56
2020-10-31,250,24,2,560,325.96
2021-11-15,1656,18,2,688,15.33
2020-09-18,27,7,9,772,394.6
2022-06-28,1535,42,5,704,83.98
2023-06-20,590,47,8,286,274.53
2021-03-02,945,12,4,401,32.86
2023-06-10,59,41,3,658,9.7
2023-09-10,1794,11,3,442,232.57
2023-12-27,1555,50,8,153,72.46
2023-02-12,1737,29,10,822,393.41
2020-08-08,139,22,10,198,171.85
2019-06-14,1141,3,9,673,327.01
2020-02-19,1184,24,4,282,279.54
2019-12-18,178,29,6,492,143.73
2021-03-03,579,38,2,709,132.61
2022-11-15,157,27,9,338,288.19
2022-03-10,1523,49,7,966,352.25
2021-05-13,824,42,7,779,55.36
2019-12-26,1939,40,9,416,375.49
2023-12-08,1595,34,3,266,105.5
2020-08-06,1567,15,8,947,89.12
2021-02-06,641,18,7,334,170.67
2019-12-20,1715,11,8,662,272.26
2023-04-06,566,24,5,836,115.29
2020-01-19,1751,15,5,314,283.64
2021-03-22,946,43,3,844,236.37
2023-05-08,964,23,8,149,180.44
2019-11-05,1607,13,2,925,326.78
2022-12-22,614,4,8,422,232.05
2019-05-28,1560,35,6,208,336.57
2022-11-18,920,41,9,501,12.39
2023-10-06,1547,8,4,519,306.67
2020-12-20,227,30,7,542,270.94
2019-02-02,671,16,10,192,158.48
2019-01-01,1710,7,2,616,148.17
2021-06-10,326,25,2,108,215.25
2023-03-16,760,19,3,878,14.98
2023-08-04,1146,17,7,833,90.52
2021-02-03,1462,30,9,769,261.28
2023-11-11,1549,38,6,205,36.27
2022-09-26,1857,15,6,66,186.29
2020-08-28,593,28,10,707,129.82
2020-04-06,1434,37,7,244,5.78
2023-10-26,286,20,2,151,31.66
2019-09-12,1468,24,9,697,115.21
2022-05-19,1172,3,3,201,310.85
2023-07-01,356,2,6,947,329.71
2023-07-20,142,8,5,286,325.58
2023-04-01,471,44,7,156,139.23
2023-10-14,189,14,10,231,274.61
2020-07-14,933,49,10,798,141.61
2023-09-22,863,13,10,452,125.02
2023-07-15,25,10,4,932,374.72
2023-07-26,1524,3,3,973,346.65
2020-09-01,741,16,9,264,55.74
2022-01-09,714,25,6,616,228.65
2022-10-23,1835,44,8,373,385.92
2019-11-24,1357,27,8,278,206.9
2021-11-11,864,17,2,149,14.43
2021-08-08,1734,30,5,573,23.73
2021-04-25,851,20,1,571,302.84
2020-06-23,383,19,3,683,310.7
2021-10-18,1453,1,6,617,371.11
2019-08-05,1614,46,4,81,215.02
2019-12-05,933,27,10,788,369.58
2022-07-10,1767,24,3,172,17.14
2022-03-28,1068,42,8,343,310.95
2021-02-12,1427,46,2,860,306.89
2022-09-17,855,29,1,579,313.91
2019-08-02,726,21,6,751,308.63
2023-12-15,1818,48,5,598,153.14
2021-03-06,72,38,10,607,191.72
2021-07-18,1714,30,1,627,320.05
2023-01-10,1922,19,10,768,45.92
2019-07-05,10,25,9,444,361.21
2023-06-18,1913,37,6,513,383.99
2022-04-23,1252,13,4,274,386.67
2021-07-23,546,35,9,171,71.98
2019-02-09,326,24,8,560,143.85
2023-04-24,1181,46,9,724,23.12
2020-12-29,1583,28,5,959,157.7
2020-11-30,1499,24,8,241,99.13
2023-11-01,251,11,2,581,244.56
2022-01-29,228,45,10,936,185.39
2023-08-07,1938,1,1,767,255.57
2022-01-26,326,26,8,835,56.94
2022-04-01,1361,15,6,212,178.02
2022-10-24,1503,20,3,391,178.86
2019-12-27,334,14,9,803,145.82
2023-11-26,1656,9,3,736,357.12
2020-01-19,1769,46,10,128,12.58
2020-07-05,280,29,4,928,262.3
2021-11-05,1406,22,9,398,360.29
2022-11-13,1362,32,5,975,11.85
2022-03-09,404,41,6,710,286.04
2020-12-18,1355,42,4,789,160.09
2019-02-17,1400,15,3,636,343.92
2021-08-05,1056,27,6,879,176.78
2021-09-30,1434,37,5,390,151.94
2020-07-19,894,13,2,857,223.18
2023-05-03,1451,30,7,694,365.28
2021-04-26,1984,43,5,261,253.47
2023-06-19,1539,47,8,224,351.2
2019-07-03,1118,11,1,764,319.78
2020-06-29,28,10,9,455,161.17
2021-05-04,391,20,9,714,199.92
2022-10-12,296,46,8,999,136.31
2020-09-13,590,17,8,118,350.66
2020-08-12,1220,10,6,208,327.33
2019-09-23,799,19,8,158,259.76
2020-12-20,1918,39,5,907,24.65
2023-02-23,412,22,9,433,303.67
2023-05-16,549,4,9,814,95.11
2023-06-10,331,26,1,708,38.01
2019-05-16,381,34,9,127,155.96
2022-07-03,850,50,1,862,263.24
2023-05-01,382,43,6,970,390.12
2019-01-10,775,23,1,309,219.47
2023-04-15,1247,8,6,860,40.43
2023-12-11,1792,7,8,695,351.08
2022-11-04,1229,34,5,178,115.77
2020-03-27,1328,33,4,935,18.05
2019-01-10,425,19,4,812,130.17
2022-07-08,1323,39,6,231,69.71
2021-07-22,839,1,10,385,378.97
2021-02-03,571,41,1,649,179.61
2020-11-26,1006,40,8,665,243.69
2022-01-22,1189,42,7,508,245.79
2021-02-17,1630,3,1,709,323.7
2019-03-01,1131,10,5,951,393.2
2023-09-28,1784,6,3,969,25.37
2019-02-14,900,26,10,780,163.68
2022-10-04,301,4,1,749,247.89
2022-06-16,1443,18,3,366,39.25
2019-06-26,276,50,9,822,270.89
2023-02-07,287,17,7,993,170.18
2020-11-14,1,33,5,423,191.75
2022-01-16,1753,44,3,346,6.91
2021-08-05,942,31,10,430,59.13
2020-07-02,199,14,1,497,340.06
2023-01-25,568,27,1,737,288.67
2023-09-18,1717,13,2,262,23.71
2020-03-15,1359,28,2,106,268.73
2023-06-01,1396,6,2,953,171.05
2019-10-27,558,37,1,707,151.0
2022-04-29,1161,35,9,835,118.54
2019-02-07,597,46,1,266,381.91
2023-04-19,311,6,3,469,175.93
2020-10-06,455,30,10,138,269.53
2023-12-03,69,43,3,183,119.38
2022-10-14,1832,19,7,557,350.73
2021-12-08,1841,22,9,783,191.3
2020-01-07,539,37,3,127,169.26
2023-11-14,2,44,1,584,48.99
2020-01-02,399,14,8,66,399.56
2019-03-07,187,42,6,738,329.79
2021-03-15,754,6,1,957,49.6
2023-10-06,644,2,3,505,154.99
2022-11-30,750,24,3,385,392.78
2019-05-04,1983,49,7,309,17.0
2023-07-26,969,34,5,306,14.97
2022-10-16,341,20,9,925,123.3
2020-03-05,1278,31,1,858,250.49
2020-08-18,1391,50,8,666,14.37
2019-12-18,1555,17,8,705,360.68
2022-08-03,543,4,8,595,114.41
2019-12-21,598,43,9,414,82.06
2022-10-18,310,27,5,437,244.67
2020-07-14,524,1,3,861,221.75
2021-11-13,1391,23,4,309,38.87
2019-11-01,54,10,6,359,52.09
2023-05-13,1827,25,5,492,34.88
2023-10-14,1358,23,6,802,143.64
2021-03-07,1245,22,3,900,385.54
2022-08-12,693,5,4,901,355.07
2020-12-10,1472,32,2,475,102.63
2023-06-14,1040,5,9,910,258.41
2019-02-10,1085,20,9,835,219.92
2020-12-18,1516,9,2,168,229.25
2023-12-26,288,48,9,770,163.88
2020-10-24,1398,13,1,204,321.91
2020-09-08,1928,17,5,663,59.73
2019-11-27,932,17,3,840,320.22
2023-10-29,228,22,1,889,213.11
2022-09-06,265,17,7,756,353.13
2021-09-29,1265,46,3,369,6.94
2022-11-03,1529,48,2,348,80.49
2020-12-17,695,38,2,332,350.43
2022-09-12,490,4,3,326,329.91
2022-08-21,969,44,8,226,319.34
2023-11-03,576,32,3,779,117.01
2021-08-24,1883,49,8,678,267.43
2023-07-19,1075,31,5,214,260.48
2023-06-02,504,2,2,109,144.39
2023-06-14,597,33,7,727,236.08
2019-08-31,1784,39,8,93,117.15
2021-11-06,31,7,2,999,92.14
2023-06-17,1905,21,2,457,203.24
2020-05-16,718,38,4,804,151.61
2020-04-02,601,29,9,105,232.83
2019-09-20,1287,20,8,395,233.24
2022-07-23,77,50,6,900,379.71
2023-08-06,1026,15,5,321,384.57
2019-05-10,611,24,2,951,365.24
2022-04-14,311,10,1,606,184.69
2020-03-14,1673,8,4,735,381.44
2019-11-02,524,43,6,485,67.18
2023-11-22,1717,21,9,83,176.74
2021-04-15,1147,45,1,766,96.31
2019-06-04,75,22,10,554,399.97
2022-08-21,400,14,9,921,136.88
2019-09-16,1986,31,9,605,374.61
2023-11-28,677,29,2,404,167.0
2023-09-13,646,14,4,782,216.09
2022-11-15,1515,50,10,921,297.47
2020-07-05,945,18,8,373,304.1
2022-05-27,1803,40,4,531,100.36
2021-07-18,1808,7,4,792,54.25
2022-02-28,71,14,5,870,182.55
2019-03-01,355,48,2,52,19.05
2022-08-30,662,48,2,540,288.27
2023-08-10,1340,18,1,551,103.52
2021-03-26,1928,7,10,397,194.52
2021-02-12,518,10,3,308,327.95
2021-06-07,35,30,6,298,201.32
2022-01-25,660,22,8,282,368.0
2023-03-14,1853,2,6,714,334.64
2023-09-11,420,41,8,918,190.91
2023-06-02,1070,19,10,691,32.3
2021-06-08,651,50,1,886,335.23
2022-05-17,1359,43,1,163,208.05
2021-03-14,1555,8,5,858,44.11
2020-06-15,1828,37,7,564,221.3
2023-05-27,1423,24,7,691,47.49
2019-12-28,66,24,4,842,126.8
2021-07-22,902,14,8,716,332.73
2020-10-30,499,30,6,298,315.21
2021-03-25,942,4,3,484,110.58
2023-05-13,1164,2,6,551,275.55
2021-02-09,1066,30,7,306,169.98
2022-03-28,525,10,2,336,64.61
2023-10-31,427,31,8,919,124.23
2023-03-28,565,42,5,66,285.16
2019-08-24,244,48,2,735,159.3
2021-12-26,1790,29,8,995,364.52
2021-12-07,1814,49,1,710,17.24
2022-01-06,1612,45,7,771,146.26
2021-11-03,420,23,7,944,54.53
2020-05-02,223,47,1,395,42.25
2021-11-08,1926,10,10,959,73.48
2019-01-17,458,36,2,543,116.88
2021-07-21,1286,19,6,155,105.64
2020-12-26,1403,20,8,648,38.01
2021-05-29,47,35,6,367,334.61
2022-03-18,1886,42,2,844,37.19
2021-07-15,326,45,4,808,234.18
2020-09-06,1322,22,2,904,391.45
2023-03-28,240,3,8,643,124.87
2020-03-18,1501,14,8,341,277.61
2023-09-15,1078,1,5,367,134.33
2021-09-20,975,44,10,818,245.96
2022-05-14,198,32,4,419,132.67
2023-11-25,1218,3,9,113,240.22
2021-03-20,1827,22,3,916,14.29
2020-05-10,1933,43,3,172,140.68
2021-02-16,1634,48,2,662,332.2
2021-05-13,468,24,8,56,144.53
2023-11-09,815,25,5,733,88.6
2020-01-07,1974,35,10,740,18.83
2019-05-31,962,32,1,590,173.58
2023-04-23,938,10,7,933,156.79
2022-11-18,1191,26,9,820,235.57
2022-06-13,670,10,7,142,235.58
2021-11-07,1419,30,2,164,149.37
2021-06-18,860,34,7,916,179.74
2021-11-18,612,14,6,599,388.91
2023-01-23,1110,15,5,614,231.33
2022-05-06,315,20,7,682,309.65
2023-11-01,546,33,5,239,226.51
2019-01-24,1128,22,10,418,285.65
2021-10-18,1719,5,5,689,359.17
2020-01-11,672,43,6,562,341.94
2021-09-14,20,41,1,145,198.34
2020-11-07,1334,23,9,526,333.24
2022-08-24,3,18,10,117,326.82
2021-05-13,1035,48,8,159,157.25
2021-11-08,1367,38,5,985,195.45
2021-03-19,1865,12,10,489,11.07
2023-05-24,981,48,8,67,78.48
2023-12-27,706,40,1,369,126.85
2023-08-18,435,13,6,173,327.02
2022-12-12,1718,5,6,261,315.87
2019-11-22,1441,36,6,751,16.41
2020-11-17,338,21,1,407,277.19
2020-10-16,1697,31,7,166,312.64
2019-05-29,1245,16,3,885,204.44
2020-09-01,1552,39,5,782,360.51
2021-01-21,1452,28,1,384,197.19
2021-03-08,1024,28,9,65,177.62
2019-05-13,1683,16,1,134,343.42
2021-02-20,712,49,1,464,69.14
2022-12-02,1684,48,8,82,187.4
2019-10-19,555,7,7,101,353.33
2022-07-18,876,30,9,797,102.4
2021-08-02,1431,11,3,324,128.65
2021-09-10,1273,38,10,323,394.77
2019-09-13,1614,6,4,566,67.42
2019-08-08,1947,32,1,194,136.27
2019-01-24,1557,12,7,665,324.24
2020-01-14,900,11,3,128,188.57
2021-09-09,1551,44,5,316,189.29
2022-03-04,841,24,3,897,123.19
2019-03-15,250,35,10,798,325.59
2021-12-04,1957,14,6,874,77.28
2020-06-28,1721,6,6,990,191.42
2021-01-11,90,16,10,621,151.77
2019-03-14,1204,45,6,980,145.51
2023-11-10,330,38,3,940,378.67
2019-08-19,1418,8,8,681,25.37
2022-09-26,217,49,5,222,33.93
2023-10-23,970,50,1,383,211.29
2021-03-27,1581,2,2,379,327.63
2021-12-17,1831,45,10,626,71.52
2021-08-17,1787,39,7,663,105.05
2020-10-30,206,6,3,999,177.35
2020-03-29,457,2,2,719,250.78
2021-05-24,1588,39,2,768,340.58
2019-09-17,698,47,1,447,161.45
2019-12-05,896,28,6,545,187.16
2021-02-05,429,37,9,481,201.16
2021-01-26,1671,20,8,559,110.36
2020-05-06,1571,29,8,671,210.47
2019-02-18,650,47,3,110,241.55
2021-07-27,795,26,8,770,32.66
2021-08-28,1027,33,2,893,65.03
2021-11-08,1082,7,5,986,13.48
2022-08-26,714,11,10,636,182.51
2019-04-22,1747,47,1,990,90.74
2020-08-05,1642,45,6,549,395.78
2019-06-20,692,40,7,924,256.35
2021-05-01,1642,34,6,904,276.52
2023-12-04,1066,32,10,304,86.72
2023-11-05,1484,28,1,186,41.28
2023-12-09,562,18,9,282,263.59
2019-05-23,694,11,9,400,378.16
2020-11-15,425,25,10,741,345.25
2020-08-14,439,38,2,488,246.58
2023-07-14,1436,28,6,636,323.17
2020-12-14,485,15,6,669,111.84
2022-04-09,834,45,3,746,174.51
2020-08-14,1978,2,6,935,192.89
2021-01-28,477,25,2,605,375.78
2022-02-26,117,21,1,873,234.78
2019-03-01,1231,44,5,347,31.07
2021-11-02,45,13,2,743,276.72
2023-06-09,601,34,10,507,6.01
2022-01-18,369,47,3,632,13.94
2021-02-22,118,6,10,467,45.38
2022-02-26,724,7,5,119,325.11
2020-03-08,1686,8,7,615,129.83
2023-02-14,1588,44,9,673,311.19
2022-11-23,1263,40,7,657,123.22
2022-11-11,539,33,10,933,30.08
2021-10-13,1027,40,4,461,322.66
2023-12-11,1474,44,9,410,261.55
2019-05-28,429,12,5,907,200.68
2020-05-13,1723,19,2,762,178.2
2021-05-15,779,42,6,851,226.83
2023-06-15,905,24,5,572,15.4
2019-06-13,1357,8,9,500,341.09
2021-12-17,1186,47,4,525,64.2
2023-09-17,1173,22,10,323,337.56
2021-05-13,231,22,3,173,168.78
2023-12-28,1383,26,6,753,274.43
2019-03-11,1010,8,3,768,274.51
2019-10-16,674,42,2,509,32.78
2021-05-19,1617,13,5,865,41.06
2021-08-17,254,27,5,575,315.43
2022-03-26,1339,46,7,946,79.62
2021-11-10,1096,45,8,93,126.12
2021-07-24,1218,22,7,801,225.05
2021-03-25,58,4,7,303,199.23
2019-10-08,986,47,1,479,279.57
2020-03-11,1522,41,7,753,165.29
2022-11-23,1709,31,2,771,16.48
2020-10-09,1456,2,6,408,199.96
2020-04-06,1437,29,1,442,375.84
2021-11-09,1529,27,7,349,151.09
2021-11-22,999,3,1,867,257.75
2022-02-19,84,21,4,650,393.59
2021-10-11,331,35,9,703,296.32
2021-01-08,846,14,4,873,11.55
2022-04-04,887,4,9,158,226.03
2020-07-15,554,2,10,905,185.89
2019-12-28,1672,41,10,570,376.02
2023-03-23,1956,39,9,739,339.83
2021-03-02,630,26,8,403,298.13
2021-08-29,804,9,9,422,162.57
2023-01-04,356,12,4,919,181.79
2020-04-09,554,3,3,831,312.45
2022-12-19,1488,29,6,287,115.92
2023-08-14,1331,20,8,875,122.53
2022-11-30,1688,16,2,900,114.44
2022-02-18,891,31,6,876,296.61
2022-12-03,480,46,4,676,148.09
2020-10-21,769,4,1,843,371.3
2022-11-13,17,30,2,694,380.91
2019-04-03,480,9,9,318,78.32
2023-12-01,460,15,2,641,241.51
2022-06-01,242,28,3,423,239.88
2020-07-02,1934,17,8,708,173.94
2023-08-16,1361,11,10,733,135.83
2023-10-02,1429,41,8,780,379.75
2023-06-22,1240,42,9,546,98.57
2023-02-19,1912,48,5,742,339.63
2022-03-16,1627,41,5,587,171.03
2020-03-06,493,11,6,917,242.29
2020-12-29,206,9,9,446,353.24
2019-04-26,56,30,2,869,219.87
2021-04-15,917,49,1,160,140.48
2022-04-13,1425,35,7,267,292.22
2022-01-24,1939,11,3,533,89.82
2023-08-27,360,3,5,731,180.48
2019-06-12,263,37,5,524,180.78
2019-10-15,1507,1,2,753,361.74
2023-01-27,453,47,3,937,263.51
2020-03-13,16,19,9,675,350.96
2021-05-06,59,50,10,862,71.2
2019-03-11,954,1,2,830,197.66
2023-05-05,966,37,10,601,46.13
2023-10-09,1934,15,3,293,354.24
2023-10-01,1289,35,2,72,256.86
2023-05-11,1610,16,4,687,220.23
2021-10-13,603,5,8,874,208.78
2022-05-19,257,15,6,980,370.07
2023-12-22,313,39,4,655,394.89
2022-07-25,1504,39,4,459,261.29
2023-05-13,1046,50,10,822,320.2
2021-11-05,660,1,9,578,321.54
2022-02-20,1183,12,2,325,178.47
2021-06-21,1490,36,8,710,397.55
2023-01-08,109,37,2,876,365.88
2019-02-18,1072,38,10,121,147.17
2020-12-31,1625,4,2,899,192.36
2021-05-22,1125,22,5,540,302.41
2021-08-20,1216,12,9,628,357.99
2019-10-17,1270,33,4,640,304.71
2021-11-17,1138,38,1,518,338.47
2022-03-11,516,3,8,356,47.49
2023-02-05,97,47,9,613,186.14
2022-09-08,1180,24,1,736,21.23
2021-06-30,136,5,3,805,273.58
2020-10-12,1391,15,5,507,365.65
2020-06-02,966,47,8,387,267.09
2023-01-30,1996,36,8,247,296.41
2021-10-22,840,7,3,115,310.78
2019-03-14,1971,8,3,250,345.78
2022-08-07,836,22,7,465,54.69
2021-09-16,1671,18,2,821,380.55
2021-05-28,1158,8,5,843,271.88
2022-10-08,1071,14,6,862,9.84
2021-02-15,1813,4,3,852,205.33
2023-08-26,1124,17,7,453,130.35
2023-09-08,795,12,10,558,31.92
2021-06-27,200,20,1,122,209.49
2019-12-22,1240,30,7,722,30.45
2023-05-02,1815,46,3,980,72.49
2020-10-19,401,41,7,682,29.7
2023-07-23,79,7,6,955,227.45
2023-01-02,1274,3,5,237,36.93
2021-10-21,779,21,5,745,237.6
2023-04-19,623,16,5,189,270.08
2023-04-28,1616,34,9,95,291.4
2022-08-18,789,36,10,572,290.3
2022-06-05,921,48,8,485,347.4
2022-02-25,93,28,10,802,328.27
2019-11-19,992,23,7,295,320.77
2022-05-05,266,30,10,429,80.18
2021-08-27,1569,22,3,357,157.91
2023-12-28,1005,19,2,218,80.36
2019-04-02,1542,28,6,356,360.8
2023-02-28,1561,46,3,133,135.07
2022-08-12,458,3,7,359,267.46
2020-04-20,1600,44,2,637,185.98
2020-11-23,213,32,1,853,199.58
2021-08-17,80,22,5,399,380.74
2019-05-05,1319,14,2,132,147.84
2021-10-06,806,47,1,523,62.42
2022-03-05,57,12,4,892,260.1
2021-08-28,833,12,6,384,216.22
2022-06-10,109,48,6,538,7.89
2019-09-30,490,11,9,336,259.57
2022-07-27,283,6,6,511,150.85
2019-06-09,1873,9,6,260,63.6
2020-09-03,981,18,8,100,91.44
2022-01-21,61,18,3,267,263.5
2019-11-23,1976,50,2,202,163.01
2019-01-23,302,34,4,730,332.15
2023-10-10,133,12,1,653,46.77
2023-07-16,1483,25,6,294,334.63
2022-04-22,1572,7,7,886,244.49
2020-02-03,718,48,5,137,342.16
2023-03-20,1093,7,5,878,314.55
2021-02-21,1672,44,5,169,249.4
2019-06-04,227,33,1,721,240.62
2021-07-24,1124,43,1,282,92.77
2019-09-08,779,27,7,75,106.62
2019-02-17,837,33,1,261,365.58
2023-04-10,105,16,9,568,74.94
2020-11-12,1013,17,1,181,396.28
2023-01-08,847,34,5,440,330.14
2023-07-23,1743,14,8,845,243.99
2020-10-29,1095,5,8,92,333.78
2020-06-07,1190,1,1,272,188.4
2021-10-23,1115,46,5,627,306.53
2021-10-18,789,42,4,763,93.87
2022-06-13,1762,8,9,534,77.68
2022-07-24,587,13,3,756,187.21
2021-07-11,831,2,5,981,304.85
2020-02-13,1435,32,10,206,216.17
2021-01-29,1896,5,2,730,293.92
2020-01-10,461,29,2,389,343.64
2022-03-26,1944,37,1,986,194.26
2023-09-06,1824,18,4,179,240.18
2021-05-12,19,16,10,967,126.94
2022-01-06,1059,47,3,540,299.43
2019-07-23,227,17,1,664,350.6
2020-08-04,1536,22,9,878,101.2
2021-08-09,1221,10,3,967,242.07
2020-05-08,1205,48,5,701,262.65
2019-12-01,949,50,9,818,56.06
2020-01-20,1080,16,1,576,134.57
2021-05-31,486,47,10,611,98.53
2023-09-16,535,28,6,739,176.35
2021-10-15,1679,1,2,863,389.21
2023-03-31,1149,18,4,396,193.07
2023-09-14,1214,36,1,594,56.03
2020-03-06,508,4,8,634,350.1
2021-12-14,193,27,10,649,204.56
2021-05-09,1007,35,8,976,393.19
2022-09-03,343,44,5,519,364.01
2019-06-21,477,47,5,784,30.01
2020-08-12,1819,39,5,200,267.23
2019-09-06,1030,3,3,54,255.26
2020-12-09,1936,11,1,267,6.72
2021-07-23,535,14,6,894,364.62
2020-02-16,1115,26,3,659,343.58
2020-11-12,1778,1,8,913,399.75
2022-10-12,1957,13,1,390,30.04
2020-03-12,1761,41,3,292,184.77
2019-07-30,543,12,6,154,69.32
2022-12-15,948,22,4,960,311.89
2022-09-05,1082,38,7,323,188.27
2023-11-09,1904,16,8,267,361.69
2023-06-10,296,12,5,663,311.12
2020-12-11,1977,41,7,613,201.32
2021-09-06,263,25,9,520,53.94
2019-01-11,1053,40,1,591,237.07
2023-10-18,1094,50,6,177,274.9
2020-07-28,1090,45,8,735,157.82
2021-11-10,1879,27,7,509,97.91
2019-06-20,1894,9,2,631,154.23
2023-08-20,1667,32,2,149,246.42
2019-06-22,237,50,6,50,266.06
2020-06-02,957,44,2,630,349.3
2021-03-26,858,43,5,978,34.84
2019-03-20,1622,7,1,469,284.13
2022-05-24,828,13,1,169,360.98
2023-10-06,397,16,4,173,244.56
2019-10-24,325,28,10,411,259.92
2022-06-15,36,26,9,610,170.22
2019-10-28,81,44,10,638,354.21
2020-04-14,1974,21,4,324,227.84
2023-12-23,1823,22,9,563,162.1
2022-11-18,786,39,1,733,201.2
2022-03-20,1244,19,3,354,26.06
2022-08-12,233,40,1,401,312.16
2023-09-14,860,40,10,467,44.44
2022-08-18,1648,13,7,724,169.61
2019-03-31,901,48,3,391,193.2
2019-02-14,905,27,10,701,266.79
2023-07-27,1753,46,7,890,151.05
2021-07-14,893,6,8,653,35.66
2020-04-19,19,22,8,268,17.88
2023-02-02,395,27,6,501,324.29
2022-06-20,858,10,4,256,103.0
2019-05-31,115,1,8,756,80.53
2020-08-01,1548,14,3,961,302.75
2019-10-02,941,49,9,898,191.36
2020-06-27,36,20,1,352,339.27
2020-09-28,1984,48,10,133,387.09
2020-03-16,1825,4,8,898,198.58
2019-01-02,647,19,9,414,69.33
2022-11-03,386,28,7,67,176.18
2020-09-21,1284,32,3,248,108.84
2023-03-27,723,15,2,432,81.93
2019-03-31,197,21,8,254,174.83
2020-10-22,939,6,7,217,319.95
2019-01-30,751,7,9,883,376.18
2022-02-13,621,20,8,929,169.52
2020-12-14,1715,23,5,812,104.29
2021-04-05,62,23,5,115,9.45
2022-04-10,955,16,9,154,151.14
2023-02-28,1474,26,5,488,305.65
2020-10-13,1436,14,9,977,28.65
2023-05-05,573,23,9,844,127.36
2019-10-07,1887,12,10,599,364.87
2020-12-03,475,22,6,143,51.38
2023-05-18,1107,7,4,132,170.4
2023-04-04,1640,46,10,571,307.46
2019-12-17,1414,10,10,253,103.8
2020-01-28,918,22,9,693,314.31
2023-11-09,683,29,3,65,392.05
2023-09-17,1504,22,4,438,34.62
2021-02-28,592,32,9,502,355.67
2019-12-12,17,40,7,95,149.34
2023-07-25,720,39,9,497,94.54
2023-12-31,1569,49,5,145,264.42
2020-09-22,667,35,5,692,319.4
2020-06-01,480,17,10,205,15.83
2020-12-02,1231,2,5,638,107.07
2021-03-19,1974,16,4,337,21.45
2022-05-23,1287,20,9,166,29.65
2022-05-14,1097,41,5,361,275.54
2022-01-16,100,46,1,127,234.05
2022-02-02,1886,49,6,750,166.04
2023-10-31,1074,50,8,953,176.33
2021-03-27,1544,7,4,66,49.02
2021-04-19,1100,41,5,425,173.57
2020-12-02,1723,1,3,498,153.33
2022-09-25,358,22,10,724,331.0
2020-10-23,1596,10,9,562,303.47
2019-08-11,516,23,3,373,147.64
2021-12-30,1043,48,1,685,332.6
2019-08-17,1676,49,5,541,279.26
2022-06-16,1955,17,2,149,273.98
2019-02-16,957,5,2,537,190.68
2023-10-03,1420,49,7,206,254.0
2022-08-01,698,32,2,772,389.78
2023-08-08,502,19,7,96,65.96
2019-03-29,542,45,9,828,308.41
2022-02-16,398,2,6,709,144.99
2023-12-13,1769,11,8,397,345.33
2021-09-21,1708,31,6,228,234.17
2022-11-06,562,9,2,531,320.45
2020-06-28,1244,33,5,526,340.31
2023-04-02,670,4,4,813,384.82
2022-11-08,1417,24,8,546,292.15
2019-08-13,96,28,2,354,119.97
2020-01-14,1950,5,8,937,132.69
2021-03-03,398,4,8,701,270.56
2022-10-27,1142,35,4,769,93.74
2019-10-10,1708,30,5,270,227.14
2023-02-17,1156,14,5,832,275.41
2022-12-23,162,23,1,956,203.01
2019-11-15,599,43,2,700,176.7
2019-03-01,1473,16,4,799,170.47
2022-02-15,577,30,5,328,185.69
2021-04-28,1041,17,6,144,64.38
2022-04-30,307,39,10,596,146.56
2020-09-26,1284,3,4,150,227.63
2019-04-18,1271,46,2,526,295.47
2021-05-14,191,27,3,386,264.75
2021-07-15,1964,1,8,487,26.9
2019-07-17,117,8,8,742,34.25
2019-12-15,242,27,2,550,51.5
2020-08-02,906,46,7,601,70.17
2019-09-08,1555,22,9,595,394.85
2020-09-01,321,43,6,139,90.8
2019-07-01,764,23,2,979,303.86
2019-07-29,641,29,1,636,190.08
2022-03-21,1313,15,4,602,176.24
2021-03-24,367,34,6,395,39.69
2020-01-09,443,42,2,877,300.73
2019-05-30,1530,29,4,747,50.31
2023-06-13,403,35,7,396,221.17
2021-08-31,1169,25,6,498,123.91
2021-01-26,929,46,6,809,303.99
2019-12-29,1780,48,6,81,327.93
2022-01-31,587,42,7,376,383.76
2023-01-30,1530,38,7,306,274.38
2019-08-05,375,25,6,597,73.05
2019-12-22,1293,14,1,798,336.04
2021-01-30,1202,47,7,422,114.01
2021-08-18,1738,16,2,828,351.7
2021-09-01,101,13,5,876,153.86
2019-02-19,1837,5,2,690,398.4
2021-06-24,717,10,3,667,39.9
2022-01-10,138,48,9,891,287.9
2023-09-26,1147,50,4,340,312.79
2022-12-01,138,17,1,990,289.31
2020-08-06,950,49,10,213,171.24
2021-12-08,910,8,10,766,43.03
2019-01-06,1155,22,7,760,313.87
2020-06-16,326,6,6,751,212.88
2019-01-07,795,34,3,284,214.11
2022-07-29,904,10,3,593,207.13
2021-10-18,127,5,5,113,111.47
2020-09-10,1179,20,3,701,136.16
2023-05-15,336,28,8,330,348.4
2020-01-23,1337,14,9,680,265.9
2020-08-16,1313,26,4,958,386.31
2020-12-14,652,34,3,52,235.93
2022-10-08,1392,50,8,314,258.11
2022-02-12,300,30,2,927,298.92
2022-07-26,356,45,5,846,133.78
2021-02-12,821,40,9,449,241.4
2020-03-30,1726,36,1,598,330.99
2021-08-13,1718,14,9,118,172.46
2023-09-16,784,4,2,59,389.21
2019-08-06,1177,44,1,54,164.99
2021-12-27,594,35,10,417,155.88
2022-11-12,683,36,2,638,257.19
2020-04-25,1164,28,6,267,191.63
2020-02-25,104,4,3,83,398.25
2022-10-24,510,22,8,680,56.32
2023-05-09,1206,38,5,153,50.91
2019-04-30,336,35,5,220,15.46
2022-03-02,904,6,3,849,378.84
2021-04-01,17,9,3,229,238.88
2021-01-19,852,9,6,191,327.72
2023-06-17,290,23,1,523,339.45
2023-03-27,1474,33,9,628,270.7
2022-01-18,731,5,6,599,116.36
2019-09-26,958,15,9,695,395.0
2021-03-07,326,35,9,885,122.55
2022-07-18,822,8,3,733,191.87
2022-04-12,1059,46,10,342,293.8
2020-01-17,1534,22,9,341,19.95
2021-12-31,1653,49,6,801,31.25
2019-04-24,1062,46,8,477,392.05
2020-06-22,360,40,9,64,166.02
2022-12-17,1564,24,4,757,299.67
2022-05-05,960,46,2,645,119.98
2019-05-08,699,49,8,479,42.4
2022-12-29,1205,13,10,478,398.71
2023-09-07,1095,13,1,562,162.97
2022-11-27,1291,33,7,358,379.59
2019-09-18,433,48,2,163,365.97
2021-08-19,1091,21,4,308,261.22
2023-08-14,1297,13,8,54,344.91
2021-11-27,384,45,4,889,46.04
2023-06-15,1671,8,9,881,74.29
2023-12-23,656,7,4,733,398.04
2020-05-02,1541,13,9,576,312.22
2019-12-07,1989,46,4,848,206.93
2023-11-18,171,50,10,765,174.77
2021-10-28,1782,1,9,57,9.43
2019-02-09,449,28,4,543,179.84
2021-09-24,1542,36,10,395,235.45
2019-10-08,13,41,10,552,98.41
2023-10-02,1705,46,10,523,391.36
2021-07-05,983,35,8,96,290.85
2020-02-18,1781,21,3,560,81.86
2020-05-07,1047,2,9,885,175.69
2021-01-01,482,25,1,179,117.85
2021-12-21,412,23,10,889,199.82
2019-08-07,648,21,1,612,280.25
2022-07-12,1781,17,1,119,285.52
2023-05-29,270,24,6,271,329.19
2022-04-24,1284,33,8,810,156.96
2023-07-11,453,16,5,247,8.1
2021-11-29,260,17,7,475,129.78
2019-08-13,486,16,6,748,56.12
2023-01-21,26,5,1,970,281.31
2022-09-03,1571,48,3,764,359.31
2019-09-05,383,35,8,263,286.13
2020-11-15,1799,9,3,59,378.52
2021-02-20,1835,30,5,418,339.87
2022-03-15,1128,41,1,878,96.68
2023-07-24,421,47,1,286,236.73
2022-09-05,779,22,9,74,248.38
2020-04-28,791,38,3,223,282.43
2019-11-27,1309,40,8,299,123.6
2019-07-30,150,37,9,426,295.29
2022-12-19,1741,40,7,709,38.05
2023-08-20,382,16,3,676,18.08
2019-02-27,731,22,6,493,40.72
2021-11-08,1137,27,7,207,220.81
2021-09-27,1707,7,9,481,353.14
2022-01-06,1277,38,4,718,228.5
2019-10-20,692,29,4,132,110.84
2020-05-26,1262,50,3,586,92.16
2022-04-22,333,40,9,802,212.79
2020-04-15,407,41,6,682,251.47
2021-03-02,1662,46,9,903,102.03
2022-12-07,748,33,4,516,268.75
2020-07-29,1028,35,3,694,155.94
2020-08-07,1598,26,5,743,12.52
2020-02-06,1569,48,9,426,5.88
2019-07-12,1359,15,6,448,93.33
2020-02-12,168,24,1,529,46.55
2019-10-03,1883,3,9,629,283.85
2019-11-20,1275,5,8,227,292.89
2021-08-30,1342,21,4,675,197.16
2019-09-27,294,49,10,632,223.16
2020-07-17,218,10,10,407,19.81
2022-06-23,1966,26,8,329,63.01
2020-10-15,423,39,1,143,35.54
2020-07-29,1804,4,3,597,258.95
2020-04-18,366,35,7,782,267.58
2022-07-29,588,19,1,710,376.07
2020-07-09,1713,5,5,246,314.53
2022-02-20,1801,6,3,424,74.84
2023-05-08,1179,49,1,229,57.14
2022-01-30,1363,15,3,825,149.85
2023-03-21,262,6,2,508,156.44
2021-04-16,1704,45,5,483,126.81
2021-02-11,604,22,8,524,33.33
2022-07-21,754,4,5,431,375.56
2020-12-02,225,15,9,250,217.65
2022-10-17,934,31,5,122,237.54
2020-08-19,1469,29,2,446,84.78
2022-12-29,86,23,7,452,387.06
2022-07-28,1888,2,8,529,23.05
2022-07-01,1225,5,8,235,397.8
2020-01-16,1888,50,2,578,255.51
2019-11-10,765,42,10,425,332.93
2023-06-26,1823,4,8,959,385.05
2023-01-25,1749,48,4,169,143.29
2022-08-21,851,5,3,733,309.44
2022-02-01,1184,32,2,983,108.06
2020-11-12,341,47,6,928,298.76
2020-02-18,1616,16,1,967,34.17
2021-05-03,1039,36,4,546,381.62
2019-10-01,1367,4,2,242,391.75
2019-04-25,1314,9,10,176,99.4
2021-08-27,1499,29,9,157,136.8
2020-04-16,8,2,9,822,246.57
2022-02-09,411,28,1,182,239.94
2021-04-20,573,14,6,544,207.52
2021-09-11,1156,1,3,673,86.18
2020-03-18,882,38,1,740,296.16
2020-10-17,1271,37,3,238,85.63
2020-03-18,43,41,3,343,367.37
2019-01-11,1421,39,1,691,348.92
2019-07-10,830,20,10,315,313.76
2020-06-04,976,46,4,295,304.63
2023-05-15,1127,45,9,815,114.6
2020-08-07,791,17,8,74,271.8
2023-05-03,1220,16,6,990,152.82
2020-12-03,1382,43,3,298,83.06
2022-04-28,225,3,9,345,287.92
2021-11-22,220,10,9,557,167.3
2020-01-04,17,46,1,915,163.42
2020-05-29,1947,5,3,592,382.13
2023-09-25,92,17,3,460,397.68
2021-11-25,1938,9,7,736,93.17
2023-07-06,1741,42,1,878,222.69
2019-05-02,656,9,5,879,228.36
2021-02-26,279,22,10,659,42.02
2019-01-24,360,38,5,863,148.89
2021-05-10,751,20,4,368,109.44
2020-01-09,465,47,2,501,370.55
2019-05-08,1005,10,7,422,361.74
2023-12-31,315,43,5,132,158.85
2019-04-15,8,11,5,933,62.52
2020-04-11,47,13,9,410,64.24
2019-07-07,1963,28,3,708,374.63
2021-01-07,1258,44,4,833,193.54
2023-09-03,288,6,3,578,82.92
2023-08-03,1569,17,6,888,205.68
2023-01-22,1626,8,5,519,317.32
2023-01-09,152,27,7,52,147.17
2021-05-29,1150,15,7,931,292.88
2021-09-08,625,18,2,548,87.21
2022-05-23,398,18,3,402,209.61
2021-03-18,15,32,3,167,329.53
2023-09-22,103,49,9,290,281.43
2020-10-18,1148,19,3,665,218.99
2023-11-08,546,8,2,456,306.82
2020-11-05,914,32,9,641,13.73
2023-07-16,1612,31,1,124,309.49
2020-01-07,399,2,1,843,279.53
2022-04-06,402,38,4,147,85.65
2019-03-15,902,46,5,574,122.32
2019-01-27,1692,36,10,627,181.93
2019-09-24,595,28,10,502,275.72
2022-10-25,802,22,8,991,340.88
2020-07-29,1172,43,3,78,362.49
2020-12-10,156,32,10,629,396.39
2022-10-27,671,14,4,128,79.08
2023-05-27,1416,4,7,147,117.06
2023-08-06,1106,41,5,62,380.34
2019-03-06,762,10,7,193,320.18
2022-05-11,303,41,4,765,72.39
2019-08-27,517,30,5,930,82.59
2019-10-11,977,46,1,373,43.34
2019-09-01,109,37,8,186,79.56
2022-03-15,553,23,9,207,140.26
2021-10-16,425,5,3,675,287.08
2021-11-01,534,7,4,416,375.41
2023-01-24,1990,39,1,865,372.92
2021-01-09,536,24,5,513,322.9
2023-02-26,1088,14,6,406,98.06
2021-09-15,916,40,6,947,100.3
2022-04-01,101,1,9,673,217.59
2023-06-18,490,42,5,82,49.54
2023-03-28,106,20,7,679,339.85
2020-09-29,1605,20,1,933,291.1
2020-12-05,1915,47,9,308,292.21
2021-06-10,417,35,7,743,34.91
2020-01-12,740,44,9,769,53.83
2019-11-07,931,49,8,956,157.75
2023-09-23,535,36,7,254,257.33
2023-10-12,1544,36,1,877,228.68
2023-01-27,1587,12,8,429,304.84
2021-05-29,1263,32,2,606,213.9
2021-07-09,1936,9,4,516,210.18
2023-08-18,656,30,5,771,349.87
2020-05-14,300,32,3,923,329.22
2021-06-27,623,15,1,85,115.02
2023-03-06,1133,9,3,976,312.62
2021-05-21,634,9,9,971,216.12
2022-06-05,1346,4,2,301,353.47
2020-06-16,564,41,9,396,47.3
2020-06-02,430,26,1,64,196.89
2021-06-19,639,24,10,810,71.8
2019-07-31,921,29,4,545,372.8
2022-11-17,1511,3,4,838,7.17
2022-05-07,720,14,7,170,171.78
2019-09-15,707,10,1,866,168.72
2019-01-17,244,48,10,902,170.64
2020-02-29,1883,49,5,422,388.37
2020-05-29,51,14,6,824,32.35
2020-04-24,271,6,1,725,36.4
2020-10-27,1540,10,8,453,231.65
2021-04-20,95,6,6,528,203.9
2021-11-27,609,20,9,336,17.22
2019-10-01,1921,37,5,62,320.96
2023-09-29,1462,12,4,167,209.09
2022-08-10,1146,36,1,558,63.83
2020-05-01,439,31,2,567,82.81
2019-05-28,528,29,10,784,356.73
2022-05-28,9,27,8,360,247.95
2022-11-06,1921,17,4,189,101.47
2019-11-02,344,15,3,599,331.41
2022-12-03,297,3,7,861,153.97
2023-06-14,246,28,3,464,99.27
2021-04-25,1876,37,7,271,254.29
2019-10-16,940,18,5,478,260.89
2021-08-04,384,13,8,548,297.72
2019-06-01,1631,47,6,864,174.72
2019-06-17,1328,41,3,918,49.63
2023-12-01,293,27,3,226,105.49
2023-07-15,270,8,10,656,61.82
2021-10-10,1692,6,8,350,11.91
2021-08-10,1937,21,5,460,21.21
2019-12-31,1569,13,9,789,371.85
2022-01-07,92,39,10,128,261.53
2022-04-12,1964,49,3,60,308.01
2020-09-10,1601,23,10,583,111.53
2023-10-13,69,6,2,191,54.97
2021-09-09,1197,10,8,857,386.93
2019-09-19,1957,16,1,323,377.35
2019-11-06,519,26,1,697,45.28
2019-12-03,860,33,7,351,335.86
2020-10-16,1355,31,5,148,279.22
2021-03-05,1348,33,6,170,88.57
2020-01-01,460,12,1,201,138.8
2019-08-11,986,18,9,735,296.58
2019-05-08,745,19,5,910,275.24
2020-02-27,664,40,6,129,251.92
2023-03-11,1636,2,6,430,351.49
2020-11-12,1102,27,9,774,396.02
2019-07-03,1440,17,1,287,135.6
2021-02-23,1214,42,5,80,148.77
2020-01-03,1693,20,2,897,149.58
2020-06-18,1193,19,3,312,17.72
2019-09-18,1594,19,1,821,113.72
2022-10-11,1480,21,5,584,14.11
2021-03-23,849,28,4,975,57.24
2021-08-11,923,2,3,398,344.79
2021-08-08,891,31,9,999,96.53
2019-04-29,1325,48,7,903,141.34
2020-11-20,349,30,7,598,101.91
2022-01-20,75,41,10,106,65.72
2022-10-13,1699,22,7,686,104.01
2019-04-11,1581,35,5,981,381.29
2019-06-06,211,34,9,686,330.33
2023-06-16,1887,22,5,62,121.29
2021-11-22,1591,50,2,790,343.69
2019-10-08,1457,48,3,820,41.62
2020-02-04,1256,28,9,372,295.14
2021-04-14,600,48,1,902,63.88
2021-04-08,1661,25,8,594,193.55
2020-06-25,213,16,4,274,230.08
2022-11-08,1927,18,6,569,122.95
2019-10-28,1843,17,3,300,43.21
2022-12-06,1419,46,4,688,248.55
2019-06-14,170,9,3,511,349.84
2019-07-01,1066,42,5,243,278.48
2019-03-06,1161,21,9,241,316.61
2022-06-15,1188,13,10,84,240.87
2019-05-23,483,7,7,264,163.08
2022-05-25,1450,31,1,250,157.39
2021-08-20,1588,44,4,287,203.67
2023-10-14,686,45,9,316,362.33
2022-05-13,409,47,4,166,372.02
2020-11-17,1238,6,4,248,112.44
2023-03-19,1797,18,8,590,128.01
2019-07-10,592,49,10,960,269.91
2020-05-24,432,25,3,367,296.56
2019-02-23,1795,22,7,488,210.45
2020-06-26,864,7,6,108,283.61
2022-12-27,501,10,5,816,313.99
2021-02-15,1874,48,5,533,250.35
2019-06-04,251,13,10,106,78.36
2020-12-22,1390,5,1,460,136.25
2019-10-14,901,41,6,429,198.35
2021-05-17,1976,19,6,592,343.99
2019-07-12,166,3,4,812,117.07
2023-02-10,1004,17,10,603,179.59
2021-01-24,1358,19,7,785,352.72
2019-06-23,376,15,4,573,9.99
2022-04-08,1323,35,3,379,73.12
2021-12-29,702,7,1,785,14.26
2020-11-30,523,33,1,588,73.94
2020-06-22,1741,7,8,727,216.21
2023-03-12,232,31,6,275,65.04
2020-04-29,1789,1,3,288,282.3
2019-03-10,260,13,3,194,127.27
2020-03-27,479,28,10,649,168.57
2022-01-07,700,16,2,608,88.35
2020-04-06,1599,25,6,290,310.89
2019-11-02,1277,25,7,886,217.14
2019-10-19,377,25,4,172,230.93
2023-01-13,1519,4,7,833,280.22
2023-02-22,684,35,5,77,358.61
2023-09-11,1651,5,1,91,284.57
2020-05-09,1156,7,1,577,176.46
2023-07-07,884,46,7,654,340.2
2023-04-04,1520,2,4,166,357.35
2021-05-14,650,40,6,104,81.51
2021-12-31,1437,9,10,298,96.15
2023-05-04,191,13,8,311,289.98
2022-04-25,1202,34,8,284,294.59
2022-05-01,739,25,7,218,381.7
2019-03-04,397,14,6,131,209.67
2019-07-21,528,40,4,516,322.1
2019-09-26,1069,25,8,431,349.21
2023-06-11,470,2,6,596,40.18
2020-07-31,1723,8,4,427,317.81
2021-07-30,525,27,1,886,316.67
2023-07-26,1206,14,4,730,46.13
2022-07-04,681,28,6,518,178.13
2022-10-29,1078,38,6,514,121.07
2021-06-01,1694,3,10,828,296.29
2021-12-04,21,6,2,493,144.29
2021-11-08,1195,39,9,920,112.62
2023-09-17,1105,7,8,801,69.5
2019-05-05,1068,34,6,77,85.3
2020-03-30,1125,16,5,250,83.61
2021-08-10,111,19,4,118,131.14
2019-03-04,674,36,8,899,393.5
2021-10-29,1646,19,6,777,327.78
2022-01-17,1760,19,3,831,350.08
2019-11-07,118,28,7,359,125.0
2020-08-02,883,2,4,478,28.07
2023-04-22,704,18,6,695,94.5
2020-02-02,1611,7,6,100,294.24
2020-06-17,1661,13,7,421,157.59
2022-01-04,1209,35,8,185,278.76
2021-10-30,8,15,6,767,22.06
2022-03-25,477,33,2,663,323.8
2021-10-30,686,22,1,666,292.33
2021-01-18,1040,44,4,205,343.84
2023-05-14,930,34,5,156,198.74
2021-10-20,1253,42,5,899,131.59
2019-11-13,556,10,9,490,45.15
2021-03-18,1226,30,5,201,206.25
2020-09-01,1839,49,4,655,302.82
2020-01-26,237,32,5,745,267.33
2019-11-21,280,31,8,486,356.84
2021-07-05,1702,16,3,535,230.54
2022-11-15,270,19,10,240,62.41
2022-09-01,714,40,7,386,210.18
2020-01-20,140,30,4,202,264.1
2019-07-11,906,42,2,511,54.75
2020-02-21,1813,2,8,705,200.09
2023-04-10,1147,30,7,225,81.04
2021-06-02,906,43,10,644,236.14
2023-11-05,57,32,4,638,208.56
2021-07-08,1779,37,8,377,146.53
2020-09-09,530,24,7,895,356.04
2022-11-16,1795,26,8,508,55.14
2021-03-08,1908,6,3,208,197.87
2022-09-19,835,6,4,369,46.34
2021-09-16,328,19,5,796,339.99
2023-12-06,1505,33,4,243,369.83
2022-05-24,1205,2,3,97,327.01
2021-10-21,1682,10,3,707,269.54
2021-07-04,1982,15,4,50,77.7
2019-10-13,78,4,6,270,190.95
2021-12-19,776,33,1,243,313.44
2020-10-01,915,5,10,87,7.88
2022-10-22,1553,48,6,628,87.91
2022-11-01,682,15,4,843,228.71
2019-04-20,878,16,6,186,341.55
2021-01-09,1498,30,8,818,153.65
2020-03-15,459,36,1,914,240.5
2022-10-01,1602,35,9,335,19.17
2023-01-25,615,2,2,793,278.37
2021-01-25,1854,17,8,909,35.61
2020-04-08,1292,39,3,162,203.29
2021-05-05,1773,4,9,61,154.95
2023-06-27,1266,36,2,430,326.6
2021-06-17,1680,47,3,622,30.91
2020-05-26,31,15,6,922,371.35
2019-10-26,144,30,2,534,361.57
2023-02-13,1572,29,3,400,342.01
2019-12-11,1184,14,2,594,186.92
2020-02-28,1678,26,5,672,395.19
2022-08-28,1267,22,7,578,242.95
2021-12-29,1595,25,5,864,84.04
2021-11-16,1226,9,6,993,41.43
2022-01-26,1527,16,5,975,303.31
2019-04-03,239,40,4,439,86.86
2019-07-03,1467,36,5,86,38.63
2020-12-10,486,5,8,99,289.12
2023-12-30,414,5,8,862,181.05
2019-02-18,772,21,6,901,375.15
2023-01-15,324,27,9,137,360.05
2023-12-26,1280,43,2,741,193.7
2020-12-01,208,24,9,121,360.49
2020-08-05,1993,28,3,304,349.52
2022-09-15,1174,46,10,961,267.71
2022-08-12,1380,46,8,225,358.68
2020-05-26,1894,41,1,744,151.02
2022-05-14,43,23,2,456,384.55
2021-08-11,697,8,2,376,227.65
2023-12-17,1648,2,2,136,276.72
2022-10-29,1696,38,10,398,106.14
2021-04-01,1504,39,8,974,169.17
2023-12-30,1470,2,7,381,224.8
2020-01-29,1212,43,10,110,57.02
2022-02-23,1544,50,4,421,351.84
2020-05-14,1649,8,7,774,139.12
2023-03-27,1717,47,4,106,227.7
2019-06-12,939,49,3,660,375.06
2020-04-30,1674,24,8,944,66.74
2022-08-07,320,36,4,441,116.9
2023-04-12,1341,43,6,83,15.56
2021-02-20,290,2,7,280,381.4
2023-09-27,1560,26,2,782,68.66
2020-03-16,774,33,7,717,151.63
2021-01-25,886,43,3,746,153.77
2020-10-22,1932,26,1,867,115.15
2023-05-11,788,43,4,776,306.84
2022-12-19,1643,48,2,85,181.88
2022-09-23,1709,37,4,230,127.89
2020-01-14,890,37,1,692,259.71
2022-10-21,909,13,4,381,160.67
2021-01-04,509,43,10,330,11.47
2020-05-13,1271,37,5,736,41.87
2019-03-30,908,20,2,856,133.0
2021-07-11,1035,1,5,326,23.46
2023-11-29,235,24,10,701,286.12
2019-06-19,614,38,1,508,217.03
2019-02-22,464,49,7,361,172.29
2022-01-03,1351,45,6,541,76.06
2020-11-19,158,20,4,788,351.08
2022-04-10,1557,45,1,213,201.51
2020-12-16,616,20,7,333,7.03
2021-01-31,414,4,7,316,84.85
2019-06-01,235,42,10,820,276.68
2022-11-22,1862,43,4,582,221.77
2023-05-30,749,34,7,186,337.69
2019-04-23,1927,14,4,503,398.74
2022-10-16,1068,14,6,142,305.92
2023-01-31,1648,33,2,706,85.64
2019-04-23,182,9,5,198,49.36
2019-08-12,120,40,2,739,109.41
2020-09-18,1538,6,4,347,364.85
2022-12-05,1435,39,7,158,91.41
2019-08-20,1010,21,2,953,179.43
2022-04-10,658,6,3,188,254.31
2021-05-04,1236,50,8,518,281.98
2020-06-17,673,13,2,241,183.96
2022-09-27,1745,8,2,195,269.42
2022-12-23,639,41,8,435,378.47
2023-05-30,451,15,1,846,87.42
2023-05-02,1044,39,1,327,184.88
2020-01-31,1376,20,8,311,106.04
2023-06-24,504,11,9,311,7.38
2020-09-03,1638,6,3,244,196.25
2020-10-05,397,12,10,465,175.05
2023-01-24,1124,28,3,78,284.67
2020-02-09,1065,4,2,126,111.79
2021-04-30,680,24,8,284,304.85
2022-12-22,1917,36,1,552,231.82
2021-01-19,1128,8,7,128,246.88
2019-03-27,1425,4,6,142,299.21
2020-02-25,726,41,4,355,266.13
2022-12-20,1999,13,10,987,284.25
2020-11-08,1359,3,1,623,330.78
2023-08-07,1036,48,3,496,357.61
2019-08-02,1416,48,1,702,93.04
2019-08-13,1494,45,8,736,289.49
2019-05-07,1373,20,1,617,74.72
2021-04-25,627,35,8,602,397.67
2019-09-23,140,9,9,72,123.07
2020-08-16,1828,34,10,375,187.65
2022-09-21,521,37,7,549,305.75
2021-09-12,1400,17,3,282,363.69
2021-07-18,912,40,9,298,341.59
2021-08-31,1902,43,8,918,334.59
2021-07-26,1625,21,6,150,132.74
2020-02-25,1806,1,6,975,257.55
2023-08-26,1570,29,4,603,340.76
2022-01-25,486,39,5,873,240.7
2022-11-13,90,7,2,776,233.33
2023-04-23,94,43,7,748,245.12
2023-12-08,984,19,5,355,40.77
2023-07-08,52,42,5,702,184.14
2021-03-18,1236,27,5,265,246.98
2022-08-30,895,42,4,787,101.86
2022-11-05,1234,45,2,321,11.26
2020-11-23,45,28,8,748,195.72
2022-09-24,1234,4,1,316,157.09
2022-06-19,1583,12,9,859,355.12
2019-11-22,659,35,8,879,271.88
2021-11-20,1729,15,5,300,133.77
2022-02-01,1319,45,3,162,156.44
2019-06-14,1775,25,3,279,21.99
2020-01-30,1903,14,8,653,16.65
2022-12-27,906,42,1,727,365.23
2022-12-19,755,45,3,539,233.58
2022-07-19,1,29,4,117,45.22
2023-12-04,1341,47,6,64,32.88
2019-06-10,612,36,7,619,116.98
2021-03-23,1224,30,5,569,112.86
2023-08-26,1565,49,5,305,252.62
2019-03-23,412,30,10,301,154.46
2019-02-15,426,8,5,492,254.34
2023-03-06,1566,38,4,856,389.46
2019-10-25,672,7,5,552,192.13
2022-05-03,1664,32,7,384,182.63
2021-07-16,178,3,7,786,139.59
2021-06-11,1209,7,7,151,15.99
2020-02-19,901,7,10,765,289.41
2019-05-01,498,38,3,358,59.19
2022-01-27,305,3,10,364,63.57
2019-10-24,341,6,1,672,86.44
2020-08-02,1508,10,10,375,15.93
2019-09-12,800,14,6,135,266.79
2023-10-04,1225,38,2,237,122.16
2022-11-28,692,27,9,389,113.14
2021-02-02,1826,45,5,366,331.52
2019-06-07,391,21,5,973,171.61
2023-02-06,435,18,5,402,374.07
2023-06-17,819,42,10,344,223.71
2022-06-27,982,35,2,263,16.1
2020-03-04,431,24,6,320,134.68
2022-10-09,1781,43,5,743,396.57
2021-12-22,1315,3,10,122,237.67
2022-09-30,1444,8,6,84,60.93
2023-03-05,780,16,4,659,181.02
2020-11-03,1118,44,2,748,385.47
2023-12-06,1797,48,3,429,317.81
2021-11-04,455,13,7,940,336.98
2022-09-05,1133,45,8,607,192.29
2020-06-04,557,37,2,508,190.61
2021-08-03,447,15,5,167,91.7
2021-08-05,1858,23,5,399,368.69
2019-07-26,1638,39,7,582,111.71
2020-08-25,740,43,9,956,140.72
2019-09-14,862,32,6,794,154.36
2019-10-23,1813,43,6,959,102.91
2023-01-18,1061,33,3,575,105.0
2020-12-14,1098,43,7,67,257.42
2021-09-26,744,27,1,845,235.02
2021-05-05,666,10,4,464,384.52
2021-03-13,1877,12,4,104,142.78
2021-07-23,714,8,8,729,337.52
2022-01-18,485,33,2,809,25.3
2019-01-09,162,38,9,852,363.39
2019-02-19,837,34,10,557,350.26
2021-11-25,49,14,1,86,244.61
2023-01-17,1210,50,3,826,232.41
2022-04-07,1921,19,4,62,325.81
2023-05-28,1364,43,9,159,205.47
2021-06-07,338,12,3,150,276.93
2022-11-30,629,48,5,903,30.0
2020-09-14,1507,37,8,177,338.42
2020-06-17,1707,41,2,809,124.43
2023-01-21,409,47,7,659,248.85
2019-01-08,1513,18,10,877,270.13
2019-04-27,870,49,1,90,111.68
2023-06-21,1826,6,10,782,108.54
2023-08-17,508,5,5,362,378.06
2020-09-25,165,44,3,229,90.62
2023-06-13,172,35,6,280,181.14
2022-05-31,1470,29,1,120,95.08
2023-06-06,594,36,8,539,340.9
2021-04-05,1887,16,9,829,16.61
2020-11-02,936,38,3,520,71.71
2020-10-15,1017,27,4,856,179.44
2023-09-06,869,20,9,620,104.38
2023-09-23,1356,48,2,448,37.19
2020-01-28,1544,24,1,578,244.5
2023-04-22,1303,7,10,716,198.61
2020-08-05,736,14,2,386,214.1
2019-06-28,854,4,1,351,76.67
2020-04-06,1271,17,3,870,8.18
2023-12-16,1449,47,7,734,101.3
2022-06-23,1773,43,10,86,79.3
2021-11-06,1185,33,10,695,385.5
2021-07-29,372,24,5,449,99.34
2023-06-10,131,13,3,169,227.95
2021-08-06,75,24,10,970,347.29
2020-04-26,1676,42,2,354,135.89
2021-08-25,1641,13,10,742,294.52
2021-01-13,1754,26,4,718,85.54
2020-09-02,1097,10,4,58,115.71
2020-08-08,265,41,2,369,399.77
2021-10-18,1847,20,10,207,345.59
2021-08-10,13,25,10,400,93.97
2020-09-08,1935,35,3,354,298.29
2019-11-02,1514,14,8,704,24.26
2021-10-22,369,42,2,637,124.4
2020-07-18,1194,16,4,631,93.67
2022-09-11,1834,40,4,495,41.83
2022-03-25,1305,16,8,546,190.06
2023-10-11,552,9,5,394,323.41
2023-03-13,606,24,10,276,334.1
2022-06-02,1589,42,10,945,251.29
2023-06-01,1726,20,1,944,283.33
2021-02-01,998,29,2,167,282.32
2019-08-09,1113,39,10,700,27.7
2023-06-26,623,36,9,453,142.81
2019-09-19,406,33,9,194,26.45
2019-07-03,1103,16,7,61,270.87
2023-10-13,1019,37,7,754,119.63
2023-11-13,831,11,9,419,153.88
2023-10-14,1394,49,7,858,105.69
2022-02-20,1461,40,2,252,75.16
2023-06-21,1006,42,7,57,64.67
2021-02-28,1655,15,4,397,163.65
2021-10-28,131,4,7,241,247.72
2023-11-29,718,26,6,211,32.59
2021-12-22,1163,41,9,808,115.02
2021-02-26,448,25,4,264,75.87
2023-04-15,1986,22,4,801,84.19
2019-06-09,1899,2,6,902,362.07
2020-03-27,1525,16,10,298,117.1
2022-03-28,1519,34,10,415,74.14
2023-05-30,1910,49,9,957,242.18
2019-03-18,294,14,5,65,106.36
2020-12-08,1931,48,6,703,217.71
2023-10-28,1312,27,2,995,149.58
2021-04-02,1020,9,7,99,179.6
2023-08-13,1846,41,4,504,89.24
2021-11-29,215,26,3,718,55.6
2019-11-25,265,13,1,104,365.63
2019-07-30,1151,22,1,316,68.64
2023-10-24,855,21,6,321,364.76
2019-07-15,289,47,2,313,109.95
2022-09-27,1057,1,9,661,233.39
2022-06-04,1785,35,9,494,103.61
2021-01-24,448,46,3,612,205.4
2021-08-13,643,46,9,595,105.97
2023-08-16,216,8,8,299,23.09
2021-02-25,671,50,10,372,149.97
2021-05-21,1905,36,8,795,331.79
2022-01-27,484,38,7,438,30.72
2022-05-02,63,11,5,826,325.81
2019-01-19,307,3,4,848,145.64
2021-07-22,1739,27,5,616,115.11
2019-06-12,471,21,9,927,355.45
2023-07-25,563,29,4,980,42.84
2019-06-01,1925,50,9,977,40.96
2019-12-11,429,35,9,129,364.56
2021-08-14,338,46,10,90,336.86
2022-02-14,495,19,6,221,192.14
2022-02-28,1795,48,5,640,29.76
2022-02-22,832,44,2,747,79.58
2021-02-12,1313,11,4,630,173.36
2021-04-11,1374,23,3,303,387.58
2021-03-11,1324,40,10,544,101.11
2022-10-22,1980,24,9,389,25.22
2020-03-01,1843,48,4,474,313.53
2019-11-20,543,22,6,928,384.52
2023-04-12,1256,24,6,527,170.73
2022-08-03,1152,6,2,421,290.1
2020-10-12,1757,38,9,362,322.94
2022-05-31,1405,46,4,444,111.7
2020-07-12,1683,49,3,212,345.58
2022-10-07,1057,43,2,789,322.29
2023-10-21,1910,6,10,756,61.28
2022-03-07,1857,41,8,853,306.66
2021-08-19,1517,15,4,865,70.74
2023-01-09,339,4,10,617,100.81
2023-02-19,546,50,1,227,54.36
2019-11-05,1835,47,7,898,370.54
2020-01-01,707,13,10,344,28.49
2023-11-07,413,8,8,82,360.66
2019-04-23,1850,16,1,601,13.09
2019-08-08,30,31,4,802,210.04
2023-11-12,970,48,7,646,248.76
2023-05-26,1666,26,1,237,302.24
2022-09-20,497,33,10,399,162.57
2021-09-24,1611,38,5,268,259.56
2022-03-01,5,36,3,505,121.31
2019-05-30,1631,48,10,838,256.36
2019-09-09,1060,11,1,993,246.64
2022-05-12,1457,43,3,184,180.55
2022-05-10,1789,25,7,995,360.14
2022-03-15,1021,20,7,505,57.62
2022-05-12,451,29,10,442,364.88
2021-03-13,1690,50,1,910,249.09
2021-03-09,1628,16,10,742,381.9
2023-06-16,1669,8,5,887,106.35
2022-08-25,1703,11,10,677,271.17
2022-01-29,1695,6,9,184,136.78
2020-04-08,158,40,4,866,119.52
2020-05-29,1521,32,2,531,353.58
2022-10-11,1353,7,7,659,303.16
2022-05-06,1927,46,8,457,23.52
2019-02-12,890,36,1,722,38.55
2022-06-24,789,23,10,305,36.98
2021-03-12,901,47,7,382,316.12
2019-03-16,1943,27,9,79,211.7
2019-07-24,159,26,1,229,204.55
2021-01-30,1634,16,10,766,271.53
2022-07-28,980,8,7,488,150.28
2021-09-20,435,29,8,938,383.2
2021-02-13,2000,43,8,146,128.54
2023-06-15,665,39,10,559,224.69
2021-04-24,1279,24,1,356,130.66
2021-04-10,135,20,4,553,84.32
2020-04-19,968,27,3,459,317.18
2019-06-10,1567,21,8,449,60.82
2023-04-07,250,7,1,750,151.65
2022-05-22,1026,21,4,689,370.08
2021-09-05,450,50,2,576,323.28
2020-09-20,1183,3,2,815,53.45
2023-07-17,1551,43,6,302,156.19
2023-01-24,1990,44,2,770,180.36
2021-06-15,1092,48,3,87,283.24
2020-04-06,279,20,9,337,368.67
2020-07-25,1048,14,6,958,329.67
2023-11-09,302,42,2,288,186.37
2020-11-18,1639,38,2,623,332.65
2023-01-06,1568,21,2,211,158.0
2021-02-05,28,11,3,345,182.37
2023-12-04,1402,1,6,66,399.05
2019-08-08,793,16,2,305,84.02
2023-03-11,1077,12,10,128,222.4
2022-08-23,245,43,4,622,219.4
2019-07-30,1262,12,4,270,61.18
2019-03-11,371,10,2,734,267.0
2022-04-13,1895,11,2,787,208.91
2022-10-05,1166,36,4,227,323.0
2021-01-03,248,38,8,314,293.2
2023-03-13,1770,32,6,429,318.42
2020-03-02,803,42,8,798,316.47
2022-08-07,205,29,10,147,95.13
2023-01-10,502,25,1,409,396.33
2019-02-04,853,46,10,589,258.6
2019-03-16,766,22,3,732,179.35
2022-11-11,1066,45,10,126,233.9
2019-06-24,1253,16,7,98,22.32
2023-10-17,1015,4,8,70,249.22
2020-12-23,1099,49,5,855,138.15
2021-11-27,324,17,1,477,62.34
2019-08-26,1328,41,2,509,207.53
2019-03-23,1540,17,7,290,362.92
2020-10-27,905,31,9,661,270.17
2019-03-30,1830,8,2,997,150.16
2021-11-13,1210,42,10,356,255.09
2022-05-07,709,13,1,290,269.44
2021-04-30,1293,27,4,477,82.9
2020-04-03,139,40,4,684,244.95
2022-05-19,327,40,7,383,46.47
2022-02-10,590,24,8,965,259.73
2019-11-05,1600,32,8,399,376.27
2021-12-30,463,17,7,427,189.75
2023-09-25,609,29,9,100,358.7
2019-05-19,423,14,9,619,227.98
2021-01-25,504,30,7,892,311.64
2019-12-20,1721,37,4,299,82.21
2022-04-02,1387,37,7,616,372.88
2019-11-25,610,42,5,993,94.21
2021-06-21,1711,26,3,315,268.13
2019-04-03,403,8,10,485,261.09
2021-03-18,141,16,9,972,277.74
2023-12-09,605,2,4,457,285.16
2020-08-10,1028,42,10,423,165.29
2022-09-23,1953,25,6,602,252.78
2020-03-24,1924,11,3,289,179.85
2020-02-03,322,44,5,80,45.72
2019-07-16,1642,12,5,453,67.68
2022-02-26,1127,24,8,825,105.86
2020-03-12,1857,21,10,111,295.6
2020-05-20,1529,18,5,167,103.67
2020-07-20,1199,46,4,411,354.69
2020-09-18,270,13,6,745,369.07
2023-11-07,1081,44,3,367,234.83
2021-07-06,674,48,2,293,372.76
2023-07-06,618,32,1,556,43.31
2021-05-06,1644,17,6,295,59.22
2023-10-15,1918,45,6,939,244.09
2022-08-28,1780,3,1,922,34.79
2021-10-04,1284,27,7,879,319.49
2020-06-01,1460,32,5,68,85.43
2019-01-03,1924,24,3,550,352.5
2020-11-16,983,20,7,920,88.62
2021-07-30,1240,32,4,582,193.53
2021-06-20,440,20,1,412,16.46
2021-10-29,1919,31,10,233,314.44
2019-02-17,1024,13,5,882,77.8
2020-01-31,1148,13,3,377,333.24
2019-11-20,1007,7,9,468,149.58
2023-03-17,1688,5,4,330,31.14
2023-04-12,1242,40,5,276,310.83
2022-04-06,1459,7,1,381,78.89
2019-04-22,1956,22,2,503,83.81
2019-01-21,1346,18,7,517,251.94
2022-04-06,1991,20,5,197,32.39
2023-04-17,1362,43,4,988,341.81
2022-06-26,1776,48,8,84,197.07
2020-08-11,1048,13,2,946,384.51
2023-11-28,988,39,2,465,315.38
2021-06-08,1122,23,1,545,331.54
2021-04-01,1149,8,7,415,362.41
2021-02-08,953,28,7,600,194.0
2021-07-08,1034,10,9,982,355.18
2022-01-05,798,43,10,161,182.25
2019-06-25,436,32,4,138,204.84
2020-09-04,1109,20,8,55,209.49
2022-07-07,1655,17,2,468,379.1
2022-02-20,1435,21,7,987,317.28
2019-01-09,581,23,6,862,159.74
2019-04-12,803,22,9,287,178.53
2019-12-20,1816,49,2,251,155.35
2021-10-17,90,42,6,982,230.44
2019-06-27,1985,34,6,415,354.03
2023-08-25,224,41,10,552,344.65
2022-09-16,1674,33,8,505,244.27
2019-10-29,442,45,7,548,236.85
2022-02-01,1657,13,4,886,281.5
2021-05-27,1368,36,6,279,176.4
2021-06-17,1680,30,6,678,119.4
2020-06-25,1624,21,4,214,184.0
2022-01-08,938,4,9,473,70.19
2020-12-04,733,21,1,391,175.01
2022-07-24,917,10,8,717,239.95
2019-03-08,1562,30,4,977,70.54
2020-11-10,813,36,2,524,62.62
2023-02-04,453,6,9,976,135.06
2020-11-30,1220,21,4,125,232.07
2019-05-30,1969,36,5,306,199.15
2023-10-20,1565,39,9,504,362.4
2021-02-03,840,28,5,532,231.22
2020-04-14,200,4,1,709,60.8
2019-09-27,587,20,6,266,173.25
2020-09-28,356,14,3,171,344.46
2022-11-10,958,31,10,71,388.15
2023-07-21,384,21,5,746,300.93
2020-08-03,691,8,10,121,45.26
2020-09-14,525,39,6,204,305.89
2023-09-03,107,11,5,516,206.54
2020-02-27,504,30,1,873,236.81
2021-04-16,112,27,7,639,329.32
2022-10-05,1274,39,4,591,268.96
2022-07-21,826,22,6,780,170.58
2022-05-25,423,44,1,335,19.27
2022-01-01,639,12,8,451,152.62
2020-04-23,1561,36,9,599,70.85
2023-11-29,467,34,10,218,216.64
2023-07-04,804,15,8,222,43.78
2021-01-08,558,8,10,907,256.73
2023-12-29,217,7,9,215,140.51
2020-08-26,752,7,3,941,140.08
2020-07-23,993,47,9,426,306.1
2021-07-16,724,14,2,289,327.47
2021-04-12,1293,29,3,497,268.72
2023-03-07,540,15,2,102,202.91
2020-08-09,416,20,10,150,367.25
2022-04-26,1069,11,2,231,254.53
2019-10-28,187,46,1,852,210.14
2020-10-17,1198,12,10,802,8.29
2022-09-29,1649,49,3,870,244.9
2020-11-02,1501,22,4,873,171.31
2020-12-05,829,37,8,169,89.43
2019-11-09,650,24,10,589,195.11
2020-11-05,532,5,9,819,352.88
2022-11-25,92,27,4,635,157.16
2022-11-30,1275,30,1,503,23.5
2019-04-15,1740,12,5,91,368.49
2019-11-17,1126,3,2,267,323.98
2022-08-20,310,17,3,843,290.96
2020-11-09,1865,41,3,165,286.33
2020-01-23,1512,22,8,473,14.14
2023-12-17,1208,32,1,634,112.01
2023-12-25,1235,12,10,899,338.02
2020-01-20,1718,20,1,344,387.75
2022-09-12,753,13,7,978,348.96
2019-07-09,187,35,4,491,133.52
2019-04-04,95,26,7,830,227.07
2019-11-02,723,26,6,729,171.22
2020-03-30,330,32,8,138,350.61
2023-04-05,23,44,2,76,220.83
2022-07-19,873,33,2,742,45.08
2023-12-18,194,35,2,981,258.16
2019-11-05,425,32,1,163,198.24
2022-04-24,1977,19,4,76,391.39
2022-05-01,1146,5,8,989,107.49
2019-04-24,1592,14,10,379,80.14
2020-03-21,1151,31,4,339,176.09
2019-05-25,1438,33,2,697,117.7
2020-07-01,1393,48,2,619,159.47
2023-05-04,1314,10,2,441,304.24
2020-07-31,917,2,9,505,206.46
2023-12-02,1935,37,5,605,32.87
2022-04-25,798,23,1,274,220.07
2022-10-26,54,29,7,919,102.28
2020-11-11,1512,13,4,516,366.7
2020-11-29,178,29,5,338,19.27
2022-09-22,1864,28,9,362,331.09
2023-11-23,1555,21,1,921,124.15
2023-04-06,542,26,1,562,76.66
2022-09-09,89,39,10,909,283.54
2019-04-27,1102,25,1,119,240.68
2022-08-31,1014,37,3,280,162.31
2020-05-05,131,16,5,774,372.97
2020-10-27,1712,27,3,808,83.41
2020-07-25,531,42,7,479,305.43
2023-02-25,873,24,6,640,15.39
2022-04-27,977,11,4,922,188.26
2023-04-11,126,10,4,580,293.66
2023-03-02,953,16,8,459,212.82
2019-02-10,582,22,3,422,230.15
2021-09-10,695,3,2,835,244.93
2021-04-06,1769,35,4,359,67.46
2020-02-15,1720,34,9,700,214.43
2023-01-24,409,18,5,689,70.48
2020-07-13,312,31,6,342,254.48
2020-03-10,852,9,7,230,52.55
2021-05-02,1913,26,4,588,9.46
2020-11-27,1743,27,1,829,37.25
2023-04-22,1617,16,8,669,21.6
2022-05-25,1021,21,2,307,383.17
2023-08-01,648,4,1,224,170.1
2020-11-02,681,31,2,306,134.44
2022-11-23,1829,10,4,56,371.75
2022-10-20,1792,20,9,811,388.11
2023-04-14,1566,12,4,833,384.36
2021-10-03,1015,28,3,872,270.03
2021-02-13,453,10,4,298,203.92
2023-01-10,753,26,8,383,353.48
2023-02-06,700,42,1,633,189.05
2023-06-23,1316,30,1,934,292.88
2020-08-16,1326,5,2,850,373.05
2023-04-11,1741,31,5,364,56.31
2022-01-26,1355,50,7,966,151.36
2023-09-26,270,48,2,458,278.68
2021-09-12,657,13,7,357,60.86
2023-09-22,457,22,5,849,154.6
2019-02-18,1151,8,5,884,245.28
2021-07-12,63,9,4,696,137.36
2019-03-31,329,28,9,861,301.38
2022-04-30,254,12,6,542,278.49
2021-12-14,1523,7,6,450,105.1
2019-02-03,304,19,3,782,311.5
2019-09-12,503,43,9,438,140.79
2021-01-14,472,47,2,909,110.02
2021-12-15,24,15,4,787,19.08
2020-04-29,1415,25,4,358,305.58
2020-02-10,1438,17,5,989,214.36
2022-06-07,1764,48,10,805,216.16
2021-01-02,993,2,7,822,85.18
2021-11-13,112,27,5,712,148.03
2023-02-23,82,32,10,957,129.41
2022-03-01,1183,38,4,973,380.56
2019-12-19,422,38,5,55,145.0
2019-12-18,207,34,7,378,99.6
2022-03-13,1450,19,6,354,72.35
2021-09-10,1051,48,2,60,214.66
2021-01-14,184,12,9,189,53.12
2020-06-21,110,8,10,398,15.55
2021-10-16,978,1,1,724,215.78
2021-01-14,449,8,7,511,237.34
2020-12-02,286,41,5,744,156.87
2022-03-29,1053,50,4,477,177.48
2021-10-11,954,38,1,939,348.52
2020-01-31,1548,7,2,618,286.93
2022-04-25,1164,29,10,982,194.36
2021-02-20,1475,44,2,877,234.41
2019-05-27,1115,31,9,687,155.08
2020-07-13,1217,40,2,723,85.28
2019-05-26,1890,44,9,373,168.87
2020-09-23,1824,11,3,507,12.22
2022-12-12,681,33,8,701,227.09
2019-12-31,565,26,3,73,23.16
2019-07-04,233,21,6,946,196.41
2023-10-27,57,23,9,613,128.94
2020-12-02,807,33,8,365,260.18
2020-11-26,509,32,7,334,149.75
2023-05-27,1307,23,3,281,109.41
2021-06-12,169,9,5,870,25.82
2023-06-25,834,3,3,122,147.45
2022-03-22,1418,43,4,99,143.82
2020-11-16,1495,27,6,705,18.14
2019-08-30,745,43,7,558,219.53
2020-12-08,1621,31,10,173,86.68
2019-08-23,9,23,9,373,79.52
2021-03-24,1947,43,1,903,187.02
2021-04-22,1048,38,6,767,256.21
2019-11-15,1735,11,2,215,26.13
2021-08-07,1466,42,2,428,99.53
2022-11-19,906,1,10,76,7.59
2020-11-19,1533,1,4,303,154.37
2019-05-29,48,10,2,497,191.09
2022-08-23,1528,13,3,553,131.12
2021-01-27,578,16,6,454,193.92
2022-08-30,1582,9,1,166,256.68
2022-03-11,1246,2,2,173,87.52
2019-05-21,1854,18,4,805,319.23
2019-10-17,169,45,6,331,376.39
2019-04-07,356,21,3,222,193.62
2022-08-16,110,38,1,319,30.03
2019-11-24,654,7,3,810,335.21
2021-05-06,417,3,7,311,84.74
2021-02-23,1028,2,1,290,375.06
2019-12-12,564,28,7,789,15.28
2019-03-10,884,11,6,453,169.08
2019-01-21,310,41,5,815,116.75
2023-10-10,673,21,6,533,277.15
2021-11-07,115,35,6,513,323.23
2021-08-11,186,39,3,254,321.38
2020-12-08,152,19,4,455,260.78
2021-07-25,57,34,4,672,165.93
2021-10-09,1600,13,9,796,34.78
2021-04-23,248,35,10,801,397.08
2023-05-16,1806,47,6,171,130.84
2022-06-20,1676,11,3,554,36.11
2022-01-30,561,29,9,558,62.21
2023-02-06,928,12,8,724,151.63
2019-10-16,608,19,4,719,339.65
2020-08-30,1549,21,10,933,207.84
2023-01-20,1854,31,5,189,39.2
2019-04-24,966,33,8,950,138.88
2019-09-24,933,23,8,443,176.41
2019-11-17,871,12,10,525,84.84
2020-10-24,745,19,8,369,54.49
2023-03-18,1284,21,9,974,225.98
2022-03-25,1866,43,9,912,308.2
2023-11-11,298,44,6,212,134.8
2023-06-14,189,4,10,245,18.29
2021-10-02,24,32,7,765,328.32
2019-11-15,588,35,8,750,280.52
2022-11-03,1376,7,7,954,259.63
2023-12-19,687,47,10,366,195.33
2022-10-04,1057,40,7,56,164.59
2020-09-25,78,23,6,117,229.27
2023-05-07,486,47,6,811,46.45
2020-10-06,743,25,8,624,278.14
2021-01-26,45,29,9,877,60.95
2020-12-10,202,10,2,715,201.5
2020-07-04,1417,34,7,60,215.12
2020-11-05,1858,7,9,181,67.85
2022-08-24,420,29,1,234,76.11
2023-08-05,1230,40,1,373,31.17
2022-01-10,1509,12,7,301,351.92
2023-07-04,920,7,2,755,153.0
2021-10-20,1991,47,5,867,314.02
2022-10-08,1683,40,10,559,20.05
2020-03-18,1884,48,10,300,142.01
2023-03-30,1675,33,8,567,52.47
2021-07-11,740,37,2,940,32.39
2022-11-26,222,43,7,92,248.71
2021-11-29,1020,50,2,889,209.23
2020-05-29,689,45,8,253,180.15
2019-11-03,96,44,8,999,80.39
2022-07-17,928,39,8,505,76.99
2023-05-15,1914,29,7,387,226.4
2019-06-01,273,12,2,149,16.2
2023-01-12,1993,47,3,404,328.83
2020-01-09,1285,28,10,414,396.41
2021-06-02,1022,47,7,784,327.58
2022-10-05,410,25,5,533,109.3
2022-07-07,403,18,7,252,138.28
2021-03-06,1965,14,5,140,151.53
2021-01-21,300,23,1,729,204.4
2022-05-10,849,17,4,608,95.92
2020-01-18,530,48,5,690,105.26
2019-12-16,642,11,1,379,223.14
2021-08-03,912,24,9,186,202.99
2022-09-01,1461,45,2,378,7.31
2023-06-08,357,28,5,883,171.21
2020-02-21,257,38,1,633,158.38
2020-02-10,416,26,1,372,343.82
2020-04-13,207,40,1,647,289.21
2023-01-15,34,28,9,493,227.55
2019-04-22,724,17,5,58,233.56
2021-06-14,302,4,7,843,351.25
2021-04-19,1910,46,3,356,305.94
2023-01-28,1357,36,8,173,386.6
2021-01-23,895,10,4,387,201.1
2021-12-24,767,23,7,951,343.36
2022-05-24,236,26,8,56,106.04
2019-12-03,1046,31,3,221,355.64
2020-10-30,98,16,3,174,351.41
2021-10-27,1529,38,3,132,309.49
2019-12-08,383,7,6,53,396.39
2023-03-29,122,10,10,119,362.15
2021-08-13,689,34,5,891,113.85
2020-10-12,1241,8,9,287,214.6
2023-08-06,277,7,4,921,246.68
2022-10-01,1774,40,4,856,122.1
2023-11-26,683,3,4,578,212.63
2021-03-21,1150,44,2,328,240.02
2019-08-06,260,37,9,635,315.91
2022-04-12,829,47,4,279,155.67
2023-09-29,737,3,1,123,88.25
2019-10-01,835,33,6,63,83.28
2023-02-24,1639,21,9,832,227.58
2021-04-12,705,13,7,258,286.13
2020-01-21,354,48,9,777,143.81
2021-10-17,1866,30,3,369,257.79
2020-09-26,1071,30,6,176,245.06
2022-02-28,1845,48,8,413,92.14
2021-10-17,1799,15,3,763,346.03
2019-12-23,894,37,5,858,6.62
2023-07-08,1622,20,5,962,301.26
2021-07-23,133,48,8,525,212.19
2022-04-30,464,43,6,217,90.83
2020-04-08,233,8,5,688,51.08
2022-10-27,1629,20,4,667,97.42
2019-12-03,1848,30,1,333,31.54
2023-10-15,1157,9,2,743,276.94
2019-01-29,30,26,4,921,31.33
2020-06-15,1210,41,7,80,16.35
2022-02-19,226,6,9,50,132.37
2022-05-07,987,4,3,387,284.82
2020-05-12,1725,11,8,296,334.48
2023-10-11,1674,29,1,967,95.88
2019-05-24,1328,28,7,975,256.37
2019-03-30,330,33,1,876,152.84
2020-02-22,882,12,2,921,13.93
2022-07-26,791,20,1,516,279.72
2023-02-21,1030,37,6,593,75.73
2020-05-02,1819,7,7,550,342.48
2020-11-13,373,3,1,495,8.02
2020-07-01,1716,26,8,979,289.36
2019-08-04,846,42,8,271,168.84
2019-09-24,112,48,1,841,5.83
2023-03-18,727,18,2,269,396.96
2022-06-05,1186,38,5,696,183.04
2019-08-12,1273,23,7,485,363.84
2021-08-23,1105,16,2,523,250.2
2020-08-20,1716,41,4,81,127.22
2022-04-13,1890,48,4,464,316.32
2022-09-21,543,37,3,531,356.25
2021-08-29,1302,21,9,135,20.04
2022-03-10,645,13,2,392,90.2
2022-12-20,1353,31,5,111,237.12
2019-07-06,274,36,8,342,228.58
2021-07-30,277,50,8,178,337.82
2020-05-22,1853,25,2,800,135.81
2019-09-15,1792,48,5,577,28.63
2021-11-04,813,26,9,925,185.58
2020-12-18,70,49,9,200,300.32
2019-12-16,1132,2,3,95,215.55
2021-02-28,504,37,7,712,193.88
2023-02-24,1565,30,6,268,23.84
2020-09-29,623,40,5,555,126.36
2020-12-13,103,19,2,335,337.44
2020-02-25,1454,23,8,412,159.43
2019-01-25,947,34,2,790,97.81
2020-02-29,388,27,10,669,265.39
2022-05-20,1015,38,10,259,133.24
2022-09-05,684,46,10,246,164.11
2021-01-31,1895,39,9,424,7.43
2019-09-28,1001,15,1,284,127.89
2021-07-08,128,47,6,824,351.89
2023-11-09,546,9,1,448,195.99
2020-07-23,1196,18,1,536,375.5
2019-12-27,835,25,9,271,249.64
2021-03-03,366,18,5,216,287.22
2023-11-14,58,19,5,376,142.83
2020-10-02,445,18,7,490,278.58
2021-07-22,844,2,10,577,201.64
2019-05-14,1014,12,9,503,24.66
2021-06-24,1403,45,10,284,148.06
2023-06-24,1418,29,3,381,183.35
2022-02-21,525,44,6,539,96.57
2022-05-09,285,4,1,809,67.18
2021-12-14,179,42,10,952,186.76
2019-10-29,174,11,10,241,327.37
2023-06-19,1013,13,4,855,342.85
2022-01-27,407,35,3,990,200.68
2023-11-29,535,43,5,102,14.67
2019-10-09,1627,8,10,498,135.26
2021-07-23,108,15,10,158,383.42
2021-08-03,507,25,2,884,202.44
2019-05-03,823,27,3,314,144.05
2020-03-02,1847,46,10,674,260.65
2020-05-11,1478,40,10,575,121.09
2022-06-12,1235,16,8,362,251.22
2021-09-06,572,29,1,573,238.81
2020-01-21,153,47,4,412,344.43
2019-10-09,1997,15,1,887,260.9
2022-08-14,1995,42,4,959,82.8
2020-06-14,1198,37,7,109,136.41
2022-03-03,1478,5,1,290,137.56
2019-12-15,1532,39,9,555,388.46
2019-12-08,46,41,9,352,185.92
2021-04-25,1619,19,2,236,118.32
2020-07-08,1687,13,5,185,310.55
2023-10-08,1440,28,3,830,156.51
2020-07-06,1579,48,10,208,174.88
2021-05-20,1009,22,10,946,234.78
2023-09-03,533,34,2,380,149.33
2023-08-27,1636,17,4,792,347.63
2020-09-30,1370,1,3,80,199.54
2019-02-05,87,36,1,743,142.28
2019-12-28,1480,39,1,230,24.16
2019-05-22,324,49,5,347,244.56
2020-09-03,16,45,8,341,264.42
2020-03-14,1108,22,8,519,291.83
2019-07-20,1920,7,2,788,77.02
2022-05-06,187,36,5,116,171.0
2019-11-16,1749,5,10,312,281.44
2020-12-27,1585,37,2,617,169.1
2022-08-04,40,20,7,443,300.84
2019-03-20,624,16,1,830,194.24
2019-06-27,1071,2,3,157,168.96
2023-03-14,115,20,6,329,117.12
2023-05-13,287,45,3,494,182.87
2020-07-24,200,50,6,167,203.41
2023-03-24,995,44,2,744,87.81
2020-07-02,1565,3,1,905,100.06
2023-05-14,1158,6,1,421,382.92
2019-08-16,523,34,7,645,52.08
2019-09-04,1088,27,8,60,314.32
2021-04-02,384,20,10,835,62.57
2023-02-08,409,42,6,964,307.7
2022-03-28,1860,9,5,199,57.0
2020-06-22,1913,4,5,352,393.69
2021-06-26,1193,28,7,993,399.62
2022-07-24,671,34,3,774,278.74
2022-10-22,478,12,2,192,363.91
2019-11-02,1404,28,1,741,185.43
2021-10-13,946,6,2,837,115.33
2020-04-19,658,37,3,179,22.77
2019-04-02,34,30,2,230,135.79
2023-10-26,1523,11,10,923,203.39
2019-01-08,1335,28,4,923,93.82
2020-05-14,1703,41,7,931,94.51
2020-07-03,725,20,4,523,317.74
2021-02-25,1406,14,2,824,152.35
2019-07-31,1023,23,10,579,191.09
2021-07-19,1056,26,7,883,390.35
2022-01-04,1134,39,7,595,371.02
2020-05-19,371,10,3,447,338.23
2019-02-01,1513,37,2,646,41.38
2019-02-11,583,10,9,450,115.5
2019-03-02,406,20,4,796,270.94
2019-11-16,226,9,5,291,209.01
2019-11-24,369,48,5,416,383.05
2021-08-21,544,7,8,541,97.87
2022-09-06,1467,7,1,570,96.52
2020-07-04,1652,44,10,455,384.27
2022-06-12,1337,15,1,390,123.52
2020-06-23,1545,35,2,252,238.08
2021-06-29,1131,1,3,466,272.17
2019-10-28,1825,38,3,648,194.6
2022-12-30,518,26,6,968,76.7
2021-04-22,88,30,2,980,171.74
2020-03-06,632,29,6,652,359.41
2021-03-14,1679,22,1,354,292.4
2021-07-03,525,35,4,310,373.27
2021-07-11,1678,22,6,613,137.42
2021-02-18,526,8,4,645,276.94
2020-11-25,458,36,1,620,291.3
2021-10-31,859,36,3,72,91.89
2019-04-24,1261,4,7,310,313.94
2019-01-01,679,22,1,73,180.4
2021-10-30,1293,38,6,341,389.55
2020-08-29,504,7,7,590,185.83
2020-03-04,679,9,9,796,188.92
2019-11-30,1228,4,2,897,187.71
2021-08-03,1338,29,7,564,6.4
2022-08-08,621,42,4,393,193.43
2022-02-15,221,23,7,994,171.24
2021-04-15,268,2,4,443,41.62
2019-12-05,104,41,8,455,84.52
2022-02-11,287,45,9,671,171.43
2021-01-09,700,25,2,943,191.15
2020-10-31,1261,40,5,756,257.12
2022-04-04,498,18,5,439,358.33
2022-12-04,351,17,9,917,57.05
2019-10-04,851,45,2,145,31.81
2019-04-26,369,44,7,419,167.49
2020-04-11,254,48,10,573,60.75
2020-08-10,608,45,8,215,320.65
2023-07-19,1409,20,2,248,300.9
2022-03-24,13,8,10,285,194.53
2020-09-02,547,6,2,549,110.45
2022-02-11,1276,4,2,703,175.65
2019-03-17,1966,25,7,864,100.9
2022-05-07,905,11,1,736,203.5
2021-07-25,141,27,7,244,42.44
2022-05-09,1330,47,4,108,100.51
2022-10-31,35,47,7,579,265.67
2019-07-05,72,44,6,632,57.46
2022-09-22,1708,50,4,821,270.79
2020-12-18,1769,42,6,867,214.35
2019-02-02,395,21,6,387,193.8
2020-01-14,1507,27,5,375,320.64
2021-02-17,1490,50,2,643,163.14
2020-10-23,1742,43,10,778,93.65
2022-07-26,1131,15,2,960,332.78
2023-06-13,706,12,10,60,112.81
2021-10-14,816,22,4,456,287.2
2023-02-02,143,33,4,573,240.8
2020-11-07,1472,50,4,337,137.28
2023-09-10,296,48,1,287,202.41
2019-07-24,1968,49,10,214,160.7
2019-08-03,23,47,9,767,180.22
2019-07-06,1039,28,4,357,299.81
2019-07-28,493,22,8,782,300.17
2022-06-21,1986,24,1,396,250.03
2020-09-20,725,21,10,664,122.89
2020-07-13,663,44,8,480,80.98
2020-09-05,1757,36,7,239,191.21
2022-02-26,1375,6,8,827,54.83
2020-12-18,86,13,5,748,256.26
2020-07-08,838,39,6,607,35.02
2021-06-23,1775,20,9,449,191.09
2019-02-16,1011,9,9,371,393.87
2021-03-08,1036,27,8,61,83.96
2022-05-25,1370,40,3,627,20.53
2020-09-19,1226,24,8,950,308.2
2020-11-02,1356,46,1,981,254.74
2023-03-15,1295,36,2,215,281.7
2020-09-15,1810,42,4,341,63.12
2021-04-03,709,11,5,967,293.91
2023-10-18,1231,34,2,431,205.77
2021-11-21,604,15,5,367,367.73
2019-01-14,841,20,1,910,290.3
2022-07-10,1892,15,2,198,338.32
2021-01-02,593,38,9,120,259.27
2023-09-21,1429,38,9,328,209.6
2020-01-15,1371,14,7,321,95.29
2021-09-05,541,4,10,136,28.2
2020-04-06,1212,44,7,895,143.96
2020-08-16,1460,4,6,201,227.8
2022-09-16,1782,2,8,218,11.54
2019-12-25,363,1,10,223,155.83
2023-12-23,746,39,6,483,239.93
2021-09-25,1831,28,10,648,266.08
2023-09-01,10,38,6,603,80.91
2023-05-10,232,2,5,594,274.6
2021-10-19,707,8,6,255,94.03
2022-01-06,1018,18,8,998,258.77
2021-10-17,1988,19,9,966,51.7
2021-11-13,945,3,10,184,312.95
2022-06-23,354,49,7,930,25.98
2022-07-12,511,47,1,57,281.56
2020-11-09,1706,43,8,462,341.94
2023-02-06,654,9,2,754,269.18
2022-01-05,1431,29,6,490,64.85
2021-12-22,799,25,9,278,76.47
2020-06-03,1190,30,10,575,210.15
2023-06-03,1256,45,9,928,24.29
2020-05-22,626,32,4,845,39.85
2020-11-09,945,33,3,420,140.78
2021-03-05,1859,11,4,90,107.45
2022-04-10,525,50,8,976,243.97
2019-06-19,1781,38,8,51,255.62
2023-03-03,1983,31,10,756,223.49
2022-11-11,659,3,10,489,368.7
2020-01-07,610,12,1,369,206.52
2019-08-24,1503,27,7,165,310.42
2021-11-30,963,13,9,446,217.74
2020-04-17,1414,8,3,825,49.64
2021-01-03,1713,21,7,924,300.31
2023-02-10,751,10,2,784,32.25
2023-09-13,1333,17,2,618,56.63
2022-10-18,495,13,8,418,51.32
2023-04-11,1755,37,10,99,380.51
2023-03-10,1461,7,10,230,283.84
2022-05-19,1158,6,10,572,370.59
2023-12-24,1800,34,3,535,168.05
2021-10-10,1440,42,7,969,348.36
2020-10-06,77,29,1,894,350.55
2019-08-23,547,34,2,353,172.64
2023-11-17,1026,37,2,123,14.28
2019-08-19,1377,16,4,857,148.3
2022-08-05,1552,24,6,745,109.23
2021-01-29,477,29,7,523,72.0
2021-03-31,293,10,1,843,253.43
2020-04-08,172,23,4,512,140.52
2022-04-17,1216,7,4,137,293.2
2020-03-07,1418,22,2,768,218.62
2023-09-07,736,49,3,228,343.2
2019-02-17,1849,17,6,807,23.85
2023-02-18,607,36,9,658,120.83
2022-09-08,1677,8,2,504,308.1
2022-01-15,1850,49,10,599,280.02
2022-08-21,1446,5,6,324,360.68
2021-11-11,1664,45,9,580,318.14
2021-10-08,57,14,5,846,155.64
2023-09-26,384,38,4,530,278.39
2020-11-08,1232,45,8,452,229.23
2021-04-27,1050,33,8,126,114.32
2022-06-02,505,12,10,474,110.28
2022-08-24,836,7,7,196,239.33
2019-07-12,1500,14,2,86,29.51
2020-10-09,1423,45,3,173,38.47
2020-12-23,300,20,9,602,242.7
2020-12-04,1318,42,8,819,40.82
2021-06-27,953,41,10,486,9.57
2019-11-02,411,19,3,598,371.65
2019-06-05,860,14,9,300,265.25
2023-12-05,1304,30,8,634,110.27
2023-05-03,633,36,9,63,365.72
2022-12-23,411,26,3,258,294.8
2020-08-21,1687,50,8,179,202.99
2019-09-24,511,5,1,815,19.78
2020-01-30,1933,48,9,927,238.09
2021-05-27,900,49,7,740,321.65
2019-06-17,237,19,7,365,302.63
2019-12-31,1211,32,6,325,14.34
2023-11-09,1057,16,7,630,143.5
2020-04-13,251,26,6,405,40.65
2023-12-30,415,4,10,247,160.0
2022-07-19,1730,23,5,322,219.64
2022-04-06,892,26,4,166,149.4
2019-09-18,155,18,5,548,238.66
2022-08-03,501,48,8,773,27.0
2022-09-19,726,22,6,470,32.38
2020-07-29,1267,1,9,367,256.79
2022-08-18,1099,48,6,187,340.51
2022-03-25,1264,22,10,860,213.92
2019-05-30,924,13,6,235,170.05
2021-12-29,1570,29,6,754,301.55
2022-11-01,1241,33,7,690,375.49
2019-11-28,834,18,2,696,338.94
2022-02-22,1320,45,2,271,39.09
2023-02-19,1972,41,5,905,201.98
2021-01-29,1290,1,6,409,25.5
2022-08-23,1294,14,8,196,164.29
2019-09-10,387,50,4,210,231.22
2019-05-12,950,29,5,63,59.59
2020-05-20,841,15,4,522,112.08
2019-03-20,736,10,2,354,397.47
2023-08-15,158,36,10,222,296.87
2023-07-16,1376,30,7,264,210.5
2021-05-26,771,31,9,362,365.96
2020-06-11,1681,32,5,74,273.74
2022-10-20,945,49,9,598,153.61
2020-07-07,975,22,8,825,31.3
2020-12-07,1622,19,6,78,395.74
2022-10-22,1506,49,2,524,161.95
2023-11-27,1718,27,6,982,37.92
2019-03-01,878,10,2,869,161.91
2022-08-23,308,8,1,990,163.01
2019-07-29,1271,36,3,986,184.38
2020-10-31,1933,13,6,683,286.71
2021-01-17,1106,23,9,255,7.12
2023-07-23,1174,38,7,215,218.15
2023-07-25,1966,38,9,812,96.73
2022-10-18,15,40,9,751,333.94
2021-01-13,463,32,7,838,142.64
2022-03-03,1672,43,5,848,128.04
2021-04-07,1149,45,7,822,73.38
2019-08-26,815,19,4,699,381.58
2023-08-20,1884,5,10,549,278.92
2019-04-10,1915,3,6,158,270.5
2022-08-22,596,29,5,851,83.46
2022-07-06,1212,10,7,416,364.37
2019-05-07,1594,13,5,700,175.82
2022-10-28,108,49,10,447,47.07
2019-09-02,1575,8,8,910,188.65
2021-05-10,976,20,2,487,300.73
2021-06-15,1942,39,9,938,126.07
2020-09-12,1567,36,2,441,171.51
2020-12-17,78,25,1,163,167.84
2020-06-30,812,18,5,158,124.33
2020-07-28,1783,26,1,881,268.93
2022-06-24,346,3,4,124,39.67
2023-04-26,888,24,1,445,67.12
2022-04-30,302,34,2,498,242.79
2019-03-26,531,14,4,414,107.11
2020-06-25,1039,38,9,778,75.45
2023-10-15,1840,43,8,951,265.9
2021-03-21,989,5,5,382,322.61
2023-08-02,242,40,4,267,183.9
2022-04-26,36,19,2,605,167.34
2022-05-01,34,26,5,605,208.36
2022-09-15,728,2,9,590,385.23
2023-07-13,654,46,8,293,196.55
2020-10-03,1733,33,10,140,325.16
2020-11-02,65,16,4,195,258.29
2020-09-25,1533,19,7,747,173.23
2021-06-14,1699,14,10,161,396.48
2020-07-23,108,5,1,205,290.7
2023-06-06,1726,36,1,388,395.17
2022-05-17,383,18,7,717,15.64
2020-05-08,605,25,6,53,76.62
2023-04-25,223,1,5,200,326.71
2023-09-11,1842,9,6,300,225.82
2022-06-04,1305,12,1,406,28.99
2021-05-13,401,25,8,550,101.82
2023-11-13,61,34,1,266,385.16
2020-12-11,753,10,7,214,296.57
2021-04-04,70,28,3,621,254.71
2022-10-13,432,22,1,693,61.21
2023-03-04,1371,12,7,925,293.97
2023-07-29,1485,20,8,363,64.79
2023-06-26,1301,36,7,603,397.42
2021-12-07,1340,27,1,825,117.33
2023-09-17,1610,11,9,123,214.97
2022-07-08,172,45,9,262,49.83
2022-01-12,680,10,3,776,235.38
2020-02-07,1890,6,1,225,119.73
2022-05-26,1070,5,9,862,20.24
2020-09-23,1935,50,5,157,227.82
2021-01-02,919,2,2,176,240.32
2022-09-29,1056,1,8,618,320.82
2023-02-22,1494,10,5,92,330.21
2019-11-03,1066,44,9,914,95.13
2023-09-02,1972,22,10,139,239.7
2022-12-27,624,32,10,572,24.45
2020-06-25,512,6,7,467,310.29
2022-04-30,606,17,5,509,213.77
2020-03-16,190,3,3,974,324.34
2022-10-18,818,43,4,899,136.82
2023-12-25,91,32,4,244,316.21
2019-04-29,863,35,2,396,123.58
2022-10-27,324,14,3,564,389.97
2019-02-19,896,32,5,927,275.84
2023-03-27,1064,20,7,592,266.11
2020-06-14,226,24,1,369,193.94
2023-12-04,793,25,8,419,151.69
2022-07-20,110,28,10,611,393.37
2021-02-18,1428,3,2,613,178.58
2019-05-28,280,41,5,260,34.03
2020-12-11,1687,28,10,249,107.02
2020-07-26,1325,21,1,715,246.26
2020-07-22,390,6,10,575,216.86
2022-04-02,973,36,10,471,399.03
2023-12-04,633,9,4,116,156.85
2021-09-06,1861,50,10,118,257.21
2023-11-09,1345,23,5,640,75.34
2022-10-25,1505,47,8,165,105.47
2020-10-29,1480,31,9,478,14.0
2021-03-28,682,41,4,342,57.19
2022-05-04,1467,24,2,680,144.16
2022-12-16,1016,17,8,441,29.09
2022-06-23,521,26,2,798,383.37
2019-01-09,17,41,6,135,59.83
2022-02-03,1247,34,1,875,54.2
2020-07-01,1375,5,9,978,333.1
2023-02-12,1606,49,1,261,305.95
2023-10-27,1708,2,8,515,219.07
2023-07-20,586,47,6,821,346.8
2023-03-08,1414,22,1,406,268.22
2019-10-26,1743,5,1,338,223.47
2020-07-01,641,26,6,420,21.65
2021-11-17,24,21,6,814,124.47
2022-09-02,640,2,4,462,134.9
2022-10-31,1139,35,3,79,194.04
2021-01-18,136,21,2,843,235.04
2023-06-05,1619,15,5,885,301.62
2023-06-04,542,14,4,207,341.31
2021-01-21,748,26,8,853,32.08
2021-01-13,1122,8,8,90,166.86
2023-06-19,1068,45,8,815,150.27
2021-06-20,477,16,3,757,50.45
2020-01-29,130,38,7,789,122.2
2022-06-15,878,22,7,393,250.86
2020-07-26,1748,49,4,534,20.33
2023-09-11,8,23,9,197,68.24
2019-05-27,79,8,8,412,103.16
2023-03-15,726,7,10,774,57.08
2022-06-24,514,28,8,633,140.0
2022-10-15,1047,26,2,206,89.14
2020-12-29,1297,22,10,831,271.15
2019-11-18,589,28,4,833,202.44
2020-11-27,522,50,4,852,296.84
2020-01-11,234,26,6,783,49.35
2022-01-14,1280,36,1,949,111.58
2020-02-09,93,35,10,782,330.27
2021-03-09,1681,9,5,417,280.56
2019-07-25,587,12,4,87,65.76
2022-08-22,352,13,5,690,352.26
2022-06-22,621,18,4,118,100.05
2023-03-31,1861,35,7,972,42.56
2022-05-31,1852,2,3,994,292.97
2023-12-11,1065,3,1,369,67.43
2022-04-12,1158,37,3,703,103.39
2023-06-10,329,38,6,630,144.91
2021-03-27,1432,45,7,586,181.6
2021-03-21,774,7,5,362,258.04
2022-01-24,577,36,2,120,178.73
2019-06-27,412,26,2,870,125.81
2023-01-24,493,22,6,62,136.41
2021-02-28,1441,18,7,512,244.22
2022-05-02,553,44,7,893,121.75
2023-02-09,1657,36,8,632,247.37
2023-05-07,1363,26,1,980,138.22
2019-12-13,1121,7,6,280,317.79
2023-03-25,250,44,1,936,294.52
2019-02-27,894,34,1,811,217.41
2020-06-17,1059,26,10,543,309.43
2020-01-11,1926,46,3,513,304.59
2021-10-19,1000,9,4,155,345.45
2020-06-13,1123,40,4,601,85.93
2022-12-18,505,35,1,383,386.77
2020-11-24,60,45,5,419,32.24
2020-12-28,189,37,4,764,64.67
2022-09-25,1148,13,10,931,93.73
2019-04-14,1300,44,4,173,341.51
2019-09-18,1672,49,9,668,294.91
2021-06-16,565,43,6,624,105.12
2020-10-15,1135,10,10,759,236.09
2020-12-15,51,47,1,178,132.16
2020-02-02,831,46,5,869,149.14
2023-11-29,683,12,4,270,180.44
2022-08-26,1556,49,10,415,48.33
2021-09-08,973,2,7,769,187.3
2019-10-08,775,38,6,715,314.16
2021-05-24,1003,17,3,214,307.49
2021-09-30,1168,39,5,950,24.65
2020-06-05,225,6,1,299,96.42
2023-02-12,1978,48,2,238,12.33
2020-12-09,1498,35,6,324,272.97
2021-01-12,184,38,4,786,12.34
2023-01-26,789,10,1,761,118.27
2019-02-04,1931,15,7,66,394.28
2020-03-14,623,35,5,155,163.95
2023-01-22,556,25,8,376,218.87
2022-11-21,1286,47,4,397,288.32
2021-07-11,1559,27,7,616,354.54
2022-05-05,921,18,4,694,191.1
2021-09-29,1216,44,5,181,83.37
2022-10-31,815,5,7,684,111.39
2019-09-01,1652,40,10,870,184.84
2022-11-24,310,21,1,377,219.62
2021-10-10,892,49,2,56,143.56
2021-04-24,80,29,8,663,329.94
2022-02-23,602,11,5,354,163.41
2022-01-18,1461,16,9,405,386.64
2022-01-10,602,22,9,78,106.01
2022-01-22,1029,44,10,474,112.72
2021-05-07,1482,34,5,699,353.24
2022-05-22,12,42,1,372,75.28
2020-05-18,125,7,1,985,121.88
2021-06-20,788,21,10,771,76.93
2021-07-09,453,50,4,756,330.42
2020-11-23,50,24,5,782,21.49
2020-03-31,664,21,10,802,95.73
2020-09-06,1010,36,9,344,346.59
2023-05-14,394,22,4,356,329.04
2019-05-01,1341,50,7,948,34.7
2021-05-02,1787,3,4,118,143.29
2022-05-03,457,37,4,199,173.98
2022-01-27,1037,11,5,836,184.24
2022-12-18,728,40,3,968,114.18
2022-08-08,317,44,2,229,354.14
2022-02-19,915,34,10,645,85.64
2022-01-27,1463,26,7,58,354.16
2019-03-07,1046,23,9,864,266.45
2019-05-14,706,40,2,150,297.18
2021-01-14,1908,32,3,235,52.49
2021-05-09,1025,20,8,510,315.59
2020-08-31,1475,9,5,219,40.05
2021-01-29,1084,26,1,163,113.52
2022-06-05,1588,47,6,961,225.31
2023-10-30,189,15,1,80,186.42
2019-02-25,889,43,4,550,180.42
2020-04-01,1121,23,4,743,386.46
2022-10-06,1817,31,4,897,87.63
2022-08-10,23,28,9,860,39.94
2020-04-29,390,9,3,528,83.32
2023-09-15,1875,5,8,640,257.5
2019-06-27,371,16,1,702,69.79
2023-07-23,1453,33,3,773,380.69
2023-08-11,1329,30,2,787,229.54
2020-11-18,511,16,2,484,238.02
2019-06-13,1644,10,2,279,14.29
2020-11-12,1994,22,8,541,188.01
2023-03-07,1317,28,3,693,109.89
2021-06-09,1042,24,9,203,113.61
2022-08-06,818,34,1,229,388.85
2022-05-08,357,14,6,369,74.3
2023-06-02,737,47,2,362,164.8
2021-12-11,1251,47,7,149,27.52
2023-09-28,1253,7,10,202,166.81
2021-01-11,1719,20,8,340,77.81
2019-10-29,260,12,8,463,59.26
2020-11-30,1508,4,9,722,367.3
2022-11-22,1312,2,7,454,349.82
2019-02-15,1807,13,6,791,113.77
2021-07-09,1200,12,8,392,183.85
2019-06-26,312,38,8,514,177.67
2020-01-18,597,8,10,791,133.43
2023-10-13,1493,49,7,486,90.42
2023-05-01,46,40,10,814,10.55
2019-11-22,1662,2,8,845,383.08
2020-03-20,538,21,6,913,177.45
2022-03-12,1931,13,3,397,320.12
2021-08-31,1385,6,4,912,30.4
2019-11-28,220,6,9,97,329.7
2020-01-14,344,22,5,332,155.69
2021-04-16,15,15,8,157,296.91
2023-10-26,1118,38,6,530,278.27
2022-04-29,867,34,8,534,13.03
2023-05-12,1886,21,5,186,322.5
2021-10-22,1602,25,3,899,34.63
2020-09-20,777,37,10,327,366.52
2022-10-15,485,40,10,381,80.2
2020-05-07,1229,8,2,113,100.78
2022-12-23,31,10,4,54,104.7
2019-12-26,1573,16,3,359,236.63
2022-06-14,378,11,10,761,351.48
2021-05-09,1703,5,8,91,391.41
2020-06-16,1271,20,4,852,199.98
2023-02-11,945,23,4,889,196.82
2020-11-04,855,30,2,428,122.98
2021-03-18,967,29,5,939,162.61
2022-02-12,1855,1,6,841,213.01
2021-08-12,1223,26,5,830,351.93
2023-03-25,1075,19,7,941,269.1
2022-01-23,1420,39,3,200,380.62
2023-05-15,58,4,2,877,19.71
2021-05-26,721,20,6,710,10.17
2019-10-18,196,41,1,788,367.39
2021-09-03,717,35,4,148,194.88
2021-09-29,1767,4,2,561,163.31
2022-09-16,639,10,8,341,257.13
2021-07-17,976,46,4,864,231.5
2021-11-04,1225,46,6,892,314.91
2021-08-22,1192,39,6,271,49.03
2021-08-17,179,34,3,883,308.05
2021-12-07,274,37,3,52,262.31
2021-08-02,270,31,10,792,285.54
2021-07-24,39,33,3,951,393.87
2019-08-26,1693,11,6,748,314.03
2022-03-08,822,15,10,670,114.85
2023-09-21,415,12,9,238,39.05
2021-07-03,450,9,9,694,225.81
2023-12-28,1164,7,6,80,261.51
2021-07-14,325,20,5,772,263.09
2023-10-10,300,2,4,130,360.78
2021-08-11,1949,32,8,730,224.62
2021-05-22,263,27,7,206,174.87
2019-10-04,307,34,3,915,221.12
2019-02-13,1738,39,9,74,49.88
2021-01-16,1295,26,3,245,213.1
2021-02-11,1088,4,9,401,330.1
2023-09-14,417,14,1,977,347.91
2023-06-15,476,43,3,539,327.38
2019-10-14,1180,43,9,462,383.79
2020-07-13,580,47,9,518,289.22
2020-06-21,243,8,8,403,329.98
2023-01-19,843,38,2,508,7.12
2019-03-12,183,41,9,495,311.42
2022-09-23,1270,19,9,122,45.11
2019-06-14,731,43,10,692,248.09
2019-10-06,1909,36,2,481,196.37
2023-10-27,7,36,9,789,218.23
2022-01-16,951,42,5,132,158.49
2021-09-19,1078,26,7,974,251.19
2019-08-30,742,23,4,945,105.5
2019-11-04,755,19,10,151,6.41
2022-12-06,88,22,4,616,358.8
2019-03-07,1598,2,10,550,341.38
2019-08-26,430,17,10,585,388.49
2021-01-20,762,4,3,359,153.82
2019-10-19,1898,34,6,84,273.26
2019-04-12,536,31,9,493,68.26
2020-05-22,184,2,10,360,288.16
2021-04-29,1270,48,1,788,58.97
2022-08-26,973,5,9,875,138.22
2021-11-14,1735,31,7,62,109.59
2022-10-09,1036,43,1,148,12.29
2022-05-28,1491,50,2,908,98.27
2021-03-14,480,32,6,508,182.0
2020-06-09,983,19,6,651,30.33
2023-11-16,723,27,5,704,178.97
2023-06-24,1696,19,9,831,351.69
2021-10-30,915,17,7,80,138.76
2021-01-25,1140,17,4,458,8.96
2021-10-29,482,12,4,238,227.58
2019-05-01,44,34,7,977,78.33
2021-02-09,490,37,10,189,367.61
2020-10-04,983,32,2,954,115.56
2020-06-05,924,36,6,495,201.27
2021-08-05,1237,16,9,628,368.71
2022-12-03,792,10,1,189,219.73
2023-04-08,1300,46,7,749,45.38
2023-07-07,1166,16,1,646,202.43
2019-09-24,374,27,3,271,331.27
2022-08-25,1121,42,9,275,352.8
2022-07-30,1660,38,8,307,84.8
2020-03-26,1155,36,4,492,133.96
2020-07-12,1200,6,3,683,389.91
2019-04-16,1122,22,4,151,18.29
2019-09-06,783,9,4,724,262.37
2020-10-14,100,8,10,896,249.8
2020-09-21,794,39,10,493,336.67
2020-10-31,201,12,4,387,372.12
2022-04-12,1614,12,6,244,23.05
2023-07-14,640,49,1,278,159.26
2021-05-15,1929,19,6,754,349.29
2020-10-31,1569,13,4,784,83.57
2023-06-12,1756,44,1,427,277.12
2023-09-19,1595,27,10,675,49.01
2023-03-17,361,26,5,236,271.87
2019-10-19,1795,27,10,541,169.68
2019-09-25,1687,7,6,994,49.08
2020-06-15,1798,10,7,313,40.35
2022-10-31,1486,10,3,635,73.55
2022-11-10,584,29,1,965,172.03
2022-01-17,983,29,2,703,303.52
2019-06-09,943,26,6,285,167.67
2019-12-31,1707,39,8,270,297.85
2023-10-27,1375,31,4,729,317.35
2022-08-03,116,48,1,254,57.62
2021-07-04,1585,16,9,223,100.32
2020-07-21,657,12,7,919,44.5
2021-03-02,615,32,4,280,309.0
2020-05-06,1738,25,2,742,196.68
2019-04-03,1292,10,2,168,48.84
2021-12-01,662,49,10,846,336.41
2021-01-17,651,8,9,935,187.25
2020-01-22,1814,39,2,303,159.02
2020-03-27,1881,18,5,189,37.67
2021-12-27,1540,13,6,260,213.2
2022-05-13,738,49,3,577,248.91
2022-09-12,850,7,10,163,201.69
2023-06-24,1147,10,9,930,197.05
2020-05-19,1807,24,7,365,180.04
2021-07-05,427,20,6,882,100.61
2019-10-22,761,42,4,952,273.07
2022-11-20,1255,17,8,747,329.65
2023-09-22,1321,41,8,144,203.3
2022-05-17,98,30,6,401,115.54
2023-12-19,121,15,9,410,80.94
2020-05-25,1430,31,8,897,363.67
2020-10-19,1348,33,9,880,91.99
2019-07-15,683,18,8,771,210.89
2023-11-10,1458,46,3,742,349.29
2023-11-23,969,49,2,354,241.22
2022-11-24,1968,39,9,856,247.19
2021-09-25,360,15,6,601,153.86
2020-04-01,310,11,5,638,328.07
2020-04-06,1543,26,4,125,352.87
2019-08-19,1468,16,7,473,279.28
2019-06-09,1559,2,3,309,304.82
2021-12-12,809,26,9,662,145.24
2021-03-27,573,21,2,258,55.02
2020-01-13,1675,14,3,138,334.81
2022-04-17,370,8,3,224,296.17
2021-02-18,1218,41,3,549,73.99
2022-04-21,682,28,3,722,213.67
2023-03-23,655,29,9,828,308.33
2022-11-14,1762,35,6,170,133.41
2022-03-23,1124,19,5,663,148.84
2021-07-12,845,20,6,656,167.47
2019-09-22,403,20,1,970,285.82
2020-05-03,491,10,5,714,331.28
2019-05-30,79,21,1,120,25.14
2021-12-16,1777,7,3,810,116.45
2022-04-12,558,31,8,411,394.96
2020-01-11,1257,45,6,442,305.85
2022-06-12,1130,26,10,808,48.95
2020-10-04,225,37,5,425,174.93
2023-02-03,1809,23,6,681,336.69
2019-10-01,66,2,5,468,215.81
2020-05-17,6,14,1,344,58.51
2019-10-21,330,47,2,187,180.99
2022-07-25,1174,46,3,936,301.46
2022-03-31,753,36,5,435,253.12
2022-11-22,363,15,5,77,202.53
2022-12-06,19,34,10,100,331.4
2020-11-10,1449,11,9,784,202.68
2021-05-07,1055,1,8,613,312.0
2020-07-16,260,29,5,573,154.55
2022-01-24,190,43,4,560,319.79
2023-11-11,142,19,6,348,14.99
2019-03-20,565,32,4,418,87.73
2020-12-18,1248,2,2,927,359.44
2021-04-25,1139,42,10,354,172.51
2022-12-26,217,35,2,621,219.55
2022-07-24,294,46,10,548,26.82
2022-06-02,1146,39,5,488,42.25
2022-01-28,1405,16,1,259,138.59
2023-09-16,1787,45,1,431,158.5
2020-03-23,444,39,10,113,128.74
2023-07-15,1413,37,9,175,40.75
2019-04-12,9,39,9,948,395.25
2022-06-04,1156,24,4,77,344.04
2021-05-17,1652,9,3,461,294.42
2020-05-03,845,41,3,68,131.55
2021-01-23,1651,45,7,913,380.5
2020-08-27,1462,50,10,437,325.69
2023-09-23,1784,49,3,647,36.29
2022-02-26,767,10,1,588,104.44
2022-03-20,362,14,6,658,45.37
2019-08-12,441,36,3,490,252.03
2023-09-29,8,28,9,94,179.96
2021-08-14,1273,13,5,198,286.33
2022-07-28,1550,2,5,372,162.01
2021-02-28,1052,24,6,165,10.61
2023-08-30,1756,2,4,396,79.39
2019-07-12,465,8,9,862,99.58
2019-01-23,1199,3,8,622,279.48
2023-08-10,492,46,10,233,34.57
2023-03-24,343,50,6,481,110.24
2023-08-01,757,3,8,871,56.34
2022-06-14,53,42,6,419,27.21
2020-09-05,590,43,6,273,47.95
2022-11-21,1866,38,8,757,318.66
2021-01-15,1603,34,9,403,372.41
2019-04-11,1346,14,3,758,365.32
2019-04-24,1903,22,7,803,365.67
2023-10-06,1618,9,4,746,102.86
2021-01-18,1925,17,8,842,328.18
2020-10-20,607,19,5,793,60.02
2021-10-21,1929,39,8,79,23.69
2022-09-25,1989,35,2,872,329.39
2023-03-15,1808,30,6,790,336.64
2019-08-10,1816,41,2,554,355.29
2022-08-25,627,28,6,998,265.17
2019-11-24,1483,38,3,494,252.25
2019-11-02,442,23,7,508,78.95
2021-11-28,656,13,7,889,89.79
2019-02-11,544,49,10,573,231.79
2022-10-15,1333,23,3,351,262.26
2021-02-02,1536,17,7,449,311.58
2023-05-04,1442,43,2,690,233.27
2022-12-04,1925,10,9,155,350.28
2022-07-11,1400,2,9,342,81.78
2021-11-16,1975,4,10,149,286.35
2020-08-26,757,43,6,656,107.93
2019-02-21,1071,42,9,138,189.4
2022-08-21,895,43,7,116,224.82
2021-10-20,22,8,4,854,123.69
2023-04-08,205,31,5,849,111.33
2020-12-29,727,7,4,782,369.5
2021-10-10,1489,25,9,131,385.61
2022-04-07,1699,48,7,305,183.19
2022-04-09,50,44,5,277,16.9
2021-03-28,943,41,1,296,322.69
2022-10-27,753,8,3,586,205.96
2020-08-07,1751,46,6,868,349.36
2019-05-02,395,16,9,843,83.8
2023-04-03,1372,33,3,312,119.35
2021-08-23,786,30,5,786,198.42
2023-01-14,1043,40,3,301,243.95
2021-01-26,826,21,2,391,240.92
2023-11-03,534,25,1,587,285.0
2022-03-24,1671,28,1,96,155.35
2019-04-24,1744,6,6,885,225.41
2021-09-17,283,34,5,902,143.85
2019-10-10,2,48,2,849,346.01
2020-12-29,1172,49,3,753,105.35
2019-05-23,589,38,4,341,185.24
2023-09-14,661,12,9,443,305.71
2020-04-01,42,8,1,705,197.67
2021-06-01,1183,37,1,865,7.42
2023-08-09,1087,29,5,360,14.98
2023-03-17,260,35,6,232,370.63
2022-11-04,1758,43,5,244,287.31
2021-06-26,1929,10,6,890,231.15
2023-11-20,1637,8,4,953,298.04
2023-09-06,420,32,10,69,103.82
2019-07-18,1753,14,4,960,234.39
2022-11-26,474,5,8,385,55.54
2023-12-31,1805,30,6,78,331.04
2021-11-06,492,29,1,416,282.71
2019-02-05,236,45,1,587,368.97
2020-09-04,1208,29,8,342,293.03
2020-03-17,874,14,10,871,353.63
2022-06-13,1260,24,3,789,112.14
2021-04-01,1925,44,6,927,101.06
2019-05-10,1913,14,2,67,230.86
2022-12-16,783,33,6,665,142.73
2023-01-24,1214,8,10,840,270.07
2020-03-02,1155,47,5,886,389.82
2020-02-23,436,41,10,919,45.88
2019-05-19,1048,40,4,527,332.95
2021-01-06,1647,27,3,688,141.81
2020-06-22,404,28,9,570,228.03
2019-09-05,1008,1,9,135,32.13
2021-03-20,1012,14,7,814,40.06
2019-04-21,1546,9,2,413,366.16
2020-03-12,576,39,10,177,78.68
2021-04-16,1915,5,9,588,189.98
2020-09-06,795,8,1,975,221.11
2021-05-30,1969,19,5,146,181.0
2022-11-23,564,7,3,58,236.84
2022-10-30,146,37,10,807,302.12
2020-09-04,817,48,10,398,183.72
2023-01-02,1212,26,4,587,151.02
2022-11-14,438,47,9,326,106.63
2020-08-30,1339,7,10,637,40.68
2022-02-04,454,11,4,915,206.73
2023-05-04,212,36,3,838,15.55
2023-03-03,228,30,9,178,377.34
2019-09-06,966,43,9,330,19.89
2023-07-05,1923,24,7,494,149.99
2020-02-15,1188,10,5,241,111.04
2021-05-20,16,23,7,131,8.23
2022-07-25,1299,41,5,736,247.23
2023-12-19,1649,41,2,921,61.34
2020-12-23,1597,36,7,997,324.65
2022-09-11,1747,24,9,442,231.41
2023-12-18,1425,25,10,226,391.96
2020-06-26,466,49,7,355,322.69
2019-01-07,1881,47,2,502,177.0
2020-06-23,507,1,5,162,367.28
2021-10-05,1572,21,5,647,394.5
2020-05-11,728,5,2,929,236.1
2020-01-12,688,2,2,918,233.42
2022-05-04,1051,30,3,357,85.42
2022-02-20,49,9,2,509,323.43
2020-07-30,247,37,7,145,370.98
2022-07-12,1886,36,5,490,143.42
2019-08-31,1897,21,4,499,116.03
2022-11-15,714,34,1,54,359.62
2023-05-25,1631,24,7,459,37.61
2021-12-27,869,33,9,989,42.24
2020-03-04,481,1,4,90,377.05
2023-12-27,441,8,3,559,270.95
2022-12-24,1512,41,9,193,219.51
2019-08-28,499,12,6,79,389.98
2019-02-01,106,2,4,174,39.89
2021-07-07,538,39,2,905,284.52
2023-03-29,1372,9,4,290,185.06
2023-06-19,1872,42,9,430,266.36
2022-06-17,865,34,6,624,73.82
2022-09-27,1360,6,5,513,232.02
2023-03-17,1134,1,6,793,335.02
2019-12-01,1542,23,2,328,384.0
2021-11-03,109,35,4,773,87.5
2023-12-13,1459,36,10,687,395.04
2020-03-22,1217,38,4,687,153.98
2022-02-01,1189,17,4,571,299.73
2021-12-08,352,25,5,459,243.01
2022-02-05,1194,3,9,480,82.89
2020-04-18,291,23,6,239,210.54
2022-03-22,1505,17,8,862,218.95
2023-10-09,1183,16,10,669,228.25
2019-02-21,288,31,4,478,90.81
2021-11-28,505,6,9,841,358.05
2021-06-26,1312,19,5,782,58.65
2021-04-19,294,18,8,970,304.57
2023-04-12,339,34,1,970,120.71
2022-03-26,1022,34,4,801,26.42
2022-05-23,1600,38,6,156,329.1
2020-05-17,1869,40,4,965,372.74
2019-10-30,306,35,3,916,223.17
2020-04-14,277,42,3,59,323.01
2021-08-25,164,4,6,147,339.29
2020-05-04,641,41,7,858,271.87
2023-06-01,1044,25,10,721,140.78
2019-12-11,1067,22,1,129,294.43
2021-05-14,1046,17,6,296,390.19
2023-09-21,886,27,4,871,48.02
2020-03-28,1921,44,2,159,177.73
2020-02-13,1177,13,7,555,286.75
2022-03-29,1299,11,7,777,49.34
2023-11-27,252,27,2,371,144.32
2019-04-29,1525,50,3,123,213.98
2022-10-30,1596,17,2,982,179.08
2022-02-07,104,47,10,307,326.79
2019-11-04,1546,21,2,301,173.04
2023-10-08,508,31,9,146,107.31
2020-08-25,240,12,5,751,385.09
2023-09-04,688,31,7,653,306.77
2019-06-08,1270,35,2,958,307.18
2023-05-13,1837,17,6,143,23.02
2021-09-21,1287,27,5,416,190.49
2021-10-29,1426,7,5,751,200.1
2021-07-14,752,32,2,970,361.63
2019-07-08,888,47,1,687,60.02
2019-09-02,699,6,10,257,191.2
2021-12-07,1769,33,1,698,318.73
2022-01-29,590,42,5,102,265.55
2022-04-03,1866,49,6,279,197.8
2019-11-17,1842,36,9,403,192.62
2023-06-03,914,1,6,687,68.86
2023-02-04,1502,18,1,176,198.87
2020-05-07,1800,5,3,657,297.2
2023-06-22,369,29,2,173,380.53
2019-12-14,1528,13,1,227,341.15
2021-06-29,1317,32,4,313,228.77
2021-12-12,1914,42,10,472,159.77
2021-09-04,251,14,9,478,77.22
2019-11-10,1461,22,1,733,326.46
2022-04-13,35,17,2,941,334.12
2020-06-06,400,32,1,454,228.0
2019-02-25,1201,40,9,808,316.21
2022-04-14,1214,48,3,477,353.78
2023-07-01,1411,20,10,86,258.03
2022-05-06,1439,9,4,55,218.56
2021-11-03,919,41,10,455,96.25
2022-12-07,356,50,5,662,247.58
2020-09-27,1268,1,1,300,85.77
2019-12-02,1072,9,2,296,93.09
2020-03-27,1174,6,7,247,38.14
2023-05-25,1390,14,8,702,209.81
2022-05-20,737,13,5,947,21.05
2021-08-02,1702,35,8,57,125.99
2021-02-01,1437,7,9,714,6.59
2021-08-19,895,47,9,889,288.3
2021-01-26,1993,38,1,741,70.95
2019-10-02,1605,44,2,482,293.66
2019-11-04,1300,9,6,787,215.93
2020-07-22,444,34,7,746,393.75
2022-03-08,1516,1,10,944,390.53
2020-02-19,1519,15,4,92,115.46
2020-10-21,1938,39,2,490,385.94
2023-11-11,476,2,7,347,293.11
2021-05-11,1864,11,4,61,200.68
2019-09-22,1531,37,5,617,81.76
2021-02-23,801,9,5,594,384.43
2021-03-01,1214,10,5,420,150.35
2023-11-03,1141,49,9,646,98.0
2020-10-11,1430,45,5,683,139.47
2019-05-30,1300,25,5,636,102.43
2020-08-21,758,7,7,753,338.6
2021-11-22,570,47,2,877,366.27
2020-01-29,1188,7,10,170,306.51
2020-08-11,905,33,6,105,229.14
2020-09-11,661,41,8,825,29.05
2021-03-17,96,22,5,556,246.12
2021-03-05,284,47,5,689,192.4
2022-07-03,399,13,6,740,316.53
2021-04-07,347,38,4,55,138.19
2023-09-04,1518,8,2,955,260.88
2020-10-07,848,20,8,86,206.3
2021-08-10,1964,45,5,960,113.6
2021-03-02,799,15,5,519,45.06
2022-04-15,1057,27,3,556,271.0
2021-01-20,1786,44,10,975,171.83
2020-12-01,284,14,1,419,100.15
2019-01-07,1303,1,6,620,370.23
2023-02-08,568,1,2,839,200.86
2020-07-21,168,5,6,588,231.05
2019-03-11,22,33,8,532,215.0
2019-03-05,890,46,6,594,34.69
2023-05-07,1739,39,4,780,181.61
2019-06-08,1239,13,10,720,237.73
2022-01-30,58,42,7,433,197.42
2019-03-17,1984,27,6,163,216.93
2019-08-31,1687,26,1,580,133.42
2023-06-28,212,22,5,400,352.42
2021-01-22,129,9,5,417,176.06
2019-12-04,975,50,6,482,95.7
2022-10-28,978,10,8,133,293.07
2022-06-26,1522,3,4,815,97.54
2020-12-07,88,15,7,779,380.04
2020-01-11,797,39,6,981,45.97
2022-02-12,1839,27,1,635,173.56
2023-11-15,599,47,1,237,351.23
2019-08-30,872,14,9,500,374.41
2021-03-16,44,41,10,939,236.78
2019-01-07,1974,2,6,586,271.31
2021-03-08,1012,5,4,387,18.56
2022-04-14,1696,44,3,681,178.05
2021-09-27,1083,15,7,304,208.19
2021-06-15,670,49,7,519,202.01
2020-11-18,71,38,9,429,281.62
2019-07-13,1241,4,5,600,161.49
2020-12-25,244,16,5,93,279.11
2021-07-03,1821,23,5,904,210.89
2021-09-08,1753,32,5,727,43.09
2023-04-11,1875,33,9,797,130.16
2021-09-25,1068,37,8,276,202.56
2020-12-24,341,27,8,249,179.58
2022-10-29,1240,43,6,129,267.72
2020-04-12,806,38,4,202,197.15
2023-12-04,1057,42,4,259,160.9
2020-03-18,1261,30,9,203,101.02
2023-06-19,90,5,4,335,66.58
2023-12-24,552,11,10,741,40.73
2019-05-19,141,7,8,249,372.23
2023-01-12,1410,45,10,680,366.15
2019-04-10,1067,29,3,104,190.54
2022-04-04,577,1,7,503,65.05
2023-11-27,546,20,1,941,334.69
2019-11-11,442,47,5,61,188.85
2021-08-11,1044,22,8,760,180.29
2020-04-03,1793,3,9,258,39.94
2023-12-05,1961,5,1,152,196.11
2021-04-04,1178,27,7,620,24.06
2023-05-06,702,32,2,142,145.28
2019-08-08,754,39,9,761,129.46
2023-01-31,596,8,8,904,162.32
2022-02-06,1362,10,6,595,117.12
2023-07-23,168,19,2,115,286.7
2022-10-15,1011,37,3,489,349.17
2019-11-17,612,33,3,712,151.29
2023-10-22,478,38,6,320,10.14
2020-04-13,1372,43,3,722,374.9
2023-03-27,1426,42,6,85,198.63
2019-11-11,29,47,7,224,256.57
2020-04-04,120,7,7,986,95.98
2023-10-09,226,3,2,219,317.62
2020-08-28,1066,8,8,101,30.96
2023-03-09,1562,10,1,153,261.31
2020-04-13,91,41,5,463,66.82
2022-04-05,479,32,4,676,68.95
2020-06-18,733,33,5,614,378.28
2022-12-23,13,22,6,678,13.0
2020-04-27,1892,31,3,57,330.67
2022-09-19,571,47,2,721,108.42
2021-05-26,945,34,3,242,323.74
2019-06-03,1569,20,2,848,28.43
2023-09-17,635,13,3,818,183.11
2020-04-11,775,34,4,614,309.33
2023-12-04,1690,7,1,312,151.01
2023-06-20,609,47,6,395,194.72
2023-03-28,434,12,10,229,350.82
2023-12-27,1683,34,2,416,208.34
2023-11-03,1792,25,6,862,18.33
2019-07-23,322,3,2,324,198.38
2019-02-14,304,40,3,180,104.26
2021-11-02,995,2,3,96,77.76
2021-01-11,1686,39,7,492,51.95
2020-11-25,1012,34,5,383,31.52
2022-01-17,1688,19,8,93,333.11
2021-11-07,545,8,3,915,257.26
2020-07-25,1986,29,1,264,300.19
2023-07-25,1351,41,3,487,366.78
2020-09-26,1566,12,4,300,18.78
2022-11-27,1188,12,1,275,296.82
2021-12-08,1799,28,8,359,388.17
2021-10-17,1993,24,10,827,201.81
2023-06-14,856,11,9,329,319.58
2019-02-13,1944,49,2,322,231.21
2020-05-14,891,27,1,995,262.97
2021-09-23,1067,34,10,931,156.28
2019-10-09,1531,44,2,598,61.5
2020-02-14,1369,4,10,387,66.71
2021-02-02,892,30,10,65,380.33
2023-03-03,427,50,3,354,181.84
2020-05-25,445,16,5,336,199.98
2021-02-19,1540,46,6,205,280.45
2019-03-26,1147,35,5,392,393.73
2021-09-09,696,39,5,201,6.93
2019-02-14,1155,10,9,305,381.2
2021-06-04,145,20,3,696,27.29
2022-05-17,1646,48,4,238,141.79
2020-11-12,1357,6,2,997,131.33
2023-03-27,354,19,4,490,57.67
2022-01-09,739,30,5,378,53.01
2023-10-10,1289,43,7,166,97.63
2020-05-17,1976,18,3,261,111.98
2019-02-06,460,21,7,952,394.49
2022-02-10,995,28,6,496,72.95
2021-09-05,439,21,2,292,318.71
2020-02-08,1813,8,10,363,184.08
2020-04-30,551,13,4,355,100.95
2021-10-10,1250,11,10,570,371.59
2023-12-10,677,18,6,847,198.54
2021-06-28,1616,42,6,972,373.85
2019-01-14,554,1,4,113,362.07
2020-05-16,476,17,4,408,254.24
2021-04-21,1013,23,6,816,364.87
2019-03-01,1339,42,10,98,189.28
2022-09-05,790,10,6,796,154.55
2022-01-02,1862,41,9,278,37.46
2022-10-15,1652,45,7,738,253.78
2020-02-18,996,29,2,730,26.18
2021-10-24,680,46,6,104,5.27
2020-01-16,470,11,4,322,233.1
2023-09-06,393,11,10,594,67.27
2019-09-30,1708,4,8,474,210.36
2022-02-03,923,42,1,895,290.1
2021-06-28,1758,15,3,375,207.08
2022-07-25,1879,7,8,891,276.64
2021-01-23,749,4,9,849,72.48
2023-03-27,994,30,2,365,170.05
2019-11-22,714,38,1,459,6.34
2022-12-13,1209,26,1,537,15.57
2021-05-23,1720,3,8,921,204.02
2021-09-11,464,38,7,989,134.73
2020-04-19,690,34,9,382,59.57
2022-09-10,1833,43,6,526,292.69
2019-06-14,441,30,1,979,301.57
2019-11-09,1116,38,5,213,11.42
2021-01-29,332,11,2,180,373.03
2023-02-02,12,40,8,601,204.17
2021-10-10,1561,8,7,405,91.44
2022-04-14,1229,31,10,615,222.92
2023-07-12,1722,8,5,908,389.98
2021-11-14,1008,37,7,170,197.28
2023-08-07,1320,40,5,921,172.77
2023-09-26,1442,5,5,878,116.39
2021-12-25,1616,36,2,788,274.78
2021-02-04,877,10,4,594,92.44
2023-02-07,1884,8,3,263,79.97
2022-09-15,1912,25,4,811,387.65
2022-04-16,794,17,2,350,308.82
2022-10-26,1240,21,1,256,172.36
2022-02-24,802,29,8,457,100.39
2021-05-23,779,19,2,59,45.35
2022-10-28,1572,20,3,687,133.87
2021-05-20,368,18,10,194,253.84
2022-07-26,1858,1,2,779,170.15
2019-09-28,1261,17,4,890,144.04
2019-06-22,1969,40,8,541,257.84
2021-03-22,77,13,4,773,314.02
2023-04-23,801,36,9,338,119.83
2022-02-23,164,40,9,168,280.6
2020-08-11,1133,13,10,989,382.09
2021-01-19,99,36,4,602,312.63
2023-07-10,174,40,5,811,292.56
2023-09-29,1266,49,3,85,82.31
2022-07-05,1774,20,5,154,285.62
2022-04-02,1398,35,9,226,143.64
2019-08-07,1856,44,2,796,191.28
2021-11-16,1259,3,4,630,351.94
2022-09-10,1229,41,3,658,80.46
2020-10-06,304,27,10,292,29.85
2023-03-23,1584,15,1,293,389.44
2019-03-18,1558,28,4,670,208.33
2020-06-12,1753,21,7,246,22.99
2019-02-10,382,32,7,944,183.37
2022-03-31,395,47,5,996,107.17
2021-05-26,219,6,5,878,7.49
2022-12-11,1918,18,6,76,238.93
2022-08-11,1025,1,9,318,288.66
2019-07-19,1134,24,2,869,229.93
2020-09-05,1514,23,3,330,38.28
2021-08-03,788,21,1,744,37.75
2023-09-19,1031,24,8,632,372.28
2022-02-09,1717,17,6,112,275.22
2023-09-28,1556,13,3,424,347.5
2019-08-20,1299,40,5,214,86.34
2022-10-17,1898,28,6,430,135.03
2019-06-21,451,34,1,443,56.77
2023-03-04,1669,25,3,177,87.58
2023-09-25,502,35,4,954,348.53
2021-01-23,390,36,2,240,376.65
2022-02-19,976,18,4,710,162.87
2023-01-14,1334,31,8,727,320.9
2023-12-23,1941,15,6,106,250.07
2023-06-26,1610,21,10,471,141.75
2019-12-07,1389,35,7,925,338.78
2020-10-04,1073,33,10,959,169.31
2022-08-23,136,25,2,736,128.14
2019-10-10,1125,6,2,339,259.51
2022-01-19,1902,15,10,559,151.23
2021-06-17,79,15,5,130,72.49
2021-03-08,1843,7,1,136,258.64
2021-12-31,1752,4,1,111,82.08
2022-04-24,1904,38,2,259,30.53
2019-03-31,1322,6,3,757,131.67
2023-06-05,952,27,6,916,149.8
2020-04-09,1349,50,5,141,235.76
2022-07-08,810,6,4,622,334.92
2019-12-29,332,22,9,353,267.04
2019-12-07,541,18,9,730,254.09
2022-06-04,1874,25,8,950,349.0
2022-04-23,432,48,9,678,100.0
2019-04-15,293,1,6,442,266.94
2023-03-07,428,13,8,176,205.48
2019-08-04,3,19,3,110,283.39
2019-08-19,876,2,8,515,330.9
2023-06-06,749,32,1,216,289.11
2021-11-05,378,49,1,910,161.08
2020-10-21,1435,49,5,286,96.32
2023-07-09,366,33,2,508,323.3
2023-06-03,278,5,4,286,348.15
2019-02-01,1606,35,3,99,268.18
2021-01-09,1769,41,5,189,203.21
2021-01-04,996,18,2,111,84.38
2019-11-08,1427,47,2,272,83.45
2020-05-19,1520,20,5,780,366.2
2022-01-19,1128,13,4,656,56.5
2020-06-04,1114,10,10,959,49.73
2023-10-28,509,44,6,886,119.43
2021-08-02,1257,17,2,603,395.95
2022-05-20,357,4,10,736,190.62
2023-06-04,1758,48,9,624,249.17
2023-09-28,324,48,10,64,57.69
2022-04-14,1328,49,8,91,155.46
2019-12-28,1170,23,1,311,134.61
2023-08-17,251,21,3,412,324.13
2019-08-21,1104,1,1,86,46.56
2021-08-18,412,35,6,458,18.01
2019-06-29,554,6,10,784,396.57
2023-09-10,481,21,6,903,207.72
2020-09-19,1932,19,1,806,353.58
2022-12-08,1400,37,4,579,264.78
2020-06-18,1858,20,1,214,87.57
2019-01-31,1659,11,2,811,72.24
2022-09-02,1556,50,4,575,339.07
2020-04-05,1525,6,5,227,388.1
2019-08-25,1359,18,6,398,237.19
2019-12-24,1012,30,5,245,108.0
2020-09-17,1900,19,7,899,144.5
2023-09-11,1063,30,8,747,250.34
2022-10-12,1344,17,7,141,366.23
2022-04-28,1972,38,10,840,85.55
2019-08-16,573,6,3,91,61.54
2019-01-13,1018,18,2,585,300.33
2019-10-03,290,14,10,612,145.88
2023-12-06,1794,38,6,81,230.97
2020-09-05,1826,5,1,255,11.26
2022-03-15,92,4,1,779,242.78
2021-07-31,531,9,9,442,171.92
2023-07-15,1776,44,3,856,146.37
2020-07-05,828,35,3,783,102.47
2021-04-11,96,45,3,684,318.59
2020-10-26,160,43,6,784,122.35
2019-09-28,1018,2,5,332,60.49
2019-02-22,434,8,4,594,309.27
2020-02-27,1053,42,9,217,219.44
2022-11-20,676,44,10,829,269.09
2023-07-12,1282,28,3,197,365.6
2021-05-27,812,17,8,221,83.55
2021-06-03,1512,8,6,256,204.42
2020-12-18,166,28,10,904,327.84
2020-04-16,679,30,7,135,177.9
2022-02-11,833,9,2,359,363.95
2023-10-01,1560,19,3,58,278.94
2020-11-16,649,11,3,493,106.97
2019-06-16,115,17,9,518,255.65
2019-08-11,627,32,9,278,125.01
2022-12-21,1407,12,4,533,202.43
2021-08-13,1747,34,1,331,119.6
2022-06-06,790,13,5,283,365.25
2020-11-03,1648,4,8,926,322.13
2023-01-17,1247,9,2,775,294.8
2021-03-11,985,19,5,55,282.69
2022-04-25,757,37,10,493,9.17
2021-01-24,1420,4,6,574,160.57
2019-10-05,1406,9,10,305,326.61
2021-04-29,1227,4,6,825,377.45
2022-03-08,1239,20,6,103,181.55
2020-02-02,372,41,10,61,36.57
2023-06-14,122,30,4,157,148.6
2020-04-02,754,18,8,457,237.09
2023-06-26,1542,30,8,453,136.08
2021-06-26,847,9,10,99,320.62
2023-10-26,403,31,2,105,347.34
2021-03-17,9,32,2,881,20.45
2023-10-30,476,41,9,328,265.07
2019-12-19,670,24,3,476,218.43
2019-11-29,1882,9,5,711,12.99
2023-07-10,626,12,6,281,311.18
2022-08-16,1343,2,9,328,132.84
2022-04-19,1341,8,10,396,301.71
2022-08-03,596,44,7,880,34.95
2020-12-19,1773,22,9,844,21.26
2023-07-13,1188,25,9,722,133.51
2021-11-13,627,11,10,761,99.38
2020-09-12,1843,28,10,198,180.01
2023-03-30,1950,48,9,660,110.67
2019-11-30,162,37,3,70,353.61
2020-04-17,1268,17,3,607,322.45
2020-05-26,18,14,10,699,62.64
2019-06-13,643,45,6,629,131.24
2020-03-01,1859,45,3,787,110.04
2020-06-05,1755,50,3,130,76.81
2020-10-08,1049,33,9,529,234.02
2023-04-02,1534,44,5,179,16.3
2021-04-26,12,41,2,417,119.7
2020-03-27,1196,21,6,754,368.41
2019-02-17,1301,5,9,432,144.42
2022-04-03,1834,38,3,271,41.44
2019-05-18,623,33,7,986,272.88
2023-05-05,988,32,10,842,379.33
2020-07-05,1261,18,1,469,378.14
2021-09-05,1688,21,3,683,258.53
2020-08-08,525,12,9,312,54.57
2020-12-12,631,49,9,959,203.88
2021-11-21,12,35,6,692,255.88
2023-01-20,1355,25,10,999,386.58
2019-04-30,946,23,10,328,325.73
2021-08-24,1044,8,9,577,257.27
2021-03-14,1270,30,4,210,125.67
2023-10-07,416,36,6,317,103.19
2019-05-29,543,25,7,154,157.56
2023-10-18,1880,5,5,438,106.0
2023-01-25,1038,33,4,751,43.72
2020-10-26,1965,47,7,812,282.46
2020-09-11,1568,38,8,401,308.21
2019-05-21,883,33,2,231,298.35
2022-05-01,1431,30,1,800,102.67
2021-07-26,63,13,7,387,165.26
2023-09-14,936,13,10,461,132.44
2023-10-11,979,6,7,306,67.28
2021-04-14,1359,23,5,956,264.9
2019-01-26,1742,45,5,602,103.23
2019-11-30,882,29,6,660,45.22
2021-06-18,1683,44,10,793,375.05
2022-01-02,141,16,5,405,395.56
2023-02-21,264,19,7,558,73.51
2022-07-14,1774,50,1,913,81.38
2023-03-20,1668,3,5,239,29.4
2022-10-28,1823,49,3,804,125.27
2021-10-05,1922,36,4,980,339.67
2021-06-11,1438,45,8,771,134.6
2022-04-18,356,8,1,508,241.53
2019-07-26,1235,45,3,778,55.91
2023-02-24,1392,31,10,349,138.52
2022-04-23,1747,2,10,701,275.14
2023-09-08,238,46,4,567,293.89
2023-11-22,702,44,9,271,306.88
2021-10-14,284,44,4,56,194.55
2022-11-25,915,11,9,806,281.5
2019-02-04,983,16,4,815,325.58
2022-10-04,53,25,8,745,74.98
2020-11-08,108,38,5,978,347.74
2023-07-07,1621,22,7,319,53.67
2020-12-07,603,3,6,809,86.77
2023-08-03,1194,6,5,338,25.86
2021-07-22,1773,40,3,80,103.5
2022-11-19,542,12,3,640,289.07
2023-10-30,1771,25,4,327,261.53
2020-07-11,1697,39,1,642,293.26
2019-11-18,1475,15,5,472,312.16
2020-07-12,1045,41,3,201,273.82
2020-02-22,425,44,9,571,82.36
2020-07-24,888,26,8,800,200.28
2020-08-03,1983,13,3,586,225.48
2022-05-30,1506,30,4,592,75.89
2021-02-25,846,40,5,223,8.96
2021-05-26,1089,45,8,539,141.22
2019-01-20,384,8,8,737,138.42
2023-11-29,399,14,1,496,394.05
2019-10-14,1667,5,10,500,10.35
2023-05-05,1520,41,3,398,306.38
2019-10-21,1459,43,3,130,209.71
2021-01-23,1477,33,2,206,181.91
2021-07-01,1756,37,2,228,190.81
2019-12-18,543,15,2,875,370.05
2020-06-20,1469,33,7,547,202.38
2022-11-24,842,9,6,607,132.2
2020-04-12,133,8,8,799,136.25
2021-10-23,1743,14,1,161,21.08
2021-10-11,1119,28,1,525,61.68
2022-02-10,1727,32,5,497,199.0
2019-03-18,168,21,3,771,391.1
2019-10-30,1014,23,8,554,127.98
2022-12-30,1043,45,2,795,278.84
2021-07-12,185,23,5,875,162.56
2023-11-20,28,21,1,638,138.17
2022-08-03,1756,46,2,491,225.72
2019-05-15,268,36,8,75,363.15
2020-11-04,1299,4,1,249,144.64
2021-05-22,323,44,1,961,114.79
2021-11-19,1156,16,1,494,326.78
2023-08-16,1718,26,7,503,326.03
2023-05-22,1713,35,6,709,50.92
2021-09-21,1838,21,3,921,374.84
2020-03-25,643,10,2,822,385.87
2021-05-08,1885,49,5,186,101.59
2020-08-26,762,2,5,768,91.88
2019-07-01,1786,43,7,174,394.21
2019-03-16,551,13,8,889,301.86
2019-02-26,1098,35,6,311,308.16
2019-07-16,1379,24,7,329,52.45
2023-12-14,170,28,10,369,197.75
2021-11-16,515,38,3,287,272.49
2020-08-07,1587,34,8,720,393.81
2020-08-31,1744,20,2,860,393.66
2019-03-08,998,42,6,825,117.4
2023-04-13,1566,38,9,907,347.67
2019-05-28,1434,31,6,200,79.82
2021-09-26,193,15,7,241,27.94
2021-11-20,1040,39,5,285,283.97
2020-03-06,1427,23,5,540,285.04
2020-09-12,1228,4,4,752,204.58
2023-10-23,892,15,3,561,27.56
2019-10-18,517,43,2,74,137.78
2020-10-29,1591,31,3,335,362.14
2020-08-04,1496,16,9,92,135.34
2023-09-15,406,2,1,495,55.83
2019-08-30,1739,18,8,628,243.21
2019-02-16,26,2,7,891,368.21
2020-03-12,440,50,2,186,399.41
2022-03-25,1429,50,7,628,172.63
2020-11-06,365,2,3,144,384.77
2023-02-16,1969,33,5,861,69.7
2020-11-19,905,32,8,782,37.13
2020-03-07,1881,8,10,697,52.29
2019-06-30,1779,12,7,767,384.21
2019-08-23,1055,24,6,564,390.7
2020-05-01,1837,50,3,212,10.39
2021-08-28,319,43,8,170,194.95
2022-07-27,643,19,3,828,226.97
2021-12-02,1561,8,1,318,372.5
2021-01-29,767,29,6,839,143.53
2019-04-13,934,42,7,735,292.0
2023-12-22,1180,22,3,750,113.89
2020-01-07,201,4,4,553,391.37
2021-03-30,1311,14,9,140,217.86
2022-06-24,919,10,9,724,177.01
2023-04-19,969,22,10,882,248.3
2022-06-10,1460,46,8,589,92.72
2022-07-08,275,45,9,666,161.17
2023-02-17,578,40,9,323,276.84
2019-10-28,318,15,3,185,174.92
2020-10-23,1763,9,9,616,164.01
2019-08-16,393,6,9,722,300.76
2021-10-18,1374,38,5,629,361.09
2021-10-21,1491,43,10,486,377.68
2020-07-02,1213,42,6,833,283.66
2022-08-11,608,37,9,796,178.06
2020-04-22,789,7,5,961,155.48
2019-04-26,643,45,9,584,138.88
2020-04-03,407,20,4,313,104.76
2019-03-17,152,7,3,311,43.86
2020-04-23,1762,5,10,918,271.1
2020-06-14,181,17,8,411,286.1
2022-09-29,1645,33,10,892,146.64
2020-02-13,273,28,2,796,278.25
2020-03-07,1881,13,5,885,355.31
2021-09-02,1858,18,3,280,235.77
2019-04-08,802,13,4,78,386.22
2023-09-08,1130,27,2,691,109.94
2019-07-29,1206,21,9,645,109.33
2021-11-18,1456,46,9,479,265.58
2020-06-01,1773,49,1,143,263.21
2019-09-29,616,44,5,108,220.16
2023-03-06,1142,27,5,424,77.65
2022-01-03,1439,48,9,675,379.7
2020-11-01,370,50,4,754,242.52
2021-06-13,1173,44,7,843,327.4
2022-07-14,1419,25,6,130,309.41
2022-06-06,681,29,9,583,17.81
2021-08-02,1890,16,9,593,321.68
2020-12-14,503,47,2,199,106.05
2023-07-12,1989,38,8,327,364.8
2020-07-31,1034,3,6,911,390.84
2022-08-25,1407,40,8,979,241.94
2020-08-23,934,3,2,75,178.12
2019-12-28,1651,28,3,793,399.17
2022-11-06,120,3,5,242,36.38
2022-06-12,116,47,7,65,202.12
2019-09-02,238,12,3,169,89.58
2023-11-13,1943,17,4,686,392.24
2022-05-29,1040,15,8,287,336.82
2021-02-02,1292,22,2,349,326.8
2022-01-07,434,45,2,903,343.63
2021-08-07,1040,14,2,962,374.3
2022-10-05,1122,6,9,970,376.73
2023-11-04,206,45,6,501,170.76
2020-09-01,277,14,4,687,127.43
2019-09-25,513,35,3,909,276.84
2022-05-29,1830,12,6,612,183.92
2021-10-26,886,43,1,173,93.39
2022-10-01,1088,42,5,766,291.18
2021-10-11,1119,39,10,404,245.37
2021-04-13,1324,34,10,455,100.31
2019-03-09,1332,18,6,91,340.37
2022-03-15,1383,21,7,217,214.22
2019-05-07,1060,47,3,984,330.26
2019-10-03,1441,14,1,88,50.62
2020-07-28,607,31,8,523,341.42
2020-08-10,148,29,7,342,319.69
2019-01-09,1697,1,1,387,306.73
2022-06-17,1948,2,8,908,147.8
2020-02-29,670,40,3,856,239.77
2020-08-17,1262,22,4,412,139.98
2022-04-22,1684,25,7,889,165.26
2022-08-05,262,8,6,673,148.72
2023-12-03,701,39,10,622,106.5
2021-11-30,1397,21,6,156,192.29
2019-06-29,139,35,8,290,71.41
2023-03-28,791,37,7,810,110.66
2022-02-21,1477,48,1,326,324.91
2019-10-15,1916,45,9,687,190.91
2020-03-22,484,47,1,892,14.11
2020-11-13,147,44,2,657,81.24
2021-07-01,1571,40,7,923,215.01
2022-03-15,895,14,10,984,359.48
2019-02-09,455,20,7,598,319.79
2019-10-08,1954,18,1,911,320.14
2019-04-12,1557,10,3,764,27.0
2023-02-15,1881,5,6,822,60.19
2022-10-04,1729,5,6,787,193.81
2022-09-29,762,21,2,184,112.65
2022-06-05,758,10,4,240,58.84
2022-09-12,1697,18,10,985,277.9
2020-03-02,423,41,1,828,48.56
2020-11-08,258,40,2,571,253.9
2021-09-13,1147,6,8,540,207.0
2020-06-01,556,18,1,207,242.3
2023-01-01,1040,4,2,914,89.86
2020-06-29,443,33,7,120,285.13
2020-10-31,1647,5,3,563,75.12
2020-10-30,1025,28,2,761,136.82
2021-10-03,1013,8,4,575,204.05
2022-12-03,1703,27,7,729,194.13
2020-06-24,54,30,8,574,91.58
2020-12-19,1825,6,1,211,262.69
2020-07-20,1705,15,6,835,159.86
2021-03-12,841,8,4,429,372.5
2022-04-15,1954,22,3,578,184.29
2023-08-18,1430,2,1,63,340.27
2020-05-25,209,33,3,436,327.02
2020-05-28,1102,42,9,172,257.51
2019-04-27,1169,17,3,249,271.05
2019-10-09,757,47,7,880,79.91
2023-12-08,1843,5,10,684,89.11
2020-09-05,1402,44,4,117,89.82
2020-11-26,379,3,1,539,188.31
2021-06-02,651,8,7,771,82.79
2019-10-29,1006,10,4,558,201.9
2023-11-11,1817,50,7,764,340.85
2022-05-03,933,26,5,177,359.51
2021-03-10,1446,29,4,903,115.95
2021-12-02,1364,16,9,365,165.3
2020-02-08,1467,23,8,522,243.93
2022-08-14,73,8,2,635,358.03
2022-05-08,351,11,3,607,209.74
2020-03-10,1351,27,3,859,243.7
2022-03-20,1003,11,4,61,71.31
2021-07-06,1254,38,8,149,387.62
2023-06-18,203,46,9,695,145.68
2022-10-24,1393,12,5,341,88.83
2023-06-13,557,48,1,574,41.08
2019-05-29,192,31,2,253,68.99
2019-06-14,1504,28,2,812,73.96
2020-10-04,1544,50,8,404,318.84
2019-03-29,1203,47,5,986,276.91
2023-04-07,1550,16,9,540,335.69
2019-10-25,1727,19,1,607,99.92
2020-02-08,203,18,7,547,229.62
2019-07-05,1059,47,1,375,274.87
2023-01-13,713,23,9,368,147.9
2023-03-20,1524,14,8,216,287.34
2023-12-14,1414,15,5,512,170.18
2020-05-11,60,50,3,70,74.86
2020-05-08,1887,1,4,423,260.95
2023-12-25,1968,11,9,825,89.14
2022-06-09,730,49,8,767,276.57
2021-02-04,842,44,5,489,244.07
2019-06-24,471,13,2,741,87.8
2022-04-23,436,32,5,489,141.32
2019-08-28,1135,44,1,283,287.95
2023-12-03,1765,13,5,288,290.03
2021-09-12,11,39,7,97,31.77
2021-10-08,604,2,7,635,384.6
2020-08-07,813,16,10,150,376.62
2021-04-07,131,39,4,868,202.51
2020-08-29,880,41,7,328,188.7
2023-04-16,1126,15,3,842,195.5
2020-05-20,1461,2,10,456,183.56
2022-10-24,868,47,8,500,11.13
2020-12-08,558,25,2,366,35.19
2023-06-16,389,22,10,620,153.99
2019-01-23,213,29,5,513,101.69
2022-02-28,308,39,9,99,270.76
2023-02-07,1011,34,2,120,239.95
2021-06-08,1712,30,1,678,40.87
2022-10-13,1970,46,3,632,154.75
2021-01-15,1928,39,3,519,369.57
2019-09-17,1075,31,4,366,179.43
2023-04-27,686,23,3,945,215.0
2019-12-06,1905,1,1,686,312.88
2019-07-09,270,7,1,907,339.06
2022-02-24,46,40,7,855,50.08
2023-07-16,1170,1,1,514,241.04
2022-04-07,1590,26,10,313,123.29
2023-01-29,1488,13,2,640,252.38
2023-09-10,1026,33,6,255,50.77
2023-02-26,1896,6,6,837,337.56
2020-04-12,1474,44,8,296,166.72
2019-10-14,1175,5,8,906,261.76
2023-03-29,607,42,9,331,385.75
2022-06-19,1129,33,1,832,292.08
2020-10-07,1665,19,2,602,170.01
2022-03-17,801,14,9,263,69.96
2022-08-14,630,46,7,200,241.74
2023-04-01,578,35,3,558,151.33
2021-02-09,1679,26,4,504,100.71
2020-10-24,1508,31,1,374,168.39
2021-01-28,1188,37,2,688,359.41
2023-08-26,177,19,1,361,359.28
2022-10-02,1202,4,6,572,121.19
2020-08-23,808,34,1,816,336.06
2021-03-04,968,26,1,406,308.75
2020-01-05,1012,6,10,574,148.35
2022-10-25,1179,8,6,347,359.3
2019-12-21,214,49,7,667,26.32
2019-06-15,1880,5,10,557,314.89
2020-08-28,1344,37,4,301,248.28
2020-04-05,142,24,6,980,273.43
2023-11-01,719,3,3,503,143.12
2021-10-27,423,6,8,507,172.85
2021-02-19,552,40,3,84,262.35
2021-11-28,1887,33,6,960,113.65
2020-01-20,1969,13,9,712,147.13
2021-07-16,1789,38,10,910,249.66
2019-12-09,855,47,4,772,276.65
2020-06-12,335,17,6,82,346.26
2022-04-17,909,48,4,247,145.91
2021-09-06,317,39,2,133,246.07
2020-02-20,371,50,8,899,17.93
2023-01-22,1301,36,8,84,270.04
2022-09-25,442,12,7,965,320.53
2021-05-26,203,31,8,362,47.88
2022-03-25,429,4,5,641,17.67
2022-10-06,1503,43,2,63,374.49
2019-07-15,1327,26,1,935,350.41
2022-01-14,261,13,8,127,130.14
2023-07-26,1153,41,6,659,150.29
2023-08-29,232,46,10,376,163.13
2019-03-31,182,50,5,378,159.71
2021-02-09,1960,9,9,89,299.34
2020-05-02,513,13,7,942,151.7
2019-09-03,1635,43,8,316,241.18
2021-04-04,1951,44,9,774,228.02
2020-09-01,227,6,8,62,180.85
2023-04-06,1507,32,9,538,33.12
2023-12-12,971,50,8,900,287.82
2020-04-18,585,24,2,477,46.26
2021-01-20,544,36,6,506,364.35
2022-07-30,253,20,10,861,311.84
2021-04-04,932,7,2,675,53.87
2020-09-05,1291,9,7,439,107.43
2023-02-08,230,22,1,384,263.58
2023-07-05,1407,34,8,985,72.16
2021-01-03,1183,7,3,321,208.9
2019-08-03,146,43,6,377,327.29
2023-05-02,238,14,2,422,198.12
2020-05-07,491,14,4,158,240.31
2019-02-08,430,18,8,446,185.64
2021-03-18,1016,41,4,219,395.23
2023-04-23,1717,18,3,478,314.11
2021-06-18,1048,21,5,601,84.73
2020-06-28,1127,24,8,585,352.77
2023-06-05,1795,37,9,746,310.83
2019-08-28,1070,32,9,748,65.01
2021-09-29,989,18,6,403,128.85
2020-09-05,1242,7,8,730,244.2
2021-05-02,532,16,6,655,232.68
2019-10-02,1232,29,10,828,323.46
2023-01-23,173,10,5,882,13.61
2022-04-20,61,37,3,445,106.17
2019-12-18,531,39,9,267,304.83
2022-06-25,565,22,7,532,315.02
2021-10-20,1568,14,10,537,224.72
2022-12-15,1287,15,9,316,273.65
2023-05-23,813,26,4,734,223.04
2019-09-21,1245,1,7,608,359.57
2020-10-05,1230,12,6,296,267.2
2020-05-02,1594,47,2,949,61.45
2023-02-02,370,23,6,776,347.48
2023-10-04,717,43,8,989,244.99
2019-08-01,168,7,2,106,385.14
2022-08-05,1508,18,3,89,217.03
2021-12-09,1217,40,1,257,209.01
2022-05-23,1346,25,8,372,282.23
2022-02-11,141,28,1,617,289.32
2019-03-21,1257,4,4,709,135.71
2023-09-18,1584,46,9,476,91.28
2023-02-10,1049,23,8,333,206.02
2022-05-07,598,34,3,882,68.09
2020-05-23,1403,2,3,804,43.55
2019-09-22,1396,14,7,196,378.01
2023-11-04,115,12,3,245,109.01
2023-04-14,749,2,10,451,326.28
2020-11-25,1161,39,9,338,293.85
2019-03-10,126,37,10,227,162.46
2021-09-04,121,32,7,953,154.89
2020-04-29,1664,21,8,419,309.64
2021-03-15,369,39,6,162,298.61
2021-10-22,264,46,10,641,21.33
2022-02-02,1011,27,3,939,378.08
2021-01-10,1578,39,2,90,110.71
2021-09-13,768,37,2,548,33.27
2019-05-01,1736,43,9,564,374.8
2023-12-05,1177,21,6,951,232.38
2021-11-14,1296,16,1,663,7.41
2020-06-17,1460,47,9,191,352.06
2023-02-04,286,7,4,214,308.09
2023-11-07,97,48,6,679,127.85
2021-07-19,1367,25,2,171,79.49
2021-12-04,135,14,1,125,159.31
2020-05-08,1011,11,5,766,332.81
2022-07-06,42,11,3,778,154.54
2023-12-07,1901,43,9,782,14.97
2019-04-22,704,14,8,821,138.59
2021-08-14,1523,39,10,281,107.82
2023-10-09,209,36,2,327,312.4
2020-01-12,936,41,8,556,166.71
2019-02-18,1438,35,3,492,285.67
2021-02-27,1372,9,9,752,333.75
2020-08-17,878,2,10,677,51.02
2019-03-02,1803,35,5,397,138.27
2020-04-13,246,18,8,222,380.05
2022-04-03,1813,2,6,992,163.35
2019-01-08,71,14,10,63,319.33
2019-01-17,61,4,9,954,283.8
2019-10-11,1853,48,8,303,293.69
2020-03-15,1430,17,7,817,54.77
2020-03-18,369,43,10,758,355.19
2022-01-13,432,29,5,845,208.03
2021-12-03,767,28,3,579,378.78
2019-04-17,1159,48,5,612,204.7
2023-12-05,1597,7,1,741,107.99
2022-03-08,1904,17,8,358,351.97
2021-04-24,505,29,7,655,388.97
2021-02-01,584,32,3,955,71.84
2019-09-28,1848,11,10,966,323.26
2021-03-06,1721,48,7,366,164.93
2023-01-13,523,35,6,932,323.81
2021-09-07,1609,36,10,890,357.09
2020-12-25,1976,49,6,147,191.98
2022-06-17,1966,22,1,458,357.31
2023-07-08,1247,5,6,148,346.71
2023-08-06,1684,42,3,87,286.7
2022-02-16,1060,33,6,412,134.5
2023-08-19,1839,8,5,925,142.67
2021-05-14,618,7,1,511,12.6
2023-12-04,1032,7,5,888,82.07
2023-03-10,1689,30,4,348,138.37
2019-07-06,1437,42,10,528,358.66
2023-02-12,1450,47,3,209,277.68
2019-02-13,1536,6,8,367,164.36
2019-03-08,792,31,3,694,182.42
2023-03-13,1758,46,9,492,375.08
2022-02-28,1755,22,4,459,222.22
2023-10-10,240,13,9,682,74.11
2021-05-02,1430,6,4,926,97.5
2019-11-25,606,42,4,856,274.38
2019-09-16,902,50,5,982,208.14
2022-10-05,126,14,4,160,393.36
2023-05-07,1347,3,2,480,280.49
2020-01-14,170,28,10,885,305.54
2022-11-16,829,23,8,369,367.12
2020-09-15,191,39,7,889,283.09
2023-06-26,881,35,8,382,336.36
2022-08-26,1840,35,3,678,83.04
2020-08-12,299,10,5,948,305.97
2021-01-28,133,25,4,250,388.51
2020-02-11,1657,32,5,344,157.82
2020-04-30,1183,17,8,836,66.91
2019-11-09,1296,28,10,379,36.61
2019-12-14,1471,13,5,295,287.11
2020-01-06,1842,24,10,176,185.85
2019-12-30,1344,27,9,279,385.63
2023-04-14,865,15,2,599,389.11
2020-08-14,484,43,5,366,246.76
2019-05-02,1541,44,2,633,331.6
2021-11-11,587,27,3,267,75.1
2021-04-13,960,48,2,111,274.2
2021-01-14,717,1,7,656,296.42
2020-01-28,29,35,3,971,71.77
2020-01-23,387,30,4,542,8.26
2020-12-27,1114,20,6,166,178.92
2019-01-24,730,36,9,757,130.16
2021-02-18,1576,16,2,580,388.72
2021-05-10,248,5,6,656,149.59
2021-01-18,1983,4,7,304,318.86
2019-06-30,873,48,2,725,326.09
2023-09-12,1048,14,10,560,282.49
2020-12-26,1845,5,8,675,341.67
2023-06-07,1146,10,8,613,192.83
2023-04-29,1542,41,5,632,287.38
2023-08-18,1202,48,10,108,181.78
2023-06-02,404,46,5,483,288.28
2023-05-15,1734,11,7,683,121.23
2021-11-18,921,22,10,254,299.81
2019-09-16,1309,13,3,142,27.17
2021-01-03,445,41,1,68,345.59
2021-01-17,707,47,10,224,8.44
2022-03-30,555,38,4,275,154.26
2023-06-14,1857,25,2,174,391.71
2020-01-22,1884,11,10,678,51.71
2021-03-08,1434,16,4,271,260.92
2019-03-21,1138,28,5,234,282.13
2019-05-13,1197,47,2,894,62.21
2021-07-31,1510,21,10,439,376.42
2019-04-05,517,9,8,490,308.57
2023-08-27,1276,6,1,601,204.92
2021-04-10,1222,18,2,579,195.16
2022-02-13,1806,29,3,162,20.11
2021-12-02,1766,26,4,308,396.93
2023-10-20,705,38,3,632,275.57
2020-03-01,156,47,5,539,38.52
2021-04-02,498,16,8,456,292.2
2019-10-30,1886,8,7,814,61.94
2022-03-27,1141,46,4,90,188.62
2020-01-16,1852,28,5,161,380.08
2023-01-02,1100,23,3,92,86.45
2020-02-15,1382,43,2,810,189.44
2022-03-08,153,48,7,762,138.82
2019-08-06,1437,31,10,595,275.68
2022-12-31,770,3,2,738,58.97
2023-09-19,761,16,9,647,242.09
2022-06-14,1892,13,3,395,260.01
2021-07-22,691,5,8,567,41.31
2020-04-25,1252,24,5,924,253.64
2023-04-07,934,9,5,250,54.68
2019-06-04,623,15,7,674,144.13
2019-12-19,1836,6,8,940,357.64
2019-10-25,1830,24,2,566,285.49
2021-09-27,1776,44,5,75,195.86
2023-08-07,1558,37,2,383,60.6
2022-04-20,1330,34,9,177,24.15
2023-07-30,509,2,2,660,13.62
2019-04-24,925,5,8,643,293.31
2021-06-04,1782,28,10,619,34.58
2022-11-12,756,41,2,502,119.02
2021-05-25,1219,44,1,785,291.67
2021-10-09,1680,32,1,986,162.06
2023-03-26,853,18,8,190,176.67
2019-06-09,481,41,10,848,85.46
2022-10-25,1653,43,3,958,53.23
2022-11-15,1815,1,2,51,58.77
2021-12-01,1096,32,3,902,108.91
2019-09-30,1344,29,10,418,158.19
2021-02-22,1855,20,5,203,313.32
2022-04-01,1646,5,8,892,81.36
2021-02-17,732,9,2,879,57.66
2020-06-05,380,23,4,874,299.85
2023-08-19,260,43,3,425,78.8
2022-10-29,1376,30,7,545,91.72
2021-01-17,699,33,2,274,225.3
2022-03-14,1397,15,7,540,87.89
2021-03-18,270,46,5,707,260.57
2021-10-13,792,20,1,760,353.64
2021-01-19,327,49,5,498,120.41
2022-01-30,706,47,7,185,134.71
2020-10-17,59,3,4,127,312.92
2023-06-09,1171,25,1,747,350.01
2022-10-13,1761,2,6,653,396.15
2021-12-12,1645,7,2,895,130.5
2019-08-24,1935,41,8,211,106.12
2020-04-10,106,33,8,112,72.14
2020-01-11,1503,1,5,62,200.2
2022-12-25,1222,24,3,690,369.41
2021-05-31,1155,32,5,741,213.19
2019-09-17,1539,15,5,500,277.42
2020-01-15,1584,1,8,83,266.16
2023-11-10,853,37,3,800,223.18
2022-12-17,372,33,5,256,351.76
2020-05-31,614,15,5,928,285.99
2021-03-06,981,23,2,734,75.46
2022-01-31,1165,20,10,650,297.66
2023-06-08,373,8,9,282,250.57
2022-01-02,354,44,4,183,6.5
2019-07-04,674,15,3,904,317.02
2023-01-09,658,46,9,616,20.88
2019-11-16,1200,7,1,358,94.28
2020-05-19,366,31,1,550,343.6
2019-05-18,244,49,8,183,100.07
2020-11-25,910,17,5,281,365.87
2019-05-02,194,2,10,284,154.59
2020-10-19,627,27,9,181,28.5
2021-12-24,700,7,3,955,355.08
2021-11-26,1294,38,4,471,100.57
2023-02-11,359,44,6,752,73.75
2023-11-27,512,29,8,170,293.68
2022-06-14,1767,14,4,685,166.57
2023-04-24,499,40,9,455,27.04
2021-07-02,139,48,4,728,341.77
2020-11-27,1334,2,8,522,264.43
2022-09-28,695,49,3,418,334.86
2020-08-14,450,42,4,600,397.08
2020-04-18,1017,22,5,781,139.17
2019-12-21,1732,33,4,817,35.29
2022-01-07,1126,45,6,820,189.68
2019-12-21,1986,38,1,870,83.47
2020-12-18,1995,1,9,391,183.45
2020-06-27,1807,1,10,435,263.74
2022-04-21,270,27,3,883,374.02
2021-10-01,99,16,4,363,277.05
2021-09-27,302,19,10,215,174.28
2022-11-24,1667,4,10,758,251.24
2021-12-28,1471,2,6,929,390.29
2021-09-16,1859,7,10,310,52.25
2023-10-10,1582,44,9,596,118.87
2022-06-19,639,47,5,111,96.25
2023-04-21,436,18,1,966,150.14
2022-11-11,48,16,3,778,80.9
2019-04-06,913,39,6,525,294.48
2022-11-09,1581,15,1,358,117.47
2020-12-24,598,8,5,703,374.76
2023-02-13,290,9,10,257,255.06
2021-10-16,1772,18,10,845,354.04
2021-03-09,1694,34,6,876,171.32
2020-12-24,373,26,1,620,297.77
2021-06-21,758,41,10,590,46.36
2019-12-26,846,37,2,661,292.35
2020-10-08,580,11,2,553,57.41
2022-08-11,604,39,7,840,48.15
2020-02-17,1573,2,1,955,301.63
2019-05-26,548,30,1,545,131.84
2021-04-26,1059,28,5,802,312.18
2023-07-10,1766,13,6,397,385.68
2021-07-03,1988,15,2,626,186.86
2019-06-28,492,27,3,152,311.72
2020-07-12,573,23,7,55,68.99
2022-09-20,1776,29,10,380,14.43
2021-09-04,314,1,7,984,37.98
2019-11-16,1335,40,2,800,14.19
2020-08-05,1072,12,9,310,130.07
2023-02-26,1327,7,10,904,121.94
2020-04-27,1463,8,6,776,215.31
2020-02-06,1484,7,9,496,164.46
2022-04-27,143,21,4,872,177.88
2023-02-18,898,45,4,866,299.3
2021-12-10,433,27,6,397,215.43
2023-01-09,929,41,3,728,394.74
2020-03-21,335,22,10,183,155.26
2021-02-22,1200,21,9,395,333.79
2023-05-10,51,19,4,311,295.2
2023-10-19,1238,46,9,337,142.95
2022-12-21,1363,38,3,508,236.62
2020-08-25,1772,34,3,473,150.37
2021-11-12,1562,47,1,812,87.58
2021-11-07,836,3,9,949,195.5
2023-08-04,1397,3,2,682,157.21
2019-11-19,51,4,7,581,219.89
2023-08-20,182,44,2,991,273.84
2019-07-22,1888,28,9,624,89.29
2021-01-03,85,37,3,990,50.25
2023-05-21,876,40,4,812,247.05
2021-03-24,360,28,3,898,42.81
2019-02-07,841,47,8,804,22.72
2022-03-02,1837,42,5,86,89.3
2020-02-14,1505,12,10,285,395.34
2022-09-18,1301,38,8,593,161.37
2019-10-01,1696,50,2,304,194.32
2021-04-06,459,49,5,242,226.04
2023-08-07,1350,50,5,802,266.19
2023-08-05,330,11,4,73,25.0
2021-04-13,1650,1,5,414,283.62
2021-12-02,642,4,8,154,282.06
2020-03-29,1324,46,1,813,191.88
2021-04-26,488,50,4,957,347.28
2023-01-29,1785,32,6,60,83.58
2019-02-02,1890,5,8,126,221.96
2019-03-01,1127,4,10,669,376.43
2019-02-04,136,45,3,594,269.95
2023-04-25,695,49,8,157,56.67
2021-03-04,1402,43,8,511,118.38
2022-11-30,1642,48,2,681,209.76
2020-06-06,1702,33,3,556,88.71
2019-09-24,671,15,7,532,366.92
2020-05-18,1257,8,6,990,179.76
2019-11-02,249,33,9,259,106.12
2020-05-01,734,50,5,60,37.58
2022-09-03,43,20,1,251,74.37
2020-04-13,1276,25,1,486,112.86
2022-04-11,893,34,7,579,234.3
2020-11-18,275,9,8,449,197.01
2022-10-27,1522,44,10,429,370.68
2022-04-17,1808,16,10,655,371.69
2021-07-10,1922,13,10,440,94.66
2023-10-22,673,6,5,598,211.81
2022-02-18,1365,10,3,154,57.63
2022-02-20,622,28,1,891,11.12
2023-07-15,929,38,5,855,339.45
2023-08-04,1564,13,3,975,175.7
2023-12-20,1905,50,9,683,351.21
2022-10-07,652,11,2,67,292.84
2019-08-05,1555,27,10,51,134.1
2023-08-22,964,22,1,459,74.61
2023-01-23,1855,26,1,666,111.58
2022-09-10,1997,30,7,789,290.4
2022-04-20,150,46,8,788,342.82
2022-09-18,23,21,10,109,133.49
2022-11-04,1010,9,3,368,217.64
2021-03-03,545,46,3,608,207.05
2021-01-12,1416,12,10,522,195.62
2019-07-20,1171,15,10,576,51.99
2021-12-19,1806,18,5,237,112.11
2019-08-21,918,7,4,970,106.05
2023-02-19,808,29,5,405,42.97
2022-02-16,1105,26,1,405,27.43
2020-01-23,1507,22,6,667,103.17
2021-03-04,1518,41,9,443,355.22
2022-09-21,1042,27,8,105,157.04
2023-10-21,1814,34,5,902,281.28
2022-04-06,1806,45,10,881,331.37
2022-02-17,221,38,4,248,147.05
2020-12-08,1095,45,1,51,222.87
2023-02-09,541,11,9,979,189.04
2023-12-15,1214,22,8,681,17.32
2021-03-21,504,32,9,364,251.47
2022-08-03,20,36,10,511,256.34
2023-07-15,1652,12,5,457,141.18
2019-08-20,153,18,5,653,12.33
2022-04-05,676,9,8,523,341.71
2023-11-15,1229,11,7,51,56.02
2023-03-13,678,37,10,206,214.74
2022-02-16,905,18,2,261,235.74
2019-04-12,886,29,3,952,62.61
2019-02-05,346,30,2,600,390.06
2022-09-09,1418,14,8,562,165.82
2021-02-01,274,34,2,436,399.67
2019-02-01,1768,18,3,356,231.97
2019-09-02,1688,33,9,191,371.76
2019-12-18,519,9,9,698,348.78
2022-06-22,1299,44,5,882,40.3
2021-04-05,470,50,2,668,222.44
2019-10-08,1677,16,1,724,199.21
2019-06-25,833,7,8,207,33.94
2020-03-12,579,3,2,463,367.71
2019-03-25,1579,39,1,493,360.94
2023-12-21,618,6,6,770,327.09
2023-02-22,170,3,6,949,94.97
2023-05-12,1538,15,2,241,320.36
2021-01-17,1358,3,8,105,306.78
2023-08-12,16,42,4,414,92.7
2023-01-27,1785,23,2,459,37.21
2020-04-03,1407,1,1,375,304.25
2020-05-16,365,25,7,778,37.04
2019-11-25,650,43,2,226,119.13
2023-06-05,1344,33,8,772,272.68
2023-04-23,268,4,1,404,97.06
2021-04-19,1261,45,1,674,175.52
2022-10-25,1599,33,6,153,61.13
2023-11-07,374,33,7,302,271.22
2021-06-18,1971,1,9,443,143.39
2023-02-28,118,40,5,387,5.79
2020-08-17,370,24,3,736,331.06
2021-03-12,937,32,8,604,220.68
2023-01-19,962,45,6,262,101.76
2019-06-25,1599,45,3,205,6.83
2021-05-05,232,27,6,979,108.88
2019-07-05,899,5,7,994,173.21
2020-01-28,441,43,6,905,38.49
2023-03-13,1765,48,8,216,241.87
2021-12-11,1393,29,8,141,154.09
2020-08-24,793,41,1,255,254.45
2021-08-29,696,28,2,392,182.77
2021-04-25,1278,11,4,871,390.31
2021-12-31,162,40,9,421,101.11
2023-02-08,1652,30,2,352,58.55
2020-07-04,1506,24,10,388,128.59
2020-05-01,1495,26,7,281,53.34
2023-01-12,546,2,5,946,303.04
2023-07-22,390,34,3,79,386.56
2022-03-31,135,16,8,438,118.34
2022-03-23,117,2,5,149,362.72
2021-02-11,861,12,10,701,343.71
2022-05-23,887,7,3,893,204.76
2019-04-15,1816,14,6,279,266.2
2019-09-23,1412,32,5,446,257.38
2023-07-01,1317,7,3,243,217.42
2019-11-23,1689,36,9,888,204.85
2019-04-07,1579,35,2,355,126.71
2022-07-13,434,18,4,874,259.24
2019-09-09,1731,32,6,684,80.77
2019-09-19,626,13,6,353,380.94
2023-02-12,1013,10,8,376,198.65
2021-04-03,900,47,5,653,267.32
2020-10-03,288,12,6,515,253.34
2022-10-21,1661,3,8,327,189.76
2019-05-22,343,22,4,579,89.08
2023-01-20,746,20,3,927,364.11
2019-01-18,565,9,9,786,248.22
2021-08-28,719,10,2,840,301.96
2022-05-17,1231,44,3,718,343.28
2019-01-27,66,50,3,738,160.8
2023-11-17,1613,50,10,307,86.44
2023-07-27,493,2,3,110,134.77
2020-09-03,734,25,1,60,157.71
2021-09-20,635,44,4,974,131.45
2020-03-13,396,48,4,72,122.9
2019-08-07,1551,7,7,919,75.41
2022-05-18,973,3,1,630,39.41
2023-06-29,1394,5,9,494,176.39
2021-06-15,577,17,9,795,317.23
2022-09-21,1000,24,3,559,35.45
2019-05-04,1118,7,7,659,154.71
2021-11-28,1269,46,5,509,244.58
2021-03-28,327,15,10,187,268.98
2019-10-02,71,31,1,291,20.29
2023-04-29,1808,13,6,117,47.22
2021-11-22,815,37,6,464,12.44
2022-04-29,1617,4,8,348,239.07
2021-11-19,1868,11,7,317,112.59
2019-08-07,1507,35,4,283,201.27
2023-06-20,1807,14,1,238,18.66
2023-04-14,1494,18,4,952,10.22
2021-02-14,509,8,1,482,56.09
2022-04-10,1006,33,8,235,245.68
2020-05-04,1781,9,1,637,35.69
2021-09-21,1628,27,9,905,186.45
2022-04-01,1819,48,3,507,256.85
2019-11-09,672,48,4,860,137.92
2023-08-05,1974,36,2,964,218.1
2023-08-28,436,21,7,478,14.88
2019-04-12,1277,48,7,345,53.54
2023-02-20,696,36,6,662,19.28
2019-02-09,572,19,7,290,360.77
2021-09-24,165,18,2,994,360.63
2022-08-27,1690,14,2,888,58.02
2020-06-27,262,26,3,295,99.2
2022-10-24,115,3,6,377,351.42
2022-07-03,1844,35,8,567,297.64
2022-07-13,204,38,9,535,344.71
2021-06-02,879,32,5,795,36.34
2022-01-21,417,4,7,206,315.31
2020-08-29,1243,47,9,536,305.42
2023-05-09,1630,4,5,776,272.49
2019-12-30,1343,13,7,460,50.26
2022-11-16,777,24,10,963,377.08
2020-06-18,1735,9,5,717,366.24
2021-08-11,1849,23,7,386,85.92
2022-06-28,669,9,3,734,373.85
2021-04-17,534,49,4,251,211.6
2021-07-31,241,50,7,336,300.54
2023-12-18,1570,50,2,438,334.58
2023-07-27,1097,27,5,162,60.02
2023-04-22,1444,9,8,993,290.66
2020-12-10,1993,29,7,945,52.6
2022-03-02,1978,34,4,162,246.6
2020-07-18,190,45,4,363,217.97
2023-03-17,1659,22,6,941,56.47
2021-01-24,965,39,8,463,391.31
2021-03-27,1655,10,9,896,140.28
2021-09-13,1780,18,3,593,351.85
2021-08-15,1308,47,7,455,284.67
2022-12-26,137,49,3,848,57.31
2020-03-26,201,17,1,824,186.57
2023-09-14,417,38,10,945,239.18
2022-11-14,439,8,2,600,293.69
2023-11-17,1769,31,9,201,146.76
2021-08-08,1574,43,4,367,100.27
2020-03-17,487,50,2,65,84.41
2022-11-09,325,25,10,332,282.03
2019-05-18,1713,22,8,520,20.23
2023-12-05,1510,35,2,233,388.74
2021-03-30,267,21,6,980,68.11
2023-08-16,1125,13,5,190,300.61
2022-02-11,1480,40,7,852,127.99
2020-11-04,29,17,7,138,36.11
2022-05-24,1099,6,7,723,398.66
2021-06-15,750,45,10,679,36.01
2022-05-04,685,34,1,109,379.31
2022-09-18,944,40,5,904,230.4
2019-01-23,925,13,1,469,266.62
2022-11-19,229,15,6,694,65.92
2021-09-22,494,1,6,802,365.17
2019-04-15,397,18,4,352,289.48
2023-04-04,799,11,1,919,234.05
2022-09-10,110,49,10,300,24.74
2019-05-27,49,44,3,320,124.21
2022-02-28,625,28,9,117,158.07
2020-11-17,1858,4,9,384,130.84
2021-08-07,71,33,3,245,123.65
2019-10-31,314,33,3,76,128.99
2019-05-14,1971,47,3,807,398.89
2022-06-19,234,15,2,401,338.4
2022-10-30,857,37,1,581,175.89
2020-12-01,1851,31,1,321,38.66
2021-03-27,1649,24,9,576,55.28
2020-03-10,205,8,1,433,103.16
2021-10-07,1212,47,10,142,194.97
2023-05-14,1116,33,1,531,24.91
2023-01-02,1046,47,8,699,252.69
2023-06-25,88,17,9,79,375.81
2019-04-04,1586,2,8,75,216.87
2020-05-08,1601,29,4,51,259.37
2023-10-27,1393,5,2,117,32.82
2023-02-18,1966,40,1,490,243.27
2021-08-27,1515,42,9,381,368.3
2020-12-31,1311,32,7,210,295.43
2021-10-15,1124,45,3,577,251.48
2020-02-27,32,32,7,691,393.51
2023-12-03,274,38,2,778,232.74
2022-11-30,90,38,6,921,284.63
2019-03-28,1560,18,8,216,341.89
2023-08-06,1362,11,10,970,258.57
2019-05-15,1208,28,3,630,102.77
2023-12-01,1447,26,6,822,273.92
2020-12-05,514,37,9,224,92.23
2021-03-23,1497,41,6,956,96.5
2021-02-26,1741,44,5,249,131.56
2019-09-15,1403,22,3,868,136.95
2021-10-23,1232,28,9,486,339.2
2019-11-08,1970,44,8,639,178.07
2022-08-20,1787,5,10,657,282.54
2020-08-14,1612,3,9,487,308.16
2022-07-15,1502,35,1,76,314.18
2020-02-14,1303,46,6,71,368.43
2019-06-26,1754,46,6,343,394.02
2023-04-20,834,34,3,69,293.96
2021-09-24,836,45,6,361,98.29
2022-02-11,938,15,8,382,199.46
2020-07-23,1978,46,10,883,304.89
2019-08-27,264,23,9,149,211.83
2019-05-30,1116,35,9,906,245.33
2021-05-11,1464,14,3,852,60.85
2019-01-30,1908,23,8,541,76.8
2020-04-09,649,38,9,965,158.9
2020-01-25,1199,40,3,325,191.53
2020-07-26,1507,9,8,776,71.65
2023-12-27,199,15,1,759,34.55
2021-10-06,1082,37,10,758,165.29
2023-08-03,684,44,3,213,69.55
2023-09-10,932,44,9,267,69.76
2023-06-07,997,44,3,348,235.44
2022-12-01,1067,9,4,939,150.56
2020-03-31,245,32,9,172,220.86
2019-02-08,1536,17,7,461,41.94
2022-04-15,610,3,2,622,337.36
2023-07-30,2000,47,7,515,54.42
2023-03-06,1560,47,7,737,30.93
2022-01-15,1108,12,10,843,296.24
2019-10-21,1799,38,2,835,106.11
2023-07-16,1074,33,3,613,86.6
2023-12-31,966,33,8,657,184.93
2023-04-11,686,27,10,559,390.23
2020-06-04,1665,15,5,422,10.81
2021-04-14,1819,4,7,272,120.12
2022-03-02,1890,30,2,81,201.88
2022-01-14,814,17,3,775,224.28
2022-02-17,1883,41,7,353,322.15
2021-09-17,592,3,9,978,151.11
2022-11-24,1772,34,5,630,369.93
2023-11-06,1575,29,5,313,82.15
2020-09-02,1102,44,8,639,10.4
2022-01-16,1914,16,1,138,158.37
2023-06-06,1469,25,8,514,142.57
2021-06-27,17,11,4,892,61.77
2019-08-31,470,25,2,892,214.33
2020-01-07,645,13,1,937,389.02
2020-01-05,1497,3,7,158,348.49
2023-07-04,1393,20,10,170,91.74
2023-08-25,1939,21,1,641,264.35
2020-08-24,946,47,8,308,205.05
2021-10-03,1898,49,7,327,254.67
2022-04-15,1268,44,2,271,219.37
2020-07-12,710,15,3,242,50.64
2023-07-31,1670,8,1,633,305.78
2022-01-27,1113,46,4,754,244.62
2022-09-21,128,39,5,442,129.51
2020-08-08,725,30,1,514,166.81
2022-11-16,293,18,9,142,262.88
2019-09-22,576,8,9,630,359.05
2021-01-17,1442,10,3,263,228.83
2021-05-09,1663,40,4,671,135.09
2021-05-24,325,47,8,403,108.71
2021-02-10,1428,19,5,815,115.82
2022-02-18,1686,9,8,329,394.64
2021-05-09,494,9,1,269,299.61
2019-07-30,262,28,6,173,347.07
2022-06-17,1800,19,8,911,71.83
2020-09-26,1565,31,7,227,260.61
2022-12-05,566,48,8,88,41.95
2023-09-06,856,43,9,92,350.87
2020-07-25,791,26,5,798,359.19
2019-03-05,1473,28,6,486,31.38
2019-10-29,660,31,1,976,351.42
2021-07-23,1291,12,9,345,272.98
2019-04-29,1277,38,1,256,12.41
2022-05-05,1806,15,4,970,310.36
2021-09-07,185,3,9,255,305.54
2023-01-01,39,29,4,326,17.99
2019-04-23,1528,8,1,815,244.42
2020-06-07,29,2,6,329,300.21
2022-05-13,1164,3,5,327,165.53
2023-11-04,1688,30,7,581,312.23
2022-03-15,1911,33,4,444,250.14
2020-01-29,1864,36,4,985,332.01
2021-02-26,1714,21,6,989,267.62
2019-04-10,931,35,2,666,56.89
2023-10-28,1953,16,2,529,154.73
2021-05-30,361,10,8,558,70.89
2021-03-12,676,44,6,256,248.31
2020-05-30,1083,1,7,440,207.19
2023-03-04,1899,1,3,518,76.52
2021-11-29,681,32,4,479,211.03
2019-10-30,1397,40,1,758,115.81
2020-12-21,706,17,8,807,14.85
2022-12-05,1278,6,5,508,88.73
2022-05-30,267,5,9,750,157.66
2020-07-16,1277,41,7,654,153.42
2023-10-01,1967,27,7,475,240.01
2019-07-30,1262,34,3,155,310.73
2019-11-11,1064,1,1,123,297.44
2023-08-03,1491,38,4,733,324.89
2021-12-19,101,32,8,726,205.88
2020-10-29,1079,33,6,338,14.29
2022-09-29,1802,41,1,525,13.92
2022-07-18,906,19,6,357,281.05
2021-08-02,169,15,5,981,202.17
2023-11-30,1695,10,6,705,170.04
2022-01-20,1510,42,5,554,272.46
2020-06-14,231,26,9,846,345.29
2023-12-22,776,19,7,407,111.1
2023-07-30,1246,37,2,696,207.64
2019-12-18,878,2,9,413,218.23
2021-05-20,1966,8,4,765,298.62
2021-06-22,1491,41,1,522,14.08
2022-01-31,1861,11,10,693,287.83
2019-09-02,1686,42,10,650,258.88
2020-02-21,339,5,6,686,181.85
2019-08-26,734,11,2,248,161.22
2021-01-28,803,16,6,423,261.42
2019-07-17,902,35,9,208,351.41
2020-03-22,1426,27,3,393,383.45
2020-11-06,36,11,8,769,379.68
2023-06-10,1634,36,10,831,295.66
2019-10-23,417,30,10,432,62.18
2021-12-27,230,50,8,347,229.1
2020-11-26,1349,3,9,408,107.88
2020-10-30,708,38,5,784,128.71
2023-08-16,1748,24,8,319,136.93
2020-02-08,1272,5,8,131,392.99
2019-01-19,1804,13,5,538,222.6
2020-10-13,846,43,10,610,358.09
2019-06-11,365,22,1,103,162.3
2021-09-07,1158,34,1,307,109.12
2019-03-06,1982,23,7,917,106.82
2021-01-01,362,44,8,587,185.54
2021-10-28,1617,14,7,903,157.09
2020-03-14,958,16,8,862,21.41
2023-01-06,528,39,2,51,205.47
2019-05-30,1887,42,8,737,21.52
2021-01-25,1909,16,8,185,25.99
2023-04-05,1749,6,6,669,303.62
2022-11-28,1900,9,2,774,122.8
2023-08-21,1741,28,4,413,386.83
2023-09-26,1216,2,9,801,385.53
2020-04-27,347,43,8,444,141.24
2022-01-30,391,50,9,139,388.49
2021-12-10,439,19,2,968,397.17
2021-12-07,1880,40,8,321,218.51
2020-12-17,20,27,4,606,238.77
2019-07-01,1628,15,4,643,168.72
2023-09-16,628,12,4,294,52.28
2019-03-02,1641,41,1,638,169.28
2021-11-25,586,21,2,504,206.15
2022-04-25,1809,50,6,675,205.49
2023-05-05,1234,1,1,843,298.12
2021-04-27,1655,17,1,861,124.71
2021-11-01,887,45,3,542,161.48
2020-09-14,1430,13,7,823,88.31
2022-03-10,1638,27,5,498,230.37
2023-12-14,383,33,7,110,385.25
2020-05-21,1782,3,7,599,276.87
2022-09-29,1978,34,8,645,374.1
2022-10-03,507,49,5,583,321.48
2020-02-28,1342,11,1,517,37.08
2021-11-06,1410,21,2,561,53.81
2022-03-24,1559,19,10,751,152.41
2021-04-09,480,23,5,263,194.81
2022-07-25,653,50,7,363,247.81
2019-01-12,1730,11,8,728,101.69
2022-09-12,811,48,4,111,71.42
2020-07-23,1771,50,10,369,362.32
2023-07-09,507,19,4,752,37.26
2021-04-10,368,14,6,257,372.44
2020-02-16,1345,7,2,908,137.24
2021-03-23,1238,32,10,62,226.68
2021-12-03,1126,48,10,272,93.57
2021-02-16,699,10,10,924,206.54
2022-07-29,6,30,9,877,189.67
2019-11-24,582,44,6,366,247.98
2020-10-30,1189,48,9,363,53.35
2023-11-03,1727,1,6,631,349.5
2021-08-03,778,7,4,525,186.21
2022-10-01,853,4,1,458,206.78
2021-07-13,1402,12,9,349,82.72
2022-10-02,328,45,9,949,300.81
2020-05-17,1451,44,3,890,353.34
2021-08-29,714,12,7,483,212.22
2021-03-04,1025,38,9,402,15.31
2022-09-06,188,11,9,307,238.53
2023-11-22,1393,50,9,758,104.33
2020-06-13,1359,5,3,135,344.82
2020-11-19,1157,36,7,693,145.92
2020-01-23,1888,45,6,370,397.81
2021-02-21,1299,31,7,583,11.21
2020-10-01,836,48,7,128,24.21
2019-10-31,448,21,5,773,151.1
2020-05-04,1774,48,2,388,324.03
2023-07-12,1273,31,7,195,314.29
2021-09-16,355,48,7,511,313.09
2021-11-22,1820,28,8,192,212.91
2020-12-30,1061,48,10,260,103.56
2022-07-23,1801,47,10,226,349.85
2020-07-23,1691,49,6,929,291.71
2020-01-09,628,30,5,56,42.31
2021-06-02,4,33,8,991,313.05
2020-03-18,1052,46,8,151,351.19
2022-09-18,1997,9,4,650,213.37
2019-03-05,965,30,6,743,13.2
2019-07-03,1686,49,10,974,150.42
2021-08-24,370,33,6,916,68.64
2020-08-01,274,6,9,911,93.75
2020-01-04,1240,18,6,779,328.7
2020-11-25,1293,44,7,507,380.11
2022-08-25,448,30,2,515,130.91
2022-06-08,499,2,1,465,137.49
2023-05-06,1220,22,7,658,294.82
2023-01-28,875,8,2,933,177.72
2022-04-02,259,22,10,708,310.47
2022-10-06,1227,37,7,408,285.82
2023-10-06,1582,36,7,615,260.62
2020-02-08,1999,27,4,580,225.51
2019-06-18,1172,30,6,235,80.85
2019-06-10,1803,22,2,670,349.69
2021-12-19,105,31,8,869,266.02
2023-05-18,1139,6,5,981,45.96
2019-03-24,1125,30,8,780,131.77
2023-03-09,521,10,8,416,228.54
2023-05-27,887,6,4,973,45.84
2021-02-06,290,45,3,792,15.42
2023-03-18,1091,2,10,261,81.59
2019-07-10,1160,43,9,400,135.57
2021-04-20,333,30,5,97,297.53
2023-12-25,1958,22,9,79,175.2
2021-10-24,1137,39,3,348,29.2
2023-06-19,1998,49,7,576,250.68
2019-04-21,1764,3,6,222,295.14
2021-08-03,163,42,2,827,40.48
2021-10-19,290,10,1,512,260.53
2019-01-20,133,27,9,748,150.94
2020-08-24,1998,4,4,511,324.71
2022-01-06,1097,45,2,541,256.5
2023-04-27,788,32,10,444,242.61
2023-03-11,1985,36,7,396,179.27
2023-03-07,404,32,4,617,92.61
2023-09-26,1181,48,7,94,12.3
2022-03-01,753,32,9,941,185.75
2019-01-17,761,32,4,131,152.12
2023-01-15,1902,44,3,989,101.79
2023-11-02,481,39,8,505,289.24
2020-11-21,1279,19,8,720,363.96
2022-03-01,1197,48,9,196,158.76
2019-09-23,351,27,3,539,185.72
2020-06-23,1807,45,4,927,304.51
2021-11-24,241,6,2,237,211.48
2021-05-06,334,27,10,431,290.53
2021-08-23,783,2,5,580,324.42
2020-07-19,840,15,6,617,146.71
2019-08-27,1544,12,8,230,337.56
2019-01-14,606,25,9,255,300.89
2019-08-04,687,48,8,981,286.88
2023-10-24,848,49,3,350,206.52
2021-02-10,1353,28,10,106,280.93
2019-12-11,953,44,10,216,377.62
2021-10-01,1763,16,3,650,198.95
2019-02-08,193,16,6,258,285.47
2021-01-02,1950,26,6,297,316.26
2023-10-02,1829,37,4,111,41.87
2020-12-21,1637,32,3,250,170.63
2023-07-13,1087,45,2,767,68.55
2023-03-02,497,40,4,299,366.47
2022-01-27,1344,26,8,477,324.2
2023-12-26,1364,38,8,870,151.95
2021-12-09,985,43,7,329,125.3
2019-05-19,259,8,10,719,262.68
2019-07-19,546,33,3,589,325.36
2022-10-03,1863,12,10,546,88.68
2020-09-20,986,38,6,995,259.96
2022-08-09,3,35,10,197,36.78
2022-02-03,1556,23,2,985,102.6
2022-01-27,1232,1,7,981,371.88
2022-12-04,905,43,7,156,299.35
2023-03-04,585,11,3,743,186.48
2021-12-13,736,36,9,590,74.78
2019-10-10,679,3,9,321,108.36
2021-05-22,37,26,10,62,176.94
2022-09-20,1102,45,2,236,49.47
2019-01-20,113,8,9,926,100.51
2022-01-02,579,4,6,275,258.11
2022-07-29,1790,26,8,384,341.98
2021-02-06,352,42,3,977,322.17
2022-03-12,1689,45,4,591,205.29
2021-03-03,320,37,5,941,20.22
2022-06-13,5,26,3,105,248.06
2019-01-18,419,47,4,354,198.4
2023-08-14,984,17,7,174,311.47
2021-10-10,1362,45,1,818,81.68
2021-01-10,341,48,10,878,340.82
2023-11-20,1621,50,8,127,321.38
2020-07-11,273,25,2,731,59.29
2020-01-09,492,31,10,344,385.66
2021-11-20,1418,46,2,573,112.85
2021-08-08,579,13,6,416,6.95
2023-05-20,1155,35,3,232,354.76
2019-01-27,1077,10,1,655,35.09
2023-08-06,1719,13,2,139,116.57
2020-01-14,735,1,9,917,92.73
2019-11-17,1092,28,2,350,79.0
2021-06-28,1945,14,10,130,223.02
2021-04-11,1594,44,6,470,312.83
2021-01-06,171,20,9,988,153.78
2022-04-12,1594,5,4,948,130.13
2021-02-08,886,7,4,246,187.95
2020-05-11,1171,4,6,649,174.82
2023-11-21,323,25,4,944,294.35
2019-02-05,851,12,10,518,222.64
2019-02-10,543,44,6,437,242.33
2020-05-26,1398,50,4,194,126.16
2022-02-20,195,45,7,81,281.42
2021-10-16,1765,27,10,84,34.59
2022-11-27,1288,24,3,488,394.51
2020-03-07,1375,25,7,326,5.8
2019-01-11,802,16,8,902,75.47
2023-05-17,1600,27,9,83,28.38
2022-02-15,937,28,8,958,119.25
2020-12-02,72,36,7,613,323.23
2021-05-30,1984,1,7,70,28.96
2019-11-17,1435,46,3,465,28.47
2020-10-16,1301,28,6,66,48.48
2020-05-28,1373,15,10,616,393.42
2021-12-25,40,31,5,520,143.78
2020-12-10,779,18,5,101,110.27
2021-12-18,742,14,6,102,42.23
2020-06-27,704,35,2,836,18.57
2023-12-06,1913,21,9,647,357.81
2019-05-26,844,38,9,626,347.33
2022-05-05,1786,47,4,163,137.1
2021-02-04,52,13,8,844,380.08
2019-09-04,421,9,3,635,14.53
2023-06-10,1625,37,4,919,366.76
2021-06-22,1901,10,1,308,53.13
2021-08-31,595,28,1,540,344.64
2022-08-31,1841,29,10,452,377.63
2019-03-08,927,33,3,525,77.88
2023-03-05,441,44,9,268,368.24
2021-07-09,1445,29,8,504,83.27
2020-03-08,1089,39,5,825,381.31
2020-05-17,123,2,9,753,320.54
2022-01-17,951,2,10,687,79.93
2022-02-15,476,11,8,183,209.88
2021-03-25,1253,45,7,606,14.37
2022-11-13,1952,44,8,817,213.06
2021-07-13,1618,20,1,102,97.95
2021-03-01,1079,18,6,603,83.36
2019-08-13,77,23,3,513,265.66
2022-10-11,1671,48,8,980,180.56
2020-04-03,1318,24,3,960,173.1
2020-03-07,655,3,5,299,271.99
2023-06-05,1311,10,4,251,194.96
2022-03-30,381,32,7,996,273.64
2022-10-18,1508,34,7,518,353.58
2023-09-05,531,26,9,246,262.2
2020-04-19,1454,36,3,262,74.91
2023-11-20,1397,48,6,335,348.22
2022-09-10,298,16,9,705,130.36
2023-10-28,587,13,6,186,161.27
2019-01-05,661,42,2,566,84.09
2021-04-27,1836,17,9,53,318.15
2020-06-02,499,32,2,495,92.01
2019-02-18,1403,31,2,703,132.83
2023-11-28,1417,11,6,996,187.12
2020-06-09,415,38,3,528,204.26
2019-06-18,17,47,7,837,128.76
2022-01-29,1775,41,3,362,339.74
2019-04-24,1927,19,3,700,66.64
2020-08-03,702,3,10,922,26.18
2023-05-02,1130,25,10,432,127.7
2019-02-06,984,38,4,670,288.92
2023-08-12,1913,41,8,692,169.77
2020-06-29,1044,35,5,610,338.9
2023-06-21,1426,45,3,732,44.95
2023-01-03,1944,38,8,247,108.35
2023-10-17,1896,17,1,531,280.36
2020-05-13,760,11,9,105,328.43
2022-03-30,593,36,6,881,300.46
2020-02-01,112,16,4,856,15.4
2022-12-21,498,42,6,470,346.39
2020-04-15,1417,42,2,437,160.32
2022-06-04,1574,22,4,544,46.65
2022-06-11,190,35,8,835,133.45
2020-01-10,1568,22,6,833,10.21
2023-12-31,517,50,3,811,71.99
2023-12-18,1544,16,2,172,385.84
2019-07-15,1471,36,1,468,143.71
2019-12-08,366,8,1,443,196.65
2023-01-03,1575,33,10,544,91.49
2023-01-31,1847,28,4,992,330.85
2022-09-23,766,21,9,370,319.09
2019-06-30,1630,1,5,797,99.59
2022-06-28,1963,49,6,341,128.25
2021-10-27,1600,5,3,932,365.51
2019-03-23,662,7,8,790,356.34
2021-01-04,1308,23,4,623,170.97
2021-12-27,707,14,8,483,339.54
2021-04-20,1199,33,1,992,299.23
2023-01-02,955,26,5,302,313.25
2019-11-05,915,14,5,747,42.62
2022-10-22,140,30,7,956,157.44
2021-10-16,1956,10,4,884,210.08
2021-09-18,72,16,7,88,29.58
2023-03-11,899,48,3,615,388.98
2023-01-18,1733,26,1,391,276.89
2020-05-06,342,18,8,593,177.86
2019-11-15,701,50,3,277,124.23
2022-05-18,1018,41,8,473,19.21
2022-08-04,880,19,9,227,223.45
2023-08-17,1973,45,10,950,81.37
2020-07-17,1018,25,10,308,308.02
2023-04-30,956,13,7,539,392.2
2020-09-16,1085,42,10,696,144.11
2021-02-08,1291,44,7,421,32.34
2019-06-11,526,41,6,331,64.13
2019-04-16,938,22,3,128,174.02
2023-06-07,1078,9,2,825,235.93
2022-10-17,1679,20,3,879,333.01
2019-02-03,1212,30,4,528,209.34
2022-10-27,1124,10,7,540,267.73
2020-09-05,214,18,4,86,134.91
2023-06-20,1407,42,6,479,387.72
2022-07-27,513,39,4,900,117.54
2019-10-08,1513,4,10,670,266.67
2020-01-04,538,5,8,955,106.18
2022-09-30,748,42,8,253,66.59
2023-04-24,628,50,2,294,398.4
2021-01-02,1370,48,2,830,179.78
2021-11-22,249,20,4,353,323.34
2020-04-14,1603,3,8,945,17.12
2019-01-27,433,23,5,117,131.71
2022-10-25,948,31,10,215,93.11
2021-03-05,1335,2,4,389,137.68
2023-10-28,210,16,10,298,20.64
2023-02-09,1506,4,4,624,212.95
2019-04-26,1629,25,7,788,346.42
2022-06-21,140,15,3,299,355.53
2023-05-14,447,5,2,839,320.34
2019-10-24,1531,44,1,296,240.26
2019-01-10,1559,38,5,589,304.22
2022-01-29,272,41,1,742,67.36
2021-08-08,403,40,10,483,394.95
2022-04-30,1549,48,5,147,283.76
2023-02-26,845,32,6,495,244.1
2023-05-04,1201,6,8,408,289.93
2021-07-21,1163,50,9,638,154.85
2020-09-21,515,39,1,518,95.29
2022-05-05,938,47,1,552,241.92
2019-12-02,1936,29,8,700,102.76
2022-10-27,1184,3,5,851,82.58
2020-03-17,704,23,8,928,261.21
2023-08-28,243,48,1,918,380.63
2021-05-10,1951,46,3,680,301.59
2022-08-04,376,41,3,656,248.2
2020-09-12,1949,34,8,874,20.03
2021-10-17,926,33,4,324,37.32
2023-12-31,1892,42,4,968,17.34
2021-05-08,1815,31,3,329,252.83
2022-06-19,223,36,2,984,27.23
2021-09-26,1300,33,1,373,162.86
2019-07-09,276,17,4,80,39.85
2023-01-15,705,42,6,540,143.55
2019-04-26,272,31,1,515,174.3
2022-07-22,1561,50,10,606,260.81
2021-12-07,1888,5,5,827,117.72
2019-08-29,1573,24,3,526,143.11
2020-11-20,1205,43,1,85,210.01
2022-08-22,1263,47,3,420,210.19
2020-10-24,290,34,5,204,69.64
2023-05-16,329,24,2,475,296.11
2023-10-30,1952,23,10,558,200.5
2021-10-20,910,2,2,237,164.04
2019-03-08,362,15,6,801,116.3
2021-10-25,1908,39,3,891,207.48
2021-07-14,644,25,10,662,97.47
2021-06-23,62,45,10,769,179.77
2022-09-19,1300,15,2,909,166.87
2020-03-24,1682,44,2,136,341.77
2020-04-25,1007,38,7,232,178.62
2022-11-19,611,41,7,338,268.09
2022-09-04,533,46,8,56,158.8
2020-01-10,749,47,3,620,167.52
2021-05-01,1070,23,8,888,245.13
2023-12-12,1650,28,10,328,71.62
2021-08-11,122,7,3,633,107.08
2022-12-12,611,36,6,809,157.49
2019-10-10,756,33,5,75,238.5
2020-04-11,1074,19,6,535,257.8
2020-11-05,544,14,8,65,113.13
2023-12-17,1668,28,4,967,269.51
2022-01-19,677,13,8,366,319.68
2020-01-27,154,31,6,276,34.31
2022-04-12,1279,3,3,849,329.95
2021-07-24,464,18,5,593,307.98
2021-01-22,1059,11,1,138,363.16
2021-01-15,144,48,4,260,358.99
2022-11-16,1642,15,1,109,397.7
2019-04-05,657,48,7,795,148.45
2022-02-21,616,12,3,713,203.47
2019-03-18,1673,31,7,605,46.1
2023-05-11,719,39,8,745,108.06
2023-08-13,437,42,7,141,236.98
2019-12-10,1472,26,10,117,68.47
2022-10-07,1692,26,7,106,83.43
2021-03-18,1494,20,4,455,73.68
2023-03-23,926,10,3,769,315.09
2022-08-24,202,40,1,444,20.18
2021-06-28,1267,48,10,371,296.82
2019-02-22,1132,32,8,861,68.72
2023-12-15,1402,5,8,915,22.62
2019-09-28,383,43,1,960,232.81
2021-03-05,1916,15,5,660,83.39
2022-10-12,1210,14,6,766,89.89
2022-12-29,1172,17,1,584,229.42
2021-08-18,1986,7,2,514,292.28
2019-09-10,390,1,10,388,291.45
2021-09-01,1208,21,6,762,204.68
2023-05-14,311,7,3,753,251.54
2020-07-23,1764,12,1,964,308.68
2020-02-10,1449,8,6,861,398.15
2019-07-21,131,37,1,841,389.62
2019-01-26,103,42,5,432,154.51
2023-02-04,484,45,6,948,302.16
2023-01-08,606,3,5,559,330.56
2023-06-03,605,1,3,264,334.18
2021-04-08,316,40,9,528,298.8
2023-06-03,811,4,5,634,289.08
2022-05-14,1059,24,2,450,56.74
2022-05-10,999,44,5,353,369.22
2022-06-02,1343,38,6,846,302.57
2021-12-04,1608,46,2,534,368.44
2020-02-14,1826,25,10,488,259.07
2022-05-17,1733,32,5,546,342.12
2023-12-13,418,44,9,806,250.11
2020-04-09,1718,5,7,825,149.21
2020-06-06,1225,44,8,249,125.76
2019-09-06,465,45,10,124,277.66
2022-04-14,1601,16,10,826,370.36
2022-10-05,1061,47,5,555,289.6
2019-05-20,741,25,7,828,172.1
2022-04-22,1853,41,5,244,297.14
2021-08-31,1628,28,8,644,206.09
2021-12-14,496,24,10,609,195.91
2023-01-27,1435,18,4,915,236.67
2021-06-25,89,2,1,563,361.26
2019-08-14,1111,17,2,461,260.17
2021-06-17,710,18,1,684,365.05
2019-04-11,856,35,4,69,121.41
2022-12-26,651,36,3,768,81.64
2020-02-20,1595,22,8,978,149.34
2022-09-28,1059,2,10,316,290.01
2019-05-04,17,43,9,779,244.44
2022-11-25,1402,45,3,550,374.04
2019-04-22,14,38,8,995,39.2
2019-10-25,1174,32,5,835,315.35
2019-09-25,666,15,9,806,41.49
2020-05-17,100,18,9,243,355.9
2021-03-13,1270,16,9,720,210.3
2021-06-01,1884,39,5,199,38.5
2020-06-25,98,36,3,366,327.29
2023-10-26,1008,8,10,174,208.18
2022-02-27,1855,19,8,711,285.56
2021-05-15,1586,14,4,763,242.38
2023-01-31,105,50,6,989,41.17
2021-07-25,1385,37,9,298,195.16
2022-08-07,888,25,5,173,271.33
2021-05-03,307,40,3,791,62.57
2022-12-08,610,2,8,867,13.52
2020-02-16,1710,23,10,690,177.91
2023-11-26,842,49,10,959,48.1
2021-06-18,1357,16,4,179,308.51
2023-04-30,1660,20,9,563,264.66
2022-02-03,1379,32,6,760,115.29
2022-08-21,700,20,9,692,275.98
2021-01-01,277,35,4,156,393.23
2020-11-24,917,12,10,327,125.34
2020-09-01,1456,33,3,612,54.67
2019-01-19,237,11,2,232,255.58
2022-04-02,1027,24,9,455,309.14
2021-11-08,421,49,9,582,129.12
2019-06-23,7,21,3,793,84.16
2023-03-15,629,36,9,85,265.96
2019-02-01,1343,9,3,641,360.21
2021-03-01,522,8,10,611,362.34
2020-04-21,1144,32,1,109,218.7
2022-04-19,602,28,9,349,111.32
2022-11-22,666,18,10,152,219.46
2021-07-07,1781,8,8,552,61.03
2020-07-30,358,15,5,231,85.91
2021-03-13,1663,48,8,391,136.95
2023-11-22,829,36,10,84,313.24
2023-09-07,256,4,7,533,372.66
2021-11-21,1929,5,9,683,240.3
2021-03-14,408,40,3,153,289.93
2023-08-04,299,9,3,330,124.99
2023-07-15,1350,17,7,280,44.76
2020-11-19,271,26,6,172,173.73
2022-12-07,1962,38,2,188,254.89
2020-06-11,1094,16,8,403,205.4
2021-11-09,827,1,9,982,9.03
2020-05-20,28,4,10,229,303.1
2019-12-27,105,2,10,439,51.79
2020-01-04,1395,3,10,389,321.42
2019-04-13,8,42,10,470,277.44
2022-04-06,1665,42,4,79,178.88
2022-08-12,1215,25,10,531,18.32
2021-07-21,1847,48,8,859,223.68
2023-07-15,180,49,8,808,287.44
2020-06-22,1107,41,8,160,374.74
2020-04-24,74,18,10,813,239.74
2020-04-03,1573,2,5,128,309.87
2019-12-06,711,22,2,497,250.84
2022-09-28,160,20,3,335,111.47
2020-09-01,1189,26,6,363,84.81
2021-02-26,188,45,10,179,203.14
2023-07-29,871,9,9,780,272.97
2019-05-15,1547,50,9,466,133.05
2022-05-18,376,28,2,821,15.99
2023-06-28,620,47,3,349,241.27
2022-07-19,589,19,9,333,71.35
2022-03-24,1376,10,7,551,30.11
2022-05-11,148,1,7,389,324.5
2022-01-21,25,27,6,959,111.2
2019-08-20,1093,28,6,306,128.74
2023-07-25,373,46,2,957,266.21
2022-02-04,1267,23,9,760,90.46
2020-03-29,796,45,1,145,68.1
2022-10-24,1351,26,7,576,8.67
2022-07-24,1239,4,2,355,306.79
2022-08-30,1046,12,10,666,322.58
2019-02-02,388,26,2,485,293.95
2020-10-31,727,38,6,807,203.94
2022-01-09,1443,40,1,664,255.72
2023-11-03,1555,9,5,831,30.6
2021-06-10,1040,2,2,461,116.14
2021-09-23,453,32,2,760,163.49
2021-02-26,1706,45,8,955,30.94
2020-01-14,634,8,7,820,169.28
2019-04-30,649,10,4,71,121.1
2020-10-20,1953,14,10,249,11.7
2020-08-12,19,7,3,782,241.93
2020-11-25,422,6,9,756,389.81
2023-07-24,1442,48,8,878,369.85
2020-03-30,211,27,9,919,203.09
2022-05-11,584,6,7,158,249.29
2021-12-24,1662,9,8,955,392.79
2019-01-07,541,22,6,333,198.43
2019-08-08,710,30,5,378,298.85
2019-09-12,1509,27,7,427,193.03
2019-10-16,710,2,5,905,213.25
2020-04-07,1130,32,7,698,166.39
2021-02-15,1278,23,8,553,184.59
2020-08-12,1893,1,4,611,144.82
2022-01-18,972,2,7,854,333.34
2020-12-02,458,33,5,870,234.73
2020-07-21,1018,24,3,361,224.17
2021-07-14,1,21,7,845,38.04
2023-06-27,240,45,8,235,181.46
2022-07-22,1227,12,5,168,212.86
2022-04-01,506,39,4,905,324.43
2021-11-18,1153,13,8,434,186.96
2021-11-23,1504,43,2,204,301.18
2021-07-13,1718,34,10,462,32.0
2019-11-22,336,31,6,887,362.46
2019-11-25,227,6,4,693,53.85
2019-07-05,233,14,7,263,360.44
2021-10-12,1859,34,1,409,142.32
2021-10-05,929,44,7,60,184.62
2020-12-12,724,11,10,655,104.01
2023-12-13,254,49,10,484,161.24
2022-06-03,784,16,5,176,33.42
2021-02-12,2000,19,2,105,259.75
2021-05-23,748,11,3,163,258.8
2019-11-05,346,9,7,85,175.1
2020-09-17,637,25,6,658,200.13
2021-02-07,698,6,4,996,17.82
2021-08-09,699,44,9,458,157.19
2023-07-07,1725,38,4,871,194.13
2021-01-22,55,44,9,103,17.78
2021-02-12,1053,50,1,479,354.65
2021-10-10,1969,35,2,671,376.25
2021-12-13,1706,47,4,337,205.11
2023-08-26,1843,49,3,263,395.59
2019-09-30,618,19,4,217,252.12
2023-12-17,1584,50,10,214,143.21
2022-01-17,1393,14,7,918,371.72
2022-02-19,1305,49,5,652,103.45
2020-03-18,1610,6,6,331,183.86
2021-09-09,169,3,2,936,174.79
2023-08-10,1076,3,7,237,114.69
2023-08-04,1830,44,8,76,241.91
2020-10-15,1981,5,4,120,342.04
2020-06-25,878,21,5,441,36.01
2020-08-09,1669,13,2,201,219.87
2022-04-09,263,40,9,171,158.08
2020-01-23,629,49,1,295,385.65
2023-06-09,967,50,8,319,298.16
2022-03-15,1359,5,7,270,224.76
2021-07-02,1613,36,5,354,169.55
2019-03-18,1404,18,5,547,264.81
2021-02-12,550,36,8,361,311.61
2019-05-29,1290,25,2,619,398.57
2023-01-13,1742,28,4,510,121.5
2022-07-24,378,23,2,124,77.28
2022-03-09,960,25,5,498,364.08
2019-09-09,1675,44,5,829,388.92
2022-12-18,773,32,4,738,282.87
2023-12-15,1405,26,8,953,152.02
2020-12-05,1565,14,1,357,299.23
2022-01-07,1078,18,8,487,379.36
2019-12-09,719,6,7,393,135.35
2020-10-26,776,24,10,260,15.57
2023-04-05,1260,5,1,226,144.44
2023-06-03,1034,27,5,740,14.86
2020-09-13,1421,14,6,742,261.71
2019-01-03,1865,21,2,755,374.8
2020-07-08,46,21,5,755,94.8
2022-11-07,1297,30,5,864,155.07
2023-09-23,355,2,6,847,80.94
2019-07-05,1551,17,8,894,363.96
2022-06-19,1346,21,4,96,77.35
2021-09-27,1849,10,8,475,244.17
2019-09-09,846,37,2,480,251.31
2022-11-09,1787,30,8,184,264.74
2020-12-17,1649,6,6,600,277.47
2019-09-26,327,14,4,604,33.0
2021-06-05,498,25,3,538,177.93
2019-05-24,257,6,4,108,78.67
2023-02-16,411,22,2,252,228.27
2023-01-09,113,38,2,804,82.16
2019-11-02,502,50,7,404,369.21
2019-08-18,267,18,2,532,249.35
2020-07-23,1555,5,4,541,331.85
2023-10-21,669,9,8,657,292.38
2021-05-03,1479,20,3,458,246.08
2021-12-20,151,38,7,93,115.93
2023-12-05,1805,18,7,243,7.41
2021-02-22,1636,7,1,428,229.82
2021-05-13,1772,50,2,831,397.12
2023-01-08,771,43,2,946,273.29
2020-02-04,705,50,6,714,293.28
2023-04-22,707,16,10,765,35.15
2021-03-31,1165,5,10,761,247.31
2020-08-23,53,2,9,927,166.56
2019-02-27,559,43,7,518,365.71
2023-11-05,154,15,9,425,383.28
2019-12-05,1270,31,4,100,280.0
2021-07-09,1588,46,5,412,372.59
2021-02-07,93,45,6,655,144.48
2023-01-20,1004,6,9,357,223.99
2019-10-15,1267,21,5,517,338.22
2019-10-28,205,15,3,435,41.46
2020-01-09,71,24,3,901,15.45
2023-05-05,364,16,5,882,123.36
2022-01-09,1647,17,1,441,189.41
2023-08-04,899,38,9,320,377.4
2020-02-12,554,27,7,371,268.15
2022-02-13,859,3,4,698,230.97
2023-04-15,1815,31,6,877,376.86
2020-07-27,615,23,8,430,37.34
2021-09-26,828,9,1,475,74.88
2019-01-21,1144,43,5,656,327.35
2020-03-03,814,13,4,976,386.33
2022-06-05,406,39,7,877,198.35
2021-08-31,897,15,5,299,286.92
2021-10-08,1342,23,8,201,218.11
2019-01-23,1291,35,10,576,251.24
2021-09-02,951,34,8,999,311.1
2022-09-29,964,42,2,305,332.89
2020-02-02,828,18,10,807,399.0
2019-07-03,1355,17,6,221,179.82
2020-05-17,952,37,4,549,272.95
2021-03-11,1854,31,6,271,134.89
2023-07-07,758,40,3,800,30.39
2022-01-09,913,30,5,553,35.6
2020-01-01,1984,26,9,368,219.77
2023-09-19,1397,14,10,751,117.22
2022-07-06,18,48,5,89,245.74
2020-04-20,358,36,10,848,207.4
2022-01-20,1205,39,1,771,284.83
2019-05-16,1498,2,1,458,273.84
2019-04-19,388,12,10,271,359.81
2021-12-09,1362,31,2,900,51.23
2023-05-26,943,19,8,210,120.18
2022-08-31,1215,12,6,142,211.83
2021-11-24,435,10,4,238,84.74
2022-11-18,395,47,10,442,18.79
2021-10-26,1124,39,1,177,156.77
2019-05-02,1418,19,4,983,202.37
2020-09-29,777,33,6,490,297.07
2019-12-23,799,46,5,202,168.63
2021-12-17,219,10,1,63,391.84
2023-03-13,519,7,1,232,13.27
2020-07-21,1747,40,6,482,351.44
2021-09-02,812,10,8,451,38.93
2020-11-25,288,7,9,414,269.52
2023-04-24,306,24,7,605,113.88
2022-03-28,1425,10,10,198,31.41
2021-08-02,1439,33,5,738,144.81
2019-10-29,1311,12,3,916,39.87
2019-02-23,1107,26,10,312,362.54
2023-10-31,869,40,3,730,135.17
2023-06-09,1214,50,4,656,380.84
2019-07-24,1668,21,3,246,390.38
2021-05-15,1081,19,10,546,381.14
2022-10-29,862,37,6,72,230.64
2020-04-01,738,38,2,397,203.64
2020-04-26,1035,12,4,312,334.48
2020-06-28,21,48,7,683,218.12
2022-04-17,1174,14,2,370,350.43
2022-05-10,540,19,4,952,11.3
2020-04-22,505,1,2,420,338.06
2020-08-13,1183,3,3,758,270.19
2020-01-26,442,5,1,420,357.97
2023-11-04,56,23,3,762,27.43
2019-11-23,1953,30,6,226,91.36
2019-11-12,1840,50,6,248,253.82
2023-09-20,788,42,7,591,60.15
2022-11-23,514,3,7,759,62.8
2020-06-21,315,29,5,773,77.98
2022-04-24,323,28,4,73,87.13
2023-08-10,1501,12,3,467,94.38
2022-12-31,586,12,3,198,220.74
2022-02-06,846,12,10,617,386.77
2020-12-23,825,5,3,725,72.9
2020-02-26,72,2,6,454,144.62
2021-12-13,997,28,7,280,175.03
2019-04-30,63,45,10,789,373.7
2020-09-06,962,1,7,883,390.92
2019-10-01,270,44,1,602,24.53
2023-03-17,106,37,2,172,199.23
2023-11-05,1011,27,6,71,144.11
2020-10-21,714,15,8,499,99.28
2023-11-20,26,11,1,290,280.75
2019-06-08,1896,37,3,764,125.33
2023-07-03,1599,24,10,314,379.37
2023-12-15,1128,23,1,340,269.57
2022-02-15,795,36,4,979,172.87
2019-05-25,1237,31,2,389,36.17
2019-10-15,1310,23,3,845,205.26
2020-12-03,718,43,2,394,215.22
2022-06-27,1285,16,10,470,314.13
2023-11-12,655,49,3,736,247.25
2023-09-02,1848,3,6,180,283.99
2019-03-19,1470,15,7,414,316.37
2022-09-10,570,10,2,288,59.36
2023-09-19,440,9,5,760,234.53
2021-08-24,652,38,8,581,50.52
2020-02-04,1163,13,5,703,200.44
2019-05-15,1549,17,5,399,188.46
2020-07-22,1868,7,5,151,352.1
2019-10-03,1171,27,10,501,124.86
2021-12-17,874,38,3,803,323.9
2020-05-19,1763,12,8,618,270.67
2021-01-29,948,32,8,87,103.4
2023-12-05,46,37,8,517,255.65
2023-07-17,1339,46,4,295,164.37
2022-09-22,113,33,1,150,147.45
2020-01-18,1010,14,9,970,357.41
2021-01-29,1126,24,10,808,84.9
2020-08-07,607,44,5,879,121.68
2021-03-27,747,48,9,673,338.67
2021-10-07,1308,10,10,461,150.75
2023-09-07,1479,32,5,746,359.95
2019-04-23,1936,12,4,759,310.69
2023-01-06,881,45,9,940,22.04
2023-06-30,1538,17,9,542,95.56
2022-02-23,1151,29,7,716,158.38
2020-02-03,160,2,9,932,205.85
2023-03-27,1670,35,10,91,108.45
2019-07-24,1521,49,5,305,276.33
2023-10-30,1278,35,10,461,269.26
2021-11-13,1111,13,3,722,200.53
2021-08-22,862,17,8,904,86.8
2019-06-05,142,27,5,302,243.94
2022-10-30,1465,49,10,605,393.15
2019-01-23,784,8,7,347,84.55
2023-07-24,829,43,3,137,352.61
2021-08-30,13,18,2,179,289.32
2020-10-15,1989,1,3,243,72.19
2020-04-15,1522,37,2,912,161.92
2020-10-25,880,23,8,801,227.93
2022-03-05,1866,10,3,742,306.2
2020-09-28,606,26,7,493,216.68
2020-05-09,700,16,8,117,32.39
2020-07-24,1515,8,2,588,21.53
2019-01-01,1039,32,1,740,65.07
2021-08-21,179,48,10,684,76.55
2022-12-01,873,1,7,816,62.74
2020-08-12,1760,48,8,301,60.02
2021-09-12,1606,22,6,554,69.26
2023-07-02,1399,15,10,971,206.14
2019-01-20,1812,29,6,702,41.32
2023-04-02,69,38,10,725,228.49
2020-04-22,55,28,1,515,41.34
2021-04-26,960,4,8,962,348.76
2021-03-07,363,25,2,362,204.0
2022-12-29,8,27,7,900,192.12
2019-04-25,375,19,6,333,364.84
2019-03-11,842,6,2,101,301.67
2020-03-18,29,21,5,879,188.24
2021-05-21,976,25,4,378,393.1
2019-09-02,1715,21,6,394,217.05
2022-03-15,1415,9,7,874,91.67
2023-01-10,1002,34,2,416,324.59
2022-09-01,1746,37,5,97,165.02
2022-04-13,159,32,9,609,158.88
2023-02-12,1373,35,1,516,87.12
2020-12-24,1282,18,5,843,96.85
2023-11-20,340,26,6,655,387.39
2021-06-15,872,47,2,906,115.63
2019-08-24,1735,13,7,173,73.77
2021-01-02,622,5,2,80,113.6
2020-03-28,882,33,2,539,121.52
2021-10-06,1050,19,6,555,379.63
2023-02-16,1975,11,8,97,230.47
2021-10-24,1074,50,1,167,163.16
2020-07-11,526,7,6,566,137.47
2023-02-11,437,23,9,500,138.19
2020-04-30,1174,5,6,68,173.56
2020-08-20,1386,25,1,231,308.16
2019-09-05,1840,4,2,941,343.18
2023-09-23,114,39,6,353,201.73
2023-07-24,271,28,3,910,386.42
2021-11-24,1321,23,2,778,59.13
2023-04-04,1940,40,5,918,395.25
2023-07-15,1370,21,7,453,373.89
2022-09-16,176,26,2,670,100.74
2019-10-08,1130,6,1,246,218.14
2022-04-08,1529,2,5,531,287.04
2020-03-01,1685,31,7,814,187.41
2021-01-05,927,34,5,340,161.24
2021-06-21,686,38,8,188,178.09
2020-12-16,507,21,10,73,228.3
2021-11-24,545,44,8,617,323.54
2023-03-04,1320,34,3,597,223.85
2019-11-18,581,27,5,286,205.02
2019-04-23,1645,34,3,213,152.16
2019-12-20,222,14,10,281,313.93
2023-10-12,1441,18,10,249,104.41
2021-03-18,1468,21,3,884,273.8
2023-07-05,23,46,9,692,377.21
2023-03-25,1429,25,4,270,359.07
2022-07-06,423,9,1,754,324.56
2021-03-29,799,46,8,331,37.3
2020-08-25,1147,34,10,266,251.1
2023-12-26,1886,9,2,603,367.43
2020-06-09,1223,21,10,856,80.72
2019-07-19,532,43,7,711,177.64
2021-11-30,1985,16,10,484,256.86
2021-08-09,272,18,7,594,229.06
2020-10-25,677,5,10,934,83.69
2019-01-11,1688,46,8,594,350.57
2022-07-08,1965,26,8,151,263.46
2023-05-11,162,31,7,336,290.63
2019-09-10,340,43,3,197,7.38
2021-11-28,979,5,6,454,93.87
2019-05-16,885,48,1,730,252.6
2022-12-23,264,1,2,192,111.65
2020-02-03,1611,15,7,757,6.96
2020-09-18,480,29,4,216,278.15
2022-10-28,1859,25,10,536,83.64
2020-04-07,1338,38,1,850,252.6
2023-03-06,1587,45,7,723,146.32
2019-06-02,232,31,10,624,48.38
2019-04-22,424,25,2,675,111.83
2021-02-05,1939,4,5,110,343.55
2020-07-29,1983,10,3,455,38.44
2019-06-18,218,23,3,547,176.33
2019-02-11,1716,39,2,872,327.94
2020-03-17,1156,38,8,453,123.84
2019-08-01,996,1,4,330,243.69
2020-08-04,345,25,8,344,10.54
2021-09-19,289,15,1,540,79.69
2022-03-15,1998,4,4,600,311.83
2022-08-26,967,1,8,488,128.01
2023-05-26,1562,46,9,489,265.76
2021-09-13,784,14,8,677,214.08
2020-04-16,1075,16,6,605,85.39
2021-05-17,1273,11,4,844,13.3
2022-04-06,1932,6,9,100,207.38
2022-07-03,1887,21,4,799,232.7
2020-10-19,1112,32,8,908,309.82
2023-03-18,1659,46,2,794,111.25
2022-11-15,392,39,3,212,258.08
2021-11-26,613,46,8,876,293.15
2019-07-31,1548,28,4,801,287.41
2019-02-07,164,29,8,868,237.73
2020-10-11,718,50,5,271,252.89
2023-05-28,1235,22,5,821,127.39
2020-07-27,1260,36,3,978,62.0
2019-02-04,1226,33,10,543,232.38
2021-09-27,1616,15,8,587,176.8
2021-09-28,1007,5,10,330,379.3
2019-09-13,1483,13,4,543,317.5
2020-07-30,747,2,6,262,250.47
2021-11-25,766,43,3,153,266.15
2019-10-24,1456,6,8,126,120.13
2020-11-04,33,48,2,925,290.82
2023-02-20,1381,23,6,94,230.14
2019-07-18,520,15,8,102,104.19
2023-04-08,1051,6,10,460,353.46
2020-02-06,542,22,2,136,139.29
2020-12-05,524,13,5,788,341.79
2023-03-27,476,13,1,167,137.68
2019-03-25,13,50,8,808,155.91
2021-01-23,1865,37,8,126,213.21
2019-10-03,1899,36,10,603,79.75
2022-08-04,89,9,7,261,348.66
2021-08-13,1561,5,2,441,399.97
2019-04-06,510,4,2,522,328.11
2019-07-31,1964,10,1,316,313.32
2023-04-12,1104,31,8,436,143.04
2021-12-27,1098,8,10,970,296.17
2023-11-12,1414,24,4,362,101.82
2019-03-26,1832,26,6,574,81.54
2020-07-29,1467,11,5,86,19.59
2021-03-01,1055,6,9,925,62.89
2023-10-29,385,45,5,401,169.17
2021-10-07,142,33,6,818,252.6
2022-11-03,116,27,2,280,63.98
2021-04-10,1870,45,7,442,50.77
2021-06-19,334,14,10,418,165.37
2021-04-17,497,24,5,307,386.56
2019-06-09,1839,34,2,856,90.98
2020-12-10,1888,23,4,128,84.71
2021-12-01,373,27,9,812,135.46
2020-08-24,695,8,10,104,106.92
2019-11-11,985,14,10,255,228.58
2020-01-28,1936,8,3,378,392.53
2020-03-23,692,36,7,907,376.8
2023-05-20,762,40,4,903,101.04
2020-06-16,1521,21,7,846,186.33
2021-11-11,202,29,3,489,201.59
2020-04-16,309,22,3,838,320.44
2023-06-25,1776,40,9,496,180.24
2023-11-22,176,13,9,822,281.99
2023-06-09,142,24,2,149,267.23
2019-07-26,1370,21,9,869,97.31
2021-10-30,1577,45,5,736,150.55
2021-09-12,992,10,1,272,126.65
2022-02-17,1585,9,9,160,66.08
2023-09-03,1257,38,1,51,391.82
2022-05-26,1203,34,10,995,92.68
2023-12-04,1932,1,4,205,170.6
2021-10-29,1289,6,1,926,70.03
2021-04-24,1746,50,7,750,262.51
2022-01-24,1218,33,3,901,217.44
2020-01-07,1157,42,2,257,220.96
2020-02-12,1474,9,10,342,192.67
2023-01-28,726,9,7,471,17.92
2020-09-06,1154,13,1,334,307.93
2020-12-06,834,10,1,991,98.89
2021-06-14,627,39,3,540,141.34
2022-04-16,1241,21,4,923,261.63
2022-05-06,1557,30,3,244,152.14
2023-09-07,668,23,3,576,353.66
2021-01-17,1467,13,9,448,399.68
2022-11-01,941,26,6,755,110.47
2021-07-10,1740,1,8,166,163.67
2021-09-28,180,38,3,476,381.09
2019-12-04,173,44,9,216,348.1
2020-12-20,1438,15,4,277,372.54
2023-07-27,1485,25,1,648,52.15
2022-12-31,729,41,8,918,266.84
2019-06-12,708,11,1,661,188.45
2019-10-16,1679,3,1,738,297.58
2019-07-31,1952,43,9,954,355.62
2023-01-15,385,5,9,834,149.31
2022-12-31,825,24,6,505,54.66
2019-09-13,348,17,1,105,38.86
2021-05-15,1206,20,10,133,195.11
2021-08-11,1814,21,7,611,57.51
2021-06-21,1823,34,2,811,41.24
2019-04-25,607,10,3,805,5.68
2019-08-14,264,44,5,428,362.69
2023-12-29,736,19,7,415,96.4
2022-07-29,476,7,7,179,6.31
2022-07-21,333,16,3,181,126.58
2020-11-08,1471,14,4,445,293.35
2022-09-30,995,8,2,169,109.01
2022-06-12,911,4,1,749,351.92
2019-06-05,1741,39,8,749,150.34
2019-11-17,1408,45,6,535,275.75
2023-09-28,1501,48,1,502,13.94
2022-07-19,1199,26,4,800,348.98
2022-11-15,1080,10,5,358,344.33
2020-12-18,1644,11,8,881,318.94
2020-01-15,511,43,10,774,312.79
2023-09-12,636,2,6,354,136.74
2023-07-24,862,18,1,373,245.51
2022-11-27,1393,24,6,328,307.12
2019-01-13,64,28,7,933,99.69
2020-05-08,1176,39,9,694,122.53
2019-05-05,143,9,7,843,53.8
2022-01-03,744,43,3,728,93.7
2023-01-12,1951,6,1,634,343.25
2020-11-05,1369,9,1,862,91.86
2019-03-25,1216,38,9,889,141.34
2021-03-07,1832,15,1,862,73.73
2020-11-10,636,5,2,726,390.73
2021-09-18,1491,21,6,641,202.68
2019-11-29,39,16,6,339,206.19
2023-11-02,312,22,3,171,328.75
2020-04-07,1801,31,10,883,113.76
2021-08-14,1026,4,9,642,332.08
2019-06-21,815,8,9,639,76.27
2022-01-20,202,5,2,814,121.97
2023-08-04,316,15,1,905,297.14
2020-08-03,1550,20,5,591,247.9
2022-05-25,64,27,9,745,359.63
2019-04-26,1518,40,7,275,217.91
2022-07-01,303,45,6,466,22.59
2023-04-26,2,4,9,601,312.33
2020-07-20,483,39,8,872,333.89
2019-11-10,945,5,6,422,202.56
2023-02-16,907,39,1,771,358.78
2019-06-07,918,22,10,125,35.9
2019-10-30,1801,32,2,65,329.85
2023-02-17,1073,28,8,315,131.88
2019-09-22,301,28,4,65,193.67
2020-11-25,1139,34,2,647,67.21
2021-10-22,170,3,2,468,230.44
2020-08-06,1279,17,8,693,359.6
2023-10-21,44,22,9,257,183.16
2021-05-26,1344,11,6,582,61.62
2021-04-18,574,34,5,103,35.41
2021-09-26,454,16,4,306,40.85
2021-09-17,205,18,4,291,356.9
2020-01-24,1152,26,9,280,273.32
2022-09-07,353,50,7,221,242.61
2019-10-19,1827,15,8,603,303.08
2019-10-23,1203,34,10,823,6.13
2021-12-14,754,42,10,853,187.76
2022-02-03,1797,36,7,658,327.94
2019-10-05,1336,3,10,714,242.59
2021-11-15,1507,35,4,412,93.75
2021-01-04,1190,8,8,405,168.73
2020-04-30,932,29,4,980,159.62
2023-06-24,1928,9,2,755,369.06
2022-12-02,596,48,9,888,314.76
2019-11-05,18,18,1,873,274.8
2023-12-25,1482,17,6,770,214.88
2020-06-06,562,29,4,587,93.92
2019-07-09,1260,42,9,93,324.2
2019-02-01,1756,38,8,790,125.2
2023-12-29,1084,20,8,424,22.47
2023-01-28,1346,12,6,997,33.35
2021-05-04,409,39,2,977,213.31
2019-12-06,577,21,5,466,81.34
2022-06-20,1529,44,6,912,5.85
2022-01-10,178,39,1,468,333.92
2020-07-16,1115,18,3,225,193.06
2022-04-15,583,5,4,479,397.37
2020-09-28,1250,14,10,74,350.05
2020-11-20,357,11,5,147,69.88
2020-07-24,1211,33,2,914,138.89
2021-02-19,938,42,1,395,241.34
2019-08-17,842,42,9,152,193.92
2021-04-06,1124,34,8,103,381.26
2022-01-03,1397,3,9,229,115.33
2020-11-12,291,1,10,92,178.0
2023-05-29,1126,26,9,235,132.42
2023-06-19,1226,41,5,509,45.12
2023-11-05,701,42,6,149,388.25
2019-05-27,1296,43,3,65,142.75
2019-07-29,1108,43,5,98,191.61
2020-11-13,57,24,9,402,13.79
2022-02-09,738,5,5,221,245.65
2022-06-10,1333,37,1,290,72.5
2022-02-16,697,45,6,353,16.77
2020-11-29,394,29,6,789,372.67
2021-03-10,457,45,1,291,263.89
2022-05-27,1327,21,6,455,344.61
2021-07-19,1880,8,3,428,278.46
2019-01-07,901,3,1,433,75.52
2023-04-07,1638,39,4,783,190.83
2023-06-09,1733,45,1,105,172.43
2022-05-26,1133,4,3,513,315.78
2020-10-01,492,19,1,807,83.81
2020-05-09,589,4,5,115,126.45
2022-04-13,1906,25,3,795,253.3
2020-05-25,1454,46,4,63,123.55
2022-10-18,1670,21,3,759,366.05
2023-07-10,604,30,5,641,298.14
2019-12-24,101,34,3,696,125.75
2019-10-09,246,49,10,209,338.99
2022-05-18,829,50,4,217,156.37
2021-12-17,389,49,10,398,241.42
2021-08-25,1410,39,9,434,107.47
2021-03-24,177,50,4,413,113.6
2023-11-11,412,44,8,254,279.96
2023-07-27,61,23,3,318,374.06
2021-01-29,595,32,9,867,44.23
2020-09-03,1964,24,4,587,44.04
2021-10-04,1412,39,8,645,310.08
2019-06-15,1081,7,10,436,365.69
2022-01-31,924,3,8,818,192.97
2020-09-26,90,28,2,378,145.15
2023-08-30,342,9,10,233,21.34
2020-10-05,820,32,3,825,139.6
2022-07-01,1302,16,1,303,201.58
2023-05-15,946,31,7,272,247.6
2023-05-09,1106,3,7,821,93.98
2021-02-11,1638,49,7,459,240.34
2020-01-26,522,38,2,450,40.38
2022-10-31,1333,28,6,541,259.76
2020-08-21,1828,39,7,862,191.22
2021-03-26,318,12,4,621,239.74
2022-04-07,1150,48,1,639,318.17
2020-06-15,521,45,3,898,147.13
2021-07-28,534,4,9,805,257.64
2022-10-02,1750,31,7,752,169.26
2019-07-12,1946,4,1,228,290.0
2021-04-24,834,11,9,664,329.88
2020-10-12,1464,3,5,845,170.65
2019-01-01,1391,24,4,252,204.4
2019-11-29,755,26,5,266,9.18
2019-02-23,1926,7,1,192,309.54
2021-06-14,14,8,10,254,187.79
2022-04-16,1689,25,8,150,372.01
2019-04-18,1968,25,2,575,313.87
2021-12-31,730,4,5,628,39.81
2022-04-27,1009,5,7,992,240.4
2019-12-20,893,6,10,786,67.87
2022-09-04,1147,15,4,199,154.49
2020-06-30,851,5,1,71,119.46
2023-12-21,1064,17,2,473,85.62
2019-01-03,802,42,1,773,226.04
2022-04-06,1030,3,1,415,130.19
2023-03-26,2,24,7,563,263.27
2021-11-24,888,48,5,688,373.91
2022-04-16,1364,39,1,651,300.27
2020-11-11,1413,10,4,504,105.78
2021-10-09,241,36,9,672,66.3
2020-05-06,1627,39,3,958,279.51
2021-07-29,1551,35,10,772,372.63
2020-07-07,356,46,8,761,324.2
2022-07-17,1289,3,10,426,148.22
2022-06-05,858,45,3,914,347.11
2023-11-17,1159,46,5,237,147.31
2020-06-19,153,41,4,105,350.67
2023-11-02,1061,41,8,864,395.34
2020-09-23,668,26,4,921,77.65
2022-07-12,1709,11,5,229,102.54
2021-07-29,1665,44,6,127,266.41
2023-10-01,1476,11,10,151,391.73
2022-09-05,1318,3,4,340,283.96
2020-03-01,997,12,9,119,20.02
2023-09-03,1582,7,1,464,109.92
2020-09-06,92,18,1,813,314.47
2022-06-22,523,27,6,930,126.35
2021-07-19,792,12,2,625,232.04
2020-12-17,1265,2,8,400,86.14
2021-01-13,1761,25,10,367,39.36
2021-05-23,1546,24,1,520,185.06
2021-09-12,845,25,4,544,47.91
2022-04-16,1538,9,7,166,268.86
2023-09-15,756,24,6,293,193.05
2021-06-19,1698,27,10,771,234.56
2023-03-02,1012,32,6,467,255.18
2021-04-28,1993,36,1,502,296.12
2022-11-08,257,35,2,123,59.16
2022-08-17,882,25,5,697,337.8
2021-10-19,1699,9,6,430,340.1
2020-06-06,1220,32,3,548,109.83
2019-05-06,1080,6,4,690,397.66
2022-11-30,377,39,10,303,106.07
2019-06-21,1819,37,3,819,93.71
2020-07-09,1117,35,1,518,174.63
2023-05-04,258,38,1,640,100.92
2021-08-08,259,29,8,104,79.79
2023-08-08,310,8,6,476,104.82
2020-07-18,18,8,9,235,74.9
2023-09-25,467,29,8,500,109.81
2023-02-12,1290,36,4,553,205.98
2020-05-09,1111,19,7,516,118.11
2019-01-15,875,35,2,204,152.8
2019-05-24,1200,6,1,737,317.09
2022-06-23,916,13,7,266,91.02
2021-02-02,669,42,9,759,312.03
2022-07-16,773,45,5,139,350.06
2022-05-24,639,4,4,400,317.25
2019-02-04,1516,32,7,95,23.86
2022-04-28,1004,11,1,886,112.86
2020-06-04,1397,30,6,337,294.59
2023-01-25,1904,39,6,702,19.84
2019-11-20,541,50,6,239,8.08
2020-09-07,238,42,5,625,364.22
2019-06-11,1268,7,9,589,5.41
2020-11-19,716,14,2,874,128.68
2023-01-01,1907,1,8,389,263.67
2021-02-08,1805,18,8,642,354.0
2023-05-08,857,1,2,314,69.96
2020-10-25,128,6,6,732,253.84
2023-09-21,791,7,10,885,174.9
2022-05-14,734,50,10,677,271.21
2023-04-09,613,10,6,818,394.94
2023-01-12,854,10,1,916,9.64
2023-03-05,1015,41,9,301,253.79
2019-07-12,301,28,3,897,286.06
2019-06-05,102,26,4,858,264.44
2020-10-05,710,24,4,182,150.61
2023-02-26,1905,46,3,277,232.15
2020-10-25,1537,32,1,586,194.09
2021-02-21,1030,22,5,788,158.92
2021-03-02,1241,5,7,460,208.11
2019-11-04,202,23,7,623,205.44
2020-03-24,1133,41,4,175,300.79
2023-05-14,171,19,8,784,234.25
2023-02-19,1097,13,9,927,331.49
2023-12-28,1618,14,6,122,361.76
2019-11-23,817,50,5,233,220.08
2020-10-12,375,11,2,684,399.1
2022-11-13,741,41,3,931,11.43
2019-06-07,1184,46,6,228,99.95
2021-12-07,1141,31,4,252,9.72
2022-10-19,432,44,1,304,278.41
2023-01-03,1722,40,8,315,156.98
2020-11-12,1826,35,2,457,160.25
2020-09-04,1645,40,5,353,300.54
2020-01-30,457,48,9,800,178.63
2020-05-19,1956,42,10,331,378.5
2023-12-31,435,33,7,271,222.12
2023-09-08,1531,35,9,578,69.52
2022-12-10,1988,6,3,842,301.48
2019-01-23,819,36,7,987,354.34
2022-08-14,1759,10,8,498,96.44
2022-09-02,215,8,5,97,379.58
2021-10-22,262,16,8,399,319.8
2022-04-11,1865,10,1,386,355.02
2020-03-09,1493,41,2,184,237.46
2021-06-23,1631,37,8,587,247.61
2022-04-02,301,23,1,973,220.21
2022-03-15,488,50,1,569,380.64
2021-01-22,167,38,3,454,355.33
2020-12-16,729,16,3,828,98.96
2020-03-23,403,9,5,768,289.85
2023-05-20,1746,34,8,919,42.02
2023-12-31,277,38,3,859,8.87
2019-07-15,875,13,3,871,179.51
2020-03-29,1648,12,7,409,131.85
2022-03-21,1357,28,10,619,376.85
2023-12-29,1140,38,9,309,210.4
2020-01-02,69,30,1,366,7.76
2019-04-11,1656,30,2,579,96.98
2019-10-11,1369,39,10,108,127.06
2020-12-14,1975,50,7,618,12.61
2020-12-01,750,19,2,909,286.22
2023-01-25,780,9,2,574,341.54
2020-05-23,1221,3,9,380,78.24
2023-04-08,1676,3,4,266,96.07
2023-08-30,129,36,5,641,286.86
2023-06-26,689,11,5,869,384.19
2019-10-24,29,31,3,324,208.4
2023-02-21,1882,21,8,870,10.95
2020-05-09,1585,45,2,697,339.23
2023-11-08,913,48,5,661,369.24
2022-02-26,99,27,4,294,237.27
2023-08-27,1955,39,6,78,323.49
2023-08-21,1855,28,8,828,14.24
2020-08-26,1668,28,8,106,143.55
2020-10-16,1685,36,6,754,169.94
2022-06-17,547,46,1,473,277.97
2022-01-21,1018,9,7,357,324.97
2023-04-24,695,1,8,445,196.8
2019-12-25,713,22,5,714,253.99
2021-07-05,1510,23,7,577,394.78
2022-03-30,1589,18,5,293,110.46
2019-03-22,328,35,9,225,343.66
2022-06-11,1156,38,7,826,41.27
2020-01-14,1457,30,2,828,30.47
2023-04-12,712,9,3,58,344.09
2019-01-25,791,13,8,785,259.67
2021-03-26,1257,34,5,739,361.14
2019-02-14,1834,1,8,712,104.75
2023-04-17,1781,14,8,796,398.73
2019-04-16,1218,1,6,386,224.37
2020-11-27,932,27,1,984,37.17
2023-07-05,1486,7,5,330,179.58
2022-11-10,228,8,10,545,367.82
2023-05-22,662,16,2,318,73.88
2023-06-05,1519,23,3,126,248.48
2023-08-16,1185,30,6,93,174.42
2022-12-20,1383,9,5,406,23.55
2020-06-20,1716,43,8,913,261.08
2019-06-13,663,20,4,396,309.77
2019-07-26,919,33,4,116,118.06
2020-05-03,1421,28,8,706,396.95
2019-11-08,1665,33,3,525,368.64
2023-07-09,1384,26,9,274,109.26
2023-03-03,1149,33,3,643,28.23
2020-04-23,1954,13,1,917,158.38
2020-11-12,1574,38,8,198,196.77
2023-06-11,1432,27,6,73,85.83
2022-01-17,1509,31,2,346,28.28
2019-10-02,65,20,6,815,104.92
2023-09-05,69,15,1,101,30.55
2021-04-12,135,5,9,457,185.1
2019-07-27,62,26,9,621,103.48
2023-12-05,540,7,10,787,371.57
2019-06-05,513,18,8,403,213.62
2020-06-19,397,22,3,415,332.48
2019-07-15,1331,47,9,297,237.8
2019-03-05,711,48,7,190,274.78
2020-04-15,1532,31,4,200,211.52
2022-11-26,178,22,2,780,337.1
2019-09-28,750,47,9,817,16.64
2022-02-15,1981,43,6,926,271.36
2023-11-09,568,13,4,723,213.5
2019-07-29,1174,1,2,714,234.26
2019-08-14,1205,14,9,425,176.12
2023-09-13,1813,49,2,543,175.41
2020-07-08,765,2,3,910,308.29
2019-06-25,144,7,4,138,76.33
2021-05-23,826,48,9,991,158.95
2022-07-11,77,31,7,248,382.74
2023-05-31,1167,47,9,484,224.48
2021-09-26,745,15,6,130,23.05
2023-01-24,1641,9,8,917,327.22
2019-03-29,1461,47,1,417,199.27
2019-07-12,244,32,6,148,14.06
2023-01-22,1172,46,3,220,142.95
2022-11-20,1136,2,8,590,217.35
2019-09-29,1119,49,3,424,394.58
2021-07-18,309,7,10,962,249.27
2021-05-26,1303,40,5,349,260.74
2022-03-13,1493,18,1,679,226.58
2022-11-29,1533,27,5,421,355.36
2020-12-04,623,18,4,614,20.02
2021-03-16,245,34,4,414,77.78
2022-08-29,595,9,4,235,299.78
2019-12-13,1209,5,1,437,124.31
2019-07-26,532,13,1,319,70.21
2021-06-30,887,35,5,401,58.12
2020-07-14,1055,4,1,492,25.24
2021-05-04,120,38,5,202,385.25
2021-11-24,1840,20,10,425,288.79
2020-02-13,521,46,2,330,40.69
2022-07-02,645,28,7,525,217.16
2022-05-28,1383,38,8,620,23.58
2021-10-15,119,39,1,244,362.0
2022-12-02,270,29,10,327,45.96
2020-01-23,1396,30,1,511,307.31
2022-10-17,1905,7,5,899,350.71
2020-12-10,1703,38,4,269,261.51
2020-02-02,1841,13,6,947,383.5
2020-03-26,266,39,2,758,38.3
2019-12-07,160,47,4,66,358.3
2020-11-04,1728,24,6,382,84.58
2021-09-24,360,30,9,599,232.36
2020-10-03,326,34,6,394,347.81
2023-02-24,1980,16,7,304,343.64
2022-07-10,411,41,8,688,101.37
2022-12-13,118,23,4,887,171.15
2023-04-08,642,9,9,102,341.87
2022-06-02,1913,49,9,944,10.51
2023-04-10,980,48,3,442,95.2
2019-05-07,1876,43,6,778,95.93
2023-10-31,1961,25,2,958,81.54
2022-02-20,563,48,2,622,302.99
2019-12-30,323,12,4,574,346.09
2019-04-10,481,46,10,799,16.27
2021-06-21,1469,10,5,226,187.95
2020-06-13,776,14,10,776,180.94
2020-11-27,1286,30,1,789,94.25
2023-05-09,185,5,4,509,279.37
2021-08-07,1261,48,9,940,58.3
2022-07-19,56,16,1,830,260.5
2019-05-19,790,6,7,759,36.88
2019-07-24,123,42,1,580,96.17
2021-02-04,718,13,6,616,13.99
2019-09-15,858,30,8,901,305.38
2020-11-22,1520,30,2,346,274.63
2021-06-12,875,31,1,949,146.33
2021-10-06,818,26,1,154,268.99
2023-06-12,620,14,4,446,172.15
2020-11-10,1828,29,1,517,329.97
2021-05-17,1012,47,4,508,112.06
2020-08-04,37,17,9,796,196.01
2019-02-09,1127,25,1,274,198.13
2023-08-19,104,35,2,859,333.78
2022-12-03,750,42,5,418,308.26
2020-08-19,446,35,2,98,24.74
2021-08-29,755,11,6,599,108.15
2022-04-06,1821,28,6,913,290.86
2019-08-23,833,5,5,871,17.92
2022-05-14,1506,24,6,566,271.29
2019-04-18,1485,40,2,688,324.24
2019-10-04,1159,1,7,236,253.25
2022-01-13,1801,26,9,297,125.74
2020-12-31,372,47,3,278,167.66
2022-12-29,1105,28,1,515,203.04
2020-05-11,854,8,2,254,181.4
2019-08-18,651,21,2,61,187.41
2022-01-17,1001,35,2,207,39.52
2019-07-18,1853,42,7,833,31.87
2019-09-12,132,37,9,972,224.93
2019-05-19,1470,5,6,118,322.23
2019-09-24,1599,46,9,367,95.6
2023-06-14,808,33,3,547,326.56
2023-01-07,990,27,3,807,138.21
2021-11-14,1557,13,5,696,324.62
2020-01-27,338,41,6,781,95.42
2021-03-04,1049,21,1,132,197.71
2020-09-25,1834,50,1,224,331.46
2020-09-09,1491,2,1,911,279.1
2020-10-09,49,7,2,695,389.1
2022-05-14,29,21,1,382,121.33
2022-01-16,189,34,3,118,330.14
2022-06-20,592,44,7,591,27.38
2020-01-29,266,36,9,201,387.91
2020-05-06,1065,46,4,248,14.32
2021-05-31,430,4,9,158,378.94
2023-09-21,1127,41,4,109,18.36
2023-09-08,1910,30,3,501,301.74
2019-12-08,865,39,9,232,271.45
2021-09-01,1009,45,4,170,154.91
2023-09-10,1979,24,7,886,364.25
2020-07-02,1494,33,8,283,375.19
2022-05-29,965,23,8,493,356.34
2019-03-10,1082,34,2,396,397.73
2019-04-18,1540,12,3,231,229.79
2020-03-25,1321,24,9,570,255.82
2020-12-26,17,21,4,525,199.26
2023-08-12,566,36,1,721,375.72
2022-01-02,1517,5,4,706,311.69
2020-04-08,623,43,2,332,372.37
2022-09-11,1146,49,6,706,355.34
2021-03-28,1984,37,8,646,92.44
2021-07-22,1884,46,8,285,107.81
2023-02-19,1327,47,3,51,335.79
2020-10-09,719,42,9,237,260.73
2022-08-18,968,21,7,290,271.93
2021-08-09,1661,5,3,553,126.18
2019-04-05,823,3,10,877,383.86
2019-03-31,120,5,1,719,144.65
2022-10-08,1511,16,7,985,295.44
2019-11-03,1577,20,10,855,59.93
2022-03-23,1677,22,5,874,283.94
2023-03-16,468,19,6,294,160.42
2020-03-31,1915,3,9,941,20.21
2022-01-04,818,42,4,927,29.66
2023-09-30,1192,13,3,622,291.99
2021-11-07,58,28,2,348,57.58
2020-08-18,673,38,7,918,372.17
2022-12-13,288,5,5,344,307.05
2020-03-04,978,40,9,287,239.05
2022-04-05,1837,40,10,432,198.68
2021-04-25,1493,9,4,216,108.65
2023-02-12,395,48,10,271,276.43
2021-03-08,971,40,7,246,357.03
2022-08-09,841,37,10,551,143.76
2020-07-09,848,11,9,100,228.89
2023-07-03,893,30,8,212,201.88
2023-12-21,742,29,4,386,134.16
2020-08-15,1692,40,6,339,228.33
2020-02-13,1653,37,5,300,215.27
2021-08-20,1750,35,10,385,269.36
2023-04-23,112,40,10,123,246.39
2019-08-31,1016,23,8,850,259.61
2022-03-13,886,41,5,967,158.29
2019-11-11,1575,23,3,71,348.43
2021-07-26,1440,4,1,251,69.02
2023-12-02,1494,14,8,656,65.68
2021-09-24,1596,1,10,831,352.58
2021-06-19,771,19,6,837,271.49
2019-11-17,1758,48,6,505,6.3
2022-07-28,1995,13,8,900,107.9
2020-08-31,855,28,3,482,276.52
2020-01-22,589,10,10,555,80.44
2020-05-20,1178,27,5,96,42.65
2021-02-13,1178,36,9,123,43.65
2021-12-28,1555,41,6,660,217.45
2022-08-09,1121,44,2,296,346.26
2023-02-20,1749,20,9,326,127.19
2021-06-12,867,24,5,335,247.45
2021-12-07,1084,36,3,126,390.01
2020-08-26,1966,23,6,927,219.11
2021-01-18,1686,14,7,260,43.63
2021-09-11,1166,6,9,496,77.15
2019-03-20,1571,26,6,716,125.57
2019-09-08,505,50,8,77,67.71
2022-01-23,1925,20,7,112,140.53
2020-11-05,1110,27,2,970,204.76
2022-02-13,1241,13,8,122,169.37
2020-06-08,354,22,7,233,126.97
2021-11-08,674,47,6,197,382.41
2023-06-02,1777,33,3,222,311.57
2021-07-24,809,16,2,292,301.95
2021-05-01,1529,13,5,64,82.2
2020-01-07,591,4,10,282,149.86
2019-05-02,1162,47,10,58,382.2
2023-11-21,1128,37,1,114,26.65
2022-10-13,228,36,10,705,185.41
2022-02-13,183,16,1,572,101.1
2023-10-15,1011,27,4,70,251.56
2020-10-16,1455,2,3,521,195.51
2023-05-17,1675,25,1,823,323.95
2021-01-02,1988,26,2,226,10.83
2021-09-13,968,12,2,390,19.18
2020-02-15,1227,17,5,824,175.49
2022-12-26,477,26,5,691,348.48
2020-11-11,1076,39,1,966,196.35
2022-08-13,874,18,8,64,338.88
2022-11-01,1786,28,1,86,355.42
2022-12-15,346,30,5,384,230.68
2021-07-31,1695,19,7,367,117.37
2022-10-07,1945,18,3,489,239.7
2021-12-19,1698,38,6,901,80.08
2021-01-09,1099,31,8,994,202.39
2019-10-18,1051,3,5,901,35.1
2020-02-07,845,10,10,478,56.65
2020-09-08,1345,17,8,600,100.16
2019-04-02,1610,7,2,281,160.78
2021-10-27,1510,41,7,600,121.66
2021-05-01,525,34,5,863,46.41
2021-07-30,1190,23,4,993,10.97
2023-09-09,118,8,4,137,105.4
2022-02-01,746,49,10,368,115.04
2019-04-24,1602,21,9,167,91.68
2022-12-02,1132,42,7,212,368.78
2021-05-10,1985,14,6,534,61.13
2019-09-27,506,50,6,768,80.04
2021-09-21,1922,41,8,636,140.36
2022-10-31,1568,26,3,622,301.39
2021-01-11,1612,35,4,849,6.79
2023-05-08,1896,20,5,754,324.51
2021-08-22,884,21,5,959,14.68
2022-11-25,1831,36,1,853,186.21
2022-01-30,801,38,9,156,118.66
2021-04-23,804,1,5,958,25.76
2019-05-07,533,6,7,404,65.07
2020-01-23,631,12,8,806,371.92
2021-04-24,487,25,3,542,111.09
2021-02-13,5,29,10,412,357.17
2019-06-29,1104,15,7,279,356.98
2021-06-13,1678,11,7,316,228.55
2023-05-08,566,15,9,171,47.55
2021-01-17,1164,32,9,440,290.61
2022-10-12,1059,35,5,585,162.61
2019-04-18,1091,37,8,401,287.54
2021-03-11,1556,1,9,844,103.89
2023-09-14,1509,43,4,469,158.41
2021-01-27,1481,14,8,428,379.77
2021-06-11,840,6,2,896,114.13
2023-12-12,1406,16,5,200,215.99
2023-11-26,1723,33,1,403,20.19
2021-07-03,1809,45,7,537,21.72
2023-12-22,568,21,1,347,262.45
2020-10-19,1952,22,6,653,144.55
2020-12-22,92,12,2,521,331.24
2023-11-08,999,2,9,434,383.61
2019-03-02,205,9,3,343,325.32
2019-08-11,102,43,1,161,313.5
2020-05-13,749,24,6,285,263.48
2023-10-27,1423,38,7,129,259.36
2021-03-23,171,42,6,472,82.64
2019-04-23,1270,46,6,892,346.49
2023-01-14,1628,11,6,236,329.74
2020-05-29,278,34,7,143,61.79
2019-03-02,322,25,10,806,133.63
2023-01-13,1803,17,8,211,397.88
2021-12-10,118,44,3,879,94.33
2020-05-30,809,27,8,166,320.42
2023-11-08,1143,8,7,813,106.76
2022-04-27,1118,6,2,221,307.67
2023-10-01,1748,6,1,907,156.99
2023-06-15,1198,16,9,444,239.02
2022-07-01,265,34,10,407,380.77
2023-04-30,1447,22,6,758,198.77
2021-05-16,1530,12,3,445,279.74
2022-12-25,450,21,7,852,292.89
2019-09-23,1251,7,1,566,339.2
2019-09-14,1609,7,3,983,289.92
2021-07-29,1785,35,7,407,297.89
2019-02-25,1073,28,2,365,10.53
2021-04-20,426,48,10,111,14.85
2019-05-08,1870,23,8,530,245.2
2022-01-17,142,43,7,447,6.72
2019-04-08,320,14,3,349,17.06
2022-12-30,1089,21,8,851,215.08
2022-08-24,1036,2,8,503,72.92
2020-01-16,1763,25,4,758,197.28
2020-01-16,1017,44,8,926,392.41
2021-06-11,242,1,4,456,245.83
2019-02-25,345,1,4,456,56.03
2020-08-02,1095,20,2,540,311.99
2019-12-25,1325,14,7,278,95.38
2023-06-15,1511,42,9,188,335.14
2022-02-01,739,1,1,541,242.95
2022-06-13,1995,50,2,824,83.31
2023-12-18,1287,48,3,640,126.96
2019-03-04,1263,34,2,358,57.0
2023-10-29,151,42,10,331,145.31
2023-12-30,1532,11,9,475,207.55
2021-04-07,344,21,7,823,244.86
2022-11-16,1775,47,3,825,291.61
2019-12-26,189,13,10,264,127.84
2022-07-03,577,25,8,808,164.62
2019-04-29,1207,27,4,750,178.05
2019-02-19,1316,23,9,741,72.29
2022-09-29,427,12,1,249,366.3
2019-10-10,1034,30,4,90,101.79
2022-10-21,525,12,6,704,127.47
2023-11-27,319,6,7,800,286.81
2022-09-08,570,25,8,974,45.47
2021-09-18,287,25,1,417,88.04
2023-04-27,427,30,4,474,251.15
2019-02-28,1611,39,8,604,317.79
2020-01-04,864,15,8,906,57.23
2019-11-05,919,12,9,503,274.25
2021-01-30,1631,11,3,571,60.7
2020-01-24,675,45,4,752,244.23
2021-12-15,955,20,8,199,367.98
2019-07-16,1886,31,10,788,151.36
2020-12-30,206,5,2,352,350.01
2020-01-10,1591,6,7,958,280.03
2020-11-21,1692,35,10,438,323.55
2023-06-12,1018,44,1,674,286.93
2020-05-08,1102,21,2,279,306.08
2020-10-22,1877,46,8,53,54.25
2023-01-31,1456,7,7,563,125.08
2019-09-22,621,16,8,244,152.98
2022-11-23,915,2,2,951,231.6
2022-06-19,878,7,3,576,242.94
2019-01-03,882,36,4,369,23.24
2020-12-31,912,49,1,936,175.85
2020-01-23,1575,28,7,422,85.57
2021-11-07,1379,12,7,137,107.24
2022-08-17,1347,32,1,495,24.43
2022-03-28,389,5,8,690,7.14
2020-03-19,677,18,6,891,302.78
2021-03-22,666,14,1,328,308.55
2022-07-29,732,50,4,585,7.68
2019-12-07,540,6,5,865,19.67
2019-02-09,205,24,3,474,84.26
2022-03-18,1778,29,6,876,145.07
2020-03-01,951,38,4,962,67.69
2019-12-28,1407,1,7,90,169.6
2020-09-02,666,3,4,479,356.02
2019-12-12,104,33,2,911,91.38
2021-08-02,1826,28,5,97,359.81
2020-05-06,1860,36,6,258,304.32
2022-10-07,598,43,10,960,127.89
2023-11-22,993,48,4,126,328.11
2023-05-17,1010,26,4,985,202.5
2021-08-02,1543,27,6,305,238.21
2022-02-18,1481,20,10,685,22.27
2022-11-23,1389,21,4,788,39.55
2020-06-23,1365,3,5,593,256.18
2023-01-05,1780,14,8,641,243.5
2019-11-25,362,10,6,927,166.1
2021-12-28,337,39,7,833,78.05
2020-10-08,371,17,2,810,311.15
2019-08-26,162,26,1,707,227.15
2020-10-23,1325,9,5,791,379.26
2019-11-09,493,32,1,438,346.74
2020-08-19,44,34,10,295,254.61
2023-10-13,1285,8,9,869,11.58
2019-03-22,813,33,8,628,393.27
2020-01-05,1511,4,6,552,66.43
2021-06-08,742,46,6,791,66.3
2020-08-29,552,42,6,526,225.34
2021-04-11,842,16,10,950,222.19
2021-06-22,1561,23,6,236,102.41
2023-04-19,778,49,2,480,210.16
2022-06-09,164,26,2,761,255.88
2021-07-31,812,50,1,983,257.16
2019-03-01,405,15,10,988,165.36
2020-05-21,461,12,9,495,325.97
2019-10-01,1107,15,7,717,191.53
2019-04-10,1045,43,9,581,202.12
2019-10-22,807,11,1,513,45.86
2020-12-25,1374,15,10,97,88.57
2021-06-18,250,12,2,53,385.8
2022-06-05,332,20,9,979,323.29
2020-09-11,938,11,9,357,282.67
2021-01-22,1062,10,4,388,237.36
2019-04-01,1668,25,2,403,337.89
2020-10-10,984,11,2,493,374.4
2020-07-15,1787,29,7,734,284.38
2020-10-29,430,30,8,871,334.08
2019-04-20,1640,25,9,793,357.76
2023-10-13,1521,12,4,270,235.1
2021-09-24,1965,32,4,54,314.33
2023-03-22,1631,47,5,639,261.74
2019-09-01,1846,1,6,457,289.92
2022-02-24,729,48,4,816,256.44
2020-01-04,659,23,6,823,172.45
2023-04-25,1810,12,10,602,317.02
2023-02-02,166,30,3,763,355.79
2019-09-11,1170,27,1,134,227.73
2019-08-29,1079,2,1,257,360.54
2020-05-22,1112,26,6,558,284.75
2022-06-04,943,37,8,751,315.71
2022-01-23,252,50,8,708,261.76
2021-07-10,645,35,9,163,137.07
2022-09-10,283,12,5,241,111.47
2020-12-25,1791,7,6,496,224.87
2020-11-23,1943,15,6,260,329.98
2023-02-24,389,49,1,397,316.92
2021-10-15,9,38,3,677,51.19
2023-08-13,455,11,3,189,260.73
2019-03-29,1281,15,9,732,281.03
2022-04-23,751,38,6,129,134.4
2021-05-16,588,8,6,692,306.14
2022-09-10,1900,23,5,203,144.78
2023-03-01,933,13,9,312,396.79
2019-01-15,1133,15,8,847,6.71
2019-06-16,1179,16,8,430,265.28
2022-04-04,550,47,8,771,51.51
2019-09-19,1211,17,3,712,46.89
2023-04-04,1706,20,4,502,372.27
2020-08-15,1736,44,1,333,303.83
2023-07-16,1015,43,7,973,46.76
2020-05-28,976,32,6,408,52.73
2019-11-03,533,42,4,898,178.83
2021-11-18,653,37,2,679,205.15
2023-04-10,216,10,4,539,220.94
2023-04-20,361,2,2,455,174.7
2021-05-18,1442,43,1,642,163.22
2021-07-29,401,25,8,379,369.34
2020-06-15,177,9,9,998,218.32
2022-05-15,1868,49,10,331,209.93
2019-04-22,473,49,2,930,127.02
2020-04-02,1048,30,4,284,334.4
2019-08-12,1522,47,7,75,306.93
2022-09-13,1366,6,9,861,153.59
2022-01-25,1464,7,7,873,35.19
2019-04-22,685,27,7,57,143.02
2022-03-23,861,46,7,919,373.43
2023-02-22,1248,5,5,318,12.51
2019-04-22,1828,50,4,857,370.26
2021-02-11,555,16,5,313,218.14
2020-03-19,801,44,3,291,239.57
2023-01-01,675,25,10,354,37.71
2021-02-06,360,17,6,965,53.99
2022-05-02,413,44,4,498,316.92
2019-03-05,344,32,7,262,128.97
2023-08-09,1014,13,9,421,94.12
2020-11-03,1092,28,10,972,72.37
2020-10-11,1421,18,5,174,57.07
2020-01-25,206,30,1,923,142.03
2021-10-05,1012,7,7,604,239.5
2023-08-30,1110,5,3,120,178.58
2022-08-11,1278,36,4,104,20.45
2022-05-13,1775,16,1,992,239.16
2023-03-14,30,3,10,362,250.08
2019-02-10,450,42,4,888,306.29
2019-06-20,693,18,4,472,273.19
2022-02-18,1450,31,1,570,190.17
2023-05-31,229,8,6,118,379.1
2023-09-23,606,11,5,278,31.4
2022-02-14,1641,3,6,418,171.87
2022-09-30,238,36,9,516,166.45
2019-05-10,1767,21,7,623,134.39
2022-10-29,1819,1,2,164,372.72
2023-05-22,1910,20,5,852,347.4
2022-08-21,835,50,9,406,350.07
2020-08-17,1178,10,9,374,42.43
2020-03-20,1341,50,5,393,129.49
2023-12-18,811,6,7,957,191.77
2023-12-10,1613,15,8,783,295.9
2020-05-03,349,35,2,234,163.33
2019-09-09,1944,42,3,799,369.21
2023-08-13,1237,37,8,99,84.63
2022-09-22,731,14,1,607,73.7
2019-01-26,366,23,3,700,175.98
2019-02-27,1803,37,2,132,184.19
2021-11-25,512,5,4,841,35.02
2022-06-14,542,45,10,341,116.85
2020-05-17,131,10,4,483,243.63
2023-10-26,1782,12,3,140,135.41
2023-08-26,867,21,9,672,132.91
2021-03-13,74,48,7,801,344.01
2020-06-08,1751,6,5,315,45.1
2019-08-23,766,8,2,411,207.17
2022-12-30,1384,6,6,61,343.57
2019-08-25,8,29,3,898,9.45
2021-05-05,925,11,6,440,236.76
2022-09-22,1391,7,4,297,174.14
2022-11-21,1584,23,7,222,94.62
2019-11-19,1904,26,4,717,82.15
2019-06-14,1638,31,1,493,132.97
2022-05-12,549,8,10,387,117.92
2021-11-06,1690,20,5,465,362.98
2022-09-22,1676,41,10,502,114.8
2020-10-09,147,43,5,480,335.35
2022-12-19,539,20,7,887,328.75
2022-10-15,1717,13,1,381,50.42
2019-01-14,1006,45,5,530,62.94
2022-07-21,1429,4,10,536,242.36
2020-04-24,1692,24,7,716,143.38
2020-12-26,509,5,7,828,12.08
2023-12-13,1144,29,6,52,377.27
2019-06-06,1607,15,6,812,148.39
2021-10-23,1978,22,2,517,275.16
2021-03-24,1471,20,2,50,19.79
2023-09-12,1099,14,3,559,215.55
2019-05-28,1146,15,1,810,326.14
2020-11-08,1179,4,6,139,269.89
2021-06-26,1230,1,3,66,342.58
2019-10-18,326,36,8,250,340.48
2022-11-26,740,31,2,951,283.56
2019-12-13,561,34,6,596,173.04
2023-08-11,71,21,2,232,194.65
2019-09-19,44,17,4,471,285.16
2019-02-22,381,11,5,96,363.26
2022-08-19,1635,44,8,156,240.56
2019-12-26,698,17,8,362,288.14
2023-06-11,1833,18,5,456,333.98
2021-08-24,9,8,3,978,39.36
2020-10-05,492,43,2,263,170.95
2022-01-11,719,33,9,603,246.97
2022-11-08,1604,20,2,634,298.8
2021-11-17,298,11,2,419,365.46
2021-04-11,1912,4,6,690,119.66
2019-05-31,864,26,9,593,222.75
2022-01-15,1465,2,10,538,378.22
2022-02-07,329,40,8,523,232.83
2022-09-09,1790,35,4,528,177.66
2020-06-27,781,12,10,339,188.2
2021-03-27,846,8,2,139,387.7
2020-06-05,94,18,5,850,112.36
2022-06-29,1601,42,10,938,31.29
2021-09-14,1329,40,4,51,38.5
2020-06-28,1735,23,2,636,182.2
2023-10-02,1564,46,2,432,118.64
2022-11-25,1129,1,2,130,337.67
2021-01-08,972,3,4,950,392.25
2023-08-13,313,49,6,376,244.76
2021-11-24,1835,47,9,56,393.39
2020-07-09,1506,37,10,159,135.96
2022-08-30,1701,7,8,761,270.69
2023-08-09,466,14,9,933,327.07
2019-12-08,628,41,7,570,300.91
2021-12-03,920,21,9,990,177.94
2019-05-08,1604,17,10,778,123.61
2020-03-16,949,49,8,653,47.24
2021-01-15,1294,24,8,933,98.08
2021-12-27,1254,8,2,276,220.29
2019-01-09,249,16,6,642,115.66
2021-06-15,650,11,6,147,27.24
2021-06-10,20,37,3,583,44.12
2021-01-26,993,33,4,281,148.91
2022-11-20,1578,28,2,860,353.48
2020-10-05,1127,7,9,69,207.67
2021-04-29,1986,49,9,98,288.49
2023-12-11,1444,14,10,661,221.85
2019-01-18,1787,48,7,541,353.75
2021-12-17,720,47,10,739,116.82
2021-01-21,1055,41,6,420,372.96
2021-07-10,1214,21,5,877,45.55
2020-04-19,172,43,6,108,343.05
2022-07-22,1373,36,6,837,131.1
2023-08-14,356,43,5,779,372.94
2022-09-19,975,49,4,395,146.46
2020-03-30,1242,23,6,801,217.05
2021-12-24,290,38,7,162,254.48
2023-06-19,1332,19,8,821,301.32
2022-05-20,810,2,5,855,86.88
2020-03-02,628,9,4,201,278.64
2019-12-09,406,29,9,967,184.8
2019-08-07,455,13,8,784,87.31
2023-09-01,1861,19,4,297,376.92
2020-06-26,58,16,5,277,320.55
2020-08-24,809,48,7,418,160.8
2021-05-31,443,44,2,552,211.81
2021-02-10,819,15,5,54,261.68
2021-06-14,94,6,7,648,104.71
2020-05-04,353,27,9,973,111.29
2021-07-14,1261,17,2,600,136.19
2020-08-17,181,8,7,214,16.95
2021-05-12,469,35,3,686,358.65
2020-08-12,1745,36,1,720,371.86
2021-01-16,94,39,8,140,23.8
2022-06-24,372,20,8,898,301.49
2021-07-23,2,44,8,230,355.51
2019-06-23,154,31,7,452,181.41
2022-08-20,91,12,4,262,12.47
2023-08-26,1219,29,2,359,359.69
2021-12-20,1657,24,3,72,179.05
2022-07-08,48,22,10,484,28.08
2021-07-02,1908,50,4,696,307.47
2021-05-03,1536,11,3,706,277.5
2020-02-23,1411,42,9,126,264.25
2019-07-27,1081,33,9,520,127.32
2021-12-11,809,35,5,581,215.81
2022-12-25,741,7,5,912,29.92
2020-09-11,601,26,3,384,341.85
2022-06-21,1298,17,6,372,234.26
2021-02-19,591,16,8,776,125.95
2021-05-27,101,8,7,623,138.03
2020-05-09,767,39,10,514,168.07
2020-06-16,353,3,9,262,77.82
2023-08-24,755,21,8,611,247.66
2023-06-06,1009,32,3,339,376.47
2022-08-01,172,19,2,640,380.12
2023-02-03,1848,38,5,639,56.4
2020-03-14,304,30,6,887,123.77
2021-12-15,17,50,7,363,333.09
2023-04-24,1128,16,6,656,313.15
2020-01-11,203,28,10,729,174.72
2020-09-27,1094,50,3,99,181.11
2019-10-21,54,39,8,376,239.99
2019-02-19,1012,48,7,60,83.59
2019-08-18,15,9,8,258,290.85
2021-05-13,105,4,3,157,219.61
2023-09-13,1200,2,3,724,73.4
2020-12-24,1733,40,4,515,295.87
2023-01-18,1442,21,1,865,344.11
2021-11-23,103,11,4,695,30.76
2023-07-21,1740,36,10,347,245.63
2022-02-19,555,50,3,402,143.34
2022-12-23,1713,22,9,401,282.04
2020-03-09,1000,30,10,81,6.99
2021-03-29,1633,18,8,565,342.02
2019-04-30,620,6,1,345,176.86
2022-09-24,1862,8,2,360,395.0
2019-05-11,1361,31,7,576,242.81
2020-06-01,1498,13,6,433,67.39
2019-04-09,1088,42,2,873,229.3
2019-12-03,406,45,5,956,203.4
2021-03-14,1213,14,3,995,289.77
2020-03-07,896,19,1,491,166.54
2019-10-25,602,5,6,354,45.29
2022-10-10,1706,38,9,215,277.39
2021-07-16,547,35,4,467,396.0
2020-05-18,1613,12,2,504,152.16
2021-05-20,1256,19,2,729,11.11
2023-02-23,1973,17,10,199,78.91
2020-11-25,1969,39,5,956,332.64
2021-01-27,1733,18,8,987,354.94
2021-12-15,918,37,8,219,225.71
2023-05-26,359,29,10,717,344.43
2021-09-23,1827,21,2,234,235.01
2019-08-25,70,3,4,552,186.44
2021-11-07,110,41,4,79,316.08
2021-08-13,1865,31,9,757,177.61
2021-03-11,343,38,7,632,21.87
2023-12-02,1585,36,4,645,73.62
2021-07-30,489,40,3,874,52.57
2019-03-22,877,20,1,672,13.97
2020-05-01,1117,4,6,466,91.96
2022-12-01,816,20,5,589,127.88
2019-09-15,1419,28,7,289,317.61
2019-02-01,805,41,1,672,163.48
2020-07-20,1329,28,8,240,395.72
2023-10-01,1914,49,9,931,99.69
2019-05-23,912,35,6,721,97.82
2019-03-21,375,10,7,860,258.33
2019-09-27,453,9,9,244,351.47
2019-10-31,1043,28,5,392,303.83
2022-10-13,1245,45,9,961,351.52
2022-11-30,1310,26,9,578,292.67
2020-09-09,1354,19,8,174,39.02
2021-07-07,1183,38,6,100,180.09
2021-02-28,1996,8,9,566,59.13
2022-03-16,275,3,9,540,373.76
2021-04-12,1757,14,7,432,105.79
2019-02-04,341,49,9,719,197.75
2019-10-28,1991,4,5,66,44.03
2021-05-03,1626,49,10,658,279.02
2020-04-10,6,22,8,684,150.94
2022-06-04,1581,30,9,498,221.27
2019-06-12,1598,46,8,251,16.36
2020-12-19,1758,11,7,535,26.74
2023-04-24,1877,7,7,680,295.19
2023-09-15,1043,12,3,245,276.28
2022-03-30,1565,28,3,931,9.42
2023-11-26,1364,35,10,93,393.42
2021-03-05,1072,25,9,610,361.84
2023-05-24,1899,4,10,126,6.9
2019-07-17,42,40,2,532,166.77
2023-03-05,463,15,10,271,71.53
2022-09-13,1404,17,7,733,63.19
2021-07-11,1095,15,4,725,152.5
2023-06-25,1730,39,7,132,111.76
2020-01-17,761,35,6,948,58.53
2023-08-29,1842,26,5,770,368.93
2023-07-10,1403,2,4,216,77.63
2021-05-16,889,45,5,516,260.97
2019-03-13,959,26,3,697,43.61
2020-08-15,830,42,1,573,199.57
2021-05-11,240,25,5,656,19.7
2021-04-01,1151,23,3,723,70.89
2021-06-10,548,13,9,554,151.96
2020-06-17,1418,26,6,590,198.87
2020-02-28,869,5,2,498,262.52
2020-06-16,1974,14,6,493,73.83
2021-05-07,171,5,9,831,78.41
2020-01-01,1040,16,2,674,30.2
2019-05-26,1353,32,10,634,64.31
2020-02-02,49,8,1,892,232.74
2021-09-28,204,30,2,731,32.47
2019-06-19,430,45,5,401,50.38
2022-10-15,1884,41,6,123,56.26
2020-03-13,1679,28,10,168,249.99
2020-06-10,1541,19,10,694,212.81
2019-09-16,1733,9,2,823,125.26
2023-06-19,1660,37,3,599,369.28
2023-11-18,708,22,2,224,297.84
2019-09-19,1463,43,2,936,18.94
2023-11-29,1160,6,2,86,395.16
2019-09-18,246,6,5,551,221.99
2021-03-08,1978,1,8,624,186.3
2020-07-05,1016,36,2,265,103.92
2019-04-09,54,30,1,361,185.43
2021-03-25,5,8,2,77,283.76
2019-04-20,172,49,9,766,320.42
2021-09-20,731,23,10,63,297.97
2023-06-25,775,23,5,527,354.9
2021-02-21,760,3,3,404,181.21
2022-07-02,1286,25,10,680,295.89
2021-07-18,56,42,6,342,270.85
2022-11-27,147,33,8,577,149.41
2023-09-09,377,4,6,648,88.39
2023-03-24,1830,24,2,852,379.17
2019-05-22,1377,1,9,441,151.34
2023-03-09,1982,9,4,631,8.62
2023-11-01,837,30,10,622,60.5
2020-03-08,1360,38,6,716,105.39
2020-01-31,815,6,5,413,250.42
2019-10-16,1930,43,6,334,42.34
2022-08-05,1075,19,1,641,177.75
2023-10-13,1031,15,6,254,294.77
2020-12-25,1040,34,10,986,204.54
2021-12-09,1566,29,3,389,255.15
2021-06-09,1598,3,3,409,55.16
2023-01-02,677,3,5,651,26.53
2021-11-04,654,32,4,776,353.36
2022-08-28,944,45,10,119,194.45
2020-12-23,360,31,7,542,166.89
2021-03-10,1297,29,3,510,205.04
2021-06-28,392,5,10,751,223.86
2021-09-17,397,2,8,202,98.89
2019-01-20,669,16,4,471,68.0
2022-10-09,1347,31,2,848,172.84
2021-09-06,712,17,1,556,98.96
2023-08-01,1504,48,1,188,147.25
2023-01-18,1925,9,10,240,249.79
2020-08-01,1023,6,2,940,256.0
2022-07-13,1099,16,8,163,302.14
2023-10-29,958,4,8,381,147.86
2022-01-09,1188,37,3,552,171.92
2020-03-15,1955,3,9,127,161.35
2021-07-14,1245,3,3,835,9.99
2020-10-04,946,24,4,811,343.61
2023-04-10,5,5,8,117,78.51
2021-12-28,1805,49,4,823,101.54
2021-02-13,1560,39,10,500,153.51
2023-03-17,1107,14,5,302,312.44
2023-04-17,504,47,7,947,371.66
2022-08-09,345,28,7,423,203.19
2021-07-03,1375,8,6,644,353.02
2023-11-17,281,37,9,825,201.28
2022-09-03,905,33,1,408,258.47
2020-01-04,1304,19,8,436,88.34
2022-03-21,870,18,4,264,127.28
2022-12-01,796,43,10,618,183.58
2020-12-27,950,19,1,475,18.16
2021-01-26,1478,35,9,340,353.91
2023-02-18,1622,13,8,621,311.95
2021-08-25,1298,35,2,847,96.45
2020-12-28,693,45,10,997,368.3
2020-09-22,1225,17,3,321,396.32
2020-08-08,1084,39,1,654,235.46
2019-01-04,709,44,3,570,147.51
2022-09-18,929,24,8,158,132.83
2019-10-11,393,30,9,423,213.86
2022-07-27,1459,20,2,107,397.35
2022-02-14,1107,41,1,861,187.63
2020-03-23,815,27,5,72,8.7
2022-08-04,1077,42,9,395,91.26
2023-09-02,325,10,5,601,52.54
2021-07-02,1970,27,3,97,271.25
2020-10-07,189,41,4,858,9.17
2021-05-10,1926,11,2,468,382.66
2020-05-09,1501,43,1,653,51.67
2020-02-15,1321,31,7,456,23.16
2021-07-27,1598,37,5,98,19.32
2021-05-08,669,17,7,838,328.39
2022-08-07,1779,4,4,672,135.91
2022-04-07,1205,14,8,212,39.43
2022-07-04,1058,44,4,605,306.76
2023-05-23,150,34,8,607,381.43
2019-08-12,124,13,6,433,151.27
2022-02-09,1107,9,10,235,380.03
2021-05-12,1500,25,7,610,26.19
2019-01-05,1062,4,3,629,150.93
2019-02-18,1411,22,4,178,327.27
2020-11-12,437,12,8,663,280.6
2021-04-14,432,31,3,280,101.62
2022-04-16,1434,1,4,461,149.16
2020-06-08,282,24,10,540,314.71
2023-09-21,1733,2,8,150,248.43
2022-07-25,1527,16,1,617,72.14
2021-03-26,668,38,1,419,366.82
2021-09-07,1428,17,8,478,318.98
2023-04-04,948,15,4,898,274.62
2021-04-26,1445,12,5,104,156.96
2020-07-12,937,39,2,478,95.66
2019-07-27,1977,23,2,389,334.5
2020-03-13,1930,33,1,168,164.52
2020-08-04,1120,31,9,959,28.81
2023-12-19,1492,29,1,95,99.98
2022-01-09,1870,33,1,686,280.14
2021-09-30,829,49,1,132,399.07
2020-07-10,1212,32,4,603,231.05
2021-02-14,1757,45,3,104,339.7
2022-02-18,1631,23,7,225,177.73
2021-05-14,501,4,5,721,262.65
2020-09-14,103,32,1,528,148.25
2020-11-25,1884,38,2,521,6.85
2022-02-12,439,46,4,345,128.85
2020-01-21,481,5,6,949,375.05
2020-04-11,1283,45,6,269,264.87
2023-09-17,192,40,4,999,148.06
2023-07-11,582,48,8,838,169.91
2023-09-29,843,6,5,183,185.6
2020-12-10,1277,18,8,60,185.63
2021-06-03,26,20,5,244,51.81
2020-07-01,1041,4,10,725,90.94
2021-05-01,1945,22,9,381,230.73
2020-11-12,319,47,2,984,83.25
2023-06-11,155,49,10,767,76.75
2022-09-07,1677,40,5,934,117.61
2021-10-20,14,2,10,970,302.33
2020-08-19,128,5,8,613,310.09
2020-07-20,1615,10,10,615,344.98
2023-12-15,1556,14,9,406,214.14
2021-04-21,1073,31,4,551,108.45
2020-04-25,88,46,6,473,234.1
2020-04-01,1256,15,6,906,301.75
2019-10-06,171,24,8,703,375.8
2019-02-05,1097,8,3,540,247.88
2020-05-05,53,3,10,838,282.03
2023-01-01,218,35,1,279,372.06
2019-01-09,1622,37,3,95,39.43
2022-02-05,1364,45,4,198,9.28
2023-02-20,1229,21,4,70,309.16
2023-11-05,384,21,8,472,59.06
2023-05-02,1287,4,6,617,223.04
2021-01-06,1635,28,9,481,341.48
2023-01-15,1559,28,9,369,77.28
2022-05-16,831,20,3,613,288.17
2019-03-21,1817,47,9,141,153.36
2020-01-23,1666,38,10,890,94.69
2019-10-31,738,2,1,758,181.64
2022-06-09,1884,17,1,985,131.67
2023-10-25,445,24,2,587,315.01
2023-05-06,1303,22,7,635,398.34
2022-01-17,1143,24,1,520,225.41
2020-12-21,1567,26,6,449,321.11
2021-10-30,781,42,1,332,161.13
2019-04-10,1334,5,4,574,66.87
2021-08-08,979,6,9,531,185.26
2023-08-26,807,49,2,244,221.13
2022-09-12,1012,29,6,822,164.97
2021-02-21,232,2,3,350,182.09
2019-05-19,1020,29,9,985,208.23
2019-10-17,1035,45,3,761,137.65
2019-01-10,1602,4,8,269,12.96
2022-09-09,478,18,3,216,335.09
2022-11-16,1141,32,4,50,83.4
2019-09-30,798,26,8,446,132.05
2020-01-04,1089,20,5,354,338.81
2021-09-15,1163,28,5,187,224.25
2020-11-01,73,2,1,795,59.78
2022-08-05,692,37,6,856,228.02
2019-09-06,863,18,4,777,122.03
2021-01-24,1082,39,4,409,380.2
2023-01-09,861,46,9,875,372.35
2019-09-19,1550,22,1,612,286.31
2022-04-26,206,25,9,767,27.96
2019-05-29,448,36,2,580,232.6
2019-11-25,521,3,1,712,128.78
2021-02-03,1840,43,3,611,179.71
2023-05-16,1153,8,10,765,361.37
2019-09-30,1576,50,8,187,162.89
2022-06-09,1790,3,8,207,282.45
2019-05-16,1850,27,2,733,328.33
2020-03-26,1982,37,9,683,18.92
2020-09-27,474,31,3,740,324.21
2019-05-16,983,2,4,115,304.75
2022-01-17,838,24,2,738,65.93
2020-12-30,469,39,2,811,337.07
2020-08-31,698,18,1,475,150.7
2022-11-10,1701,49,10,714,56.1
2020-09-01,1839,30,4,201,52.62
2022-01-27,802,17,6,392,309.58
2021-12-30,1043,5,2,813,340.35
2022-01-18,833,4,1,264,185.03
2022-01-13,1521,1,5,808,15.76
2023-08-26,1979,43,2,425,314.94
2022-07-01,850,16,6,881,230.9
2020-09-04,514,28,7,575,250.43
2022-06-17,1427,36,9,731,375.0
2020-04-03,1488,47,1,332,249.7
2020-03-30,1383,43,2,499,39.88
2023-08-27,1135,4,7,949,396.89
2019-04-29,739,4,6,464,313.49
2021-04-25,987,20,7,269,35.0
2021-06-17,613,45,8,795,305.93
2019-01-31,1583,49,5,817,220.18
2019-11-29,1947,29,8,390,101.99
2021-02-16,776,31,2,181,53.47
2022-08-22,883,6,6,455,215.23
2023-08-25,99,5,2,68,113.17
2023-07-17,1761,2,10,909,158.09
2023-09-11,1531,38,6,211,323.11
2022-03-21,1647,47,5,155,71.36
2023-03-05,1143,41,8,91,163.8
2019-06-13,596,34,6,365,17.13
2021-01-09,1604,29,7,488,80.34
2022-03-11,1137,44,2,59,379.85
2021-08-16,1011,14,3,746,137.55
2019-09-03,230,18,6,670,106.33
2022-10-14,1784,20,4,207,110.69
2019-08-07,421,21,7,377,157.17
2019-06-10,622,41,10,108,249.25
2020-03-13,206,40,7,575,67.31
2021-03-16,407,25,1,335,269.75
2020-12-07,1093,11,8,214,52.55
2022-12-05,1974,32,7,651,236.32
2019-04-10,14,17,8,324,93.2
2021-11-21,556,8,5,757,11.76
2023-08-19,284,25,3,491,168.79
2022-03-12,206,5,2,552,105.08
2022-10-29,1889,9,7,54,237.7
2021-09-03,1619,23,9,943,378.99
2020-06-05,1286,16,3,522,57.18
2022-06-13,1167,13,3,316,108.13
2023-08-08,1193,11,7,741,307.04
2021-05-06,84,49,6,295,268.38
2021-07-24,1394,10,6,742,320.31
2023-03-16,1220,50,3,402,117.01
2022-04-11,590,48,9,918,223.32
2021-03-25,240,40,5,606,194.55
2019-11-14,293,35,2,392,167.53
2023-03-26,1750,13,3,83,110.21
2022-04-27,57,44,4,127,306.34
2019-09-11,1097,46,7,154,177.57
2020-12-09,961,7,4,110,53.13
2022-02-01,645,39,8,937,71.46
2022-04-24,1754,36,2,963,122.78
2020-11-29,798,15,9,726,202.64
2021-05-11,961,27,5,798,290.14
2021-03-10,466,21,3,815,101.26
2023-03-12,738,46,2,186,283.94
2019-05-26,1299,43,10,838,343.35
2019-03-02,156,31,2,310,99.48
2022-01-04,1816,50,8,227,397.53
2019-12-13,712,44,2,263,343.18
2022-02-06,753,8,9,550,80.15
2020-02-16,1163,42,8,945,10.98
2021-02-26,650,23,6,485,370.09
2020-11-02,821,26,7,820,54.84
2021-12-13,390,7,5,285,249.16
2023-11-07,320,42,2,383,206.51
2023-10-17,1295,36,2,915,136.32
2021-02-09,1306,10,1,487,367.98
2022-02-28,865,24,5,674,298.36
2023-01-30,1102,37,4,67,52.12
2020-12-21,149,5,6,619,255.95
2023-08-23,316,50,10,759,355.57
2020-04-23,1251,18,8,626,299.87
2020-01-01,1389,41,3,514,114.28
2021-08-10,1823,2,1,817,339.48
2020-09-24,1634,32,7,835,351.52
2023-02-15,11,13,1,978,286.46
2023-06-05,1365,30,7,368,368.96
2019-09-08,9,1,6,645,71.25
2020-06-11,903,38,4,608,85.37
2021-01-13,805,38,8,905,302.33
2020-12-20,1179,26,4,963,271.46
2019-12-08,900,13,3,538,396.63
2022-03-26,1662,36,6,949,205.65
2021-06-24,206,42,6,618,91.58
2019-02-18,1765,37,1,473,375.61
2021-01-08,1587,37,5,121,254.67
2020-12-09,1843,37,10,942,194.15
2023-02-24,601,23,10,484,300.37
2021-02-22,634,11,3,601,167.11
2023-08-04,1814,19,5,420,252.62
2019-05-15,1287,4,6,551,389.38
2022-12-03,1159,46,6,462,330.7
2019-12-20,1328,20,5,357,364.49
2020-05-13,263,11,3,872,141.91
2020-10-25,1668,17,5,777,100.9
2021-10-07,920,19,1,646,269.79
2021-08-05,1843,37,1,946,95.31
2019-11-02,842,40,7,236,306.68
2022-02-28,147,13,10,935,270.93
2021-04-14,652,1,5,97,320.43
2021-11-24,189,8,4,788,356.72
2023-03-09,1648,39,7,398,19.65
2023-02-24,989,37,1,377,226.79
2023-11-17,1924,12,2,596,125.23
2021-01-25,48,49,2,216,194.63
2020-08-19,1510,46,3,830,200.35
2020-09-14,1394,20,10,991,266.2
2019-11-03,830,41,3,199,174.87
2021-02-04,1241,38,8,914,377.52
2021-03-11,1056,9,5,714,336.03
2019-05-31,1068,18,7,141,315.6
2020-02-25,484,28,7,118,339.14
2020-08-17,554,42,5,720,75.83
2021-09-08,556,41,8,695,389.37
2022-04-17,1985,32,1,164,223.88
2022-07-15,1967,2,5,865,102.88
2021-01-07,775,31,4,264,218.83
2021-07-29,1599,29,4,970,66.92
2019-04-20,1058,12,5,517,329.03
2020-04-07,47,21,6,502,162.39
2021-04-23,980,15,9,338,353.85
2020-07-11,859,15,3,754,37.55
2020-04-05,1177,10,10,880,153.65
2022-12-29,227,45,8,146,103.52
2019-06-13,993,37,6,269,276.14
2021-03-02,1348,26,1,70,326.65
2023-03-14,1192,49,9,217,24.78
2021-06-01,1162,38,2,440,107.14
2019-05-30,868,12,5,144,245.78
2019-12-23,1526,35,7,381,52.02
2022-09-16,586,19,3,341,76.96
2023-09-24,390,49,2,702,361.59
2022-08-21,1137,48,5,322,157.86
2023-08-22,375,9,10,630,284.26
2019-04-30,869,49,2,803,292.35
2021-01-11,1824,24,2,894,324.25
2019-04-17,875,46,1,178,188.54
2023-08-27,1525,44,10,508,109.02
2021-04-30,215,50,5,177,154.38
2022-01-26,633,26,6,330,307.39
2020-12-29,543,32,6,150,69.87
2019-07-06,922,19,10,276,270.99
2020-08-21,171,21,2,746,173.67
2023-01-21,1305,4,6,544,96.82
2020-02-05,711,48,7,844,304.68
2022-01-19,67,14,5,410,152.96
2021-08-24,1669,14,10,483,369.85
2021-09-14,745,39,1,891,215.09
2020-01-10,1389,1,4,525,32.23
2023-07-07,866,44,10,101,299.37
2021-12-18,1767,14,3,839,383.37
2020-10-15,44,37,6,974,290.63
2021-11-04,1607,1,10,828,12.84
2021-05-06,1729,35,1,357,280.66
2021-12-27,893,46,3,746,395.25
2020-02-13,741,22,3,770,386.28
2022-01-06,702,17,7,955,267.54
2021-01-18,1708,32,6,536,170.15
2021-01-17,346,34,4,948,126.57
2023-07-31,840,38,9,312,339.34
2019-09-30,1022,37,2,522,300.77
2022-03-28,1073,46,7,962,181.29
2021-11-07,1810,11,5,499,161.82
2022-07-18,414,49,7,63,72.05
2022-12-11,1675,47,4,448,69.87
2022-09-19,1380,31,1,594,187.98
2022-02-18,783,26,7,729,333.01
2021-03-16,1234,42,1,608,80.8
2020-12-10,1661,48,7,533,148.53
2019-06-03,878,1,7,675,294.28
2023-05-11,252,33,10,147,204.43
2019-05-27,305,37,5,881,23.31
2020-02-11,847,40,3,893,56.11
2020-01-16,1953,34,2,802,198.93
2023-09-10,690,6,5,137,339.28
2021-11-15,142,37,6,644,124.18
2023-06-30,1565,7,9,423,173.28
2023-10-05,304,1,1,849,359.44
2023-06-01,93,20,7,100,66.45
2023-02-01,1898,37,1,549,228.57
2022-04-15,483,11,2,483,115.64
2020-11-12,1998,5,6,948,323.23
2023-08-14,187,23,2,713,343.29
2023-06-18,126,29,6,439,374.76
2023-05-11,1938,28,8,685,56.1
2020-03-10,1599,6,10,613,356.22
2020-07-04,493,46,7,653,18.62
2021-11-04,1817,48,6,453,161.23
2020-12-07,1920,35,9,435,33.07
2023-05-27,1550,18,10,515,24.93
2021-06-02,1145,2,8,310,144.88
2019-02-17,830,17,9,938,157.32
2020-11-17,805,29,1,545,92.92
2020-07-11,236,2,4,581,179.81
2020-07-07,1252,32,5,827,184.37
2019-10-21,1278,33,8,548,249.59
2019-06-26,416,17,2,650,10.01
2020-09-21,623,5,3,908,298.62
2020-03-30,1852,41,4,918,43.94
2020-05-19,1719,31,6,396,128.7
2023-05-09,1074,10,10,612,202.79
2019-11-01,955,13,8,931,207.56
2022-06-04,1160,4,5,929,99.88
2020-10-20,1818,26,9,565,205.23
2021-10-09,260,4,6,588,56.31
2022-07-06,444,21,2,623,145.26
2022-01-03,1805,25,6,843,97.47
2020-09-08,1817,17,6,899,180.36
2019-03-25,1213,49,10,634,171.36
2021-06-07,234,39,10,833,283.51
2021-03-23,26,44,4,185,284.54
2019-10-17,250,37,9,474,270.4
2020-03-01,860,32,4,842,29.56
2019-03-26,1843,15,6,980,305.49
2020-05-13,1168,33,7,128,128.11
2023-06-05,1919,45,1,558,102.83
2021-05-12,137,2,1,467,173.29
2022-04-21,883,30,1,873,5.31
2022-01-22,812,6,10,701,215.8
2022-01-08,927,34,9,450,44.18
2019-06-13,1943,16,4,926,95.51
2023-08-28,1061,48,10,422,293.45
2019-07-09,949,21,4,829,180.1
2019-09-21,509,42,6,962,267.29
2020-02-12,1795,43,5,706,88.08
2022-01-17,101,3,3,297,35.79
2023-12-06,535,39,8,878,147.19
2021-11-11,299,39,1,931,257.73
2022-06-26,1735,5,5,886,32.0
2020-11-09,322,10,5,748,122.7
2022-03-29,1083,28,1,117,315.07
2022-04-07,466,13,7,209,338.77
2020-12-13,995,23,5,141,89.05
2019-02-15,1258,2,9,316,264.41
2019-04-08,1472,31,1,829,397.64
2019-01-19,768,16,4,830,47.85
2019-05-29,144,1,6,889,189.08
2020-05-26,19,19,2,817,53.89
2021-06-09,422,21,6,260,139.96
2019-06-04,2,49,10,272,217.09
2023-06-15,743,9,1,345,240.02
2022-01-14,1559,27,7,747,74.32
2020-10-06,1461,27,8,459,360.17
2023-03-27,1026,10,9,781,230.36
2020-11-11,350,47,9,732,378.79
2021-07-19,1337,46,5,652,23.35
2022-09-25,1879,10,7,937,386.94
2022-02-23,1126,34,6,771,394.03
2022-03-01,1441,3,9,740,219.12
2022-03-20,1152,26,3,191,259.72
2019-07-28,814,47,2,974,327.76
2023-03-20,1633,48,6,787,214.81
2020-03-07,1074,17,3,698,5.72
2019-01-28,1884,16,4,805,49.62
2020-01-29,1622,4,5,666,307.94
2020-06-06,1982,37,7,439,276.82
2020-03-30,1943,32,3,441,33.62
2019-05-09,988,32,6,797,143.04
2021-10-10,123,18,4,633,205.02
2022-03-31,1184,1,6,726,262.19
2022-01-25,1070,28,8,418,147.99
2023-04-19,1687,33,3,575,322.35
2019-02-25,223,22,4,313,153.77
2019-03-03,1677,15,3,361,157.58
2022-07-03,1804,42,5,875,135.77
2021-04-28,1644,30,7,806,111.33
2023-06-29,1240,39,1,603,126.09
2020-07-01,1171,8,9,68,44.2
2022-03-18,1027,41,4,904,209.28
2021-03-06,1504,10,7,568,171.21
2021-06-30,732,41,9,339,140.65
2023-01-27,18,30,4,477,15.5
2019-05-02,260,5,1,850,385.06
2023-03-15,399,44,5,690,143.89
2023-01-06,1936,18,8,904,232.06
2020-05-21,1819,12,9,200,130.48
2022-02-19,1267,2,9,782,338.17
2019-06-05,232,41,6,98,24.92
2021-07-28,150,6,2,102,165.05
2021-03-07,734,13,2,677,24.67
2021-02-08,957,9,2,367,88.87
2022-02-21,918,47,4,524,333.14
2019-06-26,1373,22,7,774,200.57
2023-06-07,445,9,10,201,67.16
2022-02-02,1099,12,3,308,28.23
2019-02-24,1508,50,3,837,24.3
2020-12-31,1335,8,2,768,106.33
2019-09-15,1392,45,3,520,308.62
2021-04-29,1072,47,6,925,215.66
2020-12-27,1588,8,10,538,240.32
2020-10-13,1231,24,1,941,63.61
2020-03-17,242,4,4,442,271.27
2019-01-26,833,15,7,80,25.58
2019-11-02,516,43,1,125,294.89
2021-10-10,1790,7,5,484,182.51
2021-11-19,1082,31,10,652,82.87
2022-03-11,236,19,7,659,361.96
2019-01-15,894,33,3,673,243.07
2022-05-01,1900,24,2,761,184.77
2023-12-14,220,37,1,567,152.84
2020-08-29,49,50,1,568,293.77
2022-10-01,952,21,10,585,347.45
2021-12-10,1111,15,3,563,125.95
2023-10-12,81,3,7,398,160.96
2022-02-12,871,28,9,555,144.22
2023-03-30,1534,37,9,474,320.14
2020-12-16,1552,20,6,76,343.49
2022-08-21,856,47,2,420,254.02
2022-08-18,1197,12,10,307,107.58
2019-11-22,1071,32,7,393,326.88
2023-01-02,1342,26,5,697,194.57
2020-09-19,789,4,5,589,128.76
2019-04-23,1175,11,6,953,147.4
2021-11-10,20,35,7,411,297.67
2020-05-20,508,33,7,313,91.81
2020-08-20,1632,43,9,710,17.09
2023-01-29,237,45,2,828,208.83
2019-09-26,1519,40,4,308,151.36
2022-04-05,197,37,7,788,291.85
2019-05-10,893,3,2,829,288.35
2020-12-28,416,10,7,442,220.62
2019-12-07,1230,9,6,642,331.78
2023-08-18,1811,17,10,246,18.75
2021-05-17,1048,9,9,217,279.03
2021-01-12,1243,12,6,737,109.13
2023-06-07,1001,43,2,201,31.22
2020-01-18,253,48,4,271,276.78
2021-07-01,745,28,10,416,264.65
2023-04-29,651,36,1,893,171.05
2023-06-08,657,20,4,559,363.54
2023-12-22,1950,2,7,421,185.4
2021-09-02,1710,40,1,980,261.38
2019-04-04,1443,31,1,781,136.0
2023-08-25,1935,48,9,270,395.47
2020-01-12,89,31,1,696,58.42
2021-11-28,1766,19,7,104,193.97
2019-08-26,1095,43,3,914,281.3
2022-02-12,1922,14,10,971,304.35
2019-03-26,1903,2,8,290,152.4
2023-03-17,1795,15,1,880,338.25
2022-03-07,817,49,8,890,287.79
2019-07-22,691,42,1,350,309.61
2023-05-19,546,33,5,901,198.24
2022-06-06,1095,4,5,758,221.12
2019-12-27,340,18,5,155,18.01
2023-08-24,306,2,9,171,205.17
2023-04-03,129,3,4,161,11.54
2019-06-27,1246,13,7,897,358.29
2022-09-28,1345,13,7,635,314.32
2023-02-22,669,47,8,716,235.67
2019-02-07,901,6,10,921,100.0
2020-01-17,451,1,8,856,151.83
2022-12-09,1015,30,6,970,116.39
2021-04-21,956,42,4,610,242.95
2021-09-01,1182,12,5,422,56.37
2023-07-08,1473,48,2,241,259.62
2020-01-15,1259,2,6,300,238.82
2019-07-30,1355,35,4,295,360.77
2020-11-12,1169,28,2,407,183.21
2019-04-18,246,4,1,869,64.18
2019-10-22,1831,37,6,946,141.28
2019-04-24,1147,47,6,898,189.28
2023-07-30,1591,4,6,649,184.51
2019-03-14,1526,29,3,545,157.5
2020-12-22,1621,4,10,932,383.51
2020-09-29,890,48,7,595,218.39
2019-11-14,348,34,10,483,118.98
2022-04-11,1540,41,3,73,341.18
2023-06-14,1406,44,10,562,381.15
2019-11-20,552,16,7,690,245.31
2021-08-12,203,5,9,960,393.28
2022-02-11,180,23,7,956,375.99
2021-03-24,194,46,3,171,129.36
2019-11-03,230,32,10,961,340.17
2019-12-25,1145,40,6,419,201.3
2023-03-30,1719,24,4,825,355.25
2019-04-06,457,25,8,831,319.12
2019-06-14,1511,47,8,179,186.13
2022-10-16,591,46,2,378,39.63
2019-08-29,1125,20,6,523,257.9
2022-05-28,1076,17,8,113,6.36
2023-12-28,1420,49,10,112,264.76
2021-07-16,1917,7,2,538,140.66
2022-12-12,229,19,1,984,169.73
2021-09-08,134,20,3,100,333.71
2020-06-30,1904,43,8,700,392.39
2020-11-25,249,45,4,708,65.22
2022-05-13,1597,47,8,422,135.41
2023-07-31,1833,32,8,424,241.49
2022-04-26,957,43,7,205,386.37
2023-11-02,1996,26,7,440,87.34
2022-02-16,950,12,7,863,173.03
2022-05-20,630,30,7,377,278.2
2020-12-10,44,47,8,640,25.65
2020-02-08,1953,42,6,401,51.63
2020-02-12,1325,38,2,597,272.87
2019-06-26,926,9,1,81,152.57
2022-11-30,491,14,7,836,52.11
2020-09-18,1748,37,9,980,187.07
2020-08-22,1802,11,6,534,73.74
2020-10-24,1228,12,3,458,376.68
2023-04-06,1032,18,6,135,146.88
2019-07-27,1152,35,10,315,268.52
2021-06-05,1815,33,3,674,286.94
2023-02-05,900,33,8,414,271.18
2022-02-06,1461,33,1,825,283.08
2019-04-09,1501,5,3,64,273.11
2019-07-02,1518,25,9,868,200.57
2023-06-16,1697,6,1,812,348.52
2021-07-08,708,28,2,563,57.38
2020-06-29,143,45,10,635,300.87
2022-11-18,247,35,2,300,142.12
2021-09-21,1036,11,3,736,303.21
2023-10-18,512,15,7,476,292.4
2023-08-05,1812,14,8,672,33.05
2020-09-01,1726,33,7,89,348.43
2020-04-29,626,30,9,346,294.09
2021-01-21,1008,18,1,609,161.24
2023-11-07,1634,44,8,213,162.99
2019-06-21,1496,32,4,88,53.59
2020-11-09,464,6,6,410,384.87
2023-06-18,547,41,1,897,11.08
2019-10-25,287,6,2,854,264.99
2019-04-16,1899,8,5,176,251.3
2021-12-05,1592,7,2,185,278.77
2019-06-10,1351,41,7,72,164.56
2023-01-16,1579,17,5,180,214.54
2023-08-03,1230,22,5,838,122.58
2020-05-11,621,33,1,736,193.47
2020-06-11,320,8,2,569,257.79
2023-05-10,252,39,1,286,153.15
2020-03-19,928,6,10,913,219.51
2023-02-03,667,3,8,520,335.69
2021-12-24,1303,23,2,330,151.36
2019-02-11,1625,37,9,379,109.78
2020-08-04,889,48,4,199,272.33
2019-08-08,1645,1,1,259,296.1
2019-01-05,1580,50,8,612,212.77
2020-02-29,1248,29,2,174,121.99
2021-10-29,1315,15,4,470,350.22
2023-09-25,1830,28,8,970,308.66
2019-02-17,1993,37,2,996,324.57
2023-01-14,1201,7,6,384,220.01
2023-12-27,85,43,4,829,379.81
2023-11-04,1663,45,4,789,57.87
2020-09-24,1458,11,4,533,297.01
2023-02-01,1262,41,6,927,260.27
2022-04-07,516,43,8,363,270.08
2020-03-21,722,10,8,525,57.37
2021-02-06,1002,5,3,804,20.62
2023-12-14,1104,9,1,617,156.23
2022-05-04,1676,30,1,248,243.44
2021-05-14,691,35,2,225,208.9
2020-07-22,1142,14,6,959,85.65
2019-08-20,652,21,9,278,201.32
2023-02-10,1471,25,6,675,263.69
2022-04-11,108,46,3,166,368.32
2023-04-13,1241,21,3,50,373.9
2020-01-12,1145,47,7,538,147.39
2021-11-13,543,44,3,782,243.88
2019-11-09,366,28,8,60,386.59
2021-01-15,685,29,7,567,8.7
2022-05-23,327,50,9,130,198.84
2022-05-17,1047,13,4,289,216.27
2021-07-27,1449,20,4,432,239.36
2019-04-17,161,18,4,729,166.98
2019-03-05,167,21,7,177,149.47
2023-10-22,713,22,10,747,191.41
2020-09-03,570,40,2,929,310.26
2019-12-20,448,6,9,977,57.98
2019-04-08,300,11,7,124,146.87
2021-07-12,184,21,1,874,134.82
2020-07-31,1022,50,4,872,167.38
2022-09-20,164,4,5,664,263.99
2022-09-27,1656,37,5,879,31.77
2020-11-01,1169,20,6,183,182.2
2020-02-02,1612,21,8,226,346.3
2023-12-16,317,15,8,50,204.17
2023-08-25,741,44,6,189,384.86
2020-07-17,682,9,9,104,191.92
2019-08-11,375,34,2,610,164.02
2023-08-28,494,41,3,791,119.99
2020-10-10,1122,38,4,640,261.64
2020-07-24,1456,5,7,251,23.02
2021-08-07,1032,22,7,624,363.55
2022-08-04,824,18,10,65,251.72
2019-12-06,252,45,1,712,124.53
2022-12-16,338,23,6,796,329.64
2021-07-22,852,34,1,450,321.51
2023-05-01,1227,48,1,566,211.56
2019-05-13,1369,27,4,308,31.26
2021-02-14,1197,1,5,475,232.17
2023-07-17,1683,11,2,908,150.11
2021-05-04,1150,25,2,187,222.63
2019-10-01,209,13,10,813,150.29
2021-04-17,919,41,5,186,181.52
2022-05-10,287,13,2,692,115.79
2021-04-22,685,37,6,939,219.04
2021-01-25,131,21,3,150,222.25
2020-05-20,460,13,2,372,269.22
2019-11-18,1808,48,10,630,38.54
2022-06-18,715,39,1,106,147.77
2022-02-26,1705,19,3,947,372.48
2020-05-24,1024,29,6,745,371.67
2021-11-23,509,17,4,281,399.23
2020-02-22,1503,29,9,848,321.44
2020-11-14,1011,15,6,306,145.36
2019-06-18,1627,37,10,874,33.87
2020-11-10,1389,46,7,436,272.51
2020-10-03,977,48,7,343,299.39
2021-12-26,92,24,4,299,173.39
2021-03-09,1538,41,7,987,165.01
2019-10-14,294,28,5,467,301.59
2023-02-01,1600,49,10,506,81.12
2022-05-27,1554,24,10,211,292.53
2022-11-30,1509,13,8,514,247.97
2019-01-18,1741,50,1,891,379.3
2023-11-04,1360,6,10,698,66.14
2020-09-15,1390,10,7,376,364.28
2023-09-23,1667,16,4,715,123.64
2022-06-16,654,30,2,480,152.15
2023-01-17,533,37,7,763,235.11
2022-05-16,556,15,2,287,369.18
2019-03-01,576,10,7,317,397.15
2020-05-02,508,11,10,755,146.9
2020-05-19,1712,37,1,597,380.68
2022-12-10,984,44,1,164,146.63
2020-09-03,1732,10,3,52,237.31
2023-07-24,1598,23,7,336,272.13
2020-05-18,817,14,5,454,135.78
2020-10-02,1902,10,10,348,148.34
2022-03-30,1898,36,1,79,163.64
2021-04-30,34,8,1,435,306.5
2023-12-08,1634,26,3,730,392.16
2023-02-10,1863,2,10,264,98.59
2023-08-20,56,32,6,115,50.86
2021-06-25,1334,39,5,92,214.23
2023-01-26,581,23,8,300,168.88
2021-05-08,100,31,10,295,84.93
2022-06-29,1720,39,4,52,272.87
2020-10-31,724,28,7,50,250.57
2022-08-07,552,24,7,818,380.27
2023-04-12,644,35,5,446,124.06
2021-01-25,1982,50,8,558,338.66
2023-06-10,1431,3,6,76,218.52
2023-12-15,1633,26,9,186,73.86
2022-03-25,324,41,7,176,323.27
2022-08-27,1298,14,4,578,339.68
2023-02-06,1988,4,4,140,100.54
2023-05-08,627,19,9,933,386.44
2020-11-08,169,44,3,872,103.68
2023-04-08,1763,17,10,225,10.77
2022-05-29,1375,9,1,911,353.21
2021-10-24,1244,37,5,958,145.04
2019-10-29,1479,5,3,472,384.92
2021-09-26,1590,30,8,281,186.32
2020-06-24,1582,28,1,729,45.8
2020-04-19,1073,33,8,901,37.83
2023-04-25,974,26,3,506,141.84
2022-07-03,385,2,3,230,186.75
2023-09-04,900,20,8,670,114.04
2019-12-04,1884,16,4,564,345.1
2022-09-17,1088,36,4,275,54.27
2019-07-28,801,18,8,225,227.5
2021-12-20,1312,43,10,954,266.01
2019-03-13,693,3,2,599,216.57
2021-04-19,1636,39,3,418,259.18
2023-11-16,489,9,8,205,59.27
2020-12-12,985,17,3,281,303.25
2020-02-18,1558,43,4,793,300.16
2019-09-01,5,15,10,67,304.15
2022-11-10,1934,14,7,149,126.15
2021-08-30,1177,25,10,314,382.45
2020-03-11,1781,39,8,476,125.49
2020-04-28,1925,40,9,834,88.96
2021-11-27,1210,46,2,741,264.61
2023-06-26,709,49,2,302,40.55
2021-04-17,1011,36,10,745,378.68
2019-07-15,1540,11,10,510,399.51
2023-12-23,1276,24,1,824,389.66
2021-07-18,1656,37,2,269,344.57
2022-02-19,42,19,8,306,89.69
2020-06-26,652,34,1,886,399.12
2020-01-16,678,17,4,90,56.02
2023-03-27,619,7,10,957,60.64
2021-02-09,1824,2,2,339,221.55
2022-07-06,357,10,8,457,357.25
2021-03-30,1061,29,2,489,199.44
2019-01-01,1787,1,6,177,236.08
2021-01-20,124,19,1,904,250.2
2020-03-05,1360,19,5,837,372.64
2022-07-02,1094,29,6,847,185.46
2020-01-19,763,14,5,417,213.32
2020-10-07,233,32,4,322,310.72
2019-12-08,1830,2,2,868,43.81
2019-07-22,1904,41,5,601,245.29
2022-04-22,790,15,1,668,50.01
2021-03-04,1685,23,1,600,73.09
2020-03-20,1631,6,5,294,171.43
2023-02-22,1493,50,7,550,351.02
2020-04-15,838,36,2,870,128.6
2019-11-22,1069,37,1,759,95.34
2022-08-10,582,2,7,822,356.99
2022-01-23,215,20,3,946,90.85
2019-01-22,116,41,6,450,21.88
2019-05-11,272,38,2,499,95.07
2023-09-16,573,25,6,989,260.94
2019-01-26,1431,21,2,437,151.26
2019-11-18,621,16,2,949,150.08
2021-11-11,560,27,4,225,257.5
2021-04-04,1788,39,8,756,322.74
2020-06-23,54,41,3,91,180.41
2023-08-06,1909,30,3,858,20.91
2022-05-06,1164,8,7,891,282.87
2020-09-28,1931,8,9,407,309.04
2020-04-24,627,1,9,300,40.05
2021-11-10,1411,48,5,277,87.13
2022-07-28,501,44,10,455,133.4
2019-08-01,98,23,1,198,210.77
2021-09-05,1665,33,9,886,11.67
2022-01-02,621,7,5,596,6.56
2021-10-09,1731,28,10,650,63.09
2021-03-24,152,13,6,489,303.25
2019-03-30,38,41,4,923,269.85
2021-01-31,674,18,4,278,145.67
2023-11-22,1291,29,7,328,333.1
2020-06-11,904,37,5,833,34.89
2021-01-18,969,30,8,700,193.75
2020-07-28,1884,23,3,219,154.66
2022-04-05,1484,16,10,169,167.45
2022-07-31,1282,20,9,594,308.3
2019-09-01,178,48,5,747,233.89
2021-12-16,1801,19,5,328,44.97
2023-05-15,1943,33,6,81,19.03
2021-06-16,740,3,3,229,138.13
2022-01-05,1342,17,3,238,348.13
2020-12-02,1804,50,6,361,23.73
2020-08-31,1837,50,4,906,326.75
2021-06-16,100,10,8,450,217.08
2023-01-21,1212,17,8,102,81.94
2019-04-20,271,46,8,468,69.95
2023-06-24,305,31,5,448,166.95
2022-05-09,680,3,10,295,213.42
2021-03-02,59,35,2,767,222.2
2023-11-02,680,33,2,501,75.33
2019-07-22,1246,40,5,926,105.49
2022-03-07,1705,35,10,198,161.48
2019-01-24,979,36,5,590,9.33
2022-11-23,889,26,10,184,34.28
2022-09-28,1130,24,1,894,279.74
2019-05-13,1067,30,3,62,35.18
2022-08-12,1198,42,2,282,171.01
2021-07-26,1187,14,8,631,306.53
2020-03-08,330,43,2,887,307.39
2022-02-14,697,43,6,55,132.32
2021-02-21,706,44,10,126,202.97
2019-03-06,1434,21,4,690,116.29
2022-12-20,690,19,5,435,127.04
2019-09-15,473,19,5,414,147.45
2023-04-22,424,3,3,421,145.58
2022-12-02,1187,37,3,225,48.17
2019-09-25,168,11,6,774,349.46
2023-10-10,1438,43,2,774,182.14
2019-06-13,520,43,8,200,264.62
2020-06-06,581,39,8,205,210.64
2022-08-16,1602,28,6,467,46.63
2020-05-03,1290,19,8,134,141.25
2021-11-03,1849,6,7,514,191.77
2022-08-01,1457,15,2,349,20.76
2020-09-03,680,23,8,502,339.21
2020-12-06,1537,21,4,637,15.9
2023-03-15,121,22,3,993,151.13
2023-04-20,1480,41,3,446,123.98
2020-07-28,1883,25,6,384,358.47
2019-06-09,1347,44,2,288,312.04
2020-05-14,175,50,3,314,252.86
2021-08-07,1989,47,9,473,114.37
2019-10-25,84,14,3,276,68.92
2022-05-24,856,45,3,995,373.63
2023-10-21,1104,31,6,97,292.82
2020-08-20,198,20,7,427,390.41
2019-09-06,872,37,4,664,25.04
2020-03-19,1594,33,1,890,51.32
2020-09-03,1177,14,1,181,15.48
2022-02-24,746,32,8,50,166.5
2020-06-09,687,18,1,322,296.78
2022-09-24,170,4,2,108,68.94
2020-10-02,1138,12,10,765,273.8
2021-07-18,604,19,4,693,232.25
2019-05-09,1516,47,7,858,261.79
2022-02-01,636,40,6,935,396.84
2020-01-24,939,36,5,564,83.71
2022-07-17,354,17,4,182,136.51
2023-02-07,1831,44,4,867,394.51
2019-01-02,408,44,5,100,268.55
2021-11-11,982,14,5,246,60.08
2019-11-13,65,18,10,944,305.47
2019-10-13,1231,22,5,848,59.72
2022-11-19,1337,25,6,827,293.36
2022-03-12,1520,42,3,735,216.48
2019-10-20,419,9,2,839,118.91
2020-05-15,1579,20,10,629,296.97
2020-09-06,1448,15,10,568,125.17
2022-08-08,1998,36,7,268,231.39
2020-01-05,973,46,3,948,380.79
2021-12-11,167,4,4,67,343.41
2021-12-24,775,4,7,413,202.9
2022-01-08,1040,8,4,935,265.38
2022-09-01,1070,34,3,471,126.49
2023-11-22,493,33,1,617,163.63
2020-01-20,1772,45,5,631,10.41
2022-01-11,947,48,4,877,18.41
2019-09-11,879,31,6,991,103.67
2022-10-23,523,48,1,811,89.23
2022-03-06,973,37,4,529,89.76
2021-09-21,676,8,6,286,289.66
2020-02-07,238,12,5,279,395.59
2021-03-12,1247,37,3,869,35.96
2021-06-03,975,10,2,320,65.06
2019-05-17,871,13,8,141,339.39
2022-08-06,798,5,4,261,185.46
2023-04-27,410,1,5,368,392.21
2020-10-14,617,25,2,319,207.77
2021-08-12,34,9,4,937,55.49
2023-03-05,288,13,8,938,204.7
2022-09-19,1159,11,5,411,65.35
2023-12-30,1615,37,6,617,59.98
2022-08-30,456,29,4,950,112.9
2023-04-09,747,29,1,631,387.31
2023-11-09,822,8,4,881,82.16
2022-04-30,888,9,6,422,282.4
2023-04-20,1394,39,1,813,316.61
2019-09-28,606,35,2,653,312.45
2019-12-03,365,41,10,743,301.66
2023-03-01,1317,40,9,992,189.7
2019-05-29,208,25,2,922,162.89
2023-09-22,520,33,7,716,374.33
2020-03-14,1242,28,9,141,234.69
2022-05-03,566,50,6,785,262.53
2020-03-24,10,19,8,684,116.19
2019-04-03,933,1,1,319,128.16
2019-10-29,1676,32,4,566,35.56
2021-02-13,1664,16,2,461,327.01
2020-05-02,132,25,6,895,349.58
2021-04-28,219,49,5,805,88.81
2019-08-05,1519,14,9,736,307.79
2020-01-09,561,37,9,994,232.49
2022-10-16,1325,50,9,153,234.09
2021-12-06,1314,38,8,716,19.77
2021-03-21,1657,4,1,328,203.98
2020-12-31,399,2,8,262,315.23
2022-05-11,270,9,3,329,121.25
2019-04-09,931,10,8,519,5.38
2020-08-09,16,12,10,69,159.57
2019-04-26,1663,45,5,672,292.6
2022-06-25,527,30,5,243,318.33
2019-10-01,323,5,5,51,103.57
2020-12-24,1369,42,4,469,140.28
2023-07-28,1989,31,3,341,26.41
2021-07-31,427,2,3,528,63.23
2019-12-02,1350,21,6,150,143.72
2020-05-09,428,47,9,763,98.27
2021-03-19,282,3,5,581,56.7
2020-09-07,1609,1,2,543,59.48
2020-03-25,1625,19,6,299,150.06
2020-01-13,424,44,4,374,145.11
2021-05-06,972,10,10,955,113.54
2023-09-08,599,17,3,419,126.95
2022-02-27,1767,40,2,280,394.84
2020-08-05,1992,47,3,428,113.85
2021-04-25,1646,50,3,462,53.19
2022-05-18,1967,2,1,997,86.78
2019-08-13,31,33,5,413,355.33
2021-07-13,1923,44,6,856,273.27
2019-03-06,1246,18,9,710,94.29
2019-08-31,419,18,7,289,106.78
2023-02-11,1523,43,8,135,10.41
2023-07-12,753,1,7,148,124.42
2019-04-18,690,5,4,314,387.53
2022-06-07,969,5,8,888,235.65
2019-01-27,862,11,7,750,192.27
2021-03-05,1358,33,1,557,344.87
2023-07-02,920,37,8,964,337.01
2020-05-28,1737,48,2,970,128.59
2023-06-08,1916,8,9,842,330.3
2020-11-18,22,2,4,798,51.11
2022-11-25,1188,17,3,314,365.91
2023-04-24,95,47,2,262,391.19
2023-11-21,1535,23,8,823,180.41
2022-08-11,348,19,10,546,265.21
2021-06-22,1314,48,1,834,385.58
2019-10-29,1520,19,5,62,276.95
2023-11-26,1957,35,3,450,317.52
2023-09-25,1699,5,1,664,88.81
2023-12-26,1153,44,8,899,16.0
2019-04-23,1261,39,8,983,182.83
2023-04-16,844,22,6,827,375.55
2019-03-12,53,9,9,708,40.0
2023-03-05,1028,12,7,582,85.16
2022-04-17,129,46,7,630,132.61
2020-01-06,1839,43,7,718,110.49
2020-04-05,807,14,2,412,90.18
2019-12-26,448,43,7,879,87.33
2022-04-24,545,43,4,167,116.2
2023-08-12,667,45,1,954,333.17
2020-04-23,1882,49,7,228,395.26
2021-03-04,1950,49,3,981,253.9
2021-05-11,491,13,8,276,74.07
2019-03-04,810,36,6,690,8.61
2020-04-25,1478,9,10,952,349.55
2022-10-09,1748,50,4,93,109.93
2023-01-08,470,25,10,358,58.88
2022-04-26,1722,40,7,80,128.49
2022-08-22,1767,45,9,699,81.63
2021-10-22,1401,43,9,954,315.65
2019-03-10,1862,17,10,966,107.39
2023-11-10,1786,15,3,854,242.96
2020-09-30,1288,8,2,424,234.98
2023-02-20,426,2,8,980,151.66
2022-02-07,1043,5,8,169,33.16
2019-01-06,1044,48,2,972,226.86
2022-12-06,1535,2,9,511,389.02
2022-04-28,578,1,4,839,110.55
2022-03-16,895,19,10,221,272.91
2020-11-18,1528,11,7,667,58.53
2020-08-31,1020,13,3,627,220.32
2023-01-08,111,43,10,358,300.24
2022-06-26,1084,12,2,855,20.18
2022-07-31,1959,42,10,535,330.55
2021-06-28,1466,47,8,335,54.8
2019-03-11,1012,48,4,548,178.37
2019-12-05,125,14,10,177,151.64
2022-11-10,817,32,10,99,170.71
2020-12-11,691,35,2,847,253.61
2022-01-22,489,28,3,862,225.43
2020-11-04,795,13,3,55,282.28
2020-06-05,903,43,8,518,240.02
2022-04-24,634,27,2,554,211.32
2019-10-19,820,44,5,102,285.24
2019-03-06,1859,33,2,727,243.86
2019-10-15,1822,33,1,119,309.31
2022-12-05,1562,41,4,622,123.41
2019-12-24,1411,38,9,784,176.73
2021-08-30,1402,9,2,214,8.54
2021-03-12,1323,26,8,264,43.32
2021-01-17,676,5,10,654,199.39
2020-10-14,1948,34,4,453,21.95
2022-06-25,809,3,10,983,128.32
2019-08-06,1094,29,1,942,253.25
2023-07-18,429,18,1,982,330.64
2023-03-27,1917,30,4,548,345.91
2021-04-12,2,15,1,706,289.72
2021-02-15,1819,14,10,680,205.68
2023-11-05,1849,43,5,988,290.48
2021-05-05,466,40,3,489,325.33
2020-11-04,1716,4,2,562,396.47
2022-05-07,773,25,10,138,82.95
2020-08-21,820,20,7,225,48.94
2019-11-21,1730,24,5,865,143.11
2023-12-18,1824,23,5,215,15.46
2022-04-17,1018,45,7,308,30.5
2022-08-25,959,25,5,635,225.43
2021-09-03,1282,20,1,900,218.4
2020-05-28,1081,14,9,965,88.3
2019-06-30,1081,34,3,415,141.75
2023-06-30,1527,33,1,432,378.95
2022-12-06,383,17,5,204,34.06
2022-10-26,1878,46,8,351,74.7
2019-05-13,395,23,9,799,360.15
2023-08-02,1251,16,6,744,293.9
2020-09-06,1093,50,9,115,297.74
2020-06-03,1074,30,3,372,357.0
2019-07-23,1050,8,3,207,334.75
2019-05-22,865,37,7,686,260.42
2023-01-14,1954,2,3,926,351.66
2019-07-26,1594,4,3,402,31.16
2022-06-01,1282,22,7,638,101.35
2020-04-11,866,3,1,283,41.74
2023-10-13,238,28,6,189,19.71
2020-01-26,971,46,5,110,35.16
2023-01-23,131,12,7,396,140.76
2022-09-12,399,15,6,529,69.99
2019-10-20,16,28,6,281,211.49
2022-12-14,70,29,3,635,14.59
2022-01-15,1741,33,1,431,263.51
2019-04-08,197,37,9,768,392.1
2020-01-07,571,37,9,653,255.66
2019-04-13,1025,1,5,168,15.03
2023-09-14,869,50,1,830,338.16
2020-12-06,1614,22,9,202,29.46
2022-01-08,1249,10,4,989,59.34
2019-05-10,1966,24,7,432,341.47
2021-11-25,615,22,1,337,311.22
2019-02-24,223,31,4,973,285.95
2019-03-22,834,18,10,575,176.47
2021-05-20,882,13,2,301,157.09
2020-02-17,1107,31,8,961,356.28
2023-12-21,231,36,2,145,206.12
2019-06-04,386,5,1,337,117.24
2021-11-15,1779,42,5,106,194.76
2020-08-05,1421,20,10,225,278.61
2023-05-17,1242,39,4,594,265.94
2022-02-26,988,7,3,890,39.91
2021-04-26,911,8,6,453,174.73
2020-06-04,328,8,10,919,369.95
2023-11-09,237,47,2,880,192.26
2021-01-11,1089,36,9,603,52.06
2021-12-10,870,23,1,849,224.54
2021-06-27,1582,15,8,638,345.95
2020-11-03,500,32,5,162,299.41
2023-06-18,92,17,2,781,149.83
2020-04-10,736,13,10,820,378.91
2021-11-05,1075,37,4,668,32.66
2019-08-02,1907,41,9,274,168.4
2023-01-22,1118,39,1,194,155.41
2023-06-03,1903,47,2,774,203.34
2021-12-20,1185,27,4,340,38.27
2022-08-13,881,27,4,200,280.55
2023-02-07,165,17,4,314,320.73
2019-03-13,1491,23,5,944,126.41
2019-11-20,72,32,7,785,298.49
2020-04-24,1427,34,5,307,81.64
2020-09-05,1791,45,7,408,43.39
2021-05-11,1314,30,8,136,349.2
2021-10-27,1719,17,3,265,240.34
2021-05-18,1565,22,5,383,45.4
2020-08-03,1467,19,1,765,250.29
2019-03-03,1918,41,4,69,179.23
2022-12-20,387,43,3,768,267.99
2019-05-05,1529,35,8,646,289.49
2019-10-01,997,4,9,808,235.37
2023-09-12,1964,44,3,553,124.11
2021-05-05,1881,32,5,581,79.69
2019-12-20,557,12,4,600,159.62
2020-01-16,314,45,8,344,246.87
2023-05-20,296,24,7,130,7.77
2020-11-27,1660,24,3,508,257.26
2021-06-13,265,1,7,911,268.67
2021-01-13,712,49,10,719,365.81
2021-11-12,299,38,8,331,190.71
2022-10-17,1991,11,1,911,213.42
2023-08-17,1774,14,3,572,218.97
2021-06-04,1549,4,7,473,358.26
2020-09-22,239,7,2,175,312.24
2021-09-20,499,29,8,417,171.29
2023-04-15,1121,23,3,557,127.82
2021-03-31,1529,17,6,666,39.09
2020-09-18,873,37,2,873,308.19
2022-07-19,672,9,2,324,271.85
2022-03-15,1941,1,7,295,111.04
2022-10-24,1621,31,2,889,206.79
2021-01-05,1459,22,2,427,307.16
2021-02-05,992,3,3,250,9.91
2023-06-25,1552,30,6,182,247.13
2019-05-21,688,8,1,869,120.76
2022-04-25,1328,41,3,392,161.87
2023-04-02,569,46,8,472,256.7
2019-07-07,1861,16,6,407,320.04
2020-03-11,228,10,1,370,391.95
2019-07-25,1815,18,1,88,236.75
2021-08-18,1621,16,2,787,133.73
2023-08-30,695,43,3,756,111.05
2021-12-10,1304,5,6,456,290.91
2022-01-11,1990,4,5,756,238.55
2021-01-15,1028,10,7,648,283.82
2021-07-17,1290,35,5,566,202.69
2020-01-31,652,25,5,851,51.18
2022-07-13,1066,12,9,924,275.59
2020-04-21,542,8,8,898,222.34
2021-05-08,257,34,10,648,49.06
2019-08-13,1683,1,4,749,53.46
2021-02-22,753,17,2,444,317.5
2020-11-30,1189,17,1,366,358.89
2023-10-14,150,44,8,871,396.21
2022-11-22,383,37,7,902,227.67
2019-11-30,1026,4,5,343,106.09
2023-12-11,1346,8,5,866,346.24
2023-01-23,295,10,7,960,67.83
2023-12-17,1642,25,9,859,215.25
2019-03-11,1235,26,4,169,42.49
2020-10-31,1639,37,6,849,257.84
2023-08-28,647,16,3,754,379.25
2021-10-10,351,12,1,763,372.13
2023-09-22,1554,35,9,580,257.62
2022-12-09,1537,37,7,146,129.77
2020-12-25,65,12,4,332,351.48
2022-11-14,1534,35,5,371,130.82
2020-08-09,82,5,10,684,92.51
2022-06-26,678,17,2,636,121.82
2019-08-12,579,26,2,759,363.53
2022-12-04,1554,27,7,598,57.32
2022-10-19,1942,9,5,741,203.34
2020-08-02,1928,4,9,635,221.22
2020-04-01,1789,26,5,93,277.36
2021-01-17,294,34,1,275,168.87
2020-01-02,1098,34,9,77,387.64
2021-04-13,1667,31,7,695,298.49
2022-08-29,1516,15,6,140,334.78
2020-06-21,529,16,7,314,70.14
2023-10-22,1031,31,10,737,78.21
2023-08-18,741,48,1,84,239.1
2020-12-13,766,44,5,476,68.03
2023-09-03,470,33,3,584,106.32
2020-01-19,1775,32,2,887,189.28
2022-01-26,617,45,1,291,229.72
2023-07-01,907,10,3,984,261.01
2022-07-30,1072,29,6,841,376.74
2021-06-03,531,50,2,674,260.26
2020-05-31,1693,2,5,939,8.13
2021-12-13,1436,24,9,512,217.38
2021-01-16,156,24,5,387,268.13
2021-12-02,1725,9,1,519,380.09
2021-01-10,36,38,6,972,328.71
2020-05-18,152,33,7,568,51.22
2023-07-31,364,5,1,263,50.48
2021-02-12,951,11,4,185,351.12
2021-03-06,1099,11,7,181,80.01
2021-10-27,1695,45,1,77,211.97
2021-04-30,633,38,4,402,131.35
2022-11-08,264,45,7,286,74.63
2022-10-03,1072,41,2,990,322.53
2020-06-22,402,13,2,696,231.57
2022-03-13,736,33,8,220,323.92
2023-10-21,1832,4,8,508,391.37
2022-10-31,1503,35,2,410,291.78
2022-07-21,1020,6,8,687,386.53
2021-05-25,1804,2,1,623,221.57
2021-06-03,1844,41,5,526,187.86
2023-04-29,860,3,7,922,100.79
2023-10-03,1459,12,10,425,101.18
2023-06-01,888,45,8,891,236.94
2023-08-09,1466,2,7,859,220.4
2019-08-22,1659,28,1,829,383.42
2021-10-19,635,44,10,74,277.66
2019-09-29,264,5,3,144,315.61
2022-08-04,1811,9,2,168,326.06
2019-10-17,920,22,3,271,9.07
2019-06-11,670,12,1,306,128.87
2023-07-23,672,3,9,155,217.08
2022-10-10,1788,5,4,154,30.61
2020-05-27,1906,49,4,790,179.7
2022-03-10,907,13,1,732,257.07
2023-05-15,591,31,7,848,399.67
2019-06-05,386,3,5,516,369.03
2021-01-31,74,18,2,970,395.28
2019-05-16,1474,16,7,173,135.99
2020-03-26,28,2,3,313,163.77
2023-07-25,395,11,9,382,350.23
2021-06-16,124,24,9,974,38.64
2022-03-30,795,29,5,927,232.64
2022-10-20,351,46,5,829,184.71
2020-05-26,107,42,2,609,213.52
2019-08-30,1352,42,9,920,65.8
2019-11-11,1835,7,3,898,315.61
2023-10-28,391,48,3,618,118.18
2020-03-04,153,19,2,568,284.78
2019-05-06,1809,17,2,180,349.77
2019-04-01,1594,7,1,529,229.99
2019-06-24,1236,3,4,560,105.31
2020-08-17,431,34,10,64,134.82
2021-08-24,404,34,8,614,226.72
2020-04-26,322,33,8,220,139.71
2021-01-06,1602,32,10,233,383.78
2020-04-26,730,24,2,119,166.98
2021-03-12,412,47,10,103,32.75
2019-11-12,1230,21,10,694,127.13
2020-11-19,1678,32,2,159,188.64
2020-11-17,1143,27,10,70,228.76
2021-03-25,527,22,5,483,275.64
2020-09-05,1232,14,10,399,286.05
2021-09-27,1133,14,1,546,127.49
2023-06-25,122,45,6,685,359.05
2020-06-23,1127,43,5,879,80.12
2019-07-04,1891,11,2,973,58.21
2019-01-24,1850,26,10,552,370.55
2020-06-13,1988,27,1,160,82.73
2023-08-12,1043,20,3,662,162.54
2023-03-21,1277,3,4,928,233.93
2022-01-28,509,30,8,577,195.12
2023-04-01,1636,17,4,453,388.05
2019-11-29,482,11,8,284,234.4
2022-12-11,303,6,3,710,285.9
2019-12-26,1827,1,10,939,216.89
2019-06-30,1670,12,7,817,335.49
2022-12-24,328,49,9,506,180.76
2020-04-05,1579,32,8,366,115.37
2021-12-28,1688,11,10,672,245.63
2022-04-16,611,5,10,655,253.65
2020-05-08,30,38,9,765,257.99
2022-12-06,171,8,6,864,199.88
2019-05-17,1500,19,2,838,360.33
2022-07-01,1424,22,9,658,15.01
2023-04-12,1275,45,7,879,99.65
2022-04-15,533,35,4,593,289.54
2022-02-07,481,33,2,393,284.85
2021-11-07,1095,25,3,741,135.38
2020-01-01,1035,20,10,423,25.87
2021-05-27,34,37,5,379,63.87
2021-04-26,1147,20,4,259,212.89
2023-06-08,1439,4,1,301,43.99
2022-10-30,1947,9,6,320,356.62
2020-03-25,455,22,1,682,6.46
2021-02-16,557,12,5,585,302.45
2020-05-10,1628,19,1,693,31.94
2021-08-31,1932,28,7,635,282.39
2020-10-17,677,24,6,288,288.21
2020-06-15,835,46,1,909,141.53
2021-03-18,1916,36,1,422,73.22
2020-05-25,1965,23,8,892,270.17
2021-06-22,1114,32,10,216,307.17
2019-02-24,824,45,2,199,269.7
2023-12-14,818,37,4,760,216.75
2022-04-16,753,12,7,793,150.12
2020-02-17,1970,19,9,311,114.31
2023-12-23,1825,46,2,202,379.03
2023-12-30,1720,23,8,606,321.27
2022-12-29,1436,21,8,50,113.87
2023-03-19,86,44,3,957,117.48
2020-03-30,659,3,8,839,379.08
2019-05-20,876,39,7,527,264.27
2020-08-08,1017,2,5,778,50.75
2022-12-21,1485,14,5,452,15.56
2020-07-13,1113,20,8,368,14.88
2020-02-16,708,22,8,443,276.18
2019-02-16,1910,34,7,246,347.54
2020-03-10,39,8,8,244,79.83
2022-03-14,650,28,7,690,42.28
2022-12-16,1130,15,7,192,48.91
2023-01-03,1007,6,1,365,308.01
2023-10-02,1369,27,7,56,360.69
2021-08-06,390,49,4,433,83.29
2019-10-02,182,43,2,867,9.28
2021-02-26,1251,25,5,690,41.01
2023-06-07,1452,9,3,218,299.35
2020-08-18,354,29,3,326,44.32
2021-11-05,1894,26,1,717,146.36
2019-10-23,1723,37,8,604,143.82
2022-10-31,1683,37,3,572,85.02
2021-01-11,418,47,9,643,380.12
2019-09-09,1104,36,3,352,143.33
2021-08-26,597,8,1,367,304.97
2021-07-06,646,40,6,611,350.86
2020-02-03,957,23,10,427,286.28
2022-04-22,4,42,2,207,75.45
2023-01-15,363,49,2,487,383.93
2020-03-16,747,35,2,202,325.48
2019-02-14,1999,49,10,774,241.55
2021-02-20,1403,1,4,929,105.76
2020-06-20,745,24,9,912,39.31
2020-09-10,1206,29,8,619,244.98
2022-12-20,1063,16,7,826,309.82
2023-04-23,476,5,4,606,128.66
2022-08-09,1932,48,4,696,55.48
2020-12-13,1623,1,3,244,78.1
2021-08-12,1963,33,9,673,296.84
2020-12-22,1075,2,7,221,353.03
2020-06-23,1473,35,5,56,387.78
2021-03-07,521,17,2,750,237.15
2021-09-23,934,49,3,90,305.19
2019-06-07,341,47,3,778,150.93
2019-08-20,1862,1,2,654,312.72
2023-03-04,223,50,3,353,226.0
2020-01-13,1535,40,3,875,364.53
2023-06-18,1018,49,9,66,91.35
2019-12-14,459,13,8,615,294.26
2020-09-17,896,8,6,255,249.53
2019-09-02,550,12,6,243,337.52
2022-08-10,1617,16,4,554,274.73
2019-03-23,1122,11,10,729,143.44
2019-06-08,1516,38,4,115,341.04
2021-05-14,1641,5,1,69,9.74
2019-06-23,1579,48,8,883,276.49
2022-09-10,221,33,3,898,63.18
2019-07-29,1589,33,6,277,142.06
2023-09-16,438,10,7,463,320.36
2019-02-28,351,27,9,480,370.39
2023-11-05,1970,20,3,439,272.2
2021-09-20,30,13,4,245,90.23
2020-01-26,1059,14,8,536,240.43
2022-04-29,1661,14,5,366,14.74
2020-01-25,1819,36,10,948,63.73
2023-07-22,1336,41,5,308,70.45
2019-09-02,92,9,1,103,49.58
2021-04-05,1669,25,2,85,73.49
2022-09-01,715,2,10,670,386.86
2022-02-04,1242,3,10,65,114.11
2021-12-05,454,1,3,167,333.78
2022-10-06,1697,22,8,802,136.29
2019-12-22,1874,22,8,92,340.28
2019-12-15,108,40,3,952,189.85
2021-04-28,1606,32,7,255,107.42
2019-06-28,414,49,3,407,150.46
2023-11-12,78,41,8,342,253.67
2023-06-05,821,45,9,242,112.42
2019-09-21,589,41,5,730,14.52
2022-08-09,1793,19,9,973,210.92
2022-06-27,661,31,8,759,254.38
2023-08-01,914,31,5,183,290.57
2023-05-16,1126,10,2,937,88.58
2019-02-23,236,46,5,137,252.44
2021-10-17,1127,32,7,211,272.11
2023-11-10,272,14,2,792,92.49
2020-02-26,1669,36,3,339,306.84
2019-05-22,80,5,10,399,384.32
2021-07-19,137,17,2,994,384.69
2023-01-31,489,3,9,746,298.53
2020-01-27,83,42,10,517,143.26
2021-12-14,400,18,5,503,226.4
2021-12-25,1825,6,3,231,32.41
2019-08-26,814,47,2,948,157.81
2019-03-20,1884,5,3,515,243.38
2020-10-07,902,26,2,870,173.76
2023-08-07,242,43,2,424,392.43
2022-09-20,235,1,1,144,58.96
2022-02-22,1077,20,6,720,261.31
2022-10-28,1024,28,1,495,211.59
2021-01-02,1598,8,9,131,76.14
2022-09-22,1757,33,5,823,98.85
2022-07-26,1914,29,3,963,243.7
2023-08-01,319,34,1,110,95.49
2023-08-29,1372,19,7,720,272.57
2019-02-13,1668,28,10,693,269.05
2019-01-22,1724,44,3,404,189.24
2021-11-04,1794,9,8,142,311.52
2021-04-07,872,48,7,154,372.01
2021-07-15,1882,30,6,606,304.12
2022-02-28,1358,28,10,742,394.1
2022-02-13,1008,1,1,725,333.22
2022-09-07,1294,32,3,514,258.8
2021-08-26,972,35,9,796,29.33
2019-10-28,1373,40,2,261,341.89
2023-08-16,666,6,5,914,162.64
2022-12-10,246,45,6,793,371.11
2019-05-02,1565,17,2,100,176.06
2020-10-04,1376,7,6,899,218.18
2019-07-09,251,48,7,302,247.94
2023-05-23,1828,39,1,224,93.91
2022-11-27,111,42,10,755,329.54
2019-09-24,948,41,2,674,5.93
2021-04-14,1783,45,8,311,200.63
2020-05-23,986,8,3,731,67.01
2021-09-11,1288,43,9,140,234.58
2019-04-22,374,7,2,305,133.44
2020-07-22,122,24,4,969,61.45
2023-03-11,1586,18,3,374,121.58
2022-03-20,526,25,3,392,228.81
2021-07-16,180,12,8,517,366.23
2021-10-25,1275,13,5,676,98.36
2022-02-13,109,20,5,140,214.04
2019-03-18,1677,49,1,923,57.86
2020-11-16,1598,20,5,598,120.82
2019-11-19,1146,39,2,59,135.13
2019-07-08,864,13,8,434,86.19
2019-03-29,100,33,9,894,239.23
2019-10-08,1279,42,5,685,127.27
2019-02-27,964,23,1,405,248.55
2019-07-20,1382,25,4,565,47.56
2023-04-01,779,15,5,714,10.89
2023-11-02,524,14,10,129,200.76
2023-01-22,193,34,9,408,29.41
2019-03-18,1088,49,9,205,161.36
2023-01-14,688,19,4,151,162.73
2019-06-08,1772,46,5,255,335.46
2019-01-07,1801,33,4,490,318.47
2023-12-02,241,16,2,280,112.36
2019-12-09,1573,22,9,242,98.3
2022-07-17,624,15,9,105,294.9
2021-02-15,26,10,2,650,270.9
2022-01-19,855,6,2,906,81.75
2023-09-30,897,1,10,941,362.43
2021-03-16,68,14,6,182,386.45
2020-01-20,1422,38,4,68,364.69
2019-08-28,1739,4,2,168,73.54
2023-08-23,1966,7,6,82,313.05
2023-02-14,1568,11,1,954,329.92
2019-05-22,1703,1,7,955,258.84
2023-04-04,1391,39,5,212,346.29
2022-08-13,1644,36,1,852,211.37
2023-05-31,246,37,7,683,24.02
2019-03-03,1910,42,6,442,159.35
2020-06-15,237,18,10,930,44.39
2022-03-30,597,5,10,483,337.14
2019-12-23,387,40,7,827,167.43
2022-05-29,549,40,7,636,37.22
2019-08-05,1375,8,10,546,381.1
2020-06-16,1152,14,10,595,387.37
2022-01-08,152,43,10,796,286.18
2023-02-09,145,2,8,931,372.56
2021-03-07,1642,37,6,455,103.27
2020-11-29,801,2,7,756,64.35
2020-02-09,1246,19,6,435,31.6
2023-10-01,1995,23,3,877,120.58
2021-04-20,1858,18,1,79,334.38
2021-10-10,1695,42,1,175,259.79
2022-01-27,1018,44,3,204,29.66
2019-01-02,260,29,3,513,119.79
2020-09-18,519,23,1,925,31.92
2020-07-23,715,13,5,536,43.43
2019-08-13,237,30,5,973,223.68
2021-05-02,1883,6,7,407,134.31
2020-10-22,958,43,7,801,213.91
2019-06-18,219,37,9,677,146.34
2021-06-01,1646,42,2,478,296.25
2021-06-09,1436,47,1,191,23.05
2020-03-11,616,26,6,769,176.7
2021-07-13,944,24,6,535,102.33
2021-12-29,1275,37,4,163,311.83
2023-05-05,519,42,5,318,138.97
2019-03-07,1985,37,7,536,94.71
2019-09-11,607,15,10,528,99.51
2020-10-20,713,12,4,421,68.01
2019-03-05,571,12,1,750,198.8
2021-05-12,596,25,6,497,63.96
2021-05-06,187,10,2,321,7.43
2021-10-22,1894,5,7,648,288.12
2021-09-22,1551,33,6,556,339.52
2023-09-28,1987,35,5,460,130.18
2020-09-20,1449,28,9,877,269.06
2019-07-26,676,7,10,841,84.31
2020-06-09,1808,14,2,785,346.87
2021-12-17,1218,44,6,257,146.9
2022-04-16,446,42,7,907,137.73
2021-11-08,718,19,7,839,308.74
2023-09-28,1071,35,9,83,161.94
2020-12-21,879,20,4,837,237.18
2021-09-29,160,19,8,717,324.66
2020-11-14,610,19,4,390,287.89
2022-10-05,726,32,7,798,381.83
2020-04-09,206,44,3,954,202.37
2020-01-12,124,8,2,522,115.22
2021-03-10,1108,49,2,313,275.98
2022-08-06,1234,27,5,171,358.58
2019-07-08,1787,33,9,962,147.79
2023-10-09,409,34,2,162,243.3
2019-12-03,1465,23,9,101,137.97
2022-10-17,738,30,3,78,226.43
2021-06-03,1917,43,1,893,389.91
2019-11-01,1687,44,9,715,372.22
2023-08-03,1094,30,7,633,288.91
2022-10-23,1168,7,6,938,255.37
2019-02-02,159,2,9,861,204.92
2019-03-19,1965,10,6,765,137.47
2021-02-24,339,22,6,261,124.3
2023-05-09,1450,5,8,729,219.47
2019-05-23,544,33,8,732,48.58
2021-08-06,1002,42,1,367,289.18
2022-07-11,1445,11,10,765,333.48
2023-02-03,1198,2,8,626,337.07
2023-09-12,1579,24,7,662,283.6
2021-08-21,1237,24,4,142,245.55
2019-12-18,1221,23,3,131,126.66
2022-01-20,1949,35,8,201,295.77
2019-02-07,1849,49,9,690,311.33
2021-02-02,1258,48,3,220,178.63
2020-06-13,155,2,1,953,336.98
2021-08-19,275,40,3,607,379.43
2020-02-12,1986,41,7,885,137.21
2020-02-02,1241,14,5,374,56.53
2022-01-27,1682,30,4,82,53.64
2020-05-10,1451,22,4,291,18.63
2020-11-17,1475,4,10,900,118.1
2019-10-14,158,14,2,720,94.15
2023-09-20,184,15,6,810,397.48
2020-10-02,1223,26,8,821,284.52
2022-05-27,258,6,3,492,396.75
2022-01-13,1175,15,7,386,386.27
2019-09-08,1505,29,8,308,380.84
2019-09-02,1125,29,1,392,87.72
2022-01-31,290,17,9,751,359.57
2022-11-13,1788,30,3,836,80.44
2021-12-09,1569,6,7,120,77.76
2022-02-11,567,2,7,254,21.04
2021-02-24,732,43,3,753,284.72
2021-11-07,974,44,5,902,146.81
2022-09-12,567,26,4,859,7.52
2019-12-21,1233,25,4,884,267.69
2021-10-16,1995,25,10,555,99.69
2019-03-04,940,17,10,404,209.42
2019-11-10,123,31,6,852,278.14
2023-12-16,1959,36,8,709,213.51
2021-11-16,787,15,9,415,80.66
2020-05-29,1139,42,1,864,122.74
2022-10-29,1283,43,1,647,351.39
2023-06-04,1810,48,7,206,163.61
2019-11-25,1778,40,5,794,61.91
2019-12-26,893,4,5,914,315.2
2020-05-09,1011,42,4,87,288.13
2019-01-29,511,10,2,770,135.05
2021-04-26,77,22,2,782,83.16
2022-03-06,453,23,10,800,14.45
2023-09-22,1484,36,6,551,339.9
2023-04-02,433,42,1,254,157.68
2019-08-09,663,7,3,684,368.32
2020-04-18,467,50,1,576,391.64
2020-11-08,1618,6,9,472,96.02
2019-11-05,1684,19,7,115,237.52
2022-10-02,1678,43,2,656,185.8
2021-05-15,1959,40,3,696,381.16
2023-06-02,798,49,5,922,162.98
2020-03-28,1216,17,1,947,393.15
2023-05-18,574,38,9,344,398.05
2020-03-27,407,42,5,93,280.23
2021-10-02,784,26,5,622,356.97
2021-03-11,502,21,7,651,376.5
2023-02-14,1658,19,5,175,304.51
2019-01-30,1085,43,10,169,11.2
2021-03-28,577,2,2,964,311.15
2021-03-01,1229,49,3,347,299.99
2020-02-03,159,32,7,289,395.19
2023-02-28,453,39,2,95,179.98
2019-11-13,1073,20,6,203,353.0
2019-07-17,939,50,10,552,189.09
2023-10-24,885,23,10,416,255.58
2023-04-23,1867,50,6,282,303.21
2022-11-21,719,21,8,360,157.37
2019-09-10,756,18,1,294,308.89
2023-03-10,700,44,10,821,63.21
2022-12-14,942,5,5,458,64.28
2022-08-20,1807,6,7,596,59.28
2023-04-25,1841,47,6,535,226.67
2022-02-24,991,29,6,471,350.12
2021-09-28,309,42,2,875,191.93
2022-02-06,1541,15,4,807,284.2
2021-10-26,1927,5,10,869,334.33
2022-12-14,21,35,9,741,39.69
2021-03-03,1068,26,10,337,158.84
2023-11-11,1240,43,2,454,24.33
2020-12-08,1663,46,8,901,340.52
2022-06-30,449,11,1,304,224.94
2019-06-30,958,30,10,848,301.65
2019-07-09,1455,17,1,541,391.13
2022-12-02,157,27,4,698,111.78
2023-04-07,1599,36,5,462,357.05
2022-02-26,625,47,8,505,30.66
2021-04-15,152,47,9,808,34.03
2020-09-04,944,8,8,869,123.6
2022-03-24,1669,47,9,996,188.21
2019-10-16,343,19,6,480,176.25
2021-02-13,662,4,3,296,353.5
2020-06-01,122,6,9,98,281.42
2019-01-13,1281,5,4,125,127.87
2020-02-02,796,6,5,229,289.34
2019-05-03,1254,22,8,760,195.92
2022-10-28,1222,13,8,673,62.87
2022-01-12,736,47,7,326,288.11
2021-04-02,1229,42,1,459,343.49
2023-02-20,1409,34,10,897,208.87
2019-01-13,1902,13,10,284,48.5
2023-11-29,1274,49,7,623,310.5
2022-12-21,334,42,10,827,118.27
2021-01-03,1061,48,4,772,26.89
2020-02-15,166,46,8,444,126.81
2021-06-12,1929,20,4,317,9.86
2022-06-06,1058,35,5,467,132.39
2021-08-06,939,45,4,532,18.96
2023-12-04,1340,1,4,852,170.78
2019-07-02,1397,26,8,204,321.03
2021-11-11,1589,38,1,382,10.1
2022-02-01,560,41,9,915,359.62
2022-06-09,1441,30,7,707,184.7
2021-01-16,1661,18,7,462,115.71
2019-12-02,1069,32,1,580,199.13
2022-04-03,1365,25,5,208,394.77
2022-04-09,26,39,7,726,227.12
2019-07-01,999,36,7,151,240.52
2023-01-02,905,46,6,801,27.14
2020-11-21,572,10,10,715,369.42
2023-01-06,390,4,2,665,104.35
2022-02-22,1117,7,7,287,384.48
2021-07-05,1892,36,10,879,54.94
2019-07-24,1959,10,8,901,28.95
2020-11-23,1299,37,5,347,217.26
2019-02-20,1196,4,4,631,52.56
2019-10-29,1820,6,1,499,359.21
2019-03-04,1507,20,2,868,268.95
2020-04-27,231,8,6,766,278.27
2022-10-22,882,29,8,714,198.91
2021-01-31,515,35,3,99,208.11
2021-08-03,1893,17,2,576,379.98
2023-07-14,504,18,7,180,311.12
2021-07-02,910,17,9,151,364.12
2019-06-01,1551,41,5,614,282.18
2019-01-16,1782,13,8,682,303.2
2019-04-05,504,20,9,997,56.2
2019-04-03,667,21,5,61,368.39
2023-01-12,1950,15,3,795,127.57
2023-08-25,469,37,6,427,267.93
2021-07-13,9,5,5,556,195.56
2019-01-15,583,9,5,928,62.91
2020-10-02,1325,48,6,706,63.73
2023-09-08,1980,22,8,771,215.57
2021-05-05,1598,15,7,471,291.97
2021-04-29,1403,50,8,227,330.31
2022-02-05,482,41,5,648,353.95
2021-03-22,1473,21,9,405,53.87
2021-12-10,216,41,4,681,223.04
2023-03-03,1425,30,7,346,37.92
2021-05-14,561,31,2,500,58.46
2020-10-06,1025,48,5,450,155.5
2023-08-22,1604,31,5,520,108.03
2023-06-07,1950,13,9,283,301.26
2022-07-25,867,6,4,259,76.57
2019-03-31,1122,17,4,897,299.7
2020-01-26,1578,25,1,771,310.95
2022-08-02,1775,13,9,833,52.04
2023-08-31,1930,13,10,94,78.85
2019-08-05,1827,49,8,614,171.62
2023-03-11,496,30,2,411,113.41
2023-08-28,1046,7,6,181,243.43
2022-11-26,19,5,5,576,399.54
2022-09-03,1951,43,2,834,200.7
2022-02-27,606,19,5,930,328.25
2019-02-03,514,13,10,266,184.51
2022-07-27,1341,50,1,903,271.53
2020-01-02,1573,48,4,582,40.54
2023-02-09,181,28,8,576,281.83
2019-06-21,289,43,7,855,156.48
2021-06-24,754,14,1,576,161.68
2023-01-07,590,46,6,417,37.43
2023-08-22,1305,7,9,540,227.67
2020-09-13,1296,31,3,396,341.34
2019-05-15,1562,11,9,692,13.15
2020-03-08,1468,18,3,333,142.49
2023-10-28,917,31,4,606,80.11
2022-01-21,270,21,9,687,41.1
2020-09-05,76,1,9,582,394.97
2021-06-06,1065,25,7,715,327.29
2020-04-21,1336,9,10,515,98.95
2021-09-09,1269,43,6,803,107.37
2021-03-20,604,18,5,536,320.63
2022-04-17,1842,14,8,204,167.2
2023-12-08,422,37,2,788,363.36
2023-11-07,980,46,4,694,249.84
2020-07-21,1118,22,10,106,72.56
2023-05-13,1054,15,8,366,30.67
2021-06-02,1901,25,9,117,218.57
2020-10-23,1876,49,9,389,66.0
2020-10-03,1244,24,9,752,290.93
2019-05-12,952,47,6,885,314.12
2023-08-24,136,29,4,861,68.65
2021-01-20,1802,18,5,143,85.13
2019-03-19,1434,35,10,932,131.67
2020-01-02,1838,13,8,386,248.21
2020-08-11,644,30,2,868,154.38
2020-08-09,1017,49,5,692,368.72
2021-08-12,1028,7,1,252,26.13
2020-05-27,225,47,5,872,305.75
2021-05-02,446,23,5,686,293.9
2023-11-19,1110,9,2,407,141.74
2021-01-24,895,3,4,269,116.93
2020-07-08,1112,35,6,658,33.63
2023-11-29,1512,16,5,923,252.34
2021-03-25,559,10,3,312,17.51
2022-04-23,1256,22,6,302,397.38
2020-07-19,222,8,3,913,189.38
2020-04-30,660,45,9,351,9.64
2023-08-12,173,13,4,602,215.84
2021-06-30,1920,24,9,557,163.21
2023-09-21,1716,45,5,222,166.42
2022-04-24,111,15,4,235,151.19
2021-08-24,1727,27,5,518,59.71
2019-06-18,1574,17,7,429,220.51
2020-07-05,1015,2,10,918,277.41
2019-10-19,441,37,1,699,109.63
2021-10-05,66,28,9,860,37.99
2020-06-10,103,25,8,151,186.91
2022-02-11,1041,38,5,727,29.27
2021-05-09,1316,30,3,526,239.63
2020-04-23,1254,10,2,806,85.81
2023-10-14,338,6,2,803,15.7
2021-09-06,1304,42,7,776,319.06
2020-08-09,4,32,2,915,178.32
2020-12-30,1979,42,2,146,161.71
2019-03-06,1948,10,10,721,214.5
2022-12-06,1947,9,5,306,88.48
2019-01-20,1998,31,10,112,60.0
2019-12-22,1785,17,9,695,224.36
2019-07-09,521,43,10,781,270.52
2022-05-31,4,10,6,297,274.7
2022-06-18,394,42,3,577,96.3
2019-07-07,527,38,9,607,24.06
2021-02-09,1465,43,3,421,169.04
2021-10-09,771,6,8,384,205.08
2020-10-18,936,27,6,788,382.07
2019-02-25,354,38,4,904,18.04
2021-07-29,1479,43,6,173,93.67
2022-04-22,1764,6,4,749,299.82
2021-11-26,1496,22,8,661,307.45
2021-04-22,1443,29,7,488,249.38
2021-04-24,844,15,4,516,47.4
2022-04-01,351,47,5,602,244.36
2020-12-02,1634,2,8,993,257.23
2020-11-13,605,18,8,656,223.79
2019-03-10,682,10,2,452,274.9
2023-01-07,622,1,10,404,289.15
2023-01-02,1914,13,10,129,343.94
2022-07-21,593,13,6,970,193.13
2019-11-03,634,33,5,392,358.82
2020-12-22,72,23,10,978,213.43
2021-01-01,804,33,10,138,200.54
2020-01-31,1611,35,6,810,59.21
2020-02-14,678,37,9,274,41.3
2023-10-22,883,46,5,417,217.44
2021-05-28,1438,18,4,868,18.14
2022-10-04,576,40,9,176,303.2
2021-07-28,795,38,4,358,268.54
2019-02-27,134,50,8,976,336.73
2019-08-17,1783,24,2,56,324.94
2019-10-14,1641,16,2,840,36.28
2021-11-23,1687,5,3,791,85.17
2019-12-28,236,12,5,491,38.11
2019-11-20,1819,24,8,199,37.8
2020-08-04,281,44,10,975,396.5
2022-06-26,1489,47,8,252,267.62
2022-10-03,918,5,1,267,6.95
2020-07-14,1389,6,3,486,123.8
2019-02-23,1905,30,10,508,98.14
2021-04-28,373,47,6,299,208.1
2020-11-06,278,21,9,585,92.51
2023-07-02,1405,48,8,255,146.39
2019-08-29,1256,7,1,487,167.77
2023-06-19,558,15,2,295,237.36
2019-06-08,500,21,8,124,85.49
2022-10-08,1983,21,2,173,253.24
2022-08-26,433,10,3,251,158.05
2019-04-28,187,27,4,613,59.79
2019-07-04,1331,44,2,105,100.79
2022-04-14,857,46,10,680,199.77
2021-06-05,539,41,3,436,327.23
2019-05-28,780,1,5,679,383.23
2020-10-25,198,31,3,550,103.4
2019-12-28,1329,39,2,856,355.62
2021-10-05,80,34,3,77,372.91
2023-03-12,701,10,6,720,286.89
2021-11-26,175,50,3,874,333.16
2019-07-02,1528,23,4,496,108.74
2020-02-12,1621,31,5,154,385.99
2020-08-25,352,20,4,314,159.73
2019-06-27,764,6,2,939,325.58
2019-07-22,1242,43,8,563,74.49
2020-05-09,853,40,2,595,18.63
2021-01-15,1926,25,10,755,327.51
2019-12-01,230,46,7,635,67.99
2020-02-01,1314,45,6,229,193.13
2019-07-07,1553,48,8,129,391.51
2020-07-11,402,3,9,860,345.52
2023-05-01,1105,14,6,939,191.27
2021-10-19,1867,18,2,350,192.84
2020-11-08,681,29,2,474,379.19
2020-09-01,129,11,2,305,367.99
2022-02-15,1305,17,9,951,76.66
2019-11-10,1389,47,2,543,320.07
2021-06-01,1071,14,2,100,354.49
2023-07-18,564,10,3,461,100.71
2022-05-17,399,38,7,232,191.67
2022-07-24,1955,19,8,810,236.48
2022-11-09,716,23,10,939,88.3
2019-12-02,1641,9,9,615,262.11
2019-10-06,790,16,10,510,379.92
2023-04-24,1328,48,8,776,98.52
2021-12-08,855,38,2,864,227.83
2023-02-25,1728,30,10,791,227.74
2022-02-28,1197,33,2,676,7.97
2022-11-20,1858,25,5,483,399.53
2022-01-01,691,23,6,114,9.81
2020-12-31,304,25,1,373,180.98
2023-12-17,301,14,2,658,333.06
2019-07-11,63,29,5,839,49.32
2019-12-18,620,41,5,777,254.36
2020-07-07,965,11,8,969,280.94
2022-04-02,291,26,1,787,329.25
2019-10-15,371,20,7,553,218.18
2019-04-28,1785,13,6,557,262.37
2020-03-05,1884,21,1,522,350.06
2021-03-29,513,28,4,754,390.33
2021-01-17,401,19,9,756,329.1
2021-11-22,637,46,9,171,240.56
2020-12-19,918,29,2,696,41.65
2020-11-28,2,23,6,753,134.73
2019-09-21,1079,15,3,963,194.17
2022-02-15,1217,41,1,83,336.8
2019-03-09,1893,31,6,115,92.95
2020-05-14,1949,17,3,838,339.42
2023-01-04,1616,26,6,354,193.18
2022-08-18,1199,44,9,973,283.37
2023-02-20,344,44,3,849,103.99
2019-02-24,237,46,8,635,57.66
2022-12-10,1977,8,6,527,195.11
2022-07-22,819,20,1,901,24.44
2023-03-10,1570,42,5,750,387.57
2023-07-30,1452,6,8,490,17.85
2021-06-08,1391,26,1,611,61.41
2019-06-14,1095,48,5,370,176.14
2021-06-11,755,7,4,312,257.38
2022-08-30,1651,27,2,207,245.17
2021-11-26,914,17,6,465,136.6
2022-09-25,715,5,3,470,127.97
2022-03-27,151,50,10,570,331.61
2023-08-03,556,29,4,207,51.31
2022-10-09,589,27,3,630,296.25
2021-05-11,590,16,3,833,15.06
2021-12-17,146,49,7,736,125.06
2021-05-05,1538,40,2,982,213.14
2020-06-17,1837,25,1,612,232.57
2021-01-18,112,12,2,81,315.03
2023-01-25,1410,11,1,584,388.56
2021-07-07,708,12,6,600,289.07
2021-12-25,977,23,8,811,84.81
2020-07-24,462,18,7,957,275.4
2023-06-02,1686,30,10,844,156.68
2022-02-05,1104,30,7,806,67.31
2021-01-13,703,5,7,658,8.1
2023-01-11,329,28,9,724,67.52
2020-02-20,1103,5,1,408,375.78
2019-07-29,353,5,5,407,321.56
2023-07-01,1795,19,6,884,275.25
2020-12-29,1924,50,2,420,12.24
2023-11-17,1955,2,8,740,79.39
2020-04-17,1505,46,10,182,391.66
2019-09-07,1194,34,10,406,386.28
2021-01-23,1802,4,6,727,228.65
2019-04-23,572,46,2,793,348.32
2020-05-09,1906,42,2,483,335.33
2021-03-27,139,23,3,107,38.24
2021-12-25,1999,34,6,442,77.08
2021-10-24,804,18,5,688,193.54
2019-09-21,111,12,7,73,333.15
2019-03-06,18,43,6,614,334.91
2022-03-06,18,11,1,908,19.39
2021-05-26,156,40,8,392,219.64
2021-03-05,265,34,9,273,288.89
2019-10-11,415,26,4,104,29.83
2023-11-28,1010,46,4,312,74.04
2020-05-09,242,7,8,335,170.11
2019-06-19,849,45,5,403,318.71
2021-10-26,597,1,4,632,110.64
2023-12-12,1330,30,2,818,353.39
2019-01-10,1105,37,3,703,380.24
2021-03-24,194,19,4,455,165.42
2021-10-17,1779,46,1,149,276.08
2019-05-01,881,30,7,84,376.72
2020-12-28,11,38,1,110,301.63
2022-09-06,23,13,7,248,296.48
2022-05-27,852,23,6,171,146.16
2022-11-28,1392,44,10,442,350.04
2022-01-31,1764,26,7,203,390.53
2019-06-07,1235,22,2,810,194.05
2021-10-14,844,19,8,387,53.01
2022-07-13,516,43,4,613,280.15
2021-10-01,122,4,1,920,392.24
2019-10-06,982,10,7,583,306.88
2022-09-29,1168,21,10,615,234.99
2023-12-17,1149,26,9,660,54.69
2020-02-22,1292,15,3,732,337.76
2023-10-12,99,4,10,884,105.62
2019-02-07,428,42,1,463,248.69
2019-05-09,1835,17,2,635,27.69
2021-07-03,1832,17,10,374,252.33
2019-08-16,851,12,2,926,235.26
2020-01-15,1454,2,5,525,85.54
2023-06-25,1122,41,6,474,134.8
2020-03-23,553,2,9,326,386.44
2019-10-25,1791,38,10,772,11.75
2019-02-14,1408,8,6,279,97.38
2019-10-28,178,48,7,325,109.95
2023-08-08,1889,12,8,456,381.63
2020-12-05,1287,9,10,187,224.47
2021-08-13,1272,24,6,172,51.34
2023-02-18,1067,47,3,285,62.03
2023-07-07,1474,29,2,460,221.81
2022-04-19,1042,7,6,238,216.63
2019-02-02,910,48,3,937,318.57
2023-12-27,260,13,6,719,138.49
2023-02-19,530,37,4,84,55.73
2020-07-05,1747,26,9,406,19.6
2022-09-24,1720,13,7,679,277.63
2022-08-26,1570,24,6,175,25.98
2023-10-01,1660,14,4,875,50.93
2021-07-05,335,5,4,269,195.82
2022-05-18,1804,6,9,467,151.22
2021-08-03,1387,29,7,204,262.58
2023-05-08,596,8,9,729,256.41
2023-05-31,1371,36,7,323,382.45
2022-01-04,983,37,1,956,116.68
2019-05-16,477,38,5,230,224.01
2021-07-26,1306,42,8,350,294.13
2021-06-30,1218,43,6,420,66.72
2023-05-03,1283,40,2,650,392.57
2019-01-27,1365,48,6,868,333.99
2019-11-08,37,24,10,270,77.1
2023-02-19,695,36,8,797,301.79
2022-08-16,915,47,2,740,359.01
2023-12-16,1316,16,2,558,11.83
2020-09-13,952,41,9,987,14.66
2020-08-13,434,11,7,241,86.57
2019-02-02,365,3,5,632,309.93
2022-03-29,1602,35,10,546,229.6
2019-01-27,910,32,1,181,58.77
2019-12-01,1751,36,4,673,262.35
2023-12-22,1970,48,3,393,70.48
2020-11-29,563,25,1,300,75.45
2019-06-11,449,2,10,784,326.47
2020-08-30,1155,25,10,156,248.91
2020-12-12,179,36,3,243,173.91
2022-01-02,400,49,3,191,343.56
2020-05-24,611,33,5,649,28.6
2022-09-20,1697,40,4,705,207.38
2021-01-21,617,5,2,259,206.48
2022-04-27,1895,33,6,982,259.56
2022-05-26,1253,26,4,95,180.76
2022-05-25,220,50,1,596,11.41
2023-02-11,44,47,8,707,48.37
2023-01-24,1497,15,3,251,165.01
2022-05-07,1341,35,10,286,8.92
2020-05-14,1640,37,10,337,319.53
2020-03-19,1970,29,9,286,318.21
2019-11-10,1962,30,9,79,300.03
2019-12-20,600,29,4,241,384.16
2022-01-30,862,33,8,883,319.81
2022-03-09,674,2,9,306,117.79
2021-10-21,1080,6,6,947,334.83
2020-05-01,1120,39,1,740,41.16
2019-11-20,815,5,2,821,29.92
2023-10-01,1811,11,4,303,91.22
2021-07-08,1259,7,9,710,328.92
2021-01-28,1218,2,3,462,124.78
2021-05-28,1317,31,4,449,337.25
2021-12-20,762,25,3,693,332.49
2022-02-19,1422,17,10,450,327.97
2022-04-06,1417,39,5,438,382.01
2023-12-27,403,8,2,886,90.79
2020-03-11,1874,22,10,426,248.91
2020-10-23,939,42,9,592,47.59
2021-12-19,1063,19,7,737,355.64
2020-06-17,1078,1,8,437,151.2
2020-09-27,1842,21,9,74,96.3
2021-09-30,1580,34,9,303,176.56
2022-01-20,430,28,3,564,199.95
2023-04-05,477,35,2,267,46.62
2023-07-09,1620,1,10,473,14.04
2022-01-01,1326,38,10,171,14.4
2021-07-12,721,17,8,989,221.75
2019-05-13,1151,30,9,90,203.65
2022-01-14,1574,3,1,907,334.53
2023-07-14,1905,29,9,946,310.26
2020-07-11,1945,20,9,893,279.0
2019-05-31,1963,26,4,718,312.58
2023-03-26,1799,27,6,239,383.56
2020-05-21,1260,41,4,791,273.73
2019-05-15,1649,9,4,970,240.37
2023-06-28,1568,16,4,114,41.29
2021-07-18,1592,10,2,883,361.33
2021-09-16,1870,32,1,288,86.08
2022-12-24,1956,10,3,121,237.99
2019-11-03,267,10,7,92,334.18
2019-10-02,618,7,6,822,160.65
2020-10-16,289,37,7,385,50.93
2021-01-31,178,21,6,721,364.17
2023-10-30,16,18,5,231,110.46
2023-06-27,323,4,2,259,7.27
2019-12-21,475,5,9,712,38.71
2023-05-21,938,17,3,920,279.12
2023-11-11,1405,28,6,187,92.91
2020-09-07,623,50,2,428,250.04
2021-10-11,1034,48,8,248,205.28
2023-04-30,1287,29,9,910,24.51
2022-12-03,442,3,5,151,169.47
2020-02-23,175,32,2,971,58.69
2020-01-27,572,14,8,206,185.8
2021-02-06,1556,31,6,100,19.93
2021-01-09,1029,42,9,641,373.75
2019-01-19,1364,32,4,882,302.84
2019-11-21,446,19,10,348,322.52
2022-12-16,1610,16,1,213,368.85
2019-09-02,709,39,5,703,296.96
2021-10-27,1062,6,1,86,112.36
2019-12-14,644,30,6,917,53.26
2022-08-13,1080,47,10,592,81.42
2023-05-06,1169,41,10,611,328.87
2022-12-23,42,16,2,253,392.77
2020-02-21,93,3,9,997,299.17
2023-07-24,993,45,9,757,299.41
2023-10-09,1212,38,3,830,192.21
2019-07-24,1946,31,9,785,100.0
2022-07-08,1909,35,3,841,179.91
2023-07-16,882,32,4,547,298.37
2023-11-02,1361,50,6,239,244.54
2020-11-20,1773,34,4,518,228.4
2020-07-09,1280,32,2,413,276.53
2023-12-08,238,42,6,407,106.82
2020-07-07,686,26,10,263,302.4
2020-12-08,1950,48,7,445,242.19
2019-10-16,5,9,10,973,122.91
2023-03-14,1481,6,3,564,349.46
2019-05-07,400,38,5,70,196.6
2023-01-28,1470,2,4,853,99.8
2019-11-17,1704,31,8,83,45.52
2020-02-19,1046,39,2,146,8.72
2019-01-13,1805,13,9,308,104.95
2019-08-08,898,30,3,927,389.0
2022-12-13,446,14,10,554,111.77
2020-01-10,1845,19,5,639,316.06
2020-03-09,1549,11,9,237,205.88
2019-12-23,1852,32,6,934,318.62
2020-09-22,1073,6,1,670,179.04
2020-08-26,1063,29,4,299,381.93
2021-10-30,86,2,4,884,113.45
2021-10-29,554,37,1,982,307.76
2020-05-10,1625,37,4,374,104.57
2021-03-14,503,30,9,256,323.62
2019-02-05,565,25,1,887,153.66
2022-04-06,259,41,9,556,373.78
2021-10-17,1651,46,2,402,320.56
2022-08-10,1659,49,6,581,125.27
2021-01-24,856,12,7,110,248.31
2022-07-24,1554,42,4,513,75.52
2022-01-23,1883,32,1,164,21.2
2021-04-29,549,45,8,182,291.92
2021-01-07,1511,2,7,284,153.93
2023-03-29,292,40,1,159,229.22
2023-01-11,1200,24,9,126,185.52
2023-08-30,730,17,6,686,310.05
2021-08-05,1009,8,5,318,351.82
2019-03-02,31,3,1,536,186.12
2021-09-23,80,39,9,451,22.69
2021-08-11,1482,17,8,707,49.29
2022-07-28,1528,16,1,555,73.3
2019-10-29,1409,48,3,75,65.15
2019-02-04,185,33,10,554,183.84
2020-11-30,1097,4,7,538,290.96
2019-05-16,1595,46,3,902,76.58
2019-08-15,37,26,4,63,242.19
2021-09-21,526,6,4,989,395.59
2020-07-26,605,13,1,684,219.91
2020-09-12,514,19,8,665,126.48
2021-11-04,259,22,7,436,111.98
2023-10-23,178,20,3,97,298.15
2019-03-25,283,49,9,107,123.42
2022-10-07,262,30,2,299,158.39
2019-12-13,1573,47,4,119,186.21
2023-07-01,1757,47,1,334,15.53
2021-03-16,109,43,7,116,157.61
2022-04-19,1037,43,9,643,154.06
2019-06-18,1296,27,10,605,50.38
2020-06-08,693,24,8,115,248.46
2019-06-22,255,42,4,830,286.29
2023-05-24,368,33,1,699,103.47
2023-09-15,1153,11,8,305,301.98
2022-12-09,472,41,7,612,19.14
2021-06-26,1579,41,1,514,277.81
2020-02-28,796,1,1,747,299.94
2021-07-03,1611,5,4,365,248.65
2020-09-15,1175,5,9,877,115.53
2020-06-16,1374,47,2,87,383.76
2019-04-13,687,16,10,476,354.94
2023-09-01,975,42,2,94,244.31
2019-03-08,535,17,6,585,127.06
2023-05-14,1334,34,6,119,29.17
2023-11-04,1720,46,10,429,76.25
2020-08-08,718,6,3,162,48.08
2022-10-05,401,40,8,294,392.27
2020-06-02,314,40,7,85,195.22
2022-03-30,1518,16,3,109,264.04
2022-11-04,1383,43,5,175,117.42
2021-04-28,447,26,7,713,359.49
2023-03-22,15,30,6,159,15.91
2022-07-05,586,8,4,355,101.69
2019-09-02,1216,40,9,765,392.39
2020-10-08,736,19,2,381,391.84
2019-04-11,891,4,7,850,387.87
2021-07-27,23,13,9,199,332.77
2020-06-08,1894,10,3,618,76.18
2021-02-22,683,17,4,313,14.51
2021-05-26,716,28,6,295,191.53
2022-11-25,1801,50,6,739,165.5
2019-01-08,1196,34,9,972,115.29
2020-04-27,444,21,10,794,329.16
2023-05-14,155,38,10,237,385.05
2021-01-22,511,48,7,422,312.92
2021-05-09,1237,11,8,177,203.25
2021-11-01,446,43,6,609,70.6
2019-12-09,1580,41,2,57,383.14
2019-04-20,767,19,6,572,102.81
2021-04-12,302,23,6,866,26.94
2020-05-31,970,45,9,77,264.89
2019-11-26,910,40,7,677,301.05
2019-07-02,653,41,5,455,388.35
2021-01-25,623,28,1,680,68.31
2021-01-02,21,19,10,70,301.31
2019-09-01,240,35,6,949,348.88
2019-06-25,428,27,8,255,215.11
2023-07-05,502,27,5,906,147.03
2022-03-15,1155,20,1,445,126.83
2023-04-24,591,21,6,199,232.7
2019-11-24,134,48,7,603,368.99
2020-10-08,516,12,6,682,67.03
2019-09-12,591,24,6,475,292.03
2020-09-27,1480,12,7,542,202.88
2019-01-01,1552,23,8,220,207.47
2023-03-30,1728,46,4,375,202.66
2023-09-12,865,39,7,709,318.71
2021-03-11,1355,50,10,578,10.92
2023-03-01,656,9,3,552,16.16
2023-12-12,659,11,3,814,307.38
2021-03-28,1363,25,9,850,233.65
2023-03-29,1328,40,2,448,82.8
2023-06-06,1795,49,7,477,279.7
2021-03-11,1293,23,8,893,92.67
2021-06-15,425,47,4,370,310.61
2023-04-29,1415,17,2,981,334.6
2023-03-14,1722,49,8,340,182.55
2019-04-12,1541,14,8,73,399.28
2019-12-20,1415,34,5,735,396.04
2020-12-29,1578,2,8,946,146.83
2022-09-27,1713,14,5,314,163.48
2023-09-25,1359,21,4,576,262.13
2019-07-23,1948,14,7,534,155.96
2020-10-17,783,45,9,163,386.12
2020-10-20,763,4,1,135,86.85
2023-04-19,1985,48,8,331,384.17
2022-05-13,275,3,9,438,24.68
2023-08-30,1406,24,7,235,358.23
2020-03-19,1508,38,5,763,121.14
2023-03-31,609,28,6,105,31.03
2021-08-04,1709,40,1,124,323.74
2019-10-29,589,22,9,431,254.95
2022-01-20,1229,9,2,700,315.98
2023-07-08,1135,6,10,347,115.3
2019-02-05,1929,22,9,663,50.4
2021-05-12,486,45,4,986,73.62
2022-04-20,1640,43,3,684,268.69
2019-01-14,584,47,2,182,31.27
2023-06-13,605,29,9,737,232.63
2019-08-21,753,12,5,186,256.06
2021-10-24,710,26,7,840,350.4
2023-04-23,85,13,4,602,94.62
2022-05-03,1279,25,10,752,50.06
2020-09-10,1290,47,9,677,105.23
2022-12-11,1384,41,9,538,307.9
2023-04-25,342,10,1,561,221.36
2019-07-05,421,47,3,98,354.66
2019-01-07,575,31,4,221,97.21
2022-04-21,819,10,8,563,235.94
2021-06-10,520,29,8,195,317.23
2021-04-03,902,25,7,318,50.45
2019-04-17,1022,7,5,919,148.27
2019-05-17,1264,30,3,436,218.26
2022-05-07,1403,44,7,69,185.01
2020-11-20,364,17,9,771,131.43
2020-01-26,1116,6,5,461,159.35
2020-11-13,725,17,6,375,321.68
2023-11-27,1079,28,1,756,82.24
2022-12-20,1370,47,8,229,225.08
2022-09-10,575,3,10,467,138.16
2019-09-11,1556,2,7,748,346.98
2019-07-13,800,40,5,800,139.62
2020-01-09,1905,39,2,751,63.75
2020-11-04,1888,26,9,849,372.48
2022-08-11,1467,21,7,224,12.54
2020-10-08,1667,40,10,746,397.55
2023-06-20,1061,34,9,701,120.85
2020-12-11,76,28,1,821,140.61
2023-08-29,48,14,2,377,276.14
2023-07-30,336,23,3,929,167.32
2022-07-09,1967,19,4,545,53.05
2022-02-01,1014,28,6,268,151.97
2023-08-25,1680,34,4,148,250.09
2022-10-24,941,34,9,918,107.28
2021-04-09,395,50,4,418,377.53
2021-04-29,72,37,3,165,257.78
2021-12-03,628,44,10,774,296.63
2022-04-23,786,48,2,327,175.33
2022-05-19,1722,31,1,518,293.98
2019-03-01,310,33,6,417,133.39
2023-05-22,63,24,9,54,308.51
2021-04-16,1803,46,2,883,356.17
2019-01-19,1624,44,1,406,202.33
2022-04-12,1651,31,9,496,257.75
2021-02-22,604,26,1,482,174.57
2019-10-07,543,26,9,470,246.64
2019-03-09,247,43,3,860,328.49
2020-09-03,225,6,3,438,62.53
2022-04-05,1698,5,5,967,273.76
2023-06-09,1888,34,6,747,109.28
2021-04-12,1783,39,3,494,78.39
2022-11-27,1710,40,6,142,92.1
2019-01-23,57,32,9,388,58.61
2022-08-03,43,5,6,474,295.11
2021-10-27,51,10,7,658,70.12
2023-12-20,1638,50,4,129,121.39
2023-05-31,84,26,9,809,363.23
2022-02-13,1767,1,4,966,231.61
2023-12-27,924,21,2,74,9.53
2020-11-17,881,27,5,383,121.8
2019-10-22,544,32,10,606,110.98
2021-11-04,1273,45,9,69,7.21
2019-02-02,933,20,2,439,329.99
2023-08-26,1557,18,7,354,327.77
2020-08-28,1575,14,6,944,378.91
2019-12-12,1504,29,6,642,130.06
2022-05-31,591,11,3,820,399.94
2022-10-13,26,50,3,160,350.05
2019-01-23,647,47,8,654,187.01
2020-12-13,1304,6,2,174,287.38
2021-05-27,1196,31,4,52,92.05
2020-07-23,1406,43,3,186,221.51
2021-07-12,1763,41,9,373,16.33
2022-12-21,703,43,6,306,103.12
2022-07-02,1826,49,10,745,133.42
2019-08-02,1631,32,8,919,68.72
2023-03-21,1888,36,2,182,57.99
2022-11-22,1336,1,8,289,291.2
2023-03-23,926,36,6,365,190.01
2021-01-08,788,37,1,172,158.34
2020-03-12,378,4,3,461,157.11
2019-07-26,881,9,10,246,140.65
2023-06-07,1234,27,10,717,295.42
2019-09-16,1874,31,3,285,297.21
2021-09-04,822,46,3,354,178.81
2021-02-19,919,15,5,240,35.21
2019-03-18,512,45,7,856,7.29
2022-11-11,409,47,1,479,388.53
2022-08-30,1171,30,4,351,377.5
2022-02-15,1307,8,1,920,83.62
2021-01-20,61,12,1,483,132.23
2022-05-26,126,24,7,680,320.76
2020-02-23,525,30,5,260,135.27
2023-05-12,1755,19,3,907,87.32
2019-07-15,341,23,7,602,102.23
2021-06-09,1241,15,8,645,288.03
2019-12-10,1111,44,8,510,213.44
2020-08-07,470,15,3,188,128.84
2021-08-30,1704,2,4,783,122.93
2019-04-01,1430,30,7,934,306.44
2021-12-11,1671,33,3,518,275.48
2019-09-15,365,45,3,767,277.24
2019-07-31,1713,26,9,792,74.36
2019-12-01,912,48,4,511,125.38
2021-11-01,693,9,6,180,260.82
2020-05-28,504,3,9,871,221.13
2021-03-17,1992,2,10,232,279.24
2020-11-25,1039,41,4,490,271.65
2019-07-27,918,12,5,806,294.05
2019-08-28,1109,25,7,504,322.2
2023-05-06,95,43,6,796,305.56
2022-09-05,696,7,6,818,335.97
2023-06-16,547,22,2,784,215.93
2021-11-25,793,13,7,513,185.66
2023-01-18,91,15,7,124,316.99
2023-01-09,906,3,8,499,79.9
2021-01-12,918,30,10,869,117.29
2022-12-13,1068,30,1,771,266.46
2021-04-14,348,34,10,443,399.92
2019-02-22,683,50,1,499,140.01
2019-04-16,1956,26,6,819,361.13
2020-09-16,1087,4,3,346,357.82
2021-09-11,1642,28,2,996,118.84
2021-01-18,308,1,2,273,261.68
2023-06-28,601,15,8,600,173.73
2022-10-27,1513,1,5,166,370.06
2021-03-14,549,7,2,847,391.89
2021-03-13,1824,6,2,483,250.14
2022-02-16,765,30,4,198,340.34
2020-08-08,1182,20,8,907,125.99
2020-09-23,830,13,4,126,45.06
2019-01-13,1714,33,7,81,316.87
2019-01-24,181,14,4,431,218.06
2022-01-09,298,10,2,577,358.42
2023-06-13,30,42,10,500,396.31
2019-07-24,226,30,10,960,42.46
2021-09-24,1033,2,1,710,371.65
2019-07-24,1026,2,10,877,161.95
2019-05-20,1745,25,2,724,269.54
2021-10-03,629,1,10,101,73.44
2022-09-17,764,30,9,673,395.47
2020-08-23,1234,23,2,777,292.76
2023-12-26,1798,30,7,617,162.91
2023-03-19,587,14,10,328,356.04
2022-11-02,848,12,6,507,167.49
2021-05-25,1088,29,2,914,69.77
2023-12-18,1236,33,5,228,17.53
2021-08-11,875,24,10,701,367.8
2020-02-29,128,13,9,540,17.51
2023-03-23,1642,6,9,466,310.09
2021-02-09,1621,50,5,226,264.0
2022-09-13,730,24,9,93,42.76
2019-09-20,1160,12,7,291,353.62
2019-05-24,1515,42,3,468,256.15
2020-06-16,423,15,1,528,338.65
2022-03-12,1463,24,10,789,328.5
2021-03-15,356,29,5,294,161.66
2020-02-18,1849,1,2,387,194.5
2020-01-12,1929,34,9,972,396.53
2021-12-16,1804,19,1,299,11.72
2023-09-06,1074,40,10,897,100.71
2023-11-25,901,15,4,639,194.24
2021-01-01,1117,41,9,235,290.67
2021-08-24,900,34,5,279,213.49
2019-08-12,1152,42,6,919,267.6
2019-08-01,1164,15,1,600,64.79
2023-01-19,1447,48,1,713,163.59
2019-06-24,147,18,9,960,345.71
2021-10-04,1490,25,1,959,229.58
2019-03-11,640,45,9,794,230.63
2021-04-14,187,17,2,931,100.48
2023-01-26,1658,19,9,961,70.41
2019-04-02,953,36,4,367,146.36
2021-04-06,190,28,3,285,255.12
2022-06-29,99,24,9,470,151.96
2019-01-16,187,46,6,320,157.03
2023-10-23,431,6,9,412,363.07
2020-06-23,1358,13,9,165,199.03
2019-07-16,869,2,10,703,180.59
2021-11-19,738,49,2,245,97.57
2022-04-16,1020,6,6,159,315.45
2020-11-28,835,26,1,240,34.7
2020-06-07,884,20,3,852,286.17
2022-04-07,431,26,1,597,278.97
2019-09-15,1943,11,9,738,13.43
2023-12-19,653,10,3,78,362.93
2022-08-09,865,40,5,859,27.94
2019-07-07,504,48,8,528,311.02
2020-03-12,649,45,6,359,250.23
2022-09-20,174,14,4,615,149.56
2022-08-22,115,27,9,171,213.47
2023-10-12,1191,28,7,941,162.56
2022-07-08,694,21,10,754,305.09
2022-01-25,83,15,2,495,53.0
2019-06-21,317,27,9,220,306.26
2023-11-30,1747,8,7,268,264.43
2023-05-06,723,1,2,227,218.4
2020-10-30,1833,40,5,416,138.57
2022-06-03,714,48,9,363,346.61
2019-05-08,1417,23,7,711,305.11
2022-12-23,1199,21,8,341,273.43
2020-02-16,826,37,10,699,42.35
2019-09-20,893,33,6,783,194.73
2023-11-15,1370,16,6,692,59.55
2020-01-25,878,48,4,686,50.18
2021-03-30,1434,38,10,683,307.88
2023-03-22,1391,50,5,146,368.58
2021-02-28,1599,39,5,315,152.73
2020-02-11,1062,23,5,247,398.41
2019-09-06,130,47,3,861,325.29
2022-01-20,644,36,10,176,5.85
2021-09-12,490,35,10,742,87.07
2020-03-19,1655,45,9,555,103.53
2022-03-30,1214,9,4,880,196.29
2020-05-07,1206,13,3,888,77.01
2023-02-04,1824,31,4,625,16.79
2022-11-23,1286,44,5,809,74.93
2023-12-08,1976,47,8,329,217.84
2023-11-04,1583,39,5,518,271.14
2023-04-06,970,39,6,900,145.96
2020-08-20,1558,48,8,807,20.53
2022-07-15,1623,13,8,964,114.82
2020-02-01,1431,37,3,726,162.09
2021-01-08,7,25,8,153,55.09
2019-06-17,1553,9,9,913,375.55
2019-06-29,58,21,8,795,202.81
2019-10-07,699,50,9,251,264.4
2022-04-16,1936,35,7,892,149.03
2021-02-09,1056,24,5,347,220.14
2023-10-18,1912,11,2,580,53.79
2019-07-05,423,25,4,529,166.14
2022-02-19,881,29,7,743,144.47
2021-07-20,186,8,6,590,49.44
2022-10-31,685,20,7,159,201.85
2019-07-02,92,30,5,730,196.18
2022-10-25,670,19,10,755,202.38
2019-10-10,453,42,7,228,357.94
2019-09-23,1948,6,4,801,166.89
2019-08-21,1015,34,10,122,253.94
2021-03-01,1634,39,8,892,208.81
2021-08-06,872,29,7,800,14.93
2022-02-10,545,23,8,447,392.27
2021-07-23,419,34,2,837,368.24
2019-09-25,147,46,6,240,30.6
2023-12-15,1727,5,6,191,116.27
2020-09-13,1212,21,2,524,66.82
2021-05-19,1696,49,8,604,69.3
2022-11-10,1519,38,5,374,192.61
2022-08-13,408,35,1,61,168.45
2019-07-15,1119,32,6,107,223.02
2023-04-26,781,36,7,99,309.14
2022-06-01,1789,48,3,779,113.59
2019-01-19,147,49,6,574,166.74
2023-09-10,1505,9,9,501,370.87
2021-05-14,1241,33,1,721,347.81
2023-02-04,2,42,8,92,363.7
2019-04-16,913,26,9,745,303.38
2021-03-03,32,13,8,986,40.97
2019-10-28,1656,16,6,507,361.45
2020-05-15,236,11,10,744,17.9
2020-07-26,982,47,6,977,278.77
2020-02-28,1062,11,4,567,81.31
2019-09-11,1003,29,3,855,66.68
2019-12-28,1838,24,5,69,166.39
2020-09-22,1408,3,10,407,253.16
2022-08-03,329,31,5,998,16.67
2020-12-08,355,50,9,739,363.97
2022-10-05,1533,28,7,566,301.6
2023-05-31,51,1,5,971,175.61
2020-12-15,942,36,10,168,94.58
2020-02-08,1069,29,10,758,271.43
2020-05-07,1199,43,8,690,354.05
2022-12-27,922,36,5,685,268.12
2023-10-12,947,11,4,116,188.78
2021-09-22,1064,45,5,772,292.29
2019-11-27,299,12,7,135,112.7
2020-01-27,1815,15,4,129,47.38
2022-07-12,1958,15,5,981,97.74
2022-12-04,504,28,3,855,138.78
2021-08-11,1293,30,5,996,62.07
2020-08-31,231,49,4,535,7.77
2020-01-26,785,16,7,975,272.99
2022-12-08,1801,3,6,628,162.39
2020-11-15,1965,29,3,961,169.14
2021-01-14,842,5,10,434,244.22
2020-10-11,1494,18,1,919,215.98
2019-04-25,1149,6,3,464,349.82
2022-08-29,51,33,3,890,192.79
2020-07-25,1823,12,1,410,389.97
2022-10-18,396,47,4,475,295.4
2021-06-17,762,35,6,515,396.37
2019-02-15,1171,40,4,159,267.02
2020-11-02,870,22,7,215,17.83
2020-05-17,1550,5,1,111,126.31
2023-10-25,832,7,6,407,115.01
2022-09-09,1843,30,9,748,347.48
2020-06-25,1446,24,2,831,318.43
2020-08-14,1570,44,10,968,355.12
2020-07-07,299,14,4,800,80.35
2020-01-03,1006,50,10,745,232.04
2019-05-27,1355,6,3,202,226.98
2019-09-01,998,42,6,741,351.8
2022-02-19,1788,38,3,149,24.62
2020-12-03,140,25,2,258,248.41
2020-02-19,470,34,8,824,138.18
2019-09-18,1382,1,1,475,337.15
2021-10-05,1343,37,10,395,346.0
2023-02-23,829,41,8,273,38.84
2020-12-08,253,16,6,222,111.06
2022-08-27,596,29,2,884,36.34
2023-09-26,1316,25,2,974,7.62
2022-05-20,990,39,1,402,301.88
2020-03-08,484,20,2,172,125.21
2019-03-03,1972,49,4,953,179.79
2022-06-18,1852,25,9,309,344.53
2021-04-12,1986,17,8,962,324.19
2023-01-29,813,36,9,227,185.44
2019-04-10,943,6,1,537,253.53
2021-01-01,1865,41,6,430,383.53
2023-04-06,1062,40,8,579,51.16
2019-09-19,353,24,10,779,343.18
2023-05-09,1022,41,4,552,79.72
2021-07-02,737,30,6,230,288.97
2022-12-15,680,9,2,387,16.72
2019-07-26,1906,40,9,175,134.03
2023-11-11,445,42,5,228,168.67
2020-10-08,1823,41,4,644,102.78
2023-08-31,1177,26,6,228,206.2
2023-10-27,1401,41,9,672,334.49
2020-02-22,1551,37,2,692,341.21
2021-03-17,1929,42,10,818,27.63
2020-03-19,381,48,3,502,110.88
2023-01-23,368,33,7,648,191.28
2019-03-24,926,17,9,265,298.43
2021-07-31,582,28,2,780,349.09
2020-06-11,1546,32,6,737,191.36
2023-06-17,1499,39,5,235,198.4
2021-08-04,662,10,3,254,243.43
2023-05-28,816,30,4,909,254.71
2021-09-21,352,18,7,873,82.57
2021-04-26,1069,45,10,669,86.0
2023-07-29,4,20,2,61,47.5
2019-09-19,1644,4,4,319,187.94
2020-05-24,906,12,2,298,192.15
2022-12-05,1770,49,5,451,177.77
2022-11-18,822,29,9,530,201.86
2022-04-27,1381,23,5,197,283.49
2020-10-22,19,33,3,800,392.97
2021-12-31,543,16,8,934,62.21
2020-12-04,1949,27,7,720,186.24
2023-08-10,218,46,8,517,88.21
2020-10-31,359,46,9,266,54.41
2023-11-15,502,20,6,637,326.7
2022-10-07,1280,14,3,500,111.17
2022-05-06,1380,39,1,572,300.1
2020-09-06,524,33,8,889,295.46
2021-01-11,223,42,2,773,264.82
2020-11-27,1918,16,4,524,142.96
2022-03-27,904,21,2,919,36.68
2020-11-14,718,28,1,405,95.19
2022-09-17,1557,18,7,204,251.29
2021-06-13,231,22,1,718,376.34
2019-11-19,1769,44,1,615,135.63
2019-01-13,1868,39,4,486,356.88
2020-10-19,1647,21,5,898,76.91
2020-01-27,821,29,9,123,229.56
2022-03-29,49,24,3,548,21.7
2021-10-10,1966,31,7,793,115.09
2021-02-10,359,28,9,268,337.05
2022-12-21,237,10,7,890,351.3
2023-06-07,801,42,3,759,385.47
2019-05-07,1356,41,1,60,182.91
2023-01-29,1600,38,3,382,299.12
2021-08-01,1872,45,6,736,366.02
2019-04-12,448,1,2,146,34.18
2021-01-23,725,17,7,227,31.37
2020-07-18,377,50,10,535,90.88
2022-08-28,1709,30,5,258,157.09
2021-02-19,1715,35,2,75,295.94
2022-10-12,535,43,1,847,144.29
2022-05-01,1999,17,5,838,187.21
2023-09-11,1914,47,5,87,166.35
2023-05-02,80,38,8,578,144.18
2019-01-18,1681,36,6,949,181.46
2019-04-01,1438,29,4,183,360.49
2023-05-08,694,35,6,205,61.7
2020-03-10,468,7,4,624,399.92
2021-11-27,1729,37,7,492,48.73
2022-03-15,1677,46,6,159,380.76
2019-07-06,1930,46,8,384,51.61
2019-04-10,677,1,4,778,163.3
2020-12-13,1089,16,8,629,44.53
2019-12-26,142,37,2,932,67.35
2020-01-18,526,47,9,326,126.65
2023-04-18,956,7,10,581,255.56
2020-02-15,650,37,8,252,135.24
2020-10-03,763,37,1,268,389.4
2023-09-29,1062,41,5,866,28.28
2019-02-12,711,40,2,701,63.7
2021-12-22,91,40,2,450,384.08
2020-11-23,1343,48,10,451,216.42
2019-06-28,631,37,6,541,288.65
2022-05-19,367,49,3,379,298.74
2020-09-05,1282,8,3,511,136.22
2023-09-03,68,18,4,766,116.04
2019-09-07,360,29,4,199,83.24
2020-12-30,1017,14,4,794,101.26
2019-08-30,785,28,3,165,150.6
2021-02-28,1916,12,8,830,45.89
2020-10-20,980,19,10,478,302.58
2022-06-28,711,19,6,252,308.23
2019-09-17,1462,44,3,385,341.58
2019-01-20,955,5,2,241,148.43
2023-03-08,1971,28,8,443,398.97
2022-03-20,198,29,6,673,344.33
2020-11-15,703,14,8,589,282.52
2023-09-18,72,40,5,721,129.45
2019-11-22,1290,49,6,113,327.42
2020-11-18,601,44,3,218,337.18
2023-09-09,644,24,2,55,379.05
2019-08-25,464,43,4,615,316.97
2022-04-04,62,38,3,490,27.29
2020-06-16,1288,28,2,386,176.79
2022-09-30,881,32,6,120,224.51
2022-05-26,1842,15,2,999,8.74
2020-04-19,1381,27,3,300,220.16
2021-05-03,728,1,3,495,385.1
2022-04-07,1720,8,10,830,128.38
2020-08-16,1362,38,7,508,361.87
2021-10-17,190,16,4,382,226.9
2023-08-15,1092,47,8,977,152.99
2023-12-12,1047,49,10,84,214.93
2023-11-27,599,1,6,216,221.95
2020-10-07,1989,20,3,777,365.55
2020-01-14,311,10,2,501,191.74
2019-07-01,369,19,2,245,197.8
2021-08-07,268,3,3,920,308.56
2019-04-15,1153,16,10,537,355.94
2021-12-16,1533,11,1,311,246.33
2022-12-22,1670,7,7,208,257.1
2023-05-21,1048,42,10,339,301.98
2020-02-02,445,19,5,841,102.55
2020-10-23,463,12,3,627,222.53
2019-05-23,493,33,3,200,227.27
2020-03-09,1805,2,10,664,37.97
2019-06-25,1420,7,8,268,299.43
2019-07-11,956,47,10,131,390.41
2021-10-04,476,14,3,270,392.27
2022-12-21,1742,48,1,275,189.59
2019-09-26,1190,37,6,848,99.58
2021-10-21,721,10,3,663,242.36
2023-10-10,624,26,7,583,215.63
2022-01-05,1099,26,7,879,46.87
2021-08-29,1252,40,6,770,130.4
2020-09-27,512,14,10,694,165.15
2020-09-05,284,39,2,586,172.72
2023-12-10,1653,24,5,626,326.43
2020-12-22,1579,32,3,763,342.33
2020-06-03,1625,40,4,433,80.93
2021-06-25,204,50,10,516,128.15
2023-05-25,1381,12,3,166,105.18
2022-05-28,881,27,2,982,392.71
2023-09-08,596,6,7,922,157.83
2019-10-07,1884,28,2,790,163.35
2023-06-09,57,23,5,748,296.1
2023-05-19,1360,34,9,523,136.7
2022-06-21,1912,30,2,744,72.11
2023-09-30,1928,35,6,556,392.78
2020-12-29,841,49,7,825,313.51
2021-08-30,1884,17,3,514,397.65
2022-06-08,1859,48,3,864,208.69
2023-12-14,1581,40,10,966,353.23
2019-09-28,1638,25,5,172,199.67
2023-12-10,1390,38,8,631,41.12
2023-01-27,425,28,6,788,201.05
2022-03-05,1571,31,2,397,196.98
2020-07-03,1383,23,2,912,190.13
2020-10-10,812,3,6,951,152.34
2022-10-29,592,16,5,729,88.9
2022-09-08,1797,50,7,895,67.04
2022-08-12,1989,36,2,221,60.75
2021-11-02,995,8,4,583,241.7
2019-10-26,874,18,9,756,347.9
2022-01-06,1818,27,7,828,33.29
2020-09-02,1609,14,2,817,368.43
2022-12-08,509,10,7,724,211.26
2019-04-26,1216,8,9,917,375.52
2019-03-26,1326,4,8,762,168.47
2020-10-13,1502,2,5,80,286.81
2021-05-06,932,47,1,499,246.5
2020-03-05,923,28,4,595,201.88
2020-06-15,65,9,10,98,197.77
2021-04-03,574,35,5,347,196.54
2019-04-28,1723,20,1,783,398.4
2022-07-09,1840,47,3,538,8.33
2020-11-30,1901,46,5,550,217.91
2022-11-04,249,26,2,711,32.77
2021-09-09,986,38,10,449,382.36
2022-03-18,458,41,3,656,41.2
2020-11-02,644,34,9,703,60.17
2021-06-08,1535,40,5,712,291.9
2021-02-10,1085,30,1,496,214.96
2021-07-24,1584,47,3,341,153.76
2020-11-28,125,2,8,401,311.5
2020-04-10,1728,22,10,433,18.51
2022-03-29,452,23,6,678,98.01
2022-08-19,1284,12,9,519,111.55
2021-09-28,1097,12,6,192,318.86
2019-12-03,674,5,9,96,22.45
2019-02-10,1984,26,7,318,185.9
2021-01-01,1989,48,8,907,59.53
2020-02-17,1823,22,10,425,348.41
2021-04-22,996,41,2,720,394.8
2022-09-18,97,46,8,475,245.28
2023-11-25,1549,30,2,531,371.82
2023-06-10,1483,23,1,479,157.98
2021-03-25,549,16,2,943,317.32
2021-10-30,355,44,7,569,257.29
2020-12-08,1448,8,2,937,201.67
2022-10-09,306,41,9,73,151.87
2022-12-10,1329,38,8,626,108.66
2019-10-16,1839,13,3,802,35.85
2019-06-08,1938,32,6,734,396.67
2021-01-16,1722,34,2,110,263.99
2022-07-08,1143,47,2,532,16.42
2023-06-26,1438,16,2,399,140.59
2019-11-21,743,44,6,127,356.87
2020-02-24,1741,17,2,66,295.93
2021-02-15,709,22,2,651,72.36
2023-09-08,1642,41,1,253,161.06
2019-09-14,1017,22,5,986,136.24
2020-06-13,70,29,4,176,354.49
2022-09-19,1136,24,7,559,64.79
2022-07-21,774,24,1,249,81.29
2022-09-03,685,35,1,374,18.77
2021-02-24,131,28,1,318,106.9
2023-02-04,1970,34,2,590,149.02
2023-11-02,477,49,10,339,338.76
2021-04-06,185,42,6,510,206.86
2019-05-05,725,3,1,423,90.68
2020-02-12,557,22,3,233,185.35
2023-05-04,72,36,5,340,335.49
2019-03-19,284,11,7,79,361.79
2020-08-16,689,46,3,762,315.31
2021-07-29,1469,14,10,981,177.3
2019-05-30,1228,34,7,63,189.3
2022-02-26,682,2,10,328,295.94
2021-02-27,112,49,8,432,291.6
2023-10-21,550,28,5,612,45.44
2023-03-29,781,14,6,263,371.81
2023-09-14,1823,36,1,529,224.82
2021-07-31,1216,38,3,73,10.76
2023-05-30,1697,41,2,387,309.25
2022-06-11,1883,45,9,209,185.13
2022-04-28,1682,18,3,878,122.64
2020-10-03,719,42,3,347,62.2
2021-12-27,836,44,5,51,102.52
2020-10-29,256,36,5,402,221.36
2023-08-21,561,30,10,891,253.3
2021-08-05,877,25,3,894,308.66
2021-06-04,46,43,6,783,86.21
2022-06-11,692,31,6,210,227.37
2022-04-07,1785,40,2,938,114.62
2021-05-31,1138,22,1,911,90.77
2023-07-02,751,36,4,191,248.04
2022-02-13,1080,25,7,735,14.26
2020-12-21,1835,21,4,489,347.16
2021-09-19,1322,39,7,713,353.09
2019-10-06,1355,22,5,489,35.99
2019-06-28,1043,14,6,702,132.62
2019-04-03,925,29,7,89,199.57
2020-07-23,527,42,4,547,368.65
2022-05-14,417,9,9,439,386.16
2020-07-19,1469,21,8,402,316.06
2020-03-01,681,22,8,718,12.81
2019-01-03,1632,11,5,535,172.19
2023-11-01,1365,15,4,919,75.94
2021-11-03,1528,14,10,985,269.79
2022-06-25,1719,17,7,254,255.22
2021-05-20,1281,44,4,92,312.4
2021-09-30,1973,25,4,255,302.63
2023-02-13,1401,24,9,756,43.65
2020-02-22,718,6,1,271,326.15
2022-09-08,1873,6,1,267,87.43
2019-09-29,1789,6,7,417,244.85
2019-04-14,858,25,2,585,391.15
2019-08-19,1606,20,9,670,258.71
2021-04-15,1520,27,5,328,135.82
2020-11-20,391,19,1,357,204.12
2023-10-03,1717,35,6,989,71.31
2023-07-30,126,37,4,860,306.53
2019-08-23,697,25,10,127,167.57
2023-11-30,528,12,9,355,87.55
2021-09-19,849,15,8,513,309.03
2023-06-29,370,29,8,308,192.58
2022-10-13,1634,27,3,501,192.08
2021-08-21,249,42,2,833,167.23
2023-04-09,1009,45,6,274,41.83
2023-01-01,1774,29,2,695,249.72
2022-11-01,169,36,7,617,214.02
2022-09-07,123,34,10,918,273.13
2020-07-19,1944,30,6,764,166.63
2019-02-08,954,45,9,377,73.73
2022-11-09,293,24,9,435,64.74
2023-07-17,1087,41,3,837,146.54
2019-09-09,1290,42,8,953,32.78
2021-01-16,503,43,8,291,20.23
2021-09-06,1051,15,5,893,375.51
2022-03-22,535,31,8,892,111.85
2022-10-05,1154,34,7,363,83.59
2020-09-10,393,17,4,236,178.62
2023-06-29,1445,2,2,243,5.43
2019-02-06,374,32,2,972,156.12
2022-04-22,1393,12,5,285,231.51
2020-05-20,1348,45,4,891,387.93
2022-07-13,1823,38,10,800,387.29
2023-08-02,1504,14,8,633,10.82
2022-03-10,469,39,2,915,84.03
2022-06-28,725,32,7,882,157.89
2021-08-30,1932,9,7,976,131.72
2019-04-11,1848,1,7,106,146.49
2022-06-04,975,24,7,469,305.35
2023-10-10,783,24,10,389,65.14
2019-02-04,210,22,8,118,352.55
2021-03-27,916,15,4,285,380.12
2019-07-01,154,27,7,521,269.78
2022-06-27,768,4,3,799,86.46
2020-03-10,305,25,9,714,261.49
2021-05-28,108,37,4,98,233.13
2022-07-17,1816,8,3,644,26.47
2020-12-05,1523,42,7,412,250.59
2021-06-18,341,22,10,689,318.31
2019-04-30,1678,3,10,408,141.75
2019-09-04,1012,43,9,427,302.52
2022-06-07,1138,42,5,530,218.65
2019-07-12,578,8,6,258,360.08
2023-12-28,564,8,2,342,391.83
2022-09-06,1749,24,2,564,53.94
2020-04-22,1503,43,9,373,178.4
2020-06-29,3,23,3,526,326.23
2020-03-16,1748,14,7,615,348.13
2021-10-29,22,6,5,209,207.64
2019-05-21,1903,21,6,974,175.57
2019-09-25,1803,50,6,872,179.94
2022-02-09,853,20,10,800,8.42
2020-12-13,1471,1,4,138,108.1
2019-06-07,1663,11,3,139,183.76
2020-03-10,1041,30,5,757,125.12
2020-08-22,264,36,10,439,309.45
2021-08-10,162,10,8,905,350.61
2019-09-10,1345,18,5,993,102.29
2022-11-02,142,11,9,536,379.67
2019-07-10,635,8,9,967,300.88
2020-06-11,949,5,10,849,160.97
2021-10-24,900,45,5,804,308.22
2020-08-28,1582,37,10,478,151.55
2019-10-03,515,1,10,906,126.26
2023-11-25,41,17,1,906,341.68
2022-06-16,728,20,6,269,12.53
2020-08-24,1197,43,1,101,25.48
2020-04-25,821,32,2,770,177.6
2023-12-12,1482,18,3,457,215.03
2020-05-02,26,21,4,183,250.09
2023-12-12,927,17,4,554,79.6
2023-04-23,1579,12,8,734,177.23
2020-11-06,682,4,5,837,212.58
2022-01-09,296,26,5,120,260.87
2021-12-10,949,15,8,287,88.4
2019-08-14,1779,15,9,662,224.26
2021-07-09,330,6,8,634,52.58
2023-06-23,1997,25,5,448,326.09
2022-01-30,1608,5,4,307,100.42
2019-05-13,1914,21,5,902,384.06
2019-03-16,732,2,6,780,338.78
2021-08-31,815,2,9,904,150.44
2022-07-06,1007,45,2,872,366.49
2023-05-07,1948,17,2,150,151.31
2020-12-28,613,44,10,496,98.8
2022-08-05,1934,39,6,86,316.74
2022-01-19,1559,45,7,96,304.01
2022-07-28,1659,27,7,832,120.45
2022-11-28,1045,13,7,875,6.83
2020-11-06,1723,28,4,552,316.46
2022-03-08,300,27,7,975,287.68
2021-10-09,97,28,6,242,137.57
2019-10-23,1587,6,4,247,372.09
2023-06-01,957,8,5,623,254.4
2021-01-24,763,23,9,786,355.56
2021-05-29,1117,15,9,265,294.37
2021-08-15,55,3,7,232,249.6
2019-10-22,63,37,1,260,361.25
2019-09-19,1232,1,9,162,245.27
2019-02-26,1418,29,5,213,74.2
2023-12-07,1453,41,7,445,344.93
2021-10-02,850,35,7,420,342.65
2023-06-13,890,17,1,942,187.59
2023-09-20,1369,6,4,531,11.53
2023-03-23,1684,50,8,906,282.82
2021-11-08,787,32,1,508,14.72
2020-10-05,4,41,10,488,319.57
2021-04-21,133,13,3,432,182.8
2020-05-23,1638,5,6,294,321.3
2019-06-21,644,3,6,889,104.23
2020-01-03,1143,6,7,620,166.97
2023-12-15,868,26,4,492,134.88
2022-12-25,892,16,3,710,170.96
2022-09-30,1472,15,2,842,167.83
2020-02-16,1542,30,1,323,302.31
2019-10-08,1163,28,1,593,381.39
2020-08-28,181,20,10,375,298.51
2019-05-11,1993,7,1,664,238.82
2023-10-03,1346,31,5,900,174.09
2023-11-14,685,35,9,537,396.36
2023-11-04,521,20,4,860,56.33
2020-04-04,1033,38,9,307,264.33
2020-01-27,1481,47,8,327,111.3
2020-06-01,795,37,4,575,293.88
2020-07-03,1065,31,3,221,115.24
2020-11-28,1905,33,5,883,72.67
2020-08-07,493,43,5,379,250.37
2020-05-19,664,37,5,646,366.73
2019-09-14,329,39,2,89,167.16
2020-08-18,728,17,8,822,171.2
2023-06-04,871,25,10,796,261.71
2021-08-03,1562,40,4,556,283.01
2023-10-20,1197,11,5,642,103.53
2022-04-11,1612,38,1,768,290.79
2020-08-10,1584,21,7,73,194.65
2022-11-28,1898,31,5,502,370.25
2019-10-31,193,48,10,154,150.27
2021-10-17,1985,5,10,368,153.48
2020-07-19,1453,26,4,611,395.75
2021-05-11,764,25,7,381,332.29
2020-02-11,153,12,9,371,24.62
2021-09-23,1956,23,5,159,173.03
2022-12-08,1303,26,4,366,353.12
2023-07-20,987,10,3,117,346.71
2021-06-08,1064,48,6,236,201.78
2022-09-30,1362,34,8,872,360.78
2020-07-29,840,46,7,553,76.38
2023-03-13,1174,11,3,763,301.44
2022-02-08,594,23,7,408,240.93
2020-11-27,1626,24,8,553,175.85
2021-05-17,175,17,4,798,18.08
2020-02-16,93,29,8,632,34.05
2020-06-12,618,13,7,928,176.63
2023-07-07,1878,41,5,876,106.84
2020-12-18,825,27,6,193,339.33
2023-11-23,1807,7,5,755,277.18
2022-02-10,1668,28,10,402,396.0
2022-10-10,1824,6,8,524,363.6
2021-04-06,139,31,4,700,274.04
2022-07-21,391,41,10,677,117.94
2023-07-31,503,41,4,275,307.5
2021-08-06,518,31,7,605,248.8
2022-10-16,649,11,9,113,336.35
2021-11-15,1424,8,1,523,315.22
2023-02-11,1171,13,9,730,194.87
2019-09-29,1350,7,7,311,102.76
2019-12-30,1279,32,3,905,69.63
2020-07-13,424,35,5,646,384.23
2021-05-27,249,12,4,699,85.47
2020-10-04,903,26,7,397,391.77
2023-02-17,1384,17,4,364,181.61
2023-09-17,1255,18,5,679,275.74
2019-10-07,181,46,9,160,107.44
2019-01-05,1635,34,10,236,322.36
2019-12-30,1208,47,2,392,304.29
2020-07-31,838,18,5,532,182.88
2022-09-04,415,37,9,518,238.33
2022-12-18,1444,48,2,427,20.89
2022-12-08,445,34,9,855,85.73
2022-07-30,1768,5,3,119,362.15
2023-11-02,1978,25,2,997,229.59
2020-01-28,1221,27,4,740,336.01
2020-07-06,1164,36,7,453,352.68
2023-08-20,107,19,10,138,201.16
2023-06-25,1095,45,10,620,168.52
2023-09-17,469,34,2,669,69.25
2020-08-13,1746,47,5,822,273.3
2022-10-29,1900,21,5,231,156.05
2023-01-10,256,22,8,515,227.49
2022-12-08,1146,18,2,631,237.21
2019-08-28,654,41,6,230,352.66
2021-11-12,644,9,4,681,189.54
2021-05-25,1704,32,4,453,224.15
2020-11-20,985,31,1,458,249.34
2020-02-09,345,41,2,223,169.17
2019-07-01,439,18,1,123,58.44
2020-03-06,379,47,5,568,182.92
2023-06-07,289,12,6,115,27.4
2019-09-15,911,10,9,75,81.75
2022-04-28,1695,48,7,550,299.78
2019-05-02,631,4,3,252,251.43
2020-12-15,1518,12,9,483,317.75
2021-06-11,1386,34,10,352,257.41
2019-06-25,510,42,9,284,191.69
2022-03-06,614,40,7,910,130.01
2020-06-25,1169,39,1,536,209.49
2022-01-26,1876,6,6,776,298.37
2023-08-25,431,4,2,310,10.34
2023-08-25,197,34,5,181,82.95
2020-07-31,1629,45,7,937,38.34
2021-08-28,1702,21,4,148,186.37
2023-10-09,1401,27,6,931,194.17
2019-02-07,1860,5,5,463,254.92
2022-12-31,614,8,4,659,194.3
2021-01-28,1530,18,9,391,361.06
2020-11-27,100,11,8,352,266.66
2019-12-11,1603,6,9,432,392.64
2023-11-22,170,47,4,371,203.86
2021-01-09,1799,32,1,144,97.71
2023-04-09,1855,36,9,129,272.02
2019-01-15,310,36,3,208,35.48
2022-09-05,290,32,9,540,386.45
2021-09-01,1346,39,4,869,281.84
2019-02-18,535,1,1,120,98.32
2021-01-21,1080,29,8,246,354.12
2020-12-07,634,43,2,355,6.47
2020-10-03,850,23,1,817,79.03
2023-02-05,543,22,3,264,328.9
2023-12-04,12,11,7,394,99.69
2020-11-06,943,21,8,835,123.55
2019-04-25,1293,12,3,610,386.18
2023-10-21,1259,10,7,551,99.79
2023-07-29,646,48,3,189,374.95
2020-08-07,902,31,5,903,189.86
2022-02-19,606,47,7,201,241.35
2019-11-21,352,31,10,668,32.31
2020-01-03,668,4,7,406,161.25
2019-04-29,1972,42,6,863,301.08
2021-04-28,1915,14,9,931,53.42
2023-06-29,506,27,1,190,152.16
2019-11-26,1627,41,4,965,334.69
2022-07-06,680,50,1,296,389.47
2022-04-21,1249,1,9,653,358.81
2021-12-13,1066,8,3,535,272.32
2023-01-22,1361,9,2,632,224.55
2020-12-29,1869,12,10,126,377.87
2020-08-06,1872,47,7,513,216.73
2021-05-28,410,46,5,539,228.56
2019-07-03,1115,23,2,587,364.3
2022-07-16,1465,3,5,657,260.57
2023-07-22,1436,30,9,952,94.28
2022-01-14,217,17,1,86,6.54
2019-01-05,892,28,6,628,189.08
2019-04-28,248,10,8,254,275.43
2022-10-08,558,2,5,743,152.01
2020-05-04,561,17,1,166,336.06
2020-06-29,855,41,6,514,315.86
2023-11-17,1203,19,5,356,162.91
2021-09-18,918,45,8,928,276.41
2020-08-11,366,28,5,971,342.84
2022-06-02,1103,12,3,469,348.54
2022-03-03,420,30,6,308,382.19
2021-10-17,199,30,9,318,304.27
2023-07-02,1469,18,4,958,178.48
2019-05-10,598,4,6,234,344.55
2019-05-23,478,24,10,371,133.27
2022-06-10,1546,21,2,652,39.95
2022-04-04,665,45,8,367,77.89
2022-10-10,173,36,10,831,325.03
2021-07-25,275,6,6,213,360.74
2023-05-20,1409,32,5,689,315.09
2023-11-14,1184,29,2,298,103.61
2020-02-25,497,20,4,736,229.41
2023-09-27,376,31,2,535,123.76
2022-08-10,799,36,2,342,356.4
2021-01-10,673,28,4,390,92.28
2020-06-05,1408,46,3,652,297.93
2021-09-30,108,41,8,599,175.92
2023-05-11,305,38,4,439,79.09
2019-04-08,911,29,5,722,194.44
2022-08-30,1256,15,10,317,240.93
2022-07-13,235,48,2,143,191.29
2021-12-09,871,8,3,698,50.84
2020-10-01,12,6,1,616,16.71
2022-09-27,788,5,9,858,167.4
2020-09-18,501,21,4,703,178.23
2022-06-03,1985,20,6,572,245.94
2023-02-14,135,12,6,228,162.0
2022-12-19,1609,49,5,315,21.48
2021-09-11,503,47,5,287,396.86
2021-09-09,726,16,8,180,132.85
2020-02-22,62,16,3,837,84.57
2019-12-21,559,35,3,547,103.05
2022-08-30,1582,12,4,972,332.58
2019-01-24,943,20,10,723,338.2
2020-08-14,418,18,10,494,358.2
2021-09-07,1135,21,1,756,181.83
2019-03-22,991,4,7,679,157.09
2019-04-06,521,29,3,391,340.62
2022-11-22,1988,33,5,297,384.13
2019-08-13,1231,49,3,940,90.53
2020-12-11,653,19,6,604,185.46
2021-06-28,1612,9,6,494,306.24
2020-06-01,98,19,3,67,375.19
2023-03-27,1212,20,2,563,184.42
2020-02-15,1321,3,7,762,136.18
2019-03-31,1353,2,8,686,23.44
2022-12-31,1014,6,7,710,266.77
2021-01-07,936,40,6,220,229.41
2022-07-28,1045,15,9,357,220.73
2021-07-02,100,14,3,646,182.64
2021-10-07,1866,16,8,152,179.38
2022-01-20,1089,18,10,357,108.96
2022-08-28,212,36,2,164,99.97
2019-01-10,1043,18,2,602,225.0
2021-05-17,909,10,9,480,350.87
2021-01-24,81,31,5,392,303.24
2021-01-15,733,6,5,429,375.33
2022-06-27,635,19,2,250,324.68
2020-07-03,261,18,4,643,110.51
2023-07-05,250,23,9,859,214.91
2020-09-25,1204,19,8,391,382.53
2022-05-09,1807,47,3,637,321.92
2019-12-25,1488,5,7,352,191.58
2023-04-06,1564,27,2,343,168.48
2021-05-07,610,8,8,377,35.88
2021-05-16,1934,49,7,628,89.3
2020-01-13,970,6,10,967,194.78
2020-02-21,406,40,7,732,55.14
2019-06-02,83,7,8,946,30.84
2020-03-26,768,25,7,984,123.09
2023-12-16,1541,3,9,919,132.05
2023-10-06,903,33,10,786,190.31
2021-05-11,1804,3,9,415,79.29
2020-04-26,454,21,8,685,239.26
2022-12-26,640,40,8,616,105.38
2019-06-18,983,26,4,230,394.73
2020-11-22,1910,45,10,418,39.74
2020-01-27,1651,35,9,665,182.45
2020-05-04,71,27,10,83,99.54
2022-08-19,1819,40,4,685,312.05
2020-12-18,1802,19,6,385,71.61
2023-01-22,1104,20,9,722,123.87
2022-02-06,1521,9,6,847,28.61
2022-12-18,1194,12,10,464,29.05
2020-07-10,1011,16,1,920,66.17
2019-04-18,367,19,3,401,100.95
2019-11-13,1260,6,6,246,19.74
2020-03-14,1041,45,7,535,196.19
2020-08-06,1601,1,2,736,185.77
2021-12-03,1213,31,9,895,172.98
2023-03-09,446,34,6,238,296.58
2019-03-26,467,48,5,621,102.49
2021-04-30,1370,6,6,849,178.11
2019-12-19,1973,30,3,766,315.71
2022-07-02,1576,27,8,762,198.7
2023-12-19,1156,44,7,395,399.84
2021-12-22,1228,21,4,811,113.29
2020-01-13,827,44,1,501,137.18
2021-06-17,1569,30,10,938,324.39
2021-09-24,1749,20,9,195,87.04
2019-11-25,1512,50,2,617,29.39
2021-09-27,220,50,3,443,11.65
2019-12-17,1206,47,10,783,364.11
2020-11-18,58,47,6,174,366.07
2023-08-18,606,17,3,600,327.77
2023-09-10,1511,14,5,101,106.91
2022-03-08,1411,47,8,923,82.35
2019-08-17,1834,1,9,180,358.4
2022-07-20,1729,21,5,380,266.52
2021-08-03,450,28,10,935,362.16
2023-08-19,1125,11,2,163,160.95
2023-02-26,118,34,2,645,232.85
2023-05-05,435,17,2,228,30.17
2022-11-11,124,26,4,240,103.13
2019-07-14,309,19,9,634,192.0
2021-09-08,1355,11,10,865,146.47
2019-09-29,1996,23,10,257,377.34
2020-01-29,824,46,2,405,239.85
2020-07-31,1911,20,4,55,314.98
2020-03-08,1666,36,6,472,285.17
2019-06-23,1236,35,7,614,39.77
2020-09-12,358,7,4,401,225.21
2021-08-29,1201,3,5,113,81.09
2022-01-28,268,8,6,270,64.09
2019-07-03,1711,20,2,161,343.57
2023-12-11,1580,14,5,154,77.38
2019-08-21,763,49,8,728,31.63
2021-10-10,1976,15,6,812,11.87
2020-06-11,1083,33,10,404,139.88
2022-01-03,717,31,10,272,387.61
2022-07-02,1584,39,1,161,386.57
2022-11-06,1847,17,7,829,239.01
2020-07-04,1438,18,9,832,82.19
2023-09-20,1157,11,5,828,185.27
2020-07-06,862,40,1,651,255.96
2023-08-14,1174,48,10,887,264.3
2023-12-26,822,41,1,416,275.23
2019-01-11,507,15,8,381,354.55
2022-03-07,309,30,6,660,7.29
2019-07-11,1091,2,7,216,286.02
2023-02-24,996,40,4,716,340.55
2022-07-19,449,42,4,674,336.11
2023-12-12,194,42,5,518,361.52
2020-03-15,527,20,7,838,6.09
2021-04-10,400,27,1,885,147.42
2020-06-20,173,36,5,234,71.5
2020-08-02,863,28,7,903,223.57
2023-10-06,417,1,3,397,196.52
2020-08-14,1068,30,3,273,91.19
2019-12-08,903,26,4,174,271.52
2021-12-17,1614,29,9,798,182.81
2023-12-03,1364,12,8,926,368.77
2021-11-22,701,50,10,61,51.8
2023-08-10,202,18,7,837,333.18
2021-10-04,1518,16,10,908,34.39
2021-02-21,1281,1,1,629,326.58
2021-10-03,619,39,2,344,90.36
2019-12-14,1853,45,1,501,126.08
2022-09-21,512,40,6,702,82.3
2022-04-05,765,38,2,855,168.04
2022-10-28,1855,31,1,225,126.94
2019-10-27,458,34,10,164,187.59
2022-02-13,548,25,7,586,187.45
2022-09-01,1569,31,2,247,168.28
2020-07-11,1661,10,10,548,246.36
2020-08-05,753,45,6,178,257.15
2019-12-31,149,42,4,85,160.49
2022-09-30,1085,8,3,782,251.69
2022-12-14,1208,8,5,486,295.76
2020-12-16,606,17,1,762,27.49
2021-07-18,1745,49,2,64,357.7
2021-01-09,555,28,6,183,354.22
2023-07-18,1126,38,10,889,56.24
2020-08-01,1935,3,6,477,349.94
2020-05-13,1187,40,4,351,40.8
2020-03-17,585,35,1,281,18.48
2023-02-21,1336,41,3,705,301.34
2021-05-29,247,9,6,914,125.27
2019-09-25,1145,33,5,896,49.39
2019-06-18,1068,2,4,831,68.24
2019-09-11,1766,32,5,127,253.5
2022-07-23,1039,21,2,256,343.1
2023-08-16,548,47,5,954,236.01
2021-05-10,1777,25,3,136,154.5
2019-04-04,524,30,8,639,187.63
2022-05-28,1205,36,4,828,312.18
2022-03-16,1867,20,3,471,9.29
2019-02-18,242,7,5,544,323.44
2019-01-21,1775,41,8,895,109.47
2022-11-03,744,41,1,699,383.68
2021-06-27,822,17,1,966,133.88
2021-12-07,814,36,4,707,76.89
2022-02-22,173,28,6,333,388.93
2021-07-25,1134,43,5,110,65.27
2020-04-06,1954,2,4,229,381.34
2022-03-28,1547,45,7,634,15.77
2023-10-11,143,19,2,654,276.96
2021-04-23,597,9,3,101,289.27
2022-10-20,857,46,2,700,133.2
2020-08-14,1795,21,3,517,34.54
2019-05-31,1624,48,7,90,63.61
2021-04-27,477,50,8,955,364.94
2021-09-07,865,37,5,116,29.15
2021-12-04,1051,29,10,741,373.74
2023-08-29,763,39,9,589,215.21
2022-02-05,1017,21,7,102,370.85
2022-05-11,1741,15,6,777,67.55
2022-07-15,65,20,9,339,196.6
2019-08-06,49,12,7,539,230.59
2021-06-30,1278,38,1,956,154.43
2022-07-18,400,10,9,113,354.9
2023-05-25,1089,29,5,560,98.14
2019-05-18,1996,47,3,68,363.07
2020-01-03,466,39,7,332,151.33
2019-10-29,1493,17,1,415,376.63
2019-05-14,410,20,2,223,71.61
2020-09-01,276,49,5,471,85.91
2019-01-11,315,32,6,602,128.2
2022-11-11,1206,24,9,303,332.81
2020-01-31,332,30,6,948,111.27
2021-03-11,1284,16,9,876,138.01
2020-11-01,1729,20,10,321,24.25
2022-12-18,1666,11,5,187,80.28
2020-03-14,1241,33,6,606,332.38
2022-03-23,1285,45,2,819,252.3
2022-02-03,576,34,6,503,122.94
2022-01-01,602,32,3,731,192.1
2023-11-04,29,2,2,937,229.89
2022-10-26,1759,46,7,325,56.84
2020-04-22,659,40,1,748,94.05
2023-03-23,1666,17,6,210,230.38
2023-12-07,1472,6,10,101,255.5
2020-11-10,570,29,7,276,191.21
2019-10-01,532,37,7,809,388.26
2022-09-22,1605,43,5,723,179.71
2019-10-11,1042,11,9,260,334.18
2021-06-21,460,31,4,771,238.67
2019-10-09,817,33,3,872,398.46
2019-01-14,1914,40,4,946,111.28
2020-08-01,1735,33,10,953,237.42
2023-07-06,1976,36,7,814,293.9
2019-02-02,400,5,5,830,245.36
2022-03-05,1343,2,9,670,29.28
2022-10-08,900,25,8,914,357.24
2023-08-30,897,2,9,650,143.49
2020-03-02,1251,11,7,142,227.85
2022-12-07,1423,7,4,728,42.04
2022-07-11,628,32,7,967,12.47
2022-12-15,397,1,3,492,312.2
2022-07-27,1856,7,2,148,135.81
2023-07-10,1537,7,9,939,131.32
2023-03-04,1112,14,4,830,107.27
2023-08-05,1033,29,10,662,210.38
2019-09-10,812,43,9,773,166.16
2022-09-18,80,16,8,578,121.53
2021-05-30,1444,1,4,501,222.81
2021-03-23,621,29,1,102,308.77
2020-09-11,193,34,2,567,335.67
2022-10-21,291,33,7,839,365.17
2022-09-26,293,19,9,975,349.9
2020-12-07,1697,22,10,964,187.13
2021-11-27,1551,24,5,550,231.58
2023-03-08,861,11,2,511,157.77
2021-05-03,1348,9,8,779,376.96
2020-04-05,1034,13,6,61,298.82
2023-09-12,554,31,10,220,189.52
2019-10-19,1039,47,10,690,208.78
2023-04-16,1846,1,3,767,225.66
2020-06-24,557,31,1,735,180.94
2023-08-05,731,32,5,963,282.06
2019-05-01,1571,39,9,474,27.93
2021-11-30,629,46,7,143,253.75
2020-11-21,1162,18,6,627,130.63
2021-04-04,1934,37,2,134,119.43
2019-01-05,228,50,2,211,254.83
2019-09-15,128,27,2,175,376.9
2019-03-23,476,37,7,490,197.87
2023-04-02,1528,13,4,924,342.82
2021-01-26,1102,50,5,166,391.53
2022-04-28,36,45,7,330,180.01
2023-09-17,1297,38,10,498,138.74
2022-11-14,1649,26,3,874,370.96
2020-04-20,1174,25,9,372,327.7
2021-07-03,1106,8,10,435,140.5
2019-10-31,393,32,1,175,317.02
2019-11-20,1524,37,8,737,9.88
2020-01-02,689,12,8,704,27.12
2022-08-19,1202,35,2,789,41.79
2023-10-26,1386,15,6,91,318.62
2019-12-02,55,18,5,295,321.0
2020-06-01,394,15,4,156,176.95
2022-06-19,17,2,3,623,372.47
2023-08-10,1219,8,7,211,121.89
2020-06-11,941,8,8,471,93.7
2022-06-17,1306,17,5,69,113.14
2021-05-04,1611,50,7,732,138.54
2021-01-24,526,20,2,820,258.31
2023-04-25,1485,42,6,103,179.63
2023-02-19,1613,4,7,797,204.58
2020-01-29,1505,19,6,534,84.17
2020-02-09,530,6,7,235,390.33
2021-09-03,1163,18,10,837,360.98
2020-09-26,301,49,7,560,365.56
2022-01-11,1026,40,7,348,227.24
2021-01-14,592,21,3,267,326.79
2019-06-04,1305,27,4,554,11.47
2020-06-14,1031,12,4,522,230.57
2019-05-22,1791,5,7,844,190.1
2022-02-22,398,15,4,746,299.07
2020-03-14,1598,19,7,293,340.76
2019-11-20,1849,3,9,510,318.94
2023-10-22,884,35,1,156,45.71
2020-02-22,1526,7,3,790,216.71
2023-09-08,1745,14,9,698,45.65
2023-02-04,416,27,1,891,154.56
2021-04-18,1879,15,2,751,173.61
2019-04-29,1867,14,7,215,152.77
2023-11-14,1652,33,9,601,240.99
2020-09-06,1480,30,3,172,148.07
2021-03-14,356,24,4,551,20.68
2023-03-04,397,8,10,871,369.11
2022-09-23,1535,10,5,295,294.37
2023-01-07,1534,34,4,682,124.9
2020-06-04,1126,26,2,927,308.45
2022-11-26,1347,13,1,729,191.19
2023-11-08,209,50,10,238,243.05
2020-02-13,1722,41,5,243,160.93
2020-03-18,489,35,3,88,100.85
2023-03-04,1235,4,7,713,155.75
2023-01-26,1308,31,3,310,177.3
2020-08-05,1822,6,8,123,13.06
2022-10-14,745,36,10,778,44.04
2020-01-27,706,7,8,382,113.72
2022-07-10,372,5,1,425,140.44
2022-11-24,781,34,4,378,34.34
2020-08-21,465,33,8,256,240.86
2023-05-05,498,12,5,156,38.84
2023-11-03,1106,25,10,103,98.79
2020-04-08,1954,35,10,113,172.34
2022-12-15,1099,47,5,472,365.12
2020-06-30,1466,45,5,475,71.04
2020-12-24,576,45,5,930,64.31
2023-07-06,1457,33,6,830,91.87
2020-02-13,1492,9,8,139,71.41
2020-11-14,543,48,3,216,191.95
2021-08-03,167,43,3,586,40.54
2021-02-04,1161,36,10,376,236.11
2022-09-29,1783,37,4,594,308.17
2019-04-13,1309,39,3,864,356.89
2019-08-15,243,43,2,642,39.86
2022-02-01,404,28,7,571,83.56
2021-06-01,821,24,5,598,314.39
2019-09-26,192,23,8,516,363.72
2019-08-25,1596,3,10,178,129.98
2019-07-27,1608,8,2,88,244.53
2019-05-11,1378,48,4,307,276.27
2019-12-29,1643,47,10,244,213.4
2021-03-02,1089,24,2,905,202.21
2021-12-18,1887,6,6,485,175.14
2023-05-10,822,7,9,857,27.51
2019-01-22,160,20,4,302,346.75
2019-01-28,309,27,10,629,236.97
2021-01-09,1217,33,7,630,72.53
2019-12-02,1962,2,8,342,310.51
2022-04-11,354,25,3,667,143.11
2022-03-24,796,3,6,353,324.56
2022-08-15,1438,50,10,476,274.22
2023-09-02,1147,10,2,916,114.38
2019-04-26,376,36,7,612,233.87
2022-07-18,1292,14,9,600,276.23
2023-04-11,1051,34,9,810,178.63
2021-03-21,266,30,3,253,91.96
2023-09-16,1729,47,8,925,141.17
2019-10-21,1417,30,4,977,149.89
2021-04-12,185,12,5,572,118.86
2022-03-11,1101,38,6,632,399.42
2023-02-18,336,41,3,442,89.79
2022-09-27,1240,10,10,342,293.94
2020-04-06,1839,44,4,762,325.74
2021-07-06,1944,10,2,199,71.59
2020-09-05,690,42,7,886,141.56
2023-12-15,390,2,5,57,22.21
2019-11-28,1054,45,10,953,384.47
2021-12-13,1551,23,3,392,340.01
2021-08-12,393,9,3,721,137.49
2023-10-20,402,26,7,167,112.36
2021-11-28,1124,41,3,970,250.65
2020-01-17,53,34,10,581,277.55
2022-06-29,1126,18,4,226,56.48
2021-10-31,306,18,10,492,25.92
2021-12-02,680,25,5,413,98.73
2019-10-17,930,3,9,63,52.56
2019-05-15,1096,47,4,697,185.88
2020-04-26,462,16,7,463,209.77
2023-04-09,1358,16,2,124,244.73
2020-05-10,1620,29,3,261,367.1
2023-02-13,413,44,10,564,134.35
2019-12-20,237,16,7,756,140.17
2023-10-30,1559,38,4,474,28.43
2021-06-25,1792,23,8,84,168.26
2021-12-25,741,41,8,174,130.31
2022-08-17,791,35,3,868,337.85
2020-05-28,1346,43,9,288,353.0
2020-06-15,1893,18,7,454,299.48
2020-05-08,1229,39,8,762,116.88
2021-05-19,884,24,10,761,53.77
2021-12-14,1495,14,1,878,233.17
2019-06-14,443,39,2,532,374.01
2019-03-04,320,30,2,299,61.79
2023-10-02,1200,16,4,474,355.59
2019-10-17,188,16,4,435,266.5
2022-12-11,998,39,2,162,146.88
2019-05-15,1428,25,5,616,381.89
2023-03-21,108,45,8,551,45.49
2023-10-26,1773,35,2,236,88.09
2020-12-08,825,3,5,248,204.72
2023-01-08,1538,37,7,450,291.21
2022-07-08,1316,41,3,445,299.11
2019-01-01,337,2,5,435,95.63
2020-08-06,1328,45,2,598,242.3
2019-06-21,313,9,7,900,276.73
2022-03-02,1353,27,1,471,83.84
2019-03-13,1585,49,5,75,216.89
2023-11-07,106,20,1,335,107.23
2019-09-24,1446,45,1,856,251.02
2023-12-29,1997,32,5,230,116.94
2023-04-05,677,49,4,698,273.25
2020-03-16,1009,14,7,323,362.54
2023-11-26,1609,11,1,599,220.83
2022-04-05,926,44,4,376,114.57
2022-12-14,1205,12,7,127,189.4
2019-07-06,1157,49,10,183,254.26
2023-02-18,1556,49,7,657,151.82
2022-07-30,1060,25,9,992,162.02
2023-04-23,1949,1,5,120,335.31
2021-05-18,1751,28,3,957,293.5
2019-08-03,649,11,1,732,365.82
2020-06-23,711,39,7,718,15.23
2019-06-21,1611,6,3,257,184.23
2022-09-14,1357,29,10,985,301.54
2020-12-08,1137,43,8,463,76.06
2021-12-09,1626,44,7,777,69.93
2020-10-01,1866,28,2,175,286.51
2023-08-10,1237,26,4,540,261.3
2019-07-04,1233,28,4,956,232.71
2022-09-11,1853,13,1,769,390.97
2021-11-14,1341,9,7,911,199.71
2021-02-12,1734,7,10,941,11.54
2023-03-15,18,45,1,217,350.03
2019-10-27,840,44,5,919,212.93
2022-09-01,1464,20,7,297,171.98
2023-08-29,1980,41,4,129,302.43
2019-06-14,1755,1,9,706,323.11
2022-09-29,1495,11,5,424,200.08
2020-12-27,804,42,2,131,338.37
2022-09-01,33,40,10,137,389.92
2022-02-13,750,50,5,412,237.33
2021-07-17,561,35,9,848,68.45
2020-02-24,877,1,1,180,248.24
2022-06-27,1476,3,10,843,15.07
2019-08-06,753,48,10,53,154.59
2019-01-27,498,9,9,434,62.14
2019-02-27,1070,30,10,756,240.31
2022-06-06,115,21,6,766,47.26
2019-01-24,123,16,4,767,79.06
2023-04-11,351,39,9,709,226.03
2021-10-26,631,46,8,835,138.21
2020-05-20,1463,11,6,483,16.08
2023-10-22,1980,28,1,270,266.19
2019-11-07,1126,21,8,950,353.27
2021-02-04,1866,45,10,876,112.06
2023-12-03,1535,48,10,930,49.64
2020-09-23,75,45,1,726,148.17
2019-02-09,1937,11,4,99,351.36
2022-04-07,1105,25,4,692,304.96
2023-06-14,332,33,6,618,267.64
2021-12-11,258,24,4,930,121.29
2022-10-21,1413,36,7,272,268.45
2019-11-07,1163,37,2,580,8.57
2022-06-03,1058,12,2,185,121.18
2022-02-03,603,14,2,801,309.7
2021-01-31,1350,29,7,445,143.85
2021-09-19,1559,44,4,838,26.75
2022-12-12,1512,48,10,238,159.29
2022-03-26,1743,4,5,620,13.34
2021-06-03,61,40,1,82,111.35
2021-10-17,347,3,2,685,349.35
2021-10-08,1755,31,8,977,398.35
2019-09-06,1041,29,9,497,346.19
2021-06-10,839,34,5,81,340.81
2020-06-03,326,43,5,213,327.76
2022-10-25,1123,5,9,464,158.34
2022-11-04,36,10,3,169,205.63
2020-06-08,550,46,8,925,397.09
2023-11-04,1873,22,9,405,264.95
2019-08-27,988,38,7,95,98.83
2021-11-28,1663,38,8,335,348.76
2022-09-02,498,48,10,82,158.07
2020-06-26,1980,36,6,433,171.92
2022-09-02,1857,21,4,76,382.22
2022-05-02,213,2,4,797,193.03
2020-09-20,31,36,2,594,347.69
2020-02-04,278,13,1,54,349.2
2023-04-12,1064,5,9,615,93.23
2021-11-06,553,31,10,121,360.24
2023-05-16,1151,2,6,816,335.31
2019-11-10,1354,8,7,309,229.1
2021-11-01,1372,23,3,403,241.53
2021-01-28,411,34,5,643,284.86
2021-11-13,252,44,6,858,337.39
2022-03-29,1101,20,10,574,177.66
2023-08-13,1345,32,5,62,12.84
2022-01-01,1204,13,3,390,276.85
2021-07-16,1515,8,8,580,135.41
2019-07-29,726,25,4,914,153.21
2021-07-07,1495,15,8,693,20.05
2020-01-12,309,11,7,285,378.77
2019-05-24,627,36,4,997,298.43
2019-01-28,162,20,7,903,12.61
2021-11-05,1099,35,3,434,350.67
2020-07-16,278,21,2,801,31.56
2021-10-12,1201,32,8,802,220.83
2021-10-22,645,28,5,351,32.42
2019-08-18,1674,17,7,505,322.56
2023-12-25,1609,39,9,690,215.72
2021-09-24,441,42,1,869,392.73
2021-12-29,1873,16,9,237,42.01
2022-02-19,1791,12,9,450,116.56
2023-09-16,1280,49,6,119,337.94
2019-06-25,1616,6,6,807,226.97
2020-03-21,330,34,9,457,186.98
2023-01-31,55,27,8,397,241.12
2021-08-15,149,9,1,412,113.64
2023-06-18,706,4,2,822,162.25
2020-03-29,303,37,8,338,127.13
2022-09-04,804,11,6,647,329.81
2022-08-20,1953,4,4,565,246.99
2020-07-27,1097,20,3,130,325.4
2019-02-22,1681,15,9,831,200.61
2020-02-25,609,16,2,805,109.22
2022-07-28,780,33,8,187,324.78
2019-05-07,1293,27,10,556,132.26
2023-11-27,46,35,7,721,191.16
2023-07-31,237,27,9,454,181.04
2021-09-30,1729,44,1,390,59.14
2020-04-03,40,34,5,65,300.34
2019-08-18,1772,1,10,699,128.51
2023-08-13,214,5,3,902,142.18
2020-01-03,1226,20,4,624,11.23
2020-08-31,944,32,3,219,237.21
2022-06-25,1465,14,10,479,39.23
2020-07-12,1830,13,5,734,379.47
2022-05-30,1841,32,7,333,380.59
2023-05-30,1960,24,5,198,318.43
2020-08-05,1912,37,3,317,310.59
2023-02-28,1132,4,1,786,162.74
2020-10-18,115,37,7,355,233.06
2019-11-01,52,28,1,322,19.43
2020-08-10,1909,3,4,789,124.17
2020-04-18,1952,13,1,919,69.23
2023-10-03,397,16,3,346,146.4
2019-05-12,1601,47,3,678,168.26
2022-04-07,1262,43,7,589,107.51
2022-03-12,600,28,3,661,374.48
2019-06-01,804,4,8,901,78.65
2023-02-28,1238,4,2,324,86.18
2021-04-16,630,37,7,794,162.35
2022-07-30,1450,33,6,949,136.46
2020-08-12,1420,34,2,975,65.0
2019-10-12,594,27,4,554,26.8
2022-07-14,1109,42,9,612,168.31
2022-08-09,1502,15,8,301,186.67
2022-05-30,1476,42,2,954,148.19
2019-07-28,451,38,8,648,297.66
2021-01-23,1794,17,3,177,304.18
2019-12-29,1020,32,3,525,90.95
2021-10-17,836,38,3,960,70.17
2022-12-11,1860,11,5,127,399.43
2019-04-08,1032,26,7,775,283.78
2023-08-16,1354,48,4,868,41.33
2021-12-02,695,44,1,844,300.51
2023-03-18,605,34,7,565,352.32
2019-03-29,1953,32,5,593,54.48
2023-09-05,1886,1,8,124,188.29
2023-07-28,1686,27,5,63,294.95
2020-11-09,952,11,3,115,37.29
2022-09-12,1722,49,3,933,87.7
2021-06-06,156,7,8,79,22.74
2020-08-20,244,9,9,818,123.75
2022-01-22,669,48,1,926,18.78
2022-01-04,432,14,8,811,245.38
2021-12-04,1472,23,9,662,157.47
2020-02-21,293,9,4,405,391.21
2023-10-03,1004,20,9,762,27.97
2021-03-05,525,5,2,594,307.73
2021-08-23,582,10,6,755,29.25
2019-10-04,1245,48,8,155,372.25
2023-07-01,1999,28,8,182,89.16
2020-05-18,579,31,4,861,140.52
2023-05-17,771,9,6,873,388.73
2021-03-19,1866,9,7,575,266.17
2020-09-29,64,9,3,548,53.43
2019-05-24,1595,46,8,111,326.88
2020-05-08,303,45,3,813,11.58
2023-02-25,1376,48,2,225,114.98
2021-01-15,1779,24,7,768,185.11
2019-10-03,1922,41,2,421,39.52
2023-11-30,1725,17,5,357,26.34
2022-11-24,55,50,10,567,227.68
2022-02-01,1041,4,8,87,14.33
2022-05-12,1494,17,4,129,264.69
2020-04-17,1142,1,8,309,166.38
2019-05-26,1919,35,4,608,309.55
2019-03-29,1466,5,1,989,371.02
2020-10-21,508,33,2,474,205.53
2019-06-07,43,12,1,785,244.54
2020-08-24,704,43,8,782,162.34
2021-02-22,1259,45,4,475,96.16
2019-01-24,1454,27,9,596,360.55
2022-02-26,234,41,6,647,294.1
2023-08-30,742,8,7,908,327.37
2022-08-12,726,10,2,897,369.29
2019-03-15,709,22,3,847,258.42
2019-08-30,1469,21,6,566,229.77
2023-04-20,1320,22,6,667,122.85
2021-08-16,1925,5,2,886,236.88
2019-10-20,1633,44,7,135,163.32
2020-01-10,289,3,4,272,86.35
2020-10-14,830,30,6,391,236.96
2022-05-05,1818,7,2,907,232.96
2022-04-18,854,26,8,548,106.12
2020-09-03,1873,17,8,117,328.3
2023-05-19,1307,45,6,252,101.97
2019-05-16,703,16,3,505,144.49
2020-09-25,258,7,6,275,295.33
2021-11-03,814,29,5,699,399.41
2019-04-19,532,13,2,155,358.79
2020-11-29,805,23,5,348,89.62
2022-11-12,1831,50,2,685,146.65
2021-06-27,812,31,5,558,46.89
2019-09-05,1903,5,1,542,357.48
2021-02-08,250,32,1,414,219.59
2022-09-20,1423,50,1,167,46.59
2020-08-15,543,6,7,466,375.63
2019-06-04,375,44,10,249,339.56
2021-03-17,562,9,10,374,36.83
2019-05-25,1500,7,5,192,144.75
2021-04-12,1385,36,8,441,141.88
2023-03-12,391,13,10,902,23.55
2021-06-12,551,26,3,650,172.26
2020-03-29,365,10,3,954,117.61
2022-11-30,1390,1,7,67,394.69
2020-10-04,1153,47,9,107,242.44
2022-07-23,135,7,9,958,213.68
2023-08-10,967,23,8,498,273.22
2023-08-08,393,10,6,539,177.96
2023-11-18,187,3,1,536,293.67
2023-03-20,1016,9,3,677,372.66
2022-02-23,378,9,2,745,395.42
2019-02-05,75,47,8,253,370.83
2023-12-05,1017,9,8,559,44.47
2020-09-13,236,9,5,652,391.24
2020-05-10,1909,48,7,92,87.93
2021-12-26,1687,21,6,393,272.22
2019-07-31,436,11,9,444,321.5
2020-10-01,1402,13,4,318,278.01
2023-04-14,1914,21,10,971,319.63
2021-01-29,934,40,1,266,347.22
2022-11-15,1938,25,4,795,43.19
2023-06-04,113,34,5,894,171.04
2023-11-14,1296,31,3,146,382.05
2019-07-22,1966,25,4,761,11.12
2020-07-07,1541,8,7,456,25.8
2022-02-14,1070,38,1,744,237.32
2023-11-26,1241,22,1,492,116.57
2021-02-15,1396,23,3,958,24.1
2023-12-23,69,39,10,326,220.92
2019-04-07,606,24,5,706,230.2
2021-01-21,1394,35,7,91,199.59
2020-10-19,811,14,5,916,6.63
2022-03-05,1976,8,1,991,13.86
2019-08-05,1497,7,3,338,173.23
2019-10-12,1651,44,6,817,207.52
2022-08-10,708,6,1,273,199.96
2023-02-16,736,49,6,909,367.57
2020-02-13,640,29,4,564,29.1
2023-01-18,1868,5,7,346,222.81
2019-02-20,1223,20,7,729,370.3
2023-04-04,740,27,3,396,242.66
2020-01-28,1350,24,4,914,339.16
2019-09-28,684,19,3,689,276.17
2019-05-01,1425,10,3,213,251.67
2021-12-30,1678,25,8,841,70.36
2022-07-15,1218,23,10,897,227.94
2019-07-24,716,46,4,998,144.06
2021-11-08,1399,12,1,380,61.33
2022-04-04,121,50,2,272,284.64
2019-10-28,331,21,6,71,107.11
2019-06-20,112,40,9,793,343.98
2023-01-02,353,9,1,621,94.96
2023-02-13,60,17,6,869,301.53
2022-09-03,1858,11,1,594,379.87
2019-08-19,1232,14,5,776,44.29
2019-03-01,887,12,10,513,10.94
2019-03-25,1923,43,5,855,365.21
2023-02-20,296,40,8,537,15.96
2022-02-27,895,12,2,759,50.94
2019-02-09,424,14,4,437,327.91
2022-11-06,365,44,9,771,9.99
2020-01-01,201,42,6,189,361.62
2022-09-18,1285,29,4,942,106.5
2019-04-13,43,13,4,471,55.49
2021-01-06,257,17,4,113,372.28
2020-12-14,1424,29,8,69,354.93
2021-09-10,281,29,5,176,313.22
2020-11-19,1369,20,5,523,365.39
2019-04-28,723,17,4,785,234.11
2021-03-20,573,40,5,89,327.21
2021-09-12,366,33,9,57,282.31
2021-05-12,1362,34,5,975,209.3
2019-07-09,219,19,3,569,76.87
2022-01-03,1528,23,8,174,150.55
2023-05-13,1909,45,7,680,191.45
2019-07-24,1673,41,4,576,299.8
2022-06-06,764,11,10,242,156.38
2019-06-19,230,20,5,296,289.84
2020-12-18,85,17,1,67,213.35
2020-09-27,453,13,10,724,138.13
2020-06-17,1008,34,5,750,139.67
2023-12-02,1054,13,8,234,84.57
2020-06-30,264,17,5,74,79.29
2022-10-25,540,34,9,318,147.06
2023-01-06,849,27,6,752,223.27
2019-02-12,948,5,1,467,58.45
2019-07-06,1663,43,8,674,294.91
2022-01-29,1557,28,5,634,352.97
2020-01-18,402,39,6,360,7.99
2021-03-20,885,42,2,62,26.71
2019-11-26,1930,12,8,679,238.13
2019-08-22,254,25,7,102,53.61
2020-03-02,582,9,1,532,60.18
2023-11-23,748,22,4,320,94.29
2022-01-20,869,6,2,621,325.88
2023-02-21,727,5,9,918,156.89
2022-01-17,338,32,8,142,27.24
2020-04-05,633,37,2,522,85.18
2019-06-29,365,26,2,590,264.2
2019-06-04,186,39,8,702,389.4
2022-12-19,1166,25,9,992,359.37
2021-11-02,1760,47,5,581,328.65
2021-09-18,1845,45,7,996,49.12
2023-06-16,980,42,1,271,97.7
2022-08-31,694,24,10,538,220.79
2020-02-15,1253,34,1,194,71.87
2021-08-31,1081,50,2,963,323.89
2019-12-29,645,16,3,859,347.63
2023-02-08,985,19,1,375,131.44
2022-05-09,675,19,7,850,373.72
2022-05-04,703,2,7,137,204.48
2023-03-17,342,11,1,472,155.77
2019-06-10,904,3,5,706,85.73
2022-03-23,35,7,10,51,61.07
2020-05-26,1483,48,7,986,164.09
2023-11-18,1217,12,10,693,376.09
2022-06-25,1504,20,1,477,165.91
2019-09-01,1562,16,5,301,280.81
2023-01-12,672,31,2,966,301.73
2021-10-25,480,50,3,478,216.84
2020-03-13,1826,27,6,488,317.64
2023-07-03,997,19,6,677,358.86
2022-06-14,269,20,7,284,349.79
2022-01-22,1231,21,2,938,223.06
2019-12-22,1062,17,5,245,28.06
2019-10-29,195,22,8,722,257.58
2019-01-25,464,14,2,404,325.97
2019-02-27,322,33,4,913,239.42
2021-01-22,1743,10,6,743,284.21
2021-05-17,1067,44,7,604,210.3
2022-08-02,452,41,7,279,6.7
2020-06-25,141,38,10,937,40.4
2019-10-25,1575,20,9,520,297.81
2022-10-19,1424,42,10,292,31.0
2020-12-01,554,26,2,811,270.34
2020-08-29,369,13,2,876,226.73
2021-01-12,1609,46,8,921,265.42
2021-07-16,1792,25,3,348,161.22
2020-06-05,227,2,7,149,386.2
2020-12-03,1270,28,8,313,23.15
2022-11-18,1584,23,10,780,262.38
2022-03-15,922,23,5,881,259.14
2023-08-27,1883,2,10,791,68.24
2021-03-14,1022,19,2,754,136.27
2019-12-11,1383,36,10,597,244.4
2022-12-05,1616,31,6,75,76.68
2022-07-08,822,21,8,320,195.36
2019-03-31,74,6,2,118,276.01
2020-09-12,149,33,3,136,321.78
2021-11-26,826,25,1,295,379.56
2022-08-22,1883,9,9,55,121.55
2023-01-14,1680,23,6,896,112.34
2022-03-27,248,46,1,256,311.01
2022-10-30,991,39,10,870,192.45
2022-02-05,1497,28,5,712,371.64
2023-04-06,1843,28,4,521,281.19
2019-10-25,1275,27,7,592,366.32
2021-04-13,1165,39,9,271,142.06
2020-10-17,234,41,6,618,103.89
2022-05-29,183,38,4,281,336.75
2023-07-28,292,14,6,916,149.35
2020-05-25,734,35,2,996,286.75
2020-02-16,646,46,8,254,65.01
2022-09-17,167,23,1,630,90.04
2023-07-22,353,37,9,328,386.45
2023-09-23,1286,32,1,205,155.93
2019-04-04,1532,46,2,951,375.86
2023-08-29,261,42,4,810,108.49
2022-11-27,426,11,5,895,391.89
2021-08-22,1117,6,10,693,29.66
2022-12-28,82,8,2,145,197.75
2019-08-08,238,29,3,714,43.12
2020-11-07,142,13,1,973,198.2
2021-06-09,1354,9,10,358,337.25
2020-04-20,938,35,4,786,48.78
2023-01-13,1616,12,10,383,283.33
2019-05-10,623,22,4,831,118.03
2021-08-13,1195,50,8,406,379.5
2023-03-17,1096,11,9,383,348.36
2020-11-06,1544,15,9,146,256.86
2023-12-16,1591,15,4,859,273.62
2021-10-09,1619,20,9,973,339.39
2021-10-01,1264,47,4,728,97.27
2019-02-19,1511,26,10,858,339.8
2021-03-24,550,27,9,120,281.82
2023-09-12,471,37,2,163,240.03
2020-11-05,1258,32,1,171,63.21
2019-01-06,855,7,2,324,177.72
2022-03-25,1757,33,8,81,276.49
2020-08-31,1547,45,9,403,75.37
2023-08-19,1478,14,9,259,323.08
2023-05-31,1393,36,5,274,33.29
2022-07-03,162,28,2,809,205.46
2021-08-03,1246,15,2,825,162.38
2020-11-07,1323,27,4,80,323.2
2022-11-21,784,12,2,827,145.46
2019-02-02,516,40,4,63,160.69
2019-11-05,1362,13,6,655,394.85
2020-03-19,1845,35,5,519,39.57
2022-12-29,102,2,3,716,384.09
2020-09-21,424,43,2,451,355.09
2019-09-01,109,47,1,531,68.41
2022-03-13,1190,12,7,608,160.46
2022-03-12,957,44,9,485,34.74
2021-09-25,1309,45,8,891,20.06
2023-01-19,1062,50,3,329,396.73
2022-11-28,969,14,10,749,222.89
2019-07-14,1147,2,8,593,176.03
2020-08-07,435,27,1,443,314.74
2021-10-30,1080,13,9,219,290.54
2022-09-12,1627,32,1,547,243.69
2022-11-02,1297,33,6,304,254.64
2020-10-11,1163,47,2,952,248.18
2020-08-20,1633,42,6,209,313.58
2022-02-28,831,47,8,545,18.22
2021-02-25,1138,12,3,913,347.43
2021-05-05,904,47,9,790,397.89
2021-11-12,1228,29,5,288,192.86
2022-09-29,1909,32,8,241,14.28
2022-07-02,1283,28,5,262,26.88
2021-06-21,1324,15,8,650,42.79
2023-03-20,459,35,4,260,194.4
2021-08-24,1610,36,7,162,180.06
2021-01-09,855,29,3,634,257.33
2022-06-28,1935,22,7,801,59.06
2019-02-24,1698,23,7,968,329.07
2023-01-27,1434,48,4,858,289.28
2022-06-23,1982,42,4,757,80.9
2021-01-13,1890,32,6,305,53.9
2019-01-26,1681,27,7,672,295.76
2021-08-08,1457,50,7,782,261.42
2023-06-23,263,30,9,99,149.12
2020-07-31,1050,21,10,556,389.28
2021-07-08,1322,18,6,122,131.12
2021-07-28,731,35,9,876,263.61
2023-03-05,1274,36,4,82,46.7
2019-07-28,1167,25,3,196,46.17
2023-07-12,352,45,2,109,228.24
2023-04-19,803,13,1,207,64.15
2023-04-17,472,10,4,790,111.37
2020-08-20,981,12,7,81,340.61
2023-01-02,914,22,9,821,55.71
2023-11-04,256,5,3,295,49.22
2020-11-28,830,12,7,629,270.83
2019-10-02,1958,8,2,640,253.64
2020-10-15,951,15,7,752,43.45
2023-05-21,723,12,7,632,363.13
2020-11-15,919,11,6,572,395.67
2020-12-22,1846,5,4,751,231.84
2021-02-13,1687,37,6,227,110.15
2020-07-13,1058,47,10,781,111.66
2020-02-02,1025,8,8,393,231.58
2021-06-10,1904,15,8,841,353.65
2023-12-23,904,28,4,752,175.61
2022-05-12,1928,42,8,180,167.9
2021-01-30,89,9,1,360,389.33
2021-01-22,1000,26,5,951,213.13
2021-07-23,647,50,1,945,164.18
2021-07-01,208,17,9,592,326.92
2019-05-22,627,33,5,385,36.61
2023-07-26,1827,48,1,758,240.93
2023-06-18,447,17,1,294,321.5
2022-02-15,1169,23,5,982,277.23
2022-06-24,1008,2,5,890,343.66
2021-01-28,854,25,8,994,57.08
2020-01-17,1115,42,6,776,289.07
2020-06-12,293,18,2,903,48.15
2020-11-13,1099,11,5,953,269.07
2021-05-27,515,15,6,354,298.2
2021-03-11,1742,30,1,479,380.76
2020-02-07,1398,4,1,823,103.95
2021-12-30,786,31,9,66,55.48
2021-08-22,829,33,1,50,296.38
2023-10-05,1977,18,1,995,381.27
2022-10-29,887,29,5,196,111.44
2023-02-04,777,14,1,838,27.67
2022-05-12,1913,46,7,664,315.36
2023-05-04,1800,46,1,59,35.85
2020-02-28,1476,49,6,814,5.17
2022-10-25,1842,20,1,129,334.27
2021-02-09,1916,45,3,208,174.82
2021-04-25,513,20,10,975,333.87
2020-04-22,761,39,6,650,131.02
2023-05-11,1678,19,3,740,24.53
2020-05-20,623,35,5,657,207.13
2023-12-28,1242,7,1,148,22.96
2020-07-15,1847,25,6,399,178.28
2021-03-15,365,23,8,180,270.04
2022-05-24,1447,50,2,234,308.25
2021-04-29,905,41,8,653,75.24
2021-03-15,456,21,4,893,120.14
2019-10-08,1390,42,7,356,39.24
2020-09-25,1045,21,4,580,87.19
2023-01-27,811,16,1,838,90.48
2023-04-10,571,23,5,292,161.47
2022-09-02,1248,45,9,308,319.93
2021-12-22,1095,19,4,513,307.48
2023-07-02,400,17,4,110,244.42
2019-05-01,416,47,4,456,228.24
2023-01-06,1632,8,8,842,257.26
2019-09-23,178,40,2,205,210.42
2023-04-23,247,46,6,663,316.77
2021-03-22,163,4,3,178,134.69
2021-11-07,1397,32,6,793,398.02
2019-01-25,458,18,4,63,51.87
2023-11-16,352,20,3,150,188.11
2022-05-12,1175,12,3,446,316.28
2020-12-11,1108,42,6,832,77.3
2022-04-18,1409,32,6,424,355.82
2022-03-21,612,1,6,331,315.12
2023-02-05,1695,24,9,431,63.12
2021-07-03,967,14,5,872,31.3
2021-07-30,1399,17,7,671,27.63
2023-10-26,304,48,9,679,42.54
2019-12-31,1819,14,9,589,106.76
2020-03-12,1794,30,10,295,137.18
2021-10-13,476,9,10,821,242.63
2023-05-09,1140,39,3,617,263.07
2020-11-21,994,10,1,599,228.58
2022-07-03,22,42,6,416,356.21
2022-05-11,1994,49,8,327,181.15
2023-10-14,151,9,1,479,29.89
2021-12-16,562,28,1,151,123.24
2019-11-08,1023,12,9,716,67.66
2021-10-27,872,43,5,546,60.7
2022-11-08,1132,42,6,458,338.99
2019-07-26,1466,30,9,727,294.59
2023-01-30,110,37,2,578,92.45
2021-03-27,382,16,5,877,396.44
2020-01-16,1836,20,6,470,97.33
2019-06-03,1780,1,4,830,64.33
2023-10-14,1398,50,6,844,150.19
2023-08-26,1290,47,1,83,72.77
2022-12-06,407,8,10,773,113.22
2022-04-19,831,10,7,707,146.58
2023-01-29,439,17,5,842,55.68
2023-11-10,988,22,10,527,196.31
2019-09-05,1210,4,1,640,18.73
2023-04-14,1777,13,1,718,314.26
2022-09-17,636,27,4,440,138.95
2019-03-27,334,9,4,839,97.4
2021-07-03,525,4,8,168,70.52
2022-10-05,1242,1,6,287,151.92
2021-03-07,1881,48,9,483,141.98
2021-10-04,525,3,5,335,234.87
2022-09-08,1949,13,2,712,353.04
2019-12-18,386,20,7,924,180.91
2020-12-17,1251,12,8,502,305.57
2022-06-20,1384,18,8,215,299.13
2022-07-12,1900,4,10,509,394.14
2020-08-21,436,21,9,121,216.41
2023-01-26,950,40,9,245,395.0
2023-06-07,1001,32,2,811,180.58
2023-09-08,1372,11,5,130,74.75
2020-05-09,1161,48,3,495,116.96
2019-11-07,412,31,5,282,139.81
2023-10-01,448,38,4,588,228.17
2020-03-07,1188,26,10,423,298.29
2021-07-09,1283,4,2,290,23.21
2020-04-08,965,8,9,235,386.48
2022-08-10,292,47,3,518,98.22
2021-08-06,1093,26,7,993,55.81
2023-08-12,26,41,5,516,267.4
2021-08-31,1806,38,7,740,14.27
2023-06-08,1625,17,10,69,199.65
2020-07-17,1775,6,6,532,274.07
2021-06-23,1603,14,2,129,40.44
2021-01-22,659,9,10,418,319.21
2020-04-18,1137,38,2,804,264.23
2023-07-06,128,3,5,982,189.02
2022-02-26,1262,49,1,72,360.73
2021-05-02,1949,1,5,394,140.35
2020-01-18,1108,2,6,649,22.69
2020-03-29,1355,11,9,611,309.75
2022-08-02,1391,38,2,456,397.27
2023-10-04,1612,10,7,312,327.39
2019-08-08,1700,22,10,849,80.63
2019-01-19,1516,39,10,345,277.2
2021-07-25,201,40,10,904,7.74
2020-12-04,886,41,6,261,31.37
2020-11-29,1326,30,8,993,109.05
2019-03-27,952,9,8,223,236.51
2019-10-06,246,20,7,639,179.6
2019-12-04,1534,4,5,147,295.25
2019-09-01,477,39,9,129,168.61
2023-04-13,1034,11,6,265,392.97
2022-12-10,1731,11,7,988,26.4
2019-05-01,576,44,3,762,333.15
2019-12-23,850,24,10,961,326.05
2023-04-07,1089,8,10,610,254.92
2019-05-25,1004,46,7,294,100.74
2019-07-02,544,30,3,75,348.6
2022-04-21,398,42,2,493,35.7
2022-02-18,1540,36,9,670,377.46
2023-06-20,631,26,9,130,267.0
2021-09-02,1002,5,9,975,330.1
2019-02-12,631,31,5,595,263.45
2022-06-20,1656,2,6,102,238.91
2022-11-06,1348,29,7,304,212.96
2023-04-25,1080,18,9,662,250.29
2023-11-23,1271,10,1,262,329.77
2020-01-19,257,14,8,494,165.04
2022-03-21,1763,44,2,193,379.13
2021-07-13,207,12,8,345,51.75
2021-12-17,1123,35,7,932,269.81
2020-04-27,132,33,4,550,48.56
2023-12-23,15,20,4,946,167.01
2022-02-18,471,28,4,112,32.67
2023-06-20,609,47,4,894,228.85
2020-11-24,1919,9,5,816,369.39
2019-09-27,311,26,9,534,369.98
2019-05-30,1064,10,9,229,300.1
2022-08-29,1209,48,8,347,94.3
2021-06-18,1512,44,1,63,144.19
2021-12-22,1904,37,6,52,392.85
2021-12-11,1543,15,2,847,147.95
2019-08-17,452,44,6,436,245.79
2019-10-30,256,42,2,865,44.15
2022-12-28,1093,45,2,862,389.74
2022-06-20,1535,20,5,490,267.48
2021-12-12,906,7,4,841,157.23
2020-03-14,1331,47,7,895,148.14
2019-06-18,588,24,9,908,160.95
2021-12-15,353,21,9,262,216.53
2023-03-14,1314,12,1,813,77.36
2019-10-06,482,12,4,810,156.37
2022-12-14,56,39,4,883,326.66
2023-09-24,1142,30,2,153,266.14
2020-02-10,183,11,6,780,81.1
2022-10-08,1561,3,1,322,377.53
2023-09-17,147,38,1,928,107.94
2023-02-05,1924,4,2,582,286.18
2019-05-13,1880,44,10,591,398.4
2023-01-01,288,31,4,66,59.98
2023-04-25,416,4,8,764,316.28
2021-07-23,1384,23,4,496,27.99
2022-12-07,720,41,8,864,166.15
2022-09-24,278,41,7,311,392.6
2023-04-29,335,50,3,480,253.69
2022-03-16,1017,46,5,53,105.63
2019-11-07,340,37,6,698,88.29
2021-03-09,186,47,10,815,193.39
2021-09-20,243,34,5,229,316.1
2019-12-28,1967,11,7,894,56.39
2022-09-09,924,45,7,470,45.69
2019-12-08,970,30,2,94,56.94
2022-10-28,720,27,8,158,148.9
2019-11-13,118,42,2,337,364.83
2020-04-23,380,24,2,917,348.12
2019-06-19,1327,7,5,817,372.48
2023-12-01,695,26,8,157,201.37
2020-11-21,1873,14,9,259,141.67
2021-11-19,1124,28,5,507,133.23
2021-09-04,1373,19,9,825,229.53
2022-03-23,1553,43,9,675,195.44
2020-11-19,42,11,10,231,125.29
2020-11-02,1246,10,9,776,328.49
2021-05-12,1502,33,8,717,48.48
2022-09-25,1782,24,6,490,199.19
2022-02-23,1194,31,7,923,328.6
2022-05-09,1940,32,4,252,193.12
2019-01-30,1576,23,6,343,353.25
2023-01-28,796,5,4,689,48.0
2020-10-06,1514,19,10,459,191.38
2021-05-11,1738,7,8,576,43.57
2022-07-05,411,23,9,56,91.63
2020-11-04,512,34,1,213,54.82
2023-08-22,2,41,1,146,126.39
2022-03-27,183,15,4,489,303.06
2022-03-23,516,50,10,400,151.36
2022-04-20,1636,38,8,426,297.12
2019-09-22,170,49,1,943,77.84
2022-07-17,480,49,9,111,237.69
2023-04-16,1446,17,8,171,383.52
2020-06-03,194,7,8,862,333.64
2023-01-03,334,2,6,544,135.76
2023-01-10,1133,16,4,291,14.49
2022-09-26,1062,36,8,981,62.73
2021-05-14,171,49,9,675,148.21
2022-03-20,819,13,4,748,291.99
2020-08-13,1627,20,9,60,82.96
2023-06-18,1038,5,1,174,370.29
2023-11-13,1713,30,1,433,15.48
2022-08-11,1281,5,4,390,184.91
2021-09-27,1047,33,9,382,128.35
2020-11-23,294,28,1,319,343.69
2021-07-06,1038,43,7,889,116.94
2023-01-31,110,40,2,791,369.1
2021-11-23,649,35,5,72,339.98
2020-08-21,278,11,4,587,121.71
2021-06-09,1954,46,7,425,389.58
2019-09-19,170,30,5,957,311.97
2020-11-29,566,11,5,391,26.62
2020-09-20,941,45,8,120,161.27
2019-05-12,1678,25,8,485,186.95
2019-05-08,269,10,6,241,297.1
2023-11-10,1123,22,2,496,315.51
2023-10-04,1203,19,5,613,371.41
2022-01-30,1489,46,3,826,399.3
2023-08-03,1626,18,7,266,57.32
2022-06-28,1914,43,4,217,356.46
2022-09-29,18,46,4,611,361.56
2019-09-18,92,18,10,722,244.87
2020-05-02,1105,45,5,186,311.62
2023-09-30,1073,6,4,95,267.55
2022-10-18,899,9,9,932,385.03
2023-04-10,470,10,10,689,38.63
2023-07-27,960,31,5,200,152.56
2019-04-13,1521,17,9,929,351.94
2023-09-19,1680,2,5,730,43.29
2020-03-31,284,31,6,719,31.19
2023-04-01,461,20,10,684,44.94
2021-07-23,1521,39,4,593,17.57
2020-11-30,1220,45,8,769,77.8
2022-03-28,628,39,9,781,84.44
2019-12-02,876,39,7,791,105.34
2021-01-14,67,32,8,216,373.97
2021-08-20,1207,18,8,192,57.07
2022-01-11,912,49,6,813,260.26
2023-09-02,1342,41,7,71,298.01
2022-04-28,1247,8,6,960,358.14
2021-08-30,958,3,3,265,22.7
2021-02-06,1734,10,6,278,114.26
2021-01-12,618,18,8,973,7.79
2022-02-05,561,44,5,812,362.31
2022-07-26,47,50,6,728,10.06
2020-07-06,508,1,6,220,143.08
2023-09-21,1558,17,8,264,198.71
2021-02-12,1304,35,6,959,349.11
2020-01-13,379,14,1,168,355.48
2023-11-12,9,25,3,260,87.65
2022-12-28,332,46,1,105,396.17
2019-07-04,1639,2,5,761,115.56
2022-04-23,951,36,9,255,361.47
2020-02-23,142,42,3,544,330.36
2019-07-10,1902,22,5,586,229.09
2022-02-09,41,45,10,899,346.66
2023-08-26,228,29,6,201,287.94
2019-01-17,1657,47,2,167,52.7
2020-02-26,344,13,9,406,150.61
2019-06-19,1705,39,6,341,44.82
2020-01-10,1552,36,8,353,334.12
2022-12-20,1118,43,4,113,230.1
2023-04-10,1207,3,4,832,5.24
2022-08-01,1918,33,5,646,370.09
2020-06-01,858,13,5,354,250.4
2019-09-27,1302,22,8,739,125.89
2023-09-08,1457,29,8,438,257.37
2022-08-07,248,7,6,85,179.49
2020-05-20,77,46,2,970,41.05
2019-03-11,1385,33,10,971,262.4
2021-02-14,1434,34,6,120,25.17
2020-10-31,1135,6,4,317,326.07
2019-06-05,974,29,3,515,29.23
2019-01-27,162,17,4,103,245.0
2022-02-24,1576,39,9,894,145.03
2020-07-10,47,16,9,516,141.05
2019-12-12,1264,30,9,652,120.47
2021-06-07,93,14,1,324,60.52
2023-12-11,1690,21,9,620,194.13
2023-03-04,1646,9,1,268,211.78
2022-09-04,1057,3,2,320,357.44
2022-04-26,888,6,7,57,327.24
2023-10-18,1106,3,3,937,23.32
2023-05-12,2000,42,5,995,102.07
2020-11-30,758,41,1,938,381.23
2022-10-06,1299,31,6,920,89.15
2019-03-25,911,29,7,798,218.51
2020-01-18,532,22,7,731,44.44
2023-10-26,980,1,9,401,22.9
2019-10-05,510,15,2,527,335.34
2023-04-09,773,42,2,878,38.0
2023-03-03,1197,27,5,52,37.26
2021-03-28,1745,13,6,157,291.17
2022-11-14,64,11,7,868,189.14
2023-11-23,723,10,5,902,71.48
2021-06-15,1136,28,2,683,175.46
2022-04-03,408,25,10,595,238.74
2020-04-23,1526,7,4,804,230.79
2020-01-20,1443,25,6,198,239.85
2021-10-01,1505,34,3,709,260.34
2020-04-24,1126,15,2,995,118.62
2019-06-02,1372,35,6,504,8.66
2023-02-22,612,14,8,905,12.04
2020-07-15,1951,20,4,933,329.31
2020-03-16,910,47,10,964,255.22
2022-10-25,423,47,9,986,90.33
2023-03-12,1842,29,7,484,228.06
2021-04-13,1454,32,1,880,55.1
2020-11-11,1160,43,8,492,74.51
2023-02-07,1667,50,2,813,295.79
2023-07-28,358,45,8,671,357.44
2022-09-22,1962,37,9,221,299.67
2021-08-21,1279,31,6,811,83.12
2023-08-29,1033,37,10,119,194.95
2021-06-30,1983,18,7,872,168.62
2020-08-18,241,25,1,839,362.97
2019-07-05,1123,26,2,592,101.65
2022-01-28,64,17,8,939,73.28
2020-09-23,1163,19,9,249,382.32
2019-12-17,1159,22,10,214,28.72
2020-05-23,276,28,3,66,11.09
2023-07-13,617,34,4,795,95.76
2022-06-23,1893,34,3,610,275.15
2022-08-19,339,38,1,171,106.07
2022-05-29,1839,30,10,997,330.58
2023-01-12,111,50,2,244,92.26
2019-09-07,652,14,2,786,276.89
2020-09-10,1493,5,4,176,280.71
2023-01-08,49,42,3,591,275.64
2022-12-20,1996,29,4,388,74.29
2020-06-22,36,34,3,466,373.87
2022-12-25,617,7,6,422,316.71
2022-02-28,78,15,6,835,297.94
2019-02-01,1149,46,9,614,25.58
2023-10-11,405,1,4,998,343.85
2021-08-24,915,8,3,569,107.78
2021-08-07,1462,17,9,114,123.04
2023-05-19,1454,12,10,840,331.32
2021-02-24,667,18,3,820,69.34
2019-02-10,250,26,2,81,285.65
2022-06-30,1813,4,3,901,124.82
2020-09-19,1718,34,10,473,346.96
2019-09-18,466,28,4,232,94.78
2020-09-17,102,2,6,886,219.42
2022-08-18,1294,3,4,400,260.62
2019-11-05,712,10,6,392,187.63
2023-05-06,112,23,1,525,395.83
2022-04-14,870,41,2,975,183.76
2022-08-28,1466,18,10,802,344.75
2020-05-29,1541,23,7,823,167.96
2023-08-06,1279,20,4,852,147.32
2019-09-25,7,39,2,193,48.43
2023-08-25,1686,22,3,381,77.54
2021-12-31,1251,14,4,853,313.59
2021-03-21,426,19,6,960,85.4
2020-05-22,708,1,5,500,144.17
2020-07-24,1308,29,5,748,40.17
2022-02-23,269,34,10,642,323.36
2021-02-08,1577,40,6,663,278.95
2019-06-14,588,35,1,495,32.13
2020-06-18,1525,22,9,832,175.09
2020-06-12,545,43,7,905,261.07
2022-08-08,1144,10,8,740,205.75
2023-09-24,1125,31,6,401,327.8
2023-10-09,849,9,3,363,364.13
2022-10-20,387,10,10,400,52.04
2021-12-28,475,12,2,739,373.5
2023-04-13,1542,24,5,159,305.45
2019-08-22,576,24,1,867,113.34
2022-03-22,460,29,10,738,390.08
2019-07-06,749,33,9,503,223.77
2020-03-02,119,25,1,190,340.67
2019-04-17,209,3,9,302,108.2
2022-08-31,1396,28,10,829,355.49
2020-06-10,1334,3,9,896,75.21
2020-05-13,564,26,10,535,246.29
2021-04-27,1704,23,8,779,161.58
2022-09-27,1727,31,2,962,49.72
2019-04-15,1909,4,5,100,8.8
2021-07-03,192,32,7,332,88.38
2020-01-13,765,18,8,857,89.55
2023-01-25,1526,50,4,91,31.32
2023-09-08,1747,27,3,447,332.12
2019-08-15,1156,8,7,915,110.79
2021-09-13,1958,16,6,992,358.64
2020-01-10,1958,19,9,632,68.74
2019-07-03,1159,20,10,268,365.46
2021-08-05,1304,8,3,483,194.37
2022-09-19,1572,22,1,691,149.48
2020-02-18,1709,9,2,577,252.42
2021-04-13,1901,6,6,180,8.25
2019-04-22,920,46,4,611,145.53
2021-10-11,1658,11,5,238,220.33
2019-09-03,438,46,8,244,302.19
2021-10-05,1780,42,8,763,152.38
2023-10-08,1491,15,9,347,11.76
2023-06-10,1060,36,3,589,228.13
2021-02-18,531,24,4,352,285.14
2023-05-30,1687,10,7,532,168.34
2021-10-28,1359,2,8,801,79.09
2023-10-31,1173,19,8,596,334.36
2020-06-18,1900,2,5,916,301.04
2021-09-24,1150,31,7,70,101.04
2019-08-30,338,33,2,292,68.02
2020-05-04,1942,26,9,383,305.54
2021-11-11,1583,8,9,531,226.01
2023-08-17,1880,21,3,854,86.64
2021-08-24,1099,19,9,658,192.23
2023-05-03,907,45,4,276,68.22
2020-08-27,492,4,9,538,282.01
2021-02-02,1885,4,4,966,102.58
2022-06-01,53,31,8,747,243.85
2022-07-22,710,40,2,961,162.17
2021-01-31,476,35,2,227,98.23
2021-06-14,918,28,10,823,211.73
2019-09-25,258,12,10,551,81.24
2023-11-23,801,13,7,179,275.25
2021-03-19,855,11,9,708,352.5
2019-12-24,1690,19,3,658,264.15
2023-02-06,1593,34,2,729,353.93
2023-09-24,1670,29,1,569,271.19
2019-04-18,69,50,10,581,256.99
2020-01-05,1338,11,6,69,29.3
2022-01-23,1873,49,3,861,78.55
2022-04-07,18,6,10,416,182.61
2021-08-30,1455,20,5,797,68.26
2021-06-17,567,41,1,725,124.15
2022-12-24,581,35,8,452,83.8
2020-08-27,566,33,5,211,255.66
2020-12-04,1117,47,7,353,379.76
2022-08-04,416,14,8,402,341.9
2021-02-04,1379,8,7,823,27.81
2020-04-20,457,46,3,231,311.82
2022-09-17,11,12,9,920,71.07
2022-02-19,509,24,2,531,135.18
2022-05-20,1874,29,3,167,295.04
2021-06-19,607,25,10,839,173.86
2023-12-27,164,9,7,265,318.71
2020-09-16,1970,4,2,112,360.25
2020-01-07,1025,9,7,198,78.35
2021-05-21,350,23,5,900,73.55
2022-04-03,328,43,3,853,108.2
2019-01-11,1498,29,10,992,158.66
2023-03-23,614,5,1,878,112.47
2019-07-09,1168,14,10,550,396.15
2020-09-16,1026,26,4,845,352.65
2023-03-19,288,2,9,421,17.72
2022-01-29,958,49,3,986,78.08
2019-01-25,1407,20,7,141,213.14
2022-04-03,1455,40,3,445,174.6
2019-07-31,1373,29,8,863,72.59
2019-12-13,65,12,9,910,331.52
2020-03-02,68,15,8,975,31.83
2022-04-10,1245,14,7,273,330.37
2020-10-09,608,29,4,695,214.49
2021-05-01,1693,40,5,882,293.01
2020-09-15,122,32,2,173,338.99
2023-02-01,1590,18,7,470,362.6
2020-09-04,1458,1,4,129,288.79
2022-10-10,1765,13,10,298,62.57
2022-01-01,1651,8,4,901,176.09
2019-04-23,772,31,9,512,31.71
2022-02-25,69,29,6,944,116.35
2020-04-15,1744,16,2,60,279.69
2019-10-14,732,29,9,606,321.23
2020-05-21,635,29,5,153,303.47
2020-03-03,1683,5,4,865,79.81
2023-05-15,170,32,5,474,384.16
2022-10-31,1676,48,6,601,337.19
2019-08-10,589,27,9,930,340.77
2021-03-03,432,20,6,780,128.7
2022-03-02,1211,43,1,730,36.44
2022-12-04,1212,16,2,705,289.83
2021-02-02,1653,49,5,213,127.54
2022-11-13,1077,47,10,261,204.85
2020-04-09,1589,33,4,86,36.27
2022-07-17,759,38,2,512,106.86
2022-09-03,740,42,10,680,333.79
2019-12-10,1237,11,2,290,189.75
2021-04-12,1172,43,6,244,176.54
2019-12-26,933,42,8,330,212.54
2020-12-04,852,27,10,68,70.62
2021-01-02,211,2,5,152,123.15
2019-09-02,350,28,6,216,134.15
2022-01-07,1616,32,9,427,242.57
2019-10-14,1668,24,4,776,379.61
2020-09-04,1291,7,3,226,338.03
2023-11-17,1613,26,3,585,175.38
2023-10-31,1430,48,8,689,351.31
2023-07-05,83,4,4,779,247.87
2021-05-22,221,38,6,513,16.41
2023-08-14,1803,35,6,391,205.65
2023-08-21,1906,22,2,843,92.72
2021-11-14,1209,8,9,671,266.3
2022-02-05,1789,20,1,255,152.57
2019-09-16,820,41,5,350,331.39
2019-03-31,457,21,5,697,143.19
2023-08-05,291,10,1,458,152.56
2019-01-25,798,20,1,980,202.23
2019-06-16,597,43,9,858,342.52
2019-03-22,513,35,6,372,33.85
2021-11-13,772,35,8,197,217.18
2020-04-06,155,27,7,355,250.95
2020-11-23,1777,4,10,400,118.24
2020-01-14,1455,12,6,547,180.21
2023-06-15,17,46,7,298,228.29
2021-02-23,438,16,8,435,77.58
2022-12-23,555,14,7,766,134.21
2019-07-09,1327,36,1,741,103.1
2022-10-19,269,15,6,506,300.28
2021-02-17,1257,41,5,648,273.45
2019-09-27,1396,25,5,626,172.44
2022-06-20,1192,25,8,68,11.11
2019-04-18,1435,39,3,859,311.92
2022-01-29,938,2,10,187,216.06
2021-03-11,1184,16,9,526,253.32
2019-06-22,1835,43,9,516,237.58
2021-03-26,522,11,4,261,381.01
2019-11-01,887,44,1,612,307.64
2019-07-28,293,28,5,303,133.94
2021-07-02,263,26,1,845,359.28
2019-02-06,1291,7,10,112,49.18
2021-02-10,361,18,3,669,14.25
2023-08-26,1136,30,4,938,55.89
2023-05-12,1849,31,1,513,40.88
2019-03-22,1615,28,4,125,331.19
2022-08-25,1921,12,8,69,235.54
2020-01-04,891,7,9,581,34.09
2020-09-23,785,7,2,634,357.99
2020-06-11,322,18,1,545,52.71
2020-03-26,1524,49,6,517,361.77
2023-06-07,1017,24,2,690,90.6
2023-03-13,768,41,5,897,12.0
2023-04-04,104,11,8,704,108.57
2023-01-30,925,42,1,485,52.45
2023-08-05,1404,50,7,656,364.67
2022-04-10,446,30,9,396,220.76
2023-01-06,826,25,9,906,113.07
2023-02-03,1584,29,5,828,105.65
2019-09-26,1087,45,7,402,146.8
2021-01-14,769,17,5,276,148.87
2023-10-23,1468,41,9,287,270.34
2020-07-21,807,45,6,304,378.44
2020-07-28,1961,32,10,426,171.44
2020-12-03,1221,38,9,416,386.4
2023-03-27,939,28,8,954,88.37
2020-03-20,1711,27,5,554,220.03
2020-09-17,241,41,10,172,254.47
2019-03-14,122,42,8,856,358.76
2023-05-22,1681,40,3,731,41.82
2021-01-01,1650,5,3,826,265.57
2023-03-11,657,12,8,865,67.2
2023-05-29,542,36,7,103,299.19
2020-06-24,103,41,7,893,198.44
2019-07-30,1531,29,4,146,296.53
2022-07-07,1909,48,5,149,18.94
2019-05-03,253,15,4,398,326.43
2020-07-05,1547,43,9,192,357.02
2022-11-07,950,7,6,424,90.14
2019-05-24,1131,2,2,685,155.82
2021-12-22,483,46,5,65,161.06
2019-10-08,1940,39,9,712,295.6
2019-10-18,460,32,4,885,206.7
2021-04-25,936,2,8,153,284.92
2022-02-15,518,7,8,724,54.99
2023-12-03,1923,6,10,374,326.51
2019-09-26,1926,34,8,713,211.74
2022-05-21,632,8,6,69,30.23
2022-04-27,169,19,7,526,53.0
2023-03-19,177,30,6,490,354.73
2020-02-09,1770,50,1,331,329.8
2023-09-28,1637,17,10,373,356.34
2021-10-25,1302,31,9,380,110.97
2019-05-11,1410,22,5,249,123.12
2023-05-02,1557,43,3,205,241.18
2020-11-18,905,5,8,148,202.72
2020-12-24,1638,32,8,669,320.05
2022-08-17,1982,2,2,623,90.48
2023-08-28,870,11,3,524,177.98
2020-10-05,1937,1,4,402,147.56
2019-02-04,1844,2,7,395,142.05
2019-12-04,1795,8,6,941,221.42
2019-03-20,1059,34,5,836,202.73
2023-11-29,634,13,9,405,355.02
2021-12-06,188,17,5,71,242.91
2019-08-16,915,15,3,409,207.83
2023-11-25,1628,24,3,515,172.78
2020-05-23,468,46,3,665,22.74
2021-05-04,965,7,5,67,118.18
2019-05-14,24,29,8,469,72.62
2019-07-20,1098,27,6,470,244.76
2021-05-26,543,3,7,346,293.73
2021-09-11,767,18,10,741,117.74
2021-11-30,302,45,10,134,208.31
2022-10-11,1840,32,7,348,252.86
2020-09-21,1622,36,7,148,320.7
2019-09-30,1687,25,1,131,232.18
2019-08-06,1267,4,3,211,166.2
2022-03-07,1513,26,6,50,121.59
2023-01-17,1559,46,10,452,78.51
2020-04-16,1632,50,6,107,249.08
2019-04-17,1673,39,3,813,395.76
2019-05-07,1305,41,2,191,330.48
2019-08-28,29,4,1,443,217.06
2021-09-22,1199,21,10,134,338.48
2021-01-13,1113,16,6,66,271.96
2023-01-27,1550,5,4,611,148.53
2020-12-03,1732,30,4,211,336.12
2019-04-15,1144,21,1,226,15.22
2021-12-04,1450,34,10,408,212.91
2020-06-07,517,6,7,811,46.36
2021-03-27,334,32,4,63,55.95
2020-01-21,895,28,9,286,286.73
2023-03-12,1665,16,10,154,310.65
2020-08-20,798,15,1,470,348.58
2019-05-25,1014,8,2,343,135.05
2020-03-18,1307,11,10,632,94.57
2019-09-20,950,5,2,311,137.04
2019-10-03,1685,23,1,942,329.31
2019-08-16,411,4,5,645,393.11
2022-02-15,167,50,1,473,60.1
2021-08-13,651,28,7,184,282.47
2021-05-15,188,31,4,826,192.12
2023-10-04,948,11,7,585,231.03
2021-04-08,1322,43,3,50,350.63
2022-05-10,1581,39,4,919,362.47
2019-07-08,1217,1,3,541,22.35
2023-11-08,165,47,3,897,270.09
2023-11-12,550,36,10,675,37.0
2020-09-12,283,37,3,518,100.94
2023-11-02,1348,20,3,466,149.04
2021-11-06,578,8,2,830,118.47
2021-02-27,322,35,5,733,50.32
2023-02-01,1522,46,7,514,342.7
2023-06-18,973,16,1,866,17.1
2019-04-18,1325,41,2,871,297.42
2022-11-09,1694,3,6,354,33.71
2020-09-09,1980,50,2,150,199.13
2019-01-11,352,32,2,760,90.95
2019-09-04,1569,10,7,679,218.34
2022-03-28,1173,45,8,455,206.9
2020-12-31,52,18,2,961,59.78
2022-11-05,901,31,6,913,321.04
2021-05-26,886,9,2,522,119.64
2023-04-27,1134,47,2,245,91.79
2021-07-16,1109,23,1,209,240.65
2022-06-12,1550,12,5,922,81.28
2023-03-23,1922,38,1,260,129.88
2022-02-06,1784,40,10,482,14.95
2022-02-08,1591,16,5,231,89.61
2021-09-12,1991,31,4,691,330.57
2022-03-30,787,30,2,63,346.08
2019-09-26,189,49,4,433,162.94
2022-03-04,1803,6,9,92,357.65
2022-06-05,3,22,3,124,170.16
2022-12-18,1938,47,8,178,318.12
2023-02-04,1454,38,6,935,60.55
2021-04-25,612,21,4,925,150.34
2023-05-28,1001,43,1,133,335.18
2019-08-01,1620,42,9,176,71.11
2020-01-01,1713,21,9,844,239.68
2020-10-08,773,5,4,199,170.59
2020-10-04,194,46,3,934,163.92
2020-05-06,1437,50,6,347,356.45
2022-09-29,1773,12,6,520,137.39
2021-09-11,1128,27,4,451,16.0
2020-09-25,795,26,9,592,192.6
2022-07-20,74,47,1,67,26.22
2019-05-19,1396,5,6,606,31.96
2019-04-14,1641,16,5,177,381.91
2019-09-13,1205,33,8,779,77.23
2021-10-22,1225,41,4,270,219.07
2021-05-31,1121,47,2,493,255.58
2020-05-10,1215,37,8,422,146.7
2022-12-08,1426,25,2,809,13.02
2020-11-21,679,17,5,968,339.15
2023-10-05,881,46,3,598,389.98
2022-02-10,313,10,3,721,381.18
2019-11-19,1219,42,4,243,193.22
2020-07-19,526,34,1,857,117.78
2022-08-10,395,44,3,412,396.7
2021-03-07,55,49,8,796,297.88
2019-03-09,493,35,1,870,342.32
2023-08-23,404,9,10,303,186.42
2020-07-16,1201,44,7,469,173.16
2023-12-19,875,40,6,616,132.17
2022-08-27,296,28,5,399,369.29
2023-09-17,1945,34,5,809,242.0
2019-12-04,1774,42,6,316,269.46
2019-11-27,1568,31,4,458,207.28
2020-06-30,188,38,3,760,30.38
2021-09-06,216,49,10,147,281.74
2023-03-14,846,40,2,541,255.12
2023-01-19,710,50,10,316,243.38
2022-12-20,90,14,3,787,301.7
2020-04-07,1751,46,10,571,102.63
2023-03-02,354,46,4,611,254.77
2022-01-10,1458,11,9,949,255.04
2019-02-22,806,37,10,419,387.52
2020-08-07,219,45,6,167,297.65
2023-05-25,917,3,9,61,379.94
2022-03-12,364,1,7,820,93.8
2023-08-12,65,8,5,964,254.54
2019-05-21,618,46,9,813,20.28
2020-09-26,1537,25,7,694,211.0
2020-12-10,1284,7,5,445,280.55
2022-02-20,586,8,8,359,150.74
2022-05-03,938,21,10,234,176.11
2021-08-01,587,5,1,528,342.2
2021-10-25,132,33,6,962,234.93
2022-05-31,1657,8,9,693,137.39
2019-08-18,753,41,10,555,58.04
2020-04-10,282,28,4,241,121.5
2020-05-07,968,33,10,307,114.65
2020-04-22,750,36,9,408,377.81
2023-02-10,1854,41,3,445,118.63
2020-11-18,175,34,6,451,200.5
2020-08-06,1599,25,1,416,196.09
2020-07-08,1073,36,1,921,319.61
2020-10-17,1798,17,8,83,347.2
2023-12-09,1943,50,7,305,118.37
2019-12-03,260,12,1,965,336.3
2019-09-22,883,8,8,414,305.39
2023-10-29,829,40,1,755,14.89
2023-10-22,794,38,5,396,180.2
2023-08-10,499,24,3,374,293.98
2022-12-21,1275,37,9,141,178.18
2019-01-23,1516,15,1,918,28.88
2021-11-05,110,12,5,546,322.32
2020-10-29,1242,24,7,816,95.7
2020-10-13,155,28,1,724,363.74
2021-11-10,1992,28,2,615,370.14
2021-10-13,1686,4,3,786,253.04
2019-09-10,38,17,1,426,140.82
2019-07-06,1544,17,8,402,355.76
2020-06-26,1727,14,8,396,287.32
2023-02-11,1431,19,1,942,217.42
2022-05-26,140,11,10,114,366.61
2022-10-20,531,47,7,555,332.94
2022-12-22,1172,28,6,988,205.11
2019-08-22,801,36,9,207,194.91
2023-05-02,1930,39,3,400,395.81
2022-11-02,1483,38,10,119,306.87
2019-01-13,1890,39,4,300,76.11
2019-12-05,967,42,1,736,71.52
2022-10-21,1556,49,2,326,175.79
2023-12-15,1926,26,3,390,56.34
2022-06-26,1301,4,9,321,274.7
2022-02-22,1330,30,7,757,231.49
2020-07-01,34,6,9,340,152.22
2019-08-21,540,7,7,776,80.94
2023-04-21,1845,9,8,413,254.92
2019-12-13,1676,6,3,903,229.61
2022-11-12,1722,11,6,173,230.63
2023-10-24,1622,11,6,410,96.55
2019-07-02,1590,7,8,352,191.49
2021-03-01,577,26,8,804,308.59
2019-10-02,563,27,10,746,277.05
2022-05-10,782,49,3,279,319.23
2021-04-30,1829,12,8,149,43.12
2023-11-04,284,28,6,164,61.35
2022-08-23,614,1,3,339,272.22
2019-06-06,1990,41,7,368,258.97
2020-01-12,775,47,1,433,96.33
2020-09-19,31,41,9,638,63.94
2023-03-01,644,7,3,165,261.26
2022-08-09,1395,40,10,701,394.58
2020-07-17,474,48,5,637,151.21
2021-06-16,1563,44,6,313,267.79
2019-12-13,1402,10,2,935,77.33
2019-03-14,807,35,10,666,154.25
2020-06-24,24,5,4,345,142.36
2021-03-07,1826,20,3,675,299.69
2019-02-12,1494,50,7,78,126.97
2023-04-26,129,42,1,863,43.26
2020-07-20,1401,16,6,651,116.08
2019-09-11,1132,48,2,633,117.35
2022-09-25,1111,48,10,104,105.69
2021-09-30,1883,45,1,775,243.49
2022-09-18,568,13,1,302,369.82
2019-10-15,500,5,8,523,300.49
2022-05-28,590,5,3,667,170.2
2023-04-23,1448,43,6,662,346.48
2023-06-13,1355,36,3,467,300.63
2020-07-08,956,38,5,293,237.47
2020-10-12,573,20,2,802,65.15
2021-09-05,408,9,8,434,143.35
2021-08-05,664,15,8,662,106.39
2022-06-16,1593,35,1,412,58.27
2020-05-24,253,5,8,601,60.99
2020-10-18,628,9,4,359,159.58
2019-05-03,563,40,10,436,396.61
2021-01-28,1488,44,1,514,240.49
2023-04-23,1480,8,9,580,99.56
2022-08-17,903,2,9,128,124.43
2023-01-02,1610,8,4,318,213.51
2022-05-28,1088,2,10,857,174.03
2022-10-12,183,6,1,834,16.67
2020-06-23,1404,1,6,457,105.81
2019-06-02,1530,20,4,109,234.36
2020-01-29,1270,4,7,925,142.89
2020-08-17,1170,19,6,620,145.16
2023-09-26,614,24,10,128,357.89
2022-03-01,123,19,2,995,40.52
2023-04-04,762,25,8,79,239.23
2022-07-21,48,36,10,950,378.27
2019-03-03,965,2,2,856,376.83
2020-07-26,234,27,7,792,45.0
2023-01-23,229,45,6,434,54.62
2023-11-18,1160,5,6,54,204.24
2019-03-26,1637,27,5,374,390.4
2023-10-07,712,12,9,142,255.77
2023-11-19,649,14,3,980,305.7
2019-11-16,1931,20,3,275,190.22
2023-02-10,136,15,10,581,335.48
2022-06-19,542,36,1,404,43.39
2022-07-11,1708,48,7,155,192.65
2021-05-20,1504,14,7,387,309.31
2022-08-15,155,22,6,766,228.27
2019-01-17,770,39,10,578,396.15
2021-01-15,716,40,2,645,36.84
2021-05-01,536,5,3,160,157.73
2023-05-02,1771,27,2,287,66.73
2022-08-21,415,30,4,357,59.82
2019-12-18,1589,47,4,156,339.79
2020-02-19,330,35,1,332,311.28
2022-03-23,1083,20,10,244,157.48
2023-05-13,658,8,1,191,234.71
2020-10-13,748,32,5,508,83.47
2023-07-12,1095,26,9,804,151.49
2021-03-20,1387,16,8,162,338.48
2019-12-14,1494,46,9,955,136.66
2022-09-28,1659,10,8,251,138.7
2020-03-01,1632,2,4,249,85.19
2019-02-16,17,11,6,76,76.06
2021-10-24,457,23,1,877,332.47
2021-04-15,1002,46,9,252,181.71
2023-03-16,851,20,3,781,60.95
2023-08-21,1203,47,7,80,311.33
2023-08-31,557,36,10,792,104.98
2019-06-27,1385,24,2,77,155.52
2019-05-17,573,34,1,138,31.81
2021-07-17,616,19,2,779,184.68
2020-07-17,1793,22,10,869,277.23
2021-02-02,798,9,8,403,113.69
2022-04-11,1920,26,3,731,240.24
2019-01-03,1948,19,2,161,296.2
2022-10-11,1822,43,8,753,310.19
2020-12-18,420,21,6,828,284.64
2023-03-18,994,45,5,915,217.95
2020-01-23,1303,40,9,153,34.14
2019-02-26,1401,12,1,966,143.08
2022-09-02,490,18,6,54,208.57
2021-01-10,1200,45,4,193,79.03
2023-08-02,206,39,5,831,236.17
2021-05-16,622,9,7,963,208.69
2023-06-22,1456,38,2,318,350.24
2023-08-12,1588,44,2,872,157.64
2021-02-03,1570,35,7,843,297.54
2022-02-20,672,37,6,557,130.31
2023-01-01,1868,12,8,991,216.39
2019-10-25,1984,46,8,506,243.94
2022-11-22,590,42,9,481,304.74
2019-12-16,1061,1,6,420,356.01
2020-05-28,1747,20,9,604,253.85
2023-10-11,1359,45,7,120,339.32
2021-11-04,1719,17,1,764,101.02
2023-01-22,1367,40,8,370,135.75
2020-09-16,1925,4,9,542,353.98
2022-03-08,1924,2,5,183,275.64
2022-10-29,1326,21,5,843,82.86
2023-01-04,1054,45,3,321,372.19
2019-03-25,1772,2,6,670,72.56
2019-11-19,1674,10,9,220,152.59
2019-05-15,1594,11,5,401,44.26
2022-07-04,649,16,7,73,256.74
2021-08-04,1887,3,9,479,130.74
2019-02-10,1523,13,1,577,331.39
2020-01-02,519,22,3,777,399.64
2023-07-17,1883,43,9,291,79.0
2020-03-19,1597,44,5,335,11.02
2021-02-25,954,34,1,836,27.26
2020-12-02,1907,33,6,519,6.87
2021-07-14,149,26,9,503,17.85
2019-01-16,1215,28,3,515,155.86
2020-02-06,1680,46,10,898,347.19
2023-04-16,1426,27,5,725,383.6
2021-11-17,1508,36,3,178,383.68
2023-07-11,1202,28,5,982,259.11
2019-05-02,237,46,10,464,320.51
2022-06-10,1934,39,5,844,368.2
2023-03-08,574,15,1,264,355.09
2021-06-26,1046,18,4,578,341.59
2022-10-23,1292,35,1,617,188.05
2021-05-25,560,5,2,525,9.37
2020-02-12,1365,7,7,241,45.72
2020-04-15,1721,18,2,460,373.88
2022-01-18,726,8,8,349,24.49
2020-12-09,700,11,1,438,162.19
2019-03-18,503,39,3,780,366.0
2019-07-13,511,50,8,914,20.1
2022-11-01,787,19,4,805,375.93
2023-09-12,1760,11,3,832,183.29
2022-07-30,537,22,4,395,24.85
2021-08-10,579,50,7,293,147.86
2020-05-10,1949,32,9,126,235.1
2020-02-12,46,14,8,275,121.92
2020-08-02,1090,31,9,213,176.32
2023-11-26,1242,50,1,564,397.16
2019-05-07,1380,18,10,542,102.18
2021-01-27,1059,21,7,795,191.51
2021-12-23,156,20,1,273,272.84
2021-02-26,704,38,10,806,392.22
2022-07-12,1898,3,5,183,34.14
2019-04-13,1486,11,9,237,54.32
2020-07-28,982,42,6,519,363.48
2023-08-16,1003,37,7,916,300.23
2020-09-25,1047,37,3,555,55.02
2020-03-20,431,40,9,218,344.8
2023-03-02,416,36,2,763,193.52
2021-12-01,1861,13,10,388,285.87
2022-10-12,1235,20,7,624,67.05
2019-05-11,483,11,3,332,367.32
2022-04-23,1453,38,9,51,342.71
2020-03-20,735,38,9,676,392.97
2020-04-13,267,12,5,889,292.37
2020-06-04,1390,42,5,783,358.85
2021-03-21,861,38,8,425,33.4
2023-09-03,95,49,8,656,180.52
2023-06-10,315,40,6,430,92.64
2019-05-25,1482,26,4,69,94.8
2019-11-25,244,5,9,895,32.74
2021-07-04,1465,22,2,110,30.15
2020-04-15,1578,11,2,204,20.82
2022-04-16,1137,42,8,615,29.69
2021-07-02,446,29,1,530,226.36
2022-10-29,1558,28,4,938,235.26
2020-04-09,751,4,2,722,254.93
2022-11-24,1425,10,8,640,347.11
2019-01-13,1931,45,10,294,360.53
2019-08-01,1155,11,5,676,322.82
2020-03-21,698,4,5,930,64.04
2019-04-10,1861,17,5,522,124.64
2020-01-19,204,40,5,270,25.56
2019-11-13,1748,46,5,518,291.89
2021-03-18,1377,20,1,112,343.48
2020-07-19,1729,13,6,766,34.24
2019-07-27,1454,20,8,485,194.55
2023-02-26,120,25,8,168,201.11
2023-01-15,1286,26,8,94,369.92
2019-11-10,1147,10,10,609,248.85
2020-06-14,1482,34,8,930,291.82
2021-07-13,525,14,2,394,75.55
2023-04-19,1930,36,1,854,240.24
2022-11-13,125,19,10,473,46.38
2023-12-11,913,22,4,666,376.16
2021-06-07,1802,35,5,108,386.43
2022-01-07,1480,36,3,145,248.65
2020-07-22,1167,7,9,839,92.85
2019-04-22,121,35,4,159,306.54
2020-06-05,154,3,5,973,142.73
2022-05-31,1090,41,4,335,265.71
2022-04-07,1813,41,7,154,157.26
2023-04-09,250,25,7,418,300.57
2020-04-13,968,4,3,604,128.17
2019-07-28,401,24,9,280,355.24
2020-07-04,1904,21,1,647,336.45
2019-04-02,880,26,10,55,201.62
2023-06-08,1880,32,3,910,303.2
2022-01-25,1813,24,8,914,390.55
2022-10-28,1473,6,3,172,210.58
2019-01-13,1368,1,7,71,261.95
2022-04-29,492,49,5,202,234.85
2023-02-18,1596,18,4,254,392.6
2019-09-08,387,30,6,73,102.86
2020-01-25,104,37,2,571,235.07
2019-12-14,1256,29,2,409,197.9
2022-12-18,566,7,9,160,289.08
2020-07-08,161,47,2,524,302.58
2019-04-27,1279,17,8,503,86.33
2020-12-12,668,33,5,295,157.73
2023-05-08,749,15,9,947,155.54
2020-06-05,206,34,8,543,16.47
2019-10-06,1578,21,7,228,23.57
2020-04-24,1053,28,2,906,105.54
2023-04-11,1854,19,10,194,181.6
2020-11-04,1976,38,7,192,236.3
2020-05-30,515,34,4,166,26.1
2020-01-15,1432,15,8,270,87.4
2022-12-08,154,15,3,956,294.1
2021-06-17,1048,38,9,174,151.73
2022-12-30,973,20,2,165,120.38
2020-03-23,1550,35,8,468,294.65
2020-02-14,1611,27,3,597,175.99
2023-11-04,1092,49,5,716,275.46
2021-10-10,1973,6,3,256,316.45
2019-05-22,1859,22,2,916,164.71
2023-11-17,742,1,10,343,65.77
2021-02-08,699,34,7,644,197.92
2023-01-05,1932,34,9,603,41.2
2021-12-04,1779,45,9,563,158.5
2019-02-19,487,14,6,448,268.91
2022-07-07,1025,17,5,510,235.7
2022-03-06,1230,41,9,194,224.67
2021-06-24,1494,9,8,342,391.46
2023-10-30,1944,35,1,96,370.8
2020-09-27,589,32,10,421,197.6
2020-01-27,1413,39,1,564,137.93
2023-06-05,1059,21,7,163,52.91
2022-08-31,1369,1,6,593,378.56
2019-04-28,173,13,9,260,374.82
2020-09-10,1877,44,1,628,216.14
2021-02-25,549,19,1,719,246.47
2023-04-07,948,45,1,946,45.15
2020-05-05,1949,18,2,555,173.28
2020-09-02,371,40,9,323,80.89
2019-06-02,405,5,8,877,194.39
2022-01-12,795,14,5,936,131.02
2021-12-12,277,24,1,781,286.53
2023-04-10,58,18,4,354,395.3
2019-05-23,406,44,5,149,221.37
2020-12-08,1999,34,5,433,86.61
2022-07-30,850,42,10,629,170.19
2022-11-13,125,19,4,913,192.67
2021-11-14,1442,35,6,897,259.34
2023-01-22,1922,44,2,794,226.37
2023-10-15,1515,26,3,162,359.3
2019-07-27,350,6,10,645,61.73
2023-11-02,1026,35,10,120,176.78
2020-03-27,371,12,9,412,86.02
2023-10-17,243,46,10,795,249.19
2020-04-23,739,18,7,961,274.08
2019-06-04,1054,29,3,404,100.57
2020-11-08,1361,41,4,823,381.0
2019-09-22,1588,27,7,358,328.03
2020-11-16,1408,19,1,743,251.13
2022-02-17,115,25,4,833,373.81
2022-07-23,1788,18,8,665,67.54
2023-08-20,141,29,9,300,330.16
2023-12-17,1889,31,7,756,18.78
2019-09-10,655,19,9,84,204.32
2019-12-13,1273,47,9,994,133.6
2020-01-05,1923,39,5,910,270.12
2023-09-16,1953,2,10,164,254.13
2020-09-01,1919,25,1,596,354.34
2022-05-15,1659,15,3,909,241.31
2020-02-04,1739,17,2,638,141.7
2019-06-13,1675,11,8,473,190.98
2023-03-01,439,35,6,617,247.0
2019-10-29,90,42,7,757,89.44
2019-12-21,502,50,8,785,339.06
2020-02-20,1173,16,4,877,125.44
2020-12-08,1278,18,3,901,32.17
2019-03-20,746,49,7,549,196.99
2019-06-12,167,15,8,160,72.82
2023-07-22,862,39,5,437,190.44
2022-06-21,1630,7,7,168,346.64
2021-01-01,1614,12,6,889,366.09
2019-02-02,1216,7,3,783,157.8
2022-12-12,423,20,6,515,275.63
2020-08-24,1639,42,9,531,85.56
2020-01-25,1613,6,5,120,78.68
2022-02-24,945,32,1,934,385.01
2021-12-26,1591,19,8,318,311.84
2023-09-10,1102,31,9,901,63.33
2023-02-09,562,18,5,673,374.78
2020-01-19,989,3,6,355,351.86
2021-01-14,1261,37,4,762,42.27
2023-04-08,1634,25,7,89,228.47
2023-08-10,1967,43,10,343,305.6
2020-12-05,1962,29,9,899,41.84
2020-01-16,1667,44,3,487,51.19
2023-11-22,1254,5,2,475,121.96
2019-01-24,1744,46,9,886,38.56
2021-06-04,1140,30,1,799,274.54
2021-06-07,1652,25,9,588,271.77
2022-06-26,206,6,4,187,42.67
2023-11-01,1507,13,4,194,68.75
2020-07-01,174,22,3,359,396.01
2020-08-28,41,36,1,704,64.99
2019-12-09,1114,49,10,812,392.29
2023-06-02,933,40,6,885,235.49
2019-10-22,351,35,6,619,304.52
2021-11-16,481,49,10,675,354.41
2022-05-18,639,20,10,512,5.09
2022-05-21,190,7,4,424,52.93
2023-08-28,1654,39,3,547,104.39
2020-07-03,992,33,2,526,343.17
2022-11-03,1180,31,6,403,29.73
2023-03-12,775,12,7,220,371.35
2021-03-29,42,4,5,459,189.46
2023-06-07,1098,32,2,300,284.71
2022-03-13,213,5,3,889,397.51
2022-04-27,1844,35,1,243,218.84
2022-05-27,1884,10,7,103,209.01
2021-06-06,1293,12,2,929,246.86
2020-04-04,854,38,9,137,250.81
2020-10-01,917,4,7,110,256.47
2023-11-28,1128,25,1,899,334.44
2019-11-03,1837,8,5,673,193.31
2022-12-04,218,21,6,515,220.32
2022-03-27,1775,45,9,762,169.2
2019-05-25,1996,33,2,689,113.89
2019-05-21,770,36,5,511,76.95
2022-06-29,1528,8,3,708,377.55
2019-02-23,1507,20,5,638,351.38
2022-06-24,249,27,4,166,273.06
2021-11-15,691,8,9,492,104.95
2022-04-12,1105,20,8,383,15.22
2019-05-15,524,16,2,869,105.64
2021-11-05,234,8,10,641,20.89
2020-03-20,1042,11,3,406,278.66
2019-09-05,1286,20,7,882,383.93
2019-09-26,1742,17,8,140,235.85
2019-06-07,1491,22,10,754,100.59
2020-09-28,1905,25,8,644,27.61
2021-04-06,172,1,1,654,74.9
2020-02-23,1501,48,1,830,122.87
2023-07-02,1520,38,1,132,133.53
2023-01-25,1543,40,7,796,146.44
2022-04-15,1531,5,4,134,287.03
2023-03-30,543,8,1,72,207.57
2023-03-01,6,34,3,75,164.08
2020-03-22,1402,26,5,814,32.44
2019-06-29,1892,4,3,270,350.52
2022-01-19,1135,48,7,674,136.03
2023-07-29,566,30,9,569,397.62
2021-02-11,601,33,2,717,120.89
2023-05-09,42,9,5,623,70.75
2023-07-15,85,41,1,160,331.27
2020-11-17,400,37,3,778,299.67
2023-11-17,773,3,2,409,136.49
2019-06-14,915,41,1,366,195.37
2019-06-24,1115,33,1,579,380.54
2022-03-27,179,17,7,662,269.01
2019-09-29,1187,50,1,949,344.32
2022-09-25,903,26,10,722,245.64
2022-02-04,1348,45,2,116,362.57
2023-03-05,1374,36,4,110,137.47
2023-05-23,1436,4,2,613,194.2
2021-04-27,1080,17,7,223,142.21
2019-10-21,957,26,1,624,214.72
2020-12-23,1889,35,6,458,219.83
2020-03-05,464,42,5,262,391.52
2023-08-07,64,48,8,59,333.73
2021-12-23,1843,41,10,893,171.55
2020-12-29,667,20,3,633,151.5
2019-11-11,1146,49,3,751,248.51
2021-05-07,718,4,2,859,284.95
2021-06-21,309,44,3,59,221.16
2023-12-21,722,9,1,411,304.04
2022-03-26,1770,16,1,348,197.34
2023-02-01,443,49,3,957,68.55
2019-02-26,722,12,1,184,215.56
2019-09-23,214,17,10,651,13.6
2022-05-31,424,25,6,905,30.35
2021-03-12,324,14,8,529,126.56
2021-10-19,20,7,10,133,321.24
2022-09-11,1132,20,9,190,68.62
2022-02-02,1744,18,10,587,184.44
2023-12-27,223,27,4,809,302.7
2021-10-20,1468,35,1,256,128.35
2022-02-10,584,15,10,791,131.19
2022-10-17,908,38,7,191,390.18
2023-10-13,20,41,8,530,386.01
2022-05-06,1706,3,2,333,294.15
2019-05-23,271,29,2,386,361.35
2021-02-08,732,16,7,208,157.7
2019-06-17,1075,10,10,525,74.67
2023-03-31,1425,44,3,429,273.71
2023-04-07,80,6,2,962,316.11
2021-07-03,1911,34,5,224,359.97
2023-09-10,840,14,9,717,227.83
2020-12-27,332,19,7,351,241.99
2020-09-03,1237,42,10,129,264.21
2021-06-16,319,19,6,325,304.33
2020-12-29,1182,2,2,588,394.19
2021-03-02,280,23,2,797,279.14
2021-12-17,1202,19,7,577,388.64
2022-07-22,1728,21,7,836,359.9
2020-08-03,1188,21,10,128,108.14
2019-11-25,681,7,5,741,342.61
2021-06-27,225,50,10,909,120.01
2022-11-16,812,8,5,758,303.85
2023-01-23,1147,15,8,723,44.15
2021-05-09,1459,37,3,326,395.19
2020-06-14,460,8,1,814,144.3
2023-09-29,821,2,6,419,189.77
2021-11-10,504,38,3,127,95.0
2021-05-14,1626,5,8,123,62.52
2022-06-10,1284,13,10,823,107.21
2019-08-06,43,16,3,358,356.7
2021-01-06,1133,6,5,755,186.74
2021-02-19,358,21,1,954,360.59
2021-05-22,795,44,7,586,280.65
2021-05-06,1090,14,3,113,17.51
2021-10-23,1413,36,7,403,306.03
2020-08-18,1231,31,8,336,133.39
2022-01-02,1337,32,8,564,118.12
2020-01-25,368,8,4,169,322.11
2021-02-09,805,27,8,786,339.45
2021-02-04,870,18,2,311,137.01
2023-06-30,1699,21,7,735,345.12
2021-05-20,656,16,4,627,33.66
2020-09-27,649,11,10,887,131.76
2021-06-01,1430,3,6,560,248.22
2020-06-10,1499,30,6,235,108.62
2020-09-07,1356,28,1,813,72.02
2020-09-21,627,1,7,242,382.78
2019-09-23,965,44,6,330,254.52
2023-05-18,615,47,2,906,121.11
2022-01-29,280,22,5,339,144.04
2022-11-29,1890,43,4,140,18.44
2019-11-30,1806,25,9,725,38.05
2022-05-08,1523,29,9,542,371.37
2023-06-23,1365,35,5,938,111.89
2021-07-21,646,21,10,86,52.22
2021-11-24,432,10,10,849,194.46
2023-05-15,1191,19,4,267,333.62
2021-08-04,1300,35,2,110,100.8
2019-04-03,1686,32,2,611,12.71
2021-02-24,104,21,8,254,63.78
2021-08-12,186,7,6,427,330.7
2020-07-02,1762,4,3,290,332.55
2021-12-15,418,1,3,866,388.25
2021-05-23,1440,3,5,499,179.16
2020-06-27,763,1,3,432,94.54
2020-12-21,836,5,3,105,359.29
2020-07-31,1245,22,6,726,212.04
2022-10-03,47,18,7,426,371.2
2023-04-18,1682,47,5,108,92.14
2021-08-07,681,34,6,715,180.38
2023-04-23,1301,26,5,476,57.11
2023-08-21,761,50,5,393,350.21
2019-09-20,598,3,3,163,153.24
2019-12-22,1992,46,1,795,297.34
2022-07-29,1175,39,9,456,249.21
2021-09-10,1996,29,10,527,108.12
2021-03-27,1978,22,10,493,296.04
2022-10-25,657,35,1,269,295.15
2021-02-27,1981,10,9,966,14.4
2022-12-31,996,21,1,94,212.64
2020-08-12,1532,1,8,320,272.2
2019-12-01,828,13,6,497,240.17
2023-02-12,733,30,9,578,10.34
2021-02-20,236,40,10,733,378.22
2021-09-18,1628,5,10,930,105.88
2023-06-14,393,12,2,280,246.87
2021-03-29,1106,42,4,678,122.48
2022-05-18,1361,3,8,76,228.14
2020-12-06,1490,40,10,340,193.95
2022-07-22,846,19,4,318,382.82
2021-03-02,1836,50,7,147,359.23
2023-09-11,544,5,6,669,349.48
2019-01-25,937,22,10,803,186.33
2022-07-05,1746,19,8,730,217.47
2021-05-27,1869,39,4,187,104.17
2021-03-12,733,44,9,493,120.42
2019-09-06,377,5,2,690,59.83
2019-04-26,871,42,8,827,128.76
2022-02-20,218,12,3,758,248.22
2022-08-28,598,27,1,985,143.28
2022-12-23,1567,33,10,408,13.27
2020-01-14,385,39,3,724,272.18
2019-10-31,1744,9,7,755,331.04
2023-05-28,665,19,8,603,115.25
2020-11-04,140,20,7,315,328.54
2022-04-16,1193,9,5,848,368.07
2022-10-01,1100,30,7,640,371.12
2022-06-09,238,19,1,58,332.27
2022-05-06,1260,47,5,900,143.9
2021-02-18,1439,36,5,707,198.8
2019-09-22,971,30,2,683,237.88
2021-11-10,577,25,8,923,211.98
2019-05-07,1798,28,10,305,253.56
2020-03-21,69,17,2,989,372.43
2020-07-02,339,15,8,621,42.37
2021-01-24,952,10,3,207,222.71
2022-07-20,1775,44,1,463,267.78
2022-12-13,608,13,3,217,154.9
2021-06-28,1093,15,9,363,54.22
2023-11-23,523,29,3,458,140.4
2019-06-06,620,47,8,901,290.43
2020-12-16,925,25,6,273,250.8
2021-01-06,263,11,2,479,257.94
2022-09-28,1898,18,6,594,120.73
2019-01-04,1627,41,7,429,243.38
2020-09-29,1180,30,5,629,327.02
2022-04-15,916,15,10,390,241.65
2020-11-06,953,26,4,393,142.96
2019-04-28,142,37,4,218,337.5
2023-08-02,1388,1,8,977,270.17
2019-08-11,1194,46,5,754,65.01
2023-10-14,1056,49,4,653,180.65
2021-02-18,529,37,8,756,210.91
2022-11-12,429,3,4,865,142.49
2020-01-03,1820,17,2,821,17.35
2021-04-08,984,48,7,180,115.42
2023-07-13,1995,19,8,601,48.42
2023-08-06,430,26,4,886,208.71
2020-10-12,1373,22,6,803,112.52
2022-12-12,1689,37,9,696,103.65
2019-01-03,599,23,3,761,353.85
2023-08-30,443,27,3,647,342.82
2022-12-10,302,20,7,270,383.19
2021-01-02,845,36,10,316,218.93
2021-11-10,502,1,3,733,175.95
2022-10-09,150,28,7,683,30.52
2023-08-26,1055,10,3,392,319.33
2023-10-12,326,24,9,693,326.16
2020-05-08,929,9,3,75,191.53
2023-05-31,544,23,1,99,55.11
2019-01-15,208,20,2,729,352.18
2023-02-22,1532,13,8,440,321.3
2021-10-20,1241,32,2,879,22.86
2023-05-29,227,27,8,639,35.38
2020-10-22,867,10,1,420,301.59
2022-02-27,977,38,6,966,96.6
2021-02-25,1683,39,6,647,186.1
2022-07-19,1923,50,9,131,276.95
2023-08-29,922,21,5,782,52.07
2023-03-15,1491,47,6,978,253.03
2022-04-13,40,26,9,652,350.89
2019-12-21,863,46,5,725,197.85
2023-08-26,1660,9,6,606,11.79
2020-03-28,1585,31,2,595,334.57
2019-10-28,695,30,3,500,34.23
2023-03-22,1616,46,5,402,297.82
2020-06-09,1900,4,2,721,375.51
2023-10-22,554,19,2,148,238.9
2022-01-01,975,45,3,597,194.95
2021-01-03,175,19,4,421,183.38
2020-07-16,417,25,4,469,242.08
2023-11-01,489,33,1,489,97.71
2020-06-18,150,24,8,737,362.36
2020-07-29,1200,13,6,659,315.68
2021-06-18,1613,7,5,491,171.9
2020-02-23,1698,1,3,823,288.36
2019-12-28,52,42,8,413,384.74
2022-04-01,527,26,6,528,94.28
2021-03-12,1211,26,9,749,234.16
2021-02-09,312,9,8,161,101.96
2021-01-12,396,39,3,171,348.91
2019-01-09,505,3,2,503,70.22
2021-11-13,980,12,10,694,86.14
2022-06-23,877,33,9,816,274.56
2022-01-13,1392,32,7,773,52.12
2022-01-14,1984,16,10,67,171.53
2023-03-23,367,9,6,933,214.65
2021-09-14,1965,18,8,495,288.01
2019-09-20,1241,40,1,275,108.85
2022-06-21,1760,13,2,76,52.85
2023-12-15,651,4,4,895,282.15
2022-04-28,54,3,8,446,43.27
2023-07-20,87,30,10,248,341.04
2020-12-29,1827,26,7,290,184.5
2022-07-12,802,8,5,869,141.4
2019-11-02,179,17,6,611,380.87
2020-01-25,737,10,10,801,142.25
2023-12-15,1657,8,7,629,106.96
2023-07-16,1693,49,9,394,300.71
2021-10-07,988,20,6,531,368.91
2021-03-07,845,24,8,856,174.39
2023-11-28,293,1,4,489,347.81
2021-03-16,106,46,1,538,280.29
2020-03-02,1380,36,1,303,236.2
2021-05-22,236,4,2,845,159.88
2019-01-26,512,15,7,81,290.25
2022-03-06,945,48,5,655,150.82
2021-06-18,916,18,6,253,132.44
2022-08-07,508,4,4,589,43.49
2020-11-03,1515,50,4,691,341.67
2022-03-14,1580,9,9,85,257.9
2020-09-19,1968,1,9,891,386.08
2021-04-08,165,25,7,254,126.75
2019-06-21,1124,48,10,121,373.9
2021-06-24,1852,31,6,564,93.1
2020-03-14,833,26,8,943,184.33
2020-09-07,522,13,2,677,185.75
2021-03-25,1793,5,3,242,24.42
2023-12-20,1512,20,2,68,62.65
2019-03-10,882,5,9,161,124.26
2021-02-24,633,30,10,320,14.5
2022-09-08,1109,9,7,786,269.55
2019-01-22,1846,47,7,285,66.33
2019-10-03,1493,10,5,493,86.74
2021-02-07,1308,5,10,862,16.14
2021-03-11,683,24,2,731,306.52
2021-05-14,1601,20,6,522,79.79
2020-01-16,1799,21,10,495,123.43
2023-04-01,1773,13,3,926,359.02
2021-06-17,10,23,5,729,348.35
2022-11-19,146,44,7,732,230.67
2022-03-08,506,49,6,386,96.92
2023-02-26,252,24,2,626,368.77
2023-10-08,1421,17,4,966,197.43
2022-04-14,875,33,3,74,261.26
2021-03-24,1563,37,7,959,186.98
2023-02-28,151,40,3,388,343.68
2021-05-01,797,37,3,627,29.95
2022-08-09,1678,46,2,394,248.4
2022-11-28,845,44,8,257,100.16
2019-04-18,1750,14,9,735,381.15
2021-02-17,1292,8,3,132,37.5
2021-07-15,1857,17,5,810,104.26
2022-11-09,562,21,10,433,82.52
2020-01-25,1047,33,10,470,179.35
2019-10-26,1584,36,2,343,87.27
2019-10-19,764,30,4,485,391.83
2023-02-24,421,38,5,217,381.02
2019-03-12,1504,43,10,595,246.99
2022-11-06,1189,20,7,218,327.83
2019-10-29,1852,22,10,545,307.71
2019-05-10,256,6,8,442,144.06
2020-08-05,1939,11,1,783,396.37
2021-03-16,1647,38,10,431,262.19
2023-05-08,153,42,9,182,264.67
2021-10-16,300,12,5,440,117.48
2022-07-08,1861,7,1,541,317.79
2019-12-29,1740,26,3,487,364.54
2020-10-01,621,48,2,204,303.95
2019-11-08,545,39,4,481,32.8
2020-08-01,1035,8,7,91,226.94
2019-03-27,1853,20,1,412,69.23
2019-05-17,882,17,4,387,190.4
2021-04-10,37,18,6,659,285.16
2022-10-13,526,25,3,450,74.3
2020-04-24,1618,46,1,513,158.13
2023-05-16,1880,23,3,168,306.01
2020-05-05,1653,32,1,206,231.86
2019-09-10,984,13,6,297,364.36
2021-11-03,1349,3,4,190,219.16
2019-06-04,740,34,1,824,222.0
2020-01-28,280,3,9,468,397.78
2019-03-24,963,27,9,87,259.07
2022-07-30,1208,43,1,545,78.96
2020-09-09,1155,1,2,139,20.38
2023-05-01,402,30,1,262,19.12
2021-04-10,637,16,5,436,179.59
2023-12-30,402,30,1,458,359.66
2019-10-24,1586,7,3,58,88.33
2019-04-12,787,36,7,289,87.57
2021-07-28,642,38,6,827,115.1
2023-06-12,188,38,6,406,345.18
2020-08-07,1358,10,3,687,216.19
2023-08-06,94,16,7,203,204.49
2023-11-14,390,39,8,657,90.22
2023-12-17,1624,23,2,767,337.12
2021-05-29,429,7,4,363,224.14
2020-04-10,537,15,4,327,310.76
2021-02-19,636,49,4,480,181.37
2021-02-20,1238,13,9,91,203.33
2019-03-30,303,42,2,220,163.27
2019-09-09,746,7,5,786,326.67
2023-08-18,570,41,7,815,310.24
2019-09-27,70,38,5,770,50.68
2020-04-25,1342,29,6,851,202.01
2023-04-18,863,1,7,58,381.62
2023-07-27,20,20,8,441,115.2
2020-04-26,274,2,10,791,379.33
2020-09-16,493,10,10,173,397.19
2022-02-25,1526,50,10,921,96.08
2022-07-23,449,27,9,454,369.69
2023-12-14,1946,35,2,435,174.26
2020-08-30,1575,31,4,832,143.0
2019-08-31,1373,45,4,857,206.66
2023-08-23,1315,26,5,818,151.88
2019-03-01,1272,42,10,527,15.76
2023-09-30,409,7,9,839,106.25
2023-07-17,1839,17,3,705,293.29
2021-03-16,643,24,2,912,227.88
2019-03-24,250,25,4,647,10.6
2020-04-06,1367,11,4,997,185.39
2019-02-05,1811,46,3,967,358.03
2019-03-23,1267,17,8,876,235.42
2021-08-26,1550,25,10,966,59.9
2020-05-08,1214,30,6,403,49.93
2022-08-02,1887,36,10,935,371.57
2023-03-31,1421,9,7,143,154.81
2020-12-25,1854,23,10,733,323.88
2021-02-25,1956,36,4,229,70.16
2019-04-22,1893,2,2,367,294.55
2019-04-19,1453,17,2,127,228.24
2019-01-19,519,7,9,853,231.1
2019-09-19,1131,8,3,382,148.55
2019-01-04,1432,9,8,167,208.72
2022-07-13,1496,12,10,57,85.25
2023-07-29,482,1,8,645,104.96
2019-05-10,1868,3,6,998,353.19
2023-07-20,536,16,2,853,254.99
2019-05-10,1211,28,2,397,367.08
2022-11-20,1129,35,4,507,229.22
2023-07-12,1767,9,6,833,394.18
2019-12-09,154,18,6,70,32.25
2023-02-04,320,24,1,385,37.28
2019-04-30,840,18,6,204,311.88
2019-06-06,1391,7,8,544,81.9
2022-12-29,1196,4,5,519,112.4
2023-10-19,1019,25,10,329,259.57
2021-08-12,1057,24,7,77,382.1
2019-10-06,1907,50,3,146,281.8
2021-07-21,130,32,8,994,161.12
2020-11-10,1191,24,5,837,97.32
2023-01-14,1934,29,2,682,283.96
2021-05-03,376,48,4,666,135.58
2020-11-24,1839,16,8,866,220.05
2023-07-18,626,9,7,841,259.42
2021-07-31,480,5,9,426,229.78
2022-07-12,50,12,4,376,314.67
2023-06-07,614,38,7,626,274.08
2020-02-11,214,22,1,900,231.68
2021-03-29,1309,41,10,220,356.14
2020-06-10,1110,42,1,250,269.83
2019-05-20,1110,6,7,439,393.06
2019-10-20,527,14,9,295,343.98
2020-11-23,31,11,4,943,360.7
2021-02-19,1064,50,5,952,18.07
2023-10-03,690,24,10,183,349.13
2020-08-10,1060,17,5,709,370.99
2020-05-31,1827,35,7,242,100.51
2023-07-22,607,3,6,350,352.54
2020-02-07,850,46,3,709,75.73
2019-11-02,1695,33,9,626,232.95
2020-04-04,1611,37,5,702,13.04
2019-08-09,1285,43,2,597,301.9
2022-01-29,1479,38,2,110,324.55
2022-10-25,1189,29,4,184,313.05
2022-08-29,1684,43,2,401,372.96
2023-11-11,1978,29,1,117,359.23
2022-02-08,1542,32,8,438,388.7
2019-08-13,1484,48,6,744,72.13
2019-03-11,1510,34,6,452,250.82
2021-01-23,827,4,4,422,318.97
2021-08-02,371,1,9,564,109.2
2022-06-20,335,26,9,74,343.57
2022-08-18,294,38,4,441,125.77
2022-09-20,255,39,10,175,377.46
2020-02-22,1406,13,1,778,241.55
2022-11-29,717,37,4,981,376.36
2020-07-03,824,35,6,539,35.96
2022-11-11,782,44,10,506,267.92
2020-04-24,245,19,6,341,69.14
2022-02-22,1109,44,4,863,288.57
2019-08-31,747,23,1,572,377.69
2019-03-01,1118,13,7,996,209.58
2023-09-26,134,41,2,339,195.31
2019-09-11,1764,10,10,400,359.58
2019-01-08,1788,6,5,168,27.14
2022-08-20,1571,33,6,543,126.59
2019-06-04,98,8,9,548,32.12
2019-01-04,1704,11,3,877,311.92
2023-04-23,1468,45,7,846,50.38
2022-05-13,1636,2,9,709,262.1
2022-11-08,1658,27,1,313,165.3
2023-06-25,1309,23,6,637,95.1
2019-07-05,1979,38,6,950,141.34
2022-03-22,1347,18,4,748,236.23
2020-12-05,1861,3,10,415,330.41
2020-06-16,1417,44,1,442,18.19
2022-03-06,916,39,6,345,147.92
2020-08-07,164,5,6,577,108.32
2021-01-14,804,28,5,917,145.67
2019-06-20,1039,40,8,264,263.02
2019-10-29,647,43,2,304,121.71
2020-12-24,1875,41,5,890,289.17
2022-03-26,1401,29,2,725,349.94
2020-07-31,994,2,1,291,288.14
2023-05-12,203,6,2,899,273.11
2021-04-15,787,48,2,476,300.62
2021-04-07,1107,1,1,949,55.53
2022-01-20,1645,13,5,128,331.53
2021-05-01,1434,15,4,809,177.75
2023-07-14,1238,35,3,95,322.47
2023-11-15,405,2,8,567,393.34
2023-07-25,865,43,7,127,90.87
2020-05-29,1813,48,4,208,136.82
2021-04-07,188,22,1,881,300.22
2022-11-18,794,32,8,557,148.41
2023-02-02,1998,14,7,639,52.16
2023-09-03,120,11,3,457,174.51
2023-07-07,1387,50,5,535,267.13
2023-12-05,1472,18,1,567,67.1
2022-06-04,1426,49,1,190,371.71
2022-09-03,1202,25,10,989,24.74
2022-08-26,646,13,1,181,11.21
2022-03-06,522,40,8,468,369.37
2019-05-15,528,36,4,548,26.76
2021-09-06,367,46,5,341,387.18
2021-06-16,1981,40,2,609,210.78
2020-04-28,161,37,7,466,166.5
2019-09-23,1962,7,7,435,309.4
2019-05-29,1464,16,1,778,154.92
2022-10-30,1922,37,7,133,10.05
2022-01-31,299,33,4,349,31.79
2019-06-22,1891,14,7,942,342.34
2023-02-17,215,33,2,580,187.95
2023-07-04,1912,33,8,809,74.78
2022-12-18,1370,26,4,955,125.56
2023-01-30,212,12,1,124,202.5
2022-02-05,981,17,7,436,356.01
2020-10-01,1916,12,9,767,47.34
2023-11-04,1600,49,1,727,178.11
2021-05-30,107,37,8,902,39.87
2019-11-02,562,38,6,634,198.52
2022-04-24,1323,28,5,769,229.51
2021-02-15,922,31,1,399,195.92
2019-08-29,1269,28,8,759,264.94
2021-05-23,1497,8,7,724,375.47
2022-10-10,1607,35,7,441,377.87
2020-12-31,1564,19,6,753,356.81
2019-08-30,700,30,6,790,381.33
2022-08-15,1740,31,9,145,17.45
2019-01-24,37,7,5,994,65.82
2019-12-03,939,27,1,225,177.5
2021-12-07,1017,16,6,828,24.47
2020-11-13,1815,15,8,476,397.06
2022-12-31,1845,21,3,375,20.41
2019-02-16,1011,16,2,327,101.02
2019-12-08,837,46,9,522,225.09
2019-05-31,1038,2,8,118,387.03
2022-06-30,1396,24,2,927,387.6
2023-07-16,291,44,1,385,153.15
2021-08-31,1869,32,6,591,57.88
2022-01-10,324,50,6,355,360.85
2023-05-02,461,25,8,658,312.83
2019-04-25,1102,17,10,642,109.21
2022-08-01,1583,3,7,516,68.75
2021-12-21,1256,16,5,789,255.33
2022-08-13,1653,8,8,690,304.15
2019-04-22,1599,4,9,210,341.4
2020-05-17,914,27,6,897,177.93
2023-10-28,1696,40,1,419,286.54
2022-12-23,1241,19,5,591,148.47
2019-06-06,416,32,3,225,325.28
2021-01-11,1562,37,1,108,273.13
2019-07-06,1043,33,7,424,60.8
2019-12-04,1829,42,4,694,10.73
2020-03-14,1548,12,2,329,287.94
2022-07-04,548,39,3,802,318.95
2023-02-05,1110,34,2,237,264.17
2019-11-14,1574,28,1,467,113.87
2023-12-21,711,24,6,620,18.81
2021-10-08,852,17,7,651,127.72
2019-04-19,978,29,6,575,88.44
2023-03-26,1995,9,3,321,48.56
2022-04-10,129,48,10,999,375.02
2020-05-26,1551,47,4,399,357.22
2021-06-07,725,37,8,153,307.66
2020-05-19,1995,3,9,106,228.98
2020-02-14,1539,4,8,494,30.24
2022-02-10,1383,5,1,77,237.46
2020-04-24,1464,20,1,605,263.15
2022-06-20,506,11,7,813,199.03
2020-05-02,486,9,10,750,121.35
2021-05-13,179,21,10,431,366.04
2023-02-08,26,26,3,812,115.71
2019-06-11,1035,6,5,56,75.03
2021-02-10,226,46,5,606,121.16
2023-08-04,1853,5,7,688,51.73
2022-03-02,1020,6,9,426,33.39
2021-03-26,41,33,8,76,154.92
2022-10-13,1347,40,6,494,167.12
2023-10-03,490,19,10,572,20.26
2021-01-21,862,30,5,529,168.1
2020-04-30,1406,40,5,326,273.56
2023-01-27,579,26,2,259,327.07
2021-09-09,619,37,4,345,126.67
2022-02-19,858,32,9,924,217.8
2019-07-19,1554,36,6,221,308.21
2022-08-20,270,9,1,948,240.34
2022-08-07,1998,16,6,745,176.9
2023-11-02,591,45,8,686,329.68
2021-04-12,1655,20,8,476,193.29
2019-10-12,432,3,8,590,175.75
2020-02-24,1750,20,10,319,79.83
2021-10-08,1077,10,6,522,160.19
2023-07-07,837,17,5,196,177.65
2021-02-14,1248,43,1,858,52.48
2023-04-10,734,13,3,258,395.24
2023-09-05,1159,41,7,798,280.97
2021-03-18,1533,26,10,898,244.1
2023-12-17,1736,32,10,412,296.19
2019-06-29,1449,43,4,331,96.88
2020-12-06,1519,49,6,525,374.7
2023-06-20,1120,24,7,292,356.61
2021-11-14,770,37,6,399,254.76
2023-01-10,365,31,5,973,236.94
2020-08-08,1990,44,8,512,27.31
2020-06-22,1142,29,7,350,114.43
2019-04-26,244,40,8,807,379.51
2022-01-04,42,17,6,66,27.51
2021-01-20,1891,41,1,890,314.95
2019-05-03,947,24,2,525,59.18
2021-03-01,1777,33,4,644,175.05
2021-03-24,1412,25,4,721,193.69
2021-06-10,212,43,5,442,139.97
2021-10-19,1883,50,10,974,50.69
2021-05-18,67,49,10,61,215.6
2021-07-31,832,46,3,789,316.94
2020-07-03,1556,23,6,969,386.71
2021-06-27,1779,25,3,87,161.21
2020-11-18,221,8,4,694,80.65
2023-04-19,1051,39,10,850,23.27
2020-07-22,256,19,4,373,292.22
2022-10-12,431,22,9,888,339.15
2020-09-07,1857,19,7,288,379.46
2021-02-16,159,42,7,145,55.77
2022-04-25,942,23,3,267,251.04
2022-12-16,1283,32,5,500,143.74
2023-10-15,1253,6,2,457,232.87
2022-05-21,657,31,3,119,395.95
2020-11-19,1493,38,1,980,296.62
2020-03-12,1366,32,4,79,235.41
2020-12-11,1706,45,8,813,221.84
2021-08-21,1942,14,4,206,49.42
2020-08-17,169,6,3,612,106.41
2019-12-18,1486,17,1,672,31.08
2020-01-17,1323,8,2,890,181.41
2020-03-13,571,14,4,317,17.28
2019-04-05,223,30,7,934,259.61
2022-10-26,524,12,5,992,64.53
2021-01-22,837,6,4,62,377.51
2022-04-19,1008,2,1,311,124.63
2022-09-10,791,13,10,288,18.18
2023-10-24,216,1,2,814,297.38
2022-05-11,1545,11,3,398,91.46
2023-02-28,1415,22,6,582,378.13
2023-05-29,1844,35,2,211,299.6
2021-09-05,135,13,7,533,327.41
2021-05-14,1938,38,5,943,199.61
2022-07-05,628,4,10,484,29.91
2020-11-24,1088,8,4,905,271.49
2022-12-13,1749,35,1,828,397.77
2023-11-05,485,30,2,427,399.56
2021-04-21,1025,32,6,95,140.69
2020-03-07,384,17,2,686,61.83
2021-07-13,743,25,3,696,334.78
2021-12-20,1454,22,6,841,28.34
2020-08-14,1666,18,6,737,155.81
2022-04-18,88,32,10,806,99.47
2020-08-22,1422,31,4,972,313.67
2020-01-29,1856,12,7,745,299.04
2021-06-26,1073,5,8,681,334.44
2023-06-28,615,8,1,292,126.77
2022-02-13,259,19,10,223,317.47
2019-10-24,1685,46,8,663,169.13
2020-08-01,1954,35,9,236,47.7
2022-08-27,1332,10,6,971,304.12
2019-03-03,1379,35,4,211,88.58
2020-10-29,1335,17,8,232,350.38
2022-10-06,148,13,6,903,75.05
2020-07-05,126,35,2,363,250.98
2022-05-15,294,9,9,814,241.98
2023-09-12,1225,20,4,673,195.2
2023-04-05,816,35,5,725,74.78
2020-05-16,1531,18,5,891,309.35
2020-01-18,655,9,8,912,35.34
2019-11-04,1720,28,5,572,56.58
2021-07-03,607,28,9,344,194.37
2021-08-01,1385,38,5,668,178.2
2020-04-22,265,18,8,840,158.13
2020-11-10,1677,47,2,501,377.19
2020-09-16,486,48,2,952,147.06
2023-08-03,1184,23,2,908,171.01
2019-07-06,1044,33,4,85,399.7
2023-09-06,405,2,8,688,9.28
2019-10-18,339,39,6,469,320.64
2020-06-23,1691,15,1,460,364.18
2021-05-15,119,2,2,343,76.03
2021-04-09,1724,34,3,202,192.97
2019-12-06,843,50,2,147,191.5
2020-12-25,1807,44,3,321,381.38
2022-10-19,8,49,4,139,398.63
2019-07-09,572,17,1,469,324.2
2023-05-11,329,36,3,756,240.73
2019-01-13,1767,10,4,532,313.95
2023-02-25,165,24,5,597,256.84
2019-03-14,1267,19,7,791,150.34
2023-09-01,1172,1,3,526,250.55
2021-03-15,1023,2,3,71,253.46
2022-04-15,369,39,9,528,128.0
2022-12-02,1204,7,2,67,147.46
2020-07-20,1655,11,3,622,371.46
2021-05-07,906,4,8,102,80.74
2022-05-07,531,14,1,385,246.84
2020-06-05,1162,27,10,890,66.93
2022-12-14,662,42,5,997,387.54
2022-07-15,176,14,7,718,199.53
2020-08-15,1561,7,1,883,340.53
2021-05-21,280,5,9,608,361.32
2022-10-21,1690,39,6,695,112.06
2022-06-19,1423,14,6,775,153.4
2019-12-21,1785,7,10,474,133.5
2022-07-10,500,3,1,742,367.36
2023-10-28,95,43,8,496,36.45
2023-11-28,1827,36,7,825,346.35
2022-03-22,1728,27,5,692,53.11
2023-07-08,1671,24,7,296,222.21
2020-05-16,731,36,10,944,169.09
2023-08-12,54,47,9,269,121.65
2023-08-18,1468,50,5,973,145.32
2020-05-21,1018,10,7,610,60.07
2023-10-30,517,42,6,877,336.91
2020-01-14,1869,16,7,536,159.13
2019-03-17,1284,2,3,286,89.14
2023-02-10,1514,9,3,755,306.11
2020-10-05,221,26,8,894,339.39
2020-06-04,1547,12,4,655,17.25
2022-04-12,157,4,3,439,244.4
2022-07-23,1416,26,7,169,227.68
2022-06-06,49,28,2,202,128.03
2021-03-25,811,1,10,222,184.16
2021-08-15,866,39,6,433,266.53
2023-06-05,658,43,3,762,398.58
2023-09-16,313,36,1,830,382.87
2021-05-16,90,31,10,676,345.21
2020-07-21,1201,14,10,493,317.77
2019-09-20,274,31,9,843,261.68
2021-01-20,365,36,1,690,157.78
2021-05-19,920,13,10,87,250.7
2019-10-19,1187,37,9,916,230.01
2021-11-03,1523,38,1,837,172.44
2020-10-18,1854,11,6,845,117.14
2021-08-23,1377,43,9,684,297.16
2021-05-31,1106,47,8,318,100.89
2020-11-13,991,39,2,559,170.63
2021-06-01,557,8,6,246,147.94
2023-08-16,1053,41,8,514,17.69
2020-08-20,577,29,10,545,27.02
2023-02-04,1138,29,5,743,39.9
2021-12-08,1041,2,9,661,135.63
2022-12-03,1398,10,9,459,196.14
2021-11-23,1856,19,10,58,378.14
2019-06-16,1975,39,5,899,286.64
2020-10-14,1507,12,10,309,226.04
2023-06-16,1880,49,4,210,389.91
2020-08-22,451,8,10,81,160.87
2023-07-05,1527,7,10,815,235.26
2022-03-03,37,48,2,599,270.38
2023-03-09,312,13,9,451,253.69
2021-07-21,1942,50,6,330,5.4
2019-06-21,1365,35,9,535,173.16
2022-04-03,313,2,2,758,17.99
2021-06-23,754,43,9,785,19.21
2019-12-09,1360,3,5,465,206.14
2023-02-21,465,38,6,786,195.4
2020-03-06,359,32,2,238,221.84
2020-04-03,1214,43,1,450,244.15
2021-09-21,770,12,6,722,398.68
2020-04-11,1653,44,7,710,85.58
2019-10-11,289,14,4,261,41.62
2019-02-12,1777,18,4,545,224.86
2019-10-26,1453,24,7,603,245.93
2023-01-30,543,19,4,411,80.92
2021-12-19,1003,35,3,947,50.32
2023-02-10,624,40,8,960,301.79
2020-03-23,443,17,3,858,255.91
2020-08-30,1137,20,9,82,335.85
2022-09-10,1164,41,6,311,25.93
2021-12-28,401,27,2,311,207.73
2021-11-23,610,5,1,652,164.98
2019-11-13,1858,34,4,802,107.7
2022-07-29,216,37,3,532,226.27
2019-08-30,1057,44,2,826,75.44
2019-11-15,1423,12,9,132,317.33
2019-06-21,969,48,5,587,165.51
2021-01-07,524,36,2,515,202.0
2019-05-21,613,17,6,961,137.17
2021-02-27,1768,39,7,163,326.07
2020-02-25,172,47,2,224,160.06
2021-07-31,436,35,6,325,277.45
2022-02-26,1157,4,10,848,337.57
2019-11-16,1730,26,6,249,323.89
2021-09-02,173,17,3,776,254.34
2022-01-28,565,16,2,269,75.86
2019-02-22,1308,30,9,857,360.26
2020-04-03,277,9,7,964,166.82
2023-06-20,380,20,5,995,305.63
2019-05-11,1905,49,9,682,181.31
2022-07-26,1806,1,7,152,315.31
2020-02-29,496,44,3,509,110.1
2021-02-27,1665,7,2,961,172.46
2022-05-27,534,4,6,256,172.54
2022-08-24,772,4,7,66,195.43
2021-05-16,249,25,9,925,150.63
2020-10-12,1160,43,9,117,341.77
2022-09-07,1986,25,8,803,195.98
2020-12-12,912,49,2,773,164.94
2019-07-08,656,27,2,315,178.87
2023-08-24,1836,25,9,631,212.47
2019-10-25,365,19,8,527,53.8
2021-07-17,420,41,5,461,152.89
2022-01-20,1503,4,10,881,164.08
2022-09-12,1201,26,7,924,203.53
2021-01-11,622,21,10,243,17.24
2023-10-26,955,16,7,481,342.43
2021-12-14,1164,12,7,314,45.14
2022-10-04,704,47,5,142,109.8
2023-02-14,94,31,5,600,297.61
2021-07-26,684,2,5,147,74.68
2022-12-22,220,21,6,114,240.96
2021-06-12,1690,31,4,177,184.19
2020-03-15,878,5,9,592,81.96
2023-07-08,976,29,2,508,351.15
2019-08-22,1979,18,2,293,374.02
2021-01-24,1927,20,4,548,106.66
2021-09-29,509,37,6,382,211.67
2022-07-05,572,38,8,112,79.17
2023-05-04,1357,23,3,179,95.23
2020-08-19,1992,30,2,775,91.99
2020-04-05,1883,25,6,266,94.78
2021-05-08,671,12,2,223,300.84
2020-01-08,72,22,10,968,100.3
2019-06-01,1487,26,4,399,83.48
2021-06-19,221,43,2,821,130.71
2022-05-12,1118,23,7,986,321.77
2022-01-02,587,48,2,235,237.42
2022-12-20,1573,49,1,240,144.93
2019-04-24,1854,19,3,560,377.58
2021-03-21,942,6,5,490,399.49
2021-12-12,1474,31,8,908,378.44
2021-12-27,1989,23,8,237,146.08
2021-07-03,1514,28,4,958,330.86
2023-10-27,498,35,10,668,287.25
2022-04-17,994,19,10,799,266.34
2022-02-09,1753,38,3,345,298.16
2023-05-05,131,47,2,537,362.06
2022-11-15,1898,34,6,191,215.73
2020-04-06,943,36,2,329,12.41
2020-12-21,414,3,4,216,92.8
2019-01-17,1073,2,6,405,199.82
2021-08-25,1216,45,10,680,200.13
2023-02-24,1253,44,3,841,252.82
2019-07-18,941,46,2,564,205.88
2022-12-01,432,38,10,150,88.85
2023-05-12,1626,37,7,936,196.7
2021-07-07,928,6,9,963,191.84
2021-04-05,728,27,8,552,190.67
2022-08-30,1041,2,10,769,288.86
2021-04-22,1187,34,9,138,167.83
2019-07-27,1296,13,2,557,295.64
2023-11-03,325,45,5,248,64.46
2021-05-20,1973,28,7,515,16.85
2020-06-14,1776,23,10,749,49.71
2019-06-30,928,22,2,497,207.33
2022-12-12,92,3,10,139,205.42
2020-11-14,835,41,3,652,289.76
2023-03-26,282,19,9,660,15.19
2021-05-06,59,42,3,202,73.08
2021-09-14,1429,13,2,614,205.93
2022-11-04,1291,27,2,171,384.82
2019-01-06,495,10,6,139,93.22
2020-03-20,1986,12,3,269,216.99
2020-11-29,450,43,1,706,226.75
2019-08-23,623,41,3,344,314.47
2021-03-17,4,49,4,201,283.23
2022-10-25,283,13,3,398,368.15
2023-11-13,1496,21,4,962,226.05
2019-10-08,573,17,7,408,247.76
2019-11-01,195,45,8,252,75.89
2021-09-06,1744,2,6,194,177.04
2023-06-25,1769,19,4,916,391.05
2022-11-08,1894,40,3,571,61.18
2019-04-26,373,6,2,600,286.21
2023-10-25,221,34,2,806,111.34
2021-08-20,1444,2,7,67,303.28
2020-02-26,1014,2,1,722,119.96
2019-06-26,665,24,3,465,217.67
2019-12-01,1714,23,5,123,148.76
2020-05-03,1577,21,6,862,392.42
2023-02-22,701,18,3,599,85.65
2020-01-25,929,26,2,948,310.42
2022-02-14,1093,17,9,623,277.6
2021-02-11,461,40,5,662,56.85
2023-03-17,818,50,2,805,246.09
2019-08-22,363,20,4,505,212.26
2023-12-14,1284,39,1,898,144.43
2020-01-24,1060,27,2,549,132.79
2019-12-30,1020,14,2,120,173.57
2023-04-19,39,35,4,929,81.06
2019-08-02,792,21,8,713,380.2
2022-06-09,541,17,3,933,218.11
2019-05-17,1684,15,4,672,296.03
2023-05-17,1963,46,1,621,304.71
2020-10-29,373,31,5,378,37.56
2020-06-12,395,5,6,56,37.57
2020-08-20,931,5,7,297,354.7
2022-01-06,725,24,4,388,207.75
2023-04-12,882,49,10,169,127.55
2022-05-20,1264,34,1,61,20.11
2020-05-03,1098,23,6,314,137.62
2021-01-10,603,6,1,555,346.65
2022-04-28,139,50,5,978,72.25
2022-09-24,262,46,2,342,263.53
2021-02-19,39,43,8,903,399.87
2022-12-31,1019,25,6,983,106.35
2021-04-24,1058,46,10,836,60.68
2022-05-04,1163,24,5,200,18.62
2020-02-25,1687,20,10,370,254.35
2020-10-13,837,2,1,223,196.93
2021-09-19,737,38,7,359,227.32
2022-01-10,1030,18,8,438,39.43
2019-06-23,709,27,8,179,230.36
2023-04-16,855,15,10,71,308.39
2023-01-08,551,9,8,702,37.3
2023-09-19,1201,20,6,574,102.04
2020-08-18,592,40,10,685,113.55
2023-06-17,953,44,9,645,270.81
2020-05-30,1040,39,4,834,53.67
2020-09-10,1763,22,3,286,249.84
2020-03-30,26,47,4,336,27.21
2021-08-02,1329,29,3,341,52.54
2023-02-17,1446,50,2,117,180.1
2019-12-20,851,50,9,824,239.07
2020-05-23,365,25,2,364,77.32
2019-05-29,1653,42,5,293,164.14
2023-01-07,1696,20,1,466,304.13
2021-03-10,525,40,6,538,305.85
2021-12-27,1089,49,10,501,90.95
2020-07-19,572,27,10,843,112.16
2020-05-04,60,25,7,887,111.8
2021-10-18,1336,47,9,774,82.82
2019-01-03,1551,47,1,211,280.61
2023-11-08,1546,48,5,651,309.92
2021-03-22,1490,12,6,952,258.06
2019-04-26,1499,18,7,522,36.01
2019-10-24,448,21,8,863,105.95
2020-09-17,1897,43,1,873,168.12
2022-07-18,242,31,5,320,28.47
2022-02-14,1375,18,6,288,26.9
2020-07-08,225,42,5,90,184.89
2023-07-29,1922,16,9,224,103.57
2021-06-18,1734,20,6,781,129.19
2019-04-07,603,29,5,156,347.1
2023-08-07,429,11,5,902,152.41
2021-03-23,1899,3,4,789,343.35
2023-12-04,1852,8,6,853,120.37
2019-12-11,1912,41,10,755,153.01
2019-12-02,1935,44,10,847,341.71
2023-02-27,1992,19,9,619,384.37
2020-04-02,1466,26,1,173,214.5
2021-01-07,59,47,8,68,228.23
2022-02-18,1060,27,9,246,63.96
2021-02-28,802,15,1,826,336.8
2020-01-10,966,19,8,751,374.18
2020-12-06,1817,32,4,640,141.34
2022-10-02,118,36,5,633,40.62
2022-02-10,951,46,5,862,48.56
2019-11-05,956,22,9,199,292.31
2019-04-02,483,6,1,938,298.54
2020-04-04,352,28,10,271,65.14
2020-10-26,231,11,9,98,392.57
2021-07-15,24,5,3,85,299.68
2020-03-07,90,16,6,179,395.68
2021-11-22,388,38,5,402,207.96
2020-02-12,1893,19,1,592,286.76
2023-11-30,1019,46,6,728,382.29
2020-10-08,1429,41,1,843,310.28
2020-02-07,1240,7,10,502,394.55
2023-04-17,149,33,9,559,313.12
2019-07-18,1296,18,10,717,153.99
2021-12-08,256,47,10,440,113.78
2021-10-30,517,45,5,209,123.47
2020-06-17,1043,4,4,480,181.06
2022-08-01,811,33,5,828,34.58
2020-05-07,1708,20,4,460,75.69
2021-05-20,926,32,8,575,62.11
2021-04-30,304,14,10,696,259.44
2023-01-27,1699,9,5,944,254.05
2021-06-14,1081,27,5,587,342.65
2019-03-04,1354,24,5,698,117.62
2019-12-10,1648,4,9,648,123.46
2020-08-24,1667,27,2,174,215.64
2023-09-03,1745,20,9,684,75.89
2022-08-18,1865,9,5,167,397.62
2023-02-20,1662,21,5,155,107.23
2019-10-07,497,22,5,203,370.37
2020-10-25,53,7,9,833,135.29
2020-05-03,1068,3,4,512,12.4
2021-03-23,523,14,5,227,113.41
2023-06-21,1597,20,3,653,48.56
2020-06-28,338,33,3,269,15.86
2020-10-03,1076,40,3,974,394.78
2022-06-16,694,26,3,237,331.01
2020-01-28,771,17,8,90,218.19
2023-03-21,1322,7,3,632,302.7
2021-08-21,996,15,6,370,127.34
2022-02-06,359,37,8,691,327.12
2023-02-18,1959,16,10,962,167.74
2022-08-30,163,9,2,543,326.87
2023-09-25,145,31,9,580,297.84
2021-09-03,1378,6,7,673,46.28
2022-02-10,393,8,5,631,218.67
2019-11-23,444,38,3,631,159.59
2022-04-12,712,50,5,282,154.17
2022-01-19,912,31,6,154,86.65
2019-11-27,1952,27,10,927,32.28
2021-04-23,1396,47,2,891,268.66
2023-08-14,878,44,7,219,330.72
2022-11-27,1238,12,10,997,259.35
2019-04-04,1920,5,8,666,233.18
2023-08-17,1638,37,1,349,100.64
2021-01-18,1091,25,4,820,107.77
2023-09-13,1127,39,9,132,156.1
2019-02-05,1426,42,4,925,7.75
2019-02-03,200,40,6,198,136.98
2019-05-15,870,50,2,816,59.63
2021-03-24,354,30,5,500,48.98
2019-02-24,469,31,5,573,232.76
2023-06-28,80,41,9,328,60.9
2022-11-07,207,31,10,927,234.9
2023-02-26,205,23,5,718,33.75
2019-07-28,1339,30,10,874,380.55
2023-09-16,1762,9,9,635,172.54
2019-12-26,770,3,6,525,118.19
2022-08-10,835,9,2,526,87.5
2019-07-17,1807,2,2,238,262.25
2020-03-27,167,6,2,439,49.61
2019-03-11,1482,8,10,133,83.92
2021-01-29,1535,44,5,403,65.99
2020-07-02,1592,29,3,869,275.35
2019-04-03,1742,22,1,146,376.83
2022-04-28,837,9,5,211,384.37
2020-12-26,1746,42,3,448,213.95
2022-01-07,1608,42,6,730,274.83
2020-10-08,577,16,4,681,28.7
2020-05-09,12,14,1,371,236.25
2019-08-01,588,44,9,499,5.68
2021-07-22,604,6,1,268,114.56
2021-05-10,1959,12,6,604,48.84
2022-08-06,1241,35,9,363,182.75
2022-01-03,1319,27,6,461,68.9
2021-08-17,103,13,9,552,354.82
2021-06-25,378,6,8,115,364.56
2021-03-17,1287,34,5,436,264.03
2021-08-22,91,28,1,803,388.68
2022-11-07,1591,24,9,775,186.76
2019-04-17,237,37,6,327,202.59
2022-12-02,1414,17,6,394,37.7
2021-05-24,754,28,9,466,178.76
2019-06-17,1803,46,2,912,381.39
2020-05-15,874,17,3,549,84.68
2021-07-13,1543,46,5,802,166.59
2021-08-01,220,45,1,169,299.01
2019-08-07,1764,19,1,781,140.82
2020-03-06,1930,16,10,626,247.69
2020-02-15,384,12,2,807,196.59
2022-08-29,1828,20,5,131,133.5
2022-12-27,71,7,4,992,325.44
2019-07-03,904,27,4,79,194.49
2019-09-19,927,33,3,178,159.8
2019-01-13,803,32,8,242,118.2
2019-02-18,1664,32,4,771,113.58
2022-04-01,858,26,9,698,90.79
2019-11-28,1450,14,1,480,127.24
2021-05-18,914,36,6,924,30.69
2022-12-15,847,35,9,172,300.53
2023-08-29,446,34,10,798,316.32
2021-07-21,1429,30,7,793,23.65
2020-11-11,405,24,8,580,241.0
2022-03-24,1179,20,10,883,116.88
2019-02-12,1674,34,4,121,256.39
2022-11-30,1894,5,7,398,83.91
2022-01-19,163,27,6,926,369.95
2021-09-07,1742,12,4,491,8.42
2022-11-01,622,35,5,700,130.37
2021-06-28,126,13,10,903,320.44
2022-07-30,1949,14,2,471,89.1
2020-03-16,1601,4,6,403,16.69
2022-01-15,1267,25,3,572,97.01
2023-09-16,1189,29,8,992,306.08
2021-04-22,1154,12,5,271,69.35
2023-12-27,918,18,6,953,143.67
2019-06-06,1125,36,5,193,311.08
2019-01-17,865,38,5,143,111.57
2020-06-04,250,18,8,269,21.05
2021-03-18,93,36,10,334,384.79
2019-08-04,1619,12,10,106,30.04
2020-09-17,321,32,10,758,114.29
2022-05-27,683,18,6,739,285.2
2019-02-09,1170,30,3,794,217.13
2019-05-14,1104,25,10,895,253.31
2022-01-01,1134,36,1,886,151.08
2021-07-05,1448,15,4,801,26.78
2023-09-10,1868,32,3,311,37.76
2021-04-30,1658,25,6,577,389.6
2020-10-06,551,39,6,59,276.28
2019-06-18,782,4,10,957,177.78
2020-12-31,245,42,9,68,12.76
2020-06-29,1353,29,8,263,295.33
2023-10-09,1147,14,9,871,274.63
2021-08-18,664,43,2,690,161.22
2023-07-29,1407,47,8,786,344.83
2023-04-26,950,34,1,225,309.69
2021-09-04,1389,49,8,597,268.52
2022-04-21,817,22,4,900,308.89
2020-02-15,1955,32,2,361,302.6
2023-02-04,1084,43,3,318,142.2
2023-12-20,978,29,5,196,281.57
2021-07-16,281,7,1,184,97.42
2022-12-23,145,16,8,312,183.97
2019-06-08,1047,19,10,902,121.57
2022-11-06,565,20,5,945,314.49
2022-08-29,1890,34,4,540,337.27
2021-03-28,507,35,4,357,224.8
2022-07-02,946,49,5,503,76.98
2019-08-20,1062,4,7,132,32.26
2022-06-09,1463,42,9,242,48.7
2020-10-06,1346,50,5,126,258.79
2021-03-24,377,16,9,543,295.05
2021-06-28,774,41,6,464,378.23
2022-11-26,172,12,3,909,326.23
2019-11-06,1659,46,1,515,376.72
2022-01-09,476,38,8,769,276.55
2021-06-07,840,28,4,978,284.06
2019-11-28,644,47,5,845,47.91
2019-09-19,349,32,8,520,392.92
2022-10-14,1382,32,10,180,265.03
2021-07-14,450,47,2,311,316.4
2020-11-30,851,33,3,623,87.26
2022-04-21,704,29,2,612,196.29
2019-08-10,688,23,9,456,185.8
2023-03-06,503,24,8,440,147.61
2019-06-22,613,35,3,148,30.41
2020-10-01,1027,27,5,256,173.05
2021-05-24,1568,43,2,679,332.07
2021-05-08,1051,7,5,845,122.58
2020-10-20,684,24,10,464,7.5
2020-01-31,105,35,5,875,138.96
2022-05-21,1210,50,1,307,191.59
2023-11-08,575,33,7,616,276.19
2022-03-18,619,17,3,442,380.68
2020-06-02,1050,40,4,63,97.52
2019-08-10,363,11,4,415,216.16
2022-04-20,114,6,9,606,299.38
2021-01-24,898,34,6,822,104.01
2019-05-01,1012,24,1,201,236.13
2023-01-09,1846,35,8,572,293.81
