Date,Campaign_ID,Sessions,Page_Views,Bounces
2021-03-24,9,2669,10860,157
2023-05-08,6,4961,3872,171
2019-05-05,9,948,2429,299
2021-01-11,2,200,9483,332
2022-06-28,18,2939,4087,192
2023-06-13,14,3333,7699,258
2022-07-02,27,4890,4640,305
2022-10-24,30,746,10282,297
2023-06-18,23,3657,11528,433
2023-01-26,14,3442,12642,12
2020-05-12,8,104,4770,480
2021-05-17,18,855,8896,399
2019-06-20,7,4091,6739,48
2023-03-16,2,3454,5752,458
2022-05-27,25,2466,7360,34
2019-05-24,26,2467,4192,353
2022-03-09,28,4635,9039,185
2022-07-18,24,1826,535,176
2022-06-30,20,3306,5069,233
2020-09-05,2,3826,658,188
2023-06-30,28,1748,6588,439
2019-11-16,1,2442,4563,149
2021-07-18,17,3406,8277,223
2022-04-07,11,4637,11997,102
2021-03-21,11,3815,12483,370
2022-02-03,21,4310,4024,33
2019-06-14,18,2213,13030,30
2022-01-14,19,4355,1502,65
2020-03-13,16,2793,362,344
2022-08-10,25,1057,2520,231
2021-03-03,29,261,653,287
2023-09-27,15,3186,10406,22
2019-03-09,20,742,11827,186
2020-04-08,6,110,14347,243
2021-04-27,5,156,3663,240
2020-04-05,13,172,13920,17
2022-09-01,1,2536,2037,115
2021-08-28,23,1089,10760,304
2023-12-15,23,2873,3087,445
2021-12-31,21,413,5529,360
2021-04-19,9,2069,14438,448
2022-09-03,29,3704,1438,38
2019-04-07,15,334,564,368
2020-08-02,16,1813,8162,269
2022-05-05,13,1597,6782,123
2021-08-27,20,2251,7712,329
2023-05-20,18,3890,1708,244
2023-11-08,11,1640,9239,228
2020-11-08,19,2355,6902,195
2020-02-26,19,4496,11339,219
2021-09-08,2,1344,14280,355
2020-06-26,19,2624,4169,138
2019-11-22,9,274,12758,157
2021-11-05,22,2615,5843,396
2021-06-15,2,2686,13815,346
2020-04-26,22,1749,5973,376
2023-08-03,10,3044,234,280
2022-08-17,25,2652,10358,136
2022-05-16,8,1515,3144,45
2021-02-25,8,2900,8127,446
2022-06-17,21,3800,9505,88
2023-08-22,30,2136,902,154
2021-01-13,10,4040,7141,353
2019-06-17,23,3229,4697,385
2022-01-20,21,4523,5252,477
2019-01-08,1,2475,12537,330
2023-01-04,4,447,14568,52
2019-11-11,2,1917,2311,247
2022-09-22,6,1916,3097,397
2023-06-23,7,3327,5577,98
2020-08-28,3,4654,2790,168
2022-02-18,1,3099,5996,222
2023-06-02,15,2328,3715,260
2022-05-14,26,3195,6090,272
2021-06-10,8,4968,3057,34
2021-10-25,12,3734,14371,463
2022-05-05,19,2881,6572,183
2021-06-20,11,896,11354,73
2020-09-27,2,3911,14268,152
2019-05-25,4,492,6692,499
2019-11-01,12,2342,9624,417
2021-04-24,8,1967,1780,155
2019-03-31,28,3032,13892,26
2021-08-12,2,1082,6436,283
2020-03-20,22,1148,2948,428
2022-02-20,19,3618,7270,155
2019-12-08,6,1277,8487,60
2021-04-24,13,4204,9095,321
2019-08-21,28,2911,7793,177
2023-07-17,8,899,1216,405
2019-11-08,17,3037,3447,304
2019-02-26,25,1414,13064,328
2023-01-22,29,115,8141,23
2019-11-29,4,1386,13142,263
2023-12-11,8,2239,12449,374
2021-04-30,29,2723,13182,471
2020-09-23,13,1816,7567,197
2019-09-14,30,411,5820,369
2019-08-29,10,3279,5829,253
2021-12-04,15,288,7112,479
2019-10-02,23,1698,2234,116
2021-06-16,22,2183,6398,451
2021-08-17,20,2359,12002,185
2023-01-27,13,1148,995,55
2021-10-27,29,3523,8050,125
2019-05-04,5,3718,2729,304
2022-09-10,9,1738,7751,345
2022-04-12,15,2630,5682,286
2023-12-17,23,576,2905,178
2023-07-08,13,2193,5017,45
2022-08-12,20,1069,8222,438
2022-05-15,13,1936,11673,60
2020-06-17,10,3908,2662,385
2019-04-23,9,3338,910,409
2019-06-02,9,1646,534,185
2022-07-19,26,4462,8854,38
2020-03-14,30,2815,13908,358
2021-10-25,19,4486,4119,240
2020-03-14,4,1814,12248,277
2021-10-30,26,749,3015,104
2023-08-30,10,3707,1626,68
2021-04-08,27,2639,13314,470
2020-02-27,16,4418,13698,383
2022-07-22,28,1494,4450,447
2023-09-19,12,417,2926,122
2019-01-02,21,2344,13575,330
2023-08-08,5,4769,2415,227
2022-09-20,1,1833,12209,201
2023-06-25,1,1858,3439,226
2019-01-14,24,3815,8868,301
2019-06-07,20,2607,2939,259
2020-05-09,8,2900,6912,136
2022-03-16,11,530,2194,443
2020-10-07,11,1201,3137,141
2021-09-21,20,3534,9437,218
2022-12-21,1,2059,3038,426
2022-01-20,14,771,9344,468
2021-03-28,20,3417,5554,288
2022-07-19,8,2867,14913,59
2020-04-09,22,2644,8823,276
2019-02-08,21,1682,5085,71
2022-04-21,27,760,11635,99
2023-11-02,22,4916,2819,64
2019-10-17,19,309,8552,424
2023-08-30,17,591,8766,40
2020-01-21,23,3212,7184,164
2022-02-28,1,520,8852,88
2023-04-24,5,1554,13896,493
2022-06-28,26,1172,12484,216
2019-01-21,24,1535,5178,222
2021-01-15,21,2205,12007,304
2019-03-07,29,4005,10673,82
2022-05-04,17,2400,1550,271
2019-07-15,14,4435,14474,445
2022-12-03,23,1180,1952,197
2020-08-12,30,4100,7290,138
2021-10-03,8,4016,3503,473
2022-12-07,8,3068,5528,149
2023-05-19,21,620,6800,294
2019-06-13,14,1862,568,281
2021-06-03,3,3883,2138,82
2020-08-08,4,3506,8663,80
2021-03-19,14,1341,930,256
2023-06-17,16,1273,13735,223
2023-06-29,5,1744,8663,464
2020-07-17,25,3990,9141,356
2021-04-28,7,353,763,233
2019-03-29,7,544,3199,196
2021-12-18,2,3806,10465,27
2023-09-30,29,2322,8906,133
2023-11-10,23,1617,6901,74
2022-11-17,23,3570,5767,259
2021-08-27,7,1714,10208,57
2019-04-13,8,2212,12637,330
2022-08-24,9,491,1071,18
2019-07-17,11,2121,13225,207
2022-08-31,30,2396,4726,117
2019-05-29,14,4102,13512,341
2023-04-01,4,1297,3081,313
2023-02-11,17,2265,4956,19
2020-10-25,20,3601,1967,161
2023-12-17,17,2541,11609,311
2020-04-08,17,3349,9351,136
2020-09-03,9,4348,12192,226
2020-03-18,29,4346,6964,111
2021-09-02,9,4314,6994,455
2022-07-07,21,1779,9076,261
2020-01-26,5,1112,1531,65
2020-12-20,9,2953,4060,30
2021-03-08,13,3271,12652,84
2021-08-23,18,1064,11841,85
2022-07-25,18,2375,2960,287
2020-05-08,10,415,3310,11
2020-11-28,13,968,8177,79
2022-08-26,5,1572,13401,29
2019-11-29,9,591,14501,415
2022-11-15,10,3505,1904,482
2023-10-23,25,2426,1686,224
2021-08-19,14,4726,8348,66
2022-06-06,3,1790,3127,319
2022-07-14,16,590,5185,338
2021-01-23,18,3791,14033,362
2019-10-20,23,1301,1710,347
2023-02-09,5,4091,3965,97
2019-10-31,2,1568,9287,440
2023-07-24,28,2156,4155,256
2020-01-02,15,2391,8550,238
2021-02-17,25,2067,5737,52
2020-03-01,26,1860,3863,233
2021-07-22,29,854,13026,61
2019-11-03,26,3463,3725,118
2022-06-22,23,847,12377,349
2019-07-20,23,4671,11313,22
2022-01-10,1,2395,9463,272
2020-11-10,14,1890,6555,27
2019-10-31,12,4347,11616,472
2022-05-15,13,2266,3704,360
2022-07-30,15,2546,3197,71
2021-09-07,29,575,14224,341
2023-09-22,17,2969,12499,34
2023-11-12,27,3674,3776,249
2021-11-27,20,2918,7823,493
2020-10-13,9,2609,937,298
2023-08-13,1,1159,12850,64
2022-04-21,14,962,4035,118
2019-07-29,22,3539,6573,251
2022-08-24,30,898,9808,104
2021-10-11,21,3225,853,53
2019-11-26,1,1205,11076,318
2022-11-19,16,4785,14477,75
2022-06-19,19,1327,13125,185
2019-09-18,1,1137,12920,225
2023-05-16,17,3521,5271,24
2019-05-23,4,4633,9014,354
2022-08-31,12,4806,10764,155
2021-11-03,2,205,14757,319
2022-11-30,29,2151,7200,168
2020-11-21,10,4375,13245,83
2020-06-03,30,4212,14704,182
2020-12-28,14,4919,5848,249
2020-12-15,28,4824,1858,23
2022-04-29,28,3576,14631,85
2020-03-03,27,615,530,155
2021-05-24,26,148,5748,20
2022-03-20,25,3406,4083,101
2023-09-10,22,3663,690,160
2022-01-26,2,2793,3983,493
2022-04-02,15,2586,13392,453
2019-10-30,2,879,10856,259
2019-09-23,9,3176,8593,76
2020-06-25,1,1723,12347,24
2023-05-14,26,4331,9410,179
2019-02-20,20,879,8954,199
2021-04-01,29,4140,8981,324
2020-12-18,22,631,3896,209
2023-12-06,9,2052,580,151
2023-04-05,20,513,5240,346
2023-11-12,10,1471,11458,178
2019-07-15,29,4987,7539,16
2023-11-07,30,3699,3936,29
2021-12-03,14,2662,11054,329
2022-06-24,15,4824,2952,386
2022-08-12,7,2550,12696,390
2019-10-16,18,3177,4457,333
2022-01-11,26,1006,10622,445
2020-05-06,15,832,209,137
2022-11-21,13,1997,1159,124
2020-04-11,5,4225,1515,20
2023-11-08,22,2519,6626,322
2020-01-27,15,1525,14014,437
2021-12-08,20,4310,6496,464
2020-04-30,9,3627,5834,248
2022-05-16,5,1541,3845,369
2023-05-01,4,4513,13335,273
2021-05-28,29,693,3042,198
2023-06-01,26,4826,8401,324
2019-08-27,23,2367,11748,251
2021-12-11,15,1681,248,102
2022-12-14,11,2187,9341,451
2023-06-30,24,488,248,221
2019-11-16,13,196,626,227
2021-09-07,19,829,827,219
2022-02-01,26,3548,8320,332
2022-02-03,8,1725,3915,262
2019-08-20,17,1186,11659,95
2019-02-06,23,4968,13231,424
2023-12-29,27,1000,3188,97
2021-12-13,4,3871,4633,496
2019-05-17,27,1523,13971,179
2023-08-03,17,3629,11624,303
2020-05-22,26,1717,11035,251
2021-01-14,18,3219,8658,347
2021-02-15,22,4802,962,91
2019-08-27,22,3178,5645,411
2019-09-21,4,1966,12918,356
2020-10-02,22,3924,3937,98
2021-08-18,5,1828,9290,261
2021-09-28,8,3423,1413,129
2019-02-09,21,4904,5307,17
2022-06-02,5,3523,8525,329
2020-08-10,28,3673,10275,440
2023-06-14,12,4243,3417,286
2023-04-14,17,464,9574,354
2022-01-23,7,4265,7981,60
2023-09-19,25,3189,10115,142
2022-12-11,25,3634,14421,427
2023-06-01,8,2172,1892,308
2020-06-05,16,675,2194,87
2022-07-08,4,1786,3706,472
2021-08-22,17,3648,5255,149
2020-01-13,9,114,11001,179
2019-11-05,25,563,12909,53
2023-08-20,20,3975,876,112
2021-05-04,30,3395,14476,292
2023-11-25,19,2669,624,145
2023-02-08,9,4644,5203,420
2022-04-05,14,465,3764,351
2020-01-13,26,4520,7920,361
2022-04-26,30,142,13105,480
2020-06-21,4,724,10364,206
2021-02-16,3,1370,8229,103
2020-09-03,27,3593,6311,107
2020-01-23,17,784,4828,396
2021-03-29,24,3257,721,165
2022-06-26,20,4561,4366,277
2023-10-17,8,4041,10411,201
2022-09-26,16,1365,5213,91
2021-02-14,4,2772,1492,341
2022-03-07,26,4181,286,174
2021-06-03,5,2226,6348,230
2020-06-24,24,3832,13177,410
2020-03-20,21,1266,10292,65
2022-06-14,1,3685,5080,294
2023-07-22,11,3542,10417,317
2021-06-28,20,2174,12961,208
2020-07-05,21,590,4101,409
2020-11-22,10,1663,14787,215
2021-11-28,29,555,12814,415
2019-03-15,12,2626,9906,136
2020-01-20,19,2562,13171,495
2022-12-07,14,2213,1911,465
2020-07-04,7,1210,11603,199
2020-05-27,18,126,12993,218
2022-10-20,3,385,8448,315
2022-12-25,16,4533,12891,123
2022-12-27,16,4948,11167,108
2023-09-24,24,4834,12791,42
2019-11-29,17,1254,584,262
2022-07-04,14,1464,4137,471
2019-08-20,27,4174,14251,20
2020-04-05,27,251,4413,382
2022-11-28,8,2088,309,14
2022-11-07,28,3969,11499,53
2021-11-07,28,2138,6465,170
2022-09-16,4,2669,1037,488
2019-12-31,26,267,10108,397
2020-01-09,1,3499,14945,239
2020-12-02,23,1764,14293,358
2023-05-21,19,1581,1856,205
2022-02-01,17,999,10184,247
2022-06-29,10,4092,2518,233
2022-03-29,28,1936,5595,20
2023-06-07,1,2927,11941,467
2019-10-07,11,1378,6440,358
2021-06-02,13,4589,13786,288
2019-08-05,8,2780,12221,87
2020-09-15,14,3602,4315,106
2021-05-10,5,1900,12377,97
2020-08-02,13,448,8363,302
2023-12-28,5,2182,1695,56
2021-12-23,18,1097,8025,378
2021-12-21,30,945,12669,197
2022-03-23,10,3262,6184,461
2019-05-13,20,2083,14192,11
2019-09-27,5,4316,14610,486
2022-10-04,4,3584,14505,437
2021-12-31,5,2680,7288,446
2022-12-19,18,3283,10539,91
2019-10-12,4,4131,7665,143
2021-10-15,28,653,13056,67
2023-05-27,19,4394,13421,418
2021-04-08,23,2248,3829,143
2019-01-08,6,971,3687,112
2019-07-23,18,1418,5700,42
2021-07-07,28,1930,8513,479
2021-02-25,23,2238,4640,132
2023-10-11,18,1210,3055,103
2023-01-11,28,2730,6571,336
2021-11-12,24,2930,11924,126
2021-03-31,24,4523,13351,341
2020-06-30,3,3056,572,386
2022-02-14,16,835,12167,337
2019-07-26,13,2248,355,182
2022-03-18,26,1253,1930,260
2019-05-02,3,1310,6063,207
2022-11-13,15,2037,10237,194
2022-03-27,25,621,10460,445
2021-03-22,25,3238,4764,203
2022-05-11,20,4965,6303,176
2019-04-10,3,3366,1503,479
2021-03-01,8,3149,8380,190
2020-04-15,16,752,14630,449
2019-05-29,19,1994,768,64
2019-02-11,29,3626,3350,229
2022-12-29,30,872,10070,388
2022-08-24,12,1153,4495,21
2023-08-24,11,1425,13755,281
2022-12-14,2,4737,11122,421
2022-10-26,9,2837,10023,466
2022-10-09,27,1666,11222,158
2019-07-08,15,3065,307,193
2022-10-01,18,1250,11990,431
2021-04-09,6,2087,262,90
2019-03-09,20,2504,14471,474
2023-07-17,8,1250,2171,70
2022-05-22,7,2825,12472,359
2022-02-22,7,415,13948,205
2020-05-26,6,1280,14993,426
2022-01-18,28,3176,2664,47
2019-09-25,18,1027,10205,190
2019-04-25,15,1229,12971,253
2019-05-25,26,4831,6605,191
2023-06-21,25,3909,1058,56
2020-09-19,7,4730,11667,240
2022-07-15,5,4371,5930,371
2023-08-21,17,4210,1721,291
2020-09-12,24,3318,13990,194
2019-09-03,20,634,999,95
2020-03-15,19,2961,3391,91
2023-08-16,22,4396,14577,191
2020-12-04,11,4091,3776,58
2020-11-24,13,1246,13629,216
2021-07-31,12,657,3628,331
2021-06-02,2,1482,1004,275
2019-11-23,4,3578,1825,424
2022-06-09,10,4204,3579,86
2021-11-13,22,1760,2686,384
2023-02-25,5,538,4944,266
2022-04-20,20,2202,8085,151
2019-07-27,21,2131,5431,443
2023-10-08,5,3915,3934,274
2022-10-14,11,4159,11252,372
2020-06-08,30,4652,748,164
2021-08-18,7,858,6340,382
2019-03-15,12,1654,14845,313
2020-03-05,15,2578,5463,222
2019-03-24,11,2688,2671,71
2023-08-31,11,4613,4750,336
2019-06-22,21,2643,9917,124
2023-10-30,26,353,7036,363
2020-08-17,3,565,12807,487
2019-10-08,29,606,5870,293
2023-07-03,27,420,11232,415
2023-07-05,7,4537,2513,323
2020-05-29,18,1562,4110,491
2020-05-23,25,2974,7397,444
2022-03-20,8,1447,7804,33
2019-10-21,1,1029,3012,425
2022-07-16,10,1477,9717,75
2020-08-22,2,1239,2140,334
2022-12-25,15,1047,1946,349
2020-11-20,10,189,968,87
2022-11-02,9,4772,10837,139
2023-08-13,29,3434,10731,451
2023-05-12,5,4246,6490,210
2020-07-13,27,3899,7882,365
2022-10-27,5,2586,7938,129
2019-09-04,13,1145,8705,477
2019-09-20,16,3631,9492,491
2021-12-15,2,4232,11454,220
2020-02-17,3,4615,5454,235
2022-11-16,17,4135,11925,216
2020-05-14,28,3581,8213,449
2023-01-19,19,1610,14409,23
2022-05-21,20,2171,5580,153
2021-05-23,22,4556,13355,466
2019-12-25,1,2596,9324,22
2023-12-27,14,1004,10687,484
2019-07-19,30,2653,13472,379
2019-01-18,3,4662,5563,12
2020-01-28,5,1739,8693,134
2023-12-22,18,607,10713,73
2020-07-31,18,2304,6410,69
2019-06-07,26,1735,13241,435
2022-09-05,24,1356,4310,267
2023-06-11,8,930,11504,397
2022-07-01,24,466,10869,298
2021-03-24,2,4949,3303,389
2022-12-23,29,2569,14475,460
2021-11-01,22,3777,6462,468
2020-01-11,18,4220,878,185
2020-03-07,15,1829,13648,370
2023-07-21,4,3469,14193,368
2023-11-07,7,4579,12546,147
2020-12-13,29,4575,2661,171
2021-12-14,19,940,10386,230
2022-11-10,30,3836,4483,463
2023-04-01,12,651,6965,125
2019-03-17,6,217,1032,83
2019-12-20,8,1810,7108,404
2023-06-07,9,2672,712,180
2021-05-04,11,1396,8811,409
2019-01-27,26,2036,2999,250
2019-02-12,15,3381,3797,383
2023-06-17,30,780,7741,256
2020-03-16,20,2586,3599,162
2021-01-22,6,2755,8942,44
2022-10-30,21,485,2597,365
2021-12-30,25,857,10709,442
2022-12-27,30,3597,6110,117
2019-03-14,14,3096,10690,375
2019-12-20,5,3182,6432,459
2019-10-26,21,4198,1952,41
2020-07-13,9,4437,14273,213
2023-03-07,15,3821,4850,354
2023-08-30,10,3119,1126,251
2023-05-20,4,2866,7781,348
2020-12-09,14,4168,14951,183
2022-01-21,14,3701,1959,138
2023-11-15,28,2008,11439,101
2020-01-29,22,101,4707,218
2019-11-07,28,2209,9230,146
2019-10-04,4,3219,13220,361
2020-12-27,10,2950,8364,98
2023-10-26,25,4332,3394,230
2019-03-24,14,1442,708,80
2021-11-30,28,1977,13472,268
2023-01-29,1,3077,957,65
2023-06-02,24,2790,10618,183
2022-10-03,20,3575,732,81
2023-03-06,23,4154,3247,197
2021-09-17,18,4847,7363,430
2023-06-22,13,4876,10900,92
2020-02-03,24,122,1755,12
2019-09-18,10,1584,11472,233
2022-04-08,29,2811,8603,64
2023-03-27,7,2273,3281,249
2023-10-12,6,2371,2257,143
2023-10-08,29,2269,5350,409
2021-08-22,3,642,2676,210
2020-02-19,6,4104,12350,181
2020-12-23,12,3179,2391,97
2019-04-18,1,1290,5923,289
2022-12-04,9,2317,8608,227
2020-10-20,12,4697,8893,413
2022-12-31,11,2875,4107,435
2020-09-01,30,2019,4128,230
2019-12-25,13,2467,6666,21
2020-02-22,10,593,10178,277
2022-06-11,20,2503,911,234
2023-11-21,8,2380,4403,481
2022-02-20,9,4427,1963,380
2020-04-07,2,1174,10952,392
2021-06-10,22,2576,13356,393
2023-07-04,20,1884,6852,420
2020-06-25,22,2830,11101,244
2021-01-16,28,3946,3514,225
2023-12-10,29,2295,5742,381
2022-02-12,3,2718,4944,140
2023-03-09,28,4020,4975,12
2019-04-09,5,1325,5699,53
2020-03-15,5,3118,5852,441
2023-05-01,9,1504,1997,269
2023-06-22,13,2915,10743,170
2022-07-23,20,1787,11415,173
2021-03-20,9,1863,10098,380
2019-04-26,7,332,1072,288
2019-03-07,6,4978,11043,440
2021-06-03,2,2388,13780,473
2020-09-30,16,1448,6456,103
2020-07-22,21,4876,4518,159
2021-04-09,1,3889,4268,454
2019-12-10,4,3206,14202,396
2021-08-26,9,2925,13098,433
2023-02-01,8,1961,4641,167
2021-10-31,2,4471,7367,269
2021-09-27,23,2199,6432,44
2019-01-10,5,808,10699,43
2022-06-26,11,2234,4935,327
2019-08-05,11,2775,12627,23
2022-02-17,2,4271,1777,391
2019-06-03,30,4395,12074,90
2019-04-05,11,4853,5519,88
2021-05-12,24,2267,2751,354
2020-08-05,22,1217,14485,319
2021-03-29,19,1103,7499,408
2023-10-27,30,4493,13652,173
2021-05-28,20,956,14856,287
2020-01-23,3,3034,3261,499
2021-12-18,8,856,9892,36
2023-06-20,8,3541,2198,206
2019-10-22,23,1622,2991,452
2021-06-20,3,2800,9974,482
2020-01-29,10,1782,439,78
2020-07-22,16,2500,2904,185
2022-10-10,28,3934,3678,177
2020-03-24,9,1040,12672,253
2020-07-27,2,2937,10765,16
2023-05-31,14,2892,5739,22
2019-01-16,7,4537,9905,175
2022-07-31,9,2240,13942,295
2020-04-02,10,2452,7087,150
2021-05-25,14,4878,13555,134
2021-11-16,22,2419,8966,302
2022-01-14,23,2980,2873,345
2022-03-18,15,1195,7807,93
2023-12-17,2,4617,5520,238
2022-08-12,5,707,5954,263
2023-10-02,23,830,2286,337
2021-04-30,26,4370,1446,345
2021-09-21,23,4415,7896,136
2023-08-28,15,640,12658,444
2022-08-06,25,3600,14221,434
2023-11-25,25,1899,6332,245
2019-11-12,10,3573,11544,122
2019-08-20,10,1374,1233,218
2023-04-26,10,367,694,137
2019-05-22,7,1463,12274,38
2023-04-03,8,3113,385,223
2020-11-16,7,824,1498,153
2020-07-29,18,4919,10808,235
2022-06-05,10,1124,7760,459
2022-06-11,26,3521,3789,151
2019-01-17,20,1914,12323,57
2023-08-08,13,2913,12149,408
2021-05-20,30,903,5489,142
2021-02-04,7,456,12851,407
2023-05-05,11,4068,3098,447
2020-01-19,25,2396,8790,142
2023-05-05,28,812,2337,106
2022-08-10,18,2909,337,475
2019-11-08,16,3520,2232,487
2021-01-29,10,1417,11019,199
2021-07-05,2,4915,11792,417
2023-06-10,5,2036,12646,355
2022-06-27,16,1773,4896,481
2019-01-16,30,2464,698,232
2023-02-25,12,3955,2364,192
2023-01-11,27,543,4415,169
2021-12-24,24,2803,1731,157
2022-04-24,1,4044,10227,86
2023-08-25,15,2875,14518,389
2022-08-06,14,579,6681,313
2023-09-03,12,1998,1735,383
2022-06-25,27,414,14904,279
2020-07-07,14,2361,8685,460
2019-04-26,10,1453,1845,389
2021-09-17,14,1724,12170,54
2023-07-02,3,1083,8716,80
2019-01-16,1,4629,10730,205
2022-12-03,2,2565,2764,466
2020-10-17,8,3949,14226,326
2020-01-28,21,871,8602,230
2022-02-11,22,2378,5940,453
2023-05-24,18,435,4236,16
2022-08-27,13,4400,7182,331
2019-06-26,4,3792,10555,209
2019-12-13,22,4395,5859,168
2022-02-27,19,2965,14323,478
2020-05-15,25,3091,11198,106
2022-11-28,19,4993,3992,150
2022-03-14,16,3409,11835,27
2019-01-21,5,3727,13249,189
2022-03-19,4,3079,6424,140
2019-10-13,23,3471,5480,374
2020-06-12,16,1645,12595,468
2021-07-05,18,2263,14123,461
2023-06-16,2,920,4637,441
2023-10-20,14,513,4534,453
2019-08-02,19,1028,10714,58
2020-02-02,19,4214,7602,277
2021-11-10,25,800,2305,202
2020-10-01,20,4638,9774,208
2021-04-05,19,1380,6262,466
2021-12-29,24,2182,1045,26
2023-07-15,27,1775,13482,455
2022-09-16,26,3652,1367,169
2021-01-28,11,2056,6879,374
2022-01-01,18,1983,5927,117
2020-07-24,10,2241,4010,21
2019-09-08,2,3568,8067,379
2019-01-04,19,2902,1271,59
2020-10-14,4,4849,4084,150
2019-04-23,16,1050,13314,202
2019-08-22,8,443,2174,372
2019-09-01,22,1421,3962,452
2020-01-21,20,4719,4147,334
2023-01-11,16,1953,2935,191
2022-02-08,22,2109,5714,457
2023-11-25,17,3186,5048,243
2020-03-24,22,3305,11622,430
2019-03-23,16,4945,14596,187
2022-01-13,14,1407,13148,187
2020-02-12,4,4299,2350,10
2021-12-17,2,1043,6050,159
2022-03-26,21,3176,6707,400
2022-12-27,10,4924,5595,136
2022-02-15,8,1980,7728,266
2019-05-08,29,1780,3185,221
2021-11-16,13,1841,7229,87
2023-08-30,15,891,12453,23
2023-11-27,30,3924,1565,181
2020-10-25,12,572,6023,98
2022-08-27,5,4446,1152,136
2020-05-01,21,4593,2891,24
2019-10-25,4,1310,14397,419
2021-04-09,26,1196,9788,438
2019-10-22,17,4858,10283,101
2023-09-05,14,886,4237,119
2020-12-20,24,494,6617,165
2022-03-05,20,4563,1978,315
2022-04-07,12,589,639,268
2019-05-17,8,2853,12377,455
2022-09-04,18,3899,1441,137
2023-06-21,20,676,14327,62
2021-02-17,9,1493,5843,438
2022-09-29,8,2706,866,442
2022-01-08,22,3937,1252,108
2021-01-25,15,2221,10267,257
2023-04-21,11,2583,4930,137
2023-02-15,23,2861,3383,416
2023-02-01,9,3059,8554,107
2021-07-09,14,973,6567,178
2020-10-19,16,4192,13727,371
2019-01-12,14,4489,11142,118
2021-12-17,13,1860,12554,473
2020-03-09,9,3233,629,344
2022-07-08,9,349,12202,331
2021-09-07,11,3879,4410,351
2022-02-27,11,2567,208,320
2020-01-01,15,1334,9897,254
2020-07-02,5,3453,9878,159
2019-12-23,29,475,7691,147
2021-07-25,22,4702,9554,171
2022-07-28,11,2953,7803,235
2020-07-16,21,1027,11603,98
2022-10-10,5,1849,4266,148
2023-12-25,8,2277,12022,351
2022-04-15,3,4473,8633,53
2020-11-19,18,598,11918,338
2020-04-27,5,3016,2565,75
2019-07-01,29,4647,6063,278
2022-05-23,9,2627,12329,364
2022-03-17,7,3923,7136,272
2020-07-12,1,2145,11049,334
2021-11-30,27,906,6393,465
2023-08-05,11,4402,10745,153
2020-07-29,2,1763,5745,399
2021-08-25,22,2023,11016,49
2020-04-03,23,359,1624,317
2021-08-28,4,1100,7660,308
2022-12-02,25,3960,13464,458
2020-01-05,16,4979,13397,137
2022-01-25,7,1607,4990,199
2022-06-09,28,1127,1674,204
2023-10-26,7,3111,11758,288
2022-03-02,3,4075,3251,281
2020-03-22,15,2288,11640,62
2019-01-01,19,2011,13232,327
2020-09-13,15,2269,7987,279
2022-10-09,10,3609,13182,176
2022-08-01,10,4688,1694,12
2021-05-13,19,4103,9646,349
2020-01-07,19,247,6241,66
2020-09-11,17,3834,6792,86
2021-09-27,23,4358,2349,479
2020-06-30,17,1775,8746,280
2022-08-11,20,1698,619,127
2019-03-31,25,1783,1914,165
2021-10-19,10,3570,6806,253
2019-05-16,3,4117,866,183
2021-01-12,28,3055,5323,406
2020-09-26,22,3941,9102,119
2021-02-20,17,1406,1830,56
2022-08-29,19,4789,2517,38
2019-06-22,1,2939,4557,42
2019-12-25,27,1436,4165,317
2023-07-30,19,281,13867,311
2020-02-19,5,4981,3976,383
2019-06-27,7,2292,11087,26
2021-06-23,24,2300,10347,348
2020-10-27,3,3135,11755,366
2019-01-16,17,512,7290,230
2020-04-30,8,3148,7990,342
2019-02-20,4,1394,10468,241
2022-12-13,20,4787,11005,217
2020-08-28,8,4958,6653,227
2022-03-04,2,4989,6548,270
2022-07-13,10,313,607,411
2022-08-03,15,298,1005,64
2020-02-05,11,1973,14719,359
2022-12-21,4,4418,7532,66
2021-09-12,17,1521,5695,285
2023-02-11,1,4713,5150,123
2021-08-02,30,4210,11263,449
2019-03-23,13,3788,13236,292
2020-03-29,29,2218,6310,235
2020-09-04,22,3657,1733,88
2021-01-03,10,752,11372,459
2019-04-02,11,4942,1068,364
2022-08-23,13,3163,9632,191
2020-11-01,8,1749,6453,362
2023-08-24,29,2463,9344,309
2020-02-04,3,1588,1119,82
2023-01-08,13,4288,857,288
2019-12-25,1,2401,829,153
2023-02-13,19,4073,8660,34
2022-09-04,7,2985,2911,73
2019-06-06,10,4900,12191,192
2020-10-24,24,2433,5332,48
2021-02-09,21,1726,11622,338
2023-12-21,11,163,10472,88
2021-01-21,6,2899,5826,111
2020-09-04,27,3415,5722,364
2020-03-05,30,1237,8908,101
2021-11-11,7,486,2216,79
2020-01-11,17,2359,13785,326
2023-06-11,8,4374,5347,256
2021-12-29,14,2024,14857,83
2020-10-17,24,1195,439,348
2019-02-18,26,1167,14404,86
2020-12-22,11,4967,8451,202
2021-03-15,26,1289,14716,101
2023-05-24,4,3563,1599,262
2023-12-30,21,265,5711,424
2019-07-20,24,3332,11487,443
2021-02-19,9,2899,4135,333
2021-10-13,17,2534,11052,267
2022-07-26,12,4655,12087,376
2023-06-20,5,3963,7398,308
2021-05-31,23,3962,7971,447
2020-07-06,13,1754,3292,58
2022-07-09,10,2236,4796,442
2019-10-04,5,1030,7585,52
2020-09-29,1,4675,524,151
2023-02-16,14,3234,6828,157
2023-12-07,16,465,2193,119
2021-11-04,26,3081,1283,168
2022-08-22,22,492,13727,101
2019-12-10,1,422,8959,121
2019-05-13,30,3663,11430,300
2022-11-21,14,2072,10398,260
2021-05-16,3,1294,5049,396
2020-08-29,8,4827,4075,452
2020-12-25,26,4201,9399,476
2020-10-28,26,1762,928,52
2022-09-27,24,3680,12369,128
2021-04-15,25,1549,8896,83
2019-10-28,24,4617,5761,302
2023-02-13,10,3795,5867,372
2020-03-22,3,2215,960,437
2023-08-14,3,1342,8831,291
2022-02-14,13,1533,2254,362
2022-12-24,13,2546,7565,255
2021-03-06,8,3056,9604,166
2019-09-06,28,2826,14420,204
2019-05-27,24,4942,3732,309
2021-04-19,7,3887,7350,396
2022-10-25,13,2081,4858,224
2020-10-03,25,3273,11548,70
2019-09-08,26,2933,2244,29
2021-01-18,12,818,13820,229
2022-07-21,2,2977,8098,138
2023-04-01,25,485,7742,134
2023-03-25,21,4759,6599,457
2019-01-20,15,1554,5789,68
2023-06-16,10,426,11766,416
2019-01-12,13,2706,14399,490
2020-10-26,25,850,9199,143
2019-08-19,20,3349,7321,463
2021-04-29,16,1909,6674,185
2020-09-27,8,4902,11022,223
2023-01-16,30,914,8997,156
2023-04-26,3,3458,11672,293
2021-11-26,16,267,2553,319
2021-11-20,7,4136,11401,451
2022-10-29,25,406,9400,20
2021-03-06,5,2455,13192,28
2020-05-09,9,1884,1969,277
2022-07-18,25,3929,4341,281
2022-10-13,12,4639,11199,200
2019-11-14,29,4108,11941,53
2022-03-21,1,1979,629,499
2022-12-24,15,932,4351,46
2019-01-19,10,3579,11513,231
2023-03-20,17,2634,8850,63
2019-07-02,18,2679,9576,327
2023-02-21,30,3541,1707,211
2021-10-09,7,3729,6602,416
2023-04-20,27,1467,4108,383
2023-06-16,25,4641,3566,307
2020-05-08,14,1420,9912,317
2020-09-11,10,4942,721,28
2022-11-10,16,4200,9339,342
2019-06-28,22,1272,12603,413
2020-07-23,11,3846,12056,472
2022-02-21,22,2620,3868,460
2021-02-05,19,3800,2566,226
2023-02-17,15,4687,9601,252
2021-05-14,17,4695,11292,134
2020-12-19,25,4811,8604,369
2021-07-23,17,1200,1008,228
2021-07-13,11,2437,3949,152
2020-10-01,11,4493,3964,398
2019-01-05,17,437,4463,48
2021-10-17,9,4427,2941,93
2019-05-15,6,3867,5030,374
2019-07-31,18,4020,4195,246
2020-06-03,26,118,13738,456
2022-12-14,2,2119,3751,282
2021-08-23,21,1552,12022,352
2021-03-07,18,2370,10353,298
2021-08-18,20,1534,13080,163
2021-08-10,26,4984,2355,285
2019-11-13,28,2750,3859,366
2020-03-20,6,874,5842,242
2021-09-09,29,3308,11977,21
2019-09-18,3,4258,9466,274
2022-09-14,23,4025,2959,479
2020-06-22,11,4806,4404,405
2023-11-18,13,236,2695,499
2021-04-10,23,467,12763,493
2020-04-14,7,3753,3948,480
2022-10-01,3,872,2756,56
2021-05-07,13,3188,13319,238
2020-09-04,5,4431,4359,89
2023-02-22,5,4187,9248,471
2019-09-18,9,4707,14478,386
2022-05-14,18,1068,11985,251
2023-01-09,3,3677,460,194
2020-12-21,17,4122,200,310
2023-04-25,25,694,8304,206
2023-02-02,28,1116,1103,204
2020-10-02,11,2325,2607,209
2021-04-27,22,3864,5946,300
2021-06-14,12,1285,8379,318
2019-03-31,14,2473,5075,70
2021-06-30,9,4943,2496,24
2020-10-04,23,2671,3916,38
2020-11-16,15,3325,6320,153
2023-03-01,25,534,7986,459
2019-05-31,7,1340,14450,94
2021-08-05,1,273,3300,259
2023-01-12,16,4392,5182,187
2019-10-30,29,3679,11435,305
2020-08-26,18,3528,13324,460
2021-04-11,5,1117,8171,278
2023-10-13,6,1173,13129,32
2023-05-22,3,4171,4285,459
2019-04-12,20,3826,874,444
2020-12-03,19,2980,10440,471
2022-10-05,27,3140,10263,288
2023-06-29,2,797,10604,207
2021-07-10,8,912,13414,373
2021-02-22,3,689,3665,489
2020-02-28,5,2067,5664,184
2019-02-25,10,2362,1539,166
2019-06-09,7,2540,2380,162
2020-06-26,12,1009,5057,259
2023-01-04,9,3982,7535,154
2021-10-28,20,3048,2391,100
2019-02-01,4,508,1709,198
2023-01-25,15,1836,9420,57
2020-01-16,5,388,12073,190
2021-09-21,5,2643,1562,319
2022-04-05,8,1105,5476,76
2021-08-24,25,3631,4784,319
2022-10-31,14,605,4215,16
2023-02-01,14,217,8643,30
2021-01-07,2,4582,14651,161
2021-06-20,14,3000,10601,376
2020-10-20,26,4406,868,471
2019-05-15,21,1227,11454,67
2019-11-14,20,2774,1731,415
2021-06-19,15,4964,6942,100
2019-08-22,21,2679,11458,83
2020-03-15,24,2793,2215,265
2020-02-05,2,4867,6967,150
2021-04-08,6,254,11698,281
2023-09-03,25,3932,10530,211
2022-06-23,17,4590,11824,323
2021-05-11,10,2137,10851,176
2022-03-31,9,3823,718,402
2022-04-19,30,4770,5053,446
2020-09-10,14,2029,13955,51
2019-06-17,23,2717,8588,294
2023-10-04,16,2731,10967,34
2021-04-05,27,1278,9072,439
2019-11-14,6,1482,13246,181
2021-03-02,15,1205,9728,352
2022-06-04,29,185,2896,386
2019-07-19,12,446,8570,445
2022-01-19,5,586,2141,45
2021-08-04,4,2335,2175,115
2021-02-23,21,357,3407,80
2020-11-12,23,3415,4773,88
2023-07-13,16,529,6362,406
2020-10-25,27,2323,8175,181
2020-04-19,29,2306,2142,229
2019-06-14,11,3359,13223,137
2021-01-31,28,1724,2868,459
2020-05-08,16,102,12099,380
2022-10-17,30,1130,14469,420
2020-01-05,25,1778,586,308
2022-01-22,6,1507,12560,270
2022-04-03,19,3635,5945,308
2019-04-11,8,2379,3471,115
2022-08-24,18,4910,1999,352
2019-07-12,12,689,11021,62
2023-04-01,16,3062,2576,126
2021-03-24,14,4053,5485,361
2020-08-15,16,982,5703,71
2020-02-27,30,2771,5030,257
2023-04-27,26,1640,9097,368
2020-06-02,18,3064,7322,81
2019-06-01,12,3997,6602,453
2023-04-13,14,3764,9231,188
2021-12-06,28,2891,6929,471
2020-06-30,2,306,1919,361
2022-04-30,18,780,3848,342
2019-07-02,13,566,4823,369
2023-01-27,29,4048,8114,189
2022-05-15,18,2356,5500,480
2020-08-28,29,1093,12803,114
2020-09-06,7,2802,12951,327
2020-05-02,30,4593,4531,380
2021-05-20,14,215,7632,320
2019-04-16,13,3204,3567,357
2020-07-11,19,4413,5911,183
2020-09-01,14,2147,14768,57
2019-05-01,6,2755,6069,491
2021-07-02,22,2750,3628,337
2022-02-17,13,448,7025,343
2019-10-18,30,4220,13875,307
2021-05-02,11,1673,1049,203
2021-10-01,27,4549,13537,479
2023-04-19,19,1437,6825,290
2022-12-30,29,396,3225,215
2023-09-02,14,1391,4706,309
2021-09-14,11,3088,255,274
2021-02-19,29,2903,712,258
2019-11-03,24,4612,13922,266
2021-05-10,14,4617,10175,310
2019-11-01,21,2060,1676,478
2023-09-01,28,3297,8132,437
2020-02-28,27,2143,2802,232
2023-01-13,4,4217,5886,299
2021-05-05,2,381,2025,281
2021-04-29,11,4929,11780,256
2022-11-24,26,4476,8943,407
2019-12-09,18,3814,1233,328
2020-11-12,9,2685,9663,459
2023-06-05,30,3048,2966,12
2021-05-12,15,1947,12468,496
2020-08-29,12,2035,10717,37
2022-05-09,12,1298,11575,397
2021-07-10,17,3673,7580,26
2019-04-05,7,3834,8654,77
2022-03-09,22,2460,10057,488
2023-02-05,11,1547,6839,307
2023-12-20,29,267,7572,396
2023-10-12,25,2573,12151,241
2021-11-20,27,423,9763,139
2019-03-11,14,3944,13195,192
2023-06-13,29,3363,1277,273
2021-03-11,23,840,5095,144
2021-11-26,30,4127,12621,379
2021-02-28,19,4492,12934,214
2019-03-18,22,4589,4878,78
2019-12-08,19,2722,3199,301
2020-12-02,16,3916,6137,353
2019-12-14,19,1114,8118,449
2022-04-13,3,2771,11429,19
2021-06-03,26,4914,1916,433
2023-03-25,22,3788,10074,88
2020-06-02,21,2955,10719,376
2022-09-29,13,930,14204,93
2023-03-11,4,4785,5524,171
2020-07-29,3,2420,9489,321
2023-07-18,4,2880,7741,203
2021-01-14,2,4751,3083,89
2021-06-09,14,1742,3353,438
2021-03-27,4,2329,12466,297
2023-04-26,30,3540,13807,333
2023-12-23,16,2322,4040,388
2020-09-17,18,3793,11022,157
2020-07-29,8,4200,7671,182
2021-07-02,3,1055,13198,328
2022-07-16,9,2578,468,430
2020-05-03,7,1016,9798,374
2020-04-02,8,2417,2037,124
2022-07-08,2,2431,9944,194
2020-06-06,8,1286,7437,238
2022-05-05,14,433,2540,253
2021-01-03,19,600,14593,62
2023-02-21,6,3265,11955,372
2021-03-04,30,3299,11851,321
2022-06-10,14,2120,6274,272
2022-07-16,17,1641,7223,55
2020-02-10,5,4271,7134,350
2019-09-05,28,1519,14785,358
2022-06-22,19,1235,12955,58
2020-04-09,29,3976,14188,417
2022-09-15,21,3678,5116,311
2022-06-15,12,4136,361,58
2023-12-10,11,3551,4960,177
2022-12-09,10,2577,8354,405
2023-05-10,25,1251,4963,234
2022-06-30,18,747,8838,467
2021-02-26,20,3153,1251,191
2019-02-11,5,4935,12475,145
2022-08-12,22,4886,9769,140
2019-02-01,11,3697,5735,267
2019-01-29,24,4865,8096,340
2021-04-26,6,2251,2221,469
2022-07-30,13,1136,6296,354
2023-10-24,15,4652,773,419
2022-07-12,22,1691,13443,47
2021-01-26,24,756,12322,367
2023-05-28,16,1430,1465,36
2020-11-04,25,4158,1314,121
2022-02-25,2,1067,10074,385
2019-05-27,7,878,7327,200
2020-01-11,24,284,9324,385
2023-10-04,30,1417,5880,116
2021-11-30,26,4476,3302,121
2023-01-11,8,4952,1014,264
2019-11-15,21,3768,9582,217
2019-11-24,3,3402,6837,267
2023-10-31,13,4414,4854,109
2019-07-03,23,4423,13867,183
2021-06-05,26,3797,6430,412
2022-05-21,24,2432,3414,381
2022-11-06,12,3047,1716,306
2023-06-23,21,2412,7833,141
2023-08-10,15,4166,14284,277
2020-04-01,18,2221,4577,295
2023-07-06,15,4545,4929,479
2023-04-06,30,327,7696,445
2022-10-08,21,809,10701,211
2022-01-10,16,1335,13621,118
2022-08-23,8,1819,10542,440
2019-01-29,24,1744,5291,462
2022-02-16,22,2969,4498,409
2021-04-15,28,829,12145,461
2022-04-30,12,4308,8241,324
2022-05-29,12,4876,2737,124
2023-03-06,8,2377,1958,447
2021-04-14,13,2653,6248,151
2020-10-28,4,1398,9955,278
2020-06-03,15,2394,14067,324
2023-02-21,14,4492,2019,382
2020-05-01,13,4753,12238,314
2019-11-17,22,3812,4934,157
2019-12-27,20,1725,1545,204
2022-08-29,7,1725,952,242
2023-05-02,28,4830,4926,313
2020-04-26,30,3749,6125,114
2021-01-20,22,3611,11407,347
2019-02-08,18,1055,5743,453
2019-06-04,15,2937,2869,308
2023-04-24,4,2583,1519,257
2019-04-01,17,3077,14186,171
2020-05-06,26,3687,4835,351
2023-06-10,11,1864,4734,467
2022-11-14,11,3266,258,120
2019-11-07,15,155,11818,141
2021-10-09,21,994,4287,279
2022-04-29,15,2635,7981,115
2022-11-21,12,526,13006,24
2022-09-16,5,2485,10408,149
2019-03-10,23,3830,7892,180
2022-03-10,10,2574,8275,388
2022-06-11,27,3789,3936,348
2020-05-13,6,3433,1072,273
2019-01-14,6,4888,6730,489
2019-05-15,14,1944,11814,462
2021-03-14,11,960,11284,149
2020-04-02,22,2842,12174,274
2023-05-14,17,4500,5659,413
2022-08-25,10,3239,10443,313
2022-08-31,23,704,14310,24
2020-05-30,13,4333,8996,71
2022-09-23,30,3205,9295,71
2021-10-29,11,1116,4187,117
2019-03-13,2,1123,9181,497
2020-07-29,25,4473,5637,480
2019-01-22,4,1182,5466,486
2022-11-13,18,3748,4684,321
2020-01-29,27,2649,6174,242
2022-06-19,16,3261,1362,153
2022-01-22,8,2104,10941,80
2019-08-10,26,4295,1849,32
2023-05-19,29,222,11202,110
2022-01-18,10,1254,9016,258
2020-11-19,26,2033,6266,37
2022-11-07,13,1464,9948,244
2020-03-18,25,3666,10229,38
2020-05-16,9,4593,609,227
2019-09-21,17,200,10184,156
2023-02-01,15,3296,1513,156
2019-04-03,12,4452,11634,101
2023-01-08,6,3923,8507,310
2021-07-30,30,4860,3942,295
2022-03-03,4,4314,3148,479
2022-08-12,1,4004,3724,347
2019-01-27,4,2322,6873,125
2019-10-24,19,4287,2713,147
2020-11-06,24,2078,13313,141
2019-03-20,21,1866,8598,457
2020-06-26,9,213,6067,225
2023-05-13,28,3326,13434,339
2019-04-22,29,1552,11542,122
2020-09-16,8,4493,3557,452
2023-11-18,18,4673,9765,385
2019-08-06,21,2258,9762,58
2022-04-03,4,624,10825,378
2022-08-09,16,2926,13798,487
2023-11-03,15,3860,7490,177
2021-07-22,29,4586,2090,351
2023-07-30,15,2922,2008,116
2020-10-17,8,2207,3077,190
2020-11-02,11,2173,14702,454
2021-10-27,24,1993,9279,157
2020-07-10,3,1468,8269,452
2019-11-03,24,435,2854,478
2020-12-08,9,3209,11568,109
2021-11-03,6,4102,8427,387
2023-10-11,13,3290,11958,147
2021-10-26,1,2011,1650,49
2021-11-29,16,982,13628,391
2021-08-07,19,2978,4522,372
2023-05-09,30,1086,6897,197
2021-01-25,4,3241,13107,282
2023-05-12,8,1673,6876,396
2021-12-14,15,1126,7966,207
2020-01-18,15,4145,2325,360
2019-08-19,24,3755,7453,148
2022-12-29,6,2297,2452,452
2020-05-20,10,4737,3663,370
2019-08-08,27,2564,413,483
2021-02-20,21,347,6870,449
2020-02-04,4,1571,3278,134
2022-05-24,23,1843,1599,251
2020-01-04,18,4690,14634,372
2021-04-08,26,3873,3274,408
2019-10-13,26,4326,11692,177
2019-03-17,11,1293,14931,159
2021-02-11,2,1919,8454,56
2022-01-19,11,4180,10536,311
2023-04-21,22,2933,606,305
2022-12-23,12,3661,14339,283
2022-08-14,12,2498,8778,486
2020-11-29,11,4238,9612,213
2019-01-17,22,4358,10569,497
2020-04-29,13,3012,9461,12
2023-08-28,18,1790,2290,120
2019-02-01,10,1484,6214,31
2022-10-21,28,1410,14610,65
2021-07-20,16,4227,13383,131
2023-04-06,30,882,3975,467
2021-10-24,30,2520,4261,473
2019-03-22,16,3868,7752,282
2022-06-05,1,3174,7398,443
2022-09-17,29,3275,13046,275
2022-07-30,12,720,3088,433
2020-08-09,8,1317,615,228
2022-08-02,15,1269,14339,267
2020-10-16,6,4076,1487,440
2022-11-30,26,253,5664,30
2020-11-24,6,179,6409,246
2020-02-16,28,448,4775,142
2021-10-14,2,3549,14300,229
2020-08-08,20,3125,11233,151
2023-12-30,29,4421,3155,470
2019-08-06,4,3194,7376,83
2021-02-01,20,2934,8296,53
2022-05-08,2,1404,2482,292
2021-07-27,15,966,1774,180
2019-06-21,12,204,12452,64
2020-10-25,5,3747,5047,146
2022-07-21,15,574,12672,411
2023-01-22,4,2116,1177,319
2020-02-21,1,2662,4733,290
2019-07-04,5,3585,14015,184
2021-04-02,8,3383,14462,360
2023-08-09,5,3183,9600,362
2019-03-09,25,3852,3365,276
2022-10-16,5,2250,5103,301
2021-12-08,25,3984,10546,43
2023-05-02,19,4525,1751,107
2020-06-16,27,1606,14771,111
2023-12-31,13,2369,7374,106
2020-05-28,26,900,6998,398
2019-04-13,25,1884,3796,68
2023-05-17,8,1486,1722,300
2020-12-03,29,368,14391,211
2020-05-15,26,1467,7411,405
2020-07-15,29,4081,450,424
2020-01-01,24,2309,7520,450
2023-10-19,7,4251,14731,394
2021-06-11,3,1585,8289,213
2019-10-23,30,3908,9262,310
2021-10-02,25,3745,9568,461
2019-08-12,4,2894,9349,226
2020-06-30,10,2394,8765,356
2022-10-21,1,1253,3398,163
2019-02-19,17,4131,9460,200
2019-10-13,13,690,12183,466
2021-09-27,6,2318,8965,72
2020-10-26,12,2157,5233,463
2020-02-15,7,1718,6042,230
2023-10-22,20,243,14251,145
2020-07-29,18,174,13787,473
2020-07-13,23,3759,769,304
2023-04-10,25,3099,8662,160
2022-08-18,11,1883,6005,161
2021-07-02,6,4152,13315,184
2022-12-07,20,437,9621,325
2020-07-01,27,3502,3930,147
2020-11-13,19,2084,6268,130
2023-07-17,16,1762,8854,10
2023-06-24,1,3553,944,64
2022-01-06,4,2916,13795,300
2019-01-08,25,1606,13915,344
2022-05-04,9,387,14905,398
2020-10-24,21,2948,12022,426
2019-11-28,16,1838,2484,21
2019-08-08,9,339,9632,286
2023-02-25,11,2736,8829,52
2020-05-11,17,3170,6858,251
2019-07-09,8,2038,5759,131
2021-10-09,20,852,5992,270
2019-12-16,10,4795,3140,120
2021-03-16,4,904,3908,359
2022-10-06,1,4245,1585,466
2020-08-14,27,4029,1454,282
2019-03-05,5,1597,3289,470
2022-01-13,11,3403,6713,293
2020-12-24,25,328,5895,157
2021-08-07,8,2380,12955,409
2019-06-12,15,341,9215,419
2022-01-02,9,1354,858,240
2023-02-07,12,2449,2796,57
2020-10-04,13,3003,10246,308
2021-06-02,19,3680,3613,499
2019-12-31,27,3773,6467,225
2023-10-07,26,3627,9617,475
2021-11-01,24,531,11124,348
2020-02-21,28,4713,7803,264
2022-03-30,18,4850,5753,321
2021-01-18,11,3778,8943,138
2022-03-04,21,4188,4575,33
2023-04-18,19,3097,10807,437
2023-03-26,3,4783,12993,102
2019-01-30,2,1356,3496,10
2020-07-09,7,3408,1037,143
2021-09-06,28,4086,221,326
2023-08-22,12,4425,7162,443
2023-09-02,10,2972,11299,296
2021-07-07,21,2903,7893,491
2023-03-27,3,1337,4885,273
2019-04-01,24,2513,14463,492
2023-08-19,28,849,9057,84
2019-08-01,7,4412,4208,444
2022-04-18,16,366,9471,333
2021-10-19,19,729,5124,95
2019-02-24,17,2883,10510,122
2023-10-21,16,4455,11695,417
2019-08-12,13,949,7136,32
2021-10-16,10,192,7063,306
2020-07-29,15,2321,7483,287
2023-10-21,5,4235,14587,316
2023-01-13,4,659,14626,493
2019-06-29,22,2260,847,370
2021-07-04,13,1993,13376,198
2020-12-27,16,2361,9544,454
2023-01-21,5,2719,7518,197
2019-02-26,15,2755,2577,16
2022-03-17,4,2809,9339,387
2023-07-12,27,2629,6658,19
2020-04-02,20,259,8444,430
2023-08-13,20,1156,6801,278
2021-08-20,19,3027,14101,204
2023-07-12,30,4965,9261,57
2020-10-06,8,2454,12201,343
2019-04-30,15,2006,12667,355
2023-09-23,13,2034,10621,435
2019-04-14,12,3030,5615,331
2023-01-17,13,680,10177,164
2021-08-15,23,3053,13736,41
2021-02-24,13,1672,3835,414
2023-06-03,17,2358,14041,54
2022-08-06,21,342,10881,388
2019-11-24,7,2862,2588,20
2020-05-05,17,159,4922,297
2022-08-17,2,1255,8359,141
2023-03-28,16,3347,11464,429
2020-01-28,3,1719,2018,453
2023-01-15,12,4277,9794,426
2021-10-10,27,1796,14578,33
2020-08-16,9,4617,10042,24
2023-05-02,13,778,1505,127
2022-05-27,12,3494,8035,290
2020-11-06,13,2149,3232,204
2023-04-22,5,3991,6415,476
2019-10-18,8,4477,6018,329
2023-12-31,15,2353,10624,184
2019-07-16,7,464,11307,52
2022-09-02,14,2836,7461,437
2019-02-22,26,2350,11128,93
2019-08-09,14,2921,4187,333
2022-07-03,25,4058,2751,330
2019-01-06,12,386,11327,345
2022-08-28,26,2320,7903,311
2023-05-15,21,4091,332,286
2021-03-04,22,2733,3189,174
2022-03-28,14,3755,6690,116
2023-10-27,21,212,750,258
2020-09-24,22,985,5707,23
2022-07-30,12,489,11795,434
2019-02-25,24,2874,10887,460
2023-07-26,13,3518,12239,473
2020-01-31,16,3776,4513,129
2023-11-05,14,2081,800,118
2020-02-05,6,2051,5155,78
2019-12-30,23,2703,5272,189
2022-07-11,10,3522,14124,213
2022-04-16,21,573,11385,221
2019-04-28,16,3302,5560,13
2021-04-08,28,2890,9503,396
2022-10-12,20,3757,572,15
2022-04-18,9,1475,10281,452
2020-01-20,25,3603,13873,297
2023-05-25,15,212,7880,272
2021-11-12,7,660,13219,258
2022-02-13,25,1262,8853,477
2021-01-11,12,4887,6131,172
2021-12-15,22,1470,2216,465
2019-02-01,30,1481,10144,280
2020-06-29,27,1144,8099,137
2021-02-17,24,4268,11851,428
2022-02-14,2,1487,5243,142
2023-07-24,20,4464,3089,426
2020-03-25,10,305,12049,492
2023-04-19,26,4511,10180,148
2019-11-20,9,3814,6063,401
2020-05-19,2,4420,1399,169
2023-09-27,11,1974,7208,292
2019-05-21,1,1415,13293,273
2019-08-31,24,2428,9967,156
2022-09-27,23,3804,14192,17
2021-02-14,16,2524,2386,406
2019-06-25,28,2697,6758,385
2019-07-05,8,3906,8306,315
2021-02-10,22,4754,402,140
2020-02-13,11,902,447,454
2022-12-01,12,4516,3279,92
2021-12-31,1,1406,762,292
2020-06-01,5,4419,7550,72
2021-07-25,26,984,11758,186
2020-03-08,26,184,14665,185
2021-07-13,24,1452,12759,409
2019-04-12,27,3635,8788,344
2022-03-18,1,2726,994,355
2023-01-05,28,177,2002,268
2021-04-13,27,4376,14470,137
2020-10-08,2,2544,262,32
2020-08-08,18,3482,11991,108
2019-07-26,28,4750,7877,186
2020-04-11,9,2705,14995,467
2022-04-23,20,3443,2958,22
2022-04-26,2,2007,667,288
2022-10-07,1,1737,1136,105
2021-08-21,15,1905,10947,397
2020-02-03,8,796,11865,251
2021-05-29,6,2923,5111,71
2022-01-15,11,1574,6451,340
2021-04-27,26,1697,11486,333
2023-10-24,5,3709,12599,391
2021-09-12,22,4172,5071,398
2021-12-02,1,1133,9571,281
2021-03-12,4,415,12315,170
2019-07-03,14,635,1072,446
2022-05-10,5,3015,9303,403
2020-08-14,7,2862,7429,401
2019-05-24,11,4631,13492,345
2023-04-19,12,835,4435,397
2022-02-08,14,4481,7296,362
2021-07-24,9,308,9297,165
2019-06-16,6,1161,2665,482
2021-09-16,29,3550,2291,152
2019-11-01,4,2240,13648,202
2019-02-01,28,268,11257,282
2019-06-14,29,2509,9802,114
2021-02-12,30,2711,7465,385
2020-05-06,16,3461,6422,218
2020-08-05,22,2302,992,318
2019-01-15,13,2720,2118,421
2019-02-22,11,1923,11742,244
2021-01-31,19,4003,4389,458
2019-11-23,6,4044,855,168
2021-10-19,30,3822,7164,217
2019-07-29,20,3313,7827,228
2021-07-17,7,4448,3768,346
2020-04-05,8,990,8780,433
2020-07-11,11,1920,7957,272
2022-02-17,20,2911,3968,93
2019-06-02,6,2360,11401,320
2020-10-10,18,1894,1066,340
2023-12-09,9,1433,8844,15
2023-07-08,13,167,13830,85
2020-03-03,6,4645,12874,97
2020-11-03,26,1400,13835,474
2021-10-17,9,3662,1335,270
2020-08-12,29,1653,5693,178
2023-11-23,29,3814,515,460
2023-07-19,4,4516,3419,197
2022-04-10,3,1227,1919,48
2021-06-12,10,396,10651,326
2020-03-17,7,3439,8280,465
2023-12-09,22,174,5144,237
2021-04-23,2,3571,14051,277
2020-02-27,7,4493,3484,221
2020-01-11,27,3200,2118,416
2019-03-12,17,2057,1732,264
2021-04-02,13,1875,6572,112
2023-08-27,11,2857,7341,321
2021-06-24,9,2479,603,55
2020-09-17,13,586,5747,275
2021-07-17,8,2559,11044,190
2020-03-27,4,962,5413,344
2019-08-26,30,2392,534,314
2022-01-15,28,1419,9792,442
2020-11-10,10,4045,9707,97
2021-10-22,21,2413,6376,421
2019-06-06,27,4533,4378,27
2019-09-03,10,1224,13854,396
2022-06-29,27,321,1813,86
2019-04-18,3,3895,10683,304
2023-03-25,22,3333,11892,372
2021-08-01,9,1873,14959,160
2022-08-23,13,3070,14691,133
2021-12-29,28,819,9254,399
2019-10-04,8,3402,12293,411
2022-06-08,17,2796,7138,466
2019-11-04,1,1508,1963,405
2021-02-22,8,1298,4807,303
2023-11-23,22,4842,3934,252
2019-08-03,30,583,5101,221
2022-03-13,27,1086,4900,264
2019-03-07,12,2661,8410,92
2019-08-24,1,3053,7941,202
2023-04-21,19,144,5263,260
2020-08-09,21,3252,12157,337
2022-01-26,24,4965,12990,201
2020-10-29,22,1762,5507,423
2020-12-02,13,2858,11660,122
2021-04-10,2,4392,2449,85
2019-10-08,17,4938,13007,298
2023-04-15,7,2205,1940,407
2019-09-03,29,3204,8105,37
2021-12-04,8,4183,3637,468
2020-04-12,30,2120,12138,300
2021-03-28,29,1401,11534,298
2019-02-23,29,2219,11909,398
2020-06-02,10,2532,11322,58
2020-06-29,4,1043,14677,321
2020-10-29,12,691,3402,340
2020-02-08,8,3080,10171,264
2023-04-28,1,1393,3224,375
2020-04-01,16,3644,4311,149
2021-08-30,20,2203,7440,334
2023-05-22,1,1062,6101,217
2019-07-26,3,3949,2687,414
2019-03-20,13,1894,4675,363
2022-02-26,10,654,260,159
2023-04-29,8,3147,2904,227
2023-06-06,17,3701,9804,445
2022-08-29,21,4412,13169,43
2019-10-02,9,776,14060,175
2022-10-08,18,740,12812,150
2022-05-12,29,1844,9580,173
2019-11-05,23,2634,5326,52
2022-02-09,5,2697,12297,456
2019-03-23,12,1790,4748,20
2019-04-08,14,1248,2559,480
2023-12-23,3,1818,13910,296
2023-09-13,2,1413,12523,336
2020-10-27,5,1133,8048,12
2021-10-11,12,4506,8545,66
2022-10-10,17,866,1036,444
2019-05-25,24,904,8963,277
2022-06-21,23,4894,12450,469
2021-07-08,30,3045,723,19
2022-02-26,24,1596,5522,295
2021-05-31,22,2803,2578,379
2019-06-05,2,3126,6905,133
2020-01-05,3,3234,10693,460
2023-06-16,20,2729,5924,425
2022-09-16,7,4088,12405,391
2020-11-19,18,455,2533,174
2020-04-25,9,3568,2341,459
2023-03-23,20,4694,2350,387
2021-12-14,13,4877,776,243
2020-08-17,12,2063,258,283
2023-01-19,7,3127,8603,323
2023-10-07,28,114,1154,480
2021-08-16,8,884,4916,305
2019-07-10,20,2183,11076,119
2019-10-01,1,4681,10543,58
2020-11-25,28,4963,2251,416
2023-10-05,10,2684,13378,198
2019-06-02,20,1440,14472,255
2019-01-18,5,3853,10147,148
2020-07-04,5,2287,10874,117
2019-12-02,27,826,4568,390
2020-06-29,19,1886,11651,170
2022-10-04,13,399,3399,128
2020-11-14,22,2924,14945,67
2023-07-02,22,802,5471,313
2020-04-08,30,4375,14066,447
2022-04-27,8,435,11275,405
2019-05-09,26,3436,12380,54
2022-02-15,1,1014,11629,34
2020-08-11,13,3218,3153,485
2022-08-10,25,4064,2255,51
2020-01-24,24,2358,14788,358
2021-12-11,4,4744,13717,197
2022-01-26,21,1850,375,98
2021-12-15,15,2371,12285,89
2019-08-05,1,3977,12301,22
2020-05-09,21,2998,11916,249
2021-05-08,23,4930,9961,215
2023-10-26,3,4284,2587,378
2021-07-13,3,326,6991,404
2022-09-16,12,2633,12945,51
2020-10-02,25,3313,924,106
2019-08-16,17,4327,9046,296
2019-05-03,19,4896,6895,391
2022-12-26,13,3129,10343,227
2022-11-17,13,712,14653,451
2021-01-26,7,194,12542,388
2023-07-04,1,2179,4550,29
2020-11-03,17,717,4109,252
2019-02-07,11,2685,5037,480
2021-01-05,13,3463,7269,230
2020-09-05,18,4327,3120,109
2019-05-26,22,4994,14936,301
2021-01-10,2,2507,1283,243
2022-10-15,1,2184,12296,496
2023-06-27,29,1142,8506,266
2023-12-22,17,3587,6333,124
2022-05-12,28,4030,3474,33
2019-09-21,7,460,5768,350
2022-07-23,1,4539,1539,85
2019-04-02,12,4490,13892,205
2022-06-25,6,386,9686,239
2022-09-05,22,1203,8151,299
2021-04-12,18,3069,1426,259
2019-01-18,3,171,5571,274
2019-04-05,23,4514,8248,385
2019-05-16,2,2273,1674,261
2023-02-23,15,823,11568,237
2020-04-28,15,121,13645,233
2019-06-02,11,2208,6104,125
2021-09-24,19,4039,13081,33
2022-12-20,25,1137,9659,355
2019-04-23,4,2890,4833,12
2021-08-05,5,1741,6606,265
2019-10-10,23,3385,7549,237
2019-06-29,27,282,7523,203
2023-07-06,26,692,2051,200
2023-11-10,16,2334,10603,396
2023-11-14,2,2803,3989,252
2019-01-17,24,3515,3763,327
2022-01-12,11,971,1600,414
2022-03-27,2,1949,6081,385
2020-06-03,11,3336,8817,288
2019-11-27,22,1564,14537,467
2019-12-02,14,2418,6636,412
2021-02-23,13,1736,14622,398
2023-10-19,28,1015,14581,318
2020-03-20,3,2672,8858,126
2019-01-10,10,3346,5333,160
2022-01-19,18,3555,14551,83
2019-12-27,19,3710,13873,220
2023-05-18,20,3931,6736,133
2020-11-01,20,4474,14183,398
2022-03-06,26,2911,10980,469
2021-03-31,27,3524,759,462
2022-02-20,7,1458,4983,272
2020-01-15,6,1985,5950,494
2020-04-25,9,926,666,410
2020-12-02,29,3041,1698,28
2022-12-15,10,1219,12599,395
2020-07-09,19,2900,12612,113
2023-03-16,7,1002,14908,460
2021-07-21,28,4056,1463,200
2021-09-14,5,1007,2600,235
2023-05-01,29,1900,3140,418
2021-05-29,9,577,13170,26
2020-02-02,23,1561,7481,12
2020-03-16,23,4446,596,371
2023-03-17,16,2918,8152,399
2021-10-06,15,2855,2501,108
2019-11-11,1,3788,14710,392
2023-01-13,16,3597,2645,106
2019-08-23,22,4661,11751,281
2020-07-21,21,4264,9874,409
2020-12-25,16,680,14057,129
2022-11-05,5,1148,1699,202
2019-06-03,15,203,999,340
2019-10-01,28,2476,13200,471
2019-09-19,26,4491,2626,279
2023-07-09,21,367,418,256
2022-09-08,12,587,2666,84
2021-05-22,6,4515,11973,21
2019-04-23,19,186,630,59
2022-02-26,4,1822,11288,490
2023-12-23,6,1423,11256,54
2019-08-12,27,2547,478,114
2021-02-01,29,2229,11493,493
2020-03-17,24,4871,5904,42
2020-09-25,7,3237,4055,25
2021-09-05,3,497,890,366
2019-05-06,19,4397,14905,95
2020-06-22,12,4680,609,249
2022-12-09,29,345,3803,462
2023-11-21,10,924,3872,133
2023-06-29,8,1938,9907,191
2023-05-20,14,4370,9458,144
2019-04-23,7,4161,14059,322
2022-03-12,27,2362,7121,224
2023-04-01,9,4079,3676,148
2021-06-23,11,1571,1192,434
2020-01-12,4,1900,1225,416
2021-09-05,29,3092,9317,399
2019-02-16,11,637,8396,155
2020-11-02,1,3706,1701,323
2021-09-17,27,168,7009,168
2022-08-15,29,2053,5365,424
2019-07-25,21,1007,10737,315
2020-09-29,21,2940,4610,407
2020-12-03,5,583,13868,420
2023-02-04,26,381,5808,324
2021-07-14,10,308,2687,198
2023-06-10,26,4917,13320,479
2020-03-29,17,3905,9821,489
2022-12-07,11,1135,11791,427
2021-07-01,22,3456,8569,401
2023-05-11,9,3704,620,449
2021-01-17,19,2057,12716,270
2021-08-19,16,2848,7060,276
2020-07-05,23,1725,2057,290
2021-10-27,18,4500,4759,490
2023-09-13,16,3267,5451,131
2022-09-18,17,4039,14532,480
2023-02-01,16,3094,14312,480
2019-07-05,18,4342,13426,24
2021-03-06,6,2681,2058,44
2022-03-03,15,3852,4184,257
2021-11-14,27,3304,7288,19
2021-04-12,19,4854,8378,127
2022-04-08,16,4263,6434,89
2023-10-24,17,1411,8914,334
2023-11-28,1,950,5220,58
2022-07-25,2,4402,6508,40
2021-10-17,19,2033,3231,393
2021-03-11,19,2980,12267,62
2021-10-23,13,3255,2411,257
2020-04-01,20,4971,1616,442
2020-08-16,27,1737,3194,259
2021-09-05,20,182,8043,369
2021-02-07,19,1341,3749,247
2021-05-06,8,2596,404,20
2020-03-12,28,4677,2229,149
2019-02-09,14,716,4601,270
2019-09-09,23,3904,8815,237
2022-07-08,24,3929,14494,167
2022-08-02,14,4463,3675,59
2022-12-11,28,1638,10445,148
2020-07-06,26,2151,491,34
2023-02-17,20,4441,2637,213
2021-04-29,16,241,4331,242
2019-08-18,12,911,14728,138
2019-05-30,22,3610,8514,203
2021-03-30,6,258,6950,328
2023-04-10,12,1347,8554,61
2023-08-31,6,401,12542,288
2019-10-02,6,1129,5100,116
2020-04-10,4,2914,5363,301
2020-08-13,16,2330,3077,380
2021-04-27,10,3068,7108,208
2019-10-22,6,3333,3472,57
2021-03-18,28,4192,13786,55
2022-06-05,19,357,690,376
2023-07-18,1,437,5996,364
2023-03-24,26,2713,6022,11
2021-06-13,7,3047,4671,277
2023-08-05,16,963,8829,398
2023-05-30,21,4364,14408,316
2019-08-20,18,4813,2857,84
2020-05-15,28,397,1656,414
2019-06-06,9,1875,1399,425
2021-05-02,5,3405,14707,305
2021-09-10,17,1082,6569,37
2023-03-14,5,2564,11179,434
2022-09-16,28,1912,7462,269
2021-06-16,24,665,11883,453
2019-05-16,15,4704,3800,348
2021-07-03,2,3919,6983,465
2019-08-22,4,1949,11419,129
2021-08-14,30,4375,14911,275
2020-10-31,3,1282,1794,350
2019-08-15,5,3576,5673,325
2020-09-24,27,2541,2739,284
2020-03-10,4,2840,14215,196
2019-04-23,4,3101,9637,110
2022-10-27,18,3016,1990,132
2019-01-28,16,3922,12187,288
2022-03-31,22,4710,12626,134
2021-06-05,18,3953,14063,344
2023-01-16,30,1078,13656,372
2023-11-10,25,522,9676,106
2021-02-05,21,1038,5736,348
2022-03-04,4,1517,2486,302
2019-04-07,28,1449,9957,159
2023-08-19,15,4664,7085,104
2019-11-12,7,2665,9640,382
2022-12-03,14,3325,9538,88
2020-06-05,7,1284,6135,46
2019-08-16,22,4789,7408,28
2023-04-14,24,3264,8204,47
2019-04-18,25,3597,3386,296
2023-01-24,12,2454,6134,323
2021-05-21,21,1730,6260,403
2019-03-25,11,4680,6971,306
2019-01-12,3,289,12653,308
2023-07-22,28,4633,5263,129
2020-01-17,5,132,11106,400
2021-01-27,20,4388,12443,41
2019-11-19,28,3872,4049,330
2021-07-18,11,609,7255,183
2023-12-25,22,4180,8660,322
2019-06-19,17,3085,5663,116
2023-01-10,27,3489,14806,100
2022-10-16,21,3468,10215,121
2023-07-10,23,1954,14907,30
2019-05-21,23,1877,11988,308
2021-08-08,14,4952,9354,307
2021-06-01,19,471,787,350
2023-11-15,26,3044,8943,359
2023-01-13,11,4664,4922,18
2020-04-18,16,1519,11651,400
2021-06-29,23,1743,1553,37
2020-09-27,15,3044,2436,213
2020-01-05,16,2342,6879,203
2020-09-18,27,335,8190,245
2021-01-08,17,4214,10068,17
2023-09-05,2,4373,9959,343
2023-11-17,2,2100,4227,470
2020-12-10,30,1667,11142,354
2019-08-30,4,781,1663,232
2023-06-17,15,4724,5213,207
2021-06-22,29,2185,6634,29
2023-12-28,28,3377,2599,119
2021-10-20,21,4355,12529,181
2023-07-19,18,3251,11350,243
2019-11-18,6,1244,2521,240
2023-05-26,19,685,10527,180
2022-12-13,29,206,10647,459
2021-09-27,7,4691,8319,480
2023-01-21,10,2478,5238,340
2021-10-22,5,3362,6802,380
2019-12-02,21,3508,14907,192
2020-12-10,23,2310,14069,392
2023-07-04,21,3375,6820,426
2021-12-14,15,3819,10813,96
2020-12-26,6,1598,2660,51
2021-05-05,26,3147,4559,163
2022-08-03,22,4463,8127,255
2022-12-24,13,344,11998,83
2020-07-09,27,4365,11798,62
2022-01-24,17,1688,8680,23
2023-07-05,30,3077,1691,112
2022-11-01,12,2784,6773,390
2019-04-20,12,711,7847,262
2019-08-10,25,108,1714,457
2022-11-08,5,1262,9898,136
2020-04-30,21,3665,12389,449
2023-07-04,19,2559,12939,347
2022-07-29,4,4329,6102,368
2020-02-22,12,3795,7113,90
2020-10-23,15,3307,9274,248
2022-05-15,7,3495,10273,338
2021-06-26,27,500,11914,12
2023-01-06,18,3378,9998,322
2022-05-09,11,2201,11846,395
2021-08-05,13,3509,3953,405
2022-01-02,14,3833,2655,80
2020-09-27,26,1142,4029,461
2019-04-22,8,3137,3047,467
2023-10-22,1,1935,12237,454
2020-02-11,3,2266,9531,236
2021-07-26,27,643,8811,52
2023-10-07,13,1145,5956,199
2021-08-05,3,788,3382,436
2020-04-15,20,834,2249,403
2022-05-08,3,661,2381,92
2022-12-13,30,3396,909,131
2020-01-12,3,974,9754,224
2021-07-19,5,2490,6996,220
2019-04-18,2,4198,13559,129
2020-09-07,7,3248,8256,154
2022-10-26,7,2970,5930,361
2020-01-08,19,4905,12562,430
2020-12-03,17,318,4178,343
2020-09-15,22,1921,1204,171
2023-07-25,16,1644,363,38
2022-08-01,7,4765,2619,134
2022-09-18,17,3828,5761,353
2019-07-26,24,2304,542,287
2022-08-16,27,3868,871,55
2021-09-27,4,4533,9405,212
2019-03-25,13,4424,9189,162
2022-07-05,7,1863,2616,35
2023-07-09,19,2045,1722,147
2020-06-30,9,2581,12141,394
2020-11-17,23,4209,10965,282
2021-10-25,6,1691,4713,323
2019-09-20,19,3913,11897,327
2022-01-18,9,226,813,300
2021-11-30,26,198,7268,198
2021-08-15,28,4285,3155,47
2023-02-08,24,694,12509,50
2021-12-15,2,2784,5426,497
2021-10-02,30,3408,744,428
2020-05-03,27,1772,11244,223
2023-01-17,13,4491,1207,70
2020-01-18,27,4692,13569,351
2021-01-03,16,1033,1264,135
2023-02-12,29,840,2260,193
2019-04-24,28,2163,8126,292
2020-10-29,3,127,8840,108
2019-04-12,4,4053,12864,262
2019-01-08,23,857,12249,75
2023-09-05,30,2357,4949,169
2019-03-06,8,681,9057,209
2019-12-20,14,436,13722,182
2021-07-06,6,3584,11438,143
2022-02-02,26,797,12096,97
2020-07-21,23,2029,5623,374
2021-02-21,2,3561,8232,76
2021-03-09,25,1042,9207,357
2019-10-28,26,4345,5011,231
2020-10-13,17,1827,5860,405
2022-10-24,5,1430,14373,347
2020-09-17,12,3033,878,459
2022-06-01,6,792,6919,342
2021-07-04,1,2076,14644,476
2020-11-04,22,3315,10940,232
2021-04-17,4,154,9528,362
2021-09-29,20,2798,2117,204
2023-03-07,26,1402,9602,257
2022-01-06,22,3610,6385,359
2022-01-15,16,2196,5075,90
2023-03-28,7,3490,13382,331
2022-03-12,18,3619,11524,229
2020-05-21,30,1101,348,307
2022-01-30,4,2945,12152,442
2020-10-23,3,2518,6407,223
2021-07-17,15,403,9920,402
2023-12-21,7,1443,12256,353
2019-04-21,7,4392,3299,132
2021-06-30,26,3721,9312,10
2021-06-11,23,3415,10782,244
2020-02-23,13,2312,4423,329
2020-11-17,10,4286,4525,221
2023-05-04,1,2692,14748,443
2023-10-23,28,143,10895,165
2021-09-17,13,4345,6560,75
2020-04-25,27,1074,11113,183
2023-12-20,28,480,13292,77
2022-04-05,23,4925,12797,80
2021-09-28,10,751,7320,107
2020-04-09,29,1499,9167,443
2022-09-25,6,989,13786,390
2021-02-09,28,977,2296,353
2022-10-28,19,1970,12358,378
2023-09-15,10,3230,7236,60
2020-09-04,3,2349,8556,237
2019-09-10,16,905,11465,247
2023-07-04,13,4502,3693,289
2021-11-28,30,2649,10559,399
2021-11-04,20,3413,11936,416
2023-10-04,11,1337,10522,316
2019-09-14,6,1626,6992,43
2023-06-21,3,249,6932,381
2020-06-07,4,2094,3704,143
2019-06-09,6,4640,7063,284
2023-10-10,19,797,7295,402
2021-03-02,3,260,8924,447
2023-09-26,17,548,1555,150
2020-12-27,19,863,12874,303
2020-05-01,3,4886,1109,399
2022-04-13,2,2719,3104,239
2019-06-16,26,737,10593,122
2023-10-13,25,2549,3472,62
2020-10-28,4,631,4431,41
2021-03-10,15,1905,5034,255
2020-06-10,19,4697,13760,159
2020-09-20,23,2090,1389,240
2021-11-27,17,1243,4235,393
2023-10-18,1,4639,2693,121
2020-07-21,6,688,9380,103
2020-04-24,1,923,9064,470
2023-10-11,16,3857,4582,412
2022-11-24,9,2953,14453,301
2023-06-09,5,4257,12608,320
2022-07-29,3,2184,6421,426
2021-07-18,27,4032,6370,298
2022-11-08,18,246,790,66
2020-01-01,28,4162,3001,439
2023-09-08,1,718,7951,242
2023-02-18,21,3998,12328,48
2021-05-07,27,1165,1378,97
2023-01-05,13,3896,12793,423
2022-09-15,29,4260,14007,168
2022-01-01,10,1131,3343,409
2020-09-14,12,2195,14563,340
2019-01-03,13,2592,5834,347
2022-08-23,7,4248,7242,440
2022-08-16,9,3568,13859,352
2022-02-21,28,1228,13748,157
2020-12-23,15,1708,12342,74
2019-01-05,11,3928,5279,263
2020-01-21,20,3599,870,123
2019-07-01,21,195,6840,157
2023-03-29,29,2652,12007,237
2022-10-18,19,811,13477,307
2019-09-25,14,2265,3800,425
2020-11-06,22,228,10848,330
2023-11-16,11,2697,5391,85
2023-11-04,10,4520,5887,27
2022-10-29,20,1579,12716,385
2021-08-16,18,587,12591,333
2022-06-13,22,4091,1793,178
2022-07-19,21,3016,13624,284
2023-07-25,14,2628,9593,401
2019-07-08,13,1465,4137,118
2022-08-10,24,3132,2418,303
2019-06-18,7,3608,7679,217
2020-02-11,28,2267,3948,379
2021-02-17,4,1068,830,464
2022-10-16,15,1509,1652,182
2019-02-17,13,1913,6040,246
2022-05-17,3,371,12858,157
2020-06-12,4,4516,5542,60
2020-11-12,29,1559,10013,466
2023-06-08,18,2966,7997,424
2020-03-17,13,483,1733,185
2020-10-24,13,778,14131,377
2019-02-06,22,1080,9867,96
2020-01-28,28,3966,1051,206
2021-02-02,4,4175,13223,461
2023-11-14,25,580,5105,494
2019-01-24,24,3213,8036,495
2021-04-14,23,2102,5022,91
2023-06-09,3,4533,6547,65
2023-03-10,25,3445,11686,363
2020-08-29,8,4406,8058,178
2019-01-07,16,2688,14028,495
2021-06-14,5,2205,3015,367
2022-11-09,15,1656,2529,125
2019-02-10,11,4253,7631,285
2022-03-19,1,1659,8681,19
2019-09-17,19,3698,12411,463
2022-07-22,6,3562,1792,241
2022-01-13,4,3489,10325,236
2019-03-18,30,1860,3752,442
2019-01-31,9,3234,11475,369
2019-11-15,27,4006,3723,218
2019-09-02,21,4391,3915,202
2019-09-16,23,147,14454,278
2023-01-07,4,1482,10532,386
2019-07-27,11,2445,8837,415
2022-07-03,12,4988,12357,67
2019-03-15,14,2921,10322,141
2019-07-21,16,4278,987,149
2021-07-07,3,3309,2623,220
2019-12-14,18,2248,4649,84
2020-06-28,8,2623,14020,247
2023-12-22,4,4573,12249,218
2021-02-18,9,3122,6131,496
2023-08-01,5,2940,4850,100
2023-12-24,9,2709,1545,252
2020-03-30,18,3939,13311,38
2023-06-15,20,475,5238,463
2020-11-25,9,3700,13226,99
2021-12-04,18,636,5049,216
2022-06-03,18,946,6024,284
2020-06-24,23,3823,6578,184
2019-09-27,9,1528,3800,465
2020-06-10,21,3669,9077,60
2023-05-18,9,4841,6026,414
2023-06-15,28,2946,4395,11
2019-09-21,30,127,3878,201
2019-11-07,4,232,2827,499
2021-06-16,9,409,932,163
2022-09-18,27,509,5721,36
2019-08-22,24,1997,2535,404
2023-06-12,12,4078,12348,52
2023-08-04,7,2235,13640,189
2020-04-26,26,2659,1241,142
2023-03-20,13,2722,8235,65
2022-11-24,25,4846,13658,368
2019-04-05,26,1668,5969,22
2022-04-01,22,2651,1389,95
2022-06-01,14,3855,1046,485
2019-02-11,21,1613,12184,344
2021-10-17,3,574,2694,103
2021-10-17,5,963,9500,339
2020-10-28,3,1623,8306,213
2021-07-30,19,2635,2828,200
2019-05-17,3,4657,5952,256
2021-10-06,18,2598,2065,286
2023-11-15,20,1687,14714,63
2022-05-18,1,3129,7259,150
2023-07-31,10,973,5132,272
2020-10-31,17,1939,1112,383
2023-08-25,17,1614,12675,25
2023-12-13,27,4473,4499,208
2021-09-02,21,351,7683,343
2023-11-14,9,1249,2774,431
2020-07-05,1,2769,6905,60
2022-06-17,10,4100,8387,342
2022-06-17,13,3277,13778,24
2023-08-20,25,3215,5919,490
2020-10-22,20,2021,12743,366
2023-06-30,12,1651,1688,104
2019-07-16,12,1446,13563,373
2023-03-05,14,3231,14969,332
2023-06-17,13,2833,5522,384
2021-10-19,1,4539,979,360
2020-02-14,26,3135,1516,145
2020-04-09,12,3863,12940,175
2022-07-10,26,3035,2651,452
2023-12-30,18,2251,7433,209
2020-12-18,1,4283,12364,457
2023-09-18,10,4060,1581,258
2019-12-19,2,1996,9709,50
2023-11-29,9,2773,6811,322
2021-11-13,11,4972,7537,50
2021-02-24,11,1014,9704,341
2020-01-20,28,690,236,203
2019-04-10,23,3185,6369,176
2019-12-09,13,112,4452,10
2022-03-07,7,4316,6476,448
2020-02-21,30,2516,10073,407
2023-11-10,22,1566,13431,13
2021-11-22,27,4238,4258,169
2021-06-28,24,192,547,310
2020-12-15,6,4718,7498,76
2019-12-06,20,4410,677,269
2022-06-08,15,701,993,151
2022-04-07,14,2328,8553,248
2019-03-06,3,676,13744,442
2021-09-10,26,1388,5184,153
2023-03-06,30,2091,4551,196
2019-10-18,19,3520,9653,23
2021-04-20,12,1716,11506,298
2023-01-31,20,229,5760,282
2021-02-28,14,3610,2466,354
2022-07-15,22,492,2663,245
2022-08-18,11,2296,13071,246
2021-03-27,2,1320,2915,19
2019-12-20,5,558,1002,24
2022-08-30,28,552,6034,214
2023-04-24,23,400,1086,404
2020-07-06,4,3369,1268,394
2020-05-15,23,1942,11509,210
2021-05-16,26,4725,6752,227
2020-03-30,13,2978,5648,335
2021-06-26,19,4357,4526,263
2021-10-29,7,726,12606,138
2021-08-17,30,2177,10536,452
2022-03-01,4,3117,12673,252
2021-01-23,30,4370,4912,340
2019-10-20,24,2353,14741,246
2023-04-01,13,4864,14885,117
2021-12-25,3,645,8863,18
2020-01-02,24,3742,9667,362
2022-08-14,15,1332,9852,449
2022-07-28,7,1690,6390,444
2022-03-13,16,714,12809,309
2023-11-07,19,811,7291,339
2020-04-10,1,114,1952,13
2021-04-04,17,2563,2484,343
2022-04-09,23,1234,5136,54
2021-10-24,18,3738,4244,48
2023-06-26,6,2438,5360,444
2021-04-06,29,4546,6567,350
2022-04-12,2,477,6732,251
2020-10-04,27,782,2695,124
2022-09-16,20,4150,10960,442
2021-06-18,9,3361,3822,60
2023-09-23,13,4976,3694,123
2020-09-02,5,665,12933,298
2023-01-08,28,3321,390,190
2021-08-22,12,3056,4287,284
2020-01-15,13,4553,13379,132
2019-08-17,9,3714,10573,122
2023-11-22,28,3478,5725,183
2021-10-09,28,2894,12956,160
2021-05-25,10,3634,14238,286
2019-08-10,9,1934,4670,245
2021-05-05,9,3502,11634,235
2020-07-26,11,4698,7256,247
2019-03-16,29,2062,465,32
2023-09-08,20,3542,5843,326
2020-05-08,12,4944,11437,302
2023-06-10,6,765,9683,318
2022-02-02,17,3443,8108,109
2020-09-23,10,4259,9155,229
2023-09-22,4,4632,2533,359
2021-08-20,1,4132,10822,349
2021-06-30,12,4670,4675,483
2019-06-23,2,2395,4635,402
2021-12-16,27,2394,13835,303
2022-07-06,30,3367,10341,443
2022-07-13,5,4978,10270,456
2020-10-14,26,2728,697,373
2023-05-20,23,2581,3530,258
2020-07-21,30,3850,13221,225
2022-12-11,25,4467,8915,94
2021-06-22,30,1553,3784,176
2022-02-23,14,1366,5280,306
2023-12-28,13,2707,2873,304
2023-03-05,24,2768,12597,355
2023-07-26,25,1849,2112,79
2021-06-01,17,4663,13985,319
2023-11-12,22,1785,12217,242
2021-10-29,8,2885,13905,479
2023-04-13,30,4457,14933,50
2020-10-09,9,2637,9128,98
2019-03-10,27,2390,3619,227
2020-08-23,9,971,14059,396
2022-07-15,11,1148,5094,405
2021-03-18,13,3844,13703,129
2022-01-19,8,4623,11054,384
2020-03-23,25,3968,6063,342
2022-07-31,17,1470,6748,228
2020-10-17,20,1175,11852,197
2021-01-01,7,1280,12277,32
2019-02-14,29,3874,12422,29
2020-11-01,7,1592,1803,380
2020-04-20,12,1841,7482,138
2022-12-01,30,4604,1580,263
2019-01-22,9,4287,7117,206
2021-11-04,9,631,14609,346
2019-05-02,23,982,14384,404
2023-08-11,17,4603,12694,301
2021-08-10,25,3924,690,324
2021-10-13,27,1894,7781,304
2019-07-08,26,3089,1121,194
2022-06-07,14,3990,6523,65
2021-12-13,7,4823,10625,396
2019-05-16,23,4358,10398,156
2022-11-17,17,4064,8585,293
2019-07-13,23,1895,2720,398
2023-07-05,18,4803,14727,84
2019-12-04,26,2101,5536,368
2021-01-01,12,2213,12843,482
2022-04-10,16,411,9234,176
2020-02-09,21,3791,5827,403
2023-07-24,3,547,3751,275
2023-03-05,3,3331,8065,116
2023-07-31,26,4564,2641,159
2021-12-01,2,341,14538,291
2021-03-24,19,4613,9557,346
2023-06-21,26,2103,10594,49
2023-12-09,11,1090,2644,479
2021-08-29,1,4918,11741,392
2022-02-16,22,3980,14770,484
2023-11-04,21,357,9655,287
2021-03-24,19,1904,6435,30
2020-09-29,18,2769,4336,258
2023-09-07,21,2414,6388,81
2020-04-28,23,1997,11715,172
2023-08-17,10,279,7609,96
2022-07-05,28,3025,6780,287
2021-06-05,1,2105,2182,430
2022-09-01,15,1868,4006,485
2021-05-30,29,4583,6348,201
2019-01-07,30,4856,12493,315
2021-09-07,16,4030,8355,316
2022-07-17,30,4439,7982,122
2019-03-31,1,1926,13135,308
2019-08-08,4,4758,9717,384
2021-02-27,11,3871,5707,185
2021-06-14,14,2152,4172,36
2019-07-24,2,3066,5530,259
2019-06-05,11,1518,14135,326
2022-04-21,24,992,13311,440
2019-06-01,24,827,1691,400
2021-11-30,19,156,14040,363
2021-04-07,7,2480,10919,180
2023-12-23,17,1617,2760,347
2022-07-23,24,664,4692,238
2022-10-05,23,2093,13856,272
2020-01-08,28,3979,397,104
2021-03-24,25,1644,6532,320
2020-06-21,8,1530,3573,55
2020-01-30,22,1629,4546,369
2023-06-16,29,4865,771,432
2022-12-29,6,4493,4919,443
2019-02-22,21,478,5625,263
2023-09-12,22,387,7313,292
2023-03-08,8,3780,9948,166
2019-10-31,12,3471,1945,161
2021-10-10,23,668,12564,65
2022-12-11,16,3754,4844,289
2022-06-17,18,2812,5545,182
2021-09-01,3,3209,10040,333
2022-08-17,6,4421,1047,452
2019-01-06,18,1843,11329,46
2019-11-19,12,2013,14516,206
2019-10-09,30,3755,11851,343
2021-06-25,22,1429,2287,362
2023-03-01,29,4778,6048,287
2021-04-13,17,4636,10991,416
2023-08-03,2,1874,13951,22
2020-01-29,23,3611,14792,147
2020-12-01,3,3085,1274,456
2020-08-05,6,3882,9981,196
2020-05-10,27,2684,7095,422
2022-11-10,8,1397,13356,141
2022-01-30,7,2168,4152,30
2022-11-19,7,346,2564,50
2022-03-06,20,413,2256,181
2021-05-21,5,4568,4977,482
2021-12-03,27,279,5928,244
2020-05-27,21,2888,8250,389
2023-08-04,6,1669,12692,193
2023-07-22,10,1051,2290,253
2021-09-02,5,2366,13907,376
2020-01-30,21,594,9786,258
2020-09-13,18,2532,4955,199
2022-11-04,30,1222,13484,158
2023-10-15,6,3340,8636,419
2019-10-08,8,1250,7255,28
2019-08-04,5,3899,11983,75
2019-10-06,15,671,5913,419
2023-07-25,16,1642,5913,136
2022-03-01,6,1915,5712,473
2022-10-05,16,1978,9616,114
2020-07-09,2,537,2677,99
2023-12-21,23,249,6440,251
2022-06-30,24,3303,5145,395
2022-02-26,13,2917,12009,412
2022-05-22,19,670,14970,242
2020-12-03,26,2348,9735,373
2019-02-03,10,3956,12551,129
2021-05-05,18,2464,7374,300
2022-07-10,16,2704,10167,305
2019-06-10,27,3388,9804,11
2020-06-20,20,4985,11034,249
2019-11-08,9,3913,2800,350
2020-01-07,16,4367,12964,15
2019-03-17,26,3767,4481,172
2019-01-01,21,3396,12040,107
2023-12-15,14,4965,2788,420
2019-09-22,27,495,3524,487
2022-08-29,2,3026,3072,27
2023-12-01,23,1427,11257,239
2021-04-13,5,3370,1817,382
2019-06-28,6,2017,4970,72
2020-08-01,20,1582,11978,128
2019-06-04,23,3847,12250,46
2021-04-23,5,1459,14886,153
2021-03-19,8,1560,2822,368
2023-08-23,16,1351,11927,485
2020-04-25,25,4887,7013,256
2023-03-18,22,3027,9051,265
2020-06-09,27,619,7379,458
2021-12-02,27,398,1181,457
2021-05-13,23,4526,9911,205
2021-03-23,23,4099,9890,273
2019-01-21,21,2222,9867,206
2022-12-09,11,4460,10938,154
2022-05-09,22,129,3624,436
2020-04-20,16,1636,3702,37
2019-09-15,20,1675,4745,493
2021-08-06,14,1932,7207,193
2020-12-01,17,4790,13215,493
2023-12-12,1,1382,11818,221
2020-05-04,12,4386,2005,231
2019-10-21,1,4087,8422,52
2020-11-12,10,180,8716,307
2019-11-23,21,3650,14553,232
2022-06-22,16,3971,12246,329
2019-09-19,22,4215,3612,446
2023-09-24,17,1403,7906,354
2020-03-02,5,983,1746,226
2019-05-28,17,2847,2830,299
2023-01-19,25,3348,12590,224
2022-02-02,27,4403,5367,292
2022-04-11,5,714,6777,379
2022-07-11,13,2052,2010,404
2019-11-16,1,1760,10615,185
2021-05-18,17,3009,10024,266
2021-08-15,21,4283,11235,487
2023-08-15,11,3447,13301,233
2023-06-25,9,3930,4044,395
2020-02-14,2,2445,5637,398
2021-04-17,26,1332,4046,292
2020-10-27,2,1571,14030,160
2020-10-09,20,4835,1541,418
2023-12-21,3,1647,3413,214
2021-03-19,18,243,12047,265
2019-08-04,2,4989,13642,377
2020-02-26,30,4015,3085,375
2019-10-03,14,1920,10074,215
2020-04-21,20,2261,6132,75
2019-02-01,6,4589,1020,268
2020-10-11,1,4878,14687,28
2023-03-25,18,3723,11656,50
2020-02-15,18,2136,12049,12
2020-07-03,30,3897,5950,387
2019-08-07,28,4921,7959,239
2021-03-03,28,3896,7850,356
2020-02-17,16,3991,13914,310
2020-10-19,2,2195,1363,460
2023-11-16,9,1877,1707,31
2021-03-14,25,2037,11468,328
2021-02-27,23,187,4649,425
2023-09-18,1,4280,4263,128
2023-12-30,17,3144,10404,402
2021-07-21,23,2887,4140,128
2019-03-11,14,1611,10711,474
2022-09-29,7,4245,7854,164
2019-09-10,10,4584,14507,176
2019-07-22,10,1609,1947,444
2021-05-28,29,4852,6710,400
2023-06-30,9,3045,12017,283
2020-08-08,1,3137,2587,58
2021-04-19,16,492,4272,477
2022-01-29,11,4619,13335,163
2023-12-05,29,2267,6010,70
2019-03-03,28,2287,4609,264
2020-11-28,6,1451,8724,308
2022-06-11,22,3930,10318,256
2020-09-14,21,1201,3277,238
2022-07-05,2,1653,9149,136
2022-11-23,1,566,9908,266
2023-10-01,1,2152,14237,43
2020-09-21,13,2214,3776,32
2022-08-13,28,3764,4039,33
2023-10-31,9,533,14569,445
2019-03-01,14,3729,4305,313
2019-10-28,8,1035,12051,475
2023-02-11,5,2780,13531,409
2021-09-30,22,923,2003,22
2023-01-20,2,3973,5759,304
2022-05-15,29,4947,4503,236
2022-07-17,16,1793,13998,229
2021-09-19,30,3534,11537,280
2019-01-05,22,1538,4223,45
2020-11-12,27,4672,7222,352
2021-09-03,18,3739,7150,347
2023-07-09,28,4543,12604,62
2021-09-08,23,2539,9293,365
2020-02-15,26,2277,5095,460
2022-12-23,8,2137,2274,104
2020-05-14,28,3004,6794,465
2019-05-24,16,3293,12175,244
2021-09-25,20,2861,8495,67
2020-02-27,19,3547,8590,345
2020-08-26,25,4813,6851,213
2020-10-13,12,1706,12453,498
2019-07-11,18,4496,3179,453
2022-09-12,27,3060,3921,343
2023-03-07,11,3837,10615,479
2023-01-06,12,952,895,216
2022-06-30,24,2703,3035,160
2020-07-28,23,322,10890,448
2023-08-29,3,4897,11393,141
2022-12-21,25,1583,7884,287
2022-11-24,6,207,1762,126
2019-03-08,25,1989,4524,430
2019-01-16,21,4834,12437,138
2019-04-20,8,2754,6752,370
2020-06-23,27,1597,7269,337
2021-05-23,22,3529,10231,31
2022-03-01,27,1973,2963,475
2019-04-29,19,1281,13032,327
2020-12-21,22,4117,13983,388
2023-11-19,16,355,10423,361
2023-06-22,2,3430,7640,312
2022-07-19,19,4878,6731,283
2019-06-11,12,2132,10982,52
2021-05-15,18,1245,4985,122
2019-02-18,17,3238,6963,11
2019-06-23,27,2302,8145,351
2019-03-06,14,1601,2623,279
2022-11-23,15,3037,3212,108
2022-09-06,15,2046,2556,207
2019-06-04,12,665,10688,60
2022-11-25,21,858,9877,139
2021-05-30,4,1726,9382,445
2019-06-23,7,3246,8469,100
2023-01-28,10,2669,13446,274
2023-12-12,14,4658,11071,189
2022-09-17,2,2293,8297,92
2020-07-19,17,938,4477,315
2019-02-26,19,1178,7352,11
2021-04-06,2,2246,7686,226
2021-04-10,13,2197,9761,187
2021-05-27,10,2647,7085,173
2023-10-24,17,4814,8614,214
2023-04-24,2,4461,11745,381
2023-03-24,24,368,11735,11
2022-03-28,30,1896,3778,107
2022-10-17,4,1778,7623,293
2023-12-02,3,3233,11013,116
2021-02-25,30,3158,426,113
2020-03-22,5,2324,9344,225
2023-08-29,26,3366,7993,496
2022-08-17,20,1100,9159,414
2019-02-24,25,958,3366,163
2022-03-16,6,597,14252,449
2020-04-18,21,4606,13599,295
2019-08-21,2,603,11172,430
2023-11-17,13,3564,1646,205
2023-09-16,22,2893,11102,135
2022-08-01,14,697,11880,421
2022-01-11,14,2685,10311,298
2019-11-01,23,4567,321,397
2019-03-18,4,4031,10591,156
2021-08-01,11,1740,6127,449
2021-12-26,10,2364,6234,348
2021-07-16,24,582,7015,238
2022-07-23,8,4982,3942,161
2023-11-29,15,2534,1085,124
2023-06-22,24,1234,4465,174
2023-03-15,15,1863,4386,151
2023-09-01,18,2785,7158,68
2019-02-11,29,2294,8516,339
2021-02-06,21,2359,14066,473
2021-05-04,19,4365,9848,356
2022-12-18,5,4392,2210,113
2021-12-12,11,1903,9038,109
2023-08-26,7,3879,4363,460
2019-06-17,14,3789,13413,83
2021-07-18,19,4947,5899,214
2023-05-11,23,2573,4832,246
2021-06-23,13,2675,12982,430
2023-11-24,27,2386,7172,317
2020-07-11,13,2404,9700,334
2023-01-05,19,3847,710,155
2022-08-15,19,1575,12658,421
2019-03-04,9,999,12435,156
2022-06-27,3,1459,6416,380
2020-09-17,10,4868,2617,112
2019-07-03,30,4609,10436,189
2022-05-29,29,3555,1555,375
2023-04-22,5,3600,3125,309
2022-03-16,2,3714,11732,64
2019-11-09,14,2547,11851,104
2021-06-27,6,2131,12065,287
2019-12-24,6,364,5147,378
2021-10-12,22,4624,1091,356
2019-03-29,30,4562,4915,37
2022-12-27,6,2745,10080,401
2022-03-25,14,4033,900,170
2020-07-12,21,3891,5009,194
2019-04-02,2,613,4873,188
2021-02-02,5,1105,14863,112
2021-08-03,16,2948,10659,33
2023-09-04,8,242,4950,147
2019-05-22,15,1892,8823,440
2023-12-19,27,4179,12082,173
2023-02-11,5,4689,14213,282
2021-06-04,22,2399,2755,56
2020-09-11,3,773,2808,418
2021-04-26,23,1523,11221,270
2021-11-14,30,1723,11217,496
2023-03-19,3,3415,11378,101
2020-04-29,6,1836,14054,431
2019-09-20,27,1031,9487,87
2021-07-10,23,1781,2054,489
2021-01-22,7,2388,686,96
2021-06-16,18,3859,5218,136
2019-11-09,1,4363,9691,439
2022-04-02,16,2085,12678,363
2019-03-02,2,1306,5419,14
2019-06-21,12,2705,8735,192
2023-08-14,2,589,1775,490
2019-03-04,26,3887,4485,433
2022-02-28,26,1582,6698,266
2019-11-16,15,4389,6405,250
2021-04-25,2,4924,14653,23
2020-04-18,2,218,2688,383
2023-10-26,12,4577,10746,304
2020-05-08,19,147,7917,289
2023-02-10,15,2902,6261,483
2023-10-08,19,586,450,29
2021-06-04,13,3285,10436,121
2022-10-21,6,2528,6226,446
2019-01-28,18,4705,8997,89
2022-12-10,20,3258,9079,122
2022-03-19,20,262,10568,125
2020-08-23,22,702,3030,272
2019-06-28,25,1501,4641,209
2019-08-30,9,4962,12729,130
2019-02-05,13,3885,2457,150
2020-01-10,15,3348,13412,186
2021-03-30,10,4811,11078,67
2022-05-10,11,1383,4384,108
2019-01-31,30,1330,572,120
2022-07-21,1,4941,7732,139
2022-05-21,16,3345,6320,268
2023-06-29,17,2686,988,481
2019-04-30,6,3838,6759,190
2019-02-21,8,4024,13530,85
2021-12-30,3,4121,8623,419
2023-07-19,1,866,14282,209
2019-08-29,16,3298,7994,345
2021-06-02,15,3329,7759,172
2019-10-27,3,4663,1015,447
2021-02-03,12,2199,7283,242
2019-05-29,14,4783,2990,197
2022-04-17,7,260,8745,350
2021-03-31,16,643,4801,290
2019-11-30,17,3334,7669,227
2020-06-05,2,1623,5223,442
2023-04-12,28,1753,6618,45
2022-08-02,3,2713,1986,180
2019-11-29,3,4046,3653,183
2022-02-21,7,229,10619,30
2021-12-20,11,3548,7026,15
2023-09-02,25,1464,12550,396
2019-04-01,11,1965,13740,484
2021-06-30,7,3207,5425,167
2020-06-08,17,1803,7753,412
2020-04-24,23,1091,5181,53
2023-06-21,28,1223,6034,62
2020-05-23,19,920,4647,126
2022-05-31,28,2769,2222,18
2023-08-30,16,1780,13332,384
2019-08-03,7,3953,4426,434
2020-08-17,23,1472,748,363
2019-08-10,9,1302,2394,425
2020-02-06,18,1520,9815,165
2022-01-03,21,700,12863,429
2020-06-01,8,2417,3894,436
2021-06-08,30,652,13386,156
2020-01-06,25,4354,14909,311
2020-12-12,23,4855,2835,332
2020-08-02,4,3148,11576,200
2020-04-27,11,4880,12107,371
2020-11-04,6,3953,10619,360
2021-08-28,23,4730,1239,128
2019-08-01,10,1511,14933,362
2022-01-05,26,1051,5902,329
2019-02-18,23,3133,11856,278
2021-05-17,26,966,7027,27
2022-03-21,11,2419,14759,396
2021-08-05,24,4894,10523,116
2022-05-20,23,4756,5254,287
2022-06-24,20,4797,7981,166
2021-02-13,10,2323,6553,117
2021-05-18,24,3341,5332,383
2020-08-02,20,2274,2356,60
2019-11-15,19,598,2682,182
2020-07-19,5,4751,7147,414
2019-12-30,14,4997,13727,119
2021-12-04,1,2112,6665,131
2021-11-23,16,3522,2912,389
2019-03-06,19,1323,14568,406
2021-11-12,29,3138,5342,440
2021-06-06,28,3534,4443,408
2019-04-24,23,1597,5320,410
2019-09-24,8,4506,11782,43
2020-04-25,6,1369,2662,325
2022-04-09,27,1400,938,364
2022-06-17,28,2082,5299,376
2022-06-19,2,965,9323,167
2021-09-09,26,144,10204,319
2020-09-03,8,3748,1279,123
2019-12-12,21,1609,5802,153
2022-02-01,14,4217,5637,440
2021-07-05,26,4753,10300,406
2021-03-02,21,4955,7011,58
2019-07-01,9,3084,8550,69
2020-06-20,5,1041,1539,382
2019-10-22,30,4149,12556,459
2023-03-04,18,3640,8903,421
2019-09-17,27,3076,3431,450
2019-03-14,17,309,3407,350
2020-05-23,8,1282,10611,377
2020-09-24,16,3074,13631,331
2020-04-03,3,1295,1482,458
2020-11-03,3,4085,8197,374
2020-08-03,8,1909,14971,144
2021-09-16,11,3188,14739,244
2022-04-10,1,3208,5404,240
2022-11-05,6,2727,14765,71
2022-10-11,8,4580,14070,422
2023-04-12,5,2709,11025,274
2022-03-04,5,4326,6264,393
2021-03-27,14,1559,2423,59
2021-04-20,24,193,11647,175
2020-09-10,10,4801,1697,465
2022-07-02,25,657,14055,22
2022-08-14,24,4725,4925,491
2020-10-20,9,2716,2474,468
2019-02-26,22,4436,10978,328
2019-02-01,22,1480,7352,424
2019-05-18,12,3930,12968,229
2020-05-19,11,4223,1075,103
2022-05-02,21,1085,2233,227
2022-07-12,28,1708,882,242
2021-12-01,6,4183,5807,151
2022-07-28,21,3462,11740,25
2020-05-05,25,1838,8622,297
2019-03-09,30,4812,3138,165
2022-03-03,29,4805,3396,285
2019-11-20,20,231,789,193
2020-10-31,5,3220,330,244
2022-06-29,6,233,10164,320
2021-12-19,19,518,12223,193
2019-01-16,19,2392,2644,464
2019-10-03,22,3734,2213,456
2020-11-07,1,2027,2646,202
2023-04-06,26,4473,14026,114
2020-05-09,1,208,10139,177
2021-09-20,3,4859,7530,473
2022-05-12,13,2838,2393,79
2022-11-18,12,2873,3337,370
2019-10-28,5,2981,10438,391
2019-03-18,20,3937,8283,428
2020-12-29,25,4042,617,68
2020-01-15,5,1505,6909,215
2021-10-25,14,4059,8797,329
2022-03-12,23,723,4445,61
2019-08-12,9,750,14624,251
2020-06-16,15,4834,10583,228
2021-03-08,9,741,6156,103
2019-08-13,20,2267,7691,118
2023-10-16,7,2954,4761,188
2020-12-19,29,3133,3718,383
2022-09-04,1,3102,7050,91
2019-02-12,2,3014,1442,312
2020-08-27,6,1608,10758,80
2023-08-17,7,1274,9152,18
2019-11-05,10,818,5699,329
2021-08-03,10,4514,7003,203
2022-07-04,7,4560,7417,492
2022-09-13,25,4239,3900,16
2021-12-01,17,1555,13677,309
2023-12-15,5,638,7874,494
2022-05-16,14,2459,2919,468
2021-01-23,24,4585,10998,221
2021-12-24,9,1653,6179,353
2022-12-06,25,486,3697,58
2022-10-18,14,947,13086,104
2019-10-02,8,2789,2499,193
2022-03-11,29,3882,7893,140
2019-03-14,10,3049,4200,483
2020-06-15,16,1872,11254,253
2021-01-23,18,3521,12468,378
2022-06-28,14,3221,2968,82
2023-08-18,10,2311,1496,11
2023-08-03,20,3638,3775,273
2020-02-01,2,1462,13719,420
2023-09-02,6,724,11782,30
2021-01-12,19,4299,4866,177
2020-08-02,3,3552,13988,492
2023-01-17,25,2703,7224,401
2019-04-12,26,4748,241,317
2019-08-11,11,4780,4660,302
2019-08-23,30,3161,326,337
2019-02-15,14,3049,1111,315
2022-12-15,12,4933,2702,70
2020-05-03,16,4695,462,91
2022-04-17,8,2052,11185,120
2023-03-13,5,4446,2368,97
2019-05-20,11,134,1265,208
2023-01-17,28,3703,2310,292
2021-10-09,1,3967,11299,477
2020-09-11,12,2957,8960,431
2023-07-06,16,2180,9426,428
2020-05-24,22,3760,10454,337
2019-07-08,17,3116,2893,482
2019-04-26,24,4547,6943,407
2023-03-23,13,180,11327,478
2019-01-13,20,3370,4612,280
2019-01-14,8,2231,237,485
2019-03-05,25,4129,3535,296
2020-02-17,13,4763,14966,347
2022-10-15,11,4133,12521,296
2021-09-11,1,261,1992,95
2021-06-18,25,1225,6309,307
2021-08-11,23,3132,9701,87
2020-01-05,13,1104,12915,277
2023-01-30,7,4552,1157,342
2020-08-28,23,3588,9093,196
2023-01-27,11,1025,3565,392
2022-03-28,17,3809,4510,293
2020-08-27,13,584,964,189
2020-03-25,28,3107,5823,348
2019-09-01,25,4776,6949,29
2022-11-13,19,1909,5722,430
2021-07-31,25,1647,5934,330
2023-01-26,29,4069,4950,441
2023-04-09,26,761,5814,493
2021-09-23,19,1320,243,248
2021-02-13,10,4482,6798,349
2021-01-16,24,1759,10475,438
2020-07-14,7,3797,4328,78
2022-07-26,15,186,9290,186
2023-09-28,19,4294,7417,484
2020-09-02,10,4011,1073,83
2022-05-29,15,1191,6880,353
2020-06-29,10,3031,8462,442
2023-11-08,8,1181,5400,100
2022-06-06,29,233,13092,418
2023-09-25,30,513,12043,444
2022-04-26,14,3701,9031,120
2019-07-07,6,1817,14010,247
2022-12-22,1,4034,3446,478
2020-02-08,29,2444,8022,430
2021-10-08,23,708,11635,303
2021-01-15,20,4672,8314,449
2020-03-04,8,4811,14594,262
2019-04-17,3,392,9918,204
2021-11-07,6,2806,10087,337
2021-05-22,7,970,9064,468
2020-05-22,11,4160,2963,112
2022-05-31,9,4734,14234,56
2019-07-22,21,2531,3253,126
2019-12-26,19,2773,11390,170
2023-01-08,1,2184,13047,362
2020-05-20,6,4381,4320,213
2020-11-01,20,1488,11737,444
2023-07-29,8,1326,4056,358
2023-05-21,2,4076,12455,411
2021-11-08,1,2732,11507,432
2020-02-01,18,4439,2150,19
2020-09-20,15,562,940,71
2019-04-30,26,2588,14232,251
2021-06-28,10,2805,11925,491
2023-10-02,27,4518,14868,37
2019-01-28,23,1688,10973,270
2022-12-01,4,1846,8672,291
2021-05-23,2,1497,13603,472
2019-01-04,20,595,1914,402
2020-07-01,30,792,6460,102
2019-06-20,15,4254,11063,178
2022-12-18,19,1824,8314,334
2020-07-10,11,4860,3817,169
2020-04-19,21,1882,11129,397
2019-11-02,29,1322,3948,446
2020-09-24,28,2469,6367,279
2020-05-04,16,1766,12595,490
2023-02-28,4,106,2496,378
2023-01-28,15,983,3102,116
2023-08-13,25,1697,529,76
2019-10-05,16,147,8781,78
2020-03-27,19,3488,8283,497
2020-02-25,9,3875,12236,173
2021-02-18,25,1160,14909,128
2022-10-23,17,3639,3421,75
2022-10-24,9,4648,6210,364
2019-10-01,17,2374,11029,126
2023-07-10,23,447,790,217
2023-03-18,8,2458,8602,52
2020-06-07,16,2952,12682,200
2019-04-29,24,1601,818,339
2021-02-16,21,847,8382,427
2021-05-25,16,1494,11260,302
2023-11-22,5,1404,8334,284
2022-01-23,7,2433,2059,34
2019-04-26,12,3170,1876,91
2020-03-15,13,1493,4811,341
2023-06-11,6,2435,7325,304
2021-10-16,11,4181,7658,199
2021-05-22,6,614,1004,80
2021-06-21,7,2444,11142,160
2022-03-11,22,1753,4968,335
2022-06-10,15,2534,14087,137
2022-11-16,17,4868,14029,473
2021-12-01,7,836,13347,256
2020-10-10,27,1485,10140,436
2021-04-17,17,3778,6493,365
2023-04-13,9,2301,13429,274
2023-02-05,12,2213,7694,286
2021-09-10,3,1393,947,123
2022-02-28,7,1267,10788,130
2022-07-17,25,1691,7001,494
2022-05-31,18,3795,6484,362
2021-08-15,27,799,7386,125
2023-05-26,28,2549,10118,303
2022-05-30,23,2086,260,170
2023-11-06,11,4677,3778,492
2023-01-28,22,2657,12929,190
2022-02-20,26,1856,1102,450
2023-04-18,12,3052,8495,124
2022-07-26,28,2093,6954,428
2020-08-05,23,2395,2631,216
2021-12-20,24,2687,7460,203
2022-10-09,2,3066,5168,247
2020-02-12,14,2612,1992,103
2020-09-23,12,3391,1705,22
2021-03-14,29,3289,14538,476
2021-05-02,14,3053,8429,226
2023-04-02,13,3397,4757,209
2020-12-29,26,1389,3559,239
2023-02-11,11,4912,5687,134
2021-10-16,6,1743,3802,433
2023-03-02,19,2193,10163,182
2021-02-27,16,4643,5345,439
2022-06-04,25,597,5894,224
2022-01-24,9,1667,4507,423
2019-03-06,18,3714,4024,271
2023-12-28,23,1960,5588,187
2021-09-14,19,412,12031,283
2020-06-16,25,379,678,100
2020-06-24,26,2582,13837,101
2022-08-14,7,1799,13228,100
2022-07-01,20,3449,14661,423
2019-12-24,11,592,10068,69
2021-08-30,10,1671,10011,397
2020-11-04,26,1125,7340,497
2022-08-16,26,3669,11193,205
2021-08-28,18,677,1135,148
2023-11-03,11,4712,9593,230
2021-07-01,21,2149,10213,198
2019-03-01,24,583,319,387
2019-11-12,22,2604,14689,151
2020-04-15,13,660,5916,485
2021-03-01,25,1410,4954,472
2020-06-26,9,1654,5921,304
2019-12-01,8,1487,13678,268
2019-07-29,28,3530,3673,269
2019-12-26,13,4116,1622,475
2019-08-21,25,1595,6460,43
2022-11-12,17,4156,4270,444
2020-07-04,29,1391,12105,65
2022-11-04,15,1765,1810,434
2019-06-06,10,3162,4546,306
2020-10-24,10,3049,6757,98
2023-02-07,17,341,9844,352
2022-03-22,18,2673,8670,425
2021-03-10,3,3689,10168,90
2021-01-09,15,1735,2551,486
2020-05-07,18,378,1884,75
2020-11-03,15,4859,5301,83
2019-06-21,14,2065,3509,132
2023-11-30,3,4409,1186,463
2020-01-16,11,915,6720,331
2020-02-03,23,746,9709,390
2019-05-11,27,4765,998,61
2022-12-19,18,4716,12711,39
2019-02-17,20,748,14857,50
2023-10-15,18,1207,5697,489
2023-01-23,21,2047,11743,237
2021-01-30,1,1657,14795,428
2021-01-02,15,4154,13927,408
2020-11-21,25,3864,10830,30
2020-02-05,25,3130,1411,272
2020-03-06,4,3687,5508,382
2020-10-22,13,2108,9999,495
2023-02-19,12,866,6314,481
2019-05-11,9,3246,10214,370
2020-12-26,27,1519,357,392
2019-04-15,25,4330,14003,468
2022-12-15,7,3730,1193,380
2022-07-09,17,877,2473,81
2022-05-07,11,3037,5279,344
2023-02-05,1,1598,12010,431
2021-10-22,17,533,14469,200
2021-04-09,23,4144,4439,288
2021-12-12,12,137,1254,393
2019-05-02,15,4259,8007,47
2022-06-09,2,2160,6986,467
2020-08-25,28,3437,8468,309
2021-11-05,8,4183,14437,314
2020-06-30,16,1753,3727,54
2021-12-19,11,1801,5478,24
2020-11-19,30,2459,13091,325
2019-04-01,16,3619,7341,264
2020-07-21,4,801,2273,268
2023-12-24,18,2605,7037,197
2023-08-19,30,3968,11895,463
2020-05-14,26,2680,2694,404
2023-05-16,26,1269,8020,180
2023-03-08,20,1811,13306,379
2020-10-29,15,441,13406,321
2021-07-02,20,1249,4923,108
2022-07-03,22,4422,8482,76
2022-11-16,25,1067,12193,472
2022-09-07,16,2980,442,24
2021-05-15,27,1912,12792,318
2020-04-15,21,1197,4414,242
2023-02-07,28,4973,3856,85
2019-05-03,14,2004,8007,290
2021-10-26,23,4777,11640,491
2023-12-04,12,622,10472,440
2020-06-05,26,1309,12108,340
2020-03-02,24,3588,10680,304
2022-07-16,5,1234,9913,18
2019-07-31,1,2077,2286,207
2020-05-27,17,1600,9266,373
2021-01-15,23,4601,14090,403
2019-02-14,18,2550,12785,378
2023-08-09,12,1480,3548,458
2020-07-21,27,4227,14180,111
2022-08-26,22,4406,9543,30
2019-09-04,2,4667,244,283
2022-12-22,21,2157,4932,473
2023-04-17,16,3055,12504,62
2020-01-11,8,4809,6758,265
2022-04-27,21,2821,14000,237
2019-03-04,21,4335,6553,301
2023-05-04,11,1811,10609,102
2020-02-11,20,3656,6203,17
2022-07-23,9,147,14962,281
2022-05-09,2,1821,10985,465
2019-10-27,23,2124,2152,494
2022-07-21,28,3136,339,95
2019-10-10,3,4977,12741,385
2023-12-13,25,2166,10001,188
2021-07-01,24,4297,4817,205
2020-01-19,3,1853,10910,490
2019-07-08,3,2916,10736,125
2022-02-08,28,4737,4608,375
2021-11-17,23,365,5044,47
2023-07-20,28,719,4193,477
2021-11-08,23,3251,12293,451
2021-11-27,11,2106,9764,71
2021-03-06,23,3285,7330,498
2022-06-22,21,3632,13392,78
2020-07-07,26,455,9823,443
2020-08-22,17,1913,1774,117
2022-07-01,15,3955,6467,171
2019-02-05,3,4925,13915,350
2023-05-27,23,921,8279,69
2019-10-03,3,2500,10716,448
2023-03-05,4,2665,14977,431
2022-09-28,11,3875,3027,462
2021-05-14,10,3262,13184,158
2019-05-27,14,2654,13879,308
2020-04-03,9,3845,4681,176
2022-09-18,2,4124,13415,92
2019-01-31,27,599,2990,19
2021-07-22,5,2089,3232,368
2022-05-01,19,4758,6415,80
2021-01-04,27,1024,13602,82
2021-02-13,27,1846,1520,24
2021-05-03,27,1564,14311,231
2023-06-10,16,3212,14672,452
2022-01-22,10,2269,1633,348
2019-12-03,18,3194,5864,374
2022-09-15,23,3277,9997,116
2023-07-19,21,3809,9684,264
2023-03-23,23,4546,8254,176
2023-02-14,3,4837,12928,294
2019-01-10,13,4162,5484,424
2019-07-22,24,168,11166,454
2021-06-09,3,2300,9754,387
2020-04-24,7,2791,1935,18
2021-12-11,4,3048,7311,148
2021-05-12,22,4449,12425,36
2023-10-21,6,2996,14337,208
2019-12-03,15,4678,1067,99
2022-03-16,14,2474,9722,27
2022-04-28,2,2356,10616,404
2020-12-15,2,2957,3079,247
2019-06-02,6,2234,10040,255
2021-12-10,20,2997,10861,392
2021-04-10,24,3021,8467,269
2023-11-23,16,1574,14632,268
2019-11-24,13,2684,8719,490
2022-12-21,3,4962,10823,52
2021-09-30,12,744,1908,323
2023-08-06,6,3544,8544,249
2023-03-24,10,417,2159,187
2022-09-24,22,1837,14739,44
2022-03-21,3,703,8149,179
2021-10-08,8,1080,1940,463
2019-09-21,9,4082,10303,245
2021-02-26,21,4880,475,298
2020-03-27,22,692,1645,107
2023-10-02,11,3032,6275,119
2023-01-24,18,1227,12322,198
2019-10-05,1,4976,9643,41
2020-03-19,3,4952,298,297
2020-05-29,2,3396,10087,131
2019-08-06,1,3237,2329,245
2021-01-15,6,4832,8499,405
2019-02-28,29,3567,1966,294
2022-05-27,28,2134,12241,339
2020-10-17,3,1857,13564,147
2023-10-25,1,1738,8400,488
2022-08-26,22,1930,5445,460
2019-04-27,5,4305,4886,196
2022-06-30,18,1632,10119,26
2021-03-06,20,3193,13227,41
2020-12-30,16,2906,10309,131
2023-01-28,12,1049,1139,352
2020-10-16,25,1157,6541,224
2021-01-19,1,3237,6678,277
2021-09-17,11,1252,12101,287
2021-12-02,10,4206,2295,54
2020-10-11,16,1174,14546,443
2021-01-05,10,3776,4826,300
2019-02-04,18,1528,9642,34
2023-10-08,28,2343,7704,60
2019-06-05,25,272,10887,19
2023-02-25,16,1619,2266,95
2022-03-17,27,2735,9436,84
2021-07-12,30,2142,8425,397
2019-05-10,23,3845,3971,496
2020-11-20,22,3444,4685,467
2022-03-02,22,3429,7730,499
2021-11-30,9,209,1973,436
2023-07-19,9,3775,11396,229
2019-07-23,18,3009,7240,328
2020-01-05,9,868,1720,197
2021-11-30,5,1527,5659,421
2022-02-12,15,462,8940,169
2020-07-24,8,2985,11904,337
2020-09-10,17,507,9870,251
2021-09-01,7,3295,646,260
2021-10-21,28,1267,13489,135
2019-12-23,19,3704,3809,203
2022-11-17,13,1911,6585,454
2022-01-16,16,3150,8824,52
2020-06-19,4,2062,4122,441
2021-12-19,17,3722,3217,389
2019-04-01,30,1122,2519,413
2019-04-10,10,4930,875,482
2021-09-12,15,2951,14211,448
2019-03-09,6,4512,7634,196
2020-06-24,19,3530,10643,287
2022-08-13,5,3143,14585,478
2019-07-30,25,3251,10934,466
2020-12-14,6,2551,13439,52
2023-04-30,8,3366,13630,400
2020-01-11,5,1658,10696,202
2019-05-08,5,2862,1102,62
2022-12-22,25,3304,4798,107
2020-04-14,17,4536,2959,54
2020-07-13,25,4253,8455,372
2021-12-25,6,3853,12894,210
2023-10-17,4,4646,2621,78
2023-07-18,18,1508,10475,466
2019-01-02,25,3698,8161,100
2019-06-11,17,176,1811,434
2019-08-18,2,3248,14642,409
2022-05-12,14,4229,11668,343
2020-07-23,16,239,259,100
2023-12-05,1,1702,13046,199
2021-01-31,8,2812,10414,180
2023-09-02,7,2348,6561,142
2021-02-03,16,4133,6339,197
2023-11-30,21,1922,6281,51
2019-09-11,25,1964,9942,287
2019-04-21,9,4690,11092,27
2020-06-12,17,4440,7824,71
2020-05-05,25,2992,9538,479
2019-04-29,22,3210,6264,349
2023-04-03,6,259,13309,248
2019-01-31,4,4514,1601,494
2020-06-16,7,3145,4163,64
2020-11-07,14,3601,8003,458
2020-03-29,18,2358,2251,128
2023-02-04,15,2237,10413,123
2021-05-17,29,1487,4059,92
2023-06-02,4,1367,12682,302
2022-11-07,12,3881,1365,248
2019-04-14,22,3140,9230,199
2021-09-07,26,2898,5505,103
2020-12-05,4,1534,2215,389
2021-05-25,29,4858,719,62
2023-02-01,15,1703,7893,171
2020-01-13,12,2322,14997,144
2023-09-10,17,2415,9867,159
2022-10-07,12,4289,13617,300
2019-12-24,3,2323,5659,227
2023-03-10,24,3475,4624,56
2019-03-06,2,4126,1715,167
2019-12-31,10,197,5732,408
2020-11-21,19,4079,4953,67
2021-09-09,13,2223,1310,361
2020-07-07,27,530,14708,204
2022-07-29,17,2912,10979,245
2020-11-09,30,4497,1642,358
2022-10-14,10,2686,6017,210
2019-08-04,25,1617,3964,314
2022-12-07,25,2080,4827,330
2023-10-19,23,4368,10318,367
2020-11-09,21,1195,11128,340
2020-11-22,4,332,5532,307
2019-06-25,20,2128,1058,317
2023-01-13,30,1834,9767,186
2020-02-07,30,117,10215,416
2020-08-11,22,4830,12567,84
2021-06-02,15,3333,14071,172
2023-09-27,10,4041,2063,17
2019-08-09,12,607,791,254
2022-03-07,20,898,349,314
2022-02-01,3,389,12495,395
2022-08-22,20,1726,13577,416
2020-10-10,18,1551,10738,52
2023-09-14,4,1845,10253,87
2020-02-14,6,2984,5611,419
2020-08-17,26,2469,13064,265
2021-12-13,9,1680,985,478
2019-07-22,3,2709,13598,334
2021-12-28,26,3898,11777,144
2023-03-22,12,2625,5434,323
2021-08-14,4,4882,5957,35
2022-01-06,26,1649,13231,220
2022-01-09,26,3545,4335,460
2021-12-06,16,264,13355,333
2022-06-06,16,1249,10303,335
2020-04-26,14,1676,2958,497
2023-09-29,15,551,3757,207
2021-01-17,9,4784,6275,333
2020-09-06,5,3339,3566,435
2020-09-19,25,2049,4870,141
2021-05-03,15,2977,768,74
2019-05-30,24,3196,11575,130
2023-11-02,14,1852,9804,66
2023-12-08,27,358,5456,273
2021-06-26,7,594,8989,425
2022-09-12,16,3353,8954,439
2022-05-13,7,1878,7085,354
2019-04-18,23,4015,2864,134
2019-05-23,28,1053,11150,364
2020-01-31,26,767,3500,208
2019-09-24,29,1573,13952,312
2023-05-03,7,1354,13765,127
2020-02-20,18,1139,7927,233
2023-08-25,30,4802,10096,151
2019-02-14,29,2614,6705,414
2019-03-17,15,3040,8797,313
2021-10-28,21,2702,14974,447
2020-11-08,13,515,10716,251
2020-11-21,7,4830,4279,377
2023-11-17,10,4753,13702,391
2021-02-17,11,840,11833,381
2023-09-16,12,3862,5561,435
2023-04-11,23,3011,9558,13
2019-08-06,1,4329,2261,144
2023-04-28,25,1606,3725,179
2023-05-27,13,3800,9343,433
2021-07-01,26,3405,12274,330
2020-09-24,28,1448,14478,482
2023-05-22,27,2508,14754,157
2022-10-02,15,965,5750,123
2023-06-13,27,4998,8765,239
2019-04-21,10,2625,5318,390
2023-05-16,15,1023,5442,321
2023-04-06,26,4797,2225,344
2023-08-13,15,1249,13010,240
2023-01-02,8,4877,2710,348
2022-04-25,9,3318,3723,42
2019-02-03,30,3118,9226,210
2020-06-14,10,933,12618,58
2019-04-24,12,2248,8965,383
2019-12-01,27,1956,9930,226
2020-10-31,4,2060,12150,148
2019-07-21,11,3980,5563,181
2019-03-25,14,3494,13235,484
2023-07-17,22,2191,7960,201
2023-01-18,22,3487,11059,352
2019-10-28,24,621,3527,192
2019-12-13,7,2303,7853,209
2019-03-10,11,2810,1282,362
2022-09-04,26,1248,7554,344
2021-11-21,6,3003,8083,383
2021-12-28,21,861,5287,42
2022-07-23,28,2391,1944,63
2023-09-11,5,1296,6949,149
2021-07-04,11,141,9665,318
2020-01-21,19,1282,9556,146
2021-04-18,10,4340,1971,422
2022-12-05,29,1464,12693,438
2020-05-23,4,3576,7489,222
2020-01-26,10,4624,12631,157
2022-10-26,23,2074,4189,143
2021-12-19,28,2086,7420,382
2022-07-19,20,942,5671,61
2020-01-09,6,2217,7666,401
2022-06-19,9,2960,14594,291
2022-12-06,30,3250,8813,52
2021-12-05,25,1883,12643,264
2023-09-29,22,3969,12779,307
2021-07-22,8,899,9172,154
2020-05-11,11,1702,13834,447
2021-08-22,24,2084,724,145
2021-12-11,1,3532,11771,335
2021-04-03,28,1467,12980,250
2023-02-17,12,411,10286,14
2022-10-28,29,2058,1547,80
2023-07-03,17,1569,8073,394
2019-07-19,13,4871,8539,346
2020-03-06,8,2414,4082,307
2020-06-16,17,4166,7600,324
2022-10-29,18,4710,14110,179
2019-07-26,27,3357,1192,200
2021-01-16,4,2810,6716,401
2021-05-09,23,4652,5507,378
2022-09-16,9,3810,4359,351
2023-11-08,15,2773,826,166
2020-11-19,8,1600,8973,380
2019-01-09,3,3694,8621,153
2019-12-17,25,2562,12216,209
2021-10-15,14,4008,1994,16
2020-04-22,11,1801,1246,192
2022-12-04,14,4931,7166,149
2019-07-01,29,153,4659,351
2021-01-10,15,2745,2113,40
2019-08-30,6,973,9183,404
2021-09-03,17,1569,371,472
2020-09-27,30,4528,899,60
2023-02-08,27,948,10987,497
2022-06-21,21,2529,6889,331
2019-12-10,29,4583,9893,262
2023-10-11,23,1081,2792,319
2022-11-13,22,3996,3127,223
2021-07-21,26,709,7809,283
2022-04-17,7,2769,8371,488
2020-07-24,29,1856,6098,304
2020-09-10,5,1988,14361,201
2020-02-06,25,3092,14160,95
2022-08-10,7,2797,11537,359
2019-03-08,25,4564,8558,119
2021-03-31,6,4325,2966,27
2022-02-12,7,2111,13459,311
2020-12-24,30,244,8334,133
2020-03-21,3,3296,1041,96
2023-10-04,19,2054,4786,34
2021-10-03,21,2729,3638,41
2020-11-08,21,2996,234,494
2023-11-12,29,904,4728,18
2021-03-30,7,1749,2469,243
2023-08-29,15,4976,1424,276
2019-12-05,9,1424,253,141
2022-10-20,13,1045,3409,31
2019-03-08,8,3895,10662,122
2019-07-15,22,1813,5851,255
2019-04-26,28,3239,3803,132
2021-05-25,2,451,9534,306
2023-01-07,23,1337,924,15
2020-04-21,22,512,11628,478
2021-02-12,1,4280,3210,325
2021-08-28,12,2756,4288,453
2022-01-10,15,1262,9779,344
2023-10-11,12,758,3093,475
2021-08-23,19,3351,9055,101
2023-09-07,16,4912,5646,150
2020-06-18,21,3571,6237,222
2019-07-31,12,3784,10547,204
2022-08-29,24,3610,14576,111
2021-11-22,29,1708,12470,100
2021-08-15,29,2768,13802,263
2023-05-09,8,2354,7836,37
2022-07-03,8,3415,366,115
2022-02-17,13,4668,5109,335
2020-02-07,22,336,11612,488
2020-12-02,3,1420,13432,424
2019-04-15,14,1367,11683,211
2020-08-07,18,4033,1512,319
2019-02-28,11,4559,11681,65
2022-09-19,11,1284,2111,46
2023-03-27,22,181,13454,399
2023-11-01,30,3318,10698,416
2020-08-21,11,3563,3194,31
2023-04-21,5,3324,11240,268
2020-05-12,17,4348,11638,105
2019-12-15,8,1416,7533,110
2023-09-30,4,1685,4163,52
2019-03-13,24,1026,11635,210
2019-04-26,26,1813,4681,251
2019-07-11,6,519,10436,88
2022-10-28,30,3077,13419,202
2019-06-03,2,2269,1487,133
2023-08-19,19,1109,6785,161
2020-12-16,4,3995,684,111
2022-03-11,4,235,9761,208
2019-10-16,9,1996,11571,242
2022-10-11,14,463,7391,147
2021-12-07,13,2331,8893,185
2023-09-05,20,1251,4039,26
2020-12-18,18,702,3667,352
2022-12-03,28,581,1108,93
2023-01-11,11,454,974,283
2021-12-12,27,812,11045,272
2019-04-15,25,782,3509,377
2023-07-06,29,1080,7813,394
2020-04-19,13,2298,10734,142
2019-05-04,21,2184,5639,44
2020-08-16,18,837,10488,325
2020-04-09,16,2276,10611,151
2020-06-28,20,4542,4106,16
2021-06-13,8,3575,8016,183
2020-04-29,28,2018,7038,225
2021-11-21,22,827,12542,33
2021-03-18,10,788,1882,25
2021-03-24,18,1523,9295,163
2023-12-15,30,4453,7274,233
2021-09-22,18,2522,2051,221
2022-10-07,25,1287,4137,245
2020-09-26,5,1566,4120,266
2022-07-25,4,3717,10230,43
2021-01-19,21,4120,1241,63
2020-06-12,21,3690,13639,474
2020-08-25,6,3751,5835,78
2020-04-16,1,1735,13831,11
2020-12-29,30,137,11964,449
2023-06-20,21,3874,10769,338
2019-11-23,20,2671,5038,144
2019-01-01,16,3796,14840,328
2023-10-15,9,2494,9894,474
2023-05-03,26,2559,7452,327
2023-11-06,30,4514,9505,124
2022-02-03,24,3733,13062,242
2023-05-18,25,1813,542,248
2020-04-20,23,916,7643,241
2019-07-02,2,190,11105,155
2019-03-31,27,3255,14422,417
2022-07-07,11,1099,9971,310
2023-01-07,23,1145,4340,333
2019-12-11,15,2396,10787,310
2019-02-17,20,3320,6826,249
2019-10-16,19,4446,6434,300
2022-08-13,3,4084,12628,149
2019-07-09,28,1108,3439,34
2021-08-27,1,3201,5965,395
2021-10-18,16,3401,6643,430
2019-11-29,2,4551,14501,116
2020-03-09,2,4476,937,65
2023-01-01,22,2217,13534,21
2021-02-18,3,2411,11725,191
2020-07-22,15,1183,9471,481
2020-05-13,28,4818,11475,361
2019-03-07,12,2110,14839,108
2019-12-22,9,1509,8238,29
2019-12-25,3,401,3320,96
2020-04-06,13,4581,6142,154
2022-05-07,3,4367,13829,150
2020-06-20,13,717,10821,310
2019-10-12,13,4006,7430,330
2019-11-30,17,4629,3550,42
2021-10-19,29,4816,1803,112
2022-12-22,10,2279,9036,113
2019-06-08,13,1300,10269,253
2021-12-15,18,3540,12741,253
2020-05-02,5,4105,2619,150
2020-07-30,5,1664,9126,452
2023-10-17,8,2868,11757,86
2019-10-04,25,3365,13543,377
2020-06-01,12,1413,7856,133
2021-02-04,14,4973,11407,428
2019-11-13,13,3273,3140,344
2023-02-06,22,4519,9800,29
2020-09-21,4,4404,6843,383
2022-03-20,14,2945,7989,316
2021-02-28,18,2870,7222,462
2020-07-24,1,2209,9281,336
2019-06-22,21,877,7533,448
2020-03-22,27,3713,6275,46
2022-03-25,13,4936,4130,160
2021-07-25,25,2377,10147,253
2019-01-31,23,4151,9928,134
2021-05-17,5,1487,3186,428
2019-11-30,19,924,1827,475
2021-02-07,12,2241,2258,335
2020-11-13,15,1002,6633,417
2021-06-13,26,4012,11623,252
2023-04-20,15,2275,5508,218
2020-11-02,12,2340,12389,235
2021-08-06,21,4452,3241,97
2021-02-18,22,4450,14859,472
2021-08-18,27,245,2392,381
2022-01-12,17,3056,14697,446
2022-09-26,11,2264,5142,230
2022-06-28,28,4409,1470,83
2020-03-11,24,1613,427,274
2021-08-25,22,205,9386,209
2020-07-03,19,1192,12823,353
2019-06-03,7,2691,3329,465
2019-08-13,3,4447,8170,104
2023-07-16,9,2168,4026,181
2022-04-23,8,2467,6092,294
2021-12-31,18,1007,1969,336
2019-12-30,1,3899,973,484
2021-06-19,7,3543,2529,141
2023-07-13,2,2613,9288,344
2019-02-09,3,3947,14291,112
2019-06-14,8,566,375,87
2022-04-13,20,3314,5738,63
2023-08-09,24,2532,9786,305
2021-12-07,12,3204,13483,79
2022-06-09,10,2404,5309,245
2019-11-07,15,4688,3643,380
2019-02-28,21,3482,9821,74
2023-01-11,21,2187,6664,393
2020-12-31,25,509,2277,306
2021-10-01,27,2690,5137,460
2022-06-03,14,2517,8980,190
2021-05-20,18,4975,9429,187
2021-02-17,29,2150,2798,132
2019-05-26,22,2087,11770,207
2022-07-04,15,4989,10407,450
2021-05-01,9,4159,1388,42
2021-08-10,23,360,8708,402
2019-09-24,17,2967,13369,166
2023-07-31,20,4932,4469,162
2020-01-09,9,237,10792,82
2020-08-19,6,4405,14669,33
2020-10-17,8,3994,13394,17
2023-12-12,26,2416,740,398
2022-09-08,13,4091,8148,413
2020-03-26,27,504,4735,362
2019-11-25,6,1597,3862,234
2019-09-19,14,1495,7381,93
2022-02-18,26,1613,13754,151
2020-02-14,22,1091,1341,163
2019-07-10,11,1745,2879,177
2022-01-20,23,747,11203,153
2021-07-30,28,451,5977,432
2021-01-05,27,711,14898,391
2022-03-29,24,3634,9737,145
2023-04-28,21,4196,3097,242
2020-05-12,3,473,11035,139
2019-09-01,9,265,9811,44
2023-03-30,8,3095,3892,243
2021-12-09,1,3501,528,59
2023-02-16,6,4131,14879,121
2019-02-21,22,2609,8982,483
2022-04-25,19,4813,12783,372
2023-09-01,3,3499,9689,82
2022-08-24,1,1928,2613,390
2021-04-07,11,291,5529,448
2020-01-24,4,4672,9454,468
2019-12-19,8,1870,8422,198
2021-10-12,30,2032,1584,390
2020-05-26,11,4555,9431,118
2022-01-31,25,692,14999,445
2019-09-30,8,4832,8064,339
2019-10-01,20,1348,1018,178
2022-01-22,19,4528,12302,282
2021-05-24,9,3556,12964,130
2021-02-21,12,2851,3523,399
2023-03-28,17,4758,6344,420
2021-08-23,14,3963,3489,52
2020-09-10,15,858,14728,44
2022-05-19,28,3242,1986,187
2019-12-19,18,948,9675,245
2022-04-02,13,1249,632,481
2022-01-14,9,1268,877,348
2023-05-26,24,844,10427,394
2022-03-14,29,4631,14544,180
2023-07-30,24,3244,3983,66
2020-12-10,24,3664,12922,305
2021-02-02,1,909,2735,91
2020-05-15,4,2759,1129,405
2022-09-27,22,378,6858,496
2021-10-27,10,2582,812,39
2023-01-14,6,748,12440,114
2022-11-19,15,2364,14848,438
2019-04-23,21,2689,6686,404
2020-03-17,18,597,13712,289
2019-06-18,1,3156,14086,149
2022-03-09,18,811,6287,38
2019-04-06,7,2017,6183,307
2019-05-27,9,2137,13580,394
2020-03-22,30,3388,11005,488
2019-07-05,3,3239,6982,265
2020-02-02,17,2869,14568,296
2020-12-19,26,4979,12667,367
2019-09-28,6,1786,6017,397
2022-08-22,6,1161,8058,158
2023-08-09,3,504,9661,294
2019-10-02,1,510,5013,271
2023-09-04,18,1024,14792,250
2019-04-11,13,3950,11470,464
2019-07-25,29,3281,2132,149
2019-05-14,1,1571,6897,303
2021-04-01,18,2670,13545,181
2020-01-20,6,263,4539,224
2021-06-28,25,1439,4415,96
2023-01-06,6,4185,9537,186
2023-09-11,17,2936,11179,438
2020-01-30,18,789,11860,161
2021-01-04,13,609,5253,403
2021-08-29,19,2428,4525,35
2020-09-27,12,199,8026,291
2019-06-13,12,2569,13691,179
2023-02-22,1,958,1179,102
2020-05-02,13,4833,538,307
2021-03-23,6,2502,1818,377
2020-08-18,12,3899,8808,108
2021-03-06,13,320,11395,195
2021-09-10,8,3780,12062,101
2020-06-04,14,252,5507,410
2020-10-17,7,710,13772,247
2020-07-28,7,249,8057,413
2019-02-01,27,2139,12479,481
2023-09-11,14,4829,12651,498
2023-05-30,13,965,10271,293
2022-01-15,8,1941,11482,229
2022-10-29,16,803,4138,490
2023-01-08,29,2439,14588,220
2020-03-16,9,1938,6017,106
2019-08-20,14,3769,2929,227
2021-02-13,24,2978,1994,18
2022-07-26,20,1415,1862,81
2023-12-07,6,1335,12046,70
2021-04-29,26,539,13525,306
2021-07-16,5,194,11070,101
2022-08-03,16,3876,14342,426
2022-08-24,6,1078,9120,376
2021-12-18,8,3431,8708,54
2020-10-02,27,1326,4758,54
2022-11-25,30,3654,12437,99
2022-08-20,28,3528,3315,139
2021-07-13,10,4414,8590,164
2022-10-20,1,1849,8326,330
2021-02-13,25,2194,2672,92
2020-09-24,13,3317,12402,136
2019-12-17,8,656,4964,235
2020-07-22,27,4265,5510,340
2019-10-27,6,4369,4422,459
2020-04-28,8,3130,13905,495
2020-08-22,7,3656,5970,402
2019-05-12,10,2593,10841,390
2020-03-09,5,4457,9537,11
2019-05-13,29,3654,11018,281
2020-06-18,3,2732,4025,283
2019-09-12,4,1223,2971,45
2023-05-19,25,2097,5379,477
2020-07-18,6,3704,7744,216
2022-03-16,20,2907,5311,495
2020-12-19,7,1726,9556,272
2020-12-29,10,632,10420,393
2023-09-20,1,4989,5999,343
2021-01-01,15,2695,5700,305
2020-02-15,16,2290,2165,428
2020-12-23,12,4569,10367,98
2022-02-18,24,3955,2221,118
2021-11-30,7,472,1405,279
2021-08-25,23,2204,12407,359
2021-03-14,3,731,9077,11
2022-10-01,23,340,4442,265
2021-03-08,17,3970,3135,355
2020-04-20,6,2690,12113,45
2023-12-22,23,3233,8763,290
2020-11-24,13,4746,13497,489
2021-08-19,14,1472,8974,291
2019-03-31,23,3759,1468,185
2023-10-16,13,1051,10821,296
2020-08-06,20,2051,4254,22
2021-01-16,29,3236,12238,42
2022-10-01,4,4524,2036,353
2023-04-04,4,4726,8300,252
2020-10-11,23,693,12262,234
2023-11-23,1,1614,13945,489
2021-05-20,22,1081,9577,237
2022-01-20,6,1355,9374,348
2020-09-29,2,4426,3792,388
2022-06-25,26,4804,2503,86
2019-10-14,27,316,7977,142
2019-02-04,15,4708,10686,71
2021-09-14,10,3435,664,333
2019-09-10,10,1403,11498,374
2019-04-09,23,4328,5310,439
2020-09-09,25,1711,1192,171
2020-08-31,14,1098,5693,495
2022-01-20,15,3848,4646,441
2022-08-06,22,3289,9805,275
2022-03-27,26,1122,12567,29
2019-08-25,4,2126,6763,165
2022-09-24,28,2673,7181,350
2020-07-28,23,1011,13453,359
2023-08-01,25,856,1436,206
2022-09-05,18,3446,8397,294
2023-09-16,19,3116,12265,83
2019-05-02,1,3222,12018,37
2022-04-30,11,824,212,226
2019-08-09,24,3353,4828,337
2022-10-27,18,3694,10066,434
2019-04-15,21,966,7575,48
2021-04-12,13,3488,12122,358
2023-07-21,14,2779,10726,257
2021-08-23,25,3930,14357,456
2022-02-16,9,524,11110,187
2019-01-05,7,1981,8820,374
2023-03-18,8,3851,12986,26
2022-01-01,2,3274,11592,345
2020-06-12,9,198,7970,219
2022-07-20,6,2492,8973,74
2023-08-12,19,686,3026,392
2023-08-22,14,2268,11824,364
2022-03-20,5,3030,10639,59
2021-12-19,11,3142,6666,227
2019-05-23,5,4696,4223,23
2023-02-07,27,1202,989,183
2022-03-20,22,1963,6346,216
2023-08-06,21,4694,8241,338
2022-03-23,12,3485,14939,445
2023-07-04,26,3464,8496,366
2020-08-31,5,3042,7974,181
2022-05-14,29,4948,5641,497
2019-08-14,19,3676,6813,181
2019-10-20,20,2742,6512,273
2020-03-03,17,3632,2619,219
2021-03-18,16,4003,12302,487
2019-03-17,18,4213,7983,313
2019-01-12,22,3550,8957,433
2019-06-14,13,2463,5032,249
2023-04-29,9,583,8282,232
2019-01-02,17,2801,7631,334
2020-01-08,5,1841,11138,15
2019-07-03,11,3530,1741,264
2020-04-06,22,4189,2518,457
2022-03-02,18,3373,14775,227
2023-08-15,6,2945,9714,299
2023-04-22,17,417,5247,85
2019-06-22,5,4674,5603,376
2022-09-11,27,2517,11177,256
2021-11-08,24,1808,14332,480
2019-04-29,4,1897,3717,116
2021-12-21,1,3945,13671,34
2022-05-05,11,1333,5149,270
2019-02-14,28,1918,8359,341
2022-02-17,27,3385,10918,359
2021-05-12,4,4167,4270,185
2022-11-06,16,335,2064,436
2020-05-22,3,4002,11781,155
2020-07-30,25,2533,1168,345
2019-03-15,18,4178,1541,161
2022-11-24,14,1658,8038,426
2022-07-03,1,2535,12173,77
2021-11-27,22,998,14094,108
2020-06-07,28,584,2499,175
2022-03-27,10,1640,3788,23
2019-01-19,6,3049,8801,146
2021-06-28,25,2705,10552,58
2020-09-30,26,4950,9020,223
2020-11-21,13,2377,8069,110
2023-10-31,5,719,7765,368
2023-12-03,6,3370,3213,265
2021-11-14,27,4205,8849,485
2022-12-12,10,737,6615,283
2020-10-13,16,4455,4072,494
2020-08-05,28,3072,10168,312
2019-08-03,3,1364,7118,417
2022-03-05,30,4352,7869,293
2022-10-15,10,2087,5563,27
2022-03-19,10,4122,7421,67
2020-05-06,20,4025,9947,101
2022-07-12,16,747,4610,386
2021-12-10,23,4203,1859,438
2020-08-25,3,3116,9933,94
2022-11-03,4,4007,12291,283
2021-05-05,12,121,12891,398
2020-07-11,21,3702,8723,239
2021-10-25,16,3491,1299,75
2019-04-13,20,2144,13483,138
2022-03-16,22,3122,6975,463
2019-04-15,14,2840,5056,183
2019-10-01,24,1788,3734,93
2023-09-09,20,4700,13518,118
2020-07-25,8,4529,7407,240
2019-04-15,28,3324,13883,322
2021-01-03,10,1291,1930,17
2021-02-15,1,1232,4376,79
2020-06-09,1,4927,7657,374
2021-10-09,6,1319,12480,151
2023-10-19,27,3203,9701,64
2022-07-23,3,4227,10718,119
2020-04-27,1,4693,11574,341
2021-12-21,4,466,10180,143
2022-02-20,2,3494,3924,319
2022-02-03,23,4012,7642,87
2023-08-31,7,979,9904,265
2021-07-27,9,4409,12708,256
2021-08-05,17,2968,7558,428
2020-11-07,14,328,7734,309
2022-03-24,20,4750,1993,407
2020-10-25,30,4841,13674,112
2020-11-01,23,2581,8877,164
2019-01-08,11,547,9733,224
2021-09-19,25,1073,12468,196
2022-04-02,1,457,6792,295
2020-08-25,3,1882,10034,130
2021-06-07,4,1034,4884,99
2020-08-27,14,2294,13438,432
2021-07-26,21,2941,2616,182
2019-06-19,8,610,9893,21
2021-03-04,19,2464,10755,185
2021-01-15,6,228,10130,493
2021-03-17,7,2980,4399,281
2022-02-24,14,4895,11003,352
2019-05-22,7,4724,10411,266
2021-02-22,21,4876,13750,483
2020-10-28,5,3162,3003,112
2020-06-12,26,1752,9086,487
2021-07-19,13,4469,11250,326
2022-02-02,25,2339,13133,22
2020-02-11,27,4703,3202,468
2022-04-03,3,362,7223,272
2023-04-26,12,825,11738,353
2022-10-18,10,789,7419,204
2023-06-21,1,4283,6099,159
2023-10-30,20,3608,1252,115
2021-06-26,8,1530,5772,101
2019-08-04,16,926,6485,152
2023-07-21,1,4109,10724,474
2019-12-16,5,3405,5763,12
2019-05-31,24,944,14910,368
2022-02-14,23,4348,7890,167
2023-08-15,16,685,9985,353
2020-02-17,18,1646,2277,388
2019-11-20,12,2317,1649,13
2022-12-06,19,2840,9922,109
2020-01-30,1,3797,858,436
2022-03-22,5,4544,300,357
2023-12-31,15,2768,4349,314
2022-10-29,18,4472,5169,473
2022-04-11,20,384,7138,496
2019-02-24,20,765,9447,325
2023-04-28,24,3798,13085,167
2022-02-28,29,292,5951,374
2023-10-13,12,2208,11307,109
2022-03-16,13,1628,4233,332
2021-06-11,7,3744,6624,368
2023-02-11,27,2125,8824,22
2023-11-12,18,260,1636,366
2020-07-01,10,2408,1969,446
2021-11-11,2,2865,8425,196
2019-09-03,18,3580,5437,320
2023-04-19,6,3388,9438,16
2020-09-23,10,3289,4673,41
2020-01-14,16,2883,4572,441
2022-12-29,25,1879,9679,274
2019-12-10,13,1229,11124,269
2020-02-16,7,2666,5095,442
2020-07-07,22,907,12586,451
2020-08-02,20,1451,7206,468
2019-05-22,26,2581,1601,143
2022-07-22,3,2134,10591,189
2022-09-09,2,1053,6654,160
2020-02-24,9,1445,6713,317
2019-11-07,12,3638,422,441
2019-03-11,15,2385,3716,308
2023-11-16,22,1613,13151,476
2019-12-15,6,3952,2714,136
2021-09-01,28,3111,8494,130
2023-03-02,21,3901,10783,197
2020-04-03,5,4554,5635,357
2022-03-29,12,2896,6317,498
2022-10-25,19,3723,14446,121
2023-09-05,20,4998,3399,352
2023-02-08,1,4865,11347,429
2022-04-30,29,2748,9111,437
2020-12-08,13,3688,11143,362
2020-08-16,7,288,12959,307
2021-06-21,1,1559,7061,257
2020-06-26,3,3445,8249,228
2019-07-16,9,744,4426,260
2023-03-11,18,1527,308,218
2020-10-04,18,248,9565,346
2023-10-17,14,1142,7186,435
2023-01-19,26,4502,13452,56
2021-02-09,15,1131,12368,396
2023-02-12,4,3464,4706,394
2023-11-28,2,2539,1278,19
2020-06-21,29,4962,6086,333
2019-03-06,17,3481,8421,479
2020-03-27,26,3432,2546,211
2022-10-06,3,3322,4135,341
2020-04-20,22,1814,10681,449
2023-09-10,20,2029,7941,11
2020-02-06,22,4963,13282,237
2020-07-26,2,3421,14135,399
2019-03-25,30,3508,9760,409
2023-04-10,25,144,5708,461
2021-02-15,6,817,7515,92
2023-05-16,12,4855,545,123
2021-03-28,7,4499,4510,328
2022-07-09,2,767,14808,72
2019-07-30,17,3469,12464,449
2023-04-14,6,4063,3461,338
2021-03-09,30,1048,5556,395
2021-06-12,21,4446,7398,36
2019-06-12,10,4478,13820,383
2019-03-19,29,2739,6538,272
2019-11-19,24,2533,10986,215
2019-06-24,22,1702,12975,279
2019-10-04,2,4705,2287,340
2021-04-18,13,4168,7132,130
2021-02-24,29,179,1312,452
2020-09-05,2,3708,12612,63
2022-11-20,4,3205,7435,212
2019-11-20,5,3937,2989,480
2020-04-25,10,4569,13091,481
2021-05-01,24,4204,10538,398
2022-08-24,12,720,6519,448
2022-04-19,20,4681,5328,475
2023-12-05,3,813,10085,106
2021-05-08,19,1140,3356,297
2022-04-23,28,375,14888,457
2023-10-30,21,1897,13606,168
2022-12-30,29,2857,13733,128
2019-08-14,5,1778,13437,68
2021-09-20,4,3454,11692,53
2019-08-17,9,2885,4878,278
2022-04-20,16,895,4845,370
2023-05-18,28,1041,14075,65
2023-12-19,3,878,14258,117
2019-07-01,4,1275,2284,261
2022-09-06,2,2812,8635,458
2019-05-27,28,2410,10981,246
2019-09-09,7,3508,9359,451
2023-06-19,10,2272,10963,103
2020-03-16,18,4024,14547,89
2022-12-25,16,1825,559,159
2022-12-27,19,2854,13493,209
2019-12-06,24,3260,3976,131
2023-10-16,25,4391,10154,412
2022-09-19,7,705,5962,19
2023-01-05,10,2475,7456,393
2019-02-14,15,2982,14615,442
2022-05-18,11,115,13609,433
2021-03-02,30,2901,4239,299
2019-02-17,1,4736,3971,414
2019-12-06,18,2967,552,456
2021-08-01,23,3287,14863,316
2023-05-23,26,551,13259,163
2019-09-18,18,3003,10955,316
2019-01-12,17,4403,1945,120
2022-11-29,15,3645,246,352
2022-07-20,3,4635,1471,205
2021-02-26,27,3765,3101,139
2021-07-07,29,4609,5196,349
2023-08-10,22,4844,8596,163
2022-01-31,26,2389,850,453
2019-12-26,16,4668,2984,199
2023-06-17,26,3037,342,25
2019-10-14,24,1214,12393,256
2022-07-10,29,862,13470,163
2022-04-09,1,2503,10507,15
2023-08-01,6,2273,449,362
2023-12-29,9,1126,10677,134
2023-04-19,12,2165,11038,181
2020-01-16,12,215,12657,401
2019-02-25,9,4800,9341,76
2021-06-07,9,2797,770,96
2019-02-02,8,3830,14800,231
2021-02-13,26,3277,12775,258
2023-02-28,15,2942,12789,46
2019-12-16,15,3240,1338,405
2020-06-26,11,4803,301,283
2022-02-27,30,3731,7765,303
2021-05-16,27,638,11832,167
2019-07-28,21,4840,5508,367
2019-06-26,17,160,3445,33
2022-09-09,1,2926,9727,251
2020-07-05,21,3703,12138,192
2020-02-03,12,3672,13314,147
2020-05-02,30,693,5545,375
2023-01-15,19,4552,847,217
2019-12-29,14,410,11122,485
2023-12-06,12,432,274,270
2020-04-05,20,364,13016,48
2020-04-16,24,4028,4911,201
2020-04-10,25,436,2412,27
2020-08-05,4,3240,11516,15
2023-04-15,1,3261,14873,473
2020-09-21,10,3793,8351,214
2019-12-03,7,683,5898,187
2020-06-25,16,1367,4063,427
2023-07-01,18,4917,2441,255
2021-08-31,17,3124,303,386
2020-11-11,4,1819,5805,319
2023-02-17,4,2708,11838,446
2023-02-08,23,4960,13573,128
2019-07-18,25,129,3298,250
2020-02-01,27,2421,9085,417
2020-12-01,7,3294,1923,418
2023-03-16,17,2517,4149,418
2022-01-28,21,2734,4954,224
2022-12-30,4,2132,11155,161
2021-10-09,19,4282,7082,177
2019-05-11,3,3320,14209,33
2022-02-07,19,2833,7186,259
2021-06-16,5,1761,8840,436
2023-10-13,29,1390,6380,139
2023-01-31,20,4353,6303,89
2022-04-08,30,2454,4140,206
2019-01-23,8,4282,1487,391
2021-03-07,15,2540,10869,360
2021-03-12,26,242,14883,453
2020-10-23,5,3039,12179,204
2020-06-29,3,3961,6839,280
2023-06-24,6,4091,1643,331
2021-03-18,29,639,4997,358
2022-08-30,21,3394,8191,403
2021-03-04,27,3309,10023,111
2021-12-30,28,831,10215,391
2020-03-30,8,2082,8193,171
2023-10-20,7,4095,4619,412
2023-03-24,19,909,2968,346
2021-02-25,3,130,7586,457
2022-06-28,13,3560,2252,192
2021-07-09,27,3083,14943,452
2019-10-29,3,1220,14030,19
2023-11-05,11,4319,1328,298
2021-11-11,23,4110,1423,414
2023-04-09,16,752,11686,223
2021-07-16,13,4039,1967,114
2021-10-08,24,2811,2872,479
2019-02-21,22,566,12943,13
2023-07-29,19,3576,12604,430
2020-03-10,29,3806,6354,416
2022-02-22,3,3897,333,232
2019-07-21,12,4097,4782,219
2023-11-06,11,1748,14022,53
2023-04-30,18,746,6573,340
2021-04-28,15,4010,660,257
2020-03-20,7,3607,10331,36
2021-06-14,24,2729,14439,176
2022-07-16,14,4079,8498,158
2021-09-11,21,4934,13284,67
2019-09-24,7,2412,9284,218
2021-07-04,8,4025,3499,222
2019-06-21,11,1416,5842,268
2022-10-29,27,2609,10645,440
2020-08-07,22,4096,7690,280
2021-03-21,24,4796,11429,379
2022-01-09,13,1570,14851,395
2023-01-04,13,3188,5185,266
2020-01-03,15,4378,10575,19
2021-02-23,30,1781,8699,45
2022-07-10,27,3025,5202,434
2023-10-27,5,4123,5428,257
2023-07-12,8,1763,1231,81
2020-07-28,23,4357,13740,309
2021-10-16,2,4779,5545,88
2021-02-10,1,1125,12198,342
2023-08-14,26,4650,9452,129
2020-05-03,1,698,1648,438
2021-08-25,13,2927,11097,86
2020-09-11,10,978,14096,421
2023-10-20,21,560,4474,286
2019-03-28,28,3252,9451,449
2019-01-12,8,3568,11469,337
2022-06-29,17,4597,1933,336
2020-11-08,14,4656,11087,273
2020-06-30,28,3156,4044,464
2022-06-22,20,4408,6229,461
2019-01-02,1,4189,14594,54
2019-02-26,9,4569,7238,256
2020-10-23,11,125,9984,199
2023-04-14,2,1850,11134,284
2020-08-08,7,1849,12128,473
2019-07-15,30,4993,10436,341
2022-07-17,27,3258,887,433
2023-08-10,12,2958,10201,180
2022-09-08,19,2129,12580,435
2021-04-21,19,2503,10339,99
2021-07-30,13,2571,14254,133
2021-02-25,3,4658,1090,225
2020-12-01,4,4807,906,329
2023-04-27,6,2366,12892,274
2020-08-22,7,875,3190,24
2023-10-05,18,630,3923,208
2019-11-07,9,3714,7170,296
2022-02-28,4,3758,5593,206
2022-02-18,23,3660,6493,40
2022-05-16,28,4542,6555,280
2023-10-30,22,1469,1938,323
2019-01-13,13,1983,3999,283
2022-07-07,1,2201,12711,76
2021-06-29,21,1656,2619,412
2019-08-17,22,2501,7736,432
2021-11-17,16,4259,4360,95
2020-08-12,20,1998,1487,333
2021-06-11,24,2546,9194,80
2020-01-01,2,3312,11334,137
2019-04-11,16,4270,7520,403
2020-03-29,4,993,7969,180
2020-01-07,18,1868,3358,291
2019-02-22,25,3586,13516,353
2023-10-07,29,3635,14991,289
2022-07-07,1,2296,9800,464
2022-04-13,17,1900,6794,103
2020-05-25,28,1624,1787,357
2019-10-01,5,1167,2694,26
2023-04-06,27,1954,14306,201
2020-11-15,27,467,217,447
2022-08-04,26,3080,14012,140
2020-10-03,17,1299,13878,282
2022-12-31,5,3438,7342,190
2023-03-05,6,3485,12461,197
2022-04-27,20,691,9382,85
2019-10-17,17,4000,323,378
2023-10-03,3,586,12436,66
2019-11-04,12,644,4318,254
2019-04-08,8,3736,12053,25
2022-06-28,10,512,4551,44
2022-10-31,7,593,12305,11
2020-01-21,26,804,7079,414
2021-12-20,13,3429,11511,307
2021-01-03,24,1838,14791,101
2021-06-16,6,1059,1078,202
2020-05-17,13,4513,2093,71
2023-12-10,30,801,4858,212
2020-01-08,7,882,8707,52
2023-12-09,3,4777,4054,346
2022-09-12,22,1723,13813,26
2021-02-27,27,2446,8522,229
2019-01-04,5,832,12801,479
2021-01-26,25,1412,13980,302
2023-02-03,22,865,7588,456
2022-11-04,16,4762,6582,292
2021-10-17,9,915,4631,106
2019-09-26,20,1486,13284,161
2021-10-04,8,1807,14539,326
2020-04-18,29,1765,14979,478
2023-12-29,17,4877,13793,442
2020-04-20,29,940,8302,93
2023-10-19,1,4369,9576,135
2019-03-30,28,2395,1832,144
2019-11-24,12,1121,9885,279
2020-11-09,7,4196,1201,117
2022-04-14,23,1566,2549,284
2020-06-20,5,4003,9305,197
2022-10-29,2,2970,14867,192
2019-05-01,3,3834,5105,333
2022-07-15,23,982,14461,344
2022-05-24,4,1972,8502,401
2022-07-05,20,3179,11574,111
2022-12-31,12,322,7644,21
2023-05-27,12,870,2649,371
2021-06-25,13,214,2396,84
2022-05-15,3,3403,11235,21
2023-05-14,15,3652,2254,229
2021-08-18,3,849,10349,216
2019-10-31,29,1843,3135,435
2022-09-29,6,417,11346,192
2022-11-27,2,2250,14280,308
2021-01-12,7,3627,8202,110
2023-11-01,2,1715,14654,126
2023-08-04,27,1592,13055,330
2022-09-03,27,4282,3547,175
2022-01-11,30,1575,7842,318
2023-11-07,5,3555,13130,435
2022-10-02,29,2189,10149,214
2022-04-14,1,2860,5555,30
2020-08-16,1,4135,12912,203
2023-02-13,1,845,3580,151
2023-09-03,23,4715,9983,333
2023-09-14,3,864,9164,447
2019-06-15,4,4575,14226,54
2021-09-14,16,3794,3212,418
2019-10-20,17,2069,8051,338
2021-09-03,23,4839,2798,493
2023-06-18,17,2707,5503,260
2019-12-03,21,453,9497,59
2021-05-15,4,3595,12856,307
2022-01-06,1,1971,10935,467
2019-07-19,12,994,7810,324
2020-01-10,27,3750,6128,352
2020-10-29,17,4971,7585,15
2021-12-28,25,2445,12459,255
2020-06-26,10,646,6107,16
2021-12-27,8,1392,10558,443
2021-09-28,27,3090,6771,441
2019-01-29,23,2487,4918,111
2019-01-05,29,4390,12827,220
2023-04-07,1,4246,345,94
2021-05-01,14,1307,14404,458
2022-04-10,13,4399,5299,125
2020-10-06,10,2796,10103,67
2021-11-28,28,2795,1797,78
2023-01-28,20,4032,5859,221
2020-05-30,19,4881,4619,155
2022-08-21,12,654,10088,315
2023-05-23,14,153,381,37
2020-07-25,19,659,10050,155
2020-04-10,28,4131,7784,327
2021-07-10,7,2475,10690,411
2020-10-13,9,829,10270,213
2019-04-14,18,4867,8080,332
2021-01-30,14,3164,6046,177
2022-03-18,2,1233,14861,57
2020-11-27,12,122,1250,57
2019-10-21,10,3773,9595,243
2023-04-09,6,2480,14433,71
2019-01-12,9,2919,4593,17
2022-05-22,23,2174,9399,136
2022-10-21,30,294,4249,358
2019-11-08,24,4896,1906,393
2020-07-22,17,4615,10981,34
2023-01-22,13,706,13907,89
2022-09-11,28,2257,7474,425
2023-02-26,24,3007,9806,114
2020-06-01,14,629,8134,489
2022-05-24,2,133,2738,94
2019-07-11,23,686,2915,101
2023-05-19,15,4804,14539,463
2019-06-17,15,4922,4163,55
2023-09-29,9,1851,12302,480
2019-07-29,23,597,1537,47
2020-06-18,13,4918,2606,296
2020-01-06,11,1361,6829,134
2020-02-03,16,4015,3779,108
2019-10-19,9,3014,6602,335
2019-11-07,2,727,4406,121
2022-10-30,15,1702,3755,148
2021-12-07,16,4562,2099,248
2020-04-18,28,1367,5634,119
2023-08-17,6,4558,7637,389
2020-10-16,11,4944,9866,297
2020-02-15,14,2218,14177,462
2021-05-15,2,387,12279,432
2022-11-16,15,2762,11850,138
2019-12-30,13,209,5810,100
2022-08-27,19,599,1223,48
2023-08-03,8,1834,9032,483
2022-01-06,28,1830,2350,147
2021-07-25,11,2965,8680,247
2019-09-02,28,3633,13710,240
2023-11-10,2,434,3323,412
2023-01-29,18,4605,1654,451
2019-09-05,13,4823,11578,373
2020-01-28,19,4497,14498,36
2023-12-08,23,1625,4330,452
2020-02-15,4,2773,2415,219
2019-07-11,13,2349,13672,67
2023-11-25,22,3927,6977,316
2023-10-04,1,2126,6807,327
2021-10-28,10,1975,5343,269
2022-03-02,15,2010,11662,494
2022-03-08,20,1440,7790,292
2021-11-04,6,1850,10965,114
2020-02-25,7,2519,8162,80
2023-09-22,8,4409,5631,369
2022-01-23,9,1303,4504,253
2020-04-17,24,205,11147,78
2019-01-10,30,2322,6097,376
2020-04-18,1,1414,12808,191
2022-02-24,17,785,6157,95
2022-03-12,28,3661,12087,63
2022-10-22,6,4937,6362,450
2019-02-17,8,2761,5926,25
2020-06-20,4,993,11163,452
2021-10-16,21,2101,1858,323
2023-02-03,17,1519,6790,274
2022-01-30,19,3304,1139,374
2021-08-16,10,4588,4610,319
2020-07-01,15,794,1488,88
2021-06-08,15,1153,7016,186
2022-10-09,30,4500,11867,235
2020-09-18,10,2883,13267,90
2020-04-19,18,1924,13419,38
2023-12-07,21,1801,8913,382
2019-08-08,25,2218,9918,275
2020-06-10,1,2362,9141,126
2020-01-25,30,4138,13827,386
2020-08-18,4,193,11908,438
2022-04-12,19,208,328,454
2020-02-01,12,4182,13133,223
2020-10-13,10,3597,4163,256
2019-02-12,6,2548,9764,176
2019-12-15,4,604,7413,63
2020-07-22,30,2481,9986,23
2023-07-05,18,3205,3273,249
2022-09-12,28,4596,6086,249
2023-02-28,9,167,1303,442
2022-10-01,27,361,13926,32
2020-07-09,3,2862,885,201
2021-01-22,1,3269,12514,246
2022-04-10,17,3607,9766,146
2022-10-19,13,3042,3115,383
2022-06-05,22,1718,10574,270
2022-10-23,27,3315,9954,68
2022-10-24,17,508,13708,214
2019-10-05,6,3775,11946,123
2021-11-23,10,1817,5457,150
2021-03-27,3,3568,5894,58
2020-05-12,13,288,1606,355
2021-09-26,23,490,11186,422
2023-03-17,5,4508,14023,31
2022-02-07,29,4406,12963,80
2021-07-29,29,4666,9186,421
2022-08-02,2,319,6589,154
2021-11-28,29,478,11044,188
2020-10-15,8,3497,13122,434
2020-06-16,18,1872,1059,445
2022-02-19,9,326,11053,132
2022-07-08,19,2360,4332,194
2020-04-13,2,4410,8806,425
2023-12-23,21,2135,10029,424
2022-12-10,25,1889,4181,428
2021-03-30,26,4446,4125,299
2020-09-07,14,973,10183,255
2020-04-26,2,2035,10517,285
2022-04-13,23,1527,5956,350
2020-08-19,16,3682,3099,110
2020-11-18,11,2867,10566,294
2021-07-16,22,4893,995,256
2023-04-19,29,2665,13460,403
2019-07-26,3,4198,8261,118
2022-05-13,23,3832,2324,47
2020-06-21,4,3983,10883,21
2020-02-04,24,2717,13003,342
2022-11-23,27,638,11151,105
2019-10-30,30,1901,3481,331
2019-09-18,2,1072,11330,440
2022-01-03,29,4424,6133,364
2020-04-07,13,1215,10614,459
2019-10-10,6,1966,6930,323
2023-04-03,23,3095,1573,47
2019-12-26,26,4514,5104,494
2022-04-23,25,2163,6562,496
2022-05-26,28,2854,2477,274
2022-10-12,18,965,4524,243
2020-05-28,24,2506,12452,280
2019-10-31,10,1436,5939,253
2022-02-17,4,417,13413,356
2022-06-17,4,4592,6971,70
2022-08-21,23,4781,2784,197
2019-04-09,6,3521,10257,232
2019-10-14,24,2018,2633,58
2023-03-03,2,388,9761,272
2019-10-19,3,675,14073,111
2021-05-29,24,1822,13081,230
2019-06-11,11,2321,11296,391
2021-02-03,14,1558,8641,349
2023-12-19,6,361,7070,351
2021-10-01,5,1239,10444,328
2020-12-30,23,3829,10643,253
2019-02-03,30,1367,2819,38
2020-08-15,26,3651,9409,97
2021-05-22,11,1585,12250,364
2020-10-01,18,1650,11691,169
2021-06-07,29,337,3176,441
2019-05-22,29,3383,7219,252
2021-04-29,4,972,1338,220
2019-01-18,20,2556,8699,29
2023-03-11,8,4371,1836,75
2022-01-05,7,1475,9518,63
2022-06-17,29,380,4229,75
2019-01-11,20,3113,5736,178
2020-10-26,4,4423,7050,192
2022-04-14,21,2744,9702,400
2019-03-27,4,1701,8369,286
2022-04-28,20,4837,13601,100
2021-08-20,20,3855,6646,358
2022-11-13,4,3249,9391,120
2019-06-07,13,3692,11394,25
2023-04-28,15,767,8686,200
2019-02-14,4,258,8240,292
2019-07-05,21,2708,3376,166
2020-05-24,17,199,4202,336
2020-08-26,28,4380,4921,295
2019-01-09,4,1751,3912,466
2023-01-19,6,2845,8241,415
2022-03-17,4,3360,580,368
2021-10-09,27,3133,9771,322
2021-05-27,14,4925,6249,469
2019-09-02,3,250,13187,417
2019-08-22,9,498,6321,196
2022-12-10,8,3204,14479,307
2019-07-10,30,3790,4240,44
2023-03-19,30,2992,308,491
2021-04-17,3,1869,10575,15
2020-08-23,25,717,4059,68
2020-12-02,22,3660,2645,119
2020-06-09,7,772,3864,12
2019-12-21,13,4423,5926,18
2023-05-03,19,1968,580,163
2020-01-05,10,447,464,333
2020-03-13,9,971,3618,260
2019-04-14,28,469,5353,189
2020-12-31,20,4238,2801,174
2020-10-27,11,722,8313,142
2020-07-31,18,1796,13774,65
2020-06-09,24,4192,14525,206
2020-03-07,28,4422,5192,315
2020-04-30,1,2953,7355,208
2022-06-29,24,4226,14581,338
2022-06-19,7,1935,14391,229
2019-12-20,8,2561,6179,20
2023-09-18,22,1745,9143,466
2019-03-10,29,1073,12546,459
2019-07-24,17,3583,1873,492
2019-05-27,8,3542,10114,80
2020-08-28,8,421,12416,153
2022-02-14,13,2708,7362,137
2021-08-08,13,2429,990,196
2023-07-09,11,3310,8429,238
2023-07-04,19,1283,6056,98
2021-11-24,14,4481,6562,50
2022-09-17,8,4030,9274,346
2019-03-24,10,4767,1539,15
2021-11-12,19,4061,2168,254
2020-01-07,15,1491,7684,212
2019-04-28,18,2393,6052,119
2020-03-02,24,2846,5459,272
2022-02-09,30,3297,4113,265
2023-08-31,20,4195,6670,263
2023-01-02,26,892,4533,188
2022-10-10,11,3472,8313,296
2020-03-21,22,2520,8285,324
2023-09-18,21,3299,3685,399
2019-05-08,24,3573,7768,204
2023-11-20,12,1982,8564,474
2021-01-11,6,3731,8378,312
2021-07-17,7,4469,13957,268
2019-09-12,12,1068,12938,443
2022-12-14,23,2113,8845,393
2021-06-03,29,143,12933,464
2019-08-01,7,3529,10101,480
2020-01-01,1,1936,1904,155
2020-01-24,19,4089,2524,452
2021-07-17,6,1003,13143,308
2019-02-26,23,4519,13506,225
2020-03-06,11,1137,14333,186
2021-11-13,2,4977,3010,406
2019-06-08,17,4188,11101,201
2019-08-22,16,1813,5879,295
2019-05-05,28,445,4460,325
2022-09-06,4,3003,11084,265
2022-06-19,11,1351,10897,163
2021-12-02,10,1025,14350,320
2021-06-05,23,784,12350,112
2019-08-09,7,603,1391,192
2023-12-06,22,3938,2123,234
2020-11-03,6,1858,2921,235
2021-05-20,17,2659,6016,251
2021-09-14,8,3800,10644,78
2020-09-09,7,4104,1250,242
2019-08-10,29,545,4752,375
2022-11-11,28,2042,6599,119
2020-07-04,15,2851,13036,209
2023-07-02,12,4589,12666,337
2023-09-30,1,424,5410,216
2019-02-09,18,580,12127,452
2019-01-13,7,4283,14942,55
2021-08-30,16,520,3751,494
2021-01-29,4,348,4974,224
2022-11-12,6,3249,12595,392
2022-04-19,25,2114,255,341
2020-03-01,11,4896,12389,326
2019-02-09,9,4041,5999,224
2023-11-23,15,3784,5975,405
2021-12-29,9,4322,7539,356
2019-07-09,9,544,10741,273
2023-09-19,21,4264,9809,43
2021-03-23,17,1803,3552,393
2020-10-27,2,1912,9029,369
2022-04-29,7,3547,350,152
2019-10-03,7,4527,13097,113
2023-10-24,18,2291,3269,486
2022-03-27,22,2403,14351,329
2019-08-22,27,3949,7761,476
2022-03-01,4,2900,12839,298
2021-04-23,4,1339,4187,78
2022-05-01,30,2955,3548,252
2020-09-06,28,1766,11707,195
2021-01-13,30,3194,12399,376
2022-02-11,13,2985,6802,169
2020-04-15,15,4352,2157,279
2021-08-27,21,630,5798,81
2022-04-07,23,3833,7813,76
2022-05-22,14,3840,3230,162
2020-06-10,24,4437,10794,144
2022-11-18,14,3815,6112,64
2020-10-23,11,1041,7083,158
2019-01-06,29,1956,13298,277
2022-04-26,20,3327,1047,471
2021-07-01,24,1836,8963,328
2023-01-28,2,914,7113,461
2023-09-09,14,3028,11483,338
2023-08-19,24,4969,8765,344
2019-07-21,30,1663,11358,488
2023-03-03,8,2169,7925,35
2023-04-24,7,2724,11327,344
2022-03-23,28,859,5801,49
2019-05-20,18,738,837,425
2021-06-26,15,2322,13234,337
2020-06-23,25,4832,5600,370
2021-11-06,30,3979,12886,247
2020-04-17,7,3707,9612,325
2020-11-28,28,2606,9433,198
2023-07-11,22,4965,14896,78
2022-05-30,19,4938,4569,459
2021-09-17,10,4712,5517,224
2020-06-15,12,824,5527,234
2020-05-26,23,4084,1193,137
2023-04-19,7,2648,6763,77
2019-06-19,17,480,14191,142
2021-08-13,24,2792,10186,215
2022-05-02,12,3286,8659,106
2019-02-19,10,231,9824,279
2019-07-24,14,4714,11842,244
2022-08-31,9,445,1442,247
2019-08-11,26,3724,7745,39
2021-12-29,4,1861,13923,72
2021-05-07,11,1989,7332,394
2023-09-14,26,656,11992,375
2019-08-24,3,1800,11787,469
2023-03-04,26,2341,9799,23
2020-06-12,13,4727,12816,23
2020-11-07,17,1992,13032,270
2019-07-29,5,1456,8036,411
2023-10-28,28,1296,1295,359
2021-05-09,12,4470,11018,101
2020-10-16,29,2894,11395,460
2020-11-17,30,1048,12298,224
2021-10-16,22,722,3266,317
2020-07-24,14,2975,14340,360
2021-06-14,23,3706,12649,202
2023-10-12,8,3131,14991,140
2023-06-11,26,803,7105,246
2019-05-22,13,1840,10926,245
2019-10-14,9,2632,4018,395
2021-05-08,18,3597,5105,429
2022-01-28,16,2277,7531,192
2022-10-09,30,4877,5311,355
2019-10-15,7,3067,12918,392
2022-11-10,24,1930,5011,459
2021-02-28,24,853,9165,147
2023-12-15,23,2719,774,375
2019-08-31,12,4857,8381,270
2020-11-07,22,2856,11094,413
2019-12-01,23,3761,5606,210
2019-11-24,14,3685,411,161
2023-10-18,21,4019,5114,139
2023-08-28,17,2700,5568,240
2020-03-28,6,2864,3858,392
2021-04-22,29,1183,8844,133
2022-08-31,5,3213,8024,476
2020-01-30,12,3999,3837,287
2022-08-01,21,472,1278,471
2019-12-07,7,985,13399,215
2020-08-07,3,1424,10601,141
2023-11-28,11,1602,5181,480
2020-05-22,2,3962,12838,263
2023-12-27,1,3215,6817,10
2019-08-18,2,3784,4294,203
2021-01-10,2,791,4540,288
2021-12-14,13,1923,2227,110
2022-12-14,14,789,13641,158
2021-10-14,23,3620,2094,136
2019-03-29,11,424,2325,189
2021-01-31,12,2479,11603,336
2023-02-17,28,1372,9707,196
2019-07-12,13,972,14585,26
2023-04-11,4,3273,14712,417
2021-04-14,27,1231,11552,112
2023-01-24,23,3740,6405,72
2021-02-18,14,4641,7799,206
2023-10-24,18,1509,13430,186
2022-05-17,12,4762,7153,254
2020-01-08,28,983,1771,451
2020-02-08,19,4398,920,331
2020-08-27,20,3271,7209,180
2020-10-25,3,3383,766,430
2022-07-24,8,3718,14035,454
2022-08-08,4,375,11166,472
2021-03-02,24,3509,2872,333
2021-10-31,17,4602,1320,490
2022-10-30,27,2799,5641,217
2022-11-04,8,481,2325,387
2020-08-31,20,182,5849,43
2022-05-13,12,168,6995,431
2023-08-18,2,1188,8904,153
2021-07-03,29,3207,12815,425
2020-08-11,26,4841,552,183
2019-09-25,14,2715,13252,15
2021-05-10,15,3659,7912,335
2023-05-12,27,215,12821,97
2022-06-11,21,493,5368,460
2020-10-04,6,3087,955,387
2022-01-23,9,1192,560,478
2020-07-16,15,3592,1279,394
2023-11-22,8,2723,3626,319
2022-04-04,20,1360,1498,185
2020-01-09,7,4152,8890,233
2023-09-03,28,4922,9506,219
2023-05-25,29,252,11949,478
2021-02-08,16,1302,12943,73
2020-02-09,14,2172,9289,271
2023-07-24,6,3373,6404,339
2023-12-26,25,4480,2452,28
2020-02-18,6,319,869,406
2021-03-11,3,2040,574,265
2021-09-02,18,3525,12130,65
2021-04-06,30,1725,10221,190
2023-07-12,25,2341,4224,435
2022-08-09,4,4620,10155,31
2020-11-19,29,4299,8214,47
2021-10-05,18,3413,3569,183
2023-03-26,22,4912,11701,370
2019-03-28,1,1413,2970,243
2019-05-27,17,3941,13422,84
2019-10-04,18,2741,8831,61
2019-11-19,20,2464,279,327
2023-09-19,30,3975,5208,292
2022-11-02,19,1544,1353,91
2023-07-20,23,974,14775,171
2020-11-07,28,4593,3757,80
2019-06-07,5,2571,215,298
2021-08-13,20,2057,7379,467
2022-12-12,15,3869,14811,61
2019-09-02,18,2514,927,198
2019-04-13,14,3811,5751,135
2022-11-17,25,3228,8637,22
2022-07-28,26,4523,7474,371
2023-05-14,4,3261,13554,269
2023-03-03,4,504,902,476
2022-11-05,15,669,3871,169
2020-12-16,9,3167,4112,151
2022-05-16,12,2560,14720,30
2023-08-20,28,1133,11263,109
2020-10-24,25,2712,13788,248
2022-11-29,14,1979,603,80
2022-08-29,19,1995,419,403
2022-12-13,29,2492,13550,120
2020-03-18,9,2876,11586,321
2021-01-16,14,4083,2563,438
2020-04-06,21,653,2992,491
2022-05-28,4,3005,12106,357
2021-09-18,30,3540,9909,446
2019-05-28,12,985,12774,464
2020-04-08,9,4546,11193,457
2020-09-04,3,386,3165,172
2023-04-05,9,4894,3964,296
2021-01-28,30,134,5195,41
2021-10-09,28,972,5017,58
2019-03-19,8,1919,2758,472
2023-09-23,2,4691,7375,189
2023-03-21,28,3338,270,400
2022-01-04,17,120,10360,466
2023-01-23,16,1171,10897,14
2021-05-04,7,3066,2239,382
2022-11-03,16,439,7102,468
2023-08-14,16,1831,7823,163
2020-03-04,15,3357,8481,73
2020-05-25,16,637,13424,315
2021-11-18,7,2930,5862,366
2023-04-17,13,1169,2642,15
2023-08-18,23,2104,9546,85
2022-03-08,15,267,12968,12
2020-02-05,23,2780,9436,251
2020-10-27,7,2553,11003,274
2020-05-14,12,1979,8652,485
2021-11-23,29,597,10550,91
2023-09-21,7,968,5892,432
2019-02-08,22,2936,7107,354
2021-09-19,13,1703,12132,280
2021-04-25,10,3286,7642,139
2019-02-12,4,1727,5443,60
2019-09-28,11,2734,2129,32
2020-12-14,7,2153,14339,247
2023-04-14,30,1761,13913,161
2021-09-24,27,1201,3095,195
2023-06-24,26,1632,12900,154
2020-02-05,3,4494,8975,196
2020-01-13,8,2028,14985,449
2022-05-11,1,1150,3512,335
2019-01-15,8,903,10288,79
2019-07-10,6,4649,4087,151
2022-11-12,6,1184,14544,230
2020-01-07,15,4313,7956,43
2020-01-23,15,3304,5543,259
2020-11-06,23,2658,4572,481
2023-03-17,22,288,2741,472
2020-03-15,8,4798,1814,79
2021-02-05,6,469,8935,445
2021-10-01,5,4530,4518,397
2023-09-21,15,1252,14715,230
2023-09-08,30,4962,7476,14
2023-03-28,12,837,13516,200
2021-06-04,15,3515,2581,196
2020-11-10,1,811,489,329
2021-03-09,20,2501,2915,320
2019-01-28,18,2538,4482,476
2021-08-05,1,4087,14550,61
2021-12-26,30,4512,3374,403
2021-03-18,8,4368,11797,263
2021-09-21,28,1375,10826,105
2021-08-19,1,1194,4489,416
2023-06-19,5,2140,4358,277
2020-09-26,13,447,8139,383
2023-07-29,12,2698,6716,26
2021-01-20,17,3633,438,79
2023-12-10,14,2857,9618,464
2019-04-12,11,4056,6616,192
2023-12-29,16,2848,9154,468
2019-02-05,7,1865,5274,48
2021-11-23,2,347,940,325
2023-09-27,26,2658,3113,371
2019-12-26,20,3030,10900,122
2020-05-24,16,4014,7603,447
2022-04-25,17,1069,3633,217
2022-11-07,16,645,880,316
2022-11-01,24,4083,996,20
2020-08-25,1,256,9641,264
2023-10-16,18,4201,5020,68
2022-06-17,14,4945,4134,443
2020-06-11,5,3634,9492,495
2023-07-21,13,3462,3714,125
2019-03-16,2,3801,13887,85
2020-04-01,19,2753,1276,50
2022-11-03,4,2273,10519,98
2020-08-05,20,3227,9175,334
2020-08-08,1,508,13748,282
2023-11-06,12,2426,12656,30
2022-11-18,16,4400,9114,144
2021-09-30,1,4065,8258,444
2021-08-11,4,1616,12220,188
2020-09-03,27,2638,14366,59
2021-04-09,16,1031,4904,39
2021-12-07,24,3034,14987,271
2022-04-06,14,787,7208,444
2023-09-08,6,3335,11358,399
2020-09-15,12,3055,7086,201
2019-09-11,24,3473,3271,96
2022-05-31,16,4477,8890,37
2023-07-12,24,2972,2154,496
2021-10-16,24,3732,838,460
2021-06-10,22,2918,5976,232
2023-04-21,20,3188,9175,318
2023-07-07,5,3037,519,175
2019-04-03,30,1414,5411,239
2019-06-21,9,4235,3713,16
2020-03-15,14,3695,5040,83
2023-02-25,1,3464,2341,41
2020-02-13,5,2704,9956,436
2022-04-04,16,3435,13290,195
2021-03-05,16,4513,2994,77
2022-09-04,18,736,14474,42
2023-07-06,20,224,14059,175
2022-10-09,29,1465,8836,30
2019-08-11,6,3026,14226,254
2021-01-30,8,2777,3290,163
2020-08-21,26,1993,8054,49
2023-04-29,8,1776,10812,218
2020-03-08,28,4632,1606,303
2019-02-27,15,1711,10337,327
2019-12-28,18,660,347,369
2023-12-23,15,2977,529,498
2021-03-07,9,756,4912,142
2019-07-07,28,4047,3660,223
2021-04-21,19,1004,1591,172
2022-04-07,15,1944,6627,489
2021-02-23,27,4081,4795,205
2023-01-16,2,2165,739,308
2019-03-23,10,3605,5155,221
2019-11-12,27,4118,12664,280
2021-10-24,26,2212,10313,71
2022-09-10,23,121,13474,475
2023-08-07,11,471,9113,335
2023-02-05,11,1890,8296,179
2020-03-07,10,417,14483,138
2023-08-09,22,4068,653,126
2023-11-01,12,4135,6539,116
2021-11-23,23,4327,11559,401
2021-12-20,28,1783,12762,129
2021-05-21,18,1057,11493,354
2020-08-27,2,1480,310,71
2022-01-26,25,730,3838,296
2023-03-11,4,1088,10163,139
2020-03-02,9,4557,2435,425
2023-08-23,16,4797,6880,53
2019-02-18,16,1953,11755,139
2020-02-25,13,2014,933,405
2021-08-15,22,3618,10279,37
2019-12-17,12,3427,11258,238
2019-01-06,26,3946,9820,312
2022-03-29,9,4365,6521,328
2023-09-01,15,4829,10796,386
2022-01-05,27,512,1204,173
2023-01-19,19,654,1329,497
2020-12-06,4,3446,670,473
2022-10-11,30,3097,8846,395
2021-03-09,16,1110,8317,85
2021-10-22,11,3087,1135,308
2022-06-20,7,3771,2227,397
2021-08-07,8,2253,10400,195
2022-10-14,25,2464,3877,326
2020-09-30,27,754,13307,352
2020-03-19,29,3586,4322,231
2020-03-21,16,4777,2694,317
2019-07-17,24,709,10662,385
2021-03-21,6,159,4596,67
2019-10-21,26,2978,12403,192
2019-06-06,30,2471,10696,458
2021-01-03,25,3416,9897,150
2021-06-20,19,4047,9918,468
2020-11-09,19,1476,13927,170
2022-06-17,2,561,14650,402
2023-01-07,29,1874,6661,242
2019-03-06,17,3117,2738,219
2020-05-25,4,1055,9881,280
2022-03-13,22,2860,11631,331
2023-03-20,25,3426,669,334
2020-11-30,24,4476,5971,98
2020-04-02,23,412,10501,370
2022-12-09,18,653,14952,462
2023-05-25,7,1313,14105,340
2019-10-10,11,4940,5612,408
2022-10-14,23,4340,12412,267
2023-09-01,1,1208,11019,234
2021-03-01,18,737,10617,35
2019-11-04,1,1876,11870,292
2019-09-07,9,2078,3918,35
2022-12-19,6,426,1441,369
2023-07-21,16,3221,11382,462
2020-08-10,4,3933,3166,144
2021-05-05,7,486,9482,110
2023-05-24,13,1680,11552,464
2020-09-25,4,3197,2152,484
2022-04-12,28,3492,14100,206
2023-11-09,1,3769,10676,31
2022-08-23,28,832,3252,146
2023-04-07,18,4808,561,178
2021-07-09,17,4238,816,226
2022-10-29,28,1621,572,446
2020-06-30,21,1007,7166,306
2021-11-11,19,2620,12803,106
2020-12-21,22,1857,7497,174
2023-04-30,21,4011,2481,264
2019-05-11,9,3348,5009,57
2021-07-24,13,4521,4136,286
2021-10-04,3,911,1129,263
2022-07-17,16,3234,7325,83
2019-02-01,4,1835,4928,394
2019-11-14,19,4149,9449,262
2019-10-14,21,3255,4814,463
2022-07-01,12,2426,782,171
2022-10-08,3,2922,11277,38
2021-01-21,6,1138,10803,192
2021-03-06,21,2030,7735,476
2023-01-12,25,1841,13963,304
2019-03-30,16,833,2811,310
2019-03-07,29,1364,6548,108
2021-11-07,22,2511,4594,235
2019-03-11,14,3260,9702,84
2019-09-15,6,368,5774,476
2023-12-27,17,3849,8040,71
2019-07-09,17,106,2395,22
2022-04-18,16,1023,10407,392
2020-08-03,28,3217,9381,47
2023-06-22,9,3470,7703,294
2022-04-16,21,3830,583,462
2023-08-22,11,3169,2661,473
2023-12-25,19,3278,4296,87
2020-07-23,1,1222,9264,446
2020-11-11,4,2869,1269,279
2019-03-24,28,3137,8657,405
2020-04-20,15,986,8136,83
2019-05-05,21,4216,7503,418
2021-05-09,5,987,4009,199
2022-03-27,17,3191,12431,271
2020-01-24,1,2440,460,485
2022-08-26,1,3266,11530,145
2019-02-10,12,582,14076,168
2022-01-26,24,4706,3686,105
2022-08-28,12,3217,10254,341
2019-12-18,24,664,13444,387
2021-12-10,29,1704,1205,94
2023-06-23,3,1115,7519,487
2020-07-01,28,2859,4292,40
2022-12-25,17,3622,4407,351
2021-10-07,4,2853,2044,350
2019-02-07,9,2000,1580,332
2023-11-27,12,4361,288,310
2020-03-26,14,3615,3895,237
2020-12-23,10,928,3286,73
2021-08-05,2,2909,1766,336
2020-05-09,13,436,7823,246
2020-11-04,3,1455,8475,87
2020-01-21,2,2309,2783,487
2019-09-05,29,4180,265,463
2022-11-13,2,2133,8916,171
2021-10-02,4,2535,5796,238
2022-05-22,2,3048,13896,463
2019-04-16,3,1444,14805,355
2022-05-30,27,1543,3447,327
2021-08-03,14,1212,11179,160
2020-07-21,28,168,14305,176
2023-02-24,10,1633,2737,67
2020-10-10,29,2126,11187,243
2022-06-12,15,4016,529,106
2019-12-23,15,390,8274,278
2023-11-24,23,1642,2184,442
2022-09-03,11,2018,1535,130
2022-05-20,30,3639,11798,169
2021-09-14,26,3372,4483,335
2022-07-04,5,731,8242,16
2023-06-13,23,3738,4958,186
2023-10-31,11,2135,5265,198
2020-07-12,11,4262,6813,296
2021-06-23,17,618,744,498
2022-01-18,26,1003,6215,432
2022-11-24,9,1675,783,458
2021-12-22,23,2641,9867,327
2021-01-08,20,4301,6880,395
2023-05-16,28,2697,10040,358
2021-02-09,18,3698,4146,309
2023-07-17,8,4141,14826,432
2022-09-19,9,2341,418,410
2021-07-29,22,3481,2102,28
2019-05-05,22,1863,10089,110
2019-12-01,24,1004,1093,400
2022-05-23,29,537,14319,427
2021-11-20,19,2205,1372,425
2023-05-23,1,2137,11837,440
2019-07-11,20,1374,9472,233
2022-03-31,6,2613,2001,98
2022-07-16,16,3428,11962,312
2021-10-08,5,331,13727,331
2023-06-02,27,873,14487,276
2023-12-08,25,1029,10200,78
2020-04-10,18,1492,1286,486
2022-07-30,14,3204,10079,73
2020-07-15,2,3285,14019,229
2019-03-25,19,1636,12766,233
2020-07-25,22,2156,10751,149
2022-10-18,23,4579,14842,92
2023-07-25,21,373,3489,148
2020-10-17,14,303,7568,360
2020-05-27,19,4738,13482,278
2019-10-17,30,3873,10165,183
2022-07-11,29,2088,4476,280
2023-05-21,5,2611,3203,94
2022-05-01,21,2459,2305,141
2023-07-03,7,4269,11301,202
2023-09-02,29,4942,12312,257
2020-04-26,11,1700,7887,246
2022-06-03,9,106,9721,457
2019-06-19,10,4312,11027,333
2023-08-02,23,4076,9511,83
2019-09-28,11,1640,10970,247
2021-06-13,1,271,13735,480
2020-03-14,28,478,9128,344
2022-04-15,2,515,3080,293
2019-10-25,29,1918,6641,285
2021-04-03,3,4852,2335,342
2022-06-06,3,578,6509,91
2022-07-07,26,1805,14492,299
2019-02-28,2,1116,2259,13
2019-05-24,8,1566,1032,92
2020-01-07,27,4317,10851,250
2020-10-01,23,1732,12239,156
2019-01-27,21,3991,7890,461
2022-03-04,13,2495,13177,439
2022-08-21,21,4336,10620,290
2020-05-19,19,3029,10252,495
2023-09-21,11,4402,6066,191
2021-04-24,11,1800,8154,191
2022-09-02,7,3863,4975,166
2023-12-29,27,4426,13170,147
2023-01-18,4,4240,4135,446
2023-05-29,29,458,10331,369
2021-12-02,16,1847,3092,377
2021-07-20,9,3823,2272,13
2019-05-13,10,4862,13020,388
2019-06-15,5,1023,590,154
2021-05-30,1,4855,7097,365
2023-07-12,11,4892,647,479
2023-07-21,3,4351,7686,188
2020-03-12,22,714,6310,281
2023-11-05,30,3881,13298,63
2022-12-13,18,1251,718,167
2021-05-26,5,4377,9264,89
2019-07-28,11,2223,14897,80
2019-06-11,5,2521,9331,76
2020-11-28,20,2527,14715,297
2020-06-21,25,4477,11365,262
2022-11-01,22,1451,9901,49
2020-08-01,7,3280,14118,222
2020-10-16,28,3924,8793,453
2023-11-12,4,1649,395,112
2023-08-16,12,3201,7968,63
2022-04-11,17,703,4419,352
2019-04-28,19,3372,10113,445
2021-05-11,27,2771,11740,67
2020-01-26,19,1770,11739,189
2022-05-27,28,2416,4453,225
2022-10-08,7,4301,12825,360
2020-09-07,28,4230,8807,47
2022-04-09,20,4165,10559,63
2019-03-22,1,2220,11470,149
2023-02-28,3,511,5197,26
2022-06-29,10,4630,11517,194
2020-10-25,12,1074,9676,63
2020-08-28,12,918,4333,84
2019-07-21,18,1038,8209,168
2021-06-16,25,2249,5132,374
2020-11-27,3,253,14431,140
2023-05-29,11,2182,14458,276
2020-01-18,16,4340,12504,34
2022-10-18,18,417,9806,142
2019-04-28,26,4030,5047,300
2022-11-14,20,2813,9039,346
2020-10-27,19,3916,9467,385
2019-08-09,27,839,5874,335
2021-10-27,28,2376,12752,232
2019-04-19,30,3173,12138,490
2020-05-23,2,2433,6351,269
2019-08-25,29,3112,14744,249
2022-03-02,18,2636,14026,76
2020-01-23,2,3245,2673,491
2020-08-23,20,3846,13846,21
2023-09-07,15,4778,14116,440
2021-08-10,6,2799,651,115
2023-05-06,9,4146,9600,483
2019-04-22,9,2965,12277,156
2020-08-03,17,3220,12215,45
2021-04-13,2,3062,814,125
2021-08-08,15,3738,5137,418
2023-12-20,5,4593,511,64
2022-04-12,1,3249,4281,53
2022-12-01,14,4454,3921,75
2021-01-24,26,3886,5962,481
2020-10-31,4,524,12815,406
2020-06-26,5,4884,12268,192
2021-12-30,18,1824,1246,119
2019-06-21,13,331,1389,34
2019-10-01,17,1955,4339,493
2019-12-08,18,1637,8314,84
2023-06-16,10,4145,12497,165
2022-12-31,4,3141,11037,315
2019-11-18,11,2615,13920,477
2019-08-03,16,1716,12395,298
2021-11-02,22,3920,13660,312
2019-02-27,6,214,8214,275
2022-09-07,1,3975,14983,189
2020-03-02,28,1481,661,403
2020-04-23,27,4914,4370,335
2020-10-17,7,872,347,203
2023-12-14,14,3603,13613,93
2019-07-16,10,952,4140,15
2020-12-18,5,697,3596,117
2021-12-16,7,896,9744,12
2020-03-25,5,878,1947,99
2022-10-10,11,2453,8967,481
2020-03-21,1,1575,8696,268
2022-08-15,15,4741,6387,316
2019-06-02,12,426,5720,279
2023-07-15,4,1616,3702,240
2020-10-23,15,1413,3177,496
2023-01-11,17,4085,14575,131
2022-08-28,21,3176,6355,91
2021-03-21,27,1622,8092,244
2022-01-16,12,1211,10617,477
2021-05-07,24,3519,9483,411
2021-11-04,19,1171,2887,246
2020-09-21,9,2172,2524,101
2022-08-30,8,3427,491,261
2020-07-27,28,423,9014,430
2019-03-29,12,2334,14977,194
2021-07-07,22,4519,2360,163
2021-06-26,2,3143,1768,182
2022-06-22,8,4975,1295,471
2023-06-26,27,3507,6165,435
2023-03-15,4,4122,7887,139
2019-06-18,17,3141,5540,398
2023-06-07,18,1951,2814,131
2020-11-23,19,3061,12559,233
2019-08-07,14,2927,8727,35
2022-08-26,26,2703,10435,58
2023-06-02,3,498,3797,130
2022-04-04,24,4328,9565,202
2021-03-28,26,1394,2643,15
2023-04-02,11,1755,5233,37
2021-08-20,7,3225,14025,343
2020-11-21,15,4626,13948,215
2022-04-21,2,119,6051,476
2021-07-02,24,3915,13191,286
2023-04-29,11,1622,12604,219
2019-12-10,17,2344,1814,277
2020-05-30,18,3873,5933,58
2019-09-14,11,4811,1159,396
2021-06-25,10,3287,10616,409
2023-03-07,15,2133,8347,144
2019-03-10,2,3170,13201,343
2022-12-11,11,2539,14072,324
2019-01-24,19,942,5217,124
2019-07-31,3,2390,8878,37
2022-09-01,19,4291,2776,247
2023-06-30,8,3371,10171,145
2022-09-29,9,4255,7023,13
2020-05-20,7,1414,10126,185
2021-04-30,5,3407,13027,38
2022-09-03,11,3496,6196,326
2021-02-19,22,466,5706,485
2020-05-18,24,4324,1704,57
2022-12-08,24,1058,8897,386
2021-05-19,27,638,11879,403
2022-03-21,13,2903,6433,194
2022-11-07,6,2336,4597,338
2022-09-03,10,3549,12394,82
2022-07-20,11,4894,5686,417
2022-09-23,29,2892,1451,120
2019-08-31,5,4844,8265,96
2022-04-25,11,2385,1754,492
2021-12-30,24,2460,7213,332
2021-01-30,26,3171,961,305
2021-02-28,12,819,10512,164
2022-06-01,4,423,9992,246
2019-09-20,21,4751,14243,174
2021-04-04,12,3995,6523,197
2022-06-09,6,372,297,225
2022-04-27,6,3256,10928,441
2020-08-22,9,1488,7049,366
2020-10-21,23,1882,8892,146
2021-07-15,2,435,6713,195
2021-02-06,27,3266,13222,168
2021-06-29,5,1221,13281,483
2023-02-27,23,2683,12913,392
2019-09-21,15,2899,10564,38
2020-10-30,3,1054,10293,499
2020-06-28,7,3130,10924,383
2023-02-20,13,2335,11131,105
2022-10-20,3,1525,5498,89
2023-01-15,19,3420,7484,220
2023-03-28,27,3174,3574,400
2020-06-14,8,2310,13790,288
2022-03-31,30,4888,13053,141
2020-04-04,13,945,2030,205
2021-07-29,17,236,8544,44
2022-04-27,29,2922,12448,276
2020-02-06,28,3277,2158,398
2022-01-19,6,2737,11774,187
2023-07-19,20,1975,9846,50
2020-10-14,2,997,11252,156
2020-04-16,12,942,6236,262
2021-06-03,16,289,2542,103
2023-10-11,10,850,8417,363
2020-12-16,23,3230,458,315
2019-12-08,30,3202,6085,221
2023-11-19,17,1635,4803,88
2021-10-27,19,3483,864,329
2019-02-08,8,1195,2100,209
2019-06-11,26,2850,2513,471
2023-06-12,15,3894,13741,364
2023-07-07,13,805,12161,73
2023-09-25,4,340,6917,150
2023-05-25,26,3501,3329,146
2021-09-23,16,1040,2906,345
2019-05-02,17,2641,6626,101
2019-02-24,15,4919,9383,139
2023-09-22,5,4049,2082,146
2020-07-16,29,768,8293,68
2019-01-26,1,1005,11125,263
2021-12-14,2,4803,11032,175
2021-11-08,7,3871,3171,434
2019-11-27,5,4931,4515,380
2022-01-31,23,2238,758,164
2023-07-19,9,4289,14782,135
2019-07-18,13,2739,4361,167
2023-12-07,3,366,13227,57
2019-06-14,19,599,2108,438
2019-06-23,18,3353,11481,432
2023-06-29,16,2937,5975,100
2020-07-19,10,4451,3068,303
2023-01-11,29,3901,3982,323
2022-09-27,6,3022,11265,229
2023-05-19,14,4245,6151,49
2021-05-17,6,4437,9136,417
2022-10-16,6,3477,7356,122
2019-05-07,10,2905,7926,454
2020-02-07,9,715,6747,286
2022-02-17,23,761,13021,60
2023-09-13,2,4068,13545,276
2019-09-30,24,719,3689,398
2021-09-01,12,4662,447,259
2022-10-16,7,1040,5485,402
2020-11-22,2,3651,3241,44
2021-08-01,29,1074,14216,57
2020-08-08,1,4023,4804,458
2023-08-12,28,4298,5363,136
2023-03-11,6,324,6430,39
2023-02-07,30,782,2667,195
2023-09-16,10,4280,5412,428
2022-08-24,13,1510,13534,243
2019-12-16,27,230,13562,416
2023-07-30,8,3757,12479,275
2019-09-13,18,1879,12974,28
2022-06-30,17,768,14247,236
2021-12-22,21,1998,10214,153
2021-04-11,12,1510,6493,336
2021-09-18,22,1637,2021,364
2022-08-29,11,4464,8987,99
2021-03-31,18,570,8974,311
2022-12-19,5,1877,5436,440
2022-03-06,16,2585,12709,72
2023-02-18,23,364,451,187
2022-08-30,10,4681,9981,157
2022-11-19,26,2548,11336,47
2021-01-16,13,4470,12936,150
2023-10-03,20,2727,5794,163
2021-02-17,30,4967,11715,112
2023-09-27,27,4605,9450,445
2019-09-15,2,626,9121,32
2019-09-05,7,4352,14520,453
2023-06-19,25,1057,6555,203
2020-04-08,14,2869,11495,208
2021-01-03,2,2958,4216,477
2022-01-25,17,1056,7201,382
2023-02-18,27,3425,7415,378
2022-02-26,23,1894,562,34
2022-12-09,8,2340,4741,344
2019-01-09,24,3207,10634,117
2022-04-23,2,2624,870,493
2021-06-12,7,4902,10248,418
2023-04-19,2,419,6264,235
2021-09-20,27,137,11592,426
2019-07-19,26,1601,8481,261
2023-01-25,14,2690,4868,326
2020-08-20,22,1173,9981,471
2020-09-17,21,4957,6029,285
2022-02-16,13,2287,8675,376
2021-06-04,23,2979,3600,251
2022-09-20,14,4664,14292,386
2023-08-24,26,2668,2580,182
2019-09-03,28,2024,1878,50
2023-09-29,29,822,3816,99
2020-12-31,13,3406,7732,255
2022-01-07,16,100,4100,365
2021-02-04,26,3892,13564,325
2023-08-24,5,2458,9605,34
2020-11-03,21,2389,10197,109
2023-02-17,10,1718,2378,232
2020-03-20,7,1358,14274,272
2023-03-21,17,3460,9154,402
2020-06-11,19,3105,9544,105
2020-05-19,23,923,12304,166
2020-04-27,19,4515,8054,426
2019-03-26,27,3414,13569,192
2022-03-21,3,3608,407,45
2022-06-16,9,4535,13152,276
2020-11-17,1,3520,2027,63
2022-08-06,13,3722,7272,119
2023-12-07,28,2378,13608,493
2021-01-06,4,687,6254,92
2023-07-20,13,1880,6395,491
2023-05-14,1,246,3254,51
2020-01-13,29,1842,9677,176
2019-02-03,15,4201,3389,281
2020-11-02,8,2172,11603,169
2022-01-12,11,3535,12406,151
2019-11-26,21,1733,2774,229
2021-05-28,10,477,239,160
2020-01-01,6,2191,7685,113
2020-10-07,2,4069,13747,293
2021-09-10,19,2111,12102,126
2020-07-01,24,4987,6547,19
2022-10-05,12,2771,9738,172
2023-11-23,3,3334,11391,347
2020-03-06,6,1840,11526,320
2019-10-11,3,3529,5053,285
2021-03-28,30,4106,8322,398
2019-11-22,29,3092,10379,70
2020-06-10,8,497,7476,342
2020-04-18,23,1440,13058,143
2023-07-23,3,2266,13306,480
2022-01-13,9,4285,12030,159
2021-01-09,17,1036,10954,371
2022-11-10,16,4633,1638,198
2021-10-13,8,2169,8681,303
2019-07-01,26,3371,14082,289
2022-02-21,13,3762,9420,100
2020-10-21,20,367,7308,497
2023-10-08,6,270,5040,455
2019-07-07,4,2901,5334,145
2019-03-05,23,4751,14577,110
2023-02-08,19,2640,12648,65
2020-02-26,17,3375,14262,153
2020-11-26,13,384,7861,433
2021-04-09,16,2138,10602,93
2019-02-09,21,2056,4662,493
2023-04-04,6,636,14472,320
2020-11-06,3,2075,12862,340
2019-07-31,12,3109,14535,105
2020-03-15,15,949,7967,401
2019-05-18,5,3117,421,439
2020-02-12,18,1894,10367,46
2023-05-14,25,2942,809,126
2019-11-27,17,3254,334,122
2020-05-06,29,1865,12323,130
2020-04-12,8,3137,631,121
2023-12-24,21,3157,13649,283
2023-08-18,4,1561,13270,452
2019-09-12,11,355,13128,403
2019-05-10,23,3134,4560,120
2023-05-19,21,3067,2191,106
2019-12-24,7,661,14498,240
2021-09-06,7,1833,4978,248
2022-11-02,3,2077,12409,181
2021-10-17,21,3937,9164,212
2022-06-22,12,1691,12567,259
2020-07-02,17,3779,12703,281
2020-11-13,2,2599,12453,103
2020-11-11,2,1621,5403,16
2020-04-27,20,1251,7505,21
2021-04-13,6,421,1115,471
2019-09-06,17,4862,5459,444
2023-07-12,23,1508,10762,185
2023-04-29,23,4005,1885,341
2019-02-02,3,3897,5730,126
2019-11-15,8,4081,8220,409
2022-05-29,24,2496,4057,245
2019-01-22,15,392,11855,222
2020-05-19,27,2386,13268,309
2023-10-16,3,2560,10481,393
2023-06-16,25,783,11425,325
2020-07-21,27,4923,8113,479
2020-08-03,26,4045,12387,419
2019-01-23,6,1643,1137,415
2022-03-31,18,3007,11880,249
2023-12-03,3,2438,7047,232
2023-01-20,16,3010,2709,184
2023-05-10,30,902,12671,180
2019-12-07,11,4492,5301,417
2021-09-16,11,763,13349,39
2022-05-01,5,1904,8786,252
2021-07-30,14,381,6467,430
2019-04-01,24,4316,5533,415
2023-08-10,11,3446,6253,426
2020-06-07,28,543,4927,143
2023-12-21,17,545,2199,449
2022-01-22,8,333,5697,331
2019-01-09,6,1897,9634,469
2020-12-26,3,1335,2578,431
2020-05-10,12,4849,8690,121
2023-05-30,27,2155,13525,484
2022-06-03,20,2142,11387,322
2020-09-24,4,263,14482,443
2020-05-05,4,1613,13889,277
2021-06-07,3,4245,4143,414
2022-04-29,20,2156,647,355
2019-12-15,29,339,13772,154
2021-04-26,7,3233,9003,27
2019-01-12,2,4931,14252,87
2019-10-26,5,1616,12633,160
2020-06-30,17,2053,12465,405
2020-10-03,13,2377,2449,227
2019-11-09,15,868,9220,474
2020-11-08,7,104,2229,478
2021-04-29,11,4601,11736,256
2022-10-01,24,322,9415,228
2020-03-19,10,1574,3901,336
2023-09-03,17,2658,4481,262
2021-12-13,21,788,2824,391
2022-10-30,17,2954,8321,444
2021-07-20,22,3306,10255,95
2021-02-09,5,3024,4037,382
2023-04-30,16,1319,8410,105
2022-03-20,22,4308,3150,390
2021-11-17,15,4920,4316,362
2021-12-02,16,1473,7233,214
2022-01-02,27,3793,4293,378
2023-03-30,20,4056,4961,427
2023-12-21,19,813,2848,178
2021-10-09,30,712,13851,191
2022-12-31,22,1067,2778,281
2020-07-03,30,3953,12305,193
2019-08-18,7,3925,7132,370
2019-08-21,26,1360,10355,298
2021-07-31,15,3709,2024,47
2021-11-16,30,351,275,459
2023-09-17,24,1496,8332,259
2022-01-14,18,979,7191,277
2023-03-12,19,4534,6378,457
2023-07-24,20,2157,11474,362
2023-01-11,13,310,2624,468
2020-06-12,6,754,11153,248
2019-05-24,17,3107,2441,97
2022-09-27,2,373,1605,118
2019-07-11,14,3875,8705,19
2021-08-12,15,2872,1898,12
2020-09-01,6,2603,10661,349
2022-12-10,25,2864,7108,86
2022-05-12,18,2400,4427,158
2023-08-28,22,2265,8640,357
2021-09-26,7,4915,8911,494
2023-02-14,9,863,3228,237
2023-07-13,13,3615,4027,277
2023-01-23,16,4263,13109,107
2022-10-02,13,911,9852,106
2019-09-14,23,2546,3066,480
2022-12-20,14,833,1551,101
2020-07-21,27,3521,10879,184
2021-04-16,14,3481,8461,165
2021-09-22,23,3250,6273,448
2021-10-12,16,462,9041,473
2020-02-23,22,529,4002,466
2022-11-28,9,4754,10526,101
2020-01-05,2,4523,10409,76
2019-10-20,28,3968,5366,185
2020-01-03,14,2522,13902,332
2023-05-15,8,2150,2352,124
2020-08-20,3,2864,4151,230
2019-01-27,18,1418,12468,65
2019-08-27,6,1961,7982,249
2023-06-30,26,1799,11613,303
2022-10-01,6,4805,11908,437
2022-10-04,27,3019,2086,407
2019-02-02,23,1099,2312,161
2020-01-16,7,3390,11011,229
2023-04-18,30,2026,5132,447
2020-08-12,28,452,11930,480
2023-07-10,26,406,11422,308
2023-05-06,10,737,1436,167
2023-03-04,13,3614,14205,192
2019-04-11,16,3394,11960,79
2019-12-12,21,1806,6389,275
2021-10-21,17,4002,10657,162
2019-07-22,22,3481,12282,106
2020-02-14,29,253,5340,282
2020-06-08,27,1841,4167,214
2023-07-18,21,514,4766,417
2021-12-22,11,4206,14344,31
2021-05-23,1,1211,13885,371
2023-04-08,17,1047,8772,432
2022-11-01,15,816,6794,116
2021-08-29,18,4274,10738,400
2022-08-15,8,226,3553,122
2022-06-28,10,3923,4838,151
2019-04-23,28,1598,5676,492
2020-04-04,8,3428,1690,268
2019-09-14,29,3008,7851,464
2023-12-26,27,3730,6207,232
2021-12-30,12,4081,1464,485
2022-09-10,30,2202,3259,75
2020-10-31,5,1446,3028,90
2022-05-18,2,441,12970,130
2019-06-09,30,4103,645,362
2023-10-07,20,2534,3980,476
2022-12-28,4,4828,5871,350
2021-04-11,22,3034,8593,209
2021-09-14,8,945,11234,151
2021-07-07,4,1667,7171,492
2023-08-29,7,904,3140,345
2020-03-14,15,2035,11120,308
2022-10-15,28,2566,7105,73
2021-08-20,13,4799,4806,123
2023-01-03,6,3042,2132,416
2023-06-28,27,3232,10754,333
2019-08-06,20,587,3296,278
2021-11-25,25,2508,13007,148
2019-06-02,9,4642,1119,137
2022-02-08,13,3619,14023,189
2021-02-21,14,1673,11830,78
2019-11-13,6,1407,10820,229
2023-07-14,22,1488,2754,158
2022-05-19,10,1947,12386,77
2022-10-16,24,4877,771,45
2020-04-25,13,1924,10490,235
2023-11-07,22,4058,3516,389
2019-08-17,19,2564,1788,416
2023-01-30,24,1734,10577,249
2023-06-11,29,4659,14279,276
2022-11-03,22,150,9803,451
2020-10-18,23,3551,6873,64
2021-06-02,13,3469,2805,16
2022-03-02,22,3139,10691,304
2019-08-25,14,731,6043,408
2022-04-28,13,3514,12178,185
2019-10-17,5,3112,1469,202
2020-03-07,15,2278,6334,258
2022-10-11,10,2180,3221,103
2023-12-25,4,3953,11148,471
2023-05-14,5,1609,14658,355
2020-04-15,26,2649,1510,292
2021-10-16,15,147,6025,396
2021-06-25,4,2465,10679,153
2020-05-01,29,4230,6889,307
2020-05-21,14,2311,1812,278
2023-10-12,27,3978,1362,414
2023-12-26,4,1382,2403,109
2021-09-18,3,3689,2683,215
2023-01-29,3,105,10094,81
2020-12-16,6,2687,967,88
2022-06-12,28,188,13879,92
2023-03-15,6,1027,5516,363
2020-07-18,9,3388,10098,61
2023-12-22,26,3430,1907,302
2020-02-20,8,4426,5128,219
2022-01-22,10,2785,10618,335
2019-03-27,19,2914,10844,243
2020-08-10,27,3051,11752,182
2023-04-02,11,2858,6986,486
2019-08-06,29,3339,9953,431
2022-01-10,20,3515,10371,151
2021-08-12,24,1557,4185,36
2021-04-17,2,4777,14550,166
2020-04-28,12,423,8067,383
2020-01-02,16,4960,13928,117
2019-01-24,17,4560,2167,341
2019-04-21,13,1180,13688,429
2023-07-23,28,899,13421,81
2019-03-19,30,3358,8684,456
2019-04-01,4,1296,1563,499
2020-09-10,21,231,4460,274
2022-04-28,18,3904,1271,388
2021-04-23,17,4989,6600,55
2022-08-07,19,1965,9127,490
2023-07-28,16,1374,4904,102
2019-04-06,8,2410,6229,160
2020-04-23,16,381,10539,489
2020-06-24,13,1975,13313,224
2019-05-01,5,2618,12971,335
2022-06-28,30,3178,8749,50
2020-12-02,18,2973,9760,424
2021-11-10,13,3491,12840,419
2019-06-07,13,4688,14939,114
2020-12-11,25,4074,4312,489
2021-03-04,22,586,13812,241
2023-12-29,11,2007,13427,96
2019-10-22,6,1882,5373,293
2022-03-30,13,3445,5642,86
2022-07-23,24,4911,6020,193
2021-11-25,6,3878,12176,412
2022-04-20,4,1284,7399,29
2019-02-03,19,2671,10806,479
2019-10-14,17,374,938,333
2019-06-09,9,4330,11883,413
2020-01-18,10,2405,6259,77
2020-09-17,19,3260,3318,253
2021-07-19,6,301,14039,191
2022-10-21,29,4901,671,400
2022-11-24,21,546,8289,463
2019-11-06,27,3189,12544,35
2023-02-21,25,1477,4635,435
2022-09-06,14,4644,13169,69
2022-04-15,13,1602,13133,278
2023-01-03,26,1927,8216,345
2020-11-18,7,4131,1370,72
2019-08-17,8,3652,3791,399
2020-09-17,12,1526,6567,327
2022-08-09,27,843,14784,111
2019-03-03,4,3699,4058,106
2020-09-29,8,3927,1067,54
2020-06-17,23,1304,517,148
2021-12-17,16,4172,7807,343
2022-06-15,22,1902,8403,95
2019-03-11,21,714,13691,319
2022-01-09,4,3063,12673,388
2019-12-23,8,929,2488,29
2020-03-30,28,1120,5933,376
2022-02-08,28,3621,5732,339
2020-01-04,25,3746,3530,404
2020-10-28,7,2459,11861,381
2020-12-27,23,3463,13579,164
2022-03-11,23,3133,13928,139
2023-01-11,25,3924,8800,256
2020-03-04,16,3443,14258,155
2020-08-08,11,4637,14761,372
2023-12-19,15,2602,7380,467
2020-12-13,13,3790,3248,473
2021-02-21,5,4977,12684,306
2022-12-25,29,3003,7994,98
2022-10-05,25,2144,9569,108
2021-12-20,11,2304,11559,202
2023-04-09,25,3568,7242,134
2019-03-29,16,1840,8009,282
2023-07-01,11,1764,7978,174
2022-07-12,3,3438,283,398
2022-07-01,5,3987,10389,321
2021-09-21,9,2932,2841,496
2023-12-26,2,4170,8799,465
2022-12-02,21,2477,6813,204
2020-05-02,27,3193,5104,59
2020-07-29,6,4072,7682,57
2022-12-27,30,2862,5767,380
2022-06-30,10,2302,2386,300
2020-01-26,9,1500,13441,314
2019-03-26,29,4849,1522,172
2020-02-24,13,2796,8283,146
2020-11-22,13,182,13787,59
2019-01-08,4,2004,8258,311
2021-05-24,30,1169,11954,301
2022-12-30,9,236,2435,88
2023-03-31,1,3053,8120,301
2023-04-01,29,480,1009,57
2023-01-02,7,880,14788,164
2021-09-14,11,1041,6341,334
2023-01-19,5,1726,953,459
2020-07-25,4,1439,10603,121
2020-06-14,8,2902,7394,402
2022-12-24,23,1261,13563,156
2020-06-11,5,1573,14246,117
2021-08-04,3,4983,1602,211
2022-11-13,20,2472,12392,203
2022-07-04,27,3197,10617,88
2020-11-25,24,2637,5372,242
2022-01-06,15,4828,596,33
2020-04-10,24,287,325,449
2021-10-18,30,2479,3411,392
2021-11-06,30,2567,5525,133
2020-04-05,12,3101,4554,239
2020-04-07,27,1400,14983,191
2022-07-31,6,4331,1004,283
2022-10-07,16,4974,1194,262
2019-09-11,30,1838,3253,16
2019-11-29,22,3475,9315,158
2023-03-01,17,1965,14232,83
2020-11-19,12,4654,5643,430
2022-09-24,8,3331,11275,400
2022-02-01,1,2226,13665,67
2021-01-05,10,3816,1306,131
2022-05-23,26,442,9687,180
2023-04-08,28,3097,2142,390
2022-03-27,19,4511,5495,345
2020-02-15,28,3986,9709,173
2019-08-27,25,4205,12866,306
2020-12-07,3,3488,5731,241
2023-07-17,22,4074,1534,329
2020-11-10,21,3008,2533,106
2020-12-04,3,1993,13199,315
2020-01-24,6,2334,5888,436
2021-02-03,26,4480,4992,402
2023-10-14,21,2227,909,213
2019-05-17,12,4682,8129,483
2020-02-19,21,309,853,229
2020-05-04,8,4469,8233,29
2023-09-20,5,1269,7967,305
2020-01-04,15,1901,2189,455
2023-01-16,3,980,5028,142
2019-06-14,26,1472,10638,291
2022-02-26,28,4820,10026,14
2021-03-22,1,4511,9534,453
2019-03-05,15,3509,858,446
2020-06-07,26,2413,11093,172
2020-09-05,24,1760,3804,306
2021-12-04,5,3881,721,89
2023-11-20,12,4891,1083,128
2019-10-13,9,4165,6738,172
2020-06-13,24,1895,12280,23
2022-11-21,13,3063,1600,184
2022-06-29,23,1644,2131,139
2022-01-28,5,1352,3550,358
2023-12-08,6,4651,247,305
2021-11-26,14,3011,1058,341
2022-07-31,7,2400,3425,329
2023-01-25,2,4546,14697,243
2020-06-21,9,1291,9125,323
2022-01-20,22,3496,11007,101
2023-06-07,23,367,4563,210
2023-07-05,4,4671,14572,189
2020-05-01,29,2468,7096,33
2019-04-14,27,1799,3443,23
2019-06-15,15,1384,10518,451
2021-06-27,1,3426,14992,20
2022-12-10,16,1709,4704,260
2023-06-30,3,2332,12643,145
2021-07-27,26,1060,12921,264
2020-07-28,11,3564,12861,317
2021-07-24,2,694,8406,180
2021-05-27,3,3097,12266,103
2021-05-13,23,2492,9396,337
2020-10-06,18,1556,7784,223
2020-03-06,2,2025,11870,435
2020-10-27,9,2121,13542,298
2019-02-27,26,528,509,260
2021-06-28,18,1302,2132,273
2020-10-27,6,1644,5971,133
2019-04-12,26,237,2324,83
2023-02-25,20,1419,3626,38
2022-01-31,28,4461,7313,43
2023-07-08,21,4469,313,495
2023-02-04,7,4416,5388,297
2023-08-02,18,2735,8714,359
2022-10-07,8,4932,12000,384
2020-05-27,22,2500,11892,298
2022-08-30,29,1677,13411,108
2021-10-17,18,930,10409,26
2021-06-14,26,464,14726,329
2021-12-31,7,2048,5887,89
2022-01-21,1,640,307,51
2021-05-15,29,4412,520,405
2023-05-01,27,4768,5034,95
2020-05-02,16,991,11497,143
2023-03-18,27,4889,6309,243
2022-02-23,29,2720,10510,451
2021-10-11,12,4702,3381,99
2023-10-17,5,4466,9488,206
2021-11-25,23,290,1446,408
2021-04-03,24,1013,12132,447
2019-03-18,10,1677,14013,197
2019-01-30,26,1287,8847,316
2022-03-15,21,4338,11935,55
2023-09-04,11,4773,5230,100
2022-06-20,8,3400,11472,288
2022-04-18,25,413,8080,200
2022-01-30,30,942,1017,255
2020-12-14,20,4000,3258,460
2023-10-14,2,4571,1732,77
2020-10-10,7,463,7085,117
2021-08-07,20,2175,14439,244
2019-11-02,14,4666,11728,323
2023-03-07,30,3596,9461,139
2021-12-07,30,1027,8482,266
2022-05-30,28,1089,13608,47
2021-05-28,27,1366,6062,240
2022-05-10,1,625,12093,93
2022-03-20,1,2690,13921,188
2021-10-08,22,1975,2096,182
2019-08-11,2,3277,4305,211
2020-05-06,5,4503,9271,442
2021-04-28,28,1380,13348,497
2023-07-30,18,3752,2329,74
2021-09-10,30,1256,6208,31
2023-12-23,2,1039,5898,192
2020-08-15,13,196,10099,239
2019-01-10,7,4867,10024,149
2023-07-25,16,2986,434,406
2020-08-03,10,3909,7477,415
2020-01-19,4,1343,12118,53
2019-10-31,23,4096,10100,78
2019-07-15,5,623,4355,41
2023-01-02,1,4337,3982,88
2023-09-08,30,4551,5306,179
2020-10-17,12,1591,788,272
2021-05-29,2,1000,12197,232
2022-11-24,4,4788,3232,381
2019-06-01,6,348,8991,450
2020-09-05,10,3918,10658,200
2023-04-05,22,4295,2682,160
2021-05-05,2,3342,13314,301
2023-04-18,18,3137,13737,171
2020-05-23,9,2781,5421,478
2021-04-29,22,462,872,432
2022-08-24,21,3165,5750,398
2019-02-19,27,383,5683,79
2021-02-15,25,3958,13968,390
2021-04-07,12,4685,4151,277
2022-06-29,3,3603,7448,53
2020-04-11,6,658,1111,275
2021-11-30,11,1592,13902,61
2022-02-24,6,4104,4193,232
2022-07-26,19,4029,14051,131
2023-12-27,30,2722,14058,216
2019-07-17,2,2789,442,345
2023-07-17,27,3351,10734,380
2022-10-25,15,2678,9989,481
2022-01-17,11,2715,7051,125
2020-02-22,20,2822,5657,351
2019-10-21,30,3076,2000,371
2022-11-30,5,2426,11365,360
2023-06-21,17,4262,10698,112
2020-01-29,17,2611,2173,405
2021-03-19,13,2151,10786,402
2019-12-19,24,1813,11141,290
2023-01-17,10,2270,14014,294
2021-06-24,19,4723,12037,172
2022-05-08,30,2025,7426,196
2019-12-06,24,1542,9546,337
2019-03-19,4,1852,9273,346
2019-07-22,18,4927,5184,118
2021-02-06,1,1185,13620,170
2023-03-14,1,3957,10604,172
2021-02-23,11,603,9991,71
2019-12-21,25,3385,9193,65
2020-06-27,8,4354,9552,345
2021-06-26,26,3333,4862,304
2021-04-14,1,2692,13024,235
2022-02-11,10,1258,12783,395
2023-05-17,10,3919,13473,72
2023-10-29,24,1966,5962,497
2023-12-26,5,2117,3639,226
2019-05-31,20,4970,13348,196
2021-12-14,22,1576,6751,39
2019-07-26,20,3146,1216,192
2021-04-10,4,4787,11385,495
2022-11-04,26,3550,4412,348
2023-11-28,27,2469,11665,323
2019-08-04,8,1685,13679,233
2023-01-06,14,3473,11695,60
2019-01-08,24,3589,5537,194
2020-10-12,1,666,9832,338
2019-03-21,1,4713,14925,71
2022-07-26,4,2446,4891,226
2022-12-29,4,3610,8194,22
2019-04-07,9,368,6013,495
2023-12-29,25,3211,349,316
2021-09-02,30,496,9181,383
2021-09-24,13,2963,8130,74
2021-12-07,11,2617,6822,90
2022-05-20,13,2841,9962,45
2021-11-25,24,418,11467,374
2021-06-06,16,3041,4063,178
2022-09-14,3,2236,8287,357
2019-02-28,29,4046,2094,53
2022-02-26,23,1754,12413,143
2019-05-08,5,561,10559,397
2020-06-29,24,138,8092,430
2020-09-09,12,1377,14039,278
2020-01-29,17,3476,3887,470
2019-01-21,21,3462,6680,468
2020-09-01,11,3082,3922,452
2020-11-27,28,2164,12496,211
2023-08-23,26,4290,6356,282
2019-07-21,2,1796,7873,287
2021-07-26,16,2061,9999,254
2023-09-18,7,4084,7847,82
2020-08-04,25,2035,12863,138
2022-02-07,27,4895,6220,126
2023-10-02,12,2359,13318,324
2022-12-22,15,3112,3456,481
2019-06-05,15,4733,3584,420
2022-08-02,2,3097,11131,284
2020-03-12,3,4117,1829,13
2020-09-20,12,1007,5353,15
2021-02-20,3,4362,11145,436
2020-09-09,25,131,1430,188
2022-10-29,2,2207,2259,380
2019-02-02,7,4413,4184,295
2022-11-01,6,2903,4938,141
2020-06-15,13,4431,14135,425
2020-09-06,16,2632,6576,278
2023-05-14,15,3962,11236,295
2021-11-01,28,2779,12875,287
2023-06-15,20,4421,5040,408
2020-05-17,6,792,8916,242
2020-12-16,29,840,3319,380
2023-09-08,2,1592,4809,306
2020-01-06,12,2578,5724,453
2020-04-04,12,3665,204,387
2020-08-04,28,2158,9073,164
2022-11-23,4,159,5016,478
2023-11-26,18,3077,6050,34
2019-05-02,27,4233,12993,49
2020-09-09,28,577,10773,29
2021-07-12,20,1667,11239,44
2022-07-14,23,2064,13006,323
2019-10-22,8,2613,1470,438
2020-11-15,21,3051,3037,61
2020-10-22,4,2432,13430,113
2023-05-08,27,1044,9639,410
2020-09-25,28,432,6227,360
2020-12-21,3,1471,10668,458
2020-08-02,17,2144,14173,381
2019-06-20,27,1071,10712,145
2021-05-13,7,1082,1825,117
2023-09-10,28,3249,9559,335
2021-11-11,27,2726,7295,446
2021-04-11,20,3887,9307,58
2022-12-07,20,4536,8056,371
2023-09-03,22,647,10781,255
2022-12-28,26,110,6217,176
2021-06-08,2,3658,3491,400
2019-12-27,23,3305,10554,97
2019-05-30,22,368,8557,318
2021-04-04,23,1115,14280,236
2019-07-23,1,1615,2452,418
2019-12-01,6,1616,6684,420
2021-05-13,10,4105,1235,163
2019-04-27,14,1404,988,438
2023-12-16,13,4418,4954,412
2019-04-29,4,1338,3069,206
2021-12-02,11,2087,1022,271
2023-09-04,8,2185,6031,375
2022-03-05,22,1305,9356,170
2023-03-15,5,100,12640,326
2022-07-01,25,2598,14509,173
2019-05-11,14,4925,1110,192
2020-06-10,13,3783,13123,242
2019-02-28,14,1095,9391,356
2022-10-31,10,4779,8394,193
2022-07-31,24,1993,12619,201
2023-06-26,18,4339,618,300
2023-04-05,17,2415,9422,293
2021-09-30,2,2414,975,350
2022-08-21,15,518,5834,138
2023-08-21,24,4103,2478,217
2019-09-16,23,4365,1766,226
2022-06-20,11,1889,6794,160
2021-05-11,22,215,7577,97
2020-04-28,30,2256,9750,345
2021-07-27,15,4608,7127,230
2023-02-07,14,2018,1773,292
2020-10-23,13,3933,3114,442
2019-08-26,14,2220,12517,290
2019-04-12,14,1813,13087,427
2019-04-12,9,1494,4557,211
2022-10-13,24,1673,12261,307
2019-11-17,29,523,3333,119
2021-12-17,27,2078,1284,349
2021-06-16,19,3962,10376,84
2022-05-15,21,189,7251,268
2023-04-06,26,3027,5527,240
2019-10-05,22,4634,12883,347
2019-03-23,7,1749,5235,315
2019-05-30,21,2511,6441,225
2019-08-16,16,2396,10729,308
2022-10-27,15,2189,371,18
2019-06-23,11,4524,9701,34
2022-02-28,21,3456,6406,225
2020-02-20,30,319,862,379
2022-03-10,18,4693,4757,140
2023-03-19,28,2070,7362,443
2022-06-17,10,1823,1955,147
2019-07-11,27,2034,890,116
2021-09-25,18,4141,6911,327
2019-03-31,10,3389,4588,30
2020-10-09,28,316,2821,262
2021-07-08,2,4017,13173,230
2020-06-26,14,3098,4763,160
2022-05-06,26,3828,564,291
2019-08-28,8,2589,13683,330
2021-08-14,13,3345,10736,419
2020-08-12,20,3246,12514,51
2022-05-03,2,1341,769,250
2021-03-27,21,4948,1295,241
2022-12-06,16,348,10269,161
2022-10-19,2,4160,11471,210
2020-06-26,27,4975,11751,53
2020-09-07,14,2333,10290,99
2023-05-19,14,3620,14266,352
2020-09-30,5,4745,7033,339
2023-04-06,11,1423,8172,97
2023-01-08,23,4917,4641,473
2022-11-06,15,4318,8418,317
2021-02-12,8,2704,5165,267
2019-06-26,28,4795,2097,355
2021-09-29,26,3356,11230,197
2022-03-07,1,1569,11785,252
2022-08-18,18,927,932,277
2020-06-29,1,3893,6228,107
2021-12-07,22,4512,12708,440
2020-10-29,30,2799,8401,150
2020-04-06,8,446,14148,353
2020-03-03,7,3173,11491,391
2020-10-10,21,3635,7760,435
2019-06-15,27,4658,6750,233
2020-05-28,4,3964,14946,53
2022-11-12,26,3200,5237,19
2023-08-27,22,3116,6297,231
2023-04-17,13,3668,1440,248
2021-01-06,1,746,624,214
2021-07-30,9,2131,7919,169
2021-10-17,20,2021,12539,43
2022-06-14,13,4663,784,324
2020-08-19,28,716,4261,375
2023-07-09,12,2565,14850,494
2023-07-21,27,360,13634,206
2020-08-08,30,516,3160,76
2022-06-25,24,2164,1255,335
2021-01-07,29,1008,10285,284
2019-10-04,4,3496,5824,384
2023-01-13,4,3503,6980,319
2023-11-28,27,4522,10293,410
2022-05-31,14,2325,2428,337
2020-03-30,13,4236,6877,209
2022-12-23,1,179,7387,398
2019-08-25,5,3557,2732,437
2019-09-29,1,165,4409,246
2023-03-04,11,1129,1425,69
2023-08-27,22,2596,8859,479
2019-05-26,28,4047,9539,227
2023-06-17,15,3522,14863,76
2019-04-23,19,3998,1741,315
2022-12-16,15,3443,10160,20
2022-12-03,7,3900,858,144
2023-12-17,12,2789,3819,396
2022-03-26,5,106,11088,186
2020-08-01,19,2152,2771,34
2019-03-29,14,699,564,239
2019-10-16,6,3310,559,81
2022-06-17,5,4362,7787,277
2022-08-26,21,3552,11737,379
2022-03-13,20,3279,7975,329
2020-02-02,30,2041,1519,68
2022-08-16,12,3486,10256,179
2023-03-07,25,2306,12914,166
2020-04-28,26,2940,7121,97
2022-02-03,16,2116,1078,73
2023-09-17,25,1254,1566,285
2022-02-06,8,4995,5116,372
2023-04-26,12,4211,1856,358
2019-11-30,3,4687,2301,404
2021-05-10,2,4206,11990,95
2022-11-16,26,994,10065,373
2020-04-29,26,4966,14278,218
2021-01-27,6,240,8941,355
2023-06-11,17,937,14523,486
2019-09-10,23,4472,12101,492
2021-05-22,22,1381,3500,494
2023-01-25,5,4776,11218,55
2022-11-22,16,993,573,465
2019-05-14,21,2002,11474,436
2020-07-15,16,3541,1681,449
2019-01-17,11,1517,5732,33
2020-07-21,20,4275,5243,86
2021-06-03,27,2200,7197,248
2021-04-18,13,3617,4171,396
2021-03-13,25,4158,2759,452
2022-08-01,25,3874,4837,187
2022-07-20,16,2414,14843,238
2022-12-01,23,4311,10488,231
2023-11-03,7,184,864,296
2020-04-30,6,420,7432,10
2019-08-12,15,3660,10521,202
2020-03-18,11,1631,7534,463
2021-07-09,20,1390,11000,322
2023-07-30,3,3401,7936,318
2019-08-31,9,4613,5350,389
2023-09-30,28,2743,13028,244
2023-10-07,1,150,10220,277
2022-08-29,2,1576,5459,480
2022-08-07,9,1233,7866,374
2021-03-10,11,2182,5019,12
2021-08-05,7,748,12233,369
2020-07-06,15,1255,597,211
2023-03-21,12,2967,12691,130
2022-01-09,8,127,12374,419
2021-02-01,20,3435,8376,219
2021-12-04,12,933,1167,66
2020-05-25,11,552,9302,144
2023-02-07,11,4926,4224,335
2019-05-05,16,3076,8233,226
2022-04-25,30,4383,13090,361
2021-08-26,21,1978,14855,164
2019-08-24,18,1026,1737,11
2021-05-27,29,2029,8318,105
2021-09-13,12,2111,703,459
2020-06-03,19,2381,3001,311
2020-06-20,22,1265,4211,319
2023-09-23,15,3228,14146,318
2022-07-16,27,4683,8732,94
2023-07-27,15,3581,3182,485
2021-04-16,17,2751,14783,424
2023-07-31,14,2984,9870,287
2022-10-14,25,2273,11088,433
2019-07-08,16,4589,2056,394
2022-05-14,24,2159,6065,499
2019-08-24,3,3044,1230,295
2021-11-07,28,4555,14537,375
2019-09-22,28,1291,1546,435
2022-11-08,2,1631,12684,126
2023-08-07,7,4936,9686,70
2021-10-23,16,1425,5416,325
2023-01-05,14,307,9072,238
2023-12-26,5,1324,14933,108
2019-03-22,21,2349,2762,287
2021-06-21,16,728,745,43
2023-01-22,21,3969,4140,37
2022-05-22,1,1744,6971,458
2022-04-20,30,4215,1889,414
2021-06-03,1,355,6986,328
2019-11-01,4,2857,6805,37
2020-09-23,2,4877,7788,258
2019-04-19,24,1096,9623,299
2023-11-12,20,2549,13372,109
2020-08-05,18,2604,6083,340
2019-09-25,22,4693,274,244
2020-11-03,23,3139,4604,210
2023-03-19,5,1922,3012,233
2023-02-28,24,4864,8545,349
2022-08-30,11,2735,7985,169
2023-03-16,30,1242,8888,196
2023-03-10,20,1927,14407,482
2021-12-19,9,1244,7854,338
2019-01-05,11,185,7226,442
2022-02-11,8,2531,6771,433
2020-01-07,7,3854,6793,413
2019-02-22,1,1744,1133,396
2021-03-21,16,1802,8708,131
2020-03-09,7,3396,3157,69
2020-09-01,9,2796,6099,197
2023-05-08,25,4577,4598,155
2019-08-22,7,4905,14893,156
2019-05-24,12,3463,7626,49
2022-01-10,2,3339,13028,224
2019-06-16,1,2476,5830,12
2022-05-29,29,3881,10381,241
2022-06-14,12,232,3503,483
2021-08-23,25,809,13004,338
2021-06-27,1,1759,4599,238
2023-02-09,29,1795,4568,408
2019-01-07,6,3498,9220,233
2022-05-28,3,2722,5803,349
2019-07-23,27,2328,13570,281
2023-09-21,16,1214,11582,12
2020-07-13,3,371,7627,314
2022-12-05,28,1496,1299,181
2019-10-11,4,4904,6229,475
2020-10-21,22,2357,8887,225
2022-06-14,6,850,13062,157
2023-06-25,19,4184,8198,112
2020-04-04,14,1789,14214,263
2021-12-03,22,4592,13590,336
2020-01-06,26,3285,8654,375
2020-02-12,7,2866,14725,331
2019-11-04,27,1602,5655,67
2019-11-08,25,1237,2010,339
2022-11-29,9,4288,8214,497
2023-01-29,23,1573,2530,267
2019-02-18,26,1087,4039,117
2023-09-21,27,3737,5372,243
2019-07-23,8,1273,4134,246
2022-05-03,24,4137,3374,366
2023-09-24,17,2669,5049,328
2023-09-11,15,4209,11222,406
2021-05-06,27,1831,10489,138
2022-03-08,6,4938,894,429
2019-09-02,23,3720,4327,421
2023-08-05,10,3636,759,476
2020-04-20,29,2866,14656,417
2019-07-23,21,4696,12592,413
2021-12-22,8,4019,314,350
2021-12-10,30,4426,4305,423
2019-09-29,17,1847,12153,452
2020-04-11,23,3329,12714,244
2019-08-20,15,4996,5560,321
2019-09-23,12,1576,1007,498
2020-07-11,13,2199,13706,145
2023-03-11,29,1317,7876,106
2021-08-07,14,1073,12247,451
2022-11-09,19,930,7005,37
2021-04-14,23,2595,3387,293
2019-11-16,12,4902,1768,135
2019-05-18,30,794,4828,435
2019-07-22,11,4353,9458,309
2020-09-28,16,3783,11022,207
2021-06-25,14,857,5053,291
2019-03-12,3,4066,5163,201
2019-04-14,23,2290,2115,482
2023-08-18,20,4038,3786,27
2022-06-03,11,3548,12707,351
2022-06-16,3,2815,9104,121
2023-02-15,19,1291,3319,355
2019-03-25,23,3402,6744,244
2021-01-07,28,2246,8582,452
2021-09-25,17,161,1139,400
2022-12-02,25,2336,11063,463
2023-08-07,5,3453,8280,485
2023-06-18,5,4876,11747,143
2020-07-24,5,3330,12459,410
2023-09-04,22,2995,9518,70
2021-06-05,22,4897,12387,382
2022-08-23,25,2289,4632,217
2022-03-01,14,2651,5936,409
2021-12-30,28,4881,8988,189
2019-06-21,11,1714,4750,437
2023-09-23,15,1964,10483,386
2022-01-04,6,2541,8803,460
2022-10-25,14,4841,3092,231
2019-09-01,30,1544,10402,75
2021-06-15,5,3352,12075,136
2019-04-28,26,3044,7546,465
2023-06-02,16,2588,2197,93
2021-06-28,20,1084,7644,381
2020-05-02,25,3636,3865,107
2020-03-29,13,2864,12565,301
2020-04-29,6,3046,734,338
2023-11-05,13,1411,11184,12
2019-02-18,2,4740,11605,332
2022-11-12,1,2444,10255,397
2023-05-15,21,1023,4811,60
2022-06-30,10,569,13546,318
2020-08-03,30,1319,2847,88
2021-11-18,12,2763,14560,204
2021-05-18,9,2528,2603,140
2019-11-09,8,4189,6569,444
2019-01-20,17,4726,10702,388
2023-10-30,28,2818,4800,274
2019-02-17,22,222,8280,331
2021-11-04,2,2496,4614,295
2023-09-06,28,4047,1337,409
2021-06-04,6,1304,10346,365
2023-08-18,9,2841,9666,118
2023-01-21,22,3629,8497,198
2021-09-27,24,3815,2703,100
2020-03-28,12,2491,5766,305
2019-04-26,15,2342,8706,377
2022-04-01,11,732,1303,203
2023-05-08,30,1608,8118,112
2021-12-15,11,1505,3971,18
2023-07-17,30,4806,3143,17
2021-08-10,4,1515,7198,485
2021-07-15,8,604,8008,70
2023-06-18,3,3063,12101,99
2020-11-16,19,2987,7558,191
2021-10-31,7,3079,8193,196
2022-12-28,4,2959,8085,406
2021-10-31,19,240,4657,334
2023-10-18,15,2806,11981,354
2020-12-23,23,4550,9690,194
2021-03-20,18,3185,1558,336
2021-06-23,17,2032,11284,144
2023-03-02,7,1285,1835,462
2023-03-06,14,2877,5198,52
2023-11-12,16,2549,11956,158
2021-09-04,18,1908,8359,340
2022-05-11,10,3195,4874,22
2022-06-05,1,134,6324,311
2022-02-04,6,1438,3167,34
2023-10-29,28,924,1244,232
2019-08-18,14,2911,11034,232
2019-04-27,14,3090,9191,58
2020-05-31,16,4034,3902,48
2022-08-09,1,1314,1762,63
2021-07-07,26,1100,11511,118
2019-03-07,11,518,7132,277
2023-03-25,2,3386,6938,67
2021-08-12,27,931,1700,368
2019-03-15,5,548,9499,61
2021-08-09,4,950,6173,87
2021-10-16,27,1902,3312,362
2020-05-31,5,714,3336,77
2021-04-24,8,2679,10090,73
2020-07-28,24,942,2906,294
2022-07-22,8,1633,4404,355
2023-08-26,17,2356,10146,15
2019-11-20,23,2317,11089,487
2019-07-29,6,1631,2241,213
2019-11-06,19,974,6089,96
2021-12-08,8,1128,12223,335
2019-01-14,22,4812,3952,449
2020-06-11,6,4363,13412,407
2020-07-13,2,4575,12011,290
2022-07-19,8,2945,10622,134
2023-03-28,17,1552,557,468
2020-06-08,27,2438,6846,231
2023-06-21,1,2510,3718,288
2021-01-07,11,2238,11888,203
2021-03-21,8,3517,1653,303
2019-07-03,6,1141,10511,35
2019-05-27,28,3964,9375,26
2019-01-29,27,1136,5787,144
2019-01-06,22,4839,6295,79
2023-04-03,27,4178,11216,184
2021-10-22,30,1668,12448,194
2021-10-04,23,4690,2449,448
2021-10-25,23,1836,13628,399
2022-06-21,16,380,8763,87
2023-11-23,29,3782,3523,227
2020-12-21,29,3112,999,298
2021-07-14,20,1353,13819,464
2020-10-05,22,4382,8091,255
2020-11-27,23,136,1447,87
2021-12-30,14,3790,2023,252
2020-01-08,9,1618,7110,34
2021-06-05,22,1629,3283,199
2019-05-01,27,150,8832,172
2023-08-06,5,4292,7550,405
2022-08-11,10,265,13571,111
2022-03-30,27,1724,11112,152
2021-07-28,25,4901,13827,170
2021-08-09,22,1775,3326,141
2020-06-09,30,2740,11769,155
2019-04-30,18,4124,7080,211
2020-04-30,9,3465,6260,331
2020-12-01,6,3477,6205,112
2021-11-22,3,2422,7805,188
2019-09-15,5,1912,11862,55
2023-11-19,24,2437,6145,71
2022-12-04,4,4006,10796,415
2023-05-07,8,4251,9609,139
2020-06-28,6,3616,11563,381
2022-05-10,3,2524,4969,325
2022-11-04,30,1312,2691,379
2020-04-05,6,484,9641,459
2022-05-13,3,4184,3730,304
2020-06-08,30,4750,5030,411
2019-03-17,16,3942,5828,453
2019-05-11,3,3182,1308,46
2023-03-13,14,598,227,340
2020-12-03,6,2008,8272,268
2020-01-06,11,2925,11567,201
2023-02-08,15,1384,11216,161
2023-06-24,16,4636,9816,153
2021-08-13,18,4161,8747,465
2022-10-27,29,1449,2974,232
2020-02-14,6,4046,14689,489
2022-06-09,19,3598,12801,181
2021-12-06,13,1672,4603,32
2022-02-08,18,2440,5082,451
2023-03-24,5,1878,5930,129
2021-10-10,17,960,5025,323
2020-01-09,5,3071,3402,298
2022-03-13,30,2782,250,371
2019-05-25,10,1735,6887,161
2021-11-14,23,3345,12643,361
2021-03-21,10,870,9946,196
2020-07-29,16,4681,12364,304
2019-02-23,30,2683,4697,385
2020-01-29,4,1053,9716,149
2022-01-13,28,2678,11489,311
2021-01-20,30,4375,12924,10
2021-07-08,3,3011,7702,335
2020-09-28,26,3577,6901,420
2023-05-10,1,527,1451,20
2019-07-14,29,2257,1708,252
2022-03-16,18,2955,8732,155
2023-07-18,4,2278,13119,220
2019-01-02,9,3701,1912,262
2020-08-26,14,438,11475,69
2021-07-02,3,657,6378,270
2022-04-07,5,1652,12037,233
2020-04-28,28,1089,7851,18
2019-01-22,22,4389,12793,442
2022-04-19,1,4966,4677,54
2020-05-25,20,692,6156,62
2019-09-01,25,1935,6203,458
2023-10-22,17,2926,6597,252
2022-07-19,12,2076,8098,81
2022-10-23,21,4912,3278,324
2019-01-01,18,580,1878,379
2019-02-20,28,3577,11736,192
2022-06-16,3,2216,11757,161
2023-12-16,29,2524,223,190
2021-03-18,14,471,11278,493
2021-03-28,1,2982,14861,142
2022-04-01,21,2134,7819,462
2019-09-15,21,4574,14382,260
2021-07-09,19,4436,13333,260
2019-09-20,19,754,6087,268
2019-10-27,16,2427,13777,459
2021-09-18,9,3662,7735,482
2021-12-11,5,3636,9482,358
2021-12-17,18,4635,5316,270
2020-11-07,14,3320,1819,30
2022-03-15,24,4974,3278,433
2022-05-20,12,4043,5298,333
2021-10-28,29,2475,14642,242
2023-10-30,8,1375,10518,256
2020-07-02,1,3613,11894,380
2022-09-15,23,4334,7599,218
2022-05-16,8,4666,4190,434
2020-12-19,1,127,4586,363
2023-04-06,27,2992,5165,341
2020-05-07,13,756,1737,114
2021-01-20,20,3783,6944,321
2019-12-18,3,3550,2544,416
2021-10-03,25,2786,4436,388
2020-12-30,29,1238,6321,57
2021-12-17,17,4412,11676,62
2021-01-05,12,285,4541,465
2021-01-10,4,234,13168,11
2022-01-04,11,1473,2168,399
2023-08-16,28,1591,1012,364
2023-05-03,8,4734,5825,449
2020-07-30,23,3779,1039,338
2019-09-09,18,4799,2573,247
2021-12-29,23,2766,4771,11
2020-07-19,14,3975,6190,81
2022-08-15,30,358,2902,279
2022-09-16,1,2295,6659,288
2021-11-03,19,2731,14648,398
2021-12-23,24,2432,4150,459
2020-09-15,16,4688,14495,466
2021-01-09,18,4569,9253,310
2022-04-02,28,2346,9795,175
2022-11-19,27,4936,9446,233
2023-09-15,28,3837,11970,44
2020-02-25,16,4849,12187,468
2022-05-29,14,3177,4384,441
2019-12-29,9,2489,14484,249
2022-09-27,28,1048,5261,210
2020-10-11,9,2538,8301,77
2022-11-24,5,4343,5192,306
2022-06-20,11,2056,10397,318
2019-08-10,19,213,13692,275
2020-10-18,13,2485,3287,283
2020-06-25,4,4024,5037,360
2022-08-01,12,2686,5010,77
2020-05-22,30,3863,13947,313
2019-11-11,5,3108,7254,463
2020-05-29,16,4941,9111,352
2023-12-31,30,2920,5340,318
2021-04-17,16,4554,10054,360
2020-06-14,5,4961,1847,163
2020-12-24,23,2717,4806,172
2021-07-27,26,4244,13186,430
2023-11-11,21,1881,10509,239
2019-05-01,11,1076,9324,449
2020-06-28,26,1670,5448,44
2020-03-27,25,3791,331,136
2023-12-25,4,1524,4683,358
2021-09-25,3,4004,1333,268
2020-11-01,8,2635,7783,309
2023-08-10,8,4784,11171,175
2023-03-17,23,4005,6305,12
2023-06-11,28,1480,4428,117
2022-03-27,18,3654,14841,409
2023-05-25,10,2233,5765,131
2020-08-10,14,669,2413,327
2022-10-11,15,2677,14396,200
2021-05-06,28,4420,953,286
2023-09-28,4,2027,5187,202
2021-06-11,15,3760,267,297
2019-07-21,23,3617,1535,129
2021-12-20,19,4329,14702,235
2019-02-17,10,3427,9378,177
2023-08-03,14,4247,3338,58
2022-08-08,12,743,1659,433
2019-12-15,20,3125,14548,77
2022-10-05,11,3538,8112,92
2022-05-09,27,240,3947,95
2019-12-21,20,3118,13092,309
2022-04-07,16,4596,1627,161
2021-06-26,8,1697,14521,59
2021-09-10,17,384,6736,466
2020-12-28,30,3476,13897,46
2023-10-07,21,3082,924,255
2021-11-21,7,1481,7800,107
2020-05-25,14,2807,1963,362
2021-06-03,14,3390,5824,182
2022-08-24,17,1461,13214,117
2023-11-17,26,4909,6988,72
2023-02-26,9,4794,3938,485
2023-10-21,14,3094,8354,477
2023-08-25,2,4732,10128,163
2021-06-11,11,567,12814,243
2020-03-16,29,117,6735,128
2019-07-20,25,3499,5023,128
2020-06-04,7,1679,11757,160
2022-06-23,26,3634,1089,404
2022-12-29,2,4328,312,159
2021-04-16,19,236,14623,482
2022-07-26,11,4648,9216,35
2019-11-03,26,3099,13250,379
2019-11-05,24,2352,4571,483
2019-05-28,30,2531,13792,273
2019-02-04,28,2015,14108,345
2021-01-11,27,3617,6309,179
2022-04-18,2,146,1809,467
2022-06-04,5,939,1956,439
2022-08-11,27,4035,4626,10
2021-11-27,15,934,5448,337
2021-10-08,12,1405,1532,428
2021-08-22,1,1697,14835,471
2021-04-01,5,2360,4852,223
2023-08-28,18,2389,580,384
2019-01-18,11,4747,4217,19
2021-11-21,20,2605,2415,109
2020-01-30,22,1414,1602,89
2019-01-10,2,4733,7064,13
2022-04-10,24,3545,14149,63
2020-08-09,3,3176,3305,406
2019-06-11,28,2502,4498,204
2022-01-01,10,3491,2854,485
2021-08-19,5,226,8764,387
2021-09-10,24,4600,1608,308
2023-11-10,19,814,12587,141
2021-11-06,3,2507,11726,278
2021-08-24,17,635,11993,379
2021-05-23,28,747,8996,129
2020-10-05,22,2601,14133,239
2019-03-08,14,3752,786,240
2019-01-29,25,115,14432,159
2021-09-26,11,1749,3179,154
2021-12-20,29,3537,14782,27
2022-11-21,24,4427,12827,23
2022-04-13,6,3672,9066,444
2020-05-24,4,1414,7890,99
2020-06-24,25,4227,13183,310
2022-03-28,20,4086,6065,351
2023-01-10,7,1621,5968,12
2019-04-23,10,3485,11553,335
2023-03-27,9,4127,3658,388
2021-08-04,27,2796,11369,121
2021-11-29,5,1906,2297,382
2022-10-24,29,4135,6579,339
2020-10-02,8,2236,14079,283
2019-09-27,27,3291,4440,140
2023-09-21,15,3825,5369,385
2019-08-21,2,3353,11854,103
2023-02-16,3,4627,9765,12
2019-12-20,3,1650,8379,412
2019-11-12,10,902,9292,191
2023-06-18,20,3897,8601,68
2022-12-15,24,1209,2459,237
2023-07-02,16,666,8200,228
2022-09-20,24,4568,1603,105
2020-03-08,19,1611,12523,469
2020-08-15,14,2006,7203,205
2023-03-29,9,2590,3815,379
2019-01-08,21,2710,8470,146
2021-06-20,16,3883,10940,242
2021-09-05,4,1340,13688,132
2023-07-06,11,1964,10341,180
2022-06-13,11,4055,2719,443
2023-03-24,17,1715,6466,113
2022-02-06,21,3273,2966,49
2023-10-08,17,2146,3756,436
2023-10-28,17,4151,14931,420
2021-12-16,20,4314,228,32
2020-08-12,20,1235,11528,227
2023-08-31,28,3896,6241,367
2023-11-20,4,1557,9108,287
2019-02-21,8,639,13866,372
2023-05-23,16,4739,6101,103
2020-05-08,13,3578,8050,185
2022-04-14,16,2350,5530,44
2019-07-10,9,3584,3696,73
2023-08-02,7,3464,12937,407
2022-03-13,30,3812,871,125
2021-03-18,8,4881,4971,32
2021-02-13,19,833,11739,355
2019-08-21,1,1047,6480,23
2022-01-12,9,3670,13129,184
2022-09-14,3,1052,2122,423
2019-04-28,16,4303,2052,130
2019-03-28,12,3901,10622,17
2019-04-04,29,3425,11547,157
2021-06-23,2,2092,5113,126
2021-03-09,2,3602,6695,171
2019-05-24,3,168,14827,112
2019-11-21,18,1304,9566,171
2023-01-29,26,1511,1735,272
2022-12-17,10,3809,8356,393
2020-08-08,17,367,3033,467
2020-12-24,22,2056,6972,42
2022-06-26,2,3654,1838,33
2022-11-28,20,4602,323,494
2019-04-04,30,4044,12974,48
2020-03-27,25,2607,12630,34
2019-09-03,7,1737,12330,150
2023-12-19,30,3947,9431,463
2020-02-15,24,1797,6585,320
2019-07-30,6,3640,3489,117
2020-10-21,4,2805,4335,387
2019-02-05,22,4013,7428,211
2023-12-06,30,3824,4087,231
2021-05-26,12,1075,6446,434
2022-09-01,10,4775,5698,492
2019-08-02,26,2453,3055,450
2021-02-17,9,1711,3180,296
2019-08-25,11,2554,9417,74
2021-11-06,5,2197,8344,76
2020-05-05,9,4055,6147,52
2023-02-11,17,4235,733,226
2021-07-02,17,2621,6750,247
2023-12-02,17,387,4249,482
2021-07-29,17,607,4243,132
2020-11-07,14,4635,1316,181
2020-04-19,14,4552,5223,331
2023-03-16,5,3243,1259,309
2023-08-04,18,4882,10193,309
2023-03-17,29,3429,7646,57
2019-08-19,16,244,10926,133
2022-04-25,18,308,5860,183
2023-04-21,23,4850,10081,321
2019-01-11,16,4713,2230,217
2020-07-20,6,4508,11992,65
2023-01-20,6,594,6698,278
2021-05-04,8,4574,9195,33
2021-05-27,1,2988,5991,285
2021-04-21,8,2176,14786,156
2019-05-12,23,1095,7235,225
2021-09-12,20,2340,2623,321
2022-08-11,8,2396,10422,115
2019-08-10,24,1654,1231,327
2022-09-01,19,3988,12098,203
2021-01-22,11,2993,14474,374
2022-07-05,29,4206,10865,440
2019-04-01,22,1360,13382,24
2020-02-12,13,1197,4737,42
2023-02-12,3,2529,13163,384
2023-04-14,25,1341,11377,375
2019-03-26,5,1599,5753,37
2022-03-28,7,3234,9658,340
2023-02-23,10,4704,8741,346
2021-04-19,19,728,3696,161
2019-07-05,18,3552,1215,171
2020-01-23,7,1497,10035,324
2021-05-26,23,4474,8415,81
2020-03-06,18,2548,5567,22
2022-05-30,26,1301,959,452
2023-12-13,21,2594,8460,133
2019-04-11,12,2083,4524,490
2021-07-06,18,2753,9260,482
2022-05-27,1,4960,2147,37
2022-12-10,26,4516,8187,14
2019-05-21,2,877,13365,245
2020-04-18,14,1402,2658,171
2022-05-18,21,4896,8269,81
2021-11-02,8,4367,11123,23
2023-12-14,15,594,3530,73
2021-04-13,7,571,7467,241
2021-09-10,4,745,4192,170
2019-07-05,12,3670,7331,109
2023-10-25,24,967,4981,87
2023-04-06,20,3118,7815,492
2021-05-12,1,1337,13365,92
2020-12-30,2,2555,12174,157
2019-09-14,28,3284,1925,77
2021-01-10,20,3730,2636,57
2019-10-20,15,3964,14941,316
2022-12-05,29,2856,11436,115
2020-08-19,3,2645,1817,38
2021-01-12,11,2024,7732,71
2022-09-07,12,1471,4649,250
2019-11-19,26,1719,5335,427
2021-02-28,1,2502,8830,216
2022-09-13,6,4466,2993,114
2019-12-07,18,4839,14545,275
2022-10-15,22,1555,14822,482
2020-10-24,27,1200,9356,474
2019-04-26,9,2172,7830,149
2021-05-05,17,1574,8336,41
2020-07-11,21,213,5816,192
2021-07-26,27,1411,7690,127
2022-07-16,13,1218,10253,120
2023-09-16,21,2504,12251,496
2020-05-23,1,1555,7855,403
2023-10-14,2,1239,8732,426
2019-07-13,5,1965,6313,25
2022-11-17,11,343,10496,95
2021-05-23,26,3556,8733,156
2023-08-12,3,509,6452,154
2021-06-09,1,1359,11768,443
2023-12-07,25,1694,8288,292
2020-01-26,8,1253,9740,400
2019-02-27,12,721,3789,357
2020-04-23,2,1771,273,378
2022-08-03,28,1800,9875,214
2021-06-10,1,1401,4705,334
2019-08-19,10,481,368,186
2019-09-27,30,1566,7775,390
2022-07-05,24,319,6963,428
2023-10-24,16,925,428,182
2021-03-18,18,3164,14546,455
2019-02-22,20,3241,11449,358
2020-05-09,30,1681,447,473
2021-03-11,22,4875,10929,139
2020-03-12,11,2018,1873,257
2020-07-08,11,2413,11321,162
2020-05-29,23,2183,12888,247
2019-08-01,26,289,12628,194
2019-02-04,24,1130,2779,264
2022-07-15,1,4069,5299,100
2022-01-20,4,1437,7420,252
2019-12-17,25,4026,13640,94
2019-08-20,12,3936,7754,10
2019-08-18,4,3085,8544,124
2020-01-17,19,3616,11644,461
2022-03-13,29,4995,4743,59
2023-11-01,5,3966,6537,346
2022-02-10,3,4446,8539,149
2021-01-30,10,4999,598,120
2020-03-04,24,4987,1120,202
2023-08-27,23,1557,8459,106
2022-06-11,18,914,5512,149
2021-09-10,2,800,3585,430
2019-10-31,15,1015,9774,95
2022-02-17,12,4499,11616,184
2020-07-08,12,3704,4810,140
2020-03-25,10,1737,6131,470
2019-06-02,26,3836,3436,281
2021-05-08,1,2122,13254,211
2020-06-18,8,3144,785,409
2023-04-10,21,2833,2137,284
2022-02-16,23,3805,14712,143
2022-03-31,25,991,5064,105
2021-12-07,25,1884,14841,120
2019-10-12,17,2786,6174,314
2022-03-28,24,4154,4917,362
2019-07-09,3,2367,14047,98
2021-09-02,11,4300,6483,435
2022-07-09,14,3862,7105,312
2023-02-16,21,1239,477,408
2022-04-19,3,2789,8671,174
2019-04-04,24,4527,7013,354
2023-11-20,14,902,5313,492
2021-04-19,8,3649,2341,279
2022-12-29,19,4849,6297,373
2022-12-12,11,3186,5249,339
2019-06-05,12,312,957,140
2022-06-11,12,2199,8833,168
2022-08-09,11,3148,1675,341
2019-04-05,22,4675,8588,290
2023-07-14,13,193,11847,472
2021-10-08,14,363,8430,357
2020-06-08,19,3828,340,195
2021-02-06,6,2250,8237,150
2023-05-16,12,3226,11840,331
2021-09-29,10,2294,2804,421
2019-08-04,26,1812,385,162
2021-04-04,2,3706,3778,93
2020-05-01,14,1544,5403,291
2022-04-18,11,3864,9735,73
2019-05-05,29,117,6818,234
2022-08-09,29,849,9757,46
2023-02-16,9,4843,4972,395
2020-12-11,8,1705,7105,422
2023-02-20,30,1825,5144,119
2022-08-08,17,2417,1504,107
2020-12-21,6,2130,9576,175
2023-02-20,20,1346,5145,464
2020-10-17,16,4095,2220,408
2020-11-28,6,1776,6841,448
2021-01-27,29,1181,1361,179
2020-07-12,28,1896,6730,171
2022-03-17,14,575,12536,236
2022-03-14,11,1652,4065,78
2019-01-28,15,4489,11997,442
2019-08-16,16,3291,4000,456
2022-10-26,5,895,13500,430
2023-06-26,9,1540,13643,375
2023-10-04,29,3691,14737,385
2021-12-18,19,3525,11636,373
2021-07-26,25,2262,12396,148
2020-07-13,22,2747,7990,81
2022-02-20,27,3177,2384,23
2021-01-06,19,2251,2078,159
2020-03-17,2,1096,6463,251
2021-02-10,10,2606,8469,304
2022-07-27,27,534,4137,388
2020-12-25,1,375,12390,20
2021-03-27,20,1776,7481,211
2023-03-17,13,2823,8013,315
2022-10-28,2,1934,13148,24
2020-09-01,1,3056,304,216
2020-05-05,26,2415,10371,198
2020-09-28,24,2160,6719,303
2022-12-01,25,2700,3718,312
2022-06-22,13,2325,3516,105
2021-05-24,29,2198,2362,248
2021-12-20,2,149,458,284
2022-11-11,24,3320,8382,422
2019-12-14,29,1546,2337,492
2021-10-19,23,189,4770,413
2019-04-13,27,1949,3956,188
2020-06-27,7,4982,543,379
2022-11-14,1,544,1183,333
2019-06-10,20,1071,9773,415
2019-03-08,3,2827,4560,149
2020-03-25,21,1378,8762,67
2023-06-19,7,4729,10683,335
2021-01-25,15,2905,5648,15
2019-01-12,10,3465,3954,380
2022-04-07,24,972,674,122
2019-04-26,2,4311,2006,210
2021-10-21,30,1345,12599,143
2022-02-14,9,4698,936,95
2021-01-25,7,401,7885,98
2021-02-04,27,947,13610,57
2022-05-12,14,3212,5452,91
2019-05-18,11,3865,6125,140
2020-01-06,7,3820,6494,451
2023-09-03,14,4167,14043,46
2023-07-09,15,2771,9449,132
2019-03-14,13,4667,6371,241
2023-03-30,10,2259,10559,247
2022-02-03,26,1115,5191,297
2019-11-06,3,4199,13660,426
2021-06-21,30,331,3945,416
2021-03-29,1,176,4083,118
2021-10-27,10,4028,14327,208
2021-01-08,30,1986,4314,480
2021-03-31,10,2929,4239,264
2021-04-04,17,3104,11268,460
2019-11-22,14,4126,5195,217
2023-12-23,27,2736,695,377
2020-05-08,21,3064,8443,407
2023-07-21,13,4476,8184,115
2023-04-17,6,1051,10310,289
2019-09-01,8,2075,11994,218
2023-05-17,1,1129,3605,97
2022-08-11,14,3012,10685,450
2021-11-03,12,206,4773,389
2022-10-15,11,3006,9183,184
2023-03-22,21,359,1127,43
2019-06-25,6,2927,2934,412
2021-11-13,19,1275,10151,498
2021-07-16,30,1842,6506,331
2020-10-16,17,2245,10163,97
2020-01-18,8,2608,4548,397
2019-07-23,3,672,1721,20
2022-06-28,23,1982,12818,375
2022-01-03,30,4977,4235,84
2019-10-30,2,4679,1636,262
2022-08-11,19,2231,12403,273
2019-08-12,25,2983,7345,57
2023-07-14,19,3855,14022,11
2021-07-17,22,2966,1936,361
2021-10-27,13,4407,14733,63
2021-09-25,19,3410,4885,331
2023-12-21,20,110,558,363
2023-06-02,30,4602,7784,125
2021-07-24,30,4214,7547,219
2023-02-05,13,823,14694,417
2023-04-23,19,2187,11367,279
2023-04-27,6,4031,12272,143
2021-06-24,28,1322,9991,189
2020-10-28,3,4543,7029,488
2020-08-17,27,4371,8716,371
2020-12-19,2,1688,4978,433
2021-01-22,9,2465,11935,203
2020-11-28,8,1144,10655,139
2021-10-21,7,1841,11603,409
2021-06-21,18,522,441,64
2020-01-06,4,4213,7630,14
2021-08-08,13,1717,7888,149
2023-01-18,18,2240,1181,457
2019-02-01,8,1311,14811,176
2021-08-10,23,4726,2050,22
2023-10-30,2,3638,9480,411
2022-03-12,28,358,454,433
2021-08-29,24,1405,6304,148
2020-11-29,11,4791,9171,322
2021-05-24,9,4810,5004,15
2021-07-04,7,2586,4229,69
2020-02-04,1,2927,651,438
2022-07-24,7,4491,5172,310
2022-01-15,22,433,7890,30
2022-04-19,23,2418,1908,469
2022-02-24,8,3532,4864,64
2023-06-21,5,4723,5849,196
2021-07-18,28,489,7399,471
2019-03-30,13,4449,10873,382
2023-11-25,12,2568,2198,425
2019-05-18,24,2509,14114,127
2023-04-09,17,4240,3641,263
2019-10-24,21,2802,6751,466
2021-08-21,27,2922,4592,472
2023-08-24,19,4274,12419,207
2023-12-19,3,2864,5462,174
2019-01-24,15,2820,12776,227
2019-08-29,10,1469,12659,157
2022-02-24,18,3867,2262,184
2019-10-10,20,4500,11209,38
2019-03-05,18,4396,6454,289
2019-12-06,1,1356,9389,94
2022-04-01,22,4844,12829,42
2022-12-28,7,2200,9308,330
2020-11-06,21,613,4168,437
2022-02-19,26,4353,14926,240
2022-12-28,30,3494,9942,301
2023-06-06,25,3457,6369,298
2019-05-06,27,2955,5004,375
2019-11-06,1,2512,7118,34
2022-08-17,19,1542,10440,133
2022-03-10,21,4937,14874,63
2020-02-10,13,4434,14234,76
2020-10-02,9,2674,13678,331
2019-10-24,10,1128,12016,20
2019-04-22,26,4357,13290,136
2020-02-01,30,939,675,137
2021-06-25,28,1246,1048,11
2022-11-12,17,1175,4321,310
2021-03-21,25,2095,9311,475
2021-01-23,12,231,2944,110
2021-10-02,20,4416,12165,237
2021-03-05,11,1904,14240,50
2019-08-10,19,4474,7993,144
2020-03-16,17,2336,11158,468
2021-05-03,23,3151,3035,137
2020-05-07,12,965,4739,483
2020-09-28,22,1155,847,141
2021-12-02,5,2584,9952,215
2022-07-29,1,763,5870,301
2022-03-24,26,1822,13260,36
2019-12-02,18,4130,9407,412
2023-06-18,12,1208,14632,371
2023-10-11,30,203,4420,243
2021-04-20,13,717,8642,87
2022-08-28,10,4226,14063,498
2020-11-22,15,4708,13162,188
2020-07-27,11,4480,9465,182
2021-08-30,2,1828,5318,239
2022-09-22,23,1130,14237,165
2023-06-14,14,4303,6153,477
2021-02-12,22,2711,8544,192
2019-10-17,28,4791,13240,299
2023-03-06,24,2304,10933,371
2022-11-15,24,1546,932,314
2020-12-02,11,2263,4351,135
2022-04-04,7,4570,9684,240
2019-12-16,27,3991,5992,281
2020-10-29,2,3374,3889,321
2022-10-06,22,4223,8298,298
2023-05-09,12,4776,12036,297
2021-12-11,19,1846,10707,315
2021-01-24,3,938,12976,376
2020-10-15,28,226,1501,119
2022-03-07,9,1919,1433,335
2020-12-21,5,1197,7503,381
2020-10-11,1,394,6850,51
2019-04-12,10,4039,2142,169
2020-03-19,27,1813,14521,361
2020-03-21,12,1654,13395,319
2019-12-07,4,649,893,295
2023-08-18,28,3258,10590,182
2020-12-17,26,1610,9316,245
2020-01-27,5,1006,12335,338
2020-11-30,30,1772,6515,364
2019-03-13,25,685,6383,353
2019-07-01,3,958,11739,186
2020-11-09,22,1163,7220,365
2019-03-08,3,2624,14171,236
2021-08-08,16,1622,3667,177
2021-06-06,14,4073,7052,318
2019-07-15,24,2377,5674,349
2023-02-18,6,284,5787,261
2021-06-16,11,1077,9717,75
2021-08-24,7,2538,4679,430
2022-03-20,19,1281,11621,53
2022-10-08,20,653,12101,350
2021-02-23,7,1443,11628,195
2023-09-20,30,4086,888,497
2021-01-26,24,1599,10736,170
2021-12-25,24,755,7417,290
2023-01-22,14,1218,13357,381
2021-06-17,5,3620,7977,149
2020-05-27,20,1110,7648,170
2022-01-28,14,4576,2689,434
2021-07-15,9,1839,14425,315
2020-09-20,12,1888,13809,37
2022-09-21,6,3870,9442,405
2020-12-01,20,1740,14797,216
2020-07-23,15,1821,5727,493
2021-02-12,11,2545,10195,280
2023-10-27,20,4781,11245,88
2019-09-06,20,2440,12335,372
2023-12-10,6,2545,9858,208
2021-03-31,9,1760,13014,177
2020-08-23,13,4298,8608,458
2022-12-20,28,978,3727,397
2023-12-05,17,4844,470,412
2021-02-04,29,1054,12475,296
2019-06-17,29,2105,222,401
2020-05-21,13,3308,4491,285
2020-05-20,10,4063,11453,470
2021-03-21,8,3001,12815,181
2022-06-01,19,1215,12629,402
2020-10-02,18,981,6847,151
2022-11-14,3,3164,4154,22
2022-01-27,18,3220,1346,179
2020-03-24,25,638,1715,13
2019-01-28,22,208,8738,267
2019-07-02,17,4451,1359,164
2021-06-26,17,4145,14426,87
2020-11-10,29,3032,13271,48
2020-06-22,7,2421,6043,368
2019-03-13,15,4481,10629,11
2023-09-20,15,397,3207,85
2021-12-07,29,4817,13194,413
2023-08-23,11,3205,8213,414
2023-10-06,29,3522,12760,268
2023-04-16,7,183,8749,414
2020-09-14,3,508,9450,41
2020-01-28,11,2653,13045,243
2020-09-23,30,2884,11453,217
2021-07-01,10,301,8866,165
2022-02-12,1,3374,11650,226
2021-08-30,10,447,532,316
2021-02-08,16,1853,9749,11
2019-06-04,30,4440,5165,353
2020-11-05,3,3463,12336,412
2019-02-28,28,2045,14108,492
2019-09-01,5,2549,7487,464
2022-12-03,10,2000,7649,77
2019-12-20,4,1043,11579,47
2023-09-12,17,4167,14596,273
2023-06-11,29,2083,490,264
2022-12-17,15,183,3990,85
2023-09-14,6,3080,12645,57
2023-11-15,15,3305,4896,380
2019-11-19,13,3454,4436,474
2020-01-10,16,4398,8098,227
2021-09-09,4,3217,14696,250
2019-01-27,25,1039,1151,464
2023-05-09,22,499,2043,131
2022-08-06,5,533,3636,40
2023-02-10,12,250,3200,219
2021-06-16,6,3694,14605,69
2022-09-04,23,4452,14552,441
2023-03-26,25,2087,269,417
2022-05-11,30,1771,12274,298
2022-03-07,3,3581,7301,137
2022-09-13,7,3330,11465,265
2021-10-05,7,1980,10883,464
2022-08-13,3,2939,2763,453
2019-04-25,28,4237,719,306
2020-09-11,4,1137,4366,482
2019-04-21,30,4914,9942,363
2019-08-18,5,4574,13321,496
2019-11-12,27,3895,11541,115
2023-07-08,17,2101,10363,54
2021-07-15,8,3598,9442,332
2022-09-25,5,3740,2299,28
2021-12-31,26,1857,12428,263
2019-08-27,26,2462,3644,180
2021-05-17,20,2167,7833,159
2023-10-20,18,4293,12414,190
2021-01-02,26,3558,13259,445
2021-09-01,4,4215,11277,49
2023-10-25,26,3955,4058,215
2023-01-20,25,2453,8720,330
2019-08-09,1,3667,2863,209
2021-12-30,16,4625,9187,241
2021-03-05,21,4756,2399,375
2022-11-21,3,2180,7300,70
2022-10-22,26,4442,3969,394
2023-07-22,23,3818,6966,435
2023-02-17,25,4160,2483,203
2023-10-20,24,1563,5227,270
2020-11-29,27,1021,11638,313
2022-10-06,25,2751,6103,304
2022-08-15,14,456,2303,82
2019-05-27,28,1141,5958,264
2019-11-04,20,1487,2277,128
2020-07-06,26,1753,14057,142
2022-03-13,2,3426,5787,146
2023-03-29,12,3017,5561,214
2021-05-03,19,4864,4260,344
2021-06-10,21,4483,6493,317
2021-09-19,12,4847,4937,62
2022-08-06,9,2539,8183,380
2019-02-07,21,867,9255,192
2022-07-23,20,3165,2216,377
2021-05-18,22,1711,2952,370
2020-07-19,7,4177,7331,437
2023-07-12,21,2647,9170,484
2021-08-04,14,3576,6933,477
2019-01-11,19,4169,6990,232
2021-04-08,16,3953,9935,69
2023-02-06,17,2904,10428,79
2022-07-31,25,4036,13681,321
2023-12-20,24,1761,14588,192
2020-11-25,2,2267,1340,194
2022-05-01,30,2677,4635,146
2022-01-15,12,2521,1367,66
2021-09-21,10,2892,8581,327
2020-08-04,22,3145,8978,224
2021-08-27,7,1401,14643,420
2022-02-05,14,2837,1689,48
2023-07-25,12,2883,7952,347
2021-03-01,1,2598,10739,478
2021-04-21,28,2476,13322,395
2023-06-04,27,3334,3361,176
2020-09-27,15,2442,6012,494
2022-03-04,29,4639,3433,429
2020-03-16,8,1228,3139,423
2021-03-02,7,4122,8167,335
2023-01-13,11,1276,5569,429
2023-07-10,18,4605,3371,86
2023-07-30,24,2306,12721,283
2021-06-29,13,3456,6338,433
2022-10-18,11,4387,8935,151
2022-09-04,13,1414,1561,29
2022-07-21,30,3583,3982,144
2019-09-01,29,1944,506,196
2020-05-25,22,1113,11666,108
2020-03-26,14,2646,5120,402
2022-03-28,27,2192,431,155
2019-11-15,21,3881,7202,290
2021-08-03,14,1821,1180,29
2019-05-22,2,1818,9710,399
2019-11-18,12,2853,1245,443
2019-06-26,8,3089,12631,293
2022-06-03,22,1437,9298,76
2019-01-05,29,1819,14287,190
2020-12-31,5,2855,1257,142
2020-04-11,7,771,1920,220
2022-02-05,18,581,5039,417
2022-11-06,19,2195,11670,154
2020-10-17,24,3885,2809,203
2021-12-21,25,2473,13441,67
2019-02-14,23,3345,11069,164
2020-07-26,24,3943,9490,230
2023-08-05,6,3894,3125,214
2022-11-15,11,4959,2032,161
2023-04-15,16,2045,583,31
2023-12-04,16,4853,5879,56
2021-01-24,1,1322,8592,99
2020-05-17,10,3166,1237,456
2022-05-17,26,3930,4208,465
2023-07-04,20,4733,1405,393
2021-12-01,1,2205,4759,267
2022-10-13,8,3919,14389,231
2023-08-09,17,4864,4499,354
2019-09-10,5,2463,6551,404
2019-10-07,7,1169,312,488
2019-04-21,6,1973,3404,216
2019-07-27,21,3278,8022,99
2020-11-12,26,4651,12042,402
2019-10-10,25,1729,4191,207
2022-06-28,26,2220,9179,421
2023-01-03,6,3947,2955,418
2019-01-03,18,823,5278,339
2022-11-26,8,816,1667,153
2022-10-12,17,2845,12713,301
2022-07-23,11,4599,2291,187
2023-01-03,10,2883,2837,356
2021-03-25,4,4760,7220,303
2021-11-18,24,1624,828,184
2020-03-19,2,1145,12762,56
2020-09-01,3,424,12481,278
2023-09-20,10,478,10113,36
2023-11-17,19,2492,3187,251
2023-04-25,22,3512,8531,294
2019-02-11,17,3237,3224,168
2019-09-15,6,1666,1333,428
2021-06-05,23,3623,9869,452
2019-02-25,19,2184,12232,173
2022-01-19,13,3741,13862,295
2021-02-14,26,4697,9125,372
2023-03-06,21,1604,14078,198
2022-10-04,16,1174,14966,170
2019-09-27,3,3862,934,85
2023-08-22,11,4783,12704,350
2023-04-12,12,2154,5162,428
2019-08-17,13,2494,1076,220
2023-09-21,20,3333,12443,316
2023-09-09,3,415,2267,92
2021-07-07,19,3766,12457,48
2019-03-12,29,799,14434,120
2022-04-11,12,3163,2330,148
2020-09-18,8,4437,11116,448
2019-10-08,1,4544,3106,28
2023-02-13,15,3674,450,277
2021-06-21,21,1641,5840,16
2020-04-09,18,2657,5885,369
2021-05-20,14,2295,14588,441
2019-09-16,9,4315,6513,168
2021-10-23,27,138,13903,220
2019-02-16,23,3867,11531,125
2021-08-23,20,1893,3560,356
2023-12-23,30,498,12686,447
2023-10-02,27,1068,12998,347
2022-01-07,26,1253,4955,277
2019-07-01,28,2500,802,447
2020-09-23,3,1811,2589,43
2020-09-07,5,3489,5141,284
2023-03-13,4,225,1550,185
2021-10-24,30,183,2986,252
2020-03-23,14,3711,9847,213
2020-08-20,27,4364,10046,356
2020-02-02,15,1534,14482,282
2022-04-13,19,2630,4243,134
2022-08-29,4,513,626,381
2019-04-07,25,1628,9004,430
2020-07-17,30,4666,1345,216
2020-05-12,10,4133,14676,104
2023-01-16,20,3974,5158,403
2022-07-17,20,3447,5499,388
2022-05-13,11,1853,5871,462
2020-06-05,19,1800,11727,458
2019-01-09,2,807,14488,208
2019-12-27,22,1203,4698,433
2023-07-02,17,2719,6309,293
2022-08-29,6,2929,8580,451
2022-01-27,22,712,6486,221
2021-05-29,28,1044,11001,267
2021-01-06,11,2317,4620,297
2021-05-24,30,3404,10880,278
2019-08-03,2,1587,11379,263
2021-05-19,21,4087,14411,455
2021-08-23,27,789,13603,465
2020-09-11,25,3034,13905,121
2021-02-24,5,3426,7329,419
2021-08-07,24,3044,5333,194
2021-07-30,11,2536,5545,77
2021-03-08,9,4164,2145,65
2021-10-10,14,1173,14732,335
2023-06-29,11,2526,2051,464
2022-08-06,2,1681,5889,173
2021-12-29,17,363,9803,352
2022-11-30,29,4246,8436,178
2021-09-03,21,4681,4278,378
2021-06-02,22,1743,8934,46
2020-11-26,7,3714,10231,182
2020-06-06,1,4180,7511,174
2020-08-29,4,1922,13656,231
2020-09-11,2,1098,7579,128
2019-08-06,21,1097,1206,233
2021-05-16,12,3450,12587,38
2023-01-03,28,4017,1498,346
2022-12-31,28,4508,11810,120
2020-04-22,20,954,9801,96
2021-04-04,12,1671,8708,78
2023-05-01,26,4814,9676,353
2020-05-29,28,2144,3484,461
2020-11-26,14,4474,12641,176
2021-02-22,5,3936,1857,44
2021-12-15,20,2713,11376,380
2020-03-30,27,1644,14969,65
2023-01-07,4,4968,14177,82
2022-05-08,5,997,1214,50
2021-06-19,25,398,493,199
2021-10-24,18,4631,10033,220
2019-11-17,13,3091,9404,194
2023-10-31,25,2784,4222,156
2019-07-30,26,359,12052,466
2022-03-14,2,1696,4254,259
2022-06-22,12,3894,8902,60
2021-05-03,8,3992,1752,410
2020-04-06,12,1945,12839,92
2022-12-02,29,1985,9587,298
2022-08-20,17,1757,10804,136
2022-01-30,27,4546,9011,277
2022-08-07,10,1779,2250,395
2022-09-27,21,2836,14864,299
2022-06-06,9,861,11844,419
2019-06-19,14,261,13585,66
2020-12-20,28,448,1542,44
2021-09-14,8,3224,6826,379
2023-11-05,10,2067,9456,116
2021-12-07,17,4365,1795,499
2022-01-16,5,3908,9513,134
2021-03-27,18,2814,8892,188
2021-02-13,12,2157,4369,146
2023-12-18,30,1151,11629,278
2023-01-29,10,953,9106,124
2019-11-30,19,732,2097,335
2021-11-19,21,962,4513,402
2019-02-03,1,4916,4002,11
2022-04-01,26,2116,10981,163
2021-12-29,7,722,3595,216
2021-09-17,29,3347,5563,499
2019-02-10,29,1380,826,138
2023-10-27,15,195,10839,411
2019-05-16,7,1179,3701,114
2023-08-07,18,1750,6180,200
2022-10-15,3,3462,2498,303
2021-07-25,24,1046,5599,115
2022-04-23,23,3193,3883,108
2020-12-21,4,374,13102,407
2019-11-30,11,4826,3448,493
2023-02-01,9,3430,11623,316
2021-01-04,7,4712,1920,335
2019-01-13,29,3714,7281,305
2020-04-27,22,3798,8538,436
2020-12-31,15,1486,474,80
2023-03-23,3,2602,1039,319
2020-06-27,18,2837,12704,194
2020-04-08,29,2326,6349,414
2020-10-16,22,1184,9721,178
2019-09-06,15,1172,6623,408
2022-04-22,16,1430,14888,439
2019-12-06,26,4103,8694,154
2019-02-05,22,3983,10169,153
2022-12-12,9,4558,7663,223
2021-04-28,21,4552,13983,243
2022-04-25,19,3095,7543,484
2019-06-27,7,4456,5263,40
2020-01-03,18,1992,12437,276
2023-01-10,19,2049,4367,60
2022-06-15,15,768,11844,368
2019-03-29,15,4230,8816,26
2023-05-28,8,2009,9580,271
2023-09-21,11,4085,4734,298
2020-10-05,6,214,1526,85
2020-06-26,21,4218,11290,449
2021-02-05,29,2633,6578,229
2022-04-26,16,1286,7544,95
2021-03-19,19,3616,9618,119
2019-12-18,13,2583,10398,173
2023-08-22,26,4097,5216,426
2023-08-10,10,2822,9295,473
2020-04-03,13,4164,13048,157
2020-10-01,6,232,3749,258
2023-04-25,26,1706,6685,193
2023-07-31,9,3087,3041,392
2023-07-04,5,3603,2336,259
2021-04-28,3,3267,4493,45
2019-12-15,6,720,4207,422
2023-11-11,7,1241,10291,119
2020-06-16,12,4267,6816,326
2023-01-17,1,1807,13376,282
2019-04-17,18,1582,13851,238
2020-11-05,26,3103,3173,359
2023-09-25,23,1802,1319,395
2022-08-31,19,2573,13396,147
2019-05-22,4,2319,9959,83
2022-11-10,12,604,5945,335
2019-09-24,2,3231,10293,394
2020-12-01,29,2239,4998,130
2020-02-27,18,4318,10041,287
2023-04-11,12,1675,2535,38
2019-08-13,2,2089,2442,135
2020-08-29,10,4011,3114,335
2019-02-01,11,1184,13291,100
2019-06-23,2,4635,13903,198
2021-09-22,7,4522,8882,428
2020-03-11,30,4804,13230,301
2019-02-19,17,2093,6669,102
2019-01-16,22,1472,13810,348
2020-09-18,19,312,7667,253
2020-10-10,19,4212,7114,472
2022-01-27,28,2621,3742,438
2023-02-01,11,4776,608,426
2020-05-21,14,3953,14975,211
2019-08-28,11,1054,3895,137
2023-03-30,10,3101,14260,191
2021-08-09,8,402,6767,400
2022-04-21,8,3242,1552,236
2021-11-09,22,4140,1300,273
2019-02-01,4,1628,1222,453
2020-05-28,10,1661,8912,151
2019-05-03,15,157,1130,291
2022-07-14,9,4015,2573,96
2021-11-22,24,1362,9634,31
2021-04-21,13,3296,10442,392
2021-07-01,5,951,12298,424
2021-12-01,4,2343,10663,312
2021-06-07,23,1430,1930,343
2023-10-18,4,3772,8576,256
2022-02-07,4,2652,7772,384
2020-09-20,10,1847,779,130
2022-07-17,23,2908,10000,209
2021-01-23,3,4543,10758,262
2019-06-15,3,4059,3989,114
2022-05-12,24,2511,10238,76
2023-05-30,6,3929,13283,317
2022-04-04,23,2785,8250,330
2023-11-25,4,1486,5865,440
2019-02-27,25,3394,994,36
2022-08-06,2,342,6502,188
2022-06-13,2,2249,10521,441
2023-02-15,28,2435,10116,358
2021-09-02,19,930,12891,143
2021-07-01,16,4076,14822,144
2020-12-02,1,613,12073,158
2021-12-13,6,580,13516,94
2022-09-03,13,1657,7710,73
2023-12-12,4,653,9621,413
2020-02-25,1,4921,9208,397
2021-09-13,10,302,9884,270
2021-12-01,9,2620,6246,11
2022-07-26,23,4141,5260,220
2020-10-06,20,3852,9487,157
2020-09-13,17,1452,7761,267
2021-11-02,21,3859,4618,28
2022-11-26,17,3013,3422,216
2021-04-22,13,523,12409,327
2023-10-17,26,1519,10369,358
2020-10-28,15,202,3226,432
2022-02-19,26,1779,476,272
2020-09-19,10,2064,10789,168
2019-03-25,21,1773,1203,12
2022-05-17,29,4271,2918,158
2020-01-02,10,1320,7882,401
2019-06-19,26,4851,12276,95
2019-05-18,17,3015,10514,234
2023-09-01,17,3206,9588,273
2023-06-22,12,4185,14963,71
2020-07-02,12,2630,14763,326
2020-04-27,19,4561,8811,377
2019-07-12,18,234,7050,215
2021-10-27,1,3923,14351,312
2022-12-12,11,2620,14453,431
2021-01-06,3,4353,870,311
2022-05-14,23,1631,807,108
2023-10-10,25,647,10413,412
2019-03-27,7,297,10817,124
2022-02-04,29,787,8147,437
2021-04-24,18,1875,10403,116
2021-08-12,18,1905,4939,409
2019-01-22,14,3402,12868,118
2023-04-05,30,4904,1851,395
2019-04-23,23,1764,2902,231
2019-01-31,23,1429,5659,276
2021-03-01,18,2879,870,165
2019-05-15,22,3465,4960,459
2021-07-24,15,1259,10896,299
2023-04-17,19,4881,576,52
2023-09-14,19,2619,7488,217
2019-11-25,19,3301,2550,486
2019-03-26,2,1812,4453,13
2023-06-24,6,3447,9364,74
2023-02-27,13,1672,10809,229
2019-04-03,26,4499,13493,496
2023-01-28,24,3768,1528,413
2021-08-28,1,1837,4119,86
2021-10-24,15,1172,6387,378
2019-06-12,30,3909,4504,395
2019-12-06,21,3784,2187,16
2022-07-11,5,3824,4570,474
2022-06-28,11,673,8900,269
2023-01-10,27,3706,4050,280
2023-06-05,18,3741,10000,267
2020-05-14,14,2381,11067,87
2021-03-27,21,2079,9415,455
2023-10-20,11,4278,4530,85
2023-02-25,7,1328,2230,189
2023-05-20,20,1695,8179,37
2023-02-19,15,138,14466,448
2019-12-10,1,3495,936,29
2022-10-11,9,112,12525,17
2020-12-07,23,2689,5969,72
2019-05-25,17,3118,11619,85
2019-06-15,7,313,3464,94
2023-06-04,6,2133,681,490
2021-10-27,3,2289,10592,484
2022-10-30,12,3975,13500,66
2019-01-26,14,1332,5621,248
2022-12-25,3,4997,6548,299
2021-02-19,5,525,3581,241
2023-02-24,28,3122,4012,159
2023-09-10,28,912,13911,335
2023-05-13,11,3337,8571,364
2019-07-10,25,2185,8850,471
2022-04-05,10,1764,12240,324
2020-08-08,14,931,2902,365
2020-12-06,13,3732,8136,166
2020-06-25,30,1195,5519,337
2023-08-08,22,1466,12671,42
2023-03-28,2,2675,9405,176
2020-11-03,13,2182,4496,358
2019-10-15,23,4176,11892,384
2022-06-17,15,2439,7853,405
2020-01-06,10,3273,1868,94
2023-01-30,20,3660,2110,202
2022-09-12,4,595,4780,356
2021-03-24,18,3192,10133,65
2019-06-10,13,4622,7602,219
2020-07-12,13,3492,722,167
2020-06-08,30,1176,11594,435
2023-09-16,2,2701,10788,113
2019-11-27,25,4728,8464,343
2020-09-18,4,1269,3046,141
2022-10-26,13,2134,6156,11
2023-07-03,19,1312,3663,392
2021-05-26,1,745,800,481
2020-08-25,4,1707,1011,208
2020-01-22,13,4126,14209,207
2019-10-09,10,4198,10887,228
2020-02-16,21,2562,9067,380
2020-05-17,18,643,2993,91
2023-05-31,8,2388,4558,388
2022-11-15,19,2823,11467,389
2019-08-24,23,3241,7599,28
2020-03-17,3,3711,8272,243
2023-07-05,23,3379,6339,181
2022-01-23,1,3033,10786,299
2021-09-23,25,3637,10043,266
2020-07-05,26,3511,11910,101
2019-05-02,3,1757,10178,358
2020-05-07,12,2048,5660,227
2020-02-04,18,2131,10561,163
2021-07-14,7,917,9312,140
2021-03-16,19,1318,10555,348
2020-08-03,26,1310,801,367
2020-07-02,21,2225,2163,127
2022-01-27,21,3420,2638,386
2019-02-09,23,4210,826,127
2021-06-16,30,4113,6588,406
2021-06-13,6,3209,9608,452
2023-03-19,23,4512,6202,338
2019-10-10,28,4747,9053,81
2021-12-22,1,770,4857,449
2019-02-26,5,3587,8263,104
2023-06-22,14,4493,6464,292
2020-10-03,16,158,14766,102
2023-02-20,30,866,11309,29
2020-12-04,22,4619,9989,371
2023-04-25,9,3338,4918,447
2020-08-15,9,1652,1321,11
2019-01-08,22,1867,1211,198
2020-01-23,20,2292,8424,231
2021-09-11,12,1683,4356,416
2021-01-24,20,4691,14825,310
2021-03-18,23,2088,14832,144
2019-04-29,6,3394,12747,181
2021-06-13,21,301,10407,353
2023-10-06,14,231,13672,303
2022-06-18,24,1055,6859,487
2019-10-04,12,2250,5217,143
2019-05-15,6,2732,14522,74
2023-04-28,18,441,11070,268
2023-03-05,19,3765,4055,350
2022-10-12,29,1408,9226,191
2023-01-20,22,4055,13715,393
2019-03-02,2,3546,6064,495
2023-10-04,28,882,10181,15
2019-07-17,2,2535,6246,145
2023-05-04,11,3495,3089,148
2022-12-06,7,2810,525,121
2021-12-09,4,4936,7719,493
2022-05-30,5,3965,5513,405
2022-02-19,10,586,5692,17
2023-10-10,18,1493,2621,245
2020-02-25,11,2557,2659,167
2019-06-27,15,1316,6333,36
2019-07-16,14,4598,9858,313
2021-10-05,11,2953,7301,299
2020-12-09,3,2819,9763,220
2022-01-09,13,4332,9916,37
2020-06-14,12,971,11267,439
2022-07-16,14,1664,11959,70
2019-09-06,2,4564,12772,482
2023-11-04,12,2924,5547,174
2019-11-17,13,4223,9840,277
2023-01-12,12,2724,2853,423
2022-12-24,8,1440,9116,164
2022-11-06,22,375,14958,345
2023-03-06,4,3124,424,246
2022-09-05,17,4062,3207,14
2019-06-16,26,240,13946,52
2019-12-31,11,3539,1536,474
2020-03-19,23,4335,12306,487
2019-04-29,1,4994,13918,35
2023-05-19,21,1069,12215,167
2022-10-31,6,611,13189,480
2020-02-11,3,192,7276,344
2023-02-19,14,2169,3656,489
2021-11-14,17,731,5270,28
2020-07-01,9,1022,2357,413
2023-11-10,5,3633,13488,312
2020-07-21,26,4855,8827,231
2019-05-08,29,2836,11434,378
2019-12-08,13,4915,4154,158
2022-10-27,22,1659,673,273
2022-12-31,2,919,13085,176
2022-05-27,1,693,1975,51
2023-03-04,17,1120,13289,73
2023-05-16,1,2131,12461,405
2022-03-04,29,1651,2772,59
2021-06-13,14,522,14571,292
2023-08-19,30,1888,7337,338
2021-03-20,4,4531,10072,132
2020-04-12,19,4472,10816,349
2020-08-03,21,2321,2070,149
2019-05-14,2,4695,6195,406
2020-12-05,14,2783,3309,472
2023-05-06,4,4757,9479,179
2023-11-24,6,1132,403,397
2021-04-20,5,4932,8082,235
2023-04-01,27,2907,2541,320
2019-03-12,20,2706,10603,276
2021-09-20,30,1890,8224,362
2022-12-10,20,2562,7380,274
2019-11-16,28,1980,7651,280
2021-01-27,22,2410,6858,322
2020-05-06,4,969,6728,371
2020-01-27,15,2346,5658,113
2019-01-07,12,2136,5910,159
2021-11-24,15,4716,14465,369
2019-08-16,27,3844,14358,125
2023-09-20,11,3620,5232,478
2020-03-08,18,4312,8998,254
2023-12-18,22,1697,2128,76
2019-10-31,3,3892,9505,189
2020-05-13,21,1348,11049,67
2020-06-15,27,2737,14510,499
2019-06-20,27,3598,1470,459
2021-08-21,30,4447,1247,299
2023-10-28,25,658,9959,254
2023-07-30,9,4193,14417,451
2021-04-25,25,3276,14562,169
2020-08-17,24,3789,5199,82
2023-12-17,4,4771,14579,234
2019-07-21,2,576,11749,204
2021-12-27,19,4082,9155,183
2020-12-27,11,2599,8987,133
2019-09-22,12,950,3634,389
2019-11-23,4,2643,6435,292
2023-12-31,26,4077,3684,140
2021-06-12,20,3931,447,43
2022-04-09,19,3501,9846,42
2023-09-20,18,4882,12285,273
2020-12-12,25,2766,2340,427
2021-09-12,19,193,7952,450
2020-11-18,27,2663,1916,174
2023-08-21,11,1310,10914,474
2020-05-22,2,102,10904,257
2021-08-31,12,4017,5463,168
2019-06-01,17,2468,634,391
2020-02-22,15,3480,11532,351
2020-05-10,3,4630,2329,78
2023-10-11,27,858,14609,85
2021-11-23,20,3895,919,12
2022-09-24,3,1521,7873,376
2021-06-07,3,1796,10761,261
2023-09-27,4,4264,14765,332
2023-03-05,17,441,14612,496
2023-10-19,3,1905,6613,418
2019-09-14,23,132,10683,349
2019-09-04,1,2765,6428,247
2021-12-23,23,4505,9986,86
2019-06-05,17,2986,13873,445
2021-05-12,3,4947,3101,438
2020-10-31,25,1487,4704,68
2022-07-12,19,2787,14492,436
2022-03-29,27,824,2276,164
2019-08-10,2,4329,4186,488
2020-06-04,17,4755,7359,28
2022-11-25,30,3271,10339,438
2022-12-15,9,2269,1876,344
2019-10-01,3,2395,14516,290
2020-03-15,26,3531,6902,309
2022-08-21,29,3977,13956,118
2020-11-01,23,1201,9853,364
2022-04-23,24,3644,6809,14
2021-12-26,27,634,2988,414
2023-08-08,28,663,5371,431
2023-01-31,18,4273,4306,96
2021-01-02,25,4408,1233,468
2022-04-30,16,3241,5766,52
2021-06-25,17,1942,7419,388
2023-03-19,23,507,10085,488
2019-01-21,7,2911,12723,325
2019-03-21,19,4211,11242,469
2019-08-07,19,1421,7441,86
2021-12-19,14,503,2523,117
2020-11-03,18,4647,11920,450
2022-06-21,10,1113,9012,292
2022-03-28,8,1514,8579,328
2019-10-06,20,4748,206,83
2023-09-21,7,4252,6774,331
2023-01-04,9,3749,2516,468
2023-09-09,13,3591,1002,471
2022-05-16,23,4034,9817,133
2019-04-11,19,4201,10053,467
2021-11-20,20,4951,4454,446
2019-07-05,4,3477,11682,377
2021-07-28,15,3512,6147,394
2022-06-10,11,4113,7651,471
2020-09-08,30,493,3370,72
2022-01-15,25,2856,8694,496
2023-09-17,7,1269,14235,242
2020-03-22,28,4784,6280,301
2020-06-08,18,1163,11532,104
2019-03-07,18,2486,9307,287
2019-05-26,25,3652,5570,241
2022-11-24,14,3630,6564,131
2019-06-23,2,3513,9717,225
2020-07-04,25,1315,11392,100
2022-01-30,1,3160,12338,238
2021-11-27,7,3667,14967,418
2021-04-27,6,1117,8168,23
2022-11-04,11,857,7396,326
2020-09-10,25,1819,12668,193
2022-02-10,29,2904,1059,275
2020-12-08,24,3560,4236,183
2023-08-12,30,3456,2243,224
2022-05-08,26,1259,9190,494
2022-03-08,30,783,4377,337
2023-01-22,5,4790,7341,212
2019-02-13,11,717,733,339
2020-09-09,25,3653,1778,484
2021-07-17,3,4424,5563,374
2019-06-26,3,4687,5272,216
2021-01-07,5,3890,4278,291
2019-12-03,19,4603,12480,130
2023-10-27,27,1577,5071,159
2019-05-02,13,4755,13471,90
2021-07-09,5,1371,3332,414
2022-03-09,14,2565,11844,77
2020-12-27,19,1630,4693,388
2023-08-17,19,3573,986,464
2022-05-21,19,3883,3574,439
2023-11-14,10,2237,1625,247
2021-12-05,11,2738,13564,348
2023-03-19,5,587,9792,42
2022-03-16,15,2844,10349,311
2019-04-26,3,2842,1562,345
2022-04-27,30,3573,9944,82
2021-01-26,28,1581,8286,157
2019-03-29,25,208,8532,22
2021-08-26,3,3719,12253,52
2020-01-11,2,3695,4763,187
2023-11-13,16,4907,14323,484
2020-02-16,28,969,5912,391
2020-01-15,29,3781,4354,452
2023-10-15,22,3932,13056,445
2019-07-20,7,1155,385,85
2021-04-04,20,117,9463,267
2020-08-02,26,2368,1431,267
2023-01-16,29,171,10144,490
2023-02-03,26,675,9902,164
2019-01-17,27,2621,4161,481
2019-04-04,16,2841,3818,374
2021-09-22,27,3502,13034,81
2023-08-04,17,434,11286,253
2019-09-30,20,4311,1998,62
2023-12-30,1,3049,5471,121
2022-10-24,19,3490,6775,42
2023-01-06,15,1140,3004,352
2021-08-30,24,4856,11193,388
2020-07-28,26,4017,12260,118
2019-08-24,28,928,8102,226
2022-05-01,8,629,12487,270
2021-12-17,12,1745,9860,75
2021-03-06,27,4512,5296,371
2023-12-19,27,3840,2052,458
2019-11-10,9,2169,5530,458
2020-02-28,25,4049,10328,448
2022-07-24,10,4516,6493,201
2023-12-16,30,486,13032,215
2023-08-26,24,1120,1674,402
2020-09-15,4,223,12752,394
2019-08-20,7,3426,11068,108
2020-05-14,24,3155,4287,111
2020-10-25,17,2420,11931,246
2022-10-07,15,2889,1177,338
2020-09-09,4,1369,4443,346
2021-10-13,16,1116,8957,130
2019-07-29,28,3903,311,493
2021-06-11,7,1105,8286,102
2019-08-27,19,4327,6467,378
2019-05-04,15,885,712,283
2023-05-20,6,1417,1189,331
2021-02-26,8,3927,7614,350
2023-06-24,6,671,1903,305
2020-05-20,16,1452,5053,256
2023-08-11,21,538,2187,357
2023-05-14,19,4511,2711,160
2022-09-08,6,1153,6466,36
2020-07-22,29,2075,5868,162
2020-10-12,24,1108,9298,380
2021-08-21,18,3247,1877,330
2021-04-02,5,4301,1874,346
2023-04-17,12,231,13479,346
2022-03-29,30,783,7100,23
2021-08-20,27,4114,9071,339
2020-05-02,22,260,8791,285
2020-01-05,18,1913,8474,68
2021-01-14,27,3093,10883,487
2023-11-12,10,1010,3177,494
2022-09-14,26,3371,4528,288
2019-11-10,29,4399,8100,142
2023-04-22,4,2476,9443,434
2019-11-25,1,3198,12589,352
2023-06-09,8,850,8233,40
2019-09-13,12,3636,10490,86
2020-08-03,21,1376,1688,363
2019-06-20,10,3118,7994,157
2021-12-12,3,366,12765,222
2022-03-29,1,421,5479,116
2022-09-20,24,3480,13916,455
2022-03-04,27,3753,7926,306
2022-04-18,27,785,3245,346
2019-08-27,23,4359,6388,93
2021-04-23,5,4292,13993,40
2022-06-25,25,907,9495,306
2020-09-28,15,2856,12413,59
2023-04-13,29,305,13517,414
2019-12-10,26,1756,5941,301
2020-02-26,11,1041,14279,492
2022-10-25,2,2672,2708,169
2019-05-05,25,3525,4127,375
2019-06-13,7,2223,14739,202
2020-08-23,16,922,2465,354
2021-07-11,1,1725,5359,470
2020-03-07,29,3594,11288,487
2022-07-26,9,4079,5717,445
2021-07-10,2,2190,8604,333
2023-06-09,24,2280,8853,117
2019-05-14,22,3293,831,200
2020-10-10,12,1304,10611,115
2021-07-24,8,517,10180,217
2019-04-10,30,4864,14443,148
2020-03-28,29,4474,2474,363
2022-11-02,2,2966,4883,490
2023-09-04,4,721,2593,107
2020-08-26,27,3744,2253,275
2021-06-27,14,118,7140,103
2020-01-20,6,3129,5016,159
2022-04-10,3,1091,9337,318
2021-05-04,1,4508,6588,132
2021-01-14,5,680,14811,493
2020-06-24,11,2319,9056,448
2023-01-08,9,1151,10707,68
2021-07-12,16,3217,5783,385
2023-02-18,7,3204,6693,65
2023-10-07,9,1549,2928,265
2019-05-18,7,2231,13669,421
2020-02-28,10,3415,5843,210
2022-07-17,21,1382,13594,33
2023-08-18,22,691,13295,63
2021-10-26,11,4531,5613,467
2020-06-13,2,557,14781,290
2021-09-15,16,2357,460,480
2023-05-09,9,3484,11947,15
2022-07-12,7,560,12893,369
2022-10-19,20,3662,757,470
2023-09-29,13,685,2645,302
2023-12-13,7,3930,1994,292
2021-04-06,4,724,10062,373
2021-10-23,19,3719,9297,300
2020-03-07,7,1429,2803,321
2019-07-12,14,3153,6755,342
2022-08-03,11,4658,11180,115
2022-08-31,21,1618,5824,387
2022-11-25,3,1977,8154,462
2022-08-09,12,3035,13310,29
2019-10-31,2,3774,8021,492
2021-07-20,29,1864,276,70
2020-02-27,4,2728,7756,139
2021-11-01,7,735,14471,442
2023-05-08,21,3804,3768,84
2020-08-05,11,865,11636,186
2022-05-06,3,3462,1117,272
2023-03-19,18,4192,2871,253
2021-10-31,5,3469,9662,198
2019-11-15,30,3426,5367,85
2023-04-11,9,1514,8051,390
2021-04-07,17,2031,8592,436
2019-04-21,21,686,766,433
2022-08-04,7,4663,5192,69
2019-09-06,2,3723,14335,203
2019-02-26,1,1622,11911,219
2021-11-01,9,2255,410,26
2023-06-13,16,1170,6876,413
2022-08-24,6,3794,11394,247
2020-12-17,10,3459,3219,174
2022-04-01,11,1173,13538,65
2023-07-08,2,2609,7748,496
2020-05-11,13,3562,5349,31
2022-07-18,21,4206,1321,47
2019-05-31,22,4343,10545,69
2022-09-12,7,1350,2028,446
2021-03-20,27,130,973,155
2021-07-03,3,4366,12227,331
2021-04-18,30,2511,2955,37
2022-04-08,6,468,5022,62
2019-12-28,27,1142,7999,409
2020-12-09,29,1587,9387,43
2021-02-13,3,1314,9782,147
2021-03-02,2,1029,13607,440
2022-07-27,8,456,7921,175
2019-08-03,2,1618,8128,108
2020-09-26,13,3523,3590,319
2019-06-22,7,2880,10024,476
2021-12-21,18,1596,3495,214
2023-01-15,11,4868,792,148
2019-02-21,4,4474,13724,93
2019-11-22,10,2683,9057,14
2021-12-09,3,2220,5943,189
2020-09-07,30,259,14720,404
2019-08-15,23,211,12774,194
2019-05-22,6,2973,8982,10
2023-02-17,27,1900,14628,128
2022-11-16,8,4259,13496,407
2020-07-15,22,1451,14862,455
2022-11-24,1,913,3421,482
2020-04-30,25,2827,5867,314
2020-07-15,8,1368,13050,333
2023-02-06,15,2940,7959,122
2021-12-30,25,2819,3453,485
2022-06-13,17,1070,1221,425
2021-07-06,30,2867,14229,149
2019-12-22,29,3496,3328,307
2020-10-17,19,750,8077,59
2022-06-23,28,1794,5579,401
2022-01-09,24,732,12460,63
2021-08-18,10,309,9745,207
2021-03-14,17,1978,14279,467
2020-11-03,28,993,9652,103
2022-12-04,24,4600,14848,123
2022-05-02,6,1891,6986,185
2021-04-26,29,890,9566,183
2022-09-22,26,4329,1579,309
2020-05-22,7,2688,5285,71
2022-03-28,4,4348,6421,442
2020-01-19,10,1529,13099,426
2021-07-19,13,4480,3147,491
2022-02-09,12,268,14203,492
2023-04-15,6,1548,3226,297
2021-03-06,3,3884,10649,200
2021-03-06,18,4023,7767,350
2022-05-06,28,4997,9341,397
2021-10-09,30,605,6407,274
2019-04-18,15,1377,11909,159
2023-01-27,23,1793,5579,213
2023-11-29,4,225,9247,93
2019-03-29,18,1910,7072,485
2021-12-13,20,2567,473,323
2020-05-09,12,3765,13436,286
2022-05-05,19,1986,8290,315
2021-01-14,19,3630,3592,26
2019-07-23,18,1182,5701,153
2021-01-27,8,2457,7475,166
2019-07-06,17,3203,1316,47
2022-09-13,26,4478,12103,293
2022-07-20,19,3566,8119,39
2022-06-11,18,2787,5764,432
2022-07-31,6,2047,752,85
2020-11-20,12,3810,12143,304
2023-08-26,14,473,14107,115
2022-01-06,21,997,14592,345
2022-04-08,29,4427,5423,179
2023-11-29,15,2876,2399,44
2020-02-05,16,3933,6770,39
2022-10-21,19,118,10441,299
2019-06-17,17,4416,4845,148
2023-07-06,8,654,14669,141
2021-10-25,28,178,4585,197
2021-08-20,4,1742,3970,138
2022-02-04,3,967,3571,48
2020-10-05,1,201,4011,391
2020-08-31,22,2684,12623,396
2019-06-13,7,140,2054,372
2023-09-18,12,2838,10503,18
2021-06-22,18,3145,935,465
2020-01-11,11,4599,6290,441
2019-11-08,13,1828,12967,13
2022-08-28,26,3115,8478,294
2020-09-14,1,2435,8197,162
2019-04-21,6,3407,3173,436
2021-06-16,24,3234,10578,52
2022-08-14,20,1920,11031,208
2022-03-25,20,4562,8201,92
2022-09-08,9,3282,8202,87
2019-09-28,14,4252,12580,445
2022-07-11,2,4238,8443,18
2021-07-20,24,2706,3208,256
2021-09-08,27,2584,8370,81
2022-08-27,30,1647,6098,288
2019-05-14,9,2234,5935,419
2019-10-12,19,3897,13599,119
2020-01-11,25,3621,8724,348
2022-08-26,29,727,6847,336
2019-10-31,26,3755,6455,215
2023-10-31,19,1637,2326,370
2020-04-17,17,4080,9026,316
2023-10-23,27,3908,6646,188
2022-08-07,12,4823,512,422
2022-11-05,8,4094,5274,459
2022-06-15,13,3058,5013,246
2019-02-18,10,4377,2572,300
2022-11-29,10,954,539,457
2023-07-26,9,137,4390,410
2022-02-15,3,2805,14602,115
2019-08-18,17,3401,4896,360
2020-11-19,24,1912,6050,61
2023-08-26,12,2178,13271,425
2023-01-02,23,459,2329,106
2021-12-02,14,3356,10028,73
2021-11-25,29,1159,8847,303
2023-07-27,23,697,2069,232
2021-01-05,14,3020,6283,386
2019-10-15,6,2358,9836,280
2019-12-24,25,3604,11722,43
2021-09-15,17,1691,2089,399
2020-04-06,12,4319,12181,276
2022-03-27,19,2782,4619,478
2019-05-13,14,1127,11310,332
2022-02-14,23,4593,1784,274
2021-04-09,11,1481,13605,136
2023-04-12,7,966,5948,226
2019-04-05,24,1827,13839,476
2019-02-14,14,4219,1223,287
2022-10-09,23,1805,2388,151
2023-01-26,29,568,6907,147
2023-04-17,8,4841,10207,374
2022-02-26,4,2250,11472,353
2020-04-13,29,1602,6519,362
2019-05-10,17,496,970,381
2022-09-23,22,3638,5643,455
2020-11-09,4,4529,10718,276
2020-03-06,27,764,2074,259
2023-02-04,22,885,3133,161
2022-02-02,24,1431,9728,261
2023-02-15,20,4567,4201,359
2019-03-03,6,2920,382,422
2022-10-25,20,3459,14187,445
2021-03-04,4,3856,3392,158
2023-07-31,29,1584,9133,415
2022-02-27,1,4017,12818,48
2020-09-04,10,2382,4057,448
2022-11-21,6,3614,6612,256
2019-11-05,14,2393,9456,105
2019-06-14,2,1671,8685,140
2022-03-19,24,3144,3947,243
2019-06-18,22,1155,10398,410
2022-12-03,10,3924,9650,327
2020-01-06,2,526,10346,429
2019-05-11,29,4891,10726,150
2023-11-19,27,1944,13230,306
2021-08-16,28,362,8469,365
2020-09-13,15,4168,7671,423
2020-07-12,28,4051,4062,394
2019-06-11,6,801,14205,472
2021-05-14,20,2620,6246,314
2022-02-11,1,1236,2764,45
2021-08-11,27,3503,12532,278
2020-12-03,7,3604,829,367
2021-04-15,9,3864,11779,149
2021-11-17,15,617,5096,44
2019-10-25,30,4743,10156,219
2020-08-08,17,648,11662,351
2022-08-20,10,588,2437,299
2019-11-11,16,4500,9870,320
2022-11-01,28,973,5214,34
2020-04-08,15,425,7839,454
2021-10-06,7,4387,3919,70
2022-06-03,4,640,7582,484
2019-06-30,5,1824,970,255
2023-02-18,24,1136,1166,302
2020-10-15,13,2898,13700,322
2019-12-03,9,2625,6987,64
2019-08-06,22,4091,7128,387
2019-06-11,4,1209,8652,371
2019-05-04,25,2298,12857,456
2021-06-04,9,3986,14026,188
2020-01-10,10,1783,11665,212
2023-11-04,21,2039,6941,97
2023-07-06,18,4423,4955,34
2019-10-22,26,3318,14897,307
2022-05-18,6,3729,396,242
2021-01-10,25,696,14200,151
2020-10-28,29,2997,4580,271
2022-12-28,10,3222,7130,128
2023-06-22,24,2529,8766,139
2021-05-22,3,846,7528,98
2022-08-13,11,2295,538,55
2021-02-26,12,2252,11875,456
2021-03-11,7,1118,12993,177
2019-01-08,10,3467,10439,252
2019-08-24,10,662,6511,291
2021-08-09,29,373,14540,102
2020-11-11,12,3439,6884,191
2020-10-31,26,4273,4790,445
2019-04-19,4,3179,869,462
2023-06-17,14,4528,6741,256
2021-01-07,29,1095,4887,106
2023-11-27,21,3231,12852,375
2021-05-30,6,269,13670,293
2019-03-05,25,3433,12130,302
2023-04-18,21,703,9264,469
2019-11-20,23,2094,3994,454
2019-10-08,26,879,4280,485
2021-12-28,5,4099,13726,68
2023-04-13,4,3128,7406,218
2023-03-30,11,3154,1242,450
2021-03-01,1,4603,3155,459
2022-10-07,21,2949,3658,128
2021-02-26,29,736,10293,244
2019-04-21,12,2085,1285,387
2019-11-11,29,3953,12311,433
2020-11-11,25,4768,1282,291
2023-05-26,16,3823,3797,73
2019-12-24,20,2773,12221,270
2021-07-30,9,269,7020,309
2019-02-03,10,606,10024,365
2023-01-14,29,318,2325,271
2021-07-22,12,237,4126,300
2019-06-23,28,996,12152,300
2020-12-11,2,1176,7686,322
2022-10-17,28,921,10313,244
2019-10-08,13,3136,2778,437
2020-08-07,24,2042,4242,283
2021-05-18,28,2534,3350,117
2021-04-18,6,121,4575,226
2020-07-02,20,3964,5115,260
2023-05-08,24,2777,3229,151
2021-10-11,21,2812,1962,470
2023-08-12,26,526,6975,194
2022-04-13,20,3398,2008,374
2022-03-10,22,957,4800,282
2020-06-23,1,4821,7377,110
2022-12-17,7,4222,2032,378
2021-07-24,26,3889,11263,264
2022-04-07,22,1005,9832,327
2022-07-17,12,1258,9191,360
2023-09-09,21,4779,10125,160
2020-04-24,19,2470,2785,77
2021-05-16,16,2769,9270,363
2020-07-31,25,3182,12310,192
2023-09-20,22,3860,7418,61
2023-06-22,24,3691,14553,425
2020-01-20,19,567,9661,263
2019-09-01,16,4885,4096,70
2020-07-03,11,237,3055,300
2022-01-17,17,2066,12746,455
2019-11-30,9,3022,7314,217
2019-03-13,13,3179,14742,120
2019-06-08,12,3125,7948,94
2020-01-21,26,4496,5694,97
2020-02-06,19,4892,1535,129
2019-07-13,24,611,11306,154
2021-04-11,16,2849,10754,431
2023-12-10,24,3742,12464,82
2020-10-13,19,4553,4742,304
2019-05-16,23,2244,7367,118
2023-08-13,25,3458,9177,242
2020-08-18,28,791,14118,48
2022-05-31,25,3694,3389,280
2021-09-08,19,2078,5601,143
2022-06-08,23,2026,13859,29
2022-10-04,19,2808,3883,491
2021-05-26,4,3301,12060,362
2023-11-10,25,4127,6280,57
2023-10-29,3,490,998,166
2019-06-11,3,4842,5802,142
2019-05-26,8,2056,934,147
2023-11-11,18,136,9358,120
2021-07-17,7,2463,2508,81
2022-05-22,25,1184,14011,439
2023-07-13,23,887,2580,298
2022-08-06,25,3082,4655,284
2020-06-02,10,1263,8458,291
2022-10-16,19,613,13895,161
2022-05-18,5,1819,10723,162
2022-12-13,2,2209,6647,125
2022-01-27,15,1753,9677,339
2022-10-26,22,3183,14237,339
2021-05-09,13,2861,10176,203
2021-05-26,1,2871,2883,55
2021-03-17,1,286,12600,374
2021-03-29,22,4840,14893,391
2020-06-11,25,828,11350,79
2019-11-07,1,700,14096,105
2022-04-11,7,3781,917,82
2023-07-04,27,2307,300,327
2023-11-14,1,401,4106,26
2022-08-12,2,4901,11433,109
2023-12-18,23,2814,778,389
2023-09-01,18,4860,2507,66
2023-06-01,21,3314,6148,116
2021-03-12,5,4377,14248,498
2022-01-03,10,297,4221,496
2021-12-30,19,912,7574,271
2021-07-05,12,3184,3382,368
2019-07-04,7,986,13671,295
2019-12-02,21,1190,6273,245
2021-08-14,30,482,7992,77
2019-07-23,26,2819,5864,110
2019-06-17,21,3818,6450,435
2019-04-09,24,4844,11161,488
2021-03-25,15,4078,10479,283
2020-04-07,16,2738,13109,402
2019-12-02,27,242,3203,299
2022-10-24,28,2029,9538,352
2019-10-21,3,4685,7826,496
2019-09-23,16,1344,1298,106
2023-05-06,17,2710,13546,407
2019-02-26,15,1384,2451,261
2023-01-17,26,1720,4828,194
2019-12-16,18,1407,10850,16
2021-05-30,15,1590,1018,324
2021-10-30,25,4578,11670,472
2020-09-13,25,909,13392,77
2019-07-01,14,3310,14965,448
2020-01-23,15,3861,3858,227
2020-08-01,3,216,13520,185
2021-05-31,20,2517,1085,79
2019-06-18,13,154,7290,192
2020-02-04,8,860,10419,352
2019-05-20,29,4062,14278,492
2020-10-23,3,3528,4711,411
2019-11-28,22,320,14591,385
2022-02-16,8,3087,844,286
2019-04-07,10,3602,5052,466
2023-09-17,8,645,7501,454
2019-10-03,16,1406,4853,279
2022-04-22,1,443,7332,403
2019-08-21,13,4948,1854,79
2022-08-20,11,4750,13416,258
2020-12-26,3,377,2116,172
2021-09-02,16,712,8685,184
2022-03-06,11,4401,5061,323
2019-02-04,16,3165,11773,194
2019-01-17,4,4170,11003,459
2020-07-11,10,991,1165,201
2019-01-12,30,4233,299,155
2019-09-04,8,4274,1853,101
2023-09-20,10,2659,6365,248
2022-07-08,4,853,8445,420
2020-06-13,25,4134,12587,225
2019-01-23,11,3939,5363,415
2021-08-31,19,2328,2995,298
2020-03-12,22,3252,4766,221
2022-09-06,3,1453,4937,151
2019-12-30,5,1586,14901,348
2022-05-12,29,652,1733,265
2022-04-15,7,671,13502,458
2020-06-04,24,1192,3980,390
2022-03-30,13,1712,10820,215
2022-11-03,16,512,1810,156
2023-10-20,20,110,7360,473
2022-10-12,13,1434,13687,462
2019-09-16,11,512,4798,492
2020-11-12,16,4245,7143,85
2019-09-12,10,3851,11170,171
2020-10-12,13,4991,9856,278
2022-07-08,25,1332,9256,476
2022-07-04,22,1641,7074,432
2022-12-06,21,1725,3284,312
2022-08-20,7,176,269,439
2019-01-06,15,2829,11690,38
2023-08-06,2,4587,8515,144
2021-08-06,12,967,4083,162
2022-07-18,12,2042,7338,272
2020-06-14,18,1049,7565,152
2019-07-30,7,1985,1920,238
2022-05-08,7,2029,14280,205
2023-10-16,20,3526,8207,146
2022-08-04,24,4062,7762,486
2022-09-10,20,970,6954,321
2023-12-05,22,4336,910,347
2021-10-05,26,3495,14440,104
2019-10-17,18,216,4816,314
2021-12-02,12,3437,8219,379
2022-11-17,10,4085,6687,389
2021-11-29,8,1008,5261,310
2019-09-13,14,4255,11323,269
2021-12-19,21,1582,8979,289
2020-04-04,26,848,1296,227
2020-07-07,3,2208,1881,402
2021-02-05,18,3811,4614,59
2019-02-10,27,965,14334,430
2021-05-12,2,1308,9753,409
2023-06-03,30,4552,5112,182
2019-07-31,20,1103,975,418
2019-01-05,29,784,2291,246
2023-10-28,15,1137,5605,329
2020-09-23,10,4291,1979,44
2019-06-21,11,4272,10866,132
2020-09-03,1,2545,2752,382
2019-01-25,29,4747,14754,319
2020-08-08,16,935,678,67
2020-03-21,21,2109,11920,17
2021-08-23,27,459,11332,173
2019-05-13,22,4882,466,412
2020-08-29,19,2556,6135,343
2020-02-02,12,2858,2438,334
2019-06-20,17,1147,7458,495
2023-05-07,5,616,12681,31
2022-11-01,16,1740,1472,123
2023-04-05,18,374,13788,496
2021-06-17,15,4513,14372,120
2020-04-03,17,3778,9391,497
2021-10-08,4,3449,14615,395
2023-04-12,22,2208,6007,26
2022-01-10,15,3556,6877,305
2022-02-01,27,3485,3534,52
2021-11-11,11,3170,10443,121
2022-10-23,4,4438,8284,171
2023-05-26,28,2647,1943,437
2021-06-09,3,4881,2122,304
2019-04-12,18,508,10714,201
2021-11-04,3,1033,9359,133
2023-07-08,5,130,11288,52
2020-04-02,27,444,3606,319
2019-01-01,1,144,3605,20
2021-06-20,2,2877,10737,448
2021-05-08,23,331,6898,346
2022-08-19,18,3684,9951,424
2022-12-13,27,779,1644,279
2020-02-18,2,4522,3496,330
2019-02-08,15,136,5532,140
2023-11-20,13,1377,12135,319
2021-03-01,6,1103,2033,201
2021-12-17,20,4911,13160,238
2022-09-24,6,3457,10852,316
2023-03-31,24,4807,12939,230
2022-03-30,14,4599,4392,484
2021-10-22,20,3710,11947,103
2021-10-29,15,1122,1397,387
2020-06-22,9,4836,10938,82
2022-06-29,23,303,3992,181
2021-08-02,26,3945,6904,125
2021-08-17,30,749,9644,276
2023-06-27,7,3073,8510,452
2023-10-23,29,3848,7146,83
2023-12-04,3,4344,299,31
2021-03-18,19,4145,759,171
2020-12-09,25,1513,4743,481
2019-11-25,9,875,6855,323
2019-04-02,5,1858,11975,319
2023-04-14,26,2218,4154,72
2023-01-08,3,307,4670,249
2023-10-26,3,3388,4751,200
2022-09-04,14,748,14403,208
2020-05-31,5,4339,14028,497
2021-12-20,9,4833,9318,495
2022-12-22,30,4153,3338,378
2020-04-15,26,3709,11864,172
2022-06-05,4,4818,10444,231
2022-08-24,6,894,9487,111
2019-06-11,23,4419,12936,214
2022-12-12,11,4131,10684,196
2021-11-08,3,4664,11538,283
2023-05-25,27,674,5248,259
2022-05-07,8,2803,12894,52
2023-11-23,29,476,4301,227
2019-08-13,4,1203,5093,215
2019-12-12,18,472,12654,433
2019-08-07,13,4971,4586,10
2020-02-24,3,3255,9230,26
2022-01-28,20,1229,632,27
2022-12-06,3,1566,9524,279
2023-07-01,1,3502,9756,133
2023-08-20,30,691,1231,113
2019-06-11,9,3510,7749,368
2020-12-04,14,3178,11543,264
2020-04-02,26,1355,10350,26
2023-12-03,14,1456,10359,172
2020-09-15,19,4729,3403,102
2020-05-08,11,2915,8106,55
2023-06-26,24,4906,2109,223
2022-01-14,21,4710,5271,83
2019-01-11,5,4583,7924,203
2020-04-29,17,601,5781,260
2023-09-16,23,4385,9774,27
2019-09-29,2,1547,3501,337
2021-08-10,19,3107,369,287
2021-06-26,7,3438,7101,415
2023-05-08,28,629,13269,137
2021-06-29,13,4527,8842,121
2023-01-10,13,953,11457,351
2019-08-25,27,4181,7301,68
2023-11-03,4,2589,2168,174
2022-10-03,10,4534,4538,199
2019-11-15,6,4717,11959,217
2020-08-30,16,4080,6607,21
2022-01-15,10,4989,12718,353
2023-04-07,19,222,9375,153
2023-04-08,5,2394,9521,16
2021-10-18,10,3788,3830,279
2021-12-03,19,3131,14623,265
2023-01-18,20,2096,14974,420
2022-03-06,28,4908,6683,141
2019-06-01,21,4761,762,462
2019-12-12,27,4745,11377,33
2022-05-29,19,1191,8813,235
2020-08-22,18,1706,4885,121
2022-03-22,18,2415,5409,205
2023-02-22,25,3589,3415,140
2023-12-09,21,4246,2486,203
2021-09-13,30,1711,13631,470
2023-07-01,16,486,14900,263
2023-01-10,7,3077,12282,80
2023-10-19,17,4813,5135,297
2021-07-01,18,2239,2613,430
2021-04-25,9,549,8406,320
2020-11-09,21,294,9581,399
2020-06-21,7,2426,7067,317
2023-08-30,26,3027,9611,452
2021-05-29,15,3288,8427,258
2022-05-29,27,3251,12579,230
2020-01-16,3,2932,8539,34
2020-10-05,16,4609,7753,392
2020-07-14,22,3177,8199,293
2021-08-29,1,1815,10713,92
2021-03-17,25,689,2956,124
2021-05-18,4,1681,6680,391
2022-04-04,24,1957,11272,346
2019-09-02,28,2237,11172,366
2022-11-04,6,4124,13798,246
2023-08-24,17,1482,8104,486
2019-06-20,24,4450,7197,425
2022-03-29,16,4760,9326,169
2021-08-02,12,786,5129,437
2022-08-25,25,4080,14720,210
2020-03-07,6,2971,487,111
2023-05-31,19,2746,5214,40
2023-10-18,28,3353,12332,300
2022-09-16,13,3198,12074,23
2023-08-14,24,4295,4270,140
2022-06-19,13,2926,4881,17
2022-07-06,25,998,7695,72
2022-03-14,14,4342,4812,339
2020-10-10,28,628,11904,52
2020-04-30,15,4421,6722,317
2022-01-12,4,841,11630,445
2022-08-20,7,4872,2333,261
2020-08-16,14,4799,3471,291
2021-05-08,22,2451,7969,181
2023-07-15,16,1493,6282,326
2022-08-03,17,3592,7647,372
2023-05-11,29,4604,5721,355
2021-10-18,14,2600,2289,27
2022-12-23,15,1238,9645,72
2020-05-31,23,1529,13849,247
2019-08-06,11,4764,2661,441
2021-08-02,7,2127,13376,238
2020-02-16,16,4223,10882,316
2020-02-22,12,1106,10136,76
2021-02-27,25,969,10330,413
2019-10-12,2,4043,14919,422
2022-11-30,29,1027,3604,222
2019-10-24,2,1195,11384,92
2022-03-31,30,159,12709,337
2023-10-04,17,1779,14647,21
2019-09-18,1,1572,10488,184
2022-10-21,20,232,4956,493
2023-10-12,28,3555,14414,168
2019-07-23,29,1470,4109,178
2020-03-16,10,107,560,238
2023-11-20,23,2320,14266,413
2022-07-03,17,2369,11273,137
2021-03-12,23,1417,10150,255
2019-04-04,13,2119,343,160
2021-12-14,24,3266,595,419
2022-09-05,13,1116,10681,460
2020-12-24,27,3694,4412,327
2022-06-20,5,3849,6558,209
2021-03-14,22,4999,8977,478
2023-12-29,14,368,2087,27
2021-09-20,28,2480,2425,302
2022-03-13,7,2420,6242,369
2021-10-21,30,3237,12556,76
2021-07-09,4,3740,4352,353
2023-07-20,18,4217,4972,325
2021-11-23,1,1784,7200,347
2023-05-28,24,2508,12161,345
2021-09-07,8,1853,3578,224
2022-03-03,3,1107,6732,20
2021-07-20,1,791,1734,43
2022-07-08,11,532,7531,68
2022-06-23,11,3185,10791,462
2021-02-24,12,3372,8178,337
2023-10-22,16,903,8935,43
2019-09-21,25,407,1649,362
2020-05-16,27,127,7995,203
2022-04-17,15,681,316,240
2023-09-01,19,484,14089,206
2019-11-13,3,4681,1833,61
2023-01-13,26,4010,2146,306
2020-08-01,3,1888,6437,242
2019-05-05,4,4477,2550,91
2022-02-05,24,4341,7407,431
2020-10-13,14,2668,1141,242
2021-07-29,6,872,6813,481
2022-12-05,28,3546,10031,13
2022-06-16,11,2855,736,86
2020-05-29,22,2440,9673,170
2023-10-23,7,4656,2179,22
2023-10-24,18,3323,2774,109
2020-05-14,21,598,3116,44
2023-08-16,27,4831,12989,35
2020-07-27,14,4120,5449,254
2023-03-31,6,240,14168,67
2020-12-25,4,1627,871,24
2020-05-07,18,4914,3317,306
2023-12-26,17,2057,9939,441
2023-03-06,5,2608,5882,255
2021-11-16,23,3690,13128,260
2023-11-11,20,4867,12566,165
2020-09-05,24,708,2523,198
2023-07-06,11,1165,10286,474
2022-09-14,21,2999,13444,227
2019-11-10,9,4194,8178,10
2019-01-15,26,3825,8840,148
2020-06-17,15,1012,5068,348
2023-07-05,23,1739,6259,403
2020-06-08,21,4843,4540,421
2020-06-02,11,1925,7359,127
2019-03-11,7,4694,803,150
2021-03-13,4,3177,12039,109
2022-12-17,29,1520,12576,159
2019-06-11,23,1843,14569,262
2019-02-12,12,1279,12706,448
2021-03-04,8,2248,1651,479
2019-01-10,16,4350,4330,185
2022-07-20,7,1889,9165,330
2019-06-12,15,105,3783,101
2020-04-20,16,358,204,387
2023-09-20,18,4274,751,110
2019-09-23,12,2695,11479,210
2021-09-11,14,3376,2627,276
2020-09-23,30,4004,5829,43
2022-04-20,9,2077,2538,395
2019-03-22,17,2503,9747,285
2020-11-05,15,3248,10019,456
2020-03-27,8,4043,12766,497
2020-03-29,10,2657,1590,401
2021-03-29,9,922,13408,405
2020-09-26,9,3742,11461,256
2019-07-25,8,4920,7250,409
2022-10-04,9,1655,1891,283
2022-03-31,29,1875,1062,283
2021-03-31,8,594,4188,156
2023-10-26,13,1046,1568,391
2020-06-25,26,3544,844,190
2022-07-19,13,2773,5754,336
2023-06-19,21,320,4115,309
2020-05-21,18,3143,245,441
2022-04-12,16,2613,11279,435
2019-05-03,8,4655,2736,198
2023-10-12,16,1432,640,324
2023-11-06,9,2388,1774,273
2021-07-18,2,4514,5935,10
2023-06-20,7,1230,266,227
2023-11-09,24,4185,9480,322
2019-10-26,18,3486,4579,30
2023-08-12,14,1140,956,170
2021-12-12,9,3477,7000,242
2023-04-16,5,183,13568,264
2019-10-16,27,1197,8661,267
2022-01-20,26,3149,7476,200
2019-05-02,23,898,845,401
2019-08-17,16,3022,10636,104
2021-04-01,12,4979,4855,39
2019-10-23,14,3691,12197,368
2023-05-12,2,4946,7076,283
2022-09-15,1,3298,4703,302
2019-12-19,15,4688,4456,469
2023-12-18,30,4028,2951,433
2022-03-29,9,2522,11658,110
2019-05-18,14,2433,2146,456
2020-02-02,21,1401,14815,453
2022-04-08,27,3710,2922,302
2022-11-12,2,4927,11120,226
2020-10-25,13,2467,1482,401
2019-04-13,11,4877,5211,242
2020-04-14,25,3015,13459,481
2019-10-05,17,3611,9704,387
2019-04-25,10,3040,14574,298
2020-01-19,2,2946,601,34
2023-03-01,4,1163,6786,462
2022-01-19,4,3335,8452,195
2023-07-24,8,2484,10821,285
2022-05-29,1,2442,2340,294
2023-09-19,21,3591,11595,37
2020-09-23,10,2019,5980,303
2019-11-22,5,3189,8435,439
2021-04-05,8,1755,14436,124
2020-06-24,8,3275,8926,196
2023-10-17,16,2593,4150,114
2023-06-13,20,1446,6500,295
2023-05-13,7,3095,14962,118
2019-11-27,21,4158,7178,165
2021-02-27,10,281,8238,40
2022-05-03,22,2997,8645,423
2023-09-25,8,1483,14291,346
2019-11-27,14,4902,6976,425
2020-04-19,16,790,9395,228
2021-01-07,5,4696,10677,388
2021-11-26,3,1817,5010,202
2023-08-25,15,4815,12279,481
2021-09-11,27,752,3929,344
2019-08-18,14,3210,8963,149
2023-03-27,28,4287,1357,321
2022-06-02,9,1368,8496,360
2021-12-11,22,3590,11736,174
2021-11-22,10,2498,9358,399
2021-08-16,19,359,7370,346
2020-09-10,1,717,6317,132
2023-12-01,23,763,2654,78
2022-11-03,17,4844,2475,252
2020-02-23,2,3917,2924,359
2019-02-01,27,317,11064,327
2023-03-25,28,3549,7251,282
2020-11-16,28,2158,4726,10
2020-11-14,27,4528,1998,105
2019-10-08,21,3989,1915,382
2019-02-04,6,4629,7737,70
2023-04-01,26,3406,6306,105
2023-09-07,27,576,11492,96
2020-09-12,6,2141,4056,124
2021-11-14,15,1368,10571,493
2022-10-30,1,3543,13780,310
2020-02-10,19,786,3765,240
2019-06-04,24,3897,1262,12
2020-03-22,15,1470,11472,333
2022-03-29,13,4494,8529,159
2022-10-24,20,494,2619,241
2023-04-11,3,4924,5737,289
2019-01-13,20,4274,10520,107
2023-04-02,10,3349,2294,217
2023-09-15,9,4205,7009,415
2021-06-11,2,1763,7541,159
2019-06-04,18,4992,2943,173
2022-10-24,17,3934,5832,429
2021-08-09,19,596,2904,495
2023-07-17,12,3748,10289,417
2021-01-01,27,3719,8018,333
2022-05-27,4,1719,4622,467
2023-07-05,28,1249,5261,321
2020-07-25,25,1840,12630,356
2021-03-22,19,1470,9146,22
2019-12-16,12,1174,9697,188
2019-06-18,24,4751,3748,175
2019-05-11,1,3523,8442,405
2020-05-29,1,1235,13369,362
2020-08-30,15,3965,10843,398
2022-03-25,12,1684,14470,299
2020-06-11,29,2003,5933,25
2021-11-11,16,4478,8258,251
2022-07-13,30,4295,13037,480
2020-03-31,9,3968,7097,188
2023-04-28,7,1892,319,362
2019-01-21,28,2119,10674,429
2021-03-08,20,4039,13381,137
2022-10-19,9,482,5424,413
2019-07-07,23,4087,4667,204
2019-06-21,15,3649,7969,264
2020-05-24,22,3295,14382,484
2022-02-17,18,1954,10805,357
2023-10-09,2,2215,6068,237
2020-04-15,24,1689,8066,400
2019-02-18,23,3173,7109,60
2021-07-04,5,3729,2643,30
2022-05-10,3,4769,9756,282
2021-07-23,11,4084,2461,242
2021-08-09,12,2623,4425,290
2020-06-22,27,2198,4061,392
2022-01-19,12,3584,6647,21
2023-02-20,25,4620,1192,267
2019-02-05,17,2737,14838,203
2022-04-23,25,1953,5496,475
2022-11-27,11,1195,11109,388
2019-01-23,12,1224,12894,377
2019-04-13,25,4574,14805,250
2023-10-20,4,4870,11118,175
2021-12-26,4,602,12856,415
2019-04-21,3,1215,12743,182
2023-09-12,2,2500,9555,41
2020-09-23,6,2937,1031,268
2022-09-04,18,4705,6977,26
2020-11-26,3,3148,11745,35
2021-08-09,23,1609,3812,33
2020-10-24,27,2875,8567,324
2023-01-10,26,4463,10684,492
2021-04-27,17,1887,12646,491
2019-08-26,3,3942,9458,151
2023-07-01,26,1703,8966,445
2019-08-27,16,1241,1444,146
2023-06-28,15,4418,7601,407
2019-09-12,10,3496,13841,203
2023-07-14,28,3920,13911,247
2022-08-07,19,1757,10278,44
2022-08-06,21,2256,5554,236
2019-06-16,12,4865,11028,481
2019-05-18,29,1136,9255,139
2022-08-16,6,2373,14451,134
2023-08-01,27,2853,11995,103
2021-09-11,2,3070,10238,81
2022-11-14,12,2375,8609,64
2021-03-03,2,339,13881,463
2021-08-04,10,4612,4540,102
2019-04-13,4,2695,2441,404
2023-12-09,11,1469,12369,74
2021-03-17,2,4310,11886,135
2022-06-19,4,2708,14654,32
2020-07-20,6,1402,4693,273
2020-10-31,24,3403,5166,221
2023-12-29,12,4893,6013,88
2021-09-28,9,2985,6917,493
2021-10-07,9,2210,4499,67
2019-02-15,28,2338,11226,400
2021-08-16,6,112,6383,68
2019-11-02,29,1871,3942,41
2020-08-31,18,3710,11121,489
2019-12-24,21,2299,3435,261
2021-12-06,5,2786,10070,12
2021-01-28,4,3469,9881,370
2019-12-02,27,4487,3816,227
2019-03-25,6,4002,11059,452
2019-05-25,18,705,12126,190
2020-09-08,2,4018,6383,49
2022-09-12,25,4136,14598,484
2020-03-30,15,415,9762,154
2020-12-01,8,514,12501,383
2023-11-14,18,2784,5174,278
2023-12-14,23,1038,496,494
2022-11-19,5,3927,1057,497
2021-06-08,9,2031,9545,132
2023-06-29,30,4377,7811,66
2022-02-07,26,2637,10833,26
2020-06-10,3,3677,14719,455
2022-01-06,1,1915,7675,173
2022-03-04,10,1638,576,337
2021-12-25,8,1465,3676,338
2019-02-10,1,4002,3496,114
2023-05-31,30,736,3371,379
2019-08-23,2,4484,3366,83
2020-03-11,25,886,10687,255
2023-08-12,6,1522,11356,228
2020-06-11,4,428,2569,434
2023-06-30,4,2415,14988,364
2023-05-30,10,1684,14167,322
2020-06-23,21,1512,4246,387
2020-01-09,29,4917,8726,122
2023-06-21,18,2390,5367,162
2021-10-17,20,1034,1906,60
2023-12-16,26,3844,4227,330
2023-06-11,4,1049,10244,29
2021-04-11,9,2544,13889,331
2023-10-05,17,1384,14583,437
2021-05-27,9,2735,14198,163
2022-01-20,2,573,13454,339
2021-12-05,3,4405,4444,395
2019-10-25,16,3784,11416,494
2020-08-09,29,4050,8349,170
2019-11-02,23,4502,8782,258
2019-04-09,15,3891,3865,386
2019-08-05,2,4246,5617,351
2022-02-26,11,535,11690,163
2019-10-18,14,1643,10763,52
2022-03-29,14,2319,9622,28
2023-01-06,30,1721,7701,432
2020-03-15,25,389,6838,230
2021-06-29,19,3815,4581,343
2022-03-09,5,3847,4998,249
2020-03-03,16,645,10950,460
2020-06-26,21,1532,13529,220
2019-11-29,19,3749,7719,27
2022-01-12,6,469,13865,86
2023-09-21,21,4599,1521,323
2023-08-08,29,2614,13321,307
2021-11-03,28,131,14388,404
2021-06-23,27,1424,2832,440
2019-09-01,23,1465,4361,497
2022-03-03,26,3694,8806,215
2019-08-26,9,3195,4519,269
2023-10-02,15,3923,7775,184
2020-12-06,5,295,10578,497
2021-04-21,4,953,732,490
2019-03-01,15,1844,4347,204
2021-05-11,21,4552,5195,234
2020-08-10,25,1808,8535,269
2019-10-22,12,2622,3152,306
2020-11-21,6,3770,1225,123
2019-07-15,20,1767,13922,467
2022-12-28,13,4609,5343,492
2022-07-26,13,504,11467,280
2020-06-23,12,308,14836,40
2020-09-18,24,1262,5395,354
2023-02-05,11,2321,11454,406
2019-03-02,16,2516,12838,366
2019-12-15,26,671,3371,75
2019-10-09,23,4222,6381,166
2023-07-14,22,923,658,35
2022-04-04,20,2581,8775,388
2019-10-28,8,4340,5349,66
2020-10-25,12,1523,3703,172
2020-10-25,30,3270,1465,488
2020-12-25,8,1974,13003,413
2023-04-08,29,3494,2201,152
2019-05-11,12,1936,14592,42
2020-10-06,30,662,4032,297
2022-03-11,2,2920,13064,85
2019-09-04,30,2260,8674,485
2019-07-07,3,3333,13012,27
2020-09-04,11,3059,7532,63
2023-04-12,27,196,6270,453
2022-01-20,18,4236,7119,206
2023-06-23,7,2979,12579,152
2019-11-25,18,4011,625,443
2023-03-27,14,4203,14856,153
2021-01-07,23,3859,1949,16
2023-01-31,1,3744,6285,455
2022-08-11,28,1435,5208,88
2022-05-31,28,2500,379,391
2022-06-29,30,2039,12311,459
2019-12-08,29,4909,5343,227
2021-10-12,28,1882,8514,49
2022-01-05,30,4451,4016,484
2019-09-19,24,2605,6056,269
2023-08-16,25,4721,11884,433
2022-12-11,19,1742,13886,205
2022-09-07,10,1360,11464,489
2019-11-21,17,4407,13191,424
2020-02-25,13,2113,13073,371
2021-12-11,28,4197,11616,381
2020-04-21,22,2225,1094,139
2022-08-07,20,2663,2061,323
2020-02-15,15,2795,5610,314
2021-07-25,11,2249,12451,314
2022-10-04,12,2045,6678,312
2021-03-26,14,4336,13544,295
2023-03-19,15,4284,3227,448
2021-11-24,11,2198,11901,430
2023-10-10,13,823,13788,464
2019-08-10,15,355,11622,172
2020-04-18,1,3653,8364,24
2021-07-06,6,4908,10401,374
2019-05-07,25,3200,12918,374
2023-10-24,20,3308,3133,456
2021-01-29,22,2101,4520,279
2023-09-12,28,2392,4667,167
2020-07-24,17,4395,2662,176
2023-08-19,30,860,13342,81
2022-02-10,18,976,12782,100
2021-11-10,18,1094,13071,259
2023-02-13,11,4146,2677,50
2023-01-21,3,1586,10463,273
2022-04-29,10,2624,14017,306
2022-05-24,30,1845,11622,169
2022-05-25,16,4803,9505,369
2023-10-21,25,2219,11754,440
2022-09-11,6,850,9765,424
2023-09-16,22,3744,7928,101
2019-01-29,13,3332,8478,102
2023-07-15,3,1817,9260,190
2020-04-21,12,1092,5593,461
2019-05-19,15,4254,3817,199
2020-03-31,9,3947,5007,72
2019-10-28,3,1586,8207,37
2021-02-21,29,4077,13607,248
2023-08-24,6,1571,2284,261
2020-10-13,18,2951,4620,49
2021-11-20,29,4557,7841,333
2022-02-03,14,1699,10740,332
2021-01-03,14,1994,280,306
2023-05-25,21,3437,9648,314
2020-10-27,29,2451,8505,311
2019-02-10,6,1108,8250,364
2022-02-25,23,2331,12092,210
2022-01-29,1,1029,8333,104
2020-10-31,10,2853,5332,82
2023-08-07,1,1473,9362,84
2021-08-11,18,3113,1283,111
2022-03-19,27,671,13664,418
2021-09-19,14,546,7339,355
2019-05-08,23,703,9280,470
2020-09-14,10,3890,6792,431
2022-09-13,30,3847,13954,405
2023-09-15,3,1832,8145,125
2023-03-29,6,1448,3101,272
2021-01-28,23,3505,12739,54
2022-03-17,25,1206,8145,115
2020-07-22,1,4213,11051,170
2021-10-07,3,2408,14021,375
2021-03-27,2,3381,1921,456
2020-03-17,2,2436,6444,380
2023-09-29,17,4486,9452,295
2020-06-01,8,705,11750,295
2020-12-02,6,2587,1100,298
2021-04-19,22,2272,6122,48
2023-09-28,15,923,2198,270
2022-03-06,14,2175,10963,471
2022-01-29,9,3580,12559,479
2022-04-30,3,2407,4998,17
2019-02-08,26,2896,12723,353
2019-04-18,27,1184,3905,242
2019-01-07,28,484,5203,254
2022-04-26,13,3781,9952,223
2023-09-27,3,721,6196,109
2023-09-16,2,2828,8090,45
2021-11-22,3,2190,12618,206
2019-11-14,17,895,11455,353
2021-02-02,30,1832,10649,111
2020-10-20,27,4209,10638,200
2021-01-31,5,777,13915,51
2022-09-06,7,689,3185,110
2019-03-30,27,1885,7382,188
2023-05-12,27,496,3435,460
2020-11-02,28,2966,4718,34
2022-06-08,18,3114,11180,110
2022-06-05,15,3759,12549,72
2021-09-17,23,3190,2139,234
2021-04-17,13,3966,7300,27
2021-06-28,17,2842,518,120
2021-09-30,9,575,12234,381
2021-09-26,7,3136,14553,163
2019-08-16,30,154,12147,368
2021-01-09,4,612,2613,21
2019-11-01,2,2849,12610,352
2019-11-27,13,705,9859,310
2020-08-09,17,2512,3185,387
2019-01-07,16,1024,2279,177
2021-06-22,13,3822,12651,461
2019-04-29,13,1954,796,356
2022-03-28,2,1486,8467,419
2022-02-06,15,908,7447,222
2022-01-26,21,3898,3115,65
2019-07-04,11,2096,2264,494
2020-04-11,8,2445,5706,296
2020-12-12,8,1971,13234,451
2021-08-24,15,4482,344,281
2023-12-12,16,2503,8738,199
2021-06-14,30,4291,3256,131
2020-12-07,18,328,6283,253
2020-03-01,25,326,13197,301
2023-12-06,11,859,6622,322
2023-11-10,26,742,11240,431
2022-12-23,24,4580,10789,310
2020-05-17,27,3721,7238,253
2021-06-01,21,3222,2384,294
2019-04-29,23,2062,11120,51
2020-05-06,13,2450,6419,44
2019-03-07,4,4376,4252,343
2020-12-30,29,4323,7181,372
2019-10-25,22,727,7916,202
2022-08-10,23,4416,5570,344
2023-12-27,18,234,8202,224
2019-09-03,27,3133,10659,287
2021-08-17,19,3510,2949,173
2019-12-29,26,3257,6163,338
2022-09-06,6,3528,11085,181
2019-07-05,17,4681,12611,143
2021-04-30,7,3442,13524,212
2019-09-14,21,4692,14434,216
2021-10-13,2,3366,5896,207
2019-02-02,18,3081,2268,30
2021-10-19,9,2161,13021,435
2021-07-04,7,1389,3476,243
2022-05-20,17,572,2425,57
2022-04-10,2,1166,7856,270
2022-10-20,21,344,1297,212
2021-11-18,3,159,14550,85
2022-10-08,5,811,12148,238
2020-07-10,13,2899,6961,252
2022-08-08,27,4820,10177,202
2020-03-28,2,159,11747,293
2021-02-13,25,2745,3740,231
2020-10-10,8,3385,13267,409
2019-03-03,22,119,1164,161
2023-03-31,11,1853,1203,495
2022-05-28,14,3749,2297,240
2021-12-04,13,1995,2925,378
2021-10-20,23,3299,6213,433
2023-02-09,18,2622,6825,283
2023-02-14,15,2216,13897,66
2023-05-04,17,804,1707,239
2022-12-17,11,1949,5389,424
2020-03-10,23,798,261,191
2021-12-24,14,2113,9169,15
2021-03-11,25,2997,10383,481
2020-06-09,6,631,8926,154
2023-09-03,21,4548,10763,256
2023-01-24,24,1574,4083,138
2023-09-30,22,1946,10398,177
2020-02-27,19,2894,14836,453
2019-04-13,8,4600,11739,351
2021-11-19,22,265,483,275
2023-05-28,9,211,7478,65
2019-09-20,20,2444,4578,144
2021-02-14,21,3037,8377,29
2023-08-23,10,3552,9555,469
2021-08-10,29,904,5874,497
2023-02-05,19,4439,7604,273
2021-09-26,24,3356,8605,198
2020-07-08,12,4524,13038,280
2019-12-11,16,2796,8139,378
2019-10-30,7,4476,3218,322
2022-09-21,25,1941,4209,392
2019-06-06,6,1138,1132,319
2023-02-05,18,4138,1221,362
2023-06-08,6,594,10314,252
2020-07-26,7,1864,6735,348
2021-06-18,10,1010,3529,499
2019-09-26,14,4720,13987,370
2020-03-03,5,4554,7180,115
2020-06-02,26,4444,5107,432
2021-04-16,23,4561,8050,314
2021-12-05,19,4801,14177,373
2022-02-21,29,1736,792,207
2020-10-24,27,3662,7208,407
2020-01-31,12,1266,7721,63
2020-12-12,12,3009,8041,123
2023-10-21,25,4155,1481,306
2023-12-25,25,4957,3268,275
2020-06-05,14,974,9117,51
2020-05-13,29,3660,14843,351
2020-03-18,22,3798,1821,321
2020-03-18,4,1645,11048,231
2019-06-22,14,236,6456,485
2020-11-25,17,3939,11570,472
2023-11-15,1,1279,10896,391
2019-09-17,15,1053,5727,280
2023-02-13,18,587,720,170
2020-05-04,15,4059,8951,351
2021-09-03,3,2671,8444,121
2020-11-23,25,2897,5361,496
2022-12-26,19,2661,559,33
2022-09-19,22,132,13148,62
2021-03-16,16,1793,1622,152
2019-09-15,25,4455,3641,108
2023-11-21,24,4532,3718,251
2022-02-19,4,3827,10947,177
2022-01-08,30,3183,5281,81
2023-09-30,15,3275,9046,436
2023-03-12,18,654,14352,138
2019-02-06,21,3878,2833,276
2019-04-14,9,1850,14272,353
2021-04-30,22,2194,9111,49
2019-11-18,17,4714,2105,89
2019-03-25,28,3371,11796,197
2023-04-22,10,3303,4961,201
2021-12-21,27,3071,12267,130
2021-11-15,20,3888,14205,204
2020-09-18,25,4122,11123,151
2019-12-29,21,618,5384,466
2022-01-28,2,645,10808,407
2022-04-13,19,1203,6981,23
2023-01-30,26,314,11240,290
2020-10-28,10,875,13541,49
2023-08-12,5,611,7525,472
2021-04-27,4,2956,11181,36
2023-07-27,1,3730,9082,396
2019-07-29,27,4840,12497,473
2020-11-01,18,3147,12617,215
2021-09-17,25,823,6373,393
2021-06-24,18,2088,6446,94
2021-12-18,21,3237,3032,349
2020-01-21,15,1392,13503,495
2021-11-07,25,4871,2585,186
2019-02-21,22,559,4992,85
2021-07-28,5,3345,13609,349
2022-07-19,6,2411,3676,165
2022-02-18,21,1095,5220,497
2023-03-14,3,3392,13039,96
2023-03-15,23,1543,7625,439
2022-07-24,4,1387,1283,336
2020-04-26,19,2287,7902,460
2020-10-04,6,823,2659,147
2019-09-23,1,4684,2224,431
2021-05-13,28,1961,6798,475
2020-08-13,4,2720,7931,319
2023-01-13,20,4959,7786,55
2023-06-12,18,2282,7794,426
2021-06-16,19,461,13429,496
2020-05-22,24,770,9542,412
2022-12-02,19,3253,12638,39
2019-06-27,15,2145,12184,240
2020-01-07,20,2989,4949,26
2019-01-29,27,978,12810,258
2019-09-09,10,4660,4235,359
2022-09-29,27,2550,1776,404
2021-05-31,14,760,4396,122
2020-03-16,1,2248,7992,254
2022-09-01,1,1220,3660,113
2023-09-13,2,1867,4800,464
2019-08-04,10,2505,5387,359
2022-04-12,6,2283,7589,302
2020-12-16,14,1907,4502,475
2022-01-22,8,2824,7158,184
2020-02-10,24,3203,713,314
2023-09-04,23,3038,3913,411
2023-12-08,12,575,2846,337
2021-11-30,28,4373,14570,429
2020-07-07,4,4587,6337,175
2023-04-13,29,2665,12259,22
2021-09-01,4,517,6139,207
2021-01-20,26,2785,1929,374
2021-04-04,16,1034,13703,142
2021-01-11,10,1358,4317,185
2021-06-12,14,1694,12032,287
2019-09-20,23,4311,9078,422
2023-11-12,9,3815,4497,132
2022-07-26,8,3901,10020,484
2020-11-15,2,2504,14714,355
2023-08-29,9,1391,12049,406
2019-07-30,4,169,6757,321
2021-07-11,1,3721,2555,468
2019-02-10,1,312,13699,54
2022-09-24,10,3258,9460,85
2021-05-22,26,3507,2170,383
2020-05-20,18,752,11668,450
2023-05-17,3,1591,4733,442
2020-10-09,10,733,211,271
2022-03-22,26,2274,3033,472
2022-08-15,21,1651,6850,271
2021-05-27,16,710,4211,207
2023-11-12,16,3521,7262,238
2022-02-20,24,1611,13115,247
2020-06-29,22,538,7765,422
2021-02-11,4,1991,11264,322
2022-02-16,22,3171,11601,456
2023-10-31,8,1791,7897,206
2019-12-29,25,1904,14459,271
2019-10-21,25,1876,1081,33
2021-06-16,15,2689,12733,111
2019-10-09,30,103,14457,314
2019-02-05,29,939,12880,407
2019-08-27,12,3065,1747,89
2022-10-04,30,3419,6847,145
2023-03-10,9,1272,11124,362
2021-04-23,6,4608,3799,90
2021-09-27,20,4836,13762,334
2020-02-03,15,371,13762,313
2023-04-29,6,2397,247,301
2023-03-21,3,4435,1915,32
2023-01-03,25,441,2569,30
2020-06-04,1,3688,6473,77
2023-11-30,18,2202,13220,452
2019-06-21,30,271,14952,412
2023-07-05,22,3786,10304,77
2023-01-16,8,1814,14905,229
2021-12-14,22,1552,11151,399
2021-01-03,16,510,9409,92
2021-08-29,28,4698,2701,236
2022-04-06,15,1808,13689,412
2019-06-21,27,1641,6873,375
2021-12-17,7,3687,4688,90
2022-10-04,18,4643,12486,493
2023-03-19,9,884,6545,217
2022-10-01,30,2299,3927,359
2020-03-24,11,749,1823,487
2020-01-24,30,3318,12139,487
2023-01-08,20,2416,5158,266
2022-10-07,24,4170,6214,241
2022-11-08,10,1027,13874,453
2022-12-18,10,3732,539,121
2023-08-18,4,3194,14589,343
2020-10-07,5,4447,6594,190
2020-09-01,21,3315,12897,462
2022-04-16,15,2035,7469,171
2019-07-18,7,1707,10330,133
2019-12-15,24,2350,14500,481
2022-07-03,30,3948,4268,478
2020-11-19,22,2490,8572,130
2020-04-03,10,2209,3209,334
2020-05-27,2,4026,9876,313
2020-05-24,3,2463,14566,471
2019-05-14,7,4425,2193,396
2022-09-21,29,4933,5223,280
2023-01-23,9,2634,12896,323
2019-06-09,19,1992,2915,304
2020-03-02,30,3845,4082,219
2021-11-27,22,4036,10243,225
2021-10-29,23,848,4270,452
2022-02-28,6,1602,12512,312
2019-04-16,30,4575,1384,176
2020-11-05,21,870,9747,455
2021-01-29,21,4651,12305,213
2020-10-15,10,2401,11984,461
2022-03-02,25,232,10820,342
2022-06-10,7,2808,14115,287
2021-06-16,1,4206,14006,463
2023-11-10,2,3039,4467,317
2023-04-11,30,4772,12544,414
2022-05-21,21,4660,7827,386
2020-11-11,4,3278,10102,231
2020-09-23,24,2391,9946,25
2022-09-20,3,4655,1702,310
2019-04-04,18,2503,1468,85
2019-01-16,20,1434,5608,144
2023-10-03,3,1633,473,372
2023-11-02,18,3213,12333,310
2021-06-12,27,4494,5084,479
2021-03-16,15,4458,11859,206
2020-04-05,30,1272,12207,490
2022-02-24,9,4619,13840,292
2019-10-04,17,2152,12650,38
2019-12-27,23,2361,14691,191
2022-06-17,15,370,1249,74
2021-12-06,25,826,8905,60
2020-01-29,30,2063,8543,175
2021-06-13,19,3896,10494,405
2023-01-26,18,1509,497,371
2020-04-29,21,4502,8139,245
2020-07-17,6,4789,10332,195
2022-01-01,12,882,7873,377
2021-11-03,7,1643,4377,424
2022-05-20,16,173,11372,55
2023-02-09,1,3856,7870,292
2023-01-24,28,1599,6069,451
2023-01-14,11,3453,7015,299
2023-01-09,25,3208,10232,103
2021-09-20,18,116,13793,75
2023-03-04,27,1169,13494,274
2022-07-16,6,4653,2295,193
2020-12-02,5,1382,8930,400
2022-11-20,11,2588,4365,59
2022-05-22,22,2117,13270,93
2023-07-25,21,3285,7843,33
2019-06-01,7,4339,12486,22
2021-09-01,26,4881,1341,428
2021-06-01,22,1884,11908,353
2021-04-14,7,1235,10687,313
2021-02-27,13,1728,10531,431
2023-04-10,15,4123,4471,21
2023-09-05,26,3608,6620,105
2019-12-19,24,608,2304,214
2022-10-07,1,630,6829,46
2020-06-15,14,3911,5536,167
2020-11-22,20,1293,396,446
2022-06-23,29,2157,8135,255
2023-08-17,10,528,9743,79
2023-09-21,23,3824,9405,175
2023-09-17,24,4724,9867,130
2019-06-19,4,3970,2988,388
2021-11-02,23,2606,4446,44
2023-04-04,13,371,9249,200
2020-10-24,25,4797,7650,47
2022-09-15,21,509,11719,71
2019-12-07,15,1313,6751,30
2022-08-25,7,4121,11139,301
2022-09-17,7,1064,4968,52
2019-12-10,29,216,9001,245
2022-07-16,30,2537,6914,231
2020-01-16,21,4781,11985,80
2021-04-14,29,1782,5285,224
2022-09-18,30,1456,1016,39
2019-05-09,26,4083,13189,441
2019-04-19,12,2535,10644,223
2022-05-27,6,3545,7313,439
2023-03-17,27,4919,12324,121
2023-07-05,16,2732,691,99
2020-12-10,17,3726,9738,358
2022-01-28,1,713,14547,205
2020-09-10,10,4909,3511,122
2022-02-08,18,2067,3466,464
2020-12-01,8,1003,10116,396
2021-07-04,20,2051,5468,176
2021-03-08,13,2269,6036,124
2019-03-01,3,4330,12523,135
2020-11-21,16,3577,1219,140
2021-06-19,18,241,6954,45
2022-01-20,11,887,13843,302
2019-07-04,16,3335,12644,120
2022-06-12,5,2056,3585,49
2023-01-03,22,2514,3207,466
2019-11-30,26,4130,7342,386
2023-02-02,3,296,1437,218
2023-10-16,20,3872,12123,423
2020-09-25,9,3243,12655,487
2022-05-21,19,2990,11827,240
2020-07-29,17,4613,11463,22
2021-06-27,6,2269,6292,337
2022-04-16,11,2528,909,427
2023-03-13,20,910,1617,407
2023-11-23,30,2150,5935,290
2019-10-13,7,236,6038,495
2019-12-26,12,4892,1431,300
2022-01-18,21,4144,2959,259
2021-01-24,16,1558,6104,184
2019-03-09,20,3741,4684,89
2023-07-17,18,3528,11848,79
2020-03-14,17,3763,8693,249
2023-12-18,21,4334,3991,421
2022-06-01,19,2270,2912,393
2020-12-20,17,4998,2877,426
2022-12-24,6,3671,14255,14
2023-12-22,19,2146,14112,52
2023-02-17,9,4287,1238,170
2021-08-25,9,4635,12808,240
2022-01-31,11,432,1883,253
2023-01-31,28,950,8226,307
2019-06-29,9,985,1930,375
2021-07-26,25,3260,2321,172
2020-07-30,29,3709,14134,56
2021-08-16,1,2144,3708,289
2020-01-27,25,1366,11479,148
2020-12-16,24,2465,7932,118
2023-01-21,20,2750,11242,114
2019-09-16,4,601,4440,57
2019-02-08,2,2667,9583,138
2020-11-16,5,4637,9542,397
2022-05-07,5,1204,2806,475
2022-03-24,6,2711,11873,498
2021-09-08,30,636,2283,64
2019-06-08,1,1862,9077,285
2023-08-21,7,3416,2291,401
2022-09-28,6,4033,3731,383
2021-10-16,15,1872,3279,467
2019-01-07,15,1517,5870,122
2019-06-22,15,338,12833,480
2019-10-23,22,1466,13716,433
2023-07-15,26,2086,10072,351
2020-03-06,20,1154,4865,42
2019-01-05,17,447,14372,379
2020-01-09,6,1455,7999,99
2020-05-26,1,886,8316,179
2022-02-22,7,2278,6726,437
2019-08-26,13,2494,6448,209
2023-01-13,3,906,10127,162
2022-12-27,6,4977,14987,71
2019-09-30,26,3159,5113,145
2021-11-07,4,1434,13735,323
2020-06-04,30,2235,5114,361
2021-12-06,24,4407,5317,207
2020-02-19,18,4015,13899,469
2022-04-26,29,820,10121,30
2023-01-20,9,3321,7585,282
2019-10-11,6,3571,11553,59
2019-08-24,19,664,5453,380
2019-03-23,21,2873,14686,15
2023-07-28,16,4442,3590,77
2019-03-09,3,1757,12535,144
2022-10-16,3,4335,4882,225
2021-04-14,8,4511,3022,421
2020-04-03,21,2230,9030,488
2021-04-05,23,4185,10288,384
2020-10-13,6,367,5782,369
2019-07-27,29,3520,4307,195
2021-11-25,15,1351,10639,15
2019-10-30,8,3483,6287,375
2021-01-29,10,2780,12965,216
2022-03-24,25,4336,7119,153
2021-06-29,19,3677,2492,424
2019-03-16,23,2699,1134,452
2021-08-21,22,1393,8148,398
2020-02-23,16,4442,9627,431
2020-09-18,15,4615,547,151
2023-05-11,4,1415,559,55
2022-03-26,6,4333,2212,311
2019-11-20,30,2005,1535,230
2019-07-14,10,1943,14677,129
2020-09-22,13,3584,12053,395
2020-02-01,6,4848,13543,239
2021-10-12,25,979,651,275
2021-12-07,2,658,13875,370
2023-07-27,4,1952,13670,105
2021-09-26,1,4207,4517,325
2019-12-16,21,2734,3857,400
2023-03-05,18,4011,4901,133
2021-09-29,16,3333,2514,319
2019-09-09,3,1681,13697,133
2021-06-16,7,2344,5280,289
2023-09-27,13,266,8317,292
2021-06-02,9,4568,11995,178
2022-11-05,18,2639,3030,142
2023-02-14,23,886,9812,172
2023-07-24,27,839,7216,464
2020-03-15,6,1242,5110,438
2022-10-02,20,3003,9001,453
2020-11-23,3,2454,4687,373
2023-05-08,30,4117,8122,264
2022-10-26,1,125,996,282
2023-07-06,2,2551,9511,343
2023-10-24,5,895,12908,330
2021-04-04,27,2751,11828,333
2022-04-07,25,3518,10123,71
2022-04-25,23,1534,4843,225
2019-05-05,25,2768,9568,147
2022-09-11,16,1824,12585,89
2019-07-03,14,1405,9717,361
2022-06-27,12,3428,13526,332
2019-11-26,24,3259,9620,149
2022-12-16,14,3074,12635,189
2019-04-29,20,167,9568,168
2022-04-02,16,2647,2839,216
2022-04-06,5,898,4804,337
2019-08-03,15,2045,6581,132
2022-07-20,26,4650,9369,195
2022-11-26,16,4316,13060,358
2022-03-07,18,1557,4598,271
2023-03-20,9,1557,11964,94
2023-08-19,19,2903,5513,264
2019-05-26,10,736,3032,483
2022-07-06,13,3259,7684,434
2019-01-30,29,3290,7382,454
2020-03-22,23,780,9540,332
2022-11-13,13,3116,1468,394
2022-01-01,7,3637,12354,165
2023-02-14,25,2604,6117,294
2020-05-29,24,2185,8871,415
2021-09-30,18,3992,4748,431
2019-10-17,23,1836,3645,64
2019-12-11,19,295,4074,246
2019-12-22,28,2013,11434,86
2021-01-01,6,426,10465,309
2023-12-16,30,1351,5938,103
2023-01-20,19,4286,2454,320
2019-05-09,11,175,14160,220
2022-11-10,6,1613,3166,178
2023-11-14,7,2598,10011,433
2022-07-11,2,382,7717,69
2023-08-06,9,284,1892,399
2019-05-09,17,3636,12161,287
2023-01-09,5,3896,5046,255
2019-09-08,5,1952,2503,244
2023-06-01,7,2173,9793,68
2022-01-15,8,4352,223,191
2021-07-17,19,4021,9870,193
2021-09-03,21,2565,14177,97
2021-12-06,3,4112,377,86
2020-08-27,11,2730,459,136
2019-11-13,2,4491,14585,203
2022-09-21,3,2276,1306,265
2019-07-05,18,507,6241,289
2023-12-29,10,4400,3738,437
2022-05-29,20,4333,2761,77
2020-10-29,23,1574,2038,28
2023-09-19,20,1122,2640,471
2023-07-06,13,4833,3144,34
2019-09-07,9,3932,11659,73
2023-11-18,8,1908,2226,467
2023-05-20,18,864,12876,424
2021-06-23,28,3476,7450,167
2019-12-21,9,3460,3159,322
2021-04-13,22,4604,6071,141
2019-12-10,12,178,6071,366
2019-04-13,12,1610,6921,123
2019-03-28,11,4035,11936,85
2021-01-10,1,3380,13941,425
2019-07-19,23,3717,2878,483
2022-03-13,22,1523,1255,492
2020-11-05,27,2047,1427,248
2019-11-30,30,189,2499,414
2020-12-16,4,881,11874,108
2020-03-05,11,2863,11820,303
2020-02-07,20,4387,2631,341
2023-05-31,15,262,10639,334
2021-01-31,5,3685,236,141
2023-05-10,27,4867,391,300
2019-12-28,10,3683,13591,450
2021-01-28,5,226,11988,207
2020-09-21,25,525,4214,384
2022-01-10,10,2055,8241,251
2023-01-16,24,3347,7142,259
2023-01-05,13,4674,11863,305
2022-10-12,27,3270,10738,206
2019-10-03,28,3273,3963,221
2023-10-17,29,215,11907,52
2019-03-08,14,3382,10624,81
2020-11-05,21,3943,10659,468
2022-12-20,20,4300,6073,144
2022-07-29,6,2201,4193,54
2019-08-12,28,1841,389,437
2020-05-28,2,164,2644,499
2019-04-28,23,4063,9979,79
2023-06-17,25,2675,6819,275
2019-01-25,9,122,13360,319
2023-06-30,30,4325,14770,210
2019-02-11,7,3829,8811,484
2023-05-21,9,3792,3525,211
2021-03-18,8,3008,6120,251
2023-11-16,21,3389,8314,495
2020-03-09,15,1866,9640,110
2023-11-01,10,969,7104,482
2021-09-09,3,4894,6266,57
2019-08-20,26,3385,938,37
2022-09-04,10,4481,6159,59
2020-04-11,6,1898,5710,377
2020-01-14,10,4367,8946,205
2022-09-29,18,1822,2699,207
2021-01-14,30,4771,9412,111
2023-01-30,4,356,11722,488
2022-09-06,2,802,14164,37
2019-11-17,2,4548,10587,424
2019-03-12,24,3541,391,203
2019-05-21,22,310,5576,425
2020-03-27,29,241,3808,286
2022-02-25,1,4339,7018,480
2020-10-30,27,1180,6168,377
2021-07-05,7,4478,13708,429
2023-05-19,12,4466,3502,428
2021-11-15,14,3239,9255,378
2021-04-08,26,464,11663,29
2021-01-03,12,1059,9173,204
2022-07-02,18,4945,12390,23
2021-06-01,3,3797,2880,41
2021-08-30,18,4218,2828,314
2021-05-10,11,2865,13687,106
2019-09-16,18,821,6876,305
2020-02-02,3,3905,2678,209
2020-06-11,24,1502,13451,41
2023-09-03,29,3582,6145,180
2021-07-29,12,2421,3254,175
2021-01-25,17,4799,12244,394
2020-12-06,3,4948,7447,114
2021-06-09,2,2016,6863,156
2021-08-01,24,730,11190,270
2020-09-06,2,1976,3761,236
2021-10-05,5,4487,9848,475
2020-06-29,22,2643,2012,87
2021-11-03,2,2692,12359,169
2019-06-28,29,4212,2956,84
2022-05-15,17,897,1898,110
2019-08-08,27,3539,8853,473
2022-06-28,24,3276,2818,58
2019-12-11,7,4503,5553,81
2022-01-25,20,1515,13980,208
2020-02-19,24,885,3082,77
2020-06-09,9,279,4992,410
2022-07-12,27,1657,11804,352
2021-08-23,17,4450,4688,487
2019-07-03,13,3745,4422,134
2020-11-13,27,273,12482,349
2019-09-02,6,2021,8769,10
2022-12-26,3,3839,1746,235
2019-06-13,22,1233,11622,54
2020-11-10,20,565,9522,214
2021-04-24,11,3443,9746,193
2023-05-27,1,4885,4340,438
2023-11-26,2,2575,8898,159
2023-01-27,25,705,8561,117
2021-09-08,29,1763,10357,443
2023-10-14,21,1796,8648,371
2019-10-05,2,3588,5139,24
2019-11-19,20,4296,10896,462
2020-02-18,28,4809,12332,473
2021-06-21,24,2301,14718,400
2022-02-18,23,3922,3654,298
2021-03-17,17,1371,2129,374
2020-11-27,27,436,10225,157
2020-08-01,7,4052,8360,169
2022-04-14,30,322,3146,240
2019-01-04,15,3297,12560,467
2021-05-31,26,301,2393,95
2019-08-31,16,3091,10160,22
2020-02-22,10,330,14153,357
2020-04-25,2,4531,3248,282
2021-08-13,28,1652,10263,239
2021-12-02,1,2588,10890,248
2023-04-15,22,4644,1520,262
2023-03-21,22,4363,4494,442
2019-03-20,22,1887,12255,268
2022-07-20,6,2398,961,64
2021-12-10,5,603,8494,430
2022-06-08,29,2757,395,277
2021-07-25,4,1231,6431,403
2021-11-02,27,434,14593,184
2020-05-31,15,434,4478,274
2022-03-12,21,1784,14665,69
2020-05-07,20,1673,5752,463
2020-12-10,20,3290,14520,497
2019-01-27,3,1084,6931,362
2022-04-28,16,3583,1170,170
2020-11-27,9,633,4209,316
2021-02-18,14,599,9489,282
2022-02-03,3,4989,11385,311
2023-05-30,4,2725,2351,295
2021-08-15,30,3628,7027,428
2022-04-07,3,4644,8473,173
2021-08-11,8,3231,5986,346
2021-02-08,25,2800,1385,442
2019-04-10,14,894,7767,75
2021-03-04,23,4889,9923,177
2022-05-22,13,4664,278,408
2021-09-01,14,547,4092,227
2023-08-09,25,4837,2962,285
2023-09-24,19,4918,12374,257
2020-01-10,4,2495,4269,363
2020-08-27,30,3125,7888,327
2022-11-30,20,3195,686,354
2019-12-03,2,482,5881,148
2022-01-11,27,848,1390,444
2022-05-27,8,727,4742,132
2020-01-11,20,1528,11545,464
2023-04-06,25,3870,4981,42
2022-02-02,7,1572,3064,141
2021-05-18,12,1836,14996,250
2022-02-03,21,4314,4870,419
2019-12-21,16,4841,11994,255
2022-07-16,29,4790,12570,361
2020-07-18,15,435,9657,71
2020-12-21,20,3072,13763,236
2019-12-17,20,1276,13116,125
2019-08-13,19,1980,12148,256
2021-10-01,19,2847,11385,12
2020-09-11,26,2015,6383,449
2022-03-04,15,4269,791,185
2021-08-14,10,1319,8787,423
2022-06-04,13,4194,7893,141
2020-12-26,30,2668,5883,62
2019-01-18,24,1355,5666,90
2020-12-21,28,558,2057,293
2021-11-03,16,1192,2637,264
2023-09-14,2,2607,14696,408
2019-11-10,28,4502,11505,490
2021-09-29,9,2102,6091,313
2022-01-09,20,823,3541,496
2019-10-21,14,820,5973,234
2023-09-17,11,3119,2713,439
2021-01-12,26,582,9694,487
2020-03-07,28,2490,8401,397
2020-03-10,12,3807,4371,404
2023-03-13,29,1445,7348,214
2023-05-30,25,2398,7707,64
2023-11-24,22,4763,9535,331
2023-11-03,30,4773,12519,190
2021-11-07,22,2448,14928,169
2022-03-09,16,3668,4079,424
2020-08-23,14,2550,10262,454
2019-03-24,25,3027,1932,113
2022-11-26,19,115,8370,417
2023-01-06,8,3795,7791,184
2023-05-25,29,3014,2822,366
2020-05-23,18,2824,12698,379
2021-07-31,29,4265,4599,146
2022-07-30,1,3796,720,195
2023-12-15,2,2266,14485,295
2022-07-08,20,2151,7692,282
2023-04-22,13,350,10601,209
2023-06-22,25,4455,14385,20
2020-08-31,26,1897,6254,244
2023-09-29,19,2509,1860,34
2021-11-01,8,1653,4128,148
2019-01-29,22,775,14386,347
2020-09-13,16,167,13268,167
2022-03-05,11,3994,13996,497
2019-02-25,25,2680,14377,172
2019-05-24,14,3573,2403,49
2022-11-14,11,928,6702,171
2022-01-20,11,3500,4478,72
2020-09-05,19,2978,758,58
2019-01-18,10,2267,5049,429
2023-02-27,16,4048,4716,23
2019-10-21,26,1905,9359,287
2020-02-18,17,4807,13671,451
2022-11-04,5,249,12149,305
2022-03-03,27,3490,7246,261
2023-03-06,30,3834,9698,336
2022-05-05,30,3358,8645,264
2021-07-10,20,1909,12844,158
2022-07-05,24,617,9709,133
2023-04-26,18,4701,2612,113
2021-09-22,10,2222,3256,229
2021-12-01,5,2188,9525,453
2023-10-03,6,3922,2140,331
2023-03-16,6,3769,736,60
2019-11-24,22,381,13744,261
2020-02-17,6,4922,2495,206
2021-08-14,12,1249,2263,373
2021-11-26,17,2935,11054,283
2019-01-08,24,4919,14718,499
2023-12-05,2,3351,8006,211
2023-09-14,1,4801,14620,280
2021-09-03,6,4499,2350,237
2022-09-18,1,4103,727,288
2021-05-13,10,2014,11541,446
2023-08-04,9,220,11750,42
2019-10-20,14,622,5488,433
2021-05-21,19,3087,8178,364
2020-07-15,28,4673,9135,400
2019-10-03,16,2036,13591,342
2022-09-20,25,2008,7147,230
2022-06-05,11,4587,1976,130
2019-10-25,19,1943,4650,144
2020-01-04,5,4168,5034,354
2019-08-01,3,3248,2651,278
2021-03-02,7,4903,6799,165
2022-11-28,17,1747,10212,177
2023-01-23,30,2128,7200,334
2020-04-16,20,3295,9925,260
2022-12-18,3,2833,3738,24
2022-07-08,7,4940,12428,385
2020-02-12,29,640,4214,327
2021-06-05,22,3628,11986,347
2020-04-13,17,2493,10506,228
2023-07-18,24,1967,786,168
2023-07-29,24,1716,11142,191
2021-07-03,19,3048,12294,487
2020-01-01,8,676,7643,189
2020-09-27,10,1291,8530,233
2022-12-21,9,2554,7085,17
2022-12-29,18,3835,13455,421
2023-10-24,7,3871,4799,99
2019-01-13,30,1149,6931,478
2022-01-30,21,340,11564,136
2020-09-20,29,2310,8774,42
2021-03-31,27,4012,3605,223
2020-04-21,4,3088,8595,232
2023-02-08,11,2780,12642,371
2019-06-20,3,3234,6523,413
2021-01-06,3,3337,13165,130
2019-03-21,14,3267,4212,147
2021-05-27,10,2104,11601,440
2023-09-08,10,4469,5989,405
2022-12-30,10,331,5028,75
2019-05-08,29,4380,10671,316
2022-01-05,25,1823,8986,171
2019-11-08,15,3492,8112,397
2019-12-24,16,2415,7768,172
2020-07-06,26,4430,8611,390
2019-03-21,11,4423,1848,424
2022-12-10,3,732,5208,320
2019-02-03,29,4212,8321,136
2023-06-01,8,4725,7149,462
2023-12-11,8,4919,14064,355
2020-03-29,11,1827,6460,204
2019-05-11,21,1981,12398,268
2019-03-15,10,1404,12143,126
2019-12-10,8,2359,13349,39
2020-08-06,24,1588,3233,47
2019-01-26,7,1839,11773,275
2022-04-11,9,893,4396,378
2019-07-29,19,4593,1387,240
2022-12-04,26,3191,12420,469
2023-04-21,14,407,6738,278
2021-06-28,29,2037,3497,252
2022-12-23,15,2805,7215,460
2021-01-17,9,1251,2179,279
2019-07-27,13,1836,12702,450
2023-11-12,28,1931,1724,324
2019-01-21,12,4078,1520,26
2020-04-12,29,3337,904,260
2020-12-29,5,1336,3385,429
2022-01-07,5,2991,476,284
2020-11-21,27,2257,1937,88
2020-05-02,24,4384,9627,346
2019-02-15,21,352,10612,378
2023-07-05,18,3059,7788,95
2020-04-26,12,881,10272,259
2020-10-04,14,2884,4411,281
2021-04-04,13,2477,6293,337
2022-10-03,13,2433,14260,343
2020-11-02,28,1810,3523,316
2019-03-06,20,3483,9263,62
2023-10-07,4,3256,14738,307
2020-03-05,13,1451,10796,476
2021-09-21,22,3748,1195,348
2019-11-04,2,1640,7628,296
2022-03-19,18,4845,10267,37
2019-07-22,5,3441,10828,201
2021-03-10,22,4430,8476,10
2023-08-18,4,2407,14893,360
2022-12-12,6,1345,9606,208
2019-01-26,4,3311,9046,397
2023-09-01,26,4555,2349,251
2022-11-07,18,2682,5394,240
2023-07-06,28,739,10322,385
2020-04-18,24,2862,6649,224
2021-03-22,4,558,3754,208
2019-05-05,12,108,11201,162
2020-07-20,4,2364,14310,115
2020-04-03,26,1531,6451,209
2020-06-23,3,3172,8008,498
2022-10-11,2,2096,8414,116
2023-03-31,3,2347,8070,326
2021-03-02,7,2367,7076,149
2020-12-21,11,390,3276,229
2019-05-31,10,1060,10614,84
2020-10-19,12,312,8291,489
2021-07-30,14,282,5369,80
2023-02-14,5,4744,12423,114
2023-04-12,17,4997,9912,444
2023-11-24,17,2898,2311,106
2021-05-04,16,2025,13809,191
2023-01-27,10,2981,2253,285
2022-01-10,15,4053,14999,22
2019-12-23,26,3455,13388,341
2021-07-19,23,3936,6120,388
2021-04-29,6,3356,13266,101
2019-02-12,1,2075,13703,465
2019-12-04,23,4210,13939,334
2023-06-02,23,1052,3155,386
2022-05-08,27,133,6496,184
2019-07-28,16,3587,6913,466
2019-11-05,1,1136,4792,415
2021-05-14,28,3543,5806,404
2020-03-28,11,328,10977,167
2021-05-24,9,3641,11913,177
2020-12-04,20,2489,2317,438
2019-11-02,2,2217,1727,106
2019-04-11,18,711,13921,358
2022-03-04,27,2574,6002,490
2019-02-11,11,3130,9844,373
2019-02-17,11,1423,2402,359
2021-08-24,11,4113,2572,209
2020-06-03,25,150,6169,24
2023-06-08,6,3145,9489,111
2023-01-28,10,4066,249,349
2022-07-05,27,1810,5774,76
2021-03-16,6,3160,8352,58
2022-11-23,18,2603,3209,162
2022-09-09,30,304,6030,333
2022-01-01,22,1979,5249,399
2023-10-07,18,536,1679,122
2019-11-14,2,3682,9068,455
2020-05-13,13,1415,983,73
2021-07-29,3,2240,9970,19
2021-12-01,25,4878,2600,56
2020-07-05,18,1093,3786,408
2023-09-30,4,3589,11679,78
2020-11-29,30,3517,4439,163
2021-03-08,4,110,5340,75
2021-03-07,11,3514,2827,55
2023-08-11,12,2391,5691,65
2023-10-08,25,3750,409,427
2019-03-04,8,4454,8693,487
2023-01-08,22,1211,505,268
2021-02-20,24,4564,1298,382
2019-07-05,3,4364,6969,85
2021-05-19,6,2119,13010,155
2022-10-10,12,4283,255,267
2022-05-21,29,3223,14287,149
2022-10-01,14,351,4469,369
2021-08-06,14,2599,1719,84
2019-10-01,21,3551,1490,369
2020-03-03,7,973,6283,408
2022-07-01,7,4440,11928,226
2019-08-31,8,348,13925,226
2022-05-21,19,4953,3643,152
2021-11-16,29,2653,4593,370
2022-03-22,23,1580,10300,51
2020-10-04,26,455,1741,399
2020-07-23,21,1659,11616,86
2020-05-26,2,1715,9584,20
2021-09-03,10,3490,14219,202
2023-11-13,30,3287,8502,361
2019-12-01,18,3648,6037,293
2023-12-19,20,2628,366,103
2022-12-18,9,3021,13564,447
2021-06-05,12,988,1722,341
2021-11-19,5,4019,11385,168
2021-04-11,9,2646,11928,241
2020-04-25,12,4039,8232,11
2021-03-31,8,1575,6018,358
2021-10-19,4,2044,6799,343
2020-02-22,1,4238,6448,126
2023-06-20,30,696,12237,384
2019-05-23,18,1599,4593,141
2019-11-14,13,4148,12474,388
2020-05-17,22,2813,11241,94
2021-06-12,19,3844,2191,285
2022-11-22,19,3059,9949,468
2022-06-07,4,4948,7462,243
2019-10-22,15,3217,1478,244
2021-11-10,3,1683,10903,491
2022-08-10,13,4497,544,383
2022-03-03,24,4658,5332,113
2022-04-04,16,609,1296,425
2020-11-14,11,1723,14218,419
2020-08-30,2,4961,7541,497
2021-06-05,15,4848,9312,366
2022-02-26,14,2233,10270,345
2019-09-29,24,4647,9967,405
2022-11-09,24,2798,10324,48
2022-03-25,7,372,4907,335
2020-10-05,20,1885,3830,260
2019-11-07,30,235,12079,151
2020-10-09,12,817,11288,202
2019-09-03,9,444,4314,141
2021-12-20,21,498,5789,308
2019-07-17,9,3403,5810,271
2020-09-07,10,669,975,420
2020-12-29,25,1498,12446,162
2022-11-23,14,615,807,343
2020-12-03,23,4205,1138,164
2021-04-29,5,774,12241,415
2021-04-14,4,4551,9529,235
2022-05-12,5,2005,6246,190
2020-06-18,25,4613,10227,235
2021-01-29,22,345,8476,51
2022-01-17,14,2685,6958,235
2022-01-13,8,4958,10309,321
2020-05-01,20,3592,14337,405
2023-01-17,17,4018,12457,25
2020-05-11,5,958,2686,107
2022-07-06,29,948,12166,344
2022-12-05,5,2245,3265,76
2021-10-17,23,1307,12530,377
2023-03-23,21,3579,12497,364
2023-02-12,27,1242,8477,349
2023-12-24,9,4177,12942,473
2019-02-08,22,1853,12231,201
2021-07-04,24,231,745,470
2021-09-25,16,3348,9655,145
2020-01-30,6,1914,1161,474
2019-11-07,7,4093,2812,221
2021-12-09,6,4224,8161,126
2021-04-02,4,4727,5189,417
2019-10-28,25,4171,10070,379
2023-03-13,18,2170,6751,267
2020-10-29,14,805,2116,261
2022-06-25,30,3060,12748,411
2023-04-27,30,213,2367,14
2019-11-16,12,4750,12081,328
2023-11-17,30,2231,6610,17
2019-03-09,6,714,13580,173
2021-08-08,11,3562,11482,367
2022-08-08,6,4012,7597,437
2020-12-09,26,2993,4174,36
2019-11-25,6,2980,3747,23
2022-03-13,27,371,13921,289
2020-04-16,24,3822,11770,350
2022-11-27,1,3565,3335,347
2022-05-02,18,4541,7540,271
2019-03-09,28,4571,4240,462
2019-04-12,26,1571,3861,21
2021-12-01,26,2518,8595,446
2019-04-23,24,1434,11488,405
2023-03-07,21,3131,12294,99
2020-01-11,1,2654,8494,302
2020-05-17,12,3210,5717,136
2020-07-19,21,1395,3339,90
2023-11-25,3,3036,8418,380
2022-09-06,25,4780,12193,145
2021-03-13,30,4301,3767,268
2022-04-07,21,3678,4221,148
2023-01-21,3,4403,2372,236
2019-07-21,27,3974,13896,429
2019-02-18,28,4897,13091,107
2020-07-25,4,1212,14767,126
2022-05-20,18,2133,2735,59
2022-09-13,25,385,6302,361
2019-03-11,30,890,5154,19
2022-07-14,11,4239,1197,288
2023-07-19,15,2667,4539,245
2019-05-08,8,3760,1704,116
2022-03-12,26,3811,5914,95
2020-04-03,26,458,5016,104
2020-08-16,12,975,3065,422
2019-08-18,27,1224,10522,409
2020-04-26,26,3718,2453,135
2022-07-08,6,474,14110,125
2020-12-12,26,4750,7877,425
2019-05-22,26,4480,6219,10
2023-10-19,5,3383,1338,363
2020-05-01,28,2314,12242,304
2021-09-04,5,3432,10272,296
2020-01-12,24,4343,10319,173
2019-03-26,29,2775,13251,266
2020-06-10,30,4534,2178,117
2019-10-15,11,1037,4354,493
2022-07-12,29,821,4962,36
2022-09-04,14,410,5738,89
2023-06-22,9,3029,3594,203
2020-11-28,22,4871,2777,426
2022-01-16,17,568,9577,243
2021-07-22,20,3645,3790,339
2020-04-23,29,232,3138,230
2023-07-29,2,2826,2389,27
2021-07-29,1,2294,5080,74
2021-10-22,19,1834,3138,153
2023-12-20,25,4558,7018,154
2021-06-23,9,3314,4302,174
2021-06-30,24,4912,1923,307
2020-06-16,21,220,7862,92
2019-06-08,11,4843,9228,483
2021-07-11,6,4417,711,426
2021-09-27,6,2632,8744,187
2023-08-23,3,276,10410,450
2019-09-29,8,1072,3829,272
2020-04-28,12,2108,5269,91
2023-10-23,22,1710,424,489
2019-03-07,29,1138,1465,140
2023-12-08,18,3453,13967,405
2023-04-06,12,3791,11758,126
2022-06-19,13,4138,6543,407
2022-01-06,22,1994,10228,117
2019-01-15,28,3341,11371,151
2023-09-25,6,2646,1831,21
2022-12-04,24,1559,9794,354
2022-07-08,4,3841,6319,475
2019-01-20,22,1781,3096,236
2019-07-31,29,905,3744,374
2020-08-20,11,4786,5158,492
2023-03-11,16,3508,3591,314
2020-05-08,4,1906,4136,367
2019-11-22,18,315,2529,40
2019-05-25,29,1091,1885,202
2023-03-06,10,4129,2564,356
2019-01-06,11,4478,10747,218
2022-02-14,12,3416,6112,263
2022-10-02,7,1808,7551,450
2019-08-31,14,2935,233,98
2020-07-11,5,4535,10858,131
2019-06-02,11,1825,1460,452
2021-12-09,6,701,3679,196
2021-10-29,15,1621,3055,137
2022-11-17,27,2022,12171,404
2022-02-12,24,1475,14290,10
2019-01-01,26,3668,11324,333
2019-11-01,2,4784,14816,176
2023-05-09,20,4893,6392,136
2021-09-23,9,1853,12270,74
2019-05-11,18,4477,4421,434
2021-06-20,3,2038,13783,354
2021-10-18,18,1984,8411,184
2023-04-23,21,4247,13524,482
2023-10-02,27,2611,5287,340
2020-02-16,15,1775,7510,387
2021-10-05,3,2644,7616,242
2020-03-25,3,4415,6027,177
2020-01-02,23,1529,4859,350
2021-02-05,11,2735,9492,147
2023-10-29,4,3582,2843,322
2020-04-21,7,2432,6916,459
2020-08-13,7,1782,11415,216
2022-05-28,7,1279,2274,232
2020-05-07,6,330,2273,26
2021-03-22,4,4523,6873,471
2022-03-01,9,390,3580,309
2021-02-08,13,2244,219,357
2020-09-30,29,1133,461,359
2019-12-31,19,3386,5369,347
2023-09-12,26,3099,10398,304
2021-06-03,24,4947,1522,263
2021-09-02,7,1209,11364,246
2022-10-15,12,3254,9639,115
2023-07-10,5,4188,12324,417
2023-09-25,18,986,12380,159
2020-12-03,28,3888,10185,386
2023-01-10,16,4252,12706,51
2023-06-27,24,581,11617,85
2022-04-20,19,2734,471,220
2020-09-13,25,2751,2616,131
2020-02-14,11,4977,11973,491
2020-05-29,17,4765,7137,104
2019-11-17,30,4938,1602,122
2019-06-18,19,4000,14008,422
2023-02-15,16,3469,1979,290
2021-04-17,29,4699,12328,441
2021-01-14,30,3541,9498,62
2020-06-04,23,4050,7243,450
2019-02-17,7,3967,3863,111
2019-08-27,25,2119,7751,147
2021-05-26,27,4144,6811,338
2021-12-12,30,2264,2773,469
2021-07-27,12,2419,12143,487
2022-12-06,18,4757,8082,32
2023-06-12,2,2655,14299,439
2022-05-24,19,2084,9921,183
2020-09-04,20,2983,2068,13
2021-01-28,16,3129,13989,193
2020-04-29,12,435,8040,61
2020-12-31,25,3244,7872,362
2020-10-15,8,2930,2741,136
2020-09-24,22,825,12586,19
2023-09-29,12,422,14153,148
2021-05-28,27,843,7319,95
2023-12-01,3,1914,1430,281
2020-11-21,21,4597,455,255
2021-12-06,18,1941,1436,39
2022-12-24,24,4743,14108,252
2022-08-23,20,283,1403,130
2019-03-20,5,1470,4395,159
2021-06-25,16,2100,6603,477
2019-02-05,2,2474,10763,282
2020-04-08,25,1457,12591,223
2022-10-21,23,216,6985,407
2019-08-22,2,4458,7221,26
2023-08-26,5,442,3514,148
2020-11-16,26,4904,14024,405
2023-10-02,11,2732,7040,35
2023-03-24,16,2953,5309,469
2023-05-05,4,458,9640,21
2022-06-30,18,4251,5212,398
2021-03-09,14,3287,5404,235
2019-11-23,15,1992,12207,491
2020-08-27,27,4095,6798,405
2023-04-01,12,4838,7808,261
2022-01-16,24,1634,669,251
2023-03-23,5,473,9391,304
2019-04-26,7,4986,7474,408
2021-10-09,1,1720,5945,211
2022-03-24,24,4066,7389,499
2021-11-23,2,3919,12462,229
2022-08-07,1,637,5761,149
2021-06-07,18,2588,8178,298
2023-05-30,3,2212,4842,304
2022-12-21,10,2727,3966,257
2021-03-31,21,1518,1668,231
2022-02-15,27,4806,10430,450
2019-01-14,20,4665,14148,402
2023-11-17,30,3108,3900,106
2021-04-25,30,3746,6359,279
2020-05-01,27,3472,12623,27
2019-03-05,8,2678,12964,284
2023-04-15,18,3183,10960,419
2022-04-10,3,4018,300,256
2022-04-13,5,2342,6615,303
2021-11-17,11,4272,11963,347
2021-09-29,7,541,6206,308
2020-08-05,19,3989,2572,374
2019-08-20,4,875,7083,332
2023-04-24,20,4304,6264,231
2023-04-21,2,821,12923,470
2020-03-28,10,1037,9541,259
2023-08-14,3,2079,5634,177
2023-04-08,8,3168,13134,187
2023-05-24,3,2239,8880,108
2023-02-20,10,1572,7265,499
2022-05-03,15,3731,10852,259
2022-08-27,19,3257,3548,242
2023-04-25,25,2517,6221,204
2022-11-19,20,1784,12076,461
2023-06-30,18,142,666,32
2019-05-14,5,4433,7754,475
2020-03-12,5,1996,8423,488
2023-11-23,10,2165,8325,238
2022-12-06,24,2263,13464,154
2022-10-14,4,3145,5559,228
2023-08-13,10,2927,8918,177
2023-06-30,12,452,6156,282
2023-05-09,28,3806,3032,301
2019-11-04,25,1613,7300,414
2019-06-13,6,811,1515,489
2023-11-05,3,1969,14657,115
2019-06-17,17,4740,3794,157
2020-02-05,27,4636,1899,498
2022-06-01,7,2887,2138,361
2023-01-11,8,2126,6925,219
2023-01-14,25,3429,7154,485
2021-12-03,12,3182,3635,388
2021-02-21,8,305,8552,336
2020-01-11,1,4367,3921,402
2023-04-08,26,1853,14550,157
2019-03-23,2,3986,8563,247
2022-07-27,14,724,5464,170
2020-02-06,19,3087,9310,139
2023-12-31,14,2172,13923,374
2020-04-12,26,3000,10461,427
2023-07-07,8,1533,9274,17
2019-05-22,12,3480,9486,285
2023-05-16,15,160,5602,360
2019-01-02,4,2481,9093,352
2022-09-24,14,2328,5158,372
2020-08-09,17,1679,1306,427
2020-03-30,23,2602,5988,21
2022-01-11,8,486,2988,373
2019-11-19,10,1497,14547,125
2019-04-21,22,865,8326,123
2023-12-09,2,3680,3857,473
2022-07-05,10,659,12395,38
2020-09-25,5,1912,14093,389
2023-05-02,5,4585,14857,245
2021-05-03,27,4379,5347,260
2019-11-01,12,2481,11049,341
2020-05-27,1,1353,7893,469
2023-11-16,18,1883,835,446
2022-12-31,30,2157,12848,487
2019-09-02,20,3864,13381,150
2019-07-12,12,4250,10136,198
2020-12-04,9,3944,10750,335
2019-11-17,22,3459,14139,163
2020-05-23,29,4980,11679,380
2019-08-03,17,3166,5566,53
2019-10-23,1,3923,6507,315
2020-05-31,29,4839,12897,400
2021-11-28,11,4929,1017,53
2021-06-01,14,2282,2941,445
2020-08-09,14,3587,2049,101
2022-12-09,13,4565,685,113
2023-12-15,28,1910,12089,234
2021-02-28,11,340,14204,211
2020-08-20,15,543,4508,64
2023-02-11,18,4133,11790,347
2020-04-05,13,2641,14447,426
2021-10-07,26,1682,8245,118
2021-12-13,16,2677,12948,239
2022-01-30,5,1830,12505,441
2021-06-25,4,3579,1353,91
2023-05-25,21,3143,13777,121
2019-02-20,6,4326,6111,375
2021-03-31,18,3347,489,297
2019-04-12,24,3952,6949,333
2021-03-27,4,2453,6171,132
2020-11-05,14,2495,2438,173
2019-07-30,11,3291,8853,418
2020-02-02,27,2239,10707,478
2022-09-13,16,4775,14505,169
2019-02-19,15,2769,4854,58
2021-03-03,1,3544,12493,236
2023-12-25,11,4999,9319,466
2021-02-19,27,1566,4476,228
2020-12-18,14,1978,11802,89
2019-12-16,12,3716,4967,66
2020-10-01,22,2459,13646,448
2020-12-12,5,1664,10223,305
2021-01-04,27,4011,11400,38
2023-11-06,17,337,11542,333
2019-06-25,19,3881,3420,205
2022-07-30,14,3273,10321,182
2022-02-13,5,4573,2030,119
2022-12-09,25,1954,13087,392
2019-12-03,29,1005,1553,226
2022-02-01,10,2068,1412,218
2022-06-29,7,3658,14788,297
2021-09-25,5,3057,8834,122
2023-10-20,21,1065,693,164
2021-12-06,30,1716,3675,322
2021-11-10,4,2729,264,71
2021-05-19,26,2390,1008,262
2019-01-12,27,389,11678,132
2021-10-08,19,226,11979,203
2022-08-15,10,4028,12364,211
2019-01-10,23,3929,5987,351
2021-11-02,1,454,6609,354
2020-09-24,24,174,7452,38
2019-06-27,21,2073,5323,25
2021-01-23,1,2058,759,36
2020-04-16,26,4355,11037,346
2022-07-30,6,4921,13760,68
2020-02-14,20,2777,12606,475
2019-08-22,22,1838,9123,89
2019-01-27,8,1087,4423,453
2022-04-01,1,1331,13403,327
2019-10-16,19,2201,7616,380
2019-12-28,29,3061,1312,297
2023-12-17,12,1691,11193,261
2023-05-20,10,2644,260,155
2021-05-24,15,3210,3860,394
2023-11-14,30,1049,14136,80
2023-05-08,29,3981,5959,169
2020-10-25,20,316,6055,351
2021-11-01,1,4564,6392,276
2021-01-28,16,2350,261,494
2020-06-15,2,4041,318,19
2023-05-28,21,2249,14916,497
2019-11-11,26,2652,14902,328
2021-01-26,19,739,13484,330
2022-05-20,22,191,11175,38
2023-01-04,30,1138,9509,30
2020-06-12,10,1464,12218,34
2019-05-21,4,3883,4156,53
2019-06-15,8,1452,2051,467
2020-03-26,3,966,5233,37
2023-04-21,18,2897,7824,358
2022-11-22,5,2240,10933,62
2021-10-10,11,750,8995,340
2020-02-01,28,3462,12839,214
2019-07-15,25,1628,355,186
2022-12-01,8,1223,10585,499
2023-12-01,6,2838,3699,339
2019-03-08,9,174,529,366
2021-06-16,1,4733,4814,164
2023-10-25,2,780,1554,269
2020-12-23,25,3905,7290,73
2022-07-17,16,922,12072,428
2019-04-21,4,2024,14047,243
2020-08-28,24,1662,462,246
2022-11-26,18,2823,9176,339
2020-05-05,5,1573,7336,386
2023-08-07,15,484,12418,149
2020-12-10,10,4351,12336,186
2021-02-18,28,4875,5114,237
2022-02-01,8,1057,9929,259
2022-08-05,9,4437,8398,471
2021-07-15,23,1766,7499,29
2023-04-04,14,1134,12692,422
2021-02-13,17,3146,14135,63
2020-11-19,25,4184,9029,152
2022-08-26,28,1195,2973,30
2022-09-07,10,3710,8095,160
2022-04-16,23,4116,3940,192
2023-06-25,20,672,11913,222
2019-09-02,30,3447,1317,400
2023-08-13,27,655,14783,156
2020-11-20,11,1740,10592,37
2021-06-29,27,172,6070,27
2023-05-19,19,4413,11882,448
2021-08-01,16,2369,8691,133
2023-02-02,24,2755,14152,391
2020-09-06,1,1150,10044,201
2020-10-04,26,3831,1557,352
2022-03-16,15,4205,12048,255
2023-04-24,29,3163,1686,96
2023-11-16,16,1870,5655,398
2020-04-17,12,471,6841,246
2021-05-13,13,681,6369,173
2021-08-21,11,944,4183,110
2021-09-22,28,3434,8754,219
2020-03-07,11,4846,10981,315
2020-01-24,13,1663,3813,267
2020-01-23,29,4667,6266,465
2022-10-19,27,878,13346,379
2019-04-12,29,3495,13480,464
2023-07-17,22,4107,2570,452
2021-12-13,1,969,8808,113
2021-04-03,18,1061,13840,495
2020-06-14,17,4673,5966,336
2020-03-13,22,1851,12416,29
2022-05-22,29,3544,6522,219
2020-07-31,21,2667,6739,487
2020-10-17,15,3123,6981,486
2023-01-14,30,3821,4848,241
2022-07-25,28,3230,14356,485
2022-11-03,19,3335,9193,220
2023-01-20,19,3607,373,331
2023-09-16,11,4871,8047,173
2021-01-30,26,1886,2301,45
2023-02-28,8,1569,7371,318
2020-09-09,9,1971,13406,70
2021-11-12,2,490,10977,446
2021-06-29,2,4390,6295,222
2022-04-06,4,196,13024,394
2019-11-11,25,3098,12101,126
2023-08-11,28,1943,12487,373
2019-04-20,8,2711,13371,434
2021-07-15,3,1627,13819,312
2023-06-26,23,4649,1494,106
2023-09-11,11,853,973,466
2021-08-04,26,4245,10296,358
2020-12-04,23,3626,12875,345
2022-11-30,26,2910,13149,306
2019-09-23,14,2635,12667,216
2023-05-03,28,3012,8892,496
2020-12-20,23,1177,10420,163
2019-07-09,16,4186,10388,350
2022-05-01,15,4716,3355,309
2019-08-17,22,4746,1363,489
2019-09-15,4,4913,3388,361
2021-08-28,30,1015,3360,244
2022-06-17,18,3800,10543,18
2022-09-10,4,840,1164,486
2019-05-25,8,4135,1158,404
2023-05-13,9,1182,2508,117
2020-03-20,2,2499,5119,36
2021-10-02,23,3873,14791,449
2023-01-15,16,1822,13451,345
2019-02-12,12,4947,5046,145
2023-09-17,8,619,10845,485
2022-07-17,3,4155,7892,308
2019-04-25,18,184,14420,202
2021-02-10,2,4038,8173,96
2023-04-29,8,3107,12649,150
2020-06-02,23,607,7133,277
2021-01-08,23,4991,8567,313
2023-12-12,3,2204,9426,170
2023-12-03,11,877,9654,170
2020-11-10,8,171,14706,61
2023-08-25,13,4887,9174,469
2022-12-17,15,454,10190,254
2019-07-27,7,4126,13625,333
2019-08-07,6,1695,8350,11
2023-01-10,20,500,14255,155
2022-07-14,19,4698,12288,152
2022-11-04,26,2930,4381,77
2020-06-19,23,1043,3490,324
2020-11-19,4,2562,2699,437
2019-04-26,9,4038,8559,90
2019-12-26,6,2084,10105,23
2022-08-13,14,2771,3164,228
2021-01-19,12,1898,7797,348
2020-10-18,13,2289,11062,491
2021-07-06,6,211,12729,368
2022-12-14,7,2334,11606,345
2022-01-03,2,4952,511,286
2022-07-07,7,172,1875,265
2020-02-15,14,3559,3962,115
2021-05-11,28,1807,3336,77
2022-05-18,1,1927,6181,443
2020-06-05,30,1940,896,493
2021-10-22,16,2255,13550,294
2019-10-05,23,1209,13669,406
2021-10-10,6,2576,6999,357
2021-05-12,15,1511,1538,216
2022-06-11,29,1047,14031,279
2019-09-29,5,2761,2728,195
2022-08-02,16,2974,8735,481
2020-04-11,13,4771,11695,134
2019-08-28,30,2487,6828,12
2020-06-09,25,1369,12771,171
2023-12-09,25,3305,9686,299
2021-03-03,28,2659,12519,237
2020-04-17,24,412,9648,252
2020-01-27,15,1777,1068,413
2020-04-22,7,4661,10979,30
2020-02-01,3,3046,12498,15
2023-01-16,3,2884,4291,255
2023-10-13,23,224,5596,347
2020-01-03,5,1115,5882,493
2023-12-31,1,3112,11277,394
2019-08-24,27,4678,420,245
2019-10-13,1,526,6957,304
2019-12-15,8,4446,13812,160
2023-03-15,17,4090,14820,141
2020-12-11,17,1087,2393,137
2023-10-26,15,4383,5750,489
2023-01-13,1,409,14030,287
2023-03-08,7,4299,11472,44
2021-02-28,11,4741,1811,190
2020-07-31,17,3643,3166,50
2019-09-24,20,446,6306,130
2020-05-21,6,3842,12627,159
2022-08-11,15,3863,2803,87
2021-12-25,29,4764,11554,103
2021-05-31,10,660,10136,277
2020-01-14,17,3036,1586,236
2020-11-07,23,1324,6101,247
2022-09-08,18,1186,12733,285
2019-08-09,11,3363,13176,283
2020-03-13,2,3480,13398,454
2020-10-14,13,4447,1350,164
2022-05-14,23,110,12060,487
2023-07-01,21,1862,3010,61
2022-02-12,3,2177,7627,23
2021-06-26,13,4913,14729,126
2019-06-07,17,2328,11104,355
2020-05-11,7,680,6999,95
2021-07-31,1,1957,4626,281
2022-02-08,3,1543,14099,447
2019-10-08,28,1940,1702,400
2019-12-03,22,180,11702,146
2022-11-12,20,4567,8902,268
2022-12-24,4,836,315,296
2023-07-08,16,452,8501,291
2022-05-16,23,2803,2605,14
2023-09-18,25,3002,598,318
2020-08-10,27,4530,3605,331
2019-03-17,24,2618,10819,439
2023-03-05,9,1119,2203,288
2022-02-17,26,4221,11841,479
2023-07-19,23,4126,8447,372
2022-04-18,3,2345,14472,147
2021-11-07,2,4089,6328,269
2020-06-08,26,3737,13962,474
2019-06-13,26,4662,1791,156
2020-10-25,17,2074,9080,331
2023-03-26,22,3726,5770,274
2021-10-15,21,4564,2555,206
2022-11-04,1,3024,8390,316
2019-05-11,7,3190,7961,270
2020-12-06,30,2625,5846,280
2022-09-29,1,3608,10713,29
2021-04-16,9,2859,13216,404
2020-06-25,23,2000,2064,482
2022-06-05,25,4674,12838,32
2021-09-08,2,2630,3874,263
2023-01-04,27,4070,7312,235
2023-12-24,26,364,11134,338
2021-08-23,1,3042,2402,467
2021-03-05,11,2918,12622,166
2020-05-16,26,3111,10354,86
2023-10-10,10,1419,659,307
2019-09-28,13,1971,6386,63
2023-06-19,22,4862,2734,11
2022-01-10,10,1806,5731,450
2019-06-06,9,2577,4503,432
2020-01-31,8,3956,14891,220
2020-01-27,25,1132,9758,89
2022-05-05,15,4623,11401,144
2021-04-26,12,148,14138,232
2023-11-27,2,2042,9633,230
2020-11-19,8,4038,10023,370
2019-05-01,1,4639,10485,106
2023-05-04,8,4117,2601,273
2020-09-08,6,1496,11149,488
2020-10-01,30,1849,14166,209
2023-06-19,7,158,6474,71
2023-07-20,9,4155,5094,299
2023-05-08,10,3132,6773,470
2021-08-28,23,4828,6552,414
2019-09-18,6,4851,10449,11
2022-08-14,12,4693,2030,104
2019-10-10,29,2020,13735,223
2019-05-11,6,2547,2444,466
2020-12-24,6,849,654,222
2021-04-12,12,1282,7559,330
2022-09-27,22,125,14849,105
2022-07-15,16,572,5652,340
2020-10-07,22,2221,14932,283
2019-03-16,9,4617,3115,259
2021-03-21,8,4364,707,26
2019-05-10,30,3070,6101,19
2020-12-20,3,4435,9895,60
2022-11-20,14,2867,9896,340
2020-04-04,27,3651,1928,312
2019-11-14,23,2976,7388,201
2020-08-22,4,2053,11106,394
2023-03-17,9,1200,14449,416
2023-09-18,30,448,1051,340
2022-01-11,21,1868,823,109
2019-11-28,5,3921,690,118
2020-07-27,9,4950,11171,445
2021-05-14,30,132,599,391
2019-08-17,28,1539,1745,158
2022-01-19,9,3930,9476,448
2019-06-09,7,3018,11854,459
2019-03-24,17,2707,7798,217
2020-12-13,6,961,11037,109
2019-09-13,19,4041,10838,163
2020-08-07,28,1435,8261,263
2019-12-06,20,1654,5467,455
2019-10-24,7,626,1843,493
2020-05-14,21,4853,688,435
2021-05-11,19,2700,2990,112
2023-10-23,16,3290,2225,335
2023-02-15,1,2772,7986,194
2022-01-03,5,3567,14135,125
2020-02-21,29,496,12857,351
2022-03-30,1,3711,13733,235
2022-06-21,5,2973,4688,46
2022-12-30,16,2447,1790,404
2019-09-05,22,2589,3709,157
2022-01-02,17,3428,1456,216
2021-01-11,20,1842,3043,30
2019-10-28,18,171,10702,380
2023-09-16,8,4011,12001,448
2021-03-20,27,4573,784,35
2023-02-27,9,1939,2897,150
2021-12-11,9,3771,3974,397
2019-03-10,10,1628,4288,276
2019-07-15,10,1889,8751,119
2021-01-09,23,126,1178,104
2021-10-27,8,2784,14867,285
2021-06-24,7,1702,12293,77
2020-05-09,7,1512,14338,363
2023-05-15,15,3780,9573,171
2021-05-28,3,337,12585,341
2021-07-01,29,3913,14277,118
2023-10-17,6,2950,6218,188
2023-12-20,10,2812,9181,102
2022-06-07,30,2140,993,119
2023-07-26,21,633,14630,269
2022-01-25,19,2467,8566,448
2020-09-26,27,3927,1236,233
2019-11-01,21,3202,1554,144
2023-03-12,3,2496,6668,48
2020-07-31,19,563,4754,399
2020-03-06,23,1378,2175,235
2020-02-03,28,2438,10272,348
2019-11-10,22,2471,6028,13
2021-08-15,27,2419,14957,397
2019-12-24,13,231,7271,130
2022-05-24,8,4081,6993,85
2019-11-30,20,3393,2607,297
2020-04-11,16,1554,8560,337
2022-12-31,2,1204,3408,141
2023-12-02,7,4353,1842,238
2020-08-01,2,3386,14166,467
2023-10-09,20,2577,6584,255
2019-05-28,4,1728,9640,346
2021-04-27,18,2600,1128,258
2019-04-04,21,1290,2025,89
2019-09-24,3,4462,12324,51
2020-09-20,2,4542,2714,111
2022-07-18,10,2752,3336,489
2020-05-20,4,4133,6687,118
2019-01-19,24,3469,2953,252
2021-03-02,21,2690,8597,429
2023-07-06,5,2540,14557,42
2019-02-08,29,1800,3929,340
2020-10-07,10,2687,2752,92
2019-06-25,22,186,13222,202
2019-07-26,23,4217,9009,303
2019-05-04,24,4000,10492,245
2021-03-23,17,487,328,180
2021-12-15,15,3709,3107,393
2019-03-01,6,1736,8304,123
2021-12-21,15,4500,7628,451
2021-06-30,14,2939,10289,220
2023-07-21,23,3971,2463,139
2022-04-27,14,3883,10321,366
2023-08-18,22,2227,14490,355
2020-12-14,24,3406,5303,492
2022-01-24,20,4441,10948,339
2020-08-16,4,3381,4484,170
2019-11-10,8,4154,852,421
2019-07-05,29,1900,6364,379
2022-01-11,21,958,5745,482
2020-01-03,11,1162,5233,26
2023-11-28,11,2090,3856,23
2022-09-12,13,4764,14858,437
2020-08-11,7,3827,9973,485
2020-10-15,10,4386,13083,164
2020-01-16,21,4887,1595,340
2023-01-31,21,2517,13961,169
2021-09-10,1,1029,5090,378
2019-12-20,12,3842,13505,424
2023-07-22,17,2226,8261,185
2019-02-06,28,1718,8333,454
2021-09-22,29,3874,1093,25
2020-02-03,27,4573,3080,161
2022-05-18,28,4472,14912,162
2020-07-24,28,4912,5596,463
2019-04-15,14,1967,5163,115
2020-05-12,9,926,9005,247
2020-06-17,23,103,12884,152
2022-06-28,29,3314,5215,28
2022-12-12,20,4233,14003,164
2022-05-16,13,2290,8341,447
2022-09-26,24,1158,7283,82
2021-09-10,11,765,8771,482
2022-09-24,9,1377,7124,93
2021-03-12,25,4934,4498,134
2021-07-17,24,3203,10778,220
2023-02-26,13,2301,9068,313
2020-08-21,5,2227,2847,416
2021-08-01,19,575,8190,300
2021-08-31,9,4812,13398,451
2021-11-13,7,146,9414,427
2020-05-05,8,1396,5756,267
2021-10-04,8,2825,11934,449
2019-11-01,12,2720,1381,488
2021-07-13,11,3260,715,478
2019-07-10,26,3739,8196,434
2020-07-12,17,4184,746,116
2021-12-28,24,4713,2994,212
2022-05-08,19,2191,974,293
2023-10-19,12,3059,8844,468
2019-05-26,28,1113,7941,396
2020-02-14,1,3245,13443,497
2020-10-14,3,4743,12124,345
2022-06-16,10,697,13459,204
2022-12-11,14,3386,5001,455
2020-08-01,16,2701,7940,203
2021-09-16,14,2195,14137,418
2019-10-15,13,139,11431,403
2020-02-26,1,1933,7989,298
2023-05-06,27,2663,10575,319
2022-03-05,4,1881,2828,80
2023-08-08,16,3379,2311,243
2021-10-15,1,1507,4461,224
2023-08-24,9,1144,3462,32
2022-08-08,16,2443,12715,315
2022-12-15,13,4208,7385,194
2021-10-02,7,972,5666,454
2019-11-24,5,3549,9625,81
2022-04-25,23,1627,941,470
2020-07-04,7,1004,9495,293
2021-01-16,25,424,13293,464
2019-08-27,26,1447,6560,379
2020-04-20,5,2775,13993,62
2019-12-25,3,4224,393,180
2021-02-23,19,3588,480,164
2020-09-14,29,2944,3680,370
2021-07-17,25,853,907,400
2020-09-23,16,1077,14876,218
2019-03-09,25,3378,6355,351
2021-12-29,17,3993,12313,134
2019-02-03,11,2168,1893,208
2019-05-28,16,1012,3681,436
2021-06-16,27,3334,8127,188
2021-04-22,6,4641,616,464
2022-09-22,18,1543,14614,57
2019-10-01,5,2464,12488,341
2023-02-24,1,4607,918,288
2020-08-14,5,964,1654,124
2022-04-08,6,4865,5717,104
2023-11-15,27,3116,8627,84
2021-04-04,8,2269,8995,195
2019-12-20,13,112,7485,461
2022-03-16,30,4746,12337,331
2022-06-10,3,335,10695,343
2020-11-10,28,4946,10472,225
2020-11-14,5,3064,12275,120
2019-11-21,21,2967,1186,228
2022-04-27,13,3540,13677,28
2020-04-17,3,3832,5153,215
2019-02-02,1,4118,11251,209
2021-02-08,28,4024,7482,327
2019-12-05,1,884,12733,318
2022-10-30,21,2009,1106,490
2022-03-01,24,380,1528,130
2021-11-19,21,4609,11214,387
2023-04-15,14,3908,10617,397
2023-02-23,21,3103,1987,477
2020-06-18,6,2685,6187,282
2023-05-04,6,1016,12893,85
2020-12-31,29,2847,4839,206
2022-12-19,19,2880,9771,285
2019-08-01,14,2303,7980,418
2019-10-15,4,125,5006,367
2019-10-10,25,2053,5763,192
2023-11-01,12,4644,14081,218
2021-08-16,25,670,7637,467
2023-03-26,29,1620,7136,254
2019-11-04,10,2500,13674,226
2019-09-12,3,3113,8095,474
2023-08-07,1,1411,14879,225
2020-03-24,12,4367,1736,73
2021-12-20,8,285,3301,442
2019-04-23,16,4625,12079,65
2020-05-06,25,3108,8561,235
2020-07-31,14,876,2312,126
2021-12-07,25,3951,9260,379
2023-01-09,1,4905,10386,269
2022-08-12,16,492,2708,109
2021-11-06,17,3845,757,441
2020-05-17,8,501,8637,382
2019-05-07,21,3627,2780,422
2019-02-02,6,685,2781,236
2020-11-25,21,2042,7898,356
2021-10-28,12,2255,13529,95
2021-04-17,1,978,3538,321
2022-02-21,26,637,5731,25
2023-02-14,9,4836,3797,250
2023-05-09,23,1807,9581,77
2023-11-04,12,1494,12923,263
2019-09-27,10,1540,14752,280
2021-04-09,29,3897,8851,440
2020-11-19,5,1250,13781,222
2019-03-01,30,1426,6795,490
2019-12-17,21,2528,4680,185
2021-09-12,8,1021,4920,225
2021-11-25,8,1840,12793,312
2023-06-28,13,2725,8307,166
2023-01-30,13,4032,298,394
2019-05-15,7,489,545,159
2023-09-09,11,1424,9165,445
2023-10-15,7,267,346,207
2019-06-19,3,2802,12631,74
2019-06-13,8,4683,10294,389
2022-10-23,20,4935,1143,38
2019-01-12,21,1397,6540,417
2023-06-24,24,3513,10647,72
2020-01-13,3,2408,3679,269
2022-10-03,28,4623,9917,244
2019-03-14,16,4986,11010,321
2019-05-16,1,4189,14483,35
2019-02-01,19,4944,6642,140
2020-11-26,27,3349,7976,183
2019-07-24,28,591,13888,330
2021-09-10,28,4358,1381,195
2023-06-19,29,2083,8412,390
2019-11-11,29,2205,13915,182
2020-11-24,9,838,6080,106
2021-02-18,14,4553,3557,317
2019-07-20,18,1500,5806,97
2020-10-11,9,915,11910,116
2021-03-20,28,4433,5889,302
2021-11-04,13,4462,6079,186
2020-02-13,15,2478,8608,153
2022-10-03,2,4360,5730,225
2023-11-09,10,2378,14727,16
2023-09-01,4,3794,3547,345
2022-09-28,12,2491,14401,289
2021-01-11,28,2999,10364,366
2021-06-14,20,761,10933,217
2021-06-09,21,4064,11141,34
2019-05-10,18,3057,1319,277
2022-01-13,30,3681,3240,41
2022-10-10,17,4498,9115,95
2019-11-03,15,322,6633,177
2022-11-24,28,1539,1512,28
2022-10-16,1,3183,11770,251
2022-12-19,22,2272,9021,151
2020-01-28,30,2015,12366,40
2023-02-18,21,2458,5680,487
2020-04-17,8,1538,7178,250
2022-11-12,6,2186,3389,189
2023-07-01,3,4397,13111,85
2020-09-15,3,2884,14427,142
2023-10-18,14,147,14720,229
2022-10-23,10,4635,994,324
2020-05-28,5,4429,1606,82
2019-11-27,3,3640,5554,290
2019-10-29,20,3234,11483,21
2023-10-10,28,1213,8717,471
2019-11-28,28,2774,6119,135
2019-03-13,10,3773,9647,286
2020-07-07,10,2194,8967,215
2021-02-09,2,4066,6724,294
2021-01-27,15,4873,11920,27
2019-11-20,17,1209,9131,467
2023-03-05,3,2811,246,291
2021-04-11,17,2021,3285,218
2021-05-06,20,3142,8574,246
2021-01-29,16,1074,2377,28
2022-11-30,12,849,10246,392
2022-01-01,10,4906,10259,16
2021-12-31,26,4537,13843,68
2023-04-22,11,758,6661,406
2021-05-15,12,3809,2338,177
2020-10-09,11,519,12031,75
2021-08-16,22,3274,13629,197
2021-02-27,24,1506,5645,412
2020-01-07,1,1942,2405,107
2022-03-24,13,395,12500,363
2019-09-05,13,2454,9645,224
2021-02-26,6,4614,6116,64
2022-02-01,5,2572,9915,210
2021-11-10,26,1605,7075,299
2021-06-30,24,3643,11259,134
2021-04-15,10,531,2665,386
2021-07-17,12,2241,14097,178
2023-10-16,7,2562,14650,198
2019-06-19,3,3165,3825,232
2019-02-24,6,1063,8571,252
2023-02-27,5,1387,5154,492
2023-10-31,29,1439,13290,428
2021-02-03,2,876,14702,402
2019-03-28,6,3071,2891,314
2023-08-02,28,460,10403,458
2019-09-11,7,1219,13733,391
2022-01-31,29,2754,10747,473
2019-09-17,27,3738,10006,121
2020-07-26,16,164,12454,393
2019-08-14,20,214,7870,440
2023-07-18,4,630,495,373
2023-09-26,21,1632,2213,401
2019-09-11,11,3443,844,49
2023-03-09,23,913,2706,380
2019-09-07,12,558,2601,422
2020-11-05,15,1886,10461,183
2023-05-10,10,3652,13230,108
2019-06-16,28,3637,7874,54
2022-02-20,10,148,4918,58
2020-09-17,8,202,7037,385
2020-09-19,2,3341,365,417
2022-10-01,27,1177,1274,472
2019-05-13,23,454,11049,10
2023-09-29,9,4550,10662,345
2022-07-24,17,2795,10828,355
2019-01-10,2,4455,2734,81
2020-12-09,12,2075,639,189
2022-12-28,2,4022,12674,384
2023-11-25,21,3217,10970,425
2023-04-26,16,1226,12116,263
2022-07-17,13,4551,9268,472
2023-03-05,8,843,6725,126
2021-09-30,26,2393,5768,495
2019-12-31,4,4174,11371,161
2020-11-02,1,721,10021,239
2021-02-28,17,1482,7706,177
2019-11-18,18,2145,10314,490
2019-02-22,21,1471,304,248
2023-04-04,14,1829,10022,103
2019-06-26,29,2770,14465,383
2019-03-19,21,2743,13055,61
2021-05-23,13,135,4383,479
2022-03-18,16,3184,9969,99
2019-01-12,13,4248,6538,292
2021-03-23,14,761,10140,472
2023-05-10,12,2408,12616,297
2023-01-09,3,983,12850,200
2019-01-26,11,3384,1567,433
2019-01-19,9,1418,7761,282
2022-09-08,1,3409,11744,320
2019-03-12,14,1369,11681,485
2020-10-27,8,4432,9722,280
2023-06-06,12,4439,7499,277
2020-02-28,20,1827,10551,117
2020-08-27,7,3767,5588,120
2021-11-16,21,4798,5503,369
2023-04-24,4,2069,14709,496
2020-12-22,4,118,14134,124
2023-06-07,17,4418,9099,108
2020-07-08,19,2780,3532,403
2021-05-26,20,4121,8771,152
2020-02-20,16,951,1122,231
2022-06-11,1,4902,12734,96
2020-04-08,30,3862,7495,488
2022-07-21,15,4045,13357,313
2019-01-28,3,658,3802,43
2020-05-02,3,432,11203,363
2019-04-10,1,1292,6155,377
2023-03-14,16,1587,9840,117
2019-05-11,2,557,6151,29
2022-02-13,30,2327,9070,451
2019-11-02,1,828,12513,326
2023-05-26,1,4553,1608,437
2019-03-02,5,1886,12286,239
2021-07-15,25,4644,13652,211
2021-05-25,13,1680,3859,379
2022-08-23,9,2772,13573,474
2021-03-24,20,3093,1273,443
2022-11-27,3,4963,7590,75
2020-11-13,11,1804,5659,182
2022-05-10,17,3814,5690,234
2022-09-15,13,672,2637,388
2022-05-11,17,1539,3203,348
2020-06-03,4,2757,1821,412
2022-01-02,10,4733,14727,366
2022-11-16,6,1024,11425,246
2019-08-26,18,3218,14690,426
2020-06-04,17,3381,288,384
2019-03-20,23,111,8434,226
2021-08-18,18,3489,8770,394
2023-11-14,9,3074,1218,151
2023-05-01,20,4934,2599,18
2021-03-30,7,2794,3725,346
2019-09-26,30,588,9799,247
2023-01-11,21,3157,7644,393
2022-11-28,26,2210,14768,395
2021-11-23,19,2397,10031,126
2021-08-18,5,632,12248,420
2023-01-11,21,4160,504,303
2023-06-29,24,4507,2949,454
2022-02-17,26,948,4306,80
2019-05-09,7,341,14803,272
2023-09-06,30,944,11252,80
2023-04-12,10,3206,14706,415
2023-02-28,12,1792,11933,206
2023-10-09,12,1177,4653,259
2019-07-14,29,111,9782,210
2019-07-21,16,3954,11765,493
2021-11-01,30,1195,9486,208
2021-06-02,16,4460,7833,184
2019-09-08,22,1557,1579,349
2023-05-22,27,1679,8963,99
2020-01-13,24,4919,838,444
2022-04-28,30,4124,12178,237
2019-07-16,4,3528,14242,35
2023-04-14,8,4259,10700,438
2023-04-03,29,166,7021,223
2019-12-19,7,4828,13373,373
2019-05-22,24,3207,6474,225
2022-03-16,24,3096,1386,369
2019-03-21,19,4679,14088,277
2021-04-29,6,1768,4825,321
2023-08-28,4,4299,286,79
2020-11-28,29,2358,4551,266
2021-08-31,9,3915,3781,42
2019-05-12,18,3743,13003,207
2020-09-08,24,3338,5462,123
2023-12-17,23,3894,8517,311
2019-03-11,4,4827,10973,31
2022-02-06,14,1277,2639,115
2020-04-05,28,4496,10896,295
2020-03-23,15,2074,12314,221
2019-04-25,12,3158,5010,103
2020-08-20,18,3347,11335,267
2019-03-01,4,1927,4268,184
2021-02-09,5,1246,8091,122
2021-02-05,28,1400,5953,127
2020-10-08,28,3665,2938,181
2021-04-21,30,4978,12575,477
2022-09-27,27,3721,10943,245
2023-04-21,6,107,10102,385
2021-12-07,17,4983,10325,131
2023-10-01,11,4092,12461,216
2020-01-27,6,989,2811,253
2021-10-03,19,4460,5275,46
2019-10-15,13,1383,9206,442
2022-08-03,26,3228,11641,36
2023-09-17,22,579,4692,140
2019-09-22,14,1791,5528,496
2021-05-22,22,4002,7818,20
2019-07-31,28,215,12472,134
2023-11-05,7,2296,9517,316
2022-08-23,9,3974,1694,395
2023-02-12,5,1179,1792,196
2021-03-31,22,3714,12720,108
2020-07-09,18,3635,7492,68
2022-04-26,3,4420,3140,83
2022-10-09,30,4572,5364,147
2023-12-28,9,4624,10224,355
2022-04-18,19,1315,6828,413
2021-10-12,14,2961,14190,248
2023-05-01,12,2011,3521,358
2019-05-04,15,3270,2187,487
2020-05-05,15,961,11790,44
2023-10-25,9,2183,1634,193
2022-09-28,16,1992,13769,13
2021-02-19,3,1135,13829,284
2021-06-02,14,2738,8874,496
2020-07-18,8,625,10436,139
2020-10-29,11,1171,2746,350
2019-06-14,28,1693,8537,151
2019-11-18,21,3930,6110,173
2021-02-02,21,164,8973,225
2022-06-16,12,4176,12501,283
2021-02-20,4,1238,7427,211
2023-01-22,30,2220,7682,400
2021-07-08,12,961,2250,187
2020-03-04,16,1160,5581,241
2021-03-29,28,4356,13852,387
2019-03-15,6,3132,6310,473
2020-04-16,15,4673,7953,271
2023-05-29,19,2600,6951,161
2021-12-14,24,4410,13172,57
2022-10-08,19,2187,14701,289
2023-03-19,14,1856,9216,416
2021-12-28,11,1609,3497,194
2021-03-28,6,4723,1933,152
2022-01-18,4,694,5927,268
2019-02-20,14,366,8397,253
2020-03-03,30,1370,10295,310
2021-07-12,22,1264,12566,89
2021-11-23,17,865,4133,349
2021-10-08,14,4610,1284,425
2019-03-05,9,4672,11793,336
2022-10-10,23,1927,772,417
2021-10-31,28,3023,9629,426
2023-06-30,12,2224,223,63
2023-01-06,23,4511,5112,115
2021-05-23,19,340,3208,443
2020-05-12,9,1432,11612,358
2021-01-01,25,4254,13479,297
2020-03-18,26,1687,7299,76
2020-02-22,10,462,10715,450
2020-08-25,29,591,3044,352
2019-12-09,20,4465,14018,461
2022-12-03,22,503,12335,324
2020-01-20,1,130,12191,293
2022-02-03,27,4660,14175,17
2019-05-01,29,3886,956,41
2022-06-15,13,126,11502,363
2020-03-26,22,3986,5172,263
2021-05-01,10,4468,1828,239
2023-12-14,11,3633,4992,48
2020-07-04,6,1952,5747,476
2022-12-08,19,2160,10964,180
2022-09-16,28,4977,1886,236
2022-01-29,29,4792,9017,438
2023-12-10,12,3882,8372,193
2023-06-09,25,1095,11216,193
2020-11-22,21,1125,10049,480
2022-12-20,23,246,5155,211
2022-02-23,29,3019,1107,479
2022-12-02,1,1257,9247,265
2019-06-05,20,1985,13807,83
2019-07-30,18,3691,9847,118
2020-11-06,19,2925,13659,282
2022-06-27,5,3314,1083,183
2020-04-20,13,518,13269,105
2020-12-14,12,4401,4345,83
2022-04-30,13,4699,606,120
2023-10-25,9,2572,4026,86
2020-03-19,24,273,8630,51
2020-11-14,19,1300,1782,109
2022-10-24,24,3244,12602,68
2023-05-25,22,4911,14951,232
2020-05-07,6,1182,4394,308
2020-12-16,8,2427,3375,409
2021-06-09,7,2204,13961,488
2019-06-04,19,3443,6346,110
2022-03-05,1,364,1564,495
2022-05-28,7,4938,3970,336
2022-04-23,20,671,3481,167
2022-09-25,23,2264,9226,392
2019-11-16,30,740,3835,317
2021-10-30,6,3804,7945,317
2020-05-02,9,4890,977,82
2022-02-25,20,1075,5658,38
2021-08-03,4,958,12866,489
2020-06-05,7,1445,7905,329
2019-12-16,8,262,11090,52
2021-07-23,27,1752,4800,60
2020-03-26,23,3111,245,489
2021-03-29,26,4341,1661,498
2020-06-20,2,3461,9961,421
2020-01-26,12,4123,13023,41
2022-05-13,18,3997,2423,184
2021-07-26,19,1747,5157,404
2020-02-05,4,766,12905,226
2019-07-08,4,3552,14506,260
2020-05-10,8,4514,6273,159
2019-06-24,26,4746,10805,96
2019-10-22,20,438,13653,455
2022-01-27,5,3114,14338,231
2021-04-04,24,651,13233,238
2020-10-13,15,1745,14597,87
2020-02-07,16,1952,4425,215
2023-05-06,21,2615,14085,85
2022-09-02,7,1624,1144,155
2019-05-29,26,3746,14919,350
2019-07-10,12,209,7259,105
2023-02-19,25,4322,4613,176
2021-04-26,9,1988,6749,335
2019-06-20,30,922,3343,122
2019-03-15,23,3572,13070,177
2019-12-12,14,1127,3099,18
2021-03-01,5,245,9529,107
2022-05-13,22,4154,5799,207
2021-01-06,12,2995,3786,493
2019-04-16,20,2006,4313,146
2020-07-24,2,3107,3014,479
2019-10-08,7,4595,1491,467
2020-11-21,3,2610,5031,157
2020-06-28,27,3568,3790,360
2022-02-04,18,2327,1714,67
2021-01-11,22,2227,3234,484
2022-01-23,20,3121,13898,15
2019-06-03,28,1091,9766,62
2022-03-25,17,555,3379,437
2020-10-12,23,3741,4441,186
2021-02-13,10,1028,13817,443
2020-05-21,24,2612,5315,152
2021-06-15,4,3204,14241,413
2023-06-09,19,1622,11576,404
2021-10-12,4,1320,11116,140
2020-08-19,10,4788,366,288
2020-06-11,18,4503,9687,34
2020-06-30,25,1093,8371,325
2022-07-30,4,4837,4073,53
2020-11-12,9,1271,13528,419
2022-07-16,13,1268,2332,339
2023-10-29,10,102,6395,479
2019-05-05,21,617,8133,267
2022-03-14,28,1730,1695,327
2020-11-26,30,134,2390,39
2022-04-20,30,1687,12106,187
2019-12-24,30,2842,275,45
2019-04-15,9,2929,8316,10
2022-11-26,8,4049,3251,497
2019-01-05,15,4803,5198,497
2019-05-08,7,2903,5941,404
2023-05-03,30,1830,2909,18
2023-04-07,13,3632,14868,165
2023-08-16,17,4904,5841,95
2023-02-13,10,2103,2616,273
2020-08-30,6,800,4661,277
2021-09-18,12,2233,11004,483
2019-01-18,26,4197,3530,72
2022-10-16,12,3656,3581,456
2020-01-17,19,2793,4562,139
2020-07-05,3,2960,10716,411
2020-10-25,28,1998,12945,218
2021-07-13,10,2480,7691,442
2019-10-21,3,682,4389,488
2023-04-21,17,2378,348,173
2023-04-05,6,4073,11901,44
2020-02-27,20,2238,9306,41
2019-03-03,18,3204,8617,276
2023-12-17,18,3664,777,406
2019-04-21,25,3589,481,413
2019-10-20,22,4771,14391,310
2021-08-01,2,439,11911,367
2022-04-03,27,4695,11576,98
2023-10-17,22,4345,8586,347
2023-06-05,25,4390,1352,255
2019-05-11,21,3801,14355,75
2023-05-08,22,3214,6173,156
2019-08-27,7,3242,10873,345
2021-08-01,29,2651,9257,10
2020-11-14,25,3396,3315,467
2022-07-11,12,585,9621,408
2023-04-25,27,3278,11294,383
2023-01-02,27,4651,10381,166
2023-05-04,7,2643,8500,252
2023-12-29,21,4928,14356,459
2022-06-16,25,1933,8312,380
2022-08-13,2,880,3257,115
2022-12-11,24,447,1650,153
2019-05-14,7,353,6791,181
2021-09-13,17,748,1780,165
2023-08-07,2,4686,2713,176
2022-08-07,30,3849,511,441
2022-01-16,20,1107,6677,358
2020-08-27,23,4613,3007,411
2022-05-11,9,963,6715,182
2021-09-02,20,3232,5526,183
2023-06-16,15,3350,13998,448
2020-11-17,10,1245,8746,479
2023-03-06,6,3605,5230,371
2020-12-15,18,2057,6859,266
2023-03-06,10,2319,6227,453
2021-09-04,13,2503,4626,26
2019-09-14,4,2288,8122,212
2021-06-29,7,2016,9827,490
2023-02-25,25,4614,9018,436
2021-08-02,26,2572,14820,379
2022-01-11,21,1393,1327,492
2022-09-04,26,184,11151,83
2020-05-08,24,884,4307,153
2021-03-01,8,4275,960,105
2019-05-09,14,1587,9975,324
2021-01-17,28,4189,1409,489
2023-03-22,2,1524,1065,88
2023-04-06,11,2234,2686,121
2022-02-02,30,912,10121,436
2020-06-06,5,4319,13974,19
2021-03-15,24,4593,6007,340
2019-11-21,4,1470,7981,161
2023-11-06,20,1230,10721,424
2021-06-03,16,1437,11822,352
2022-09-26,8,3606,4232,100
2019-01-30,17,3342,7162,475
2021-10-09,7,4664,4700,326
2019-09-08,5,4854,390,40
2019-06-27,30,2959,13216,177
2022-07-23,23,4306,9784,370
2020-10-20,9,2471,7081,93
2021-04-27,5,2010,11964,404
2020-08-22,28,3722,685,56
2023-03-19,13,1690,2497,417
2019-07-18,15,3639,2099,158
2021-02-20,19,1657,6805,47
2022-01-21,25,3806,912,231
2020-12-16,2,3295,6416,380
2020-01-10,9,3756,2386,68
2023-03-02,3,4812,11097,173
2020-08-10,8,1181,11034,411
2022-04-29,24,2970,3834,437
2020-03-01,26,551,1627,496
2019-07-30,27,1365,6276,46
2020-08-06,22,1835,2319,155
2021-08-12,23,900,5062,272
2021-12-18,18,4970,12912,104
2021-10-08,10,4480,7139,257
2021-12-27,24,2697,7163,238
2022-02-24,21,220,14109,259
2019-09-22,5,609,8077,237
2019-11-21,6,2366,939,160
2019-06-20,16,3740,2514,37
2023-03-14,14,201,13560,203
2023-07-28,4,152,2414,324
2021-01-29,17,2097,7781,101
2020-05-28,30,1102,3656,176
2020-03-11,27,533,9845,207
2023-06-07,8,2371,4726,308
2022-05-13,16,3418,10886,423
2019-02-03,24,3774,1284,455
2023-08-15,6,4331,10485,183
2023-01-27,12,142,7436,107
2022-06-13,17,1377,3433,399
2023-07-09,21,4596,1816,100
2019-10-09,20,1564,6579,322
2022-04-07,15,2978,394,492
2019-09-14,10,2106,8836,300
2023-08-13,27,3882,10653,133
2022-01-06,9,4327,1982,253
2019-02-17,25,3215,7848,470
2022-01-31,12,2827,6251,162
2019-01-14,4,1958,1346,414
2019-01-30,27,4985,794,63
2019-05-14,23,3286,5525,498
2023-10-17,25,1422,343,34
2019-01-15,27,3340,13697,341
2020-11-15,30,3909,1229,380
2022-09-22,25,3445,14554,157
2020-06-15,19,4024,1930,229
2022-08-25,17,3083,6959,324
2019-05-10,26,4570,11894,228
2021-03-30,6,4245,13867,116
2020-11-26,7,4823,2737,445
2021-02-27,4,4187,4737,421
2019-07-31,23,3107,14509,104
2020-10-15,29,1708,10469,206
2019-12-22,26,1272,13455,281
2020-01-26,2,2445,9642,266
2023-09-06,28,1710,7342,378
2019-10-23,24,1746,1371,296
2021-04-18,15,3244,10663,491
2019-10-15,9,3024,11673,91
2019-10-29,9,1759,12334,163
2023-01-21,14,4672,1758,324
2022-04-01,27,1901,10893,119
2023-08-18,18,1901,13433,466
2022-04-04,10,4314,10060,256
2020-09-14,18,4346,8022,261
2023-09-25,15,3668,2550,273
2023-09-19,28,1981,1258,170
2019-08-14,20,2631,14820,144
2023-10-04,2,3937,9825,112
2020-11-01,29,2401,8653,104
2020-01-22,26,1334,1334,78
2022-06-23,23,711,7563,377
2021-07-23,19,4105,12257,76
2021-05-29,5,3952,12861,463
2022-09-10,25,4124,564,271
2021-09-12,26,3416,10437,330
2019-06-06,2,654,14473,111
2022-03-08,18,1936,12504,379
2022-05-07,9,2485,5152,488
2021-07-13,30,1714,12728,401
2021-08-23,28,1689,9101,41
2022-11-06,14,3939,7590,499
2020-02-05,6,1043,3737,111
2019-05-29,4,2143,13541,70
2022-06-14,16,3544,7870,48
2020-04-19,23,2562,9754,496
2023-11-05,1,1607,12242,327
2022-10-03,25,1803,11102,314
2021-07-09,10,459,1805,202
2022-04-13,6,4487,10917,333
2023-03-18,30,1033,12364,102
2021-12-04,24,2713,8093,496
2023-03-17,6,4720,14701,99
2019-01-14,10,115,10559,208
2023-11-20,14,1505,2365,242
2021-06-02,30,3999,13867,174
2023-08-01,4,633,6617,444
2019-01-08,5,225,13644,389
2022-12-21,16,4812,11853,131
2023-02-23,9,2601,1135,69
2019-09-09,17,1798,10583,448
2021-03-30,6,3962,2179,343
2023-04-10,10,2501,10115,469
2020-09-16,23,3106,6040,66
2019-04-17,17,275,5699,238
2019-07-27,4,2875,6487,313
2022-08-11,20,3484,8720,420
2020-11-14,3,514,4664,437
2020-06-13,5,2876,8774,322
2023-08-15,21,2599,11140,206
2021-11-29,28,3085,3616,389
2020-09-10,21,3698,11791,130
2020-07-18,24,1130,4464,325
2022-03-10,1,4629,966,123
2019-04-30,16,3873,6693,330
2019-03-22,4,2047,7208,105
2020-02-12,11,1538,4750,207
2019-10-27,1,3691,4463,141
2020-04-26,29,2884,10012,222
2023-04-24,29,4155,11309,80
2021-07-18,4,3694,11288,459
2020-02-24,29,4553,2902,260
2019-06-19,29,2385,1470,350
2020-05-18,7,1331,6483,422
2019-07-24,1,1815,3509,352
2021-04-05,27,2582,2230,433
2019-11-13,23,3221,14480,16
2020-03-19,28,136,4381,193
2020-05-15,8,4508,12019,428
2020-05-21,12,366,754,398
2023-09-18,22,2224,14594,337
2019-03-29,26,1910,4055,282
2022-10-05,29,2639,314,328
2019-03-02,7,4987,446,84
2023-12-23,23,888,14681,416
2019-02-01,1,1886,7544,173
2023-12-06,3,3836,9171,76
2020-04-30,15,3946,970,100
2019-12-22,25,1246,6810,125
2022-01-03,6,509,3466,462
2019-05-07,14,4477,1727,209
2023-03-15,2,670,451,221
2021-04-28,3,3812,11448,264
2020-03-08,12,198,3861,414
2019-07-04,6,2406,8181,326
2019-01-12,17,932,11224,477
2019-09-22,7,4572,11241,367
2019-08-24,22,2155,6917,359
2021-06-14,11,3918,6887,418
2023-12-30,23,1395,806,332
2022-02-17,10,1387,14800,163
2022-06-04,5,2112,8154,437
2023-03-31,28,4837,5868,210
2019-10-05,17,2640,5904,79
2023-01-07,18,2433,918,82
2022-11-12,13,4738,13016,65
2022-03-20,25,4475,2745,184
2020-07-21,28,824,9789,179
2020-03-08,5,1550,14854,185
2021-03-25,3,3959,3391,212
2022-05-03,10,3463,13793,408
2019-10-19,19,2094,7803,57
2020-10-28,26,4268,5995,463
2019-04-24,3,4713,1164,423
2020-08-29,25,4613,14052,32
2020-12-25,11,739,5404,299
2023-06-23,16,745,10310,97
2022-07-17,7,1434,6047,239
2020-06-27,3,1970,10846,300
2019-09-14,28,156,14964,173
2023-06-29,15,1408,12214,326
2019-02-08,13,4915,3987,97
2021-10-06,12,965,7373,489
2020-09-09,12,246,12565,283
2020-10-20,22,4888,3443,277
2020-06-12,23,164,13109,483
2021-11-18,9,2322,797,477
2023-01-13,5,3202,13880,404
2022-09-08,16,4104,8364,494
2021-09-21,29,3168,12407,468
2021-10-19,12,2452,10095,469
2022-07-01,23,2656,13188,370
2023-05-18,5,1409,9271,385
2021-09-07,19,3145,14752,220
2021-01-25,16,1161,3475,231
2020-12-25,15,3536,10093,350
2022-01-08,23,2828,981,217
2021-05-04,17,2178,9342,406
2020-04-20,19,366,13258,83
2023-02-19,27,4318,4859,400
2022-01-14,3,711,12213,493
2019-07-05,18,2941,6349,170
2019-04-14,13,3525,1103,76
2019-04-30,2,4837,12180,292
2019-08-17,23,1726,1864,64
2020-03-24,24,1130,9039,326
2023-11-29,30,2072,11743,199
2023-07-05,15,440,11364,388
2019-04-29,9,2704,7652,238
2021-04-08,21,3994,3437,349
2023-09-01,21,4893,6190,353
2023-04-22,24,1455,14336,154
2021-04-16,28,1624,6193,145
2023-04-11,23,791,8490,497
2020-09-06,30,973,2712,204
2021-10-01,19,1685,9464,12
2021-05-23,15,4144,7798,465
2020-12-26,24,106,14467,135
2020-06-29,14,3884,2687,363
2021-05-14,24,2032,13398,390
2020-01-31,11,1611,12629,63
2022-08-30,8,4233,2258,265
2023-02-04,28,4875,12504,240
2023-06-09,20,4961,12436,343
2023-04-12,24,3259,6165,482
2022-09-25,9,1261,9650,172
2020-03-02,1,213,13408,10
2023-06-21,22,3263,6532,80
2021-02-01,30,3535,3723,260
2020-06-16,24,303,12902,371
2019-05-08,24,3219,8988,148
2023-03-25,15,284,10684,422
2019-08-26,29,2061,11953,297
2022-04-14,8,3793,12256,280
2021-01-06,27,4001,13469,178
2019-11-15,27,2440,11374,396
2020-07-30,11,4932,13795,24
2023-07-12,30,2182,4704,267
2019-06-06,13,3733,2509,186
2020-11-22,11,1969,12313,452
2022-04-18,11,3330,2513,131
2021-12-04,16,152,10973,138
2022-09-22,26,1793,11220,478
2020-06-03,7,3412,2718,150
2023-01-26,3,2887,9510,339
2020-06-18,28,1557,9384,12
2023-06-24,29,3312,8171,157
2023-05-04,13,4742,9896,309
2019-01-15,20,1786,12621,358
2020-10-27,9,3359,8040,93
2022-12-04,21,3348,13897,35
2019-06-23,29,3274,2116,141
2022-01-13,9,2783,13401,167
2022-10-18,19,2595,13023,473
2023-08-28,6,783,606,110
2023-06-12,21,964,8668,457
2023-12-10,9,4283,7047,390
2019-04-20,13,668,13524,207
2023-01-06,12,1243,2393,361
2019-10-16,12,209,3348,259
2019-09-20,6,295,7812,271
2019-01-03,21,3123,5378,179
2019-04-07,6,2383,8817,213
2021-07-17,23,4235,4302,353
2023-05-23,22,1501,8327,378
2020-02-18,30,1811,9938,431
2021-03-23,18,4297,14390,263
2022-05-19,8,4239,9475,295
2020-03-07,14,1193,9455,240
2021-10-17,5,1393,14917,284
2022-10-17,23,2957,10703,485
2023-11-19,27,1098,10264,406
2023-04-05,9,2627,7191,424
2021-07-10,3,1074,14802,175
2019-11-11,19,152,9714,87
2021-10-17,19,1946,4248,197
2021-08-25,5,2140,12172,418
2023-03-13,6,3019,11426,471
2022-12-12,17,1942,5150,257
2021-07-31,7,4558,14675,230
2020-06-27,28,1761,8032,145
2021-03-28,29,1331,12920,239
2023-06-21,10,624,2287,315
2019-11-27,22,3523,6896,485
2020-06-30,12,3044,10407,325
2022-01-04,9,3850,702,244
2022-08-26,17,2900,2120,460
2019-01-01,9,2457,2960,205
2020-02-03,15,1118,11657,452
2020-08-09,10,476,10201,431
2023-04-18,12,412,5096,318
2021-10-16,10,4029,9863,403
2021-01-04,4,3602,8234,495
2023-08-07,6,1798,3188,123
2023-11-30,24,961,6379,240
2022-12-09,11,1815,7026,375
2021-03-30,11,3380,14887,217
2020-11-07,15,2787,1616,326
2021-09-23,25,932,12530,192
2022-12-27,11,3562,1123,287
2019-03-11,25,1124,12087,273
2019-09-27,24,695,14560,76
2021-02-17,15,2267,3331,409
2023-10-22,14,630,9084,302
2019-02-21,18,2399,13111,156
2019-08-18,19,4051,1940,74
2023-03-24,3,2022,10724,341
2019-07-05,4,2496,12033,92
2021-06-24,7,1404,8928,338
2019-01-23,27,4522,11290,30
2023-03-27,26,1433,14943,371
2020-10-24,20,961,1340,489
2020-12-25,12,873,11958,195
2022-03-18,20,410,1868,359
2023-11-25,11,1961,6229,375
2022-04-26,9,125,9906,97
2022-04-22,28,4091,12272,260
2020-03-03,13,3992,7628,249
2023-06-15,7,2191,662,289
2022-06-03,25,2032,9807,31
2020-03-13,27,512,4626,487
2021-01-15,29,4630,2130,313
2020-11-20,30,118,8856,299
2019-08-04,30,4478,4218,378
2021-12-30,29,4545,9188,241
2019-03-11,8,623,4680,439
2020-08-08,24,742,3440,277
2019-10-22,17,4197,5605,450
2022-03-09,25,4447,4794,249
2023-06-19,3,3919,13716,211
2019-09-28,24,945,14039,259
2023-09-26,8,2723,14187,429
2022-09-30,16,2399,5083,261
2019-11-30,21,2217,12920,442
2019-08-29,6,2021,9739,273
2023-01-11,30,1015,10918,327
2020-03-10,13,1715,14587,320
2020-04-06,12,1223,11806,394
2021-05-10,8,4172,8866,39
2023-02-04,8,3917,9240,203
2022-11-07,26,4255,3225,73
2019-03-12,2,4075,7342,153
2020-11-30,19,4593,9733,125
2019-04-22,2,2744,4096,399
2022-03-08,2,918,10128,438
2020-10-13,26,118,10210,40
2021-03-28,8,4875,654,28
2022-04-24,2,4037,5408,376
2022-09-21,30,3450,3705,308
2022-01-07,1,683,12096,361
2022-11-11,13,519,9906,80
2019-08-31,15,708,12695,144
2020-11-18,10,206,6288,36
2019-01-23,4,4041,5474,129
2022-06-19,23,1280,10890,66
2020-12-25,12,4093,3982,50
2023-04-04,26,3563,13403,411
2021-05-21,28,2018,1570,297
2023-11-04,5,1022,11778,314
2022-02-18,13,3780,5140,353
2021-01-10,17,1716,1178,467
2022-07-09,1,3350,2269,371
2019-08-29,11,2048,6523,81
2023-03-01,9,1612,812,402
2020-02-07,4,907,14688,208
2019-10-01,25,1616,12835,30
2022-08-13,1,2297,13419,253
2020-02-21,9,1948,11113,151
2023-02-07,26,4032,644,334
2023-09-22,3,4123,12676,82
2022-08-13,14,1881,10861,455
2020-11-02,23,4710,6253,402
2022-11-07,12,1931,14835,296
2021-03-02,11,459,1356,349
2022-12-30,17,4908,2338,239
2022-05-18,24,1512,2977,274
2023-12-11,18,3353,3088,429
2020-10-29,22,1810,8480,280
2019-02-13,30,4506,13340,322
2021-05-29,5,4624,10885,413
2020-07-11,13,2836,11823,461
2019-07-20,27,1426,4745,247
2021-06-10,13,3004,12957,359
2020-10-11,22,1934,2647,174
2019-05-24,27,1184,8508,26
2023-02-18,20,4073,4192,340
2019-12-17,18,1645,5071,304
2021-05-17,17,3856,7393,241
2021-04-17,29,4065,6787,452
2020-08-20,19,2241,1076,421
2022-02-01,17,3811,5087,172
2020-06-05,2,4894,14090,394
2023-10-03,19,785,10576,264
2020-10-01,23,3382,13015,95
2021-02-21,20,2398,2525,252
2020-03-07,10,3287,5392,241
2020-03-03,30,3794,2291,141
2021-01-15,9,3074,10176,54
2023-03-10,30,1630,6469,70
2020-04-28,20,4077,3526,276
2020-01-06,3,494,12992,339
2019-05-28,11,953,14977,111
2022-08-01,23,4723,2828,338
2021-06-27,9,4843,11702,456
2020-06-01,7,4698,12431,249
2020-10-15,23,2947,4637,251
2023-12-16,4,3614,1587,411
2019-12-25,21,1461,6113,125
2022-01-25,21,1779,3901,31
2021-06-03,23,4332,7863,106
2021-05-04,9,2570,4731,75
2020-02-09,20,3965,3613,290
2023-04-22,23,3792,11111,41
2019-05-15,4,2702,6050,31
2019-09-05,9,1648,4274,89
2020-03-04,10,616,5853,345
2023-07-30,11,1557,7752,156
2020-05-17,30,3936,3737,40
2020-02-12,15,4052,2187,126
2022-02-01,28,3693,1335,476
2023-09-15,9,4280,9655,355
2022-12-25,14,2870,4078,377
2022-12-11,22,2616,12026,178
2021-11-09,16,4897,13728,282
2023-10-16,10,4967,1916,122
2022-10-15,30,1896,1588,281
2022-05-29,29,2239,5462,27
2022-05-08,7,646,13090,182
2022-09-23,8,3118,1964,281
2020-09-24,6,1535,6464,247
2020-07-24,8,3466,870,56
2020-12-22,10,1950,12781,480
2022-03-12,25,3101,8360,451
2019-06-25,15,3330,1606,233
2020-05-23,26,1764,8506,47
2019-06-30,10,913,12959,428
2019-06-05,9,3864,11409,359
2023-09-22,20,3520,12890,187
2021-08-29,9,2437,4259,32
2019-02-17,2,4033,12889,207
2019-02-10,21,1327,4803,475
2021-06-23,22,4756,4914,280
2020-11-01,30,1217,4883,57
2021-06-26,19,2854,516,405
2022-02-06,10,4730,7289,52
2021-09-03,2,2118,11000,82
2023-04-26,30,3945,7420,258
2022-06-19,6,2626,2210,483
2019-04-10,14,3371,2152,392
2019-12-08,4,4356,4863,247
2022-10-31,4,4583,12200,273
2023-12-24,12,409,13693,226
2020-12-19,22,3383,10889,308
2021-03-21,20,1619,7307,118
2021-11-01,3,4711,6101,395
2020-03-06,1,1220,4411,127
2020-05-09,19,2797,5885,283
2020-03-09,16,2687,10798,116
2019-01-26,30,1114,13678,321
2019-12-04,19,1519,1703,170
2020-07-09,4,2564,9239,59
2022-02-20,7,3194,10986,327
2023-05-13,20,1751,10879,65
2022-10-25,26,3344,10218,352
2021-07-04,30,4415,870,487
2023-03-04,29,4990,7133,344
2021-12-06,23,2170,10306,258
2019-01-30,21,2977,4867,309
2022-04-17,14,2015,13492,309
2022-04-04,25,4618,6457,68
2023-12-23,8,3352,9691,374
2019-04-29,11,1519,10515,254
2022-10-22,23,1697,5940,302
2020-05-05,21,3853,13413,451
2022-09-23,10,615,12677,53
2023-06-12,16,3255,3261,407
2023-03-26,20,3169,11870,158
2023-10-17,10,511,9764,246
2019-03-25,19,2842,12139,427
2020-05-26,2,1729,9796,179
2022-07-29,20,4387,9375,204
2020-07-26,16,2601,9898,428
2021-08-23,6,1280,8523,148
2021-11-22,2,2177,6579,278
2019-06-08,18,3406,5202,438
2023-10-11,13,3883,3453,132
2020-07-12,15,2686,9102,234
2021-05-11,16,4180,8145,272
2019-12-28,1,1043,5386,133
2022-01-15,15,4517,239,342
2023-12-22,13,3575,3220,488
2021-07-24,8,3625,2118,315
2019-04-13,25,305,4738,427
2020-11-22,24,908,1550,284
2019-06-13,15,203,10142,205
2020-07-15,15,3254,13015,133
2021-08-22,2,176,3886,332
2022-11-05,24,2285,12355,90
2022-02-14,27,1681,4717,192
2020-09-23,10,979,10979,358
2023-07-02,20,938,14413,219
2022-08-27,15,4062,9577,81
2020-04-27,12,1336,10386,309
2022-08-26,13,152,6018,34
2021-10-12,6,281,5623,397
2021-12-05,6,1997,8608,322
2020-11-10,21,2756,4529,356
2021-01-11,26,2685,7807,469
2019-07-21,28,1833,581,369
2023-03-13,12,4609,6395,160
2023-11-27,21,2669,7434,155
2019-07-09,23,3320,13730,197
2021-12-27,27,1614,3109,204
2023-06-07,9,126,5661,386
2023-07-20,15,2829,996,255
2020-06-05,29,4196,1685,141
2020-04-12,15,4883,800,480
2020-02-10,23,1216,8721,259
2019-03-14,29,997,6505,389
2019-02-25,14,4330,10907,24
2023-10-14,28,2748,13287,430
2022-08-18,4,1428,12232,77
2020-02-13,26,3033,9683,389
2021-01-25,29,294,10340,52
2021-11-17,15,1744,2853,67
2020-11-07,2,588,10185,281
2023-08-19,20,4081,1626,24
2023-01-10,3,447,8864,402
2021-11-17,9,1299,9528,208
2022-02-20,13,3892,7910,164
2020-12-06,9,3033,11337,243
2023-07-17,11,3789,6589,151
2020-10-14,16,1826,7431,116
2021-03-05,11,235,12748,158
2019-09-23,14,2325,13990,80
2023-10-31,22,803,1200,56
2021-12-12,19,4998,5028,24
2023-12-13,19,3578,6280,125
2019-11-11,24,904,2914,303
2020-07-31,24,727,13011,180
2021-02-05,22,4625,8215,340
2019-11-11,29,3323,7328,342
2021-09-09,12,3025,2593,148
2022-07-28,16,2689,3144,267
2019-02-17,24,1023,1810,334
2023-04-29,13,4101,11849,96
2019-03-25,25,2449,12963,177
2019-02-01,7,1152,869,318
2023-10-19,11,2724,8219,240
2022-10-19,22,3226,9311,310
2023-01-30,18,3208,4936,401
2020-02-02,6,2469,6814,338
2020-03-27,16,4610,1118,323
2023-04-07,11,610,14751,291
2022-08-14,10,3066,12110,325
2019-09-05,6,2697,13354,465
2023-10-24,19,3209,12250,269
2023-12-06,24,3623,9108,325
2023-05-05,10,3237,5649,321
2023-08-07,18,1302,1339,114
2023-04-30,14,554,5445,188
2021-10-07,20,4096,660,427
2019-11-01,5,2576,1158,57
2021-02-22,5,2863,3046,34
2020-02-25,7,3163,1910,55
2022-05-13,28,1950,4629,236
2019-12-22,17,3316,8098,152
2022-09-05,3,589,9640,326
2021-12-25,9,2140,9246,288
2019-01-27,23,4729,10451,390
2022-06-05,1,3894,2865,13
2023-06-19,2,3561,10232,192
2020-11-30,28,3646,10027,413
2022-07-07,18,323,12518,477
2019-07-18,30,2930,9788,234
2023-04-25,5,1874,8260,214
2023-09-16,24,152,4820,287
2022-01-04,19,3114,3814,489
2020-11-12,27,1882,1062,328
2020-12-10,24,625,12341,464
2020-06-18,29,624,12483,208
2019-07-19,27,4231,11219,25
2022-12-02,24,1578,1047,361
2020-12-29,21,1792,10457,155
2019-10-17,20,3256,1596,365
2022-11-17,8,593,6339,72
2023-04-27,29,1246,8158,267
2020-04-15,5,4363,8232,254
2020-06-30,28,435,11384,491
2020-08-01,30,2675,10509,290
2021-02-26,7,4242,4763,350
2021-11-08,14,1465,916,110
2021-10-04,13,3560,11350,485
2019-07-15,20,798,4259,376
2021-06-21,25,2405,6214,325
2020-10-20,28,4394,14982,443
2021-07-20,21,3272,11953,251
2023-02-13,20,4529,479,74
2023-07-25,11,4149,11198,489
2019-11-20,23,4060,9790,235
2019-10-05,8,3148,8949,295
2019-01-20,19,476,12052,416
2021-05-15,14,1143,1870,54
2022-03-25,29,3870,4197,347
2022-10-24,7,1204,10746,221
2021-10-04,30,2813,6444,497
2021-12-15,28,2584,1589,427
2021-05-20,17,2323,8306,27
2023-02-18,4,3016,1840,322
2021-10-02,30,1990,9329,84
2019-10-04,10,2797,491,290
2022-09-14,15,3842,9086,121
2023-03-12,6,735,11666,183
2019-09-27,28,1734,2852,446
2019-06-03,11,4449,4897,140
2021-07-10,27,228,6940,42
2022-10-15,27,2030,9204,364
2020-06-13,21,2967,6469,92
2021-06-02,11,3854,7079,132
2019-10-22,28,4635,11345,253
2021-11-25,20,2514,4941,373
2019-06-24,23,4659,13185,17
2021-02-15,30,2525,5814,409
2020-10-27,3,3569,13895,16
2023-03-07,2,4019,10316,370
2023-06-27,26,1475,6200,56
2023-11-03,21,4058,14142,205
2020-12-22,12,4329,7862,155
2019-07-01,29,1057,8284,106
2023-07-02,19,502,13004,239
2020-08-03,9,1677,7639,103
2019-09-04,17,3976,3956,76
2022-07-19,27,816,5345,74
2023-11-14,8,2235,8883,30
2021-10-20,7,2108,6159,10
2021-02-27,8,4109,2270,95
2023-12-28,9,960,5565,113
2021-11-16,13,484,206,112
2023-02-15,23,3517,10398,234
2021-06-30,21,2349,5162,403
2022-07-26,1,3516,11900,23
2021-03-12,19,163,9236,257
2023-10-29,13,4298,3190,469
2021-01-30,20,228,12111,347
2020-01-12,13,4266,5812,298
2019-08-10,29,1840,1330,135
2023-05-03,2,3297,13490,263
2021-09-14,28,3703,2823,372
2019-04-23,1,458,3898,267
2022-12-03,21,3300,8657,280
2023-01-22,28,4492,6366,103
2022-07-25,24,3369,13461,401
2020-08-14,16,232,6233,400
2021-01-14,12,3912,8212,105
2020-10-19,30,1799,1877,332
2023-12-13,10,1452,11354,416
2023-11-12,28,1125,5725,260
2020-02-16,3,3035,6335,210
2023-11-27,22,2497,3404,27
2020-01-06,18,286,13457,206
2021-10-16,21,2557,215,224
2022-10-23,6,3557,9109,48
2021-02-19,6,2842,10580,282
2021-10-11,14,1475,829,230
2021-01-07,26,3062,11131,438
2020-06-06,21,2900,4239,47
2020-03-24,24,4404,649,472
2022-02-12,10,2786,6893,151
2022-08-14,24,4219,13609,320
2022-02-26,20,3532,1311,357
2023-03-15,8,3928,13113,488
2022-04-04,24,1398,14915,283
2019-07-12,14,4406,11282,119
2023-09-20,14,4764,13082,29
2023-06-14,2,1638,9055,91
2023-12-10,27,216,8546,427
2022-02-12,3,113,1065,295
2023-10-23,4,4342,10054,484
2020-01-15,26,4679,8513,452
2020-10-02,9,1260,13923,16
2020-02-18,23,536,980,380
2021-06-25,5,817,12155,381
2021-10-18,14,523,2533,137
2020-11-25,14,958,9461,301
2020-05-16,28,4851,9305,458
2019-12-17,3,2883,1209,424
2021-08-23,19,352,2909,383
2023-08-25,21,4500,1535,224
2023-04-30,9,3429,3867,45
2022-11-06,12,1076,11452,112
2022-12-04,22,3846,14645,185
2021-06-11,25,2313,11914,234
2021-06-06,20,4313,10820,162
2019-05-11,13,1806,4254,225
2021-04-18,28,2194,12244,27
2020-03-07,24,2170,11011,429
2020-12-07,4,3716,1344,417
2021-01-13,28,4819,13299,304
2019-02-05,22,2290,9618,94
2021-08-07,29,473,13411,96
2019-05-26,30,694,7642,251
2023-11-21,1,890,2558,82
2022-07-12,26,1696,5503,14
2021-03-03,9,987,7937,300
2020-08-14,16,2752,8875,76
2021-12-20,8,692,9899,101
2023-01-13,20,2685,476,164
2023-05-22,27,253,220,276
2023-05-11,19,1830,9643,222
2020-05-31,10,891,12748,296
2023-03-23,22,2903,6026,68
2019-04-30,20,4772,5663,283
2022-12-18,17,4686,6290,379
2019-06-22,17,1586,5044,45
2021-08-26,30,2606,14390,354
2021-07-21,9,663,7120,124
2020-02-08,28,161,8960,486
2023-10-04,23,4639,14165,16
2023-08-21,8,4162,5505,266
2020-07-12,26,1185,11509,70
2022-05-30,30,1993,12940,191
2021-12-16,4,2397,1970,197
2021-06-14,26,2030,2480,430
2019-07-24,17,3626,13394,388
2022-09-26,22,2321,10261,122
2021-08-10,6,3269,6931,346
2021-09-25,25,124,4656,326
2022-02-09,19,4990,5506,112
2020-03-01,10,2512,2630,69
2019-05-20,30,3118,6127,151
2020-12-28,16,3366,13470,96
2023-02-24,16,2028,12682,465
2019-01-23,18,170,11853,313
2019-01-14,21,2336,8226,397
2019-04-24,13,3531,10445,139
2019-08-22,5,4886,11894,398
2023-12-13,22,648,1409,333
2022-01-20,28,1277,1936,234
2023-10-02,17,3061,10027,339
2023-10-05,7,2404,9935,218
2019-10-07,25,2346,1201,426
2023-03-12,23,1833,1855,75
2021-08-16,1,150,14828,158
2021-11-09,3,4198,6668,106
2021-09-10,2,245,4308,39
2020-05-21,19,1853,11306,21
2022-02-27,7,3340,9288,175
2022-05-03,28,3664,3644,489
2021-02-15,16,1097,7712,282
2022-07-23,1,2878,5799,343
2020-01-03,15,4555,13388,112
2021-04-12,11,4782,7351,387
2019-03-19,2,4628,1074,377
2022-05-28,17,185,9179,215
2019-03-18,12,4180,6653,62
2022-06-23,24,2253,9011,57
2019-03-29,1,4252,12713,469
2020-03-23,21,3679,11941,111
2019-10-03,19,2841,13341,67
2020-09-25,5,3814,13089,168
2023-09-13,10,4076,11763,435
2020-05-16,23,2951,682,84
2020-06-08,21,3589,9519,425
2022-01-30,23,2270,4028,97
2021-01-19,13,1380,10950,214
2019-06-16,21,1035,340,124
2023-12-13,18,3664,3962,483
2023-01-11,3,312,1729,489
2019-01-06,18,1928,8316,24
2019-10-09,9,995,9214,304
2020-09-12,11,4112,3027,144
2022-04-08,3,3329,8115,443
2020-06-22,9,867,13256,203
2023-08-25,23,2829,11324,292
2022-12-16,11,1748,13927,309
2021-03-31,19,2544,12801,473
2022-04-10,30,360,7137,279
2022-04-29,14,4606,12569,380
2020-09-11,26,2420,12416,201
2019-01-06,7,2243,2473,311
2023-09-23,9,4928,3725,409
2019-05-12,21,4810,8173,394
2023-08-20,5,785,14686,466
2023-05-06,2,3107,5163,188
2020-04-28,2,2879,9219,11
2022-07-30,3,1750,14147,156
2020-02-16,12,2975,7795,218
2019-11-21,20,691,3262,142
2019-07-12,14,2899,9458,413
2019-01-02,22,2067,5506,276
2022-12-26,30,1744,7164,453
2020-07-29,19,3945,10756,230
2020-07-19,7,4515,10787,330
2023-12-20,10,2819,8000,257
2023-01-22,13,1645,510,312
2021-08-12,15,2324,9604,234
2021-04-01,26,3342,10706,474
2022-01-01,8,4994,14540,333
2020-02-13,22,837,12430,103
2020-04-03,11,2107,7635,83
2022-09-06,9,2418,1359,192
2023-09-29,7,1816,699,438
2022-04-04,7,1065,2150,206
2020-04-07,20,2049,11891,51
2023-05-25,6,259,14820,369
2023-08-27,17,3075,4300,385
2022-11-22,7,1698,10395,362
2021-11-23,9,2445,11844,276
2019-07-18,3,857,8151,484
2023-02-10,2,339,612,411
2021-04-28,29,2238,9915,422
2019-02-11,3,4879,11716,312
2022-05-03,9,4440,11082,394
2022-08-01,13,2053,8395,83
2023-04-27,15,4036,5386,103
2019-06-28,4,3771,2160,151
2020-08-30,29,4713,13421,254
2020-04-29,25,4516,1659,266
2020-02-28,25,3071,2073,158
2021-05-22,30,954,8482,419
2022-09-27,30,3322,6603,28
2020-09-28,23,4658,4604,316
2019-10-24,22,2099,433,109
2021-09-13,26,4382,4942,418
2020-08-17,25,3369,10442,190
2020-02-18,19,4167,695,90
2021-01-30,2,4356,1416,474
2022-08-27,7,831,4505,406
2022-07-31,2,3266,12247,229
2019-03-24,15,2851,13658,366
2023-04-04,11,1717,4080,130
2021-08-17,19,4723,13749,206
2023-11-24,7,3586,3532,15
2023-01-21,7,1450,11442,276
2020-09-09,18,3845,2247,197
2022-09-24,16,3191,13358,491
2023-11-21,20,2375,2679,291
2023-10-30,23,1672,9986,428
2019-06-03,15,4536,4271,315
2022-09-13,24,3440,1037,418
2021-05-21,11,3535,1993,322
2022-09-15,10,1805,4360,496
2020-12-31,28,1588,7659,402
2019-04-18,1,446,3022,10
2020-10-06,2,2343,1478,126
2020-08-04,27,241,9553,452
2020-06-07,28,4600,12702,80
2022-11-06,5,2183,2302,113
2019-11-06,8,694,583,223
2020-08-05,19,3206,9951,92
2021-01-26,8,794,5588,10
2023-04-15,20,1539,4753,367
2021-01-29,20,2453,14249,130
2022-02-26,21,4810,2021,228
2023-10-19,25,314,5685,138
2019-04-15,28,4535,12391,221
2020-01-28,18,3680,6283,193
2021-07-30,14,3355,6496,449
2022-05-11,26,4999,3155,121
2022-01-30,27,4504,10345,162
2022-12-27,16,779,1086,444
2020-09-04,9,3204,7598,75
2021-08-30,30,2852,7874,484
2019-12-05,8,4884,9495,464
2023-03-15,30,2440,11355,105
2023-08-28,23,4065,3135,434
2019-07-04,3,1391,12929,321
2021-12-28,28,1164,4708,336
2019-10-21,13,3366,14335,452
2021-06-27,12,1500,4240,250
2022-03-14,16,4897,13810,446
2023-12-21,17,4483,3454,185
2020-08-28,26,4036,12227,413
2021-07-10,20,2007,14098,348
2019-06-13,17,4443,12988,468
2020-10-04,16,4551,9690,115
2019-06-28,25,2387,14424,429
2023-03-14,21,154,11618,382
2023-12-09,27,2879,8139,154
2022-12-08,18,338,12349,269
2020-03-29,20,3339,668,183
2020-02-10,29,736,9749,165
2021-12-09,7,3688,2255,80
2019-12-10,2,1236,3396,304
2023-01-23,25,3997,922,126
2019-01-21,13,1495,3739,77
2019-04-27,9,2524,5399,214
2022-10-31,27,4069,10033,366
2021-09-20,7,2958,9924,290
2021-05-13,19,3987,14216,472
2020-09-03,6,368,4780,441
2022-07-18,22,4888,13819,59
2020-08-14,1,3981,14030,67
2019-05-09,12,1770,13984,254
2021-07-28,11,3349,7170,206
2022-05-22,13,1597,5968,94
2023-08-30,12,3338,13358,432
2023-02-13,8,3704,10467,266
2019-11-28,23,1260,8632,311
2023-12-22,15,4948,8045,31
2019-02-05,10,814,7115,479
2022-03-07,3,4753,3637,441
2021-04-07,11,1459,9947,137
2019-03-17,6,4272,9567,152
2020-11-24,2,2922,9792,108
2020-10-20,30,107,11800,275
2021-09-27,4,659,6059,38
2019-10-13,27,4655,3602,343
2019-04-04,7,1599,664,123
2019-04-01,15,2228,6076,171
2021-11-30,5,1783,7243,383
2021-02-06,1,2946,3279,353
2023-08-05,29,724,11784,371
2020-04-29,29,3186,12875,497
2023-05-11,21,1273,11683,45
2022-05-19,8,1436,13630,334
2020-12-09,12,4480,12806,254
2020-03-07,14,4525,14484,65
2022-10-22,18,942,6149,234
2023-07-16,3,3054,4306,65
2022-02-20,23,2322,3660,205
2022-01-16,25,1537,624,370
2019-07-18,6,4078,4925,96
2020-10-20,8,4725,417,60
2023-01-17,8,4185,12505,375
2022-02-20,25,2586,2054,304
2019-08-28,20,282,7482,16
2023-05-25,27,2970,4986,483
2021-04-13,26,4648,4330,378
2021-04-02,25,4229,12623,220
2023-02-07,24,107,12550,446
2022-04-21,11,1236,6220,321
2022-11-26,12,1934,1368,117
2022-06-07,14,4746,7837,467
2020-09-13,1,4001,1116,111
2021-04-26,21,1769,3468,149
2021-01-13,12,3557,8205,151
2020-10-11,21,2130,3378,456
2021-01-25,15,4887,5255,65
2022-02-09,9,1611,9713,170
2020-01-09,13,4074,5317,133
2021-11-01,11,716,14118,21
2022-05-09,23,4733,6190,174
2021-03-16,3,1759,3840,35
2023-03-27,25,2774,1141,408
2022-02-12,19,1601,10670,379
2019-09-13,28,2551,12539,371
2021-03-11,2,3556,3389,393
2021-09-20,9,3014,10744,221
2022-04-19,12,3555,3399,152
2020-01-04,4,2154,12765,397
2020-03-31,20,2597,6218,327
2023-09-21,12,317,12589,474
2022-10-19,16,3583,335,294
2022-06-24,28,4182,2965,259
2020-06-28,7,1187,1448,142
2023-05-27,23,4264,14238,373
2020-07-15,4,728,3359,420
2020-03-14,29,3443,1687,254
2022-11-02,15,4889,10306,320
2022-07-12,15,1600,12164,181
2021-06-12,12,164,5461,233
2023-02-07,15,1656,645,385
2021-06-21,18,2866,5751,83
2022-08-20,10,216,14033,486
2020-05-05,30,4014,10818,481
2022-01-15,4,3415,3281,55
2023-03-20,1,4574,10502,388
2022-11-08,5,2451,2918,357
2019-03-08,16,1738,6846,338
2021-07-12,9,3927,13389,256
2019-04-05,16,3160,3110,428
2019-01-02,28,2116,9112,341
2022-12-29,6,4168,1663,421
2021-10-04,13,884,11672,497
2023-01-12,5,4030,10228,372
2020-09-05,25,2841,8986,32
2020-11-17,19,720,5494,368
2019-12-27,23,4563,4539,294
2021-11-09,15,4792,4189,278
2021-07-06,20,4604,6495,84
2019-10-10,5,1991,11994,476
2023-06-10,8,112,4827,148
2020-10-28,6,2722,14491,163
2023-09-28,26,2758,10705,152
2023-10-11,13,2904,13645,96
2022-06-20,13,3775,10006,391
2019-05-26,3,4566,495,459
2023-08-06,20,2016,7000,184
2023-06-18,7,4702,5887,263
2023-09-06,16,3602,5469,282
2021-03-28,1,4223,14087,427
2019-03-09,18,4836,1600,281
2022-01-06,8,3283,5553,148
2020-07-19,8,1293,1756,328
2021-02-09,24,922,10246,350
2021-08-03,25,2692,12348,219
2020-02-15,13,2220,6104,425
2019-01-31,29,1775,10362,302
2020-04-27,15,2868,221,412
2021-08-09,18,4899,11021,258
2019-11-05,12,2857,14391,308
2021-06-10,1,3686,12415,317
2023-12-12,15,4724,5317,330
2023-12-24,16,4265,1591,111
2022-10-18,26,3428,2194,246
2020-07-06,5,3327,8912,352
2022-09-13,21,1794,10456,55
2019-10-29,15,2847,5049,474
2022-09-17,17,4653,1557,327
2023-11-18,14,1426,8911,335
2019-07-16,29,4160,5895,272
2023-05-06,28,2948,1168,472
2019-10-03,11,3644,14689,93
2019-10-31,27,1850,7229,267
2023-06-19,20,3906,1898,196
2019-06-13,30,1495,2856,12
2023-02-25,26,659,4406,222
2021-10-27,8,536,12920,109
2022-03-28,24,2207,702,65
2021-07-01,16,3164,8396,211
2021-09-18,14,4384,9562,373
2023-08-22,7,1591,14299,431
2023-04-12,20,3601,345,111
2019-06-26,20,3687,1812,447
2023-12-16,5,3437,8813,71
2023-06-17,10,1935,11031,309
2020-04-17,11,2676,6547,303
2019-11-20,18,4773,8487,265
2021-06-26,16,4325,5686,403
2023-08-05,12,4327,5241,286
2022-10-18,6,4863,13031,482
2023-03-18,30,2635,6287,70
2022-12-08,21,1272,3535,79
2019-02-11,17,863,7382,10
2023-07-24,1,2888,7542,192
2021-06-05,18,4633,3284,466
2020-10-23,7,4936,3016,499
2022-02-17,23,3219,4044,379
2019-07-03,15,255,2787,377
2019-05-13,26,3862,12253,247
2019-05-25,25,4882,5054,393
2019-06-22,24,4939,14643,450
2021-11-18,2,1222,1506,222
2020-12-30,29,1339,14976,230
2023-10-04,19,2150,1902,79
2021-08-25,25,3635,1781,50
2022-09-23,15,2482,2714,24
2021-06-08,20,2106,3889,301
2020-02-10,10,3403,8979,360
2023-01-26,2,3691,9615,244
2021-04-21,12,318,10663,472
2019-06-17,5,803,10423,11
2020-11-17,8,1672,2759,92
2019-09-24,3,2058,12026,170
2022-08-25,6,1732,13604,434
2019-02-11,23,3270,8328,337
2020-03-09,11,2663,11375,302
2021-07-15,1,3940,13429,53
2019-01-11,12,1359,10434,169
2023-04-14,24,1908,5928,387
2023-12-26,22,963,3791,21
2020-03-28,11,3817,7867,477
2023-08-08,7,4493,7601,131
2019-08-22,19,696,2034,19
2021-09-22,5,570,6936,99
2022-02-09,15,1066,1766,25
2023-05-25,3,4242,7692,351
2022-04-27,11,1963,6380,406
2023-05-09,11,1967,7899,41
2022-08-05,21,3019,2858,440
2023-07-03,9,3112,12868,12
2020-11-05,27,889,14957,326
2019-07-26,23,831,13965,174
2022-02-20,19,4943,2248,251
2019-01-13,27,3342,8482,249
2021-03-17,22,1473,13509,469
2019-04-29,6,876,12715,146
2023-04-30,9,2439,5059,456
2020-10-19,29,1780,13985,91
2023-12-10,27,3875,10122,45
2019-11-03,9,1601,852,360
2023-06-01,5,1651,8705,234
2020-01-01,20,840,274,114
2019-08-08,21,3872,5625,320
2023-05-10,5,1523,3953,283
2021-06-02,4,3733,403,182
2019-02-28,4,992,9589,481
2020-02-20,30,3755,3940,73
2019-09-12,19,1422,8261,171
2022-09-12,28,3002,657,487
2021-03-27,23,488,4103,81
2020-11-25,11,2639,5708,35
2021-05-20,16,4951,5977,422
2019-03-13,20,835,14194,334
2019-01-19,18,1998,10198,295
2021-06-19,1,3531,5841,181
2021-12-14,21,1581,8132,155
2020-10-30,21,4156,1884,70
2022-08-07,8,1457,7238,77
2020-12-01,25,4941,12037,318
2023-03-13,28,4451,553,234
2020-03-06,4,3213,12883,405
2020-09-07,12,4902,702,180
2023-12-22,22,3517,4434,390
2019-02-21,8,3783,3143,187
2019-07-10,26,2856,2826,83
2021-07-29,30,452,13101,205
2023-12-21,17,3181,5149,345
2022-09-11,25,742,492,448
2023-09-28,24,1768,7959,132
2020-12-20,6,429,9999,465
2022-02-22,16,786,7269,131
2023-05-06,11,2070,631,202
2019-12-20,22,818,4332,143
2022-07-08,25,3392,4981,212
2021-08-16,1,4560,13002,300
2023-08-21,20,3967,12095,32
2021-09-03,12,1371,7041,398
2022-10-05,30,4389,11882,260
2023-12-11,1,636,8733,87
2023-06-01,26,1895,14922,471
2019-09-16,8,3667,929,229
2019-08-01,10,2125,7508,43
2021-03-28,11,831,14202,60
2021-10-25,8,1868,14542,229
2020-01-26,2,4109,14753,85
2019-02-24,4,2948,14018,486
2020-02-15,27,508,10305,296
2022-03-11,10,1732,10504,395
2020-07-24,17,1569,1913,323
2023-11-19,22,2761,8808,434
2019-03-01,3,3636,6791,230
2020-07-03,1,3520,13715,351
2022-07-17,1,1692,2863,196
2021-10-17,29,207,3739,203
2019-09-30,1,4468,4755,339
2022-08-12,23,1214,13191,275
2020-08-08,10,164,6374,327
2020-01-07,16,2421,14633,94
2023-10-23,3,1482,2172,326
2023-04-02,26,2844,7124,56
2019-03-11,2,333,7423,231
2023-04-07,17,4750,12461,113
2022-03-01,18,3035,6429,276
2019-04-26,19,2161,6038,320
2019-11-07,8,3404,4934,231
2023-06-20,9,432,3641,334
2021-07-09,13,2433,10560,61
2022-10-25,20,2876,5559,243
2022-12-14,7,1572,5657,44
2020-10-09,19,2866,7262,230
2022-06-17,16,1723,10326,166
2020-10-29,25,4971,3231,277
2019-06-24,21,3181,13335,86
2019-03-22,30,1943,13391,115
2022-03-22,4,2892,9274,21
2020-10-25,24,123,337,362
2019-03-15,9,902,4873,409
2022-06-28,17,2224,7387,249
2023-09-08,29,3026,10968,471
2020-01-06,12,2623,5473,77
2019-11-19,10,1304,7378,444
2019-06-15,5,4823,6049,290
2019-06-16,14,2040,10612,350
2021-06-24,1,340,6717,10
2021-05-12,3,4291,14081,221
2023-05-31,6,507,12513,50
2023-07-21,2,4417,12610,120
2019-07-14,19,3868,7755,312
2022-04-25,30,1029,1470,496
2023-12-18,10,4023,13059,210
2023-09-11,27,3834,14025,131
2022-08-10,25,3367,6221,439
2020-01-19,7,791,6601,280
2023-07-20,30,3917,726,345
2020-11-06,13,4409,7090,288
2020-08-04,27,472,3787,109
2023-01-05,10,2910,8131,188
2023-01-29,17,144,5586,436
2023-02-23,22,4502,8003,124
2020-04-02,3,4400,8659,26
2021-10-21,6,391,7403,19
2021-06-07,28,1933,8225,179
2021-06-18,19,4417,14724,357
2022-11-20,1,904,4370,24
2019-12-29,30,1830,3688,36
2020-04-29,28,1394,6554,453
2021-05-27,16,3261,1055,262
2023-09-05,13,842,1505,112
2020-06-26,15,3523,12212,291
2022-08-16,16,923,10114,151
2021-06-13,15,1694,9960,201
2019-03-07,20,4792,845,308
2023-02-20,8,2503,4202,351
2021-01-18,4,2464,2210,250
2022-06-29,8,3211,6720,340
2019-12-24,6,2390,11669,432
2021-08-11,5,2758,8608,124
2022-12-27,8,1586,14437,462
2022-12-31,9,4265,4022,127
2022-03-12,19,3760,7924,74
2020-07-17,9,4820,6386,469
2019-02-26,10,1262,1114,265
2022-09-02,18,1918,5227,468
2021-01-17,25,3002,8256,307
2021-12-16,12,4565,13341,71
2019-09-10,28,3093,2811,201
2021-08-24,11,786,583,463
2019-01-04,29,3226,9470,271
2022-06-29,20,4848,4711,357
2020-09-15,13,3410,2134,131
2020-04-22,26,2764,14135,230
2019-06-10,22,4011,12392,389
2022-05-15,5,1646,3402,10
2021-09-27,8,2895,10735,463
2019-12-22,19,4601,888,363
2022-01-07,11,1458,3327,366
2019-05-16,8,2383,11458,91
2020-06-04,4,1823,12932,43
2019-06-07,7,1161,4028,97
2019-06-16,21,4918,12080,316
2023-11-10,7,3075,14971,124
2023-12-14,28,2078,7055,325
2022-04-12,9,4376,7009,366
2019-12-04,5,1762,12189,235
2021-05-30,17,3399,12064,379
2020-10-31,22,4953,5573,217
2022-06-11,7,4002,5823,87
2020-10-13,9,331,1556,227
2019-07-03,18,128,14777,385
2022-09-08,30,3249,6929,304
2022-10-10,8,1636,9946,391
2021-11-21,6,4383,14532,195
2022-03-20,16,2065,4755,230
2022-11-11,17,3019,8150,487
2020-11-26,6,4509,3515,357
2020-05-10,28,179,10624,291
2020-05-05,19,629,11172,309
2023-05-28,4,4860,9239,126
2023-04-26,18,2997,9386,326
2020-05-11,20,794,7620,256
2021-02-04,30,621,6196,481
2022-02-17,3,1495,13150,474
2020-07-25,5,4956,13612,152
2023-05-20,14,4966,11568,90
2022-10-31,8,2614,11951,404
2023-03-14,15,3091,7288,494
2022-05-18,21,2589,5420,467
2023-11-22,28,185,1078,474
2022-10-16,23,1264,8363,235
2023-01-21,9,4147,2931,67
2023-03-24,11,2615,3760,313
2021-01-21,6,3678,833,80
2023-04-07,21,3275,3180,434
2023-06-10,9,673,3934,297
2022-12-14,23,2027,7307,99
2021-07-16,4,4761,12170,187
2022-02-07,30,2964,13276,497
2021-12-07,14,2485,5690,427
2022-07-06,25,2201,3460,151
2022-06-26,23,1049,13115,311
2019-07-16,19,2105,9225,268
2019-05-25,24,355,14606,66
2019-02-26,19,1858,10013,82
2022-02-15,12,2833,3601,85
2023-12-27,17,2722,13807,389
2020-11-09,19,2434,4924,71
2022-11-28,19,396,1654,280
2022-08-27,30,4713,13432,159
2020-01-08,23,4931,5463,259
2019-11-27,16,3449,3778,276
2019-11-13,11,1535,11746,427
2022-11-07,26,3200,8295,27
2020-07-08,16,145,7726,126
2023-11-18,4,1213,3719,224
2021-03-14,10,4508,11091,488
2022-08-05,30,2676,8882,423
2021-08-26,14,1335,7326,153
2023-08-19,27,1592,8954,385
2022-04-24,21,2582,2038,360
2023-10-26,13,2565,9889,203
2020-11-22,7,2027,11268,191
2022-04-14,12,2235,6310,105
2022-08-13,6,464,8392,128
2022-05-08,17,1995,328,439
2019-12-09,29,963,3172,262
2023-06-15,8,1307,6236,291
2020-03-15,21,4260,8288,99
2022-10-03,26,3298,9289,419
2023-03-15,12,2568,7595,406
2023-11-18,5,3241,10105,79
2020-10-25,20,3600,5176,297
2022-09-23,4,283,12602,20
2023-10-02,28,258,10166,435
2022-05-27,1,1161,6339,37
2023-02-26,21,1676,11233,186
2022-10-05,9,1559,9480,116
2022-10-27,3,4806,2128,419
2022-11-12,24,2631,14501,480
2023-05-31,24,1772,2627,234
2021-08-21,23,863,11059,430
2021-10-15,15,2445,4022,420
2023-02-22,5,3420,5761,278
2019-03-05,5,888,5819,176
2019-01-09,9,3238,2025,410
2019-07-10,8,4790,14828,399
2021-08-30,2,605,1895,23
2020-11-20,15,3111,10337,135
2021-08-27,12,4744,6373,180
2022-03-28,19,479,2147,409
2020-10-18,5,2768,7804,115
2022-09-03,11,4595,10042,212
2021-03-04,27,1652,13396,51
2023-10-27,19,1772,8529,364
2021-09-08,30,2278,13145,236
2021-08-29,28,625,13060,407
2022-05-27,18,4720,12893,87
2019-02-06,17,3726,11621,399
2020-02-04,11,1359,12403,72
2022-06-28,28,3753,4282,166
2020-08-31,26,1260,4366,46
2020-06-21,12,3148,3000,487
2020-11-24,13,982,5388,150
2021-11-17,27,1837,5368,93
2019-05-15,24,1765,7945,474
2022-09-29,18,2358,6032,406
2020-12-20,2,3801,4146,454
2020-07-12,13,4664,12417,45
2022-06-07,6,1071,9977,85
2021-06-21,24,1399,6480,54
2021-09-18,17,1081,6719,238
2022-11-13,1,3539,6900,449
2020-12-22,3,4769,12510,36
2023-07-18,28,2284,13157,147
2021-08-20,4,3076,2103,275
2019-09-22,13,3176,5103,263
2022-01-30,11,1591,7854,230
2023-11-03,18,2094,4298,453
2020-10-10,26,4007,11075,96
2019-10-31,19,4413,14970,230
2020-07-15,19,284,4328,70
2021-01-22,15,2391,12969,93
2023-08-02,28,1856,4861,258
2020-04-22,14,3268,14040,461
2023-04-19,6,1921,1601,243
2023-10-05,6,2327,10798,47
2019-11-02,28,798,3410,361
2020-05-25,22,129,3252,43
2021-07-25,7,820,11503,481
2019-12-30,15,3986,772,401
2022-12-11,18,4747,7104,82
2021-07-08,18,2264,9991,196
2023-05-28,18,3362,14631,194
2019-09-20,3,1500,14389,85
2021-08-18,14,840,4529,154
2021-09-09,22,3915,10205,324
2023-08-17,28,3394,14509,166
2019-06-17,22,225,2100,215
2019-06-13,27,4304,12823,32
2022-12-14,30,4052,13619,244
2020-01-10,12,3192,4616,25
2019-10-10,16,1363,10293,262
2023-12-20,19,4341,6864,405
2019-08-30,21,4038,385,193
2022-12-30,20,3147,7264,456
2023-11-22,20,4519,14566,254
2021-05-17,23,2468,11024,87
2019-08-03,30,4860,5685,420
2022-04-20,27,1162,4273,154
2021-10-11,24,3283,2562,100
2023-09-10,21,1269,5407,321
2021-10-05,17,1837,11446,362
2019-11-28,22,1056,12086,264
2023-12-22,28,4573,10219,107
2019-10-13,19,2541,718,138
2019-07-15,23,3302,1678,391
2023-07-24,23,4048,12398,15
2023-10-21,29,464,7826,195
2023-02-02,22,4197,681,348
2021-06-14,10,4382,3600,413
2021-07-16,23,1036,9612,331
2021-03-17,19,4991,2130,18
2020-08-23,27,3137,13358,471
2020-10-24,7,1078,11410,240
2021-08-28,25,2501,6685,99
2019-04-01,25,3676,9182,156
2019-09-12,21,1698,13210,79
2022-07-06,12,4027,8511,38
2023-09-14,10,3669,9587,237
2023-09-21,12,4261,1826,284
2020-08-02,8,2547,2766,451
2019-02-19,30,4834,2030,432
2020-07-06,5,4981,2776,65
2020-09-22,27,1642,419,203
2019-02-12,8,412,3111,344
2020-09-15,1,3695,6883,34
2021-04-01,22,602,14887,426
2020-01-24,8,257,4886,188
2021-06-08,9,734,14563,197
2022-10-23,27,158,297,248
2019-06-22,22,3352,11648,481
2022-05-28,27,2892,10520,140
2022-01-22,16,1164,7854,22
2022-03-26,19,2294,3859,244
2023-06-14,30,4612,6120,458
2019-07-14,27,586,7765,167
2023-10-26,14,781,12444,408
2021-09-30,2,928,8085,73
2021-09-07,11,3348,11940,268
2022-01-23,17,199,1640,122
2019-05-03,6,3752,6667,230
2021-11-19,19,2706,7435,458
2019-05-11,11,1804,12811,358
2023-06-16,7,2720,3378,247
2020-08-11,27,2846,12796,302
2023-09-15,17,4823,1117,448
2019-02-01,23,638,4636,253
2019-11-17,7,337,5646,170
2023-11-13,2,1130,5205,459
2020-08-24,8,4267,7305,441
2020-12-13,6,216,5932,166
2022-10-17,2,4676,7435,374
2022-04-14,25,2536,2163,462
2023-09-24,16,4411,6169,259
2019-03-11,12,4706,6102,154
2023-05-05,22,619,10479,160
2019-07-18,11,1054,4284,312
2019-05-25,13,4307,7899,330
2023-04-12,15,2119,3136,204
2021-04-24,13,3722,5292,179
2021-07-15,18,394,13598,286
2021-01-05,2,2313,8271,475
2020-05-17,1,4782,8320,210
2021-11-02,15,3895,10884,174
2021-03-15,28,3081,4689,312
2020-10-01,16,1163,7192,27
2022-11-09,1,530,1212,299
2021-07-29,27,2729,10073,48
2019-07-13,5,2628,11993,429
2021-12-23,23,1350,7535,456
2020-10-10,14,3157,450,33
2019-03-27,25,2193,9215,451
2019-04-24,4,4221,2057,68
2021-10-10,23,198,5381,361
2022-02-09,30,2952,9234,41
2023-09-29,3,2072,11355,350
2021-06-26,23,1253,7247,229
2021-02-28,9,2800,7926,254
2022-08-08,9,332,2178,304
2019-09-08,30,1078,4824,34
2023-05-31,21,1313,1756,21
2022-01-19,17,2701,3674,282
2022-05-04,22,2092,7632,353
2022-10-21,10,3915,9536,190
2020-07-03,13,3819,14346,154
2020-12-03,11,3043,3680,241
2022-08-28,14,209,6079,305
2020-08-31,19,1082,11434,220
2023-04-02,8,1961,6196,158
2021-04-14,24,230,6714,281
2019-04-03,27,1561,1330,380
2022-02-18,20,4397,2582,223
2023-02-16,28,1864,9041,382
2023-12-18,3,1284,1302,214
2022-01-22,7,3044,6733,446
2022-08-21,25,4475,5054,414
2019-01-13,21,4968,8605,179
2021-02-23,7,2484,1174,109
2019-03-20,10,3382,12856,321
2023-08-29,8,3635,13384,180
2019-07-26,30,2057,13099,203
2022-12-12,29,1540,8079,448
2020-12-27,20,262,8487,39
2023-09-05,16,4246,7609,239
2021-04-29,3,1957,5713,423
2020-07-09,17,1603,11853,457
2022-03-18,10,1933,7429,68
2019-01-10,17,2188,6723,364
2022-11-25,1,2330,8531,189
2020-05-02,6,1415,9640,127
2021-07-07,8,3188,7196,284
2021-12-28,3,1362,12861,91
2021-10-27,7,3923,1573,64
2022-08-08,15,1216,6885,317
2021-05-22,15,3294,6526,308
2019-08-28,11,2321,5613,60
2022-10-25,14,4042,13314,290
2019-09-22,1,516,13704,235
2019-04-28,11,4263,10634,255
2022-09-23,13,2753,1027,256
2019-01-27,5,4575,14405,340
2022-05-12,15,2381,11022,403
2021-11-24,20,1228,12607,397
2023-06-05,8,4862,5444,138
2019-01-11,15,1449,5657,379
2019-04-24,20,4235,14029,244
2019-09-26,28,2635,2989,246
2019-07-20,8,568,9655,448
2019-05-09,17,4151,7857,194
2019-02-04,10,1285,12216,294
2023-12-01,12,3725,2150,482
2019-10-01,2,1164,12216,304
2022-08-09,20,4315,3882,383
2019-11-25,12,958,7593,376
2022-09-25,10,3899,12576,144
2021-01-22,22,1348,12309,70
2021-11-04,21,1418,6971,310
2021-08-18,16,1444,10359,296
2019-06-14,1,2046,9030,316
2019-02-17,8,4809,1313,338
2021-07-10,6,429,1067,85
2022-02-03,11,1528,6126,42
2021-07-09,3,835,4624,450
2021-01-22,21,1351,10204,317
2023-01-14,16,2967,8508,129
2019-12-10,12,3875,11219,386
2023-11-29,26,975,12806,422
2021-08-07,25,4881,11697,129
2021-05-21,25,4834,8095,355
2021-02-20,12,4866,12469,499
2022-10-03,6,1616,12702,95
2021-11-18,24,2325,3785,465
2019-08-24,13,3338,4440,385
2019-06-22,4,2089,6712,444
2023-01-24,15,1460,8377,129
2023-12-22,19,2470,13504,164
2019-10-08,16,2315,723,342
2019-09-24,27,4901,8021,412
2022-09-10,11,3899,3921,479
2023-11-10,1,3920,2948,243
2019-10-05,10,1829,10058,329
2023-01-10,14,2994,13002,72
2020-03-02,26,3704,5863,345
2023-09-28,13,1709,2301,410
2019-07-23,4,1172,8384,53
2020-03-11,1,3995,11158,144
2022-04-18,3,4186,4947,57
2023-01-20,6,3166,7062,146
2020-02-09,1,561,12879,198
2019-06-23,28,887,2624,134
2019-04-18,29,4815,2632,78
2022-05-01,2,3219,10291,156
2022-03-09,14,1092,6712,245
2021-06-29,23,161,1148,487
2020-11-24,17,365,5838,26
2023-05-28,2,2518,10437,96
2021-04-28,28,288,415,216
2020-12-13,22,3132,582,475
2022-10-09,16,3375,12322,415
2023-02-13,18,1849,2045,473
2023-01-21,3,854,10097,421
2021-12-28,21,100,8868,34
2022-02-24,14,3643,5406,378
2021-05-29,25,3259,333,176
2020-03-24,26,2736,3013,423
2019-06-10,8,1043,1904,148
2023-02-04,1,2691,3204,393
2019-10-12,3,2011,3136,116
2019-09-25,12,3703,420,154
2021-03-20,10,2783,11367,95
2021-09-26,2,4764,6544,116
2019-02-02,24,4127,11289,76
2019-01-17,3,1211,1283,79
2020-04-16,29,3265,14871,188
2023-07-06,11,1381,6758,126
2021-03-20,23,1794,11624,362
2023-01-14,11,1986,2392,46
2023-03-06,4,4997,12601,13
2020-03-18,28,2130,1425,312
2019-05-07,30,2942,6711,307
2022-07-16,22,4850,14195,104
2021-05-21,29,1434,1296,438
2022-12-18,5,2735,471,239
2022-09-12,11,1775,11763,434
2023-02-02,27,1958,5946,115
2020-09-09,1,3378,5529,349
2022-07-08,10,1185,5844,39
2021-08-07,6,3918,9716,257
2021-08-28,29,921,13828,376
2020-08-03,12,2434,8263,439
2023-08-22,20,1777,14782,76
2023-03-01,10,4303,14534,24
2021-08-03,8,279,13384,403
2020-10-13,5,524,12708,369
2019-11-11,22,4697,7811,445
2020-10-26,19,2432,489,195
2021-01-11,21,690,3397,154
2019-03-27,22,3069,3748,302
2021-07-23,8,1807,3266,397
2020-08-07,6,304,7120,211
2022-02-09,6,4460,10663,391
2023-08-31,13,2318,11128,418
2020-01-09,6,1278,4805,370
2021-08-31,22,3711,11465,465
2020-09-17,6,2468,2784,360
2020-09-05,29,2346,9484,122
2022-02-17,13,1677,10116,104
2021-07-17,9,2066,2179,312
2022-01-12,12,2478,7662,29
2021-02-25,28,2288,6782,387
2020-04-27,20,1472,6457,47
2021-04-23,15,333,7826,143
2020-01-01,19,1683,11213,352
2023-11-02,29,4772,12253,383
2019-10-19,12,1895,14244,268
2023-04-15,2,3161,6173,52
2022-06-30,17,832,13692,447
2021-09-15,8,468,9379,161
2019-10-12,29,2797,437,489
2020-07-19,9,3736,3876,63
2019-11-16,29,834,8003,446
2023-11-06,21,1573,6816,359
2019-02-19,14,1300,8515,488
2023-09-07,28,4578,4881,102
2021-05-14,5,802,3136,93
2019-02-16,29,2656,5635,406
2022-12-23,20,4001,3612,155
2020-02-19,3,4030,13640,338
2021-05-28,21,1803,6950,356
2020-11-26,16,707,5086,28
2023-07-22,21,2745,7293,468
2023-06-04,19,4155,7130,152
2021-10-23,15,164,6398,240
2019-08-23,29,4632,10382,302
2021-02-25,27,2676,8385,418
2022-12-27,16,2236,8895,15
2023-07-06,10,180,5043,133
2020-08-29,19,1175,6658,41
2019-04-04,17,3676,1152,111
2019-02-18,2,988,2416,126
2021-11-26,22,2330,8004,85
2023-07-10,21,3552,7120,52
2020-02-11,1,1781,12429,76
2021-05-04,17,1926,6733,458
2019-11-24,5,3909,413,11
2019-12-23,14,1979,420,31
2019-09-09,12,1545,11124,324
2019-10-06,9,3543,7184,285
2023-10-27,20,3744,2722,321
2020-10-23,1,3049,9241,277
2023-10-14,17,809,14996,466
2023-01-28,21,4417,12037,248
2019-09-11,24,931,6378,399
2021-09-19,23,1637,3269,377
2020-09-13,6,4672,2109,217
2019-01-16,7,2780,8656,142
2019-08-21,8,4405,3420,147
2021-01-31,15,1696,10621,198
2023-05-18,13,4807,5631,196
2019-02-04,23,799,6488,402
2019-07-04,13,1077,3067,473
2019-12-16,12,2536,10843,437
2019-05-09,9,401,9266,383
2020-08-26,16,4546,8236,222
2019-07-20,12,4631,7024,119
2023-08-16,24,4448,13348,35
2019-04-02,24,3042,12945,396
2023-06-10,26,2499,5275,451
2020-02-05,27,1049,6172,71
2023-07-26,30,630,1502,160
2020-11-08,13,2098,3654,18
2020-11-05,16,1922,3715,65
2021-03-20,7,172,12629,469
2020-10-27,18,1810,2418,69
2022-10-04,13,3712,1636,245
2019-10-11,26,1283,5930,386
2020-07-27,10,1988,2316,321
2022-08-01,17,1953,6379,478
2023-03-03,13,384,1622,25
2022-11-29,21,2220,11043,155
2022-08-15,4,2251,5383,457
2020-05-19,12,4065,8211,55
2022-11-07,11,1341,3282,29
2022-09-12,19,283,719,76
2022-09-28,5,3287,3684,175
2020-01-28,7,3351,1224,102
2022-07-18,28,3930,9086,363
2023-08-08,7,3631,4890,418
2022-02-17,22,2720,13487,331
2019-07-22,11,1409,4058,265
2023-11-12,18,3641,14231,371
2021-06-19,8,1957,9442,111
2022-04-06,1,134,2316,230
2020-07-12,16,3913,13867,240
2023-01-03,5,1472,3088,154
2019-05-26,11,4058,10508,412
2019-07-07,19,2874,9228,368
2023-11-14,5,1525,333,56
2023-03-10,27,1908,12953,114
2023-07-05,23,1166,5530,30
2022-02-14,5,375,3006,413
2020-08-13,3,2563,5902,299
2022-05-03,15,3167,10066,186
2020-08-23,28,4358,3334,38
2023-06-26,25,3039,14727,281
2023-05-09,5,3243,3690,26
2019-03-18,17,2331,846,270
2019-07-03,5,3360,4531,428
2019-06-14,14,3739,6657,78
2019-03-12,6,515,597,451
2023-10-17,10,4743,11653,275
2023-12-13,23,2855,14935,435
2023-01-22,9,564,14383,324
2021-01-29,8,336,12850,55
2023-10-22,26,107,2484,127
2023-11-25,19,4823,6938,134
2022-10-01,10,4870,2050,482
2021-03-02,2,1053,11935,149
2023-02-02,30,4900,6105,18
2020-06-01,4,4358,9497,373
2023-12-31,30,1188,7646,321
2020-05-14,23,2097,8989,293
2019-03-02,25,1139,8835,52
2023-10-25,25,2573,12723,85
2021-02-11,2,811,2106,341
2021-04-18,10,4647,9096,224
2020-10-19,1,137,1500,488
2019-08-12,19,429,3131,243
2021-02-28,27,1325,13211,192
2020-10-15,20,4665,7697,226
2022-09-19,6,659,3993,238
2019-07-27,29,2709,3778,318
2019-01-31,24,3099,4263,237
2023-07-14,18,3248,1521,86
2021-09-14,2,4459,6813,310
2020-03-05,15,2955,8592,40
2020-03-16,8,2980,12078,263
2022-04-03,23,206,1108,448
2020-12-26,13,3257,5113,172
2021-08-30,20,2342,2976,125
2023-10-15,19,1231,13986,207
2020-12-29,1,4226,8730,351
2022-05-22,7,342,9225,27
2020-05-10,27,564,14563,428
2021-01-01,5,1031,4666,165
2020-05-09,28,4832,4416,358
2019-08-17,2,3439,1805,38
2019-06-05,27,2104,7565,209
2023-07-28,9,4427,955,227
2020-09-27,3,2378,6282,385
2020-03-16,1,377,8379,281
2021-07-21,15,1332,3549,161
2019-03-13,8,2239,5035,136
2021-05-12,11,538,10436,118
2020-10-21,27,3887,10034,169
2019-12-28,17,4341,5750,48
2021-08-01,3,430,13863,128
2019-09-07,10,3723,2680,402
2020-05-19,13,115,3487,90
2021-05-19,17,2756,14872,103
2020-02-27,9,145,217,44
2019-12-02,18,1985,7523,365
2020-10-26,15,1949,13451,93
2019-08-17,20,3785,7017,314
2021-10-09,4,1055,8479,241
2022-08-10,20,4054,8054,331
2023-01-03,11,1289,6956,124
2021-04-12,24,3398,6972,149
2021-01-17,17,843,5717,233
2019-02-03,30,4356,1972,197
2021-09-07,23,1892,11438,324
2019-05-05,18,3779,10450,184
2022-05-09,27,3365,14007,15
2022-05-27,24,2095,14986,262
2020-04-30,29,140,3773,358
2019-11-23,24,1688,12319,280
2021-07-12,22,2275,14921,262
2020-11-21,6,410,1472,351
2020-07-25,15,4155,14481,335
2020-06-24,6,3004,3187,125
2019-10-26,25,4232,11199,49
2021-05-15,2,1002,1917,241
2022-10-27,30,2894,14442,67
2023-12-20,6,522,2762,39
2021-09-12,14,151,13973,75
2022-07-02,7,1294,7361,404
2019-08-16,15,3030,4993,32
2022-12-05,5,4841,1039,373
2023-04-03,6,2844,3564,266
2020-04-12,1,4779,2911,222
2021-03-28,30,1086,5933,164
2023-01-16,8,237,5601,196
2021-09-13,3,2617,2762,126
2021-02-28,14,778,6876,244
2019-07-04,4,4995,11363,263
2023-02-26,2,4314,9725,273
2019-08-10,11,3197,9022,247
2023-12-31,23,3723,5922,350
2020-08-03,22,2868,4599,384
2022-10-17,21,2021,6449,175
2023-03-29,25,2300,9153,456
2021-09-07,13,3659,5258,98
2020-12-19,28,418,12952,197
2022-07-17,10,3346,9053,126
2022-10-17,19,3887,5059,267
2020-12-15,6,4321,5360,278
2019-01-27,5,4061,3901,41
2023-06-02,29,1011,3322,127
2020-01-26,7,3727,13607,256
2022-05-22,3,135,2616,18
2023-08-14,30,3424,9676,344
2020-07-18,5,4401,4615,444
2023-10-24,24,4091,3034,278
2019-10-04,21,1411,5279,387
2022-07-08,16,4663,1500,137
2021-04-26,2,2495,10552,440
2019-02-12,12,1069,7894,29
2020-12-02,26,663,7732,16
2022-05-11,14,4029,13655,359
2019-01-01,28,1710,5552,113
2019-05-11,27,3790,14940,471
2023-12-08,24,3483,5770,429
2019-09-26,19,2650,3238,498
2020-10-22,14,2967,447,91
2020-08-08,1,621,4375,13
2019-12-13,19,4884,648,150
2020-03-15,27,1941,14922,95
2019-01-07,2,4063,10946,425
2019-05-16,13,361,3197,353
2020-06-22,8,3749,13885,29
2022-10-23,27,2258,12907,136
2022-03-05,13,250,11536,338
2019-09-04,2,1119,409,257
2022-12-28,6,2242,9370,142
2021-04-19,19,3488,11252,198
2019-04-08,23,3831,406,221
2021-06-21,17,2142,11428,312
2022-02-08,18,167,11286,390
2021-01-17,25,1465,5221,270
2021-03-23,20,3536,8642,216
2019-11-23,23,3501,1175,106
2021-07-01,23,1128,14004,330
2023-07-23,9,4171,14400,445
2020-02-11,12,1604,4279,66
2022-12-07,29,3517,4669,135
2021-12-20,4,2581,8655,89
2020-05-23,5,649,10959,455
2019-08-13,6,2680,14730,437
2022-07-09,30,222,2097,17
2020-04-07,27,2400,2353,375
2023-02-04,30,2469,872,361
2021-02-09,30,289,12227,20
2021-12-21,8,2989,7711,107
2022-07-02,1,4025,833,390
2020-01-05,29,2372,11888,261
2019-03-11,17,3747,10598,126
2020-05-12,10,4220,9654,390
2019-06-28,22,2277,5990,351
2021-12-29,29,160,14516,158
2019-12-18,16,3086,6156,311
2020-10-12,6,4877,4344,43
2022-11-11,19,2409,5671,465
2022-07-03,21,2726,7292,357
2019-02-17,2,809,2831,487
2019-12-15,4,464,3917,16
2020-01-04,16,3480,7238,59
2019-08-23,28,2062,10452,455
2023-11-08,19,4087,5645,60
2020-04-08,14,1901,11528,359
2023-11-09,15,1408,12110,271
2023-03-27,19,3638,12252,440
2022-06-08,2,2029,11426,95
2022-12-17,29,4423,4278,301
2023-02-07,28,4106,6454,32
2022-09-08,13,2141,8179,304
2020-12-22,16,2714,13019,140
2022-04-17,4,1702,12331,205
2021-02-09,3,3065,14398,349
2023-07-21,27,4740,14238,22
2019-04-21,21,2333,8429,231
2019-03-07,17,138,2544,50
2021-03-01,5,1754,11025,300
2021-06-08,25,1410,9995,353
2019-05-11,13,1944,3601,125
2023-07-25,29,2728,13082,206
2022-06-29,19,204,9094,346
2022-06-10,19,3282,11157,372
2020-06-13,8,391,5030,92
2022-02-17,22,3986,3461,355
2022-07-13,13,4509,3995,182
2023-12-17,24,1175,5473,258
2020-04-26,25,3007,2540,215
2020-08-16,19,2654,12407,219
2022-04-24,5,1569,5677,216
2022-09-19,25,2793,11921,286
2020-08-26,7,109,7226,124
2020-03-12,16,3582,12791,461
2022-03-12,12,2244,5347,198
2022-01-23,13,3129,11350,131
2020-05-24,23,733,13744,279
2019-08-02,30,2842,1660,481
2023-10-13,28,801,5775,123
2020-11-10,5,4416,11067,168
2023-02-18,24,4599,8188,243
2023-04-03,18,2161,4803,43
2023-09-21,4,4028,3916,86
2019-10-19,5,593,1605,331
2021-12-30,4,2539,14684,214
2021-07-06,27,2088,4939,363
2022-03-08,27,3004,14265,424
2020-05-25,24,2409,11315,198
2019-08-07,16,3333,9779,303
2019-09-15,18,4288,7313,489
2021-04-04,22,1384,14159,281
2020-09-08,7,2864,9186,159
2019-09-21,8,799,2449,435
2023-05-01,14,1501,6582,431
2023-05-30,1,921,5869,330
2022-07-15,13,2441,10902,281
2019-05-19,14,1704,3261,169
2021-04-30,19,2932,14448,67
2020-03-21,5,3807,4729,418
2022-12-16,26,4988,3256,409
2022-10-07,25,1325,7368,79
2021-09-09,5,3564,4521,52
2020-07-21,4,2650,7147,289
2020-07-26,4,3655,12321,313
2022-02-27,13,3270,8705,415
2021-05-30,9,2529,7255,176
2023-12-28,1,3937,13759,488
2022-08-23,20,913,13757,41
2020-03-28,12,2504,9462,216
2019-10-08,24,2989,5987,212
2020-04-12,21,4738,5364,426
2020-07-26,10,1916,6818,448
2019-01-21,16,1126,3834,419
2022-04-25,4,1239,13567,197
2019-03-31,14,4931,9646,352
2020-05-10,5,2329,3065,183
2020-06-14,1,1923,14193,368
2020-12-02,12,426,12363,44
2021-09-21,21,4315,1076,487
2019-01-05,9,1815,6865,378
2019-07-25,1,4920,3999,322
2021-01-18,18,2815,14954,430
2022-02-09,20,2219,2503,112
2022-07-22,1,3922,11286,354
2020-06-20,29,195,6542,253
2019-05-15,14,1417,13090,304
2023-01-14,2,4487,6500,62
2021-02-01,10,1760,12989,398
2019-12-08,21,4284,2281,334
2023-06-10,21,2812,14071,17
2020-05-11,26,3829,11979,441
2023-01-26,15,792,14008,153
2021-07-18,5,2349,13608,305
2019-10-24,1,1027,4026,260
2021-12-30,29,4272,10731,325
2020-07-14,6,3972,9486,232
2020-04-05,25,4492,12588,48
2021-12-21,29,1105,1313,382
2022-01-27,30,1197,7893,131
2021-01-31,8,3866,8669,455
2019-10-20,28,3309,14833,211
2023-06-16,17,3694,6673,351
2021-09-22,3,1370,13338,437
2023-02-17,11,1431,3775,51
2020-02-13,30,984,3163,195
2021-01-29,1,112,667,265
2019-05-14,7,1615,13148,270
2021-02-13,23,1418,9399,115
2019-07-19,24,3179,6554,493
2023-06-20,14,404,7163,195
2021-08-06,23,3138,12646,93
2021-06-12,9,4342,10110,355
2019-02-05,5,2746,3529,16
2020-07-06,6,2098,6469,131
2019-09-08,12,2669,10451,70
2021-05-27,6,4701,4692,252
2022-05-11,7,2310,11188,302
2023-06-03,17,353,3990,145
2023-05-20,6,2314,10773,286
2021-10-22,8,4576,4932,319
2023-11-24,27,3038,12603,384
2022-08-02,8,2646,11653,97
2023-08-13,21,4856,13086,386
2023-02-21,7,824,14017,287
2020-12-13,3,2662,1825,62
2022-02-04,29,4638,13201,333
2020-07-31,5,1204,9066,313
2019-03-24,23,1730,1379,374
2022-08-15,4,2125,3841,63
2020-08-18,18,1265,7027,159
2019-11-13,29,4065,3255,122
2019-06-24,19,2557,8930,151
2022-05-19,22,3421,8333,419
2021-09-01,23,1228,9096,11
2023-09-18,25,1643,1424,418
2021-12-05,7,2595,11272,385
2022-12-21,23,4869,4004,14
2020-11-19,17,4360,6421,239
2020-05-27,23,2066,4004,242
2021-06-15,21,1756,11597,103
2022-09-29,26,2270,6361,173
2021-05-08,20,186,12867,221
2019-02-18,10,4579,1337,126
2019-05-08,9,2235,6748,103
2019-04-18,5,1943,12933,371
2023-03-17,8,4412,12442,446
2019-12-12,3,3329,10587,85
2021-02-28,7,744,4954,401
2023-04-07,29,4414,3864,205
2022-11-08,17,2804,4014,294
2023-03-29,30,4112,12664,116
2019-09-12,27,2720,9077,34
2021-11-12,21,4814,2695,362
2020-06-27,25,1468,12414,409
2023-06-21,11,4268,8128,59
2021-08-16,28,2761,14791,31
2022-09-01,14,4698,7492,64
2022-06-12,17,2090,8054,288
2019-09-16,4,214,1007,137
2019-11-22,14,4768,11182,496
2023-11-04,14,3121,13037,126
2021-01-09,9,2991,6218,357
2022-05-19,21,2033,11137,31
2021-03-31,27,3443,13699,279
2022-07-03,12,719,14689,353
2020-07-07,7,2678,11186,113
2019-09-09,16,3169,12052,112
2023-10-23,2,3306,5636,140
2021-07-18,13,2112,12380,145
2022-11-26,10,2555,10257,264
2019-04-02,24,2156,1976,180
2020-05-15,2,3786,12619,184
2023-10-01,17,3052,12396,165
2021-01-11,16,2948,13415,231
2023-03-30,27,3957,2669,72
2023-02-24,3,4806,605,435
2021-11-08,4,3174,4061,216
2023-03-27,29,2203,11609,236
2020-01-07,6,4278,4113,409
2019-12-16,26,3687,2434,168
2022-03-17,7,2588,10111,174
2023-06-06,20,3944,12708,202
2021-05-30,4,4981,4816,418
2019-06-05,16,149,2117,490
2019-06-07,7,3492,14804,303
2021-04-30,16,4299,8796,433
2022-12-06,25,676,8835,68
2022-11-24,14,198,9090,463
2021-08-13,10,3119,2451,424
2021-04-17,22,888,13855,268
2019-07-22,10,4538,1730,282
2019-01-07,19,558,10386,207
2020-02-15,14,2219,11728,400
2023-07-20,26,1417,1727,482
2021-07-02,26,2729,10173,462
2023-12-16,29,1323,4330,65
2021-05-10,15,3287,3288,452
2019-05-04,22,1432,14778,405
2020-09-08,9,261,1101,285
2019-06-24,2,194,14311,39
2022-06-13,17,4594,8527,278
2023-10-12,19,658,8312,309
2022-10-20,4,1992,2022,26
2023-12-01,2,3150,6296,186
2023-12-14,23,2153,14866,354
2021-07-13,8,4629,10187,423
2021-04-19,7,1455,10290,238
2023-12-16,16,4255,9234,472
2020-08-09,19,4822,14280,213
2020-05-18,4,3900,14981,197
2020-04-17,23,2782,263,495
2023-12-29,17,4569,809,216
2023-08-28,2,4076,14897,393
2023-06-04,19,1530,745,303
2023-10-24,4,4730,8916,374
2020-11-20,7,2443,8070,473
2020-09-08,16,3822,2527,211
2019-08-03,12,428,10530,188
2022-08-26,29,618,8910,254
2023-10-14,29,3713,14712,440
2023-10-09,28,4005,12779,394
2019-09-14,26,2471,2913,220
2020-10-20,4,2437,13561,135
2021-05-02,7,4583,4761,372
2023-10-04,21,3877,13232,71
2022-06-23,8,323,11930,407
2019-06-03,22,4756,3672,114
2020-06-15,2,430,11350,21
2020-01-08,16,369,2982,45
2020-06-26,6,412,1365,182
2023-08-17,19,666,10201,211
2019-03-15,5,2228,2100,305
2019-12-29,18,828,5166,216
2019-09-23,1,1954,13944,329
2022-03-15,14,4526,264,370
2020-02-18,20,4714,13421,143
2020-12-21,22,4643,5299,16
2020-10-04,4,4190,3352,432
2019-04-25,13,1239,5577,387
2023-10-10,6,1345,785,341
2022-12-09,27,1359,469,349
2019-03-31,25,3194,8626,318
2023-09-16,18,3477,1575,355
2022-03-31,14,711,6155,171
2023-04-14,26,1555,14513,64
2019-06-07,10,2033,3038,304
2022-05-09,25,1103,6926,443
2022-11-27,12,3544,10041,451
2019-11-24,5,1082,4909,310
2023-11-19,20,2588,11141,276
2019-01-19,1,2933,11311,83
2022-03-15,15,161,3404,454
2021-10-30,6,1766,11060,460
2020-05-16,19,2576,4975,288
2019-10-13,18,587,7022,223
2019-11-12,20,965,8162,149
2019-10-06,25,4386,14662,33
2019-03-06,14,144,9430,179
2023-04-16,2,3248,3832,243
2022-09-05,23,1430,3568,354
2019-02-12,3,4758,5992,76
2020-09-05,30,639,12615,137
2020-12-07,12,520,8147,250
2019-02-14,8,1233,2845,383
2023-01-15,6,4941,11945,312
2022-09-17,29,4423,3142,442
2022-07-11,5,942,3184,474
2020-07-22,22,1430,3444,162
2019-08-13,18,1105,6871,141
2021-11-10,6,4207,775,356
2022-07-14,20,3864,8953,28
2020-08-15,15,1306,12098,197
2023-04-17,9,1758,13913,480
2020-02-26,14,681,7327,411
2022-03-10,30,488,304,256
2021-07-20,7,4944,8297,204
2021-08-03,11,3266,5459,358
2020-08-25,6,3284,8224,160
2023-01-26,23,3517,14687,135
2022-12-18,10,1958,7539,65
2023-04-27,7,800,2782,228
2019-03-07,25,4007,1005,53
2019-11-12,23,3768,2577,50
2019-04-29,10,2912,2148,372
2021-07-10,15,2170,8221,35
2022-05-10,20,3852,1632,167
2020-02-02,4,3031,1268,325
2021-05-27,19,4470,14835,155
2021-06-23,27,3774,13771,324
2021-10-27,29,2190,13724,58
2021-11-19,30,4367,9711,197
2021-10-15,20,3045,1819,244
2019-09-03,14,4715,14734,487
2019-03-29,25,428,3661,141
2021-01-03,6,3992,7081,249
2020-08-09,23,2800,11529,360
2021-08-18,25,1464,1888,90
2022-11-04,16,3682,2842,43
2019-01-22,3,1415,3168,133
2021-08-05,24,148,987,324
2021-02-19,30,846,7101,243
2021-01-19,3,135,594,350
2019-08-25,5,3468,12250,166
2019-11-04,18,2303,13355,441
2023-12-28,25,3632,2490,309
2019-05-06,18,267,399,372
2023-10-12,19,4018,13932,248
2023-08-02,8,2472,5262,443
2022-08-13,13,3643,5858,312
2023-10-27,5,632,2408,346
2020-06-05,24,3952,6792,476
2023-07-26,12,3372,7537,13
2019-10-24,15,2277,1452,217
2021-03-11,25,2338,2639,311
2019-11-09,5,4898,11106,459
2021-02-27,14,1902,2225,479
2021-09-10,29,4617,4586,122
2022-01-02,21,4335,3576,194
2021-10-08,16,4161,8116,302
2019-10-20,18,1975,13777,319
2020-01-22,8,4539,7022,37
2023-04-06,20,3267,4492,369
2023-09-29,22,537,1598,286
2023-02-27,17,2415,10851,32
2020-03-29,27,1386,12194,491
2022-07-27,19,3705,4246,266
2021-10-10,12,3267,5961,220
2021-04-14,23,1945,5520,168
2020-10-29,6,4762,9820,63
2023-10-16,16,2791,240,66
2022-01-27,7,1204,2177,405
2019-05-03,3,4929,4394,118
2023-11-19,5,4394,13914,195
2021-03-12,19,4459,6156,358
2021-09-05,7,517,1903,380
2020-08-13,25,4419,4024,347
2020-08-06,17,4369,13289,101
2020-06-09,12,3422,11989,21
2022-03-02,23,1672,7933,56
2021-04-24,23,1149,8435,66
2020-02-16,26,4266,10890,413
2023-07-23,17,3019,6701,53
2020-09-09,5,1460,13091,216
2021-09-30,10,145,10895,150
2021-01-01,22,3743,8975,348
2020-08-07,5,3443,9428,362
2022-01-09,8,2428,6174,280
2023-01-27,28,3626,11016,468
2021-01-22,28,1355,4621,373
2021-12-27,1,4739,2406,453
2019-02-10,3,2123,6025,77
2019-10-20,3,510,5898,96
2021-05-16,17,773,12791,95
2020-10-17,18,1270,12555,207
2019-01-18,8,2975,238,324
2022-07-15,15,1641,7966,193
2019-11-29,5,4471,14298,446
2022-06-28,23,2884,12432,201
2021-12-03,4,3611,209,48
2022-12-03,16,1818,4931,487
2020-01-11,24,754,4135,437
2019-02-02,6,4686,14824,478
2020-09-27,17,1751,3049,17
2019-12-26,15,1231,4202,102
2020-07-31,5,3064,2856,293
2021-10-06,3,1350,8718,483
2019-01-11,19,4307,8290,145
2020-08-20,7,4403,1441,229
2020-08-15,10,1731,909,313
2019-05-13,21,1538,10459,274
2021-03-07,17,3472,5260,188
2022-05-14,9,4661,4584,134
2020-08-29,29,3117,12247,45
2019-09-09,25,4048,12494,491
2023-03-22,29,785,9077,162
2021-04-26,11,855,1939,384
2022-09-21,21,2589,13606,35
2023-05-11,3,3587,5351,117
2020-11-07,16,4325,10733,258
2019-09-11,20,3168,6382,143
2022-02-22,13,1778,6790,325
2022-05-22,25,3140,5053,160
2021-11-13,11,414,526,409
2021-04-03,24,4717,11509,205
2023-03-22,1,4355,2518,187
2019-11-06,28,940,8896,34
2023-05-22,4,1945,9297,145
2020-10-03,1,2397,13934,387
2021-04-14,27,4133,12868,371
2021-02-07,15,1737,11550,486
2021-10-15,30,1317,11841,77
2019-09-02,26,3541,5636,24
2022-05-17,28,888,9641,430
2021-10-11,21,816,1522,266
2022-01-20,12,4105,9284,439
2023-01-16,25,3187,5098,247
2020-10-08,5,445,10453,16
2023-10-23,8,1909,5542,389
2020-04-09,9,4270,7826,116
2020-11-06,22,1165,4610,315
2023-04-04,18,2959,14940,327
2019-09-15,7,3313,14432,165
2019-09-23,4,1448,2357,213
2021-02-10,10,2536,14640,257
2023-12-14,27,2611,2950,433
2023-04-01,2,2401,3109,45
2019-07-31,24,698,12444,235
2020-09-13,19,4575,8160,370
2020-08-08,18,2454,860,473
2022-04-18,7,4689,14549,263
2021-05-27,24,3710,3820,270
2023-05-20,16,4578,10390,244
2023-09-11,3,3159,4086,332
2019-09-04,11,4990,2459,233
2020-12-15,3,3392,6573,386
2020-06-28,4,4343,11223,135
2019-01-22,16,2602,385,462
2019-02-03,11,3243,2862,15
2023-01-24,25,4316,8392,107
2021-01-07,26,3062,9164,478
2020-07-07,4,1524,11169,483
2022-06-07,5,2119,8910,392
2023-10-07,7,448,8412,333
2021-10-14,28,4818,12736,345
2022-12-27,3,1585,8879,41
2020-10-16,26,4667,7920,14
2022-02-03,10,3444,3149,104
2022-01-21,12,1445,5542,460
2023-10-19,21,3644,11478,330
2021-08-24,13,1590,2285,130
2022-04-18,11,3598,11632,126
2022-12-17,26,1061,5979,29
2023-04-20,8,4233,10204,299
2021-11-06,14,846,8939,467
2020-12-05,5,2989,5660,98
2021-01-20,28,2805,4788,104
2022-03-20,19,2139,495,250
2020-08-09,24,2115,13095,119
2022-09-29,14,4498,7229,128
2020-11-05,23,4974,6553,168
2023-03-28,24,4439,12931,101
2022-10-11,15,4233,9551,463
2022-06-26,9,4534,13138,133
2019-11-01,4,4189,5490,434
2019-09-05,19,3841,3435,53
2022-06-02,9,2084,5620,315
2020-02-13,27,2799,7887,103
2019-06-30,10,3802,6210,342
2023-05-16,23,1263,5148,225
2022-01-26,12,1510,3306,255
2019-04-18,21,3956,3831,91
2021-01-01,12,1385,6654,370
2020-11-07,22,1062,13620,365
2023-07-27,23,1843,6942,282
2022-12-25,27,1459,1473,144
2021-02-12,25,3249,3297,476
2021-09-24,16,742,5155,47
2022-09-20,28,2724,8291,73
2023-10-10,16,2677,12599,90
2023-02-12,4,4762,14966,34
2019-11-15,9,1638,2681,450
2021-04-20,8,1324,14813,187
2022-08-11,29,4602,12628,93
2020-03-13,22,3307,14149,436
2023-07-13,16,3668,13229,111
2022-07-15,16,1199,14535,330
2020-10-05,30,1609,11212,229
2023-09-03,17,2131,11718,495
2019-05-31,19,2292,2784,371
2021-05-01,1,610,7200,139
2022-09-22,10,4579,3706,47
2019-09-18,1,2303,10782,165
2019-01-29,19,1694,9897,215
2019-09-24,25,3813,12885,145
2020-10-26,11,2520,4270,65
2023-05-11,6,914,13767,185
2022-11-25,16,1768,8586,125
2020-03-06,28,269,864,287
2023-12-02,13,1450,1330,460
2021-06-17,8,2666,12778,210
2022-02-08,7,2994,12525,58
2019-05-31,7,872,14244,465
2020-04-22,10,1003,11023,38
2019-09-20,3,4792,2276,55
2023-09-04,29,3739,3927,273
2022-07-08,29,3837,7362,304
2021-11-29,4,2240,3154,309
2022-04-06,7,2697,9882,234
2019-04-07,19,977,640,231
2020-08-03,12,1383,11564,465
2019-11-10,9,1731,1150,216
2021-09-13,3,1477,2498,184
2019-04-25,16,1757,5148,185
2021-07-24,28,3328,2829,341
2020-11-18,8,877,9123,84
2022-07-09,10,3520,4682,100
2021-11-12,8,4143,7955,255
2019-09-24,12,1726,11440,392
2019-03-05,23,3697,2076,274
2023-11-23,8,146,1891,199
2023-05-30,1,2093,11776,78
2023-10-31,25,1644,14486,314
2021-01-11,11,3421,9891,131
2019-05-10,21,4235,7780,58
2023-02-10,15,1097,1840,81
2020-11-06,19,546,7883,332
2019-10-29,29,1799,6600,96
2022-02-20,27,3863,12759,288
2021-05-23,7,3075,3046,50
2023-10-06,1,958,12204,24
2023-06-19,8,1388,206,174
2023-07-11,2,608,10004,41
2021-09-20,13,4353,4246,458
2023-09-03,20,713,13355,156
2020-01-20,19,2056,10097,67
2023-08-13,7,915,11105,182
2023-12-12,3,293,6214,432
2021-07-01,19,3841,7080,233
2023-12-25,24,1601,7501,360
2023-05-12,16,1400,8280,486
2021-04-28,13,3791,10438,120
2020-10-11,17,2496,429,271
2020-02-16,7,1653,14239,310
2021-08-20,6,3115,12182,440
2023-05-04,23,911,9524,259
2020-12-23,5,3464,523,359
2020-07-15,18,2783,5272,158
2019-12-06,29,1694,8073,59
2019-11-23,29,2868,7796,191
2020-05-08,5,4984,616,274
2023-10-08,12,1553,9626,470
2021-02-15,16,4223,8266,437
2019-06-06,2,2052,11119,56
2019-05-25,1,4112,932,496
2020-07-06,10,534,3254,314
2022-10-05,10,3549,13957,388
2019-04-05,18,158,9266,405
2023-06-02,16,3032,12492,355
2022-04-25,12,2207,12722,68
2020-08-05,11,1863,5617,36
2020-04-10,15,4305,14699,108
2022-04-18,11,3720,12589,174
2022-06-08,22,892,9673,151
2023-05-30,30,4420,4388,83
2020-06-03,10,3757,9014,95
2021-06-22,13,1748,1115,424
2022-01-31,1,1119,8439,310
2023-10-29,25,2943,13413,104
2019-09-22,25,1041,4749,268
2020-12-26,20,2638,14288,62
2020-11-26,30,3299,6331,202
2022-08-14,14,352,11327,62
2023-05-06,2,4719,966,218
2023-05-29,10,2970,14742,43
2020-08-21,14,2654,2128,83
2020-02-11,9,4349,4452,107
2022-03-12,4,3304,3708,289
2023-01-26,30,672,12140,36
2019-12-12,17,212,5275,455
2021-11-11,10,1132,6515,292
2019-02-05,22,1577,13293,351
2022-12-09,19,3768,2857,101
2023-12-25,28,4885,1174,257
2022-04-03,12,3978,3706,163
2020-08-14,3,3448,14469,56
2020-09-25,29,4240,671,285
2022-03-14,7,1238,4369,110
2022-04-29,12,121,6903,170
2021-08-17,30,4417,4616,167
2019-06-18,12,4821,13079,499
2022-09-02,4,2015,4846,283
2019-02-23,7,672,9985,63
2019-09-23,24,532,13656,311
2023-07-02,7,3234,7299,61
2022-12-10,14,3493,13380,242
2019-02-01,17,3268,8268,78
2020-01-25,12,839,12435,386
2023-01-06,4,2899,10758,209
2023-10-26,30,2074,11340,283
2021-01-12,5,4371,5436,225
2021-03-26,24,4070,2563,233
2023-09-07,13,1529,14302,311
2022-03-21,6,4789,3665,119
2023-01-25,11,2354,832,85
2020-12-13,3,3470,13233,307
2020-02-05,20,1949,12277,379
2023-11-24,27,2165,1148,242
2019-03-18,5,1601,6594,344
2021-02-27,6,381,356,387
2023-03-28,14,490,5187,460
2020-03-19,6,2468,480,386
2021-02-09,2,3543,6510,243
2021-12-21,1,4539,12984,63
2019-11-09,27,1988,3441,236
2023-11-29,18,2996,5650,66
2022-08-13,1,518,1320,78
2022-09-22,19,4837,10613,230
2022-04-27,23,2672,7253,286
2020-07-12,7,4826,10997,425
2020-10-22,20,3728,5007,495
2022-02-19,8,560,12378,399
2020-07-10,16,2291,14086,252
2023-12-31,19,1040,6561,220
2021-09-09,6,3761,898,374
2022-10-28,28,2794,5374,181
2021-01-21,26,4316,10715,37
2022-10-29,26,957,365,183
2023-12-21,27,2772,8214,120
2020-05-07,19,3575,7359,360
2019-02-12,2,2830,14480,102
2020-04-01,7,2369,4040,183
2020-06-16,10,1641,10046,455
2021-04-24,25,2055,12983,471
2020-04-07,1,2164,11093,83
2023-10-04,22,4352,12782,252
2021-08-26,1,4900,7272,224
2023-07-06,24,3788,6883,33
2019-04-13,20,2995,7198,486
2019-12-28,28,2485,12541,305
2019-05-05,18,3715,14493,14
2023-12-02,20,1990,11456,494
2023-07-13,1,1046,5228,459
2019-07-16,10,1046,7570,360
2021-02-25,25,2733,6902,279
2023-12-31,28,1239,10070,55
2019-05-28,4,4071,5604,49
2019-09-20,12,3001,2966,52
2021-06-23,4,2870,11955,155
2022-08-26,13,924,2473,445
2023-10-28,17,3452,9553,181
2021-03-02,11,1733,1293,410
2022-10-05,18,4641,5204,124
2020-08-31,19,1904,11133,65
2023-10-21,24,3794,14258,400
2023-04-29,30,3607,8799,374
2021-01-14,4,428,3158,320
2020-06-10,13,4718,9304,41
2020-11-29,5,2802,1087,203
2023-03-04,16,4441,10023,229
2022-07-15,29,900,5537,394
2023-12-28,26,2451,9003,416
2023-04-06,25,4964,6813,42
2019-01-18,28,178,1170,124
2023-12-14,28,4277,12030,372
2019-02-02,19,3740,1876,57
2020-10-15,29,4589,12348,239
2019-01-15,8,3005,5269,240
2019-08-18,8,2572,4381,84
2022-04-14,5,1882,2651,428
2022-03-26,18,2328,2738,268
2023-05-02,19,1220,11475,227
2021-06-23,18,3494,8961,127
2023-11-05,26,4213,9334,386
2021-12-06,21,1322,2185,312
2021-02-24,23,2182,10165,434
2021-02-14,6,3607,8609,329
2022-11-03,26,2993,9536,441
2020-12-20,20,2067,3651,472
2019-08-23,22,4884,12327,166
2022-08-07,25,452,1909,198
2022-05-31,18,1908,4328,362
2023-03-04,28,1942,12258,466
2022-06-04,21,3833,3243,449
2019-02-16,21,3664,6426,40
2022-02-07,5,1888,8762,280
2021-06-28,14,1525,4817,199
2020-08-28,15,4767,12200,294
2022-01-03,14,1780,4820,265
2019-07-03,18,4468,805,438
2020-08-31,1,4287,14308,290
2023-06-01,17,3147,3701,73
2023-01-11,2,1337,1858,246
2020-07-17,5,1950,8633,486
2020-07-09,23,877,12082,324
2022-05-16,13,1608,391,306
2023-02-25,12,1241,3027,70
2020-11-22,20,2865,9567,288
2023-04-30,28,304,7796,494
2022-02-16,26,1060,6744,169
2023-05-03,2,4113,13169,382
2021-02-05,3,743,2232,343
2019-08-27,27,2100,11786,372
2023-02-12,15,349,12875,462
2021-09-01,9,1739,4099,480
2020-06-26,25,2254,2014,379
2022-05-11,17,362,13662,306
2019-01-20,9,2561,3449,165
2021-07-07,23,1650,1274,261
2023-03-22,28,4366,12410,374
2023-07-03,9,712,12087,192
2023-08-27,14,2809,12436,147
2021-11-24,7,851,4036,19
2023-01-02,14,3806,6306,463
2019-05-27,20,493,5964,199
2019-04-25,15,178,14990,425
2019-01-17,9,3344,1801,66
2023-07-01,9,3273,9956,173
2021-10-12,14,4408,8309,210
2023-07-19,29,476,12539,255
2020-11-11,5,4168,12253,365
2019-07-24,3,1288,12386,93
2020-06-26,23,2594,11480,34
2020-04-28,11,1376,4394,124
2022-07-12,23,4323,14096,407
2019-04-08,4,774,4156,114
2021-01-15,6,4547,3162,363
2019-04-05,5,2699,14739,334
2023-02-11,19,1928,227,78
2022-05-13,11,2254,614,226
2023-12-27,10,2378,3032,267
2022-12-18,13,3517,11071,206
2020-05-19,10,3223,11505,300
2019-09-18,28,838,8482,64
2020-03-18,13,4312,11120,78
2020-09-08,26,1441,1964,459
2022-09-08,4,1931,10394,33
2020-03-07,30,835,4286,150
2021-06-14,7,2850,8898,243
2022-09-23,1,3933,873,212
2021-11-09,7,1341,5168,419
2020-08-30,30,3524,4533,37
2020-04-03,13,3109,1017,437
2023-04-06,8,4451,1178,362
2021-11-11,6,4810,3199,358
2022-12-17,5,4294,10654,274
2020-07-19,21,1113,1462,422
2023-06-23,21,241,4068,220
2019-12-10,30,4756,13236,297
2020-09-15,14,2488,9977,13
2021-10-28,22,1078,10522,25
2019-04-13,17,3892,9329,59
2021-01-05,25,1253,5488,444
2023-04-28,28,1453,10379,182
2022-04-14,26,3739,9370,477
2021-10-05,14,2316,228,205
2022-02-11,6,926,13763,243
2021-12-19,19,1471,4692,38
2022-09-08,10,1032,9237,273
2019-01-21,14,2405,3086,478
2023-03-16,22,202,5595,170
2019-08-11,22,4567,6467,285
2023-02-15,17,158,11307,495
2023-03-29,7,2893,10212,59
2019-12-30,21,4788,12527,67
2019-10-11,19,2738,2282,116
2021-11-09,26,4671,5847,143
2019-02-24,9,2039,10468,304
2021-01-17,28,3656,2157,273
2022-02-16,11,4676,8539,287
2023-07-03,12,786,7678,264
2022-11-09,21,2732,11566,322
2023-06-18,16,958,3066,393
2022-10-08,21,2740,3966,421
2022-04-11,22,3154,12274,116
2020-07-24,25,4539,1754,149
2022-02-03,26,522,5460,165
2020-03-24,24,1414,9975,334
2019-09-21,19,518,3454,88
2022-09-06,20,1262,7495,132
2023-01-13,8,1954,10141,367
2020-11-28,6,4787,10701,311
2023-09-12,16,3611,11061,119
2019-11-15,11,4049,2461,298
2019-03-25,24,2070,13423,445
2023-09-26,4,738,13681,107
2021-03-21,7,741,356,429
2022-03-30,11,2130,7660,451
2023-04-25,22,1367,10984,375
2021-03-29,27,1285,8878,12
2019-12-29,28,3999,2453,174
2021-10-20,9,268,3082,275
2019-10-16,8,3922,983,69
2020-07-24,8,2471,10829,443
2023-05-19,18,1934,6036,451
2020-01-29,4,830,11319,244
2019-01-22,4,4128,6153,357
2020-12-02,23,2379,14676,71
2022-11-13,14,3154,822,441
2019-10-03,22,153,9343,407
2020-07-08,3,411,9707,91
2019-09-20,26,2025,4194,195
2021-09-11,6,1393,9841,430
2022-03-30,29,4848,1320,54
2021-01-29,22,3500,1085,169
2023-04-26,20,1835,2321,98
2019-10-06,22,1693,7731,273
2021-03-12,24,1955,7477,186
2021-11-06,30,1480,3777,37
2019-07-13,22,2889,6014,58
2021-05-04,3,1943,3209,432
2021-06-05,13,3878,2806,355
2023-03-30,26,2361,4146,80
2022-05-09,1,3810,2971,169
2019-10-21,13,2703,14801,402
2021-06-29,26,3409,3011,408
2023-02-28,4,3854,2992,307
2023-06-15,23,4935,7220,221
2023-09-14,6,128,8560,400
2021-12-18,8,3298,13450,414
2020-12-28,7,1953,4758,17
2023-10-19,11,1274,3940,496
2022-04-29,15,1858,13789,315
2019-10-05,7,2733,11923,82
2019-09-18,3,1947,4564,491
2019-06-17,15,1086,10687,450
2023-05-16,25,924,5088,245
2019-02-28,16,2131,4501,132
2021-04-16,18,1007,3627,261
2019-04-30,19,4835,4273,303
2022-10-09,11,4831,10733,433
2021-01-10,2,3450,575,354
2020-02-09,3,2821,496,315
2022-09-09,18,2682,10307,162
2023-05-11,14,2117,8632,283
2019-10-14,11,2804,3271,308
2020-09-06,24,3194,8391,440
2019-12-12,23,3054,10472,419
2021-06-21,16,1279,12682,206
2020-07-16,21,596,2221,26
2022-08-14,5,1367,12658,135
2023-10-22,16,154,1295,123
2023-02-02,18,357,3433,124
2021-08-16,19,1473,2028,212
2019-10-13,1,1272,2538,136
2019-08-13,12,4562,3784,246
2019-07-08,12,356,14879,40
2020-06-10,17,3416,14120,407
2020-05-10,13,4112,5645,427
2019-06-15,16,880,3172,133
2020-07-31,13,3337,9371,424
2021-05-18,17,4585,10017,91
2022-09-16,6,1626,7117,72
2023-01-01,4,2705,3520,183
2019-04-22,22,3448,2529,395
2021-12-08,2,3614,12735,391
2019-03-17,28,2273,10553,284
2021-05-09,26,1416,9198,332
2023-06-18,30,2223,3509,477
2021-08-06,16,3644,11564,167
2022-06-26,10,426,3212,153
2021-07-26,8,3870,5527,200
2019-04-06,28,911,7321,367
2019-08-15,23,2994,5886,65
2023-01-11,3,1487,13534,69
2020-11-10,6,4089,12882,52
2021-01-10,4,1870,4223,188
2022-06-06,30,2680,14064,335
2023-02-14,17,2980,479,410
2021-02-09,7,3494,2526,235
2023-07-09,16,1786,6771,210
2019-09-17,24,2609,10609,482
2021-08-11,20,1278,6315,124
2023-04-16,2,154,2583,43
2021-05-04,18,1695,1657,164
2020-07-03,21,2634,7737,281
2020-10-14,15,2478,9865,441
2023-07-06,5,3691,9200,67
2020-05-22,2,489,10502,26
2021-05-30,6,3985,2563,88
2021-04-07,23,3428,3909,206
2022-05-06,30,691,11090,497
2023-04-01,30,117,7111,81
2020-08-10,7,2410,340,209
2021-01-17,11,925,6701,75
2019-08-26,24,1763,11942,412
2021-12-18,13,4658,8519,90
2023-11-14,11,3460,12865,313
2019-06-08,18,3043,1770,303
2022-01-16,18,4268,5229,264
2023-11-20,28,1852,12586,429
2022-09-13,16,2043,11830,210
2021-07-26,3,2807,361,229
2019-06-09,24,873,5730,64
2022-02-27,30,4712,4730,306
2019-03-02,3,2999,10210,177
2023-03-08,24,847,2496,153
2023-12-09,22,2613,10063,276
2021-06-23,24,1302,5453,31
2021-03-18,17,1456,9012,373
2020-03-27,14,535,320,282
2023-04-20,9,2135,9736,341
2020-02-25,7,3208,4268,263
2019-10-25,4,2771,9691,398
2019-06-10,22,2229,2117,476
2023-09-23,15,276,812,457
2020-01-01,2,2457,10398,375
2019-03-14,2,2686,2201,357
2023-02-15,28,2294,6733,385
2021-06-15,13,1806,12935,439
2023-07-20,23,4680,2590,248
2023-03-24,8,2873,1716,297
2021-11-07,14,4987,12542,479
2022-08-07,27,1221,13426,385
2022-02-23,5,4064,5921,423
2021-05-04,7,2610,2027,262
2021-05-19,2,2483,10026,58
2019-04-08,26,749,8738,491
2022-02-09,9,1168,12352,450
2021-06-11,1,1446,793,121
2023-05-07,3,2577,10700,342
2019-07-04,1,944,13090,406
2020-11-10,21,4830,11173,210
2022-08-24,30,1815,9460,179
2021-12-27,18,3044,7553,10
2021-06-23,3,3344,13975,115
2021-02-26,3,1021,864,80
2021-02-01,10,1257,4505,224
2021-08-06,16,2986,4135,70
2021-10-06,17,2183,4857,332
2022-09-13,10,1908,712,407
2023-05-29,7,2376,1974,158
2019-04-27,14,2443,13558,247
2021-04-27,22,283,12260,102
2021-06-26,10,2750,1652,63
2023-05-24,29,4205,2762,90
2022-07-11,24,4059,9142,314
2023-02-08,17,2912,6354,453
2023-12-04,28,2705,4409,107
2021-09-25,17,4541,8970,17
2021-12-26,6,4165,7914,82
2019-06-18,15,2229,5900,42
2019-01-27,20,4634,13715,93
2021-02-16,23,4595,1612,54
2022-02-01,14,4741,10372,124
2021-10-13,2,775,910,314
2021-07-03,25,3286,14601,247
2023-11-06,21,4028,3549,245
2020-05-10,23,497,9074,299
2019-06-29,5,4340,4472,133
2019-02-06,4,2807,8601,252
2022-09-27,6,4149,12756,182
2021-06-26,4,3471,8995,203
2023-08-02,11,3892,8821,227
2020-11-18,29,4545,3114,11
2019-08-27,15,3183,10930,251
2021-09-21,9,4171,927,235
2022-01-29,20,2589,13515,285
2019-03-19,29,4472,3923,267
2022-01-26,25,812,1858,336
2020-07-10,6,3922,9725,435
2020-11-03,4,4512,12388,244
2019-07-22,4,4428,9421,414
2021-08-01,27,3193,13484,77
2022-06-21,3,4827,8099,443
2020-09-04,20,2961,543,399
2023-02-21,12,4508,2748,212
2022-11-02,8,4337,10477,64
2022-03-12,11,4432,12270,74
2021-03-08,24,581,5457,196
2019-10-24,12,1094,10855,433
2023-01-25,8,2940,12491,131
2023-05-24,7,3054,635,117
2023-06-13,10,3882,11129,361
2020-11-28,5,826,10499,113
2020-12-18,24,2014,5109,471
2020-06-12,24,680,7975,18
2021-06-09,18,3273,5655,59
2023-04-27,24,2111,10523,168
2020-05-22,19,2380,3423,377
2019-08-07,22,1024,8061,34
2022-01-31,28,954,205,102
2023-05-23,11,1753,4156,433
2020-01-31,18,2212,11314,274
2019-07-20,11,116,2474,183
2019-05-20,21,2175,1177,136
2023-08-03,26,3957,13130,88
2019-08-01,4,684,1569,160
2021-12-11,19,1884,12502,11
2021-08-23,2,1417,6391,38
2019-10-27,11,2546,2123,100
2023-04-30,23,1298,7381,25
2020-02-18,25,4670,2802,111
2020-06-05,4,2455,514,336
2021-07-22,19,4498,13480,294
2021-07-11,3,3651,14488,342
2023-02-27,16,1412,9199,212
2021-05-22,11,254,6022,351
2022-02-23,11,1882,14876,270
2023-08-17,29,1725,7454,200
2023-02-13,16,4757,4099,17
2019-11-02,13,269,6994,270
2022-03-20,7,880,2485,388
2022-05-04,8,525,13009,486
2023-12-04,27,1184,14352,292
2020-10-19,6,4407,9489,17
2020-03-04,2,1151,10655,255
2021-09-01,9,719,7756,401
2021-11-17,22,3255,3194,492
2022-10-21,29,438,14524,168
2021-09-23,12,357,216,129
2020-02-27,16,2626,7994,312
2022-05-01,21,3830,4426,11
2023-08-16,9,1956,7352,364
2019-08-25,29,460,3488,22
2019-05-22,20,3739,10622,280
2021-07-06,19,4176,2394,456
2022-11-22,21,166,2053,103
2023-10-26,23,2067,8701,343
2022-01-07,29,3393,4420,382
2023-09-26,4,152,4466,321
2019-12-24,22,2784,7704,249
2022-04-20,30,3222,2323,164
2023-05-19,29,2962,8166,280
2023-10-10,11,1937,12170,381
2023-07-21,10,4644,9995,218
2023-12-26,2,3608,6415,457
2023-06-22,2,4898,5341,140
2019-12-07,24,1591,9448,107
2023-05-25,25,2991,11429,246
2022-04-01,24,3739,6447,84
2019-07-22,22,112,7505,16
2023-07-18,23,4539,12622,296
2019-07-08,27,3866,13111,65
2023-06-13,7,1242,235,44
2022-08-27,1,4537,11768,51
2023-11-23,21,4518,2907,77
2020-04-14,1,4010,2826,88
2020-06-04,22,4240,4427,245
2022-10-13,22,1784,9093,191
2020-07-20,19,1372,11108,52
2022-05-22,13,814,2814,377
2019-06-09,23,4387,7037,174
2023-12-23,2,3328,14887,275
2021-04-23,14,1390,7387,184
2023-03-13,21,3599,12609,104
2020-03-17,15,637,1521,143
2019-06-04,7,106,7696,310
2023-09-08,11,4941,1106,455
2021-05-25,25,2990,1282,172
2023-08-14,26,830,8697,349
2019-12-21,6,2591,14948,60
2023-02-15,1,1481,3444,292
2021-08-26,18,2243,7377,498
2021-06-11,8,2046,11004,319
2023-03-19,20,413,12703,360
2023-07-17,8,2848,9337,214
2019-04-17,29,2298,6626,104
2020-12-20,16,4355,8951,271
2023-08-19,18,3562,9816,281
2020-05-27,9,2778,11514,489
2021-08-21,18,4932,14337,378
2019-10-14,8,220,13820,69
2019-03-30,27,3632,723,446
2021-02-20,28,3246,9808,116
2019-12-17,14,3416,971,31
2020-08-27,18,3270,13889,242
2020-07-18,21,111,4803,145
2022-11-13,22,3593,13248,349
2023-08-18,23,3189,5819,426
2022-02-12,8,2771,7910,405
2019-11-20,22,2584,2199,372
2020-06-30,21,2234,12823,61
2019-01-17,27,4464,5621,358
2019-09-22,14,1261,8159,168
2021-03-29,15,1080,7291,141
2022-12-21,10,1379,8304,490
2019-02-16,10,1852,10188,484
2022-02-07,1,352,11566,450
2021-11-20,17,2629,13944,333
2022-01-18,11,3878,10621,41
2020-11-16,28,1389,7474,225
2023-08-19,20,1455,843,143
2022-06-22,26,2018,4839,498
2019-12-07,5,4699,5774,354
2020-05-02,20,4271,1068,66
2022-05-21,4,2656,13461,112
2022-07-22,5,4892,11259,284
2022-04-17,9,1014,12345,219
2021-02-21,18,3443,14313,149
2020-06-30,22,1585,12121,34
2022-09-23,22,3351,7836,197
2022-06-23,1,3492,3360,419
2021-11-26,2,3187,10612,321
2022-07-11,25,1952,9375,167
2022-12-11,4,4223,7199,237
2023-10-10,22,150,2834,368
2022-05-26,23,315,8134,313
2019-01-04,24,4282,2805,101
2020-06-23,21,408,14375,86
2021-01-15,8,4264,5175,47
2020-04-29,26,4448,12597,193
2020-10-03,10,3856,8749,181
2021-02-07,28,2532,305,174
2020-06-22,30,3555,14396,378
2023-06-06,10,3969,5904,74
2020-12-15,25,3613,13366,290
2019-06-03,5,3898,13748,42
2023-11-11,17,3191,2870,85
2021-11-30,27,219,5223,70
2022-07-12,30,842,13054,119
2022-12-24,15,1215,13365,314
2021-10-13,5,1289,676,123
2023-12-31,24,2981,9371,379
2021-12-20,18,4358,11807,219
2021-08-03,11,2113,12081,288
2020-06-14,2,2400,10756,447
2020-01-11,22,4588,4015,363
2023-04-10,11,4196,6946,115
2023-09-04,8,4696,12073,181
2021-09-25,14,2728,329,35
2022-03-21,24,3636,3342,33
2020-10-16,1,1210,8667,338
2020-08-28,16,4760,13049,214
2019-10-05,25,2209,9053,318
2023-04-10,18,554,12861,198
2022-12-28,18,2697,1422,113
2020-11-25,26,3268,7992,49
2019-02-15,18,2805,13321,88
2021-12-21,29,2037,6062,182
2021-01-07,27,2845,9156,113
2019-02-16,6,830,1163,176
2022-02-14,9,3903,11866,171
2019-10-22,8,1188,13102,258
2021-05-12,25,1637,12982,418
2023-07-16,25,2411,11611,45
2021-07-05,4,2351,11562,286
2019-07-12,30,2914,5830,185
2020-07-31,23,719,14880,349
2021-06-29,4,3544,1588,155
2019-10-28,11,798,1529,452
2021-09-09,13,2629,3519,203
2022-04-22,7,1922,7956,139
2020-04-12,28,2056,3825,148
2022-09-04,12,4446,1484,445
2021-02-09,30,1857,5821,419
2021-01-22,5,3401,8222,83
2021-12-14,9,4799,13473,440
2021-05-07,25,1226,11807,378
2020-07-25,22,1262,7077,314
2021-04-12,28,571,13561,248
2021-10-14,25,1843,3233,495
2021-11-15,18,2740,1734,78
2023-01-02,27,3246,4517,452
2022-11-04,4,2310,10456,470
2020-08-20,2,4077,10348,194
2020-09-12,21,1027,13336,274
2019-03-22,28,1621,1965,193
2022-11-05,26,2891,6549,41
2019-12-13,24,2975,3955,86
2020-10-04,6,3021,6705,279
2019-06-07,12,4572,2136,442
2022-07-20,5,3567,4995,434
2019-06-07,8,3405,8975,27
2022-10-07,4,1138,14323,28
2021-11-06,28,758,14988,134
2023-10-08,2,3943,5550,199
2019-07-27,2,2232,4786,286
2019-09-13,23,1873,6054,376
2023-09-20,3,1769,11888,103
2020-01-07,1,745,329,117
2020-11-06,26,535,5958,477
2022-03-08,14,874,9597,469
2020-03-03,24,4225,11434,211
2021-01-18,27,1297,10223,21
2021-03-09,4,1061,10972,192
2021-11-02,24,1416,12973,425
2021-05-26,17,1402,6347,381
2021-09-02,29,3057,7678,76
2021-10-07,6,2357,2788,248
2021-09-18,3,1359,6533,366
2022-01-01,9,2954,9120,309
2022-08-10,4,3637,10981,37
2021-06-15,29,2767,2374,303
2020-04-07,9,3147,7906,326
2023-10-16,11,1566,7960,263
2022-03-25,17,4725,6530,327
2022-11-06,4,1684,3829,94
2023-02-23,25,3597,9194,368
2023-04-08,7,1591,528,216
2021-05-12,28,4476,7421,286
2023-12-12,28,2133,9949,36
2021-05-25,24,4962,2493,94
2020-06-03,4,632,6231,312
2021-07-04,11,2779,5102,396
2022-03-23,7,4122,11447,411
2023-09-10,28,3211,7825,268
2023-02-05,1,1551,14544,256
2021-10-10,14,1219,2866,450
2023-12-17,10,4671,6084,356
2019-12-12,18,1798,3459,486
2022-09-10,20,1426,1310,352
2019-09-14,28,2475,10265,350
2021-08-12,25,956,1267,292
2022-08-05,25,2084,1450,499
2022-11-07,1,1431,13778,376
2020-02-25,30,878,5151,254
2022-10-22,28,3708,12543,73
2021-09-27,18,4457,6271,329
2021-10-12,6,3480,4262,87
2022-07-23,20,2599,11044,30
2019-03-18,22,2797,12305,218
2019-01-25,12,4272,11008,259
2020-02-26,21,3716,5799,191
2022-08-23,1,1147,1143,400
2020-12-17,11,2740,13577,45
2023-08-08,27,2136,205,39
2021-07-27,9,4465,409,173
2022-03-15,22,1833,11401,343
2022-01-26,3,3944,4316,497
2021-07-10,16,4665,13511,132
2021-04-25,18,3264,6581,197
2020-12-04,22,2858,714,192
2022-01-09,12,3607,14866,254
2020-02-23,28,3562,10945,228
2023-09-18,21,337,11898,292
2021-05-04,9,3849,7265,458
2019-11-08,14,3404,5505,345
2021-05-21,14,4403,3949,437
2020-01-14,28,2296,6717,415
2022-11-29,9,2557,5245,164
2019-11-28,23,1936,12609,421
2019-07-27,18,2786,2381,261
2023-02-27,5,4813,2200,369
2021-07-19,3,2274,11001,285
2022-09-04,23,3293,1762,233
2021-11-30,13,3532,11573,454
2022-09-26,2,109,1867,383
2022-05-21,15,4421,12518,206
2021-05-12,17,3224,14344,117
2021-04-02,5,3627,3164,477
2020-02-16,17,2377,11758,177
2022-10-10,1,3305,14527,182
2023-09-16,9,4952,14929,473
2023-09-29,4,4020,6192,498
2023-12-23,9,4156,10687,425
2020-07-25,15,4379,10162,174
2020-03-25,3,1761,13149,143
2022-01-30,27,1256,9577,54
2023-12-02,17,4183,8482,324
2022-12-06,23,1405,2213,61
2019-12-24,9,3978,6662,111
2021-07-25,23,4467,563,64
2019-01-29,2,350,3371,331
2022-08-21,6,3526,1831,366
2020-12-26,27,3653,2645,311
2021-09-08,22,4094,13845,99
2019-05-21,26,3576,10293,133
2023-11-10,4,3433,1196,100
2023-03-28,9,465,7364,247
2020-06-07,21,2547,11566,272
2019-08-12,23,2828,11115,336
2023-12-23,26,346,8466,158
2023-06-24,8,896,4827,281
2023-07-30,18,594,6209,198
2022-01-08,23,1321,9997,356
2022-09-19,10,3973,12924,477
2021-06-04,2,871,12668,38
2021-07-28,12,2421,3999,300
2023-05-04,2,3620,5169,341
2022-09-03,23,1826,13204,106
2020-08-15,29,2770,8307,256
2022-05-23,19,2341,8662,430
2020-09-27,13,4158,1207,26
2020-05-23,26,708,8621,39
2020-06-02,10,2963,280,292
2023-09-04,28,3816,2110,283
2021-05-07,5,4266,11443,453
2022-11-11,15,4280,5376,392
2020-11-03,6,943,10473,486
2022-11-22,26,3415,5957,479
2019-01-02,18,986,2316,340
2019-05-15,18,1824,9282,318
2023-08-30,12,1961,3190,442
2022-08-03,14,570,10580,242
2019-03-17,11,2045,6210,293
2023-12-31,29,3453,9750,487
2019-08-07,18,2559,10944,454
2020-03-03,22,1378,13460,206
2022-11-15,27,4021,10862,12
2021-12-26,24,2245,4809,306
2021-08-15,26,2289,11140,460
2020-12-29,19,3147,1584,227
2021-11-05,20,4641,11376,258
2023-04-06,14,2408,10655,442
2019-01-22,30,4186,2200,419
2021-03-15,3,2218,14829,101
2023-01-08,16,2620,901,133
2021-05-20,10,4063,10719,398
2020-11-15,12,3007,10392,339
2022-09-13,17,3861,2711,187
2023-11-15,29,4824,12796,249
2019-11-06,23,3892,7079,417
2020-10-21,3,4871,12369,496
2019-08-14,19,191,11959,493
2019-07-14,1,4118,894,335
2019-06-17,14,2249,7266,265
2021-03-05,17,539,13777,155
2023-06-13,23,3255,14823,36
2022-09-12,7,4164,8479,314
2020-03-12,1,4605,4873,461
2023-10-07,30,4842,5948,265
2021-09-20,25,2346,2843,300
2021-01-04,13,4527,12205,138
2019-06-20,1,1920,8779,191
2019-02-26,21,3344,7297,278
2020-09-18,20,1689,14071,153
2020-09-01,14,4671,14245,132
2023-03-28,3,4067,13814,276
2019-12-01,11,117,2123,220
2020-05-11,18,829,7738,128
2019-10-15,29,4659,12322,24
2022-06-19,1,1470,2069,349
2019-12-18,14,750,1180,64
2023-10-19,22,1691,10523,277
2021-12-16,8,1889,12614,180
2023-09-26,7,4193,3141,428
2019-08-27,3,4344,5848,179
2023-01-22,3,2681,9468,168
2022-09-09,18,2503,8338,329
2023-12-27,22,2004,2972,285
2021-10-18,22,2132,1436,258
2019-06-30,12,3662,434,386
2021-10-14,30,2507,3207,127
2019-12-14,29,2864,3998,80
2019-04-22,14,936,5188,73
2023-06-23,26,3409,4974,425
2023-03-12,6,2355,13790,183
2019-01-01,9,4863,11941,485
2020-02-15,18,2427,13265,81
2020-11-07,9,952,13738,292
2019-09-28,27,4716,13805,381
2023-01-27,19,4091,2430,192
2021-05-12,5,4779,13503,178
2022-08-27,13,480,7746,176
2020-12-09,12,4158,5807,14
2021-02-17,16,2796,11565,39
2023-11-04,11,4430,6137,498
2021-09-19,14,1686,10522,484
2021-09-13,13,2021,7573,106
2019-09-05,1,4318,12150,464
2023-07-28,26,1411,12585,397
2022-05-27,9,1564,11995,205
2019-03-13,21,979,11359,444
2020-04-27,11,218,7373,455
2020-09-07,4,2351,14937,407
2021-03-12,26,3213,11593,93
2021-11-13,23,4146,10465,462
2022-09-10,24,1921,5347,258
2020-06-18,27,3371,9527,452
2022-04-29,21,1320,450,374
2019-08-14,27,1021,751,323
2021-08-04,14,4397,9375,254
2023-01-24,22,1141,8295,198
2023-05-02,18,2111,5352,145
2020-05-17,13,2481,7553,193
2022-08-28,1,3179,4376,390
2020-11-01,18,3995,11260,167
2020-07-21,28,3399,5234,183
2023-11-07,27,1587,10115,78
2023-08-25,28,857,10568,405
2021-10-24,8,1383,6201,166
2022-01-05,5,3740,13182,103
2020-01-28,18,2839,8220,135
2020-05-07,19,2450,4828,133
2020-11-16,25,3238,6439,446
2020-09-21,13,2204,12776,191
2023-02-27,21,818,2836,20
2022-06-26,20,1168,3868,461
2022-03-14,16,607,14671,438
2022-06-25,3,3364,4945,127
2019-11-24,11,3848,8297,216
2020-04-03,27,3310,1304,294
2021-06-26,3,1905,11917,471
2019-08-16,2,2947,1539,234
2020-12-20,26,437,14647,275
2021-05-16,4,3877,9469,351
2022-06-19,28,4164,1689,318
2022-07-14,10,3188,2428,178
2023-09-18,5,988,10166,173
2019-06-26,10,2637,7653,275
2019-09-15,11,4088,10139,336
2019-08-30,7,1067,803,24
2021-06-21,11,2076,12065,81
2019-01-17,24,3232,14469,129
2023-05-05,29,2300,14530,29
2023-10-15,17,3329,14197,411
2021-03-05,28,2805,983,388
2020-10-29,23,2535,11666,73
2021-07-23,4,1707,8424,163
2022-11-15,22,4960,9785,419
2019-02-13,8,4358,9308,251
2020-12-22,30,471,5569,135
2019-04-15,16,2174,8999,261
2023-01-01,7,1991,11678,141
2019-05-24,18,2847,2999,396
2021-02-14,12,3729,2070,46
2020-03-16,5,1494,1271,113
2021-08-23,24,3753,4736,377
2019-12-06,15,2499,8701,33
2020-04-19,11,1045,6841,54
2020-12-20,30,4489,5634,19
2021-03-25,5,1345,1941,170
2019-03-07,4,1297,12705,121
2023-09-07,8,880,11719,391
2019-07-12,30,2621,3683,175
2019-11-08,11,3349,13458,497
2023-08-17,2,264,10834,334
2021-03-31,3,1631,3637,107
2020-10-08,16,952,3764,424
2023-07-24,4,3850,1321,112
2023-11-04,2,2065,14483,281
2019-04-05,4,1123,6269,288
2020-08-20,14,2245,9106,169
2020-11-21,29,2076,2320,335
2019-02-06,29,522,5574,147
2019-08-02,18,892,6953,172
2022-05-05,30,123,2738,147
2021-10-28,1,477,5939,51
2020-09-18,27,2398,10779,280
2022-07-20,11,2673,8160,182
2019-12-21,21,4378,3590,61
2023-04-07,18,3294,2298,480
2023-10-27,1,842,4346,360
2023-12-04,17,1212,6513,328
2023-04-27,23,706,8776,101
2020-07-02,17,2752,1850,336
2020-06-03,29,1831,12423,302
2020-11-24,16,3889,969,260
2020-07-01,30,1591,13897,498
2022-08-21,2,469,10881,92
2020-01-25,7,1876,321,436
2022-08-21,9,3489,8046,414
2021-03-05,3,1882,13668,370
2022-05-04,7,3157,11174,68
2022-01-06,23,3770,7163,238
2021-11-11,23,1605,6027,200
2021-01-05,9,1421,8251,73
2023-03-29,14,3304,5844,197
2021-11-30,5,1149,12697,200
2019-08-30,19,4835,10209,17
2022-12-14,27,4943,712,498
2022-03-22,29,697,2128,93
2021-05-31,3,4291,11428,183
2020-11-08,30,3066,9536,148
2021-04-08,3,676,12937,373
2019-03-11,4,667,241,416
2019-08-14,5,3808,4981,39
2022-07-19,3,1637,8445,81
2021-11-08,4,3675,9029,368
2020-11-24,10,1457,4469,492
2021-09-29,29,507,7937,328
2023-04-28,4,1721,13805,281
2019-03-31,30,2370,5515,297
2021-12-29,5,761,5835,445
2021-03-07,18,2062,6179,492
2019-06-06,17,331,3334,359
2020-12-10,9,2286,13016,399
2021-10-05,12,578,13689,126
2019-04-09,14,3158,14913,400
2021-10-24,16,4691,12252,433
2019-02-18,6,724,7139,190
2019-09-20,10,3085,3601,490
2022-03-29,29,4644,2214,157
2019-12-17,13,4698,12229,67
2020-07-04,16,1834,1116,150
2020-04-23,9,194,2041,118
2021-01-19,2,3351,9609,68
2022-07-15,23,4875,4609,202
2019-02-16,9,2275,5470,118
2022-01-10,11,490,11770,273
2019-02-14,10,3599,13079,116
2023-01-11,29,909,9098,136
2021-03-22,26,1891,12199,28
2019-01-26,6,4515,10291,383
2022-05-13,28,4807,10062,169
2021-07-18,2,456,12094,433
2020-12-19,24,2026,8195,202
2021-03-14,15,3555,1051,84
2021-07-26,30,909,13369,384
2023-12-03,19,4650,2648,285
2023-06-29,25,200,6225,399
2020-10-27,6,602,4103,207
2022-04-29,9,1167,1985,222
2021-05-15,16,4364,2867,95
2019-03-23,15,3745,850,378
2023-10-09,9,474,1551,82
2020-11-01,3,1071,14678,282
2019-10-27,19,3863,13111,108
2021-01-01,1,2976,4157,111
2022-08-19,1,4460,5863,111
2023-01-11,9,1849,2938,294
2022-06-13,11,2439,13891,272
2019-09-28,10,1516,719,65
2019-02-26,10,2333,12884,203
2023-01-08,27,612,12435,184
2023-12-18,25,2443,4782,13
2023-01-23,19,724,13569,32
2023-03-19,24,1577,11387,266
2021-10-05,11,3620,6263,368
2022-12-26,17,1127,14605,487
2021-09-08,16,1864,5861,21
2019-11-20,3,1876,12834,233
2019-12-10,22,1860,14849,216
2021-11-25,19,4405,6783,189
2022-11-10,19,4362,272,194
2019-11-10,30,4927,7618,207
2021-06-07,23,3022,14187,225
2023-08-19,6,4761,6836,389
2019-09-07,12,537,12690,281
2020-10-08,6,224,6433,209
2020-02-24,5,3174,12951,200
2021-06-05,8,4988,12365,471
2020-06-12,17,2424,690,109
2023-10-30,29,1807,9775,454
2023-08-25,2,2657,11150,36
2021-08-11,25,4041,14303,255
2019-11-29,12,2939,1137,44
2023-12-18,5,4085,12853,456
2022-07-15,23,1672,11711,286
2021-05-05,17,2755,7426,40
2021-08-06,9,2169,443,62
2021-02-10,14,2698,7853,175
2022-08-14,30,4297,11796,190
2019-12-08,22,4338,13823,28
2021-07-28,30,4574,13357,130
2023-09-09,7,3173,14743,433
2023-05-01,9,2795,957,387
2021-02-20,7,3144,3515,25
2022-09-20,14,902,620,238
2021-12-26,9,1496,8131,427
2023-05-30,11,2877,8411,402
2022-04-16,27,892,14617,476
2022-08-27,12,4910,5321,451
2021-05-20,18,126,4933,319
2021-02-07,30,2348,14959,297
2022-07-31,7,3565,1279,67
2023-02-12,24,1588,10451,204
2020-03-07,20,142,10429,80
2020-06-22,19,4856,8077,316
2019-04-21,1,3409,6881,31
2019-02-26,25,4625,7648,36
2021-09-24,9,3797,8647,426
2019-06-24,27,1885,4695,244
2021-11-14,12,1991,14783,476
2020-04-05,27,4958,11377,58
2021-08-04,2,4679,4602,485
2023-10-11,16,4935,14618,147
2021-08-05,26,1706,2621,406
2020-10-29,26,2058,14279,473
2019-12-17,7,2126,9418,174
2022-06-10,21,4905,4781,357
2023-11-18,1,3969,270,136
2023-12-11,5,4902,14437,452
2021-09-07,16,164,1301,305
2021-11-30,21,968,4220,489
2020-12-05,4,1021,2336,216
2020-10-24,11,2584,10410,269
2023-09-02,14,3431,11334,209
2023-04-26,1,130,4218,214
2021-12-27,1,1818,2925,275
2021-10-30,24,4983,13075,283
2020-06-07,4,2985,6037,24
2019-02-21,9,3194,6808,498
2021-07-13,8,4521,2167,183
2023-12-15,21,3650,6032,291
2020-05-11,1,1697,13254,47
2020-09-23,3,4445,14382,227
2021-12-05,3,1217,10463,156
2023-11-25,28,2633,13963,14
2022-02-16,29,975,523,320
2020-11-12,21,3199,13448,222
2020-06-24,24,4325,201,59
2023-11-23,17,2691,3036,260
2021-08-28,9,432,7203,251
2021-04-23,12,4303,1777,334
2021-04-30,25,427,9972,190
2021-03-16,26,4591,13963,471
2022-03-02,29,203,2259,122
2019-06-05,20,3106,14987,477
2022-08-01,30,2138,10770,90
2021-09-24,8,3237,12788,499
2019-05-26,28,2110,8495,291
2022-04-05,6,4194,8899,397
2019-08-23,14,3055,8248,399
2023-06-10,17,1116,3853,15
2023-06-08,14,112,1443,30
2023-02-04,8,1787,12959,57
2022-03-17,25,1668,2989,108
2023-11-18,23,3959,10199,46
2022-04-25,13,699,13420,267
2019-12-25,18,3774,13536,250
2021-02-14,26,646,9414,79
2023-12-25,24,1730,6908,275
2022-03-21,26,817,3327,234
2019-07-20,6,508,12704,270
2022-11-09,13,1347,1566,368
2022-09-23,27,3718,12770,406
2020-01-17,22,3538,409,201
2019-06-03,11,1900,13755,426
2021-08-05,19,1174,6249,411
2021-09-22,9,4486,5013,486
2020-11-09,10,1465,11176,301
2023-03-12,8,552,9006,140
2021-01-04,10,2827,10340,218
2021-10-16,17,2578,7627,277
2023-05-24,18,3674,5088,441
2020-10-27,21,2184,13849,376
2022-09-26,27,4854,13366,269
2020-03-03,2,4761,5397,426
2020-02-11,26,2764,10736,158
2020-08-21,28,4317,10974,283
2022-07-20,4,3419,3428,280
2023-12-01,14,2576,8894,229
2022-01-02,12,2158,4786,307
2020-01-22,27,4619,2203,231
2021-05-25,29,2904,12539,108
2020-05-21,13,4477,2677,365
2019-02-03,21,855,12849,199
2019-04-21,1,501,13159,374
2021-08-20,18,3134,8616,74
2020-11-24,14,1967,10469,371
2022-04-09,11,4849,5483,464
2021-07-24,22,3434,2187,471
2020-07-03,9,594,3142,350
2020-08-15,7,4356,10013,310
2022-09-17,18,4953,608,152
2020-06-05,18,4783,10667,350
2023-08-22,28,4411,3475,171
2022-07-04,22,3024,11511,50
2019-07-19,18,1684,10571,335
2019-01-01,27,3386,10222,72
2019-05-17,28,2072,12869,118
2021-10-27,13,165,2885,135
2020-03-13,10,779,5363,95
2022-05-08,2,980,4011,13
2022-11-01,30,989,9973,163
2021-08-30,7,3669,586,392
2023-09-29,30,1692,6730,21
2023-05-04,10,3773,10494,414
2021-03-02,24,4848,8267,378
2020-08-09,20,4833,14524,351
2021-02-06,7,2602,6407,78
2021-08-31,10,2567,4985,491
2019-06-22,12,3245,3069,47
2019-02-19,14,3870,10478,45
2021-06-03,6,936,8473,355
2020-05-16,23,1962,1430,381
2019-05-16,11,2311,2009,218
2020-12-05,1,3509,9902,468
2019-11-14,10,4666,7579,271
2020-05-29,25,3486,3438,155
2023-04-14,20,1557,3769,241
2020-06-15,3,1390,3744,411
2023-05-21,11,3033,5068,101
2019-10-17,25,1946,5646,124
2022-03-27,8,2180,12142,436
2020-02-10,7,4224,11110,239
2019-03-04,23,1571,4176,233
2020-12-09,15,4313,11883,185
2021-04-21,24,3388,7546,36
2019-07-20,29,1641,1919,144
2023-10-05,4,1834,4549,209
2021-10-29,26,1524,12905,460
2023-04-18,25,508,8847,115
2019-11-06,10,2802,10029,356
2019-08-15,16,544,12998,434
2021-02-27,8,3097,6280,391
2022-09-28,21,4841,5943,484
2021-07-29,11,4196,13817,182
2022-01-08,7,4441,6116,289
2022-07-13,28,2251,6334,95
2023-05-05,25,1443,737,307
2020-05-11,17,419,11328,365
2019-05-25,11,2474,10295,268
2023-09-11,30,2269,3343,212
2021-10-11,4,3670,754,263
2022-04-14,25,1764,8490,243
2020-09-20,21,2204,8348,107
2023-12-12,12,626,9714,108
2019-06-19,5,397,458,268
2021-08-04,25,3703,3816,179
2020-10-27,25,2541,10932,468
2023-12-29,22,3897,707,221
2019-12-30,26,404,10015,10
2019-08-12,27,1305,4868,334
2019-02-01,26,3010,14465,272
2023-09-24,21,4870,10416,344
2022-06-17,22,904,14829,64
2023-04-04,28,3375,14941,30
2022-10-31,17,1365,5637,63
2020-07-31,5,2503,5116,495
2019-07-17,16,4493,3833,73
2023-09-20,26,2983,13538,336
2020-06-19,22,3928,7304,175
2023-12-21,1,4446,8948,399
2021-04-02,1,3807,3952,258
2020-03-15,11,3796,14790,437
2020-05-25,4,881,12680,109
2023-06-21,11,1720,1865,346
2020-05-29,24,4446,9861,433
2020-11-28,19,4513,6944,88
2019-08-07,12,2853,10416,173
2021-02-23,15,3564,12858,280
2023-09-05,7,1119,1268,298
2019-12-17,4,116,9474,247
2021-05-17,27,974,14246,249
2019-02-25,14,1624,11211,88
2021-09-20,10,4835,12011,243
2019-04-09,8,2542,1437,86
2020-06-05,29,4289,4967,303
2023-02-15,30,1812,13233,91
2022-03-08,26,1148,12038,450
2023-04-08,17,3531,7098,450
2022-02-07,20,592,4879,411
2019-11-21,12,629,4731,251
2023-05-15,14,1760,9494,368
2023-10-09,1,885,13598,458
2019-03-29,17,3345,8599,368
2023-05-23,15,2400,4087,198
2021-05-05,2,4524,4819,144
2020-07-04,23,285,4796,287
2021-07-24,24,4117,9287,254
2019-07-17,15,4757,11517,217
2023-09-07,24,2969,7211,441
2022-10-28,28,4081,8065,19
2021-04-19,17,4316,13169,284
2019-07-22,22,4551,14980,295
2022-09-04,26,4701,1068,488
2020-04-08,2,4500,13741,352
2020-12-17,26,683,12045,321
2020-01-13,25,2402,7633,251
2020-02-02,4,2366,11632,22
2023-08-24,18,2258,13336,280
2020-01-20,13,2005,4387,345
2020-06-01,15,4660,11845,380
2021-08-17,27,1956,7408,393
2021-03-24,21,958,11255,106
2020-06-27,30,4278,7024,11
2019-04-29,10,3444,13874,56
2020-05-20,11,3863,6483,30
2022-01-24,9,1192,9371,48
2019-10-27,30,4534,12761,434
2019-10-17,27,676,9728,272
2020-05-28,4,858,10924,440
2020-03-15,3,1730,2705,209
2023-11-20,16,1122,10519,42
2023-01-25,25,2863,9312,302
2019-04-09,24,4644,9887,257
2020-07-25,20,1868,14720,204
2019-03-10,10,3759,11561,343
2021-07-14,10,4702,1922,447
2023-11-09,21,625,11186,125
2022-01-02,29,4697,1962,487
2019-04-28,23,2110,3147,239
2020-08-02,27,2851,8506,284
2022-11-21,17,3761,3412,32
2020-01-23,4,1104,755,418
2021-01-20,12,4774,7156,47
2021-10-05,10,958,6036,350
2021-09-10,10,2815,2494,139
2020-05-06,18,4445,8633,398
2022-05-21,9,4458,2939,456
2022-10-20,7,1162,3536,413
2019-12-21,18,3444,2373,122
2023-05-29,30,2027,14541,474
2020-11-10,2,4685,9456,313
2020-01-21,11,520,3238,430
2020-09-15,17,2499,2872,155
2021-09-28,30,484,11800,74
2022-06-02,25,1275,5610,375
2019-12-05,21,778,2764,22
2023-05-15,12,1559,2192,130
2023-09-17,11,1895,8558,335
2023-12-16,8,2058,6580,278
2019-07-14,6,2981,4691,72
2023-07-09,14,3777,8456,54
2023-06-14,17,2085,14264,93
2023-02-24,1,4954,4465,61
2020-02-13,24,4579,10159,283
2019-12-26,10,2991,7235,197
2022-12-03,14,2025,13557,143
2020-09-04,8,791,292,28
2022-10-09,6,3048,9471,413
2023-12-18,20,2024,9181,452
2023-06-14,22,2016,6741,374
2020-06-30,29,3216,4670,27
2019-07-21,20,3239,3852,430
2023-06-27,21,1898,14930,92
2019-05-16,13,2190,11659,207
2022-09-09,6,1650,11037,327
2019-08-20,16,1114,3250,100
2023-06-30,4,669,8325,434
2023-07-12,8,505,410,284
2021-09-14,21,1081,448,243
2019-12-15,16,1934,6028,407
2023-09-08,21,1784,10598,398
2019-01-07,22,2340,12342,40
2021-02-16,26,3936,3545,466
2023-08-05,29,4916,14572,468
2021-07-19,6,470,6312,350
2019-04-17,28,820,10779,53
2023-06-29,1,2448,6538,194
2021-02-17,15,327,9804,265
2021-03-28,20,4387,7353,353
2019-07-31,25,2922,7442,308
2019-09-03,20,4762,13899,292
2022-05-14,19,4951,3893,201
2023-07-08,3,626,3809,295
2020-10-03,26,2938,7794,130
2022-02-02,1,1776,3056,389
2021-06-20,9,795,4156,165
2019-12-18,10,3855,8418,201
2021-01-09,28,552,8137,228
2021-09-08,16,4075,4708,405
2021-05-01,25,2408,8267,85
2020-03-29,2,4968,2207,495
2023-10-06,11,2789,3806,445
2019-07-29,6,3099,7012,488
2022-04-20,20,739,10334,360
2021-08-14,6,970,2759,319
2022-01-08,4,2372,7018,436
2023-07-29,16,1610,6024,142
2019-05-25,29,3967,1896,405
2019-11-06,12,848,4001,122
2023-08-05,1,2811,9258,251
2020-06-01,14,587,11719,39
2020-10-04,27,2004,11947,69
2021-04-05,9,2450,4321,126
2021-12-09,26,3060,4768,244
2020-07-18,6,4459,9796,145
2020-09-10,12,4660,2564,428
2021-11-19,30,1198,5848,182
2019-03-21,14,4564,10952,189
2021-06-10,5,3683,13453,175
2022-10-29,30,1822,10026,463
2023-06-08,1,4839,12895,55
2019-03-17,7,351,6610,118
2020-07-26,10,1954,13251,307
2019-11-03,28,2924,10800,373
2021-03-29,28,3923,2296,77
2021-12-04,3,3849,1192,297
2021-11-11,26,566,1206,428
2022-12-31,23,1096,11067,472
2022-03-09,5,2440,2017,281
2023-04-18,12,2484,10895,284
2020-11-24,23,4854,14328,205
2021-08-29,27,243,13380,302
2022-11-28,8,460,9676,38
2019-09-20,8,4538,8156,348
2021-12-05,28,1510,14538,438
2023-10-09,5,2594,7324,148
2023-06-12,11,1435,1527,332
2019-06-11,2,4611,1365,372
2020-09-17,30,1718,718,37
2022-08-07,25,558,661,64
2023-08-28,29,4687,3219,300
2019-12-05,4,185,1165,155
2020-06-17,16,3812,9521,116
2023-02-15,23,685,4351,320
2021-07-30,20,3503,10113,329
2019-07-04,18,505,314,62
2021-11-27,6,734,644,197
2020-04-18,4,4867,10420,415
2020-02-01,10,3817,13572,332
2022-11-19,3,1483,6542,48
2020-11-16,8,3572,1160,291
2020-12-26,27,1579,13219,492
2019-03-04,23,2965,6232,179
2019-02-01,30,2123,5742,138
2022-02-13,25,759,14815,173
2021-01-01,2,3548,14295,393
2020-05-01,26,1690,12391,206
2023-05-29,10,237,10297,25
2020-11-14,12,2592,10233,112
2020-12-14,14,136,10795,116
2022-08-25,7,2025,13404,75
2023-04-27,10,405,7548,372
2019-09-22,9,2733,1531,148
2021-10-27,14,1538,2432,499
2020-12-05,21,1855,6637,390
2020-02-15,13,3998,10895,423
2021-11-28,30,1275,12672,395
2021-06-05,7,2937,10565,462
2020-09-09,6,1950,862,256
2023-04-15,7,615,5407,93
2022-12-30,4,929,9088,117
2022-03-14,27,4664,12402,477
2022-04-03,16,876,9678,51
2019-07-02,30,2191,2390,56
2020-01-16,17,2968,6000,152
2021-01-22,14,4581,3762,219
2019-10-02,20,2089,2093,38
2022-07-12,17,114,12648,69
2022-04-12,7,4716,11397,90
2022-03-04,19,1601,12321,165
2021-11-30,30,3354,377,214
2019-09-02,7,4408,3970,292
2022-09-08,6,4176,1089,238
2020-02-08,10,4525,882,146
2020-08-21,22,1179,13437,22
2023-05-27,9,4217,14627,324
2020-06-10,8,3438,5733,185
2023-05-30,26,2688,4950,499
2021-08-29,13,3441,8035,435
2020-10-20,9,1779,14969,463
2020-01-28,30,799,12614,192
2022-06-02,10,3109,14796,158
2020-09-06,15,4167,6042,78
2020-03-26,18,4392,7868,216
2020-10-13,6,4649,7488,113
2022-03-21,9,1872,6835,30
2020-08-27,1,2130,14906,404
2019-09-30,5,917,6320,483
2023-03-30,8,1351,3048,183
2020-08-21,4,3296,10880,159
2023-07-05,9,1666,7276,248
2019-09-26,16,2731,11001,52
2019-04-16,20,1701,12557,102
2022-05-27,6,3526,8965,463
2023-04-13,11,4489,9422,234
2023-06-11,20,3014,1103,279
2023-07-30,18,1509,3234,396
2023-06-19,23,4663,13586,134
2020-10-01,2,1122,11784,68
2022-07-14,23,2189,14690,32
2023-11-14,24,3229,14700,14
2023-07-26,28,893,4299,483
2020-07-29,11,3635,689,349
2022-01-02,7,3523,11110,204
2022-01-02,9,3538,237,352
2022-02-18,8,3968,13278,168
2021-04-05,26,2972,4290,379
2023-09-06,29,836,12216,402
2020-12-10,5,2199,1068,106
2019-05-01,30,1183,4596,402
2023-09-09,16,3897,6924,165
2019-04-29,16,664,10552,156
2020-05-31,10,3788,14506,435
2023-12-10,27,4205,9784,455
2022-08-12,21,2563,4923,309
2019-07-30,12,3783,8623,165
2021-04-06,15,483,4157,424
2021-07-26,13,4715,1740,83
2023-05-31,17,2979,3681,107
2021-03-24,5,2083,3890,351
2021-09-19,16,2877,8045,223
2022-01-05,14,1946,13765,419
2020-09-27,22,4805,4208,290
2020-04-27,11,631,8694,60
2020-11-09,13,4790,7444,95
2019-06-05,21,1790,4016,203
2022-02-23,12,4662,13419,445
2019-08-02,7,1554,14585,100
2021-01-08,26,1264,8326,485
2022-07-14,1,4295,2279,331
2020-03-20,20,4343,10344,297
2021-06-24,10,2934,3599,330
2023-12-01,29,2758,3621,414
2023-07-20,9,4755,5907,358
2020-05-25,5,2383,10987,279
2022-11-10,5,2294,5118,362
2019-05-11,3,3397,955,353
2021-10-20,22,3515,11407,272
2019-11-13,6,926,5776,143
2020-01-08,11,1385,8680,387
2023-08-01,6,2847,6789,245
2022-02-25,28,3378,1795,27
2023-07-15,16,4114,9773,144
2022-02-15,22,2016,11741,341
2023-08-04,24,1763,6639,272
2023-01-11,2,2289,14389,239
2021-07-09,1,647,10640,283
2023-03-24,11,1446,7039,402
2019-09-02,23,4596,2653,414
2023-06-20,15,3320,13388,309
2023-10-18,16,1763,11818,246
2019-04-28,2,1413,10396,289
2023-07-16,8,1005,6778,474
2022-02-27,18,1370,3670,313
2022-10-06,19,3241,8069,378
2019-05-28,14,4009,13279,305
2021-10-06,9,3046,4375,452
2020-07-21,26,3977,5822,485
2020-05-05,30,868,11790,276
2020-10-01,30,4173,7705,147
2023-01-23,11,1260,8359,334
2022-07-30,7,3902,7161,382
2021-11-12,30,1511,14291,441
2019-07-06,18,1695,6620,364
2021-01-25,26,4969,7231,351
2023-01-26,23,2000,2350,157
2019-08-26,27,3978,10069,357
2022-06-03,12,3758,655,55
2019-10-23,8,2684,10354,10
2019-03-14,14,2301,12861,141
2019-06-13,1,4329,4991,157
2021-10-05,9,2163,1270,416
2023-10-17,25,2977,6272,358
2020-06-21,30,3323,7575,408
2022-03-13,24,1645,4696,46
2023-01-05,27,4497,13581,482
2021-06-03,10,4775,14487,10
2020-12-01,28,2001,219,324
2019-03-15,13,4017,3311,477
2021-10-15,18,1667,7929,369
2021-12-08,16,1616,13635,97
2020-08-02,6,4148,3607,481
2019-03-28,22,3232,1201,452
2019-04-21,8,3586,7156,427
2022-07-06,13,4343,2178,213
2023-01-11,22,2201,3673,12
2023-08-14,6,252,6151,257
2022-07-10,16,1815,14273,18
2021-09-10,23,3539,11414,210
2023-01-03,4,4485,13746,287
2023-03-03,24,3153,9434,54
2020-03-26,28,4882,4035,262
2021-11-04,5,4773,10006,146
2020-02-02,12,3788,10602,296
2023-03-09,20,948,2964,382
2023-05-07,23,2851,5053,356
2022-08-14,30,3877,4351,469
2021-11-18,2,3398,7658,94
2020-05-15,28,4410,8218,420
2023-12-11,17,3030,10161,121
2021-02-24,26,2046,4813,467
2021-08-21,27,3336,1925,417
2023-09-07,10,1706,11879,166
2020-05-23,3,3535,7105,217
2023-05-22,18,419,8885,275
2023-08-14,10,4423,1021,408
2020-01-25,22,3534,1178,23
2022-11-23,12,4645,1448,357
2019-06-12,15,2444,1866,145
2023-08-19,22,2879,8638,345
2020-01-26,27,687,14011,298
2023-04-13,5,1190,9198,360
2023-12-24,24,4105,7944,329
2019-03-24,16,541,9445,203
2020-03-25,2,2257,5908,15
2021-01-01,3,3036,325,204
2019-08-04,21,1594,13876,459
2019-08-05,26,4644,10429,297
2020-04-14,19,2353,8614,481
2023-01-11,5,3782,14556,196
2022-01-21,5,3893,8799,58
2022-08-24,29,4381,6713,406
2020-11-18,15,3211,6359,481
2020-04-28,16,3012,10257,433
2021-09-29,20,2278,11026,259
2019-11-01,15,1670,5534,266
2023-06-12,26,3478,1282,71
2021-06-01,10,3520,13159,350
2023-11-12,1,3205,11374,467
2020-09-12,12,3805,5904,189
2020-02-23,20,183,8290,332
2022-07-05,28,4489,7148,373
2021-03-27,18,911,13314,198
2020-10-06,22,1069,7598,28
2020-04-08,19,2688,4491,363
2021-11-26,8,2598,888,491
2019-11-14,28,3262,8931,191
2020-10-21,17,2627,6235,373
2020-06-06,14,1218,1756,19
2019-12-22,3,4673,5252,32
2023-06-28,26,3042,11409,238
2019-02-10,10,1784,14707,135
2020-12-22,14,1731,7008,417
2020-02-24,29,1277,10127,181
2022-05-06,23,2640,1639,494
2019-12-18,18,3621,4756,382
2020-03-24,30,2779,2095,212
2019-06-02,4,1536,7001,351
2023-10-23,14,1010,4224,126
2019-09-28,11,4139,10599,326
2020-04-12,11,850,9463,399
2020-03-03,6,3515,6930,225
2023-02-06,30,1435,2532,148
2019-10-14,23,2349,7786,70
2022-11-06,18,1598,6930,392
2023-10-13,18,125,14385,29
2023-12-11,2,4368,12005,282
2019-03-27,8,1075,6662,153
2019-07-27,2,4437,6431,248
2020-09-28,20,2539,10490,313
2021-02-18,11,4779,6346,190
2020-05-23,29,606,325,458
2022-10-07,22,3262,10017,478
2021-07-18,26,600,11493,155
2021-12-17,1,1854,9961,258
2021-12-16,21,158,12234,224
2021-04-25,21,4980,8971,15
2020-04-22,14,4321,10874,146
2020-02-16,15,3401,10268,31
2023-07-13,23,713,6557,259
2023-09-01,19,549,2438,282
2022-02-25,29,3855,11093,112
2023-07-17,16,441,1810,286
2020-04-19,9,3555,11225,79
2019-01-17,10,2267,12745,310
2022-08-23,14,3660,9546,458
2021-07-30,3,3976,532,128
2023-03-06,18,2044,4384,334
2020-07-08,23,714,12922,131
2021-06-30,24,3430,2797,64
2021-12-14,25,1591,356,235
2022-06-06,13,1730,2697,461
2019-07-17,15,3904,13884,309
2021-02-19,24,2944,7805,10
2023-12-22,29,3344,5361,83
2022-09-25,11,4787,8809,331
2019-08-12,24,4157,5970,186
2023-03-27,6,637,4314,475
2022-06-27,2,4880,8546,156
2020-08-22,20,3292,2832,127
2023-08-13,24,4381,6843,433
2019-08-05,20,3372,6144,450
2021-03-01,23,2178,8355,64
2023-07-08,18,2675,9204,475
2020-10-31,25,1279,14385,149
2023-02-25,8,1132,8032,343
2020-08-23,13,2055,6256,424
2019-11-30,17,2981,1690,289
2023-06-06,27,2713,10093,436
2021-04-02,12,3905,14145,264
2022-02-19,17,4973,5635,380
2021-04-27,17,1277,7944,418
2019-06-10,17,2394,6144,49
2020-01-25,27,1459,9085,446
2020-08-07,21,4538,1276,462
2023-11-22,5,538,6555,460
2022-12-25,21,573,8310,286
2021-07-14,6,395,5600,158
2022-12-18,18,3270,10428,360
2023-06-05,25,4299,4481,35
2023-04-07,13,2526,11386,491
2023-05-11,11,2421,14865,14
2023-05-24,18,2675,7395,344
2022-04-02,12,1348,419,357
2020-04-09,24,759,14055,426
2019-07-02,20,4414,10623,222
2019-03-05,27,2665,8256,451
2019-03-06,7,4037,14317,272
2019-08-25,6,3993,8900,24
2019-04-28,18,2507,11978,445
2019-08-05,8,2371,11130,365
2021-04-15,4,311,8020,145
2020-07-17,10,3687,4918,332
2022-09-03,3,2882,2017,57
2023-09-11,6,3091,4891,432
2021-09-05,11,3889,5673,66
2020-10-21,3,4921,13724,310
2021-06-14,16,3766,6675,33
2021-07-18,23,4542,2651,156
2019-02-27,27,4007,4184,370
2023-04-29,16,4586,11373,54
2021-09-25,1,3492,14802,147
2019-09-26,13,2510,6502,242
2020-03-17,9,1887,10720,32
2023-09-17,29,820,2740,93
2021-04-21,29,4653,1373,431
2021-11-26,16,4322,14327,30
2021-01-17,5,2026,10718,67
2020-06-25,19,3170,5779,268
2023-03-28,30,2734,13965,314
2021-12-08,25,2666,2128,481
2022-12-23,12,264,4221,407
2020-02-07,22,4886,6594,438
2020-03-30,19,2613,4357,458
2023-08-21,12,3520,13886,222
2019-05-11,26,3103,5880,84
2020-09-06,11,510,10545,432
2019-07-05,27,711,7250,301
2020-06-06,25,3233,9865,67
2019-05-02,14,4474,1209,420
2021-08-19,13,2241,9957,352
2021-11-23,5,373,903,403
2020-06-05,13,3923,5836,58
2021-10-12,30,3885,6647,340
2022-06-12,7,197,12953,101
2020-01-16,29,4597,5917,355
2020-01-30,24,3251,9345,52
2019-08-07,22,1628,8647,104
2022-11-28,15,3744,3250,412
2023-02-05,26,688,3677,209
2023-07-25,1,1789,2019,114
2022-11-27,22,334,3725,222
2021-05-25,10,4929,12414,13
2022-07-14,11,3913,8612,453
2023-05-13,18,879,970,170
2022-05-16,7,3344,4317,137
2020-10-19,4,261,10082,98
2021-03-11,8,2587,1833,133
2020-02-29,13,1020,5432,406
2023-12-23,10,2405,13268,398
2020-01-10,14,1430,14422,371
2022-09-13,6,923,11751,448
2022-06-24,5,2434,7623,164
2019-02-05,2,1474,12292,395
2019-03-26,29,1141,5925,134
2020-08-13,22,2268,6799,199
2020-11-26,12,2347,1978,264
2022-11-08,18,1560,12422,304
2019-10-10,25,3588,12699,414
2021-07-07,13,4410,6673,239
2020-10-28,28,466,5525,193
2019-02-14,24,1010,11878,150
2019-11-25,27,3941,3103,76
2021-03-13,3,551,3332,11
2021-08-11,27,1604,12378,351
2022-10-07,5,3322,3995,142
2021-04-24,4,2984,10178,460
2022-02-22,14,2729,11936,63
2021-02-04,8,643,5004,230
2019-04-30,14,1652,3492,254
2019-12-17,24,3400,13088,87
2020-01-27,2,161,7890,488
2019-01-20,23,2485,6187,35
2022-07-05,5,3436,11420,23
2020-11-11,24,108,10868,272
2023-12-18,20,4730,2925,20
2019-10-04,11,4799,4681,299
2022-05-17,26,3660,7137,211
2022-11-16,23,3668,14496,60
2020-11-09,23,4589,2658,402
2022-12-30,4,1993,8529,335
2019-10-30,27,530,12232,141
2023-03-17,15,4530,289,84
2021-05-13,12,560,4163,32
2020-10-23,21,4931,7503,238
2022-06-24,17,3454,11743,72
2021-08-28,30,873,7926,317
2022-10-25,12,4472,2322,469
2020-11-27,26,2277,2501,489
2023-01-21,14,1133,3073,10
2022-05-19,4,3281,6024,417
2022-06-30,22,4126,897,122
2020-04-08,7,194,7721,310
2019-10-18,21,3852,7503,496
2019-09-14,12,2799,7392,467
2021-05-02,28,2043,5678,441
2019-06-17,23,784,3533,280
2022-04-14,24,690,5391,154
2023-08-21,1,3868,8367,110
2020-04-28,22,2788,734,327
2020-08-06,6,3244,10890,119
2019-08-06,16,1422,14038,491
2019-12-15,12,2359,3906,176
2020-05-02,26,3545,2102,112
2020-12-18,5,3095,3047,273
2022-01-09,27,651,12151,487
2022-01-01,5,3942,1803,210
2021-10-02,22,4446,304,466
2019-10-23,13,4536,2839,112
2022-04-14,5,4922,14811,252
2021-02-16,18,3704,4008,19
2022-04-21,24,3514,3828,26
2021-12-16,11,1614,13185,241
2019-07-12,15,596,10002,257
2019-03-07,17,1095,2146,54
2023-01-31,16,973,12590,153
2019-12-26,12,4022,3043,492
2020-07-07,18,300,6717,164
2023-05-27,11,3007,5532,58
2022-03-07,26,777,2053,470
2019-03-10,7,2206,10305,334
2021-03-20,26,2664,12943,387
2022-01-25,27,584,1978,11
2023-05-25,5,3512,7200,417
2020-07-22,19,3881,914,430
2022-10-27,24,2329,2100,366
2023-10-22,10,2433,6086,242
2022-08-30,20,2267,12900,457
2021-03-28,22,4024,3319,230
2023-02-02,6,1969,4901,23
2020-01-30,25,1121,10948,423
2021-06-19,10,1804,10518,360
2022-05-13,11,2227,751,222
2019-07-11,6,2669,499,88
2019-09-21,21,1544,3250,58
2022-12-22,22,1363,11834,402
2019-04-05,15,2431,14403,232
2019-02-08,21,3447,14805,187
2020-12-25,17,846,2998,370
2020-12-07,6,2592,1978,265
2022-09-06,5,491,1318,391
2021-02-12,30,3178,3956,268
2020-06-12,28,2773,2493,237
2021-08-07,23,4090,12912,108
2022-09-08,2,2753,6530,484
2021-01-07,24,2707,11444,18
2021-01-26,11,3771,7569,452
2019-05-04,30,2843,5149,165
2021-07-06,2,1687,6974,194
2022-11-17,10,1801,3459,413
2022-10-19,15,376,864,434
2023-10-10,30,358,2494,172
2023-02-23,1,1100,10762,429
2023-08-07,5,353,4347,295
2022-08-06,29,4058,11747,495
2021-05-15,23,1620,14406,354
2023-09-26,17,872,1271,201
2023-01-25,10,1320,4941,107
2020-03-14,22,4575,11908,26
2023-10-31,13,4993,4182,46
2022-01-22,24,407,3277,460
2022-12-17,28,277,14204,319
2020-03-30,22,4663,4471,95
2020-02-25,13,4898,11760,293
2023-09-22,27,2769,13451,374
2020-07-23,16,2637,1291,301
2021-01-04,24,829,9332,411
2019-07-14,11,4480,14280,247
2019-07-12,18,3263,11245,38
2022-06-23,26,4490,14781,95
2019-10-09,24,4782,8844,225
2023-01-17,1,4945,8662,392
2021-08-26,24,3169,3072,174
2020-02-20,2,2079,6305,24
2023-12-02,7,2015,10626,169
2022-07-11,12,804,5846,67
2020-10-19,15,2752,752,332
2022-07-27,12,4704,320,43
2020-07-19,13,2828,4110,402
2020-08-10,8,784,8484,127
2021-03-19,20,1379,8374,470
2021-12-24,30,4182,6131,447
2023-01-04,24,3174,13283,93
2020-08-01,23,1226,874,99
2020-09-04,5,4710,12327,421
2020-07-25,19,3725,9488,352
2022-09-20,10,4289,5179,345
2022-12-14,27,3648,10470,466
2022-11-20,6,3472,5607,374
2022-01-30,12,1481,6209,412
2019-10-07,7,423,14675,405
2023-05-28,27,4651,8211,117
2023-09-24,20,3220,10201,340
2023-07-05,26,2787,2568,397
2023-01-26,13,776,1820,253
2022-08-25,4,4007,10446,287
2019-01-27,5,644,10213,56
2021-12-29,16,114,13415,431
2019-03-20,1,1100,699,20
2019-10-30,9,422,8991,231
2021-02-14,15,1160,9425,115
2020-01-05,28,2840,5425,378
2023-08-12,15,3999,11888,436
2020-01-09,20,942,14445,233
2023-12-23,9,2209,3224,199
2023-09-05,27,2256,2377,39
2021-12-01,11,483,5253,245
2021-12-04,7,2572,6623,209
2021-04-19,11,2080,12584,241
2023-03-01,23,1067,6922,223
2019-09-19,22,3625,8198,237
2023-12-20,27,3496,10932,68
2020-02-16,27,3867,4317,145
2021-10-13,24,1559,12945,338
2020-03-05,11,3011,3695,316
2020-11-03,20,4024,6824,45
2021-05-31,23,2226,14768,84
2019-01-29,22,2631,304,497
2021-01-04,28,4703,14969,299
2021-05-22,27,334,11133,231
2023-06-06,3,914,3993,349
2020-01-14,12,3821,835,60
2022-04-08,9,2549,11574,89
2019-02-28,17,478,546,266
2023-02-01,22,2208,8670,95
2022-08-23,9,1086,4772,139
2021-06-24,6,4990,2630,406
2023-12-02,27,1840,14921,170
2021-10-04,11,799,4713,164
2021-06-09,27,1444,4768,302
2022-07-22,8,1399,11858,213
2022-03-29,8,2463,1718,403
2019-09-25,7,4427,997,184
2020-12-17,6,4636,13545,276
2023-08-24,11,4656,7059,363
2022-10-26,7,2906,1142,495
2019-08-04,16,2361,7297,279
2020-01-05,11,618,5198,198
2019-05-23,14,3935,11957,36
2022-05-24,14,1337,7295,380
2023-09-16,13,3148,13084,436
2019-07-10,13,281,14596,441
2022-01-19,30,4704,12718,194
2019-09-27,4,1865,253,170
2021-11-30,29,1841,6160,495
2020-09-18,29,1447,13444,304
2019-02-01,24,321,6137,28
2022-08-11,5,3656,854,127
2023-04-29,18,1946,14634,394
2021-11-07,3,4207,1445,36
2019-11-03,29,3906,10761,341
2021-07-16,18,3905,6140,259
2021-05-11,1,3949,10565,13
2023-03-21,3,3513,8221,376
2022-01-30,13,4705,2163,109
2021-07-28,17,3555,844,33
2022-07-24,5,4458,5652,301
2020-03-28,3,888,396,145
2022-03-09,28,1874,12826,239
2021-01-25,14,1999,11513,121
2021-10-21,11,3679,4419,188
2022-05-05,8,4251,7411,10
2021-12-21,22,2760,2435,319
2020-08-02,12,1532,7857,332
2023-08-11,14,3331,1455,122
2023-03-24,27,4455,11790,470
2021-09-24,23,4640,7873,176
2022-10-17,9,4353,11004,475
2019-06-25,26,1242,626,440
2020-01-07,24,4615,6730,244
2022-06-07,3,3098,4200,115
2020-09-23,17,4965,2230,498
2022-12-01,17,2417,3252,319
2019-07-18,12,2114,1629,411
2019-03-16,23,2647,5360,404
2023-06-09,12,4136,8228,357
2020-06-14,28,4996,1492,399
2023-04-19,25,1543,5274,131
2020-09-06,19,2838,9602,123
2021-06-22,22,2346,9520,359
2022-12-07,27,874,3068,130
2019-08-23,21,3680,14477,268
2022-05-13,15,3798,2174,139
2023-02-15,12,3323,258,453
2022-05-17,12,4261,14750,288
2019-09-01,22,3066,11491,410
2023-11-30,9,4935,6438,97
2023-11-17,3,2388,8936,114
2023-08-20,19,659,12166,394
2021-11-23,21,964,4166,363
2021-08-03,25,4643,11341,99
2021-04-11,12,1423,2069,477
2021-03-03,13,4373,2850,242
2021-08-25,16,1842,5916,267
2020-10-16,20,2375,8364,134
2021-11-26,19,1178,3355,64
2022-09-23,10,1825,13393,223
2023-10-08,18,3427,1130,391
2019-12-02,5,1038,1909,294
2022-03-30,6,562,8609,441
2020-03-11,29,1658,965,416
2019-09-23,23,1129,3288,254
2022-04-01,25,1645,1826,43
2022-08-12,29,1195,12987,93
2022-04-20,1,821,563,381
2021-07-27,16,4221,11570,307
2019-08-26,11,1468,5490,150
2023-08-11,6,696,9854,437
2019-03-02,5,1596,12765,127
2023-02-04,26,251,9525,346
2019-11-26,6,4961,4358,38
2023-10-27,4,2965,5850,369
2019-11-01,20,2808,2433,56
2021-02-23,30,3440,14101,121
2023-07-30,7,2857,12374,124
2023-11-28,4,3899,6995,175
2019-04-01,22,1304,1367,191
2021-08-19,27,2086,7889,302
2022-01-19,1,2091,4701,479
2020-01-06,12,1740,3220,423
2023-04-12,16,826,7159,90
2019-06-10,10,2666,5757,393
2023-11-27,11,4576,1956,185
2022-10-27,30,1534,14985,318
2023-01-27,19,3694,10555,199
2020-06-27,30,1123,6346,408
2023-04-16,13,4913,6179,393
2022-04-26,23,2104,11464,41
2022-11-03,4,3334,1923,302
2019-02-14,29,1373,10868,225
2020-08-12,27,3428,2740,169
2023-05-06,6,835,855,450
2022-10-23,29,1707,9639,59
2022-08-16,4,2719,10907,325
2020-12-04,18,3029,9980,463
2019-09-17,15,764,13866,214
2021-08-20,24,4404,7552,331
2021-04-08,5,2689,12054,47
2019-02-27,8,4329,5593,51
2019-08-09,11,3526,8468,78
2021-05-27,27,2036,542,438
2019-08-23,23,2745,3958,158
2021-04-14,26,3971,13403,69
2022-06-09,25,2320,4893,317
2023-03-21,26,4896,6423,16
2023-07-20,13,2414,5544,58
2022-06-30,8,4620,11261,423
2022-10-21,2,4436,11389,448
2023-11-07,19,2727,10054,341
2022-06-19,3,4168,855,280
2022-06-18,17,1076,2025,23
2019-05-16,28,4201,9098,312
2023-08-12,6,3108,2180,100
2020-05-04,1,1973,12123,81
2020-01-28,20,3203,5103,252
2020-09-13,25,345,5671,384
2022-03-05,6,3909,3747,445
2022-03-01,9,301,7540,297
2023-05-28,15,3262,12203,378
2022-02-24,5,994,5108,411
2022-11-15,5,2232,5430,157
2020-02-02,17,4335,227,240
2023-05-06,22,4523,6714,278
2019-09-21,26,304,11804,228
2021-04-08,26,441,13430,281
2022-12-19,11,1514,14767,130
2019-06-11,15,250,4056,50
2023-06-24,2,2663,11157,86
2019-03-05,18,509,14817,173
2019-02-13,30,1242,8429,273
2020-06-25,10,3932,5023,222
2020-07-08,11,1599,433,124
2023-02-09,4,3330,2043,234
2019-11-17,15,587,9291,212
2023-01-07,25,2309,9884,224
2023-11-05,2,1941,6300,144
2019-05-16,14,1730,8372,219
2020-08-29,27,636,14391,140
2022-07-21,24,2353,5090,341
2020-12-23,15,3798,521,477
2023-01-08,9,1441,10356,42
2023-01-08,28,691,8046,90
2021-07-16,6,2805,12546,232
2019-08-09,7,2085,889,222
2022-08-15,27,3125,14909,146
2021-11-15,8,2157,7661,394
2021-10-21,22,679,5104,131
2023-06-07,27,791,3463,216
2022-01-06,22,4722,11791,209
2020-08-22,1,3799,13513,50
2019-01-30,18,927,6278,386
2021-01-27,24,3517,9842,266
2019-05-26,8,409,4369,88
2022-03-03,6,2428,3966,397
2023-07-05,11,1706,1884,292
2019-07-06,19,3717,2210,375
2023-06-27,2,4928,11013,173
2020-11-02,16,2301,12585,222
2020-02-13,13,4223,1724,305
2021-04-28,4,3374,8341,67
2022-08-26,7,4121,6317,449
2022-04-02,18,4347,14716,57
2020-11-25,20,1525,14573,134
2020-03-24,16,3879,8635,435
2020-12-19,5,3108,14136,65
2021-02-14,9,3004,2070,166
2020-09-04,16,2961,3800,46
2019-09-09,11,748,9028,122
2022-08-11,21,2272,3502,432
2023-08-26,8,2208,12371,71
2020-05-26,30,118,9260,131
2022-09-15,4,1326,1723,357
2019-10-01,30,240,5075,216
2020-08-28,30,3715,1724,160
2021-07-10,16,2735,8262,219
2021-10-08,2,1380,8969,300
2019-12-28,5,2633,2687,499
2019-05-16,2,3112,11598,316
2023-09-11,28,3895,14807,281
2023-09-05,13,3874,10591,237
2021-11-03,29,4950,5377,332
2019-07-23,2,2336,1318,380
2023-02-17,24,2853,8165,390
2022-11-05,26,3137,8172,176
2019-12-15,6,1339,5241,490
2020-12-07,26,553,11699,262
2020-07-29,12,2834,8573,184
2019-03-08,6,1939,9142,34
2019-12-24,10,3444,12341,463
2021-11-28,16,218,4962,73
2023-10-30,18,2198,14753,339
2023-09-11,12,1813,5930,259
2023-11-23,3,363,12477,36
2023-12-31,14,765,4967,309
2020-11-26,30,4846,2410,340
2019-12-27,28,1167,4167,158
2022-07-31,24,754,8778,443
2023-08-25,21,2475,2823,286
2023-02-26,3,1479,9018,150
2023-06-06,21,3113,14871,296
2023-09-11,26,795,6194,477
2023-11-12,8,1529,14569,425
2022-12-05,16,950,3281,349
2022-07-11,7,743,12325,56
2023-05-12,20,4609,7693,118
2019-10-24,25,1853,6346,68
2021-03-05,30,3793,9104,160
2022-01-27,5,3293,6089,79
2019-01-27,15,2411,14199,54
2019-11-25,5,167,10021,54
2023-04-02,16,210,11934,17
2021-03-14,25,4129,6224,463
2023-04-18,15,2861,3384,379
2023-02-17,10,173,14183,296
2023-05-25,9,202,13168,435
2019-01-20,7,646,999,209
2023-09-18,15,1108,6100,420
2021-05-16,18,2484,14091,303
2023-08-06,6,4681,10285,419
2022-11-16,25,3199,11184,362
2023-12-30,16,2790,3037,390
2022-01-15,15,515,1082,173
2023-01-18,20,873,7972,297
2021-10-01,14,4847,1071,308
2019-08-01,27,3520,9617,111
2023-05-21,18,280,13426,240
2019-08-23,4,1654,7652,294
2022-05-07,6,1743,14596,15
2019-07-30,4,1145,7880,238
2020-01-09,27,4654,1371,308
2019-03-18,20,3985,1061,292
2019-01-10,19,4920,7548,294
2021-06-18,26,3960,6601,402
2019-08-20,26,2605,560,456
2022-12-09,24,4927,13972,258
2020-09-09,29,4209,10225,454
2020-02-06,12,1641,7501,337
2019-03-15,30,2391,5665,460
2023-03-18,9,1624,8473,342
2023-07-24,11,4075,8286,231
2021-07-07,9,2349,1034,108
2019-06-03,3,4784,10260,38
2019-11-02,7,3567,3342,178
2021-01-18,1,1651,8313,458
2021-03-23,26,4610,13871,114
2019-08-09,11,1972,11004,408
2019-10-13,14,4664,7570,364
2023-03-25,3,430,14387,322
2023-01-06,14,4704,5509,294
2020-02-20,6,107,14776,266
2023-09-27,18,3998,14636,259
2021-09-02,25,4939,3314,89
2022-03-21,26,3317,1477,435
2019-07-04,17,4195,2471,108
2020-02-26,17,2048,3386,270
2021-08-01,19,904,14011,492
2022-01-15,15,3994,6329,384
2020-03-20,23,1453,4049,44
2019-02-06,3,476,1728,364
2019-06-06,7,539,10410,173
2023-11-12,19,3517,5347,296
2021-06-29,14,1124,13572,26
2020-05-11,24,3019,9922,210
2022-02-21,28,1062,3746,398
2022-03-03,20,1542,3100,475
2022-06-05,17,1982,10264,199
2023-11-06,21,2570,7764,53
2020-10-30,28,3148,11806,17
2022-02-24,21,1455,1248,288
2023-05-06,23,1185,10614,236
2021-01-27,7,3298,12095,333
2023-12-04,12,821,690,111
2021-02-03,1,1439,9369,488
2019-03-06,6,3157,14100,265
2019-08-06,13,3062,12402,358
2019-07-25,23,4868,13539,133
2023-09-24,20,2423,13574,55
2019-09-23,29,875,13402,205
2021-01-16,29,2678,8788,62
2020-08-01,5,4069,9359,178
2023-12-02,14,2683,11753,62
2023-06-20,14,2149,10767,365
2020-04-23,16,1679,5584,272
2022-05-04,9,1267,12536,320
2022-02-12,1,2283,4604,361
2022-05-03,27,1703,1053,47
2020-03-23,29,4329,4823,177
2021-05-27,2,1284,7422,65
2022-12-13,29,2036,7202,373
2022-11-11,14,1606,5995,398
2023-02-09,21,951,10867,84
2020-03-05,19,4543,8554,403
2021-11-05,13,947,7923,22
2021-02-12,5,1613,13551,202
2020-05-21,24,3697,13591,291
2021-06-04,2,1441,9278,40
2019-03-07,11,316,10654,129
2019-03-11,9,521,3205,180
2019-07-15,8,1040,11397,94
2020-08-12,18,4581,14278,418
2021-12-31,29,4250,5905,257
2022-03-18,7,681,6688,410
2019-09-18,15,1434,14954,69
2020-05-30,10,779,1609,49
2020-07-20,1,1622,8947,213
2019-12-23,26,151,9679,211
2023-07-08,29,2242,12494,11
2020-02-23,5,3035,11888,341
2019-04-05,3,4625,2492,120
2019-11-08,21,2691,12183,328
2020-08-15,23,954,3710,261
2023-09-15,28,768,11972,387
2023-11-12,7,1362,14679,33
2021-09-28,16,4011,13310,41
2023-07-16,6,3384,10630,310
2023-07-26,24,2669,2763,337
2021-06-16,2,301,2944,123
2021-04-22,11,3092,5874,15
2023-09-01,22,326,1740,209
2023-03-28,16,2180,9351,477
2019-09-30,23,4306,9782,42
2023-09-05,22,2077,10967,165
2021-02-02,10,4567,1214,422
2022-08-18,14,3777,8305,470
2023-06-14,23,2557,2411,463
2023-07-05,9,971,1818,90
2019-07-31,23,1009,6037,313
2023-03-08,7,4122,12312,465
2021-08-09,25,779,7130,387
2022-01-19,22,871,12888,355
2023-01-16,2,413,9073,113
2021-05-15,3,2511,5672,30
2023-01-23,19,2850,3741,279
2019-09-19,18,3874,2367,159
2022-09-17,30,2535,3758,138
2019-12-09,21,2151,4113,300
2020-07-08,2,498,6994,170
2023-11-27,25,2579,526,203
2019-11-16,9,2439,933,263
2022-11-23,26,2171,4612,119
2022-07-08,11,387,13599,297
2019-09-17,17,2680,14994,265
2020-06-10,17,511,3189,412
2019-03-29,20,1506,2666,16
2020-12-26,4,2489,12966,495
2022-11-27,17,1078,12311,447
2021-05-18,29,2193,5110,31
2020-06-09,17,1427,14430,358
2022-09-14,16,2201,4071,253
2021-03-15,23,954,3000,298
2020-08-08,6,4847,246,182
2022-05-13,19,1734,12512,286
2021-06-19,30,2392,8920,185
2023-01-23,21,1486,5339,140
2022-10-28,21,4174,645,285
2022-04-03,18,4801,8780,436
2023-01-01,2,871,11303,37
2021-09-15,2,4953,2799,484
2021-06-12,2,4984,5604,91
2020-01-12,7,1176,4666,235
2022-08-19,25,4328,4332,213
2019-05-01,13,3154,1654,370
2021-08-09,6,3094,11817,246
2022-07-20,3,4076,1765,223
2019-11-30,23,3942,13293,39
2020-08-04,8,1854,8620,177
2022-03-26,13,1369,9091,300
2019-12-02,24,4210,6648,47
2020-08-11,27,3449,10477,279
2022-09-30,15,3476,12627,289
2021-06-16,22,3366,4650,159
2020-02-14,23,4727,10600,245
2023-06-22,23,666,4534,412
2020-01-22,3,1562,7324,148
2020-10-29,29,4739,12038,377
2019-09-24,24,2873,7885,377
2021-03-27,12,224,13485,324
2019-06-27,21,2509,4090,313
2022-02-01,14,2315,660,218
2023-11-09,3,4431,4343,177
2019-12-04,23,4564,3028,121
2021-02-19,21,2213,10601,43
2023-11-23,14,3750,6929,67
2022-05-20,10,2120,234,351
2023-08-25,14,1051,10525,288
2020-10-13,14,4485,13361,294
2019-04-29,19,424,767,13
2022-12-07,4,3437,9067,186
2019-02-14,30,4916,14284,263
2023-07-06,27,4782,7811,284
2023-12-25,9,2682,14309,333
2021-05-05,23,1396,13440,93
2019-01-10,8,2264,4390,376
2021-08-02,12,510,2406,74
2019-12-28,2,3504,3058,95
2019-09-30,16,3960,13502,80
2021-12-29,18,4159,7078,457
2022-01-14,4,2351,1191,210
2019-06-04,28,2151,14397,75
2021-12-04,16,1136,7799,485
2023-11-08,18,4303,2713,129
2020-04-25,2,1372,12113,134
2023-10-21,18,1087,9541,497
2021-02-13,4,4128,1863,133
2021-01-07,9,2573,13052,444
2020-12-06,19,1199,4836,221
2022-02-26,26,439,3079,454
2020-04-12,5,2230,3355,162
2019-07-24,27,1296,8052,464
2022-12-24,8,1028,7767,478
2020-10-03,20,4651,10227,443
2020-01-08,1,2777,14715,167
2021-05-21,18,2376,7692,398
2022-04-20,18,2980,9011,78
2021-12-20,25,771,6416,219
2022-06-03,27,1490,3078,477
2020-04-15,25,3950,13002,363
2020-03-11,12,4697,3995,35
2023-12-19,20,3294,10912,228
2023-04-06,11,2880,3193,321
2022-02-17,6,4235,2460,496
2023-03-03,10,3757,2121,366
2022-03-31,2,943,13640,142
2020-07-03,10,4270,10035,236
2020-02-19,10,4201,6642,165
2019-10-27,11,4003,4483,316
2021-01-17,14,2323,6260,366
2021-09-12,10,2930,12776,348
2019-12-06,10,4553,1580,320
2023-07-14,5,3268,3431,97
2022-04-01,4,4676,11475,415
2020-12-12,23,3294,13263,265
2020-08-10,16,3030,8608,221
2021-11-23,12,433,3351,37
2019-04-13,25,746,9496,180
2021-06-22,22,3318,9845,298
2019-07-13,26,1330,11262,194
2021-01-17,14,534,4474,446
2022-04-28,30,3431,7561,434
2023-12-06,22,1528,4559,182
2019-10-08,16,4113,2015,298
2021-12-10,8,2161,8120,406
2022-06-30,18,2386,12594,241
2019-03-25,29,2101,959,163
2019-01-25,20,372,7052,268
2019-08-10,6,4160,7963,463
2021-09-30,25,4714,11537,465
2021-03-04,14,4804,10424,283
2020-12-06,11,711,1827,122
2022-10-30,27,125,6718,370
2020-10-10,12,641,6713,101
2020-06-22,17,292,13500,120
2020-02-05,27,3920,7857,482
2020-03-26,28,3042,5696,211
2021-09-13,21,957,12613,375
2023-07-03,14,1983,3302,53
2023-09-04,15,4773,7353,162
2020-10-25,29,4054,7138,280
2023-05-30,2,1922,9215,266
2019-05-22,1,4502,5161,178
2023-01-24,3,1898,2679,374
2021-01-30,8,4543,14304,361
2020-02-07,16,1649,898,166
2019-06-18,22,4725,14743,198
2019-01-30,3,3247,8326,81
2023-09-10,9,128,8309,307
2019-05-24,21,220,11819,349
2022-03-17,16,3058,10032,336
2021-09-28,20,102,8161,417
2019-03-09,6,2518,1417,276
2021-11-25,9,1851,14790,463
2021-03-05,18,4893,13607,285
2023-09-15,22,4201,11519,461
2019-02-10,15,4497,1764,304
2021-10-05,2,793,10938,118
2020-10-29,28,2685,5580,420
2020-04-14,27,4946,4592,205
2023-05-23,28,4276,14086,379
2020-10-27,17,1333,11901,111
2021-08-19,17,4156,10514,111
2020-01-11,17,337,14119,194
2021-05-28,9,2901,8057,198
2020-11-13,30,2035,13910,202
2022-08-13,2,1888,9335,478
2021-01-21,20,435,5723,363
2020-01-13,28,333,11590,400
2021-12-28,30,4385,13946,452
2019-05-30,24,785,11042,152
2020-09-08,10,4791,4332,110
2023-11-16,8,4970,12402,71
2021-10-17,2,4806,870,293
2023-05-21,14,3100,909,265
2019-01-03,3,375,6628,157
2021-03-22,25,2363,627,51
2023-09-09,9,3169,12395,81
2023-03-24,30,884,1208,379
2021-04-09,10,4489,6787,190
2020-12-08,12,2984,14287,359
2019-11-12,6,4304,12902,152
2023-09-17,14,3772,14828,402
2020-04-10,5,662,1211,310
2021-07-13,3,1651,458,474
2022-10-03,4,690,12943,44
2019-08-04,7,4357,1087,397
2019-06-11,17,516,10351,340
2019-05-11,12,586,10045,222
2019-03-09,27,2286,2730,81
2019-07-20,23,149,14706,446
2023-08-11,19,936,9933,315
2019-03-05,25,4460,1601,417
2019-09-21,4,670,12549,274
2019-10-04,14,3204,5282,241
2019-08-20,17,1107,13771,290
2023-11-22,7,867,13859,242
2023-07-14,22,4660,13047,166
2019-08-06,20,1138,3839,116
2023-11-05,30,695,14172,470
2021-04-02,23,3187,6696,118
2020-09-29,25,1096,3958,288
2023-12-20,7,714,3555,291
2023-03-16,8,3732,12837,272
2023-08-22,14,1718,2601,19
2022-08-19,23,3309,3700,400
2022-10-09,28,1953,3084,465
2022-12-07,5,710,5694,213
2021-02-15,30,2194,8586,288
2021-06-02,2,1835,12490,74
2022-06-28,5,2111,3589,118
2019-08-09,24,1039,12899,231
2023-07-20,10,2791,8779,216
2022-07-09,5,1498,10864,149
2023-03-23,4,646,2187,362
2022-02-17,17,325,7613,104
2021-03-14,28,1146,9596,143
2021-04-19,27,4694,2544,353
2019-04-08,6,3384,13868,357
2019-07-11,29,3770,12862,243
2019-12-28,4,2693,7897,112
2020-06-19,28,1981,11838,168
2022-04-10,15,1923,12405,370
2020-01-06,23,1388,5945,85
2023-03-12,23,2958,3129,476
2023-09-23,24,3663,9025,122
2022-09-09,23,3192,2823,28
2022-06-01,10,1307,12549,441
2022-05-16,17,2516,3115,250
2021-11-24,1,2203,14456,68
2019-06-20,19,4651,5135,426
2021-01-23,7,313,7885,471
2020-12-01,22,3384,6140,125
2021-04-03,10,1806,3800,382
2021-06-19,27,2916,8631,108
2021-04-28,2,3422,3055,452
2020-07-02,3,4173,9112,288
2023-05-05,25,1238,3937,43
2023-01-17,10,2537,6357,112
2020-10-24,27,852,5642,297
2023-09-17,13,3149,11973,483
2019-01-27,21,1884,10655,326
2021-10-12,20,2907,283,245
2020-06-07,26,786,13700,220
2022-04-16,23,1797,12375,430
2022-07-30,12,2196,10449,495
2022-11-12,18,1699,9144,467
2019-03-13,27,3594,13623,440
2022-04-10,14,4677,7780,183
2020-09-18,12,3329,12992,286
2021-12-17,18,451,438,152
2022-11-17,13,699,7724,138
2020-06-07,21,2409,3599,193
2020-11-21,9,2520,10414,297
2020-06-22,20,1265,13781,431
2023-02-17,12,1377,1766,283
2022-09-16,1,2996,13411,463
2022-01-14,29,3585,11005,102
2023-11-12,23,702,6847,155
2023-01-20,14,3649,11206,115
2021-09-04,27,3882,917,494
2019-12-06,9,2894,10609,135
2019-08-09,28,4151,924,11
2021-10-15,29,1807,405,88
2019-08-09,1,2491,12729,104
2023-01-23,26,4923,11276,384
2022-11-29,15,1225,3553,261
2019-10-22,10,4942,8586,376
2022-09-07,15,290,14936,371
2019-05-16,1,3900,401,77
2023-04-13,29,1511,13620,211
2021-07-10,16,3150,6476,328
2023-04-13,18,1160,9678,45
2022-07-10,9,4044,3397,475
2019-06-01,20,2931,6656,252
2019-10-30,4,2989,7577,132
2023-02-21,21,4001,7031,231
2022-11-07,23,4072,5529,221
2023-01-18,15,759,8513,393
2019-02-28,4,590,13637,324
2019-04-06,6,1813,3845,80
2020-09-08,20,151,5426,319
2020-01-24,25,1736,10013,11
2019-11-17,24,246,7371,92
2022-11-07,13,4562,8906,445
2020-05-18,30,1021,12116,351
2023-03-09,12,2063,10938,288
2023-10-27,3,2689,14564,338
2021-02-12,20,389,2980,400
2022-01-12,27,3149,1652,454
2020-07-03,24,131,5530,107
2022-01-09,27,4460,3585,48
2020-07-19,25,2733,419,37
2020-11-15,13,4658,5771,25
2020-01-06,22,2160,5837,327
2022-05-17,7,4898,14821,155
2020-02-17,24,3225,9147,289
2019-07-27,18,2738,9309,324
2021-07-24,20,3643,14231,494
2019-07-18,9,4933,2752,465
2023-09-26,28,554,8919,492
2020-09-20,24,4094,7896,294
2021-04-05,14,4108,14847,461
2020-08-06,12,2632,8128,219
2021-07-11,2,3499,3700,84
2021-11-23,19,4245,1323,174
2022-09-17,24,998,9288,467
2023-05-05,24,1249,7401,147
2022-11-26,15,4660,12451,254
2020-02-09,11,2029,6381,50
2022-03-21,18,906,838,410
2023-04-08,29,976,13615,306
2022-01-16,25,1335,3562,211
2019-01-30,25,4450,11185,377
2023-08-31,22,560,13231,275
2021-10-17,19,1903,2491,43
2020-07-28,11,3993,11787,149
2023-05-14,3,2960,1039,478
2020-12-04,21,4404,14536,72
2021-10-05,14,291,4067,361
2021-07-25,26,949,7998,290
2020-02-03,15,3407,11086,106
2020-12-18,2,3955,10641,96
2020-09-24,3,4072,14240,77
2023-01-04,8,3346,6490,130
2023-03-03,19,3626,13516,311
2020-11-06,10,3819,14309,461
2021-01-17,15,4921,8077,497
2022-01-16,20,2729,2085,334
2023-02-14,2,4127,10448,404
2020-05-18,16,4946,11232,155
2023-08-21,14,2835,10322,73
2020-05-04,25,1153,8203,395
2021-11-05,30,1781,13164,259
2020-11-06,10,1813,6945,151
2019-10-07,6,1532,1141,236
2020-07-16,1,704,5182,225
2021-01-19,26,1205,11325,263
2022-02-22,10,1933,8155,310
2021-05-06,24,4823,7237,56
2020-02-24,21,950,3916,483
2019-11-13,21,3922,2356,230
2023-05-25,15,3074,3980,465
2022-01-03,5,2651,6074,48
2020-09-17,15,4943,5734,315
2020-01-21,27,4936,10918,375
2020-04-05,26,1754,10052,231
2020-02-11,5,869,6810,118
2023-11-29,10,866,8923,13
2019-06-11,26,3855,9428,469
2019-06-11,18,3435,6924,400
2020-07-07,25,548,5436,365
2023-07-04,7,4003,7808,167
2020-04-21,9,3469,12116,477
2019-02-03,22,937,11858,292
2020-10-19,3,3370,1770,170
2019-02-20,24,4968,11596,211
2019-03-31,28,4997,1128,68
2019-06-22,29,1539,5190,315
2022-08-19,10,4983,1082,111
2023-06-04,13,4411,9566,141
2020-07-17,8,2996,3503,253
2020-07-30,1,4932,13742,24
2020-11-23,11,3458,14108,156
2019-05-24,26,4602,587,327
2020-06-14,17,4030,7750,381
2020-05-06,20,4853,7678,211
2021-01-25,20,3397,3256,141
2020-06-30,4,1453,14258,150
2021-12-11,26,4338,5363,422
2020-04-20,28,2459,14932,148
2020-06-30,13,1798,10308,454
2020-09-12,11,2163,1249,198
2019-01-22,28,4447,11621,43
2021-08-07,3,4013,5645,60
2020-04-05,28,3657,13446,272
2023-11-03,17,4482,6088,428
2022-07-03,25,2501,12503,459
2023-08-10,20,1891,5042,139
2020-04-27,7,2818,3521,222
2021-10-12,14,4904,3893,351
2021-08-23,3,1516,5557,215
2019-02-13,14,833,9719,182
2021-02-11,21,4958,3410,180
2021-02-25,7,1809,7894,14
2022-08-02,20,3976,9512,474
2022-07-24,17,4622,5405,354
2019-01-28,14,4299,1114,283
2022-03-11,2,3668,13804,42
2022-04-27,8,1655,13333,377
2022-03-16,11,2749,2517,263
2020-05-08,2,2424,1344,127
2021-06-14,20,4266,5480,283
2019-05-14,3,4387,4623,319
2022-12-26,6,3578,11997,99
2020-06-13,8,1915,1731,445
2019-02-10,4,3461,2307,79
2022-05-06,24,1237,7922,228
2020-11-26,21,2287,8167,69
2022-12-12,29,4951,8588,378
2022-11-27,27,2757,13278,224
2019-04-03,14,222,14077,173
2020-12-28,26,862,8914,150
2019-09-05,22,1163,5115,492
2021-12-10,28,2249,12441,467
2021-10-06,7,2246,13591,386
2023-03-15,8,1994,8641,253
2019-02-03,14,2766,5237,413
2022-10-16,20,1102,1001,379
2020-11-04,10,446,7492,187
2022-08-07,24,1816,2751,153
2020-09-14,17,4623,5510,83
2023-09-11,23,1037,1305,127
2020-03-21,13,903,7340,499
2019-05-26,10,1095,8281,122
2019-01-29,29,4286,6573,109
2020-01-20,23,3489,3059,398
2022-01-09,12,4446,828,112
2022-10-25,3,2537,4759,413
2022-06-29,4,4226,2319,416
2020-08-21,23,2453,9128,33
2019-12-31,21,1807,1523,36
2022-09-18,20,4537,4445,42
2020-06-30,7,2184,12245,116
2022-03-17,15,3536,8610,449
2020-09-12,11,3314,11381,489
2022-12-02,29,1620,11931,98
2023-06-09,1,279,5439,356
2020-09-30,3,133,12265,270
2023-09-08,3,139,850,379
2023-11-14,21,3648,3542,416
2020-07-29,17,613,12360,109
2021-01-13,22,4754,1322,81
2021-11-11,14,341,1313,218
2020-11-06,10,1533,5004,498
2019-04-25,14,1170,12991,477
2019-05-06,29,4285,5390,323
2021-06-06,7,2538,12875,117
2019-09-28,2,4317,8844,25
2019-03-09,15,3098,10668,51
2021-09-10,9,875,1753,392
2022-10-27,18,3619,13812,420
2023-06-29,24,4491,10162,107
2021-07-21,8,1131,10041,346
2020-11-09,11,166,11567,374
2021-07-28,6,2840,11197,111
2022-09-06,25,1724,2949,255
2023-08-09,27,223,10313,63
2022-01-24,15,1269,8970,384
2021-03-21,2,2191,6506,248
2022-03-01,2,342,5736,469
2021-05-23,21,3947,5683,251
2023-08-30,2,1730,3270,282
2022-05-24,8,726,888,31
2021-10-22,18,3397,2868,453
2020-01-04,28,4310,12908,138
2021-03-08,9,4873,6897,32
2021-09-13,6,2027,13111,275
2023-09-17,14,1907,6295,336
2022-11-05,16,208,13365,312
2022-07-16,8,2750,10539,470
2023-10-31,18,3454,1262,171
2021-04-14,27,4049,2562,92
2021-09-18,11,229,1501,95
2021-11-04,8,1153,670,83
2021-05-23,9,4881,8203,286
2019-08-28,27,495,5534,68
2020-09-22,30,1491,12128,441
2020-05-09,7,1465,859,107
2021-03-30,20,2159,9221,18
2020-10-30,9,4818,8641,261
2023-11-12,2,1797,13476,52
2022-11-13,5,1929,3983,39
2021-02-01,27,261,4610,249
2020-09-10,1,984,7827,254
2022-09-27,1,2059,1612,24
2019-07-08,3,3552,14640,126
2022-05-02,4,4757,14170,94
2023-12-03,21,3075,304,486
2022-05-03,23,892,7025,392
2020-09-29,12,603,10566,494
2019-04-08,7,3781,2494,303
2020-12-29,20,4326,5521,109
2019-04-14,24,725,13276,386
2019-04-14,3,2471,6659,52
2022-04-04,11,2893,2642,168
2023-11-26,28,1163,12939,287
2022-10-18,26,3136,13000,122
2022-04-01,3,3160,8136,377
2019-08-19,12,4386,13039,13
2020-05-14,16,4057,12861,123
2022-11-26,20,3165,2774,396
2019-12-10,2,488,6674,20
2020-09-15,23,2497,9208,491
2019-05-17,8,3619,9178,308
2021-01-14,27,1373,4206,387
2019-09-29,2,1777,2167,358
2019-10-10,5,1384,9962,173
2023-03-10,21,4206,6146,175
2023-10-23,26,447,13504,255
2019-11-15,25,1523,12495,478
2022-07-01,1,1306,11358,72
2021-01-01,18,1751,11908,406
2022-03-30,1,625,10893,179
2023-01-02,17,1265,8753,426
2021-04-13,11,1142,4545,422
2023-05-18,8,4646,12550,85
2022-09-24,26,236,13216,155
2021-07-08,18,1547,11524,460
2019-04-05,12,1112,7281,96
2023-09-02,29,4756,9370,115
2019-08-25,14,3464,6515,267
2019-10-19,10,1654,8838,297
2019-08-31,3,1659,7598,267
2020-11-10,16,3819,4831,111
2023-04-28,7,2504,3425,61
2020-05-13,25,4358,14865,203
2021-02-14,17,2717,9230,467
2023-09-30,15,2403,769,386
2021-08-25,27,3570,10624,281
2021-04-28,18,3082,5724,66
2019-12-05,17,1642,13750,160
2019-12-21,29,2432,13039,190
2021-06-06,9,3845,3759,498
2023-01-07,16,3492,14992,87
2022-03-11,22,2998,12777,402
2019-03-13,25,2138,14138,470
2022-02-19,26,4080,469,98
2023-05-30,15,3226,880,452
2020-07-04,12,3599,13451,491
2022-03-05,17,2427,1451,216
2021-03-11,28,2559,11898,466
2023-08-18,21,2790,12984,482
2021-10-06,29,3263,6093,55
2021-08-17,7,1072,5714,190
2022-09-15,15,3623,12133,140
2020-09-21,18,826,11107,208
2021-05-26,9,628,11179,89
2021-05-26,12,4297,8591,326
2019-02-19,5,3918,1732,474
2022-10-15,6,4142,7623,409
2022-06-22,29,4737,5143,213
2020-07-21,28,2570,13149,100
2021-06-25,15,4554,6743,123
2022-09-29,17,2036,1756,261
2019-03-20,3,1287,13357,492
2019-07-28,14,4527,2911,183
2019-07-13,26,1653,11965,252
2021-06-14,7,3798,5946,372
2023-12-19,1,561,2627,113
2023-10-27,19,161,10742,479
2022-07-08,16,2162,781,290
2019-08-26,26,3350,229,20
2020-08-09,19,2005,1113,442
2020-03-09,4,4668,4607,479
2023-12-14,12,2059,7563,34
2020-02-17,8,4941,9384,64
2023-05-23,7,4005,12939,117
2019-11-13,15,1186,10565,424
2022-01-06,25,4500,11410,336
2022-11-29,21,3506,394,184
2022-07-12,24,1819,14330,152
2023-12-01,6,710,566,87
2020-12-08,17,3830,14048,439
2023-05-19,21,4916,2472,304
2021-01-03,7,1775,2676,299
2023-05-27,1,4753,14894,27
2021-03-26,11,1032,14316,53
2022-01-01,11,1954,5328,33
2021-02-06,5,4381,1604,62
2023-02-25,18,805,12690,190
2020-05-27,19,4465,2287,415
2023-11-09,28,4353,12213,120
2021-02-28,5,1642,12455,356
2020-10-12,23,855,10005,343
2020-02-10,18,363,2233,343
2019-02-05,23,3806,9806,406
2021-02-19,21,841,1104,306
2022-09-06,15,3873,10846,439
2021-02-17,6,630,10365,396
2020-11-01,15,3797,306,132
2020-07-22,9,1702,7524,164
2019-07-20,16,437,661,182
2022-06-06,29,3247,11244,421
2023-05-30,23,4893,9303,472
2019-10-15,14,3266,10549,395
2022-06-16,7,1141,10538,112
2019-03-07,6,1737,1044,246
2021-05-27,9,3845,5365,372
2021-09-28,22,2550,1579,397
2021-09-14,6,1242,14791,86
2019-09-05,22,2184,12990,346
2020-01-07,6,2192,12306,312
2022-02-10,1,986,4645,82
2019-09-11,11,3200,14997,56
2019-02-08,12,1243,5066,235
2022-09-28,11,4649,12585,152
2022-12-16,28,3194,9182,33
2023-02-20,1,1459,5567,437
2023-01-25,8,3106,6635,466
2023-02-20,9,3815,1392,273
2023-06-21,24,3664,8150,221
2023-09-29,8,2268,11885,367
2021-01-18,6,4002,12173,106
2022-08-12,8,1666,11795,245
2021-04-22,26,2687,4985,164
2021-08-22,29,3319,3958,413
2021-08-11,18,1276,12051,233
2023-04-19,2,3602,2812,226
2020-03-16,5,3304,1906,351
2019-01-07,4,4860,9646,128
2020-02-18,9,1705,10069,387
2023-12-06,5,2760,10093,322
2023-06-24,3,1740,14791,35
2023-02-19,9,4368,6500,452
2022-02-25,13,4789,6470,463
2020-03-16,11,352,12108,338
2020-08-30,30,3028,9326,419
2022-08-02,17,840,14748,55
2020-06-22,16,651,1116,251
2022-06-16,1,3873,7755,468
2021-03-27,30,4089,4327,403
2023-12-15,22,1803,4698,19
2021-04-21,23,1944,12399,31
2021-10-15,19,788,11638,252
2022-01-14,26,1987,1645,475
2020-05-29,26,2359,12170,464
2022-07-12,29,1977,3907,141
2020-01-17,13,4225,6567,173
2022-02-22,20,981,12282,415
2023-12-05,6,1965,10808,188
2019-09-04,23,910,1877,137
2019-09-18,17,4001,10983,123
2021-04-16,25,3075,9718,257
2023-05-12,7,2163,12945,417
2021-10-06,26,3278,2712,400
2022-12-22,20,3778,9009,231
2020-08-09,9,2952,2053,438
2022-01-17,27,1191,3118,277
2022-12-31,16,4543,10256,100
2022-05-10,15,4695,6168,417
2019-12-28,14,3200,1777,228
2019-01-18,3,2300,5386,151
2023-03-30,2,3154,8915,234
2022-09-17,25,1786,827,180
2020-03-01,18,1865,11841,439
2020-03-15,26,484,11754,316
2021-10-27,18,1993,9448,207
2022-08-02,21,3646,13075,375
2021-11-28,21,2714,12026,371
2021-02-20,24,4099,6228,386
2023-03-06,25,3875,2136,287
2019-08-02,3,2578,2120,241
2019-09-30,25,4461,14594,289
2022-09-23,14,3818,14951,96
2023-10-13,16,232,3137,339
2021-01-30,20,1044,1778,151
2023-12-18,19,835,5996,342
2021-11-05,1,4661,9933,409
2022-11-21,30,1077,3619,15
2019-10-19,24,2776,11831,210
2023-03-17,13,3507,3754,283
2020-03-24,3,2191,7035,181
2021-04-15,6,2246,4380,66
2022-01-08,27,1671,5120,37
2019-11-27,9,454,8287,155
2020-11-09,13,3794,14893,309
2020-08-11,30,2584,7694,251
2021-04-19,27,2920,4494,254
2022-07-23,3,2581,1286,378
2021-11-21,28,151,8322,147
2020-10-07,2,2757,5148,109
2021-05-20,4,4789,6226,63
2021-10-15,13,2193,14534,300
2020-09-03,3,1167,11196,274
2019-12-10,17,3077,10326,48
2023-09-06,8,473,14336,55
2020-05-07,1,200,4703,113
2019-11-12,17,2801,9982,315
2020-03-02,18,2207,11881,228
2023-08-31,8,164,2944,96
2022-11-14,30,1670,8088,76
2019-04-19,20,1039,7811,196
2022-10-31,20,4106,715,408
2023-01-01,11,1306,508,19
2020-08-16,30,3927,13779,377
2023-05-12,18,1350,7763,33
2022-02-19,22,1003,932,81
2020-11-26,21,4705,1194,316
2022-01-14,8,4053,6470,255
2021-03-22,5,1207,10707,395
2022-01-31,21,3813,9671,393
2021-09-24,20,543,6693,230
2021-10-01,23,1577,2707,321
2022-07-26,11,2254,6394,264
2021-10-21,26,4485,3761,236
2020-08-28,8,3115,12287,119
2023-01-17,18,4330,11278,360
2023-11-17,8,1584,6074,141
2023-04-24,2,4755,14546,200
2021-08-16,26,4248,6190,338
2022-08-13,17,2127,10306,494
2019-01-12,15,2081,727,112
2021-11-27,9,3934,12578,369
2019-05-17,29,962,2575,446
2022-02-28,25,4866,3194,240
2019-02-13,11,1545,7496,292
2021-09-01,10,242,2540,252
2019-08-11,18,3712,5119,27
2023-08-13,6,1056,7113,458
2021-10-26,5,1538,2190,324
2020-06-18,5,1930,11516,470
2023-04-01,5,2109,12694,455
2023-03-05,21,1515,6172,437
2023-01-22,11,3567,6086,455
2019-06-16,17,4025,3987,228
2020-06-14,13,1180,565,37
2019-12-31,1,4831,250,340
2020-07-13,6,1703,2286,211
2019-12-04,12,945,7804,442
2019-04-08,3,3242,1358,148
2019-08-09,1,1644,7958,196
2023-08-01,23,3765,5465,165
2023-05-18,12,1308,9292,406
2020-10-14,4,372,2740,111
2023-08-02,21,1486,10520,384
2022-02-17,7,1325,14980,256
2019-12-25,12,122,11528,214
2022-02-14,30,1725,10391,185
2019-08-18,23,4166,13438,498
2023-03-20,21,1850,9009,22
2019-09-11,27,4680,14100,177
2019-09-01,3,1228,13043,52
2022-04-11,16,338,1095,172
2022-12-30,6,4614,8650,83
2022-11-06,3,675,9158,224
2021-10-04,19,1673,1186,384
2019-02-11,13,2468,8081,250
2022-10-29,4,2728,13797,140
2023-12-15,2,3835,7007,324
2021-09-21,19,358,4442,460
2022-01-31,3,2266,9527,438
2023-11-29,24,3229,942,251
2020-07-28,25,242,13257,241
2021-04-18,14,1548,8019,59
2020-01-29,25,2689,2330,302
2022-09-03,18,3173,833,224
2021-10-10,18,2487,8800,380
2020-09-11,27,2717,10311,88
2022-10-19,19,572,8279,128
2021-12-09,28,4092,9436,274
2022-04-28,23,530,558,34
2021-05-16,28,644,4418,317
2020-03-13,5,3604,7369,221
2022-02-10,20,2752,5050,69
2020-10-12,24,3195,10423,142
2021-11-06,12,1921,10825,234
2019-08-11,28,4606,13335,353
2021-05-15,21,3222,5193,424
2021-07-03,10,1950,2733,258
2023-01-17,20,4746,385,45
2022-11-17,13,794,11562,463
2019-08-28,1,3744,1619,15
2022-03-05,26,4936,3105,95
2023-03-31,2,3383,6786,438
2020-01-19,24,1276,12008,34
2023-05-08,25,3108,13966,496
2023-08-13,7,4679,8516,48
2021-11-27,2,3098,2000,39
2023-10-21,21,3316,6571,38
2021-08-10,26,1257,8551,370
2021-05-18,1,3750,1055,167
2022-12-07,5,1520,6444,202
2022-12-27,8,264,5249,130
2022-08-27,11,2124,7372,192
2022-11-25,1,4659,6905,49
2019-06-25,2,4249,2239,281
2019-04-21,17,4294,11000,177
2023-02-18,30,886,8416,496
2021-05-26,1,1792,9701,439
2020-05-28,8,1832,782,435
2020-01-24,5,3411,4576,476
2019-02-24,13,3788,1182,260
2021-01-12,25,3433,5027,371
2022-05-07,3,4634,8589,88
2021-09-21,18,1230,9836,345
2021-04-25,6,3350,12525,92
2020-11-01,4,4373,10225,392
2022-02-19,11,4104,411,205
2023-03-23,5,1357,5704,63
2021-05-11,5,3141,3435,172
2019-04-01,25,1054,5413,353
2019-04-20,24,598,14079,103
2023-06-14,19,3379,13595,421
2020-10-26,10,4868,8470,114
2021-07-16,25,949,8085,435
2022-01-18,15,1419,6058,21
2021-06-22,23,4179,4386,482
2022-09-11,2,2675,5158,389
2020-11-28,17,2327,8184,164
2023-08-01,26,4605,4948,462
2021-08-31,3,621,887,347
2021-12-21,1,1751,11967,90
2019-11-11,8,3517,10055,182
2023-10-08,21,3405,4889,221
2023-09-04,28,1928,2636,321
2021-01-18,3,1181,860,57
2019-10-28,10,1777,13258,63
2021-07-12,18,797,7694,181
2019-01-21,6,1361,7437,131
2023-05-12,24,1682,8280,300
2020-07-12,28,4318,6405,281
2023-11-01,12,1682,12692,388
2023-10-21,19,964,1555,232
2023-03-07,27,945,12725,305
2022-01-10,4,1903,5905,412
2022-06-25,7,2263,10490,141
2023-06-05,12,1078,13436,203
2023-04-04,1,4723,4010,254
2022-05-17,14,1551,1342,410
2021-08-18,22,2883,13899,43
2021-09-23,4,185,7863,329
2021-02-15,14,1189,722,284
2019-06-01,21,4621,3901,78
2023-12-21,26,3386,14510,450
2020-12-04,27,1843,9238,421
2021-07-20,26,1780,1711,323
2021-08-03,23,2346,12035,45
2023-05-30,12,595,6603,162
2021-04-28,5,3050,8138,367
2022-09-17,28,2124,7524,275
2022-05-30,11,309,2171,164
2022-08-04,14,2409,10887,239
2022-02-07,29,1989,4930,166
2022-08-11,5,372,12385,319
2022-06-27,12,4771,10954,67
2020-09-08,14,4423,2808,468
2020-07-15,14,383,5555,464
2021-10-30,30,213,10497,307
2019-10-11,6,450,8742,198
2021-10-27,22,2453,3895,69
2020-08-21,4,1716,3509,496
2021-07-23,25,4219,7603,361
2023-10-04,24,4281,9256,214
2023-06-07,13,465,9580,249
2023-07-09,15,3952,9096,325
2020-01-04,24,3177,14257,168
2023-06-05,3,3545,3278,223
2019-02-25,8,509,12492,452
2022-04-08,23,3351,6071,328
2023-02-07,3,4785,13772,201
2020-11-01,10,3334,9236,105
2023-02-22,9,4394,7217,408
2020-07-08,24,2187,14247,127
2021-10-18,6,4389,10037,208
2023-11-25,26,2540,7348,82
2019-02-23,18,1601,4529,186
2020-08-18,3,3337,7963,11
2022-03-28,8,3253,6673,262
2023-12-17,29,2604,5374,222
2023-10-11,3,4374,6677,288
2019-02-12,17,2361,4314,103
2022-02-15,24,132,14412,201
2023-09-12,23,326,11271,226
2023-03-13,20,4600,14652,48
2021-07-09,27,526,7844,154
2023-11-04,19,3185,14200,499
2020-10-12,11,497,14239,129
2019-09-10,14,2090,2056,225
2023-06-20,26,2752,865,23
2022-03-27,23,721,2582,340
2022-11-10,10,698,3719,477
2020-08-10,28,2142,1342,131
2020-06-24,10,2314,8485,314
2019-07-16,24,3647,12554,247
2023-06-25,1,2459,14996,443
2023-04-22,17,2640,9195,241
2022-08-09,8,1393,13667,460
2023-03-31,24,4256,3380,313
2019-01-01,10,4979,6713,301
2019-12-21,26,111,7239,12
2019-07-06,7,2181,10252,67
2023-11-05,18,2846,7159,39
2023-03-19,14,2473,11188,202
2019-07-04,1,305,12712,374
2019-11-05,2,3754,14388,287
2023-03-06,10,2912,1109,467
2022-10-30,8,3580,11633,437
2023-11-22,1,2316,5510,410
2020-07-31,8,4272,4525,24
2020-08-14,12,2892,2566,285
2022-02-21,25,515,10161,350
2019-12-17,12,270,8665,454
2020-06-07,7,4384,6200,394
2022-05-27,13,217,14393,75
2022-01-20,2,4672,8078,45
2020-03-18,2,2704,10242,447
2019-12-03,9,296,3153,376
2019-02-08,20,2750,4305,108
2023-06-23,19,723,14138,495
2023-11-05,20,4504,9720,218
2020-06-04,21,988,5810,466
2020-03-21,17,4100,11963,164
2019-10-04,21,2297,14791,221
2022-04-25,9,1667,12411,381
2022-05-22,20,454,10357,260
2021-01-10,1,2415,13146,355
2019-10-19,12,4215,8135,383
2019-08-08,17,1477,2800,488
2021-01-12,13,644,14919,486
2019-06-29,4,4323,6177,363
2020-11-29,27,4762,10985,105
2022-02-21,5,923,10162,81
2023-06-25,10,3555,3097,183
2021-05-07,18,1038,12231,165
2023-10-26,16,303,10414,150
2021-05-26,22,2400,11522,60
2022-11-18,14,3373,6169,226
2022-10-28,2,2489,11521,348
2019-06-03,1,965,4793,343
2022-01-12,11,1704,14540,35
2020-09-27,9,3466,11685,408
2022-06-27,20,4437,13073,479
2020-04-17,1,3866,14753,414
2023-05-09,14,2433,8033,413
2020-10-01,20,2659,7151,382
2023-12-14,4,2583,1923,112
2021-07-09,30,3679,6422,70
2020-11-11,21,2077,6141,162
2023-03-06,8,1863,6704,492
2023-08-27,7,4603,7858,252
2020-08-20,29,3624,11006,442
2022-02-15,28,918,4166,467
2021-04-28,21,4500,10346,315
2023-03-18,26,2052,1575,422
2021-02-01,8,2379,1210,182
2020-08-19,12,2842,12075,276
2022-09-18,4,477,13733,249
2019-12-02,28,1864,10409,138
2020-07-07,20,2618,14352,41
2021-09-23,30,3023,4013,360
2019-12-06,8,4929,14591,74
2019-05-15,21,1098,1999,290
2019-10-01,25,2465,11639,128
2020-11-20,6,963,12250,423
2022-07-25,12,2633,9349,139
2019-02-26,22,1704,9354,21
2019-01-31,6,3159,3039,270
2023-03-22,5,2415,11587,77
2023-12-29,19,2169,13535,417
2020-10-14,13,4454,1269,457
2022-11-15,2,3319,10578,113
2023-07-01,7,981,872,200
2021-01-29,15,601,10606,168
2022-05-04,6,2304,5874,260
2019-09-06,13,676,9589,416
2023-06-17,17,3517,5633,497
2023-08-06,11,4782,6103,410
2021-04-13,7,1298,4919,239
2019-02-17,5,2085,9771,469
2020-02-05,12,3241,4733,428
2022-01-22,18,2258,2321,101
2022-09-02,14,1099,13448,155
2019-10-23,22,1025,10850,136
2022-08-20,25,4955,8046,448
2019-11-07,3,1770,3778,384
2020-01-11,14,924,6873,266
2020-01-08,13,1780,3363,10
2022-06-21,16,3720,6136,82
2023-07-23,13,2183,9288,264
2020-04-09,22,3793,8894,341
2019-11-15,12,567,3327,231
2021-01-18,4,2195,2279,487
2021-02-01,13,3235,1324,310
2023-01-13,21,3889,7409,279
2022-03-31,21,4710,8382,458
2022-04-17,9,130,12454,207
2023-12-10,23,824,6110,379
2020-01-25,14,3544,2527,338
2021-10-31,9,938,14091,218
2022-03-10,24,3024,605,425
2020-07-20,19,2865,2399,349
2020-04-26,23,1376,13561,30
2020-04-29,15,3448,5498,438
2020-06-10,25,2519,6660,247
2022-12-22,10,1795,6511,65
2021-08-27,24,2616,10396,441
2019-01-02,14,2402,5273,41
2019-10-08,2,1379,2835,409
2019-06-26,27,1897,6461,466
2020-03-29,8,1182,12880,287
2020-08-02,19,700,9085,302
2022-08-13,23,2080,12802,317
2022-01-10,7,2987,6473,152
2019-11-29,26,658,3894,412
2020-09-06,29,1254,4148,256
2020-10-04,7,3254,1690,291
2019-09-02,16,2287,12840,32
2023-04-29,30,484,2621,132
2021-06-01,8,2250,9193,187
2019-10-29,21,622,1201,379
2019-05-14,21,1601,1981,120
2022-03-21,21,234,11851,328
2021-04-13,5,3076,4747,89
2020-06-06,5,4556,1396,481
2020-10-15,5,2697,8136,400
2021-06-07,22,256,14810,109
2020-08-11,29,649,5576,451
2021-02-09,19,4573,11914,287
2020-07-22,1,948,8316,91
2023-04-13,4,4239,4162,422
2023-07-18,12,4945,4329,297
2023-05-27,21,1957,10988,411
2023-07-06,12,2012,13232,297
2019-08-20,10,3446,7905,438
2022-11-04,17,4802,12395,257
2023-11-16,12,3083,2092,283
2022-09-17,24,519,8904,494
2020-04-18,5,751,11419,211
2022-09-13,3,4903,2300,453
2022-01-03,16,2115,1916,229
2021-04-18,12,342,12150,201
2023-07-21,26,1944,7863,448
2019-09-04,9,1062,12235,350
2020-12-27,17,3764,14527,257
2022-09-25,26,1528,7411,297
2023-08-03,8,2366,7235,484
2023-11-03,19,871,303,474
2020-05-02,16,4873,10658,264
2023-11-13,2,1770,697,306
2020-02-03,19,2466,8994,291
2022-04-28,9,737,8477,393
2021-02-22,20,2825,11668,279
2020-02-09,1,2347,7576,356
2021-12-27,15,3171,7116,294
2023-02-11,5,2393,4268,181
2023-10-07,7,923,13041,62
2020-05-04,29,2554,7757,185
2023-09-03,5,564,5750,91
2019-08-03,4,2225,8546,53
2023-11-27,14,817,814,467
2021-02-23,5,566,13445,269
2019-09-27,8,4252,14919,160
2020-09-30,29,1941,3541,274
2021-09-12,4,2021,8164,189
2022-03-29,12,3711,932,88
2023-07-15,17,2652,12643,101
2023-04-05,16,4040,7257,472
2022-07-19,15,186,5273,380
2023-02-25,19,649,4881,394
2023-01-03,21,1259,3760,183
2020-03-20,18,609,3487,166
2023-05-17,25,4774,10688,166
2020-05-05,25,2191,7328,370
2020-11-18,22,4466,5172,38
2020-11-04,12,3374,11256,361
2020-02-01,18,4229,12882,161
2020-05-17,14,4231,12381,219
2020-07-02,10,4784,7892,344
2023-03-16,4,725,1923,306
2023-12-08,12,3554,4587,234
2023-05-02,6,3851,7014,333
2023-05-03,3,1635,6106,251
2020-07-12,18,732,13846,424
2023-01-23,15,2324,1753,107
2023-10-29,7,2661,6143,62
2020-03-16,7,2874,11635,19
2019-07-07,4,4391,14989,430
2019-11-08,7,1298,1855,24
2020-03-27,19,1089,11355,418
2021-12-23,24,419,8689,458
2022-08-23,12,4077,14188,161
2022-10-26,5,2279,6507,353
2021-03-15,19,2535,3642,99
2022-05-12,6,925,2116,167
2020-03-27,27,2281,2709,350
2023-10-04,4,3783,14849,114
2021-04-19,27,4323,9609,192
2022-12-23,27,664,2193,338
2020-04-26,21,921,336,58
2022-03-19,28,176,869,309
2020-05-19,18,712,11251,227
2023-04-10,16,3159,2462,326
2022-09-06,20,4086,11132,415
2022-11-29,17,261,11238,216
2023-03-19,6,2394,7131,490
2020-08-28,7,1452,12439,178
2021-11-17,4,4437,3633,445
2021-11-24,9,766,6339,142
2019-06-19,18,1305,14494,347
2023-01-06,19,4930,4559,197
2023-10-04,25,3343,714,457
2020-11-21,9,1161,9178,138
2022-01-15,10,3987,2647,117
2021-02-03,19,1494,14020,166
2019-10-27,1,1684,8846,197
2021-06-08,14,2227,1924,360
2019-08-17,9,1255,6961,102
2019-07-18,25,2661,5289,444
2022-09-21,26,3465,1059,93
2023-05-07,26,1111,7882,308
2021-08-12,11,185,9355,448
2019-04-01,10,2843,8197,415
2021-07-17,30,4462,10888,385
2022-08-19,10,4761,3517,416
2021-07-09,8,3190,4006,10
2021-06-02,28,4951,4611,297
2019-09-04,27,303,5898,101
2022-02-25,4,354,9129,473
2022-09-15,15,2011,4237,476
2021-04-26,1,2522,1793,324
2021-07-21,1,2419,4104,415
2019-08-14,21,620,9764,367
2019-09-14,2,1735,2465,226
2022-04-20,4,2084,10398,67
2022-09-01,21,4095,6359,233
2023-03-03,13,153,11808,86
2019-01-27,15,4314,7503,22
2020-01-05,30,152,10578,174
2020-01-26,27,4482,6996,220
2021-11-14,12,616,14568,441
2021-01-27,8,4292,8298,30
2019-03-29,21,2641,1647,475
2020-10-31,12,1436,7030,172
2023-09-17,30,2356,7960,55
2020-08-22,26,1041,6788,207
2019-06-10,27,3712,8982,480
2019-12-20,4,3343,10855,440
2022-11-17,10,2381,1733,402
2020-06-24,27,1367,14497,206
2019-02-26,15,2071,7337,410
2022-04-13,28,540,10615,259
2021-12-29,3,3229,4409,62
2023-07-25,12,248,8307,22
2023-05-31,4,1768,3811,48
2019-11-22,27,3572,9510,460
2021-07-20,16,1580,14885,90
2023-05-27,29,2975,9955,333
2022-07-24,6,874,3849,461
2022-10-07,17,2918,414,121
2022-01-02,16,4076,1928,149
2021-10-04,29,4998,8684,384
2021-10-05,18,1137,5201,261
2022-09-11,1,706,10034,77
2023-06-14,4,3240,4305,497
2022-04-03,7,3157,13918,429
2021-10-02,28,1140,11802,247
2020-06-01,18,765,2683,159
2022-03-05,26,3136,7167,371
2022-11-26,9,4459,1794,224
2022-03-18,20,562,4529,320
2023-06-29,1,4370,2104,20
2020-12-19,15,3205,2298,359
2021-12-02,11,4996,1643,461
2023-07-01,25,4202,10416,400
2019-01-18,20,4477,14565,334
2022-05-22,20,1313,10692,309
2019-03-21,21,4531,2845,28
2020-07-25,19,3175,11237,481
2021-05-03,3,3739,2233,34
2023-10-30,11,816,13754,361
2022-05-07,6,258,12104,101
2022-04-18,8,1008,12220,269
2020-12-19,25,2755,700,290
2020-05-15,15,3214,4463,288
2019-07-11,28,287,13728,56
2020-03-01,27,1614,11298,63
2022-02-03,15,4243,5837,337
2020-02-09,5,1547,9218,474
2019-04-12,6,2699,9955,114
2020-07-04,20,1693,13760,378
2019-10-01,5,2111,5199,321
2023-12-12,1,290,821,301
2021-08-08,29,4392,7350,347
2019-04-28,9,3956,10977,172
2020-10-16,30,749,2180,311
2022-06-03,27,233,4758,466
2022-07-28,3,3580,5016,451
2023-02-20,13,3004,290,149
2022-05-05,9,2559,1285,245
2022-10-02,20,410,10698,153
2023-10-08,25,957,11858,108
2019-05-12,4,3911,10720,337
2023-08-01,27,142,14602,176
2019-04-11,23,4427,6346,119
2021-01-11,28,3440,232,256
2023-08-19,3,2646,6598,352
2020-06-29,28,153,9545,239
2022-11-30,30,1610,8534,157
2022-08-10,2,4867,5873,329
2020-05-23,27,1246,13351,144
2023-10-14,18,2405,10423,383
2023-11-22,16,1055,5701,231
2022-12-02,13,1271,10549,183
2019-06-27,13,4721,2957,250
2019-05-17,4,237,9919,98
2022-08-07,4,4348,12675,446
2021-02-08,28,163,6751,349
2022-03-06,26,2839,13325,237
2020-04-30,7,4079,10269,463
2023-05-30,27,713,10507,203
2021-12-29,15,4575,2531,419
2023-04-25,12,2896,4838,380
2019-04-04,1,4690,14447,154
2023-06-21,30,368,2282,286
2021-03-24,18,2461,9772,110
2019-04-02,29,4679,3549,24
2021-02-12,16,2210,12045,471
2019-11-17,10,1908,14360,401
2020-09-26,2,2001,13450,47
2020-01-08,21,162,11540,293
2021-09-11,9,3682,13715,165
2023-03-12,8,4974,4472,171
2021-09-08,6,2252,4701,22
2022-07-27,6,4396,704,490
2023-05-08,2,1108,10080,233
2023-04-20,24,445,12090,381
2021-03-11,8,455,2072,70
2020-09-12,17,4142,14044,267
2022-07-28,26,3741,14862,18
2021-05-13,3,4055,7708,126
2023-02-09,12,3762,6753,498
2023-10-17,17,3977,12636,471
2022-07-08,27,4847,6319,268
2020-03-20,13,3605,9032,147
2020-12-14,3,245,3955,399
2019-01-08,6,4372,8963,215
2019-07-04,17,4913,8585,125
2023-11-19,12,3328,11312,336
2023-05-24,14,4356,1686,132
2021-01-06,20,556,4764,441
2020-11-22,19,807,14465,219
2022-02-06,4,4707,3475,40
2021-11-05,22,3496,11612,369
2022-02-05,1,3303,12245,125
2019-04-21,15,4233,8620,122
2021-09-16,11,1929,6367,332
2021-12-27,10,536,8133,452
2019-12-15,2,1048,7870,287
2019-05-07,10,4308,13709,51
2019-09-27,20,2262,4713,344
2020-09-22,27,3507,2959,352
2023-08-11,9,118,9863,191
2022-11-13,12,634,12165,180
2021-06-09,11,3285,10327,438
2019-02-08,11,4298,2973,224
2023-01-19,28,3109,13105,119
2020-05-16,9,139,2615,350
2021-09-22,14,761,5043,405
2021-01-15,19,4978,1105,112
2019-10-15,4,3451,7473,380
2022-12-08,27,1247,8189,494
2022-04-29,11,4579,14305,11
2021-09-27,24,1925,2529,58
2022-11-06,14,1983,12252,354
2020-10-24,13,3989,5881,87
2019-05-06,10,3564,14198,74
2023-12-06,18,318,8366,112
2020-09-22,5,1153,5333,281
2023-08-04,28,2169,6855,282
2019-12-24,27,435,14153,41
2022-11-20,10,3103,4985,493
2019-01-15,16,3051,10325,328
2023-12-25,15,376,14813,343
2020-02-06,21,4604,3436,229
2023-07-01,5,3234,7091,463
2020-05-03,18,1938,12141,246
2021-12-04,14,2658,6769,162
2019-09-20,9,835,9125,450
2021-04-15,17,2906,12022,88
2021-09-20,19,1701,13820,284
2021-03-08,4,3112,14956,497
2022-12-22,18,530,3536,198
2022-10-23,14,2748,2238,275
2023-07-12,22,1132,5684,446
2021-11-21,2,2570,11060,46
2021-04-21,12,2871,4343,290
2023-12-01,25,4542,3277,444
2021-09-28,3,3238,14463,377
2022-02-15,18,539,3918,132
2019-08-15,14,1355,3889,373
2022-07-06,26,3573,4182,62
2022-05-21,5,665,14719,249
2019-07-21,19,1861,9823,305
2022-12-13,28,261,1483,235
2020-09-01,17,285,14377,57
2022-03-17,6,595,8427,408
2021-08-23,5,1981,11358,111
2020-02-06,18,4157,14891,240
2023-10-31,2,4219,6033,237
2019-02-24,27,1439,13007,386
2021-04-17,29,1168,10409,36
2022-12-13,6,3719,10912,174
2019-03-30,24,868,9024,24
2022-11-03,4,729,13523,239
2023-06-08,8,2483,13386,158
2023-06-08,25,1672,13934,240
2021-06-22,28,1865,699,13
2020-06-12,19,3466,7683,422
2021-05-22,4,2697,11622,129
2022-12-12,2,4992,7714,357
2023-10-23,17,748,13769,337
2020-06-17,20,1755,5800,315
2020-01-05,7,1553,13050,96
2023-01-02,20,3814,6967,416
2019-11-02,19,2800,14831,134
2019-08-28,23,2729,11169,263
2019-02-03,18,4560,4092,17
2021-10-26,26,4808,9063,468
2023-03-29,13,3354,13521,198
2023-09-08,8,1044,14168,154
2023-12-16,16,2604,5857,348
2019-03-14,16,3661,6556,211
2019-02-01,25,395,11208,192
2019-08-24,4,203,11973,167
2020-02-05,10,1606,9847,488
2023-10-24,27,4386,2043,455
2019-05-23,15,373,6335,304
2023-11-07,22,4502,14560,82
2021-03-07,8,4593,1535,414
2020-08-16,2,4341,12001,320
2023-04-09,10,883,3635,123
2020-09-22,30,189,3198,22
2023-09-14,22,4004,2266,372
2021-03-13,21,658,5563,414
2019-01-22,25,4990,9349,467
2023-05-22,1,2309,12692,398
2022-04-02,7,4441,6720,286
2022-02-10,17,4393,7181,241
2019-01-06,15,1048,3683,404
2021-10-21,9,2480,11279,348
2023-07-07,18,2742,14687,347
2023-06-07,19,2285,13824,331
2023-08-04,19,260,1823,299
2021-07-17,8,3211,8850,225
2019-08-26,28,3473,11927,360
2019-12-02,18,1649,611,306
2022-07-09,28,174,9364,462
2019-10-09,12,4963,8532,213
2022-03-30,17,941,4451,75
2023-08-28,7,2521,2856,363
2019-10-16,25,3756,8997,55
2019-10-27,17,4081,5237,321
2021-03-01,4,1098,8115,295
2022-08-26,3,267,6006,94
2021-10-03,6,769,11847,53
2022-03-03,16,430,1622,184
2020-05-08,23,347,9041,188
2023-09-23,3,3631,1358,19
2021-04-27,28,2021,1023,32
2020-03-06,21,1032,11349,257
2019-05-18,4,1339,961,352
2023-01-31,14,1494,6835,52
2022-10-24,24,1133,7505,306
2023-09-28,28,980,9783,333
2021-05-01,12,559,1237,149
2020-11-06,29,4442,13696,304
2019-12-17,15,409,11461,386
2021-11-20,19,337,12972,467
2020-10-24,30,624,1929,294
2020-01-13,25,4036,11278,112
2022-07-27,1,1858,5508,495
2020-11-12,26,3119,8100,85
2020-11-10,11,944,1020,333
2019-09-26,10,3048,644,482
2022-09-08,19,2150,13153,464
2020-06-16,26,964,1645,366
2023-01-21,8,2309,10165,326
2021-05-05,10,3134,13897,61
2020-04-12,25,2513,264,310
2023-12-01,1,4442,3713,305
2019-02-27,30,1995,2641,293
2023-03-27,2,3807,5140,482
2020-03-31,4,4642,12552,405
2023-04-05,7,1341,5326,327
2021-09-17,28,1774,14067,303
2022-01-30,9,4982,3146,318
2020-08-26,9,981,3048,422
2023-09-21,24,1683,1539,420
2019-09-28,15,2396,7208,365
2022-06-04,11,4632,3527,36
2023-05-18,18,3845,4336,195
2020-05-06,19,3352,693,494
2019-05-15,13,643,1313,463
2021-01-22,4,2635,201,456
2021-07-18,9,3120,5177,439
2023-10-16,6,1128,13651,150
2023-02-05,18,4935,13164,365
2020-07-08,28,4220,11154,454
2023-02-07,30,3618,5881,143
2019-07-07,21,483,6502,192
2023-08-20,28,1370,12701,104
2021-07-07,4,869,5437,66
2019-12-18,8,3458,3082,410
2023-04-03,25,1490,3612,365
2023-10-13,23,948,8197,356
2019-05-28,8,1955,7601,30
2020-01-22,20,2345,4516,23
2019-06-28,25,3546,10894,285
2023-05-26,21,4586,4661,391
2021-09-25,16,4565,12939,81
2023-01-06,28,2547,3188,130
2020-12-10,14,2038,6138,184
2020-01-13,29,240,544,256
2020-03-21,8,3996,3715,172
2021-06-26,12,955,6888,462
2019-11-20,18,2446,5151,262
2019-03-01,2,206,6523,277
2022-05-05,14,4744,7903,65
2021-12-29,10,1708,12835,229
2020-05-21,7,3374,10524,133
2022-04-16,15,3805,7323,439
2022-09-08,5,4043,7611,157
2022-04-19,22,3378,8234,295
2021-10-31,12,2516,12723,14
2023-03-06,22,659,12692,201
2021-04-03,17,2502,12574,71
2020-02-13,17,3798,14586,317
2021-10-18,27,4914,2883,267
2019-01-20,12,2072,13578,404
2020-11-13,7,1042,8678,388
2022-07-05,28,2167,5698,440
2023-10-25,25,2650,11385,239
2019-10-17,30,207,2329,329
2023-06-27,2,3142,10486,124
2023-04-02,3,3778,9851,369
2023-01-24,23,2169,6949,33
2021-11-18,12,1543,4696,373
2023-12-19,12,2695,14016,332
2023-10-20,12,3905,14551,350
2019-01-09,11,2242,2336,143
2019-06-11,28,1176,4588,278
2020-01-28,4,2251,2873,346
2021-01-05,6,2031,8312,276
2023-02-07,6,3470,9154,97
2023-06-09,11,3114,14820,309
2019-10-26,21,3823,10226,225
2022-05-25,9,4160,9571,238
2020-01-16,27,2669,8034,276
2021-06-29,21,2557,5709,99
2023-05-24,18,2441,10089,303
2022-06-21,27,2186,9591,162
2019-06-01,20,2519,3732,45
2021-12-16,7,3122,8119,126
2021-07-19,1,2488,9667,249
2020-11-22,5,585,6917,101
2022-12-04,1,1406,3349,418
2023-01-15,16,2286,13668,448
2023-01-21,15,1734,3997,320
2022-03-18,13,3035,8946,462
2020-05-17,26,1885,12582,490
2023-09-23,23,2142,8187,311
2022-05-07,1,4566,12524,404
2022-08-26,4,2991,8759,49
2023-08-14,12,3400,12825,406
2023-09-01,23,620,4308,421
2021-06-11,5,2959,11358,15
2021-06-30,15,4142,10907,412
2022-01-29,14,3666,10217,65
2023-11-17,9,814,10545,415
2022-04-19,22,2347,4548,217
2022-03-14,22,4393,11116,347
2019-01-27,9,3402,3029,115
2021-11-19,29,3276,4738,266
2021-07-25,9,282,12205,133
2023-08-23,28,684,11340,152
2019-05-28,19,1392,14168,298
2020-04-20,23,3202,1749,214
2019-12-03,29,816,13371,94
2019-08-09,25,298,7759,256
2021-04-20,6,192,14200,191
2023-11-05,17,870,9549,36
2023-06-07,25,1714,3365,492
2020-09-02,18,756,9123,264
2019-06-09,28,3318,10496,60
2022-05-09,8,1691,11651,480
2021-12-28,3,4753,9788,232
2019-11-04,30,2232,412,469
2023-11-14,24,1473,2169,245
2020-09-12,25,4153,13689,82
2023-03-01,22,1296,395,198
2021-06-20,7,4925,2969,325
2020-03-13,24,971,6345,299
2020-05-10,7,485,5989,350
2019-04-25,17,134,9886,72
2019-10-18,17,3243,14713,399
2023-05-17,14,3553,3850,83
2022-03-11,27,159,701,70
2022-03-01,29,1269,7116,271
2023-08-19,12,2231,6191,106
2021-11-14,16,665,1781,279
2023-12-06,29,546,14381,261
2020-07-26,6,2760,609,197
2019-07-29,3,4382,12514,248
2022-04-23,12,217,2935,446
2019-08-16,15,826,8373,157
2020-08-27,20,3294,4603,250
2021-06-04,4,586,3838,121
2023-10-18,17,1307,717,308
2021-03-27,6,1224,2460,342
2019-12-26,20,3141,1684,94
2023-09-08,28,3580,6832,319
2020-02-22,24,4333,11378,359
2020-03-29,19,1298,14510,39
2023-12-31,18,4227,12625,410
2019-02-02,7,2165,10926,50
2023-09-02,24,1698,6032,216
2023-06-15,16,4094,297,224
2022-05-06,19,2561,3994,291
2021-07-29,5,3049,4057,38
2021-01-08,8,3473,10953,82
2021-07-10,13,1977,13938,221
2022-06-29,13,2103,4133,328
2022-02-03,17,4759,1549,26
2021-09-16,10,4066,8934,126
2022-03-10,18,2166,11624,423
2019-06-28,22,666,14237,258
2021-02-21,26,1856,5283,422
2021-03-10,4,4229,14186,191
2022-10-12,15,1973,7719,339
2023-04-30,29,566,9838,208
2020-07-12,1,4945,14358,290
2020-11-04,2,553,11963,65
2019-05-25,7,629,7766,355
2019-05-01,20,3557,14683,489
2020-10-30,21,2130,5382,86
2019-10-09,24,3028,4738,316
2019-06-18,25,2264,13615,49
2021-10-30,22,734,13665,258
2020-09-09,20,3965,8758,89
2021-07-02,15,3842,11221,479
2021-09-11,29,1025,7035,71
2020-07-06,25,179,1301,343
2023-07-24,2,3885,403,111
2023-04-07,29,4978,12808,495
2023-04-17,2,236,11816,315
2020-10-09,12,1594,853,364
2021-08-02,30,3558,14540,128
2021-10-30,9,833,7958,470
2020-06-25,9,4435,2411,60
2022-11-25,13,4808,4220,159
2020-03-29,4,4400,7095,73
2020-08-20,9,2523,11146,259
2021-12-21,18,1177,14265,163
2022-07-17,30,2674,14941,375
2020-04-02,30,1055,6277,29
2022-05-20,11,3892,8160,488
2023-02-11,6,3596,8797,72
2023-08-11,7,4840,1430,168
2019-03-02,21,4649,3975,477
2021-04-25,2,1221,13144,305
2022-06-06,6,1284,7892,424
2022-05-28,28,2245,8817,81
2022-11-19,18,3614,10519,232
2021-09-27,19,1341,4860,308
2022-09-27,12,1769,12204,206
2022-06-03,8,339,13566,367
2022-11-15,21,532,8547,337
2020-12-12,11,1338,9958,478
2023-03-24,1,2830,10227,281
2023-04-02,8,4331,2729,20
2019-03-06,1,4035,10205,315
2020-12-01,2,883,8312,428
2019-05-15,20,3693,1049,392
2021-09-12,2,1133,8119,379
2023-01-15,22,1373,13281,72
2022-02-09,24,1103,3248,280
2022-11-15,25,4503,10379,324
2020-01-08,23,4110,7506,122
2019-07-04,20,4866,14631,388
2023-07-22,9,3044,13433,106
2020-03-29,18,3224,5534,56
2023-09-27,8,2015,828,113
2021-09-28,4,2747,1234,155
2023-12-27,9,608,8174,208
2023-12-21,6,3562,10663,374
2021-04-05,2,4296,2853,363
2019-09-01,17,508,8449,233
2019-02-26,25,3496,3328,73
2021-01-29,16,1463,12584,49
2021-02-25,2,4002,2193,239
2022-01-05,10,3138,2776,338
2023-12-30,2,2100,1101,267
2020-04-24,5,1100,2508,171
2022-09-27,23,4862,3925,467
2019-11-19,6,4167,9992,432
2019-02-18,20,900,13574,242
2022-05-24,29,620,13665,20
2019-07-20,8,4152,11188,358
2022-06-18,26,684,13908,338
2021-07-20,23,3494,13545,440
2023-07-17,1,3853,7779,323
2020-01-23,26,3554,9203,59
2020-03-24,29,1225,12037,133
2020-03-18,22,2276,11347,168
2023-11-27,7,633,7966,10
2020-12-21,15,4593,6508,297
2021-09-07,25,2895,3975,487
2023-09-20,30,4026,2747,60
2021-04-24,24,911,5989,480
2022-09-02,8,3548,2389,208
2021-01-12,25,4581,3730,434
2020-04-04,30,3800,3669,149
2022-12-14,21,2629,14724,344
2021-02-01,4,2494,630,89
2023-06-09,1,672,6799,46
2021-12-14,2,3193,1938,39
2020-07-13,10,4456,12288,47
2021-01-13,12,1479,12705,157
2023-12-06,7,3619,4298,445
2023-06-25,30,4876,10509,49
2022-04-01,4,810,2505,340
2019-04-01,21,3384,11576,11
2021-12-20,4,4307,13966,18
2020-06-29,26,2771,2629,190
2022-01-18,9,1384,10093,151
2023-06-12,30,267,7037,454
2019-09-07,23,3255,1561,154
2023-05-23,11,2539,6362,132
2023-04-28,17,2058,3709,396
2020-07-15,17,384,388,114
2022-04-15,15,4573,8990,301
2022-12-07,27,3378,9509,397
2023-04-23,24,4001,10607,172
2020-01-24,26,2027,3547,314
2019-01-11,29,1412,11794,20
2022-09-08,19,1506,11829,397
2022-02-26,8,823,3420,268
2022-01-12,19,1039,8242,189
2020-03-11,3,642,12118,314
2019-10-11,28,4445,9727,89
2020-09-22,4,1094,5513,242
2020-03-24,24,3536,1963,62
2023-07-10,12,1073,12820,330
2023-12-15,5,593,13110,187
2021-09-02,24,2639,14760,51
2019-05-13,12,1043,13597,291
2020-09-11,13,3921,4906,123
2020-07-08,20,3341,10997,144
2020-08-03,7,3790,4745,64
2022-07-25,1,2681,4575,28
2020-03-16,3,263,8446,194
2022-09-09,11,4727,12290,322
2020-10-17,15,3966,9896,308
2019-03-08,3,4124,8603,228
2021-01-16,18,1749,7169,222
2021-03-05,25,1426,3384,73
2019-04-02,19,2207,13775,114
2023-06-02,9,524,2234,81
2019-06-02,28,143,12389,344
2023-11-18,18,3141,10805,226
2023-05-09,11,3663,11195,205
2021-07-02,14,2775,11224,379
2022-04-09,12,874,12937,27
2019-02-23,26,2692,2178,305
2020-07-30,13,2180,2829,460
2021-11-18,5,803,13018,435
2021-09-16,11,1071,9044,444
2019-12-27,24,1329,13588,285
2020-12-08,28,4590,11756,443
2021-05-24,11,4121,3633,311
2021-01-14,10,689,1553,71
2021-08-01,29,992,5973,105
2022-10-16,29,3636,13052,476
2023-03-25,6,3250,7902,435
2019-09-26,7,124,1802,379
2023-09-08,9,538,7282,333
2019-01-17,14,4258,8219,97
2022-06-11,20,4456,4914,269
2023-11-21,28,4059,11718,468
2019-11-10,29,3424,4307,40
2019-11-13,28,1268,13203,158
2022-03-09,15,3877,7049,280
2022-04-19,12,2867,9582,476
2020-05-07,12,1081,5549,479
2020-02-10,6,2385,6190,179
2021-10-23,7,2028,14921,191
2021-03-21,23,3711,4089,141
2023-11-29,7,3438,909,122
2021-08-16,10,2727,6056,290
2023-03-19,12,2604,6378,64
2022-10-22,9,1179,7871,477
2021-09-12,1,1310,5385,177
2023-07-14,17,845,4645,246
2021-02-26,10,2911,8094,425
2022-02-09,5,4102,525,449
2019-03-29,8,492,327,318
2020-01-22,3,1680,10014,278
2023-09-11,10,2163,7498,478
2019-02-09,11,4704,3896,272
2021-10-10,24,1188,8836,410
2022-02-24,29,3366,10732,230
2023-05-23,5,790,4851,192
2021-12-18,10,883,2354,77
2020-01-23,30,1561,12691,23
2023-07-19,4,854,1350,149
2021-06-19,23,2364,768,83
2020-11-23,8,818,9916,87
2021-05-31,20,3376,11393,62
2020-08-02,21,1677,4694,475
2019-06-27,26,401,10593,399
2022-07-05,24,1474,9845,269
2019-03-12,1,4494,14122,288
2023-11-09,3,4292,9056,344
2020-01-28,28,3802,323,262
2019-03-17,30,1479,922,13
2022-05-18,30,4551,14951,287
2019-09-27,4,3080,1981,377
2020-07-21,25,4469,11690,317
2022-10-29,19,3340,7580,349
2021-12-24,18,176,3080,446
2019-11-25,23,2590,3493,75
2020-10-12,1,1936,8956,22
2022-01-27,14,1382,14636,24
2023-07-18,12,1025,4393,122
2019-06-20,2,2339,3110,113
2019-12-02,7,4106,2892,11
2022-03-06,20,862,9864,180
2019-11-06,24,3534,12085,328
2019-07-06,5,2283,1813,254
2020-05-24,10,541,7957,160
2021-01-13,29,3887,3479,60
2019-01-10,15,3170,9292,407
2019-08-17,3,2205,7991,304
2021-05-10,20,3176,10869,187
2020-01-25,17,3414,9000,163
2019-09-09,20,4416,9469,230
2022-11-24,30,3192,14157,393
2022-11-27,10,283,9631,86
2023-02-06,7,3990,3738,18
2023-12-16,19,537,11411,238
2022-03-15,30,4234,9488,176
2019-08-11,20,1941,3175,399
2019-06-05,12,1786,7196,300
2020-03-04,6,4062,2475,355
2022-07-04,20,2639,8399,146
2020-07-10,17,2600,8617,374
2019-01-20,9,4935,5450,482
2020-01-16,19,4207,13079,395
2021-07-12,15,3288,9866,406
2020-10-29,10,245,14544,201
2022-02-25,4,1238,9411,380
2019-03-18,21,282,5574,284
2019-06-09,6,2275,12926,260
2019-10-17,8,4815,14427,263
2020-10-02,14,4842,819,421
2020-10-18,18,1224,4484,450
2022-08-12,4,1903,990,469
2022-03-25,25,4372,1305,371
2019-11-21,3,2773,7359,320
2019-11-16,23,1109,4160,330
2021-06-07,13,4578,4496,45
2021-07-07,12,2218,8841,342
2020-12-22,4,2639,7075,105
2022-09-28,1,4582,11658,83
2020-12-28,12,4504,6586,280
2020-12-01,6,2168,2703,427
2020-03-14,10,1698,5700,104
2019-02-23,19,1547,11872,334
2019-09-07,21,3979,10170,166
2021-07-09,3,2367,4827,376
2021-08-08,23,1657,3282,18
2022-12-16,2,4038,8504,445
2020-09-08,3,2487,9698,347
2021-10-29,14,792,6086,74
2022-09-26,22,1082,1627,26
2020-06-08,8,3234,10387,59
2021-06-23,1,2312,288,301
2020-09-08,28,848,11829,366
2021-06-07,1,3315,5294,415
2020-10-28,15,1847,10938,160
2023-02-02,7,269,4812,342
2020-06-10,30,3061,815,206
2023-11-29,24,3736,13889,315
2020-01-09,3,4868,2697,134
2019-03-30,11,290,10168,127
2022-02-14,27,699,13456,439
2019-10-24,8,672,8097,129
2022-07-19,6,2434,7776,177
2019-07-01,20,2917,3719,263
2021-03-31,23,458,5738,111
2021-10-17,28,3865,594,346
2023-02-02,12,2215,9815,343
2022-12-24,9,769,9835,416
2023-12-30,5,4071,6464,70
2022-11-30,26,2122,3978,56
2020-10-02,23,1892,11822,362
2019-08-03,10,2917,6583,273
2023-01-19,21,1754,1672,271
2022-04-07,23,2141,12700,172
2019-06-23,3,2791,3411,353
2019-08-24,29,1495,6070,102
2020-02-03,15,2641,11856,280
2022-10-08,12,3439,7448,337
2021-03-17,14,2479,10419,457
2022-12-26,12,435,8403,377
2019-04-14,10,1333,4496,107
2022-05-12,29,2108,3380,395
2019-03-19,2,2624,6571,200
2021-04-03,24,4194,9916,212
2019-08-12,10,3094,8580,385
2021-07-14,27,4917,3507,430
2022-05-07,18,444,7055,129
2021-05-12,4,1938,6276,308
2023-08-06,16,1272,13270,247
2020-05-04,30,3498,6975,367
2021-08-23,2,2793,8643,107
2020-02-05,26,827,14554,388
2022-05-16,30,2470,786,99
2021-05-02,23,279,11968,275
2019-07-03,10,684,10201,238
2022-01-21,11,1227,8930,114
2021-12-25,2,1376,7331,388
2019-11-04,18,3153,1807,219
2023-02-25,29,1382,1559,446
2023-06-26,16,1476,2084,311
2019-05-29,4,4042,12709,136
2022-05-27,2,4548,5307,214
2019-02-06,10,3053,355,467
2020-05-30,6,2970,4807,52
2021-08-19,16,3342,6089,244
2021-09-05,19,2450,1274,130
2021-05-06,25,3731,13749,402
2020-02-08,12,1153,3565,305
2020-06-19,4,3597,590,92
2022-07-29,1,4273,225,419
2021-02-09,15,3098,13081,78
2019-06-23,23,4765,6064,116
2021-08-19,2,2508,7025,178
2021-03-20,14,612,837,189
2021-09-29,12,4605,10641,131
2023-12-15,2,2082,13604,280
2023-06-02,23,1367,1165,199
2023-01-11,2,3777,4079,97
2021-10-21,27,4292,530,353
2023-12-13,8,1663,4029,277
2022-09-30,15,977,1766,149
2020-12-15,20,2720,6840,463
2022-05-07,7,1930,14631,252
2023-08-12,17,3789,13794,26
2019-12-23,18,3709,643,340
2020-08-30,1,426,5000,115
2020-05-20,29,4570,11397,111
2019-10-07,25,4709,8209,118
2020-09-01,5,3242,1966,442
2019-09-25,7,3328,745,421
2019-06-24,21,1055,5639,272
2019-12-18,10,650,3136,297
2019-01-02,18,4912,14151,226
2019-02-16,18,3994,3116,242
2022-11-12,5,2884,9856,320
2020-03-16,29,3257,12227,31
2020-09-02,8,1493,9192,443
2021-08-24,2,4272,14412,111
2020-12-01,29,277,1183,232
2021-03-11,27,1040,7740,91
2020-07-26,27,4398,9259,47
2023-09-08,23,1253,4553,194
2020-11-14,27,4474,3013,487
2019-02-28,27,3588,6571,440
2023-10-30,8,3562,6913,65
2020-02-09,24,4957,14785,477
2020-09-01,4,2342,4486,34
2019-04-26,20,2954,1064,411
2021-07-12,28,580,8667,31
2023-11-24,11,4522,583,11
2022-11-28,1,3528,6657,23
2020-01-28,4,4646,12213,61
2023-10-02,16,307,6222,63
2022-02-11,7,3444,11073,495
2020-10-29,10,2937,5856,101
2022-09-23,11,3621,14160,188
2023-09-17,8,3822,3069,18
2020-10-14,6,1272,6262,452
2023-06-05,4,4357,13979,301
2022-05-03,11,1883,7301,244
2020-08-16,23,975,12389,365
2023-11-24,12,1241,3332,299
2022-09-13,23,4651,14182,266
2020-12-31,13,4191,4275,184
2019-03-30,20,866,5079,212
2023-07-08,18,585,14137,468
2020-08-10,14,3381,2854,247
2022-11-10,20,2572,3209,411
2022-04-11,12,3402,1568,329
2023-05-27,20,488,12540,349
2021-12-07,22,1301,10269,234
2020-01-23,1,1642,11841,261
2021-12-03,7,4457,7706,113
2022-05-15,22,2622,9616,29
2022-07-24,10,1807,8827,368
2023-11-18,27,3378,2543,86
2021-03-10,14,1338,9776,431
2023-04-30,16,4536,1114,275
2021-05-12,9,4098,2069,76
2019-02-25,10,3357,12110,152
2023-06-07,19,4706,9755,495
2020-01-30,17,3749,14974,97
2023-05-29,24,2731,12103,281
2023-06-28,13,4702,14398,184
2022-03-06,8,438,14389,277
2020-11-04,16,3080,5506,73
2023-02-19,8,2409,6530,463
2019-06-02,8,1575,5363,95
2022-12-19,6,1980,11784,258
2019-03-01,1,4767,12221,234
2020-01-16,13,749,7219,461
2021-03-12,25,3252,3875,347
2020-11-05,8,3281,5141,457
2021-07-02,6,244,5555,96
2023-03-08,11,1513,6722,393
2020-04-18,21,1876,1401,112
2023-09-21,1,307,3114,268
2022-09-17,16,4780,10172,74
2019-10-03,17,2655,8669,47
2021-09-10,8,1003,14812,83
2019-08-16,22,2174,5920,461
2020-10-09,27,4233,5946,206
2021-03-24,21,4780,7500,353
2021-10-02,14,273,4493,308
2021-09-08,6,2235,8268,304
2020-10-05,15,1563,14021,112
2021-09-12,11,3992,4383,330
2020-09-13,29,1421,5596,134
2021-01-16,27,600,8498,53
2023-04-05,29,2352,12426,392
2022-09-09,18,878,1345,196
2021-11-23,16,2883,4891,328
2023-12-09,19,4359,3148,72
2023-10-26,19,4151,1967,203
2022-03-15,26,4524,12518,139
2023-01-17,27,1876,1696,403
2021-03-04,5,1527,9845,118
2023-02-27,23,1328,5021,441
2022-04-04,13,3268,12622,487
2020-08-24,9,3393,1188,352
2023-01-17,28,677,5452,142
2020-11-29,8,2963,4370,438
2022-07-10,2,1402,2828,229
2020-07-06,23,1545,9908,114
2020-08-06,23,3028,1092,14
2020-08-06,30,1058,3441,318
2023-06-14,17,2044,5217,241
2020-11-04,27,1412,11767,188
2020-03-31,18,1411,1437,466
2021-10-14,5,3219,10464,323
2020-02-05,24,4983,11683,214
2023-12-06,29,107,12752,10
2023-10-24,20,2657,14963,393
2020-02-19,7,1034,12239,226
2022-09-20,23,390,7703,303
2023-03-21,11,2763,4663,105
2019-11-20,2,3889,13985,440
2021-01-21,11,1494,5017,438
2019-02-25,22,2568,4160,469
2020-01-21,25,2950,13535,87
2021-04-15,18,205,14400,140
2020-02-12,25,3227,2016,252
2023-09-15,21,4172,5134,341
2022-12-30,4,1278,3050,65
2019-09-12,13,974,4222,322
2021-11-05,28,3366,1762,255
2021-04-11,22,3137,9048,413
2023-05-14,7,3118,2105,30
2019-09-12,16,3607,10387,465
2020-12-13,9,3408,13921,118
2020-05-18,10,2834,11230,385
2021-03-20,28,2435,3357,33
2020-01-31,22,1795,8871,360
2021-12-10,29,3225,5558,271
2023-08-16,19,3274,7539,362
2020-04-27,13,720,2959,71
2019-06-13,6,4413,581,124
2019-03-03,30,1799,228,166
2020-12-25,16,4127,976,169
2019-07-26,16,1323,2186,103
2023-04-01,9,471,13695,128
2022-04-29,17,1146,9562,496
2020-12-04,16,4830,9699,283
2019-10-13,15,2373,9995,247
2023-10-07,8,279,14523,31
2020-07-14,22,2291,5692,111
2020-08-11,9,454,14351,398
2022-04-26,22,2848,224,11
2023-08-08,12,515,2726,192
2023-10-05,27,3345,331,315
2023-04-03,5,1215,9066,448
2021-03-03,2,2824,9167,294
2020-09-17,23,4215,10211,350
2020-04-27,30,3504,7610,184
2021-12-17,30,466,1705,120
2022-09-11,16,1265,11539,115
2019-08-07,19,3637,11779,189
2021-05-08,23,3832,9945,340
2022-10-20,24,4628,13033,299
2020-03-19,7,4854,11664,296
2020-12-19,19,398,14724,259
2023-05-05,8,3597,1138,283
2022-08-10,9,1714,10641,273
2020-12-16,9,4048,5069,494
2020-05-01,29,949,11133,229
2023-07-11,4,765,11313,136
2019-02-27,30,1820,5740,249
2022-06-13,19,600,9975,174
2022-09-13,21,831,7904,428
2021-11-09,16,1720,1464,55
2021-11-20,25,3854,3706,264
2023-07-07,25,1895,1000,332
2022-06-28,19,2074,5236,219
2023-04-24,11,1689,11448,448
2023-10-08,24,1019,7082,76
2023-08-29,18,3354,8839,315
2022-05-08,23,1010,5237,266
2023-02-18,30,710,1818,397
2023-08-10,6,1832,9180,185
2023-05-11,26,1143,348,102
2023-03-29,15,2636,3455,322
2019-05-17,3,3856,13185,243
2020-01-05,19,2245,571,243
2021-12-01,22,4806,8207,205
2023-01-06,25,3171,2915,438
2019-04-05,1,2349,3402,58
2021-10-25,1,871,3381,55
2021-06-19,22,2699,4756,232
2020-06-08,14,1826,11452,318
2021-12-23,6,1645,12559,99
2020-05-11,26,1231,12167,194
2019-12-20,16,1410,9242,143
2022-11-18,11,4450,5254,268
2022-10-22,21,3155,12841,261
2021-01-10,24,4052,13073,389
2023-01-23,22,559,1409,54
2022-10-18,6,1048,14766,17
2020-02-06,15,4325,6855,315
2019-11-13,9,1836,11910,67
2021-05-03,4,3579,12448,156
2022-04-04,18,3177,2746,74
2023-03-14,21,4986,7745,488
2020-05-21,10,4741,9986,154
2023-09-04,28,3443,14616,159
2020-03-17,24,4566,5606,18
2020-12-27,14,3288,11355,447
2022-09-11,4,4896,13140,127
2021-08-07,1,3366,8281,69
2021-09-22,17,2877,2908,257
2020-07-12,21,4012,14438,169
2021-12-27,25,2712,10331,499
2022-03-07,2,4107,4800,306
2021-12-11,5,2522,6985,201
2020-02-14,28,2616,2149,141
2020-09-17,30,1209,14037,371
2020-09-14,28,2524,7635,316
2020-06-16,27,2990,2091,322
2023-09-27,29,741,13226,357
2021-12-12,30,4458,7835,62
2023-09-08,14,4841,9058,348
2019-02-18,5,273,5382,278
2022-02-28,5,476,848,279
2021-07-15,5,2162,859,430
2021-11-22,25,4105,12420,175
2023-09-04,15,138,14660,175
2022-10-29,8,4670,3092,284
2021-06-08,1,3704,5496,369
2023-10-04,18,832,1756,458
2020-05-05,13,644,10287,442
2019-04-05,6,2473,1812,25
2021-07-16,11,2564,5996,290
2020-05-25,13,4263,13998,312
2022-10-30,9,3522,4033,69
2023-06-12,26,4400,13982,360
2023-01-23,26,4905,11958,13
2023-02-15,8,3454,6331,426
2020-06-26,28,4220,7041,492
2022-02-01,24,1858,3748,255
2022-08-31,22,3076,13336,84
2023-06-12,17,4257,2708,268
2019-06-24,12,464,14036,61
2020-02-26,17,911,12095,13
2022-08-16,9,2325,3953,348
2022-03-26,27,2021,11913,35
2019-03-14,20,472,8439,434
2019-01-07,10,1580,5293,73
2023-04-25,15,4830,14933,158
2019-07-13,24,3467,9065,434
2019-12-17,13,2570,11086,253
2021-01-12,23,881,10521,255
2021-04-28,30,4824,9321,414
2019-05-04,28,4372,11758,37
2019-11-10,29,4928,7218,484
2021-03-17,6,1349,6841,309
2021-12-02,18,4983,11047,446
2023-04-13,16,4878,1448,124
2022-04-10,15,414,6881,332
2023-06-26,24,1167,10223,441
2020-04-08,10,994,9763,276
2020-06-02,5,2448,3948,462
2019-07-04,15,3289,3993,255
2023-10-22,28,4793,13020,146
2019-04-03,29,2896,7452,14
2023-04-21,15,4242,4027,28
2022-11-23,18,891,13001,374
2021-02-03,5,4524,6359,313
2023-10-01,17,1545,910,453
2022-06-26,20,2118,9322,182
2022-02-19,8,960,10678,58
2020-05-28,21,2723,4391,98
2019-05-19,10,3451,2771,348
2019-11-21,15,3266,13342,453
2021-09-21,14,4972,2903,262
2020-07-15,10,795,1315,106
2022-10-07,24,237,5203,320
2020-04-23,7,3399,5409,328
2023-09-02,23,958,13371,358
2021-08-18,21,2590,10221,18
2023-05-23,11,4188,14111,283
2021-03-22,14,589,3949,496
2019-02-03,12,1254,1915,160
2019-06-14,16,4697,3537,174
2020-03-05,3,4195,7343,485
2022-01-12,10,3194,1071,355
2021-04-18,7,4857,4143,51
2020-05-02,6,3693,5473,237
2022-11-11,1,4162,11893,169
2023-03-25,8,3437,13776,217
2020-05-04,1,4485,13896,269
2022-10-28,12,3539,10596,477
2023-02-20,23,610,6327,96
2023-01-03,26,2947,9769,144
2022-11-17,4,728,11820,140
2022-03-13,8,2276,13213,263
2023-10-29,20,1851,717,199
2022-08-01,21,1883,14789,122
2021-06-13,24,3787,3642,356
2020-02-24,20,2183,856,256
2022-03-15,3,1843,2860,49
2019-02-01,28,3682,7844,277
2020-04-12,9,2644,4080,458
2022-10-23,7,3480,7094,496
2019-06-15,8,3873,9231,276
2022-08-27,14,1321,3802,89
2021-11-23,26,4758,3998,486
2022-09-05,1,2354,11098,147
2022-03-20,10,3787,12279,440
2019-04-17,15,3363,11514,464
2023-06-13,1,2650,9252,325
2019-07-19,20,1178,13949,16
2022-09-09,5,4216,10893,282
2020-02-26,7,3208,661,32
2023-05-08,29,2170,2527,74
2022-06-12,17,3870,1254,348
2022-07-02,20,3411,8900,179
2021-10-08,18,1954,14584,265
2020-04-06,25,2916,11296,203
2022-01-17,24,4783,14947,100
2023-11-17,3,3120,11468,38
2022-10-02,7,3212,4402,57
2019-07-11,7,4297,602,224
2019-01-19,14,4085,14426,116
2023-12-28,4,4541,11252,416
2020-06-01,18,1135,1896,309
2019-06-15,11,3845,6889,312
2023-10-16,20,2640,12792,24
2020-08-04,16,4914,4618,208
2020-07-02,17,3022,4521,330
2019-11-02,22,3869,2738,332
2023-03-10,23,2790,7081,62
2021-12-01,11,2859,4133,197
2021-08-18,16,3382,9614,96
2023-09-29,24,4288,360,325
2021-03-24,21,716,14724,226
2023-12-11,13,4197,11125,114
2021-12-29,1,1048,3840,147
2021-08-19,9,1515,3603,373
2021-03-04,4,2480,13069,193
2023-11-13,26,2803,7606,17
2022-09-03,14,1080,1840,44
2022-02-07,11,2700,6548,391
2021-09-22,20,4616,5467,166
2023-01-20,25,3066,4134,335
2021-10-15,9,893,11930,122
2023-09-14,18,878,8541,239
2021-03-05,28,872,1212,481
2022-08-09,12,1211,12209,499
2021-10-29,3,659,7184,60
2023-05-13,12,4618,8636,359
2022-09-16,16,2652,2261,90
2020-09-25,22,4462,9318,327
2019-10-04,20,2762,5765,34
2023-11-17,8,3666,4116,334
2022-03-14,6,2028,1658,225
2020-12-08,30,3218,1740,54
2023-12-18,17,145,711,268
2020-09-21,9,4106,5212,199
2020-09-29,15,3561,12326,189
2023-11-23,29,2982,5930,430
2022-09-28,21,3110,4582,89
2019-10-22,2,3810,11557,67
2022-11-07,4,1460,1475,414
2019-11-09,23,3533,12202,251
2019-10-14,14,172,11545,276
2021-05-16,8,2930,13356,200
2023-01-15,24,4187,599,287
2023-02-08,19,2872,10062,281
2022-12-17,16,4179,13570,159
2022-03-29,20,4634,13231,93
2019-07-18,6,3458,3663,493
2019-05-07,11,1131,9305,344
2023-04-22,23,4198,8663,232
2022-01-03,28,4842,9211,207
2021-01-01,18,1056,3572,469
2020-06-29,26,3362,5460,298
2019-08-08,5,378,12810,83
2022-03-06,21,1638,14150,492
2023-10-05,17,358,1795,493
2020-10-01,8,3202,8929,83
2023-11-26,18,166,2152,440
2023-08-29,11,837,14394,394
2022-07-16,30,1256,3681,239
2023-07-04,13,479,7501,189
2022-04-19,22,3251,3540,443
2021-07-04,9,1833,12320,62
2021-12-02,20,3302,11247,241
2019-12-11,24,4331,5446,102
2023-08-07,4,2134,2539,116
2021-04-13,5,4376,1040,363
2020-10-15,11,4732,5223,259
2023-03-01,29,1569,3565,208
2023-04-30,27,4455,553,143
2022-07-19,22,1462,11651,282
2022-07-30,15,472,9173,39
2021-11-27,4,938,3975,435
2020-07-01,1,4641,9353,302
2023-05-24,19,4053,5326,158
2019-03-17,11,4276,788,58
2022-10-13,17,229,14327,184
2019-05-04,1,2236,14434,223
2021-06-21,10,411,2485,301
2021-09-15,4,1533,4407,382
2023-08-19,2,3334,3737,21
2023-01-02,19,4781,478,50
2019-02-22,6,1265,9201,271
2019-05-11,5,3424,922,452
2019-08-11,24,945,2285,259
2019-10-28,6,1637,6246,162
2023-09-19,30,1554,9964,147
2020-10-27,23,4043,6463,52
2023-05-10,16,1958,5231,423
2019-10-16,23,3950,14069,383
2020-09-10,21,1268,12789,397
2019-12-07,25,4900,338,447
2019-03-31,12,2568,14774,443
2019-07-30,25,4902,6185,179
2023-02-23,10,1323,3274,344
2020-01-06,9,3377,7510,217
2021-04-27,6,1143,5113,490
2020-07-22,6,188,9739,220
2019-02-18,8,549,1819,298
2019-03-07,27,4302,5055,229
2022-04-06,11,2769,6476,338
2022-11-27,17,2841,7285,381
2022-11-09,21,4026,2176,301
2020-06-28,11,1950,13004,392
2019-03-01,4,1093,3927,482
2023-08-07,10,3742,5959,48
2023-06-13,18,315,14895,41
2020-04-08,16,1415,8225,83
2020-06-11,18,1740,7647,283
2022-04-15,3,3105,5339,91
2021-11-22,6,2220,4337,448
2019-01-09,23,1429,3238,319
2021-02-15,10,1530,9040,483
2023-10-18,20,3299,5760,465
2021-11-18,2,666,1389,387
2023-12-11,21,4477,1998,406
2020-02-25,2,395,3824,47
2021-03-04,3,206,727,366
2020-07-20,8,1394,14635,58
2019-09-01,17,120,10648,135
2022-01-14,10,1098,13665,255
2020-07-23,30,3161,2534,17
2021-12-22,15,2928,9763,187
2021-02-04,18,1951,8014,191
2021-08-19,13,2240,10251,255
2021-11-30,4,3193,14181,80
2021-09-18,21,3741,2518,315
2021-07-11,14,2808,5795,81
2019-03-09,2,4611,675,278
2021-06-14,25,4685,11968,175
2023-05-27,11,2294,7994,234
2019-07-15,3,4489,6551,125
2019-06-08,7,4780,4315,256
2021-04-29,17,991,6415,398
2022-12-06,27,4902,11144,157
2022-07-20,18,1004,14339,360
2019-02-07,5,3320,9205,308
2022-11-28,9,4769,5146,304
2022-11-02,10,4566,3593,266
2023-06-12,16,3011,385,334
2023-03-10,24,1007,8003,279
2021-04-20,8,482,12657,268
2023-11-25,18,3110,3123,489
2021-06-04,3,1577,6498,106
2020-08-13,28,772,1616,411
2022-09-12,16,3667,5692,233
2019-09-07,27,223,13359,48
2019-04-10,14,1007,7872,41
2022-11-11,1,107,1112,239
2022-10-02,20,3974,7734,76
2021-09-02,8,450,12011,221
2020-06-26,21,4256,2730,11
2023-02-12,28,808,2539,121
2019-03-29,21,3061,14188,135
2022-07-11,20,4998,14810,426
2022-02-13,16,3133,6215,423
2022-04-28,21,1360,6228,457
2019-03-19,22,2471,10391,353
2019-12-05,3,4126,6039,349
2022-11-25,4,1319,1268,429
2019-02-26,26,4216,8328,256
2022-11-06,9,4656,12222,60
2020-10-22,11,1487,8717,10
2020-12-13,2,3913,14293,368
2019-05-13,27,4332,255,121
2023-12-23,28,2371,11237,47
2021-10-19,16,560,1900,410
2021-07-28,21,4886,404,79
2020-03-27,2,521,14142,70
2021-09-23,5,4004,5934,229
2022-04-04,8,1999,1162,457
2022-07-15,26,1861,2704,467
2019-01-02,11,3514,11082,123
2022-07-29,27,4802,3175,321
2023-02-17,28,4470,11962,364
2020-08-17,20,2574,14518,318
2019-10-08,9,3078,11513,188
2022-11-29,21,4294,11678,406
2021-09-06,12,3726,8966,358
2019-03-31,3,4684,1678,236
2023-11-02,24,2141,7071,243
2021-03-04,4,626,13796,311
2022-06-06,17,652,1820,249
2020-04-08,30,1467,8960,187
2023-03-22,29,2924,14234,110
2019-05-11,30,1110,262,79
2023-06-20,7,3302,13780,280
2020-03-10,9,3534,8967,118
2021-04-24,15,2207,5827,86
2022-09-19,20,616,6857,281
2019-08-12,15,1637,13015,118
2020-01-06,11,1681,12770,181
2020-06-26,5,1890,13518,398
2020-08-10,1,1905,10286,104
2020-11-29,24,1362,9105,202
2019-11-10,12,4595,14634,80
2021-11-03,2,1880,8748,347
2021-04-22,15,3342,9972,86
2019-04-15,12,4833,9248,460
2019-03-02,19,1371,2147,338
2022-07-02,24,4629,4643,249
2023-10-19,27,487,12974,125
2020-05-08,13,1522,5598,457
2021-03-11,14,4969,14675,99
2022-02-07,3,3688,332,386
2020-06-12,14,2825,7072,283
2019-03-26,1,1748,13315,84
2023-10-04,10,3662,700,128
2020-09-08,17,612,13265,139
2023-10-12,24,3523,13463,451
2020-08-14,5,830,7660,302
2019-03-10,22,3656,13321,186
2020-05-23,16,3912,13448,317
2019-07-28,24,3584,12057,33
2019-10-08,20,2043,8109,431
2022-03-30,30,579,2350,267
2019-06-23,9,2636,11211,102
2022-01-13,27,2553,454,117
2022-08-20,17,3468,3882,433
2019-12-16,8,4443,498,115
2023-05-29,11,4432,1543,169
2022-06-19,16,4392,12700,481
2021-01-04,18,1603,4986,10
2019-06-08,29,1410,4447,54
2019-05-11,22,2436,6236,302
2021-02-04,30,3642,10899,315
2020-06-04,2,2045,1807,340
2021-02-24,23,971,6507,370
2021-12-24,23,4958,4775,308
2022-10-07,5,2150,5213,277
2020-01-22,29,4693,12089,410
2020-12-16,1,976,1941,458
2022-03-03,11,1952,2779,399
2023-02-03,13,2890,6361,386
2019-05-01,14,1882,5582,457
2020-04-20,9,1068,5316,266
2020-03-11,3,1607,5581,46
2020-10-05,4,1075,4361,71
2019-05-01,23,2716,6136,406
2022-03-22,17,4676,12488,83
2021-07-26,22,4148,9642,345
2022-04-05,11,3728,5763,101
2021-04-16,7,4402,7575,262
2020-02-06,29,3867,11096,398
2019-05-21,19,801,4078,118
2021-07-31,25,1911,282,59
2022-06-09,9,2996,2680,189
2023-05-05,7,3907,12504,221
2023-01-31,23,1231,8275,63
2021-11-06,22,1191,11078,42
2022-05-26,22,4102,7047,333
2021-05-11,7,2580,6149,150
2022-06-17,29,3325,11531,291
2023-12-26,25,1314,3197,391
2023-12-08,1,977,1757,73
2020-11-01,1,3534,243,161
2021-07-31,19,3371,13402,494
2020-04-12,20,205,8142,47
2021-08-01,21,2187,10157,129
2020-08-05,6,3429,6645,333
2020-03-14,8,1501,7429,430
2023-05-25,14,2880,5211,453
2023-11-03,18,3768,13561,389
2022-01-10,2,335,2101,490
2023-03-02,26,3912,12272,103
2019-09-02,12,2420,4177,304
2022-10-22,18,3801,9823,321
2021-11-22,10,1995,2025,430
2022-06-07,4,769,293,15
2021-09-01,11,941,3483,288
2020-02-01,3,2284,1960,427
2021-02-15,7,1092,8398,464
2022-12-07,26,342,14182,392
2020-02-16,1,3188,13359,324
2022-01-01,1,4087,11200,76
2022-07-25,5,4891,4981,462
2020-08-24,22,1154,7236,193
2023-01-23,11,440,4924,94
2020-03-14,18,1337,14589,91
2023-11-08,8,1664,643,237
2021-10-21,28,2404,11164,66
2021-02-07,10,3250,12077,458
2022-10-09,15,825,2163,482
2020-01-07,3,4519,11678,438
2021-11-13,16,3704,3671,108
2022-10-01,19,752,12787,426
2020-09-30,16,454,975,448
2020-11-14,4,3785,8114,120
2021-08-27,30,4980,12240,448
2023-10-25,8,2208,823,324
2020-10-04,22,4868,7212,95
2019-07-19,7,285,7554,464
2022-05-15,7,2114,4627,460
2021-07-01,20,3078,7142,315
2019-05-12,29,4719,6258,272
2021-10-02,14,4484,13977,386
2021-03-31,15,3223,14433,267
2020-08-25,22,4640,6315,271
2020-07-04,4,2995,4503,242
2023-07-08,15,2713,1957,282
2023-12-24,17,3406,2307,28
2020-07-30,10,1486,14781,44
2023-04-04,4,3929,6751,95
2020-09-03,11,4058,5246,390
2021-04-25,24,4196,10233,215
2019-08-02,24,521,5879,38
2022-05-08,23,306,1813,416
2019-03-12,11,1527,1068,47
2022-02-02,10,2312,9263,440
2021-03-27,12,3986,6423,266
2020-08-13,12,647,11913,320
2020-03-03,1,4039,2178,11
2019-11-10,5,2286,426,70
2021-12-06,1,768,12246,428
2022-04-13,5,3055,12007,216
2019-06-13,17,1117,6995,419
2019-07-29,5,3717,7626,436
2020-01-07,28,4410,2931,267
2019-07-01,16,3152,11065,38
2020-10-12,3,2209,9875,371
2021-09-01,3,1613,2899,149
2023-12-10,16,1352,8264,133
2021-05-08,17,1030,12379,496
2023-07-23,22,4356,7768,356
2023-11-02,17,1662,9170,188
2021-06-14,30,348,4319,386
2021-01-11,15,222,13646,465
2019-10-30,6,3275,2102,91
2022-04-13,13,638,508,163
2020-10-18,23,3270,5161,235
2022-04-28,1,795,2112,338
2023-02-11,23,3251,10979,34
2021-10-30,15,4357,10546,336
2020-09-22,8,1220,13312,36
2020-12-10,27,1968,9013,12
2022-05-09,29,1155,7961,226
2022-08-19,12,549,10207,132
2022-12-21,2,934,12664,484
2019-06-11,26,4855,6042,197
2020-11-17,16,2801,2376,164
2022-02-02,7,3260,5081,293
2019-11-28,6,1245,13092,368
2019-09-03,29,1415,7683,147
2023-06-08,27,1324,9013,193
2023-02-08,30,3654,2510,243
2023-11-07,19,1878,384,193
2019-07-15,18,391,13222,36
2020-11-18,13,2182,3088,142
2019-12-20,28,899,5254,265
2022-04-25,5,1522,5847,342
2021-10-08,11,4156,2287,280
2023-07-28,28,3135,11082,360
2019-10-01,17,1236,245,356
2020-06-21,27,4595,8491,278
2023-06-03,9,4790,14280,178
2023-12-22,16,807,7403,234
2019-10-30,4,620,13986,253
2023-11-09,4,747,7092,274
2021-12-26,24,2889,1850,228
2019-07-27,8,1752,1807,459
2023-05-10,21,3322,10085,165
2019-05-11,3,3327,5409,20
2020-11-27,13,2044,3130,389
2020-01-16,17,155,11777,385
2020-06-17,28,2631,2999,469
2020-05-27,8,1581,14147,45
2019-02-17,30,356,12851,174
2023-12-29,21,3889,11399,51
2021-10-16,24,2123,4729,486
2022-08-31,6,1583,3856,375
2021-05-04,12,2665,6991,221
2021-04-05,24,1028,7128,185
2020-12-26,4,2124,12567,149
2020-05-07,14,537,2884,295
2020-04-30,16,4353,2146,288
2021-10-04,13,596,3298,280
2019-03-23,13,3074,796,162
2020-10-25,7,254,10601,311
2023-02-12,17,2972,6267,111
2022-01-10,12,2419,2767,349
2021-04-09,13,2776,8692,349
2020-08-22,11,3716,1792,91
2019-08-17,12,4409,12282,347
2021-08-05,13,1117,13674,191
2019-12-23,17,1425,12613,405
2019-01-28,14,4846,12621,77
2019-10-26,29,2769,12018,68
2022-08-19,5,3274,12540,286
2023-06-25,8,3303,6085,15
2023-09-05,2,1889,6886,153
2022-10-28,27,3489,5557,89
2021-09-07,7,233,1847,143
2021-12-03,8,3334,11362,39
2022-04-04,23,3000,10307,114
2023-04-22,6,851,14850,264
2021-01-29,26,468,13561,405
2020-04-15,19,3752,14103,360
2021-09-09,21,4783,13928,361
2023-01-24,18,394,4790,328
2021-05-12,23,4880,11976,121
2020-05-19,18,4916,8820,174
2020-02-04,15,4504,9400,408
2023-03-02,4,4604,10458,50
2021-09-10,28,2395,2352,49
2019-10-27,7,516,9573,353
2019-03-15,7,2871,4833,268
2023-11-11,4,467,13142,498
2020-08-02,15,3421,3669,120
2022-03-06,11,4169,1133,314
2022-06-19,28,2694,14553,430
2022-03-12,4,3955,5042,401
2022-10-12,27,4139,7502,133
2023-01-04,3,504,572,161
2023-05-26,7,4641,11088,45
2020-07-17,7,4683,205,458
2021-07-07,6,3441,7374,128
2022-11-20,29,4025,2611,440
2019-12-08,20,4767,1557,255
2019-01-15,25,3323,3121,204
2019-09-24,9,2275,10622,471
2019-09-19,28,284,12263,45
2020-07-25,28,2802,1202,143
2019-03-07,5,3533,5141,67
2020-08-17,18,688,14050,459
2021-05-09,30,4479,10209,84
2023-04-01,9,4358,5398,336
2021-04-15,28,288,13804,151
2022-01-27,7,3202,3433,364
2022-01-09,4,1812,10239,151
2021-03-20,20,2142,4752,321
2019-06-10,22,2020,14642,187
2019-03-20,13,3388,3492,350
2023-12-21,5,2732,4600,426
2020-11-08,29,2806,4977,17
2023-01-07,10,4014,7448,97
2023-08-27,7,2618,14034,339
2021-07-31,26,3311,13738,348
2022-01-13,22,372,9498,97
2022-01-04,30,808,5396,377
2020-11-18,10,3586,11370,69
2023-04-17,25,3051,4857,143
2022-02-24,21,3492,655,163
2019-03-19,12,4054,6103,107
2021-03-05,15,1600,4291,47
2021-05-11,2,1511,13938,483
2019-10-02,15,179,12059,110
2020-06-21,20,2533,1616,341
2022-04-30,9,2992,12501,263
2021-01-21,9,707,11958,243
2019-09-20,20,1121,6342,459
2020-12-23,30,991,14460,10
2020-05-27,9,990,12502,26
2019-09-25,27,4772,9633,218
2019-05-29,14,1810,13516,36
2023-11-17,25,4390,9955,281
2022-06-17,1,1400,13372,293
2019-10-11,22,1632,12866,165
2020-11-18,6,2435,1427,24
2019-01-03,13,1883,8187,293
2019-12-21,22,245,3129,416
2022-05-06,21,1619,543,173
2023-04-08,13,1481,13625,177
2022-02-26,9,4388,10389,387
2023-12-18,25,3285,8159,247
2019-06-26,19,2136,4046,85
2020-06-22,20,2804,5004,464
2023-08-07,7,4774,14114,23
2019-08-21,22,4328,5420,289
2022-05-20,19,109,8366,446
2022-07-18,17,4158,1625,78
2023-08-26,3,2830,9709,306
2020-03-26,27,2954,8028,356
2021-02-20,6,871,3710,497
2022-04-30,19,3021,6808,129
2019-03-31,29,1794,11310,118
2020-01-03,15,223,11669,91
2023-03-29,18,3665,2030,457
2020-05-21,5,3621,12986,478
2021-11-12,30,3541,9203,119
2019-02-16,5,4063,6407,337
2022-11-23,9,3346,3214,383
2019-05-20,9,318,7162,352
2023-05-29,26,1404,13739,247
2022-12-12,21,1124,14221,275
2020-02-16,27,3171,5629,407
2019-04-02,27,1053,11134,122
2019-07-28,27,311,5285,318
2020-07-10,17,4330,7793,29
2020-04-19,17,1654,11650,354
2020-09-13,16,2202,1258,400
2022-02-22,17,3368,14952,454
2023-09-30,25,1763,9790,434
2022-02-22,21,2014,11833,72
2022-11-21,26,3366,574,454
2020-04-21,3,2321,8799,402
2021-12-31,20,940,8354,16
2023-02-13,14,2106,10683,146
2019-09-01,3,301,1820,369
2020-05-27,26,4204,11659,162
2022-11-07,17,4034,5115,216
2019-10-14,4,1481,4123,295
2022-11-17,18,356,5469,185
2020-04-11,28,611,8847,310
2023-06-13,4,4967,9021,53
2021-11-17,5,4735,13256,75
2019-02-20,16,1817,11472,114
2022-10-23,3,3887,6482,333
2022-05-24,27,1371,5455,77
2022-07-30,28,2183,6104,176
2021-04-25,5,1219,14233,373
2020-09-21,10,1575,4053,463
2019-04-06,28,3769,9734,404
2023-03-09,16,1675,8981,425
2022-08-24,8,1489,1729,63
2022-12-19,22,2090,5813,12
2019-01-31,9,2520,9343,395
2020-04-24,10,3503,14165,430
2019-05-30,13,1457,376,475
2022-06-28,11,4053,14759,449
2021-10-26,23,1118,7123,359
2019-07-07,22,2798,8327,482
2023-03-01,13,2785,7023,397
2019-01-29,7,4197,3870,112
2020-08-12,27,261,3163,217
2020-06-08,25,542,8335,371
2023-12-02,18,489,5433,490
2020-03-01,25,4322,4727,324
2022-03-14,19,3542,8722,329
2022-07-10,30,2373,7559,107
2023-09-11,10,1111,12562,92
2021-06-24,4,224,14296,44
2022-06-10,1,3928,4764,438
2023-02-14,17,782,1814,53
2023-11-04,17,4648,8839,420
2022-10-04,4,2658,1427,215
2021-01-25,8,585,8935,20
2023-11-06,11,1311,8122,243
2023-06-11,10,305,11248,38
2022-02-06,9,4150,8004,70
2020-08-08,28,4100,4742,303
2023-08-19,2,4787,7982,126
2020-02-12,24,2752,11568,53
2020-08-07,12,829,12709,360
2023-03-12,23,2478,10693,347
2020-09-06,13,320,7168,33
2023-04-16,1,1336,5585,422
2019-09-21,13,540,3179,186
2022-11-09,18,578,12515,92
2020-02-08,3,4785,5715,254
2019-08-11,3,2064,13111,49
2019-12-10,27,1058,4616,360
2019-12-03,26,1812,12953,411
2021-05-26,6,872,14265,362
2022-04-19,4,4489,9465,471
2022-08-02,29,1441,1810,285
2023-09-14,21,2180,10649,362
2019-07-21,26,3479,1104,196
2019-05-31,22,4440,13374,73
2021-07-22,14,2553,8012,310
2019-01-22,16,2991,5577,420
2023-12-05,20,269,7669,151
2022-09-20,23,3428,13410,360
2021-01-22,8,1156,5654,273
2022-10-03,24,3924,10166,50
2020-09-25,11,2967,11998,484
2022-06-16,19,4339,5496,386
2023-08-17,3,4417,5466,178
2022-01-18,14,4028,706,393
2019-08-03,30,2381,12780,57
2020-08-01,6,552,6504,337
2023-01-09,2,4835,13891,374
2023-03-03,11,4953,13308,407
2019-08-14,10,3028,6003,286
2019-05-15,21,1222,4056,244
2022-12-29,10,2505,4462,156
2021-04-24,20,4213,10754,281
2022-07-31,26,2412,9288,185
2023-05-21,10,2047,13321,456
2020-09-25,14,122,9708,275
2021-02-23,25,2428,13982,430
2023-08-10,13,3630,11398,351
2023-07-01,17,1164,7720,345
2023-11-09,10,1493,6452,294
2019-04-07,23,1715,9599,491
2020-03-21,11,3731,11063,119
2020-05-26,25,3554,6896,402
2023-07-14,16,1910,6749,326
2021-09-27,2,544,2712,457
2019-12-05,22,3298,14050,225
2020-06-01,24,1898,6604,277
2022-02-10,29,1414,6853,66
2021-05-14,15,1182,9944,344
2020-07-04,1,796,11321,444
2020-06-08,21,2840,9726,365
2019-09-23,19,611,6955,103
2020-12-01,2,1219,3566,366
2023-06-25,13,2821,9390,151
2023-10-01,25,266,11662,442
2020-01-02,24,1123,4095,271
2022-07-27,30,162,11388,52
2022-07-08,7,2456,9792,90
2020-07-13,29,3637,2459,327
2019-08-19,10,2728,7311,399
2023-07-24,20,3687,2567,18
2023-12-02,12,253,9286,291
2020-12-09,8,4715,3791,418
2020-08-25,27,189,10272,405
2020-08-31,3,3706,11839,281
2021-09-02,17,1260,5491,58
2023-12-09,24,4733,3706,310
2023-11-25,30,2538,12088,306
2021-03-12,25,1836,2807,492
2022-09-23,18,1481,3196,432
2022-01-25,4,2085,4662,145
2022-05-25,15,3846,5563,333
2019-04-24,19,761,2830,457
2021-09-29,5,4555,9458,453
2019-06-13,15,3286,10691,496
2019-01-01,15,4293,4066,484
2020-04-07,2,1471,12690,478
2023-01-20,5,674,4133,167
2022-02-23,27,681,7450,400
2020-03-14,22,4067,6965,492
2022-11-21,26,3471,4225,356
2020-10-28,24,159,3700,96
2022-03-19,4,4721,12672,177
2019-12-06,14,2505,666,347
2020-12-03,11,3030,4627,182
2021-08-03,19,2812,7760,133
2022-06-26,29,4247,8398,382
2021-08-10,23,2746,12642,379
2019-08-13,2,1466,10569,55
2022-11-17,21,2380,13988,253
2021-01-06,29,698,3307,395
2023-05-15,14,4869,5732,186
2019-12-08,29,529,8689,378
2023-03-03,23,640,5385,325
2021-09-07,24,2705,13386,401
2023-12-10,11,2737,7147,363
2023-03-12,10,3281,4569,182
2019-09-22,12,539,1238,190
2019-12-25,4,4621,12780,456
2019-11-01,3,2228,6786,393
2020-11-02,26,1314,8882,74
2021-08-06,4,4468,3527,298
2023-03-05,16,4921,1378,492
2021-04-21,8,4828,12803,470
2023-05-14,13,2388,3583,154
2020-05-23,24,2220,13677,307
2022-11-28,28,1888,1706,188
2022-11-22,23,3950,7802,98
2021-06-27,23,3151,9558,373
2020-08-14,29,4960,5541,176
2021-08-08,5,2769,13508,254
2023-01-22,26,2672,8088,302
2019-05-01,26,4795,3191,376
2019-03-24,23,1729,3932,133
2021-01-20,1,3376,7466,156
2020-04-10,21,2045,4620,261
2020-01-10,7,3036,11104,25
2022-11-28,12,4805,4664,356
2020-08-19,19,2093,10372,493
2021-03-31,9,1733,7682,370
2021-04-23,28,2736,11219,266
2023-11-23,23,777,12442,151
2022-05-19,6,4365,7758,254
2023-10-10,17,318,7158,433
2021-07-25,4,133,12510,280
2019-07-09,9,3467,6132,496
2022-06-04,27,2772,4519,421
2019-03-24,12,3997,13810,473
2021-03-27,5,2850,3598,114
2022-09-22,6,4929,7237,235
2022-04-21,3,3969,10964,407
2019-04-02,11,2854,13664,467
2022-05-22,13,1312,10815,120
2019-09-24,11,2640,2295,364
2019-05-06,19,2937,3266,101
2023-04-28,17,146,1119,157
2019-05-05,1,4705,14897,412
2023-09-13,12,4466,659,150
2021-11-27,22,4989,1879,384
2022-04-07,18,345,5541,334
2019-07-05,6,4016,5870,335
2020-07-14,12,1094,9509,276
2021-09-18,6,4042,9821,183
2022-01-20,4,3937,2117,349
2022-03-29,6,1343,8985,79
2022-11-14,24,1053,1829,422
2019-10-07,9,3371,3507,69
2019-07-30,9,4881,12273,395
2023-10-22,17,2817,3650,341
2020-12-10,3,2317,14968,272
2019-08-12,19,2523,5751,156
2019-05-04,18,3963,4915,29
2023-04-18,3,4933,14977,228
2022-03-26,1,1717,2487,71
2019-02-24,25,2865,7362,380
2020-08-14,7,2382,14624,210
2019-12-02,8,4852,3592,168
2023-08-13,27,131,5400,410
2021-12-14,25,4978,14338,85
2021-01-13,13,4051,4707,71
2023-11-20,18,4406,6278,110
2022-09-05,9,4830,6353,420
2019-10-14,19,3850,235,23
2020-03-27,12,3789,2452,278
2019-01-23,12,2879,5010,254
2023-11-09,1,1705,6655,84
2023-06-20,2,114,2774,471
2019-07-24,8,2918,9073,426
2021-07-07,8,2446,1731,310
2021-03-03,11,828,6525,298
2019-11-30,8,3381,14589,103
2020-06-26,18,2125,6115,177
2022-11-19,3,465,903,33
2021-02-24,25,3114,10511,160
2023-10-06,10,281,12514,438
2022-07-25,12,1739,6007,25
2023-07-26,30,2916,2558,243
2019-08-17,17,2128,9508,344
2019-12-29,15,4763,3835,499
2020-07-19,7,3131,13993,74
2019-03-22,22,960,7789,437
2021-07-24,6,2932,2848,452
2021-03-05,9,824,12690,300
2020-03-18,22,503,5483,481
2020-06-13,30,429,3703,87
2019-11-15,17,2359,6505,255
2019-04-10,4,2302,13342,98
2020-07-18,1,4546,14879,137
2020-03-14,29,3418,6490,81
2021-06-28,23,1589,4466,359
2023-02-25,15,282,9312,105
2020-06-12,27,1641,2202,79
2021-03-11,23,4914,7615,208
2023-08-27,14,1615,6323,75
2019-06-25,4,3148,3695,78
2019-11-14,18,2199,8702,381
2020-05-07,14,1610,8370,317
2019-09-17,2,4544,4857,345
2020-04-17,28,2174,2246,384
2021-12-30,1,2474,9600,86
2019-04-09,26,4260,11181,81
2019-08-19,17,4952,13856,135
2021-03-01,2,123,4316,462
2023-04-14,1,198,11585,215
2022-06-18,27,552,6694,338
2021-11-05,18,3363,2943,103
2021-02-27,15,122,12531,345
2021-07-19,16,1929,12280,477
2020-07-26,29,750,12279,410
2019-12-13,13,3656,2539,386
2019-01-31,13,3432,11058,172
2022-04-10,27,2293,3734,168
2022-06-15,21,1026,3661,178
2020-09-20,26,907,11357,215
2021-02-01,9,1858,8602,238
2019-01-17,22,1197,4900,254
2022-03-29,18,1332,1569,360
2020-04-21,14,4080,7771,274
2020-10-16,21,2115,14965,28
2021-06-20,9,2357,8020,35
2021-10-08,20,1244,1131,10
2023-10-14,23,1586,4889,185
2023-06-28,21,1079,7916,244
2023-07-01,10,3905,9804,151
2022-02-03,3,207,4729,140
2019-12-14,3,200,14571,399
2023-01-08,28,908,400,93
2019-09-06,4,3668,13782,100
2021-04-03,16,3669,4934,119
2019-03-12,27,2872,11412,314
2022-10-17,9,948,4212,104
2022-09-04,22,2252,6794,216
2021-12-27,26,2540,12201,192
2022-08-08,30,511,6473,296
2023-04-24,5,2515,13290,407
2021-12-19,21,2224,9816,461
2021-10-08,22,3216,3488,192
2019-03-05,1,1001,9802,59
2019-09-27,27,4711,1743,422
2019-11-03,14,635,8077,10
2019-11-10,15,3139,8307,391
2019-05-06,26,2902,285,219
2023-06-07,21,201,3490,257
2023-01-16,6,2609,13278,74
2021-04-10,25,4925,13891,129
2019-01-26,7,3306,6374,197
2020-10-11,8,2967,6738,340
2019-06-15,17,1326,504,227
2023-10-31,19,1714,12377,336
2019-12-24,22,2896,4728,246
2021-04-03,3,2600,6385,327
2021-04-17,3,1440,6899,21
2023-06-28,25,3059,4754,263
2020-08-07,25,1237,3840,345
2023-09-09,6,1952,12545,232
2020-02-02,15,158,6335,91
2021-05-27,8,1515,1552,410
2023-03-05,9,1834,7202,30
2020-06-13,14,4493,2733,448
2020-05-17,15,4415,1782,427
2019-12-16,19,2707,14921,467
2023-08-10,26,577,8928,392
2020-02-17,22,3420,5318,461
2021-03-23,12,479,9539,336
2023-10-26,3,1881,12472,373
2022-06-26,21,693,11452,148
2022-04-12,4,2623,11468,427
2021-01-02,16,3268,11477,288
2022-08-30,27,864,4967,489
2023-08-27,19,4161,3112,134
2023-01-31,16,1301,4492,245
2019-09-08,14,3465,1798,336
2023-11-14,27,3036,3275,473
2023-03-21,24,3426,5777,477
2020-04-30,4,4147,13460,311
2020-06-08,6,1423,4813,287
2021-09-07,23,875,9469,178
2023-02-15,24,2444,2696,258
2022-09-28,18,2947,11247,200
2020-01-13,3,2373,14545,333
2019-07-27,24,667,4750,405
2019-09-15,28,4412,5298,160
2020-01-05,10,812,1052,34
2021-01-07,25,805,11702,221
2020-12-12,13,1320,4138,172
2022-01-12,16,1177,4433,118
2020-07-23,20,2696,12342,356
2021-12-25,24,4604,12726,365
2020-04-16,8,4751,1485,349
2022-05-25,7,937,4468,215
2019-04-11,21,2262,13547,102
2023-09-21,7,4036,6369,102
2022-07-15,24,326,6959,370
2023-09-26,11,3449,10777,134
2020-06-11,21,4897,8418,77
2022-01-21,24,2265,13418,190
2023-05-31,7,170,9757,260
2023-04-12,13,3459,435,201
2023-11-28,5,1577,7378,343
2023-05-02,25,4028,11247,22
2019-08-16,1,1634,8847,116
2019-12-23,13,2232,13127,62
2019-12-28,27,2454,14937,309
2019-03-10,15,1187,9367,371
2021-11-01,28,779,3220,179
2022-07-10,20,2867,13252,262
2020-05-12,24,3268,6156,78
2019-10-06,1,191,14772,176
2020-01-27,3,4139,10154,393
2023-05-04,18,3444,14712,81
2019-06-25,12,3868,7821,405
2019-03-23,8,1244,11912,177
2023-04-24,26,4100,1776,238
2023-04-21,23,3689,6616,330
2022-03-03,19,550,5443,157
2023-06-20,8,4887,2348,195
2023-05-03,22,3803,11577,357
2021-01-20,3,199,4849,144
2019-04-14,16,1339,8220,393
2020-03-01,15,2141,9232,204
2022-07-21,19,370,3821,89
2020-03-23,19,4941,13579,126
2022-07-13,8,1956,13088,129
2023-03-25,10,4374,6640,459
2022-07-10,13,2085,2799,93
2021-10-29,2,4532,2802,489
2021-09-03,4,1380,5994,287
2022-07-30,9,4088,1439,251
2020-02-14,30,1621,7018,429
2021-06-20,20,1358,4865,462
2022-12-09,26,4885,14065,405
2022-03-08,30,1272,6435,273
2023-01-12,9,1869,3050,226
2020-02-20,14,4054,11451,118
2023-12-06,25,2345,10876,317
2022-07-17,25,3125,5210,356
2022-12-22,29,3194,13032,129
2019-12-30,18,2769,11488,489
2019-10-25,9,2440,11806,235
2019-05-02,22,2003,10231,479
2019-08-11,29,2186,7097,309
2019-02-12,7,152,3936,360
2019-12-11,9,4590,4466,344
2021-11-14,26,3685,7907,218
2023-04-02,9,1934,2111,205
2021-06-25,20,2580,4752,180
2023-03-17,29,307,10876,282
2022-12-23,5,4130,6035,475
2021-07-30,22,4255,3454,392
2022-09-25,11,2940,1797,374
2019-09-16,14,4425,13225,394
2021-05-22,11,827,14499,140
2020-03-04,30,3107,5990,332
2019-04-18,7,4060,10614,231
2020-04-10,26,1640,8473,110
2022-07-14,7,2834,247,369
2021-12-02,23,1829,12414,424
2023-10-26,13,3794,9819,316
2020-02-19,30,1624,8237,338
2020-03-08,11,455,6309,250
2020-05-23,11,3309,13376,230
2021-06-15,2,443,4580,444
2022-12-06,8,2166,1154,383
2022-04-26,14,1940,13813,118
2019-01-05,28,843,1061,326
2020-09-10,6,1868,8802,189
2020-06-12,6,1718,4350,396
2021-02-11,3,3973,10142,175
2019-08-05,6,1871,3817,73
2023-03-21,27,1475,6612,478
2021-04-20,6,4801,8434,371
2021-01-22,13,796,7581,465
2022-05-06,27,2663,9557,394
2022-06-08,17,2114,8352,498
2020-11-20,24,345,4619,107
2021-06-29,12,1878,3203,258
2019-09-18,10,110,9666,38
2021-12-22,5,2803,5678,369
2020-09-13,27,2673,6462,180
2020-08-30,12,4139,2404,226
2019-12-09,29,1528,10741,455
2023-09-24,17,3662,1803,409
2023-05-27,17,1428,10504,157
2022-04-22,23,506,9007,338
2019-05-07,12,3270,10830,195
2022-11-16,22,3363,13966,276
2023-11-29,14,259,2773,428
2023-09-11,12,2941,4767,355
2021-09-27,18,2017,5221,302
2021-02-02,7,1163,658,467
2019-01-02,22,1163,5111,75
2021-02-18,20,1526,3402,83
2021-09-17,29,4634,2589,376
2023-07-09,22,2522,442,174
2023-08-26,9,4023,5238,236
2019-03-05,3,2915,6685,347
2019-06-25,6,373,1136,204
2020-07-09,2,3248,4179,253
2020-12-24,20,114,9521,481
2023-12-22,27,173,517,428
2022-07-09,15,2937,5486,343
2021-07-05,27,516,5401,285
2022-12-24,26,235,14436,273
2022-12-25,1,317,2197,417
2020-12-11,28,2533,6696,19
2023-12-30,5,2838,2452,29
2021-12-26,4,842,9654,291
2022-10-04,19,3426,6643,58
2019-08-13,7,4779,9225,397
2019-10-22,12,576,3583,279
2021-02-28,17,434,13839,55
2023-10-28,29,2499,13370,152
2022-05-14,21,2316,9828,211
2020-08-13,27,213,12324,386
2022-09-02,2,4889,3547,112
2020-11-02,22,2285,10319,280
2023-05-04,23,264,8210,35
2020-12-29,19,3442,4047,426
2021-05-20,1,4616,2592,457
2021-03-06,12,462,6496,304
2020-04-07,2,4159,9688,490
2023-10-20,20,3785,1313,224
2020-09-20,11,120,3191,342
2023-05-29,2,2136,12461,393
2020-06-11,28,2178,747,285
2019-09-10,24,4223,6687,217
2021-08-05,23,2569,4031,155
2021-05-09,18,4318,10279,36
2021-04-14,1,2410,9163,298
2020-05-20,24,505,10193,226
2023-06-28,19,849,5453,105
2022-08-12,6,2053,3067,411
2019-07-16,26,192,7910,108
2019-05-21,14,622,4658,233
2021-09-19,6,4297,13256,202
2021-10-10,26,4544,7826,55
2020-01-06,25,4706,11841,166
2019-02-16,11,1017,10960,24
2020-01-01,17,4854,4755,353
2023-11-30,6,639,7845,155
2021-05-15,30,4409,9789,363
2019-03-23,20,4753,14102,477
2022-12-31,29,1821,13994,299
2019-08-17,26,3590,13116,39
2022-08-30,26,4218,12080,136
2019-07-17,15,2683,14928,301
2021-04-28,23,2564,7047,400
2022-06-22,28,2752,727,461
2020-07-20,30,1124,11910,82
2020-07-10,15,3102,2497,451
2023-01-27,26,3520,12935,396
2023-08-21,28,2472,420,11
2023-09-25,28,3998,4146,316
2021-01-06,7,3544,7547,207
2019-01-14,27,1205,13198,173
2020-08-09,18,4807,11930,460
2023-04-08,24,1724,6128,48
2019-11-26,12,546,10044,263
2023-04-25,25,4414,9308,379
2019-12-25,17,2220,9737,135
2019-05-30,4,3784,2247,238
2021-04-13,7,4016,5893,359
2020-03-09,5,3479,12452,345
2023-05-14,15,2298,9098,414
2023-10-10,11,578,13431,499
2023-06-08,2,2824,14961,422
2019-09-22,29,3536,14199,148
2020-04-30,13,2653,12847,271
2023-05-13,16,2508,2550,57
2020-07-31,4,4980,11256,450
2021-08-16,12,2502,3060,442
2022-06-26,28,4431,7064,142
2023-07-27,1,4298,7930,433
2023-06-28,1,516,14407,465
2020-09-19,17,3822,4336,31
2020-05-23,28,4377,12933,163
2022-01-28,9,924,14154,63
2021-02-12,16,343,8494,185
2021-12-21,12,1243,14588,143
2023-06-17,28,2626,14869,364
2020-07-05,30,3173,9672,85
2020-08-21,2,2226,14601,46
2021-02-10,20,2842,10080,251
2021-08-09,12,515,5473,117
2023-05-09,7,4973,14187,464
2019-02-09,26,4034,13773,207
2021-01-03,25,3684,12881,394
2021-04-28,2,2564,9484,351
2019-12-20,18,2626,4580,472
2021-03-26,6,1289,3411,196
2021-01-25,29,4451,7900,121
2019-11-22,20,937,9537,87
2020-05-19,19,2244,11116,247
2021-08-07,22,1525,14409,173
2020-11-28,4,3392,10263,460
2023-04-05,16,4762,369,373
2020-01-18,18,4681,14273,306
2019-06-06,8,1178,1599,159
2023-12-01,2,2946,248,440
2019-02-12,23,1377,5220,411
2019-11-19,8,3301,1236,98
2021-02-14,10,3952,6926,484
2021-09-29,30,551,14460,454
2020-06-02,2,3834,8679,148
2022-04-29,1,3698,14314,212
2020-09-04,24,4837,9240,407
2022-05-28,14,2271,6330,182
2020-07-08,6,2335,6683,68
2019-06-12,24,1952,483,145
2023-07-20,1,1254,6859,165
2022-12-16,2,2216,11186,247
2022-06-03,14,4062,11144,216
2022-05-19,27,1721,11984,145
2020-06-18,10,4932,9561,383
2021-01-29,25,4764,9578,376
2023-12-14,14,638,750,109
2020-11-25,1,567,5209,316
2020-11-23,16,759,942,455
2019-07-16,21,4779,12990,304
2022-03-26,20,2834,11262,440
2023-05-19,16,1608,5914,108
2019-01-02,12,506,2122,470
2022-11-22,18,107,14241,426
2021-12-17,29,2693,4523,332
2019-05-30,2,1709,4519,403
2023-10-13,14,698,5571,220
2023-05-30,4,2773,11788,194
2023-03-05,20,2028,6565,79
2023-06-01,25,4172,13897,494
2019-04-09,19,4337,270,459
2020-08-23,24,4538,7045,329
2020-12-16,9,1279,6866,43
2020-06-13,12,4409,2226,183
2020-11-17,23,536,4461,130
2020-05-31,15,4474,371,306
2023-07-29,7,4477,10045,290
2022-10-16,28,1221,13722,240
2023-01-13,28,3341,475,74
2021-09-18,29,4172,14181,271
2023-05-16,8,1640,5328,302
2023-11-20,25,636,8347,411
2020-09-10,14,4148,7986,264
2021-02-02,16,3452,885,77
2022-11-19,3,4041,7168,216
2019-05-12,10,3785,1583,274
2023-12-22,4,4464,6972,193
2023-12-01,26,2535,14508,249
2022-07-26,27,2011,11971,376
2022-05-29,22,428,4961,351
2022-07-29,26,3689,5626,40
2020-02-23,15,2522,11576,388
2021-01-20,29,755,7971,452
2019-08-08,13,2841,1317,18
2019-06-22,14,4169,11080,459
2020-04-25,23,1554,5662,217
2019-03-17,30,3613,4283,55
2019-11-21,6,2006,11830,494
2023-03-01,20,4970,12726,95
2020-06-06,5,3339,14590,330
2023-02-17,14,338,5187,481
2021-04-07,13,3232,3066,349
2021-10-29,15,3179,5501,451
2021-04-26,23,1928,6517,69
2020-07-30,19,2725,9985,442
2020-12-06,23,3372,11708,304
2023-09-05,1,2414,5997,338
2020-02-22,23,3176,14659,159
2019-06-07,19,1879,4688,63
2023-01-31,15,2777,10908,369
2022-07-13,29,1910,11881,27
2022-09-30,4,2211,8963,393
2023-06-30,6,1346,3937,47
2021-07-01,9,2934,7666,347
2020-08-30,30,3608,11495,196
2022-05-14,17,2449,2420,388
2023-11-04,19,882,8939,131
2019-12-11,19,1347,8850,366
2020-08-05,11,586,9113,239
2022-02-03,9,2724,11015,147
2022-07-21,5,3460,8827,442
2020-11-15,2,4287,7508,126
2021-10-29,22,4165,9538,77
2019-05-04,12,2726,10005,207
2019-06-29,20,1378,5877,379
2023-10-21,2,2900,14383,30
2019-11-29,10,3706,7621,484
2019-07-17,29,800,1422,337
2022-10-20,26,3594,6120,135
2022-03-28,4,1012,14595,283
2019-09-20,10,1115,14270,377
2023-03-28,28,1160,2122,330
2020-10-10,4,4031,3467,27
2020-02-08,11,3698,7711,30
2019-05-27,20,2797,6851,189
2019-12-09,16,3266,1374,411
2022-09-10,2,167,11794,201
2019-11-30,11,2260,1225,79
2020-12-23,5,1137,796,133
2020-01-06,12,3264,2685,82
2020-10-10,4,4303,4519,342
2022-05-07,9,3832,2438,188
2019-04-10,20,1804,2474,420
2020-11-13,11,4484,977,218
2020-12-30,13,3463,11740,196
2019-11-02,17,1491,7391,233
2022-05-21,28,3239,2206,258
2023-06-14,6,2246,13782,488
2021-12-28,14,252,1957,122
2022-06-13,29,4321,10767,417
2020-12-20,2,4696,12697,116
2019-06-07,5,911,1120,61
2022-07-31,12,3685,972,317
2023-05-21,11,970,7829,139
2019-08-05,24,3673,890,311
2023-02-04,9,1732,4995,223
2019-08-12,17,1253,4277,263
2021-03-27,8,3953,4312,380
2021-02-27,4,3951,14613,81
2019-05-03,10,4258,7653,438
2023-08-14,22,605,5075,97
2021-04-29,26,4699,576,150
2022-01-06,24,1591,11329,275
2019-09-10,14,2030,14902,186
2021-08-26,1,1101,14706,74
2023-05-27,20,1684,4305,169
2021-12-23,13,3718,212,279
2022-01-25,26,2064,12129,287
2020-08-05,8,609,11028,74
2019-07-31,9,159,556,27
2021-07-21,22,545,1722,119
2019-11-03,24,4483,3707,130
2022-11-18,26,3273,5899,265
2020-04-25,23,2507,2032,120
2020-08-24,3,1588,1744,233
2023-03-05,21,2526,1198,428
2019-02-06,19,2369,1921,392
2019-12-23,6,2174,14385,207
2023-12-13,6,2480,10536,389
2022-08-23,12,1793,12838,224
2021-06-13,23,2593,1712,352
2022-05-18,22,3932,12118,263
2023-11-21,4,664,3808,340
2020-07-05,15,3409,7639,35
2021-04-20,27,1786,13928,213
2019-01-15,5,1742,1774,146
2021-05-25,26,2271,8461,399
2023-09-16,13,3249,5426,426
2019-05-26,1,4610,4726,96
2021-12-20,25,1985,4592,82
2022-07-14,30,3975,8693,458
2023-07-23,27,3485,734,479
2019-10-30,1,1644,3766,145
2019-02-01,17,1725,2296,426
2023-05-19,28,1764,9868,249
2019-06-20,18,1910,12917,75
2022-09-23,26,1880,2749,100
2020-05-19,26,554,13247,389
2020-12-09,22,2595,442,65
2021-01-06,19,3222,4082,228
2021-02-15,5,315,8658,482
2021-03-10,23,4442,6503,52
2023-04-30,15,4331,12649,165
2020-02-22,9,2652,14722,107
2020-06-16,7,4145,8157,83
2022-07-14,5,2456,6060,469
2019-08-16,13,3357,1210,390
2019-10-16,15,2075,9814,411
2023-10-08,10,2277,8622,411
2019-05-22,7,3243,10124,232
2021-08-04,21,4989,822,429
2020-03-17,1,769,3449,177
2022-01-19,15,4615,13125,434
2019-02-15,27,1605,3319,203
2019-09-10,28,3404,10370,384
2023-12-09,28,213,9380,197
2022-11-29,22,2519,9446,433
2019-08-19,6,2345,14627,293
2023-12-30,21,4757,1075,343
2022-08-24,3,762,7803,28
2023-09-27,24,4181,14141,124
2019-11-07,1,568,13772,132
2023-09-06,24,1868,1163,328
2023-10-29,14,3744,1731,442
2021-07-15,20,2975,7692,28
2021-07-28,10,826,5496,358
2023-11-14,30,1778,13054,25
2023-12-31,8,2452,10494,274
2021-05-20,24,1801,8521,48
2023-11-04,29,4833,7571,290
2022-10-07,30,4717,6251,400
2020-04-14,15,3803,14407,473
2020-06-10,21,3901,4487,44
2023-03-06,21,686,8312,253
2020-12-30,10,2615,5968,422
2023-07-15,15,4977,7150,253
2023-03-22,11,2163,3505,452
2023-03-10,27,1143,1790,357
2019-07-25,4,1936,10591,375
2022-05-15,18,2424,2184,280
2023-10-05,23,872,5978,244
2023-08-28,7,1601,5336,33
2022-02-21,23,3733,3312,271
2021-04-04,23,3264,6477,287
2022-01-25,4,3108,2275,247
2019-03-31,12,1196,7307,291
2021-05-16,1,359,12587,192
2020-05-25,10,3009,6022,261
2021-03-31,1,2184,13381,130
2020-04-02,21,3962,902,112
2020-01-27,29,2014,9840,474
2019-12-15,23,3104,5670,412
2019-08-18,21,2378,9901,256
2021-02-04,26,3921,9476,355
2020-02-01,28,3016,11863,377
2022-10-16,6,1896,1564,304
2022-03-27,4,1567,14149,360
2023-07-26,13,3492,1097,375
2022-08-19,9,3912,4999,449
2020-02-02,3,712,4450,169
2022-10-09,15,4380,7008,416
2019-04-27,21,343,6734,367
2022-02-27,8,4098,12774,187
2020-01-05,3,4059,3033,156
2023-11-08,11,4475,2469,34
2023-12-01,20,2929,5601,21
2023-04-07,30,509,8280,115
2023-10-25,5,2133,12227,432
2020-06-06,4,4509,2631,479
2022-05-06,8,751,8468,242
2022-08-20,13,4568,7691,92
2021-12-31,3,1736,408,331
2020-06-11,13,4961,4519,167
2023-08-19,3,4328,1150,360
2020-09-01,9,2379,7705,165
2023-08-27,19,2258,2581,316
2022-10-23,7,898,6482,195
2021-11-05,23,933,3678,432
2021-02-22,16,1317,9857,174
2021-02-17,19,1892,4789,32
2021-05-28,29,255,1332,146
2020-07-20,5,3599,14275,133
2023-11-11,20,139,9716,89
2023-11-25,2,1241,9178,410
2023-10-04,10,878,13600,280
2021-05-14,24,1353,4876,309
2023-04-13,8,250,2415,250
2019-12-31,26,1332,441,339
2019-01-05,18,4616,14630,230
2022-07-17,11,712,2209,337
2023-04-22,28,1678,947,453
2021-08-19,25,4802,13819,113
2019-02-17,24,2535,12422,175
2023-06-22,10,1125,704,301
2021-08-31,22,4150,8793,443
2022-09-23,5,2355,10406,218
2019-08-13,9,4530,3596,56
2022-03-23,12,1143,675,320
2021-02-01,22,318,1692,439
2019-09-29,29,497,10512,55
2023-02-16,19,4095,12080,206
2019-07-28,14,803,6575,27
2023-05-10,10,2331,14966,86
2022-06-03,28,3732,4204,115
2022-01-19,26,1595,12979,191
2023-12-07,22,1717,12617,248
2022-09-18,11,3063,4332,442
2021-10-18,27,2967,13680,227
2022-05-29,12,4410,1555,112
2020-10-03,6,993,4917,260
2022-01-08,24,2994,9525,228
2019-08-04,20,3802,8667,222
2020-06-07,4,3900,9780,271
2020-04-16,12,546,5242,253
2023-05-15,1,3795,12939,51
2022-01-31,17,2736,10265,107
2019-02-06,6,4576,12621,22
2023-02-27,25,3054,3195,232
2020-04-10,23,4904,5521,398
2019-10-24,3,4809,1214,45
2019-10-25,2,1557,4454,406
2020-01-06,9,774,5560,152
2020-09-05,8,4124,4477,414
2021-02-04,22,4968,1563,481
2022-12-17,11,1146,8457,314
2023-09-08,29,644,12871,90
2022-02-09,20,1568,8886,165
2022-03-22,9,4313,9651,331
2021-06-08,16,3540,5989,302
2019-01-26,28,2040,10598,26
2022-08-06,3,1390,3191,281
2021-10-11,21,3454,9984,312
2021-11-20,17,4692,6766,127
2021-12-11,17,3193,13877,275
2023-09-19,7,1363,702,169
2023-10-14,12,721,10999,396
2020-01-02,17,3483,3903,123
2023-07-12,27,3381,710,96
2021-09-02,3,337,5315,134
2023-03-15,10,3544,6422,315
2023-07-09,20,1662,1830,284
2023-09-10,12,4530,2929,236
2022-12-08,26,4966,9883,216
2019-08-21,5,2045,1926,438
2023-07-16,14,2782,12470,145
2021-08-26,22,4239,1516,84
2022-09-08,12,2678,10361,496
2019-03-29,22,973,11382,419
2023-09-21,24,3008,4647,451
2019-07-25,23,3724,8305,492
2020-01-14,9,1610,2229,398
2020-06-04,16,1421,9758,472
2019-05-20,1,4417,9794,118
2021-01-04,20,504,13702,192
2019-12-28,11,4491,652,366
2020-08-17,6,583,4347,121
2020-07-05,9,3668,11750,110
2022-10-18,23,1541,7745,393
2021-12-17,13,1351,11191,422
2020-12-28,4,4596,2018,171
2019-08-10,8,1378,14378,66
2019-04-08,1,995,9089,469
2020-08-03,2,2687,4487,359
2019-06-23,2,829,432,299
2019-10-17,8,278,1156,264
2019-12-06,13,2363,6210,437
2021-08-22,15,2058,10171,410
2021-06-08,8,854,3807,350
2021-05-01,17,2266,9021,471
2021-12-03,4,2011,9988,298
2023-08-23,11,3362,6173,116
2023-05-28,19,897,9624,26
2019-12-02,6,1296,10458,307
2021-12-14,21,3106,4848,207
2020-04-29,10,1208,8467,273
2019-09-13,1,1544,6174,488
2021-10-02,8,2832,8748,242
2022-04-09,5,1182,14116,173
2019-04-17,3,970,6905,446
2021-10-22,10,2901,13902,190
2022-07-02,12,2519,7301,112
2021-06-12,21,4903,1105,236
2021-10-15,17,2666,8608,180
2019-06-14,11,4624,5586,15
2019-08-25,19,4640,11775,138
2022-09-05,30,4741,10253,183
2019-11-12,6,4953,11947,478
2020-11-16,11,3422,14188,221
2023-07-25,26,4680,2018,339
2021-10-19,26,4815,5366,323
2022-06-28,2,1025,1318,35
2020-02-14,23,1818,2624,312
2019-07-15,16,3034,4073,236
2020-12-20,3,3862,11039,251
2020-10-11,12,1383,370,429
2022-04-12,22,3325,4312,453
2021-08-16,19,3659,12716,377
2023-05-28,24,3439,5120,460
2023-11-08,30,2582,7608,452
2022-01-24,25,4464,8381,318
2023-09-06,20,2916,6774,438
2019-01-08,25,3598,14348,97
2022-08-12,16,807,5300,297
2021-03-21,21,2046,9919,83
2020-11-13,23,491,11291,12
2022-10-29,3,1417,5792,354
2021-11-11,2,285,9553,423
2022-07-18,30,4059,3345,59
2019-10-02,12,4693,1805,228
2021-12-15,26,3720,6033,413
2021-02-14,29,798,10554,242
2022-07-16,27,1253,2088,46
2021-07-11,15,4564,2210,498
2021-01-07,3,3442,2782,271
2023-07-03,3,1464,10862,443
2020-05-19,29,709,3427,305
2022-09-15,13,1435,1006,226
2019-03-19,16,3005,13647,137
2022-05-19,7,3236,8698,369
2021-08-03,12,3862,9878,160
2023-02-09,1,3286,9716,124
2019-10-25,13,1093,2156,318
2021-02-10,9,3951,369,398
2023-08-20,22,2994,10811,143
2023-01-16,13,2247,8583,198
2022-04-09,4,3614,1267,253
2021-02-08,4,3142,6008,252
2023-07-16,22,3657,530,188
2019-04-03,1,3774,14239,430
2020-11-25,21,1138,14038,243
2023-12-02,7,4140,6528,280
2022-02-19,10,3262,1723,148
2019-01-03,6,3192,7620,53
2021-07-20,22,2200,11273,59
2022-07-26,19,1521,9568,297
2022-05-02,21,323,13411,167
2021-05-21,16,4053,13371,17
2023-06-13,28,4045,3319,55
2023-11-11,4,1039,4661,255
2021-09-28,10,2045,9214,373
2021-02-09,24,4174,8411,129
2023-10-01,10,4111,11961,258
2019-04-10,8,4152,9151,270
2020-06-19,30,2379,14036,381
2019-05-25,28,3548,13641,77
2022-06-05,28,617,12680,478
2019-01-01,17,495,9344,403
2020-10-13,24,3997,4883,31
2019-05-27,5,3987,7205,281
2019-01-06,10,4002,5727,307
2020-03-20,22,4716,13642,174
2020-09-01,26,4231,10066,428
2019-08-22,30,1156,10310,176
2019-01-22,20,2091,3527,159
2023-10-15,23,2744,11984,317
2021-01-20,8,1592,3251,452
2020-08-12,5,2607,11196,496
2019-08-20,12,2247,4799,78
2020-06-04,15,4790,1057,369
2022-03-26,9,929,10801,346
2019-07-27,1,2742,12532,352
2021-09-18,4,246,7969,78
2021-01-25,11,772,12062,463
2020-05-12,15,4692,13201,53
2019-06-04,8,3863,12691,341
2022-05-05,3,781,6821,93
2022-07-01,30,4666,14243,338
2023-03-09,4,4764,7542,263
2020-05-11,7,1173,6627,310
2019-03-10,20,2704,11284,341
2019-03-02,9,298,11113,38
2020-11-30,3,4994,10539,117
2021-02-01,16,3492,11298,44
2022-11-11,28,3863,13708,28
2020-11-21,17,3820,12976,234
2023-06-27,16,3888,1102,496
2022-08-29,2,3469,7109,225
2021-04-12,5,319,2903,491
2019-01-05,17,4760,9866,177
2022-06-18,14,368,8791,471
2020-08-21,15,4964,2669,431
2019-10-30,28,2960,10217,454
2021-06-20,17,3682,3934,490
2020-08-25,2,291,14686,244
2019-11-26,28,2937,7179,175
2020-12-06,4,1947,10257,13
2023-04-20,16,2722,3677,314
2019-01-31,1,3848,3346,409
2021-06-13,7,4544,14925,226
2021-02-08,15,2096,14396,427
2020-04-27,1,664,5104,76
2021-02-19,5,719,9054,218
2022-11-12,5,1219,7941,172
2019-03-01,25,663,13647,450
2019-11-13,8,475,5590,394
2023-03-10,1,2158,1810,320
2020-02-20,6,2715,12035,46
2022-06-27,19,171,9498,292
2020-08-26,5,3263,6709,186
2021-09-06,10,4581,8352,257
2022-02-13,1,3009,5150,337
2022-07-29,22,2901,8174,277
2022-10-03,21,1191,9167,465
2020-06-17,11,2152,5800,407
2022-04-18,16,3020,13131,320
2020-11-01,5,3923,5184,378
2021-11-28,18,430,14939,225
2021-01-26,28,1207,13001,200
2022-09-13,24,2379,5065,172
2021-04-30,25,1418,5421,448
2020-11-15,24,4012,10686,167
2022-02-12,1,3057,2556,384
2020-03-08,11,3704,12750,272
2021-06-03,28,2264,14954,443
2021-03-25,24,4190,12918,416
2023-03-05,6,3197,4214,123
2019-03-06,27,1779,1617,410
2021-04-10,12,3261,8686,45
2023-06-01,22,469,2643,144
2022-04-24,30,2209,14816,149
2022-06-14,10,3100,5040,127
2021-01-02,20,3273,14527,207
2021-12-05,7,4266,13101,366
2019-09-07,28,2653,12381,386
2023-01-29,8,3854,9249,115
2022-07-27,28,4392,9638,237
2019-08-14,27,3114,10173,488
2020-09-13,2,732,13725,193
2023-06-15,1,2546,6894,175
2020-06-28,22,1472,8589,87
2020-04-07,17,4045,10170,449
2019-02-09,29,4186,9454,170
2021-08-01,24,3419,432,387
2023-06-06,13,1458,9397,48
2022-05-02,15,135,11200,111
2023-10-15,10,433,7423,314
2020-02-16,30,3463,9591,155
2020-11-27,3,4775,6548,151
2019-03-16,23,897,12433,361
2021-02-15,21,1043,12710,22
2020-08-11,9,4943,12946,450
2023-12-12,15,4828,9113,177
2022-05-11,15,878,2465,427
2019-01-27,15,2935,14294,49
2021-02-06,29,3355,1988,383
2020-11-23,29,2111,2836,492
2021-01-11,25,2057,2992,400
2020-04-24,12,2250,7795,428
2020-08-19,13,1364,5811,101
2020-11-07,3,3733,13385,470
2020-04-18,6,4347,10620,53
2023-05-09,7,2953,1236,120
2023-09-08,6,420,10444,157
2021-12-26,27,2768,9074,441
2023-05-15,4,4021,14940,84
2022-04-17,1,4561,14282,336
2019-07-10,27,4421,6984,440
2020-05-14,3,1217,9986,263
2022-12-25,24,3714,1308,434
2019-09-29,24,3349,8860,159
2023-08-23,27,895,5614,122
2019-01-08,8,4836,10419,150
2020-12-17,3,4313,2274,140
2020-09-23,20,3389,5999,463
2020-04-21,12,4709,9876,204
2019-08-19,5,2683,1481,245
2023-01-14,23,2359,7287,179
2023-12-29,24,3814,8137,196
2022-12-24,29,2559,949,134
2022-03-28,8,922,8452,389
2022-10-01,4,1557,2295,476
2023-05-02,9,3298,3922,48
2020-12-31,20,1718,4907,288
2022-08-21,19,4188,4126,286
2019-11-11,5,1211,3187,218
2019-08-06,3,1838,8121,414
2023-08-29,26,3838,3405,415
2019-08-31,7,2098,4301,177
2023-09-29,10,1218,451,101
2021-01-18,17,1750,9519,192
2020-07-03,24,4070,9638,73
2020-04-29,28,3827,13428,139
2023-04-07,12,3131,14378,432
2021-08-04,30,4005,14180,123
2021-03-02,28,2923,13673,497
2021-11-29,21,2195,10460,469
2021-05-19,21,1802,7723,141
2020-10-30,25,432,9179,234
2022-02-19,17,4683,14512,218
2021-04-05,26,4180,12670,176
2021-10-01,1,813,5134,113
2020-06-16,11,4421,13903,210
2021-02-02,26,2861,14212,203
2019-06-08,9,621,12481,494
2021-08-19,18,1235,5735,452
2023-05-23,19,4700,14321,119
2019-07-12,6,4796,1449,101
2022-09-29,24,3452,3144,361
2021-02-05,11,4475,7548,276
2019-04-07,16,1475,12324,464
2019-01-02,15,1949,5510,354
2022-06-19,4,1055,4036,186
2023-07-24,1,237,7726,414
2021-06-06,18,1449,12814,128
2022-11-20,13,290,13023,383
2019-02-21,29,2428,5942,81
2022-07-26,22,836,8260,496
2023-02-21,2,2835,5264,244
2020-11-27,7,2383,10918,128
2023-11-29,9,3482,1298,152
2019-11-30,27,770,2268,394
2021-03-07,7,3304,1334,299
2021-07-12,13,2099,2402,161
2022-07-04,16,4986,2541,59
2023-02-25,30,1079,3746,31
2021-04-19,20,4446,9848,421
2021-05-09,6,3439,12644,89
2019-08-12,2,3670,11422,222
2023-12-22,23,448,4969,132
2023-04-04,26,2212,5264,263
2023-08-21,12,998,14822,321
2021-11-17,12,3713,11338,27
2021-01-20,7,1446,4012,232
2019-02-22,12,1926,6723,111
2022-01-28,27,1116,13499,110
2022-01-16,20,709,9299,371
2021-03-18,10,2596,13690,111
2022-12-22,20,2659,12994,145
2019-01-07,13,2307,14662,263
2021-06-03,8,4760,929,175
2023-09-20,12,3345,10300,353
2019-12-31,6,4482,11985,317
2019-05-30,27,603,10132,247
2023-10-10,15,2597,2459,177
2022-06-06,21,3498,321,219
2020-09-09,12,3655,14759,145
2023-04-14,27,908,4902,451
2021-08-11,7,4869,10740,114
2020-12-15,18,2170,5216,152
2019-02-18,14,2385,4454,441
2021-01-07,5,3097,11320,336
2021-11-15,29,735,2135,349
2019-12-22,20,1600,11589,145
2022-03-26,9,4692,6753,192
2022-11-09,11,2940,1023,174
2019-05-30,19,980,9201,143
2019-05-29,29,2652,1865,284
2023-04-23,17,1633,14014,452
2020-10-09,25,4331,11983,39
2022-08-19,6,3848,9834,404
2022-02-06,20,4405,13540,445
2020-02-01,7,1354,8070,471
2020-02-04,28,915,400,121
2023-09-12,3,1611,2923,89
2022-06-09,27,4011,648,96
2023-05-03,28,4565,4188,464
2022-05-08,24,3631,14260,223
2023-09-24,23,2261,7133,181
2021-12-02,29,1998,4052,375
2019-07-20,30,3743,13665,186
2020-05-23,17,2813,10450,455
2019-03-29,11,1638,5523,190
2023-09-07,15,3358,1526,294
2020-05-30,7,3989,11758,236
2023-08-23,30,4842,2381,20
2022-11-24,13,3711,2599,193
2023-03-25,21,4399,8558,108
2022-08-24,1,735,13872,114
2022-07-28,8,3209,10306,321
2019-11-07,26,3094,2685,259
2021-08-13,4,2678,6846,167
2021-11-04,14,4714,3813,332
2020-09-13,24,375,7468,245
2020-09-26,17,3308,9291,495
2023-09-16,1,2223,9218,471
2019-06-29,19,4677,343,75
2022-12-07,16,1263,13181,160
2022-10-11,24,4020,5778,475
2023-11-15,30,3592,5382,13
2021-10-16,9,625,10447,265
2023-09-15,24,295,284,450
2020-08-03,27,436,9333,107
2023-03-22,15,117,6075,411
2020-01-15,26,3744,14412,21
2021-08-10,13,2865,8863,262
2020-01-30,22,1978,14145,185
2020-07-21,2,665,1906,383
2023-01-29,3,2726,13189,488
2020-12-06,5,2119,14674,488
2021-04-10,1,4486,9276,157
2023-05-29,17,1687,4689,129
2022-06-16,10,2336,14235,76
2021-09-19,16,4157,1369,464
2022-05-08,16,4530,8774,263
2019-07-15,9,3975,4388,101
2020-12-15,14,2350,1413,228
2022-02-03,17,2725,1066,185
2019-10-03,28,2436,10951,201
2022-12-08,20,291,11235,348
2023-04-16,23,1925,9482,250
2019-11-21,12,2032,4461,437
2021-06-30,24,1532,10281,429
2023-09-25,11,2451,6018,83
2020-02-16,28,933,1306,407
2023-02-23,10,1832,3885,384
2020-02-10,26,3459,375,461
2021-09-17,4,1316,12293,407
2020-07-28,24,2923,7152,105
2021-02-19,15,2533,11475,188
2023-06-09,13,2753,7449,196
2023-11-25,7,577,4858,394
2022-06-20,29,1989,6653,154
2023-10-13,4,187,1332,331
2019-07-05,10,3861,4531,324
2021-04-16,19,3048,6353,81
2023-08-04,25,248,13900,370
2021-05-26,13,649,2919,40
2022-10-10,25,1638,14090,458
2020-01-29,6,4498,2273,64
2019-07-14,2,4554,11326,16
2022-08-26,25,895,7395,321
2019-07-09,9,1192,4442,248
2023-06-03,4,1979,11646,176
2020-07-10,24,1114,10456,68
2021-09-06,2,1309,5340,356
2019-11-29,11,2787,5906,160
2021-12-10,4,1972,3188,124
2022-11-11,9,3453,10270,491
2021-03-30,26,1592,14376,132
2022-11-16,9,3286,5000,338
2023-03-17,7,4834,5013,13
2022-03-27,7,1434,7336,296
2023-04-23,9,4522,7620,159
2019-11-18,19,3623,2690,246
2022-05-28,23,2360,6511,342
2019-03-16,3,309,5104,434
2021-12-08,7,979,13094,318
2020-03-28,25,119,9877,284
2023-02-08,5,4126,9018,223
2020-09-17,29,1060,8339,290
2023-05-28,13,1011,13398,374
2019-10-22,23,1251,6852,97
2021-02-02,25,1496,11968,241
2019-09-15,16,645,5226,102
2022-02-17,9,1701,14112,412
2020-02-18,10,1243,1390,388
2021-10-17,3,3176,6651,206
2021-05-18,25,4462,838,372
2023-05-24,22,1714,4976,164
2019-05-23,11,2514,9600,294
2022-12-09,7,2358,8620,52
2020-06-26,30,365,4687,350
2023-06-10,8,4093,4982,290
2020-07-30,5,3924,10773,482
2021-08-15,12,3305,13607,50
2023-12-26,2,3073,8452,165
2019-04-05,15,1404,5038,455
2021-08-26,14,2221,8974,333
2021-08-05,19,4650,6762,353
2023-04-08,25,4575,6334,279
2021-12-03,21,1825,2136,352
2021-03-21,17,4603,10688,61
2019-06-26,6,511,7896,69
2022-01-25,8,200,2141,192
2019-08-28,30,3823,13331,263
2023-04-24,5,3229,783,129
2021-05-04,11,2745,1778,30
2021-06-29,27,1661,13004,77
2022-07-15,20,3333,4095,330
2021-07-10,27,1376,4039,440
2022-02-24,26,3529,3954,326
2020-08-06,20,255,14356,401
2022-10-06,23,1202,13512,225
2021-12-26,20,3798,980,493
2023-03-06,18,4673,1819,165
2021-08-06,8,4362,3478,493
2020-05-05,10,1387,818,140
2020-02-16,27,830,553,135
2023-02-15,7,3644,10509,334
2022-08-25,21,321,14559,292
2020-04-24,18,1974,11813,425
2022-10-26,28,2678,3590,200
2021-11-15,22,4685,9402,129
2022-08-18,10,1800,5903,415
2022-08-25,3,2354,13533,174
2019-11-27,15,481,12831,476
2022-05-17,8,185,5913,193
2023-06-08,6,3507,10905,87
2021-01-16,3,1559,12858,463
2022-05-17,7,3942,13409,190
2022-09-25,5,2461,8234,391
2021-11-29,16,1423,4401,293
2021-11-06,23,1652,4814,165
2021-03-09,25,2063,7756,328
2023-08-08,11,3661,12978,62
2020-06-22,9,2027,7769,404
2020-05-07,16,4062,6503,19
2023-01-12,17,1967,4057,327
2021-09-24,26,4983,13955,285
2023-04-12,30,2854,12065,154
2020-04-15,19,3064,13738,148
2020-01-21,6,2039,4093,131
2022-03-30,10,2002,2601,317
2022-04-13,14,854,5332,96
2019-06-02,28,391,6146,259
2021-11-22,1,4090,12397,387
2020-05-18,27,531,6220,418
2023-10-06,3,4671,6201,304
2020-05-16,7,2096,10777,95
2020-09-08,22,4585,7137,55
2023-02-16,21,1794,4844,88
2021-06-22,10,1188,14782,388
2019-11-27,9,2138,8573,47
2022-04-17,7,509,11193,277
2020-03-23,20,3349,2811,280
2022-12-17,28,1743,222,374
2021-02-12,25,334,1474,90
2023-08-25,14,3075,3438,444
2021-10-05,2,3788,4496,305
2020-11-08,18,4689,7579,89
2022-05-30,7,4246,6545,456
2019-11-19,22,1620,5394,461
2023-09-05,18,1354,8608,51
2019-11-12,6,2655,13724,94
2022-01-22,4,2873,8644,53
2021-09-22,4,3931,10934,13
2022-06-07,28,4868,2192,490
2020-07-30,21,1024,9782,11
2019-02-07,21,1197,1182,400
2019-07-26,5,548,14202,478
2023-08-13,30,4124,14074,179
2023-11-22,15,3440,14448,129
2021-06-06,14,3521,7299,316
2019-02-24,3,3775,13886,77
2020-07-28,28,770,1812,238
2019-02-15,16,3754,522,343
2022-02-18,13,1101,5894,320
2021-09-13,22,1379,3836,376
2019-04-24,19,3795,4610,320
2021-02-20,2,4102,9018,181
2022-10-17,9,1905,926,295
2020-08-22,17,2561,14452,106
2022-06-11,1,2320,6963,467
2021-04-22,3,2847,6801,277
2021-04-17,3,4290,782,334
2019-10-05,18,1419,12257,265
2023-08-10,24,4738,9299,375
2021-10-07,3,1320,3731,406
2019-04-11,26,1448,12649,24
2019-05-01,5,2725,9701,224
2022-10-12,10,861,11949,211
2021-06-22,30,3149,6800,328
2023-01-22,22,1004,13241,227
2020-03-31,22,710,13847,182
2023-06-23,8,3074,7556,181
2019-03-23,3,2347,1753,265
2020-05-20,3,3622,3069,395
2020-08-08,24,3778,5206,232
2022-01-10,12,1907,5672,233
2023-10-17,27,4671,6289,273
2020-05-10,29,2565,13790,116
2022-12-01,21,2046,298,180
2022-11-21,28,2374,8929,59
2023-07-10,30,3316,8272,26
2022-07-05,23,4117,11539,66
2020-08-23,1,3117,13157,180
2023-03-02,1,761,3662,86
2020-02-03,4,1413,7877,48
2020-04-02,22,1257,9138,261
2020-09-01,14,218,12743,433
2023-10-26,11,131,10237,154
2021-09-26,23,811,4321,254
2019-10-29,29,3756,1243,304
2022-10-31,6,4505,3835,208
2021-02-08,13,755,4565,132
2021-05-14,10,4364,11154,162
2020-08-31,19,4028,3816,337
2019-02-14,23,2183,9567,131
2019-05-20,25,880,4769,420
2019-08-31,28,4890,10406,13
2023-11-28,14,993,7407,180
2022-07-11,21,4776,1144,243
2019-02-25,30,1818,7090,256
2020-12-09,29,435,3867,336
2021-02-27,23,4274,8974,424
2019-05-27,2,442,14743,136
2022-04-11,23,1801,14085,20
2020-08-07,5,2602,10133,334
2022-06-16,21,3769,679,233
2019-09-18,8,117,5057,471
2019-06-01,26,2275,2881,190
2019-10-28,2,2431,5546,206
2019-03-12,5,2137,3226,424
2023-01-12,2,653,5988,66
2022-06-26,9,4603,1405,480
2021-09-28,21,866,14443,470
2021-05-04,15,3716,6963,309
2019-10-25,27,2849,9372,67
2021-10-14,16,3099,6841,264
2020-09-08,24,3541,13084,180
2019-08-25,6,911,1438,248
2022-03-18,7,3982,7849,160
2022-02-06,1,655,12475,21
2021-12-16,1,4081,11438,213
2019-08-12,25,1255,14194,27
2021-08-12,12,4266,5967,87
2023-01-04,27,4618,10333,58
2021-11-10,13,2564,9769,31
2021-06-06,30,934,11695,216
2022-12-08,12,2043,7739,241
2023-08-23,27,1846,8313,178
2022-09-13,30,229,5281,422
2022-09-10,4,4024,3902,135
2022-09-23,12,4383,8581,214
2023-02-05,11,1641,2225,14
2022-08-12,3,4574,14741,293
2023-01-13,27,227,4028,23
2020-08-04,10,3560,2576,49
2020-07-13,18,1391,9774,358
2023-03-19,25,4248,10793,221
2022-06-12,1,2861,9948,447
2023-12-20,6,746,1778,214
2020-01-14,17,2957,4451,322
2021-12-17,26,898,8681,229
2023-07-08,21,650,6652,59
2019-07-07,22,261,2456,27
2022-08-05,11,3650,3019,404
2021-06-18,8,4621,13227,270
2020-12-08,18,1868,12951,221
2023-12-10,18,3345,14804,273
2021-08-06,21,3829,7637,417
2021-07-12,12,2205,3867,490
2020-04-19,28,699,8647,292
2023-08-24,13,542,10032,436
2020-02-14,9,824,6449,115
2020-04-04,13,695,8627,342
2023-11-19,26,4544,2246,318
2022-07-03,21,709,9670,152
2020-01-18,21,3363,10644,74
2019-09-05,4,1244,14115,199
2021-06-29,30,1972,9399,215
2021-07-06,26,2522,8665,73
2022-10-10,5,860,3742,284
2021-12-01,19,1921,6989,336
2019-06-03,10,760,5879,397
2023-04-01,15,3295,3532,293
2023-06-01,22,2535,12853,241
2022-09-17,6,1415,5087,118
2019-05-24,30,3419,4739,230
2021-11-19,30,470,12516,401
2020-08-04,12,1613,13787,384
2023-11-01,17,775,8478,123
2023-07-04,14,1206,1859,458
2020-12-05,6,3791,3307,213
2019-10-28,5,4497,8930,126
2023-10-04,29,4197,10645,253
2022-10-09,13,1237,10977,377
2020-09-12,8,2219,11745,360
2021-08-19,1,623,13383,303
2021-12-24,25,1483,3530,114
2020-12-04,17,931,13785,191
2020-07-11,13,1332,7727,96
2023-10-22,2,4843,8660,391
2020-03-06,30,3866,11664,362
2021-08-24,21,4362,12557,219
2020-05-10,20,3833,11817,193
2019-06-20,14,2291,14668,150
2020-04-23,8,2896,4167,251
2019-01-23,8,3199,9418,400
2023-10-06,23,1001,7268,241
2020-11-14,13,3587,13838,399
2022-11-08,29,2637,5156,241
2019-03-22,11,2189,5034,169
2023-07-09,7,3178,13968,159
2021-06-11,30,1035,8972,276
2023-12-17,5,3733,12121,71
2023-04-04,24,4126,8117,137
2022-09-27,22,4159,6933,359
2019-11-20,18,3659,8437,469
2019-05-23,14,3534,11274,253
2022-06-20,26,4142,12461,243
2021-03-19,13,4788,11092,425
2021-01-01,4,975,377,286
2020-04-23,20,2186,10536,455
2020-07-27,11,4896,8377,305
2023-05-28,29,2472,4854,111
2019-07-30,29,3227,2018,437
2023-05-18,27,4992,5579,436
2021-04-14,22,753,3128,93
2021-07-27,3,3237,13725,304
2023-01-30,2,2639,12411,494
2023-06-07,7,2322,12646,79
2021-06-25,15,2930,11009,218
2020-06-29,12,2255,2942,66
2023-06-06,19,2118,11900,50
2023-08-16,29,1724,11690,152
2023-02-26,10,267,8595,200
2022-01-14,21,4352,1936,75
2023-02-14,23,4846,1420,198
2023-01-19,5,2480,5748,62
2022-08-07,16,4960,12733,448
2020-07-04,6,1142,8918,134
2019-10-21,9,253,6495,491
2021-01-11,22,4342,10194,139
2020-01-01,3,1749,13686,45
2020-04-15,22,2657,9752,63
2019-10-11,24,2819,11273,128
2023-02-12,28,3826,3134,164
2019-06-27,19,4609,11948,407
2021-01-05,4,4497,8309,249
2019-12-30,30,1735,14869,277
2021-11-04,3,3715,7912,378
2020-01-13,3,2007,1713,216
2019-04-10,10,133,3166,109
2021-05-09,7,1517,1763,133
2020-08-21,11,4550,1928,360
2023-08-29,10,1755,1606,93
2019-09-25,29,4278,3961,405
2021-09-11,18,2446,2079,337
2021-06-14,26,4121,3944,460
2023-03-15,29,4567,9365,219
2021-03-16,25,1958,11976,279
2023-12-30,18,750,4367,395
2023-02-17,30,4825,13178,78
2022-01-27,29,414,8296,450
2021-04-19,8,1708,10986,116
2023-06-30,28,2207,6127,165
2023-02-19,8,1055,9467,416
2020-10-28,10,645,9798,472
2023-12-08,7,3793,5106,189
2021-08-30,30,3662,1326,307
2023-04-26,25,1387,10256,88
2019-12-08,22,800,7906,214
2021-08-02,17,2355,7880,492
2020-07-14,29,3095,13522,463
2019-07-24,14,2647,11182,237
2022-07-08,19,3524,10311,112
2022-01-19,18,3267,9623,417
2019-10-04,16,1957,8905,311
2019-01-02,5,390,13835,312
2022-12-25,22,1851,4623,306
2020-09-23,18,2133,3653,235
2019-12-06,23,4953,2501,334
2023-02-05,22,4897,10860,220
2022-06-28,1,3361,7206,395
2019-12-22,29,1544,10724,405
2023-10-17,26,1750,7026,380
2020-09-26,9,2538,1561,404
2021-11-27,8,129,5917,58
2019-09-23,18,2656,2424,244
2020-11-20,14,4023,4860,121
2021-09-04,15,1466,8794,24
2021-11-28,7,612,5605,324
2023-10-20,4,1426,9422,462
2019-03-13,29,3842,1136,213
2022-11-24,27,742,5688,29
2023-11-19,24,2540,3621,128
2023-04-14,13,4773,410,164
2021-10-13,4,1074,4448,341
2021-09-20,18,4080,13342,70
2022-12-06,4,3633,6465,365
2021-09-08,19,772,5343,259
2020-12-09,8,2678,11054,69
2022-10-11,15,1509,578,332
2023-10-08,29,1965,3390,420
2019-09-17,11,4132,14702,456
2019-07-11,17,3108,9484,464
2021-08-11,11,2103,9183,94
2019-03-01,14,1863,10681,418
2020-02-12,13,3092,876,227
2023-10-21,4,1613,10277,201
2023-03-13,13,3293,7895,385
2020-05-02,18,2251,2583,33
2022-05-01,6,4787,14544,320
2023-12-31,30,3898,11772,371
2019-06-19,23,992,3044,156
2020-08-27,25,2608,5459,145
2023-11-17,6,4626,10380,88
2022-01-08,14,1828,9402,172
2022-05-29,16,3128,11336,393
2019-10-15,8,2943,13229,49
2019-12-20,17,172,12366,332
2020-01-04,10,3589,3323,204
2023-11-11,15,3068,974,224
2023-06-29,6,4227,3249,10
2023-12-13,11,432,2603,145
2020-05-18,21,312,11606,297
2021-04-07,22,1670,12100,405
2022-12-09,17,758,5731,419
2022-02-03,10,2806,7802,286
2020-07-06,23,2600,12474,225
2020-05-11,17,2062,1915,167
2023-05-01,13,443,7783,102
2020-05-01,5,2146,12265,204
2019-12-25,7,3229,7689,122
2023-03-01,20,1907,9133,403
2022-03-04,30,4815,7274,122
2022-01-05,3,3116,6322,244
2022-08-27,16,2143,6376,476
2023-01-08,3,2194,9790,361
2019-09-12,19,4627,10908,455
2020-11-05,7,3142,9200,104
2021-04-20,7,1074,2029,268
2023-03-07,16,3249,7546,149
2020-06-19,13,2632,3835,365
2021-09-16,17,4609,9475,497
2023-01-25,26,2878,12684,379
2020-11-12,21,3029,9719,433
2020-09-16,30,4736,5734,118
2021-01-01,18,2705,12461,374
2023-11-19,8,270,7851,391
2023-06-20,26,114,1094,198
2023-05-02,22,2875,13331,498
2022-07-13,11,2469,9564,187
2023-04-03,1,1913,5540,83
2019-06-26,24,3055,14210,30
2021-02-02,11,4082,954,408
2022-08-05,9,1690,2960,400
2023-02-25,12,3005,5291,417
2022-05-03,30,1882,293,425
2022-09-23,30,983,1885,42
2022-08-29,30,2072,8030,488
2020-11-20,16,4190,8538,45
2019-09-08,3,2920,14933,450
2023-03-06,6,4644,7295,62
2019-09-26,30,3085,10704,439
2021-05-26,10,873,2173,65
2020-04-21,12,1848,12005,142
2023-11-11,14,2572,13925,260
2023-03-26,25,3049,3713,467
2019-10-08,1,2146,13513,71
2022-01-28,21,557,13285,186
2020-04-15,23,1068,2544,489
2022-07-21,18,1685,14453,302
2020-01-13,6,2937,5925,156
2021-04-06,27,176,9922,90
2021-11-12,9,1566,12453,212
2022-02-10,11,4247,3212,95
2023-10-02,16,1933,8337,66
2020-03-24,21,4163,9707,221
2019-07-07,10,447,4042,393
2020-03-05,5,2141,7809,69
2019-04-29,7,2943,5027,296
2022-05-15,5,1873,7852,485
2020-02-24,10,4972,6088,26
2022-06-13,24,2133,13321,169
2021-04-18,8,3527,6757,449
2019-08-31,2,1801,7198,127
2020-05-18,12,2264,4187,383
2021-04-12,13,3438,11181,269
2022-03-09,5,4517,7697,35
2022-12-06,20,2045,3066,53
2020-07-04,28,2408,3374,227
2023-02-24,21,3557,2693,235
2019-09-17,28,1323,2040,292
2019-06-26,29,4976,1930,287
2020-07-21,18,3915,5073,106
2019-07-24,25,324,8638,42
2020-08-20,8,2436,560,357
2021-05-02,13,3416,4626,475
2020-11-05,11,1019,10014,419
2019-08-30,16,1082,12518,388
2023-04-28,2,1402,9145,75
2023-08-16,9,2878,12681,38
2022-11-29,12,1702,5572,151
2022-01-23,11,1154,4578,427
2021-04-13,6,2478,208,381
2022-12-16,13,2055,2350,78
2022-06-17,4,176,12052,490
2019-04-03,30,408,2438,275
2020-07-02,6,1042,1569,448
2022-01-17,25,4473,9171,371
2019-12-27,19,3349,10017,281
